0.15	0.00199894	7.40359e-05	1049.97	1050	105	503.973	44.0998	44.0998	176.399	176.399	0 17998.3 9556.75 	27555	0.002074	1.85e-05	1050	1050	1050	0 20877.5 10427.9 	31305.4	6.50386	6.5039	666.612	666.612	0.0090511	0	1.02	1.02
0.3	0.00199896	7.40277e-05	1049.86	1050	105	503.866	44.0996	44.0996	176.398	176.398	0 18000.4 9558.29 	27558.7	0.002074	1.85e-05	1050	1050	1050	0 20950 10464 	31414	6.50371	6.5039	666.612	666.612	0.00905161	0	1.02	1.02
0.45	0.00199896	7.40234e-05	1049.8	1050	105	503.811	44.0993	44.0993	176.397	176.397	0 18001.5 9559.09 	27560.6	0.002074	1.85e-05	1050	1050	1050	0 20989.9 10484 	31473.9	6.50363	6.5039	666.612	666.612	0.00905186	0	1.02	1.02
0.6	0.00199897	7.40218e-05	1049.78	1050	105	503.792	44.0991	44.0991	176.396	176.396	0 18001.9 9559.38 	27561.3	0.002074	1.85e-05	1050	1050	1050	0 21007.2 10492.6 	31499.8	6.5036	6.5039	666.612	666.612	0.00905195	0	1.02	1.02
0.75	0.00199897	7.4022e-05	1049.79	1050	105	503.796	44.0989	44.0989	176.396	176.396	0 18001.9 9559.32 	27561.2	0.002074	1.85e-05	1050	1050	1050	0 21008.6 10493.3 	31501.8	6.5036	6.5039	666.612	666.612	0.00905192	0	1.02	1.02
0.9	0.00199896	7.40234e-05	1049.8	1050	105	503.817	44.0987	44.0987	176.395	176.395	0 18001.5 9559.03 	27560.5	0.002074	1.85e-05	1050	1050	1050	0 20998.7 10488.3 	31487	6.50362	6.5039	666.612	666.612	0.00905181	0	1.02	1.02
1.05	0.00199896	7.40257e-05	1049.83	1050	105	503.849	44.0986	44.0986	176.394	176.394	0 18000.9 9558.58 	27559.5	0.002074	1.85e-05	1050	1050	1050	0 20980.8 10479.4 	31460.1	6.50366	6.5039	666.612	666.612	0.00905165	0	1.02	1.02
1.2	0.00199896	7.40285e-05	1049.87	1050	105	503.888	44.0985	44.0985	176.394	176.394	0 18000.2 9558.02 	27558.2	0.002074	1.85e-05	1050	1050	1050	0 20957.1 10467.6 	31424.6	6.50371	6.5039	666.612	666.612	0.00905144	0	1.02	1.02
1.35	0.00199895	7.40317e-05	1049.92	1050	105	503.932	44.0983	44.0983	176.393	176.393	0 17999.4 9557.38 	27556.8	0.002074	1.85e-05	1050	1050	1050	0 20929.2 10453.6 	31382.8	6.50376	6.5039	666.612	666.612	0.00905121	0	1.02	1.02
1.5	0.00199894	7.40351e-05	1049.96	1050	105	503.979	44.0983	44.0983	176.393	176.393	0 17998.5 9556.7 	27555.2	0.002074	1.85e-05	1050	1050	1050	0 20898.1 10438.1 	31336.2	6.50383	6.5039	666.612	666.612	0.00905097	0	1.02	1.02
1.65	0.00199894	7.40388e-05	1050.01	1050	105	504.031	44.0982	44.0982	176.393	176.393	0 17997.5 9555.96 	27553.5	0.002074	1.85e-05	1050	1050	1050	0 20863.4 10420.8 	31284.2	6.50389	6.5039	666.612	666.612	0.0090507	0	1.02	1.02
1.8	0.00199893	7.4043e-05	1050.07	1050	105	504.087	44.0982	44.0982	176.393	176.393	0 17996.4 9555.13 	27551.5	0.002074	1.85e-05	1050	1050	1050	0 20823.8 10401 	31224.8	6.50397	6.5039	666.612	666.612	0.0090504	0	1.02	1.02
1.95	0.00199892	7.40477e-05	1050.13	1050	105	504.15	44.0981	44.0981	176.393	176.393	0 17995.2 9554.21 	27549.4	0.002074	1.85e-05	1050	1050	1050	0 20779.4 10378.9 	31158.3	6.50406	6.5039	666.612	666.612	0.00905007	0	1.02	1.02
2.1	0.0021435	7.75213e-05	1178.41	1050	105	631.921	44.1485	44.1485	176.594	176.594	0 34640.8 15583.4 	50224.2	0.00222103	1.72387e-05	1047.17	1050	1047.17	0 1.38594e+06 658528 	2.04447e+06	5.2747	6.5039	12399	666.612	0.1756	0	1.02	1.02
2.25	0.0021193	9.4432e-05	1425.11	1050	105	877.691	44.2419	44.2419	176.967	176.967	0 31012.6 12195.2 	43207.8	0.00221374	1.72248e-05	1042.9	1050	1042.9	0 1.35552e+06 665537 	2.02106e+06	5.45747	6.5039	12399	666.612	0.17575	0	1.02	1.02
2.4	0.0020949	0.000111514	1670.58	1050	105	1122.38	44.3199	44.3199	177.28	177.28	0 28396.2 9812.45 	38208.7	0.00220642	1.72105e-05	1038.6	1050	1038.6	0 1.32524e+06 672711 	1.99795e+06	5.65041	6.5039	12399	666.612	0.175918	0	1.02	1.02
2.55	0.00207221	0.00012724	1893.03	1050	105	1344.21	44.3824	44.3824	177.53	177.53	0 26464.3 8174.32 	34638.6	0.00219945	1.71929e-05	1034.27	1050	1034.27	0 1.29856e+06 681556 	1.98011e+06	5.83805	6.5039	12399	666.612	0.176528	0	1.02	1.02
2.7	0.00205277	0.000140445	2076.93	1050	105	1527.63	44.4304	44.4304	177.721	177.721	0 24899.3 7069.63 	31968.9	0.00219321	1.71691e-05	1029.92	1050	1029.92	0 1.27876e+06 693517 	1.97228e+06	6.00551	6.5039	12399	666.612	0.177971	0	1.02	1.02
2.85	0.00203749	0.000150446	2214.05	1050	105	1664.39	44.4659	44.4659	177.864	177.864	0 23490.4 6347.43 	29837.8	0.00218794	1.71372e-05	1025.53	1050	1025.53	0 1.26793e+06 709505 	1.97743e+06	6.14163	6.5039	12399	666.612	0.180483	0	1.02	1.02
3	0.00202639	0.00015713	2303.92	1050	105	1754.01	44.4917	44.4917	177.967	177.967	0 22240.5 5895.2 	28135.7	0.00218352	1.7098e-05	1021.12	1050	1021.12	0 1.26509e+06 729107 	1.99419e+06	6.24314	6.5039	12399	666.612	0.183951	0	1.02	1.02
3.15	0.00201873	0.000160903	2352.78	1050	105	1802.67	44.5104	44.5104	178.042	178.042	0 21237 5625.97 	26862.9	0.00217963	1.7054e-05	1016.68	1050	1016.68	0 1.26733e+06 751056 	2.01839e+06	6.31444	6.5039	12399	666.612	0.188039	0	1.02	1.02
3.3	0.00201358	0.000162432	2370.17	1050	105	1819.93	44.5242	44.5242	178.097	178.097	0 20499.2 5476.2 	25975.4	0.00217601	1.70074e-05	1012.21	1050	1012.21	0 1.27219e+06 774269 	2.04646e+06	6.36299	6.5039	12399	666.612	0.192452	0	1.02	1.02
3.45	0.00201013	0.000162379	2365.46	1050	105	1815.12	44.5346	44.5346	178.138	178.138	0 19980.8 5402.88 	25383.7	0.00217251	1.69593e-05	1007.71	1050	1007.71	0 1.2783e+06 798149 	2.07645e+06	6.39588	6.5039	12399	666.612	0.197019	0	1.02	1.02
3.6	0.00200776	0.000161273	2346.08	1050	105	1795.65	44.5428	44.5428	178.171	178.171	0 19618.7 5378.27 	24997	0.00216904	1.69102e-05	1003.19	1050	1003.19	0 1.28504e+06 822422 	2.10746e+06	6.41847	6.5039	12399	666.612	0.201656	0	1.02	1.02
3.75	0.0020061	0.000159485	2317.23	1050	105	1766.73	44.5494	44.5494	178.198	178.198	0 19359.6 5384.96 	24744.6	0.00216558	1.68605e-05	998.636	1050	998.636	0 1.29213e+06 846971 	2.1391e+06	6.43451	6.5039	12399	666.612	0.20632	0	1.02	1.02
3.9	0.00200486	0.000157264	2282.38	1050	105	1731.83	44.5549	44.5549	178.22	178.22	0 19165.4 5412.15 	24577.6	0.00216212	1.68101e-05	994.058	1050	994.058	0 1.29947e+06 871739 	2.17121e+06	6.44642	6.5039	12399	666.612	0.210991	0	1.02	1.02
4.05	0.00200389	0.000154767	2243.75	1050	105	1693.15	44.5596	44.5596	178.238	178.238	0 19010.8 5453.12 	24463.9	0.00215866	1.67592e-05	989.454	1050	989.454	0 1.30698e+06 896701 	2.20368e+06	6.45578	6.5039	12399	666.612	0.215656	0	1.02	1.02
4.2	0.00200308	0.000152096	2202.75	1050	105	1652.11	44.5636	44.5636	178.255	178.255	0 18879.5 5503.74 	24383.2	0.00215518	1.67078e-05	984.824	1050	984.824	0 1.31464e+06 921839 	2.23648e+06	6.46358	6.5039	12399	666.612	0.220307	0	1.02	1.02
4.35	0.00200238	0.000149313	2160.27	1050	105	1609.6	44.5671	44.5671	178.268	178.268	0 18761.2 5561.42 	24322.6	0.00215169	1.66559e-05	980.168	1050	980.168	0 1.32242e+06 947143 	2.26957e+06	6.47044	6.5039	12399	666.612	0.224939	0	1.02	1.02
4.5	0.00200172	0.000146459	2116.86	1050	105	1566.16	44.57	44.57	178.28	178.28	0 18649.4 5624.59 	24274	0.00214818	1.66035e-05	975.486	1050	975.486	0 1.33032e+06 972606 	2.30293e+06	6.47677	6.5039	12399	666.612	0.229547	0	1.02	1.02
4.65	0.0020011	0.00014356	2072.89	1050	105	1522.16	44.5725	44.5725	178.29	178.29	0 18540.1 5692.25 	24232.3	0.00214466	1.65506e-05	970.779	1050	970.779	0 1.33832e+06 998221 	2.33654e+06	6.48282	6.5039	12399	666.612	0.234129	0	1.02	1.02
4.8	0.00200049	0.000140633	2028.59	1050	105	1477.84	44.5746	44.5746	178.298	178.298	0 18430.7 5763.8 	24194.5	0.00214112	1.64972e-05	966.048	1050	966.048	0 1.34641e+06 1.02398e+06 	2.37039e+06	6.48876	6.5039	12399	666.612	0.238683	0	1.02	1.02
4.95	0.00199988	0.000137689	1984.11	1050	105	1433.35	44.5762	44.5762	178.305	178.305	0 18319.4 5838.9 	24158.3	0.00213757	1.64434e-05	961.291	1050	961.291	0 1.35459e+06 1.04988e+06 	2.40448e+06	6.4947	6.5039	12399	666.612	0.243205	0	1.02	1.02
5.1	0.00199926	0.000134734	1939.58	1050	105	1388.81	44.5774	44.5774	178.309	178.309	0 18205.2 5917.34 	24122.5	0.002134	1.63891e-05	956.511	1050	956.511	0 1.36285e+06 1.07592e+06 	2.43878e+06	6.50072	6.5039	12399	666.612	0.247695	0	1.02	1.02
5.25	0.00199863	0.000131777	1895.06	1050	105	1344.28	44.5781	44.5781	178.312	178.312	0 18087.3 5998.99 	24086.3	0.00213041	1.63344e-05	951.706	1050	951.706	0 1.37119e+06 1.1021e+06 	2.47328e+06	6.50688	6.5039	12399	666.612	0.252149	0	1.02	1.02
5.4	0.00199798	0.000128819	1850.62	1050	105	1299.84	44.5784	44.5784	178.314	178.314	0 17965.2 6083.83 	24049	0.0021268	1.62792e-05	946.878	1050	946.878	0 1.3796e+06 1.1284e+06 	2.50799e+06	6.51322	6.5039	12399	666.612	0.256566	0	1.02	1.02
5.55	0.00199731	0.000125866	1806.31	1050	105	1255.53	44.5783	44.5783	178.313	178.313	0 17838.4 6171.83 	24010.2	0.00212318	1.62235e-05	942.027	1050	942.027	0 1.38807e+06 1.15482e+06 	2.54289e+06	6.51979	6.5039	12399	666.612	0.260945	0	1.02	1.02
5.7	0.00199661	0.00012292	1762.17	1050	105	1211.4	44.5776	44.5776	178.31	178.31	0 17706.7 6263.01 	23969.8	0.00211953	1.61674e-05	937.153	1050	937.153	0 1.3966e+06 1.18136e+06 	2.57797e+06	6.52661	6.5039	12399	666.612	0.265283	0	1.02	1.02
5.85	0.00199589	0.000119983	1718.24	1050	105	1167.48	44.5765	44.5765	178.306	178.306	0 17569.9 6357.39 	23927.3	0.00211587	1.61109e-05	932.257	1050	932.257	0 1.40519e+06 1.20802e+06 	2.61321e+06	6.53372	6.5039	12399	666.612	0.269578	0	1.02	1.02
6	0.00199513	0.000117059	1674.56	1050	105	1123.81	44.5749	44.5749	178.299	178.299	0 17427.8 6455 	23882.8	0.00211219	1.60539e-05	927.339	1050	927.339	0 1.41383e+06 1.23479e+06 	2.64862e+06	6.54114	6.5039	12399	666.612	0.27383	0	1.02	1.02
6.15	0.00199435	0.00011415	1631.16	1050	105	1080.43	44.5727	44.5727	178.291	178.291	0 17280.1 6555.84 	23835.9	0.0021085	1.59965e-05	922.399	1050	922.399	0 1.42252e+06 1.26167e+06 	2.68419e+06	6.5489	6.5039	12399	666.612	0.278036	0	1.02	1.02
6.3	0.00199352	0.000111257	1588.07	1050	105	1037.37	44.57	44.57	178.28	178.28	0 17126.8 6659.95 	23786.7	0.00210478	1.59387e-05	917.439	1050	917.439	0 1.43124e+06 1.28864e+06 	2.71989e+06	6.55704	6.5039	12399	666.612	0.282195	0	1.02	1.02
6.45	0.00199266	0.000108385	1545.34	1050	105	994.668	44.5667	44.5667	178.267	178.267	0 16967.7 6767.31 	23735	0.00210104	1.58805e-05	912.457	1050	912.457	0 1.44e+06 1.31572e+06 	2.75572e+06	6.56557	6.5039	12399	666.612	0.286305	0	1.02	1.02
6.6	0.00199175	0.000105536	1502.99	1050	105	952.362	44.5628	44.5628	178.251	178.251	0 16802.8 6877.9 	23680.7	0.00209729	1.58218e-05	907.455	1050	907.455	0 1.44878e+06 1.34288e+06 	2.79166e+06	6.57454	6.5039	12399	666.612	0.290363	0	1.02	1.02
6.75	0.0019908	0.000102711	1461.07	1050	105	910.488	44.5583	44.5583	178.233	178.233	0 16632.1 6991.67 	23623.7	0.00209351	1.57628e-05	902.434	1050	902.434	0 1.45759e+06 1.37013e+06 	2.82771e+06	6.58398	6.5039	12399	666.612	0.294369	0	1.02	1.02
6.9	0.0019898	9.9914e-05	1419.62	1050	105	869.085	44.5531	44.5531	178.212	178.212	0 16455.5 7108.54 	23564	0.00208971	1.57033e-05	897.393	1050	897.393	0 1.4664e+06 1.39746e+06 	2.86386e+06	6.59392	6.5039	12399	666.612	0.29832	0	1.02	1.02
7.05	0.00198874	9.71478e-05	1378.66	1050	105	828.193	44.5472	44.5472	178.189	178.189	0 16273.2 7228.38 	23501.5	0.00208589	1.56435e-05	892.333	1050	892.333	0 1.47522e+06 1.42486e+06 	2.90007e+06	6.60439	6.5039	12399	666.612	0.302215	0	1.02	1.02
7.2	0.00198764	9.44153e-05	1338.26	1050	105	787.853	44.5406	44.5406	178.162	178.162	0 16085.2 7351.03 	23436.2	0.00208205	1.55833e-05	887.255	1050	887.255	0 1.48403e+06 1.45233e+06 	2.93635e+06	6.61545	6.5039	12399	666.612	0.306052	0	1.02	1.02
7.35	0.00198647	9.17196e-05	1298.44	1050	105	748.11	44.5332	44.5332	178.133	178.133	0 15891.7 7476.25 	23368	0.00207819	1.55227e-05	882.159	1050	882.159	0 1.49282e+06 1.47986e+06 	2.97268e+06	6.62713	6.5039	12399	666.612	0.309828	0	1.02	1.02
7.5	0.00198524	8.90637e-05	1259.26	1050	105	709.006	44.5249	44.5249	178.1	178.1	0 15693.1 7603.75 	23296.9	0.0020743	1.54617e-05	877.045	1050	877.045	0 1.50159e+06 1.50744e+06 	3.00903e+06	6.63948	6.5039	12399	666.612	0.313543	0	1.02	1.02
7.65	0.00198394	8.64511e-05	1220.75	1050	105	670.588	44.5158	44.5158	178.063	178.063	0 15489.7 7733.17 	23222.8	0.00207039	1.54005e-05	871.914	1050	871.914	0 1.51032e+06 1.53507e+06 	3.0454e+06	6.65253	6.5039	12399	666.612	0.317194	0	1.02	1.02
7.8	0.00198256	8.38852e-05	1182.96	1050	105	632.905	44.5058	44.5058	178.023	178.023	0 15282 7864.29 	23146.3	0.00206645	1.53388e-05	866.767	1050	866.767	0 1.51901e+06 1.56275e+06 	3.08175e+06	6.66636	6.5039	12399	666.612	0.32078	0	1.02	1.02
7.95	0.00198111	8.13696e-05	1145.95	1050	105	596.005	44.4948	44.4948	177.979	177.979	0 15070.6 7996.43 	23067.1	0.00206248	1.52769e-05	861.604	1050	861.604	0 1.52763e+06 1.59045e+06 	3.11808e+06	6.681	6.5039	12399	666.612	0.324298	0	1.02	1.02
8.1	0.00197958	7.89078e-05	1109.76	1050	105	559.937	44.4827	44.4827	177.931	177.931	0 14856.1 8128.82 	22984.9	0.00205849	1.52147e-05	856.425	1050	856.425	0 1.53619e+06 1.61818e+06 	3.15437e+06	6.69651	6.5039	12399	666.612	0.327746	0	1.02	1.02
8.25	0.00197797	7.65033e-05	1074.45	1050	105	524.749	44.4696	44.4696	177.878	177.878	0 14639 8260.67 	22899.7	0.00205447	1.51521e-05	851.231	1050	851.231	0 1.54466e+06 1.64593e+06 	3.19058e+06	6.71295	6.5039	12399	666.612	0.331124	0	1.02	1.02
8.4	0.00197622	7.41904e-05	1040.46	1050	105	490.909	44.4553	44.4553	177.821	177.821	0 14417.4 8386.57 	22804	0.00205041	1.50893e-05	846.023	1050	846.023	0 1.55299e+06 1.67366e+06 	3.22665e+06	6.73075	6.5039	12399	666.612	0.334424	0	1.02	1.02
8.55	0.00197427	7.2032e-05	1008.67	1050	105	459.275	44.4396	44.4396	177.759	177.759	0 14187.9 8495.73 	22683.6	0.0020463	1.50264e-05	840.801	1050	840.801	0 1.56105e+06 1.70134e+06 	3.26239e+06	6.75072	6.5039	12399	666.612	0.337634	0	1.02	1.02
8.7	0.0019721	7.00363e-05	979.181	1050	105	429.956	44.4225	44.4225	177.69	177.69	0 13953.8 8584.82 	22538.6	0.00204214	1.49634e-05	835.566	1050	835.566	0 1.56881e+06 1.72894e+06 	3.29775e+06	6.77302	6.5039	12399	666.612	0.340751	0	1.02	1.02
8.85	0.00196976	6.81669e-05	951.488	1050	105	402.451	44.4038	44.4038	177.615	177.615	0 13721.3 8656.91 	22378.2	0.00203792	1.49003e-05	830.317	1050	830.317	0 1.57632e+06 1.75648e+06 	3.3328e+06	6.79724	6.5039	12399	666.612	0.343779	0	1.02	1.02
9	0.00196727	6.63963e-05	925.213	1050	105	376.381	44.3832	44.3832	177.533	177.533	0 13494.7 8714.82 	22209.5	0.00203367	1.4837e-05	825.057	1050	825.057	0 1.58362e+06 1.78397e+06 	3.36759e+06	6.82305	6.5039	12399	666.612	0.346723	0	1.02	1.02
9.15	0.00196466	6.47034e-05	900.067	1050	105	351.46	44.3608	44.3608	177.443	177.443	0 13276.2 8760.81 	22037	0.00202937	1.47735e-05	819.784	1050	819.784	0 1.59074e+06 1.81143e+06 	3.40217e+06	6.85023	6.5039	12399	666.612	0.349585	0	1.02	1.02
9.3	0.00196196	6.30721e-05	875.83	1050	105	327.467	44.3363	44.3363	177.345	177.345	0 13066.6 8796.96 	21863.6	0.00202504	1.47098e-05	814.5	1050	814.5	0 1.59772e+06 1.83887e+06 	3.43659e+06	6.87855	6.5039	12399	666.612	0.352369	0	1.02	1.02
9.45	0.00195919	6.14896e-05	852.327	1050	105	304.229	44.3099	44.3099	177.239	177.239	0 12864.7 8825.04 	21689.8	0.00202068	1.46459e-05	809.206	1050	809.206	0 1.60461e+06 1.8663e+06 	3.47091e+06	6.90785	6.5039	12399	666.612	0.355078	0	1.02	1.02
9.6	0.00195635	5.99452e-05	829.412	1050	105	281.599	44.2813	44.2813	177.125	177.125	0 12667.5 8846.24 	21513.7	0.00201629	1.45816e-05	803.902	1050	803.902	0 1.61144e+06 1.89374e+06 	3.50518e+06	6.93795	6.5039	12399	666.612	0.357716	0	1.02	1.02
9.75	0.00195347	5.84293e-05	806.956	1050	105	259.45	44.2506	44.2506	177.002	177.002	0 12470.5 8862.1 	21332.6	0.0020119	1.4517e-05	798.588	1050	798.588	0 1.61826e+06 1.9212e+06 	3.53947e+06	6.96871	6.5039	12399	666.612	0.360285	0	1.02	1.02
9.9	0.00195055	5.69331e-05	784.841	1050	105	237.664	44.2176	44.2176	176.871	176.871	0 12268.3 8874.41 	21142.8	0.00200749	1.4452e-05	793.265	1050	793.265	0 1.62513e+06 1.9487e+06 	3.57383e+06	6.99996	6.5039	12399	666.612	0.36279	0	1.02	1.02
10.05	0.00194763	5.54481e-05	762.954	1050	105	216.129	44.1825	44.1825	176.73	176.73	0 12054.6 8885.22 	20939.8	0.00200308	1.43866e-05	787.934	1050	787.934	0 1.63209e+06 1.97626e+06 	3.60835e+06	7.03154	6.5039	12399	666.612	0.365233	0	1.02	1.02
10.2	0.00194462	5.40328e-05	742.081	1050	105	195.629	44.1452	44.1452	176.581	176.581	0 11825.9 8881.47 	20707.4	0.00199865	1.43209e-05	782.595	1050	782.595	0 1.63903e+06 2.00383e+06 	3.64285e+06	7.06424	6.5039	12399	666.612	0.367605	0	1.02	1.02
10.35	0.00194142	5.27706e-05	723.336	1050	105	177.282	44.1055	44.1055	176.422	176.422	0 11584.1 8843.51 	20427.6	0.00199419	1.4255e-05	777.249	1050	777.249	0 1.64576e+06 2.03132e+06 	3.67708e+06	7.09926	6.5039	12399	666.612	0.369888	0	1.02	1.02
10.5	0.001938	5.16745e-05	706.885	1050	105	161.253	44.0632	44.0632	176.253	176.253	0 11329.9 8766.74 	20096.6	0.00198968	1.41891e-05	771.896	1050	771.896	0 1.65225e+06 2.05873e+06 	3.71098e+06	7.13684	6.5039	12399	666.612	0.37208	0	1.02	1.02
10.65	0.00193441	5.07231e-05	692.433	1050	105	147.251	44.0182	44.0182	176.073	176.073	0 11061.2 8653.9 	19715.1	0.00198513	1.41229e-05	766.537	1050	766.537	0 1.65855e+06 2.08608e+06 	3.74464e+06	7.17669	6.5039	12399	666.612	0.374186	0	1.02	1.02
10.8	0.00193066	4.98979e-05	679.722	1050	105	135.018	43.9704	43.9704	175.882	175.882	0 10777.2 8508.27 	19285.5	0.00198056	1.40566e-05	761.173	1050	761.173	0 1.66473e+06 2.11339e+06 	3.77811e+06	7.21859	6.5039	12399	666.612	0.37621	0	1.02	1.02
10.95	0.00192678	4.91828e-05	668.527	1050	105	124.332	43.9195	43.9195	175.678	175.678	0 10476.8 8333.31 	18810.1	0.00197596	1.39901e-05	755.804	1050	755.804	0 1.67081e+06 2.14065e+06 	3.81147e+06	7.26231	6.5039	12399	666.612	0.378155	0	1.02	1.02
11.1	0.00192278	4.85634e-05	658.652	1050	105	114.997	43.8655	43.8655	175.462	175.462	0 10159.8 8132.03 	18291.8	0.00197135	1.39233e-05	750.431	1050	750.431	0 1.67685e+06 2.1679e+06 	3.84475e+06	7.30769	6.5039	12399	666.612	0.380024	0	1.02	1.02
11.25	0.00191869	4.80275e-05	649.924	1050	105	106.841	43.8083	43.8083	175.233	175.233	0 9826.93 7907.52 	17734.5	0.00196672	1.38562e-05	745.054	1050	745.054	0 1.68285e+06 2.19514e+06 	3.87799e+06	7.35455	6.5039	12399	666.612	0.381819	0	1.02	1.02
11.4	0.00191451	4.75654e-05	642.21	1050	105	99.7167	43.7493	43.7493	174.997	174.997	0 9480.05 7662.93 	17143	0.00196208	1.37887e-05	739.674	1050	739.674	0 1.68885e+06 2.22236e+06 	3.9112e+06	7.4028	6.5039	12399	666.612	0.383543	0	1.02	1.02
11.55	0.00191026	4.7169e-05	635.396	1050	105	93.4926	43.6904	43.6904	174.762	174.762	0 9121.52 7401.12 	16522.6	0.00195743	1.3721e-05	734.292	1050	734.292	0 1.69485e+06 2.24957e+06 	3.94442e+06	7.45233	6.5039	12399	666.612	0.385196	0	1.02	1.02
11.7	0.00190595	4.68302e-05	629.37	1050	105	88.0553	43.6315	43.6315	174.526	174.526	0 8754.01 7124.61 	15878.6	0.00195278	1.3653e-05	728.908	1050	728.908	0 1.70086e+06 2.27678e+06 	3.97763e+06	7.50306	6.5039	12399	666.612	0.386778	0	1.02	1.02
11.85	0.00190158	4.65419e-05	624.032	1050	105	83.3053	43.5727	43.5727	174.291	174.291	0 8380.42 6835.76 	15216.2	0.00194812	1.35847e-05	723.523	1050	723.523	0 1.70689e+06 2.30397e+06 	4.01086e+06	7.5549	6.5039	12399	666.612	0.388291	0	1.02	1.02
12	0.00189716	4.62978e-05	619.296	1050	105	79.1557	43.514	43.514	174.056	174.056	0 8003.57 6536.61 	14540.2	0.00194346	1.3516e-05	718.137	1050	718.137	0 1.71295e+06 2.33116e+06 	4.04411e+06	7.60779	6.5039	12399	666.612	0.389736	0	1.02	1.02
12.15	0.0018927	4.60924e-05	615.085	1050	105	75.5306	43.4554	43.4554	173.822	173.822	0 7626.03 6228.93 	13855	0.0019388	1.3447e-05	712.751	1050	712.751	0 1.71905e+06 2.35833e+06 	4.07738e+06	7.66166	6.5039	12399	666.612	0.391111	0	1.02	1.02
12.3	0.00188821	4.5921e-05	611.332	1050	105	72.3637	43.3969	43.3969	173.588	173.588	0 7250.03 5914.27 	13164.3	0.00193413	1.33777e-05	707.365	1050	707.365	0 1.72518e+06 2.38549e+06 	4.11067e+06	7.71645	6.5039	12399	666.612	0.392419	0	1.02	1.02
12.45	0.00188369	4.57792e-05	607.982	1050	105	69.5972	43.3384	43.3384	173.354	173.354	0 6877.43 5594.02 	12471.5	0.00192947	1.33081e-05	701.981	1050	701.981	0 1.73136e+06 2.41264e+06 	4.14399e+06	7.77211	6.5039	12399	666.612	0.393658	0	1.02	1.02
12.6	0.00187915	4.56634e-05	604.981	1050	105	67.1803	43.2801	43.2801	173.12	173.12	0 6509.71 5269.43 	11779.1	0.00192482	1.32381e-05	696.599	1050	696.599	0 1.73758e+06 2.43977e+06 	4.17735e+06	7.82859	6.5039	12399	666.612	0.394829	0	1.02	1.02
12.75	0.00187459	4.55704e-05	602.287	1050	105	65.0689	43.2218	43.2218	172.887	172.887	0 6147.91 4941.55 	11089.5	0.00192016	1.31678e-05	691.219	1050	691.219	0 1.74386e+06 2.46688e+06 	4.21074e+06	7.88585	6.5039	12399	666.612	0.395934	0	1.02	1.02
12.9	0.00187002	4.54973e-05	599.861	1050	105	63.2244	43.1637	43.1637	172.655	172.655	0 5792.78 4611.32 	10404.1	0.00191552	1.30972e-05	685.842	1050	685.842	0 1.7502e+06 2.49398e+06 	4.24418e+06	7.94383	6.5039	12399	666.612	0.396971	0	1.02	1.02
13.05	0.00186544	4.54417e-05	597.669	1050	105	61.6131	43.1056	43.1056	172.422	172.422	0 5444.79 4279.58 	9724.37	0.00191088	1.30263e-05	680.469	1050	680.469	0 1.75662e+06 2.52105e+06 	4.27767e+06	8.00249	6.5039	12399	666.612	0.397942	0	1.02	1.02
13.2	0.00186086	4.54013e-05	595.681	1050	105	60.2054	43.0476	43.0476	172.19	172.19	0 5104.18 3947.08 	9051.26	0.00190626	1.2955e-05	675.1	1050	675.1	0 1.7631e+06 2.54811e+06 	4.31121e+06	8.0618	6.5039	12399	666.612	0.398846	0	1.02	1.02
13.35	0.00185622	4.53754e-05	593.872	1050	105	58.9757	42.9897	42.9897	171.959	171.959	0 4835.82 3690.92 	8526.74	0.0019016	1.28837e-05	669.736	1050	669.736	0 1.76936e+06 2.57503e+06 	4.34439e+06	8.12231	6.5039	12399	666.612	0.399708	0	1.02	1.02
13.5	0.00185143	4.53649e-05	592.22	1050	105	57.9014	42.9318	42.9318	171.727	171.727	0 4791.55 3693.06 	8484.61	0.0018968	1.28131e-05	664.377	1050	664.377	0 1.77464e+06 2.60154e+06 	4.37618e+06	8.18551	6.5039	12399	666.612	0.400583	0	1.02	1.02
13.65	0.00184665	4.53646e-05	590.704	1050	105	56.9629	42.8741	42.8741	171.496	171.496	0 4751.3 3695.24 	8446.55	0.00189201	1.27421e-05	659.024	1050	659.024	0 1.78e+06 2.62803e+06 	4.40803e+06	8.24933	6.5039	12399	666.612	0.401394	0	1.02	1.02
13.8	0.00184187	4.53733e-05	589.307	1050	105	56.143	42.8164	42.8164	171.266	171.266	0 4714.66 3697.51 	8412.18	0.00188724	1.26708e-05	653.678	1050	653.678	0 1.78547e+06 2.65449e+06 	4.43996e+06	8.31372	6.5039	12399	666.612	0.40214	0	1.02	1.02
13.95	0.0018371	4.53898e-05	588.015	1050	105	55.4268	42.7589	42.7589	171.035	171.035	0 4681.24 3699.89 	8381.13	0.00188249	1.25992e-05	648.339	1050	648.339	0 1.79104e+06 2.68093e+06 	4.47197e+06	8.37865	6.5039	12399	666.612	0.402822	0	1.02	1.02
14.1	0.00183234	4.5413e-05	586.815	1050	105	54.8011	42.7014	42.7014	170.806	170.806	0 4650.71 3702.45 	8353.16	0.00187775	1.25273e-05	643.008	1050	643.008	0 1.79672e+06 2.70735e+06 	4.50407e+06	8.44408	6.5039	12399	666.612	0.40344	0	1.02	1.02
14.25	0.0018276	4.54421e-05	585.694	1050	105	54.2545	42.644	42.644	170.576	170.576	0 4622.72 3705.13 	8327.85	0.00187304	1.24549e-05	637.685	1050	637.685	0 1.80252e+06 2.73374e+06 	4.53626e+06	8.50998	6.5039	12399	666.612	0.403996	0	1.02	1.02
14.4	0.00182288	4.54762e-05	584.644	1050	105	53.777	42.5867	42.5867	170.347	170.347	0 4596.98 3707.96 	8304.94	0.00186835	1.23823e-05	632.372	1050	632.372	0 1.80845e+06 2.7601e+06 	4.56855e+06	8.57629	6.5039	12399	666.612	0.404488	0	1.02	1.02
14.55	0.00181817	4.55147e-05	583.654	1050	105	53.3598	42.5295	42.5295	170.118	170.118	0 4573.19 3710.89 	8284.08	0.00186369	1.23093e-05	627.067	1050	627.067	0 1.81451e+06 2.78644e+06 	4.60095e+06	8.64299	6.5039	12399	666.612	0.404918	0	1.02	1.02
14.7	0.0018135	4.55569e-05	582.719	1050	105	52.9954	42.4723	42.4723	169.889	169.889	0 4551.22 3713.99 	8265.21	0.00185905	1.22359e-05	621.773	1050	621.773	0 1.82072e+06 2.81274e+06 	4.63346e+06	8.71002	6.5039	12399	666.612	0.405287	0	1.02	1.02
14.85	0.00180885	4.56023e-05	581.83	1050	105	52.677	42.4153	42.4153	169.661	169.661	0 4530.81 3717.2 	8248	0.00185445	1.21622e-05	616.489	1050	616.489	0 1.82708e+06 2.83902e+06 	4.66609e+06	8.77736	6.5039	12399	666.612	0.405594	0	1.02	1.02
15	0.00180423	4.56504e-05	580.982	1050	105	52.3989	42.3583	42.3583	169.433	169.433	0 4511.79 3720.5 	8232.29	0.00184988	1.20881e-05	611.217	1050	611.217	0 1.83359e+06 2.86526e+06 	4.69885e+06	8.84495	6.5039	12399	666.612	0.40584	0	1.02	1.02
15.15	0.00179964	4.57007e-05	580.17	1050	105	52.1559	42.3014	42.3014	169.206	169.206	0 4494.04 3723.93 	8217.96	0.00184534	1.20137e-05	605.956	1050	605.956	0 1.84026e+06 2.89147e+06 	4.73173e+06	8.91275	6.5039	12399	666.612	0.406025	0	1.02	1.02
15.3	0.00179509	4.57529e-05	579.39	1050	105	51.9436	42.2446	42.2446	168.979	168.979	0 4477.44 3727.47 	8204.91	0.00184084	1.19389e-05	600.708	1050	600.708	0 1.84711e+06 2.91765e+06 	4.76476e+06	8.98071	6.5039	12399	666.612	0.406151	0	1.02	1.02
15.45	0.00179058	4.58065e-05	578.638	1050	105	51.7582	42.1879	42.1879	168.752	168.752	0 4461.86 3731.1 	8192.96	0.00183639	1.18637e-05	595.472	1050	595.472	0 1.85414e+06 2.94378e+06 	4.79792e+06	9.04878	6.5039	12399	666.612	0.406217	0	1.02	1.02
15.6	0.00178611	4.58612e-05	577.909	1050	105	51.5962	42.1313	42.1313	168.525	168.525	0 4447.21 3734.79 	8182	0.00183197	1.17882e-05	590.25	1050	590.25	0 1.86135e+06 2.96989e+06 	4.83124e+06	9.11691	6.5039	12399	666.612	0.406224	0	1.02	1.02
15.75	0.00178168	4.59168e-05	577.202	1050	105	51.4547	42.0748	42.0748	168.299	168.299	0 4433.39 3738.54 	8171.92	0.0018276	1.17123e-05	585.042	1050	585.042	0 1.86876e+06 2.99595e+06 	4.86471e+06	9.18505	6.5039	12399	666.612	0.406173	0	1.02	1.02
15.9	0.0017773	4.59729e-05	576.514	1050	105	51.3311	42.0183	42.0183	168.073	168.073	0 4420.33 3742.31 	8162.64	0.00182327	1.1636e-05	579.848	1050	579.848	0 1.87638e+06 3.02197e+06 	4.89835e+06	9.25313	6.5039	12399	666.612	0.406064	0	1.02	1.02
16.05	0.00177297	4.60293e-05	575.842	1050	105	51.2231	41.9619	41.9619	167.848	167.848	0 4407.96 3746.11 	8154.07	0.001819	1.15593e-05	574.67	1050	574.67	0 1.88421e+06 3.04795e+06 	4.93216e+06	9.32109	6.5039	12399	666.612	0.405898	0	1.02	1.02
16.2	0.00176869	4.60858e-05	575.185	1050	105	51.1287	41.9057	41.9057	167.623	167.623	0 4396.24 3749.9 	8146.14	0.00181478	1.14823e-05	569.506	1050	569.506	0 1.89226e+06 3.07389e+06 	4.96615e+06	9.38888	6.5039	12399	666.612	0.405675	0	1.02	1.02
16.35	0.00176447	4.61422e-05	574.541	1050	105	51.0463	41.8495	41.8495	167.398	167.398	0 4385.12 3753.67 	8138.8	0.00181061	1.14048e-05	564.359	1050	564.359	0 1.90054e+06 3.09979e+06 	5.00033e+06	9.45641	6.5039	12399	666.612	0.405396	0	1.02	1.02
16.5	0.00176031	4.61981e-05	573.908	1050	105	50.9743	41.7933	41.7933	167.173	167.173	0 4374.56 3757.41 	8131.98	0.00180651	1.1327e-05	559.229	1050	559.229	0 1.90907e+06 3.12564e+06 	5.0347e+06	9.52363	6.5039	12399	666.612	0.405062	0	1.02	1.02
16.65	0.00175621	4.62535e-05	573.284	1050	105	50.9114	41.7373	41.7373	166.949	166.949	0 4364.55 3761.12 	8125.67	0.00180247	1.12487e-05	554.115	1050	554.115	0 1.91785e+06 3.15144e+06 	5.06929e+06	9.59045	6.5039	12399	666.612	0.404674	0	1.02	1.02
16.8	0.00175218	4.63081e-05	572.67	1050	105	50.8565	41.6814	41.6814	166.725	166.725	0 4355.07 3764.81 	8119.88	0.00179849	1.11701e-05	549.019	1050	549.019	0 1.9269e+06 3.1772e+06 	5.1041e+06	9.6568	6.5039	12399	666.612	0.404231	0	1.02	1.02
16.95	0.00174822	4.63618e-05	572.063	1050	105	50.8085	41.6255	41.6255	166.502	166.502	0 4346.12 3768.48 	8114.6	0.00179458	1.1091e-05	543.94	1050	543.94	0 1.93622e+06 3.20291e+06 	5.13913e+06	9.72258	6.5039	12399	666.612	0.403735	0	1.02	1.02
17.1	0.00174433	4.64144e-05	571.464	1050	105	50.7665	41.5697	41.5697	166.279	166.279	0 4337.72 3772.14 	8109.86	0.00179075	1.10115e-05	538.88	1050	538.88	0 1.94583e+06 3.22857e+06 	5.17441e+06	9.78771	6.5039	12399	666.612	0.403187	0	1.02	1.02
17.25	0.00174053	4.64656e-05	570.87	1050	105	50.7299	41.514	41.514	166.056	166.056	0 4329.85 3775.8 	8105.65	0.00178699	1.09316e-05	533.84	1050	533.84	0 1.95575e+06 3.25419e+06 	5.20994e+06	9.85209	6.5039	12399	666.612	0.402587	0	1.02	1.02
17.4	0.0017368	4.65153e-05	570.282	1050	105	50.6979	41.4584	41.4584	165.834	165.834	0 4322.55 3779.46 	8102.01	0.00178332	1.08513e-05	528.818	1050	528.818	0 1.96598e+06 3.27975e+06 	5.24573e+06	9.91562	6.5039	12399	666.612	0.401936	0	1.02	1.02
17.55	0.00173316	4.65633e-05	569.699	1050	105	50.6699	41.4029	41.4029	165.611	165.611	0 4315.81 3783.14 	8098.95	0.00177973	1.07705e-05	523.816	1050	523.816	0 1.97655e+06 3.30527e+06 	5.28181e+06	9.9782	6.5039	12399	666.612	0.401235	0	1.02	1.02
17.7	0.00172962	4.66095e-05	569.12	1050	105	50.6455	41.3474	41.3474	165.39	165.39	0 4309.65 3786.82 	8096.47	0.00177623	1.06893e-05	518.835	1050	518.835	0 1.98746e+06 3.33073e+06 	5.31819e+06	10.0397	6.5039	12399	666.612	0.400484	0	1.02	1.02
17.85	0.00172617	4.66537e-05	568.545	1050	105	50.6241	41.2921	41.2921	165.168	165.168	0 4304.09 3790.52 	8094.61	0.00177282	1.06076e-05	513.874	1050	513.874	0 1.99874e+06 3.35614e+06 	5.35488e+06	10.1	6.5039	12399	666.612	0.399685	0	1.02	1.02
18	0.00172282	4.66956e-05	567.973	1050	105	50.6055	41.2368	41.2368	164.947	164.947	0 4299.16 3794.25 	8093.41	0.00176951	1.05255e-05	508.934	1050	508.934	0 2.0104e+06 3.38151e+06 	5.39191e+06	10.159	6.5039	12399	666.612	0.398839	0	1.02	1.02
18.15	0.00171958	4.67351e-05	567.405	1050	105	50.5892	41.1816	41.1816	164.726	164.726	0 4294.88 3798.01 	8092.89	0.00176631	1.04429e-05	504.016	1050	504.016	0 2.02246e+06 3.40682e+06 	5.42928e+06	10.2166	6.5039	12399	666.612	0.397946	0	1.02	1.02
18.3	0.00171645	4.6772e-05	566.84	1050	105	50.575	41.1265	41.1265	164.506	164.506	0 4291.27 3801.8 	8093.06	0.00176322	1.03597e-05	499.12	1050	499.12	0 2.03495e+06 3.43208e+06 	5.46703e+06	10.2726	6.5039	12399	666.612	0.397007	0	1.02	1.02
18.45	0.00171344	4.68061e-05	566.277	1050	105	50.5626	41.0714	41.0714	164.286	164.286	0 4288.37 3805.63 	8093.99	0.00176024	1.02761e-05	494.246	1050	494.246	0 2.04787e+06 3.45729e+06 	5.50517e+06	10.3268	6.5039	12399	666.612	0.396023	0	1.02	1.02
18.6	0.00171055	4.68371e-05	565.716	1050	105	50.5517	41.0165	41.0165	164.066	164.066	0 4286.21 3809.5 	8095.71	0.00175739	1.0192e-05	489.395	1050	489.395	0 2.06127e+06 3.48246e+06 	5.54373e+06	10.3791	6.5039	12399	666.612	0.394995	0	1.02	1.02
18.75	0.0017078	4.68649e-05	565.158	1050	105	50.5422	40.9616	40.9616	163.846	163.846	0 4284.82 3813.42 	8098.24	0.00175467	1.01073e-05	484.567	1050	484.567	0 2.07516e+06 3.50757e+06 	5.58273e+06	10.4293	6.5039	12399	666.612	0.393924	0	1.02	1.02
18.9	0.00170519	4.68891e-05	564.602	1050	105	50.5339	40.9068	40.9068	163.627	163.627	0 4284.26 3817.4 	8101.66	0.00175208	1.0022e-05	479.763	1050	479.763	0 2.08957e+06 3.53263e+06 	5.62221e+06	10.4773	6.5039	12399	666.612	0.392811	0	1.02	1.02
19.05	0.00170273	4.69097e-05	564.048	1050	105	50.5267	40.8521	40.8521	163.408	163.408	0 4284.56 3821.43 	8106	0.00174964	9.93623e-06	474.982	1050	474.982	0 2.10453e+06 3.55765e+06 	5.66218e+06	10.5229	6.5039	12399	666.612	0.391657	0	1.02	1.02
19.2	0.00170042	4.69263e-05	563.495	1050	105	50.5204	40.7975	40.7975	163.19	163.19	0 4285.79 3825.54 	8111.33	0.00174735	9.84984e-06	470.226	1050	470.226	0 2.12007e+06 3.58263e+06 	5.7027e+06	10.5658	6.5039	12399	666.612	0.390463	0	1.02	1.02
19.35	0.00169828	4.69386e-05	562.944	1050	105	50.5149	40.743	40.743	162.972	162.972	0 4287.97 3829.72 	8117.69	0.00174522	9.76283e-06	465.494	1050	465.494	0 2.13623e+06 3.60755e+06 	5.74378e+06	10.6058	6.5039	12399	666.612	0.38923	0	1.02	1.02
19.5	0.00169631	4.69463e-05	562.395	1050	105	50.51	40.6885	40.6885	162.754	162.754	0 4291.2 3833.98 	8125.18	0.00174325	9.67519e-06	460.787	1050	460.787	0 2.15304e+06 3.63244e+06 	5.78548e+06	10.6428	6.5039	12399	666.612	0.387959	0	1.02	1.02
19.65	0.00169453	4.69492e-05	561.847	1050	105	50.5058	40.6341	40.6341	162.536	162.536	0 4295.51 3838.33 	8133.84	0.00174147	9.5869e-06	456.105	1050	456.105	0 2.17054e+06 3.65729e+06 	5.82782e+06	10.6764	6.5039	12399	666.612	0.38665	0	1.02	1.02
19.8	0.00169294	4.6947e-05	561.3	1050	105	50.5021	40.5798	40.5798	162.319	162.319	0 4300.99 3842.78 	8143.77	0.00173988	9.49792e-06	451.449	1050	451.449	0 2.18877e+06 3.6821e+06 	5.87087e+06	10.7065	6.5039	12399	666.612	0.385306	0	1.02	1.02
19.95	0.00169156	4.69392e-05	560.755	1050	105	50.4989	40.5256	40.5256	162.102	162.102	0 4307.72 3847.35 	8155.07	0.0017385	9.40823e-06	446.819	1050	446.819	0 2.20779e+06 3.70687e+06 	5.91466e+06	10.7327	6.5039	12399	666.612	0.383928	0	1.02	1.02
20.1	0.0016904	4.69255e-05	560.211	1050	105	50.4961	40.4715	40.4715	161.886	161.886	0 4315.79 3852.03 	8167.82	0.00173732	9.31779e-06	442.215	1050	442.215	0 2.22764e+06 3.73161e+06 	5.95925e+06	10.7548	6.5039	12399	666.612	0.382515	0	1.02	1.02
20.25	0.00168948	4.69056e-05	559.668	1050	105	50.4936	40.4174	40.4174	161.67	161.67	0 4325.28 3856.84 	8182.12	0.00173638	9.22658e-06	437.637	1050	437.637	0 2.24838e+06 3.75632e+06 	6.00471e+06	10.7724	6.5039	12399	666.612	0.381071	0	1.02	1.02
20.4	0.0016888	4.6879e-05	559.126	1050	105	50.4915	40.3635	40.3635	161.454	161.454	0 4336.31 3861.8 	8198.11	0.00173568	9.13455e-06	433.086	1050	433.086	0 2.27008e+06 3.78101e+06 	6.05109e+06	10.7853	6.5039	12399	666.612	0.379595	0	1.02	1.02
20.55	0.0016884	4.68452e-05	558.585	1050	105	50.4896	40.3096	40.3096	161.238	161.238	0 4349 3866.93 	8215.93	0.00173524	9.04166e-06	428.563	1050	428.563	0 2.29279e+06 3.80567e+06 	6.09847e+06	10.7931	6.5039	12399	666.612	0.378088	0	1.02	1.02
20.7	0.00168827	4.68038e-05	558.046	1050	105	50.488	40.2558	40.2558	161.023	161.023	0 4363.48 3872.24 	8235.73	0.00173508	8.94787e-06	424.066	1050	424.066	0 2.3166e+06 3.83032e+06 	6.14693e+06	10.7955	6.5039	12399	666.612	0.376553	0	1.02	1.02
20.85	0.00168846	4.67543e-05	557.507	1050	105	50.4866	40.202	40.202	160.808	160.808	0 4379.89 3877.76 	8257.65	0.00173521	8.85313e-06	419.597	1050	419.597	0 2.34159e+06 3.85496e+06 	6.19655e+06	10.7919	6.5039	12399	666.612	0.37499	0	1.02	1.02
21	0.00168897	4.66961e-05	556.969	1050	105	50.4853	40.1484	40.1484	160.594	160.594	0 4398.4 3883.5 	8281.91	0.00173566	8.75739e-06	415.156	1050	415.156	0 2.36784e+06 3.87959e+06 	6.24743e+06	10.7822	6.5039	12399	666.612	0.373401	0	1.02	1.02
21.15	0.00168983	4.66285e-05	556.432	1050	105	50.4842	40.0948	40.0948	160.379	160.379	0 4419.2 3889.51 	8308.71	0.00173646	8.66058e-06	410.742	1050	410.742	0 2.39546e+06 3.90423e+06 	6.29969e+06	10.7657	6.5039	12399	666.612	0.371787	0	1.02	1.02
21.3	0.00169107	4.6551e-05	555.896	1050	105	50.4833	40.0413	40.0413	160.165	160.165	0 4442.5 3895.8 	8338.29	0.00173762	8.56265e-06	406.357	1050	406.357	0 2.42457e+06 3.92887e+06 	6.35343e+06	10.742	6.5039	12399	666.612	0.370149	0	1.02	1.02
21.45	0.00169271	4.64628e-05	555.362	1050	105	50.4824	39.9879	39.9879	159.952	159.952	0 4468.51 3902.4 	8370.92	0.00173918	8.46353e-06	402.001	1050	402.001	0 2.45528e+06 3.95352e+06 	6.4088e+06	10.7107	6.5039	12399	666.612	0.368489	0	1.02	1.02
21.6	0.0016948	4.63632e-05	554.828	1050	105	50.4817	39.9346	39.9346	159.738	159.738	0 4497.53 3909.38 	8406.9	0.00174116	8.36313e-06	397.673	1050	397.673	0 2.48774e+06 3.97821e+06 	6.46594e+06	10.6712	6.5039	12399	666.612	0.366808	0	1.02	1.02
21.75	0.00169736	4.62512e-05	554.294	1050	105	50.4811	39.8813	39.8813	159.525	159.525	0 4529.85 3916.76 	8446.61	0.00174361	8.26136e-06	393.374	1050	393.374	0 2.52211e+06 4.00292e+06 	6.52503e+06	10.623	6.5039	12399	666.612	0.365108	0	1.02	1.02
21.9	0.00170044	4.61259e-05	553.762	1050	105	50.4805	39.8282	39.8282	159.313	159.313	0 4565.83 3924.62 	8490.45	0.00174657	8.15814e-06	389.104	1050	389.104	0 2.55856e+06 4.02768e+06 	6.58624e+06	10.5654	6.5039	12399	666.612	0.36339	0	1.02	1.02
22.05	0.00170408	4.59863e-05	553.231	1050	105	50.48	39.7751	39.7751	159.1	159.1	0 4605.86 3933 	8538.87	0.00175007	8.05336e-06	384.863	1050	384.863	0 2.59731e+06 4.0525e+06 	6.64981e+06	10.4978	6.5039	12399	666.612	0.361656	0	1.02	1.02
22.2	0.00170834	4.58313e-05	552.7	1050	105	50.4796	39.7221	39.7221	158.888	158.888	0 4650.44 3942 	8592.44	0.00175417	7.94689e-06	380.652	1050	380.652	0 2.63859e+06 4.07738e+06 	6.71597e+06	10.4195	6.5039	12399	666.612	0.359908	0	1.02	1.02
22.35	0.00171327	4.56595e-05	552.171	1050	105	50.4792	39.6691	39.6691	158.677	158.677	0 4700.1 3951.71 	8651.81	0.00175893	7.8386e-06	376.47	1050	376.47	0 2.68265e+06 4.10236e+06 	6.78501e+06	10.3298	6.5039	12399	666.612	0.358147	0	1.02	1.02
22.5	0.00171895	4.54696e-05	551.642	1050	105	50.4789	39.6163	39.6163	158.465	158.465	0 4755.49 3962.24 	8717.74	0.00176442	7.72834e-06	372.318	1050	372.318	0 2.72982e+06 4.12743e+06 	6.85725e+06	10.2278	6.5039	12399	666.612	0.356375	0	1.02	1.02
22.65	0.00172545	4.526e-05	551.114	1050	105	50.4786	39.5635	39.5635	158.254	158.254	0 4817.38 3973.72 	8791.1	0.00177071	7.61594e-06	368.196	1050	368.196	0 2.78045e+06 4.15263e+06 	6.93308e+06	10.1127	6.5039	12399	666.612	0.354594	0	1.02	1.02
22.8	0.00173285	4.50289e-05	550.587	1050	105	50.4784	39.5108	39.5108	158.043	158.043	0 4886.68 3986.31 	8872.99	0.00177788	7.50121e-06	364.104	1050	364.104	0 2.83495e+06 4.17797e+06 	7.01292e+06	9.98357	6.5039	12399	666.612	0.352808	0	1.02	1.02
22.95	0.00174127	4.47743e-05	550.06	1050	105	50.4782	39.4582	39.4582	157.833	157.833	0 4964.48 4000.21 	8964.69	0.00178605	7.38392e-06	360.042	1050	360.042	0 2.89382e+06 4.20347e+06 	7.0973e+06	9.8394	6.5039	12399	666.612	0.351017	0	1.02	1.02
23.1	0.00175084	4.44938e-05	549.535	1050	105	50.478	39.4057	39.4057	157.623	157.623	0 5052.14 4015.66 	9067.8	0.00179533	7.26381e-06	356.01	1050	356.01	0 2.95765e+06 4.22917e+06 	7.18682e+06	9.67908	6.5039	12399	666.612	0.349224	0	1.02	1.02
23.25	0.00176168	4.4185e-05	549.01	1050	105	50.4778	39.3532	39.3532	157.413	157.413	0 5151.29 4032.97 	9184.26	0.00180586	7.1406e-06	352.009	1050	352.009	0 3.02712e+06 4.2551e+06 	7.28222e+06	9.50144	6.5039	12399	666.612	0.347433	0	1.02	1.02
23.4	0.00177398	4.38446e-05	548.486	1050	105	50.4777	39.3009	39.3009	157.203	157.203	0 5264 4052.57 	9316.57	0.00181782	7.01394e-06	348.038	1050	348.038	0 3.10307e+06 4.2813e+06 	7.38437e+06	9.30517	6.5039	12399	666.612	0.345647	0	1.02	1.02
23.55	0.00178794	4.34694e-05	547.963	1050	105	50.4775	39.2486	39.2486	156.994	156.994	0 5393.31 4075.52 	9468.83	0.00183141	6.88343e-06	344.098	1050	344.098	0 3.18653e+06 4.30779e+06 	7.49432e+06	9.08887	6.5039	12399	666.612	0.343868	0	1.02	1.02
23.7	0.00180381	4.30553e-05	547.441	1050	105	50.4774	39.1963	39.1963	156.785	156.785	0 5543.6 4103.81 	9647.42	0.00184687	6.74862e-06	340.189	1050	340.189	0 3.27871e+06 4.33464e+06 	7.61335e+06	8.85106	6.5039	12399	666.612	0.342103	0	1.02	1.02
23.85	0.00182189	4.25977e-05	546.919	1050	105	50.4773	39.1442	39.1442	156.577	156.577	0 5721.23 4140.77 	9862	0.00186449	6.60898e-06	336.31	1050	336.31	0 3.38114e+06 4.36189e+06 	7.74303e+06	8.59018	6.5039	12399	666.612	0.340355	0	1.02	1.02
24	0.00184254	4.20914e-05	546.399	1050	105	50.4773	39.0921	39.0921	156.369	156.369	0 5935.59 4192.01 	10127.6	0.00188463	6.4639e-06	332.462	1050	332.462	0 3.49569e+06 4.3896e+06 	7.88529e+06	8.30461	6.5039	12399	666.612	0.338632	0	1.02	1.02
24.15	0.00186439	4.15697e-05	545.879	1050	105	50.4772	39.0402	39.0402	156.161	156.161	0 6491.1 4630.86 	11122	0.00190596	6.31854e-06	328.645	1050	328.645	0 3.61583e+06 4.41674e+06 	8.03257e+06	8.016	6.5039	12399	666.612	0.337039	0	1.02	1.02
24.3	0.00188402	4.11136e-05	545.443	1050	105	50.4771	38.9966	38.9966	155.986	155.986	0 7924.03 6105.97 	14030	0.00192513	6.18388e-06	324.858	1050	324.858	0 3.72487e+06 4.44134e+06 	8.16621e+06	7.76812	6.5039	12399	666.612	0.335749	0	1.02	1.02
24.45	0.00190578	4.06361e-05	545.2	1050	105	50.4771	38.9723	38.9723	155.889	155.889	0 9537.67 7786.61 	17324.3	0.00194641	6.04588e-06	321.103	1050	321.103	0 3.8443e+06 4.466e+06 	8.31029e+06	7.50505	6.5039	12399	666.612	0.334554	0	1.02	1.02
24.6	0.0019255	4.1219e-05	558.768	1050	105	64.0834	38.9685	38.9685	155.874	155.874	0 11191.8 9161.88 	20353.7	0.00196672	5.91434e-06	317.379	1050	317.379	0 3.95867e+06 4.48898e+06 	8.44765e+06	7.27676	6.5039	12399	666.612	0.333189	0	1.02	1.02
24.75	0.00194094	4.3407e-05	593.428	1050	105	98.6149	38.9813	38.9813	155.925	155.925	0 12586.7 9866.95 	22453.7	0.00198435	5.79385e-06	313.686	1050	313.686	0 4.05936e+06 4.50959e+06 	8.56895e+06	7.10451	6.5039	12399	666.612	0.33152	0	1.02	1.02
24.9	0.00195447	4.65677e-05	641.538	1050	105	146.464	39.0074	39.0074	156.03	156.03	0 13694.5 10190.8 	23885.3	0.00200103	5.6787e-06	310.024	1050	310.024	0 4.15512e+06 4.52889e+06 	8.68401e+06	6.95803	6.5039	12399	666.612	0.329707	0	1.02	1.02
25.05	0.00196623	5.02953e-05	697.666	1050	105	202.218	39.0449	39.0449	156.179	156.179	0 14704.9 10266 	24970.9	0.00201652	5.56928e-06	306.393	1050	306.393	0 4.24465e+06 4.54687e+06 	8.79151e+06	6.83389	6.5039	12399	666.612	0.327748	0	1.02	1.02
25.2	0.00197593	5.43445e-05	758.271	1050	105	262.355	39.0916	39.0916	156.367	156.367	0 15734.1 10163.6 	25897.7	0.00203027	5.46677e-06	302.793	1050	302.793	0 4.32511e+06 4.5634e+06 	8.88851e+06	6.73377	6.5039	12399	666.612	0.325619	0	1.02	1.02
25.35	0.00198399	5.85449e-05	821.024	1050	105	324.563	39.146	39.146	156.584	156.584	0 16788.2 9968.78 	26756.9	0.00204253	5.37008e-06	299.224	1050	299.224	0 4.39781e+06 4.5787e+06 	8.97651e+06	6.65201	6.5039	12399	666.612	0.32335	0	1.02	1.02
25.5	0.00199098	6.2791e-05	884.558	1050	105	387.49	39.2068	39.2068	156.827	156.827	0 17850 9743.29 	27593.3	0.00205378	5.27769e-06	295.686	1050	295.686	0 4.46509e+06 4.59307e+06 	9.05816e+06	6.58213	6.5039	12399	666.612	0.320986	0	1.02	1.02
25.65	0.00199734	6.70246e-05	948.155	1050	105	450.424	39.2731	39.2731	157.093	157.093	0 18906.7 9519.5 	28426.2	0.00206437	5.18849e-06	292.179	1050	292.179	0 4.52883e+06 4.60671e+06 	9.13554e+06	6.51948	6.5039	12399	666.612	0.318558	0	1.02	1.02
25.8	0.00200314	7.13013e-05	1012.6	1050	105	514.153	39.3445	39.3445	157.378	157.378	0 19916.6 9294.26 	29210.8	0.00207444	5.10201e-06	288.704	1050	288.704	0 4.58973e+06 4.61971e+06 	9.20944e+06	6.46302	6.5039	12399	666.612	0.316079	0	1.02	1.02
25.95	0.00200716	7.61966e-05	1085.55	1050	105	586.354	39.4198	39.4198	157.679	157.679	0 20644 8960.69 	29604.7	0.00208336	5.01969e-06	285.259	1050	285.259	0 4.64447e+06 4.63189e+06 	9.27635e+06	6.42426	6.5039	12399	666.612	0.313495	0	1.02	1.02
26.1	0.00200875	8.20605e-05	1171.68	1050	105	671.706	39.4974	39.4974	157.99	157.99	0 20972.5 8490.58 	29463.1	0.00209081	4.94205e-06	281.846	1050	281.846	0 4.69148e+06 4.64319e+06 	9.33466e+06	6.409	6.5039	12399	666.612	0.310782	0	1.02	1.02
26.25	0.00200862	8.87023e-05	1268.48	1050	105	767.724	39.5757	39.5757	158.303	158.303	0 21016.2 7963.98 	28980.2	0.00209732	4.8677e-06	278.463	1050	278.463	0 4.73337e+06 4.65384e+06 	9.38721e+06	6.41031	6.5039	12399	666.612	0.307983	0	1.02	1.02
26.4	0.00200743	9.59259e-05	1373.4	1050	105	871.864	39.6535	39.6535	158.614	158.614	0 20883.9 7438.96 	28322.8	0.00210335	4.79541e-06	275.111	1050	275.111	0 4.77264e+06 4.66405e+06 	9.43669e+06	6.42171	6.5039	12399	666.612	0.305136	0	1.02	1.02
26.55	0.00200572	0.000103556	1484.15	1050	105	981.853	39.7302	39.7302	158.921	158.921	0 20661.3 6948.91 	27610.2	0.00210927	4.72432e-06	271.791	1050	271.791	0 4.81112e+06 4.67393e+06 	9.48505e+06	6.43815	6.5039	12399	666.612	0.302271	0	1.02	1.02
26.7	0.00200384	0.000111451	1598.92	1050	105	1095.86	39.8055	39.8055	159.222	159.222	0 20406.6 6507.93 	26914.5	0.00211529	4.65396e-06	268.501	1050	268.501	0 4.84989e+06 4.68357e+06 	9.53346e+06	6.4563	6.5039	12399	666.612	0.299405	0	1.02	1.02
26.85	0.00200198	0.000119511	1716.36	1050	105	1212.56	39.8794	39.8794	159.518	159.518	0 20154.5 6118.33 	26272.8	0.00212149	4.58411e-06	265.241	1050	265.241	0 4.88946e+06 4.693e+06 	9.58246e+06	6.47428	6.5039	12399	666.612	0.296548	0	1.02	1.02
27	0.00200025	0.000127666	1835.55	1050	105	1331.03	39.9519	39.9519	159.808	159.808	0 19922.8 5776.59 	25699.4	0.00212791	4.51474e-06	262.013	1050	262.013	0 4.92998e+06 4.70222e+06 	9.6322e+06	6.49113	6.5039	12399	666.612	0.293702	0	1.02	1.02
27.15	0.00199867	0.000135872	1955.93	1050	105	1450.7	40.0231	40.0231	160.093	160.093	0 19718.7 5476.99 	25195.7	0.00213454	4.44587e-06	258.815	1050	258.815	0 4.97143e+06 4.71124e+06 	9.68266e+06	6.50648	6.5039	12399	666.612	0.290871	0	1.02	1.02
27.3	0.00199726	0.000144103	2077.14	1050	105	1571.21	40.0931	40.0931	160.373	160.373	0 19543.4 5213.47 	24756.9	0.00214137	4.37755e-06	255.648	1050	255.648	0 5.01371e+06 4.72004e+06 	9.73375e+06	6.52026	6.5039	12399	666.612	0.288054	0	1.02	1.02
27.45	0.00201066	0.000140426	2035.46	1050	105	1529.35	40.111	40.111	160.444	160.444	0 22096.3 5613.15 	27709.5	0.00215109	4.30438e-06	252.511	1050	252.511	0 5.07094e+06 4.72933e+06 	9.80027e+06	6.39076	6.5039	12399	666.612	0.285718	0	1.02	1.02
27.6	0.00201797	0.000142304	2070.85	1050	105	1564.48	40.1371	40.1371	160.549	160.549	0 23352.8 5716.53 	29069.4	0.00216027	4.23344e-06	249.404	1050	249.404	0 5.12527e+06 4.73817e+06 	9.86345e+06	6.32161	6.5039	12399	666.612	0.283211	0	1.02	1.02
27.75	0.00200773	0.000156936	2280.58	1050	105	1773.39	40.219	40.219	160.876	160.876	0 21570.4 5105.93 	26676.3	0.00216466	4.17281e-06	246.328	1050	246.328	0 5.15446e+06 4.74562e+06 	9.90008e+06	6.41884	6.5039	12399	666.612	0.280097	0	1.02	1.02
27.9	0.00200171	0.000169461	2462.87	1050	105	1954.92	40.2944	40.2944	161.178	161.178	0 20506.5 4716.01 	25222.5	0.00217117	4.10893e-06	243.282	1050	243.282	0 5.19455e+06 4.75335e+06 	9.9479e+06	6.47694	6.5039	12399	666.612	0.27717	0	1.02	1.02
28.05	0.00201357	0.000165717	2419.99	1050	105	1911.95	40.304	40.304	161.216	161.216	0 22744.4 5017.09 	27761.5	0.00217929	4.04294e-06	240.265	1050	240.265	0 5.243e+06 4.76121e+06 	1.00042e+07	6.36309	6.5039	12399	666.612	0.274774	0	1.02	1.02
28.2	0.00201941	0.000168127	2463.44	1050	105	1955.24	40.3206	40.3206	161.282	161.282	0 23723.3 5071.33 	28794.6	0.00218754	3.97771e-06	237.279	1050	237.279	0 5.29203e+06 4.76885e+06 	1.00609e+07	6.30804	6.5039	12399	666.612	0.272231	0	1.02	1.02
28.35	0.00200731	0.000185779	2717.84	1050	105	2208.82	40.4028	40.4028	161.611	161.611	0 21621.8 4508.67 	26130.5	0.00219309	3.91828e-06	234.323	1050	234.323	0 5.32675e+06 4.77571e+06 	1.01025e+07	6.42285	6.5039	12399	666.612	0.269134	0	1.02	1.02
28.5	0.00201806	0.000182731	2684.98	1050	105	2175.84	40.4145	40.4145	161.658	161.658	0 23561.7 4746.76 	28308.5	0.00220079	3.85587e-06	231.397	1050	231.397	0 5.3727e+06 4.78279e+06 	1.01555e+07	6.32076	6.5039	12399	666.612	0.266732	0	1.02	1.02
28.65	0.00202257	0.000186093	2742.4	1050	105	2233.08	40.4321	40.4321	161.729	161.729	0 24266.6 4758.73 	29025.3	0.00220866	3.79409e-06	228.5	1050	228.5	0 5.41946e+06 4.7897e+06 	1.02092e+07	6.2786	6.5039	12399	666.612	0.264176	0	1.02	1.02
28.8	0.00200817	0.000206663	3039.63	1050	105	2529.47	40.5158	40.5158	162.063	162.063	0 21826.5 4191.9 	26018.4	0.00221484	3.73608e-06	225.632	1050	225.632	0 5.45721e+06 4.79608e+06 	1.02533e+07	6.41455	6.5039	12399	666.612	0.261062	0	1.02	1.02
28.95	0.00201824	0.000203297	3001.99	1050	105	2491.72	40.5276	40.5276	162.111	162.111	0 23629.2 4395.96 	28025.2	0.00222153	3.67803e-06	222.794	1050	222.794	0 5.4976e+06 4.80237e+06 	1.03e+07	6.31909	6.5039	12399	666.612	0.258657	0	1.02	1.02
29.1	0.00202218	0.000206774	3061.52	1050	105	2551.07	40.545	40.545	162.18	162.18	0 24248.2 4401.68 	28649.9	0.00222896	3.61962e-06	219.985	1050	219.985	0 5.54177e+06 4.8086e+06 	1.03504e+07	6.28217	6.5039	12399	666.612	0.256113	0	1.02	1.02
29.25	0.00203093	0.000206612	3071.6	1050	105	2560.93	40.5671	40.5671	162.268	162.268	0 25518.7 4537.12 	30055.8	0.00223755	3.56022e-06	217.205	1050	217.205	0 5.59208e+06 4.81483e+06 	1.04069e+07	6.20131	6.5039	12399	666.612	0.253758	0	1.02	1.02
29.4	0.00203186	0.000212923	3171.47	1050	105	2660.55	40.5928	40.5928	162.371	162.371	0 25587.9 4451.67 	30039.6	0.00224478	3.50385e-06	214.454	1050	214.454	0 5.63514e+06 4.82064e+06 	1.04558e+07	6.19285	6.5039	12399	666.612	0.251155	0	1.02	1.02
29.55	0.00201113	0.000239901	3561.22	1050	105	3049.41	40.6808	40.6808	162.723	162.723	0 22365.5 3814.31 	26179.8	0.00225103	3.44982e-06	211.732	1050	211.732	0 5.67289e+06 4.82613e+06 	1.0499e+07	6.38631	6.5039	12399	666.612	0.247915	0	1.02	1.02
29.7	0.00202014	0.00023648	3522.46	1050	105	3010.53	40.6935	40.6935	162.774	162.774	0 23925 3972.08 	27897.1	0.00225662	3.39754e-06	209.039	1050	209.039	0 5.70705e+06 4.83136e+06 	1.05384e+07	6.30121	6.5039	12399	666.612	0.245537	0	1.02	1.02
29.85	0.00202308	0.000240471	3590.17	1050	105	3078.06	40.7108	40.7108	162.843	162.843	0 24376.4 3963.21 	28339.6	0.00226355	3.34401e-06	206.374	1050	206.374	0 5.74828e+06 4.83663e+06 	1.05849e+07	6.27382	6.5039	12399	666.612	0.243032	0	1.02	1.02
30	0.00203078	0.000240214	3599	1050	105	3086.72	40.7281	40.7281	162.912	162.912	0 25477.9 4066.8 	29544.7	0.00227099	3.29051e-06	203.737	1050	203.737	0 5.79223e+06 4.84182e+06 	1.0634e+07	6.20275	6.5039	12399	666.612	0.240703	0	1.02	1.02
30.15	0.00203103	0.000246932	3705.85	1050	105	3193.37	40.7483	40.7483	162.993	162.993	0 25475.1 3990.1 	29465.2	0.00227796	3.23849e-06	201.128	1050	201.128	0 5.8336e+06 4.84678e+06 	1.06804e+07	6.20045	6.5039	12399	666.612	0.238156	0	1.02	1.02
30.3	0.00203743	0.000248595	3743.33	1050	105	3230.65	40.7687	40.7687	163.075	163.075	0 26257 4052.05 	30309.1	0.00228602	3.18571e-06	198.548	1050	198.548	0 5.88083e+06 4.85173e+06 	1.07326e+07	6.14221	6.5039	12399	666.612	0.235842	0	1.02	1.02
30.45	0.00203549	0.000256967	3873.43	1050	105	3360.52	40.7907	40.7907	163.163	163.163	0 25977.5 3932.6 	29910.1	0.00229245	3.13597e-06	195.995	1050	195.995	0 5.91925e+06 4.85633e+06 	1.07756e+07	6.15979	6.5039	12399	666.612	0.233252	0	1.02	1.02
30.6	0.00204079	0.000259689	3926.5	1050	105	3413.37	40.8134	40.8134	163.253	163.253	0 26566 3967.56 	30533.6	0.00230048	3.08482e-06	193.47	1050	193.47	0 5.96624e+06 4.86098e+06 	1.08272e+07	6.11191	6.5039	12399	666.612	0.230943	0	1.02	1.02
30.75	0.0020375	0.000268977	4069.48	1050	105	3556.11	40.8368	40.8368	163.347	163.347	0 26148.7 3829.88 	29978.6	0.00230648	3.03711e-06	190.973	1050	190.973	0 6.00225e+06 4.86524e+06 	1.08675e+07	6.14155	6.5039	12399	666.612	0.228338	0	1.02	1.02
30.9	0.00204207	0.000272184	4129.7	1050	105	3616.11	40.8589	40.8589	163.436	163.436	0 26635.4 3850.76 	30486.2	0.00231425	2.9878e-06	188.503	1050	188.503	0 6.04789e+06 4.86958e+06 	1.09175e+07	6.10041	6.5039	12399	666.612	0.226041	0	1.02	1.02
31.05	0.00203814	0.000281939	4279.58	1050	105	3765.76	40.8813	40.8813	163.525	163.525	0 26164.5 3710.63 	29875.1	0.00232008	2.94171e-06	186.06	1050	186.06	0 6.08287e+06 4.87358e+06 	1.09564e+07	6.13579	6.5039	12399	666.612	0.223448	0	1.02	1.02
31.2	0.00204228	0.000285298	4342.14	1050	105	3828.1	40.9035	40.9035	163.614	163.614	0 26602.1 3725.58 	30327.7	0.00232758	2.89419e-06	183.644	1050	183.644	0 6.12699e+06 4.87763e+06 	1.10046e+07	6.09852	6.5039	12399	666.612	0.221172	0	1.02	1.02
31.35	0.00203812	0.000295282	4495.79	1050	105	3981.54	40.9256	40.9256	163.702	163.702	0 26119.4 3590.62 	29710	0.0023334	2.84944e-06	181.255	1050	181.255	0 6.1619e+06 4.88138e+06 	1.10433e+07	6.13597	6.5039	12399	666.612	0.218611	0	1.02	1.02
31.5	0.00204202	0.000298619	4558.19	1050	105	4043.71	40.9476	40.9476	163.79	163.79	0 26534.2 3603.7 	30137.9	0.00234064	2.80364e-06	178.893	1050	178.893	0 6.20458e+06 4.88517e+06 	1.10897e+07	6.10083	6.5039	12399	666.612	0.216363	0	1.02	1.02
31.65	0.00203783	0.000308712	4714.09	1050	105	4199.39	40.9694	40.9694	163.878	163.878	0 26057.7 3476.62 	29534.3	0.00234654	2.7601e-06	176.557	1050	176.557	0 6.23989e+06 4.88871e+06 	1.11286e+07	6.13855	6.5039	12399	666.612	0.213842	0	1.02	1.02
31.8	0.0020416	0.000311942	4775.1	1050	105	4260.19	40.991	40.991	163.964	163.964	0 26461.6 3489.61 	29951.2	0.00235354	2.71592e-06	174.247	1050	174.247	0 6.28122e+06 4.89224e+06 	1.11735e+07	6.10462	6.5039	12399	666.612	0.211627	0	1.02	1.02
31.95	0.00203747	0.000322087	4932.51	1050	105	4417.38	41.0125	41.0125	164.05	164.05	0 25997.9 3370.86 	29368.7	0.00235955	2.67352e-06	171.963	1050	171.963	0 6.31712e+06 4.89558e+06 	1.12127e+07	6.14184	6.5039	12399	666.612	0.20915	0	1.02	1.02
32.1	0.00204115	0.00032517	4991.57	1050	105	4476.23	41.0337	41.0337	164.135	164.135	0 26395.7 3384.43 	29780.1	0.00236632	2.6309e-06	169.706	1050	169.706	0 6.35718e+06 4.89888e+06 	1.12561e+07	6.10863	6.5039	12399	666.612	0.206971	0	1.02	1.02
32.25	0.00203711	0.000335341	5150.14	1050	105	4634.6	41.0548	41.0548	164.219	164.219	0 25946.3 3273.56 	29219.8	0.00237245	2.58962e-06	167.474	1050	167.474	0 6.39369e+06 4.90203e+06 	1.12957e+07	6.14506	6.5039	12399	666.612	0.20454	0	1.02	1.02
32.4	0.00204074	0.000338263	5207	1050	105	4691.25	41.0757	41.0757	164.303	164.303	0 26340 3287.91 	29627.9	0.002379	2.54849e-06	165.267	1050	165.267	0 6.43256e+06 4.90512e+06 	1.13377e+07	6.11232	6.5039	12399	666.612	0.202399	0	1.02	1.02
32.55	0.0020368	0.000348448	5366.57	1050	105	4850.61	41.0963	41.0963	164.385	164.385	0 25904.3 3184.19 	29088.5	0.00238524	2.5083e-06	163.086	1050	163.086	0 6.46968e+06 4.90809e+06 	1.13778e+07	6.14791	6.5039	12399	666.612	0.200014	0	1.02	1.02
32.7	0.00204039	0.000351199	5421.11	1050	105	4904.94	41.1169	41.1169	164.467	164.467	0 26294.5 3199.34 	29493.8	0.00239159	2.4686e-06	160.93	1050	160.93	0 6.5074e+06 4.91097e+06 	1.14184e+07	6.11547	6.5039	12399	666.612	0.197912	0	1.02	1.02
32.85	0.00203654	0.000361393	5581.58	1050	105	5065.21	41.1372	41.1372	164.549	164.549	0 25871.4 3102 	28973.4	0.00239793	2.42949e-06	158.799	1050	158.799	0 6.54509e+06 4.91377e+06 	1.14589e+07	6.15025	6.5039	12399	666.612	0.195574	0	1.02	1.02
33	0.00204011	0.000363973	5633.76	1050	105	5117.18	41.1573	41.1573	164.629	164.629	0 26258.3 3117.91 	29376.2	0.00240408	2.39116e-06	156.693	1050	156.693	0 6.58173e+06 4.91647e+06 	1.14982e+07	6.11802	6.5039	12399	666.612	0.193511	0	1.02	1.02
33.15	0.00203634	0.000374171	5795.07	1050	105	5278.3	41.1772	41.1772	164.709	164.709	0 25846.5 3026.24 	28872.8	0.00241051	2.35312e-06	154.611	1050	154.611	0 6.61993e+06 4.91911e+06 	1.1539e+07	6.15206	6.5039	12399	666.612	0.191219	0	1.02	1.02
33.3	0.00203989	0.000376579	5844.85	1050	105	5327.88	41.197	41.197	164.788	164.788	0 26230.2 3042.84 	29273	0.00241647	2.3161e-06	152.554	1050	152.554	0 6.65553e+06 4.92163e+06 	1.15772e+07	6.11996	6.5039	12399	666.612	0.189198	0	1.02	1.02
33.45	0.0020362	0.000386779	6006.95	1050	105	5489.78	41.2166	41.2166	164.866	164.866	0 25828.5 2956.21 	28784.7	0.00242297	2.27912e-06	150.521	1050	150.521	0 6.69419e+06 4.92411e+06 	1.16183e+07	6.15335	6.5039	12399	666.612	0.186951	0	1.02	1.02
33.6	0.00203974	0.000389015	6054.31	1050	105	5536.95	41.236	41.236	164.944	164.944	0 26208.9 2973.44 	29182.3	0.00242876	2.24336e-06	148.511	1050	148.511	0 6.72879e+06 4.92648e+06 	1.16553e+07	6.12131	6.5039	12399	666.612	0.184971	0	1.02	1.02
33.75	0.00203611	0.000399216	6217.15	1050	105	5699.6	41.2553	41.2553	165.021	165.021	0 25816.1 2891.3 	28707.4	0.00243533	2.20742e-06	146.526	1050	146.526	0 6.76785e+06 4.92881e+06 	1.16967e+07	6.15414	6.5039	12399	666.612	0.18277	0	1.02	1.02
33.9	0.00203965	0.00040128	6262.09	1050	105	5744.35	41.2744	41.2744	165.098	165.098	0 26193.3 2909.11 	29102.4	0.00244093	2.17287e-06	144.564	1050	144.564	0 6.80148e+06 4.93102e+06 	1.17325e+07	6.12211	6.5039	12399	666.612	0.180832	0	1.02	1.02
34.05	0.00203607	0.00041148	6425.61	1050	105	5907.68	41.2933	41.2933	165.173	165.173	0 25808.7 2830.97 	28639.6	0.00244755	2.13796e-06	142.625	1050	142.625	0 6.84089e+06 4.93322e+06 	1.17741e+07	6.15445	6.5039	12399	666.612	0.178676	0	1.02	1.02
34.2	0.00203962	0.000413372	6468.1	1050	105	5949.98	41.3121	41.3121	165.248	165.248	0 26182.8 2849.32 	29032.1	0.00245299	2.10458e-06	140.71	1050	140.71	0 6.87359e+06 4.93529e+06 	1.18089e+07	6.12239	6.5039	12399	666.612	0.176779	0	1.02	1.02
34.35	0.00203609	0.000423568	6632.25	1050	105	6113.94	41.3307	41.3307	165.323	165.323	0 25805.3 2774.76 	28580.1	0.00245966	2.07067e-06	138.818	1050	138.818	0 6.91328e+06 4.93736e+06 	1.18506e+07	6.15432	6.5039	12399	666.612	0.174667	0	1.02	1.02
34.5	0.00203965	0.000425288	6672.28	1050	105	6153.79	41.3491	41.3491	165.396	165.396	0 26176.4 2793.62 	28970	0.00246493	2.03842e-06	136.948	1050	136.948	0 6.94508e+06 4.9393e+06 	1.18844e+07	6.12218	6.5039	12399	666.612	0.172813	0	1.02	1.02
34.65	0.00203615	0.000435478	6837	1050	105	6318.32	41.3674	41.3674	165.469	165.469	0 25805.5 2722.28 	28527.8	0.00247163	2.0055e-06	135.101	1050	135.101	0 6.98502e+06 4.94124e+06 	1.19263e+07	6.15377	6.5039	12399	666.612	0.170745	0	1.02	1.02
34.8	0.00203972	0.000437027	6874.54	1050	105	6355.68	41.3855	41.3855	165.542	165.542	0 26173.7 2741.61 	28915.3	0.00247675	1.97434e-06	133.276	1050	133.276	0 7.01594e+06 4.94305e+06 	1.1959e+07	6.12152	6.5039	12399	666.612	0.168933	0	1.02	1.02
34.95	0.00203625	0.000447209	7039.77	1050	105	6520.73	41.4035	41.4035	165.614	165.614	0 25808.7 2673.17 	28481.9	0.00248346	1.94238e-06	131.473	1050	131.473	0 7.05607e+06 4.94488e+06 	1.2001e+07	6.15283	6.5039	12399	666.612	0.166908	0	1.02	1.02
35.1	0.00203984	0.000448586	7074.81	1050	105	6555.6	41.4213	41.4213	165.685	165.685	0 26174.2 2692.96 	28867.2	0.00248843	1.91226e-06	129.693	1050	129.693	0 7.08613e+06 4.94658e+06 	1.20327e+07	6.12042	6.5039	12399	666.612	0.165139	0	1.02	1.02
35.25	0.0020364	0.000458759	7240.49	1050	105	6721.1	41.439	41.439	165.756	165.756	0 25814.6 2627.14 	28441.7	0.00249516	1.88126e-06	127.934	1050	127.934	0 7.12641e+06 4.9483e+06 	1.20747e+07	6.15152	6.5039	12399	666.612	0.163155	0	1.02	1.02
35.4	0.00204001	0.000459965	7273.02	1050	105	6753.45	41.4565	41.4565	165.826	165.826	0 26177.5 2647.37 	28824.9	0.00249997	1.85215e-06	126.197	1050	126.197	0 7.15563e+06 4.94988e+06 	1.21055e+07	6.11893	6.5039	12399	666.612	0.161429	0	1.02	1.02
35.55	0.00203658	0.000470125	7439.09	1050	105	6919.35	41.4739	41.4739	165.896	165.896	0 25822.7 2583.91 	28406.6	0.00250671	1.82207e-06	124.481	1050	124.481	0 7.19602e+06 4.9515e+06 	1.21475e+07	6.14986	6.5039	12399	666.612	0.159487	0	1.02	1.02
35.7	0.00204022	0.000471159	7469.09	1050	105	6949.18	41.4912	41.4912	165.965	165.965	0 26183.3 2604.56 	28787.8	0.00251138	1.79393e-06	122.786	1050	122.786	0 7.22443e+06 4.95298e+06 	1.21774e+07	6.11705	6.5039	12399	666.612	0.157803	0	1.02	1.02
35.85	0.0020368	0.000481306	7635.5	1050	105	7115.42	41.5083	41.5083	166.033	166.033	0 25832.9 2543.25 	28376.1	0.00251811	1.76475e-06	121.112	1050	121.112	0 7.26487e+06 4.9545e+06 	1.22194e+07	6.14788	6.5039	12399	666.612	0.155902	0	1.02	1.02
36	0.00204046	0.00048217	7662.95	1050	105	7142.7	41.5252	41.5252	166.101	166.101	0 26191.2 2564.31 	28755.5	0.00252263	1.73755e-06	119.459	1050	119.459	0 7.29249e+06 4.95589e+06 	1.22484e+07	6.11482	6.5039	12399	666.612	0.15426	0	1.02	1.02
36.15	0.00203705	0.000492301	7829.65	1050	105	7309.23	41.542	41.542	166.168	166.168	0 25844.8 2504.94 	28349.7	0.00252935	1.70926e-06	117.826	1050	117.826	0 7.33296e+06 4.95732e+06 	1.22903e+07	6.14559	6.5039	12399	666.612	0.152399	0	1.02	1.02
36.3	0.00204075	0.000492994	7854.55	1050	105	7333.96	41.5587	41.5587	166.235	166.235	0 26201 2526.41 	28727.4	0.00253374	1.68296e-06	116.214	1050	116.214	0 7.3598e+06 4.95862e+06 	1.23184e+07	6.11225	6.5039	12399	666.612	0.150799	0	1.02	1.02
36.45	0.00203734	0.000503109	8021.47	1050	105	7500.72	41.5753	41.5753	166.301	166.301	0 25858.2 2468.8 	28327	0.00254045	1.65554e-06	114.622	1050	114.622	0 7.40026e+06 4.95996e+06 	1.23602e+07	6.14301	6.5039	12399	666.612	0.148977	0	1.02	1.02
36.6	0.00204107	0.000503631	8043.81	1050	105	7522.89	41.5917	41.5917	166.367	166.367	0 26212.5 2490.68 	28703.2	0.0025447	1.63011e-06	113.05	1050	113.05	0 7.42634e+06 4.96118e+06 	1.23875e+07	6.10936	6.5039	12399	666.612	0.147419	0	1.02	1.02
36.75	0.00203765	0.000513729	8210.92	1050	105	7689.84	41.608	41.608	166.432	166.432	0 25873 2434.66 	28307.7	0.00255138	1.60353e-06	111.497	1050	111.497	0 7.46674e+06 4.96244e+06 	1.24292e+07	6.14017	6.5039	12399	666.612	0.145635	0	1.02	1.02
36.9	0.00204143	0.000514081	8230.69	1050	105	7709.45	41.6241	41.6241	166.497	166.497	0 26225.6 2456.94 	28682.5	0.00255551	1.57893e-06	109.964	1050	109.964	0 7.4921e+06 4.96358e+06 	1.24557e+07	6.10618	6.5039	12399	666.612	0.144119	0	1.02	1.02
37.05	0.002038	0.00052416	8397.93	1050	105	7876.53	41.6402	41.6402	166.561	166.561	0 25889 2402.37 	28291.3	0.00256216	1.55317e-06	108.451	1050	108.451	0 7.53241e+06 4.96476e+06 	1.24972e+07	6.13706	6.5039	12399	666.612	0.142373	0	1.02	1.02
37.2	0.00204181	0.000524343	8415.14	1050	105	7893.58	41.6561	41.6561	166.624	166.624	0 26239.9 2425.05 	28665	0.00256616	1.52939e-06	106.956	1050	106.956	0 7.55706e+06 4.96583e+06 	1.25229e+07	6.10271	6.5039	12399	666.612	0.140898	0	1.02	1.02
37.35	0.00203837	0.000534402	8582.47	1050	105	8060.76	41.6718	41.6718	166.687	166.687	0 25905.9 2371.8 	28277.7	0.00257277	1.50442e-06	105.481	1050	105.481	0 7.59725e+06 4.96694e+06 	1.25642e+07	6.13371	6.5039	12399	666.612	0.139189	0	1.02	1.02
37.5	0.00204223	0.000534417	8597.12	1050	105	8075.25	41.6875	41.6875	166.75	166.75	0 26255.5 2394.87 	28650.3	0.00257665	1.48142e-06	104.024	1050	104.024	0 7.6212e+06 4.96794e+06 	1.25891e+07	6.09896	6.5039	12399	666.612	0.137755	0	1.02	1.02
37.65	0.00203876	0.000544456	8764.51	1050	105	8242.48	41.703	41.703	166.812	166.812	0 25923.8 2342.81 	28266.6	0.00258322	1.45723e-06	102.586	1050	102.586	0 7.66125e+06 4.96898e+06 	1.26302e+07	6.13014	6.5039	12399	666.612	0.136082	0	1.02	1.02
37.8	0.00204268	0.000544303	8776.6	1050	105	8254.41	41.7184	41.7184	166.874	166.874	0 26272 2366.28 	28638.3	0.00258698	1.43498e-06	101.166	1050	101.166	0 7.68453e+06 4.96992e+06 	1.26544e+07	6.09497	6.5039	12399	666.612	0.134688	0	1.02	1.02
37.95	0.00203918	0.000554322	8944	1050	105	8421.66	41.7337	41.7337	166.935	166.935	0 25942.4 2315.3 	28257.7	0.00259351	1.41155e-06	99.7649	1050	99.7649	0 7.72439e+06 4.97089e+06 	1.26953e+07	6.12635	6.5039	12399	666.612	0.13305	0	1.02	1.02
38.1	0.00204315	0.000554002	8953.54	1050	105	8431.05	41.7489	41.7489	166.995	166.995	0 26289.5 2339.17 	28628.6	0.00259715	1.39003e-06	98.3813	1050	98.3813	0 7.74703e+06 4.97177e+06 	1.27188e+07	6.09073	6.5039	12399	666.612	0.131696	0	1.02	1.02
38.25	0.00203963	0.000564001	9120.92	1050	105	8598.28	41.7639	41.7639	167.056	167.056	0 25961.6 2289.17 	28250.8	0.00260363	1.36733e-06	97.0155	1050	97.0155	0 7.78668e+06 4.97269e+06 	1.27594e+07	6.12235	6.5039	12399	666.612	0.130093	0	1.02	1.02
38.4	0.00204365	0.000563516	9127.92	1050	105	8605.13	41.7789	41.7789	167.115	167.115	0 26307.6 2313.44 	28621.1	0.00260717	1.3465e-06	95.6674	1050	95.6674	0 7.80869e+06 4.97351e+06 	1.27822e+07	6.08627	6.5039	12399	666.612	0.128779	0	1.02	1.02
38.55	0.00204009	0.000573493	9295.25	1050	105	8772.31	41.7937	41.7937	167.175	167.175	0 25981.3 2264.32 	28245.7	0.00261358	1.32452e-06	94.3366	1050	94.3366	0 7.8481e+06 4.97437e+06 	1.28225e+07	6.11817	6.5039	12399	666.612	0.127209	0	1.02	1.02
38.7	0.00204417	0.000572844	9299.72	1050	105	8776.64	41.8084	41.8084	167.234	167.234	0 26326.5 2289 	28615.5	0.00261702	1.30437e-06	93.0231	1050	93.0231	0 7.86951e+06 4.97514e+06 	1.28447e+07	6.08159	6.5039	12399	666.612	0.125935	0	1.02	1.02
38.85	0.00204058	0.000582801	9466.98	1050	105	8943.75	41.823	41.823	167.292	167.292	0 26001.5 2240.66 	28242.1	0.00262338	1.28307e-06	91.7266	1050	91.7266	0 7.90866e+06 4.97595e+06 	1.28846e+07	6.1138	6.5039	12399	666.612	0.124397	0	1.02	1.02
39	0.00204472	0.000581989	9468.94	1050	105	8945.57	41.8375	41.8375	167.35	167.35	0 26345.8 2265.76 	28611.6	0.00262671	1.26358e-06	90.447	1050	90.447	0 7.92948e+06 4.97667e+06 	1.29062e+07	6.0767	6.5039	12399	666.612	0.123162	0	1.02	1.02
39.15	0.00204108	0.000591926	9636.1	1050	105	9112.58	41.8519	41.8519	167.407	167.407	0 26021.9 2218.13 	28240	0.00263301	1.24296e-06	89.184	1050	89.184	0 7.96835e+06 4.97743e+06 	1.29458e+07	6.10927	6.5039	12399	666.612	0.121655	0	1.02	1.02
39.3	0.00204529	0.000590952	9635.57	1050	105	9111.91	41.8661	41.8661	167.464	167.464	0 26365.6 2243.64 	28609.2	0.00263624	1.22408e-06	87.9375	1050	87.9375	0 7.98862e+06 4.97811e+06 	1.29667e+07	6.07162	6.5039	12399	666.612	0.120459	0	1.02	1.02
39.45	0.0020416	0.00060087	9802.61	1050	105	9278.8	41.8803	41.8803	167.521	167.521	0 26042.5 2196.64 	28239.1	0.00264248	1.20412e-06	86.7073	1050	86.7073	0 8.02717e+06 4.97882e+06 	1.3006e+07	6.10457	6.5039	12399	666.612	0.118983	0	1.02	1.02
39.6	0.00204588	0.000599736	9799.61	1050	105	9275.66	41.8944	41.8944	167.577	167.577	0 26385.6 2222.57 	28608.2	0.00264562	1.18585e-06	85.4933	1050	85.4933	0 8.04691e+06 4.97946e+06 	1.30264e+07	6.06636	6.5039	12399	666.612	0.117825	0	1.02	1.02
39.75	0.00204215	0.000609635	9966.5	1050	105	9442.42	41.9083	41.9083	167.633	167.633	0 26063.2 2176.13 	28239.3	0.00265178	1.16652e-06	84.2951	1050	84.2951	0 8.08512e+06 4.98012e+06 	1.30652e+07	6.09973	6.5039	12399	666.612	0.116379	0	1.02	1.02
39.9	0.00204649	0.000608342	9961.05	1050	105	9436.83	41.9222	41.9222	167.689	167.689	0 26405.9 2202.49 	28608.4	0.00265484	1.14884e-06	83.1128	1050	83.1128	0 8.10436e+06 4.98072e+06 	1.30851e+07	6.06092	6.5039	12399	666.612	0.115259	0	1.02	1.02
40.05	0.0020427	0.000618223	10127.8	1050	105	9603.43	41.9359	41.9359	167.744	167.744	0 26083.9 2156.54 	28240.5	0.00266092	1.13013e-06	81.946	1050	81.946	0 8.14222e+06 4.98134e+06 	1.31236e+07	6.09475	6.5039	12399	666.612	0.113842	0	1.02	1.02
40.2	0.00204712	0.000616773	10119.9	1050	105	9595.42	41.9496	41.9496	167.798	167.798	0 26426.4 2183.34 	28609.7	0.0026639	1.11301e-06	80.7946	1050	80.7946	0 8.16097e+06 4.9819e+06 	1.31429e+07	6.05533	6.5039	12399	666.612	0.112759	0	1.02	1.02
40.35	0.00204327	0.000626637	10286.5	1050	105	9761.84	41.9632	41.9632	167.853	167.853	0 26104.6 2137.81 	28242.4	0.00266991	1.09489e-06	79.6584	1050	79.6584	0 8.19845e+06 4.98249e+06 	1.31809e+07	6.08963	6.5039	12399	666.612	0.11137	0	1.02	1.02
40.5	0.00204777	0.00062503	10276.2	1050	105	9751.44	41.9766	41.9766	167.906	167.906	0 26446.8 2165.05 	28611.9	0.0026728	1.07831e-06	78.5373	1050	78.5373	0 8.21674e+06 4.98301e+06 	1.31998e+07	6.04958	6.5039	12399	666.612	0.110324	0	1.02	1.02
40.65	0.00204386	0.000634878	10442.6	1050	105	9917.68	41.99	41.99	167.96	167.96	0 26125.2 2119.89 	28245.1	0.00267874	1.06077e-06	77.4311	1050	77.4311	0 8.25383e+06 4.98356e+06 	1.32374e+07	6.0844	6.5039	12399	666.612	0.108962	0	1.02	1.02
40.8	0.00204844	0.000633118	10429.9	1050	105	9904.91	42.0033	42.0033	168.013	168.013	0 26467.3 2147.58 	28614.9	0.00268156	1.04473e-06	76.3396	1050	76.3396	0 8.27168e+06 4.98405e+06 	1.32557e+07	6.04368	6.5039	12399	666.612	0.107952	0	1.02	1.02
40.95	0.00204446	0.000642951	10596.1	1050	105	10071	42.0165	42.0165	168.066	168.066	0 26145.6 2102.73 	28248.3	0.00268741	1.02775e-06	75.2626	1050	75.2626	0 8.30835e+06 4.98457e+06 	1.32929e+07	6.07905	6.5039	12399	666.612	0.106616	0	1.02	1.02
41.1	0.00204912	0.000641038	10581.1	1050	105	10055.8	42.0296	42.0296	168.118	168.118	0 26487.7 2130.87 	28618.5	0.00269016	1.0122e-06	74.1999	1050	74.1999	0 8.3258e+06 4.98503e+06 	1.33108e+07	6.03766	6.5039	12399	666.612	0.105643	0	1.02	1.02
41.25	0.00204507	0.000650857	10747.1	1050	105	10221.7	42.0426	42.0426	168.17	168.17	0 26165.7 2086.28 	28252	0.00269593	9.9577e-07	73.1515	1050	73.1515	0 8.36204e+06 4.98551e+06 	1.33476e+07	6.0736	6.5039	12399	666.612	0.104332	0	1.02	1.02
41.4	0.00204982	0.000648793	10729.8	1050	105	10204.3	42.0555	42.0555	168.222	168.222	0 26507.9 2114.89 	28622.7	0.00269861	9.80716e-07	72.1171	1050	72.1171	0 8.3791e+06 4.98595e+06 	1.3365e+07	6.03151	6.5039	12399	666.612	0.103395	0	1.02	1.02
41.55	0.00204569	0.0006586	10895.6	1050	105	10369.9	42.0684	42.0684	168.273	168.273	0 26185.4 2070.51 	28256	0.00270429	9.64809e-07	71.0966	1050	71.0966	0 8.41489e+06 4.9864e+06 	1.34013e+07	6.06805	6.5039	12399	666.612	0.102109	0	1.02	1.02
41.7	0.00205053	0.000656387	10876	1050	105	10350.2	42.0811	42.0811	168.324	168.324	0 26527.8 2099.58 	28627.4	0.00270691	9.50228e-07	70.0897	1050	70.0897	0 8.43159e+06 4.98681e+06 	1.34184e+07	6.02524	6.5039	12399	666.612	0.101206	0	1.02	1.02
41.85	0.00204633	0.000666183	11041.6	1050	105	10515.6	42.0938	42.0938	168.375	168.375	0 26204.9 2055.37 	28260.2	0.00271251	9.34832e-07	69.0964	1050	69.0964	0 8.46691e+06 4.98723e+06 	1.34541e+07	6.06241	6.5039	12399	666.612	0.0999437	0	1.02	1.02
42	0.00205125	0.000663822	11019.7	1050	105	10493.7	42.1064	42.1064	168.425	168.425	0 26547.5 2084.92 	28632.4	0.00271507	9.20707e-07	68.1165	1050	68.1165	0 8.48328e+06 4.98762e+06 	1.34709e+07	6.01886	6.5039	12399	666.612	0.0990758	0	1.02	1.02
42.15	0.00204697	0.000673608	11185.1	1050	105	10658.9	42.1189	42.1189	168.476	168.476	0 26223.8 2040.82 	28264.7	0.00272058	9.05806e-07	67.1498	1050	67.1498	0 8.51812e+06 4.98801e+06 	1.35061e+07	6.0567	6.5039	12399	666.612	0.0978361	0	1.02	1.02
42.3	0.002018	0.000738201	12274.7	1050	105	11747.8	42.1893	42.1893	168.757	168.757	0 23455.1 1783.41 	25238.5	0.0027562	8.81408e-07	66.1962	1050	66.1962	0 8.74346e+06 4.98865e+06 	1.37321e+07	6.32134	6.5039	12399	666.612	0.0959046	0	1.02	1.02
42.45	0.00202754	0.000717066	11918.2	1050	105	11391.3	42.1907	42.1907	168.763	168.763	0 24508.5 1861 	26369.5	0.00274461	8.72552e-07	65.2554	1050	65.2554	0 8.67019e+06 4.98888e+06 	1.36591e+07	6.2325	6.5039	12399	666.612	0.0950862	0	1.02	1.02
42.6	0.00203088	0.000713488	11866.4	1050	105	11339.5	42.1966	42.1966	168.786	168.786	0 24840.9 1881.69 	26722.6	0.00274437	8.60218e-07	64.3274	1050	64.3274	0 8.66899e+06 4.98919e+06 	1.36582e+07	6.20175	6.5039	12399	666.612	0.0941577	0	1.02	1.02
42.75	0.00203949	0.000700722	11664.9	1050	105	11137.9	42.2025	42.2025	168.81	168.81	0 25612.8 1945.17 	27558	0.00274021	8.49267e-07	63.412	1050	63.412	0 8.64291e+06 4.98946e+06 	1.36324e+07	6.12361	6.5039	12399	666.612	0.0934343	0	1.02	1.02
42.9	0.00203994	0.000703838	11726.7	1050	105	11199.6	42.2114	42.2114	168.846	168.846	0 25642.1 1940.23 	27582.4	0.00274378	8.36085e-07	62.509	1050	62.509	0 8.66577e+06 4.98979e+06 	1.36556e+07	6.1195	6.5039	12399	666.612	0.0924561	0	1.02	1.02
43.05	0.00204739	0.00069609	11614.9	1050	105	11087.7	42.2202	42.2202	168.881	168.881	0 26209.4 1990.67 	28200	0.00274348	8.24263e-07	61.6183	1050	61.6183	0 8.66413e+06 4.99007e+06 	1.36542e+07	6.05294	6.5039	12399	666.612	0.091768	0	1.02	1.02
43.2	0.00204537	0.000702914	11735.6	1050	105	11208.3	42.2308	42.2308	168.923	168.923	0 26046.2 1966.13 	28012.4	0.00274829	8.11092e-07	60.7397	1050	60.7397	0 8.69481e+06 4.99039e+06 	1.36852e+07	6.07089	6.5039	12399	666.612	0.0907182	0	1.02	1.02
43.35	0.00205184	0.000697802	11669.3	1050	105	11141.9	42.2412	42.2412	168.965	168.965	0 26490.9 2007.13 	28498.1	0.00274964	7.99127e-07	59.8731	1050	59.8731	0 8.70363e+06 4.99067e+06 	1.36943e+07	6.01367	6.5039	12399	666.612	0.0900387	0	1.02	1.02
43.5	0.00204831	0.000706388	11816.6	1050	105	11289.1	42.2524	42.2524	169.01	169.01	0 26229.3 1971.49 	28200.8	0.00275469	7.86276e-07	59.0183	1050	59.0183	0 8.73593e+06 4.99097e+06 	1.37269e+07	6.04485	6.5039	12399	666.612	0.0889457	0	1.02	1.02
43.65	0.00201912	0.000771496	12923.8	1050	105	12395.6	42.3205	42.3205	169.282	169.282	0 23558.8 1725.74 	25284.5	0.00279062	7.65072e-07	58.1752	1050	58.1752	0 8.96588e+06 4.99145e+06 	1.39573e+07	6.31078	6.5039	12399	666.612	0.087086	0	1.02	1.02
43.8	0.00202929	0.000748372	12529.2	1050	105	12001	42.3205	42.3205	169.282	169.282	0 24628.1 1805.18 	26433.3	0.00277766	7.57654e-07	57.3437	1050	57.3437	0 8.8829e+06 4.99161e+06 	1.38745e+07	6.21638	6.5039	12399	666.612	0.0864144	0	1.02	1.02
43.95	0.00203295	0.000743872	12461.2	1050	105	11932.9	42.3254	42.3254	169.302	169.302	0 24970 1827.84 	26797.8	0.00277682	7.47045e-07	56.5236	1050	56.5236	0 8.87773e+06 4.99185e+06 	1.38696e+07	6.18286	6.5039	12399	666.612	0.0856172	0	1.02	1.02
44.1	0.0020423	0.000729873	12238.6	1050	105	11710.3	42.3303	42.3303	169.321	169.321	0 25752.6 1894.22 	27646.8	0.00277218	7.3759e-07	55.7147	1050	55.7147	0 8.84819e+06 4.99205e+06 	1.38402e+07	6.09832	6.5039	12399	666.612	0.0850545	0	1.02	1.02
44.25	0.00204275	0.000732738	12296.3	1050	105	11767.9	42.3385	42.3385	169.354	169.354	0 25776.3 1889.9 	27666.2	0.00277549	7.26163e-07	54.9169	1050	54.9169	0 8.86956e+06 4.9923e+06 	1.38619e+07	6.09433	6.5039	12399	666.612	0.0841898	0	1.02	1.02
44.4	0.00201835	0.000792694	13333.2	1050	105	12804.2	42.4024	42.4024	169.61	169.61	0 23458.3 1685.35 	25143.7	0.00281104	7.06709e-07	54.1301	1050	54.1301	0 9.09879e+06 4.9927e+06 	1.40915e+07	6.31802	6.5039	12399	666.612	0.0825966	0	1.02	1.02
44.55	0.00202895	0.000767403	12896.9	1050	105	12367.9	42.4011	42.4011	169.605	169.605	0 24566 1767.07 	26333.1	0.00279636	7.00237e-07	53.3542	1050	53.3542	0 9.00401e+06 4.99284e+06 	1.39968e+07	6.21947	6.5039	12399	666.612	0.0819921	0	1.02	1.02
44.7	0.00203307	0.000761535	12804.6	1050	105	12275.5	42.4052	42.4052	169.621	169.621	0 24946 1793.2 	26739.2	0.0027946	6.90628e-07	52.5889	1050	52.5889	0 8.99288e+06 4.99303e+06 	1.39859e+07	6.18178	6.5039	12399	666.612	0.081268	0	1.02	1.02
44.85	0.00204297	0.000746201	12558.3	1050	105	12029.3	42.4091	42.4091	169.637	169.637	0 25758.5 1862.57 	27621	0.00278917	6.82043e-07	51.8342	1050	51.8342	0 8.95808e+06 4.9932e+06 	1.39513e+07	6.09232	6.5039	12399	666.612	0.0807886	0	1.02	1.02
45	0.0020437	0.000748449	12605.8	1050	105	12076.6	42.4168	42.4168	169.667	169.667	0 25801.6 1860.73 	27662.3	0.00279215	6.71535e-07	51.09	1050	51.09	0 8.97738e+06 4.99341e+06 	1.39708e+07	6.08584	6.5039	12399	666.612	0.0799928	0	1.02	1.02
45.15	0.00201906	0.000808573	13649	1050	105	13119.2	42.4795	42.4795	169.918	169.918	0 23518.5 1659.66 	25178.1	0.00282763	6.53585e-07	50.356	1050	50.356	0 9.20743e+06 4.99376e+06 	1.42012e+07	6.31139	6.5039	12399	666.612	0.078427	0	1.02	1.02
45.3	0.00203003	0.00078227	13193.1	1050	105	12663.3	42.4776	42.4776	169.91	169.91	0 24634.8 1742.47 	26377.2	0.0028123	6.47704e-07	49.6322	1050	49.6322	0 9.10787e+06 4.99387e+06 	1.41017e+07	6.20963	6.5039	12399	666.612	0.0778976	0	1.02	1.02
45.45	0.00203431	0.000775971	13093	1050	105	12563.2	42.4812	42.4812	169.925	169.925	0 25017.8 1769.46 	26787.3	0.00281028	6.38847e-07	48.9184	1050	48.9184	0 9.09498e+06 4.99404e+06 	1.4089e+07	6.17045	6.5039	12399	666.612	0.077239	0	1.02	1.02
45.6	0.00204469	0.000760029	12836.7	1050	105	12306.9	42.4846	42.4846	169.939	169.939	0 25836.6 1840.66 	27677.3	0.00280471	6.30906e-07	48.2146	1050	48.2146	0 9.05907e+06 4.99418e+06 	1.40533e+07	6.07702	6.5039	12399	666.612	0.0768453	0	1.02	1.02
45.75	0.00204537	0.000762228	12883.3	1050	105	12353.4	42.492	42.492	169.968	169.968	0 25873.4 1838.74 	27712.2	0.0028076	6.21187e-07	47.5205	1050	47.5205	0 9.07784e+06 4.99436e+06 	1.40722e+07	6.07094	6.5039	12399	666.612	0.0761028	0	1.02	1.02
45.9	0.00201993	0.000823083	13940.5	1050	105	13410	42.5539	42.5539	170.216	170.216	0 23590.4 1636.95 	25227.4	0.00284301	6.04617e-07	46.8361	1050	46.8361	0 9.30866e+06 4.99466e+06 	1.43033e+07	6.30324	6.5039	12399	666.612	0.0745338	0	1.02	1.02
46.05	0.00203127	0.000795913	13467.9	1050	105	12937.4	42.5514	42.5514	170.206	170.206	0 24713.1 1720.85 	26434	0.00282718	5.9924e-07	46.1612	1050	46.1612	0 9.20535e+06 4.99475e+06 	1.42001e+07	6.19821	6.5039	12399	666.612	0.0740788	0	1.02	1.02
46.2	0.0020357	0.000789311	13362.4	1050	105	12831.9	42.5546	42.5546	170.218	170.218	0 25095.4 1748.43 	26843.8	0.00282502	5.91055e-07	45.4957	1050	45.4957	0 9.19134e+06 4.9949e+06 	1.41862e+07	6.15781	6.5039	12399	666.612	0.0734823	0	1.02	1.02
46.35	0.00201757	0.000840602	14274.7	1050	105	13743.6	42.6111	42.6111	170.444	170.444	0 23314.9 1600.8 	24915.7	0.00285817	5.75775e-07	44.8395	1050	44.8395	0 9.40866e+06 4.99516e+06 	1.44038e+07	6.32535	6.5039	12399	666.612	0.0722671	0	1.02	1.02
46.5	0.00202922	0.000810563	13745.6	1050	105	13214.5	42.6071	42.6071	170.428	170.428	0 24495.9 1687.09 	26183	0.00283978	5.71141e-07	44.1925	1050	44.1925	0 9.28799e+06 4.99523e+06 	1.42832e+07	6.21704	6.5039	12399	666.612	0.0718283	0	1.02	1.02
46.65	0.00203428	0.000801839	13601.5	1050	105	13070.5	42.6092	42.6092	170.437	170.437	0 24944.6 1719.65 	26664.2	0.00283612	5.63624e-07	43.5545	1050	43.5545	0 9.26414e+06 4.99536e+06 	1.42595e+07	6.17074	6.5039	12399	666.612	0.0712749	0	1.02	1.02
46.8	0.00201738	0.000851072	14482.4	1050	105	13950.8	42.6641	42.6641	170.656	170.656	0 23274.8 1582.92 	24857.7	0.00286845	5.49224e-07	42.9254	1050	42.9254	0 9.47684e+06 4.99559e+06 	1.44724e+07	6.32714	6.5039	12399	666.612	0.0701327	0	1.02	1.02
46.95	0.00202926	0.000819918	13931.2	1050	105	13399.6	42.6595	42.6595	170.638	170.638	0 24472.6 1670.19 	26142.8	0.00284918	5.44949e-07	42.3052	1050	42.3052	0 9.34993e+06 4.99566e+06 	1.43456e+07	6.21664	6.5039	12399	666.612	0.0697284	0	1.02	1.02
47.1	0.00203454	0.000810512	13774.6	1050	105	13243	42.6612	42.6612	170.645	170.645	0 24937.2 1704.17 	26641.4	0.00284506	5.37851e-07	41.6936	1050	41.6936	0 9.32297e+06 4.99577e+06 	1.43187e+07	6.16835	6.5039	12399	666.612	0.0692112	0	1.02	1.02
47.25	0.00201774	0.000859381	14650.9	1050	105	14118.7	42.7154	42.7154	170.862	170.862	0 23296.1 1570.04 	24866.2	0.00287712	5.24166e-07	41.0907	1050	41.0907	0 9.53455e+06 4.99599e+06 	1.45305e+07	6.32373	6.5039	12399	666.612	0.0680929	0	1.02	1.02
47.4	0.00202984	0.000827591	14087	1050	105	13554.9	42.7104	42.7104	170.842	170.842	0 24500.4 1657.99 	26158.4	0.00285744	5.20142e-07	40.4961	1050	40.4961	0 9.40452e+06 4.99605e+06 	1.44006e+07	6.21129	6.5039	12399	666.612	0.0677274	0	1.02	1.02
47.55	0.00203525	0.0008179	13925.3	1050	105	13393.1	42.7119	42.7119	170.847	170.847	0 24968 1692.51 	26660.5	0.00285315	5.13383e-07	39.91	1050	39.91	0 9.3764e+06 4.99615e+06 	1.43726e+07	6.16194	6.5039	12399	666.612	0.0672448	0	1.02	1.02
47.7	0.00201825	0.00086686	14804	1050	105	14271.3	42.7655	42.7655	171.062	171.062	0 23333.6 1558.8 	24892.4	0.00288511	5.00347e-07	39.3321	1050	39.3321	0 9.58784e+06 4.99634e+06 	1.45842e+07	6.31899	6.5039	12399	666.612	0.0661366	0	1.02	1.02
47.85	0.00203057	0.000834574	14230.4	1050	105	13697.8	42.7602	42.7602	171.041	171.041	0 24541.8 1647.37 	26189.2	0.00286515	4.96534e-07	38.7623	1050	38.7623	0 9.45563e+06 4.9964e+06 	1.4452e+07	6.20462	6.5039	12399	666.612	0.065811	0	1.02	1.02
48	0.00203607	0.000824718	14065.7	1050	105	13533	42.7615	42.7615	171.046	171.046	0 25008.8 1682.21 	26691	0.00286079	4.90084e-07	38.2006	1050	38.2006	0 9.42698e+06 4.99649e+06 	1.44235e+07	6.15446	6.5039	12399	666.612	0.0653618	0	1.02	1.02
48.15	0.00201878	0.000873894	14948.8	1050	105	14415.6	42.8147	42.8147	171.259	171.259	0 23374.6 1548.25 	24922.9	0.00289268	4.77656e-07	37.6467	1050	37.6467	0 9.63848e+06 4.99667e+06 	1.46351e+07	6.31397	6.5039	12399	666.612	0.0642588	0	1.02	1.02
48.3	0.00203133	0.00084116	14366.5	1050	105	13833.4	42.8091	42.8091	171.236	171.236	0 24586.3 1637.45 	26223.8	0.00287249	4.74036e-07	37.1007	1050	37.1007	0 9.50445e+06 4.99672e+06 	1.45012e+07	6.19764	6.5039	12399	666.612	0.0639728	0	1.02	1.02
48.45	0.00203693	0.000831179	14199.5	1050	105	13666.4	42.8102	42.8102	171.241	171.241	0 25051.7 1672.56 	26724.3	0.0028681	4.67873e-07	36.5624	1050	36.5624	0 9.47549e+06 4.9968e+06 	1.44723e+07	6.14674	6.5039	12399	666.612	0.0635561	0	1.02	1.02
48.6	0.00201932	0.000880604	15087.4	1050	105	14553.8	42.863	42.863	171.452	171.452	0 23415.7 1538.12 	24953.8	0.00289992	4.56025e-07	36.0317	1050	36.0317	0 9.68705e+06 4.99696e+06 	1.4684e+07	6.30895	6.5039	12399	666.612	0.0624559	0	1.02	1.02
48.75	0.0020321	0.00084744	14496.8	1050	105	13963.2	42.8572	42.8572	171.429	171.429	0 24630.9 1627.98 	26258.9	0.00287954	4.52584e-07	35.5086	1050	35.5086	0 9.55138e+06 4.99701e+06 	1.45484e+07	6.19062	6.5039	12399	666.612	0.0622091	0	1.02	1.02
48.9	0.00203778	0.000837353	14328	1050	105	13794.4	42.8581	42.8581	171.432	171.432	0 25094.4 1663.33 	26757.8	0.00287514	4.46694e-07	34.9928	1050	34.9928	0 9.52222e+06 4.99708e+06 	1.45193e+07	6.13899	6.5039	12399	666.612	0.0618242	0	1.02	1.02
49.05	0.00201984	0.000887034	15220.7	1050	105	14686.6	42.9105	42.9105	171.642	171.642	0 23455.6 1528.3 	24984	0.00290688	4.35398e-07	34.4843	1050	34.4843	0 9.7338e+06 4.99723e+06 	1.4731e+07	6.304	6.5039	12399	666.612	0.060725	0	1.02	1.02
49.2	0.00203287	0.000853453	14622.1	1050	105	14088	42.9044	42.9044	171.618	171.618	0 24674.5 1618.86 	26293.4	0.00288632	4.32125e-07	33.9831	1050	33.9831	0 9.5966e+06 4.99727e+06 	1.45939e+07	6.18364	6.5039	12399	666.612	0.0605168	0	1.02	1.02
49.35	0.00203863	0.000843272	14451.6	1050	105	13917.6	42.9052	42.9052	171.621	171.621	0 25136.1 1654.45 	26790.6	0.00288191	4.26494e-07	33.4889	1050	33.4889	0 9.56733e+06 4.99734e+06 	1.45647e+07	6.13129	6.5039	12399	666.612	0.0601628	0	1.02	1.02
49.5	0.00202036	0.000893207	15349.1	1050	105	14814.5	42.9573	42.9573	171.829	171.829	0 23494.1 1518.76 	25012.9	0.00291357	4.15724e-07	33.0018	1050	33.0018	0 9.77885e+06 4.99748e+06 	1.47763e+07	6.29916	6.5039	12399	666.612	0.0590631	0	1.02	1.02
49.65	0.00203362	0.000859218	14742.6	1050	105	14208.1	42.9509	42.9509	171.804	171.804	0 24716.9 1610.05 	26327	0.00289284	4.1261e-07	32.5216	1050	32.5216	0 9.64021e+06 4.99751e+06 	1.46377e+07	6.17673	6.5039	12399	666.612	0.0588931	0	1.02	1.02
49.8	0.00203948	0.000848954	14570.8	1050	105	14036.3	42.9515	42.9515	171.806	171.806	0 25176.5 1645.87 	26822.4	0.00288844	4.07225e-07	32.0482	1050	32.0482	0 9.61091e+06 4.99758e+06 	1.46085e+07	6.12366	6.5039	12399	666.612	0.0585692	0	1.02	1.02
49.95	0.00202087	0.000899141	15472.8	1050	105	14937.8	43.0033	43.0033	172.013	172.013	0 23531 1509.47 	25040.5	0.00292001	3.96957e-07	31.5816	1050	31.5816	0 9.8223e+06 4.9977e+06 	1.482e+07	6.29443	6.5039	12399	666.612	0.0574677	0	1.02	1.02
50.1	0.00203438	0.000864753	14858.8	1050	105	14323.8	42.9966	42.9966	171.987	171.987	0 24757.9 1601.51 	26359.4	0.00289913	3.93993e-07	31.1216	1050	31.1216	0 9.68231e+06 4.99773e+06 	1.468e+07	6.16989	6.5039	12399	666.612	0.0573353	0	1.02	1.02
50.25	0.00204032	0.000854413	14685.8	1050	105	14150.8	42.9971	42.9971	171.988	171.988	0 25215.5 1637.56 	26853	0.00289473	3.88842e-07	30.6681	1050	30.6681	0 9.65303e+06 4.99779e+06 	1.46508e+07	6.11609	6.5039	12399	666.612	0.0570407	0	1.02	1.02
50.4	0.00202136	0.00090485	15592.1	1050	105	15056.6	43.0486	43.0486	172.194	172.194	0 23566.1 1500.41 	25066.5	0.00292621	3.79053e-07	30.2211	1050	30.2211	0 9.86423e+06 4.9979e+06 	1.48621e+07	6.2898	6.5039	12399	666.612	0.0559361	0	1.02	1.02
50.55	0.00203512	0.000870069	14970.8	1050	105	14435.3	43.0417	43.0417	172.167	172.167	0 24797.3 1593.21 	26390.5	0.00290519	3.7623e-07	29.7805	1050	29.7805	0 9.72298e+06 4.99793e+06 	1.47209e+07	6.16312	6.5039	12399	666.612	0.0558408	0	1.02	1.02
50.7	0.00204116	0.000859661	14796.7	1050	105	14261.3	43.042	43.042	172.168	172.168	0 25252.9 1629.5 	26882.4	0.00290082	3.71302e-07	29.3462	1050	29.3462	0 9.69378e+06 4.99799e+06 	1.46918e+07	6.10861	6.5039	12399	666.612	0.0555747	0	1.02	1.02
50.85	0.00202185	0.000910345	15707.3	1050	105	15171.4	43.0932	43.0932	172.373	172.373	0 23599.4 1491.54 	25091	0.00293219	3.61971e-07	28.9181	1050	28.9181	0 9.90471e+06 4.99809e+06 	1.49028e+07	6.28529	6.5039	12399	666.612	0.0544657	0	1.02	1.02
51	0.00203586	0.000875178	15078.7	1050	105	14542.9	43.0861	43.0861	172.344	172.344	0 24835.1 1585.15 	26420.2	0.00291103	3.59282e-07	28.4961	1050	28.4961	0 9.76228e+06 4.99811e+06 	1.47604e+07	6.15644	6.5039	12399	666.612	0.054407	0	1.02	1.02
51.15	0.00204198	0.000864711	14903.8	1050	105	14367.9	43.0863	43.0863	172.345	172.345	0 25288.7 1621.67 	26910.4	0.00290669	3.54567e-07	28.0801	1050	28.0801	0 9.73321e+06 4.99816e+06 	1.47314e+07	6.10121	6.5039	12399	666.612	0.0541686	0	1.02	1.02
51.3	0.00202232	0.000915638	15818.5	1050	105	15282.2	43.1372	43.1372	172.549	172.549	0 23631 1482.87 	25113.9	0.00293796	3.45672e-07	27.6701	1050	27.6701	0 9.94382e+06 4.99825e+06 	1.49421e+07	6.28088	6.5039	12399	666.612	0.0530542	0	1.02	1.02
51.45	0.00203658	0.000880092	15182.9	1050	105	14646.6	43.1298	43.1298	172.519	172.519	0 24871.3 1577.29 	26448.6	0.00291668	3.43109e-07	27.266	1050	27.266	0 9.80028e+06 4.99828e+06 	1.47986e+07	6.14983	6.5039	12399	666.612	0.0530315	0	1.02	1.02
51.6	0.0020428	0.000869572	15007.2	1050	105	14470.9	43.13	43.13	172.52	172.52	0 25322.9 1614.05 	26936.9	0.00291237	3.38596e-07	26.8677	1050	26.8677	0 9.77138e+06 4.99833e+06 	1.47697e+07	6.0939	6.5039	12399	666.612	0.0528201	0	1.02	1.02
51.75	0.00202278	0.000920738	15926	1050	105	15389.2	43.1806	43.1806	172.722	172.722	0 23660.7 1474.37 	25135.1	0.00294352	3.30118e-07	26.475	1050	26.475	0 9.98161e+06 4.99841e+06 	1.498e+07	6.27658	6.5039	12399	666.612	0.051699	0	1.02	1.02
51.9	0.0020373	0.000884821	15283.5	1050	105	14746.8	43.173	43.173	172.692	172.692	0 24905.8 1569.63 	26475.4	0.00292212	3.27674e-07	26.088	1050	26.088	0 9.83703e+06 4.99843e+06 	1.48355e+07	6.14332	6.5039	12399	666.612	0.0517119	0	1.02	1.02
52.05	0.0020436	0.000874254	15107.2	1050	105	14570.5	43.173	43.173	172.692	172.692	0 25355.4 1606.61 	26962	0.00291786	3.23355e-07	25.7066	1050	25.7066	0 9.80835e+06 4.99847e+06 	1.48068e+07	6.08668	6.5039	12399	666.612	0.0515267	0	1.02	1.02
52.2	0.00202323	0.000925656	16029.8	1050	105	15492.6	43.2234	43.2234	172.894	172.894	0 23688.7 1466.02 	25154.7	0.00294889	3.15274e-07	25.3306	1050	25.3306	0 1.00181e+07 4.99855e+06 	1.50167e+07	6.2724	6.5039	12399	666.612	0.0503981	0	1.02	1.02
52.35	0.00203801	0.000889373	15380.7	1050	105	14843.5	43.2156	43.2156	172.862	172.862	0 24938.6 1562.13 	26500.8	0.00292739	3.12943e-07	24.96	1050	24.96	0 9.87259e+06 4.99857e+06 	1.48712e+07	6.13689	6.5039	12399	666.612	0.050446	0	1.02	1.02
52.5	0.0020444	0.000878765	15203.8	1050	105	14666.7	43.2155	43.2155	172.862	172.862	0 25386.2 1599.34 	26985.6	0.00292317	3.08809e-07	24.5948	1050	24.5948	0 9.84416e+06 4.99861e+06 	1.48428e+07	6.07956	6.5039	12399	666.612	0.0502862	0	1.02	1.02
52.65	0.00202367	0.000930401	16130.2	1050	105	15592.5	43.2656	43.2656	173.062	173.062	0 23714.8 1457.82 	25172.6	0.00295407	3.01107e-07	24.2348	1050	24.2348	0 1.00535e+07 4.99868e+06 	1.50522e+07	6.26832	6.5039	12399	666.612	0.049149	0	1.02	1.02
52.8	0.00201627	0.000958069	16652.8	1050	105	16114.7	43.3049	43.3049	173.22	173.22	0 22959.1 1402.05 	24361.1	0.00297434	2.94677e-07	23.88	1050	23.88	0 1.0192e+07 4.99873e+06 	1.51907e+07	6.33758	6.5039	12399	666.612	0.0485898	0	1.02	1.02
52.95	0.00203092	0.00091469	15853.9	1050	105	15316	43.2939	43.2939	173.176	173.176	0 24325.8 1498.98 	25824.8	0.00294561	2.93194e-07	23.5303	1050	23.5303	0 9.996e+06 4.99874e+06 	1.49947e+07	6.20144	6.5039	12399	666.612	0.0485625	0	1.02	1.02
53.1	0.00203873	0.000898146	15564.3	1050	105	15026.4	43.2913	43.2913	173.165	173.165	0 24939 1546.56 	26485.6	0.00293688	2.89758e-07	23.1856	1050	23.1856	0 9.93682e+06 4.99877e+06 	1.49356e+07	6.13044	6.5039	12399	666.612	0.0484416	0	1.02	1.02
53.25	0.00202239	0.000943033	16382.2	1050	105	15843.9	43.3379	43.3379	173.352	173.352	0 23552.6 1433.94 	24986.6	0.00296542	2.82765e-07	22.8459	1050	22.8459	0 1.0131e+07 4.99883e+06 	1.51298e+07	6.28023	6.5039	12399	666.612	0.0475272	0	1.02	1.02
53.4	0.00203763	0.000904303	15683.5	1050	105	15145.2	43.3289	43.3289	173.316	173.316	0 24841.5 1531.83 	26373.3	0.00294194	2.80845e-07	22.5111	1050	22.5111	0 9.97114e+06 4.99885e+06 	1.497e+07	6.14034	6.5039	12399	666.612	0.0476224	0	1.02	1.02
53.55	0.0020446	0.000892161	15478.5	1050	105	14940.2	43.328	43.328	173.312	173.312	0 25327.9 1572.36 	26900.2	0.00293676	2.77216e-07	22.1812	1050	22.1812	0 9.93611e+06 4.99888e+06 	1.4935e+07	6.07778	6.5039	12399	666.612	0.0475246	0	1.02	1.02
53.7	0.00202427	0.000942618	16386	1050	105	15847.3	43.3769	43.3769	173.508	173.508	0 23717.9 1436.24 	25154.2	0.00296689	2.70379e-07	21.8559	1050	21.8559	0 1.01411e+07 4.99893e+06 	1.514e+07	6.26276	6.5039	12399	666.612	0.0464253	0	1.02	1.02
53.85	0.00201702	0.00096941	16893.3	1050	105	16354.1	43.4152	43.4152	173.661	173.661	0 22992.9 1382.82 	24375.7	0.00298643	2.6467e-07	21.5354	1050	21.5354	0 1.02752e+07 4.99898e+06 	1.52741e+07	6.33048	6.5039	12399	666.612	0.0458992	0	1.02	1.02
54	0.00203214	0.000925008	16073.9	1050	105	15534.8	43.4036	43.4036	173.614	173.614	0 24370.7 1480.97 	25851.6	0.00295714	2.63371e-07	21.2195	1050	21.2195	0 1.00746e+07 4.99899e+06 	1.50736e+07	6.19031	6.5039	12399	666.612	0.045936	0	1.02	1.02
54.15	0.00204022	0.000908125	15778.2	1050	105	15239.2	43.4006	43.4006	173.603	173.603	0 24985.5 1529.4 	26514.9	0.00294834	2.60282e-07	20.9082	1050	20.9082	0 1.00147e+07 4.99901e+06 	1.50137e+07	6.11702	6.5039	12399	666.612	0.0458715	0	1.02	1.02
54.3	0.00202336	0.000953221	16599.5	1050	105	16060	43.4467	43.4467	173.787	173.787	0 23598.4 1415.91 	25014.4	0.00297658	2.5403e-07	20.6014	1050	20.6014	0 1.02075e+07 4.99906e+06 	1.52065e+07	6.27124	6.5039	12399	666.612	0.0449518	0	1.02	1.02
54.45	0.00201685	0.000977839	17067.7	1050	105	16527.9	43.4838	43.4838	173.935	173.935	0 22944.9 1368.07 	24313	0.00299469	2.48788e-07	20.299	1050	20.299	0 1.03321e+07 4.9991e+06 	1.53312e+07	6.33209	6.5039	12399	666.612	0.0444649	0	1.02	1.02
54.6	0.00203219	0.000932313	16224.9	1050	105	15685.2	43.4717	43.4717	173.887	173.887	0 24337.2 1466.86 	25804	0.0029645	2.47632e-07	20.001	1050	20.001	0 1.01249e+07 4.9991e+06 	1.5124e+07	6.18981	6.5039	12399	666.612	0.044527	0	1.02	1.02
54.75	0.00204051	0.000914753	15916.3	1050	105	15376.7	43.4683	43.4683	173.873	173.873	0 24965.8 1516.42 	26482.2	0.00295526	2.44758e-07	19.7073	1050	19.7073	0 1.00618e+07 4.99912e+06 	1.5061e+07	6.11441	6.5039	12399	666.612	0.0444918	0	1.02	1.02
54.9	0.00202373	0.000959365	16729.5	1050	105	16189.4	43.5139	43.5139	174.055	174.055	0 23601.8 1404.76 	25006.6	0.0029831	2.38914e-07	19.4179	1050	19.4179	0 1.02523e+07 4.99917e+06 	1.52515e+07	6.26776	6.5039	12399	666.612	0.0435855	0	1.02	1.02
55.05	0.00201728	0.000983571	17190.4	1050	105	16649.9	43.5504	43.5504	174.202	174.202	0 22961.7 1357.9 	24319.6	0.00300086	2.34011e-07	19.1327	1050	19.1327	0 1.03748e+07 4.9992e+06 	1.5374e+07	6.32804	6.5039	12399	666.612	0.0431143	0	1.02	1.02
55.2	0.00203288	0.000937529	16337.2	1050	105	15796.8	43.538	43.538	174.152	174.152	0 24359.5 1457.36 	25816.9	0.00297041	2.32937e-07	18.8515	1050	18.8515	0 1.01653e+07 4.99921e+06 	1.51645e+07	6.18351	6.5039	12399	666.612	0.0432107	0	1.02	1.02
55.35	0.00204135	0.000919822	16026.1	1050	105	15485.8	43.5346	43.5346	174.138	174.138	0 24988.3 1507.34 	26495.6	0.00296117	2.3023e-07	18.5745	1050	18.5745	0 1.01021e+07 4.99923e+06 	1.51014e+07	6.1069	6.5039	12399	666.612	0.0432051	0	1.02	1.02
55.5	0.00202425	0.000964579	16841.4	1050	105	16300.6	43.5798	43.5798	174.319	174.319	0 23622.4 1395 	25017.4	0.00298883	2.24746e-07	18.3015	1050	18.3015	0 1.02918e+07 4.99926e+06 	1.52911e+07	6.26292	6.5039	12399	666.612	0.0422924	0	1.02	1.02
55.65	0.00201777	0.000988624	17299.4	1050	105	16758.3	43.616	43.616	174.464	174.464	0 22987.4 1348.51 	24335.9	0.0030064	2.20149e-07	18.0324	1050	18.0324	0 1.04131e+07 4.99929e+06 	1.54124e+07	6.32345	6.5039	12399	666.612	0.0418332	0	1.02	1.02
55.8	0.00203363	0.000942167	16438.1	1050	105	15897.1	43.6034	43.6034	174.414	174.414	0 24389.7 1448.64 	25838.4	0.0029758	2.19142e-07	17.7673	1050	17.7673	0 1.02023e+07 4.9993e+06 	1.52015e+07	6.17667	6.5039	12399	666.612	0.0419645	0	1.02	1.02
55.95	0.00204223	0.000924401	16126.3	1050	105	15585.3	43.5998	43.5998	174.399	174.399	0 25016.7 1498.94 	26515.7	0.00296663	2.16587e-07	17.506	1050	17.506	0 1.01395e+07 4.99931e+06 	1.51388e+07	6.09898	6.5039	12399	666.612	0.0419876	0	1.02	1.02
56.1	0.00202477	0.000969391	16945.2	1050	105	16403.7	43.6449	43.6449	174.579	174.579	0 23645 1385.59 	25030.6	0.00299416	2.11439e-07	17.2485	1050	17.2485	0 1.03286e+07 4.99935e+06 	1.53279e+07	6.25812	6.5039	12399	666.612	0.0410654	0	1.02	1.02
56.25	0.00201825	0.000993315	17401	1050	105	16859.2	43.6807	43.6807	174.723	174.723	0 23013.8 1339.36 	24353.1	0.00301156	2.07125e-07	16.9947	1050	16.9947	0 1.0449e+07 4.99937e+06 	1.54484e+07	6.319	6.5039	12399	666.612	0.0406171	0	1.02	1.02
56.4	0.00203436	0.000946477	16532.4	1050	105	15990.7	43.6678	43.6678	174.671	174.671	0 24420.5 1440.16 	25860.6	0.00298084	2.0618e-07	16.7447	1050	16.7447	0 1.02369e+07 4.99938e+06 	1.52363e+07	6.16998	6.5039	12399	666.612	0.0407826	0	1.02	1.02
56.55	0.00204309	0.000928674	16220.3	1050	105	15678.6	43.6642	43.6642	174.657	174.657	0 25045.4 1490.76 	26536.2	0.00297177	2.03766e-07	16.4982	1050	16.4982	0 1.01747e+07 4.99939e+06 	1.51741e+07	6.09125	6.5039	12399	666.612	0.0408333	0	1.02	1.02
56.7	0.00202526	0.000973909	17042.9	1050	105	16500.8	43.7091	43.7091	174.836	174.836	0 23667.1 1376.34 	25043.5	0.00299917	1.98932e-07	16.2554	1050	16.2554	0 1.03632e+07 4.99942e+06 	1.53626e+07	6.25354	6.5039	12399	666.612	0.0399006	0	1.02	1.02
56.85	0.0020187	0.000997724	17496.7	1050	105	16954.3	43.7446	43.7446	174.978	174.978	0 23039.3 1330.36 	24369.7	0.00301642	1.94883e-07	16.0161	1050	16.0161	0 1.04828e+07 4.99945e+06 	1.54822e+07	6.31476	6.5039	12399	666.612	0.0394625	0	1.02	1.02
57	0.00203508	0.000950523	16621.2	1050	105	16078.8	43.7315	43.7315	174.926	174.926	0 24450.3 1431.83 	25882.2	0.0029856	1.93996e-07	15.7803	1050	15.7803	0 1.02696e+07 4.99945e+06 	1.52691e+07	6.16351	6.5039	12399	666.612	0.0396613	0	1.02	1.02
57.15	0.00204393	0.000932695	16309	1050	105	15766.7	43.7278	43.7278	174.911	174.911	0 25073.2 1482.72 	26555.9	0.00297662	1.91715e-07	15.5479	1050	15.5479	0 1.0208e+07 4.99946e+06 	1.52075e+07	6.08377	6.5039	12399	666.612	0.0397388	0	1.02	1.02
57.3	0.00202574	0.000978175	17135.3	1050	105	16592.5	43.7724	43.7724	175.09	175.09	0 23688.2 1367.23 	25055.4	0.00300391	1.87176e-07	15.3189	1050	15.3189	0 1.0396e+07 4.99949e+06 	1.53955e+07	6.24917	6.5039	12399	666.612	0.0387948	0	1.02	1.02
57.45	0.00201913	0.00100189	17587.2	1050	105	17044.2	43.8076	43.8076	175.23	175.23	0 23063.5 1321.48 	24385	0.00302101	1.83374e-07	15.0932	1050	15.0932	0 1.05147e+07 4.99951e+06 	1.55143e+07	6.31072	6.5039	12399	666.612	0.0383663	0	1.02	1.02
57.6	0.00201589	0.00101604	17863	1050	105	17319.6	43.8389	43.8389	175.355	175.355	0 22723.9 1297.14 	24021	0.00303194	1.80022e-07	14.8708	1050	14.8708	0 1.05909e+07 4.99953e+06 	1.55905e+07	6.34115	6.5039	12399	666.612	0.0380465	0	1.02	1.02
57.75	0.00203225	0.000965205	16908.2	1050	105	16365	43.8242	43.8242	175.297	175.297	0 24182.1 1398.34 	25580.4	0.00299745	1.79409e-07	14.6517	1050	14.6517	0 1.03514e+07 4.99953e+06 	1.53509e+07	6.18929	6.5039	12399	666.612	0.0382203	0	1.02	1.02
57.9	0.00204169	0.000944426	16538	1050	105	15994.8	43.8192	43.8192	175.277	175.277	0 24874.4 1452.99 	26327.4	0.00298612	1.77436e-07	14.4357	1050	14.4357	0 1.02732e+07 4.99954e+06 	1.52728e+07	6.10378	6.5039	12399	666.612	0.0383196	0	1.02	1.02
58.05	0.00202542	0.000986634	17310.3	1050	105	16766.7	43.8621	43.8621	175.449	175.449	0 23617.2 1350 	24967.2	0.00301205	1.73316e-07	14.2229	1050	14.2229	0 1.04525e+07 4.99956e+06 	1.5452e+07	6.25213	6.5039	12399	666.612	0.0374784	0	1.02	1.02
58.2	0.00201925	0.00100892	17736.2	1050	105	17192.3	43.8965	43.8965	175.586	175.586	0 23036.8 1307.62 	24344.4	0.00302817	1.69852e-07	14.0132	1050	14.0132	0 1.05646e+07 4.99958e+06 	1.55642e+07	6.30958	6.5039	12399	666.612	0.0370773	0	1.02	1.02
58.35	0.00201621	0.00102222	17995.8	1050	105	17451.5	43.9271	43.9271	175.708	175.708	0 22720.2 1284.89 	24005.1	0.00303843	1.66782e-07	13.8066	1050	13.8066	0 1.06363e+07 4.99959e+06 	1.56359e+07	6.33816	6.5039	12399	666.612	0.0367763	0	1.02	1.02
58.5	0.00201461	0.00103062	18162.5	1050	105	17617.9	43.9558	43.9558	175.823	175.823	0 22537.3 1271.41 	23808.7	0.00304524	1.63955e-07	13.603	1050	13.603	0 1.06841e+07 4.99961e+06 	1.56837e+07	6.35324	6.5039	12399	666.612	0.0365139	0	1.02	1.02
58.65	0.00203113	0.000977287	17153.4	1050	105	16609	43.9401	43.9401	175.76	175.76	0 24024.6 1372.77 	25397.4	0.00300842	1.63514e-07	13.4024	1050	13.4024	0 1.04273e+07 4.99961e+06 	1.54269e+07	6.19951	6.5039	12399	666.612	0.0366937	0	1.02	1.02
58.8	0.00204098	0.000954668	16746.7	1050	105	16202.3	43.9343	43.9343	175.737	175.737	0 24755.5 1429.57 	26185.1	0.00299564	1.61789e-07	13.2047	1050	13.2047	0 1.03389e+07 4.99962e+06 	1.53385e+07	6.11021	6.5039	12399	666.612	0.0368201	0	1.02	1.02
58.95	0.00202557	0.000995009	17487.3	1050	105	16942.6	43.9761	43.9761	175.904	175.904	0 23570.8 1333.09 	24903.9	0.00302058	1.58087e-07	13.0099	1050	13.0099	0 1.05117e+07 4.99963e+06 	1.55114e+07	6.25072	6.5039	12399	666.612	0.0360287	0	1.02	1.02
59.1	0.00201964	0.0010163	17894.9	1050	105	17349.8	44.0097	44.0097	176.039	176.039	0 23020.7 1292.88 	24313.6	0.00303594	1.54966e-07	12.8179	1050	12.8179	0 1.06189e+07 4.99965e+06 	1.56186e+07	6.30593	6.5039	12399	666.612	0.0356485	0	1.02	1.02
59.25	0.00201671	0.00102894	18141.8	1050	105	17596.4	44.0398	44.0398	176.159	176.159	0 22721.2 1271.3 	23992.5	0.00304565	1.52192e-07	12.6287	1050	12.6287	0 1.0687e+07 4.99966e+06 	1.56867e+07	6.33342	6.5039	12399	666.612	0.0353652	0	1.02	1.02
59.4	0.00203365	0.000976779	17159.9	1050	105	16614.6	44.0245	44.0245	176.098	176.098	0 24193 1373.72 	25566.7	0.00301043	1.51701e-07	12.4424	1050	12.4424	0 1.04412e+07 4.99966e+06 	1.54409e+07	6.17652	6.5039	12399	666.612	0.0356096	0	1.02	1.02
59.55	0.00204347	0.000955552	16781.7	1050	105	16236.5	44.0192	44.0192	176.077	176.077	0 24888.6 1429.43 	26318	0.00299903	1.5003e-07	12.2587	1050	12.2587	0 1.03623e+07 4.99967e+06 	1.5362e+07	6.08784	6.5039	12399	666.612	0.0357726	0	1.02	1.02
59.7	0.00202656	0.000997918	17555.4	1050	105	17009.8	44.0616	44.0616	176.246	176.246	0 23631.7 1325.34 	24957.1	0.00302447	1.46571e-07	12.0777	1050	12.0777	0 1.05389e+07 4.99969e+06 	1.55386e+07	6.24158	6.5039	12399	666.612	0.0349132	0	1.02	1.02
59.85	0.00202033	0.00101975	17972.9	1050	105	17426.9	44.0952	44.0952	176.381	176.381	0 23064.6 1283.79 	24348.4	0.00304008	1.43666e-07	11.8994	1050	11.8994	0 1.06479e+07 4.9997e+06 	1.56476e+07	6.29949	6.5039	12399	666.612	0.0345331	0	1.02	1.02
60	0.00201729	0.00103259	18223.5	1050	105	17677.2	44.1251	44.1251	176.5	176.5	0 22758.5 1261.78 	24020.3	0.00304988	1.4109e-07	11.7237	1050	11.7237	0 1.07167e+07 4.99971e+06 	1.57164e+07	6.32802	6.5039	12399	666.612	0.0342589	0	1.02	1.02
60.15	0.0020157	0.00104059	18382.1	1050	105	17835.6	44.1531	44.1531	176.613	176.613	0 22583.1 1248.82 	23831.9	0.00305629	1.38715e-07	11.5505	1050	11.5505	0 1.07618e+07 4.99972e+06 	1.57615e+07	6.34301	6.5039	12399	666.612	0.0340249	0	1.02	1.02
60.3	0.00203276	0.000986431	17356.5	1050	105	16810.2	44.137	44.137	176.548	176.548	0 24078 1351.23 	25429.2	0.00301919	1.38345e-07	11.3799	1050	11.3799	0 1.05021e+07 4.99972e+06 	1.55019e+07	6.18457	6.5039	12399	666.612	0.0342763	0	1.02	1.02
60.45	0.00204294	0.000963745	16949.5	1050	105	16403.2	44.1311	44.1311	176.524	176.524	0 24804.1 1408.67 	26212.8	0.00300668	1.36868e-07	11.2118	1050	11.2118	0 1.04153e+07 4.99973e+06 	1.5415e+07	6.09262	6.5039	12399	666.612	0.0344646	0	1.02	1.02
60.6	0.00202672	0.00100465	17698.6	1050	105	17151.9	44.1727	44.1727	176.691	176.691	0 23603.4 1309.79 	24913.2	0.00303137	1.33748e-07	11.0462	1050	11.0462	0 1.0587e+07 4.99974e+06 	1.55867e+07	6.2401	6.5039	12399	666.612	0.0336468	0	1.02	1.02
60.75	0.00202067	0.00102573	18101.9	1050	105	17554.9	44.2058	44.2058	176.823	176.823	0 23059.1 1269.95 	24329	0.0030464	1.31122e-07	10.883	1050	10.883	0 1.06922e+07 4.99975e+06 	1.5692e+07	6.29626	6.5039	12399	666.612	0.0332847	0	1.02	1.02
60.9	0.00201772	0.00103806	18342.8	1050	105	17795.5	44.2355	44.2355	176.942	176.942	0 22765.7 1248.83 	24014.5	0.00305578	1.28788e-07	10.7222	1050	10.7222	0 1.07582e+07 4.99976e+06 	1.5758e+07	6.32394	6.5039	12399	666.612	0.0330259	0	1.02	1.02
61.05	0.00201618	0.00104571	18494.6	1050	105	17946.9	44.2634	44.2634	177.054	177.054	0 22597.9 1236.4 	23834.3	0.00306188	1.26632e-07	10.5637	1050	10.5637	0 1.08012e+07 4.99977e+06 	1.5801e+07	6.33847	6.5039	12399	666.612	0.0328066	0	1.02	1.02
61.2	0.00203353	0.00099108	17459.7	1050	105	16912.2	44.2471	44.2471	176.989	176.989	0 24097.5 1339.32 	25436.8	0.00302461	1.26298e-07	10.4076	1050	10.4076	0 1.05398e+07 4.99977e+06 	1.55396e+07	6.17759	6.5039	12399	666.612	0.0330935	0	1.02	1.02
61.35	0.00204388	0.000968325	17051.9	1050	105	16504.4	44.2412	44.2412	176.965	176.965	0 24822.2 1397.13 	26219.3	0.0030122	1.24943e-07	10.2537	1050	10.2537	0 1.04536e+07 4.99977e+06 	1.54533e+07	6.08422	6.5039	12399	666.612	0.0333125	0	1.02	1.02
61.5	0.00202727	0.00100947	17804.3	1050	105	17256.4	44.2829	44.2829	177.132	177.132	0 23615.1 1297.22 	24912.4	0.00303674	1.22102e-07	10.1022	1050	10.1022	0 1.06245e+07 4.99978e+06 	1.56243e+07	6.23501	6.5039	12399	666.612	0.0324814	0	1.02	1.02
61.65	0.00202118	0.00103041	18205	1050	105	17656.9	44.316	44.316	177.264	177.264	0 23074.5 1257.62 	24332.1	0.00305159	1.19711e-07	9.95279	1050	9.95279	0 1.07287e+07 4.99979e+06 	1.57285e+07	6.29156	6.5039	12399	666.612	0.0321279	0	1.02	1.02
61.8	0.00201821	0.00104258	18442.7	1050	105	17894.2	44.3456	44.3456	177.382	177.382	0 22784.5 1236.77 	24021.3	0.00306079	1.17586e-07	9.80563	1050	9.80563	0 1.07935e+07 4.9998e+06 	1.57933e+07	6.31929	6.5039	12399	666.612	0.031881	0	1.02	1.02
61.95	0.00201667	0.00105007	18591.3	1050	105	18042.6	44.3734	44.3734	177.494	177.494	0 22619.3 1224.54 	23843.8	0.00306674	1.15623e-07	9.66062	1050	9.66062	0 1.08355e+07 4.9998e+06 	1.58353e+07	6.33382	6.5039	12399	666.612	0.0316745	0	1.02	1.02
62.1	0.00201586	0.00105492	18689	1050	105	18140	44.4002	44.4002	177.601	177.601	0 22521.8 1216.8 	23738.6	0.00307078	1.13763e-07	9.51775	1050	9.51775	0 1.08641e+07 4.99981e+06 	1.58639e+07	6.34147	6.5039	12399	666.612	0.0314872	0	1.02	1.02
62.25	0.00203342	0.00099892	17624.3	1050	105	17075.5	44.3835	44.3835	177.534	177.534	0 24035.9 1319.86 	25355.8	0.00303234	1.13501e-07	9.37697	1050	9.37697	0 1.05938e+07 4.99981e+06 	1.55936e+07	6.17855	6.5039	12399	666.612	0.0317947	0	1.02	1.02
62.4	0.00204405	0.000975295	17199.5	1050	105	16650.7	44.3773	44.3773	177.509	177.509	0 24776.7 1378.74 	26155.5	0.00301935	1.12303e-07	9.23827	1050	9.23827	0 1.05032e+07 4.99982e+06 	1.5503e+07	6.08266	6.5039	12399	666.612	0.0320425	0	1.02	1.02
62.55	0.00202764	0.00101572	17939.3	1050	105	17390.1	44.4187	44.4187	177.675	177.675	0 23598.3 1281.23 	24879.5	0.00304336	1.09769e-07	9.1016	1050	9.1016	0 1.0671e+07 4.99982e+06 	1.56708e+07	6.23158	6.5039	12399	666.612	0.0312271	0	1.02	1.02
62.7	0.00202163	0.00103616	18330.5	1050	105	17781	44.4517	44.4517	177.807	177.807	0 23072.4 1242.71 	24315.1	0.00305778	1.07635e-07	8.96694	1050	8.96694	0 1.07723e+07 4.99983e+06 	1.57721e+07	6.28735	6.5039	12399	666.612	0.0308871	0	1.02	1.02
62.85	0.00201871	0.00104795	18560.9	1050	105	18011.1	44.4811	44.4811	177.925	177.925	0 22791.5 1222.49 	24014	0.00306666	1.05736e-07	8.83426	1050	8.83426	0 1.08349e+07 4.99984e+06 	1.58348e+07	6.31464	6.5039	12399	666.612	0.0306538	0	1.02	1.02
63	0.00201719	0.00105516	18704	1050	105	18153.9	44.5088	44.5088	178.035	178.035	0 22631.9 1210.65 	23842.6	0.00307235	1.03978e-07	8.70353	1050	8.70353	0 1.08752e+07 4.99984e+06 	1.5875e+07	6.32892	6.5039	12399	666.612	0.030461	0	1.02	1.02
63.15	0.00201639	0.00105979	18797.3	1050	105	18246.9	44.5356	44.5356	178.142	178.142	0 22538.1 1203.16 	23741.3	0.00307618	1.02311e-07	8.57473	1050	8.57473	0 1.09024e+07 4.99985e+06 	1.59022e+07	6.33645	6.5039	12399	666.612	0.0302874	0	1.02	1.02
63.3	0.00201599	0.00106293	18861.6	1050	105	18311	44.5618	44.5618	178.247	178.247	0 22481.4 1198.07 	23679.5	0.00307892	1.00708e-07	8.44782	1050	8.44782	0 1.09217e+07 4.99985e+06 	1.59216e+07	6.34028	6.5039	12399	666.612	0.0301242	0	1.02	1.02
63.45	0.0020158	0.00106519	18908.6	1050	105	18357.8	44.5877	44.5877	178.351	178.351	0 22446.2 1194.33 	23640.6	0.00308099	9.91505e-08	8.32277	1050	8.32277	0 1.09364e+07 4.99986e+06 	1.59363e+07	6.34204	6.5039	12399	666.612	0.0299672	0	1.02	1.02
63.6	0.00201574	0.00106692	18945.3	1050	105	18394.1	44.6135	44.6135	178.454	178.454	0 22423.7 1191.37 	23615	0.00308265	9.763e-08	8.19957	1050	8.19957	0 1.09483e+07 4.99986e+06 	1.59481e+07	6.34263	6.5039	12399	666.612	0.0298139	0	1.02	1.02
63.75	0.00201574	0.00106832	18975.4	1050	105	18424	44.6392	44.6392	178.557	178.557	0 22408.7 1188.86 	23597.5	0.00308406	9.61407e-08	8.07818	1050	8.07818	0 1.09583e+07 4.99986e+06 	1.59581e+07	6.34256	6.5039	12399	666.612	0.0296634	0	1.02	1.02
63.9	0.00201579	0.00106952	19001.5	1050	105	18449.8	44.6649	44.6649	178.659	178.659	0 22398.3 1186.61 	23584.9	0.00308531	9.46792e-08	7.95858	1050	7.95858	0 1.09671e+07 4.99987e+06 	1.5967e+07	6.34212	6.5039	12399	666.612	0.0295149	0	1.02	1.02
64.05	0.00201586	0.00107058	19024.8	1050	105	18472.9	44.6905	44.6905	178.762	178.762	0 22390.9 1184.52 	23575.5	0.00308643	9.32432e-08	7.84074	1050	7.84074	0 1.09751e+07 4.99987e+06 	1.5975e+07	6.34149	6.5039	12399	666.612	0.0293681	0	1.02	1.02
64.2	0.00201594	0.00107154	19046.2	1050	105	18494	44.7162	44.7162	178.865	178.865	0 22385.4 1182.52 	23568	0.00308748	9.18314e-08	7.72463	1050	7.72463	0 1.09826e+07 4.99988e+06 	1.59824e+07	6.34075	6.5039	12399	666.612	0.0292227	0	1.02	1.02
64.35	0.00201602	0.00107245	19066.2	1050	105	18513.7	44.7418	44.7418	178.967	178.967	0 22381.2 1180.57 	23561.8	0.00308846	9.04426e-08	7.61024	1050	7.61024	0 1.09896e+07 4.99988e+06 	1.59894e+07	6.33996	6.5039	12399	666.612	0.0290787	0	1.02	1.02
64.5	0.0020161	0.00107329	19085.1	1050	105	18532.4	44.7675	44.7675	179.07	179.07	0 22378 1178.66 	23556.6	0.0030894	8.90763e-08	7.49753	1050	7.49753	0 1.09962e+07 4.99988e+06 	1.59961e+07	6.33916	6.5039	12399	666.612	0.028936	0	1.02	1.02
64.65	0.00201619	0.0010741	19103	1050	105	18550.1	44.7932	44.7932	179.173	179.173	0 22375.4 1176.78 	23552.2	0.00309029	8.77316e-08	7.38648	1050	7.38648	0 1.10025e+07 4.99989e+06 	1.60024e+07	6.33836	6.5039	12399	666.612	0.0287946	0	1.02	1.02
64.8	0.00201627	0.00107487	19120.3	1050	105	18567.1	44.8189	44.8189	179.276	179.276	0 22373.4 1174.9 	23548.3	0.00309114	8.64082e-08	7.27707	1050	7.27707	0 1.10086e+07 4.99989e+06 	1.60085e+07	6.33758	6.5039	12399	666.612	0.0286544	0	1.02	1.02
64.95	0.00201635	0.00107561	19136.8	1050	105	18583.4	44.8447	44.8447	179.379	179.379	0 22371.8 1173.04 	23544.8	0.00309197	8.51055e-08	7.16926	1050	7.16926	0 1.10145e+07 4.99989e+06 	1.60144e+07	6.3368	6.5039	12399	666.612	0.0285155	0	1.02	1.02
65.1	0.00201643	0.00107632	19152.8	1050	105	18599.1	44.8704	44.8704	179.482	179.482	0 22370.5 1171.19 	23541.7	0.00309276	8.38232e-08	7.06305	1050	7.06305	0 1.10201e+07 4.9999e+06 	1.602e+07	6.33605	6.5039	12399	666.612	0.0283779	0	1.02	1.02
65.25	0.00201651	0.00107701	19168.2	1050	105	18614.2	44.8962	44.8962	179.585	179.585	0 22369.7 1169.34 	23539	0.00309352	8.25609e-08	6.95841	1050	6.95841	0 1.10256e+07 4.9999e+06 	1.60255e+07	6.33532	6.5039	12399	666.612	0.0282416	0	1.02	1.02
65.4	0.00201659	0.00107768	19183.1	1050	105	18628.9	44.922	44.922	179.688	179.688	0 22369 1167.5 	23536.5	0.00309426	8.13181e-08	6.8553	1050	6.8553	0 1.10309e+07 4.9999e+06 	1.60308e+07	6.3346	6.5039	12399	666.612	0.0281065	0	1.02	1.02
65.55	0.00201666	0.00107832	19197.5	1050	105	18643.1	44.9478	44.9478	179.791	179.791	0 22368.7 1165.66 	23534.3	0.00309498	8.00946e-08	6.75372	1050	6.75372	0 1.1036e+07 4.99991e+06 	1.60359e+07	6.33391	6.5039	12399	666.612	0.0279728	0	1.02	1.02
65.7	0.00201673	0.00107895	19211.5	1050	105	18656.8	44.9736	44.9736	179.894	179.894	0 22368.5 1163.83 	23532.3	0.00309568	7.88899e-08	6.65364	1050	6.65364	0 1.10409e+07 4.99991e+06 	1.60409e+07	6.33323	6.5039	12399	666.612	0.0278403	0	1.02	1.02
65.85	0.0020168	0.00107955	19225.1	1050	105	18670.1	44.9995	44.9995	179.998	179.998	0 22368.6 1162 	23530.6	0.00309635	7.77038e-08	6.55503	1050	6.55503	0 1.10458e+07 4.99991e+06 	1.60457e+07	6.33257	6.5039	12399	666.612	0.0277091	0	1.02	1.02
66	0.00201687	0.00108014	19238.3	1050	105	18683.1	45.0253	45.0253	180.101	180.101	0 22368.8 1160.17 	23528.9	0.00309701	7.6536e-08	6.45788	1050	6.45788	0 1.10504e+07 4.99991e+06 	1.60504e+07	6.33193	6.5039	12399	666.612	0.0275793	0	1.02	1.02
66.15	0.00201694	0.00108071	19251.2	1050	105	18695.6	45.0512	45.0512	180.205	180.205	0 22369.1 1158.35 	23527.5	0.00309765	7.5386e-08	6.36216	1050	6.36216	0 1.1055e+07 4.99992e+06 	1.60549e+07	6.3313	6.5039	12399	666.612	0.0274507	0	1.02	1.02
66.3	0.002017	0.00108127	19263.7	1050	105	18707.9	45.0771	45.0771	180.308	180.308	0 22369.6 1156.53 	23526.2	0.00309827	7.42537e-08	6.26785	1050	6.26785	0 1.10594e+07 4.99992e+06 	1.60594e+07	6.33069	6.5039	12399	666.612	0.0273234	0	1.02	1.02
66.45	0.00201707	0.00108181	19275.8	1050	105	18719.8	45.103	45.103	180.412	180.412	0 22370.3 1154.71 	23525	0.00309888	7.31386e-08	6.17494	1050	6.17494	0 1.10638e+07 4.99992e+06 	1.60637e+07	6.33009	6.5039	12399	666.612	0.0271974	0	1.02	1.02
66.6	0.00201713	0.00108234	19287.7	1050	105	18731.4	45.1289	45.1289	180.516	180.516	0 22371 1152.9 	23523.9	0.00309947	7.20406e-08	6.08339	1050	6.08339	0 1.1068e+07 4.99992e+06 	1.60679e+07	6.3295	6.5039	12399	666.612	0.0270727	0	1.02	1.02
66.75	0.00201719	0.00108286	19299.3	1050	105	18742.8	45.1548	45.1548	180.619	180.619	0 22371.8 1151.09 	23522.9	0.00310004	7.09594e-08	5.9932	1050	5.9932	0 1.10721e+07 4.99993e+06 	1.6072e+07	6.32893	6.5039	12399	666.612	0.0269492	0	1.02	1.02
66.9	0.00201725	0.00108336	19310.7	1050	105	18753.9	45.1808	45.1808	180.723	180.723	0 22372.7 1149.28 	23522	0.00310061	6.98946e-08	5.90434	1050	5.90434	0 1.10761e+07 4.99993e+06 	1.60761e+07	6.32837	6.5039	12399	666.612	0.0268271	0	1.02	1.02
67.05	0.00201731	0.00108385	19321.7	1050	105	18764.7	45.2067	45.2067	180.827	180.827	0 22373.7 1147.48 	23521.1	0.00310116	6.8846e-08	5.81679	1050	5.81679	0 1.10801e+07 4.99993e+06 	1.608e+07	6.32782	6.5039	12399	666.612	0.0267062	0	1.02	1.02
67.2	0.00201736	0.00108433	19332.6	1050	105	18775.3	45.2327	45.2327	180.931	180.931	0 22374.7 1145.68 	23520.4	0.0031017	6.78133e-08	5.73054	1050	5.73054	0 1.10839e+07 4.99993e+06 	1.60838e+07	6.32728	6.5039	12399	666.612	0.0265865	0	1.02	1.02
67.35	0.00201742	0.00108481	19343.2	1050	105	18785.6	45.2587	45.2587	181.035	181.035	0 22375.8 1143.88 	23519.6	0.00310223	6.67963e-08	5.64556	1050	5.64556	0 1.10877e+07 4.99993e+06 	1.60876e+07	6.32676	6.5039	12399	666.612	0.0264681	0	1.02	1.02
67.5	0.00201748	0.00108527	19353.6	1050	105	18795.8	45.2847	45.2847	181.139	181.139	0 22376.9 1142.09 	23518.9	0.00310274	6.57947e-08	5.56183	1050	5.56183	0 1.10914e+07 4.99994e+06 	1.60913e+07	6.32624	6.5039	12399	666.612	0.026351	0	1.02	1.02
67.65	0.00201753	0.00108572	19363.8	1050	105	18805.7	45.3107	45.3107	181.243	181.243	0 22378 1140.29 	23518.3	0.00310325	6.48083e-08	5.47934	1050	5.47934	0 1.1095e+07 4.99994e+06 	1.60949e+07	6.32573	6.5039	12399	666.612	0.0262351	0	1.02	1.02
67.8	0.00201758	0.00108616	19373.8	1050	105	18815.4	45.3367	45.3367	181.347	181.347	0 22379.2 1138.5 	23517.7	0.00310375	6.38369e-08	5.39807	1050	5.39807	0 1.10986e+07 4.99994e+06 	1.60985e+07	6.32524	6.5039	12399	666.612	0.0261204	0	1.02	1.02
67.95	0.00201763	0.0010866	19383.6	1050	105	18825	45.3628	45.3628	181.451	181.451	0 22380.4 1136.72 	23517.1	0.00310423	6.28801e-08	5.318	1050	5.318	0 1.1102e+07 4.99994e+06 	1.6102e+07	6.32475	6.5039	12399	666.612	0.0260069	0	1.02	1.02
68.1	0.00201768	0.00108703	19393.3	1050	105	18834.4	45.3888	45.3888	181.555	181.555	0 22381.6 1134.93 	23516.5	0.00310471	6.19378e-08	5.23912	1050	5.23912	0 1.11055e+07 4.99994e+06 	1.61054e+07	6.32427	6.5039	12399	666.612	0.0258946	0	1.02	1.02
68.25	0.00201774	0.00108745	19402.7	1050	105	18843.6	45.4149	45.4149	181.66	181.66	0 22382.8 1133.15 	23515.9	0.00310518	6.10098e-08	5.1614	1050	5.1614	0 1.11088e+07 4.99995e+06 	1.61088e+07	6.3238	6.5039	12399	666.612	0.0257835	0	1.02	1.02
68.4	0.00201778	0.00108786	19412.1	1050	105	18852.6	45.441	45.441	181.764	181.764	0 22384 1131.37 	23515.3	0.00310565	6.00957e-08	5.08482	1050	5.08482	0 1.11121e+07 4.99995e+06 	1.61121e+07	6.32333	6.5039	12399	666.612	0.0256736	0	1.02	1.02
68.55	0.00201783	0.00108827	19421.2	1050	105	18861.5	45.4671	45.4671	181.868	181.868	0 22385.2 1129.59 	23514.8	0.0031061	5.91955e-08	5.00939	1050	5.00939	0 1.11154e+07 4.99995e+06 	1.61153e+07	6.32288	6.5039	12399	666.612	0.0255648	0	1.02	1.02
68.7	0.00201788	0.00108867	19430.2	1050	105	18870.3	45.4932	45.4932	181.973	181.973	0 22386.4 1127.82 	23514.2	0.00310655	5.83088e-08	4.93506	1050	4.93506	0 1.11186e+07 4.99995e+06 	1.61185e+07	6.32243	6.5039	12399	666.612	0.0254572	0	1.02	1.02
68.85	0.00201793	0.00108906	19439.1	1050	105	18878.9	45.5194	45.5194	182.077	182.077	0 22387.6 1126.05 	23513.6	0.00310699	5.74355e-08	4.86184	1050	4.86184	0 1.11218e+07 4.99995e+06 	1.61217e+07	6.32199	6.5039	12399	666.612	0.0253507	0	1.02	1.02
69	0.00201797	0.00108945	19447.9	1050	105	18887.4	45.5455	45.5455	182.182	182.182	0 22388.7 1124.28 	23513	0.00310742	5.65753e-08	4.7897	1050	4.7897	0 1.11249e+07 4.99995e+06 	1.61248e+07	6.32155	6.5039	12399	666.612	0.0252454	0	1.02	1.02
69.15	0.00201802	0.00108983	19456.5	1050	105	18895.7	45.5717	45.5717	182.287	182.287	0 22389.9 1122.51 	23512.4	0.00310785	5.57282e-08	4.71862	1050	4.71862	0 1.11279e+07 4.99995e+06 	1.61279e+07	6.32113	6.5039	12399	666.612	0.0251411	0	1.02	1.02
69.3	0.00201806	0.00109021	19465	1050	105	18904	45.5979	45.5979	182.392	182.392	0 22391.1 1120.75 	23511.8	0.00310827	5.48937e-08	4.6486	1050	4.6486	0 1.11309e+07 4.99996e+06 	1.61309e+07	6.3207	6.5039	12399	666.612	0.025038	0	1.02	1.02
69.45	0.00201811	0.00109058	19473.3	1050	105	18912.1	45.6241	45.6241	182.496	182.496	0 22392.2 1118.98 	23511.2	0.00310869	5.40718e-08	4.57961	1050	4.57961	0 1.11339e+07 4.99996e+06 	1.61339e+07	6.32029	6.5039	12399	666.612	0.024936	0	1.02	1.02
69.6	0.00201815	0.00109095	19481.6	1050	105	18920.1	45.6503	45.6503	182.601	182.601	0 22393.3 1117.22 	23510.5	0.0031091	5.32623e-08	4.51164	1050	4.51164	0 1.11368e+07 4.99996e+06 	1.61368e+07	6.31988	6.5039	12399	666.612	0.024835	0	1.02	1.02
69.75	0.00201819	0.00109131	19489.7	1050	105	18928	45.6766	45.6766	182.706	182.706	0 22394.4 1115.47 	23509.8	0.0031095	5.2465e-08	4.44468	1050	4.44468	0 1.11397e+07 4.99996e+06 	1.61397e+07	6.31948	6.5039	12399	666.612	0.0247351	0	1.02	1.02
69.9	0.00201824	0.00109166	19497.8	1050	105	18935.7	45.7028	45.7028	182.811	182.811	0 22395.4 1113.71 	23509.1	0.0031099	5.16797e-08	4.37871	1050	4.37871	0 1.11426e+07 4.99996e+06 	1.61425e+07	6.31908	6.5039	12399	666.612	0.0246363	0	1.02	1.02
70.05	0.00201828	0.00109202	19505.7	1050	105	18943.4	45.7291	45.7291	182.916	182.916	0 22396.4 1111.96 	23508.4	0.00311029	5.09061e-08	4.31371	1050	4.31371	0 1.11454e+07 4.99996e+06 	1.61454e+07	6.31869	6.5039	12399	666.612	0.0245385	0	1.02	1.02
70.2	0.00201832	0.00109236	19513.5	1050	105	18951	45.7554	45.7554	183.022	183.022	0 22397.4 1110.21 	23507.6	0.00311068	5.01442e-08	4.24968	1050	4.24968	0 1.11482e+07 4.99996e+06 	1.61481e+07	6.3183	6.5039	12399	666.612	0.0244417	0	1.02	1.02
70.35	0.00201836	0.00109271	19521.3	1050	105	18958.5	45.7817	45.7817	183.127	183.127	0 22398.4 1108.46 	23506.8	0.00311107	4.93938e-08	4.1866	1050	4.1866	0 1.11509e+07 4.99996e+06 	1.61509e+07	6.31792	6.5039	12399	666.612	0.024346	0	1.02	1.02
70.5	0.0020184	0.00109304	19528.9	1050	105	18965.9	45.808	45.808	183.232	183.232	0 22399.3 1106.72 	23506	0.00311144	4.86546e-08	4.12444	1050	4.12444	0 1.11536e+07 4.99997e+06 	1.61536e+07	6.31754	6.5039	12399	666.612	0.0242512	0	1.02	1.02
70.65	0.00201844	0.00109338	19536.5	1050	105	18973.2	45.8344	45.8344	183.338	183.338	0 22400.2 1104.98 	23505.2	0.00311182	4.79265e-08	4.06321	1050	4.06321	0 1.11563e+07 4.99997e+06 	1.61563e+07	6.31717	6.5039	12399	666.612	0.0241574	0	1.02	1.02
70.8	0.00201848	0.00109371	19544	1050	105	18980.4	45.8608	45.8608	183.443	183.443	0 22401.1 1103.24 	23504.3	0.00311219	4.72094e-08	4.00289	1050	4.00289	0 1.1159e+07 4.99997e+06 	1.61589e+07	6.31681	6.5039	12399	666.612	0.0240647	0	1.02	1.02
70.95	0.00201852	0.00109404	19551.4	1050	105	18987.5	45.8872	45.8872	183.549	183.549	0 22401.9 1101.5 	23503.4	0.00311255	4.6503e-08	3.94346	1050	3.94346	0 1.11616e+07 4.99997e+06 	1.61616e+07	6.31645	6.5039	12399	666.612	0.0239728	0	1.02	1.02
71.1	0.00201856	0.00109436	19558.7	1050	105	18994.5	45.9136	45.9136	183.654	183.654	0 22402.7 1099.76 	23502.5	0.00311292	4.58072e-08	3.88491	1050	3.88491	0 1.11642e+07 4.99997e+06 	1.61642e+07	6.31609	6.5039	12399	666.612	0.023882	0	1.02	1.02
71.25	0.00201859	0.00109468	19565.9	1050	105	19001.5	45.94	45.94	183.76	183.76	0 22403.5 1098.03 	23501.5	0.00311327	4.51218e-08	3.82722	1050	3.82722	0 1.11668e+07 4.99997e+06 	1.61667e+07	6.31574	6.5039	12399	666.612	0.023792	0	1.02	1.02
71.4	0.00201863	0.001095	19573	1050	105	19008.4	45.9665	45.9665	183.866	183.866	0 22404.2 1096.3 	23500.5	0.00311363	4.44468e-08	3.77039	1050	3.77039	0 1.11693e+07 4.99997e+06 	1.61693e+07	6.31539	6.5039	12399	666.612	0.023703	0	1.02	1.02
71.55	0.00201867	0.00109531	19580.1	1050	105	19015.2	45.9929	45.9929	183.972	183.972	0 22404.9 1094.57 	23499.4	0.00311398	4.37819e-08	3.7144	1050	3.7144	0 1.11718e+07 4.99997e+06 	1.61718e+07	6.31505	6.5039	12399	666.612	0.0236149	0	1.02	1.02
71.7	0.0020187	0.00109562	19587.1	1050	105	19021.9	46.0194	46.0194	184.078	184.078	0 22405.5 1092.85 	23498.4	0.00311432	4.31269e-08	3.65924	1050	3.65924	0 1.11743e+07 4.99997e+06 	1.61742e+07	6.31471	6.5039	12399	666.612	0.0235278	0	1.02	1.02
71.85	0.00201874	0.00109593	19594	1050	105	19028.6	46.0459	46.0459	184.184	184.184	0 22406.1 1091.12 	23497.3	0.00311466	4.24818e-08	3.6049	1050	3.6049	0 1.11767e+07 4.99997e+06 	1.61767e+07	6.31437	6.5039	12399	666.612	0.0234415	0	1.02	1.02
72	0.00201877	0.00109623	19600.9	1050	105	19035.1	46.0725	46.0725	184.29	184.29	0 22406.7 1089.4 	23496.1	0.003115	4.18463e-08	3.55136	1050	3.55136	0 1.11792e+07 4.99997e+06 	1.61791e+07	6.31404	6.5039	12399	666.612	0.0233561	0	1.02	1.02
72.15	0.00201881	0.00109653	19607.6	1050	105	19041.7	46.099	46.099	184.396	184.396	0 22407.3 1087.69 	23495	0.00311534	4.12204e-08	3.49862	1050	3.49862	0 1.11816e+07 4.99998e+06 	1.61815e+07	6.31372	6.5039	12399	666.612	0.0232715	0	1.02	1.02
72.3	0.00201884	0.00109683	19614.4	1050	105	19048.1	46.1256	46.1256	184.502	184.502	0 22407.8 1085.97 	23493.8	0.00311567	4.06039e-08	3.44666	1050	3.44666	0 1.11839e+07 4.99998e+06 	1.61839e+07	6.31339	6.5039	12399	666.612	0.0231878	0	1.02	1.02
72.45	0.00201888	0.00109712	19621	1050	105	19054.5	46.1522	46.1522	184.609	184.609	0 22408.3 1084.26 	23492.5	0.003116	3.99966e-08	3.39546	1050	3.39546	0 1.11863e+07 4.99998e+06 	1.61863e+07	6.31307	6.5039	12399	666.612	0.023105	0	1.02	1.02
72.6	0.00201891	0.00109741	19627.6	1050	105	19060.8	46.1788	46.1788	184.715	184.715	0 22408.7 1082.55 	23491.3	0.00311632	3.93984e-08	3.34503	1050	3.34503	0 1.11886e+07 4.99998e+06 	1.61886e+07	6.31276	6.5039	12399	666.612	0.023023	0	1.02	1.02
72.75	0.00201894	0.0010977	19634.1	1050	105	19067.1	46.2055	46.2055	184.822	184.822	0 22409.1 1080.84 	23490	0.00311665	3.88092e-08	3.29534	1050	3.29534	0 1.11909e+07 4.99998e+06 	1.61909e+07	6.31245	6.5039	12399	666.612	0.0229418	0	1.02	1.02
72.9	0.00201898	0.00109799	19640.6	1050	105	19073.3	46.2322	46.2322	184.929	184.929	0 22409.5 1079.13 	23488.6	0.00311696	3.82288e-08	3.24639	1050	3.24639	0 1.11932e+07 4.99998e+06 	1.61932e+07	6.31214	6.5039	12399	666.612	0.0228614	0	1.02	1.02
73.05	0.00201901	0.00109827	19647	1050	105	19079.4	46.2589	46.2589	185.035	185.035	0 22409.8 1077.43 	23487.2	0.00311728	3.76571e-08	3.19817	1050	3.19817	0 1.11955e+07 4.99998e+06 	1.61955e+07	6.31183	6.5039	12399	666.612	0.0227819	0	1.02	1.02
73.2	0.00201904	0.00109855	19653.3	1050	105	19085.5	46.2856	46.2856	185.142	185.142	0 22410.1 1075.73 	23485.8	0.00311759	3.70939e-08	3.15066	1050	3.15066	0 1.11977e+07 4.99998e+06 	1.61977e+07	6.31153	6.5039	12399	666.612	0.0227031	0	1.02	1.02
73.35	0.00201907	0.00109883	19659.6	1050	105	19091.5	46.3123	46.3123	185.249	185.249	0 22410.4 1074.03 	23484.4	0.0031179	3.65392e-08	3.10385	1050	3.10385	0 1.12e+07 4.99998e+06 	1.61999e+07	6.31123	6.5039	12399	666.612	0.0226251	0	1.02	1.02
73.5	0.0020191	0.00109911	19665.8	1050	105	19097.4	46.3391	46.3391	185.356	185.356	0 22410.6 1072.33 	23483	0.00311821	3.59929e-08	3.05774	1050	3.05774	0 1.12022e+07 4.99998e+06 	1.62022e+07	6.31094	6.5039	12399	666.612	0.0225479	0	1.02	1.02
73.65	0.00201914	0.00109938	19672	1050	105	19103.3	46.3659	46.3659	185.464	185.464	0 22410.8 1070.64 	23481.5	0.00311851	3.54547e-08	3.01231	1050	3.01231	0 1.12044e+07 4.99998e+06 	1.62043e+07	6.31065	6.5039	12399	666.612	0.0224714	0	1.02	1.02
73.8	0.00201917	0.00109965	19678.1	1050	105	19109.2	46.3927	46.3927	185.571	185.571	0 22411 1068.95 	23479.9	0.00311882	3.49245e-08	2.96756	1050	2.96756	0 1.12065e+07 4.99998e+06 	1.62065e+07	6.31036	6.5039	12399	666.612	0.0223957	0	1.02	1.02
73.95	0.0020192	0.00109992	19684.2	1050	105	19115	46.4195	46.4195	185.678	185.678	0 22411.1 1067.26 	23478.4	0.00311911	3.44023e-08	2.92347	1050	2.92347	0 1.12087e+07 4.99998e+06 	1.62086e+07	6.31008	6.5039	12399	666.612	0.0223207	0	1.02	1.02
74.1	0.00201923	0.00110018	19690.2	1050	105	19120.7	46.4464	46.4464	185.786	185.786	0 22411.2 1065.57 	23476.8	0.00311941	3.3888e-08	2.88003	1050	2.88003	0 1.12108e+07 4.99998e+06 	1.62108e+07	6.30979	6.5039	12399	666.612	0.0222465	0	1.02	1.02
74.25	0.00201926	0.00110045	19696.1	1050	105	19126.4	46.4733	46.4733	185.893	185.893	0 22411.3 1063.89 	23475.2	0.0031197	3.33813e-08	2.83723	1050	2.83723	0 1.12129e+07 4.99998e+06 	1.62129e+07	6.30952	6.5039	12399	666.612	0.0221729	0	1.02	1.02
74.4	0.00201929	0.00110071	19702	1050	105	19132	46.5002	46.5002	186.001	186.001	0 22411.3 1062.21 	23473.5	0.00311999	3.28822e-08	2.79508	1050	2.79508	0 1.1215e+07 4.99998e+06 	1.6215e+07	6.30924	6.5039	12399	666.612	0.0221001	0	1.02	1.02
74.55	0.00201931	0.00110097	19707.9	1050	105	19137.6	46.5272	46.5272	186.109	186.109	0 22411.3 1060.53 	23471.8	0.00312028	3.23906e-08	2.75354	1050	2.75354	0 1.12171e+07 4.99998e+06 	1.6217e+07	6.30897	6.5039	12399	666.612	0.022028	0	1.02	1.02
74.7	0.00201934	0.00110122	19713.7	1050	105	19143.1	46.5541	46.5541	186.217	186.217	0 22411.3 1058.86 	23470.1	0.00312057	3.19064e-08	2.71262	1050	2.71262	0 1.12191e+07 4.99999e+06 	1.62191e+07	6.3087	6.5039	12399	666.612	0.0219566	0	1.02	1.02
74.85	0.00201937	0.00110148	19719.4	1050	105	19148.6	46.5811	46.5811	186.325	186.325	0 22411.2 1057.18 	23468.4	0.00312085	3.14294e-08	2.67231	1050	2.67231	0 1.12211e+07 4.99999e+06 	1.62211e+07	6.30843	6.5039	12399	666.612	0.0218858	0	1.02	1.02
75	0.0020194	0.00110173	19725.1	1050	105	19154.1	46.6082	46.6082	186.433	186.433	0 22411.1 1055.51 	23466.6	0.00312113	3.09596e-08	2.6326	1050	2.6326	0 1.12232e+07 4.99999e+06 	1.62231e+07	6.30817	6.5039	12399	666.612	0.0218157	0	1.02	1.02
75.15	0.00201943	0.00110198	19730.8	1050	105	19159.4	46.6352	46.6352	186.541	186.541	0 22411 1053.84 	23464.9	0.00312141	3.04967e-08	2.59348	1050	2.59348	0 1.12252e+07 4.99999e+06 	1.62251e+07	6.30791	6.5039	12399	666.612	0.0217463	0	1.02	1.02
75.3	0.00201946	0.00110223	19736.4	1050	105	19164.8	46.6623	46.6623	186.649	186.649	0 22410.9 1052.18 	23463	0.00312169	3.00409e-08	2.55493	1050	2.55493	0 1.12271e+07 4.99999e+06 	1.62271e+07	6.30765	6.5039	12399	666.612	0.0216775	0	1.02	1.02
75.45	0.00201948	0.00110248	19742	1050	105	19170.1	46.6894	46.6894	186.758	186.758	0 22410.7 1050.51 	23461.2	0.00312196	2.95918e-08	2.51696	1050	2.51696	0 1.12291e+07 4.99999e+06 	1.62291e+07	6.30739	6.5039	12399	666.612	0.0216094	0	1.02	1.02
75.6	0.00201951	0.00110272	19747.5	1050	105	19175.3	46.7165	46.7165	186.866	186.866	0 22410.5 1048.85 	23459.3	0.00312223	2.91495e-08	2.47956	1050	2.47956	0 1.12311e+07 4.99999e+06 	1.6231e+07	6.30714	6.5039	12399	666.612	0.0215419	0	1.02	1.02
75.75	0.00201954	0.00110296	19753	1050	105	19180.5	46.7437	46.7437	186.975	186.975	0 22410.2 1047.2 	23457.4	0.0031225	2.87138e-08	2.4427	1050	2.4427	0 1.1233e+07 4.99999e+06 	1.6233e+07	6.30689	6.5039	12399	666.612	0.0214751	0	1.02	1.02
75.9	0.00201956	0.0011032	19758.4	1050	105	19185.7	46.7709	46.7709	187.083	187.083	0 22410 1045.54 	23455.5	0.00312277	2.82846e-08	2.4064	1050	2.4064	0 1.12349e+07 4.99999e+06 	1.62349e+07	6.30664	6.5039	12399	666.612	0.0214088	0	1.02	1.02
76.05	0.00201959	0.00110344	19763.8	1050	105	19190.8	46.7981	46.7981	187.192	187.192	0 22409.7 1043.89 	23453.6	0.00312303	2.78618e-08	2.37063	1050	2.37063	0 1.12368e+07 4.99999e+06 	1.62368e+07	6.30639	6.5039	12399	666.612	0.0213432	0	1.02	1.02
76.2	0.00201962	0.00110368	19769.1	1050	105	19195.9	46.8253	46.8253	187.301	187.301	0 22409.4 1042.24 	23451.6	0.00312329	2.74454e-08	2.33539	1050	2.33539	0 1.12387e+07 4.99999e+06 	1.62387e+07	6.30615	6.5039	12399	666.612	0.0212782	0	1.02	1.02
76.35	0.00201964	0.00110391	19774.4	1050	105	19200.9	46.8526	46.8526	187.41	187.41	0 22409 1040.59 	23449.6	0.00312355	2.70352e-08	2.30068	1050	2.30068	0 1.12406e+07 4.99999e+06 	1.62406e+07	6.30591	6.5039	12399	666.612	0.0212137	0	1.02	1.02
76.5	0.00201967	0.00110415	19779.7	1050	105	19205.9	46.8799	46.8799	187.52	187.52	0 22408.7 1038.94 	23447.6	0.00312381	2.66311e-08	2.26648	1050	2.26648	0 1.12424e+07 4.99999e+06 	1.62424e+07	6.30567	6.5039	12399	666.612	0.0211499	0	1.02	1.02
76.65	0.00201969	0.00110438	19784.9	1050	105	19210.8	46.9072	46.9072	187.629	187.629	0 22408.3 1037.3 	23445.6	0.00312407	2.62331e-08	2.23279	1050	2.23279	0 1.12443e+07 4.99999e+06 	1.62443e+07	6.30544	6.5039	12399	666.612	0.0210866	0	1.02	1.02
76.8	0.00201972	0.00110461	19790.1	1050	105	19215.8	46.9346	46.9346	187.738	187.738	0 22407.8 1035.66 	23443.5	0.00312432	2.5841e-08	2.1996	1050	2.1996	0 1.12461e+07 4.99999e+06 	1.62461e+07	6.3052	6.5039	12399	666.612	0.0210239	0	1.02	1.02
76.95	0.00201974	0.00110483	19795.2	1050	105	19220.6	46.9619	46.9619	187.848	187.848	0 22407.4 1034.02 	23441.4	0.00312457	2.54548e-08	2.1669	1050	2.1669	0 1.12479e+07 4.99999e+06 	1.62479e+07	6.30497	6.5039	12399	666.612	0.0209618	0	1.02	1.02
77.1	0.00201977	0.00110506	19800.3	1050	105	19225.4	46.9894	46.9894	187.957	187.957	0 22406.9 1032.39 	23439.3	0.00312482	2.50744e-08	2.13469	1050	2.13469	0 1.12497e+07 4.99999e+06 	1.62497e+07	6.30474	6.5039	12399	666.612	0.0209002	0	1.02	1.02
77.25	0.00201979	0.00110528	19805.4	1050	105	19230.2	47.0168	47.0168	188.067	188.067	0 22406.4 1030.75 	23437.2	0.00312507	2.46997e-08	2.10295	1050	2.10295	0 1.12515e+07 4.99999e+06 	1.62515e+07	6.30451	6.5039	12399	666.612	0.0208391	0	1.02	1.02
77.4	0.00201981	0.0011055	19810.4	1050	105	19235	47.0443	47.0443	188.177	188.177	0 22405.9 1029.12 	23435	0.00312532	2.43306e-08	2.07169	1050	2.07169	0 1.12533e+07 4.99999e+06 	1.62533e+07	6.30429	6.5039	12399	666.612	0.0207786	0	1.02	1.02
77.55	0.00201984	0.00110573	19815.4	1050	105	19239.7	47.0718	47.0718	188.287	188.287	0 22405.4 1027.5 	23432.9	0.00312556	2.3967e-08	2.04089	1050	2.04089	0 1.1255e+07 4.99999e+06 	1.6255e+07	6.30407	6.5039	12399	666.612	0.0207186	0	1.02	1.02
77.7	0.00201986	0.00110594	19820.4	1050	105	19244.4	47.0993	47.0993	188.397	188.397	0 22404.8 1025.87 	23430.7	0.00312581	2.36088e-08	2.01055	1050	2.01055	0 1.12568e+07 4.99999e+06 	1.62568e+07	6.30384	6.5039	12399	666.612	0.0206592	0	1.02	1.02
77.85	0.00201988	0.00110616	19825.3	1050	105	19249	47.1269	47.1269	188.508	188.508	0 22404.2 1024.25 	23428.5	0.00312605	2.3256e-08	1.98065	1050	1.98065	0 1.12585e+07 4.99999e+06 	1.62585e+07	6.30363	6.5039	12399	666.612	0.0206003	0	1.02	1.02
78	0.00201991	0.00110638	19830.1	1050	105	19253.6	47.1545	47.1545	188.618	188.618	0 22403.6 1022.63 	23426.3	0.00312628	2.29085e-08	1.95121	1050	1.95121	0 1.12602e+07 4.99999e+06 	1.62602e+07	6.30341	6.5039	12399	666.612	0.0205418	0	1.02	1.02
78.15	0.00201993	0.00110659	19835	1050	105	19258.2	47.1821	47.1821	188.728	188.728	0 22403 1021.01 	23424	0.00312652	2.25662e-08	1.9222	1050	1.9222	0 1.12619e+07 4.99999e+06 	1.62619e+07	6.30319	6.5039	12399	666.612	0.0204839	0	1.02	1.02
78.3	0.00201995	0.0011068	19839.8	1050	105	19262.7	47.2098	47.2098	188.839	188.839	0 22402.3 1019.4 	23421.7	0.00312676	2.2229e-08	1.89362	1050	1.89362	0 1.12636e+07 4.99999e+06 	1.62636e+07	6.30298	6.5039	12399	666.612	0.0204265	0	1.02	1.02
78.45	0.00201998	0.00110701	19844.5	1050	105	19267.2	47.2374	47.2374	188.95	188.95	0 22401.7 1017.79 	23419.5	0.00312699	2.18968e-08	1.86546	1050	1.86546	0 1.12653e+07 4.99999e+06 	1.62653e+07	6.30277	6.5039	12399	666.612	0.0203696	0	1.02	1.02
78.6	0.00202	0.00110722	19849.3	1050	105	19271.6	47.2652	47.2652	189.061	189.061	0 22401 1016.18 	23417.2	0.00312722	2.15697e-08	1.83772	1050	1.83772	0 1.1267e+07 4.99999e+06 	1.6267e+07	6.30256	6.5039	12399	666.612	0.0203131	0	1.02	1.02
78.75	0.00202002	0.00110743	19854	1050	105	19276	47.2929	47.2929	189.172	189.172	0 22400.3 1014.57 	23414.9	0.00312745	2.12474e-08	1.8104	1050	1.8104	0 1.12686e+07 4.99999e+06 	1.62686e+07	6.30235	6.5039	12399	666.612	0.0202571	0	1.02	1.02
78.9	0.00202004	0.00110764	19858.6	1050	105	19280.4	47.3207	47.3207	189.283	189.283	0 22399.5 1012.97 	23412.5	0.00312768	2.09299e-08	1.78348	1050	1.78348	0 1.12703e+07 4.99999e+06 	1.62703e+07	6.30215	6.5039	12399	666.612	0.0202016	0	1.02	1.02
79.05	0.00202006	0.00110784	19863.3	1050	105	19284.8	47.3485	47.3485	189.394	189.394	0 22398.8 1011.37 	23410.2	0.00312791	2.06172e-08	1.75696	1050	1.75696	0 1.12719e+07 4.99999e+06 	1.62719e+07	6.30195	6.5039	12399	666.612	0.0201466	0	1.02	1.02
79.2	0.00202009	0.00110805	19867.9	1050	105	19289.1	47.3763	47.3763	189.505	189.505	0 22398 1009.77 	23407.8	0.00312813	2.03092e-08	1.73083	1050	1.73083	0 1.12735e+07 4.99999e+06 	1.62735e+07	6.30174	6.5039	12399	666.612	0.020092	0	1.02	1.02
79.35	0.00202011	0.00110825	19872.4	1050	105	19293.4	47.4042	47.4042	189.617	189.617	0 22397.2 1008.17 	23405.4	0.00312836	2.00057e-08	1.70509	1050	1.70509	0 1.12751e+07 4.99999e+06 	1.62751e+07	6.30154	6.5039	12399	666.612	0.0200379	0	1.02	1.02
79.5	0.00202013	0.00110845	19877	1050	105	19297.6	47.4321	47.4321	189.728	189.728	0 22396.4 1006.58 	23403	0.00312858	1.97068e-08	1.67974	1050	1.67974	0 1.12767e+07 4.99999e+06 	1.62767e+07	6.30135	6.5039	12399	666.612	0.0199842	0	1.02	1.02
79.65	0.00202015	0.00110865	19881.5	1050	105	19301.9	47.46	47.46	189.84	189.84	0 22395.6 1004.99 	23400.6	0.0031288	1.94124e-08	1.65476	1050	1.65476	0 1.12783e+07 4.99999e+06 	1.62783e+07	6.30115	6.5039	12399	666.612	0.019931	0	1.02	1.02
79.8	0.00202017	0.00110885	19885.9	1050	105	19306.1	47.488	47.488	189.952	189.952	0 22394.8 1003.4 	23398.2	0.00312902	1.91224e-08	1.63015	1050	1.63015	0 1.12799e+07 4.99999e+06 	1.62799e+07	6.30096	6.5039	12399	666.612	0.0198782	0	1.02	1.02
79.95	0.00202019	0.00110904	19890.4	1050	105	19310.2	47.516	47.516	190.064	190.064	0 22393.9 1001.82 	23395.8	0.00312923	1.88367e-08	1.60591	1050	1.60591	0 1.12815e+07 4.99999e+06 	1.62815e+07	6.30076	6.5039	12399	666.612	0.0198258	0	1.02	1.02
80.1	0.00202021	0.00110924	19894.8	1050	105	19314.3	47.544	47.544	190.176	190.176	0 22393.1 1000.23 	23393.3	0.00312945	1.85553e-08	1.58202	1050	1.58202	0 1.1283e+07 4.99999e+06 	1.6283e+07	6.30057	6.5039	12399	666.612	0.0197738	0	1.02	1.02
80.25	0.00202023	0.00110943	19899.2	1050	105	19318.4	47.5721	47.5721	190.288	190.288	0 22392.2 998.654 	23390.8	0.00312966	1.82781e-08	1.5585	1050	1.5585	0 1.12846e+07 5e+06 	1.62846e+07	6.30038	6.5039	12399	666.612	0.0197223	0	1.02	1.02
80.4	0.00202025	0.00110962	19903.5	1050	105	19322.5	47.6002	47.6002	190.401	190.401	0 22391.3 997.077 	23388.3	0.00312987	1.8005e-08	1.53532	1050	1.53532	0 1.12861e+07 5e+06 	1.62861e+07	6.30019	6.5039	12399	666.612	0.0196712	0	1.02	1.02
80.55	0.00202027	0.00110981	19907.8	1050	105	19326.5	47.6283	47.6283	190.513	190.513	0 22390.4 995.502 	23385.9	0.00313009	1.77361e-08	1.51248	1050	1.51248	0 1.12876e+07 5e+06 	1.62876e+07	6.3	6.5039	12399	666.612	0.0196204	0	1.02	1.02
80.7	0.00202029	0.00111	19912.1	1050	105	19330.6	47.6565	47.6565	190.626	190.626	0 22389.4 993.93 	23383.3	0.00313029	1.74711e-08	1.48999	1050	1.48999	0 1.12891e+07 5e+06 	1.62891e+07	6.29982	6.5039	12399	666.612	0.0195701	0	1.02	1.02
80.85	0.00202031	0.00111019	19916.4	1050	105	19334.5	47.6847	47.6847	190.739	190.739	0 22388.5 992.361 	23380.8	0.0031305	1.72101e-08	1.46783	1050	1.46783	0 1.12906e+07 5e+06 	1.62906e+07	6.29964	6.5039	12399	666.612	0.0195202	0	1.02	1.02
81	0.00202033	0.00111038	19920.6	1050	105	19338.5	47.7129	47.7129	190.852	190.852	0 22387.5 990.794 	23378.3	0.00313071	1.6953e-08	1.446	1050	1.446	0 1.12921e+07 5e+06 	1.62921e+07	6.29945	6.5039	12399	666.612	0.0194707	0	1.02	1.02
81.15	0.00202035	0.00111056	19924.8	1050	105	19342.4	47.7412	47.7412	190.965	190.965	0 22386.5 989.23 	23375.8	0.00313091	1.66998e-08	1.42449	1050	1.42449	0 1.12936e+07 5e+06 	1.62936e+07	6.29927	6.5039	12399	666.612	0.0194215	0	1.02	1.02
81.3	0.00202037	0.00111075	19929	1050	105	19346.3	47.7695	47.7695	191.078	191.078	0 22385.5 987.668 	23373.2	0.00313112	1.64503e-08	1.4033	1050	1.4033	0 1.12951e+07 5e+06 	1.62951e+07	6.29909	6.5039	12399	666.612	0.0193727	0	1.02	1.02
81.45	0.00202039	0.00111093	19933.1	1050	105	19350.2	47.7978	47.7978	191.191	191.191	0 22384.5 986.11 	23370.6	0.00313132	1.62046e-08	1.38243	1050	1.38243	0 1.12965e+07 5e+06 	1.62965e+07	6.29891	6.5039	12399	666.612	0.0193243	0	1.02	1.02
81.6	0.00202041	0.00111111	19937.3	1050	105	19354	47.8262	47.8262	191.305	191.305	0 22383.5 984.554 	23368.1	0.00313152	1.59626e-08	1.36187	1050	1.36187	0 1.1298e+07 5e+06 	1.6298e+07	6.29874	6.5039	12399	666.612	0.0192763	0	1.02	1.02
81.75	0.00202043	0.0011113	19941.4	1050	105	19357.8	47.8546	47.8546	191.418	191.418	0 22382.5 983 	23365.5	0.00313172	1.57241e-08	1.34161	1050	1.34161	0 1.12994e+07 5e+06 	1.62994e+07	6.29856	6.5039	12399	666.612	0.0192286	0	1.02	1.02
81.9	0.00202044	0.00111148	19945.4	1050	105	19361.6	47.883	47.883	191.532	191.532	0 22381.4 981.45 	23362.9	0.00313192	1.54893e-08	1.32166	1050	1.32166	0 1.13008e+07 5e+06 	1.63008e+07	6.29839	6.5039	12399	666.612	0.0191813	0	1.02	1.02
82.05	0.00202046	0.00111165	19949.5	1050	105	19365.3	47.9115	47.9115	191.646	191.646	0 22380.4 979.902 	23360.3	0.00313212	1.52579e-08	1.302	1050	1.302	0 1.13023e+07 5e+06 	1.63023e+07	6.29822	6.5039	12399	666.612	0.0191344	0	1.02	1.02
82.2	0.00202048	0.00111183	19953.5	1050	105	19369.1	47.94	47.94	191.76	191.76	0 22379.3 978.356 	23357.7	0.00313231	1.503e-08	1.28263	1050	1.28263	0 1.13037e+07 5e+06 	1.63037e+07	6.29804	6.5039	12399	666.612	0.0190878	0	1.02	1.02
82.35	0.0020205	0.00111201	19957.5	1050	105	19372.8	47.9685	47.9685	191.874	191.874	0 22378.2 976.814 	23355	0.00313251	1.48055e-08	1.26355	1050	1.26355	0 1.13051e+07 5e+06 	1.63051e+07	6.29787	6.5039	12399	666.612	0.0190415	0	1.02	1.02
82.5	0.00202052	0.00111218	19961.4	1050	105	19376.5	47.9971	47.9971	191.988	191.988	0 22377.1 975.274 	23352.4	0.0031327	1.45844e-08	1.24476	1050	1.24476	0 1.13065e+07 5e+06 	1.63065e+07	6.2977	6.5039	12399	666.612	0.0189956	0	1.02	1.02
82.65	0.00202054	0.00111236	19965.4	1050	105	19380.1	48.0257	48.0257	192.103	192.103	0 22376 973.736 	23349.8	0.00313289	1.43666e-08	1.22624	1050	1.22624	0 1.13079e+07 5e+06 	1.63079e+07	6.29754	6.5039	12399	666.612	0.0189501	0	1.02	1.02
82.8	0.00202055	0.00111253	19969.3	1050	105	19383.7	48.0543	48.0543	192.217	192.217	0 22374.9 972.202 	23347.1	0.00313308	1.4152e-08	1.208	1050	1.208	0 1.13092e+07 5e+06 	1.63092e+07	6.29737	6.5039	12399	666.612	0.0189048	0	1.02	1.02
82.95	0.00202057	0.0011127	19973.2	1050	105	19387.3	48.083	48.083	192.332	192.332	0 22373.8 970.67 	23344.4	0.00313327	1.39406e-08	1.19003	1050	1.19003	0 1.13106e+07 5e+06 	1.63106e+07	6.29721	6.5039	12399	666.612	0.0188599	0	1.02	1.02
83.1	0.00202059	0.00111287	19977	1050	105	19390.9	48.1117	48.1117	192.447	192.447	0 22372.6 969.14 	23341.8	0.00313346	1.37324e-08	1.17233	1050	1.17233	0 1.1312e+07 5e+06 	1.6312e+07	6.29704	6.5039	12399	666.612	0.0188153	0	1.02	1.02
83.25	0.00202061	0.00111304	19980.9	1050	105	19394.5	48.1404	48.1404	192.562	192.562	0 22371.5 967.614 	23339.1	0.00313365	1.35273e-08	1.15489	1050	1.15489	0 1.13133e+07 5e+06 	1.63133e+07	6.29688	6.5039	12399	666.612	0.018771	0	1.02	1.02
83.4	0.00202062	0.00111321	19984.7	1050	105	19398	48.1692	48.1692	192.677	192.677	0 22370.3 966.09 	23336.4	0.00313383	1.33253e-08	1.13771	1050	1.13771	0 1.13147e+07 5e+06 	1.63146e+07	6.29672	6.5039	12399	666.612	0.0187271	0	1.02	1.02
83.55	0.00202064	0.00111338	19988.5	1050	105	19401.5	48.198	48.198	192.792	192.792	0 22369.2 964.569 	23333.7	0.00313402	1.31263e-08	1.12078	1050	1.12078	0 1.1316e+07 5e+06 	1.6316e+07	6.29656	6.5039	12399	666.612	0.0186835	0	1.02	1.02
83.7	0.00202066	0.00111355	19992.2	1050	105	19405	48.2268	48.2268	192.907	192.907	0 22368 963.05 	23331	0.0031342	1.29303e-08	1.10411	1050	1.10411	0 1.13173e+07 5e+06 	1.63173e+07	6.2964	6.5039	12399	666.612	0.0186401	0	1.02	1.02
83.85	0.00202067	0.00111371	19996	1050	105	19408.4	48.2557	48.2557	193.023	193.023	0 22366.8 961.534 	23328.3	0.00313439	1.27372e-08	1.08768	1050	1.08768	0 1.13186e+07 5e+06 	1.63186e+07	6.29624	6.5039	12399	666.612	0.0185971	0	1.02	1.02
84	0.00202069	0.00111388	19999.7	1050	105	19411.9	48.2846	48.2846	193.139	193.139	0 22365.6 960.021 	23325.6	0.00313457	1.25469e-08	1.0715	1050	1.0715	0 1.13199e+07 5e+06 	1.63199e+07	6.29608	6.5039	12399	666.612	0.0185544	0	1.02	1.02
84.15	0.00202071	0.00111404	20003.4	1050	105	19415.3	48.3136	48.3136	193.254	193.254	0 22364.4 958.511 	23322.9	0.00313475	1.23596e-08	1.05556	1050	1.05556	0 1.13212e+07 5e+06 	1.63212e+07	6.29592	6.5039	12399	666.612	0.0185119	0	1.02	1.02
84.3	0.00202072	0.0011142	20007.1	1050	105	19418.7	48.3426	48.3426	193.37	193.37	0 22363.2 957.003 	23320.2	0.00313493	1.2175e-08	1.03986	1050	1.03986	0 1.13225e+07 5e+06 	1.63225e+07	6.29577	6.5039	12399	666.612	0.0184698	0	1.02	1.02
84.45	0.00202074	0.00111436	20010.8	1050	105	19422	48.3716	48.3716	193.486	193.486	0 22361.9 955.498 	23317.4	0.0031351	1.19932e-08	1.02439	1050	1.02439	0 1.13238e+07 5e+06 	1.63238e+07	6.29561	6.5039	12399	666.612	0.0184279	0	1.02	1.02
84.6	0.00202076	0.00111452	20014.4	1050	105	19425.4	48.4006	48.4006	193.603	193.603	0 22360.7 953.995 	23314.7	0.00313528	1.18141e-08	1.00915	1050	1.00915	0 1.13251e+07 5e+06 	1.63251e+07	6.29546	6.5039	12399	666.612	0.0183864	0	1.02	1.02
84.75	0.00202077	0.00111468	20018	1050	105	19428.7	48.4297	48.4297	193.719	193.719	0 22359.5 952.495 	23312	0.00313546	1.16377e-08	0.994132	1050	0.994132	0 1.13264e+07 5e+06 	1.63264e+07	6.29531	6.5039	12399	666.612	0.0183451	0	1.02	1.02
84.9	0.00202079	0.00111484	20021.6	1050	105	19432	48.4589	48.4589	193.835	193.835	0 22358.2 950.998 	23309.2	0.00313563	1.14639e-08	0.979341	1050	0.979341	0 1.13276e+07 5e+06 	1.63276e+07	6.29516	6.5039	12399	666.612	0.0183041	0	1.02	1.02
85.05	0.00202081	0.001115	20025.2	1050	105	19435.3	48.488	48.488	193.952	193.952	0 22357 949.504 	23306.5	0.00313581	1.12927e-08	0.964771	1050	0.964771	0 1.13289e+07 5e+06 	1.63289e+07	6.29501	6.5039	12399	666.612	0.0182634	0	1.02	1.02
85.2	0.00202082	0.00111516	20028.7	1050	105	19438.5	48.5172	48.5172	194.069	194.069	0 22355.7 948.012 	23303.7	0.00313598	1.11241e-08	0.950417	1050	0.950417	0 1.13301e+07 5e+06 	1.63301e+07	6.29486	6.5039	12399	666.612	0.0182229	0	1.02	1.02
85.35	0.00202084	0.00111531	20032.2	1050	105	19441.8	48.5465	48.5465	194.186	194.186	0 22354.4 946.523 	23300.9	0.00313615	1.0958e-08	0.936276	1050	0.936276	0 1.13314e+07 5e+06 	1.63314e+07	6.29471	6.5039	12399	666.612	0.0181827	0	1.02	1.02
85.5	0.00202085	0.00111547	20035.8	1050	105	19445	48.5757	48.5757	194.303	194.303	0 22353.1 945.037 	23298.2	0.00313632	1.07943e-08	0.922346	1050	0.922346	0 1.13326e+07 5e+06 	1.63326e+07	6.29456	6.5039	12399	666.612	0.0181428	0	1.02	1.02
85.65	0.00202087	0.00111562	20039.2	1050	105	19448.2	48.605	48.605	194.42	194.42	0 22351.8 943.553 	23295.4	0.00313649	1.06332e-08	0.908622	1050	0.908622	0 1.13338e+07 5e+06 	1.63338e+07	6.29442	6.5039	12399	666.612	0.0181031	0	1.02	1.02
85.8	0.00202089	0.00111578	20042.7	1050	105	19451.4	48.6344	48.6344	194.538	194.538	0 22350.5 942.072 	23292.6	0.00313666	1.04744e-08	0.895103	1050	0.895103	0 1.13351e+07 5e+06 	1.63351e+07	6.29427	6.5039	12399	666.612	0.0180637	0	1.02	1.02
85.95	0.0020209	0.00111593	20046.2	1050	105	19454.5	48.6638	48.6638	194.655	194.655	0 22349.2 940.594 	23289.8	0.00313683	1.0318e-08	0.881785	1050	0.881785	0 1.13363e+07 5e+06 	1.63363e+07	6.29412	6.5039	12399	666.612	0.0180246	0	1.02	1.02
86.1	0.00202092	0.00111608	20049.6	1050	105	19457.7	48.6932	48.6932	194.773	194.773	0 22347.9 939.119 	23287.1	0.003137	1.01639e-08	0.868665	1050	0.868665	0 1.13375e+07 5e+06 	1.63375e+07	6.29398	6.5039	12399	666.612	0.0179856	0	1.02	1.02
86.25	0.00202093	0.00111623	20053	1050	105	19460.8	48.7226	48.7226	194.891	194.891	0 22346.6 937.646 	23284.3	0.00313716	1.00122e-08	0.85574	1050	0.85574	0 1.13387e+07 5e+06 	1.63387e+07	6.29384	6.5039	12399	666.612	0.017947	0	1.02	1.02
86.4	0.00202095	0.00111638	20056.4	1050	105	19463.9	48.7521	48.7521	195.008	195.008	0 22345.3 936.176 	23281.5	0.00313733	9.86267e-09	0.843007	1050	0.843007	0 1.13399e+07 5e+06 	1.63399e+07	6.2937	6.5039	12399	666.612	0.0179086	0	1.02	1.02
86.55	0.00202096	0.00111653	20059.8	1050	105	19467	48.7816	48.7816	195.127	195.127	0 22344 934.708 	23278.7	0.00313749	9.71541e-09	0.830464	1050	0.830464	0 1.13411e+07 5e+06 	1.63411e+07	6.29355	6.5039	12399	666.612	0.0178704	0	1.02	1.02
86.7	0.00202098	0.00111668	20063.1	1050	105	19470	48.8112	48.8112	195.245	195.245	0 22342.6 933.243 	23275.9	0.00313765	9.57035e-09	0.818107	1050	0.818107	0 1.13422e+07 5e+06 	1.63422e+07	6.29341	6.5039	12399	666.612	0.0178325	0	1.02	1.02
86.85	0.00202099	0.00111682	20066.5	1050	105	19473.1	48.8408	48.8408	195.363	195.363	0 22341.3 931.781 	23273.1	0.00313782	9.42746e-09	0.805933	1050	0.805933	0 1.13434e+07 5e+06 	1.63434e+07	6.29327	6.5039	12399	666.612	0.0177948	0	1.02	1.02
87	0.00202101	0.00111697	20069.8	1050	105	19476.1	48.8704	48.8704	195.482	195.482	0 22340 930.322 	23270.3	0.00313798	9.28671e-09	0.793941	1050	0.793941	0 1.13446e+07 5e+06 	1.63446e+07	6.29313	6.5039	12399	666.612	0.0177573	0	1.02	1.02
87.15	0.00202102	0.00111712	20073.1	1050	105	19479.1	48.9001	48.9001	195.6	195.6	0 22338.6 928.865 	23267.5	0.00313814	9.14805e-09	0.782127	1050	0.782127	0 1.13457e+07 5e+06 	1.63457e+07	6.293	6.5039	12399	666.612	0.0177201	0	1.02	1.02
87.3	0.00202104	0.00111726	20076.4	1050	105	19482.1	48.9298	48.9298	195.719	195.719	0 22337.2 927.411 	23264.7	0.0031383	9.01147e-09	0.770489	1050	0.770489	0 1.13469e+07 5e+06 	1.63469e+07	6.29286	6.5039	12399	666.612	0.0176831	0	1.02	1.02
87.45	0.00202105	0.00111741	20079.6	1050	105	19485	48.9596	48.9596	195.838	195.838	0 22335.9 925.959 	23261.8	0.00313846	8.87693e-09	0.759024	1050	0.759024	0 1.1348e+07 5e+06 	1.6348e+07	6.29272	6.5039	12399	666.612	0.0176463	0	1.02	1.02
87.6	0.00202107	0.00111755	20082.9	1050	105	19488	48.9893	48.9893	195.957	195.957	0 22334.5 924.511 	23259	0.00313861	8.7444e-09	0.74773	1050	0.74773	0 1.13492e+07 5e+06 	1.63492e+07	6.29259	6.5039	12399	666.612	0.0176098	0	1.02	1.02
87.75	0.00202108	0.00111769	20086.1	1050	105	19490.9	49.0192	49.0192	196.077	196.077	0 22333.1 923.065 	23256.2	0.00313877	8.61385e-09	0.736603	1050	0.736603	0 1.13503e+07 5e+06 	1.63503e+07	6.29245	6.5039	12399	666.612	0.0175734	0	1.02	1.02
87.9	0.00202109	0.00111783	20089.3	1050	105	19493.8	49.049	49.049	196.196	196.196	0 22331.8 921.621 	23253.4	0.00313893	8.48525e-09	0.725642	1050	0.725642	0 1.13514e+07 5e+06 	1.63514e+07	6.29232	6.5039	12399	666.612	0.0175373	0	1.02	1.02
88.05	0.00202111	0.00111797	20092.5	1050	105	19496.7	49.0789	49.0789	196.316	196.316	0 22330.4 920.18 	23250.6	0.00313908	8.35857e-09	0.714844	1050	0.714844	0 1.13526e+07 5e+06 	1.63526e+07	6.29218	6.5039	12399	666.612	0.0175014	0	1.02	1.02
88.2	0.00202112	0.00111811	20095.7	1050	105	19499.6	49.1088	49.1088	196.435	196.435	0 22329 918.742 	23247.7	0.00313924	8.23378e-09	0.704207	1050	0.704207	0 1.13537e+07 5e+06 	1.63537e+07	6.29205	6.5039	12399	666.612	0.0174657	0	1.02	1.02
88.35	0.00202114	0.00111825	20098.9	1050	105	19502.5	49.1388	49.1388	196.555	196.555	0 22327.6 917.307 	23244.9	0.00313939	8.11086e-09	0.693728	1050	0.693728	0 1.13548e+07 5e+06 	1.63548e+07	6.29192	6.5039	12399	666.612	0.0174302	0	1.02	1.02
88.5	0.00202115	0.00111839	20102	1050	105	19505.3	49.1688	49.1688	196.675	196.675	0 22326.2 915.874 	23242.1	0.00313954	7.98977e-09	0.683404	1050	0.683404	0 1.13559e+07 5e+06 	1.63559e+07	6.29178	6.5039	12399	666.612	0.0173949	0	1.02	1.02
88.65	0.00202117	0.00111853	20105.1	1050	105	19508.1	49.1989	49.1989	196.795	196.795	0 22324.8 914.444 	23239.3	0.0031397	7.87049e-09	0.673234	1050	0.673234	0 1.1357e+07 5e+06 	1.6357e+07	6.29165	6.5039	12399	666.612	0.0173599	0	1.02	1.02
88.8	0.00202118	0.00111867	20108.3	1050	105	19511	49.2289	49.2289	196.916	196.916	0 22323.4 913.017 	23236.4	0.00313985	7.753e-09	0.663216	1050	0.663216	0 1.13581e+07 5e+06 	1.63581e+07	6.29152	6.5039	12399	666.612	0.017325	0	1.02	1.02
88.95	0.00202119	0.00111881	20111.4	1050	105	19513.8	49.259	49.259	197.036	197.036	0 22322 911.592 	23233.6	0.00314	7.63725e-09	0.653346	1050	0.653346	0 1.13592e+07 5e+06 	1.63592e+07	6.29139	6.5039	12399	666.612	0.0172903	0	1.02	1.02
89.1	0.00202121	0.00111894	20114.4	1050	105	19516.5	49.2892	49.2892	197.157	197.157	0 22320.6 910.17 	23230.8	0.00314015	7.52324e-09	0.643624	1050	0.643624	0 1.13603e+07 5e+06 	1.63603e+07	6.29126	6.5039	12399	666.612	0.0172559	0	1.02	1.02
89.25	0.00202124	0.00111907	20117.5	1050	105	19519.3	49.3194	49.3194	197.278	197.278	0 22322 908.826 	23230.8	0.00314031	7.4109e-09	0.634046	1050	0.634046	0 1.13614e+07 5e+06 	1.63614e+07	6.29096	6.5039	12399	666.612	0.017223	0	1.02	1.02
89.4	0.00202123	0.00111921	20120.6	1050	105	19522.1	49.3496	49.3496	197.399	197.399	0 22317.7 907.334 	23225.1	0.00314045	7.3003e-09	0.62461	1050	0.62461	0 1.13624e+07 5e+06 	1.63624e+07	6.29101	6.5039	12399	666.612	0.0171875	0	1.02	1.02
89.55	0.00202125	0.00111935	20123.6	1050	105	19524.8	49.3799	49.3799	197.52	197.52	0 22316.3 905.92 	23222.2	0.0031406	7.19132e-09	0.615315	1050	0.615315	0 1.13635e+07 5e+06 	1.63635e+07	6.29088	6.5039	12399	666.612	0.0171536	0	1.02	1.02
89.7	0.00202126	0.00111948	20126.6	1050	105	19527.5	49.4102	49.4102	197.641	197.641	0 22314.9 904.509 	23219.4	0.00314074	7.08397e-09	0.606158	1050	0.606158	0 1.13646e+07 5e+06 	1.63646e+07	6.29075	6.5039	12399	666.612	0.0171199	0	1.02	1.02
89.85	0.00202128	0.00111961	20129.6	1050	105	19530.2	49.4405	49.4405	197.762	197.762	0 22313.5 903.101 	23216.6	0.00314089	6.97822e-09	0.597137	1050	0.597137	0 1.13656e+07 5e+06 	1.63656e+07	6.29063	6.5039	12399	666.612	0.0170864	0	1.02	1.02
90	0.00202129	0.00111974	20132.6	1050	105	19532.9	49.4709	49.4709	197.884	197.884	0 22312 901.695 	23213.7	0.00314103	6.87406e-09	0.58825	1050	0.58825	0 1.13667e+07 5e+06 	1.63667e+07	6.2905	6.5039	12399	666.612	0.017053	0	1.02	1.02
90.15	0.0020213	0.00111988	20135.6	1050	105	19535.6	49.5013	49.5013	198.005	198.005	0 22310.6 900.291 	23210.9	0.00314118	6.77144e-09	0.579496	1050	0.579496	0 1.13677e+07 5e+06 	1.63677e+07	6.29037	6.5039	12399	666.612	0.0170199	0	1.02	1.02
90.3	0.00202132	0.00112001	20138.6	1050	105	19538.3	49.5318	49.5318	198.127	198.127	0 22309.2 898.891 	23208.1	0.00314132	6.67036e-09	0.570872	1050	0.570872	0 1.13688e+07 5e+06 	1.63688e+07	6.29025	6.5039	12399	666.612	0.0169869	0	1.02	1.02
90.45	0.00202133	0.00112014	20141.5	1050	105	19540.9	49.5623	49.5623	198.249	198.249	0 22307.7 897.492 	23205.2	0.00314147	6.57079e-09	0.562376	1050	0.562376	0 1.13698e+07 5e+06 	1.63698e+07	6.29013	6.5039	12399	666.612	0.0169541	0	1.02	1.02
90.6	0.00202134	0.00112027	20144.5	1050	105	19543.5	49.5928	49.5928	198.371	198.371	0 22306.3 896.097 	23202.4	0.00314161	6.47271e-09	0.554007	1050	0.554007	0 1.13708e+07 5e+06 	1.63708e+07	6.29	6.5039	12399	666.612	0.0169214	0	1.02	1.02
90.75	0.00202136	0.00112039	20147.4	1050	105	19546.2	49.6234	49.6234	198.494	198.494	0 22304.8 894.704 	23199.6	0.00314175	6.37609e-09	0.545762	1050	0.545762	0 1.13719e+07 5e+06 	1.63719e+07	6.28988	6.5039	12399	666.612	0.016889	0	1.02	1.02
90.9	0.00202137	0.00112052	20150.3	1050	105	19548.8	49.654	49.654	198.616	198.616	0 22303.4 893.314 	23196.7	0.00314189	6.28092e-09	0.537639	1050	0.537639	0 1.13729e+07 5e+06 	1.63729e+07	6.28976	6.5039	12399	666.612	0.0168567	0	1.02	1.02
91.05	0.00202138	0.00112065	20153.2	1050	105	19551.3	49.6847	49.6847	198.739	198.739	0 22302 891.927 	23193.9	0.00314203	6.18717e-09	0.529638	1050	0.529638	0 1.13739e+07 5e+06 	1.63739e+07	6.28964	6.5039	12399	666.612	0.0168246	0	1.02	1.02
91.2	0.00202139	0.00112078	20156.1	1050	105	19553.9	49.7154	49.7154	198.861	198.861	0 22300.5 890.542 	23191	0.00314217	6.09481e-09	0.521755	1050	0.521755	0 1.13749e+07 5e+06 	1.63749e+07	6.28952	6.5039	12399	666.612	0.0167926	0	1.02	1.02
91.35	0.00202141	0.0011209	20158.9	1050	105	19556.5	49.7461	49.7461	198.984	198.984	0 22299 889.16 	23188.2	0.00314231	6.00384e-09	0.51399	1050	0.51399	0 1.13759e+07 5e+06 	1.63759e+07	6.28939	6.5039	12399	666.612	0.0167609	0	1.02	1.02
91.5	0.00202142	0.00112103	20161.8	1050	105	19559	49.7768	49.7768	199.107	199.107	0 22297.6 887.781 	23185.4	0.00314245	5.91423e-09	0.506341	1050	0.506341	0 1.13769e+07 5e+06 	1.63769e+07	6.28927	6.5039	12399	666.612	0.0167292	0	1.02	1.02
91.65	0.00202143	0.00112116	20164.6	1050	105	19561.6	49.8076	49.8076	199.231	199.231	0 22296.1 886.404 	23182.5	0.00314259	5.82595e-09	0.498805	1050	0.498805	0 1.13779e+07 5e+06 	1.63779e+07	6.28916	6.5039	12399	666.612	0.0166978	0	1.02	1.02
91.8	0.00202145	0.00112128	20167.5	1050	105	19564.1	49.8385	49.8385	199.354	199.354	0 22294.7 885.03 	23179.7	0.00314273	5.73899e-09	0.491381	1050	0.491381	0 1.13789e+07 5e+06 	1.63789e+07	6.28904	6.5039	12399	666.612	0.0166665	0	1.02	1.02
91.95	0.00202146	0.0011214	20170.3	1050	105	19566.6	49.8694	49.8694	199.477	199.477	0 22293.2 883.658 	23176.9	0.00314286	5.65333e-09	0.484068	1050	0.484068	0 1.13799e+07 5e+06 	1.63799e+07	6.28892	6.5039	12399	666.612	0.0166353	0	1.02	1.02
92.1	0.00202147	0.00112153	20173.1	1050	105	19569.1	49.9003	49.9003	199.601	199.601	0 22291.7 882.289 	23174	0.003143	5.56895e-09	0.476864	1050	0.476864	0 1.13809e+07 5e+06 	1.63809e+07	6.2888	6.5039	12399	666.612	0.0166044	0	1.02	1.02
92.25	0.00202148	0.00112165	20175.9	1050	105	19571.6	49.9312	49.9312	199.725	199.725	0 22290.3 880.923 	23171.2	0.00314313	5.48583e-09	0.469766	1050	0.469766	0 1.13819e+07 5e+06 	1.63819e+07	6.28868	6.5039	12399	666.612	0.0165735	0	1.02	1.02
92.4	0.0020215	0.00112177	20178.6	1050	105	19574	49.9622	49.9622	199.849	199.849	0 22288.8 879.559 	23168.4	0.00314327	5.40395e-09	0.462775	1050	0.462775	0 1.13829e+07 5e+06 	1.63829e+07	6.28856	6.5039	12399	666.612	0.0165429	0	1.02	1.02
92.55	0.00202151	0.00112189	20181.4	1050	105	19576.5	49.9933	49.9933	199.973	199.973	0 22287.3 878.198 	23165.5	0.0031434	5.32329e-09	0.455887	1050	0.455887	0 1.13838e+07 5e+06 	1.63838e+07	6.28845	6.5039	12399	666.612	0.0165123	0	1.02	1.02
92.7	0.00202152	0.00112202	20184.2	1050	105	19578.9	50.0243	50.0243	200.097	200.097	0 22285.9 876.84 	23162.7	0.00314354	5.24384e-09	0.449102	1050	0.449102	0 1.13848e+07 5e+06 	1.63848e+07	6.28833	6.5039	12399	666.612	0.016482	0	1.02	1.02
92.85	0.00202153	0.00112214	20186.9	1050	105	19581.4	50.0555	50.0555	200.222	200.222	0 22284.4 875.484 	23159.9	0.00314367	5.16558e-09	0.442418	1050	0.442418	0 1.13858e+07 5e+06 	1.63858e+07	6.28822	6.5039	12399	666.612	0.0164517	0	1.02	1.02
93	0.00202155	0.00112226	20189.6	1050	105	19583.8	50.0866	50.0866	200.346	200.346	0 22282.9 874.131 	23157.1	0.0031438	5.08848e-09	0.435833	1050	0.435833	0 1.13867e+07 5e+06 	1.63867e+07	6.2881	6.5039	12399	666.612	0.0164217	0	1.02	1.02
93.15	0.00202156	0.00112238	20192.4	1050	105	19586.2	50.1178	50.1178	200.471	200.471	0 22281.4 872.781 	23154.2	0.00314394	5.01254e-09	0.429346	1050	0.429346	0 1.13877e+07 5e+06 	1.63877e+07	6.28798	6.5039	12399	666.612	0.0163917	0	1.02	1.02
93.3	0.00202157	0.0011225	20195.1	1050	105	19588.6	50.149	50.149	200.596	200.596	0 22280 871.433 	23151.4	0.00314407	4.93772e-09	0.422956	1050	0.422956	0 1.13886e+07 5e+06 	1.63886e+07	6.28787	6.5039	12399	666.612	0.0163619	0	1.02	1.02
93.45	0.00202158	0.00112262	20197.8	1050	105	19591	50.1803	50.1803	200.721	200.721	0 22278.5 870.087 	23148.6	0.0031442	4.86403e-09	0.416661	1050	0.416661	0 1.13896e+07 5e+06 	1.63896e+07	6.28776	6.5039	12399	666.612	0.0163323	0	1.02	1.02
93.6	0.00202159	0.00112273	20200.5	1050	105	19593.3	50.2116	50.2116	200.846	200.846	0 22277 868.745 	23145.8	0.00314433	4.79144e-09	0.410459	1050	0.410459	0 1.13905e+07 5e+06 	1.63905e+07	6.28764	6.5039	12399	666.612	0.0163028	0	1.02	1.02
93.75	0.00202161	0.00112285	20203.1	1050	105	19595.7	50.2429	50.2429	200.972	200.972	0 22275.5 867.405 	23142.9	0.00314446	4.71993e-09	0.40435	1050	0.40435	0 1.13915e+07 5e+06 	1.63915e+07	6.28753	6.5039	12399	666.612	0.0162734	0	1.02	1.02
93.9	0.00202162	0.00112297	20205.8	1050	105	19598	50.2743	50.2743	201.097	201.097	0 22274.1 866.067 	23140.1	0.00314459	4.64948e-09	0.398332	1050	0.398332	0 1.13924e+07 5e+06 	1.63924e+07	6.28742	6.5039	12399	666.612	0.0162442	0	1.02	1.02
94.05	0.00202163	0.00112309	20208.4	1050	105	19600.4	50.3058	50.3058	201.223	201.223	0 22272.6 864.733 	23137.3	0.00314472	4.58009e-09	0.392403	1050	0.392403	0 1.13933e+07 5e+06 	1.63933e+07	6.2873	6.5039	12399	666.612	0.0162151	0	1.02	1.02
94.2	0.00202164	0.0011232	20211.1	1050	105	19602.7	50.3372	50.3372	201.349	201.349	0 22271.1 863.401 	23134.5	0.00314484	4.51174e-09	0.386562	1050	0.386562	0 1.13943e+07 5e+06 	1.63943e+07	6.28719	6.5039	12399	666.612	0.0161861	0	1.02	1.02
94.35	0.00202166	0.00112332	20213.7	1050	105	19605	50.3687	50.3687	201.475	201.475	0 22269.6 862.071 	23131.7	0.00314497	4.4444e-09	0.380809	1050	0.380809	0 1.13952e+07 5e+06 	1.63952e+07	6.28708	6.5039	12399	666.612	0.0161573	0	1.02	1.02
94.5	0.00202167	0.00112343	20216.3	1050	105	19607.3	50.4003	50.4003	201.601	201.601	0 22268.1 860.744 	23128.9	0.0031451	4.37808e-09	0.375141	1050	0.375141	0 1.13961e+07 5e+06 	1.63961e+07	6.28697	6.5039	12399	666.612	0.0161286	0	1.02	1.02
94.65	0.00202168	0.00112355	20218.9	1050	105	19609.6	50.4318	50.4318	201.727	201.727	0 22266.6 859.42 	23126	0.00314523	4.31274e-09	0.369557	1050	0.369557	0 1.1397e+07 5e+06 	1.6397e+07	6.28686	6.5039	12399	666.612	0.0161	0	1.02	1.02
94.8	0.00202169	0.00112366	20221.5	1050	105	19611.9	50.4635	50.4635	201.854	201.854	0 22265.1 858.098 	23123.2	0.00314535	4.24838e-09	0.364056	1050	0.364056	0 1.13979e+07 5e+06 	1.63979e+07	6.28675	6.5039	12399	666.612	0.0160716	0	1.02	1.02
94.95	0.0020217	0.00112378	20224.1	1050	105	19614.2	50.4951	50.4951	201.98	201.98	0 22263.7 856.779 	23120.4	0.00314548	4.18497e-09	0.358638	1050	0.358638	0 1.13989e+07 5e+06 	1.63989e+07	6.28664	6.5039	12399	666.612	0.0160433	0	1.02	1.02
95.1	0.00202171	0.00112389	20226.7	1050	105	19616.4	50.5268	50.5268	202.107	202.107	0 22262.2 855.462 	23117.6	0.0031456	4.12252e-09	0.3533	1050	0.3533	0 1.13998e+07 5e+06 	1.63998e+07	6.28653	6.5039	12399	666.612	0.0160151	0	1.02	1.02
95.25	0.00202173	0.001124	20229.3	1050	105	19618.7	50.5586	50.5586	202.234	202.234	0 22260.7 854.148 	23114.8	0.00314573	4.061e-09	0.348041	1050	0.348041	0 1.14007e+07 5e+06 	1.64007e+07	6.28642	6.5039	12399	666.612	0.0159871	0	1.02	1.02
95.4	0.00202174	0.00112411	20231.8	1050	105	19620.9	50.5903	50.5903	202.361	202.361	0 22259.2 852.837 	23112	0.00314585	4.00039e-09	0.342861	1050	0.342861	0 1.14016e+07 5e+06 	1.64016e+07	6.28631	6.5039	12399	666.612	0.0159591	0	1.02	1.02
95.55	0.00202175	0.00112423	20234.4	1050	105	19623.2	50.6222	50.6222	202.489	202.489	0 22257.7 851.528 	23109.2	0.00314598	3.94069e-09	0.337757	1050	0.337757	0 1.14025e+07 5e+06 	1.64025e+07	6.2862	6.5039	12399	666.612	0.0159313	0	1.02	1.02
95.7	0.00202176	0.00112434	20236.9	1050	105	19625.4	50.654	50.654	202.616	202.616	0 22256.2 850.222 	23106.4	0.0031461	3.88189e-09	0.33273	1050	0.33273	0 1.14034e+07 5e+06 	1.64034e+07	6.28609	6.5039	12399	666.612	0.0159036	0	1.02	1.02
95.85	0.00202177	0.00112445	20239.5	1050	105	19627.6	50.6859	50.6859	202.744	202.744	0 22254.7 848.918 	23103.6	0.00314622	3.82396e-09	0.327777	1050	0.327777	0 1.14042e+07 5e+06 	1.64042e+07	6.28598	6.5039	12399	666.612	0.0158761	0	1.02	1.02
96	0.00202178	0.00112456	20242	1050	105	19629.8	50.7178	50.7178	202.871	202.871	0 22253.2 847.617 	23100.8	0.00314635	3.76689e-09	0.322898	1050	0.322898	0 1.14051e+07 5e+06 	1.64051e+07	6.28588	6.5039	12399	666.612	0.0158486	0	1.02	1.02
96.15	0.0020218	0.00112467	20244.5	1050	105	19632	50.7498	50.7498	202.999	202.999	0 22251.7 846.319 	23098.1	0.00314647	3.71068e-09	0.318092	1050	0.318092	0 1.1406e+07 5e+06 	1.6406e+07	6.28577	6.5039	12399	666.612	0.0158213	0	1.02	1.02
96.3	0.00202181	0.00112478	20247	1050	105	19634.2	50.7818	50.7818	203.127	203.127	0 22250.2 845.023 	23095.3	0.00314659	3.6553e-09	0.313357	1050	0.313357	0 1.14069e+07 5e+06 	1.64069e+07	6.28566	6.5039	12399	666.612	0.015794	0	1.02	1.02
96.45	0.00202182	0.00112489	20249.5	1050	105	19636.3	50.8139	50.8139	203.256	203.256	0 22248.8 843.73 	23092.5	0.00314671	3.60076e-09	0.308693	1050	0.308693	0 1.14078e+07 5e+06 	1.64078e+07	6.28556	6.5039	12399	666.612	0.0157669	0	1.02	1.02
96.6	0.00202183	0.001125	20252	1050	105	19638.5	50.846	50.846	203.384	203.384	0 22247.3 842.439 	23089.7	0.00314683	3.54702e-09	0.304098	1050	0.304098	0 1.14087e+07 5e+06 	1.64087e+07	6.28545	6.5039	12399	666.612	0.01574	0	1.02	1.02
96.75	0.00202184	0.00112511	20254.4	1050	105	19640.7	50.8781	50.8781	203.512	203.512	0 22245.8 841.151 	23086.9	0.00314695	3.49409e-09	0.299572	1050	0.299572	0 1.14095e+07 5e+06 	1.64095e+07	6.28534	6.5039	12399	666.612	0.0157131	0	1.02	1.02
96.9	0.00202185	0.00112522	20256.9	1050	105	19642.8	50.9103	50.9103	203.641	203.641	0 22244.3 839.865 	23084.1	0.00314707	3.44195e-09	0.295113	1050	0.295113	0 1.14104e+07 5e+06 	1.64104e+07	6.28524	6.5039	12399	666.612	0.0156863	0	1.02	1.02
97.05	0.00202186	0.00112533	20259.4	1050	105	19644.9	50.9425	50.9425	203.77	203.77	0 22242.8 838.582 	23081.4	0.00314719	3.39059e-09	0.29072	1050	0.29072	0 1.14113e+07 5e+06 	1.64113e+07	6.28513	6.5039	12399	666.612	0.0156597	0	1.02	1.02
97.2	0.00202188	0.00112543	20261.8	1050	105	19647.1	50.9748	50.9748	203.899	203.899	0 22241.3 837.302 	23078.6	0.00314731	3.34e-09	0.286392	1050	0.286392	0 1.14121e+07 5e+06 	1.64121e+07	6.28503	6.5039	12399	666.612	0.0156331	0	1.02	1.02
97.35	0.00202189	0.00112554	20264.2	1050	105	19649.2	51.0071	51.0071	204.028	204.028	0 22239.8 836.024 	23075.8	0.00314743	3.29016e-09	0.282129	1050	0.282129	0 1.1413e+07 5e+06 	1.6413e+07	6.28492	6.5039	12399	666.612	0.0156067	0	1.02	1.02
97.5	0.0020219	0.00112565	20266.7	1050	105	19651.3	51.0394	51.0394	204.158	204.158	0 22238.3 834.749 	23073.1	0.00314754	3.24106e-09	0.27793	1050	0.27793	0 1.14138e+07 5e+06 	1.64138e+07	6.28482	6.5039	12399	666.612	0.0155804	0	1.02	1.02
97.65	0.00202191	0.00112575	20269.1	1050	105	19653.4	51.0718	51.0718	204.287	204.287	0 22236.8 833.476 	23070.3	0.00314766	3.1927e-09	0.273793	1050	0.273793	0 1.14147e+07 5e+06 	1.64147e+07	6.28471	6.5039	12399	666.612	0.0155542	0	1.02	1.02
97.8	0.00202192	0.00112586	20271.5	1050	105	19655.5	51.1042	51.1042	204.417	204.417	0 22235.3 832.206 	23067.5	0.00314778	3.14506e-09	0.269717	1050	0.269717	0 1.14155e+07 5e+06 	1.64155e+07	6.28461	6.5039	12399	666.612	0.015528	0	1.02	1.02
97.95	0.00202193	0.00112596	20273.9	1050	105	19657.5	51.1366	51.1366	204.547	204.547	0 22233.8 830.938 	23064.8	0.0031479	3.09813e-09	0.265703	1050	0.265703	0 1.14164e+07 5e+06 	1.64164e+07	6.28451	6.5039	12399	666.612	0.015502	0	1.02	1.02
98.1	0.00202194	0.00112607	20276.3	1050	105	19659.6	51.1691	51.1691	204.677	204.677	0 22232.4 829.673 	23062	0.00314801	3.0519e-09	0.261747	1050	0.261747	0 1.14172e+07 5e+06 	1.64172e+07	6.2844	6.5039	12399	666.612	0.0154761	0	1.02	1.02
98.25	0.00202195	0.00112617	20278.7	1050	105	19661.7	51.2017	51.2017	204.807	204.807	0 22230.9 828.411 	23059.3	0.00314813	3.00636e-09	0.257851	1050	0.257851	0 1.14181e+07 5e+06 	1.64181e+07	6.2843	6.5039	12399	666.612	0.0154503	0	1.02	1.02
98.4	0.00202196	0.00112628	20281.1	1050	105	19663.7	51.2342	51.2342	204.937	204.937	0 22229.4 827.151 	23056.5	0.00314824	2.9615e-09	0.254013	1050	0.254013	0 1.14189e+07 5e+06 	1.64189e+07	6.2842	6.5039	12399	666.612	0.0154246	0	1.02	1.02
98.55	0.00202198	0.00112638	20283.4	1050	105	19665.8	51.2669	51.2669	205.067	205.067	0 22227.9 825.893 	23053.8	0.00314836	2.91731e-09	0.250232	1050	0.250232	0 1.14197e+07 5e+06 	1.64197e+07	6.2841	6.5039	12399	666.612	0.015399	0	1.02	1.02
98.7	0.00202199	0.00112649	20285.8	1050	105	19667.8	51.2995	51.2995	205.198	205.198	0 22226.4 824.638 	23051	0.00314847	2.87378e-09	0.246507	1050	0.246507	0 1.14206e+07 5e+06 	1.64206e+07	6.28399	6.5039	12399	666.612	0.0153735	0	1.02	1.02
98.85	0.002022	0.00112659	20288.2	1050	105	19669.8	51.3322	51.3322	205.329	205.329	0 22224.9 823.386 	23048.3	0.00314859	2.8309e-09	0.242838	1050	0.242838	0 1.14214e+07 5e+06 	1.64214e+07	6.28389	6.5039	12399	666.612	0.0153481	0	1.02	1.02
99	0.00202201	0.00112669	20290.5	1050	105	19671.9	51.3649	51.3649	205.46	205.46	0 22223.4 822.136 	23045.5	0.0031487	2.78866e-09	0.239223	1050	0.239223	0 1.14222e+07 5e+06 	1.64222e+07	6.28379	6.5039	12399	666.612	0.0153228	0	1.02	1.02
99.15	0.00202202	0.0011268	20292.8	1050	105	19673.9	51.3977	51.3977	205.591	205.591	0 22221.9 820.889 	23042.8	0.00314882	2.74705e-09	0.235662	1050	0.235662	0 1.14231e+07 5e+06 	1.64231e+07	6.28369	6.5039	12399	666.612	0.0152976	0	1.02	1.02
99.3	0.00202203	0.0011269	20295.2	1050	105	19675.9	51.4305	51.4305	205.722	205.722	0 22220.4 819.644 	23040.1	0.00314893	2.70606e-09	0.232154	1050	0.232154	0 1.14239e+07 5e+06 	1.64239e+07	6.28359	6.5039	12399	666.612	0.0152725	0	1.02	1.02
99.45	0.00202204	0.001127	20297.5	1050	105	19677.9	51.4634	51.4634	205.854	205.854	0 22219 818.402 	23037.4	0.00314904	2.66568e-09	0.228698	1050	0.228698	0 1.14247e+07 5e+06 	1.64247e+07	6.28349	6.5039	12399	666.612	0.0152475	0	1.02	1.02
99.6	0.00202205	0.0011271	20299.8	1050	105	19679.9	51.4963	51.4963	205.985	205.985	0 22217.5 817.162 	23034.6	0.00314915	2.6259e-09	0.225294	1050	0.225294	0 1.14255e+07 5e+06 	1.64255e+07	6.28339	6.5039	12399	666.612	0.0152226	0	1.02	1.02
99.75	0.00202206	0.0011272	20302.1	1050	105	19681.8	51.5292	51.5292	206.117	206.117	0 22216 815.925 	23031.9	0.00314927	2.58672e-09	0.22194	1050	0.22194	0 1.14263e+07 5e+06 	1.64263e+07	6.28329	6.5039	12399	666.612	0.0151978	0	1.02	1.02
99.9	0.00202207	0.00112731	20304.4	1050	105	19683.8	51.5622	51.5622	206.249	206.249	0 22214.5 814.69 	23029.2	0.00314938	2.54813e-09	0.218636	1050	0.218636	0 1.14271e+07 5e+06 	1.64271e+07	6.28319	6.5039	12399	666.612	0.0151731	0	1.02	1.02
100.05	0.00202208	0.00112741	20306.7	1050	105	19685.8	51.5952	51.5952	206.381	206.381	0 22213 813.458 	23026.5	0.00314949	2.51011e-09	0.215382	1050	0.215382	0 1.14279e+07 5e+06 	1.64279e+07	6.28309	6.5039	12399	666.612	0.0151484	0	1.02	1.02
100.2	0.00202209	0.00112751	20309	1050	105	19687.7	51.6283	51.6283	206.513	206.513	0 22211.5 812.228 	23023.8	0.0031496	2.47266e-09	0.212176	1050	0.212176	0 1.14287e+07 5e+06 	1.64287e+07	6.28299	6.5039	12399	666.612	0.0151239	0	1.02	1.02
100.35	0.0020221	0.00112761	20311.3	1050	105	19689.7	51.6614	51.6614	206.646	206.646	0 22210 811.001 	23021	0.00314971	2.43576e-09	0.209017	1050	0.209017	0 1.14296e+07 5e+06 	1.64296e+07	6.28289	6.5039	12399	666.612	0.0150994	0	1.02	1.02
100.5	0.00202212	0.00112771	20313.6	1050	105	19691.6	51.6945	51.6945	206.778	206.778	0 22208.6 809.776 	23018.3	0.00314982	2.39942e-09	0.205906	1050	0.205906	0 1.14304e+07 5e+06 	1.64304e+07	6.28279	6.5039	12399	666.612	0.0150751	0	1.02	1.02
100.65	0.00202213	0.00112781	20315.8	1050	105	19693.6	51.7277	51.7277	206.911	206.911	0 22207.1 808.554 	23015.6	0.00314993	2.36362e-09	0.202841	1050	0.202841	0 1.14312e+07 5e+06 	1.64312e+07	6.28269	6.5039	12399	666.612	0.0150508	0	1.02	1.02
100.8	0.00202214	0.00112791	20318.1	1050	105	19695.5	51.7609	51.7609	207.044	207.044	0 22205.6 807.334 	23012.9	0.00315004	2.32835e-09	0.199821	1050	0.199821	0 1.14319e+07 5e+06 	1.64319e+07	6.28259	6.5039	12399	666.612	0.0150266	0	1.02	1.02
100.95	0.00202215	0.001128	20320.3	1050	105	19697.4	51.7942	51.7942	207.177	207.177	0 22204.1 806.117 	23010.2	0.00315015	2.29361e-09	0.196847	1050	0.196847	0 1.14327e+07 5e+06 	1.64327e+07	6.2825	6.5039	12399	666.612	0.0150025	0	1.02	1.02
101.1	0.00202216	0.0011281	20322.6	1050	105	19699.3	51.8275	51.8275	207.31	207.31	0 22202.6 804.903 	23007.5	0.00315026	2.25939e-09	0.193916	1050	0.193916	0 1.14335e+07 5e+06 	1.64335e+07	6.2824	6.5039	12399	666.612	0.0149785	0	1.02	1.02
101.25	0.00202217	0.0011282	20324.8	1050	105	19701.2	51.8608	51.8608	207.443	207.443	0 22201.2 803.69 	23004.8	0.00315037	2.22568e-09	0.19103	1050	0.19103	0 1.14343e+07 5e+06 	1.64343e+07	6.2823	6.5039	12399	666.612	0.0149546	0	1.02	1.02
101.4	0.00202218	0.0011283	20327.1	1050	105	19703.1	51.8942	51.8942	207.577	207.577	0 22199.7 802.481 	23002.2	0.00315048	2.19248e-09	0.188186	1050	0.188186	0 1.14351e+07 5e+06 	1.64351e+07	6.2822	6.5039	12399	666.612	0.0149307	0	1.02	1.02
101.55	0.00202219	0.0011284	20329.3	1050	105	19705	51.9276	51.9276	207.711	207.711	0 22198.2 801.274 	22999.5	0.00315059	2.15976e-09	0.185385	1050	0.185385	0 1.14359e+07 5e+06 	1.64359e+07	6.28211	6.5039	12399	666.612	0.014907	0	1.02	1.02
101.7	0.0020222	0.00112849	20331.5	1050	105	19706.9	51.9611	51.9611	207.844	207.844	0 22196.7 800.069 	22996.8	0.00315069	2.12754e-09	0.182625	1050	0.182625	0 1.14367e+07 5e+06 	1.64367e+07	6.28201	6.5039	12399	666.612	0.0148833	0	1.02	1.02
101.85	0.00202221	0.00112859	20333.7	1050	105	19708.8	51.9946	51.9946	207.978	207.978	0 22195.2 798.867 	22994.1	0.0031508	2.0958e-09	0.179906	1050	0.179906	0 1.14375e+07 5e+06 	1.64375e+07	6.28191	6.5039	12399	666.612	0.0148597	0	1.02	1.02
102	0.00202222	0.00112869	20335.9	1050	105	19710.6	52.0282	52.0282	208.113	208.113	0 22193.8 797.667 	22991.4	0.00315091	2.06453e-09	0.177228	1050	0.177228	0 1.14382e+07 5e+06 	1.64382e+07	6.28182	6.5039	12399	666.612	0.0148362	0	1.02	1.02
102.15	0.00202223	0.00112879	20338.1	1050	105	19712.5	52.0618	52.0618	208.247	208.247	0 22192.3 796.47 	22988.8	0.00315102	2.03373e-09	0.17459	1050	0.17459	0 1.1439e+07 5e+06 	1.6439e+07	6.28172	6.5039	12399	666.612	0.0148128	0	1.02	1.02
102.3	0.00202224	0.00112888	20340.3	1050	105	19714.4	52.0954	52.0954	208.382	208.382	0 22190.8 795.275 	22986.1	0.00315112	2.00339e-09	0.171991	1050	0.171991	0 1.14398e+07 5e+06 	1.64398e+07	6.28162	6.5039	12399	666.612	0.0147894	0	1.02	1.02
102.45	0.00202225	0.00112898	20342.5	1050	105	19716.2	52.1291	52.1291	208.516	208.516	0 22189.3 794.083 	22983.4	0.00315123	1.9735e-09	0.169431	1050	0.169431	0 1.14406e+07 5e+06 	1.64406e+07	6.28153	6.5039	12399	666.612	0.0147662	0	1.02	1.02
102.6	0.00202226	0.00112907	20344.7	1050	105	19718.1	52.1628	52.1628	208.651	208.651	0 22187.9 792.893 	22980.8	0.00315133	1.94405e-09	0.166909	1050	0.166909	0 1.14413e+07 5e+06 	1.64413e+07	6.28143	6.5039	12399	666.612	0.014743	0	1.02	1.02
102.75	0.00202227	0.00112917	20346.9	1050	105	19719.9	52.1965	52.1965	208.786	208.786	0 22186.4 791.706 	22978.1	0.00315144	1.91505e-09	0.164424	1050	0.164424	0 1.14421e+07 5e+06 	1.64421e+07	6.28134	6.5039	12399	666.612	0.0147199	0	1.02	1.02
102.9	0.00202228	0.00112926	20349	1050	105	19721.7	52.2303	52.2303	208.921	208.921	0 22184.9 790.521 	22975.5	0.00315155	1.88648e-09	0.161976	1050	0.161976	0 1.14429e+07 5e+06 	1.64429e+07	6.28124	6.5039	12399	666.612	0.0146969	0	1.02	1.02
103.05	0.00202229	0.00112936	20351.2	1050	105	19723.6	52.2641	52.2641	209.057	209.057	0 22183.5 789.338 	22972.8	0.00315165	1.85833e-09	0.159565	1050	0.159565	0 1.14436e+07 5e+06 	1.64436e+07	6.28115	6.5039	12399	666.612	0.0146739	0	1.02	1.02
103.2	0.0020223	0.00112945	20353.4	1050	105	19725.4	52.298	52.298	209.192	209.192	0 22182 788.158 	22970.2	0.00315176	1.83061e-09	0.15719	1050	0.15719	0 1.14444e+07 5e+06 	1.64444e+07	6.28105	6.5039	12399	666.612	0.0146511	0	1.02	1.02
103.35	0.00202231	0.00112955	20355.5	1050	105	19727.2	52.3319	52.3319	209.328	209.328	0 22180.5 786.981 	22967.5	0.00315186	1.8033e-09	0.15485	1050	0.15485	0 1.14451e+07 5e+06 	1.64451e+07	6.28096	6.5039	12399	666.612	0.0146283	0	1.02	1.02
103.5	0.00202232	0.00112964	20357.7	1050	105	19729	52.3659	52.3659	209.464	209.464	0 22179.1 785.806 	22964.9	0.00315196	1.77639e-09	0.152544	1050	0.152544	0 1.14459e+07 5e+06 	1.64459e+07	6.28086	6.5039	12399	666.612	0.0146056	0	1.02	1.02
103.65	0.00202233	0.00112974	20359.8	1050	105	19730.8	52.3999	52.3999	209.6	209.6	0 22177.6 784.633 	22962.2	0.00315207	1.74989e-09	0.150274	1050	0.150274	0 1.14467e+07 5e+06 	1.64467e+07	6.28077	6.5039	12399	666.612	0.0145829	0	1.02	1.02
103.8	0.00202234	0.00112983	20361.9	1050	105	19732.6	52.4339	52.4339	209.736	209.736	0 22176.1 783.463 	22959.6	0.00315217	1.72378e-09	0.148037	1050	0.148037	0 1.14474e+07 5e+06 	1.64474e+07	6.28068	6.5039	12399	666.612	0.0145604	0	1.02	1.02
103.95	0.00202235	0.00112992	20364.1	1050	105	19734.4	52.468	52.468	209.872	209.872	0 22174.7 782.295 	22957	0.00315227	1.69807e-09	0.145833	1050	0.145833	0 1.14482e+07 5e+06 	1.64482e+07	6.28058	6.5039	12399	666.612	0.0145379	0	1.02	1.02
104.1	0.00202236	0.00113002	20366.2	1050	105	19736.2	52.5021	52.5021	210.009	210.009	0 22173.2 781.13 	22954.3	0.00315238	1.67273e-09	0.143662	1050	0.143662	0 1.14489e+07 5e+06 	1.64489e+07	6.28049	6.5039	12399	666.612	0.0145155	0	1.02	1.02
104.25	0.00202237	0.00113011	20368.3	1050	105	19737.9	52.5363	52.5363	210.145	210.145	0 22171.8 779.967 	22951.7	0.00315248	1.64778e-09	0.141523	1050	0.141523	0 1.14497e+07 5e+06 	1.64497e+07	6.2804	6.5039	12399	666.612	0.0144931	0	1.02	1.02
104.4	0.00202238	0.0011302	20370.4	1050	105	19739.7	52.5705	52.5705	210.282	210.282	0 22170.3 778.807 	22949.1	0.00315258	1.6232e-09	0.139416	1050	0.139416	0 1.14504e+07 5e+06 	1.64504e+07	6.2803	6.5039	12399	666.612	0.0144709	0	1.02	1.02
104.55	0.00202239	0.00113029	20372.5	1050	105	19741.5	52.6048	52.6048	210.419	210.419	0 22168.8 777.649 	22946.5	0.00315269	1.59898e-09	0.137341	1050	0.137341	0 1.14511e+07 5e+06 	1.64511e+07	6.28021	6.5039	12399	666.612	0.0144487	0	1.02	1.02
104.7	0.0020224	0.00113039	20374.6	1050	105	19743.2	52.6391	52.6391	210.556	210.556	0 22167.4 776.494 	22943.9	0.00315279	1.57513e-09	0.135296	1050	0.135296	0 1.14519e+07 5e+06 	1.64519e+07	6.28012	6.5039	12399	666.612	0.0144266	0	1.02	1.02
104.85	0.00202241	0.00113048	20376.7	1050	105	19745	52.6734	52.6734	210.694	210.694	0 22165.9 775.341 	22941.3	0.00315289	1.55163e-09	0.133282	1050	0.133282	0 1.14526e+07 5e+06 	1.64526e+07	6.28002	6.5039	12399	666.612	0.0144045	0	1.02	1.02
105	0.00202242	0.00113057	20378.8	1050	105	19746.7	52.7078	52.7078	210.831	210.831	0 22164.5 774.19 	22938.7	0.00315299	1.52848e-09	0.131298	1050	0.131298	0 1.14534e+07 5e+06 	1.64534e+07	6.27993	6.5039	12399	666.612	0.0143825	0	1.02	1.02
105.15	0.00202243	0.00113066	20380.9	1050	105	19748.5	52.7422	52.7422	210.969	210.969	0 22163 773.042 	22936.1	0.00315309	1.50568e-09	0.129344	1050	0.129344	0 1.14541e+07 5e+06 	1.64541e+07	6.27984	6.5039	12399	666.612	0.0143606	0	1.02	1.02
105.3	0.00202244	0.00113075	20383	1050	105	19750.2	52.7766	52.7766	211.106	211.106	0 22161.6 771.896 	22933.5	0.00315319	1.48322e-09	0.127418	1050	0.127418	0 1.14548e+07 5e+06 	1.64548e+07	6.27975	6.5039	12399	666.612	0.0143388	0	1.02	1.02
105.45	0.00202245	0.00113084	20385	1050	105	19751.9	52.8111	52.8111	211.244	211.244	0 22160.1 770.753 	22930.9	0.00315329	1.46109e-09	0.125521	1050	0.125521	0 1.14556e+07 5e+06 	1.64556e+07	6.27966	6.5039	12399	666.612	0.014317	0	1.02	1.02
105.6	0.00202246	0.00113093	20387.1	1050	105	19753.7	52.8457	52.8457	211.383	211.383	0 22158.7 769.612 	22928.3	0.00315339	1.43929e-09	0.123653	1050	0.123653	0 1.14563e+07 5e+06 	1.64563e+07	6.27957	6.5039	12399	666.612	0.0142953	0	1.02	1.02
105.75	0.00202247	0.00113102	20389.2	1050	105	19755.4	52.8802	52.8802	211.521	211.521	0 22157.2 768.473 	22925.7	0.00315349	1.41782e-09	0.121812	1050	0.121812	0 1.1457e+07 5e+06 	1.6457e+07	6.27947	6.5039	12399	666.612	0.0142737	0	1.02	1.02
105.9	0.00202248	0.00113111	20391.2	1050	105	19757.1	52.9149	52.9149	211.659	211.659	0 22155.8 767.337 	22923.1	0.00315359	1.39667e-09	0.119998	1050	0.119998	0 1.14577e+07 5e+06 	1.64577e+07	6.27938	6.5039	12399	666.612	0.0142521	0	1.02	1.02
106.05	0.00202249	0.0011312	20393.3	1050	105	19758.8	52.9495	52.9495	211.798	211.798	0 22154.3 766.203 	22920.5	0.00315369	1.37583e-09	0.118212	1050	0.118212	0 1.14585e+07 5e+06 	1.64585e+07	6.27929	6.5039	12399	666.612	0.0142307	0	1.02	1.02
106.2	0.0020225	0.00113129	20395.3	1050	105	19760.5	52.9842	52.9842	211.937	211.937	0 22152.9 765.072 	22918	0.00315379	1.35531e-09	0.116452	1050	0.116452	0 1.14592e+07 5e+06 	1.64592e+07	6.2792	6.5039	12399	666.612	0.0142092	0	1.02	1.02
106.35	0.00202251	0.00113138	20397.4	1050	105	19762.2	53.019	53.019	212.076	212.076	0 22151.4 763.943 	22915.4	0.00315389	1.33509e-09	0.114719	1050	0.114719	0 1.14599e+07 5e+06 	1.64599e+07	6.27911	6.5039	12399	666.612	0.0141879	0	1.02	1.02
106.5	0.00202252	0.00113147	20399.4	1050	105	19763.9	53.0538	53.0538	212.215	212.215	0 22150 762.817 	22912.8	0.00315399	1.31517e-09	0.113011	1050	0.113011	0 1.14606e+07 5e+06 	1.64606e+07	6.27902	6.5039	12399	666.612	0.0141666	0	1.02	1.02
106.65	0.00202253	0.00113156	20401.5	1050	105	19765.6	53.0886	53.0886	212.354	212.354	0 22148.6 761.693 	22910.2	0.00315409	1.29555e-09	0.111328	1050	0.111328	0 1.14614e+07 5e+06 	1.64614e+07	6.27893	6.5039	12399	666.612	0.0141454	0	1.02	1.02
106.8	0.00202254	0.00113165	20403.5	1050	105	19767.3	53.1235	53.1235	212.494	212.494	0 22147.1 760.571 	22907.7	0.00315419	1.27623e-09	0.109671	1050	0.109671	0 1.14621e+07 5e+06 	1.64621e+07	6.27884	6.5039	12399	666.612	0.0141242	0	1.02	1.02
106.95	0.00202255	0.00113174	20405.5	1050	105	19768.9	53.1584	53.1584	212.633	212.633	0 22145.7 759.452 	22905.1	0.00315429	1.25719e-09	0.108038	1050	0.108038	0 1.14628e+07 5e+06 	1.64628e+07	6.27875	6.5039	12399	666.612	0.0141031	0	1.02	1.02
107.1	0.00202256	0.00113183	20407.5	1050	105	19770.6	53.1933	53.1933	212.773	212.773	0 22144.2 758.335 	22902.6	0.00315439	1.23844e-09	0.10643	1050	0.10643	0 1.14635e+07 5e+06 	1.64635e+07	6.27866	6.5039	12399	666.612	0.0140821	0	1.02	1.02
107.25	0.00202257	0.00113192	20409.6	1050	105	19772.3	53.2283	53.2283	212.913	212.913	0 22142.8 757.22 	22900	0.00315448	1.21996e-09	0.104846	1050	0.104846	0 1.14642e+07 5e+06 	1.64642e+07	6.27857	6.5039	12399	666.612	0.0140611	0	1.02	1.02
107.4	0.00202258	0.001132	20411.6	1050	105	19773.9	53.2634	53.2634	213.053	213.053	0 22141.4 756.108 	22897.5	0.00315458	1.20176e-09	0.103285	1050	0.103285	0 1.14649e+07 5e+06 	1.64649e+07	6.27848	6.5039	12399	666.612	0.0140402	0	1.02	1.02
107.55	0.00202259	0.00113209	20413.6	1050	105	19775.6	53.2984	53.2984	213.194	213.194	0 22139.9 754.998 	22894.9	0.00315468	1.18383e-09	0.101747	1050	0.101747	0 1.14656e+07 5e+06 	1.64656e+07	6.27839	6.5039	12399	666.612	0.0140194	0	1.02	1.02
107.7	0.0020226	0.00113218	20415.6	1050	105	19777.2	53.3336	53.3336	213.334	213.334	0 22138.5 753.891 	22892.4	0.00315478	1.16617e-09	0.100233	1050	0.100233	0 1.14663e+07 5e+06 	1.64663e+07	6.27831	6.5039	12399	666.612	0.0139986	0	1.02	1.02
107.85	0.00202261	0.00113227	20417.6	1050	105	19778.9	53.3687	53.3687	213.475	213.475	0 22137.1 752.786 	22889.8	0.00315487	1.14878e-09	0.0987403	1050	0.0987403	0 1.1467e+07 5e+06 	1.6467e+07	6.27822	6.5039	12399	666.612	0.0139779	0	1.02	1.02
108	0.00202262	0.00113236	20419.6	1050	105	19780.5	53.4039	53.4039	213.616	213.616	0 22135.6 751.683 	22887.3	0.00315497	1.13164e-09	0.0972704	1050	0.0972704	0 1.14677e+07 5e+06 	1.64677e+07	6.27813	6.5039	12399	666.612	0.0139572	0	1.02	1.02
108.15	0.00202263	0.00113244	20421.6	1050	105	19782.2	53.4392	53.4392	213.757	213.757	0 22134.2 750.583 	22884.8	0.00315507	1.11476e-09	0.0958223	1050	0.0958223	0 1.14684e+07 5e+06 	1.64684e+07	6.27804	6.5039	12399	666.612	0.0139366	0	1.02	1.02
108.3	0.00202263	0.00113253	20423.5	1050	105	19783.8	53.4745	53.4745	213.898	213.898	0 22132.8 749.485 	22882.3	0.00315516	1.09813e-09	0.0943958	1050	0.0943958	0 1.14691e+07 5e+06 	1.64691e+07	6.27795	6.5039	12399	666.612	0.0139161	0	1.02	1.02
108.45	0.00202264	0.00113262	20425.5	1050	105	19785.4	53.5098	53.5098	214.039	214.039	0 22131.4 748.39 	22879.7	0.00315526	1.08175e-09	0.0929905	1050	0.0929905	0 1.14698e+07 5e+06 	1.64698e+07	6.27786	6.5039	12399	666.612	0.0138956	0	1.02	1.02
108.6	0.00202265	0.0011327	20427.5	1050	105	19787	53.5452	53.5452	214.181	214.181	0 22129.9 747.296 	22877.2	0.00315536	1.06561e-09	0.0916062	1050	0.0916062	0 1.14705e+07 5e+06 	1.64705e+07	6.27778	6.5039	12399	666.612	0.0138752	0	1.02	1.02
108.75	0.00202266	0.00113279	20429.5	1050	105	19788.7	53.5806	53.5806	214.322	214.322	0 22128.5 746.206 	22874.7	0.00315545	1.04972e-09	0.0902424	1050	0.0902424	0 1.14712e+07 5e+06 	1.64712e+07	6.27769	6.5039	12399	666.612	0.0138549	0	1.02	1.02
108.9	0.00202267	0.00113288	20431.4	1050	105	19790.3	53.6161	53.6161	214.464	214.464	0 22127.1 745.117 	22872.2	0.00315555	1.03406e-09	0.088899	1050	0.088899	0 1.14719e+07 5e+06 	1.64719e+07	6.2776	6.5039	12399	666.612	0.0138346	0	1.02	1.02
109.05	0.00202268	0.00113296	20433.4	1050	105	19791.9	53.6516	53.6516	214.606	214.606	0 22125.7 744.031 	22869.7	0.00315564	1.01864e-09	0.0875755	1050	0.0875755	0 1.14726e+07 5e+06 	1.64726e+07	6.27751	6.5039	12399	666.612	0.0138144	0	1.02	1.02
109.2	0.00202269	0.00113305	20435.4	1050	105	19793.5	53.6871	53.6871	214.748	214.748	0 22124.2 742.947 	22867.2	0.00315574	1.00344e-09	0.0862718	1050	0.0862718	0 1.14733e+07 5e+06 	1.64733e+07	6.27743	6.5039	12399	666.612	0.0137942	0	1.02	1.02
109.35	0.0020227	0.00113313	20437.3	1050	105	19795.1	53.7227	53.7227	214.891	214.891	0 22122.8 741.866 	22864.7	0.00315583	9.88472e-10	0.0849874	1050	0.0849874	0 1.1474e+07 5e+06 	1.6474e+07	6.27734	6.5039	12399	666.612	0.0137741	0	1.02	1.02
109.5	0.00202271	0.00113322	20439.3	1050	105	19796.7	53.7583	53.7583	215.033	215.033	0 22121.4 740.787 	22862.2	0.00315593	9.73727e-10	0.0837222	1050	0.0837222	0 1.14747e+07 5e+06 	1.64747e+07	6.27725	6.5039	12399	666.612	0.0137541	0	1.02	1.02
109.65	0.00202272	0.0011333	20441.2	1050	105	19798.3	53.794	53.794	215.176	215.176	0 22120 739.71 	22859.7	0.00315602	9.59203e-10	0.0824758	1050	0.0824758	0 1.14754e+07 5e+06 	1.64754e+07	6.27717	6.5039	12399	666.612	0.0137341	0	1.02	1.02
109.8	0.00202273	0.00113339	20443.2	1050	105	19799.9	53.8297	53.8297	215.319	215.319	0 22118.6 738.636 	22857.2	0.00315612	9.44894e-10	0.081248	1050	0.081248	0 1.14761e+07 5e+06 	1.64761e+07	6.27708	6.5039	12399	666.612	0.0137142	0	1.02	1.02
109.95	0.00202274	0.00113347	20445.1	1050	105	19801.4	53.8654	53.8654	215.462	215.462	0 22117.2 737.564 	22854.7	0.00315621	9.308e-10	0.0800384	1050	0.0800384	0 1.14768e+07 5e+06 	1.64768e+07	6.27699	6.5039	12399	666.612	0.0136943	0	1.02	1.02
110.1	0.00202275	0.00113356	20447	1050	105	19803	53.9012	53.9012	215.605	215.605	0 22115.7 736.494 	22852.2	0.0031563	9.16915e-10	0.0788469	1050	0.0788469	0 1.14774e+07 5e+06 	1.64774e+07	6.27691	6.5039	12399	666.612	0.0136745	0	1.02	1.02
110.25	0.00202276	0.00113364	20449	1050	105	19804.6	53.9371	53.9371	215.748	215.748	0 22114.3 735.427 	22849.8	0.0031564	9.03238e-10	0.077673	1050	0.077673	0 1.14781e+07 5e+06 	1.64781e+07	6.27682	6.5039	12399	666.612	0.0136547	0	1.02	1.02
110.4	0.00202277	0.00113373	20450.9	1050	105	19806.2	53.973	53.973	215.892	215.892	0 22112.9 734.362 	22847.3	0.00315649	8.89765e-10	0.0765167	1050	0.0765167	0 1.14788e+07 5e+06 	1.64788e+07	6.27674	6.5039	12399	666.612	0.013635	0	1.02	1.02
110.55	0.00202277	0.00113381	20452.8	1050	105	19807.7	54.0089	54.0089	216.036	216.036	0 22111.5 733.3 	22844.8	0.00315659	8.76493e-10	0.0753776	1050	0.0753776	0 1.14795e+07 5e+06 	1.64795e+07	6.27665	6.5039	12399	666.612	0.0136154	0	1.02	1.02
110.7	0.00202278	0.00113389	20454.7	1050	105	19809.3	54.0449	54.0449	216.179	216.179	0 22110.1 732.239 	22842.4	0.00315668	8.63419e-10	0.0742554	1050	0.0742554	0 1.14802e+07 5e+06 	1.64802e+07	6.27657	6.5039	12399	666.612	0.0135958	0	1.02	1.02
110.85	0.00202279	0.00113398	20456.7	1050	105	19810.8	54.0809	54.0809	216.323	216.323	0 22108.7 731.181 	22839.9	0.00315677	8.5054e-10	0.07315	1050	0.07315	0 1.14808e+07 5e+06 	1.64808e+07	6.27648	6.5039	12399	666.612	0.0135762	0	1.02	1.02
111	0.0020228	0.00113406	20458.6	1050	105	19812.4	54.1169	54.1169	216.468	216.468	0 22107.3 730.126 	22837.4	0.00315686	8.37853e-10	0.0720609	1050	0.0720609	0 1.14815e+07 5e+06 	1.64815e+07	6.2764	6.5039	12399	666.612	0.0135568	0	1.02	1.02
111.15	0.00202281	0.00113415	20460.5	1050	105	19813.9	54.153	54.153	216.612	216.612	0 22105.9 729.072 	22835	0.00315696	8.25355e-10	0.0709882	1050	0.0709882	0 1.14822e+07 5e+06 	1.64822e+07	6.27631	6.5039	12399	666.612	0.0135374	0	1.02	1.02
111.3	0.00202282	0.00113423	20462.4	1050	105	19815.5	54.1891	54.1891	216.757	216.757	0 22104.5 728.021 	22832.5	0.00315705	8.13044e-10	0.0699313	1050	0.0699313	0 1.14829e+07 5e+06 	1.64829e+07	6.27623	6.5039	12399	666.612	0.013518	0	1.02	1.02
111.45	0.00202283	0.00113431	20464.3	1050	105	19817	54.2253	54.2253	216.901	216.901	0 22103.1 726.972 	22830.1	0.00315714	8.00917e-10	0.0688902	1050	0.0688902	0 1.14835e+07 5e+06 	1.64835e+07	6.27614	6.5039	12399	666.612	0.0134987	0	1.02	1.02
111.6	0.00202284	0.0011344	20466.2	1050	105	19818.6	54.2615	54.2615	217.046	217.046	0 22101.7 725.926 	22827.6	0.00315723	7.8897e-10	0.0678646	1050	0.0678646	0 1.14842e+07 5e+06 	1.64842e+07	6.27606	6.5039	12399	666.612	0.0134794	0	1.02	1.02
111.75	0.00202285	0.00113448	20468.1	1050	105	19820.1	54.2978	54.2978	217.191	217.191	0 22100.3 724.882 	22825.2	0.00315733	7.77202e-10	0.0668543	1050	0.0668543	0 1.14849e+07 5e+06 	1.64849e+07	6.27597	6.5039	12399	666.612	0.0134602	0	1.02	1.02
111.9	0.00202286	0.00113456	20470	1050	105	19821.6	54.3341	54.3341	217.336	217.336	0 22098.9 723.84 	22822.8	0.00315742	7.65609e-10	0.065859	1050	0.065859	0 1.14855e+07 5e+06 	1.64855e+07	6.27589	6.5039	12399	666.612	0.0134411	0	1.02	1.02
112.05	0.00202287	0.00113464	20471.9	1050	105	19823.1	54.3705	54.3705	217.482	217.482	0 22097.5 722.801 	22820.3	0.00315751	7.54189e-10	0.0648786	1050	0.0648786	0 1.14862e+07 5e+06 	1.64862e+07	6.2758	6.5039	12399	666.612	0.013422	0	1.02	1.02
112.2	0.00202287	0.00113473	20473.7	1050	105	19824.7	54.4069	54.4069	217.627	217.627	0 22096.1 721.763 	22817.9	0.0031576	7.4294e-10	0.0639127	1050	0.0639127	0 1.14869e+07 5e+06 	1.64869e+07	6.27572	6.5039	12399	666.612	0.0134029	0	1.02	1.02
112.35	0.00202288	0.00113481	20475.6	1050	105	19826.2	54.4433	54.4433	217.773	217.773	0 22094.7 720.729 	22815.5	0.00315769	7.31858e-10	0.0629612	1050	0.0629612	0 1.14875e+07 5e+06 	1.64875e+07	6.27564	6.5039	12399	666.612	0.0133839	0	1.02	1.02
112.5	0.00202289	0.00113489	20477.5	1050	105	19827.7	54.4798	54.4798	217.919	217.919	0 22093.3 719.696 	22813	0.00315778	7.20942e-10	0.0620239	1050	0.0620239	0 1.14882e+07 5e+06 	1.64882e+07	6.27555	6.5039	12399	666.612	0.013365	0	1.02	1.02
112.65	0.0020229	0.00113497	20479.4	1050	105	19829.2	54.5163	54.5163	218.065	218.065	0 22092 718.666 	22810.6	0.00315787	7.10189e-10	0.0611005	1050	0.0611005	0 1.14889e+07 5e+06 	1.64889e+07	6.27547	6.5039	12399	666.612	0.0133461	0	1.02	1.02
112.8	0.00202291	0.00113505	20481.2	1050	105	19830.7	54.5528	54.5528	218.211	218.211	0 22090.6 717.638 	22808.2	0.00315796	6.99596e-10	0.0601909	1050	0.0601909	0 1.14895e+07 5e+06 	1.64895e+07	6.27539	6.5039	12399	666.612	0.0133273	0	1.02	1.02
112.95	0.00202292	0.00113514	20483.1	1050	105	19832.2	54.5895	54.5895	218.358	218.358	0 22089.2 716.612 	22805.8	0.00315805	6.89161e-10	0.0592948	1050	0.0592948	0 1.14902e+07 5e+06 	1.64902e+07	6.2753	6.5039	12399	666.612	0.0133085	0	1.02	1.02
113.1	0.00202293	0.00113522	20485	1050	105	19833.7	54.6261	54.6261	218.504	218.504	0 22087.8 715.589 	22803.4	0.00315815	6.78881e-10	0.058412	1050	0.058412	0 1.14908e+07 5e+06 	1.64908e+07	6.27522	6.5039	12399	666.612	0.0132898	0	1.02	1.02
113.25	0.00202294	0.0011353	20486.8	1050	105	19835.2	54.6628	54.6628	218.651	218.651	0 22086.4 714.567 	22801	0.00315824	6.68756e-10	0.0575424	1050	0.0575424	0 1.14915e+07 5e+06 	1.64915e+07	6.27514	6.5039	12399	666.612	0.0132711	0	1.02	1.02
113.4	0.00202295	0.00113538	20488.7	1050	105	19836.7	54.6995	54.6995	218.798	218.798	0 22085 713.548 	22798.6	0.00315833	6.58781e-10	0.0566858	1050	0.0566858	0 1.14921e+07 5e+06 	1.64921e+07	6.27506	6.5039	12399	666.612	0.0132525	0	1.02	1.02
113.55	0.00202295	0.00113546	20490.5	1050	105	19838.2	54.7363	54.7363	218.945	218.945	0 22083.7 712.532 	22796.2	0.00315842	6.48955e-10	0.0558418	1050	0.0558418	0 1.14928e+07 5e+06 	1.64928e+07	6.27497	6.5039	12399	666.612	0.0132339	0	1.02	1.02
113.7	0.00202296	0.00113554	20492.4	1050	105	19839.6	54.7731	54.7731	219.092	219.092	0 22082.3 711.518 	22793.8	0.0031585	6.39275e-10	0.0550105	1050	0.0550105	0 1.14935e+07 5e+06 	1.64935e+07	6.27489	6.5039	12399	666.612	0.0132154	0	1.02	1.02
113.85	0.00202297	0.00113562	20494.2	1050	105	19841.1	54.81	54.81	219.24	219.24	0 22080.9 710.506 	22791.4	0.00315859	6.2974e-10	0.0541915	1050	0.0541915	0 1.14941e+07 5e+06 	1.64941e+07	6.27481	6.5039	12399	666.612	0.013197	0	1.02	1.02
114	0.00202298	0.0011357	20496.1	1050	105	19842.6	54.8469	54.8469	219.388	219.388	0 22079.5 709.496 	22789	0.00315868	6.20347e-10	0.0533848	1050	0.0533848	0 1.14948e+07 5e+06 	1.64948e+07	6.27473	6.5039	12399	666.612	0.0131785	0	1.02	1.02
114.15	0.00202299	0.00113578	20497.9	1050	105	19844.1	54.8838	54.8838	219.535	219.535	0 22078.2 708.488 	22786.6	0.00315877	6.11095e-10	0.05259	1050	0.05259	0 1.14954e+07 5e+06 	1.64954e+07	6.27464	6.5039	12399	666.612	0.0131602	0	1.02	1.02
114.3	0.002023	0.00113586	20499.7	1050	105	19845.5	54.9208	54.9208	219.683	219.683	0 22076.8 707.483 	22784.3	0.00315886	6.0198e-10	0.0518071	1050	0.0518071	0 1.14961e+07 5e+06 	1.64961e+07	6.27456	6.5039	12399	666.612	0.0131418	0	1.02	1.02
114.45	0.00202301	0.00113594	20501.6	1050	105	19847	54.9579	54.9579	219.831	219.831	0 22075.4 706.48 	22781.9	0.00315895	5.93001e-10	0.0510358	1050	0.0510358	0 1.14967e+07 5e+06 	1.64967e+07	6.27448	6.5039	12399	666.612	0.0131236	0	1.02	1.02
114.6	0.00202302	0.00113602	20503.4	1050	105	19848.5	54.995	54.995	219.98	219.98	0 22074 705.479 	22779.5	0.00315904	5.84156e-10	0.050276	1050	0.050276	0 1.14973e+07 5e+06 	1.64973e+07	6.2744	6.5039	12399	666.612	0.0131054	0	1.02	1.02
114.75	0.00202302	0.0011361	20505.2	1050	105	19849.9	55.0321	55.0321	220.128	220.128	0 22072.7 704.481 	22777.1	0.00315913	5.75444e-10	0.0495275	1050	0.0495275	0 1.1498e+07 5e+06 	1.6498e+07	6.27432	6.5039	12399	666.612	0.0130872	0	1.02	1.02
114.9	0.00202303	0.00113618	20507.1	1050	105	19851.4	55.0692	55.0692	220.277	220.277	0 22071.3 703.485 	22774.8	0.00315922	5.66861e-10	0.0487901	1050	0.0487901	0 1.14986e+07 5e+06 	1.64986e+07	6.27424	6.5039	12399	666.612	0.0130691	0	1.02	1.02
115.05	0.00202304	0.00113626	20508.9	1050	105	19852.8	55.1064	55.1064	220.426	220.426	0 22069.9 702.491 	22772.4	0.00315931	5.58406e-10	0.0480638	1050	0.0480638	0 1.14993e+07 5e+06 	1.64993e+07	6.27416	6.5039	12399	666.612	0.013051	0	1.02	1.02
115.2	0.00202305	0.00113634	20510.7	1050	105	19854.3	55.1437	55.1437	220.575	220.575	0 22068.6 701.499 	22770.1	0.00315939	5.50077e-10	0.0473482	1050	0.0473482	0 1.14999e+07 5e+06 	1.64999e+07	6.27408	6.5039	12399	666.612	0.013033	0	1.02	1.02
115.35	0.00202306	0.00113642	20512.5	1050	105	19855.7	55.181	55.181	220.724	220.724	0 22067.2 700.51 	22767.7	0.00315948	5.41873e-10	0.0466433	1050	0.0466433	0 1.15006e+07 5e+06 	1.65006e+07	6.27399	6.5039	12399	666.612	0.013015	0	1.02	1.02
115.5	0.00202307	0.0011365	20514.3	1050	105	19857.1	55.2183	55.2183	220.873	220.873	0 22065.8 699.522 	22765.4	0.00315957	5.33791e-10	0.0459489	1050	0.0459489	0 1.15012e+07 5e+06 	1.65012e+07	6.27391	6.5039	12399	666.612	0.0129971	0	1.02	1.02
115.65	0.00202308	0.00113658	20516.1	1050	105	19858.6	55.2557	55.2557	221.023	221.023	0 22064.5 698.537 	22763	0.00315966	5.25829e-10	0.0452649	1050	0.0452649	0 1.15018e+07 5e+06 	1.65018e+07	6.27383	6.5039	12399	666.612	0.0129792	0	1.02	1.02
115.8	0.00202309	0.00113666	20517.9	1050	105	19860	55.2931	55.2931	221.173	221.173	0 22063.1 697.555 	22760.7	0.00315974	5.17987e-10	0.044591	1050	0.044591	0 1.15025e+07 5e+06 	1.65025e+07	6.27375	6.5039	12399	666.612	0.0129614	0	1.02	1.02
115.95	0.00202309	0.00113674	20519.7	1050	105	19861.4	55.3306	55.3306	221.322	221.322	0 22061.8 696.574 	22758.3	0.00315983	5.10261e-10	0.0439271	1050	0.0439271	0 1.15031e+07 5e+06 	1.65031e+07	6.27367	6.5039	12399	666.612	0.0129436	0	1.02	1.02
116.1	0.0020231	0.00113682	20521.5	1050	105	19862.9	55.3681	55.3681	221.472	221.472	0 22060.4 695.596 	22756	0.00315992	5.02651e-10	0.0432731	1050	0.0432731	0 1.15037e+07 5e+06 	1.65037e+07	6.27359	6.5039	12399	666.612	0.0129259	0	1.02	1.02
116.25	0.00202311	0.0011369	20523.3	1050	105	19864.3	55.4057	55.4057	221.623	221.623	0 22059.1 694.62 	22753.7	0.00316001	4.95154e-10	0.0426289	1050	0.0426289	0 1.15044e+07 5e+06 	1.65044e+07	6.27351	6.5039	12399	666.612	0.0129082	0	1.02	1.02
116.4	0.00202312	0.00113697	20525.1	1050	105	19865.7	55.4433	55.4433	221.773	221.773	0 22057.7 693.646 	22751.3	0.00316009	4.87769e-10	0.0419943	1050	0.0419943	0 1.1505e+07 5e+06 	1.6505e+07	6.27343	6.5039	12399	666.612	0.0128906	0	1.02	1.02
116.55	0.00202313	0.00113705	20526.9	1050	105	19867.1	55.4809	55.4809	221.924	221.924	0 22056.3 692.674 	22749	0.00316018	4.80494e-10	0.0413691	1050	0.0413691	0 1.15056e+07 5e+06 	1.65056e+07	6.27335	6.5039	12399	666.612	0.012873	0	1.02	1.02
116.7	0.00202314	0.00113713	20528.7	1050	105	19868.5	55.5186	55.5186	222.074	222.074	0 22055 691.705 	22746.7	0.00316027	4.73327e-10	0.0407532	1050	0.0407532	0 1.15063e+07 5e+06 	1.65063e+07	6.27327	6.5039	12399	666.612	0.0128554	0	1.02	1.02
116.85	0.00202315	0.00113721	20530.5	1050	105	19869.9	55.5563	55.5563	222.225	222.225	0 22053.6 690.738 	22744.4	0.00316035	4.66268e-10	0.0401465	1050	0.0401465	0 1.15069e+07 5e+06 	1.65069e+07	6.2732	6.5039	12399	666.612	0.0128379	0	1.02	1.02
117	0.00202315	0.00113729	20532.3	1050	105	19871.3	55.5941	55.5941	222.376	222.376	0 22052.3 689.773 	22742.1	0.00316044	4.59314e-10	0.0395488	1050	0.0395488	0 1.15075e+07 5e+06 	1.65075e+07	6.27312	6.5039	12399	666.612	0.0128205	0	1.02	1.02
117.15	0.00202316	0.00113736	20534.1	1050	105	19872.7	55.6319	55.6319	222.528	222.528	0 22050.9 688.81 	22739.8	0.00316053	4.52463e-10	0.03896	1050	0.03896	0 1.15082e+07 5e+06 	1.65082e+07	6.27304	6.5039	12399	666.612	0.0128031	0	1.02	1.02
117.3	0.00202317	0.00113744	20535.8	1050	105	19874.1	55.6698	55.6698	222.679	222.679	0 22049.6 687.85 	22737.5	0.00316061	4.45715e-10	0.03838	1050	0.03838	0 1.15088e+07 5e+06 	1.65088e+07	6.27296	6.5039	12399	666.612	0.0127857	0	1.02	1.02
117.45	0.00202318	0.00113752	20537.6	1050	105	19875.5	55.7077	55.7077	222.831	222.831	0 22048.3 686.892 	22735.2	0.0031607	4.39067e-10	0.0378086	1050	0.0378086	0 1.15094e+07 5e+06 	1.65094e+07	6.27288	6.5039	12399	666.612	0.0127684	0	1.02	1.02
117.6	0.00202319	0.0011376	20539.4	1050	105	19876.9	55.7456	55.7456	222.982	222.982	0 22046.9 685.936 	22732.9	0.00316078	4.32519e-10	0.0372457	1050	0.0372457	0 1.151e+07 5e+06 	1.651e+07	6.2728	6.5039	12399	666.612	0.0127512	0	1.02	1.02
117.75	0.0020232	0.00113767	20541.2	1050	105	19878.3	55.7836	55.7836	223.134	223.134	0 22045.6 684.982 	22730.6	0.00316087	4.26068e-10	0.0366912	1050	0.0366912	0 1.15107e+07 5e+06 	1.65107e+07	6.27272	6.5039	12399	666.612	0.0127339	0	1.02	1.02
117.9	0.0020232	0.00113775	20542.9	1050	105	19879.7	55.8216	55.8216	223.287	223.287	0 22044.2 684.03 	22728.3	0.00316096	4.19714e-10	0.036145	1050	0.036145	0 1.15113e+07 5e+06 	1.65113e+07	6.27264	6.5039	12399	666.612	0.0127168	0	1.02	1.02
118.05	0.00202321	0.00113783	20544.7	1050	105	19881.1	55.8597	55.8597	223.439	223.439	0 22042.9 683.081 	22726	0.00316104	4.13454e-10	0.0356068	1050	0.0356068	0 1.15119e+07 5e+06 	1.65119e+07	6.27257	6.5039	12399	666.612	0.0126996	0	1.02	1.02
118.2	0.00202322	0.00113791	20546.4	1050	105	19882.5	55.8978	55.8978	223.591	223.591	0 22041.6 682.133 	22723.7	0.00316113	4.07287e-10	0.0350767	1050	0.0350767	0 1.15125e+07 5e+06 	1.65125e+07	6.27249	6.5039	12399	666.612	0.0126826	0	1.02	1.02
118.35	0.00202323	0.00113798	20548.2	1050	105	19883.8	55.936	55.936	223.744	223.744	0 22040.2 681.188 	22721.4	0.00316121	4.01213e-10	0.0345545	1050	0.0345545	0 1.15132e+07 5e+06 	1.65132e+07	6.27241	6.5039	12399	666.612	0.0126655	0	1.02	1.02
118.5	0.00202324	0.00113806	20550	1050	105	19885.2	55.9742	55.9742	223.897	223.897	0 22038.9 680.246 	22719.1	0.0031613	3.95229e-10	0.0340401	1050	0.0340401	0 1.15138e+07 5e+06 	1.65138e+07	6.27233	6.5039	12399	666.612	0.0126485	0	1.02	1.02
118.65	0.00202325	0.00113814	20551.7	1050	105	19886.6	56.0125	56.0125	224.05	224.05	0 22037.6 679.305 	22716.9	0.00316138	3.89335e-10	0.0335333	1050	0.0335333	0 1.15144e+07 5e+06 	1.65144e+07	6.27225	6.5039	12399	666.612	0.0126316	0	1.02	1.02
118.8	0.00202326	0.00113821	20553.5	1050	105	19888	56.0508	56.0508	224.203	224.203	0 22036.2 678.366 	22714.6	0.00316147	3.83528e-10	0.0330341	1050	0.0330341	0 1.1515e+07 5e+06 	1.6515e+07	6.27218	6.5039	12399	666.612	0.0126147	0	1.02	1.02
118.95	0.00202326	0.00113829	20555.2	1050	105	19889.3	56.0891	56.0891	224.356	224.356	0 22034.9 677.43 	22712.3	0.00316155	3.77808e-10	0.0325423	1050	0.0325423	0 1.15156e+07 5e+06 	1.65156e+07	6.2721	6.5039	12399	666.612	0.0125978	0	1.02	1.02
119.1	0.00202327	0.00113836	20557	1050	105	19890.7	56.1275	56.1275	224.51	224.51	0 22033.6 676.496 	22710.1	0.00316164	3.72173e-10	0.0320578	1050	0.0320578	0 1.15162e+07 5e+06 	1.65162e+07	6.27202	6.5039	12399	666.612	0.012581	0	1.02	1.02
119.25	0.00202328	0.00113844	20558.7	1050	105	19892	56.1659	56.1659	224.664	224.664	0 22032.2 675.564 	22707.8	0.00316172	3.66623e-10	0.0315805	1050	0.0315805	0 1.15169e+07 5e+06 	1.65169e+07	6.27195	6.5039	12399	666.612	0.0125642	0	1.02	1.02
119.4	0.00202329	0.00113852	20560.4	1050	105	19893.4	56.2044	56.2044	224.818	224.818	0 22030.9 674.634 	22705.5	0.0031618	3.61155e-10	0.0311104	1050	0.0311104	0 1.15175e+07 5e+06 	1.65175e+07	6.27187	6.5039	12399	666.612	0.0125475	0	1.02	1.02
119.55	0.0020233	0.00113859	20562.2	1050	105	19894.8	56.2429	56.2429	224.972	224.972	0 22029.6 673.707 	22703.3	0.00316189	3.55769e-10	0.0306472	1050	0.0306472	0 1.15181e+07 5e+06 	1.65181e+07	6.27179	6.5039	12399	666.612	0.0125308	0	1.02	1.02
119.7	0.0020233	0.00113867	20563.9	1050	105	19896.1	56.2815	56.2815	225.126	225.126	0 22028.3 672.781 	22701	0.00316197	3.50463e-10	0.0301909	1050	0.0301909	0 1.15187e+07 5e+06 	1.65187e+07	6.27172	6.5039	12399	666.612	0.0125142	0	1.02	1.02
119.85	0.00202331	0.00113874	20565.7	1050	105	19897.5	56.3201	56.3201	225.28	225.28	0 22026.9 671.858 	22698.8	0.00316206	3.45236e-10	0.0297415	1050	0.0297415	0 1.15193e+07 5e+06 	1.65193e+07	6.27164	6.5039	12399	666.612	0.0124976	0	1.02	1.02
120	0.00202332	0.00113882	20567.4	1050	105	19898.8	56.3587	56.3587	225.435	225.435	0 22025.6 670.937 	22696.6	0.00316214	3.40087e-10	0.0292987	1050	0.0292987	0 1.15199e+07 5e+06 	1.65199e+07	6.27156	6.5039	12399	666.612	0.0124811	0	1.02	1.02
120.15	0.00202333	0.0011389	20569.1	1050	105	19900.1	56.3974	56.3974	225.59	225.59	0 22024.3 670.018 	22694.3	0.00316222	3.35015e-10	0.0288625	1050	0.0288625	0 1.15205e+07 5e+06 	1.65205e+07	6.27149	6.5039	12399	666.612	0.0124646	0	1.02	1.02
120.3	0.00202334	0.00113897	20570.8	1050	105	19901.5	56.4362	56.4362	225.745	225.745	0 22023 669.102 	22692.1	0.00316231	3.30019e-10	0.0284328	1050	0.0284328	0 1.15211e+07 5e+06 	1.65211e+07	6.27141	6.5039	12399	666.612	0.0124481	0	1.02	1.02
120.45	0.00202335	0.00113905	20572.6	1050	105	19902.8	56.4749	56.4749	225.9	225.9	0 22021.7 668.187 	22689.9	0.00316239	3.25097e-10	0.0280095	1050	0.0280095	0 1.15218e+07 5e+06 	1.65218e+07	6.27133	6.5039	12399	666.612	0.0124317	0	1.02	1.02
120.6	0.00202335	0.00113912	20574.3	1050	105	19904.1	56.5138	56.5138	226.055	226.055	0 22020.3 667.275 	22687.6	0.00316248	3.20249e-10	0.0275925	1050	0.0275925	0 1.15224e+07 5e+06 	1.65224e+07	6.27126	6.5039	12399	666.612	0.0124153	0	1.02	1.02
120.75	0.00202336	0.0011392	20576	1050	105	19905.5	56.5526	56.5526	226.211	226.211	0 22019 666.365 	22685.4	0.00316256	3.15473e-10	0.0271817	1050	0.0271817	0 1.1523e+07 5e+06 	1.6523e+07	6.27118	6.5039	12399	666.612	0.012399	0	1.02	1.02
120.9	0.00202337	0.00113927	20577.7	1050	105	19906.8	56.5915	56.5915	226.366	226.366	0 22017.7 665.456 	22683.2	0.00316264	3.10768e-10	0.026777	1050	0.026777	0 1.15236e+07 5e+06 	1.65236e+07	6.27111	6.5039	12399	666.612	0.0123827	0	1.02	1.02
121.05	0.00202338	0.00113935	20579.4	1050	105	19908.1	56.6305	56.6305	226.522	226.522	0 22016.4 664.551 	22681	0.00316272	3.06133e-10	0.0263784	1050	0.0263784	0 1.15242e+07 5e+06 	1.65242e+07	6.27103	6.5039	12399	666.612	0.0123664	0	1.02	1.02
121.2	0.00202339	0.00113942	20581.1	1050	105	19909.4	56.6695	56.6695	226.678	226.678	0 22015.1 663.647 	22678.7	0.00316281	3.01568e-10	0.0259856	1050	0.0259856	0 1.15248e+07 5e+06 	1.65248e+07	6.27096	6.5039	12399	666.612	0.0123502	0	1.02	1.02
121.35	0.00202339	0.0011395	20582.8	1050	105	19910.8	56.7085	56.7085	226.834	226.834	0 22013.8 662.745 	22676.5	0.00316289	2.9707e-10	0.0255988	1050	0.0255988	0 1.15254e+07 5e+06 	1.65254e+07	6.27088	6.5039	12399	666.612	0.0123341	0	1.02	1.02
121.5	0.0020234	0.00113957	20584.6	1050	105	19912.1	56.7476	56.7476	226.991	226.991	0 22012.5 661.846 	22674.3	0.00316297	2.9264e-10	0.0252177	1050	0.0252177	0 1.1526e+07 5e+06 	1.6526e+07	6.27081	6.5039	12399	666.612	0.0123179	0	1.02	1.02
121.65	0.00202341	0.00113964	20586.3	1050	105	19913.4	56.7868	56.7868	227.147	227.147	0 22011.2 660.948 	22672.1	0.00316306	2.88275e-10	0.0248422	1050	0.0248422	0 1.15266e+07 5e+06 	1.65266e+07	6.27073	6.5039	12399	666.612	0.0123019	0	1.02	1.02
121.8	0.00202342	0.00113972	20588	1050	105	19914.7	56.826	56.826	227.304	227.304	0 22009.9 660.053 	22669.9	0.00316314	2.83976e-10	0.0244724	1050	0.0244724	0 1.15272e+07 5e+06 	1.65272e+07	6.27066	6.5039	12399	666.612	0.0122858	0	1.02	1.02
121.95	0.00202343	0.00113979	20589.7	1050	105	19916	56.8652	56.8652	227.461	227.461	0 22008.6 659.16 	22667.7	0.00316322	2.79741e-10	0.024108	1050	0.024108	0 1.15278e+07 5e+06 	1.65278e+07	6.27058	6.5039	12399	666.612	0.0122698	0	1.02	1.02
122.1	0.00202343	0.00113987	20591.4	1050	105	19917.3	56.9044	56.9044	227.618	227.618	0 22007.3 658.269 	22665.5	0.0031633	2.75569e-10	0.0237491	1050	0.0237491	0 1.15284e+07 5e+06 	1.65284e+07	6.27051	6.5039	12399	666.612	0.0122539	0	1.02	1.02
122.25	0.00202344	0.00113994	20593.1	1050	105	19918.6	56.9438	56.9438	227.775	227.775	0 22006 657.38 	22663.3	0.00316338	2.7146e-10	0.0233956	1050	0.0233956	0 1.1529e+07 5e+06 	1.6529e+07	6.27043	6.5039	12399	666.612	0.012238	0	1.02	1.02
122.4	0.00202345	0.00114002	20594.7	1050	105	19919.9	56.9831	56.9831	227.932	227.932	0 22004.7 656.494 	22661.2	0.00316347	2.67411e-10	0.0230472	1050	0.0230472	0 1.15296e+07 5e+06 	1.65296e+07	6.27036	6.5039	12399	666.612	0.0122221	0	1.02	1.02
122.55	0.00202346	0.00114009	20596.4	1050	105	19921.2	57.0225	57.0225	228.09	228.09	0 22003.4 655.609 	22659	0.00316355	2.63423e-10	0.0227041	1050	0.0227041	0 1.15302e+07 5e+06 	1.65302e+07	6.27028	6.5039	12399	666.612	0.0122063	0	1.02	1.02
122.7	0.00202347	0.00114016	20598.1	1050	105	19922.5	57.062	57.062	228.248	228.248	0 22002.1 654.727 	22656.8	0.00316363	2.59495e-10	0.0223661	1050	0.0223661	0 1.15308e+07 5e+06 	1.65308e+07	6.27021	6.5039	12399	666.612	0.0121905	0	1.02	1.02
122.85	0.00202347	0.00114024	20599.8	1050	105	19923.8	57.1015	57.1015	228.406	228.406	0 22000.8 653.847 	22654.6	0.00316371	2.55625e-10	0.0220331	1050	0.0220331	0 1.15314e+07 5e+06 	1.65314e+07	6.27014	6.5039	12399	666.612	0.0121747	0	1.02	1.02
123	0.00202348	0.00114031	20601.5	1050	105	19925.1	57.141	57.141	228.564	228.564	0 21999.5 652.969 	22652.4	0.00316379	2.51813e-10	0.0217051	1050	0.0217051	0 1.1532e+07 5e+06 	1.6532e+07	6.27006	6.5039	12399	666.612	0.012159	0	1.02	1.02
123.15	0.00202349	0.00114038	20603.2	1050	105	19926.4	57.1806	57.1806	228.722	228.722	0 21998.2 652.093 	22650.3	0.00316387	2.48057e-10	0.021382	1050	0.021382	0 1.15326e+07 5e+06 	1.65326e+07	6.26999	6.5039	12399	666.612	0.0121434	0	1.02	1.02
123.3	0.0020235	0.00114046	20604.9	1050	105	19927.7	57.2202	57.2202	228.881	228.881	0 21996.9 651.219 	22648.1	0.00316395	2.44358e-10	0.0210636	1050	0.0210636	0 1.15331e+07 5e+06 	1.65331e+07	6.26992	6.5039	12399	666.612	0.0121278	0	1.02	1.02
123.45	0.00202351	0.00114053	20606.5	1050	105	19928.9	57.2599	57.2599	229.039	229.039	0 21995.6 650.347 	22646	0.00316404	2.40714e-10	0.02075	1050	0.02075	0 1.15337e+07 5e+06 	1.65337e+07	6.26984	6.5039	12399	666.612	0.0121122	0	1.02	1.02
123.6	0.00202351	0.0011406	20608.2	1050	105	19930.2	57.2996	57.2996	229.198	229.198	0 21994.3 649.477 	22643.8	0.00316412	2.37124e-10	0.0204411	1050	0.0204411	0 1.15343e+07 5e+06 	1.65343e+07	6.26977	6.5039	12399	666.612	0.0120966	0	1.02	1.02
123.75	0.00202352	0.00114068	20609.9	1050	105	19931.5	57.3393	57.3393	229.357	229.357	0 21993 648.61 	22641.6	0.0031642	2.33588e-10	0.0201368	1050	0.0201368	0 1.15349e+07 5e+06 	1.65349e+07	6.2697	6.5039	12399	666.612	0.0120811	0	1.02	1.02
123.9	0.00202353	0.00114075	20611.5	1050	105	19932.8	57.3791	57.3791	229.517	229.517	0 21991.7 647.744 	22639.5	0.00316428	2.30104e-10	0.019837	1050	0.019837	0 1.15355e+07 5e+06 	1.65355e+07	6.26962	6.5039	12399	666.612	0.0120657	0	1.02	1.02
124.05	0.00202354	0.00114082	20613.2	1050	105	19934	57.419	57.419	229.676	229.676	0 21990.5 646.881 	22637.3	0.00316436	2.26673e-10	0.0195417	1050	0.0195417	0 1.15361e+07 5e+06 	1.65361e+07	6.26955	6.5039	12399	666.612	0.0120503	0	1.02	1.02
124.2	0.00202355	0.00114089	20614.9	1050	105	19935.3	57.4589	57.4589	229.836	229.836	0 21989.2 646.02 	22635.2	0.00316444	2.23292e-10	0.0192507	1050	0.0192507	0 1.15367e+07 5e+06 	1.65367e+07	6.26948	6.5039	12399	666.612	0.0120349	0	1.02	1.02
124.35	0.00202355	0.00114097	20616.5	1050	105	19936.6	57.4988	57.4988	229.995	229.995	0 21987.9 645.16 	22633.1	0.00316452	2.19963e-10	0.0189641	1050	0.0189641	0 1.15373e+07 5e+06 	1.65373e+07	6.2694	6.5039	12399	666.612	0.0120195	0	1.02	1.02
124.5	0.00202356	0.00114104	20618.2	1050	105	19937.8	57.5388	57.5388	230.155	230.155	0 21986.6 644.303 	22630.9	0.0031646	2.16682e-10	0.0186818	1050	0.0186818	0 1.15379e+07 5e+06 	1.65379e+07	6.26933	6.5039	12399	666.612	0.0120042	0	1.02	1.02
124.65	0.00202357	0.00114111	20619.9	1050	105	19939.1	57.5788	57.5788	230.315	230.315	0 21985.3 643.448 	22628.8	0.00316468	2.13451e-10	0.0184037	1050	0.0184037	0 1.15384e+07 5e+06 	1.65384e+07	6.26926	6.5039	12399	666.612	0.011989	0	1.02	1.02
124.8	0.00202358	0.00114118	20621.5	1050	105	19940.3	57.6189	57.6189	230.476	230.476	0 21984.1 642.596 	22626.6	0.00316476	2.10268e-10	0.0181297	1050	0.0181297	0 1.1539e+07 5e+06 	1.6539e+07	6.26919	6.5039	12399	666.612	0.0119738	0	1.02	1.02
124.95	0.00202358	0.00114126	20623.2	1050	105	19941.6	57.659	57.659	230.636	230.636	0 21982.8 641.745 	22624.5	0.00316484	2.07132e-10	0.0178598	1050	0.0178598	0 1.15396e+07 5e+06 	1.65396e+07	6.26912	6.5039	12399	666.612	0.0119586	0	1.02	1.02
125.1	0.00202359	0.00114133	20624.8	1050	105	19942.8	57.6992	57.6992	230.797	230.797	0 21981.5 640.896 	22622.4	0.00316492	2.04043e-10	0.0175939	1050	0.0175939	0 1.15402e+07 5e+06 	1.65402e+07	6.26904	6.5039	12399	666.612	0.0119435	0	1.02	1.02
125.25	0.0020236	0.0011414	20626.5	1050	105	19944.1	57.7394	57.7394	230.958	230.958	0 21980.2 640.05 	22620.3	0.003165	2.01e-10	0.0173319	1050	0.0173319	0 1.15408e+07 5e+06 	1.65408e+07	6.26897	6.5039	12399	666.612	0.0119284	0	1.02	1.02
125.4	0.00202361	0.00114147	20628.1	1050	105	19945.3	57.7797	57.7797	231.119	231.119	0 21979 639.205 	22618.2	0.00316508	1.98003e-10	0.0170739	1050	0.0170739	0 1.15414e+07 5e+06 	1.65414e+07	6.2689	6.5039	12399	666.612	0.0119133	0	1.02	1.02
125.55	0.00202362	0.00114155	20629.8	1050	105	19946.6	57.82	57.82	231.28	231.28	0 21977.7 638.363 	22616	0.00316516	1.9505e-10	0.0168197	1050	0.0168197	0 1.15419e+07 5e+06 	1.65419e+07	6.26883	6.5039	12399	666.612	0.0118983	0	1.02	1.02
125.7	0.00202362	0.00114162	20631.4	1050	105	19947.8	57.8603	57.8603	231.441	231.441	0 21976.4 637.522 	22613.9	0.00316524	1.92141e-10	0.0165693	1050	0.0165693	0 1.15425e+07 5e+06 	1.65425e+07	6.26876	6.5039	12399	666.612	0.0118833	0	1.02	1.02
125.85	0.00202363	0.00114169	20633.1	1050	105	19949.1	57.9007	57.9007	231.603	231.603	0 21975.1 636.684 	22611.8	0.00316532	1.89276e-10	0.0163226	1050	0.0163226	0 1.15431e+07 5e+06 	1.65431e+07	6.26868	6.5039	12399	666.612	0.0118684	0	1.02	1.02
126	0.00202364	0.00114176	20634.7	1050	105	19950.3	57.9411	57.9411	231.764	231.764	0 21973.9 635.848 	22609.7	0.0031654	1.86453e-10	0.0160796	1050	0.0160796	0 1.15437e+07 5e+06 	1.65437e+07	6.26861	6.5039	12399	666.612	0.0118535	0	1.02	1.02
126.15	0.00202365	0.00114183	20636.4	1050	105	19951.5	57.9816	57.9816	231.926	231.926	0 21972.6 635.014 	22607.6	0.00316548	1.83673e-10	0.0158402	1050	0.0158402	0 1.15443e+07 5e+06 	1.65443e+07	6.26854	6.5039	12399	666.612	0.0118386	0	1.02	1.02
126.3	0.00202365	0.0011419	20638	1050	105	19952.8	58.0221	58.0221	232.088	232.088	0 21971.3 634.182 	22605.5	0.00316556	1.80934e-10	0.0156044	1050	0.0156044	0 1.15448e+07 5e+06 	1.65448e+07	6.26847	6.5039	12399	666.612	0.0118238	0	1.02	1.02
126.45	0.00202366	0.00114198	20639.6	1050	105	19954	58.0627	58.0627	232.251	232.251	0 21970.1 633.352 	22603.4	0.00316564	1.78236e-10	0.0153721	1050	0.0153721	0 1.15454e+07 5e+06 	1.65454e+07	6.2684	6.5039	12399	666.612	0.011809	0	1.02	1.02
126.6	0.00202367	0.00114205	20641.3	1050	105	19955.2	58.1033	58.1033	232.413	232.413	0 21968.8 632.524 	22601.3	0.00316572	1.75578e-10	0.0151432	1050	0.0151432	0 1.1546e+07 5e+06 	1.6546e+07	6.26833	6.5039	12399	666.612	0.0117942	0	1.02	1.02
126.75	0.00202368	0.00114212	20642.9	1050	105	19956.5	58.144	58.144	232.576	232.576	0 21967.5 631.698 	22599.2	0.00316579	1.7296e-10	0.0149178	1050	0.0149178	0 1.15466e+07 5e+06 	1.65466e+07	6.26826	6.5039	12399	666.612	0.0117795	0	1.02	1.02
126.9	0.00202368	0.00114219	20644.5	1050	105	19957.7	58.1847	58.1847	232.739	232.739	0 21966.3 630.874 	22597.2	0.00316587	1.7038e-10	0.0146957	1050	0.0146957	0 1.15471e+07 5e+06 	1.65471e+07	6.26819	6.5039	12399	666.612	0.0117649	0	1.02	1.02
127.05	0.00202369	0.00114226	20646.2	1050	105	19958.9	58.2254	58.2254	232.902	232.902	0 21965 630.052 	22595.1	0.00316595	1.6784e-10	0.0144769	1050	0.0144769	0 1.15477e+07 5e+06 	1.65477e+07	6.26812	6.5039	12399	666.612	0.0117502	0	1.02	1.02
127.2	0.0020237	0.00114233	20647.8	1050	105	19960.1	58.2662	58.2662	233.065	233.065	0 21963.8 629.233 	22593	0.00316603	1.65337e-10	0.0142613	1050	0.0142613	0 1.15483e+07 5e+06 	1.65483e+07	6.26805	6.5039	12399	666.612	0.0117356	0	1.02	1.02
127.35	0.00202371	0.0011424	20649.4	1050	105	19961.3	58.3071	58.3071	233.228	233.228	0 21962.5 628.415 	22590.9	0.00316611	1.62871e-10	0.014049	1050	0.014049	0 1.15489e+07 5e+06 	1.65489e+07	6.26798	6.5039	12399	666.612	0.0117211	0	1.02	1.02
127.5	0.00202371	0.00114247	20651	1050	105	19962.5	58.3479	58.3479	233.392	233.392	0 21961.3 627.6 	22588.9	0.00316619	1.60442e-10	0.0138399	1050	0.0138399	0 1.15494e+07 5e+06 	1.65494e+07	6.26791	6.5039	12399	666.612	0.0117066	0	1.02	1.02
127.65	0.00202372	0.00114254	20652.6	1050	105	19963.8	58.3889	58.3889	233.556	233.556	0 21960 626.786 	22586.8	0.00316627	1.5805e-10	0.0136338	1050	0.0136338	0 1.155e+07 5e+06 	1.655e+07	6.26784	6.5039	12399	666.612	0.0116921	0	1.02	1.02
127.8	0.00202373	0.00114261	20654.3	1050	105	19965	58.4299	58.4299	233.719	233.719	0 21958.8 625.975 	22584.7	0.00316634	1.55693e-10	0.0134308	1050	0.0134308	0 1.15506e+07 5e+06 	1.65506e+07	6.26777	6.5039	12399	666.612	0.0116777	0	1.02	1.02
127.95	0.00202374	0.00114269	20655.9	1050	105	19966.2	58.4709	58.4709	233.884	233.884	0 21957.5 625.165 	22582.7	0.00316642	1.53371e-10	0.0132309	1050	0.0132309	0 1.15511e+07 5e+06 	1.65511e+07	6.2677	6.5039	12399	666.612	0.0116633	0	1.02	1.02
128.1	0.00202374	0.00114276	20657.5	1050	105	19967.4	58.512	58.512	234.048	234.048	0 21956.3 624.358 	22580.6	0.0031665	1.51084e-10	0.0130339	1050	0.0130339	0 1.15517e+07 5e+06 	1.65517e+07	6.26763	6.5039	12399	666.612	0.0116489	0	1.02	1.02
128.25	0.00202375	0.00114283	20659.1	1050	105	19968.6	58.5531	58.5531	234.212	234.212	0 21955 623.553 	22578.6	0.00316658	1.48831e-10	0.0128398	1050	0.0128398	0 1.15523e+07 5e+06 	1.65523e+07	6.26756	6.5039	12399	666.612	0.0116346	0	1.02	1.02
128.4	0.00202376	0.0011429	20660.7	1050	105	19969.8	58.5942	58.5942	234.377	234.377	0 21953.8 622.749 	22576.5	0.00316666	1.46612e-10	0.0126487	1050	0.0126487	0 1.15528e+07 5e+06 	1.65528e+07	6.26749	6.5039	12399	666.612	0.0116203	0	1.02	1.02
128.55	0.00202377	0.00114297	20662.3	1050	105	19971	58.6354	58.6354	234.542	234.542	0 21952.5 621.948 	22574.5	0.00316673	1.44425e-10	0.0124604	1050	0.0124604	0 1.15534e+07 5e+06 	1.65534e+07	6.26742	6.5039	12399	666.612	0.0116061	0	1.02	1.02
128.7	0.00202377	0.00114304	20663.9	1050	105	19972.2	58.6767	58.6767	234.707	234.707	0 21951.3 621.149 	22572.4	0.00316681	1.42272e-10	0.0122749	1050	0.0122749	0 1.1554e+07 5e+06 	1.6554e+07	6.26735	6.5039	12399	666.612	0.0115918	0	1.02	1.02
128.85	0.00202378	0.00114311	20665.5	1050	105	19973.4	58.718	58.718	234.872	234.872	0 21950 620.352 	22570.4	0.00316689	1.4015e-10	0.0120921	1050	0.0120921	0 1.15545e+07 5e+06 	1.65545e+07	6.26728	6.5039	12399	666.612	0.0115777	0	1.02	1.02
129	0.00202379	0.00114318	20667.1	1050	105	19974.6	58.7593	58.7593	235.037	235.037	0 21948.8 619.557 	22568.3	0.00316697	1.3806e-10	0.0119121	1050	0.0119121	0 1.15551e+07 5e+06 	1.65551e+07	6.26722	6.5039	12399	666.612	0.0115635	0	1.02	1.02
129.15	0.0020238	0.00114325	20668.7	1050	105	19975.7	58.8007	58.8007	235.203	235.203	0 21947.5 618.763 	22566.3	0.00316704	1.36001e-10	0.0117347	1050	0.0117347	0 1.15557e+07 5e+06 	1.65557e+07	6.26715	6.5039	12399	666.612	0.0115494	0	1.02	1.02
129.3	0.0020238	0.00114332	20670.3	1050	105	19976.9	58.8422	58.8422	235.369	235.369	0 21946.3 617.972 	22564.3	0.00316712	1.33973e-10	0.01156	1050	0.01156	0 1.15562e+07 5e+06 	1.65562e+07	6.26708	6.5039	12399	666.612	0.0115354	0	1.02	1.02
129.45	0.00202381	0.00114339	20671.9	1050	105	19978.1	58.8836	58.8836	235.535	235.535	0 21945.1 617.183 	22562.2	0.0031672	1.31976e-10	0.0113879	1050	0.0113879	0 1.15568e+07 5e+06 	1.65568e+07	6.26701	6.5039	12399	666.612	0.0115214	0	1.02	1.02
129.6	0.00202382	0.00114346	20673.5	1050	105	19979.3	58.9252	58.9252	235.701	235.701	0 21943.8 616.396 	22560.2	0.00316727	1.30008e-10	0.0112184	1050	0.0112184	0 1.15574e+07 5e+06 	1.65574e+07	6.26694	6.5039	12399	666.612	0.0115074	0	1.02	1.02
129.75	0.00202383	0.00114353	20675.1	1050	105	19980.5	58.9667	58.9667	235.867	235.867	0 21942.6 615.611 	22558.2	0.00316735	1.28069e-10	0.0110514	1050	0.0110514	0 1.15579e+07 5e+06 	1.65579e+07	6.26687	6.5039	12399	666.612	0.0114934	0	1.02	1.02
129.9	0.00202383	0.0011436	20676.7	1050	105	19981.6	59.0084	59.0084	236.033	236.033	0 21941.3 614.828 	22556.2	0.00316743	1.26159e-10	0.0108868	1050	0.0108868	0 1.15585e+07 5e+06 	1.65585e+07	6.2668	6.5039	12399	666.612	0.0114795	0	1.02	1.02
130.05	0.00202384	0.00114366	20678.3	1050	105	19982.8	59.05	59.05	236.2	236.2	0 21940.1 614.047 	22554.2	0.00316751	1.24278e-10	0.0107248	1050	0.0107248	0 1.1559e+07 5e+06 	1.6559e+07	6.26674	6.5039	12399	666.612	0.0114657	0	1.02	1.02
130.2	0.00202385	0.00114373	20679.9	1050	105	19984	59.0917	59.0917	236.367	236.367	0 21938.9 613.268 	22552.1	0.00316758	1.22425e-10	0.0105651	1050	0.0105651	0 1.15596e+07 5e+06 	1.65596e+07	6.26667	6.5039	12399	666.612	0.0114518	0	1.02	1.02
130.35	0.00202386	0.0011438	20681.5	1050	105	19985.2	59.1335	59.1335	236.534	236.534	0 21937.6 612.491 	22550.1	0.00316766	1.20599e-10	0.0104078	1050	0.0104078	0 1.15602e+07 5e+06 	1.65602e+07	6.2666	6.5039	12399	666.612	0.011438	0	1.02	1.02
130.5	0.00202386	0.00114387	20683.1	1050	105	19986.3	59.1753	59.1753	236.701	236.701	0 21936.4 611.716 	22548.1	0.00316773	1.18801e-10	0.0102528	1050	0.0102528	0 1.15607e+07 5e+06 	1.65607e+07	6.26653	6.5039	12399	666.612	0.0114243	0	1.02	1.02
130.65	0.00202387	0.00114394	20684.7	1050	105	19987.5	59.2171	59.2171	236.869	236.869	0 21935.2 610.943 	22546.1	0.00316781	1.17029e-10	0.0101002	1050	0.0101002	0 1.15613e+07 5e+06 	1.65613e+07	6.26647	6.5039	12399	666.612	0.0114105	0	1.02	1.02
130.8	0.00202388	0.00114401	20686.2	1050	105	19988.7	59.259	59.259	237.036	237.036	0 21934 610.172 	22544.1	0.00316789	1.15284e-10	0.00994983	1050	0.00994983	0 1.15618e+07 5e+06 	1.65618e+07	6.2664	6.5039	12399	666.612	0.0113969	0	1.02	1.02
130.95	0.00202388	0.00114408	20687.8	1050	105	19989.8	59.301	59.301	237.204	237.204	0 21932.7 609.404 	22542.1	0.00316796	1.13565e-10	0.0098017	1050	0.0098017	0 1.15624e+07 5e+06 	1.65624e+07	6.26633	6.5039	12399	666.612	0.0113832	0	1.02	1.02
131.1	0.00202389	0.00114415	20689.4	1050	105	19991	59.343	59.343	237.372	237.372	0 21931.5 608.637 	22540.1	0.00316804	1.11872e-10	0.00965577	1050	0.00965577	0 1.15629e+07 5e+06 	1.65629e+07	6.26626	6.5039	12399	666.612	0.0113696	0	1.02	1.02
131.25	0.0020239	0.00114422	20691	1050	105	19992.1	59.385	59.385	237.54	237.54	0 21930.3 607.872 	22538.2	0.00316812	1.10203e-10	0.00951202	1050	0.00951202	0 1.15635e+07 5e+06 	1.65635e+07	6.2662	6.5039	12399	666.612	0.011356	0	1.02	1.02
131.4	0.00202391	0.00114429	20692.6	1050	105	19993.3	59.4271	59.4271	237.708	237.708	0 21929.1 607.109 	22536.2	0.00316819	1.0856e-10	0.0093704	1050	0.0093704	0 1.15641e+07 5e+06 	1.65641e+07	6.26613	6.5039	12399	666.612	0.0113425	0	1.02	1.02
131.55	0.00202391	0.00114435	20694.1	1050	105	19994.4	59.4692	59.4692	237.877	237.877	0 21927.8 606.348 	22534.2	0.00316827	1.06941e-10	0.00923089	1050	0.00923089	0 1.15646e+07 5e+06 	1.65646e+07	6.26606	6.5039	12399	666.612	0.011329	0	1.02	1.02
131.7	0.00202392	0.00114442	20695.7	1050	105	19995.6	59.5114	59.5114	238.045	238.045	0 21926.6 605.589 	22532.2	0.00316834	1.05347e-10	0.00909347	1050	0.00909347	0 1.15652e+07 5e+06 	1.65652e+07	6.266	6.5039	12399	666.612	0.0113155	0	1.02	1.02
131.85	0.00202393	0.00114449	20697.3	1050	105	19996.7	59.5536	59.5536	238.214	238.214	0 21925.4 604.832 	22530.2	0.00316842	1.03776e-10	0.00895808	1050	0.00895808	0 1.15657e+07 5e+06 	1.65657e+07	6.26593	6.5039	12399	666.612	0.0113021	0	1.02	1.02
132	0.00202393	0.00114456	20698.8	1050	105	19997.9	59.5959	59.5959	238.383	238.383	0 21924.2 604.077 	22528.3	0.00316849	1.02228e-10	0.00882471	1050	0.00882471	0 1.15663e+07 5e+06 	1.65663e+07	6.26586	6.5039	12399	666.612	0.0112887	0	1.02	1.02
132.15	0.00202394	0.00114463	20700.4	1050	105	19999	59.6382	59.6382	238.553	238.553	0 21923 603.324 	22526.3	0.00316857	1.00704e-10	0.00869333	1050	0.00869333	0 1.15668e+07 5e+06 	1.65668e+07	6.2658	6.5039	12399	666.612	0.0112753	0	1.02	1.02
132.3	0.00202395	0.0011447	20702	1050	105	20000.2	59.6805	59.6805	238.722	238.722	0 21921.7 602.573 	22524.3	0.00316865	9.92024e-11	0.00856391	1050	0.00856391	0 1.15674e+07 5e+06 	1.65674e+07	6.26573	6.5039	12399	666.612	0.011262	0	1.02	1.02
132.45	0.00202396	0.00114477	20703.5	1050	105	20001.3	59.7229	59.7229	238.892	238.892	0 21920.5 601.824 	22522.3	0.00316872	9.77231e-11	0.00843641	1050	0.00843641	0 1.15679e+07 5e+06 	1.65679e+07	6.26567	6.5039	12399	666.612	0.0112487	0	1.02	1.02
132.6	0.00202396	0.00114483	20705.1	1050	105	20002.4	59.7654	59.7654	239.062	239.062	0 21919.3 601.077 	22520.4	0.0031688	9.62659e-11	0.00831081	1050	0.00831081	0 1.15685e+07 5e+06 	1.65685e+07	6.2656	6.5039	12399	666.612	0.0112355	0	1.02	1.02
132.75	0.00202397	0.0011449	20706.7	1050	105	20003.6	59.8079	59.8079	239.231	239.231	0 21918.1 600.332 	22518.4	0.00316887	9.48305e-11	0.00818708	1050	0.00818708	0 1.1569e+07 5e+06 	1.6569e+07	6.26553	6.5039	12399	666.612	0.0112222	0	1.02	1.02
132.9	0.00202398	0.00114497	20708.2	1050	105	20004.7	59.8504	59.8504	239.402	239.402	0 21916.9 599.589 	22516.5	0.00316895	9.34164e-11	0.00806519	1050	0.00806519	0 1.15696e+07 5e+06 	1.65696e+07	6.26547	6.5039	12399	666.612	0.0112091	0	1.02	1.02
133.05	0.00202398	0.00114504	20709.8	1050	105	20005.8	59.893	59.893	239.572	239.572	0 21915.7 598.847 	22514.5	0.00316902	9.20235e-11	0.00794511	1050	0.00794511	0 1.15701e+07 5e+06 	1.65701e+07	6.2654	6.5039	12399	666.612	0.0111959	0	1.02	1.02
133.2	0.00202399	0.00114511	20711.3	1050	105	20007	59.9356	59.9356	239.743	239.743	0 21914.5 598.108 	22512.6	0.0031691	9.06513e-11	0.00782683	1050	0.00782683	0 1.15707e+07 5e+06 	1.65707e+07	6.26534	6.5039	12399	666.612	0.0111828	0	1.02	1.02
133.35	0.002024	0.00114517	20712.9	1050	105	20008.1	59.9783	59.9783	239.913	239.913	0 21913.3 597.371 	22510.6	0.00316917	8.92996e-11	0.0077103	1050	0.0077103	0 1.15712e+07 5e+06 	1.65712e+07	6.26527	6.5039	12399	666.612	0.0111698	0	1.02	1.02
133.5	0.00202401	0.00114524	20714.4	1050	105	20009.2	60.0211	60.0211	240.084	240.084	0 21912.1 596.636 	22508.7	0.00316925	8.7968e-11	0.00759551	1050	0.00759551	0 1.15718e+07 5e+06 	1.65718e+07	6.26521	6.5039	12399	666.612	0.0111567	0	1.02	1.02
133.65	0.00202401	0.00114531	20716	1050	105	20010.3	60.0638	60.0638	240.255	240.255	0 21910.8 595.903 	22506.8	0.00316932	8.66563e-11	0.00748243	1050	0.00748243	0 1.15723e+07 5e+06 	1.65723e+07	6.26514	6.5039	12399	666.612	0.0111437	0	1.02	1.02
133.8	0.00202402	0.00114538	20717.5	1050	105	20011.5	60.1067	60.1067	240.427	240.427	0 21909.6 595.171 	22504.8	0.0031694	8.53641e-11	0.00737103	1050	0.00737103	0 1.15728e+07 5e+06 	1.65728e+07	6.26508	6.5039	12399	666.612	0.0111308	0	1.02	1.02
133.95	0.00202403	0.00114544	20719.1	1050	105	20012.6	60.1495	60.1495	240.598	240.598	0 21908.4 594.442 	22502.9	0.00316947	8.40913e-11	0.00726129	1050	0.00726129	0 1.15734e+07 5e+06 	1.65734e+07	6.26501	6.5039	12399	666.612	0.0111178	0	1.02	1.02
134.1	0.00202403	0.00114551	20720.6	1050	105	20013.7	60.1924	60.1924	240.77	240.77	0 21907.2 593.715 	22501	0.00316954	8.28374e-11	0.00715318	1050	0.00715318	0 1.15739e+07 5e+06 	1.65739e+07	6.26495	6.5039	12399	666.612	0.0111049	0	1.02	1.02
134.25	0.00202404	0.00114558	20722.2	1050	105	20014.8	60.2354	60.2354	240.942	240.942	0 21906 592.989 	22499	0.00316962	8.16022e-11	0.00704669	1050	0.00704669	0 1.15745e+07 5e+06 	1.65745e+07	6.26488	6.5039	12399	666.612	0.0110921	0	1.02	1.02
134.4	0.00202405	0.00114565	20723.7	1050	105	20015.9	60.2784	60.2784	241.114	241.114	0 21904.8 592.266 	22497.1	0.00316969	8.03854e-11	0.00694178	1050	0.00694178	0 1.1575e+07 5e+06 	1.6575e+07	6.26482	6.5039	12399	666.612	0.0110793	0	1.02	1.02
134.55	0.00202405	0.00114571	20725.2	1050	105	20017	60.3215	60.3215	241.286	241.286	0 21903.6 591.544 	22495.2	0.00316977	7.91868e-11	0.00683843	1050	0.00683843	0 1.15756e+07 5e+06 	1.65756e+07	6.26475	6.5039	12399	666.612	0.0110665	0	1.02	1.02
134.7	0.00202406	0.00114578	20726.8	1050	105	20018.1	60.3646	60.3646	241.458	241.458	0 21902.4 590.825 	22493.3	0.00316984	7.8006e-11	0.00673662	1050	0.00673662	0 1.15761e+07 5e+06 	1.65761e+07	6.26469	6.5039	12399	666.612	0.0110537	0	1.02	1.02
134.85	0.00202407	0.00114585	20728.3	1050	105	20019.2	60.4077	60.4077	241.631	241.631	0 21901.2 590.107 	22491.4	0.00316992	7.68429e-11	0.00663632	1050	0.00663632	0 1.15766e+07 5e+06 	1.65766e+07	6.26463	6.5039	12399	666.612	0.011041	0	1.02	1.02
135	0.00202407	0.00114591	20729.8	1050	105	20020.3	60.4509	60.4509	241.804	241.804	0 21900.1 589.391 	22489.4	0.00316999	7.56971e-11	0.00653752	1050	0.00653752	0 1.15772e+07 5e+06 	1.65772e+07	6.26456	6.5039	12399	666.612	0.0110283	0	1.02	1.02
135.15	0.00202408	0.00114598	20731.4	1050	105	20021.4	60.4942	60.4942	241.977	241.977	0 21898.9 588.677 	22487.5	0.00317006	7.45683e-11	0.00644019	1050	0.00644019	0 1.15777e+07 5e+06 	1.65777e+07	6.2645	6.5039	12399	666.612	0.0110157	0	1.02	1.02
135.3	0.00202409	0.00114605	20732.9	1050	105	20022.5	60.5375	60.5375	242.15	242.15	0 21897.7 587.966 	22485.6	0.00317014	7.34565e-11	0.00634431	1050	0.00634431	0 1.15783e+07 5e+06 	1.65783e+07	6.26443	6.5039	12399	666.612	0.0110031	0	1.02	1.02
135.45	0.0020241	0.00114612	20734.4	1050	105	20023.6	60.5808	60.5808	242.323	242.323	0 21896.5 587.256 	22483.7	0.00317021	7.23612e-11	0.00624985	1050	0.00624985	0 1.15788e+07 5e+06 	1.65788e+07	6.26437	6.5039	12399	666.612	0.0109905	0	1.02	1.02
135.6	0.0020241	0.00114618	20736	1050	105	20024.7	60.6242	60.6242	242.497	242.497	0 21895.3 586.548 	22481.8	0.00317028	7.12822e-11	0.00615681	1050	0.00615681	0 1.15793e+07 5e+06 	1.65793e+07	6.26431	6.5039	12399	666.612	0.010978	0	1.02	1.02
135.75	0.00202411	0.00114625	20737.5	1050	105	20025.8	60.6676	60.6676	242.67	242.67	0 21894.1 585.842 	22479.9	0.00317036	7.02193e-11	0.00606514	1050	0.00606514	0 1.15799e+07 5e+06 	1.65799e+07	6.26424	6.5039	12399	666.612	0.0109655	0	1.02	1.02
135.9	0.00202412	0.00114632	20739	1050	105	20026.9	60.7111	60.7111	242.844	242.844	0 21892.9 585.138 	22478	0.00317043	6.91723e-11	0.00597485	1050	0.00597485	0 1.15804e+07 5e+06 	1.65804e+07	6.26418	6.5039	12399	666.612	0.010953	0	1.02	1.02
136.05	0.00202412	0.00114638	20740.6	1050	105	20028	60.7546	60.7546	243.019	243.019	0 21891.7 584.436 	22476.2	0.0031705	6.81409e-11	0.00588589	1050	0.00588589	0 1.15809e+07 5e+06 	1.65809e+07	6.26412	6.5039	12399	666.612	0.0109406	0	1.02	1.02
136.2	0.00202413	0.00114645	20742.1	1050	105	20029.1	60.7982	60.7982	243.193	243.193	0 21890.5 583.736 	22474.3	0.00317058	6.71248e-11	0.00579826	1050	0.00579826	0 1.15815e+07 5e+06 	1.65815e+07	6.26405	6.5039	12399	666.612	0.0109282	0	1.02	1.02
136.35	0.00202414	0.00114651	20743.6	1050	105	20030.2	60.8418	60.8418	243.367	243.367	0 21889.4 583.037 	22472.4	0.00317065	6.6124e-11	0.00571194	1050	0.00571194	0 1.1582e+07 5e+06 	1.6582e+07	6.26399	6.5039	12399	666.612	0.0109158	0	1.02	1.02
136.5	0.00202414	0.00114658	20745.1	1050	105	20031.3	60.8855	60.8855	243.542	243.542	0 21888.2 582.341 	22470.5	0.00317072	6.5138e-11	0.0056269	1050	0.0056269	0 1.15825e+07 5e+06 	1.65825e+07	6.26393	6.5039	12399	666.612	0.0109035	0	1.02	1.02
136.65	0.00202415	0.00114665	20746.6	1050	105	20032.3	60.9292	60.9292	243.717	243.717	0 21887 581.647 	22468.6	0.0031708	6.41668e-11	0.00554313	1050	0.00554313	0 1.15831e+07 5e+06 	1.65831e+07	6.26386	6.5039	12399	666.612	0.0108912	0	1.02	1.02
136.8	0.00202416	0.00114671	20748.1	1050	105	20033.4	60.973	60.973	243.892	243.892	0 21885.8 580.954 	22466.8	0.00317087	6.321e-11	0.0054606	1050	0.0054606	0 1.15836e+07 5e+06 	1.65836e+07	6.2638	6.5039	12399	666.612	0.0108789	0	1.02	1.02
136.95	0.00202416	0.00114678	20749.7	1050	105	20034.5	61.0168	61.0168	244.067	244.067	0 21884.6 580.263 	22464.9	0.00317094	6.22675e-11	0.0053793	1050	0.0053793	0 1.15841e+07 5e+06 	1.65841e+07	6.26374	6.5039	12399	666.612	0.0108667	0	1.02	1.02
137.1	0.00202417	0.00114685	20751.2	1050	105	20035.6	61.0606	61.0606	244.243	244.243	0 21883.4 579.575 	22463	0.00317102	6.1339e-11	0.00529922	1050	0.00529922	0 1.15847e+07 5e+06 	1.65847e+07	6.26368	6.5039	12399	666.612	0.0108545	0	1.02	1.02
137.25	0.00202418	0.00114691	20752.7	1050	105	20036.6	61.1046	61.1046	244.418	244.418	0 21882.3 578.888 	22461.2	0.00317109	6.04244e-11	0.00522032	1050	0.00522032	0 1.15852e+07 5e+06 	1.65852e+07	6.26361	6.5039	12399	666.612	0.0108424	0	1.02	1.02
137.4	0.00202418	0.00114698	20754.2	1050	105	20037.7	61.1485	61.1485	244.594	244.594	0 21881.1 578.203 	22459.3	0.00317116	5.95235e-11	0.0051426	1050	0.0051426	0 1.15857e+07 5e+06 	1.65857e+07	6.26355	6.5039	12399	666.612	0.0108302	0	1.02	1.02
137.55	0.00202419	0.00114704	20755.7	1050	105	20038.8	61.1925	61.1925	244.77	244.77	0 21879.9 577.52 	22457.4	0.00317123	5.86359e-11	0.00506604	1050	0.00506604	0 1.15863e+07 5e+06 	1.65863e+07	6.26349	6.5039	12399	666.612	0.0108181	0	1.02	1.02
137.7	0.0020242	0.00114711	20757.2	1050	105	20039.8	61.2366	61.2366	244.946	244.946	0 21878.7 576.839 	22455.6	0.00317131	5.77617e-11	0.00499061	1050	0.00499061	0 1.15868e+07 5e+06 	1.65868e+07	6.26343	6.5039	12399	666.612	0.0108061	0	1.02	1.02
137.85	0.0020242	0.00114718	20758.7	1050	105	20040.9	61.2806	61.2806	245.123	245.123	0 21877.6 576.16 	22453.7	0.00317138	5.69004e-11	0.00491631	1050	0.00491631	0 1.15873e+07 5e+06 	1.65873e+07	6.26337	6.5039	12399	666.612	0.0107941	0	1.02	1.02
138	0.00202421	0.00114724	20760.2	1050	105	20042	61.3248	61.3248	245.299	245.299	0 21876.4 575.483 	22451.9	0.00317145	5.6052e-11	0.00484312	1050	0.00484312	0 1.15879e+07 5e+06 	1.65879e+07	6.2633	6.5039	12399	666.612	0.0107821	0	1.02	1.02
138.15	0.00202422	0.00114731	20761.7	1050	105	20043	61.369	61.369	245.476	245.476	0 21875.2 574.808 	22450	0.00317152	5.52162e-11	0.00477102	1050	0.00477102	0 1.15884e+07 5e+06 	1.65884e+07	6.26324	6.5039	12399	666.612	0.0107701	0	1.02	1.02
138.3	0.00202422	0.00114737	20763.2	1050	105	20044.1	61.4132	61.4132	245.653	245.653	0 21874.1 574.134 	22448.2	0.0031716	5.43929e-11	0.00469998	1050	0.00469998	0 1.15889e+07 5e+06 	1.65889e+07	6.26318	6.5039	12399	666.612	0.0107582	0	1.02	1.02
138.45	0.00202423	0.00114744	20764.7	1050	105	20045.2	61.4575	61.4575	245.83	245.83	0 21872.9 573.463 	22446.3	0.00317167	5.35819e-11	0.00463001	1050	0.00463001	0 1.15894e+07 5e+06 	1.65894e+07	6.26312	6.5039	12399	666.612	0.0107463	0	1.02	1.02
138.6	0.00202424	0.0011475	20766.2	1050	105	20046.2	61.5018	61.5018	246.007	246.007	0 21871.7 572.793 	22444.5	0.00317174	5.2783e-11	0.00456108	1050	0.00456108	0 1.159e+07 5e+06 	1.659e+07	6.26306	6.5039	12399	666.612	0.0107345	0	1.02	1.02
138.75	0.00202424	0.00114757	20767.7	1050	105	20047.3	61.5462	61.5462	246.185	246.185	0 21870.6 572.125 	22442.7	0.00317181	5.1996e-11	0.00449317	1050	0.00449317	0 1.15905e+07 5e+06 	1.65905e+07	6.263	6.5039	12399	666.612	0.0107227	0	1.02	1.02
138.9	0.00202425	0.00114763	20769.2	1050	105	20048.3	61.5907	61.5907	246.363	246.363	0 21869.4 571.46 	22440.8	0.00317188	5.12207e-11	0.00442628	1050	0.00442628	0 1.1591e+07 5e+06 	1.6591e+07	6.26294	6.5039	12399	666.612	0.0107109	0	1.02	1.02
139.05	0.00202426	0.0011477	20770.7	1050	105	20049.4	61.6351	61.6351	246.541	246.541	0 21868.2 570.796 	22439	0.00317196	5.0457e-11	0.00436038	1050	0.00436038	0 1.15915e+07 5e+06 	1.65915e+07	6.26288	6.5039	12399	666.612	0.0106992	0	1.02	1.02
139.2	0.00202426	0.00114776	20772.2	1050	105	20050.4	61.6797	61.6797	246.719	246.719	0 21867.1 570.134 	22437.2	0.00317203	4.97046e-11	0.00429546	1050	0.00429546	0 1.15921e+07 5e+06 	1.65921e+07	6.26281	6.5039	12399	666.612	0.0106874	0	1.02	1.02
139.35	0.00202427	0.00114783	20773.7	1050	105	20051.5	61.7242	61.7242	246.897	246.897	0 21865.9 569.473 	22435.4	0.0031721	4.89635e-11	0.00423151	1050	0.00423151	0 1.15926e+07 5e+06 	1.65926e+07	6.26275	6.5039	12399	666.612	0.0106758	0	1.02	1.02
139.5	0.00202428	0.00114789	20775.2	1050	105	20052.5	61.7688	61.7688	247.075	247.075	0 21864.7 568.815 	22433.5	0.00317217	4.82335e-11	0.00416851	1050	0.00416851	0 1.15931e+07 5e+06 	1.65931e+07	6.26269	6.5039	12399	666.612	0.0106641	0	1.02	1.02
139.65	0.00202428	0.00114796	20776.7	1050	105	20053.5	61.8135	61.8135	247.254	247.254	0 21863.6 568.159 	22431.7	0.00317224	4.75143e-11	0.00410645	1050	0.00410645	0 1.15936e+07 5e+06 	1.65936e+07	6.26263	6.5039	12399	666.612	0.0106525	0	1.02	1.02
139.8	0.00202429	0.00114802	20778.2	1050	105	20054.6	61.8582	61.8582	247.433	247.433	0 21862.4 567.504 	22429.9	0.00317231	4.68059e-11	0.00404532	1050	0.00404532	0 1.15942e+07 5e+06 	1.65942e+07	6.26257	6.5039	12399	666.612	0.0106409	0	1.02	1.02
139.95	0.0020243	0.00114809	20779.6	1050	105	20055.6	61.903	61.903	247.612	247.612	0 21861.3 566.852 	22428.1	0.00317238	4.6108e-11	0.00398509	1050	0.00398509	0 1.15947e+07 5e+06 	1.65947e+07	6.26251	6.5039	12399	666.612	0.0106294	0	1.02	1.02
140.1	0.0020243	0.00114815	20781.1	1050	105	20056.7	61.9478	61.9478	247.791	247.791	0 21860.1 566.201 	22426.3	0.00317246	4.54205e-11	0.00392576	1050	0.00392576	0 1.15952e+07 5e+06 	1.65952e+07	6.26245	6.5039	12399	666.612	0.0106179	0	1.02	1.02
140.25	0.00202431	0.00114822	20782.6	1050	105	20057.7	61.9927	61.9927	247.971	247.971	0 21858.9 565.552 	22424.5	0.00317253	4.47433e-11	0.00386731	1050	0.00386731	0 1.15957e+07 5e+06 	1.65957e+07	6.26239	6.5039	12399	666.612	0.0106064	0	1.02	1.02
140.4	0.00202431	0.00114828	20784.1	1050	105	20058.7	62.0376	62.0376	248.15	248.15	0 21857.8 564.905 	22422.7	0.0031726	4.40761e-11	0.00380974	1050	0.00380974	0 1.15962e+07 5e+06 	1.65962e+07	6.26233	6.5039	12399	666.612	0.010595	0	1.02	1.02
140.55	0.00202432	0.00114835	20785.6	1050	105	20059.7	62.0825	62.0825	248.33	248.33	0 21856.6 564.26 	22420.9	0.00317267	4.3419e-11	0.00375302	1050	0.00375302	0 1.15968e+07 5e+06 	1.65968e+07	6.26227	6.5039	12399	666.612	0.0105836	0	1.02	1.02
140.7	0.00202433	0.00114841	20787.1	1050	105	20060.8	62.1275	62.1275	248.51	248.51	0 21855.5 563.617 	22419.1	0.00317274	4.27716e-11	0.00369714	1050	0.00369714	0 1.15973e+07 5e+06 	1.65973e+07	6.26221	6.5039	12399	666.612	0.0105722	0	1.02	1.02
140.85	0.00202433	0.00114848	20788.5	1050	105	20061.8	62.1726	62.1726	248.69	248.69	0 21854.3 562.975 	22417.3	0.00317281	4.21339e-11	0.0036421	1050	0.0036421	0 1.15978e+07 5e+06 	1.65978e+07	6.26215	6.5039	12399	666.612	0.0105609	0	1.02	1.02
141	0.00202434	0.00114854	20790	1050	105	20062.8	62.2177	62.2177	248.871	248.871	0 21853.2 562.336 	22415.5	0.00317288	4.15056e-11	0.00358787	1050	0.00358787	0 1.15983e+07 5e+06 	1.65983e+07	6.26209	6.5039	12399	666.612	0.0105496	0	1.02	1.02
141.15	0.00202435	0.00114861	20791.5	1050	105	20063.8	62.2628	62.2628	249.051	249.051	0 21852 561.698 	22413.7	0.00317295	4.08868e-11	0.00353446	1050	0.00353446	0 1.15988e+07 5e+06 	1.65988e+07	6.26203	6.5039	12399	666.612	0.0105383	0	1.02	1.02
141.3	0.00202435	0.00114867	20792.9	1050	105	20064.9	62.308	62.308	249.232	249.232	0 21850.9 561.062 	22411.9	0.00317302	4.02772e-11	0.00348184	1050	0.00348184	0 1.15994e+07 5e+06 	1.65994e+07	6.26197	6.5039	12399	666.612	0.010527	0	1.02	1.02
141.45	0.00202436	0.00114873	20794.4	1050	105	20065.9	62.3533	62.3533	249.413	249.413	0 21849.7 560.428 	22410.2	0.00317309	3.96766e-11	0.00343	1050	0.00343	0 1.15999e+07 5e+06 	1.65999e+07	6.26191	6.5039	12399	666.612	0.0105158	0	1.02	1.02
141.6	0.00202437	0.0011488	20795.9	1050	105	20066.9	62.3986	62.3986	249.594	249.594	0 21848.6 559.796 	22408.4	0.00317316	3.90851e-11	0.00337893	1050	0.00337893	0 1.16004e+07 5e+06 	1.66004e+07	6.26186	6.5039	12399	666.612	0.0105047	0	1.02	1.02
141.75	0.00202437	0.00114886	20797.4	1050	105	20067.9	62.4439	62.4439	249.776	249.776	0 21847.4 559.166 	22406.6	0.00317324	3.85023e-11	0.00332863	1050	0.00332863	0 1.16009e+07 5e+06 	1.66009e+07	6.2618	6.5039	12399	666.612	0.0104935	0	1.02	1.02
141.9	0.00202438	0.00114893	20798.8	1050	105	20068.9	62.4893	62.4893	249.957	249.957	0 21846.3 558.538 	22404.8	0.00317331	3.79282e-11	0.00327907	1050	0.00327907	0 1.16014e+07 5e+06 	1.66014e+07	6.26174	6.5039	12399	666.612	0.0104824	0	1.02	1.02
142.05	0.00202439	0.00114899	20800.3	1050	105	20069.9	62.5347	62.5347	250.139	250.139	0 21845.2 557.911 	22403.1	0.00317338	3.73627e-11	0.00323025	1050	0.00323025	0 1.16019e+07 5e+06 	1.66019e+07	6.26168	6.5039	12399	666.612	0.0104713	0	1.02	1.02
142.2	0.00202439	0.00114905	20801.8	1050	105	20070.9	62.5802	62.5802	250.321	250.321	0 21844 557.287 	22401.3	0.00317345	3.68057e-11	0.00318216	1050	0.00318216	0 1.16024e+07 5e+06 	1.66024e+07	6.26162	6.5039	12399	666.612	0.0104603	0	1.02	1.02
142.35	0.0020244	0.00114912	20803.2	1050	105	20072	62.6258	62.6258	250.503	250.503	0 21842.9 556.664 	22399.5	0.00317352	3.62569e-11	0.00313478	1050	0.00313478	0 1.1603e+07 5e+06 	1.6603e+07	6.26156	6.5039	12399	666.612	0.0104493	0	1.02	1.02
142.5	0.0020244	0.00114918	20804.7	1050	105	20073	62.6714	62.6714	250.685	250.685	0 21841.7 556.043 	22397.8	0.00317359	3.57163e-11	0.00308811	1050	0.00308811	0 1.16035e+07 5e+06 	1.66035e+07	6.2615	6.5039	12399	666.612	0.0104383	0	1.02	1.02
142.65	0.00202441	0.00114925	20806.1	1050	105	20074	62.717	62.717	250.868	250.868	0 21840.6 555.424 	22396	0.00317366	3.51838e-11	0.00304214	1050	0.00304214	0 1.1604e+07 5e+06 	1.6604e+07	6.26144	6.5039	12399	666.612	0.0104274	0	1.02	1.02
142.8	0.00202442	0.00114931	20807.6	1050	105	20075	62.7627	62.7627	251.051	251.051	0 21839.5 554.806 	22394.3	0.00317373	3.46592e-11	0.00299685	1050	0.00299685	0 1.16045e+07 5e+06 	1.66045e+07	6.26139	6.5039	12399	666.612	0.0104165	0	1.02	1.02
142.95	0.00202442	0.00114937	20809.1	1050	105	20076	62.8084	62.8084	251.234	251.234	0 21838.3 554.191 	22392.5	0.0031738	3.41425e-11	0.00295223	1050	0.00295223	0 1.1605e+07 5e+06 	1.6605e+07	6.26133	6.5039	12399	666.612	0.0104056	0	1.02	1.02
143.1	0.00202443	0.00114944	20810.5	1050	105	20077	62.8542	62.8542	251.417	251.417	0 21837.2 553.577 	22390.8	0.00317387	3.36334e-11	0.00290828	1050	0.00290828	0 1.16055e+07 5e+06 	1.66055e+07	6.26127	6.5039	12399	666.612	0.0103948	0	1.02	1.02
143.25	0.00202444	0.0011495	20812	1050	105	20078	62.9	62.9	251.6	251.6	0 21836.1 552.966 	22389	0.00317394	3.31319e-11	0.00286498	1050	0.00286498	0 1.1606e+07 5e+06 	1.6606e+07	6.26121	6.5039	12399	666.612	0.0103839	0	1.02	1.02
143.4	0.00202444	0.00114956	20813.4	1050	105	20079	62.9459	62.9459	251.784	251.784	0 21834.9 552.356 	22387.3	0.00317401	3.2638e-11	0.00282232	1050	0.00282232	0 1.16065e+07 5e+06 	1.66065e+07	6.26115	6.5039	12399	666.612	0.0103732	0	1.02	1.02
143.55	0.00202445	0.00114963	20814.9	1050	105	20079.9	62.9918	62.9918	251.967	251.967	0 21833.8 551.748 	22385.5	0.00317408	3.21513e-11	0.0027803	1050	0.0027803	0 1.1607e+07 5e+06 	1.6607e+07	6.2611	6.5039	12399	666.612	0.0103624	0	1.02	1.02
143.7	0.00202445	0.00114969	20816.3	1050	105	20080.9	63.0378	63.0378	252.151	252.151	0 21832.7 551.141 	22383.8	0.00317414	3.1672e-11	0.00273891	1050	0.00273891	0 1.16076e+07 5e+06 	1.66076e+07	6.26104	6.5039	12399	666.612	0.0103517	0	1.02	1.02
143.85	0.00202446	0.00114975	20817.8	1050	105	20081.9	63.0838	63.0838	252.335	252.335	0 21831.5 550.537 	22382.1	0.00317421	3.11998e-11	0.00269813	1050	0.00269813	0 1.16081e+07 5e+06 	1.66081e+07	6.26098	6.5039	12399	666.612	0.010341	0	1.02	1.02
144	0.00202447	0.00114982	20819.2	1050	105	20082.9	63.1299	63.1299	252.52	252.52	0 21830.4 549.934 	22380.3	0.00317428	3.07346e-11	0.00265796	1050	0.00265796	0 1.16086e+07 5e+06 	1.66086e+07	6.26092	6.5039	12399	666.612	0.0103304	0	1.02	1.02
144.15	0.00202447	0.00114988	20820.7	1050	105	20083.9	63.176	63.176	252.704	252.704	0 21829.3 549.333 	22378.6	0.00317435	3.02763e-11	0.00261839	1050	0.00261839	0 1.16091e+07 5e+06 	1.66091e+07	6.26087	6.5039	12399	666.612	0.0103198	0	1.02	1.02
144.3	0.00202448	0.00114994	20822.1	1050	105	20084.9	63.2222	63.2222	252.889	252.889	0 21828.1 548.734 	22376.9	0.00317442	2.98249e-11	0.00257941	1050	0.00257941	0 1.16096e+07 5e+06 	1.66096e+07	6.26081	6.5039	12399	666.612	0.0103092	0	1.02	1.02
144.45	0.00202449	0.00115001	20823.5	1050	105	20085.9	63.2684	63.2684	253.074	253.074	0 21827 548.137 	22375.2	0.00317449	2.93803e-11	0.00254101	1050	0.00254101	0 1.16101e+07 5e+06 	1.66101e+07	6.26075	6.5039	12399	666.612	0.0102987	0	1.02	1.02
144.6	0.00202449	0.00115007	20825	1050	105	20086.8	63.3147	63.3147	253.259	253.259	0 21825.9 547.542 	22373.4	0.00317456	2.89422e-11	0.00250318	1050	0.00250318	0 1.16106e+07 5e+06 	1.66106e+07	6.2607	6.5039	12399	666.612	0.0102882	0	1.02	1.02
144.75	0.0020245	0.00115013	20826.4	1050	105	20087.8	63.361	63.361	253.444	253.444	0 21824.8 546.948 	22371.7	0.00317463	2.85107e-11	0.00246591	1050	0.00246591	0 1.16111e+07 5e+06 	1.66111e+07	6.26064	6.5039	12399	666.612	0.0102777	0	1.02	1.02
144.9	0.0020245	0.0011502	20827.9	1050	105	20088.8	63.4073	63.4073	253.629	253.629	0 21823.7 546.357 	22370	0.0031747	2.80856e-11	0.0024292	1050	0.0024292	0 1.16116e+07 5e+06 	1.66116e+07	6.26058	6.5039	12399	666.612	0.0102672	0	1.02	1.02
145.05	0.00202451	0.00115026	20829.3	1050	105	20089.8	63.4537	63.4537	253.815	253.815	0 21822.5 545.767 	22368.3	0.00317477	2.76669e-11	0.00239303	1050	0.00239303	0 1.16121e+07 5e+06 	1.66121e+07	6.26053	6.5039	12399	666.612	0.0102568	0	1.02	1.02
145.2	0.00202452	0.00115032	20830.7	1050	105	20090.7	63.5002	63.5002	254.001	254.001	0 21821.4 545.179 	22366.6	0.00317484	2.72544e-11	0.0023574	1050	0.0023574	0 1.16126e+07 5e+06 	1.66126e+07	6.26047	6.5039	12399	666.612	0.0102464	0	1.02	1.02
145.35	0.00202452	0.00115038	20832.2	1050	105	20091.7	63.5467	63.5467	254.187	254.187	0 21820.3 544.593 	22364.9	0.00317491	2.6848e-11	0.00232231	1050	0.00232231	0 1.16131e+07 5e+06 	1.66131e+07	6.26041	6.5039	12399	666.612	0.0102361	0	1.02	1.02
145.5	0.00202453	0.00115045	20833.6	1050	105	20092.7	63.5933	63.5933	254.373	254.373	0 21819.2 544.008 	22363.2	0.00317497	2.64478e-11	0.00228773	1050	0.00228773	0 1.16136e+07 5e+06 	1.66136e+07	6.26036	6.5039	12399	666.612	0.0102258	0	1.02	1.02
145.65	0.00202453	0.00115051	20835	1050	105	20093.6	63.6399	63.6399	254.56	254.56	0 21818.1 543.426 	22361.5	0.00317504	2.60534e-11	0.00225367	1050	0.00225367	0 1.16141e+07 5e+06 	1.66141e+07	6.2603	6.5039	12399	666.612	0.0102155	0	1.02	1.02
145.8	0.00202454	0.00115057	20836.5	1050	105	20094.6	63.6866	63.6866	254.746	254.746	0 21816.9 542.845 	22359.8	0.00317511	2.5665e-11	0.00222012	1050	0.00222012	0 1.16146e+07 5e+06 	1.66146e+07	6.26024	6.5039	12399	666.612	0.0102052	0	1.02	1.02
145.95	0.00202455	0.00115063	20837.9	1050	105	20095.6	63.7333	63.7333	254.933	254.933	0 21815.8 542.266 	22358.1	0.00317518	2.52823e-11	0.00218707	1050	0.00218707	0 1.16151e+07 5e+06 	1.66151e+07	6.26019	6.5039	12399	666.612	0.010195	0	1.02	1.02
146.1	0.00202455	0.0011507	20839.3	1050	105	20096.5	63.78	63.78	255.12	255.12	0 21814.7 541.689 	22356.4	0.00317525	2.49054e-11	0.0021545	1050	0.0021545	0 1.16156e+07 5e+06 	1.66156e+07	6.26013	6.5039	12399	666.612	0.0101848	0	1.02	1.02
146.25	0.00202456	0.00115076	20840.8	1050	105	20097.5	63.8268	63.8268	255.307	255.307	0 21813.6 541.113 	22354.7	0.00317532	2.45341e-11	0.00212243	1050	0.00212243	0 1.16161e+07 5e+06 	1.66161e+07	6.26008	6.5039	12399	666.612	0.0101746	0	1.02	1.02
146.4	0.00202456	0.00115082	20842.2	1050	105	20098.5	63.8737	63.8737	255.495	255.495	0 21812.5 540.54 	22353	0.00317538	2.41683e-11	0.00209083	1050	0.00209083	0 1.16166e+07 5e+06 	1.66166e+07	6.26002	6.5039	12399	666.612	0.0101645	0	1.02	1.02
146.55	0.00202457	0.00115088	20843.6	1050	105	20099.4	63.9206	63.9206	255.682	255.682	0 21811.4 539.968 	22351.3	0.00317545	2.3808e-11	0.0020597	1050	0.0020597	0 1.16171e+07 5e+06 	1.66171e+07	6.25996	6.5039	12399	666.612	0.0101544	0	1.02	1.02
146.7	0.00202458	0.00115095	20845	1050	105	20100.4	63.9675	63.9675	255.87	255.87	0 21810.3 539.398 	22349.7	0.00317552	2.3453e-11	0.00202904	1050	0.00202904	0 1.16176e+07 5e+06 	1.66176e+07	6.25991	6.5039	12399	666.612	0.0101444	0	1.02	1.02
146.85	0.00202458	0.00115101	20846.5	1050	105	20101.3	64.0146	64.0146	256.058	256.058	0 21809.1 538.829 	22348	0.00317559	2.31033e-11	0.00199883	1050	0.00199883	0 1.16181e+07 5e+06 	1.66181e+07	6.25985	6.5039	12399	666.612	0.0101343	0	1.02	1.02
147	0.00202459	0.00115107	20847.9	1050	105	20102.3	64.0616	64.0616	256.246	256.246	0 21808 538.263 	22346.3	0.00317566	2.27589e-11	0.00196907	1050	0.00196907	0 1.16186e+07 5e+06 	1.66186e+07	6.2598	6.5039	12399	666.612	0.0101243	0	1.02	1.02
147.15	0.00202459	0.00115113	20849.3	1050	105	20103.2	64.1087	64.1087	256.435	256.435	0 21806.9 537.698 	22344.6	0.00317573	2.24196e-11	0.00193975	1050	0.00193975	0 1.16191e+07 5e+06 	1.66191e+07	6.25974	6.5039	12399	666.612	0.0101144	0	1.02	1.02
147.3	0.0020246	0.00115119	20850.7	1050	105	20104.2	64.1559	64.1559	256.623	256.623	0 21805.8 537.135 	22343	0.00317579	2.20853e-11	0.00191087	1050	0.00191087	0 1.16196e+07 5e+06 	1.66196e+07	6.25969	6.5039	12399	666.612	0.0101045	0	1.02	1.02
147.45	0.00202461	0.00115126	20852.1	1050	105	20105.1	64.2031	64.2031	256.812	256.812	0 21804.7 536.574 	22341.3	0.00317586	2.17561e-11	0.00188243	1050	0.00188243	0 1.16201e+07 5e+06 	1.66201e+07	6.25963	6.5039	12399	666.612	0.0100946	0	1.02	1.02
147.6	0.00202461	0.00115132	20853.6	1050	105	20106	64.2503	64.2503	257.001	257.001	0 21803.6 536.015 	22339.6	0.00317593	2.14317e-11	0.0018544	1050	0.0018544	0 1.16206e+07 5e+06 	1.66206e+07	6.25958	6.5039	12399	666.612	0.0100847	0	1.02	1.02
147.75	0.00202462	0.00115138	20855	1050	105	20107	64.2976	64.2976	257.191	257.191	0 21802.5 535.458 	22338	0.003176	2.11122e-11	0.00182679	1050	0.00182679	0 1.16211e+07 5e+06 	1.66211e+07	6.25952	6.5039	12399	666.612	0.0100749	0	1.02	1.02
147.9	0.00202462	0.00115144	20856.4	1050	105	20107.9	64.345	64.345	257.38	257.38	0 21801.4 534.902 	22336.3	0.00317606	2.07974e-11	0.00179959	1050	0.00179959	0 1.16216e+07 5e+06 	1.66216e+07	6.25947	6.5039	12399	666.612	0.010065	0	1.02	1.02
148.05	0.00202463	0.0011515	20857.8	1050	105	20108.9	64.3924	64.3924	257.57	257.57	0 21800.3 534.348 	22334.7	0.00317613	2.04873e-11	0.0017728	1050	0.0017728	0 1.16221e+07 5e+06 	1.66221e+07	6.25941	6.5039	12399	666.612	0.0100553	0	1.02	1.02
148.2	0.00202464	0.00115156	20859.2	1050	105	20109.8	64.4398	64.4398	257.759	257.759	0 21799.2 533.796 	22333	0.0031762	2.01819e-11	0.00174641	1050	0.00174641	0 1.16226e+07 5e+06 	1.66226e+07	6.25936	6.5039	12399	666.612	0.0100455	0	1.02	1.02
148.35	0.00202464	0.00115163	20860.6	1050	105	20110.7	64.4873	64.4873	257.949	257.949	0 21798.1 533.245 	22331.4	0.00317627	1.9881e-11	0.00172041	1050	0.00172041	0 1.16231e+07 5e+06 	1.66231e+07	6.25931	6.5039	12399	666.612	0.0100358	0	1.02	1.02
148.5	0.00202465	0.00115169	20862	1050	105	20111.7	64.5349	64.5349	258.14	258.14	0 21797 532.697 	22329.7	0.00317633	1.95846e-11	0.00169479	1050	0.00169479	0 1.16236e+07 5e+06 	1.66236e+07	6.25925	6.5039	12399	666.612	0.0100262	0	1.02	1.02
148.65	0.00202465	0.00115175	20863.4	1050	105	20112.6	64.5825	64.5825	258.33	258.33	0 21795.9 532.15 	22328.1	0.0031764	1.92926e-11	0.00166956	1050	0.00166956	0 1.16241e+07 5e+06 	1.66241e+07	6.2592	6.5039	12399	666.612	0.0100165	0	1.02	1.02
148.8	0.00202466	0.00115181	20864.8	1050	105	20113.5	64.6301	64.6301	258.521	258.521	0 21794.8 531.605 	22326.4	0.00317647	1.9005e-11	0.00164471	1050	0.00164471	0 1.16246e+07 5e+06 	1.66246e+07	6.25914	6.5039	12399	666.612	0.0100069	0	1.02	1.02
148.95	0.00202466	0.00115187	20866.2	1050	105	20114.5	64.6778	64.6778	258.711	258.711	0 21793.7 531.061 	22324.8	0.00317654	1.87216e-11	0.00162022	1050	0.00162022	0 1.1625e+07 5e+06 	1.6625e+07	6.25909	6.5039	12399	666.612	0.00999732	0	1.02	1.02
149.1	0.00202467	0.00115193	20867.6	1050	105	20115.4	64.7256	64.7256	258.902	258.902	0 21792.6 530.52 	22323.1	0.0031766	1.84425e-11	0.0015961	1050	0.0015961	0 1.16255e+07 5e+06 	1.66255e+07	6.25904	6.5039	12399	666.612	0.00998777	0	1.02	1.02
149.25	0.00202468	0.00115199	20869	1050	105	20116.3	64.7734	64.7734	259.094	259.094	0 21791.5 529.98 	22321.5	0.00317667	1.81676e-11	0.00157233	1050	0.00157233	0 1.1626e+07 5e+06 	1.6626e+07	6.25898	6.5039	12399	666.612	0.00997825	0	1.02	1.02
149.4	0.00202468	0.00115206	20870.4	1050	105	20117.2	64.8212	64.8212	259.285	259.285	0 21790.4 529.442 	22319.9	0.00317674	1.78967e-11	0.00154893	1050	0.00154893	0 1.16265e+07 5e+06 	1.66265e+07	6.25893	6.5039	12399	666.612	0.00996876	0	1.02	1.02
149.55	0.00202469	0.00115212	20871.8	1050	105	20118.1	64.8691	64.8691	259.477	259.477	0 21789.3 528.906 	22318.3	0.0031768	1.76299e-11	0.00152586	1050	0.00152586	0 1.1627e+07 5e+06 	1.6627e+07	6.25888	6.5039	12399	666.612	0.00995931	0	1.02	1.02
149.7	0.00202469	0.00115218	20873.2	1050	105	20119.1	64.9171	64.9171	259.668	259.668	0 21788.3 528.371 	22316.6	0.00317687	1.7367e-11	0.00150315	1050	0.00150315	0 1.16275e+07 5e+06 	1.66275e+07	6.25882	6.5039	12399	666.612	0.00994989	0	1.02	1.02
149.85	0.0020247	0.00115224	20874.6	1050	105	20120	64.9651	64.9651	259.86	259.86	0 21787.2 527.839 	22315	0.00317694	1.71081e-11	0.00148077	1050	0.00148077	0 1.1628e+07 5e+06 	1.6628e+07	6.25877	6.5039	12399	666.612	0.00994049	0	1.02	1.02
150	0.0020247	0.0011523	20876	1050	105	20120.9	65.0132	65.0132	260.053	260.053	0 21786.1 527.308 	22313.4	0.003177	1.68531e-11	0.00145872	1050	0.00145872	0 1.16285e+07 5e+06 	1.66285e+07	6.25872	6.5039	12399	666.612	0.00993114	0	1.02	1.02
150.15	0.00202471	0.00115236	20877.4	1050	105	20121.8	65.0613	65.0613	260.245	260.245	0 21785 526.778 	22311.8	0.00317707	1.66018e-11	0.00143701	1050	0.00143701	0 1.1629e+07 5e+06 	1.6629e+07	6.25866	6.5039	12399	666.612	0.00992181	0	1.02	1.02
150.3	0.00202472	0.00115242	20878.8	1050	105	20122.7	65.1094	65.1094	260.438	260.438	0 21783.9 526.251 	22310.2	0.00317714	1.63543e-11	0.00141561	1050	0.00141561	0 1.16295e+07 5e+06 	1.66295e+07	6.25861	6.5039	12399	666.612	0.00991251	0	1.02	1.02
150.45	0.00202472	0.00115248	20880.2	1050	105	20123.6	65.1576	65.1576	260.63	260.63	0 21782.8 525.725 	22308.5	0.0031772	1.61105e-11	0.00139454	1050	0.00139454	0 1.16299e+07 5e+06 	1.66299e+07	6.25856	6.5039	12399	666.612	0.00990325	0	1.02	1.02
150.6	0.00202473	0.00115254	20881.6	1050	105	20124.5	65.2059	65.2059	260.823	260.823	0 21781.7 525.201 	22306.9	0.00317727	1.58703e-11	0.00137377	1050	0.00137377	0 1.16304e+07 5e+06 	1.66304e+07	6.2585	6.5039	12399	666.612	0.00989401	0	1.02	1.02
150.75	0.00202473	0.0011526	20883	1050	105	20125.4	65.2542	65.2542	261.017	261.017	0 21780.6 524.679 	22305.3	0.00317734	1.56337e-11	0.00135332	1050	0.00135332	0 1.16309e+07 5e+06 	1.66309e+07	6.25845	6.5039	12399	666.612	0.00988481	0	1.02	1.02
150.9	0.00202474	0.00115266	20884.4	1050	105	20126.4	65.3025	65.3025	261.21	261.21	0 21779.6 524.159 	22303.7	0.0031774	1.54006e-11	0.00133317	1050	0.00133317	0 1.16314e+07 5e+06 	1.66314e+07	6.2584	6.5039	12399	666.612	0.00987564	0	1.02	1.02
151.05	0.00202474	0.00115272	20885.8	1050	105	20127.3	65.3509	65.3509	261.404	261.404	0 21778.5 523.64 	22302.1	0.00317747	1.5171e-11	0.00131332	1050	0.00131332	0 1.16319e+07 5e+06 	1.66319e+07	6.25835	6.5039	12399	666.612	0.0098665	0	1.02	1.02
151.2	0.00202475	0.00115279	20887.2	1050	105	20128.2	65.3994	65.3994	261.598	261.598	0 21777.4 523.123 	22300.5	0.00317754	1.49448e-11	0.00129377	1050	0.00129377	0 1.16324e+07 5e+06 	1.66324e+07	6.25829	6.5039	12399	666.612	0.00985739	0	1.02	1.02
151.35	0.00202476	0.00115285	20888.5	1050	105	20129.1	65.4479	65.4479	261.792	261.792	0 21776.3 522.608 	22298.9	0.0031776	1.4722e-11	0.00127451	1050	0.00127451	0 1.16329e+07 5e+06 	1.66329e+07	6.25824	6.5039	12399	666.612	0.00984831	0	1.02	1.02
151.5	0.00202476	0.00115291	20889.9	1050	105	20130	65.4964	65.4964	261.986	261.986	0 21775.2 522.094 	22297.3	0.00317767	1.45025e-11	0.00125553	1050	0.00125553	0 1.16333e+07 5e+06 	1.66333e+07	6.25819	6.5039	12399	666.612	0.00983927	0	1.02	1.02
151.65	0.00202477	0.00115297	20891.3	1050	105	20130.9	65.545	65.545	262.18	262.18	0 21774.2 521.582 	22295.7	0.00317773	1.42863e-11	0.00123684	1050	0.00123684	0 1.16338e+07 5e+06 	1.66338e+07	6.25814	6.5039	12399	666.612	0.00983025	0	1.02	1.02
151.8	0.00202477	0.00115303	20892.7	1050	105	20131.7	65.5937	65.5937	262.375	262.375	0 21773.1 521.072 	22294.2	0.0031778	1.40733e-11	0.00121843	1050	0.00121843	0 1.16343e+07 5e+06 	1.66343e+07	6.25809	6.5039	12399	666.612	0.00982127	0	1.02	1.02
151.95	0.00202478	0.00115309	20894.1	1050	105	20132.6	65.6424	65.6424	262.57	262.57	0 21772 520.564 	22292.6	0.00317787	1.38635e-11	0.00120029	1050	0.00120029	0 1.16348e+07 5e+06 	1.66348e+07	6.25803	6.5039	12399	666.612	0.00981232	0	1.02	1.02
152.1	0.00202478	0.00115315	20895.4	1050	105	20133.5	65.6912	65.6912	262.765	262.765	0 21770.9 520.057 	22291	0.00317793	1.36568e-11	0.00118242	1050	0.00118242	0 1.16353e+07 5e+06 	1.66353e+07	6.25798	6.5039	12399	666.612	0.00980339	0	1.02	1.02
152.25	0.00202479	0.00115321	20896.8	1050	105	20134.4	65.74	65.74	262.96	262.96	0 21769.9 519.552 	22289.4	0.003178	1.34532e-11	0.00116481	1050	0.00116481	0 1.16357e+07 5e+06 	1.66357e+07	6.25793	6.5039	12399	666.612	0.0097945	0	1.02	1.02
152.4	0.00202479	0.00115327	20898.2	1050	105	20135.3	65.7888	65.7888	263.155	263.155	0 21768.8 519.049 	22287.8	0.00317806	1.32527e-11	0.00114747	1050	0.00114747	0 1.16362e+07 5e+06 	1.66362e+07	6.25788	6.5039	12399	666.612	0.00978565	0	1.02	1.02
152.55	0.0020248	0.00115333	20899.6	1050	105	20136.2	65.8377	65.8377	263.351	263.351	0 21767.7 518.548 	22286.3	0.00317813	1.30551e-11	0.00113039	1050	0.00113039	0 1.16367e+07 5e+06 	1.66367e+07	6.25783	6.5039	12399	666.612	0.00977682	0	1.02	1.02
152.7	0.00202481	0.00115339	20900.9	1050	105	20137.1	65.8867	65.8867	263.547	263.547	0 21766.6 518.048 	22284.7	0.00317819	1.28605e-11	0.00111356	1050	0.00111356	0 1.16372e+07 5e+06 	1.66372e+07	6.25778	6.5039	12399	666.612	0.00976802	0	1.02	1.02
152.85	0.00202481	0.00115345	20902.3	1050	105	20138	65.9357	65.9357	263.743	263.743	0 21765.6 517.55 	22283.1	0.00317826	1.26687e-11	0.00109698	1050	0.00109698	0 1.16377e+07 5e+06 	1.66377e+07	6.25772	6.5039	12399	666.612	0.00975925	0	1.02	1.02
153	0.00202482	0.00115351	20903.7	1050	105	20138.8	65.9848	65.9848	263.939	263.939	0 21764.5 517.054 	22281.6	0.00317833	1.24799e-11	0.00108065	1050	0.00108065	0 1.16381e+07 5e+06 	1.66381e+07	6.25767	6.5039	12399	666.612	0.00975052	0	1.02	1.02
153.15	0.00202482	0.00115357	20905.1	1050	105	20139.7	66.0339	66.0339	264.136	264.136	0 21763.4 516.56 	22280	0.00317839	1.22938e-11	0.00106456	1050	0.00106456	0 1.16386e+07 5e+06 	1.66386e+07	6.25762	6.5039	12399	666.612	0.00974181	0	1.02	1.02
153.3	0.00202483	0.00115363	20906.4	1050	105	20140.6	66.083	66.083	264.332	264.332	0 21762.4 516.067 	22278.4	0.00317846	1.21105e-11	0.00104871	1050	0.00104871	0 1.16391e+07 5e+06 	1.66391e+07	6.25757	6.5039	12399	666.612	0.00973314	0	1.02	1.02
153.45	0.00202483	0.00115369	20907.8	1050	105	20141.5	66.1323	66.1323	264.529	264.529	0 21761.3 515.576 	22276.9	0.00317852	1.193e-11	0.0010331	1050	0.0010331	0 1.16396e+07 5e+06 	1.66396e+07	6.25752	6.5039	12399	666.612	0.0097245	0	1.02	1.02
153.6	0.00202484	0.00115375	20909.2	1050	105	20142.3	66.1815	66.1815	264.726	264.726	0 21760.2 515.086 	22275.3	0.00317859	1.17521e-11	0.00101772	1050	0.00101772	0 1.16401e+07 5e+06 	1.66401e+07	6.25747	6.5039	12399	666.612	0.00971589	0	1.02	1.02
153.75	0.00202484	0.00115381	20910.5	1050	105	20143.2	66.2308	66.2308	264.923	264.923	0 21759.2 514.599 	22273.8	0.00317865	1.15769e-11	0.00100256	1050	0.00100256	0 1.16405e+07 5e+06 	1.66405e+07	6.25742	6.5039	12399	666.612	0.00970731	0	1.02	1.02
153.9	0.00202485	0.00115387	20911.9	1050	105	20144.1	66.2802	66.2802	265.121	265.121	0 21758.1 514.113 	22272.2	0.00317872	1.14043e-11	0.000987639	1050	0.000987639	0 1.1641e+07 5e+06 	1.6641e+07	6.25737	6.5039	12399	666.612	0.00969876	0	1.02	1.02
154.05	0.00202486	0.00115393	20913.3	1050	105	20145	66.3296	66.3296	265.319	265.319	0 21757 513.629 	22270.7	0.00317878	1.12343e-11	0.000972935	1050	0.000972935	0 1.16415e+07 5e+06 	1.66415e+07	6.25732	6.5039	12399	666.612	0.00969024	0	1.02	1.02
154.2	0.00202486	0.00115399	20914.6	1050	105	20145.8	66.3791	66.3791	265.516	265.516	0 21756 513.146 	22269.1	0.00317885	1.10668e-11	0.00095845	1050	0.00095845	0 1.1642e+07 5e+06 	1.6642e+07	6.25727	6.5039	12399	666.612	0.00968175	0	1.02	1.02
154.35	0.00202487	0.00115405	20916	1050	105	20146.7	66.4286	66.4286	265.715	265.715	0 21754.9 512.665 	22267.6	0.00317891	1.09019e-11	0.00094418	1050	0.00094418	0 1.16424e+07 5e+06 	1.66424e+07	6.25722	6.5039	12399	666.612	0.00967329	0	1.02	1.02
154.5	0.00202487	0.0011541	20917.3	1050	105	20147.6	66.4782	66.4782	265.913	265.913	0 21753.9 512.186 	22266	0.00317898	1.07393e-11	0.000930123	1050	0.000930123	0 1.16429e+07 5e+06 	1.66429e+07	6.25717	6.5039	12399	666.612	0.00966487	0	1.02	1.02
154.65	0.00202488	0.00115416	20918.7	1050	105	20148.4	66.5278	66.5278	266.111	266.111	0 21752.8 511.709 	22264.5	0.00317904	1.05792e-11	0.000916275	1050	0.000916275	0 1.16434e+07 5e+06 	1.66434e+07	6.25712	6.5039	12399	666.612	0.00965647	0	1.02	1.02
154.8	0.00202488	0.00115422	20920	1050	105	20149.3	66.5775	66.5775	266.31	266.31	0 21751.7 511.233 	22263	0.00317911	1.04215e-11	0.000902634	1050	0.000902634	0 1.16439e+07 5e+06 	1.66439e+07	6.25707	6.5039	12399	666.612	0.0096481	0	1.02	1.02
154.95	0.00202489	0.00115428	20921.4	1050	105	20150.1	66.6272	66.6272	266.509	266.509	0 21750.7 510.759 	22261.4	0.00317917	1.02661e-11	0.000889195	1050	0.000889195	0 1.16443e+07 5e+06 	1.66443e+07	6.25702	6.5039	12399	666.612	0.00963977	0	1.02	1.02
155.1	0.00202489	0.00115434	20922.8	1050	105	20151	66.677	66.677	266.708	266.708	0 21749.6 510.287 	22259.9	0.00317924	1.01131e-11	0.000875957	1050	0.000875957	0 1.16448e+07 5e+06 	1.66448e+07	6.25697	6.5039	12399	666.612	0.00963147	0	1.02	1.02
155.25	0.0020249	0.0011544	20924.1	1050	105	20151.8	66.7268	66.7268	266.907	266.907	0 21748.6 509.816 	22258.4	0.0031793	9.96233e-12	0.000862916	1050	0.000862916	0 1.16453e+07 5e+06 	1.66453e+07	6.25692	6.5039	12399	666.612	0.00962319	0	1.02	1.02
155.4	0.0020249	0.00115446	20925.5	1050	105	20152.7	66.7767	66.7767	267.107	267.107	0 21747.5 509.348 	22256.9	0.00317936	9.81381e-12	0.000850069	1050	0.000850069	0 1.16458e+07 5e+06 	1.66458e+07	6.25687	6.5039	12399	666.612	0.00961495	0	1.02	1.02
155.55	0.00202491	0.00115452	20926.8	1050	105	20153.6	66.8266	66.8266	267.307	267.307	0 21746.5 508.88 	22255.3	0.00317943	9.6675e-12	0.000837413	1050	0.000837413	0 1.16462e+07 5e+06 	1.66462e+07	6.25682	6.5039	12399	666.612	0.00960674	0	1.02	1.02
155.7	0.00202491	0.00115458	20928.2	1050	105	20154.4	66.8766	66.8766	267.507	267.507	0 21745.4 508.415 	22253.8	0.00317949	9.52338e-12	0.000824945	1050	0.000824945	0 1.16467e+07 5e+06 	1.66467e+07	6.25677	6.5039	12399	666.612	0.00959855	0	1.02	1.02
155.85	0.00202492	0.00115464	20929.5	1050	105	20155.3	66.9267	66.9267	267.707	267.707	0 21744.4 507.951 	22252.3	0.00317956	9.38141e-12	0.000812663	1050	0.000812663	0 1.16472e+07 5e+06 	1.66472e+07	6.25672	6.5039	12399	666.612	0.0095904	0	1.02	1.02
156	0.00202493	0.0011547	20930.9	1050	105	20156.1	66.9767	66.9767	267.907	267.907	0 21743.3 507.489 	22250.8	0.00317962	9.24155e-12	0.000800565	1050	0.000800565	0 1.16476e+07 5e+06 	1.66476e+07	6.25667	6.5039	12399	666.612	0.00958228	0	1.02	1.02
156.15	0.00202493	0.00115476	20932.2	1050	105	20156.9	67.0269	67.0269	268.108	268.108	0 21742.2 507.029 	22249.3	0.00317969	9.10378e-12	0.000788646	1050	0.000788646	0 1.16481e+07 5e+06 	1.66481e+07	6.25662	6.5039	12399	666.612	0.00957419	0	1.02	1.02
156.3	0.00202494	0.00115481	20933.6	1050	105	20157.8	67.0771	67.0771	268.308	268.308	0 21741.2 506.57 	22247.8	0.00317975	8.96806e-12	0.000776904	1050	0.000776904	0 1.16486e+07 5e+06 	1.66486e+07	6.25657	6.5039	12399	666.612	0.00956613	0	1.02	1.02
156.45	0.00202494	0.00115487	20934.9	1050	105	20158.6	67.1273	67.1273	268.509	268.509	0 21740.1 506.113 	22246.3	0.00317981	8.83436e-12	0.000765338	1050	0.000765338	0 1.16491e+07 5e+06 	1.66491e+07	6.25653	6.5039	12399	666.612	0.0095581	0	1.02	1.02
156.6	0.00202495	0.00115493	20936.2	1050	105	20159.5	67.1776	67.1776	268.71	268.71	0 21739.1 505.657 	22244.8	0.00317988	8.70266e-12	0.000753943	1050	0.000753943	0 1.16495e+07 5e+06 	1.66495e+07	6.25648	6.5039	12399	666.612	0.0095501	0	1.02	1.02
156.75	0.00202495	0.00115499	20937.6	1050	105	20160.3	67.228	67.228	268.912	268.912	0 21738.1 505.204 	22243.3	0.00317994	8.57292e-12	0.000742719	1050	0.000742719	0 1.165e+07 5e+06 	1.665e+07	6.25643	6.5039	12399	666.612	0.00954213	0	1.02	1.02
156.9	0.00202496	0.00115505	20938.9	1050	105	20161.1	67.2784	67.2784	269.113	269.113	0 21737 504.752 	22241.8	0.00318001	8.44512e-12	0.000731661	1050	0.000731661	0 1.16505e+07 5e+06 	1.66505e+07	6.25638	6.5039	12399	666.612	0.00953419	0	1.02	1.02
157.05	0.00202496	0.00115511	20940.3	1050	105	20162	67.3288	67.3288	269.315	269.315	0 21736 504.301 	22240.3	0.00318007	8.31922e-12	0.000720768	1050	0.000720768	0 1.16509e+07 5e+06 	1.66509e+07	6.25633	6.5039	12399	666.612	0.00952629	0	1.02	1.02
157.2	0.00202497	0.00115517	20941.6	1050	105	20162.8	67.3793	67.3793	269.517	269.517	0 21734.9 503.853 	22238.8	0.00318013	8.1952e-12	0.000710037	1050	0.000710037	0 1.16514e+07 5e+06 	1.66514e+07	6.25628	6.5039	12399	666.612	0.00951841	0	1.02	1.02
157.35	0.00202497	0.00115522	20942.9	1050	105	20163.6	67.4299	67.4299	269.719	269.719	0 21733.9 503.406 	22237.3	0.0031802	8.07303e-12	0.000699466	1050	0.000699466	0 1.16519e+07 5e+06 	1.66519e+07	6.25623	6.5039	12399	666.612	0.00951056	0	1.02	1.02
157.5	0.00202498	0.00115528	20944.3	1050	105	20164.5	67.4805	67.4805	269.922	269.922	0 21732.8 502.96 	22235.8	0.00318026	7.95268e-12	0.000689052	1050	0.000689052	0 1.16523e+07 5e+06 	1.66523e+07	6.25619	6.5039	12399	666.612	0.00950274	0	1.02	1.02
157.65	0.00202498	0.00115534	20945.6	1050	105	20165.3	67.5311	67.5311	270.124	270.124	0 21731.8 502.517 	22234.3	0.00318032	7.83412e-12	0.000678794	1050	0.000678794	0 1.16528e+07 5e+06 	1.66528e+07	6.25614	6.5039	12399	666.612	0.00949495	0	1.02	1.02
157.8	0.00202499	0.0011554	20947	1050	105	20166.1	67.5818	67.5818	270.327	270.327	0 21730.8 502.075 	22232.8	0.00318039	7.71733e-12	0.000668688	1050	0.000668688	0 1.16533e+07 5e+06 	1.66533e+07	6.25609	6.5039	12399	666.612	0.0094872	0	1.02	1.02
157.95	0.00202499	0.00115546	20948.3	1050	105	20167	67.6326	67.6326	270.53	270.53	0 21729.7 501.635 	22231.3	0.00318045	7.60228e-12	0.000658732	1050	0.000658732	0 1.16537e+07 5e+06 	1.66537e+07	6.25604	6.5039	12399	666.612	0.00947947	0	1.02	1.02
158.1	0.002025	0.00115552	20949.6	1050	105	20167.8	67.6834	67.6834	270.734	270.734	0 21728.7 501.196 	22229.9	0.00318051	7.48895e-12	0.000648925	1050	0.000648925	0 1.16542e+07 5e+06 	1.66542e+07	6.25599	6.5039	12399	666.612	0.00947177	0	1.02	1.02
158.25	0.002025	0.00115557	20950.9	1050	105	20168.6	67.7343	67.7343	270.937	270.937	0 21727.6 500.759 	22228.4	0.00318058	7.37731e-12	0.000639264	1050	0.000639264	0 1.16547e+07 5e+06 	1.66547e+07	6.25595	6.5039	12399	666.612	0.0094641	0	1.02	1.02
158.4	0.00202501	0.00115563	20952.3	1050	105	20169.4	67.7852	67.7852	271.141	271.141	0 21726.6 500.324 	22226.9	0.00318064	7.26733e-12	0.000629746	1050	0.000629746	0 1.16551e+07 5e+06 	1.66551e+07	6.2559	6.5039	12399	666.612	0.00945647	0	1.02	1.02
158.55	0.00202501	0.00115569	20953.6	1050	105	20170.2	67.8361	67.8361	271.345	271.345	0 21725.6 499.89 	22225.5	0.0031807	7.15899e-12	0.000620371	1050	0.000620371	0 1.16556e+07 5e+06 	1.66556e+07	6.25585	6.5039	12399	666.612	0.00944886	0	1.02	1.02
158.7	0.00202502	0.00115575	20954.9	1050	105	20171.1	67.8872	67.8872	271.549	271.549	0 21724.5 499.458 	22224	0.00318077	7.05227e-12	0.000611135	1050	0.000611135	0 1.1656e+07 5e+06 	1.6656e+07	6.2558	6.5039	12399	666.612	0.00944128	0	1.02	1.02
158.85	0.00202502	0.00115581	20956.3	1050	105	20171.9	67.9382	67.9382	271.753	271.753	0 21723.5 499.028 	22222.5	0.00318083	6.94714e-12	0.000602036	1050	0.000602036	0 1.16565e+07 5e+06 	1.66565e+07	6.25576	6.5039	12399	666.612	0.00943374	0	1.02	1.02
159	0.00202503	0.00115586	20957.6	1050	105	20172.7	67.9894	67.9894	271.957	271.957	0 21722.5 498.599 	22221.1	0.00318089	6.84357e-12	0.000593073	1050	0.000593073	0 1.1657e+07 5e+06 	1.6657e+07	6.25571	6.5039	12399	666.612	0.00942622	0	1.02	1.02
159.15	0.00202503	0.00115592	20958.9	1050	105	20173.5	68.0405	68.0405	272.162	272.162	0 21721.4 498.172 	22219.6	0.00318096	6.74155e-12	0.000584243	1050	0.000584243	0 1.16574e+07 5e+06 	1.66574e+07	6.25566	6.5039	12399	666.612	0.00941873	0	1.02	1.02
159.3	0.00202504	0.00115598	20960.2	1050	105	20174.3	68.0918	68.0918	272.367	272.367	0 21720.4 497.747 	22218.1	0.00318102	6.64105e-12	0.000575545	1050	0.000575545	0 1.16579e+07 5e+06 	1.66579e+07	6.25562	6.5039	12399	666.612	0.00941128	0	1.02	1.02
159.45	0.00202504	0.00115604	20961.6	1050	105	20175.1	68.143	68.143	272.572	272.572	0 21719.4 497.323 	22216.7	0.00318108	6.54205e-12	0.000566976	1050	0.000566976	0 1.16583e+07 5e+06 	1.66583e+07	6.25557	6.5039	12399	666.612	0.00940385	0	1.02	1.02
159.6	0.00202505	0.0011561	20962.9	1050	105	20175.9	68.1944	68.1944	272.778	272.778	0 21718.3 496.901 	22215.2	0.00318115	6.44452e-12	0.000558535	1050	0.000558535	0 1.16588e+07 5e+06 	1.66588e+07	6.25552	6.5039	12399	666.612	0.00939645	0	1.02	1.02
159.75	0.00202505	0.00115615	20964.2	1050	105	20176.7	68.2458	68.2458	272.983	272.983	0 21717.3 496.481 	22213.8	0.00318121	6.34845e-12	0.00055022	1050	0.00055022	0 1.16593e+07 5e+06 	1.66593e+07	6.25548	6.5039	12399	666.612	0.00938908	0	1.02	1.02
159.9	0.00202506	0.00115621	20965.5	1050	105	20177.5	68.2972	68.2972	273.189	273.189	0 21716.3 496.062 	22212.3	0.00318127	6.25381e-12	0.000542028	1050	0.000542028	0 1.16597e+07 5e+06 	1.66597e+07	6.25543	6.5039	12399	666.612	0.00938175	0	1.02	1.02
160.05	0.00202506	0.00115627	20966.8	1050	105	20178.3	68.3487	68.3487	273.395	273.395	0 21715.2 495.645 	22210.9	0.00318133	6.16058e-12	0.000533958	1050	0.000533958	0 1.16602e+07 5e+06 	1.66602e+07	6.25538	6.5039	12399	666.612	0.00937444	0	1.02	1.02
160.2	0.00202507	0.00115633	20968.1	1050	105	20179.1	68.4002	68.4002	273.601	273.601	0 21714.2 495.229 	22209.4	0.0031814	6.06874e-12	0.000526008	1050	0.000526008	0 1.16606e+07 5e+06 	1.66606e+07	6.25534	6.5039	12399	666.612	0.00936716	0	1.02	1.02
160.35	0.00202507	0.00115638	20969.5	1050	105	20179.9	68.4518	68.4518	273.807	273.807	0 21713.2 494.816 	22208	0.00318146	5.97828e-12	0.000518177	1050	0.000518177	0 1.16611e+07 5e+06 	1.66611e+07	6.25529	6.5039	12399	666.612	0.00935991	0	1.02	1.02
160.5	0.00202508	0.00115644	20970.8	1050	105	20180.7	68.5035	68.5035	274.014	274.014	0 21712.2 494.404 	22206.6	0.00318152	5.88915e-12	0.000510463	1050	0.000510463	0 1.16616e+07 5e+06 	1.66616e+07	6.25524	6.5039	12399	666.612	0.00935269	0	1.02	1.02
160.65	0.00202508	0.0011565	20972.1	1050	105	20181.5	68.5552	68.5552	274.221	274.221	0 21711.1 493.993 	22205.1	0.00318158	5.80136e-12	0.000502863	1050	0.000502863	0 1.1662e+07 5e+06 	1.6662e+07	6.2552	6.5039	12399	666.612	0.00934551	0	1.02	1.02
160.8	0.00202509	0.00115656	20973.4	1050	105	20182.3	68.6069	68.6069	274.428	274.428	0 21710.1 493.584 	22203.7	0.00318165	5.71488e-12	0.000495376	1050	0.000495376	0 1.16625e+07 5e+06 	1.66625e+07	6.25515	6.5039	12399	666.612	0.00933835	0	1.02	1.02
160.95	0.00202509	0.00115661	20974.7	1050	105	20183.1	68.6588	68.6588	274.635	274.635	0 21709.1 493.177 	22202.3	0.00318171	5.62969e-12	0.000488001	1050	0.000488001	0 1.16629e+07 5e+06 	1.66629e+07	6.25511	6.5039	12399	666.612	0.00933122	0	1.02	1.02
161.1	0.0020251	0.00115667	20976	1050	105	20183.9	68.7106	68.7106	274.842	274.842	0 21708.1 492.771 	22200.8	0.00318177	5.54576e-12	0.000480736	1050	0.000480736	0 1.16634e+07 5e+06 	1.66634e+07	6.25506	6.5039	12399	666.612	0.00932412	0	1.02	1.02
161.25	0.0020251	0.00115673	20977.3	1050	105	20184.7	68.7625	68.7625	275.05	275.05	0 21707.1 492.367 	22199.4	0.00318183	5.46309e-12	0.000473578	1050	0.000473578	0 1.16638e+07 5e+06 	1.66638e+07	6.25501	6.5039	12399	666.612	0.00931705	0	1.02	1.02
161.4	0.00202511	0.00115679	20978.6	1050	105	20185.5	68.8145	68.8145	275.258	275.258	0 21706 491.965 	22198	0.00318189	5.38165e-12	0.000466528	1050	0.000466528	0 1.16643e+07 5e+06 	1.66643e+07	6.25497	6.5039	12399	666.612	0.00931001	0	1.02	1.02
161.55	0.00202511	0.00115684	20979.9	1050	105	20186.3	68.8665	68.8665	275.466	275.466	0 21705 491.564 	22196.6	0.00318196	5.30142e-12	0.000459582	1050	0.000459582	0 1.16648e+07 5e+06 	1.66648e+07	6.25492	6.5039	12399	666.612	0.009303	0	1.02	1.02
161.7	0.00202512	0.0011569	20981.3	1050	105	20187.1	68.9186	68.9186	275.674	275.674	0 21704 491.165 	22195.2	0.00318202	5.22239e-12	0.00045274	1050	0.00045274	0 1.16652e+07 5e+06 	1.66652e+07	6.25488	6.5039	12399	666.612	0.00929601	0	1.02	1.02
161.85	0.00202512	0.00115696	20982.6	1050	105	20187.9	68.9707	68.9707	275.883	275.883	0 21703 490.768 	22193.7	0.00318208	5.14454e-12	0.000445999	1050	0.000445999	0 1.16657e+07 5e+06 	1.66657e+07	6.25483	6.5039	12399	666.612	0.00928906	0	1.02	1.02
162	0.00202513	0.00115701	20983.9	1050	105	20188.6	69.0229	69.0229	276.092	276.092	0 21702 490.372 	22192.3	0.00318214	5.06785e-12	0.000439359	1050	0.000439359	0 1.16661e+07 5e+06 	1.66661e+07	6.25479	6.5039	12399	666.612	0.00928214	0	1.02	1.02
162.15	0.00202513	0.00115707	20985.2	1050	105	20189.4	69.0751	69.0751	276.3	276.3	0 21700.9 489.978 	22190.9	0.0031822	4.9923e-12	0.000432818	1050	0.000432818	0 1.16666e+07 5e+06 	1.66666e+07	6.25474	6.5039	12399	666.612	0.00927525	0	1.02	1.02
162.3	0.00202514	0.00115713	20986.5	1050	105	20190.2	69.1274	69.1274	276.51	276.51	0 21699.9 489.585 	22189.5	0.00318227	4.91788e-12	0.000426374	1050	0.000426374	0 1.1667e+07 5e+06 	1.6667e+07	6.2547	6.5039	12399	666.612	0.00926838	0	1.02	1.02
162.45	0.00202514	0.00115718	20987.8	1050	105	20191	69.1797	69.1797	276.719	276.719	0 21698.9 489.194 	22188.1	0.00318233	4.84457e-12	0.000420026	1050	0.000420026	0 1.16675e+07 5e+06 	1.66675e+07	6.25465	6.5039	12399	666.612	0.00926155	0	1.02	1.02
162.6	0.00202515	0.00115724	20989.1	1050	105	20191.7	69.2321	69.2321	276.929	276.929	0 21697.9 488.805 	22186.7	0.00318239	4.77235e-12	0.000413773	1050	0.000413773	0 1.16679e+07 5e+06 	1.66679e+07	6.25461	6.5039	12399	666.612	0.00925475	0	1.02	1.02
162.75	0.00202515	0.0011573	20990.4	1050	105	20192.5	69.2846	69.2846	277.138	277.138	0 21696.9 488.417 	22185.3	0.00318245	4.70121e-12	0.000407613	1050	0.000407613	0 1.16684e+07 5e+06 	1.66684e+07	6.25456	6.5039	12399	666.612	0.00924797	0	1.02	1.02
162.9	0.00202516	0.00115736	20991.7	1050	105	20193.3	69.3371	69.3371	277.348	277.348	0 21695.9 488.031 	22183.9	0.00318251	4.63113e-12	0.000401544	1050	0.000401544	0 1.16688e+07 5e+06 	1.66688e+07	6.25452	6.5039	12399	666.612	0.00924123	0	1.02	1.02
163.05	0.00202516	0.00115741	20993	1050	105	20194.1	69.3896	69.3896	277.558	277.558	0 21694.9 487.647 	22182.5	0.00318257	4.56209e-12	0.000395566	1050	0.000395566	0 1.16693e+07 5e+06 	1.66693e+07	6.25447	6.5039	12399	666.612	0.00923451	0	1.02	1.02
163.2	0.00202517	0.00115747	20994.3	1050	105	20194.8	69.4422	69.4422	277.769	277.769	0 21693.9 487.264 	22181.1	0.00318264	4.49409e-12	0.000389677	1050	0.000389677	0 1.16697e+07 5e+06 	1.66697e+07	6.25443	6.5039	12399	666.612	0.00922782	0	1.02	1.02
163.35	0.00202517	0.00115753	20995.5	1050	105	20195.6	69.4949	69.4949	277.98	277.98	0 21692.8 486.883 	22179.7	0.0031827	4.42709e-12	0.000383875	1050	0.000383875	0 1.16702e+07 5e+06 	1.66702e+07	6.25438	6.5039	12399	666.612	0.00922117	0	1.02	1.02
163.5	0.00202518	0.00115758	20996.8	1050	105	20196.4	69.5476	69.5476	278.19	278.19	0 21691.8 486.503 	22178.3	0.00318276	4.3611e-12	0.00037816	1050	0.00037816	0 1.16706e+07 5e+06 	1.66706e+07	6.25434	6.5039	12399	666.612	0.00921454	0	1.02	1.02
163.65	0.00202518	0.00115764	20998.1	1050	105	20197.1	69.6004	69.6004	278.401	278.401	0 21690.8 486.125 	22177	0.00318282	4.29609e-12	0.00037253	1050	0.00037253	0 1.16711e+07 5e+06 	1.66711e+07	6.2543	6.5039	12399	666.612	0.00920794	0	1.02	1.02
163.8	0.00202519	0.00115769	20999.4	1050	105	20197.9	69.6532	69.6532	278.613	278.613	0 21689.8 485.749 	22175.6	0.00318288	4.23204e-12	0.000366984	1050	0.000366984	0 1.16715e+07 5e+06 	1.66715e+07	6.25425	6.5039	12399	666.612	0.00920137	0	1.02	1.02
163.95	0.00202519	0.00115775	21000.7	1050	105	20198.7	69.706	69.706	278.824	278.824	0 21688.8 485.374 	22174.2	0.00318294	4.16896e-12	0.00036152	1050	0.00036152	0 1.1672e+07 5e+06 	1.6672e+07	6.25421	6.5039	12399	666.612	0.00919483	0	1.02	1.02
164.1	0.0020252	0.00115781	21002	1050	105	20199.4	69.759	69.759	279.036	279.036	0 21687.8 485.001 	22172.8	0.003183	4.10681e-12	0.000356138	1050	0.000356138	0 1.16724e+07 5e+06 	1.66724e+07	6.25416	6.5039	12399	666.612	0.00918832	0	1.02	1.02
164.25	0.0020252	0.00115786	21003.3	1050	105	20200.2	69.8119	69.8119	279.248	279.248	0 21686.8 484.63 	22171.4	0.00318306	4.04559e-12	0.000350835	1050	0.000350835	0 1.16729e+07 5e+06 	1.66729e+07	6.25412	6.5039	12399	666.612	0.00918184	0	1.02	1.02
164.4	0.00202521	0.00115792	21004.6	1050	105	20200.9	69.865	69.865	279.46	279.46	0 21685.8 484.26 	22170.1	0.00318313	3.98528e-12	0.000345612	1050	0.000345612	0 1.16733e+07 5e+06 	1.66733e+07	6.25408	6.5039	12399	666.612	0.00917538	0	1.02	1.02
164.55	0.00202521	0.00115798	21005.9	1050	105	20201.7	69.9181	69.9181	279.672	279.672	0 21684.8 483.891 	22168.7	0.00318319	3.92587e-12	0.000340467	1050	0.000340467	0 1.16738e+07 5e+06 	1.66738e+07	6.25403	6.5039	12399	666.612	0.00916896	0	1.02	1.02
164.7	0.00202521	0.00115803	21007.1	1050	105	20202.4	69.9712	69.9712	279.885	279.885	0 21683.8 483.524 	22167.3	0.00318325	3.86735e-12	0.000335398	1050	0.000335398	0 1.16742e+07 5e+06 	1.66742e+07	6.25399	6.5039	12399	666.612	0.00916257	0	1.02	1.02
164.85	0.00202522	0.00115809	21008.4	1050	105	20203.2	70.0244	70.0244	280.098	280.098	0 21682.8 483.159 	22166	0.00318331	3.8097e-12	0.000330404	1050	0.000330404	0 1.16747e+07 5e+06 	1.66747e+07	6.25395	6.5039	12399	666.612	0.0091562	0	1.02	1.02
165	0.00202522	0.00115815	21009.7	1050	105	20203.9	70.0776	70.0776	280.311	280.311	0 21681.8 482.796 	22164.6	0.00318337	3.75291e-12	0.000325485	1050	0.000325485	0 1.16751e+07 5e+06 	1.66751e+07	6.2539	6.5039	12399	666.612	0.00914987	0	1.02	1.02
165.15	0.00202523	0.0011582	21011	1050	105	20204.7	70.1309	70.1309	280.524	280.524	0 21680.8 482.434 	22163.2	0.00318343	3.69697e-12	0.00032064	1050	0.00032064	0 1.16756e+07 5e+06 	1.66756e+07	6.25386	6.5039	12399	666.612	0.00914356	0	1.02	1.02
165.3	0.00202523	0.00115826	21012.3	1050	105	20205.4	70.1843	70.1843	280.737	280.737	0 21679.8 482.074 	22161.9	0.00318349	3.64186e-12	0.000315866	1050	0.000315866	0 1.1676e+07 5e+06 	1.6676e+07	6.25382	6.5039	12399	666.612	0.00913728	0	1.02	1.02
165.45	0.00202524	0.00115831	21013.6	1050	105	20206.2	70.2377	70.2377	280.951	280.951	0 21678.8 481.715 	22160.5	0.00318355	3.58757e-12	0.000311163	1050	0.000311163	0 1.16765e+07 5e+06 	1.66765e+07	6.25377	6.5039	12399	666.612	0.00913103	0	1.02	1.02
165.6	0.00202524	0.00115837	21014.8	1050	105	20206.9	70.2911	70.2911	281.165	281.165	0 21677.8 481.358 	22159.2	0.00318361	3.53409e-12	0.000306531	1050	0.000306531	0 1.16769e+07 5e+06 	1.66769e+07	6.25373	6.5039	12399	666.612	0.00912481	0	1.02	1.02
165.75	0.00202525	0.00115843	21016.1	1050	105	20207.7	70.3447	70.3447	281.379	281.379	0 21676.8 481.002 	22157.8	0.00318367	3.48141e-12	0.000301967	1050	0.000301967	0 1.16773e+07 5e+06 	1.66773e+07	6.25369	6.5039	12399	666.612	0.00911862	0	1.02	1.02
165.9	0.00202525	0.00115848	21017.4	1050	105	20208.4	70.3982	70.3982	281.593	281.593	0 21675.8 480.648 	22156.5	0.00318373	3.42951e-12	0.000297471	1050	0.000297471	0 1.16778e+07 5e+06 	1.66778e+07	6.25364	6.5039	12399	666.612	0.00911246	0	1.02	1.02
166.05	0.00202526	0.00115854	21018.7	1050	105	20209.1	70.4519	70.4519	281.807	281.807	0 21674.8 480.296 	22155.1	0.00318379	3.37839e-12	0.000293042	1050	0.000293042	0 1.16782e+07 5e+06 	1.66782e+07	6.2536	6.5039	12399	666.612	0.00910633	0	1.02	1.02
166.2	0.00202526	0.00115859	21019.9	1050	105	20209.9	70.5055	70.5055	282.022	282.022	0 21673.8 479.945 	22153.8	0.00318385	3.32803e-12	0.00028868	1050	0.00028868	0 1.16787e+07 5e+06 	1.66787e+07	6.25356	6.5039	12399	666.612	0.00910022	0	1.02	1.02
166.35	0.00202527	0.00115865	21021.2	1050	105	20210.6	70.5593	70.5593	282.237	282.237	0 21672.8 479.596 	22152.4	0.00318391	3.27842e-12	0.000284382	1050	0.000284382	0 1.16791e+07 5e+06 	1.66791e+07	6.25352	6.5039	12399	666.612	0.00909415	0	1.02	1.02
166.5	0.00202527	0.0011587	21022.5	1050	105	20211.3	70.613	70.613	282.452	282.452	0 21671.8 479.248 	22151.1	0.00318397	3.22955e-12	0.000280148	1050	0.000280148	0 1.16796e+07 5e+06 	1.66796e+07	6.25347	6.5039	12399	666.612	0.0090881	0	1.02	1.02
166.65	0.00202527	0.00115876	21023.8	1050	105	20212.1	70.6669	70.6669	282.668	282.668	0 21670.8 478.902 	22149.8	0.00318403	3.1814e-12	0.000275977	1050	0.000275977	0 1.168e+07 5e+06 	1.668e+07	6.25343	6.5039	12399	666.612	0.00908208	0	1.02	1.02
166.8	0.00202528	0.00115882	21025	1050	105	20212.8	70.7208	70.7208	282.883	282.883	0 21669.9 478.558 	22148.4	0.00318409	3.13398e-12	0.000271868	1050	0.000271868	0 1.16804e+07 5e+06 	1.66804e+07	6.25339	6.5039	12399	666.612	0.00907609	0	1.02	1.02
166.95	0.00202528	0.00115887	21026.3	1050	105	20213.5	70.7747	70.7747	283.099	283.099	0 21668.9 478.215 	22147.1	0.00318416	3.08726e-12	0.000267821	1050	0.000267821	0 1.16809e+07 5e+06 	1.66809e+07	6.25335	6.5039	12399	666.612	0.00907013	0	1.02	1.02
167.1	0.00202529	0.00115893	21027.6	1050	105	20214.3	70.8287	70.8287	283.315	283.315	0 21667.9 477.873 	22145.8	0.00318422	3.04124e-12	0.000263833	1050	0.000263833	0 1.16813e+07 5e+06 	1.66813e+07	6.25331	6.5039	12399	666.612	0.0090642	0	1.02	1.02
167.25	0.00202529	0.00115898	21028.8	1050	105	20215	70.8828	70.8828	283.531	283.531	0 21666.9 477.534 	22144.4	0.00318428	2.99591e-12	0.000259905	1050	0.000259905	0 1.16818e+07 5e+06 	1.66818e+07	6.25326	6.5039	12399	666.612	0.0090583	0	1.02	1.02
167.4	0.0020253	0.00115904	21030.1	1050	105	20215.7	70.9369	70.9369	283.748	283.748	0 21665.9 477.196 	22143.1	0.00318434	2.95125e-12	0.000256036	1050	0.000256036	0 1.16822e+07 5e+06 	1.66822e+07	6.25322	6.5039	12399	666.612	0.00905243	0	1.02	1.02
167.55	0.0020253	0.00115909	21031.4	1050	105	20216.4	70.9911	70.9911	283.964	283.964	0 21664.9 476.859 	22141.8	0.00318439	2.90726e-12	0.000252224	1050	0.000252224	0 1.16826e+07 5e+06 	1.66826e+07	6.25318	6.5039	12399	666.612	0.00904658	0	1.02	1.02
167.7	0.00202531	0.00115915	21032.6	1050	105	20217.2	71.0453	71.0453	284.181	284.181	0 21663.9 476.524 	22140.5	0.00318445	2.86392e-12	0.000248469	1050	0.000248469	0 1.16831e+07 5e+06 	1.66831e+07	6.25314	6.5039	12399	666.612	0.00904077	0	1.02	1.02
167.85	0.00202531	0.0011592	21033.9	1050	105	20217.9	71.0996	71.0996	284.398	284.398	0 21662.9 476.191 	22139.1	0.00318451	2.82123e-12	0.00024477	1050	0.00024477	0 1.16835e+07 5e+06 	1.66835e+07	6.2531	6.5039	12399	666.612	0.00903498	0	1.02	1.02
168	0.00202532	0.00115926	21035.1	1050	105	20218.6	71.1539	71.1539	284.616	284.616	0 21662 475.859 	22137.8	0.00318457	2.77917e-12	0.000241125	1050	0.000241125	0 1.1684e+07 5e+06 	1.6684e+07	6.25305	6.5039	12399	666.612	0.00902922	0	1.02	1.02
168.15	0.00202532	0.00115931	21036.4	1050	105	20219.3	71.2083	71.2083	284.833	284.833	0 21661 475.529 	22136.5	0.00318463	2.73775e-12	0.000237536	1050	0.000237536	0 1.16844e+07 5e+06 	1.66844e+07	6.25301	6.5039	12399	666.612	0.00902349	0	1.02	1.02
168.3	0.00202532	0.00115937	21037.7	1050	105	20220	71.2627	71.2627	285.051	285.051	0 21660 475.2 	22135.2	0.00318469	2.69693e-12	0.000233999	1050	0.000233999	0 1.16848e+07 5e+06 	1.66848e+07	6.25297	6.5039	12399	666.612	0.00901779	0	1.02	1.02
168.45	0.00202533	0.00115942	21038.9	1050	105	20220.8	71.3172	71.3172	285.269	285.269	0 21659 474.873 	22133.9	0.00318475	2.65673e-12	0.000230515	1050	0.000230515	0 1.16853e+07 5e+06 	1.66853e+07	6.25293	6.5039	12399	666.612	0.00901212	0	1.02	1.02
168.6	0.00202533	0.00115948	21040.2	1050	105	20221.5	71.3717	71.3717	285.487	285.487	0 21658 474.547 	22132.6	0.00318481	2.61713e-12	0.000227083	1050	0.000227083	0 1.16857e+07 5e+06 	1.66857e+07	6.25289	6.5039	12399	666.612	0.00900647	0	1.02	1.02
168.75	0.00202534	0.00115953	21041.4	1050	105	20222.2	71.4263	71.4263	285.705	285.705	0 21657 474.223 	22131.3	0.00318487	2.57812e-12	0.000223703	1050	0.000223703	0 1.16861e+07 5e+06 	1.66861e+07	6.25285	6.5039	12399	666.612	0.00900086	0	1.02	1.02
168.9	0.00202534	0.00115959	21042.7	1050	105	20222.9	71.481	71.481	285.924	285.924	0 21656.1 473.901 	22130	0.00318493	2.53969e-12	0.000220372	1050	0.000220372	0 1.16866e+07 5e+06 	1.66866e+07	6.25281	6.5039	12399	666.612	0.00899527	0	1.02	1.02
169.05	0.00202535	0.00115964	21044	1050	105	20223.6	71.5357	71.5357	286.143	286.143	0 21655.1 473.58 	22128.7	0.00318499	2.50183e-12	0.000217091	1050	0.000217091	0 1.1687e+07 5e+06 	1.6687e+07	6.25277	6.5039	12399	666.612	0.00898971	0	1.02	1.02
169.2	0.00202535	0.0011597	21045.2	1050	105	20224.3	71.5905	71.5905	286.362	286.362	0 21654.1 473.26 	22127.4	0.00318505	2.46454e-12	0.000213859	1050	0.000213859	0 1.16875e+07 5e+06 	1.66875e+07	6.25273	6.5039	12399	666.612	0.00898418	0	1.02	1.02
169.35	0.00202536	0.00115975	21046.5	1050	105	20225	71.6453	71.6453	286.581	286.581	0 21653.1 472.943 	22126.1	0.00318511	2.4278e-12	0.000210675	1050	0.000210675	0 1.16879e+07 5e+06 	1.66879e+07	6.25269	6.5039	12399	666.612	0.00897868	0	1.02	1.02
169.5	0.00202536	0.00115981	21047.7	1050	105	20225.7	71.7002	71.7002	286.801	286.801	0 21652.2 472.626 	22124.8	0.00318517	2.39161e-12	0.000207539	1050	0.000207539	0 1.16883e+07 5e+06 	1.66883e+07	6.25265	6.5039	12399	666.612	0.00897321	0	1.02	1.02
169.65	0.00202536	0.00115986	21049	1050	105	20226.4	71.7551	71.7551	287.02	287.02	0 21651.2 472.312 	22123.5	0.00318523	2.35596e-12	0.000204449	1050	0.000204449	0 1.16888e+07 5e+06 	1.66888e+07	6.2526	6.5039	12399	666.612	0.00896777	0	1.02	1.02
169.8	0.00202537	0.00115992	21050.2	1050	105	20227.1	71.8101	71.8101	287.24	287.24	0 21650.2 471.999 	22122.2	0.00318529	2.32084e-12	0.000201405	1050	0.000201405	0 1.16892e+07 5e+06 	1.66892e+07	6.25256	6.5039	12399	666.612	0.00896235	0	1.02	1.02
169.95	0.00202537	0.00115997	21051.5	1050	105	20227.8	71.8651	71.8651	287.46	287.46	0 21649.2 471.687 	22120.9	0.00318535	2.28625e-12	0.000198406	1050	0.000198406	0 1.16896e+07 5e+06 	1.66896e+07	6.25252	6.5039	12399	666.612	0.00895696	0	1.02	1.02
170.1	0.00202538	0.00116003	21052.7	1050	105	20228.5	71.9202	71.9202	287.681	287.681	0 21648.3 471.377 	22119.6	0.00318541	2.25217e-12	0.000195453	1050	0.000195453	0 1.16901e+07 5e+06 	1.66901e+07	6.25248	6.5039	12399	666.612	0.00895161	0	1.02	1.02
170.25	0.00202538	0.00116008	21054	1050	105	20229.2	71.9754	71.9754	287.901	287.901	0 21647.3 471.069 	22118.4	0.00318546	2.21859e-12	0.000192543	1050	0.000192543	0 1.16905e+07 5e+06 	1.66905e+07	6.25244	6.5039	12399	666.612	0.00894628	0	1.02	1.02
170.4	0.00202539	0.00116014	21055.2	1050	105	20229.9	72.0306	72.0306	288.122	288.122	0 21646.3 470.762 	22117.1	0.00318552	2.18552e-12	0.000189676	1050	0.000189676	0 1.16909e+07 5e+06 	1.66909e+07	6.2524	6.5039	12399	666.612	0.00894097	0	1.02	1.02
170.55	0.00202539	0.00116019	21056.5	1050	105	20230.6	72.0858	72.0858	288.343	288.343	0 21645.3 470.457 	22115.8	0.00318558	2.15295e-12	0.000186852	1050	0.000186852	0 1.16914e+07 5e+06 	1.66914e+07	6.25236	6.5039	12399	666.612	0.0089357	0	1.02	1.02
170.7	0.00202539	0.00116025	21057.7	1050	105	20231.3	72.1411	72.1411	288.565	288.565	0 21644.4 470.153 	22114.5	0.00318564	2.12085e-12	0.00018407	1050	0.00018407	0 1.16918e+07 5e+06 	1.66918e+07	6.25232	6.5039	12399	666.612	0.00893045	0	1.02	1.02
170.85	0.0020254	0.0011603	21058.9	1050	105	20232	72.1965	72.1965	288.786	288.786	0 21643.4 469.851 	22113.3	0.0031857	2.08924e-12	0.00018133	1050	0.00018133	0 1.16922e+07 5e+06 	1.66922e+07	6.25228	6.5039	12399	666.612	0.00892524	0	1.02	1.02
171	0.0020254	0.00116036	21060.2	1050	105	20232.7	72.2519	72.2519	289.008	289.008	0 21642.4 469.55 	22112	0.00318576	2.0581e-12	0.00017863	1050	0.00017863	0 1.16926e+07 5e+06 	1.66926e+07	6.25224	6.5039	12399	666.612	0.00892005	0	1.02	1.02
171.15	0.00202541	0.00116041	21061.4	1050	105	20233.4	72.3074	72.3074	289.23	289.23	0 21641.5 469.251 	22110.7	0.00318582	2.02742e-12	0.000175971	1050	0.000175971	0 1.16931e+07 5e+06 	1.66931e+07	6.2522	6.5039	12399	666.612	0.00891489	0	1.02	1.02
171.3	0.00202541	0.00116046	21062.7	1050	105	20234	72.363	72.363	289.452	289.452	0 21640.5 468.953 	22109.4	0.00318588	1.9972e-12	0.000173351	1050	0.000173351	0 1.16935e+07 5e+06 	1.66935e+07	6.25217	6.5039	12399	666.612	0.00890976	0	1.02	1.02
171.45	0.00202542	0.00116052	21063.9	1050	105	20234.7	72.4186	72.4186	289.674	289.674	0 21639.5 468.657 	22108.2	0.00318593	1.96743e-12	0.00017077	1050	0.00017077	0 1.16939e+07 5e+06 	1.66939e+07	6.25213	6.5039	12399	666.612	0.00890465	0	1.02	1.02
171.6	0.00202542	0.00116057	21065.1	1050	105	20235.4	72.4742	72.4742	289.897	289.897	0 21638.6 468.363 	22106.9	0.00318599	1.9381e-12	0.000168228	1050	0.000168228	0 1.16944e+07 5e+06 	1.66944e+07	6.25209	6.5039	12399	666.612	0.00889958	0	1.02	1.02
171.75	0.00202542	0.00116063	21066.4	1050	105	20236.1	72.5299	72.5299	290.12	290.12	0 21637.6 468.07 	22105.7	0.00318605	1.90921e-12	0.000165723	1050	0.000165723	0 1.16948e+07 5e+06 	1.66948e+07	6.25205	6.5039	12399	666.612	0.00889453	0	1.02	1.02
171.9	0.00202543	0.00116068	21067.6	1050	105	20236.8	72.5857	72.5857	290.343	290.343	0 21636.6 467.778 	22104.4	0.00318611	1.88075e-12	0.000163256	1050	0.000163256	0 1.16952e+07 5e+06 	1.66952e+07	6.25201	6.5039	12399	666.612	0.00888951	0	1.02	1.02
172.05	0.00202543	0.00116074	21068.9	1050	105	20237.4	72.6415	72.6415	290.566	290.566	0 21635.7 467.488 	22103.2	0.00318617	1.85272e-12	0.000160825	1050	0.000160825	0 1.16957e+07 5e+06 	1.66957e+07	6.25197	6.5039	12399	666.612	0.00888452	0	1.02	1.02
172.2	0.00202544	0.00116079	21070.1	1050	105	20238.1	72.6973	72.6973	290.789	290.789	0 21634.7 467.2 	22101.9	0.00318623	1.8251e-12	0.000158431	1050	0.000158431	0 1.16961e+07 5e+06 	1.66961e+07	6.25193	6.5039	12399	666.612	0.00887956	0	1.02	1.02
172.35	0.00202544	0.00116084	21071.3	1050	105	20238.8	72.7533	72.7533	291.013	291.013	0 21633.7 466.913 	22100.7	0.00318628	1.79789e-12	0.000156072	1050	0.000156072	0 1.16965e+07 5e+06 	1.66965e+07	6.25189	6.5039	12399	666.612	0.00887462	0	1.02	1.02
172.5	0.00202545	0.0011609	21072.6	1050	105	20239.5	72.8092	72.8092	291.237	291.237	0 21632.8 466.628 	22099.4	0.00318634	1.7711e-12	0.000153748	1050	0.000153748	0 1.16969e+07 5e+06 	1.66969e+07	6.25185	6.5039	12399	666.612	0.00886971	0	1.02	1.02
172.65	0.00202545	0.00116095	21073.8	1050	105	20240.1	72.8653	72.8653	291.461	291.461	0 21631.8 466.344 	22098.2	0.0031864	1.7447e-12	0.000151459	1050	0.000151459	0 1.16974e+07 5e+06 	1.66974e+07	6.25181	6.5039	12399	666.612	0.00886484	0	1.02	1.02
172.8	0.00202545	0.00116101	21075	1050	105	20240.8	72.9214	72.9214	291.686	291.686	0 21630.9 466.062 	22096.9	0.00318646	1.71869e-12	0.000149204	1050	0.000149204	0 1.16978e+07 5e+06 	1.66978e+07	6.25178	6.5039	12399	666.612	0.00885999	0	1.02	1.02
172.95	0.00202546	0.00116106	21076.3	1050	105	20241.5	72.9775	72.9775	291.91	291.91	0 21629.9 465.781 	22095.7	0.00318652	1.69307e-12	0.000146983	1050	0.000146983	0 1.16982e+07 5e+06 	1.66982e+07	6.25174	6.5039	12399	666.612	0.00885516	0	1.02	1.02
173.1	0.00202546	0.00116111	21077.5	1050	105	20242.1	73.0337	73.0337	292.135	292.135	0 21628.9 465.502 	22094.4	0.00318658	1.66783e-12	0.000144795	1050	0.000144795	0 1.16986e+07 5e+06 	1.66986e+07	6.2517	6.5039	12399	666.612	0.00885037	0	1.02	1.02
173.25	0.00202547	0.00116117	21078.7	1050	105	20242.8	73.09	73.09	292.36	292.36	0 21628 465.224 	22093.2	0.00318663	1.64297e-12	0.000142639	1050	0.000142639	0 1.16991e+07 5e+06 	1.66991e+07	6.25166	6.5039	12399	666.612	0.0088456	0	1.02	1.02
173.4	0.00202547	0.00116122	21079.9	1050	105	20243.5	73.1463	73.1463	292.585	292.585	0 21627 464.948 	22092	0.00318669	1.61848e-12	0.000140515	1050	0.000140515	0 1.16995e+07 5e+06 	1.66995e+07	6.25162	6.5039	12399	666.612	0.00884086	0	1.02	1.02
173.55	0.00202547	0.00116127	21081.2	1050	105	20244.1	73.2027	73.2027	292.811	292.811	0 21626.1 464.673 	22090.7	0.00318675	1.59436e-12	0.000138423	1050	0.000138423	0 1.16999e+07 5e+06 	1.66999e+07	6.25158	6.5039	12399	666.612	0.00883615	0	1.02	1.02
173.7	0.00202548	0.00116133	21082.4	1050	105	20244.8	73.2591	73.2591	293.036	293.036	0 21625.1 464.4 	22089.5	0.00318681	1.57059e-12	0.000136363	1050	0.000136363	0 1.17003e+07 5e+06 	1.67003e+07	6.25155	6.5039	12399	666.612	0.00883147	0	1.02	1.02
173.85	0.00202548	0.00116138	21083.6	1050	105	20245.5	73.3156	73.3156	293.262	293.262	0 21624.2 464.128 	22088.3	0.00318686	1.54718e-12	0.000134332	1050	0.000134332	0 1.17008e+07 5e+06 	1.67008e+07	6.25151	6.5039	12399	666.612	0.00882682	0	1.02	1.02
174	0.00202549	0.00116144	21084.8	1050	105	20246.1	73.3721	73.3721	293.488	293.488	0 21623.2 463.858 	22087.1	0.00318692	1.52412e-12	0.000132332	1050	0.000132332	0 1.17012e+07 5e+06 	1.67012e+07	6.25147	6.5039	12399	666.612	0.00882219	0	1.02	1.02
174.15	0.00202549	0.00116149	21086.1	1050	105	20246.8	73.4287	73.4287	293.715	293.715	0 21622.2 463.59 	22085.8	0.00318698	1.5014e-12	0.000130362	1050	0.000130362	0 1.17016e+07 5e+06 	1.67016e+07	6.25143	6.5039	12399	666.612	0.00881759	0	1.02	1.02
174.3	0.00202549	0.00116154	21087.3	1050	105	20247.4	73.4854	73.4854	293.941	293.941	0 21621.3 463.323 	22084.6	0.00318704	1.47902e-12	0.000128421	1050	0.000128421	0 1.1702e+07 5e+06 	1.6702e+07	6.25139	6.5039	12399	666.612	0.00881302	0	1.02	1.02
174.45	0.0020255	0.0011616	21088.5	1050	105	20248.1	73.5421	73.5421	294.168	294.168	0 21620.3 463.057 	22083.4	0.0031871	1.45697e-12	0.00012651	1050	0.00012651	0 1.17025e+07 5e+06 	1.67025e+07	6.25136	6.5039	12399	666.612	0.00880848	0	1.02	1.02
174.6	0.0020255	0.00116165	21089.7	1050	105	20248.7	73.5988	73.5988	294.395	294.395	0 21619.4 462.793 	22082.2	0.00318715	1.43526e-12	0.000124626	1050	0.000124626	0 1.17029e+07 5e+06 	1.67029e+07	6.25132	6.5039	12399	666.612	0.00880396	0	1.02	1.02
174.75	0.00202551	0.0011617	21090.9	1050	105	20249.4	73.6557	73.6557	294.623	294.623	0 21618.4 462.531 	22081	0.00318721	1.41386e-12	0.000122771	1050	0.000122771	0 1.17033e+07 5e+06 	1.67033e+07	6.25128	6.5039	12399	666.612	0.00879948	0	1.02	1.02
174.9	0.00202551	0.00116176	21092.2	1050	105	20250	73.7125	73.7125	294.85	294.85	0 21617.5 462.27 	22079.8	0.00318727	1.39279e-12	0.000120943	1050	0.000120943	0 1.17037e+07 5e+06 	1.67037e+07	6.25124	6.5039	12399	666.612	0.00879502	0	1.02	1.02
175.05	0.00202552	0.00116181	21093.4	1050	105	20250.7	73.7695	73.7695	295.078	295.078	0 21616.5 462.01 	22078.5	0.00318733	1.37203e-12	0.000119142	1050	0.000119142	0 1.17042e+07 5e+06 	1.67042e+07	6.25121	6.5039	12399	666.612	0.00879059	0	1.02	1.02
175.2	0.00202552	0.00116186	21094.6	1050	105	20251.3	73.8265	73.8265	295.306	295.306	0 21615.6 461.752 	22077.3	0.00318738	1.35158e-12	0.000117368	1050	0.000117368	0 1.17046e+07 5e+06 	1.67046e+07	6.25117	6.5039	12399	666.612	0.00878618	0	1.02	1.02
175.35	0.00202552	0.00116192	21095.8	1050	105	20252	73.8835	73.8835	295.534	295.534	0 21614.6 461.496 	22076.1	0.00318744	1.33143e-12	0.000115621	1050	0.000115621	0 1.1705e+07 5e+06 	1.6705e+07	6.25113	6.5039	12399	666.612	0.00878181	0	1.02	1.02
175.5	0.00202553	0.00116197	21097	1050	105	20252.6	73.9406	73.9406	295.762	295.762	0 21613.7 461.241 	22074.9	0.0031875	1.31158e-12	0.0001139	1050	0.0001139	0 1.17054e+07 5e+06 	1.67054e+07	6.2511	6.5039	12399	666.612	0.00877746	0	1.02	1.02
175.65	0.00202553	0.00116202	21098.2	1050	105	20253.3	73.9978	73.9978	295.991	295.991	0 21612.7 460.988 	22073.7	0.00318755	1.29203e-12	0.000112204	1050	0.000112204	0 1.17058e+07 5e+06 	1.67058e+07	6.25106	6.5039	12399	666.612	0.00877314	0	1.02	1.02
175.8	0.00202553	0.00116208	21099.4	1050	105	20253.9	74.055	74.055	296.22	296.22	0 21611.8 460.736 	22072.5	0.00318761	1.27278e-12	0.000110533	1050	0.000110533	0 1.17063e+07 5e+06 	1.67063e+07	6.25102	6.5039	12399	666.612	0.00876885	0	1.02	1.02
175.95	0.00202554	0.00116213	21100.7	1050	105	20254.5	74.1122	74.1122	296.449	296.449	0 21610.9 460.485 	22071.3	0.00318767	1.2538e-12	0.000108888	1050	0.000108888	0 1.17067e+07 5e+06 	1.67067e+07	6.25099	6.5039	12399	666.612	0.00876458	0	1.02	1.02
176.1	0.00202554	0.00116218	21101.9	1050	105	20255.2	74.1696	74.1696	296.678	296.678	0 21609.9 460.236 	22070.1	0.00318773	1.23512e-12	0.000107267	1050	0.000107267	0 1.17071e+07 5e+06 	1.67071e+07	6.25095	6.5039	12399	666.612	0.00876035	0	1.02	1.02
176.25	0.00202555	0.00116224	21103.1	1050	105	20255.8	74.227	74.227	296.908	296.908	0 21609 459.989 	22069	0.00318778	1.21671e-12	0.00010567	1050	0.00010567	0 1.17075e+07 5e+06 	1.67075e+07	6.25091	6.5039	12399	666.612	0.00875614	0	1.02	1.02
176.4	0.00202555	0.00116229	21104.3	1050	105	20256.4	74.2844	74.2844	297.138	297.138	0 21608 459.743 	22067.8	0.00318784	1.19857e-12	0.000104096	1050	0.000104096	0 1.17079e+07 5e+06 	1.67079e+07	6.25088	6.5039	12399	666.612	0.00875195	0	1.02	1.02
176.55	0.00202555	0.00116234	21105.5	1050	105	20257.1	74.3419	74.3419	297.368	297.368	0 21607.1 459.498 	22066.6	0.0031879	1.1807e-12	0.000102547	1050	0.000102547	0 1.17083e+07 5e+06 	1.67083e+07	6.25084	6.5039	12399	666.612	0.0087478	0	1.02	1.02
176.7	0.00202556	0.00116239	21106.7	1050	105	20257.7	74.3995	74.3995	297.598	297.598	0 21606.1 459.256 	22065.4	0.00318795	1.1631e-12	0.00010102	1050	0.00010102	0 1.17088e+07 5e+06 	1.67088e+07	6.2508	6.5039	12399	666.612	0.00874367	0	1.02	1.02
176.85	0.00202556	0.00116245	21107.9	1050	105	20258.3	74.4571	74.4571	297.828	297.828	0 21605.2 459.014 	22064.2	0.00318801	1.14577e-12	9.95159e-05	1050	9.95159e-05	0 1.17092e+07 5e+06 	1.67092e+07	6.25077	6.5039	12399	666.612	0.00873957	0	1.02	1.02
177	0.00202557	0.0011625	21109.1	1050	105	20259	74.5147	74.5147	298.059	298.059	0 21604.3 458.774 	22063	0.00318807	1.12869e-12	9.80343e-05	1050	9.80343e-05	0 1.17096e+07 5e+06 	1.67096e+07	6.25073	6.5039	12399	666.612	0.0087355	0	1.02	1.02
177.15	0.00202557	0.00116255	21110.3	1050	105	20259.6	74.5725	74.5725	298.29	298.29	0 21603.3 458.536 	22061.9	0.00318812	1.11187e-12	9.65748e-05	1050	9.65748e-05	0 1.171e+07 5e+06 	1.671e+07	6.25069	6.5039	12399	666.612	0.00873146	0	1.02	1.02
177.3	0.00202557	0.00116261	21111.5	1050	105	20260.2	74.6302	74.6302	298.521	298.521	0 21602.4 458.299 	22060.7	0.00318818	1.09529e-12	9.5137e-05	1050	9.5137e-05	0 1.17104e+07 5e+06 	1.67104e+07	6.25066	6.5039	12399	666.612	0.00872744	0	1.02	1.02
177.45	0.00202558	0.00116266	21112.7	1050	105	20260.8	74.6881	74.6881	298.752	298.752	0 21601.4 458.063 	22059.5	0.00318824	1.07897e-12	9.37206e-05	1050	9.37206e-05	0 1.17108e+07 5e+06 	1.67108e+07	6.25062	6.5039	12399	666.612	0.00872345	0	1.02	1.02
177.6	0.00202558	0.00116271	21113.9	1050	105	20261.5	74.746	74.746	298.984	298.984	0 21600.5 457.829 	22058.3	0.00318829	1.06288e-12	9.23252e-05	1050	9.23252e-05	0 1.17113e+07 5e+06 	1.67113e+07	6.25059	6.5039	12399	666.612	0.00871949	0	1.02	1.02
177.75	0.00202559	0.00116276	21115.1	1050	105	20262.1	74.8039	74.8039	299.216	299.216	0 21599.6 457.597 	22057.2	0.00318835	1.04704e-12	9.09507e-05	1050	9.09507e-05	0 1.17117e+07 5e+06 	1.67117e+07	6.25055	6.5039	12399	666.612	0.00871556	0	1.02	1.02
177.9	0.00202559	0.00116282	21116.3	1050	105	20262.7	74.8619	74.8619	299.448	299.448	0 21598.6 457.366 	22056	0.00318841	1.03143e-12	8.95966e-05	1050	8.95966e-05	0 1.17121e+07 5e+06 	1.67121e+07	6.25052	6.5039	12399	666.612	0.00871165	0	1.02	1.02
178.05	0.00202559	0.00116287	21117.5	1050	105	20263.3	74.92	74.92	299.68	299.68	0 21597.7 457.136 	22054.8	0.00318846	1.01606e-12	8.82627e-05	1050	8.82627e-05	0 1.17125e+07 5e+06 	1.67125e+07	6.25048	6.5039	12399	666.612	0.00870777	0	1.02	1.02
178.2	0.0020256	0.00116292	21118.7	1050	105	20263.9	74.9781	74.9781	299.913	299.913	0 21596.8 456.908 	22053.7	0.00318852	1.00092e-12	8.69486e-05	1050	8.69486e-05	0 1.17129e+07 5e+06 	1.67129e+07	6.25044	6.5039	12399	666.612	0.00870392	0	1.02	1.02
178.35	0.0020256	0.00116297	21119.9	1050	105	20264.6	75.0363	75.0363	300.145	300.145	0 21595.8 456.682 	22052.5	0.00318858	9.85997e-13	8.56541e-05	1050	8.56541e-05	0 1.17133e+07 5e+06 	1.67133e+07	6.25041	6.5039	12399	666.612	0.0087001	0	1.02	1.02
178.5	0.0020256	0.00116303	21121.1	1050	105	20265.2	75.0946	75.0946	300.378	300.378	0 21594.9 456.457 	22051.3	0.00318863	9.713e-13	8.43789e-05	1050	8.43789e-05	0 1.17137e+07 5e+06 	1.67137e+07	6.25037	6.5039	12399	666.612	0.0086963	0	1.02	1.02
178.65	0.00202561	0.00116308	21122.3	1050	105	20265.8	75.1528	75.1528	300.611	300.611	0 21594 456.233 	22050.2	0.00318869	9.56822e-13	8.31227e-05	1050	8.31227e-05	0 1.17142e+07 5e+06 	1.67142e+07	6.25034	6.5039	12399	666.612	0.00869253	0	1.02	1.02
178.8	0.00202561	0.00116313	21123.5	1050	105	20266.4	75.2112	75.2112	300.845	300.845	0 21593 456.011 	22049	0.00318874	9.42561e-13	8.18851e-05	1050	8.18851e-05	0 1.17146e+07 5e+06 	1.67146e+07	6.2503	6.5039	12399	666.612	0.00868879	0	1.02	1.02
178.95	0.00202562	0.00116318	21124.7	1050	105	20267	75.2696	75.2696	301.078	301.078	0 21592.1 455.79 	22047.9	0.0031888	9.28511e-13	8.0666e-05	1050	8.0666e-05	0 1.1715e+07 5e+06 	1.6715e+07	6.25027	6.5039	12399	666.612	0.00868508	0	1.02	1.02
179.1	0.00202562	0.00116324	21125.9	1050	105	20267.6	75.3281	75.3281	301.312	301.312	0 21591.2 455.571 	22046.7	0.00318886	9.14672e-13	7.94651e-05	1050	7.94651e-05	0 1.17154e+07 5e+06 	1.67154e+07	6.25023	6.5039	12399	666.612	0.00868139	0	1.02	1.02
179.25	0.00202562	0.00116329	21127.1	1050	105	20268.2	75.3866	75.3866	301.546	301.546	0 21590.2 455.353 	22045.6	0.00318891	9.01038e-13	7.8282e-05	1050	7.8282e-05	0 1.17158e+07 5e+06 	1.67158e+07	6.2502	6.5039	12399	666.612	0.00867773	0	1.02	1.02
179.4	0.00202563	0.00116334	21128.3	1050	105	20268.8	75.4452	75.4452	301.781	301.781	0 21589.3 455.137 	22044.4	0.00318897	8.87608e-13	7.71165e-05	1050	7.71165e-05	0 1.17162e+07 5e+06 	1.67162e+07	6.25016	6.5039	12399	666.612	0.0086741	0	1.02	1.02
179.55	0.00202563	0.00116339	21129.5	1050	105	20269.4	75.5038	75.5038	302.015	302.015	0 21588.4 454.923 	22043.3	0.00318902	8.74378e-13	7.59684e-05	1050	7.59684e-05	0 1.17166e+07 5e+06 	1.67166e+07	6.25013	6.5039	12399	666.612	0.00867049	0	1.02	1.02
179.7	0.00202564	0.00116345	21130.7	1050	105	20270	75.5625	75.5625	302.25	302.25	0 21587.4 454.709 	22042.2	0.00318908	8.61345e-13	7.48374e-05	1050	7.48374e-05	0 1.1717e+07 5e+06 	1.6717e+07	6.2501	6.5039	12399	666.612	0.00866692	0	1.02	1.02
179.85	0.00202564	0.0011635	21131.9	1050	105	20270.6	75.6213	75.6213	302.485	302.485	0 21586.5 454.498 	22041	0.00318914	8.48506e-13	7.37232e-05	1050	7.37232e-05	0 1.17175e+07 5e+06 	1.67175e+07	6.25006	6.5039	12399	666.612	0.00866337	0	1.02	1.02
180	0.00202564	0.00116355	21133	1050	105	20271.2	75.6801	75.6801	302.72	302.72	0 21585.6 454.287 	22039.9	0.00318919	8.35859e-13	7.26256e-05	1050	7.26256e-05	0 1.17179e+07 5e+06 	1.67179e+07	6.25003	6.5039	12399	666.612	0.00865984	0	1.02	1.02
180.15	0.00202565	0.0011636	21134.2	1050	105	20271.8	75.739	75.739	302.956	302.956	0 21584.7 454.078 	22038.7	0.00318925	8.234e-13	7.15444e-05	1050	7.15444e-05	0 1.17183e+07 5e+06 	1.67183e+07	6.24999	6.5039	12399	666.612	0.00865635	0	1.02	1.02
180.3	0.00202565	0.00116365	21135.4	1050	105	20272.4	75.7979	75.7979	303.192	303.192	0 21583.7 453.871 	22037.6	0.0031893	8.11127e-13	7.04792e-05	1050	7.04792e-05	0 1.17187e+07 5e+06 	1.67187e+07	6.24996	6.5039	12399	666.612	0.00865288	0	1.02	1.02
180.45	0.00202565	0.00116371	21136.6	1050	105	20273	75.8569	75.8569	303.428	303.428	0 21582.8 453.665 	22036.5	0.00318936	7.99037e-13	6.94299e-05	1050	6.94299e-05	0 1.17191e+07 5e+06 	1.67191e+07	6.24992	6.5039	12399	666.612	0.00864944	0	1.02	1.02
180.6	0.00202566	0.00116376	21137.8	1050	105	20273.6	75.9159	75.9159	303.664	303.664	0 21581.9 453.461 	22035.3	0.00318941	7.87127e-13	6.83962e-05	1050	6.83962e-05	0 1.17195e+07 5e+06 	1.67195e+07	6.24989	6.5039	12399	666.612	0.00864602	0	1.02	1.02
180.75	0.00202566	0.00116381	21139	1050	105	20274.2	75.975	75.975	303.9	303.9	0 21581 453.258 	22034.2	0.00318947	7.75395e-13	6.73779e-05	1050	6.73779e-05	0 1.17199e+07 5e+06 	1.67199e+07	6.24986	6.5039	12399	666.612	0.00864263	0	1.02	1.02
180.9	0.00202566	0.00116386	21140.1	1050	105	20274.8	76.0342	76.0342	304.137	304.137	0 21580 453.056 	22033.1	0.00318953	7.63837e-13	6.63748e-05	1050	6.63748e-05	0 1.17203e+07 5e+06 	1.67203e+07	6.24982	6.5039	12399	666.612	0.00863927	0	1.02	1.02
181.05	0.00202567	0.00116391	21141.3	1050	105	20275.4	76.0934	76.0934	304.374	304.374	0 21579.1 452.856 	22032	0.00318958	7.52452e-13	6.53866e-05	1050	6.53866e-05	0 1.17207e+07 5e+06 	1.67207e+07	6.24979	6.5039	12399	666.612	0.00863594	0	1.02	1.02
181.2	0.00202567	0.00116397	21142.5	1050	105	20276	76.1527	76.1527	304.611	304.611	0 21578.2 452.658 	22030.9	0.00318964	7.41237e-13	6.44131e-05	1050	6.44131e-05	0 1.17211e+07 5e+06 	1.67211e+07	6.24975	6.5039	12399	666.612	0.00863264	0	1.02	1.02
181.35	0.00202568	0.00116402	21143.7	1050	105	20276.6	76.212	76.212	304.848	304.848	0 21577.3 452.461 	22029.7	0.00318969	7.30189e-13	6.34542e-05	1050	6.34542e-05	0 1.17215e+07 5e+06 	1.67215e+07	6.24972	6.5039	12399	666.612	0.00862936	0	1.02	1.02
181.5	0.00202568	0.00116407	21144.9	1050	105	20277.2	76.2714	76.2714	305.086	305.086	0 21576.4 452.265 	22028.6	0.00318975	7.19305e-13	6.25094e-05	1050	6.25094e-05	0 1.1722e+07 5e+06 	1.6722e+07	6.24969	6.5039	12399	666.612	0.00862611	0	1.02	1.02
181.65	0.00202568	0.00116412	21146	1050	105	20277.7	76.3309	76.3309	305.323	305.323	0 21575.4 452.071 	22027.5	0.0031898	7.08584e-13	6.15788e-05	1050	6.15788e-05	0 1.17224e+07 5e+06 	1.67224e+07	6.24965	6.5039	12399	666.612	0.00862288	0	1.02	1.02
181.8	0.00202569	0.00116417	21147.2	1050	105	20278.3	76.3904	76.3904	305.561	305.561	0 21574.5 451.878 	22026.4	0.00318986	6.98022e-13	6.0662e-05	1050	6.0662e-05	0 1.17228e+07 5e+06 	1.67228e+07	6.24962	6.5039	12399	666.612	0.00861968	0	1.02	1.02
181.95	0.00202569	0.00116422	21148.4	1050	105	20278.9	76.4499	76.4499	305.8	305.8	0 21573.6 451.687 	22025.3	0.00318991	6.87618e-13	5.97589e-05	1050	5.97589e-05	0 1.17232e+07 5e+06 	1.67232e+07	6.24959	6.5039	12399	666.612	0.00861651	0	1.02	1.02
182.1	0.00202569	0.00116428	21149.6	1050	105	20279.5	76.5096	76.5096	306.038	306.038	0 21572.7 451.497 	22024.2	0.00318997	6.77369e-13	5.88692e-05	1050	5.88692e-05	0 1.17236e+07 5e+06 	1.67236e+07	6.24955	6.5039	12399	666.612	0.00861337	0	1.02	1.02
182.25	0.0020257	0.00116433	21150.8	1050	105	20280.1	76.5692	76.5692	306.277	306.277	0 21571.8 451.308 	22023.1	0.00319002	6.67273e-13	5.79927e-05	1050	5.79927e-05	0 1.1724e+07 5e+06 	1.6724e+07	6.24952	6.5039	12399	666.612	0.00861025	0	1.02	1.02
182.4	0.0020257	0.00116438	21151.9	1050	105	20280.6	76.629	76.629	306.516	306.516	0 21570.8 451.122 	22022	0.00319008	6.57327e-13	5.71293e-05	1050	5.71293e-05	0 1.17244e+07 5e+06 	1.67244e+07	6.24949	6.5039	12399	666.612	0.00860716	0	1.02	1.02
182.55	0.0020257	0.00116443	21153.1	1050	105	20281.2	76.6888	76.6888	306.755	306.755	0 21569.9 450.936 	22020.9	0.00319013	6.4753e-13	5.62788e-05	1050	5.62788e-05	0 1.17248e+07 5e+06 	1.67248e+07	6.24945	6.5039	12399	666.612	0.0086041	0	1.02	1.02
182.7	0.00202571	0.00116448	21154.3	1050	105	20281.8	76.7486	76.7486	306.995	306.995	0 21569 450.752 	22019.8	0.00319019	6.37878e-13	5.54409e-05	1050	5.54409e-05	0 1.17252e+07 5e+06 	1.67252e+07	6.24942	6.5039	12399	666.612	0.00860107	0	1.02	1.02
182.85	0.00202571	0.00116453	21155.4	1050	105	20282.4	76.8086	76.8086	307.234	307.234	0 21568.1 450.569 	22018.7	0.00319024	6.28371e-13	5.46155e-05	1050	5.46155e-05	0 1.17256e+07 5e+06 	1.67256e+07	6.24939	6.5039	12399	666.612	0.00859806	0	1.02	1.02
183	0.00202571	0.00116458	21156.6	1050	105	20282.9	76.8685	76.8685	307.474	307.474	0 21567.2 450.388 	22017.6	0.0031903	6.19005e-13	5.38024e-05	1050	5.38024e-05	0 1.1726e+07 5e+06 	1.6726e+07	6.24936	6.5039	12399	666.612	0.00859508	0	1.02	1.02
183.15	0.00202572	0.00116464	21157.8	1050	105	20283.5	76.9286	76.9286	307.714	307.714	0 21566.3 450.209 	22016.5	0.00319035	6.09778e-13	5.30014e-05	1050	5.30014e-05	0 1.17264e+07 5e+06 	1.67264e+07	6.24932	6.5039	12399	666.612	0.00859212	0	1.02	1.02
183.3	0.00202572	0.00116469	21159	1050	105	20284.1	76.9887	76.9887	307.955	307.955	0 21565.4 450.03 	22015.4	0.00319041	6.0069e-13	5.22123e-05	1050	5.22123e-05	0 1.17268e+07 5e+06 	1.67268e+07	6.24929	6.5039	12399	666.612	0.00858919	0	1.02	1.02
183.45	0.00202573	0.00116474	21160.1	1050	105	20284.6	77.0488	77.0488	308.195	308.195	0 21564.4 449.854 	22014.3	0.00319046	5.91736e-13	5.14349e-05	1050	5.14349e-05	0 1.17272e+07 5e+06 	1.67272e+07	6.24926	6.5039	12399	666.612	0.00858629	0	1.02	1.02
183.6	0.00202573	0.00116479	21161.3	1050	105	20285.2	77.109	77.109	308.436	308.436	0 21563.5 449.678 	22013.2	0.00319052	5.82917e-13	5.06692e-05	1050	5.06692e-05	0 1.17276e+07 5e+06 	1.67276e+07	6.24923	6.5039	12399	666.612	0.00858342	0	1.02	1.02
183.75	0.00202573	0.00116484	21162.5	1050	105	20285.8	77.1693	77.1693	308.677	308.677	0 21562.6 449.504 	22012.1	0.00319057	5.74228e-13	4.99148e-05	1050	4.99148e-05	0 1.1728e+07 5e+06 	1.6728e+07	6.24919	6.5039	12399	666.612	0.00858057	0	1.02	1.02
183.9	0.00202574	0.00116489	21163.6	1050	105	20286.3	77.2296	77.2296	308.918	308.918	0 21561.7 449.332 	22011	0.00319063	5.65669e-13	4.91717e-05	1050	4.91717e-05	0 1.17284e+07 5e+06 	1.67284e+07	6.24916	6.5039	12399	666.612	0.00857775	0	1.02	1.02
184.05	0.00202574	0.00116494	21164.8	1050	105	20286.9	77.29	77.29	309.16	309.16	0 21560.8 449.161 	22010	0.00319068	5.57238e-13	4.84396e-05	1050	4.84396e-05	0 1.17288e+07 5e+06 	1.67288e+07	6.24913	6.5039	12399	666.612	0.00857496	0	1.02	1.02
184.2	0.00202574	0.00116499	21165.9	1050	105	20287.4	77.3504	77.3504	309.402	309.402	0 21559.9 448.991 	22008.9	0.00319074	5.48933e-13	4.77184e-05	1050	4.77184e-05	0 1.17292e+07 5e+06 	1.67292e+07	6.2491	6.5039	12399	666.612	0.00857219	0	1.02	1.02
184.35	0.00202575	0.00116505	21167.1	1050	105	20288	77.4109	77.4109	309.644	309.644	0 21559 448.823 	22007.8	0.00319079	5.40751e-13	4.7008e-05	1050	4.7008e-05	0 1.17296e+07 5e+06 	1.67296e+07	6.24907	6.5039	12399	666.612	0.00856945	0	1.02	1.02
184.5	0.00202575	0.0011651	21168.3	1050	105	20288.6	77.4715	77.4715	309.886	309.886	0 21558.1 448.657 	22006.7	0.00319085	5.32691e-13	4.63081e-05	1050	4.63081e-05	0 1.173e+07 5e+06 	1.673e+07	6.24903	6.5039	12399	666.612	0.00856674	0	1.02	1.02
184.65	0.00202575	0.00116515	21169.4	1050	105	20289.1	77.5321	77.5321	310.129	310.129	0 21557.2 448.491 	22005.7	0.0031909	5.24751e-13	4.56187e-05	1050	4.56187e-05	0 1.17304e+07 5e+06 	1.67304e+07	6.249	6.5039	12399	666.612	0.00856405	0	1.02	1.02
184.8	0.00202576	0.0011652	21170.6	1050	105	20289.7	77.5928	77.5928	310.371	310.371	0 21556.3 448.327 	22004.6	0.00319095	5.1693e-13	4.49395e-05	1050	4.49395e-05	0 1.17308e+07 5e+06 	1.67308e+07	6.24897	6.5039	12399	666.612	0.00856139	0	1.02	1.02
184.95	0.00202576	0.00116525	21171.8	1050	105	20290.2	77.6535	77.6535	310.614	310.614	0 21555.4 448.165 	22003.5	0.00319101	5.09225e-13	4.42705e-05	1050	4.42705e-05	0 1.17312e+07 5e+06 	1.67312e+07	6.24894	6.5039	12399	666.612	0.00855876	0	1.02	1.02
185.1	0.00202576	0.0011653	21172.9	1050	105	20290.8	77.7143	77.7143	310.857	310.857	0 21554.5 448.004 	22002.5	0.00319106	5.01635e-13	4.36114e-05	1050	4.36114e-05	0 1.17316e+07 5e+06 	1.67316e+07	6.24891	6.5039	12399	666.612	0.00855615	0	1.02	1.02
185.25	0.00202577	0.00116535	21174.1	1050	105	20291.3	77.7752	77.7752	311.101	311.101	0 21553.5 447.845 	22001.4	0.00319112	4.94158e-13	4.29621e-05	1050	4.29621e-05	0 1.1732e+07 5e+06 	1.6732e+07	6.24888	6.5039	12399	666.612	0.00855357	0	1.02	1.02
185.4	0.00202577	0.0011654	21175.2	1050	105	20291.9	77.8361	77.8361	311.344	311.344	0 21552.6 447.687 	22000.3	0.00319117	4.86793e-13	4.23224e-05	1050	4.23224e-05	0 1.17324e+07 5e+06 	1.67324e+07	6.24884	6.5039	12399	666.612	0.00855102	0	1.02	1.02
185.55	0.00202577	0.00116545	21176.4	1050	105	20292.4	77.8971	77.8971	311.588	311.588	0 21551.7 447.53 	21999.3	0.00319123	4.79538e-13	4.16924e-05	1050	4.16924e-05	0 1.17328e+07 5e+06 	1.67328e+07	6.24881	6.5039	12399	666.612	0.0085485	0	1.02	1.02
185.7	0.00202578	0.0011655	21177.5	1050	105	20293	77.9581	77.9581	311.833	311.833	0 21550.8 447.375 	21998.2	0.00319128	4.7239e-13	4.10716e-05	1050	4.10716e-05	0 1.17332e+07 5e+06 	1.67332e+07	6.24878	6.5039	12399	666.612	0.008546	0	1.02	1.02
185.85	0.00202578	0.00116555	21178.7	1050	105	20293.5	78.0192	78.0192	312.077	312.077	0 21549.9 447.221 	21997.2	0.00319133	4.65349e-13	4.04602e-05	1050	4.04602e-05	0 1.17336e+07 5e+06 	1.67336e+07	6.24875	6.5039	12399	666.612	0.00854352	0	1.02	1.02
186	0.00202578	0.0011656	21179.9	1050	105	20294.1	78.0804	78.0804	312.321	312.321	0 21549 447.068 	21996.1	0.00319139	4.58413e-13	3.98578e-05	1050	3.98578e-05	0 1.1734e+07 5e+06 	1.6734e+07	6.24872	6.5039	12399	666.612	0.00854108	0	1.02	1.02
186.15	0.00202579	0.00116566	21181	1050	105	20294.6	78.1416	78.1416	312.566	312.566	0 21548.1 446.917 	21995	0.00319144	4.51581e-13	3.92644e-05	1050	3.92644e-05	0 1.17344e+07 5e+06 	1.67344e+07	6.24869	6.5039	12399	666.612	0.00853866	0	1.02	1.02
186.3	0.00202579	0.00116571	21182.2	1050	105	20295.1	78.2029	78.2029	312.811	312.811	0 21547.2 446.768 	21994	0.0031915	4.4485e-13	3.86798e-05	1050	3.86798e-05	0 1.17348e+07 5e+06 	1.67348e+07	6.24866	6.5039	12399	666.612	0.00853626	0	1.02	1.02
186.45	0.00202579	0.00116576	21183.3	1050	105	20295.7	78.2642	78.2642	313.057	313.057	0 21546.3 446.62 	21993	0.00319155	4.3822e-13	3.81039e-05	1050	3.81039e-05	0 1.17352e+07 5e+06 	1.67352e+07	6.24863	6.5039	12399	666.612	0.0085339	0	1.02	1.02
186.6	0.0020258	0.00116581	21184.5	1050	105	20296.2	78.3256	78.3256	313.302	313.302	0 21545.4 446.473 	21991.9	0.0031916	4.31688e-13	3.75366e-05	1050	3.75366e-05	0 1.17356e+07 5e+06 	1.67356e+07	6.2486	6.5039	12399	666.612	0.00853156	0	1.02	1.02
186.75	0.0020258	0.00116586	21185.6	1050	105	20296.7	78.387	78.387	313.548	313.548	0 21544.5 446.328 	21990.9	0.00319166	4.25254e-13	3.69778e-05	1050	3.69778e-05	0 1.1736e+07 5e+06 	1.6736e+07	6.24857	6.5039	12399	666.612	0.00852924	0	1.02	1.02
186.9	0.0020258	0.00116591	21186.8	1050	105	20297.3	78.4485	78.4485	313.794	313.794	0 21543.6 446.184 	21989.8	0.00319171	4.18916e-13	3.64273e-05	1050	3.64273e-05	0 1.17364e+07 5e+06 	1.67364e+07	6.24854	6.5039	12399	666.612	0.00852696	0	1.02	1.02
187.05	0.00202581	0.00116596	21187.9	1050	105	20297.8	78.5101	78.5101	314.04	314.04	0 21542.7 446.042 	21988.8	0.00319177	4.12672e-13	3.58849e-05	1050	3.58849e-05	0 1.17368e+07 5e+06 	1.67368e+07	6.24851	6.5039	12399	666.612	0.0085247	0	1.02	1.02
187.2	0.00202581	0.00116601	21189.1	1050	105	20298.3	78.5717	78.5717	314.287	314.287	0 21541.8 445.901 	21987.7	0.00319182	4.06521e-13	3.53507e-05	1050	3.53507e-05	0 1.17372e+07 5e+06 	1.67372e+07	6.24848	6.5039	12399	666.612	0.00852246	0	1.02	1.02
187.35	0.00202581	0.00116606	21190.2	1050	105	20298.9	78.6334	78.6334	314.534	314.534	0 21540.9 445.761 	21986.7	0.00319187	4.00462e-13	3.48244e-05	1050	3.48244e-05	0 1.17376e+07 5e+06 	1.67376e+07	6.24844	6.5039	12399	666.612	0.00852026	0	1.02	1.02
187.5	0.00202582	0.00116611	21191.4	1050	105	20299.4	78.6952	78.6952	314.781	314.781	0 21540.1 445.623 	21985.7	0.00319193	3.94494e-13	3.43059e-05	1050	3.43059e-05	0 1.1738e+07 5e+06 	1.6738e+07	6.24841	6.5039	12399	666.612	0.00851808	0	1.02	1.02
187.65	0.00202582	0.00116616	21192.5	1050	105	20299.9	78.757	78.757	315.028	315.028	0 21539.2 445.486 	21984.6	0.00319198	3.88614e-13	3.37952e-05	1050	3.37952e-05	0 1.17384e+07 5e+06 	1.67384e+07	6.24838	6.5039	12399	666.612	0.00851592	0	1.02	1.02
187.8	0.00202582	0.00116621	21193.6	1050	105	20300.5	78.8188	78.8188	315.275	315.275	0 21538.3 445.351 	21983.6	0.00319203	3.82822e-13	3.3292e-05	1050	3.3292e-05	0 1.17388e+07 5e+06 	1.67388e+07	6.24835	6.5039	12399	666.612	0.00851379	0	1.02	1.02
187.95	0.00202583	0.00116626	21194.8	1050	105	20301	78.8808	78.8808	315.523	315.523	0 21537.4 445.217 	21982.6	0.00319209	3.77116e-13	3.27964e-05	1050	3.27964e-05	0 1.17392e+07 5e+06 	1.67392e+07	6.24832	6.5039	12399	666.612	0.00851169	0	1.02	1.02
188.1	0.00202583	0.00116631	21195.9	1050	105	20301.5	78.9428	78.9428	315.771	315.771	0 21536.5 445.084 	21981.6	0.00319214	3.71495e-13	3.23081e-05	1050	3.23081e-05	0 1.17395e+07 5e+06 	1.67395e+07	6.24829	6.5039	12399	666.612	0.00850962	0	1.02	1.02
188.25	0.00202583	0.00116636	21197.1	1050	105	20302	79.0048	79.0048	316.019	316.019	0 21535.6 444.953 	21980.5	0.00319219	3.65958e-13	3.18271e-05	1050	3.18271e-05	0 1.17399e+07 5e+06 	1.67399e+07	6.24826	6.5039	12399	666.612	0.00850757	0	1.02	1.02
188.4	0.00202584	0.00116641	21198.2	1050	105	20302.5	79.0669	79.0669	316.268	316.268	0 21534.7 444.824 	21979.5	0.00319225	3.60504e-13	3.13532e-05	1050	3.13532e-05	0 1.17403e+07 5e+06 	1.67403e+07	6.24824	6.5039	12399	666.612	0.00850555	0	1.02	1.02
188.55	0.00202584	0.00116646	21199.4	1050	105	20303.1	79.1291	79.1291	316.516	316.516	0 21533.8 444.695 	21978.5	0.0031923	3.55131e-13	3.08865e-05	1050	3.08865e-05	0 1.17407e+07 5e+06 	1.67407e+07	6.24821	6.5039	12399	666.612	0.00850355	0	1.02	1.02
188.7	0.00202584	0.00116651	21200.5	1050	105	20303.6	79.1913	79.1913	316.765	316.765	0 21532.9 444.568 	21977.5	0.00319235	3.49838e-13	3.04266e-05	1050	3.04266e-05	0 1.17411e+07 5e+06 	1.67411e+07	6.24818	6.5039	12399	666.612	0.00850158	0	1.02	1.02
188.85	0.00202585	0.00116656	21201.6	1050	105	20304.1	79.2536	79.2536	317.014	317.014	0 21532 444.443 	21976.5	0.00319241	3.44623e-13	2.99736e-05	1050	2.99736e-05	0 1.17415e+07 5e+06 	1.67415e+07	6.24815	6.5039	12399	666.612	0.00849964	0	1.02	1.02
189	0.00202585	0.00116661	21202.8	1050	105	20304.6	79.3159	79.3159	317.264	317.264	0 21531.1 444.319 	21975.4	0.00319246	3.39487e-13	2.95274e-05	1050	2.95274e-05	0 1.17419e+07 5e+06 	1.67419e+07	6.24812	6.5039	12399	666.612	0.00849772	0	1.02	1.02
189.15	0.00202585	0.00116666	21203.9	1050	105	20305.1	79.3784	79.3784	317.513	317.513	0 21530.2 444.196 	21974.4	0.00319251	3.34427e-13	2.90878e-05	1050	2.90878e-05	0 1.17423e+07 5e+06 	1.67423e+07	6.24809	6.5039	12399	666.612	0.00849583	0	1.02	1.02
189.3	0.00202586	0.00116671	21205	1050	105	20305.6	79.4408	79.4408	317.763	317.763	0 21529.3 444.075 	21973.4	0.00319257	3.29443e-13	2.86547e-05	1050	2.86547e-05	0 1.17427e+07 5e+06 	1.67427e+07	6.24806	6.5039	12399	666.612	0.00849397	0	1.02	1.02
189.45	0.00202586	0.00116676	21206.2	1050	105	20306.1	79.5034	79.5034	318.013	318.013	0 21528.5 443.955 	21972.4	0.00319262	3.24532e-13	2.82281e-05	1050	2.82281e-05	0 1.17431e+07 5e+06 	1.67431e+07	6.24803	6.5039	12399	666.612	0.00849213	0	1.02	1.02
189.6	0.00202586	0.00116681	21207.3	1050	105	20306.7	79.5659	79.5659	318.264	318.264	0 21527.6 443.837 	21971.4	0.00319267	3.19695e-13	2.78078e-05	1050	2.78078e-05	0 1.17435e+07 5e+06 	1.67435e+07	6.248	6.5039	12399	666.612	0.00849032	0	1.02	1.02
189.75	0.00202586	0.00116686	21208.5	1050	105	20307.2	79.6286	79.6286	318.514	318.514	0 21526.7 443.72 	21970.4	0.00319273	3.14931e-13	2.73938e-05	1050	2.73938e-05	0 1.17438e+07 5e+06 	1.67438e+07	6.24797	6.5039	12399	666.612	0.00848853	0	1.02	1.02
189.9	0.00202587	0.00116691	21209.6	1050	105	20307.7	79.6913	79.6913	318.765	318.765	0 21525.8 443.604 	21969.4	0.00319278	3.10237e-13	2.6986e-05	1050	2.6986e-05	0 1.17442e+07 5e+06 	1.67442e+07	6.24794	6.5039	12399	666.612	0.00848677	0	1.02	1.02
190.05	0.00202587	0.00116696	21210.7	1050	105	20308.2	79.7541	79.7541	319.016	319.016	0 21524.9 443.49 	21968.4	0.00319283	3.05613e-13	2.65842e-05	1050	2.65842e-05	0 1.17446e+07 5e+06 	1.67446e+07	6.24791	6.5039	12399	666.612	0.00848504	0	1.02	1.02
190.2	0.00202587	0.00116701	21211.9	1050	105	20308.7	79.8169	79.8169	319.268	319.268	0 21524 443.377 	21967.4	0.00319288	3.01058e-13	2.61884e-05	1050	2.61884e-05	0 1.1745e+07 5e+06 	1.6745e+07	6.24788	6.5039	12399	666.612	0.00848333	0	1.02	1.02
190.35	0.00202588	0.00116706	21213	1050	105	20309.2	79.8798	79.8798	319.519	319.519	0 21523.1 443.265 	21966.4	0.00319294	2.96571e-13	2.57985e-05	1050	2.57985e-05	0 1.17454e+07 5e+06 	1.67454e+07	6.24786	6.5039	12399	666.612	0.00848165	0	1.02	1.02
190.5	0.00202588	0.00116711	21214.1	1050	105	20309.7	79.9427	79.9427	319.771	319.771	0 21522.3 443.155 	21965.4	0.00319299	2.92151e-13	2.54144e-05	1050	2.54144e-05	0 1.17458e+07 5e+06 	1.67458e+07	6.24783	6.5039	12399	666.612	0.00848	0	1.02	1.02
190.65	0.00202588	0.00116716	21215.2	1050	105	20310.2	80.0058	80.0058	320.023	320.023	0 21521.4 443.047 	21964.4	0.00319304	2.87796e-13	2.50361e-05	1050	2.50361e-05	0 1.17462e+07 5e+06 	1.67462e+07	6.2478	6.5039	12399	666.612	0.00847837	0	1.02	1.02
190.8	0.00202589	0.00116721	21216.4	1050	105	20310.7	80.0688	80.0688	320.275	320.275	0 21520.5 442.939 	21963.4	0.0031931	2.83507e-13	2.46633e-05	1050	2.46633e-05	0 1.17466e+07 5e+06 	1.67466e+07	6.24777	6.5039	12399	666.612	0.00847677	0	1.02	1.02
190.95	0.00202589	0.00116726	21217.5	1050	105	20311.2	80.132	80.132	320.528	320.528	0 21519.6 442.834 	21962.4	0.00319315	2.79281e-13	2.42961e-05	1050	2.42961e-05	0 1.1747e+07 5e+06 	1.6747e+07	6.24774	6.5039	12399	666.612	0.00847519	0	1.02	1.02
191.1	0.00202589	0.00116731	21218.6	1050	105	20311.7	80.1952	80.1952	320.781	320.781	0 21518.7 442.729 	21961.5	0.0031932	2.75119e-13	2.39344e-05	1050	2.39344e-05	0 1.17473e+07 5e+06 	1.67473e+07	6.24771	6.5039	12399	666.612	0.00847364	0	1.02	1.02
191.25	0.0020259	0.00116736	21219.8	1050	105	20312.2	80.2584	80.2584	321.034	321.034	0 21517.9 442.626 	21960.5	0.00319325	2.71018e-13	2.35781e-05	1050	2.35781e-05	0 1.17477e+07 5e+06 	1.67477e+07	6.24769	6.5039	12399	666.612	0.00847212	0	1.02	1.02
191.4	0.0020259	0.00116741	21220.9	1050	105	20312.7	80.3217	80.3217	321.287	321.287	0 21517 442.524 	21959.5	0.00319331	2.66979e-13	2.32271e-05	1050	2.32271e-05	0 1.17481e+07 5e+06 	1.67481e+07	6.24766	6.5039	12399	666.612	0.00847062	0	1.02	1.02
191.55	0.0020259	0.00116746	21222	1050	105	20313.2	80.3851	80.3851	321.54	321.54	0 21516.1 442.424 	21958.5	0.00319336	2.63e-13	2.28812e-05	1050	2.28812e-05	0 1.17485e+07 5e+06 	1.67485e+07	6.24763	6.5039	12399	666.612	0.00846915	0	1.02	1.02
191.7	0.0020259	0.00116751	21223.1	1050	105	20313.6	80.4485	80.4485	321.794	321.794	0 21515.2 442.325 	21957.5	0.00319341	2.5908e-13	2.25406e-05	1050	2.25406e-05	0 1.17489e+07 5e+06 	1.67489e+07	6.2476	6.5039	12399	666.612	0.0084677	0	1.02	1.02
191.85	0.00202591	0.00116756	21224.3	1050	105	20314.1	80.512	80.512	322.048	322.048	0 21514.3 442.228 	21956.6	0.00319346	2.55219e-13	2.2205e-05	1050	2.2205e-05	0 1.17493e+07 5e+06 	1.67493e+07	6.24757	6.5039	12399	666.612	0.00846629	0	1.02	1.02
192	0.00202591	0.00116761	21225.4	1050	105	20314.6	80.5756	80.5756	322.302	322.302	0 21513.5 442.131 	21955.6	0.00319352	2.51415e-13	2.18744e-05	1050	2.18744e-05	0 1.17497e+07 5e+06 	1.67497e+07	6.24755	6.5039	12399	666.612	0.00846489	0	1.02	1.02
192.15	0.00202591	0.00116765	21226.5	1050	105	20315.1	80.6392	80.6392	322.557	322.557	0 21512.6 442.037 	21954.6	0.00319357	2.47668e-13	2.15487e-05	1050	2.15487e-05	0 1.175e+07 5e+06 	1.675e+07	6.24752	6.5039	12399	666.612	0.00846352	0	1.02	1.02
192.3	0.00202592	0.0011677	21227.6	1050	105	20315.6	80.7029	80.7029	322.812	322.812	0 21511.7 441.943 	21953.6	0.00319362	2.43977e-13	2.12279e-05	1050	2.12279e-05	0 1.17504e+07 5e+06 	1.67504e+07	6.24749	6.5039	12399	666.612	0.00846218	0	1.02	1.02
192.45	0.00202592	0.00116775	21228.7	1050	105	20316.1	80.7666	80.7666	323.067	323.067	0 21510.8 441.851 	21952.7	0.00319367	2.4034e-13	2.09119e-05	1050	2.09119e-05	0 1.17508e+07 5e+06 	1.67508e+07	6.24746	6.5039	12399	666.612	0.00846087	0	1.02	1.02
192.6	0.00202592	0.0011678	21229.9	1050	105	20316.6	80.8304	80.8304	323.322	323.322	0 21509.9 441.761 	21951.7	0.00319373	2.36758e-13	2.06005e-05	1050	2.06005e-05	0 1.17512e+07 5e+06 	1.67512e+07	6.24744	6.5039	12399	666.612	0.00845958	0	1.02	1.02
192.75	0.00202593	0.00116785	21231	1050	105	20317	80.8943	80.8943	323.577	323.577	0 21509.1 441.671 	21950.7	0.00319378	2.3323e-13	2.02938e-05	1050	2.02938e-05	0 1.17516e+07 5e+06 	1.67516e+07	6.24741	6.5039	12399	666.612	0.00845832	0	1.02	1.02
192.9	0.00202593	0.0011679	21232.1	1050	105	20317.5	80.9582	80.9582	323.833	323.833	0 21508.2 441.584 	21949.8	0.00319383	2.29753e-13	1.99917e-05	1050	1.99917e-05	0 1.1752e+07 5e+06 	1.6752e+07	6.24738	6.5039	12399	666.612	0.00845708	0	1.02	1.02
193.05	0.00202593	0.00116795	21233.2	1050	105	20318	81.0222	81.0222	324.089	324.089	0 21507.3 441.497 	21948.8	0.00319388	2.26329e-13	1.96941e-05	1050	1.96941e-05	0 1.17524e+07 5e+06 	1.67524e+07	6.24735	6.5039	12399	666.612	0.00845587	0	1.02	1.02
193.2	0.00202593	0.001168	21234.3	1050	105	20318.5	81.0863	81.0863	324.345	324.345	0 21506.4 441.412 	21947.9	0.00319393	2.22956e-13	1.94009e-05	1050	1.94009e-05	0 1.17527e+07 5e+06 	1.67527e+07	6.24733	6.5039	12399	666.612	0.00845468	0	1.02	1.02
193.35	0.00202594	0.00116805	21235.5	1050	105	20319	81.1504	81.1504	324.602	324.602	0 21505.6 441.328 	21946.9	0.00319399	2.19633e-13	1.9112e-05	1050	1.9112e-05	0 1.17531e+07 5e+06 	1.67531e+07	6.2473	6.5039	12399	666.612	0.00845352	0	1.02	1.02
193.5	0.00202594	0.0011681	21236.6	1050	105	20319.4	81.2146	81.2146	324.858	324.858	0 21504.7 441.246 	21945.9	0.00319404	2.1636e-13	1.88275e-05	1050	1.88275e-05	0 1.17535e+07 5e+06 	1.67535e+07	6.24727	6.5039	12399	666.612	0.00845239	0	1.02	1.02
193.65	0.00202594	0.00116815	21237.7	1050	105	20319.9	81.2788	81.2788	325.115	325.115	0 21503.8 441.165 	21945	0.00319409	2.13135e-13	1.85472e-05	1050	1.85472e-05	0 1.17539e+07 5e+06 	1.67539e+07	6.24725	6.5039	12399	666.612	0.00845128	0	1.02	1.02
193.8	0.00202595	0.0011682	21238.8	1050	105	20320.4	81.3431	81.3431	325.372	325.372	0 21503 441.085 	21944	0.00319414	2.09958e-13	1.8271e-05	1050	1.8271e-05	0 1.17543e+07 5e+06 	1.67543e+07	6.24722	6.5039	12399	666.612	0.0084502	0	1.02	1.02
193.95	0.00202595	0.00116824	21239.9	1050	105	20320.8	81.4074	81.4074	325.63	325.63	0 21502.1 441.007 	21943.1	0.00319419	2.06829e-13	1.7999e-05	1050	1.7999e-05	0 1.17546e+07 5e+06 	1.67546e+07	6.24719	6.5039	12399	666.612	0.00844915	0	1.02	1.02
194.1	0.00202595	0.00116829	21241	1050	105	20321.3	81.4719	81.4719	325.887	325.887	0 21501.2 440.93 	21942.1	0.00319425	2.03746e-13	1.77311e-05	1050	1.77311e-05	0 1.1755e+07 5e+06 	1.6755e+07	6.24717	6.5039	12399	666.612	0.00844812	0	1.02	1.02
194.25	0.00202595	0.00116834	21242.1	1050	105	20321.8	81.5363	81.5363	326.145	326.145	0 21500.3 440.855 	21941.2	0.0031943	2.0071e-13	1.74671e-05	1050	1.74671e-05	0 1.17554e+07 5e+06 	1.67554e+07	6.24714	6.5039	12399	666.612	0.00844711	0	1.02	1.02
194.4	0.00202596	0.00116839	21243.3	1050	105	20322.2	81.6009	81.6009	326.404	326.404	0 21499.5 440.781 	21940.3	0.00319435	1.97718e-13	1.7207e-05	1050	1.7207e-05	0 1.17558e+07 5e+06 	1.67558e+07	6.24711	6.5039	12399	666.612	0.00844613	0	1.02	1.02
194.55	0.00202596	0.00116844	21244.4	1050	105	20322.7	81.6655	81.6655	326.662	326.662	0 21498.6 440.708 	21939.3	0.0031944	1.94772e-13	1.69508e-05	1050	1.69508e-05	0 1.17562e+07 5e+06 	1.67562e+07	6.24709	6.5039	12399	666.612	0.00844518	0	1.02	1.02
194.7	0.00202596	0.00116849	21245.5	1050	105	20323.2	81.7301	81.7301	326.921	326.921	0 21497.7 440.637 	21938.4	0.00319445	1.91869e-13	1.66985e-05	1050	1.66985e-05	0 1.17566e+07 5e+06 	1.67566e+07	6.24706	6.5039	12399	666.612	0.00844426	0	1.02	1.02
194.85	0.00202597	0.00116854	21246.6	1050	105	20323.6	81.7949	81.7949	327.18	327.18	0 21496.9 440.567 	21937.4	0.0031945	1.89009e-13	1.64499e-05	1050	1.64499e-05	0 1.17569e+07 5e+06 	1.67569e+07	6.24703	6.5039	12399	666.612	0.00844335	0	1.02	1.02
195	0.00202597	0.00116859	21247.7	1050	105	20324.1	81.8597	81.8597	327.439	327.439	0 21496 440.498 	21936.5	0.00319456	1.86192e-13	1.6205e-05	1050	1.6205e-05	0 1.17573e+07 5e+06 	1.67573e+07	6.24701	6.5039	12399	666.612	0.00844248	0	1.02	1.02
195.15	0.00202597	0.00116864	21248.8	1050	105	20324.6	81.9245	81.9245	327.698	327.698	0 21495.1 440.431 	21935.6	0.00319461	1.83417e-13	1.59637e-05	1050	1.59637e-05	0 1.17577e+07 5e+06 	1.67577e+07	6.24698	6.5039	12399	666.612	0.00844163	0	1.02	1.02
195.3	0.00202597	0.00116868	21249.9	1050	105	20325	81.9894	81.9894	327.958	327.958	0 21494.3 440.365 	21934.6	0.00319466	1.80684e-13	1.5726e-05	1050	1.5726e-05	0 1.17581e+07 5e+06 	1.67581e+07	6.24696	6.5039	12399	666.612	0.00844081	0	1.02	1.02
195.45	0.00202598	0.00116873	21251	1050	105	20325.5	82.0544	82.0544	328.218	328.218	0 21493.4 440.3 	21933.7	0.00319471	1.77991e-13	1.54919e-05	1050	1.54919e-05	0 1.17585e+07 5e+06 	1.67585e+07	6.24693	6.5039	12399	666.612	0.00844001	0	1.02	1.02
195.6	0.00202598	0.00116878	21252.1	1050	105	20325.9	82.1194	82.1194	328.478	328.478	0 21492.5 440.237 	21932.8	0.00319476	1.75338e-13	1.52613e-05	1050	1.52613e-05	0 1.17588e+07 5e+06 	1.67588e+07	6.2469	6.5039	12399	666.612	0.00843924	0	1.02	1.02
195.75	0.00202598	0.00116883	21253.2	1050	105	20326.4	82.1845	82.1845	328.738	328.738	0 21491.7 440.175 	21931.9	0.00319481	1.72725e-13	1.50341e-05	1050	1.50341e-05	0 1.17592e+07 5e+06 	1.67592e+07	6.24688	6.5039	12399	666.612	0.00843849	0	1.02	1.02
195.9	0.00202599	0.00116888	21254.3	1050	105	20326.8	82.2497	82.2497	328.999	328.999	0 21490.8 440.115 	21930.9	0.00319486	1.7015e-13	1.48102e-05	1050	1.48102e-05	0 1.17596e+07 5e+06 	1.67596e+07	6.24685	6.5039	12399	666.612	0.00843777	0	1.02	1.02
196.05	0.00202599	0.00116893	21255.4	1050	105	20327.3	82.3149	82.3149	329.26	329.26	0 21489.9 440.056 	21930	0.00319492	1.67614e-13	1.45897e-05	1050	1.45897e-05	0 1.176e+07 5e+06 	1.676e+07	6.24683	6.5039	12399	666.612	0.00843708	0	1.02	1.02
196.2	0.00202599	0.00116898	21256.5	1050	105	20327.7	82.3802	82.3802	329.521	329.521	0 21489.1 439.998 	21929.1	0.00319497	1.65116e-13	1.43725e-05	1050	1.43725e-05	0 1.17603e+07 5e+06 	1.67603e+07	6.2468	6.5039	12399	666.612	0.00843641	0	1.02	1.02
196.35	0.00202599	0.00116902	21257.6	1050	105	20328.2	82.4456	82.4456	329.782	329.782	0 21488.2 439.942 	21928.2	0.00319502	1.62656e-13	1.41585e-05	1050	1.41585e-05	0 1.17607e+07 5e+06 	1.67607e+07	6.24678	6.5039	12399	666.612	0.00843576	0	1.02	1.02
196.5	0.002026	0.00116907	21258.7	1050	105	20328.6	82.511	82.511	330.044	330.044	0 21487.4 439.887 	21927.2	0.00319507	1.60231e-13	1.39477e-05	1050	1.39477e-05	0 1.17611e+07 5e+06 	1.67611e+07	6.24675	6.5039	12399	666.612	0.00843515	0	1.02	1.02
196.65	0.002026	0.00116912	21259.8	1050	105	20329.1	82.5764	82.5764	330.306	330.306	0 21486.5 439.833 	21926.3	0.00319512	1.57843e-13	1.37401e-05	1050	1.37401e-05	0 1.17615e+07 5e+06 	1.67615e+07	6.24673	6.5039	12399	666.612	0.00843455	0	1.02	1.02
196.8	0.002026	0.00116917	21260.9	1050	105	20329.5	82.642	82.642	330.568	330.568	0 21485.6 439.781 	21925.4	0.00319517	1.55491e-13	1.35355e-05	1050	1.35355e-05	0 1.17619e+07 5e+06 	1.67619e+07	6.2467	6.5039	12399	666.612	0.00843399	0	1.02	1.02
196.95	0.002026	0.00116922	21262	1050	105	20330	82.7076	82.7076	330.83	330.83	0 21484.8 439.73 	21924.5	0.00319522	1.53173e-13	1.3334e-05	1050	1.3334e-05	0 1.17622e+07 5e+06 	1.67622e+07	6.24667	6.5039	12399	666.612	0.00843345	0	1.02	1.02
197.1	0.00202601	0.00116927	21263.1	1050	105	20330.4	82.7732	82.7732	331.093	331.093	0 21483.9 439.681 	21923.6	0.00319527	1.50891e-13	1.31355e-05	1050	1.31355e-05	0 1.17626e+07 5e+06 	1.67626e+07	6.24665	6.5039	12399	666.612	0.00843293	0	1.02	1.02
197.25	0.00202601	0.00116932	21264.2	1050	105	20330.8	82.8389	82.8389	331.356	331.356	0 21483.1 439.632 	21922.7	0.00319533	1.48642e-13	1.29399e-05	1050	1.29399e-05	0 1.1763e+07 5e+06 	1.6763e+07	6.24662	6.5039	12399	666.612	0.00843244	0	1.02	1.02
197.4	0.00202601	0.00116936	21265.3	1050	105	20331.3	82.9047	82.9047	331.619	331.619	0 21482.2 439.585 	21921.8	0.00319538	1.46426e-13	1.27473e-05	1050	1.27473e-05	0 1.17634e+07 5e+06 	1.67634e+07	6.2466	6.5039	12399	666.612	0.00843198	0	1.02	1.02
197.55	0.00202602	0.00116941	21266.4	1050	105	20331.7	82.9706	82.9706	331.882	331.882	0 21481.3 439.54 	21920.9	0.00319543	1.44244e-13	1.25575e-05	1050	1.25575e-05	0 1.17637e+07 5e+06 	1.67637e+07	6.24658	6.5039	12399	666.612	0.00843154	0	1.02	1.02
197.7	0.00202602	0.00116946	21267.5	1050	105	20332.2	83.0365	83.0365	332.146	332.146	0 21480.5 439.496 	21920	0.00319548	1.42094e-13	1.23705e-05	1050	1.23705e-05	0 1.17641e+07 5e+06 	1.67641e+07	6.24655	6.5039	12399	666.612	0.00843113	0	1.02	1.02
197.85	0.00202602	0.00116951	21268.6	1050	105	20332.6	83.1025	83.1025	332.41	332.41	0 21479.6 439.453 	21919.1	0.00319553	1.39977e-13	1.21864e-05	1050	1.21864e-05	0 1.17645e+07 5e+06 	1.67645e+07	6.24653	6.5039	12399	666.612	0.00843074	0	1.02	1.02
198	0.00202602	0.00116956	21269.7	1050	105	20333	83.1685	83.1685	332.674	332.674	0 21478.8 439.412 	21918.2	0.00319558	1.3789e-13	1.20049e-05	1050	1.20049e-05	0 1.17649e+07 5e+06 	1.67649e+07	6.2465	6.5039	12399	666.612	0.00843038	0	1.02	1.02
198.15	0.00202603	0.0011696	21270.8	1050	105	20333.5	83.2346	83.2346	332.938	332.938	0 21477.9 439.371 	21917.3	0.00319563	1.35835e-13	1.18262e-05	1050	1.18262e-05	0 1.17652e+07 5e+06 	1.67652e+07	6.24648	6.5039	12399	666.612	0.00843004	0	1.02	1.02
198.3	0.00202603	0.00116965	21271.9	1050	105	20333.9	83.3008	83.3008	333.203	333.203	0 21477.1 439.333 	21916.4	0.00319568	1.33811e-13	1.16501e-05	1050	1.16501e-05	0 1.17656e+07 5e+06 	1.67656e+07	6.24645	6.5039	12399	666.612	0.00842973	0	1.02	1.02
198.45	0.00202603	0.0011697	21273	1050	105	20334.3	83.367	83.367	333.468	333.468	0 21476.2 439.295 	21915.5	0.00319573	1.31817e-13	1.14767e-05	1050	1.14767e-05	0 1.1766e+07 5e+06 	1.6766e+07	6.24643	6.5039	12399	666.612	0.00842945	0	1.02	1.02
198.6	0.00202603	0.00116975	21274.1	1050	105	20334.7	83.4333	83.4333	333.733	333.733	0 21475.3 439.259 	21914.6	0.00319578	1.29852e-13	1.13058e-05	1050	1.13058e-05	0 1.17663e+07 5e+06 	1.67663e+07	6.2464	6.5039	12399	666.612	0.00842919	0	1.02	1.02
198.75	0.00202604	0.0011698	21275.2	1050	105	20335.2	83.4996	83.4996	333.998	333.998	0 21474.5 439.224 	21913.7	0.00319583	1.27917e-13	1.11375e-05	1050	1.11375e-05	0 1.17667e+07 5e+06 	1.67667e+07	6.24638	6.5039	12399	666.612	0.00842895	0	1.02	1.02
198.9	0.00202604	0.00116984	21276.3	1050	105	20335.6	83.566	83.566	334.264	334.264	0 21473.6 439.191 	21912.8	0.00319588	1.2601e-13	1.09717e-05	1050	1.09717e-05	0 1.17671e+07 5e+06 	1.67671e+07	6.24635	6.5039	12399	666.612	0.00842874	0	1.02	1.02
199.05	0.00202604	0.00116989	21277.4	1050	105	20336	83.6325	83.6325	334.53	334.53	0 21472.8 439.159 	21911.9	0.00319593	1.24132e-13	1.08083e-05	1050	1.08083e-05	0 1.17675e+07 5e+06 	1.67675e+07	6.24633	6.5039	12399	666.612	0.00842856	0	1.02	1.02
199.2	0.00202604	0.00116994	21278.4	1050	105	20336.5	83.699	83.699	334.796	334.796	0 21471.9 439.128 	21911.1	0.00319599	1.22282e-13	1.06474e-05	1050	1.06474e-05	0 1.17678e+07 5e+06 	1.67678e+07	6.24631	6.5039	12399	666.612	0.0084284	0	1.02	1.02
199.35	0.00202605	0.00116999	21279.5	1050	105	20336.9	83.7657	83.7657	335.063	335.063	0 21471.1 439.099 	21910.2	0.00319604	1.2046e-13	1.04889e-05	1050	1.04889e-05	0 1.17682e+07 5e+06 	1.67682e+07	6.24628	6.5039	12399	666.612	0.00842827	0	1.02	1.02
199.5	0.00202605	0.00117004	21280.6	1050	105	20337.3	83.8323	83.8323	335.329	335.329	0 21470.2 439.071 	21909.3	0.00319609	1.18665e-13	1.03327e-05	1050	1.03327e-05	0 1.17686e+07 5e+06 	1.67686e+07	6.24626	6.5039	12399	666.612	0.00842816	0	1.02	1.02
199.65	0.00202605	0.00117008	21281.7	1050	105	20337.7	83.899	83.899	335.596	335.596	0 21469.4 439.044 	21908.4	0.00319614	1.16896e-13	1.01789e-05	1050	1.01789e-05	0 1.1769e+07 5e+06 	1.6769e+07	6.24624	6.5039	12399	666.612	0.00842808	0	1.02	1.02
199.8	0.00202605	0.00117013	21282.8	1050	105	20338.1	83.9658	83.9658	335.863	335.863	0 21468.5 439.019 	21907.5	0.00319619	1.15154e-13	1.00274e-05	1050	1.00274e-05	0 1.17693e+07 5e+06 	1.67693e+07	6.24621	6.5039	12399	666.612	0.00842802	0	1.02	1.02
199.95	0.00202606	0.00117018	21283.9	1050	105	20338.5	84.0327	84.0327	336.131	336.131	0 21467.7 438.995 	21906.7	0.00319624	1.13438e-13	9.87808e-06	1050	9.87808e-06	0 1.17697e+07 5e+06 	1.67697e+07	6.24619	6.5039	12399	666.612	0.00842799	0	1.02	1.02
200.1	0.00202606	0.00117023	21285	1050	105	20339	84.0996	84.0996	336.398	336.398	0 21466.8 438.972 	21905.8	0.00319629	1.11747e-13	9.73101e-06	1050	9.73101e-06	0 1.17701e+07 5e+06 	1.67701e+07	6.24616	6.5039	12399	666.612	0.00842799	0	1.02	1.02
200.25	0.00202606	0.00117028	21286	1050	105	20339.4	84.1666	84.1666	336.666	336.666	0 21466 438.951 	21904.9	0.00319634	1.10082e-13	9.58613e-06	1050	9.58613e-06	0 1.17704e+07 5e+06 	1.67704e+07	6.24614	6.5039	12399	666.612	0.00842801	0	1.02	1.02
200.4	0.00202606	0.00117032	21287.1	1050	105	20339.8	84.2336	84.2336	336.935	336.935	0 21465.1 438.931 	21904.1	0.00319639	1.08441e-13	9.44342e-06	1050	9.44342e-06	0 1.17708e+07 5e+06 	1.67708e+07	6.24612	6.5039	12399	666.612	0.00842805	0	1.02	1.02
200.55	0.00202607	0.00117037	21288.2	1050	105	20340.2	84.3007	84.3007	337.203	337.203	0 21464.3 438.912 	21903.2	0.00319644	1.06825e-13	9.30282e-06	1050	9.30282e-06	0 1.17712e+07 5e+06 	1.67712e+07	6.24609	6.5039	12399	666.612	0.00842812	0	1.02	1.02
200.7	0.00202607	0.00117042	21289.3	1050	105	20340.6	84.3679	84.3679	337.472	337.472	0 21463.4 438.895 	21902.3	0.00319649	1.05233e-13	9.16432e-06	1050	9.16432e-06	0 1.17715e+07 5e+06 	1.67715e+07	6.24607	6.5039	12399	666.612	0.00842822	0	1.02	1.02
200.85	0.00202607	0.00117047	21290.4	1050	105	20341	84.4352	84.4352	337.741	337.741	0 21462.6 438.879 	21901.5	0.00319654	1.03664e-13	9.02788e-06	1050	9.02788e-06	0 1.17719e+07 5e+06 	1.67719e+07	6.24605	6.5039	12399	666.612	0.00842834	0	1.02	1.02
201	0.00202608	0.00117051	21291.5	1050	105	20341.4	84.5025	84.5025	338.01	338.01	0 21461.7 438.864 	21900.6	0.00319659	1.02119e-13	8.89347e-06	1050	8.89347e-06	0 1.17723e+07 5e+06 	1.67723e+07	6.24603	6.5039	12399	666.612	0.00842849	0	1.02	1.02
201.15	0.00202608	0.00117056	21292.5	1050	105	20341.8	84.5698	84.5698	338.279	338.279	0 21460.9 438.851 	21899.7	0.00319664	1.00597e-13	8.76107e-06	1050	8.76107e-06	0 1.17727e+07 5e+06 	1.67727e+07	6.246	6.5039	12399	666.612	0.00842866	0	1.02	1.02
201.3	0.00202608	0.00117061	21293.6	1050	105	20342.2	84.6372	84.6372	338.549	338.549	0 21460 438.839 	21898.9	0.00319669	9.90982e-14	8.63063e-06	1050	8.63063e-06	0 1.1773e+07 5e+06 	1.6773e+07	6.24598	6.5039	12399	666.612	0.00842885	0	1.02	1.02
201.45	0.00202608	0.00117066	21294.7	1050	105	20342.6	84.7047	84.7047	338.819	338.819	0 21459.2 438.828 	21898	0.00319674	9.76213e-14	8.50214e-06	1050	8.50214e-06	0 1.17734e+07 5e+06 	1.67734e+07	6.24596	6.5039	12399	666.612	0.00842908	0	1.02	1.02
201.6	0.00202608	0.0011707	21295.8	1050	105	20343	84.7723	84.7723	339.089	339.089	0 21458.4 438.819 	21897.2	0.00319679	9.61664e-14	8.37556e-06	1050	8.37556e-06	0 1.17738e+07 5e+06 	1.67738e+07	6.24593	6.5039	12399	666.612	0.00842932	0	1.02	1.02
201.75	0.00202609	0.00117075	21296.8	1050	105	20343.5	84.8399	84.8399	339.36	339.36	0 21457.5 438.811 	21896.3	0.00319684	9.47332e-14	8.25086e-06	1050	8.25086e-06	0 1.17741e+07 5e+06 	1.67741e+07	6.24591	6.5039	12399	666.612	0.0084296	0	1.02	1.02
201.9	0.00202609	0.0011708	21297.9	1050	105	20343.9	84.9076	84.9076	339.63	339.63	0 21456.7 438.804 	21895.5	0.00319689	9.33214e-14	8.12802e-06	1050	8.12802e-06	0 1.17745e+07 5e+06 	1.67745e+07	6.24589	6.5039	12399	666.612	0.00842989	0	1.02	1.02
202.05	0.00202609	0.00117085	21299	1050	105	20344.2	84.9753	84.9753	339.901	339.901	0 21455.8 438.799 	21894.6	0.00319694	9.19306e-14	8.00701e-06	1050	8.00701e-06	0 1.17749e+07 5e+06 	1.67749e+07	6.24587	6.5039	12399	666.612	0.00843022	0	1.02	1.02
202.2	0.00202609	0.00117089	21300.1	1050	105	20344.6	85.0432	85.0432	340.173	340.173	0 21455 438.795 	21893.8	0.00319699	9.05605e-14	7.8878e-06	1050	7.8878e-06	0 1.17752e+07 5e+06 	1.67752e+07	6.24584	6.5039	12399	666.612	0.00843057	0	1.02	1.02
202.35	0.0020261	0.00117094	21301.2	1050	105	20345	85.111	85.111	340.444	340.444	0 21454.1 438.792 	21892.9	0.00319704	8.92108e-14	7.77037e-06	1050	7.77037e-06	0 1.17756e+07 5e+06 	1.67756e+07	6.24582	6.5039	12399	666.612	0.00843094	0	1.02	1.02
202.5	0.0020261	0.00117099	21302.2	1050	105	20345.4	85.179	85.179	340.716	340.716	0 21453.3 438.791 	21892.1	0.00319709	8.78813e-14	7.65468e-06	1050	7.65468e-06	0 1.1776e+07 5e+06 	1.6776e+07	6.2458	6.5039	12399	666.612	0.00843134	0	1.02	1.02
202.65	0.0020261	0.00117104	21303.3	1050	105	20345.8	85.247	85.247	340.988	340.988	0 21452.5 438.791 	21891.2	0.00319714	8.65716e-14	7.54072e-06	1050	7.54072e-06	0 1.17763e+07 5e+06 	1.67763e+07	6.24578	6.5039	12399	666.612	0.00843176	0	1.02	1.02
202.8	0.0020261	0.00117108	21304.4	1050	105	20346.2	85.315	85.315	341.26	341.26	0 21451.6 438.792 	21890.4	0.00319719	8.52813e-14	7.42845e-06	1050	7.42845e-06	0 1.17767e+07 5e+06 	1.67767e+07	6.24575	6.5039	12399	666.612	0.00843221	0	1.02	1.02
202.95	0.00202611	0.00117113	21305.4	1050	105	20346.6	85.3832	85.3832	341.533	341.533	0 21450.8 438.795 	21889.6	0.00319724	8.40104e-14	7.31786e-06	1050	7.31786e-06	0 1.17771e+07 5e+06 	1.67771e+07	6.24573	6.5039	12399	666.612	0.00843269	0	1.02	1.02
203.1	0.00202611	0.00117118	21306.5	1050	105	20347	85.4514	85.4514	341.805	341.805	0 21449.9 438.799 	21888.7	0.00319729	8.27583e-14	7.20891e-06	1050	7.20891e-06	0 1.17774e+07 5e+06 	1.67774e+07	6.24571	6.5039	12399	666.612	0.00843318	0	1.02	1.02
203.25	0.00202611	0.00117123	21307.6	1050	105	20347.4	85.5196	85.5196	342.079	342.079	0 21449.1 438.804 	21887.9	0.00319734	8.1525e-14	7.10158e-06	1050	7.10158e-06	0 1.17778e+07 5e+06 	1.67778e+07	6.24569	6.5039	12399	666.612	0.00843371	0	1.02	1.02
203.4	0.00202611	0.00117127	21308.7	1050	105	20347.8	85.588	85.588	342.352	342.352	0 21448.3 438.811 	21887.1	0.00319739	8.031e-14	6.99585e-06	1050	6.99585e-06	0 1.17782e+07 5e+06 	1.67782e+07	6.24567	6.5039	12399	666.612	0.00843426	0	1.02	1.02
203.55	0.00202612	0.00117132	21309.7	1050	105	20348.2	85.6563	85.6563	342.625	342.625	0 21447.4 438.818 	21886.2	0.00319744	7.91131e-14	6.8917e-06	1050	6.8917e-06	0 1.17785e+07 5e+06 	1.67785e+07	6.24564	6.5039	12399	666.612	0.00843483	0	1.02	1.02
203.7	0.00202612	0.00117137	21310.8	1050	105	20348.6	85.7248	85.7248	342.899	342.899	0 21446.6 438.828 	21885.4	0.00319749	7.7934e-14	6.7891e-06	1050	6.7891e-06	0 1.17789e+07 5e+06 	1.67789e+07	6.24562	6.5039	12399	666.612	0.00843543	0	1.02	1.02
203.85	0.00202612	0.00117141	21311.9	1050	105	20348.9	85.7933	85.7933	343.173	343.173	0 21445.7 438.838 	21884.6	0.00319753	7.67726e-14	6.68802e-06	1050	6.68802e-06	0 1.17793e+07 5e+06 	1.67793e+07	6.2456	6.5039	12399	666.612	0.00843606	0	1.02	1.02
204	0.00202612	0.00117146	21312.9	1050	105	20349.3	85.8619	85.8619	343.448	343.448	0 21444.9 438.85 	21883.8	0.00319758	7.56284e-14	6.58845e-06	1050	6.58845e-06	0 1.17796e+07 5e+06 	1.67796e+07	6.24558	6.5039	12399	666.612	0.00843671	0	1.02	1.02
204.15	0.00202613	0.00117151	21314	1050	105	20349.7	85.9305	85.9305	343.722	343.722	0 21444.1 438.863 	21882.9	0.00319763	7.45013e-14	6.49036e-06	1050	6.49036e-06	0 1.178e+07 5e+06 	1.678e+07	6.24556	6.5039	12399	666.612	0.00843738	0	1.02	1.02
204.3	0.00202613	0.00117156	21315.1	1050	105	20350.1	85.9993	85.9993	343.997	343.997	0 21443.2 438.878 	21882.1	0.00319768	7.3391e-14	6.39373e-06	1050	6.39373e-06	0 1.17803e+07 5e+06 	1.67803e+07	6.24554	6.5039	12399	666.612	0.00843808	0	1.02	1.02
204.45	0.00202613	0.0011716	21316.1	1050	105	20350.5	86.068	86.068	344.272	344.272	0 21442.4 438.893 	21881.3	0.00319773	7.22972e-14	6.29854e-06	1050	6.29854e-06	0 1.17807e+07 5e+06 	1.67807e+07	6.24552	6.5039	12399	666.612	0.00843881	0	1.02	1.02
204.6	0.00202613	0.00117165	21317.2	1050	105	20350.8	86.1369	86.1369	344.547	344.547	0 21441.6 438.91 	21880.5	0.00319778	7.12197e-14	6.20477e-06	1050	6.20477e-06	0 1.17811e+07 5e+06 	1.67811e+07	6.24549	6.5039	12399	666.612	0.00843956	0	1.02	1.02
204.75	0.00202613	0.0011717	21318.3	1050	105	20351.2	86.2058	86.2058	344.823	344.823	0 21440.7 438.929 	21879.6	0.00319783	7.01583e-14	6.11239e-06	1050	6.11239e-06	0 1.17814e+07 5e+06 	1.67814e+07	6.24547	6.5039	12399	666.612	0.00844033	0	1.02	1.02
204.9	0.00202614	0.00117174	21319.3	1050	105	20351.6	86.2748	86.2748	345.099	345.099	0 21439.9 438.948 	21878.8	0.00319788	6.91128e-14	6.02139e-06	1050	6.02139e-06	0 1.17818e+07 5e+06 	1.67818e+07	6.24545	6.5039	12399	666.612	0.00844113	0	1.02	1.02
205.05	0.00202614	0.00117179	21320.4	1050	105	20352	86.3438	86.3438	345.375	345.375	0 21439.1 438.969 	21878	0.00319793	6.80828e-14	5.93174e-06	1050	5.93174e-06	0 1.17822e+07 5e+06 	1.67822e+07	6.24543	6.5039	12399	666.612	0.00844196	0	1.02	1.02
205.2	0.00202614	0.00117184	21321.5	1050	105	20352.3	86.4129	86.4129	345.652	345.652	0 21438.2 438.992 	21877.2	0.00319798	6.70681e-14	5.84343e-06	1050	5.84343e-06	0 1.17825e+07 5e+06 	1.67825e+07	6.24541	6.5039	12399	666.612	0.00844281	0	1.02	1.02
205.35	0.00202614	0.00117188	21322.5	1050	105	20352.7	86.4821	86.4821	345.928	345.928	0 21437.4 439.015 	21876.4	0.00319803	6.60686e-14	5.75643e-06	1050	5.75643e-06	0 1.17829e+07 5e+06 	1.67829e+07	6.24539	6.5039	12399	666.612	0.00844368	0	1.02	1.02
205.5	0.00202615	0.00117193	21323.6	1050	105	20353.1	86.5513	86.5513	346.205	346.205	0 21436.6 439.04 	21875.6	0.00319808	6.50839e-14	5.67073e-06	1050	5.67073e-06	0 1.17832e+07 5e+06 	1.67832e+07	6.24537	6.5039	12399	666.612	0.00844458	0	1.02	1.02
205.65	0.00202615	0.00117198	21324.6	1050	105	20353.4	86.6206	86.6206	346.482	346.482	0 21435.7 439.067 	21874.8	0.00319813	6.4114e-14	5.5863e-06	1050	5.5863e-06	0 1.17836e+07 5e+06 	1.67836e+07	6.24535	6.5039	12399	666.612	0.00844551	0	1.02	1.02
205.8	0.00202615	0.00117202	21325.7	1050	105	20353.8	86.6899	86.6899	346.76	346.76	0 21434.9 439.094 	21874	0.00319817	6.31585e-14	5.50313e-06	1050	5.50313e-06	0 1.1784e+07 5e+06 	1.6784e+07	6.24533	6.5039	12399	666.612	0.00844646	0	1.02	1.02
205.95	0.00202615	0.00117207	21326.8	1050	105	20354.2	86.7594	86.7594	347.037	347.037	0 21434.1 439.123 	21873.2	0.00319822	6.22172e-14	5.4212e-06	1050	5.4212e-06	0 1.17843e+07 5e+06 	1.67843e+07	6.24531	6.5039	12399	666.612	0.00844743	0	1.02	1.02
206.1	0.00202615	0.00117212	21327.8	1050	105	20354.5	86.8289	86.8289	347.315	347.315	0 21433.2 439.153 	21872.4	0.00319827	6.129e-14	5.34049e-06	1050	5.34049e-06	0 1.17847e+07 5e+06 	1.67847e+07	6.24529	6.5039	12399	666.612	0.00844843	0	1.02	1.02
206.25	0.00202616	0.00117216	21328.9	1050	105	20354.9	86.8984	86.8984	347.594	347.594	0 21432.4 439.185 	21871.6	0.00319832	6.03766e-14	5.26098e-06	1050	5.26098e-06	0 1.17851e+07 5e+06 	1.67851e+07	6.24527	6.5039	12399	666.612	0.00844946	0	1.02	1.02
206.4	0.00202616	0.00117221	21329.9	1050	105	20355.3	86.968	86.968	347.872	347.872	0 21431.6 439.217 	21870.8	0.00319837	5.94768e-14	5.18266e-06	1050	5.18266e-06	0 1.17854e+07 5e+06 	1.67854e+07	6.24525	6.5039	12399	666.612	0.00845051	0	1.02	1.02
206.55	0.00202616	0.00117226	21331	1050	105	20355.6	87.0377	87.0377	348.151	348.151	0 21430.7 439.252 	21870	0.00319842	5.85904e-14	5.1055e-06	1050	5.1055e-06	0 1.17858e+07 5e+06 	1.67858e+07	6.24523	6.5039	12399	666.612	0.00845158	0	1.02	1.02
206.7	0.00202616	0.0011723	21332	1050	105	20356	87.1075	87.1075	348.43	348.43	0 21429.9 439.287 	21869.2	0.00319847	5.77172e-14	5.02949e-06	1050	5.02949e-06	0 1.17861e+07 5e+06 	1.67861e+07	6.2452	6.5039	12399	666.612	0.00845268	0	1.02	1.02
206.85	0.00202617	0.00117235	21333.1	1050	105	20356.3	87.1773	87.1773	348.709	348.709	0 21429.1 439.324 	21868.4	0.00319852	5.68571e-14	4.95461e-06	1050	4.95461e-06	0 1.17865e+07 5e+06 	1.67865e+07	6.24518	6.5039	12399	666.612	0.0084538	0	1.02	1.02
207	0.00202617	0.0011724	21334.2	1050	105	20356.7	87.2472	87.2472	348.989	348.989	0 21428.2 439.362 	21867.6	0.00319857	5.60097e-14	4.88084e-06	1050	4.88084e-06	0 1.17868e+07 5e+06 	1.67868e+07	6.24516	6.5039	12399	666.612	0.00845495	0	1.02	1.02
207.15	0.00202617	0.00117244	21335.2	1050	105	20357	87.3171	87.3171	349.269	349.269	0 21427.4 439.401 	21866.8	0.00319861	5.5175e-14	4.80818e-06	1050	4.80818e-06	0 1.17872e+07 5e+06 	1.67872e+07	6.24514	6.5039	12399	666.612	0.00845613	0	1.02	1.02
207.3	0.00202617	0.00117249	21336.3	1050	105	20357.4	87.3871	87.3871	349.549	349.549	0 21426.6 439.441 	21866	0.00319866	5.43527e-14	4.73659e-06	1050	4.73659e-06	0 1.17876e+07 5e+06 	1.67876e+07	6.24512	6.5039	12399	666.612	0.00845733	0	1.02	1.02
207.45	0.00202617	0.00117254	21337.3	1050	105	20357.8	87.4572	87.4572	349.829	349.829	0 21425.8 439.483 	21865.2	0.00319871	5.35427e-14	4.66607e-06	1050	4.66607e-06	0 1.17879e+07 5e+06 	1.67879e+07	6.2451	6.5039	12399	666.612	0.00845855	0	1.02	1.02
207.6	0.00202618	0.00117258	21338.4	1050	105	20358.1	87.5274	87.5274	350.109	350.109	0 21424.9 439.526 	21864.5	0.00319876	5.27447e-14	4.5966e-06	1050	4.5966e-06	0 1.17883e+07 5e+06 	1.67883e+07	6.24509	6.5039	12399	666.612	0.0084598	0	1.02	1.02
207.75	0.00202618	0.00117263	21339.4	1050	105	20358.5	87.5976	87.5976	350.39	350.39	0 21424.1 439.571 	21863.7	0.00319881	5.19587e-14	4.52817e-06	1050	4.52817e-06	0 1.17886e+07 5e+06 	1.67886e+07	6.24507	6.5039	12399	666.612	0.00846107	0	1.02	1.02
207.9	0.00202618	0.00117268	21340.5	1050	105	20358.8	87.6679	87.6679	350.671	350.671	0 21423.3 439.617 	21862.9	0.00319886	5.11843e-14	4.46075e-06	1050	4.46075e-06	0 1.1789e+07 5e+06 	1.6789e+07	6.24505	6.5039	12399	666.612	0.00846237	0	1.02	1.02
208.05	0.00202618	0.00117272	21341.5	1050	105	20359.1	87.7382	87.7382	350.953	350.953	0 21422.5 439.664 	21862.1	0.00319891	5.04215e-14	4.39434e-06	1050	4.39434e-06	0 1.17894e+07 5e+06 	1.67894e+07	6.24503	6.5039	12399	666.612	0.00846369	0	1.02	1.02
208.2	0.00202619	0.00117277	21342.6	1050	105	20359.5	87.8086	87.8086	351.234	351.234	0 21421.6 439.712 	21861.3	0.00319895	4.96701e-14	4.32892e-06	1050	4.32892e-06	0 1.17897e+07 5e+06 	1.67897e+07	6.24501	6.5039	12399	666.612	0.00846504	0	1.02	1.02
208.35	0.00202619	0.00117282	21343.6	1050	105	20359.8	87.8791	87.8791	351.516	351.516	0 21420.8 439.762 	21860.6	0.003199	4.89299e-14	4.26447e-06	1050	4.26447e-06	0 1.17901e+07 5e+06 	1.67901e+07	6.24499	6.5039	12399	666.612	0.00846641	0	1.02	1.02
208.5	0.00202619	0.00117286	21344.7	1050	105	20360.2	87.9496	87.9496	351.799	351.799	0 21420 439.813 	21859.8	0.00319905	4.82007e-14	4.20098e-06	1050	4.20098e-06	0 1.17904e+07 5e+06 	1.67904e+07	6.24497	6.5039	12399	666.612	0.00846781	0	1.02	1.02
208.65	0.00202619	0.00117291	21345.7	1050	105	20360.5	88.0202	88.0202	352.081	352.081	0 21419.2 439.865 	21859	0.0031991	4.74824e-14	4.13843e-06	1050	4.13843e-06	0 1.17908e+07 5e+06 	1.67908e+07	6.24495	6.5039	12399	666.612	0.00846923	0	1.02	1.02
208.8	0.00202619	0.00117295	21346.8	1050	105	20360.9	88.0909	88.0909	352.364	352.364	0 21418.3 439.918 	21858.3	0.00319915	4.67747e-14	4.07682e-06	1050	4.07682e-06	0 1.17911e+07 5e+06 	1.67911e+07	6.24493	6.5039	12399	666.612	0.00847068	0	1.02	1.02
208.95	0.0020262	0.001173	21347.8	1050	105	20361.2	88.1616	88.1616	352.647	352.647	0 21417.5 439.973 	21857.5	0.0031992	4.60776e-14	4.01613e-06	1050	4.01613e-06	0 1.17915e+07 5e+06 	1.67915e+07	6.24491	6.5039	12399	666.612	0.00847215	0	1.02	1.02
209.1	0.0020262	0.00117305	21348.9	1050	105	20361.5	88.2325	88.2325	352.93	352.93	0 21416.7 440.029 	21856.7	0.00319924	4.5391e-14	3.95633e-06	1050	3.95633e-06	0 1.17919e+07 5e+06 	1.67919e+07	6.24489	6.5039	12399	666.612	0.00847364	0	1.02	1.02
209.25	0.0020262	0.00117309	21349.9	1050	105	20361.9	88.3033	88.3033	353.213	353.213	0 21415.9 440.087 	21856	0.00319929	4.47145e-14	3.89743e-06	1050	3.89743e-06	0 1.17922e+07 5e+06 	1.67922e+07	6.24487	6.5039	12399	666.612	0.00847516	0	1.02	1.02
209.4	0.0020262	0.00117314	21351	1050	105	20362.2	88.3743	88.3743	353.497	353.497	0 21415.1 440.145 	21855.2	0.00319934	4.40481e-14	3.83941e-06	1050	3.83941e-06	0 1.17926e+07 5e+06 	1.67926e+07	6.24485	6.5039	12399	666.612	0.00847671	0	1.02	1.02
209.55	0.0020262	0.00117319	21352	1050	105	20362.6	88.4453	88.4453	353.781	353.781	0 21414.2 440.205 	21854.4	0.00319939	4.33917e-14	3.78224e-06	1050	3.78224e-06	0 1.17929e+07 5e+06 	1.67929e+07	6.24484	6.5039	12399	666.612	0.00847828	0	1.02	1.02
209.7	0.00202621	0.00117323	21353.1	1050	105	20362.9	88.5163	88.5163	354.065	354.065	0 21413.4 440.267 	21853.7	0.00319944	4.2745e-14	3.72593e-06	1050	3.72593e-06	0 1.17933e+07 5e+06 	1.67933e+07	6.24482	6.5039	12399	666.612	0.00847987	0	1.02	1.02
209.85	0.00202621	0.00117328	21354.1	1050	105	20363.2	88.5875	88.5875	354.35	354.35	0 21412.6 440.329 	21852.9	0.00319949	4.2108e-14	3.67046e-06	1050	3.67046e-06	0 1.17936e+07 5e+06 	1.67936e+07	6.2448	6.5039	12399	666.612	0.00848149	0	1.02	1.02
210	0.00202621	0.00117332	21355.1	1050	105	20363.6	88.6587	88.6587	354.635	354.635	0 21411.8 440.393 	21852.2	0.00319953	4.14805e-14	3.61582e-06	1050	3.61582e-06	0 1.1794e+07 5e+06 	1.6794e+07	6.24478	6.5039	12399	666.612	0.00848314	0	1.02	1.02
210.15	0.00202621	0.00117337	21356.2	1050	105	20363.9	88.7299	88.7299	354.92	354.92	0 21411 440.458 	21851.4	0.00319958	4.08623e-14	3.56198e-06	1050	3.56198e-06	0 1.17943e+07 5e+06 	1.67943e+07	6.24476	6.5039	12399	666.612	0.0084848	0	1.02	1.02
210.3	0.00202621	0.00117342	21357.2	1050	105	20364.2	88.8013	88.8013	355.205	355.205	0 21410.1 440.525 	21850.7	0.00319963	4.02533e-14	3.50895e-06	1050	3.50895e-06	0 1.17947e+07 5e+06 	1.67947e+07	6.24474	6.5039	12399	666.612	0.0084865	0	1.02	1.02
210.45	0.00202622	0.00117346	21358.3	1050	105	20364.5	88.8727	88.8727	355.491	355.491	0 21409.3 440.592 	21849.9	0.00319968	3.96534e-14	3.45671e-06	1050	3.45671e-06	0 1.1795e+07 5e+06 	1.6795e+07	6.24472	6.5039	12399	666.612	0.00848822	0	1.02	1.02
210.6	0.00202622	0.00117351	21359.3	1050	105	20364.9	88.9442	88.9442	355.777	355.777	0 21408.5 440.661 	21849.2	0.00319973	3.90625e-14	3.40525e-06	1050	3.40525e-06	0 1.17954e+07 5e+06 	1.67954e+07	6.24471	6.5039	12399	666.612	0.00848996	0	1.02	1.02
210.75	0.00202622	0.00117355	21360.4	1050	105	20365.2	89.0157	89.0157	356.063	356.063	0 21407.7 440.731 	21848.4	0.00319977	3.84803e-14	3.35455e-06	1050	3.35455e-06	0 1.17958e+07 5e+06 	1.67958e+07	6.24469	6.5039	12399	666.612	0.00849173	0	1.02	1.02
210.9	0.00202622	0.0011736	21361.4	1050	105	20365.5	89.0873	89.0873	356.349	356.349	0 21406.9 440.803 	21847.7	0.00319982	3.79069e-14	3.30461e-06	1050	3.30461e-06	0 1.17961e+07 5e+06 	1.67961e+07	6.24467	6.5039	12399	666.612	0.00849352	0	1.02	1.02
211.05	0.00202622	0.00117365	21362.4	1050	105	20365.8	89.159	89.159	356.636	356.636	0 21406 440.876 	21846.9	0.00319987	3.7342e-14	3.25541e-06	1050	3.25541e-06	0 1.17965e+07 5e+06 	1.67965e+07	6.24465	6.5039	12399	666.612	0.00849533	0	1.02	1.02
211.2	0.00202623	0.00117369	21363.5	1050	105	20366.2	89.2307	89.2307	356.923	356.923	0 21405.2 440.95 	21846.2	0.00319992	3.67855e-14	3.20694e-06	1050	3.20694e-06	0 1.17968e+07 5e+06 	1.67968e+07	6.24463	6.5039	12399	666.612	0.00849717	0	1.02	1.02
211.35	0.00202623	0.00117374	21364.5	1050	105	20366.5	89.3025	89.3025	357.21	357.21	0 21404.4 441.025 	21845.4	0.00319996	3.62373e-14	3.1592e-06	1050	3.1592e-06	0 1.17972e+07 5e+06 	1.67972e+07	6.24462	6.5039	12399	666.612	0.00849904	0	1.02	1.02
211.5	0.00202623	0.00117378	21365.5	1050	105	20366.8	89.3744	89.3744	357.497	357.497	0 21403.6 441.102 	21844.7	0.00320001	3.56972e-14	3.11216e-06	1050	3.11216e-06	0 1.17975e+07 5e+06 	1.67975e+07	6.2446	6.5039	12399	666.612	0.00850093	0	1.02	1.02
211.65	0.00202623	0.00117383	21366.6	1050	105	20367.1	89.4463	89.4463	357.785	357.785	0 21402.8 441.18 	21844	0.00320006	3.51652e-14	3.06583e-06	1050	3.06583e-06	0 1.17979e+07 5e+06 	1.67979e+07	6.24458	6.5039	12399	666.612	0.00850284	0	1.02	1.02
211.8	0.00202623	0.00117387	21367.6	1050	105	20367.4	89.5183	89.5183	358.073	358.073	0 21402 441.259 	21843.2	0.00320011	3.46412e-14	3.02018e-06	1050	3.02018e-06	0 1.17982e+07 5e+06 	1.67982e+07	6.24456	6.5039	12399	666.612	0.00850478	0	1.02	1.02
211.95	0.00202624	0.00117392	21368.7	1050	105	20367.8	89.5904	89.5904	358.362	358.362	0 21401.2 441.339 	21842.5	0.00320016	3.41249e-14	2.97522e-06	1050	2.97522e-06	0 1.17986e+07 5e+06 	1.67986e+07	6.24454	6.5039	12399	666.612	0.00850675	0	1.02	1.02
212.1	0.00202624	0.00117397	21369.7	1050	105	20368.1	89.6625	89.6625	358.65	358.65	0 21400.3 441.421 	21841.8	0.0032002	3.36164e-14	2.93092e-06	1050	2.93092e-06	0 1.17989e+07 5e+06 	1.67989e+07	6.24453	6.5039	12399	666.612	0.00850873	0	1.02	1.02
212.25	0.00202624	0.00117401	21370.7	1050	105	20368.4	89.7347	89.7347	358.939	358.939	0 21399.5 441.504 	21841	0.00320025	3.31154e-14	2.88729e-06	1050	2.88729e-06	0 1.17993e+07 5e+06 	1.67993e+07	6.24451	6.5039	12399	666.612	0.00851075	0	1.02	1.02
212.4	0.00202624	0.00117406	21371.8	1050	105	20368.7	89.807	89.807	359.228	359.228	0 21398.7 441.589 	21840.3	0.0032003	3.26219e-14	2.8443e-06	1050	2.8443e-06	0 1.17996e+07 5e+06 	1.67996e+07	6.24449	6.5039	12399	666.612	0.00851278	0	1.02	1.02
212.55	0.00202624	0.0011741	21372.8	1050	105	20369	89.8793	89.8793	359.517	359.517	0 21397.9 441.674 	21839.6	0.00320035	3.21357e-14	2.80196e-06	1050	2.80196e-06	0 1.18e+07 5e+06 	1.68e+07	6.24447	6.5039	12399	666.612	0.00851484	0	1.02	1.02
212.7	0.00202624	0.00117415	21373.8	1050	105	20369.3	89.9517	89.9517	359.807	359.807	0 21397.1 441.761 	21838.8	0.00320039	3.16568e-14	2.76024e-06	1050	2.76024e-06	0 1.18003e+07 5e+06 	1.68003e+07	6.24446	6.5039	12399	666.612	0.00851693	0	1.02	1.02
212.85	0.00202625	0.00117419	21374.9	1050	105	20369.6	90.0242	90.0242	360.097	360.097	0 21396.3 441.849 	21838.1	0.00320044	3.1185e-14	2.71915e-06	1050	2.71915e-06	0 1.18007e+07 5e+06 	1.68007e+07	6.24444	6.5039	12399	666.612	0.00851904	0	1.02	1.02
213	0.00202625	0.00117424	21375.9	1050	105	20369.9	90.0968	90.0968	360.387	360.387	0 21395.5 441.938 	21837.4	0.00320049	3.07203e-14	2.67866e-06	1050	2.67866e-06	0 1.1801e+07 5e+06 	1.6801e+07	6.24442	6.5039	12399	666.612	0.00852118	0	1.02	1.02
213.15	0.00202625	0.00117429	21376.9	1050	105	20370.2	90.1694	90.1694	360.677	360.677	0 21394.7 442.029 	21836.7	0.00320054	3.02625e-14	2.63878e-06	1050	2.63878e-06	0 1.18014e+07 5e+06 	1.68014e+07	6.24441	6.5039	12399	666.612	0.00852334	0	1.02	1.02
213.3	0.00202625	0.00117433	21378	1050	105	20370.5	90.242	90.242	360.968	360.968	0 21393.8 442.121 	21836	0.00320058	2.98115e-14	2.5995e-06	1050	2.5995e-06	0 1.18017e+07 5e+06 	1.68017e+07	6.24439	6.5039	12399	666.612	0.00852552	0	1.02	1.02
213.45	0.00202625	0.00117438	21379	1050	105	20370.8	90.3148	90.3148	361.259	361.259	0 21393 442.214 	21835.2	0.00320063	2.93672e-14	2.56079e-06	1050	2.56079e-06	0 1.18021e+07 5e+06 	1.68021e+07	6.24437	6.5039	12399	666.612	0.00852773	0	1.02	1.02
213.6	0.00202626	0.00117442	21380	1050	105	20371.1	90.3876	90.3876	361.55	361.55	0 21392.2 442.309 	21834.5	0.00320068	2.89296e-14	2.52267e-06	1050	2.52267e-06	0 1.18024e+07 5e+06 	1.68024e+07	6.24436	6.5039	12399	666.612	0.00852996	0	1.02	1.02
213.75	0.00202626	0.00117447	21381	1050	105	20371.4	90.4605	90.4605	361.842	361.842	0 21391.4 442.404 	21833.8	0.00320073	2.84985e-14	2.48511e-06	1050	2.48511e-06	0 1.18028e+07 5e+06 	1.68028e+07	6.24434	6.5039	12399	666.612	0.00853222	0	1.02	1.02
213.9	0.00202626	0.00117451	21382.1	1050	105	20371.7	90.5334	90.5334	362.134	362.134	0 21390.6 442.502 	21833.1	0.00320077	2.80738e-14	2.44811e-06	1050	2.44811e-06	0 1.18031e+07 5e+06 	1.68031e+07	6.24432	6.5039	12399	666.612	0.0085345	0	1.02	1.02
214.05	0.00202626	0.00117456	21383.1	1050	105	20372	90.6064	90.6064	362.426	362.426	0 21389.8 442.6 	21832.4	0.00320082	2.76554e-14	2.41167e-06	1050	2.41167e-06	0 1.18035e+07 5e+06 	1.68035e+07	6.24431	6.5039	12399	666.612	0.0085368	0	1.02	1.02
214.2	0.00202626	0.0011746	21384.1	1050	105	20372.3	90.6795	90.6795	362.718	362.718	0 21389 442.699 	21831.7	0.00320087	2.72432e-14	2.37576e-06	1050	2.37576e-06	0 1.18038e+07 5e+06 	1.68038e+07	6.24429	6.5039	12399	666.612	0.00853913	0	1.02	1.02
214.35	0.00202626	0.00117465	21385.2	1050	105	20372.6	90.7527	90.7527	363.011	363.011	0 21388.2 442.8 	21831	0.00320091	2.68373e-14	2.34039e-06	1050	2.34039e-06	0 1.18042e+07 5e+06 	1.68042e+07	6.24427	6.5039	12399	666.612	0.00854149	0	1.02	1.02
214.5	0.00202627	0.0011747	21386.2	1050	105	20372.9	90.8259	90.8259	363.304	363.304	0 21387.4 442.902 	21830.3	0.00320096	2.64373e-14	2.30555e-06	1050	2.30555e-06	0 1.18045e+07 5e+06 	1.68045e+07	6.24426	6.5039	12399	666.612	0.00854387	0	1.02	1.02
214.65	0.00202627	0.00117474	21387.2	1050	105	20373.2	90.8992	90.8992	363.597	363.597	0 21386.6 443.006 	21829.6	0.00320101	2.60433e-14	2.27122e-06	1050	2.27122e-06	0 1.18049e+07 5e+06 	1.68049e+07	6.24424	6.5039	12399	666.612	0.00854627	0	1.02	1.02
214.8	0.00202627	0.00117479	21388.2	1050	105	20373.5	90.9725	90.9725	363.89	363.89	0 21385.8 443.11 	21828.9	0.00320106	2.56552e-14	2.23741e-06	1050	2.23741e-06	0 1.18052e+07 5e+06 	1.68052e+07	6.24422	6.5039	12399	666.612	0.0085487	0	1.02	1.02
214.95	0.00202627	0.00117483	21389.3	1050	105	20373.8	91.046	91.046	364.184	364.184	0 21384.9 443.216 	21828.2	0.0032011	2.52729e-14	2.2041e-06	1050	2.2041e-06	0 1.18056e+07 5e+06 	1.68056e+07	6.24421	6.5039	12399	666.612	0.00855115	0	1.02	1.02
215.1	0.00202627	0.00117488	21390.3	1050	105	20374.1	91.1194	91.1194	364.478	364.478	0 21384.1 443.323 	21827.5	0.00320115	2.48963e-14	2.17128e-06	1050	2.17128e-06	0 1.18059e+07 5e+06 	1.68059e+07	6.24419	6.5039	12399	666.612	0.00855363	0	1.02	1.02
215.25	0.00202628	0.00117492	21391.3	1050	105	20374.4	91.193	91.193	364.772	364.772	0 21383.3 443.431 	21826.8	0.0032012	2.45252e-14	2.13896e-06	1050	2.13896e-06	0 1.18063e+07 5e+06 	1.68063e+07	6.24417	6.5039	12399	666.612	0.00855613	0	1.02	1.02
215.4	0.00202628	0.00117497	21392.3	1050	105	20374.7	91.2666	91.2666	365.066	365.066	0 21382.5 443.541 	21826.1	0.00320124	2.41597e-14	2.10711e-06	1050	2.10711e-06	0 1.18066e+07 5e+06 	1.68066e+07	6.24416	6.5039	12399	666.612	0.00855865	0	1.02	1.02
215.55	0.00202628	0.00117501	21393.4	1050	105	20374.9	91.3403	91.3403	365.361	365.361	0 21381.7 443.652 	21825.4	0.00320129	2.37997e-14	2.07574e-06	1050	2.07574e-06	0 1.18069e+07 5e+06 	1.68069e+07	6.24414	6.5039	12399	666.612	0.0085612	0	1.02	1.02
215.7	0.00202628	0.00117506	21394.4	1050	105	20375.2	91.4141	91.4141	365.656	365.656	0 21380.9 443.764 	21824.7	0.00320134	2.3445e-14	2.04484e-06	1050	2.04484e-06	0 1.18073e+07 5e+06 	1.68073e+07	6.24413	6.5039	12399	666.612	0.00856378	0	1.02	1.02
215.85	0.00202628	0.0011751	21395.4	1050	105	20375.5	91.4879	91.4879	365.952	365.952	0 21380.1 443.878 	21824	0.00320138	2.30956e-14	2.01439e-06	1050	2.01439e-06	0 1.18076e+07 5e+06 	1.68076e+07	6.24411	6.5039	12399	666.612	0.00856637	0	1.02	1.02
216	0.00202628	0.00117515	21396.4	1050	105	20375.8	91.5618	91.5618	366.247	366.247	0 21379.3 443.992 	21823.3	0.00320143	2.27515e-14	1.9844e-06	1050	1.9844e-06	0 1.1808e+07 5e+06 	1.6808e+07	6.2441	6.5039	12399	666.612	0.008569	0	1.02	1.02
216.15	0.00202629	0.00117519	21397.4	1050	105	20376.1	91.6358	91.6358	366.543	366.543	0 21378.5 444.108 	21822.6	0.00320148	2.24124e-14	1.95486e-06	1050	1.95486e-06	0 1.18083e+07 5e+06 	1.68083e+07	6.24408	6.5039	12399	666.612	0.00857164	0	1.02	1.02
216.3	0.00202629	0.00117524	21398.5	1050	105	20376.4	91.7098	91.7098	366.839	366.839	0 21377.7 444.225 	21821.9	0.00320153	2.20784e-14	1.92575e-06	1050	1.92575e-06	0 1.18087e+07 5e+06 	1.68087e+07	6.24406	6.5039	12399	666.612	0.00857431	0	1.02	1.02
216.45	0.00202629	0.00117528	21399.5	1050	105	20376.6	91.7839	91.7839	367.136	367.136	0 21376.9 444.344 	21821.2	0.00320157	2.17494e-14	1.89708e-06	1050	1.89708e-06	0 1.1809e+07 5e+06 	1.6809e+07	6.24405	6.5039	12399	666.612	0.00857701	0	1.02	1.02
216.6	0.00202629	0.00117533	21400.5	1050	105	20376.9	91.8581	91.8581	367.432	367.432	0 21376.1 444.464 	21820.6	0.00320162	2.14253e-14	1.86884e-06	1050	1.86884e-06	0 1.18094e+07 5e+06 	1.68094e+07	6.24403	6.5039	12399	666.612	0.00857973	0	1.02	1.02
216.75	0.00202629	0.00117537	21401.5	1050	105	20377.2	91.9323	91.9323	367.729	367.729	0 21375.3 444.585 	21819.9	0.00320167	2.1106e-14	1.84102e-06	1050	1.84102e-06	0 1.18097e+07 5e+06 	1.68097e+07	6.24402	6.5039	12399	666.612	0.00858247	0	1.02	1.02
216.9	0.00202629	0.00117542	21402.5	1050	105	20377.5	92.0066	92.0066	368.027	368.027	0 21374.5 444.707 	21819.2	0.00320171	2.07914e-14	1.81361e-06	1050	1.81361e-06	0 1.18101e+07 5e+06 	1.68101e+07	6.244	6.5039	12399	666.612	0.00858524	0	1.02	1.02
217.05	0.0020263	0.00117546	21403.6	1050	105	20377.7	92.081	92.081	368.324	368.324	0 21373.7 444.83 	21818.5	0.00320176	2.04816e-14	1.78661e-06	1050	1.78661e-06	0 1.18104e+07 5e+06 	1.68104e+07	6.24399	6.5039	12399	666.612	0.00858803	0	1.02	1.02
217.2	0.0020263	0.00117551	21404.6	1050	105	20378	92.1555	92.1555	368.622	368.622	0 21372.9 444.955 	21817.9	0.00320181	2.01764e-14	1.76001e-06	1050	1.76001e-06	0 1.18107e+07 5e+06 	1.68107e+07	6.24397	6.5039	12399	666.612	0.00859085	0	1.02	1.02
217.35	0.0020263	0.00117555	21405.6	1050	105	20378.3	92.23	92.23	368.92	368.92	0 21372.1 445.081 	21817.2	0.00320185	1.98757e-14	1.7338e-06	1050	1.7338e-06	0 1.18111e+07 5e+06 	1.68111e+07	6.24396	6.5039	12399	666.612	0.00859369	0	1.02	1.02
217.5	0.0020263	0.0011756	21406.6	1050	105	20378.6	92.3046	92.3046	369.218	369.218	0 21371.3 445.208 	21816.5	0.0032019	1.95795e-14	1.70799e-06	1050	1.70799e-06	0 1.18114e+07 5e+06 	1.68114e+07	6.24394	6.5039	12399	666.612	0.00859655	0	1.02	1.02
217.65	0.0020263	0.00117564	21407.6	1050	105	20378.8	92.3792	92.3792	369.517	369.517	0 21370.5 445.337 	21815.8	0.00320195	1.92877e-14	1.68256e-06	1050	1.68256e-06	0 1.18118e+07 5e+06 	1.68118e+07	6.24393	6.5039	12399	666.612	0.00859944	0	1.02	1.02
217.8	0.0020263	0.00117569	21408.6	1050	105	20379.1	92.4539	92.4539	369.816	369.816	0 21369.7 445.466 	21815.2	0.00320199	1.90003e-14	1.65751e-06	1050	1.65751e-06	0 1.18121e+07 5e+06 	1.68121e+07	6.24391	6.5039	12399	666.612	0.00860235	0	1.02	1.02
217.95	0.00202631	0.00117573	21409.6	1050	105	20379.4	92.5287	92.5287	370.115	370.115	0 21368.9 445.597 	21814.5	0.00320204	1.87171e-14	1.63283e-06	1050	1.63283e-06	0 1.18125e+07 5e+06 	1.68125e+07	6.2439	6.5039	12399	666.612	0.00860529	0	1.02	1.02
218.1	0.00202631	0.00117578	21410.7	1050	105	20379.6	92.6036	92.6036	370.414	370.414	0 21368.1 445.73 	21813.8	0.00320208	1.84382e-14	1.60853e-06	1050	1.60853e-06	0 1.18128e+07 5e+06 	1.68128e+07	6.24388	6.5039	12399	666.612	0.00860825	0	1.02	1.02
218.25	0.00202631	0.00117582	21411.7	1050	105	20379.9	92.6785	92.6785	370.714	370.714	0 21367.3 445.863 	21813.2	0.00320213	1.81634e-14	1.58458e-06	1050	1.58458e-06	0 1.18131e+07 5e+06 	1.68131e+07	6.24387	6.5039	12399	666.612	0.00861124	0	1.02	1.02
218.4	0.00202631	0.00117587	21412.7	1050	105	20380.1	92.7535	92.7535	371.014	371.014	0 21366.5 445.998 	21812.5	0.00320218	1.78928e-14	1.56099e-06	1050	1.56099e-06	0 1.18135e+07 5e+06 	1.68135e+07	6.24385	6.5039	12399	666.612	0.00861425	0	1.02	1.02
218.55	0.00202631	0.00117591	21413.7	1050	105	20380.4	92.8286	92.8286	371.314	371.314	0 21365.7 446.134 	21811.8	0.00320222	1.76261e-14	1.53775e-06	1050	1.53775e-06	0 1.18138e+07 5e+06 	1.68138e+07	6.24384	6.5039	12399	666.612	0.00861728	0	1.02	1.02
218.7	0.00202631	0.00117596	21414.7	1050	105	20380.7	92.9037	92.9037	371.615	371.615	0 21364.9 446.271 	21811.2	0.00320227	1.73634e-14	1.51485e-06	1050	1.51485e-06	0 1.18142e+07 5e+06 	1.68142e+07	6.24383	6.5039	12399	666.612	0.00862034	0	1.02	1.02
218.85	0.00202631	0.001176	21415.7	1050	105	20380.9	92.9789	92.9789	371.916	371.916	0 21364.1 446.409 	21810.5	0.00320232	1.71047e-14	1.4923e-06	1050	1.4923e-06	0 1.18145e+07 5e+06 	1.68145e+07	6.24381	6.5039	12399	666.612	0.00862342	0	1.02	1.02
219	0.00202632	0.00117605	21416.7	1050	105	20381.2	93.0542	93.0542	372.217	372.217	0 21363.3 446.549 	21809.9	0.00320236	1.68498e-14	1.47008e-06	1050	1.47008e-06	0 1.18149e+07 5e+06 	1.68149e+07	6.2438	6.5039	12399	666.612	0.00862652	0	1.02	1.02
219.15	0.00202632	0.00117609	21417.7	1050	105	20381.4	93.1296	93.1296	372.518	372.518	0 21362.5 446.69 	21809.2	0.00320241	1.65987e-14	1.44819e-06	1050	1.44819e-06	0 1.18152e+07 5e+06 	1.68152e+07	6.24378	6.5039	12399	666.612	0.00862965	0	1.02	1.02
219.3	0.00202632	0.00117614	21418.8	1050	105	20381.7	93.205	93.205	372.82	372.82	0 21361.7 446.832 	21808.6	0.00320246	1.63513e-14	1.42663e-06	1050	1.42663e-06	0 1.18155e+07 5e+06 	1.68155e+07	6.24377	6.5039	12399	666.612	0.00863281	0	1.02	1.02
219.45	0.00202632	0.00117618	21419.8	1050	105	20382	93.2804	93.2804	373.122	373.122	0 21360.9 446.976 	21807.9	0.0032025	1.61077e-14	1.40539e-06	1050	1.40539e-06	0 1.18159e+07 5e+06 	1.68159e+07	6.24375	6.5039	12399	666.612	0.00863599	0	1.02	1.02
219.6	0.00202632	0.00117623	21420.8	1050	105	20382.2	93.356	93.356	373.424	373.424	0 21360.1 447.12 	21807.2	0.00320255	1.58676e-14	1.38447e-06	1050	1.38447e-06	0 1.18162e+07 5e+06 	1.68162e+07	6.24374	6.5039	12399	666.612	0.00863919	0	1.02	1.02
219.75	0.00202632	0.00117627	21421.8	1050	105	20382.5	93.4316	93.4316	373.726	373.726	0 21359.3 447.266 	21806.6	0.00320259	1.56312e-14	1.36386e-06	1050	1.36386e-06	0 1.18166e+07 5e+06 	1.68166e+07	6.24373	6.5039	12399	666.612	0.00864242	0	1.02	1.02
219.9	0.00202633	0.00117631	21422.8	1050	105	20382.7	93.5073	93.5073	374.029	374.029	0 21358.5 447.414 	21806	0.00320264	1.53982e-14	1.34355e-06	1050	1.34355e-06	0 1.18169e+07 5e+06 	1.68169e+07	6.24371	6.5039	12399	666.612	0.00864567	0	1.02	1.02
220.05	0.00202633	0.00117636	21423.8	1050	105	20383	93.5831	93.5831	374.332	374.332	0 21357.7 447.562 	21805.3	0.00320269	1.51688e-14	1.32355e-06	1050	1.32355e-06	0 1.18172e+07 5e+06 	1.68172e+07	6.2437	6.5039	12399	666.612	0.00864894	0	1.02	1.02
220.2	0.00202633	0.0011764	21424.8	1050	105	20383.2	93.6589	93.6589	374.636	374.636	0 21357 447.712 	21804.7	0.00320273	1.49427e-14	1.30385e-06	1050	1.30385e-06	0 1.18176e+07 5e+06 	1.68176e+07	6.24369	6.5039	12399	666.612	0.00865224	0	1.02	1.02
220.35	0.00202633	0.00117645	21425.8	1050	105	20383.5	93.7348	93.7348	374.939	374.939	0 21356.2 447.862 	21804	0.00320278	1.472e-14	1.28443e-06	1050	1.28443e-06	0 1.18179e+07 5e+06 	1.68179e+07	6.24367	6.5039	12399	666.612	0.00865556	0	1.02	1.02
220.5	0.00202633	0.00117649	21426.8	1050	105	20383.7	93.8108	93.8108	375.243	375.243	0 21355.4 448.015 	21803.4	0.00320282	1.45007e-14	1.26531e-06	1050	1.26531e-06	0 1.18183e+07 5e+06 	1.68183e+07	6.24366	6.5039	12399	666.612	0.00865891	0	1.02	1.02
220.65	0.00202633	0.00117654	21427.8	1050	105	20383.9	93.8868	93.8868	375.547	375.547	0 21354.6 448.168 	21802.7	0.00320287	1.42846e-14	1.24647e-06	1050	1.24647e-06	0 1.18186e+07 5e+06 	1.68186e+07	6.24364	6.5039	12399	666.612	0.00866228	0	1.02	1.02
220.8	0.00202633	0.00117658	21428.8	1050	105	20384.2	93.9629	93.9629	375.852	375.852	0 21353.8 448.323 	21802.1	0.00320292	1.40717e-14	1.22792e-06	1050	1.22792e-06	0 1.18189e+07 5e+06 	1.68189e+07	6.24363	6.5039	12399	666.612	0.00866567	0	1.02	1.02
220.95	0.00202634	0.00117663	21429.8	1050	105	20384.4	94.0391	94.0391	376.156	376.156	0 21353 448.478 	21801.5	0.00320296	1.3862e-14	1.20963e-06	1050	1.20963e-06	0 1.18193e+07 5e+06 	1.68193e+07	6.24362	6.5039	12399	666.612	0.00866909	0	1.02	1.02
221.1	0.00202634	0.00117667	21430.8	1050	105	20384.7	94.1154	94.1154	376.461	376.461	0 21352.2 448.636 	21800.8	0.00320301	1.36554e-14	1.19162e-06	1050	1.19162e-06	0 1.18196e+07 5e+06 	1.68196e+07	6.2436	6.5039	12399	666.612	0.00867253	0	1.02	1.02
221.25	0.00202634	0.00117672	21431.8	1050	105	20384.9	94.1917	94.1917	376.767	376.767	0 21351.4 448.794 	21800.2	0.00320305	1.34519e-14	1.17388e-06	1050	1.17388e-06	0 1.182e+07 5e+06 	1.682e+07	6.24359	6.5039	12399	666.612	0.008676	0	1.02	1.02
221.4	0.00202634	0.00117676	21432.8	1050	105	20385.2	94.2681	94.2681	377.072	377.072	0 21350.6 448.953 	21799.6	0.0032031	1.32515e-14	1.15641e-06	1050	1.15641e-06	0 1.18203e+07 5e+06 	1.68203e+07	6.24358	6.5039	12399	666.612	0.00867949	0	1.02	1.02
221.55	0.00202634	0.0011768	21433.8	1050	105	20385.4	94.3445	94.3445	377.378	377.378	0 21349.8 449.114 	21798.9	0.00320315	1.3054e-14	1.13919e-06	1050	1.13919e-06	0 1.18206e+07 5e+06 	1.68206e+07	6.24356	6.5039	12399	666.612	0.00868301	0	1.02	1.02
221.7	0.00202634	0.00117685	21434.8	1050	105	20385.6	94.4211	94.4211	377.684	377.684	0 21349 449.276 	21798.3	0.00320319	1.28595e-14	1.12223e-06	1050	1.12223e-06	0 1.1821e+07 5e+06 	1.6821e+07	6.24355	6.5039	12399	666.612	0.00868654	0	1.02	1.02
221.85	0.00202634	0.00117689	21435.8	1050	105	20385.9	94.4977	94.4977	377.991	377.991	0 21348.2 449.439 	21797.7	0.00320324	1.26678e-14	1.10552e-06	1050	1.10552e-06	0 1.18213e+07 5e+06 	1.68213e+07	6.24354	6.5039	12399	666.612	0.00869011	0	1.02	1.02
222	0.00202635	0.00117694	21436.8	1050	105	20386.1	94.5743	94.5743	378.297	378.297	0 21347.5 449.604 	21797.1	0.00320328	1.2479e-14	1.08906e-06	1050	1.08906e-06	0 1.18216e+07 5e+06 	1.68216e+07	6.24353	6.5039	12399	666.612	0.00869369	0	1.02	1.02
222.15	0.00202635	0.00117698	21437.8	1050	105	20386.3	94.6511	94.6511	378.604	378.604	0 21346.7 449.77 	21796.4	0.00320333	1.22931e-14	1.07285e-06	1050	1.07285e-06	0 1.1822e+07 5e+06 	1.6822e+07	6.24351	6.5039	12399	666.612	0.0086973	0	1.02	1.02
222.3	0.00202635	0.00117703	21438.8	1050	105	20386.6	94.7279	94.7279	378.912	378.912	0 21345.9 449.937 	21795.8	0.00320337	1.21099e-14	1.05688e-06	1050	1.05688e-06	0 1.18223e+07 5e+06 	1.68223e+07	6.2435	6.5039	12399	666.612	0.00870094	0	1.02	1.02
222.45	0.00202635	0.00117707	21439.8	1050	105	20386.8	94.8048	94.8048	379.219	379.219	0 21345.1 450.105 	21795.2	0.00320342	1.19294e-14	1.04114e-06	1050	1.04114e-06	0 1.18227e+07 5e+06 	1.68227e+07	6.24349	6.5039	12399	666.612	0.0087046	0	1.02	1.02
222.6	0.00202635	0.00117711	21440.8	1050	105	20387	94.8817	94.8817	379.527	379.527	0 21344.3 450.274 	21794.6	0.00320347	1.17517e-14	1.02564e-06	1050	1.02564e-06	0 1.1823e+07 5e+06 	1.6823e+07	6.24348	6.5039	12399	666.612	0.00870828	0	1.02	1.02
222.75	0.00202635	0.00117716	21441.8	1050	105	20387.3	94.9588	94.9588	379.835	379.835	0 21343.5 450.445 	21794	0.00320351	1.15765e-14	1.01037e-06	1050	1.01037e-06	0 1.18233e+07 5e+06 	1.68233e+07	6.24346	6.5039	12399	666.612	0.00871198	0	1.02	1.02
222.9	0.00202635	0.0011772	21442.8	1050	105	20387.5	95.0358	95.0358	380.143	380.143	0 21342.7 450.617 	21793.3	0.00320356	1.1404e-14	9.95329e-07	1050	9.95329e-07	0 1.18237e+07 5e+06 	1.68237e+07	6.24345	6.5039	12399	666.612	0.00871571	0	1.02	1.02
223.05	0.00202635	0.00117725	21443.8	1050	105	20387.7	95.113	95.113	380.452	380.452	0 21341.9 450.79 	21792.7	0.0032036	1.12341e-14	9.8051e-07	1050	9.8051e-07	0 1.1824e+07 5e+06 	1.6824e+07	6.24344	6.5039	12399	666.612	0.00871947	0	1.02	1.02
223.2	0.00202636	0.00117729	21444.8	1050	105	20387.9	95.1902	95.1902	380.761	380.761	0 21341.1 450.964 	21792.1	0.00320365	1.10667e-14	9.65912e-07	1050	9.65912e-07	0 1.18243e+07 5e+06 	1.68243e+07	6.24343	6.5039	12399	666.612	0.00872325	0	1.02	1.02
223.35	0.00202636	0.00117734	21445.8	1050	105	20388.2	95.2676	95.2676	381.07	381.07	0 21340.4 451.14 	21791.5	0.00320369	1.09017e-14	9.51532e-07	1050	9.51532e-07	0 1.18247e+07 5e+06 	1.68247e+07	6.24341	6.5039	12399	666.612	0.00872705	0	1.02	1.02
223.5	0.00202636	0.00117738	21446.8	1050	105	20388.4	95.3449	95.3449	381.38	381.38	0 21339.6 451.317 	21790.9	0.00320374	1.07393e-14	9.37365e-07	1050	9.37365e-07	0 1.1825e+07 5e+06 	1.6825e+07	6.2434	6.5039	12399	666.612	0.00873087	0	1.02	1.02
223.65	0.00202636	0.00117742	21447.8	1050	105	20388.6	95.4224	95.4224	381.69	381.69	0 21338.8 451.495 	21790.3	0.00320378	1.05793e-14	9.2341e-07	1050	9.2341e-07	0 1.18253e+07 5e+06 	1.68253e+07	6.24339	6.5039	12399	666.612	0.00873472	0	1.02	1.02
223.8	0.00202636	0.00117747	21448.8	1050	105	20388.8	95.4999	95.4999	382	382	0 21338 451.674 	21789.7	0.00320383	1.04216e-14	9.09662e-07	1050	9.09662e-07	0 1.18257e+07 5e+06 	1.68257e+07	6.24338	6.5039	12399	666.612	0.0087386	0	1.02	1.02
223.95	0.00202636	0.00117751	21449.8	1050	105	20389	95.5775	95.5775	382.31	382.31	0 21337.2 451.854 	21789.1	0.00320388	1.02663e-14	8.96119e-07	1050	8.96119e-07	0 1.1826e+07 5e+06 	1.6826e+07	6.24336	6.5039	12399	666.612	0.00874249	0	1.02	1.02
224.1	0.00202636	0.00117756	21450.8	1050	105	20389.3	95.6551	95.6551	382.621	382.621	0 21336.4 452.036 	21788.5	0.00320392	1.01133e-14	8.82777e-07	1050	8.82777e-07	0 1.18263e+07 5e+06 	1.68263e+07	6.24335	6.5039	12399	666.612	0.00874641	0	1.02	1.02
224.25	0.00202637	0.0011776	21451.8	1050	105	20389.5	95.7329	95.7329	382.932	382.932	0 21335.6 452.219 	21787.9	0.00320397	9.9626e-15	8.69634e-07	1050	8.69634e-07	0 1.18267e+07 5e+06 	1.68267e+07	6.24334	6.5039	12399	666.612	0.00875036	0	1.02	1.02
224.4	0.00202637	0.00117764	21452.8	1050	105	20389.7	95.8107	95.8107	383.243	383.243	0 21334.9 452.403 	21787.3	0.00320401	9.81414e-15	8.56687e-07	1050	8.56687e-07	0 1.1827e+07 5e+06 	1.6827e+07	6.24333	6.5039	12399	666.612	0.00875433	0	1.02	1.02
224.55	0.00202637	0.00117769	21453.8	1050	105	20389.9	95.8886	95.8886	383.554	383.554	0 21334.1 452.589 	21786.7	0.00320406	9.66789e-15	8.43933e-07	1050	8.43933e-07	0 1.18274e+07 5e+06 	1.68274e+07	6.24332	6.5039	12399	666.612	0.00875832	0	1.02	1.02
224.7	0.00202637	0.00117773	21454.8	1050	105	20390.1	95.9665	95.9665	383.866	383.866	0 21333.3 452.775 	21786.1	0.0032041	9.52382e-15	8.31368e-07	1050	8.31368e-07	0 1.18277e+07 5e+06 	1.68277e+07	6.24331	6.5039	12399	666.612	0.00876234	0	1.02	1.02
224.85	0.00202637	0.00117778	21455.8	1050	105	20390.3	96.0445	96.0445	384.178	384.178	0 21332.5 452.963 	21785.5	0.00320415	9.38189e-15	8.18991e-07	1050	8.18991e-07	0 1.1828e+07 5e+06 	1.6828e+07	6.24329	6.5039	12399	666.612	0.00876638	0	1.02	1.02
225	0.00202637	0.00117782	21456.8	1050	105	20390.5	96.1226	96.1226	384.49	384.49	0 21331.7 453.152 	21784.9	0.00320419	9.24208e-15	8.06798e-07	1050	8.06798e-07	0 1.18284e+07 5e+06 	1.68284e+07	6.24328	6.5039	12399	666.612	0.00877044	0	1.02	1.02
225.15	0.00202637	0.00117786	21457.8	1050	105	20390.7	96.2008	96.2008	384.803	384.803	0 21330.9 453.342 	21784.3	0.00320424	9.10436e-15	7.94786e-07	1050	7.94786e-07	0 1.18287e+07 5e+06 	1.68287e+07	6.24327	6.5039	12399	666.612	0.00877453	0	1.02	1.02
225.3	0.00202637	0.00117791	21458.7	1050	105	20391	96.279	96.279	385.116	385.116	0 21330.2 453.534 	21783.7	0.00320428	8.96869e-15	7.82953e-07	1050	7.82953e-07	0 1.1829e+07 5e+06 	1.6829e+07	6.24326	6.5039	12399	666.612	0.00877864	0	1.02	1.02
225.45	0.00202638	0.00117795	21459.7	1050	105	20391.2	96.3573	96.3573	385.429	385.429	0 21329.4 453.726 	21783.1	0.00320433	8.83504e-15	7.71297e-07	1050	7.71297e-07	0 1.18294e+07 5e+06 	1.68294e+07	6.24325	6.5039	12399	666.612	0.00878278	0	1.02	1.02
225.6	0.00202638	0.001178	21460.7	1050	105	20391.4	96.4357	96.4357	385.743	385.743	0 21328.6 453.92 	21782.5	0.00320437	8.70338e-15	7.59813e-07	1050	7.59813e-07	0 1.18297e+07 5e+06 	1.68297e+07	6.24324	6.5039	12399	666.612	0.00878693	0	1.02	1.02
225.75	0.00202638	0.00117804	21461.7	1050	105	20391.6	96.5141	96.5141	386.056	386.056	0 21327.8 454.116 	21781.9	0.00320442	8.57368e-15	7.48501e-07	1050	7.48501e-07	0 1.183e+07 5e+06 	1.683e+07	6.24323	6.5039	12399	666.612	0.00879112	0	1.02	1.02
225.9	0.00202638	0.00117808	21462.7	1050	105	20391.8	96.5926	96.5926	386.37	386.37	0 21327 454.312 	21781.3	0.00320446	8.44592e-15	7.37358e-07	1050	7.37358e-07	0 1.18304e+07 5e+06 	1.68304e+07	6.24322	6.5039	12399	666.612	0.00879532	0	1.02	1.02
226.05	0.00202638	0.00117813	21463.7	1050	105	20392	96.6712	96.6712	386.685	386.685	0 21326.3 454.509 	21780.8	0.00320451	8.32006e-15	7.2638e-07	1050	7.2638e-07	0 1.18307e+07 5e+06 	1.68307e+07	6.2432	6.5039	12399	666.612	0.00879955	0	1.02	1.02
226.2	0.00202638	0.00117817	21464.7	1050	105	20392.2	96.7499	96.7499	386.999	386.999	0 21325.5 454.708 	21780.2	0.00320455	8.19607e-15	7.15565e-07	1050	7.15565e-07	0 1.1831e+07 5e+06 	1.6831e+07	6.24319	6.5039	12399	666.612	0.00880381	0	1.02	1.02
226.35	0.00202638	0.00117822	21465.7	1050	105	20392.4	96.8286	96.8286	387.314	387.314	0 21324.7 454.908 	21779.6	0.0032046	8.07393e-15	7.04912e-07	1050	7.04912e-07	0 1.18314e+07 5e+06 	1.68314e+07	6.24318	6.5039	12399	666.612	0.00880809	0	1.02	1.02
226.5	0.00202638	0.00117826	21466.7	1050	105	20392.6	96.9074	96.9074	387.63	387.63	0 21323.9 455.11 	21779	0.00320464	7.95362e-15	6.94417e-07	1050	6.94417e-07	0 1.18317e+07 5e+06 	1.68317e+07	6.24317	6.5039	12399	666.612	0.00881239	0	1.02	1.02
226.65	0.00202638	0.0011783	21467.6	1050	105	20392.8	96.9863	96.9863	387.945	387.945	0 21323.1 455.312 	21778.4	0.00320469	7.83509e-15	6.84079e-07	1050	6.84079e-07	0 1.1832e+07 5e+06 	1.6832e+07	6.24316	6.5039	12399	666.612	0.00881671	0	1.02	1.02
226.8	0.00202639	0.00117835	21468.6	1050	105	20393	97.0652	97.0652	388.261	388.261	0 21322.4 455.516 	21777.9	0.00320473	7.71834e-15	6.73894e-07	1050	6.73894e-07	0 1.18323e+07 5e+06 	1.68323e+07	6.24315	6.5039	12399	666.612	0.00882106	0	1.02	1.02
226.95	0.00202639	0.00117839	21469.6	1050	105	20393.2	97.1442	97.1442	388.577	388.577	0 21321.6 455.721 	21777.3	0.00320478	7.60332e-15	6.63861e-07	1050	6.63861e-07	0 1.18327e+07 5e+06 	1.68327e+07	6.24314	6.5039	12399	666.612	0.00882544	0	1.02	1.02
227.1	0.00202639	0.00117843	21470.6	1050	105	20393.4	97.2233	97.2233	388.893	388.893	0 21320.8 455.927 	21776.7	0.00320482	7.49001e-15	6.53978e-07	1050	6.53978e-07	0 1.1833e+07 5e+06 	1.6833e+07	6.24313	6.5039	12399	666.612	0.00882983	0	1.02	1.02
227.25	0.00202639	0.00117848	21471.6	1050	105	20393.6	97.3025	97.3025	389.21	389.21	0 21320 456.134 	21776.1	0.00320487	7.3784e-15	6.44241e-07	1050	6.44241e-07	0 1.18333e+07 5e+06 	1.68333e+07	6.24312	6.5039	12399	666.612	0.00883425	0	1.02	1.02
227.4	0.00202639	0.00117852	21472.6	1050	105	20393.7	97.3817	97.3817	389.527	389.527	0 21319.2 456.342 	21775.6	0.00320491	7.26845e-15	6.3465e-07	1050	6.3465e-07	0 1.18337e+07 5e+06 	1.68337e+07	6.24311	6.5039	12399	666.612	0.0088387	0	1.02	1.02
227.55	0.00202639	0.00117857	21473.6	1050	105	20393.9	97.461	97.461	389.844	389.844	0 21318.5 456.552 	21775	0.00320496	7.16013e-15	6.25201e-07	1050	6.25201e-07	0 1.1834e+07 5e+06 	1.6834e+07	6.2431	6.5039	12399	666.612	0.00884316	0	1.02	1.02
227.7	0.00202639	0.00117861	21474.5	1050	105	20394.1	97.5404	97.5404	390.162	390.162	0 21317.7 456.763 	21774.4	0.003205	7.05344e-15	6.15893e-07	1050	6.15893e-07	0 1.18343e+07 5e+06 	1.68343e+07	6.24309	6.5039	12399	666.612	0.00884765	0	1.02	1.02
227.85	0.00202639	0.00117865	21475.5	1050	105	20394.3	97.6199	97.6199	390.479	390.479	0 21316.9 456.975 	21773.9	0.00320505	6.94833e-15	6.06723e-07	1050	6.06723e-07	0 1.18347e+07 5e+06 	1.68347e+07	6.24308	6.5039	12399	666.612	0.00885217	0	1.02	1.02
228	0.00202639	0.0011787	21476.5	1050	105	20394.5	97.6994	97.6994	390.798	390.798	0 21316.1 457.189 	21773.3	0.00320509	6.84478e-15	5.9769e-07	1050	5.9769e-07	0 1.1835e+07 5e+06 	1.6835e+07	6.24307	6.5039	12399	666.612	0.00885671	0	1.02	1.02
228.15	0.0020264	0.00117874	21477.5	1050	105	20394.7	97.779	97.779	391.116	391.116	0 21315.3 457.403 	21772.8	0.00320514	6.74278e-15	5.88792e-07	1050	5.88792e-07	0 1.18353e+07 5e+06 	1.68353e+07	6.24306	6.5039	12399	666.612	0.00886127	0	1.02	1.02
228.3	0.0020264	0.00117878	21478.5	1050	105	20394.9	97.8586	97.8586	391.435	391.435	0 21314.6 457.619 	21772.2	0.00320518	6.6423e-15	5.80026e-07	1050	5.80026e-07	0 1.18357e+07 5e+06 	1.68357e+07	6.24305	6.5039	12399	666.612	0.00886586	0	1.02	1.02
228.45	0.0020264	0.00117883	21479.4	1050	105	20395.1	97.9384	97.9384	391.754	391.754	0 21313.8 457.836 	21771.6	0.00320523	6.54332e-15	5.71391e-07	1050	5.71391e-07	0 1.1836e+07 5e+06 	1.6836e+07	6.24304	6.5039	12399	666.612	0.00887047	0	1.02	1.02
228.6	0.0020264	0.00117887	21480.4	1050	105	20395.2	98.0182	98.0182	392.073	392.073	0 21313 458.054 	21771.1	0.00320527	6.44582e-15	5.62884e-07	1050	5.62884e-07	0 1.18363e+07 5e+06 	1.68363e+07	6.24303	6.5039	12399	666.612	0.0088751	0	1.02	1.02
228.75	0.0020264	0.00117891	21481.4	1050	105	20395.4	98.0981	98.0981	392.392	392.392	0 21312.2 458.274 	21770.5	0.00320531	6.34976e-15	5.54503e-07	1050	5.54503e-07	0 1.18366e+07 5e+06 	1.68366e+07	6.24302	6.5039	12399	666.612	0.00887976	0	1.02	1.02
228.9	0.0020264	0.00117896	21482.4	1050	105	20395.6	98.178	98.178	392.712	392.712	0 21311.5 458.494 	21770	0.00320536	6.25514e-15	5.46248e-07	1050	5.46248e-07	0 1.1837e+07 5e+06 	1.6837e+07	6.24301	6.5039	12399	666.612	0.00888444	0	1.02	1.02
229.05	0.0020264	0.001179	21483.4	1050	105	20395.8	98.2581	98.2581	393.032	393.032	0 21310.7 458.716 	21769.4	0.0032054	6.16193e-15	5.38115e-07	1050	5.38115e-07	0 1.18373e+07 5e+06 	1.68373e+07	6.243	6.5039	12399	666.612	0.00888914	0	1.02	1.02
229.2	0.0020264	0.00117904	21484.3	1050	105	20396	98.3382	98.3382	393.353	393.353	0 21309.9 458.939 	21768.9	0.00320545	6.0701e-15	5.30104e-07	1050	5.30104e-07	0 1.18376e+07 5e+06 	1.68376e+07	6.24299	6.5039	12399	666.612	0.00889387	0	1.02	1.02
229.35	0.0020264	0.00117909	21485.3	1050	105	20396.1	98.4184	98.4184	393.673	393.673	0 21309.1 459.164 	21768.3	0.00320549	5.97965e-15	5.22212e-07	1050	5.22212e-07	0 1.1838e+07 5e+06 	1.6838e+07	6.24298	6.5039	12399	666.612	0.00889862	0	1.02	1.02
229.5	0.00202641	0.00117913	21486.3	1050	105	20396.3	98.4986	98.4986	393.994	393.994	0 21308.4 459.389 	21767.8	0.00320554	5.89054e-15	5.14437e-07	1050	5.14437e-07	0 1.18383e+07 5e+06 	1.68383e+07	6.24297	6.5039	12399	666.612	0.00890339	0	1.02	1.02
229.65	0.00202641	0.00117917	21487.3	1050	105	20396.5	98.5789	98.5789	394.316	394.316	0 21307.6 459.616 	21767.2	0.00320558	5.80276e-15	5.06778e-07	1050	5.06778e-07	0 1.18386e+07 5e+06 	1.68386e+07	6.24296	6.5039	12399	666.612	0.00890819	0	1.02	1.02
229.8	0.00202641	0.00117922	21488.3	1050	105	20396.7	98.6593	98.6593	394.637	394.637	0 21306.8 459.844 	21766.7	0.00320563	5.71629e-15	4.99233e-07	1050	4.99233e-07	0 1.18389e+07 5e+06 	1.68389e+07	6.24295	6.5039	12399	666.612	0.00891302	0	1.02	1.02
229.95	0.00202641	0.00117926	21489.2	1050	105	20396.8	98.7398	98.7398	394.959	394.959	0 21306 460.073 	21766.1	0.00320567	5.63111e-15	4.918e-07	1050	4.918e-07	0 1.18393e+07 5e+06 	1.68393e+07	6.24294	6.5039	12399	666.612	0.00891786	0	1.02	1.02
230.1	0.00202641	0.0011793	21490.2	1050	105	20397	98.8203	98.8203	395.281	395.281	0 21305.3 460.303 	21765.6	0.00320571	5.5472e-15	4.84478e-07	1050	4.84478e-07	0 1.18396e+07 5e+06 	1.68396e+07	6.24293	6.5039	12399	666.612	0.00892273	0	1.02	1.02
230.25	0.00202641	0.00117935	21491.2	1050	105	20397.2	98.9009	98.9009	395.604	395.604	0 21304.5 460.534 	21765	0.00320576	5.46453e-15	4.77266e-07	1050	4.77266e-07	0 1.18399e+07 5e+06 	1.68399e+07	6.24292	6.5039	12399	666.612	0.00892762	0	1.02	1.02
230.4	0.00202641	0.00117939	21492.2	1050	105	20397.3	98.9816	98.9816	395.926	395.926	0 21303.7 460.767 	21764.5	0.0032058	5.3831e-15	4.7016e-07	1050	4.7016e-07	0 1.18403e+07 5e+06 	1.68403e+07	6.24291	6.5039	12399	666.612	0.00893254	0	1.02	1.02
230.55	0.00202641	0.00117944	21493.1	1050	105	20397.5	99.0624	99.0624	396.25	396.25	0 21303 461.001 	21764	0.00320585	5.30288e-15	4.6316e-07	1050	4.6316e-07	0 1.18406e+07 5e+06 	1.68406e+07	6.24291	6.5039	12399	666.612	0.00893748	0	1.02	1.02
230.7	0.00202641	0.00117948	21494.1	1050	105	20397.7	99.1432	99.1432	396.573	396.573	0 21302.2 461.236 	21763.4	0.00320589	5.22386e-15	4.56265e-07	1050	4.56265e-07	0 1.18409e+07 5e+06 	1.68409e+07	6.2429	6.5039	12399	666.612	0.00894244	0	1.02	1.02
230.85	0.00202641	0.00117952	21495.1	1050	105	20397.8	99.2241	99.2241	396.896	396.896	0 21301.4 461.472 	21762.9	0.00320594	5.14602e-15	4.49472e-07	1050	4.49472e-07	0 1.18412e+07 5e+06 	1.68412e+07	6.24289	6.5039	12399	666.612	0.00894743	0	1.02	1.02
231	0.00202642	0.00117956	21496.1	1050	105	20398	99.3051	99.3051	397.22	397.22	0 21300.6 461.71 	21762.4	0.00320598	5.06933e-15	4.4278e-07	1050	4.4278e-07	0 1.18416e+07 5e+06 	1.68416e+07	6.24288	6.5039	12399	666.612	0.00895244	0	1.02	1.02
231.15	0.00202642	0.00117961	21497	1050	105	20398.2	99.3861	99.3861	397.545	397.545	0 21299.9 461.949 	21761.8	0.00320602	4.99379e-15	4.36188e-07	1050	4.36188e-07	0 1.18419e+07 5e+06 	1.68419e+07	6.24287	6.5039	12399	666.612	0.00895747	0	1.02	1.02
231.3	0.00202642	0.00117965	21498	1050	105	20398.3	99.4673	99.4673	397.869	397.869	0 21299.1 462.188 	21761.3	0.00320607	4.91938e-15	4.29694e-07	1050	4.29694e-07	0 1.18422e+07 5e+06 	1.68422e+07	6.24286	6.5039	12399	666.612	0.00896253	0	1.02	1.02
231.45	0.00202642	0.00117969	21499	1050	105	20398.5	99.5485	99.5485	398.194	398.194	0 21298.3 462.43 	21760.8	0.00320611	4.84607e-15	4.23297e-07	1050	4.23297e-07	0 1.18425e+07 5e+06 	1.68425e+07	6.24285	6.5039	12399	666.612	0.00896761	0	1.02	1.02
231.6	0.00202642	0.00117974	21500	1050	105	20398.7	99.6297	99.6297	398.519	398.519	0 21297.6 462.672 	21760.2	0.00320616	4.77386e-15	4.16994e-07	1050	4.16994e-07	0 1.18429e+07 5e+06 	1.68429e+07	6.24284	6.5039	12399	666.612	0.00897272	0	1.02	1.02
231.75	0.00202642	0.00117978	21500.9	1050	105	20398.8	99.7111	99.7111	398.844	398.844	0 21296.8 462.915 	21759.7	0.0032062	4.70272e-15	4.10786e-07	1050	4.10786e-07	0 1.18432e+07 5e+06 	1.68432e+07	6.24284	6.5039	12399	666.612	0.00897785	0	1.02	1.02
231.9	0.00202642	0.00117982	21501.9	1050	105	20399	99.7925	99.7925	399.17	399.17	0 21296 463.16 	21759.2	0.00320625	4.63264e-15	4.0467e-07	1050	4.0467e-07	0 1.18435e+07 5e+06 	1.68435e+07	6.24283	6.5039	12399	666.612	0.008983	0	1.02	1.02
232.05	0.00202642	0.00117987	21502.9	1050	105	20399.1	99.874	99.874	399.496	399.496	0 21295.2 463.406 	21758.7	0.00320629	4.56361e-15	3.98646e-07	1050	3.98646e-07	0 1.18438e+07 5e+06 	1.68438e+07	6.24282	6.5039	12399	666.612	0.00898817	0	1.02	1.02
232.2	0.00202642	0.00117991	21503.8	1050	105	20399.3	99.9556	99.9556	399.822	399.822	0 21294.5 463.653 	21758.1	0.00320633	4.4956e-15	3.92711e-07	1050	3.92711e-07	0 1.18442e+07 5e+06 	1.68442e+07	6.24281	6.5039	12399	666.612	0.00899337	0	1.02	1.02
232.35	0.00202642	0.00117995	21504.8	1050	105	20399.4	100.037	100.037	400.149	400.149	0 21293.7 463.901 	21757.6	0.00320638	4.42861e-15	3.86864e-07	1050	3.86864e-07	0 1.18445e+07 5e+06 	1.68445e+07	6.2428	6.5039	12399	666.612	0.00899859	0	1.02	1.02
232.5	0.00202642	0.00118	21505.8	1050	105	20399.6	100.119	100.119	400.476	400.476	0 21292.9 464.151 	21757.1	0.00320642	4.36262e-15	3.81104e-07	1050	3.81104e-07	0 1.18448e+07 5e+06 	1.68448e+07	6.24279	6.5039	12399	666.612	0.00900384	0	1.02	1.02
232.65	0.00202643	0.00118004	21506.8	1050	105	20399.7	100.201	100.201	400.803	400.803	0 21292.2 464.402 	21756.6	0.00320647	4.29761e-15	3.7543e-07	1050	3.7543e-07	0 1.18451e+07 5e+06 	1.68451e+07	6.24279	6.5039	12399	666.612	0.00900911	0	1.02	1.02
232.8	0.00202643	0.00118008	21507.7	1050	105	20399.9	100.283	100.283	401.13	401.13	0 21291.4 464.653 	21756.1	0.00320651	4.23357e-15	3.69841e-07	1050	3.69841e-07	0 1.18455e+07 5e+06 	1.68455e+07	6.24278	6.5039	12399	666.612	0.0090144	0	1.02	1.02
232.95	0.00202643	0.00118013	21508.7	1050	105	20400	100.365	100.365	401.458	401.458	0 21290.6 464.906 	21755.5	0.00320655	4.17048e-15	3.64335e-07	1050	3.64335e-07	0 1.18458e+07 5e+06 	1.68458e+07	6.24277	6.5039	12399	666.612	0.00901972	0	1.02	1.02
233.1	0.00202643	0.00118017	21509.7	1050	105	20400.2	100.447	100.447	401.786	401.786	0 21289.9 465.161 	21755	0.0032066	4.10833e-15	3.5891e-07	1050	3.5891e-07	0 1.18461e+07 5e+06 	1.68461e+07	6.24276	6.5039	12399	666.612	0.00902506	0	1.02	1.02
233.25	0.00202643	0.00118021	21510.6	1050	105	20400.3	100.529	100.529	402.114	402.114	0 21289.1 465.416 	21754.5	0.00320664	4.04711e-15	3.53567e-07	1050	3.53567e-07	0 1.18464e+07 5e+06 	1.68464e+07	6.24275	6.5039	12399	666.612	0.00903042	0	1.02	1.02
233.4	0.00202643	0.00118026	21511.6	1050	105	20400.5	100.611	100.611	402.443	402.443	0 21288.3 465.673 	21754	0.00320668	3.9868e-15	3.48303e-07	1050	3.48303e-07	0 1.18468e+07 5e+06 	1.68468e+07	6.24275	6.5039	12399	666.612	0.00903581	0	1.02	1.02
233.55	0.00202643	0.0011803	21512.6	1050	105	20400.6	100.693	100.693	402.772	402.772	0 21287.6 465.931 	21753.5	0.00320673	3.92739e-15	3.43118e-07	1050	3.43118e-07	0 1.18471e+07 5e+06 	1.68471e+07	6.24274	6.5039	12399	666.612	0.00904122	0	1.02	1.02
233.7	0.00202643	0.00118034	21513.5	1050	105	20400.8	100.775	100.775	403.101	403.101	0 21286.8 466.19 	21753	0.00320677	3.86887e-15	3.38009e-07	1050	3.38009e-07	0 1.18474e+07 5e+06 	1.68474e+07	6.24273	6.5039	12399	666.612	0.00904665	0	1.02	1.02
233.85	0.00202643	0.00118038	21514.5	1050	105	20400.9	100.858	100.858	403.431	403.431	0 21286 466.45 	21752.5	0.00320682	3.81122e-15	3.32977e-07	1050	3.32977e-07	0 1.18477e+07 5e+06 	1.68477e+07	6.24272	6.5039	12399	666.612	0.00905211	0	1.02	1.02
234	0.00202643	0.00118043	21515.5	1050	105	20401.1	100.94	100.94	403.761	403.761	0 21285.3 466.711 	21752	0.00320686	3.75443e-15	3.28019e-07	1050	3.28019e-07	0 1.18481e+07 5e+06 	1.68481e+07	6.24272	6.5039	12399	666.612	0.00905759	0	1.02	1.02
234.15	0.00202643	0.00118047	21516.4	1050	105	20401.2	101.023	101.023	404.091	404.091	0 21284.5 466.974 	21751.5	0.0032069	3.69848e-15	3.23136e-07	1050	3.23136e-07	0 1.18484e+07 5e+06 	1.68484e+07	6.24271	6.5039	12399	666.612	0.00906309	0	1.02	1.02
234.3	0.00202643	0.00118051	21517.4	1050	105	20401.3	101.105	101.105	404.421	404.421	0 21283.7 467.238 	21751	0.00320695	3.64337e-15	3.18325e-07	1050	3.18325e-07	0 1.18487e+07 5e+06 	1.68487e+07	6.2427	6.5039	12399	666.612	0.00906862	0	1.02	1.02
234.45	0.00202644	0.00118056	21518.4	1050	105	20401.5	101.188	101.188	404.752	404.752	0 21283 467.503 	21750.5	0.00320699	3.58907e-15	3.13586e-07	1050	3.13586e-07	0 1.1849e+07 5e+06 	1.6849e+07	6.24269	6.5039	12399	666.612	0.00907417	0	1.02	1.02
234.6	0.00202644	0.0011806	21519.3	1050	105	20401.6	101.271	101.271	405.083	405.083	0 21282.2 467.769 	21750	0.00320703	3.53559e-15	3.08917e-07	1050	3.08917e-07	0 1.18494e+07 5e+06 	1.68494e+07	6.24269	6.5039	12399	666.612	0.00907974	0	1.02	1.02
234.75	0.00202644	0.00118064	21520.3	1050	105	20401.8	101.354	101.354	405.414	405.414	0 21281.4 468.036 	21749.5	0.00320708	3.48291e-15	3.04318e-07	1050	3.04318e-07	0 1.18497e+07 5e+06 	1.68497e+07	6.24268	6.5039	12399	666.612	0.00908534	0	1.02	1.02
234.9	0.00202644	0.00118068	21521.3	1050	105	20401.9	101.436	101.436	405.746	405.746	0 21280.7 468.305 	21749	0.00320712	3.43101e-15	2.99787e-07	1050	2.99787e-07	0 1.185e+07 5e+06 	1.685e+07	6.24267	6.5039	12399	666.612	0.00909096	0	1.02	1.02
235.05	0.00202644	0.00118073	21522.2	1050	105	20402	101.519	101.519	406.078	406.078	0 21279.9 468.575 	21748.5	0.00320717	3.37988e-15	2.95324e-07	1050	2.95324e-07	0 1.18503e+07 5e+06 	1.68503e+07	6.24267	6.5039	12399	666.612	0.0090966	0	1.02	1.02
235.2	0.00202644	0.00118077	21523.2	1050	105	20402.2	101.602	101.602	406.41	406.41	0 21279.1 468.846 	21748	0.00320721	3.32951e-15	2.90927e-07	1050	2.90927e-07	0 1.18506e+07 5e+06 	1.68506e+07	6.24266	6.5039	12399	666.612	0.00910227	0	1.02	1.02
235.35	0.00202644	0.00118081	21524.1	1050	105	20402.3	101.686	101.686	406.742	406.742	0 21278.4 469.118 	21747.5	0.00320725	3.2799e-15	2.86596e-07	1050	2.86596e-07	0 1.1851e+07 5e+06 	1.6851e+07	6.24265	6.5039	12399	666.612	0.00910796	0	1.02	1.02
235.5	0.00202644	0.00118086	21525.1	1050	105	20402.4	101.769	101.769	407.075	407.075	0 21277.6 469.391 	21747	0.0032073	3.23102e-15	2.82329e-07	1050	2.82329e-07	0 1.18513e+07 5e+06 	1.68513e+07	6.24265	6.5039	12399	666.612	0.00911368	0	1.02	1.02
235.65	0.00202644	0.0011809	21526.1	1050	105	20402.6	101.852	101.852	407.408	407.408	0 21276.9 469.666 	21746.5	0.00320734	3.18288e-15	2.78126e-07	1050	2.78126e-07	0 1.18516e+07 5e+06 	1.68516e+07	6.24264	6.5039	12399	666.612	0.00911941	0	1.02	1.02
235.8	0.00202644	0.00118094	21527	1050	105	20402.7	101.935	101.935	407.742	407.742	0 21276.1 469.941 	21746	0.00320738	3.13545e-15	2.73985e-07	1050	2.73985e-07	0 1.18519e+07 5e+06 	1.68519e+07	6.24263	6.5039	12399	666.612	0.00912518	0	1.02	1.02
235.95	0.00202644	0.00118098	21528	1050	105	20402.8	102.019	102.019	408.075	408.075	0 21275.3 470.218 	21745.5	0.00320743	3.08872e-15	2.69906e-07	1050	2.69906e-07	0 1.18522e+07 5e+06 	1.68522e+07	6.24263	6.5039	12399	666.612	0.00913096	0	1.02	1.02
236.1	0.00202644	0.00118103	21529	1050	105	20402.9	102.102	102.102	408.409	408.409	0 21274.6 470.496 	21745.1	0.00320747	3.0427e-15	2.65887e-07	1050	2.65887e-07	0 1.18526e+07 5e+06 	1.68526e+07	6.24262	6.5039	12399	666.612	0.00913677	0	1.02	1.02
236.25	0.00202644	0.00118107	21529.9	1050	105	20403.1	102.186	102.186	408.744	408.744	0 21273.8 470.776 	21744.6	0.00320751	2.99736e-15	2.61929e-07	1050	2.61929e-07	0 1.18529e+07 5e+06 	1.68529e+07	6.24261	6.5039	12399	666.612	0.0091426	0	1.02	1.02
236.4	0.00202644	0.00118111	21530.9	1050	105	20403.2	102.27	102.27	409.078	409.078	0 21273 471.056 	21744.1	0.00320756	2.95269e-15	2.58029e-07	1050	2.58029e-07	0 1.18532e+07 5e+06 	1.68532e+07	6.24261	6.5039	12399	666.612	0.00914845	0	1.02	1.02
236.55	0.00202645	0.00118116	21531.8	1050	105	20403.3	102.353	102.353	409.413	409.413	0 21272.3 471.338 	21743.6	0.0032076	2.90869e-15	2.54188e-07	1050	2.54188e-07	0 1.18535e+07 5e+06 	1.68535e+07	6.2426	6.5039	12399	666.612	0.00915433	0	1.02	1.02
236.7	0.00202645	0.0011812	21532.8	1050	105	20403.4	102.437	102.437	409.748	409.748	0 21271.5 471.62 	21743.1	0.00320764	2.86535e-15	2.50403e-07	1050	2.50403e-07	0 1.18539e+07 5e+06 	1.68539e+07	6.24259	6.5039	12399	666.612	0.00916023	0	1.02	1.02
236.85	0.00202645	0.00118124	21533.8	1050	105	20403.5	102.521	102.521	410.084	410.084	0 21270.8 471.904 	21742.7	0.00320769	2.82265e-15	2.46675e-07	1050	2.46675e-07	0 1.18542e+07 5e+06 	1.68542e+07	6.24259	6.5039	12399	666.612	0.00916616	0	1.02	1.02
237	0.00202645	0.00118128	21534.7	1050	105	20403.7	102.605	102.605	410.42	410.42	0 21270 472.19 	21742.2	0.00320773	2.78059e-15	2.43003e-07	1050	2.43003e-07	0 1.18545e+07 5e+06 	1.68545e+07	6.24258	6.5039	12399	666.612	0.0091721	0	1.02	1.02
237.15	0.00202645	0.00118133	21535.7	1050	105	20403.8	102.689	102.689	410.756	410.756	0 21269.2 472.476 	21741.7	0.00320777	2.73916e-15	2.39385e-07	1050	2.39385e-07	0 1.18548e+07 5e+06 	1.68548e+07	6.24258	6.5039	12399	666.612	0.00917807	0	1.02	1.02
237.3	0.00202645	0.00118137	21536.6	1050	105	20403.9	102.773	102.773	411.092	411.092	0 21268.5 472.764 	21741.2	0.00320782	2.69834e-15	2.35821e-07	1050	2.35821e-07	0 1.18551e+07 5e+06 	1.68551e+07	6.24257	6.5039	12399	666.612	0.00918407	0	1.02	1.02
237.45	0.00202645	0.00118141	21537.6	1050	105	20404	102.857	102.857	411.429	411.429	0 21267.7 473.052 	21740.8	0.00320786	2.65813e-15	2.3231e-07	1050	2.3231e-07	0 1.18555e+07 5e+06 	1.68555e+07	6.24256	6.5039	12399	666.612	0.00919009	0	1.02	1.02
237.6	0.00202645	0.00118145	21538.5	1050	105	20404.1	102.941	102.941	411.766	411.766	0 21267 473.342 	21740.3	0.0032079	2.61852e-15	2.28851e-07	1050	2.28851e-07	0 1.18558e+07 5e+06 	1.68558e+07	6.24256	6.5039	12399	666.612	0.00919613	0	1.02	1.02
237.75	0.00202645	0.0011815	21539.5	1050	105	20404.2	103.026	103.026	412.103	412.103	0 21266.2 473.633 	21739.8	0.00320795	2.5795e-15	2.25444e-07	1050	2.25444e-07	0 1.18561e+07 5e+06 	1.68561e+07	6.24255	6.5039	12399	666.612	0.00920219	0	1.02	1.02
237.9	0.00202645	0.00118154	21540.5	1050	105	20404.4	103.11	103.11	412.441	412.441	0 21265.4 473.926 	21739.4	0.00320799	2.54106e-15	2.22088e-07	1050	2.22088e-07	0 1.18564e+07 5e+06 	1.68564e+07	6.24255	6.5039	12399	666.612	0.00920828	0	1.02	1.02
238.05	0.00202645	0.00118158	21541.4	1050	105	20404.5	103.195	103.195	412.779	412.779	0 21264.7 474.219 	21738.9	0.00320803	2.5032e-15	2.18781e-07	1050	2.18781e-07	0 1.18567e+07 5e+06 	1.68567e+07	6.24254	6.5039	12399	666.612	0.00921439	0	1.02	1.02
238.2	0.00202645	0.00118162	21542.4	1050	105	20404.6	103.279	103.279	413.117	413.117	0 21263.9 474.514 	21738.4	0.00320808	2.4659e-15	2.15524e-07	1050	2.15524e-07	0 1.18571e+07 5e+06 	1.68571e+07	6.24253	6.5039	12399	666.612	0.00922052	0	1.02	1.02
238.35	0.00202645	0.00118167	21543.3	1050	105	20404.7	103.364	103.364	413.456	413.456	0 21263.2 474.809 	21738	0.00320812	2.42915e-15	2.12315e-07	1050	2.12315e-07	0 1.18574e+07 5e+06 	1.68574e+07	6.24253	6.5039	12399	666.612	0.00922668	0	1.02	1.02
238.5	0.00202645	0.00118171	21544.3	1050	105	20404.8	103.449	103.449	413.794	413.794	0 21262.4 475.106 	21737.5	0.00320816	2.39295e-15	2.09154e-07	1050	2.09154e-07	0 1.18577e+07 5e+06 	1.68577e+07	6.24252	6.5039	12399	666.612	0.00923286	0	1.02	1.02
238.65	0.00202645	0.00118175	21545.2	1050	105	20404.9	103.533	103.533	414.134	414.134	0 21261.6 475.405 	21737	0.00320821	2.3573e-15	2.06041e-07	1050	2.06041e-07	0 1.1858e+07 5e+06 	1.6858e+07	6.24252	6.5039	12399	666.612	0.00923906	0	1.02	1.02
238.8	0.00202645	0.00118179	21546.2	1050	105	20405	103.618	103.618	414.473	414.473	0 21260.9 475.704 	21736.6	0.00320825	2.32217e-15	2.02973e-07	1050	2.02973e-07	0 1.18583e+07 5e+06 	1.68583e+07	6.24251	6.5039	12399	666.612	0.00924529	0	1.02	1.02
238.95	0.00202646	0.00118184	21547.1	1050	105	20405.1	103.703	103.703	414.813	414.813	0 21260.1 476.004 	21736.1	0.00320829	2.28757e-15	1.99951e-07	1050	1.99951e-07	0 1.18586e+07 5e+06 	1.68586e+07	6.24251	6.5039	12399	666.612	0.00925154	0	1.02	1.02
239.1	0.00202646	0.00118188	21548.1	1050	105	20405.2	103.788	103.788	415.153	415.153	0 21259.4 476.306 	21735.7	0.00320834	2.25348e-15	1.96974e-07	1050	1.96974e-07	0 1.1859e+07 5e+06 	1.6859e+07	6.2425	6.5039	12399	666.612	0.00925782	0	1.02	1.02
239.25	0.00202646	0.00118192	21549.1	1050	105	20405.3	103.873	103.873	415.493	415.493	0 21258.6 476.609 	21735.2	0.00320838	2.2199e-15	1.94042e-07	1050	1.94042e-07	0 1.18593e+07 5e+06 	1.68593e+07	6.2425	6.5039	12399	666.612	0.00926411	0	1.02	1.02
239.4	0.00202646	0.00118196	21550	1050	105	20405.4	103.958	103.958	415.834	415.834	0 21257.8 476.913 	21734.8	0.00320842	2.18682e-15	1.91153e-07	1050	1.91153e-07	0 1.18596e+07 5e+06 	1.68596e+07	6.24249	6.5039	12399	666.612	0.00927043	0	1.02	1.02
239.55	0.00202646	0.00118201	21551	1050	105	20405.5	104.044	104.044	416.175	416.175	0 21257.1 477.218 	21734.3	0.00320846	2.15423e-15	1.88307e-07	1050	1.88307e-07	0 1.18599e+07 5e+06 	1.68599e+07	6.24249	6.5039	12399	666.612	0.00927678	0	1.02	1.02
239.7	0.00202646	0.00118205	21551.9	1050	105	20405.6	104.129	104.129	416.516	416.516	0 21256.3 477.525 	21733.9	0.00320851	2.12213e-15	1.85503e-07	1050	1.85503e-07	0 1.18602e+07 5e+06 	1.68602e+07	6.24248	6.5039	12399	666.612	0.00928314	0	1.02	1.02
239.85	0.00202646	0.00118209	21552.9	1050	105	20405.7	104.214	104.214	416.858	416.858	0 21255.6 477.832 	21733.4	0.00320855	2.09051e-15	1.82742e-07	1050	1.82742e-07	0 1.18606e+07 5e+06 	1.68606e+07	6.24248	6.5039	12399	666.612	0.00928953	0	1.02	1.02
240	0.00202646	0.00118213	21553.8	1050	105	20405.8	104.3	104.3	417.199	417.199	0 21254.8 478.141 	21733	0.00320859	2.05936e-15	1.80021e-07	1050	1.80021e-07	0 1.18609e+07 5e+06 	1.68609e+07	6.24247	6.5039	12399	666.612	0.00929595	0	1.02	1.02
240.15	0.00202646	0.00118218	21554.8	1050	105	20405.9	104.385	104.385	417.542	417.542	0 21254.1 478.451 	21732.5	0.00320864	2.02867e-15	1.77341e-07	1050	1.77341e-07	0 1.18612e+07 5e+06 	1.68612e+07	6.24247	6.5039	12399	666.612	0.00930238	0	1.02	1.02
240.3	0.00202646	0.00118222	21555.7	1050	105	20406	104.471	104.471	417.884	417.884	0 21253.3 478.762 	21732.1	0.00320868	1.99844e-15	1.747e-07	1050	1.747e-07	0 1.18615e+07 5e+06 	1.68615e+07	6.24246	6.5039	12399	666.612	0.00930884	0	1.02	1.02
240.45	0.00202646	0.00118226	21556.7	1050	105	20406.1	104.557	104.557	418.227	418.227	0 21252.5 479.074 	21731.6	0.00320872	1.96866e-15	1.721e-07	1050	1.721e-07	0 1.18618e+07 5e+06 	1.68618e+07	6.24246	6.5039	12399	666.612	0.00931532	0	1.02	1.02
240.6	0.00202646	0.0011823	21557.6	1050	105	20406.2	104.643	104.643	418.57	418.57	0 21251.8 479.388 	21731.2	0.00320876	1.93933e-15	1.69537e-07	1050	1.69537e-07	0 1.18621e+07 5e+06 	1.68621e+07	6.24245	6.5039	12399	666.612	0.00932183	0	1.02	1.02
240.75	0.00202646	0.00118235	21558.6	1050	105	20406.3	104.728	104.728	418.913	418.913	0 21251 479.702 	21730.7	0.00320881	1.91043e-15	1.67013e-07	1050	1.67013e-07	0 1.18625e+07 5e+06 	1.68625e+07	6.24245	6.5039	12399	666.612	0.00932836	0	1.02	1.02
240.9	0.00202646	0.00118239	21559.5	1050	105	20406.4	104.814	104.814	419.257	419.257	0 21250.3 480.018 	21730.3	0.00320885	1.88196e-15	1.64527e-07	1050	1.64527e-07	0 1.18628e+07 5e+06 	1.68628e+07	6.24244	6.5039	12399	666.612	0.00933491	0	1.02	1.02
241.05	0.00202646	0.00118243	21560.5	1050	105	20406.5	104.9	104.9	419.601	419.601	0 21249.5 480.335 	21729.9	0.00320889	1.85392e-15	1.62077e-07	1050	1.62077e-07	0 1.18631e+07 5e+06 	1.68631e+07	6.24244	6.5039	12399	666.612	0.00934149	0	1.02	1.02
241.2	0.00202646	0.00118247	21561.4	1050	105	20406.6	104.986	104.986	419.946	419.946	0 21248.8 480.653 	21729.4	0.00320894	1.82629e-15	1.59664e-07	1050	1.59664e-07	0 1.18634e+07 5e+06 	1.68634e+07	6.24244	6.5039	12399	666.612	0.00934809	0	1.02	1.02
241.35	0.00202646	0.00118251	21562.4	1050	105	20406.6	105.073	105.073	420.29	420.29	0 21248 480.973 	21729	0.00320898	1.79908e-15	1.57287e-07	1050	1.57287e-07	0 1.18637e+07 5e+06 	1.68637e+07	6.24243	6.5039	12399	666.612	0.00935471	0	1.02	1.02
241.5	0.00202646	0.00118256	21563.3	1050	105	20406.7	105.159	105.159	420.635	420.635	0 21247.3 481.293 	21728.6	0.00320902	1.77227e-15	1.54945e-07	1050	1.54945e-07	0 1.1864e+07 5e+06 	1.6864e+07	6.24243	6.5039	12399	666.612	0.00936135	0	1.02	1.02
241.65	0.00202646	0.0011826	21564.3	1050	105	20406.8	105.245	105.245	420.98	420.98	0 21246.5 481.615 	21728.1	0.00320906	1.74586e-15	1.52639e-07	1050	1.52639e-07	0 1.18644e+07 5e+06 	1.68644e+07	6.24242	6.5039	12399	666.612	0.00936802	0	1.02	1.02
241.8	0.00202647	0.00118264	21565.2	1050	105	20406.9	105.331	105.331	421.326	421.326	0 21245.7 481.938 	21727.7	0.00320911	1.71985e-15	1.50366e-07	1050	1.50366e-07	0 1.18647e+07 5e+06 	1.68647e+07	6.24242	6.5039	12399	666.612	0.00937471	0	1.02	1.02
241.95	0.00202647	0.00118268	21566.2	1050	105	20407	105.418	105.418	421.672	421.672	0 21245 482.262 	21727.3	0.00320915	1.69422e-15	1.48127e-07	1050	1.48127e-07	0 1.1865e+07 5e+06 	1.6865e+07	6.24241	6.5039	12399	666.612	0.00938143	0	1.02	1.02
242.1	0.00202647	0.00118273	21567.1	1050	105	20407.1	105.504	105.504	422.018	422.018	0 21244.2 482.587 	21726.8	0.00320919	1.66897e-15	1.45922e-07	1050	1.45922e-07	0 1.18653e+07 5e+06 	1.68653e+07	6.24241	6.5039	12399	666.612	0.00938816	0	1.02	1.02
242.25	0.00202647	0.00118277	21568.1	1050	105	20407.1	105.591	105.591	422.364	422.364	0 21243.5 482.913 	21726.4	0.00320923	1.6441e-15	1.4375e-07	1050	1.4375e-07	0 1.18656e+07 5e+06 	1.68656e+07	6.24241	6.5039	12399	666.612	0.00939492	0	1.02	1.02
242.4	0.00202647	0.00118281	21569	1050	105	20407.2	105.678	105.678	422.711	422.711	0 21242.7 483.241 	21726	0.00320928	1.6196e-15	1.41609e-07	1050	1.41609e-07	0 1.18659e+07 5e+06 	1.68659e+07	6.2424	6.5039	12399	666.612	0.00940171	0	1.02	1.02
242.55	0.00202647	0.00118285	21570	1050	105	20407.3	105.765	105.765	423.058	423.058	0 21242 483.569 	21725.6	0.00320932	1.59547e-15	1.39501e-07	1050	1.39501e-07	0 1.18662e+07 5e+06 	1.68662e+07	6.2424	6.5039	12399	666.612	0.00940852	0	1.02	1.02
242.7	0.00202647	0.00118289	21570.9	1050	105	20407.4	105.851	105.851	423.406	423.406	0 21241.2 483.899 	21725.1	0.00320936	1.5717e-15	1.37424e-07	1050	1.37424e-07	0 1.18666e+07 5e+06 	1.68666e+07	6.2424	6.5039	12399	666.612	0.00941535	0	1.02	1.02
242.85	0.00202647	0.00118294	21571.8	1050	105	20407.5	105.938	105.938	423.754	423.754	0 21240.5 484.23 	21724.7	0.0032094	1.54828e-15	1.35378e-07	1050	1.35378e-07	0 1.18669e+07 5e+06 	1.68669e+07	6.24239	6.5039	12399	666.612	0.0094222	0	1.02	1.02
243	0.00202647	0.00118298	21572.8	1050	105	20407.5	106.025	106.025	424.102	424.102	0 21239.7 484.562 	21724.3	0.00320945	1.5252e-15	1.33363e-07	1050	1.33363e-07	0 1.18672e+07 5e+06 	1.68672e+07	6.24239	6.5039	12399	666.612	0.00942908	0	1.02	1.02
243.15	0.00202647	0.00118302	21573.7	1050	105	20407.6	106.112	106.112	424.45	424.45	0 21239 484.896 	21723.9	0.00320949	1.50248e-15	1.31377e-07	1050	1.31377e-07	0 1.18675e+07 5e+06 	1.68675e+07	6.24238	6.5039	12399	666.612	0.00943598	0	1.02	1.02
243.3	0.00202647	0.00118306	21574.7	1050	105	20407.7	106.2	106.2	424.799	424.799	0 21238.2 485.23 	21723.4	0.00320953	1.48009e-15	1.29421e-07	1050	1.29421e-07	0 1.18678e+07 5e+06 	1.68678e+07	6.24238	6.5039	12399	666.612	0.0094429	0	1.02	1.02
243.45	0.00202647	0.00118311	21575.6	1050	105	20407.8	106.287	106.287	425.147	425.147	0 21237.5 485.566 	21723	0.00320957	1.45803e-15	1.27494e-07	1050	1.27494e-07	0 1.18681e+07 5e+06 	1.68681e+07	6.24238	6.5039	12399	666.612	0.00944984	0	1.02	1.02
243.6	0.00202647	0.00118315	21576.6	1050	105	20407.8	106.374	106.374	425.497	425.497	0 21236.7 485.903 	21722.6	0.00320962	1.43631e-15	1.25596e-07	1050	1.25596e-07	0 1.18684e+07 5e+06 	1.68684e+07	6.24237	6.5039	12399	666.612	0.00945681	0	1.02	1.02
243.75	0.00202647	0.00118319	21577.5	1050	105	20407.9	106.462	106.462	425.846	425.846	0 21236 486.241 	21722.2	0.00320966	1.41491e-15	1.23726e-07	1050	1.23726e-07	0 1.18688e+07 5e+06 	1.68688e+07	6.24237	6.5039	12399	666.612	0.00946381	0	1.02	1.02
243.9	0.00202647	0.00118323	21578.5	1050	105	20408	106.549	106.549	426.196	426.196	0 21235.2 486.58 	21721.8	0.0032097	1.39382e-15	1.21884e-07	1050	1.21884e-07	0 1.18691e+07 5e+06 	1.68691e+07	6.24237	6.5039	12399	666.612	0.00947082	0	1.02	1.02
244.05	0.00202647	0.00118327	21579.4	1050	105	20408	106.637	106.637	426.546	426.546	0 21234.5 486.92 	21721.4	0.00320974	1.37305e-15	1.2007e-07	1050	1.2007e-07	0 1.18694e+07 5e+06 	1.68694e+07	6.24237	6.5039	12399	666.612	0.00947786	0	1.02	1.02
244.2	0.00202647	0.00118332	21580.3	1050	105	20408.1	106.724	106.724	426.897	426.897	0 21233.7 487.262 	21721	0.00320979	1.35259e-15	1.18282e-07	1050	1.18282e-07	0 1.18697e+07 5e+06 	1.68697e+07	6.24236	6.5039	12399	666.612	0.00948492	0	1.02	1.02
244.35	0.00202647	0.00118336	21581.3	1050	105	20408.2	106.812	106.812	427.248	427.248	0 21233 487.604 	21720.6	0.00320983	1.33244e-15	1.16521e-07	1050	1.16521e-07	0 1.187e+07 5e+06 	1.687e+07	6.24236	6.5039	12399	666.612	0.00949201	0	1.02	1.02
244.5	0.00202647	0.0011834	21582.2	1050	105	20408.2	106.9	106.9	427.599	427.599	0 21232.2 487.948 	21720.2	0.00320987	1.31258e-15	1.14786e-07	1050	1.14786e-07	0 1.18703e+07 5e+06 	1.68703e+07	6.24236	6.5039	12399	666.612	0.00949911	0	1.02	1.02
244.65	0.00202647	0.00118344	21583.2	1050	105	20408.3	106.988	106.988	427.95	427.95	0 21231.5 488.293 	21719.7	0.00320991	1.29302e-15	1.13077e-07	1050	1.13077e-07	0 1.18706e+07 5e+06 	1.68706e+07	6.24235	6.5039	12399	666.612	0.00950624	0	1.02	1.02
244.8	0.00202647	0.00118348	21584.1	1050	105	20408.4	107.076	107.076	428.302	428.302	0 21230.7 488.639 	21719.3	0.00320996	1.27376e-15	1.11394e-07	1050	1.11394e-07	0 1.1871e+07 5e+06 	1.6871e+07	6.24235	6.5039	12399	666.612	0.0095134	0	1.02	1.02
244.95	0.00202647	0.00118353	21585.1	1050	105	20408.4	107.164	107.164	428.654	428.654	0 21230 488.986 	21718.9	0.00321	1.25478e-15	1.09736e-07	1050	1.09736e-07	0 1.18713e+07 5e+06 	1.68713e+07	6.24235	6.5039	12399	666.612	0.00952058	0	1.02	1.02
245.1	0.00202647	0.00118357	21586	1050	105	20408.5	107.252	107.252	429.007	429.007	0 21229.2 489.335 	21718.5	0.00321004	1.23608e-15	1.08102e-07	1050	1.08102e-07	0 1.18716e+07 5e+06 	1.68716e+07	6.24234	6.5039	12399	666.612	0.00952778	0	1.02	1.02
245.25	0.00202647	0.00118361	21586.9	1050	105	20408.5	107.34	107.34	429.359	429.359	0 21228.5 489.685 	21718.1	0.00321008	1.21766e-15	1.06492e-07	1050	1.06492e-07	0 1.18719e+07 5e+06 	1.68719e+07	6.24234	6.5039	12399	666.612	0.009535	0	1.02	1.02
245.4	0.00202647	0.00118365	21587.9	1050	105	20408.6	107.428	107.428	429.712	429.712	0 21227.7 490.035 	21717.7	0.00321013	1.19952e-15	1.04907e-07	1050	1.04907e-07	0 1.18722e+07 5e+06 	1.68722e+07	6.24234	6.5039	12399	666.612	0.00954225	0	1.02	1.02
245.55	0.00202647	0.00118369	21588.8	1050	105	20408.6	107.516	107.516	430.066	430.066	0 21227 490.387 	21717.3	0.00321017	1.18164e-15	1.03345e-07	1050	1.03345e-07	0 1.18725e+07 5e+06 	1.68725e+07	6.24234	6.5039	12399	666.612	0.00954951	0	1.02	1.02
245.7	0.00202647	0.00118374	21589.8	1050	105	20408.7	107.605	107.605	430.419	430.419	0 21226.2 490.74 	21716.9	0.00321021	1.16403e-15	1.01806e-07	1050	1.01806e-07	0 1.18728e+07 5e+06 	1.68728e+07	6.24233	6.5039	12399	666.612	0.00955681	0	1.02	1.02
245.85	0.00202647	0.00118378	21590.7	1050	105	20408.8	107.693	107.693	430.773	430.773	0 21225.5 491.095 	21716.6	0.00321025	1.14669e-15	1.00291e-07	1050	1.00291e-07	0 1.18731e+07 5e+06 	1.68731e+07	6.24233	6.5039	12399	666.612	0.00956412	0	1.02	1.02
246	0.00202647	0.00118382	21591.6	1050	105	20408.8	107.782	107.782	431.128	431.128	0 21224.7 491.45 	21716.2	0.00321029	1.1296e-15	9.87976e-08	1050	9.87976e-08	0 1.18734e+07 5e+06 	1.68734e+07	6.24233	6.5039	12399	666.612	0.00957146	0	1.02	1.02
246.15	0.00202647	0.00118386	21592.6	1050	105	20408.9	107.871	107.871	431.482	431.482	0 21224 491.807 	21715.8	0.00321034	1.11277e-15	9.73267e-08	1050	9.73267e-08	0 1.18738e+07 5e+06 	1.68738e+07	6.24233	6.5039	12399	666.612	0.00957882	0	1.02	1.02
246.3	0.00202648	0.0011839	21593.5	1050	105	20408.9	107.959	107.959	431.837	431.837	0 21223.2 492.164 	21715.4	0.00321038	1.09619e-15	9.58777e-08	1050	9.58777e-08	0 1.18741e+07 5e+06 	1.68741e+07	6.24233	6.5039	12399	666.612	0.00958621	0	1.02	1.02
246.45	0.00202648	0.00118395	21594.4	1050	105	20409	108.048	108.048	432.192	432.192	0 21222.5 492.523 	21715	0.00321042	1.07985e-15	9.44502e-08	1050	9.44502e-08	0 1.18744e+07 5e+06 	1.68744e+07	6.24232	6.5039	12399	666.612	0.00959362	0	1.02	1.02
246.6	0.00202648	0.00118399	21595.4	1050	105	20409	108.137	108.137	432.548	432.548	0 21221.7 492.883 	21714.6	0.00321046	1.06376e-15	9.3044e-08	1050	9.3044e-08	0 1.18747e+07 5e+06 	1.68747e+07	6.24232	6.5039	12399	666.612	0.00960105	0	1.02	1.02
246.75	0.00202648	0.00118403	21596.3	1050	105	20409.1	108.226	108.226	432.904	432.904	0 21221 493.245 	21714.2	0.0032105	1.04791e-15	9.16588e-08	1050	9.16588e-08	0 1.1875e+07 5e+06 	1.6875e+07	6.24232	6.5039	12399	666.612	0.0096085	0	1.02	1.02
246.9	0.00202648	0.00118407	21597.3	1050	105	20409.1	108.315	108.315	433.26	433.26	0 21220.2 493.607 	21713.8	0.00321055	1.0323e-15	9.02942e-08	1050	9.02942e-08	0 1.18753e+07 5e+06 	1.68753e+07	6.24232	6.5039	12399	666.612	0.00961598	0	1.02	1.02
247.05	0.00202648	0.00118411	21598.2	1050	105	20409.2	108.404	108.404	433.616	433.616	0 21219.5 493.971 	21713.4	0.00321059	1.01691e-15	8.89499e-08	1050	8.89499e-08	0 1.18756e+07 5e+06 	1.68756e+07	6.24232	6.5039	12399	666.612	0.00962348	0	1.02	1.02
247.2	0.00202648	0.00118415	21599.1	1050	105	20409.2	108.493	108.493	433.973	433.973	0 21218.7 494.335 	21713.1	0.00321063	1.00176e-15	8.76256e-08	1050	8.76256e-08	0 1.18759e+07 5e+06 	1.68759e+07	6.24231	6.5039	12399	666.612	0.009631	0	1.02	1.02
247.35	0.00202648	0.0011842	21600.1	1050	105	20409.2	108.583	108.583	434.33	434.33	0 21218 494.701 	21712.7	0.00321067	9.86834e-16	8.6321e-08	1050	8.6321e-08	0 1.18763e+07 5e+06 	1.68763e+07	6.24231	6.5039	12399	666.612	0.00963855	0	1.02	1.02
247.5	0.00202648	0.00118424	21601	1050	105	20409.3	108.672	108.672	434.688	434.688	0 21217.2 495.068 	21712.3	0.00321071	9.7213e-16	8.50359e-08	1050	8.50359e-08	0 1.18766e+07 5e+06 	1.68766e+07	6.24231	6.5039	12399	666.612	0.00964611	0	1.02	1.02
247.65	0.00202648	0.00118428	21601.9	1050	105	20409.3	108.761	108.761	435.045	435.045	0 21216.5 495.436 	21711.9	0.00321076	9.57644e-16	8.37698e-08	1050	8.37698e-08	0 1.18769e+07 5e+06 	1.68769e+07	6.24231	6.5039	12399	666.612	0.00965371	0	1.02	1.02
247.8	0.00202648	0.00118432	21602.9	1050	105	20409.4	108.851	108.851	435.403	435.403	0 21215.7 495.806 	21711.5	0.0032108	9.43374e-16	8.25227e-08	1050	8.25227e-08	0 1.18772e+07 5e+06 	1.68772e+07	6.24231	6.5039	12399	666.612	0.00966132	0	1.02	1.02
247.95	0.00202648	0.00118436	21603.8	1050	105	20409.4	108.94	108.94	435.762	435.762	0 21215 496.176 	21711.2	0.00321084	9.29317e-16	8.12941e-08	1050	8.12941e-08	0 1.18775e+07 5e+06 	1.68775e+07	6.24231	6.5039	12399	666.612	0.00966896	0	1.02	1.02
248.1	0.00202648	0.00118441	21604.8	1050	105	20409.5	109.03	109.03	436.121	436.121	0 21214.2 496.548 	21710.8	0.00321088	9.15469e-16	8.00838e-08	1050	8.00838e-08	0 1.18778e+07 5e+06 	1.68778e+07	6.2423	6.5039	12399	666.612	0.00967662	0	1.02	1.02
248.25	0.00202648	0.00118445	21605.7	1050	105	20409.5	109.12	109.12	436.48	436.48	0 21213.5 496.921 	21710.4	0.00321092	9.01828e-16	7.88915e-08	1050	7.88915e-08	0 1.18781e+07 5e+06 	1.68781e+07	6.2423	6.5039	12399	666.612	0.0096843	0	1.02	1.02
248.4	0.00202648	0.00118449	21606.6	1050	105	20409.5	109.21	109.21	436.839	436.839	0 21212.8 497.295 	21710	0.00321097	8.8839e-16	7.77169e-08	1050	7.77169e-08	0 1.18784e+07 5e+06 	1.68784e+07	6.2423	6.5039	12399	666.612	0.00969201	0	1.02	1.02
248.55	0.00202648	0.00118453	21607.6	1050	105	20409.6	109.3	109.3	437.198	437.198	0 21212 497.67 	21709.7	0.00321101	8.75152e-16	7.65599e-08	1050	7.65599e-08	0 1.18787e+07 5e+06 	1.68787e+07	6.2423	6.5039	12399	666.612	0.00969974	0	1.02	1.02
248.7	0.00202648	0.00118457	21608.5	1050	105	20409.6	109.39	109.39	437.558	437.558	0 21211.3 498.046 	21709.3	0.00321105	8.62112e-16	7.542e-08	1050	7.542e-08	0 1.1879e+07 5e+06 	1.6879e+07	6.2423	6.5039	12399	666.612	0.00970749	0	1.02	1.02
248.85	0.00202648	0.00118461	21609.4	1050	105	20409.6	109.48	109.48	437.919	437.919	0 21210.5 498.423 	21708.9	0.00321109	8.49265e-16	7.42972e-08	1050	7.42972e-08	0 1.18794e+07 5e+06 	1.68794e+07	6.2423	6.5039	12399	666.612	0.00971527	0	1.02	1.02
249	0.00202648	0.00118466	21610.4	1050	105	20409.7	109.57	109.57	438.279	438.279	0 21209.8 498.802 	21708.6	0.00321113	8.36611e-16	7.3191e-08	1050	7.3191e-08	0 1.18797e+07 5e+06 	1.68797e+07	6.2423	6.5039	12399	666.612	0.00972307	0	1.02	1.02
249.15	0.00202648	0.0011847	21611.3	1050	105	20409.7	109.66	109.66	438.64	438.64	0 21209 499.182 	21708.2	0.00321118	8.24144e-16	7.21014e-08	1050	7.21014e-08	0 1.188e+07 5e+06 	1.688e+07	6.2423	6.5039	12399	666.612	0.00973089	0	1.02	1.02
249.3	0.00202648	0.00118474	21612.2	1050	105	20409.7	109.75	109.75	439.001	439.001	0 21208.3 499.562 	21707.8	0.00321122	8.11864e-16	7.10279e-08	1050	7.10279e-08	0 1.18803e+07 5e+06 	1.68803e+07	6.2423	6.5039	12399	666.612	0.00973874	0	1.02	1.02
249.45	0.00202648	0.00118478	21613.2	1050	105	20409.7	109.841	109.841	439.363	439.363	0 21207.5 499.945 	21707.5	0.00321126	7.99766e-16	6.99704e-08	1050	6.99704e-08	0 1.18806e+07 5e+06 	1.68806e+07	6.24229	6.5039	12399	666.612	0.0097466	0	1.02	1.02
249.6	0.00202648	0.00118482	21614.1	1050	105	20409.8	109.931	109.931	439.725	439.725	0 21206.8 500.328 	21707.1	0.0032113	7.87849e-16	6.89287e-08	1050	6.89287e-08	0 1.18809e+07 5e+06 	1.68809e+07	6.24229	6.5039	12399	666.612	0.0097545	0	1.02	1.02
249.75	0.00202648	0.00118486	21615	1050	105	20409.8	110.022	110.022	440.087	440.087	0 21206 500.712 	21706.8	0.00321134	7.76109e-16	6.79025e-08	1050	6.79025e-08	0 1.18812e+07 5e+06 	1.68812e+07	6.24229	6.5039	12399	666.612	0.00976241	0	1.02	1.02
249.9	0.00202648	0.00118491	21616	1050	105	20409.8	110.112	110.112	440.45	440.45	0 21205.3 501.097 	21706.4	0.00321138	7.64545e-16	6.68916e-08	1050	6.68916e-08	0 1.18815e+07 5e+06 	1.68815e+07	6.24229	6.5039	12399	666.612	0.00977035	0	1.02	1.02
250.05	0.00202648	0.00118495	21616.9	1050	105	20409.9	110.203	110.203	440.812	440.812	0 21204.6 501.484 	21706	0.00321143	7.53152e-16	6.58957e-08	1050	6.58957e-08	0 1.18818e+07 5e+06 	1.68818e+07	6.24229	6.5039	12399	666.612	0.00977831	0	1.02	1.02
250.2	0.00202648	0.00118499	21617.8	1050	105	20409.9	110.294	110.294	441.176	441.176	0 21203.8 501.872 	21705.7	0.00321147	7.4193e-16	6.49146e-08	1050	6.49146e-08	0 1.18821e+07 5e+06 	1.68821e+07	6.24229	6.5039	12399	666.612	0.00978629	0	1.02	1.02
250.35	0.00202648	0.00118503	21618.7	1050	105	20409.9	110.385	110.385	441.539	441.539	0 21203.1 502.261 	21705.3	0.00321151	7.30874e-16	6.39482e-08	1050	6.39482e-08	0 1.18824e+07 5e+06 	1.68824e+07	6.24229	6.5039	12399	666.612	0.00979429	0	1.02	1.02
250.5	0.00202648	0.00118507	21619.7	1050	105	20409.9	110.476	110.476	441.903	441.903	0 21202.3 502.651 	21705	0.00321155	7.19984e-16	6.29961e-08	1050	6.29961e-08	0 1.18827e+07 5e+06 	1.68827e+07	6.24229	6.5039	12399	666.612	0.00980232	0	1.02	1.02
250.65	0.00202648	0.00118511	21620.6	1050	105	20409.9	110.567	110.567	442.267	442.267	0 21201.6 503.042 	21704.6	0.00321159	7.09255e-16	6.20582e-08	1050	6.20582e-08	0 1.18831e+07 5e+06 	1.68831e+07	6.24229	6.5039	12399	666.612	0.00981038	0	1.02	1.02
250.8	0.00202648	0.00118516	21621.5	1050	105	20410	110.658	110.658	442.631	442.631	0 21200.8 503.434 	21704.3	0.00321163	6.98687e-16	6.11343e-08	1050	6.11343e-08	0 1.18834e+07 5e+06 	1.68834e+07	6.24229	6.5039	12399	666.612	0.00981845	0	1.02	1.02
250.95	0.00202648	0.0011852	21622.5	1050	105	20410	110.749	110.749	442.996	442.996	0 21200.1 503.828 	21703.9	0.00321168	6.88276e-16	6.02241e-08	1050	6.02241e-08	0 1.18837e+07 5e+06 	1.68837e+07	6.24229	6.5039	12399	666.612	0.00982655	0	1.02	1.02
251.1	0.00202648	0.00118524	21623.4	1050	105	20410	110.84	110.84	443.361	443.361	0 21199.4 504.223 	21703.6	0.00321172	6.7802e-16	5.93275e-08	1050	5.93275e-08	0 1.1884e+07 5e+06 	1.6884e+07	6.24229	6.5039	12399	666.612	0.00983467	0	1.02	1.02
251.25	0.00202648	0.00118528	21624.3	1050	105	20410	110.932	110.932	443.727	443.727	0 21198.6 504.619 	21703.2	0.00321176	6.67917e-16	5.84442e-08	1050	5.84442e-08	0 1.18843e+07 5e+06 	1.68843e+07	6.24229	6.5039	12399	666.612	0.00984281	0	1.02	1.02
251.4	0.00202648	0.00118532	21625.3	1050	105	20410	111.023	111.023	444.092	444.092	0 21197.9 505.015 	21702.9	0.0032118	6.57965e-16	5.75741e-08	1050	5.75741e-08	0 1.18846e+07 5e+06 	1.68846e+07	6.24229	6.5039	12399	666.612	0.00985098	0	1.02	1.02
251.55	0.00202648	0.00118536	21626.2	1050	105	20410	111.115	111.115	444.458	444.458	0 21197.1 505.414 	21702.5	0.00321184	6.4816e-16	5.67169e-08	1050	5.67169e-08	0 1.18849e+07 5e+06 	1.68849e+07	6.24229	6.5039	12399	666.612	0.00985917	0	1.02	1.02
251.7	0.00202648	0.0011854	21627.1	1050	105	20410.1	111.206	111.206	444.825	444.825	0 21196.4 505.813 	21702.2	0.00321188	6.38502e-16	5.58725e-08	1050	5.58725e-08	0 1.18852e+07 5e+06 	1.68852e+07	6.24229	6.5039	12399	666.612	0.00986738	0	1.02	1.02
251.85	0.00202648	0.00118545	21628	1050	105	20410.1	111.298	111.298	445.191	445.191	0 21195.6 506.213 	21701.8	0.00321193	6.28988e-16	5.50407e-08	1050	5.50407e-08	0 1.18855e+07 5e+06 	1.68855e+07	6.24229	6.5039	12399	666.612	0.00987562	0	1.02	1.02
252	0.00202648	0.00118549	21629	1050	105	20410.1	111.39	111.39	445.558	445.558	0 21194.9 506.615 	21701.5	0.00321197	6.19616e-16	5.42213e-08	1050	5.42213e-08	0 1.18858e+07 5e+06 	1.68858e+07	6.24229	6.5039	12399	666.612	0.00988387	0	1.02	1.02
252.15	0.00202648	0.00118553	21629.9	1050	105	20410.1	111.481	111.481	445.926	445.926	0 21194.2 507.018 	21701.2	0.00321201	6.10383e-16	5.3414e-08	1050	5.3414e-08	0 1.18861e+07 5e+06 	1.68861e+07	6.24229	6.5039	12399	666.612	0.00989215	0	1.02	1.02
252.3	0.00202648	0.00118557	21630.8	1050	105	20410.1	111.573	111.573	446.293	446.293	0 21193.4 507.421 	21700.8	0.00321205	6.01288e-16	5.26188e-08	1050	5.26188e-08	0 1.18864e+07 5e+06 	1.68864e+07	6.24229	6.5039	12399	666.612	0.00990046	0	1.02	1.02
252.45	0.00202648	0.00118561	21631.8	1050	105	20410.1	111.665	111.665	446.661	446.661	0 21192.7 507.826 	21700.5	0.00321209	5.92328e-16	5.18354e-08	1050	5.18354e-08	0 1.18867e+07 5e+06 	1.68867e+07	6.24229	6.5039	12399	666.612	0.00990879	0	1.02	1.02
252.6	0.00202648	0.00118565	21632.7	1050	105	20410.1	111.757	111.757	447.03	447.03	0 21191.9 508.233 	21700.2	0.00321213	5.83502e-16	5.10637e-08	1050	5.10637e-08	0 1.1887e+07 5e+06 	1.6887e+07	6.24229	6.5039	12399	666.612	0.00991714	0	1.02	1.02
252.75	0.00202648	0.00118569	21633.6	1050	105	20410.1	111.85	111.85	447.398	447.398	0 21191.2 508.64 	21699.8	0.00321217	5.74807e-16	5.03034e-08	1050	5.03034e-08	0 1.18874e+07 5e+06 	1.68874e+07	6.24229	6.5039	12399	666.612	0.00992551	0	1.02	1.02
252.9	0.00202648	0.00118574	21634.5	1050	105	20410.1	111.942	111.942	447.767	447.767	0 21190.4 509.048 	21699.5	0.00321222	5.66242e-16	4.95545e-08	1050	4.95545e-08	0 1.18877e+07 5e+06 	1.68877e+07	6.24229	6.5039	12399	666.612	0.0099339	0	1.02	1.02
253.05	0.00202648	0.00118578	21635.5	1050	105	20410.1	112.034	112.034	448.137	448.137	0 21189.7 509.458 	21699.2	0.00321226	5.57805e-16	4.88167e-08	1050	4.88167e-08	0 1.1888e+07 5e+06 	1.6888e+07	6.24229	6.5039	12399	666.612	0.00994232	0	1.02	1.02
253.2	0.00202648	0.00118582	21636.4	1050	105	20410.1	112.127	112.127	448.506	448.506	0 21189 509.869 	21698.8	0.0032123	5.49493e-16	4.80899e-08	1050	4.80899e-08	0 1.18883e+07 5e+06 	1.68883e+07	6.24229	6.5039	12399	666.612	0.00995077	0	1.02	1.02
253.35	0.00202648	0.00118586	21637.3	1050	105	20410.1	112.219	112.219	448.876	448.876	0 21188.2 510.28 	21698.5	0.00321234	5.41305e-16	4.7374e-08	1050	4.7374e-08	0 1.18886e+07 5e+06 	1.68886e+07	6.24229	6.5039	12399	666.612	0.00995923	0	1.02	1.02
253.5	0.00202648	0.0011859	21638.2	1050	105	20410.1	112.312	112.312	449.246	449.246	0 21187.5 510.693 	21698.2	0.00321238	5.33239e-16	4.66687e-08	1050	4.66687e-08	0 1.18889e+07 5e+06 	1.68889e+07	6.24229	6.5039	12399	666.612	0.00996772	0	1.02	1.02
