0.2	0.00199375	7.4238e-05	1050.21	1050	105	504.208	44.1	44.1	176.4	176.4	0 17993.7 9553.37 	27547.1	6.55474	6.55445	670	670	0.00904993	0	1.02	1.02
0.4	0.00199373	7.4249e-05	1050.36	1050	105	504.357	44.0999	44.0999	176.4	176.4	0 17990.8 9551.21 	27542	6.55494	6.55445	670	670	0.00904916	0	1.02	1.02
0.6	0.00199372	7.42568e-05	1050.46	1050	105	504.462	44.0999	44.0999	176.4	176.4	0 17988.8 9549.65 	27538.5	6.55509	6.55445	670	670	0.00904858	0	1.02	1.02
0.8	0.00199371	7.42623e-05	1050.53	1050	105	504.536	44.0998	44.0998	176.399	176.399	0 17987.4 9548.53 	27535.9	6.55521	6.55445	670	670	0.00904816	0	1.02	1.02
1	0.0019937	7.42661e-05	1050.59	1050	105	504.588	44.0997	44.0997	176.399	176.399	0 17986.4 9547.73 	27534.1	6.55529	6.55445	670	670	0.00904784	0	1.02	1.02
1.2	0.00199369	7.42688e-05	1050.62	1050	105	504.624	44.0996	44.0996	176.399	176.399	0 17985.7 9547.16 	27532.8	6.55534	6.55445	670	670	0.0090476	0	1.02	1.02
1.4	0.00199369	7.42706e-05	1050.64	1050	105	504.649	44.0995	44.0995	176.398	176.398	0 17985.2 9546.75 	27531.9	6.55539	6.55445	670	670	0.00904742	0	1.02	1.02
1.6	0.00199369	7.42718e-05	1050.66	1050	105	504.666	44.0994	44.0994	176.398	176.398	0 17984.9 9546.46 	27531.3	6.55542	6.55445	670	670	0.00904728	0	1.02	1.02
1.8	0.00199368	7.42726e-05	1050.67	1050	105	504.677	44.0993	44.0993	176.397	176.397	0 17984.7 9546.26 	27530.9	6.55544	6.55445	670	670	0.00904718	0	1.02	1.02
2	0.00199368	7.42731e-05	1050.68	1050	105	504.685	44.0992	44.0992	176.397	176.397	0 17984.5 9546.12 	27530.6	6.55546	6.55445	670	670	0.0090471	0	1.02	1.02
2.2	0.00283194	0.000199008	4063.66	1050	105	3516.59	44.2077	44.2077	176.831	176.831	0 95342.9 25963.6 	121306	4.57457	6.55445	6700	670	0.095169	0	2.04	1.02
2.4	0.00254916	0.000415361	7976.34	1050	105	7428.02	44.3317	44.3317	177.327	177.327	0 41119.2 8891.98 	50011.2	6.27207	6.55445	6700	670	0.0639758	0	2.04	1.02
2.6	0.0025371	0.000440323	8457	1050	105	7908.92	44.3074	44.3074	177.23	177.23	0 38604.8 8346.94 	46951.7	6.36191	6.55445	6700	670	0.0636732	0	2.04	1.02
2.8	0.00258233	0.000378406	7305.4	1050	105	6758.12	44.2277	44.2277	176.911	176.911	0 45722.4 10033.1 	55755.4	6.03344	6.55445	6700	670	0.0661136	0	2.04	1.02
3	0.00254639	0.000425265	8172.98	1050	105	7625.96	44.2024	44.2024	176.81	176.81	0 40118 8656.72 	48774.8	6.29256	6.55445	6700	670	0.0638186	0	2.04	1.02
3.2	0.00253603	0.000447508	8602.83	1050	105	8056.06	44.1771	44.1771	176.708	176.708	0 37968.9 8193.96 	46162.9	6.37	6.55445	6700	670	0.0635841	0	2.04	1.02
3.4	0.0025801	0.000384634	7428.02	1050	105	6882.04	44.0977	44.0977	176.391	176.391	0 44943.2 9822.7 	54765.9	6.04909	6.55445	6700	670	0.0658138	0	2.04	1.02
3.6	0.00254606	0.000429979	8269.67	1050	105	7723.95	44.0724	44.0724	176.29	176.29	0 39673.1 8538.21 	48211.3	6.29499	6.55445	6700	670	0.0636895	0	2.04	1.02
3.8	0.00253616	0.00045117	8679.41	1050	105	8133.94	44.047	44.047	176.188	176.188	0 37662.6 8105.06 	45767.6	6.36902	6.55445	6700	670	0.0634541	0	2.04	1.02
4	0.00258061	0.000387709	7492.93	1050	105	6948.25	43.9678	43.9678	175.871	175.871	0 44595.6 9721.66 	54317.3	6.0455	6.55445	6700	670	0.0657061	0	2.04	1.02
4.2	0.00254657	0.000432574	8325.03	1050	105	7780.6	43.943	43.943	175.772	175.772	0 39443 8463 	47906	6.29118	6.55445	6700	670	0.0635512	0	2.04	1.02
4.4	0.00253671	0.000453353	8726.59	1050	105	8182.41	43.9181	43.9181	175.672	175.672	0 37489.4 8041.17 	45530.6	6.36485	6.55445	6700	670	0.0632962	0	2.04	1.02
4.6	0.00258051	0.000390925	7559.21	1050	105	7015.82	43.8392	43.8392	175.357	175.357	0 44227 9609.33 	53836.3	6.04619	6.55445	6700	670	0.0655214	0	2.04	1.02
4.8	0.00254636	0.000436116	8397.91	1050	105	7854.77	43.8145	43.8145	175.258	175.258	0 39119.4 8365.42 	47484.8	6.29279	6.55445	6700	670	0.0633684	0	2.04	1.02
5	0.00253686	0.000456081	8783.93	1050	105	8241.03	43.7898	43.7898	175.159	175.159	0 37267.5 7965.9 	45233.4	6.36368	6.55445	6700	670	0.0631156	0	2.04	1.02
5.2	0.00257834	0.000395823	7654.67	1050	105	7112.55	43.7111	43.7111	174.844	174.844	0 43642.8 9435.36 	53078.2	6.06152	6.55445	6700	670	0.0651475	0	2.04	1.02
5.4	0.00254505	0.000441413	8504.03	1050	105	7962.17	43.6861	43.6861	174.744	174.744	0 38630.1 8231.13 	46861.2	6.3025	6.55445	6700	670	0.063139	0	2.04	1.02
5.6	0.00253642	0.0004599	8862.18	1050	105	8320.57	43.6611	43.6611	174.644	174.644	0 36951.5 7870.64 	44822.1	6.36704	6.55445	6700	670	0.0629164	0	2.04	1.02
5.8	0.00257708	0.000399687	7731.27	1050	105	7190.44	43.5827	43.5827	174.331	174.331	0 43199.9 9297.86 	52497.7	6.07039	6.55445	6700	670	0.0648406	0	2.04	1.02
6	0.00254473	0.000444702	8571.5	1050	105	8030.92	43.5579	43.5579	174.231	174.231	0 38339.6 8139.04 	46478.6	6.30487	6.55445	6700	670	0.0629279	0	2.04	1.02
6.2	0.00253649	0.000462382	8914.24	1050	105	8373.91	43.533	43.533	174.132	174.132	0 36754.3 7799.21 	44553.5	6.36647	6.55445	6700	670	0.0627116	0	2.04	1.02
6.4	0.00257434	0.000404963	7833.03	1050	105	7293.48	43.4548	43.4548	173.819	173.819	0 42591.6 9116.52 	51708.2	6.08982	6.55445	6700	670	0.0644128	0	2.04	1.02
6.6	0.00254301	0.000450564	8688.31	1050	105	8149.01	43.4295	43.4295	173.718	173.718	0 37815.2 7997.46 	45812.6	6.31766	6.55445	6700	670	0.0626759	0	2.04	1.02
6.8	0.00253578	0.000466523	8998.48	1050	105	8459.43	43.4042	43.4042	173.617	173.617	0 36417.8 7699.52 	44117.3	6.37185	6.55445	6700	670	0.0624951	0	2.04	1.02
7	0.00257368	0.00040806	7895.46	1050	105	7357.2	43.3263	43.3263	173.305	173.305	0 42257.6 9006.77 	51264.4	6.09449	6.55445	6700	670	0.0641446	0	2.04	1.02
7.2	0.00254321	0.000452627	8731.97	1050	105	8193.95	43.3013	43.3013	173.205	173.205	0 37645.9 7930.81 	45576.7	6.31615	6.55445	6700	670	0.0624659	0	2.04	1.02
7.4	0.00253613	0.000468162	9033.92	1050	105	8496.15	43.2764	43.2764	173.105	173.105	0 36295.4 7643.03 	43938.4	6.36918	6.55445	6700	670	0.0622809	0	2.04	1.02
7.6	0.00252792	0.000489028	9444.12	1050	105	8906.67	43.2452	43.2452	172.981	172.981	0 34634.2 7306.15 	41940.4	6.43144	6.55445	6700	670	0.0622391	0	2.04	1.02
7.8	0.00252681	0.000492788	9519.39	1050	105	8982.25	43.2141	43.2141	172.856	172.856	0 34354.9 7242.09 	41596.9	6.43991	6.55445	6700	670	0.0621851	0	2.04	1.02
8	0.00256298	0.000424387	8203.87	1050	105	7667.51	43.1366	43.1366	172.546	172.546	0 40462.9 8519.41 	48982.3	6.17115	6.55445	6700	670	0.0630437	0	2.04	1.02
8.2	0.00254187	0.000459207	8865.15	1050	105	8329.03	43.1115	43.1115	172.446	172.446	0 37086.8 7762.56 	44849.3	6.32617	6.55445	6700	670	0.0620732	0	2.04	1.02
8.4	0.00253575	0.000472924	9132.39	1050	105	8596.52	43.0863	43.0863	172.345	172.345	0 35924.5 7515.94 	43440.4	6.37206	6.55445	6700	670	0.0619128	0	2.04	1.02
8.6	0.002528	0.000492689	9521.38	1050	105	8985.82	43.0556	43.0556	172.222	172.222	0 34377.8 7203.65 	41581.5	6.43087	6.55445	6700	670	0.0618679	0	2.04	1.02
8.8	0.0025272	0.000495589	9579.67	1050	105	9044.42	43.0249	43.0249	172.099	172.099	0 34165.9 7152.82 	41318.7	6.43696	6.55445	6700	670	0.0618075	0	2.04	1.02
9	0.00256413	0.000426672	8254.86	1050	105	7720.38	42.9477	42.9477	171.791	171.791	0 40264.4 8426.62 	48691.1	6.16281	6.55445	6700	670	0.0627446	0	2.04	1.02
9.2	0.00254277	0.000461223	8910.17	1050	105	8375.94	42.9233	42.9233	171.693	171.693	0 36937.8 7679.93 	44617.7	6.31948	6.55445	6700	670	0.0617244	0	2.04	1.02
9.4	0.00253666	0.000474671	9172.02	1050	105	8638.03	42.8989	42.8989	171.596	171.596	0 35805 7439.56 	43244.5	6.36524	6.55445	6700	670	0.0615496	0	2.04	1.02
9.6	0.00252885	0.000494224	9556.59	1050	105	9022.9	42.8689	42.8689	171.476	171.476	0 34282.6 7132.51 	41415.1	6.42441	6.55445	6700	670	0.0614835	0	2.04	1.02
9.8	0.0025281	0.000496921	9610.83	1050	105	9077.44	42.8389	42.8389	171.356	171.356	0 34086.5 7084.82 	41171.3	6.4301	6.55445	6700	670	0.061419	0	2.04	1.02
10	0.0025663	0.000427626	8281.2	1050	105	7748.58	42.7621	42.7621	171.048	171.048	0 40208.5 8368.11 	48576.6	6.14721	6.55445	6700	670	0.0625078	0	2.04	1.02
10.2	0.00254408	0.000462349	8938	1050	105	8405.62	42.7386	42.7386	170.955	170.955	0 36866.9 7613.84 	44480.7	6.30965	6.55445	6700	670	0.0613843	0	2.04	1.02
10.4	0.0025378	0.000475831	9200.14	1050	105	8667.99	42.7151	42.7151	170.86	170.86	0 35733.9 7373.27 	43107.2	6.35662	6.55445	6700	670	0.0611882	0	2.04	1.02
10.6	0.00252983	0.000495341	9583.53	1050	105	9051.67	42.6859	42.6859	170.743	170.743	0 34218.6 7067.81 	41286.4	6.41689	6.55445	6700	670	0.0610976	0	2.04	1.02
10.8	0.00252909	0.000497963	9636.23	1050	105	9104.66	42.6566	42.6566	170.626	170.626	0 34028.5 7021.37 	41049.9	6.42253	6.55445	6700	670	0.0610298	0	2.04	1.02
11	0.00256871	0.000428311	8302.67	1050	105	7771.87	42.5802	42.5802	170.321	170.321	0 40181.8 8317.37 	48499.2	6.12995	6.55445	6700	670	0.0622898	0	2.04	1.02
11.2	0.00254549	0.000463302	8962.48	1050	105	8431.91	42.5577	42.5577	170.231	170.231	0 36811.4 7551.51 	44362.9	6.29921	6.55445	6700	670	0.0610486	0	2.04	1.02
11.4	0.00253899	0.000476878	9226.08	1050	105	8695.73	42.535	42.535	170.14	170.14	0 35672.2 7309.4 	42981.6	6.34768	6.55445	6700	670	0.0608292	0	2.04	1.02
11.6	0.00253084	0.000496379	9608.91	1050	105	9078.84	42.5066	42.5066	170.026	170.026	0 34160.7 7004.81 	41165.5	6.4092	6.55445	6700	670	0.0607133	0	2.04	1.02
11.8	0.0025301	0.000498949	9660.54	1050	105	9130.76	42.4781	42.4781	169.912	169.912	0 33974.7 6959.26 	40934	6.41486	6.55445	6700	670	0.0606426	0	2.04	1.02
12	0.00257121	0.000428938	8323.23	1050	105	7794.21	42.402	42.402	169.608	169.608	0 40162.1 8269.26 	48431.4	6.11209	6.55445	6700	670	0.0620829	0	2.04	1.02
12.2	0.00254692	0.000464224	8986.43	1050	105	8457.63	42.3804	42.3804	169.522	169.522	0 36758.9 7490.46 	44249.4	6.28861	6.55445	6700	670	0.0607169	0	2.04	1.02
12.4	0.00254019	0.00047791	9251.76	1050	105	8723.17	42.3587	42.3587	169.435	169.435	0 35612 7246.47 	42858.4	6.33869	6.55445	6700	670	0.0604734	0	2.04	1.02
12.6	0.00253186	0.000497409	9634.13	1050	105	9105.82	42.331	42.331	169.324	169.324	0 34103.7 6942.58 	41046.2	6.40151	6.55445	6700	670	0.0603318	0	2.04	1.02
12.8	0.00253111	0.000499931	9684.77	1050	105	9156.74	42.3033	42.3033	169.213	169.213	0 33921.5 6897.85 	40819.4	6.40719	6.55445	6700	670	0.0602582	0	2.04	1.02
13	0.00252637	0.000512919	9942.65	1050	105	9414.91	42.2735	42.2735	169.094	169.094	0 33000.7 6715.69 	39716.4	6.44331	6.55445	6700	670	0.060229	0	2.04	1.02
13.2	0.00252755	0.000510586	9897.45	1050	105	9370.01	42.2436	42.2436	168.974	168.974	0 33166.9 6736.8 	39903.7	6.43433	6.55445	6700	670	0.0601437	0	2.04	1.02
13.4	0.00256663	0.000439184	8523.71	1050	105	7997.03	42.168	42.168	168.672	168.672	0 39155.5 7966.24 	47121.7	6.14482	6.55445	6700	670	0.0612485	0	2.04	1.02
13.6	0.0025456	0.000471611	9137.24	1050	105	8610.78	42.1463	42.1463	168.585	168.585	0 36164.3 7298.88 	43463.2	6.29839	6.55445	6700	670	0.0601568	0	2.04	1.02
13.8	0.00254	0.00048326	9363.67	1050	105	8837.43	42.1246	42.1246	168.498	168.498	0 35214.9 7097.63 	42312.5	6.34018	6.55445	6700	670	0.0599478	0	2.04	1.02
14	0.00253217	0.000501563	9722.94	1050	105	9196.96	42.0975	42.0975	168.39	168.39	0 33825.3 6819.14 	40644.4	6.39917	6.55445	6700	670	0.0598054	0	2.04	1.02
14.2	0.00253179	0.000503142	9754.97	1050	105	9229.26	42.0703	42.0703	168.281	168.281	0 33714.1 6788.1 	40502.2	6.40205	6.55445	6700	670	0.0597293	0	2.04	1.02
14.4	0.0025272	0.000515547	10001.3	1050	105	9475.86	42.0413	42.0413	168.165	168.165	0 32843.2 6616.17 	39459.3	6.437	6.55445	6700	670	0.0596865	0	2.04	1.02
14.6	0.00252856	0.000512726	9946.39	1050	105	9421.27	42.0122	42.0122	168.049	168.049	0 33041.7 6643.17 	39684.9	6.42657	6.55445	6700	670	0.0596011	0	2.04	1.02
14.8	0.00256853	0.000441593	8580	1050	105	8055.63	41.9371	41.9371	167.748	167.748	0 38970.6 7861.15 	46831.7	6.13124	6.55445	6700	670	0.0608397	0	2.04	1.02
15	0.00254668	0.000474376	9198.94	1050	105	8674.78	41.9163	41.9163	167.665	167.665	0 35968.8 7190.3 	43159.1	6.29039	6.55445	6700	670	0.0596621	0	2.04	1.02
15.2	0.00254116	0.000485614	9417.19	1050	105	8893.24	41.8954	41.8954	167.582	167.582	0 35060.3 6997.71 	42058	6.33148	6.55445	6700	670	0.0594417	0	2.04	1.02
15.4	0.00253328	0.000503622	9770.35	1050	105	9246.66	41.8692	41.8692	167.477	167.477	0 33701.8 6725.91 	40427.7	6.39075	6.55445	6700	670	0.0592754	0	2.04	1.02
15.6	0.00253299	0.000504921	9796.84	1050	105	9273.41	41.843	41.843	167.372	167.372	0 33611.3 6698.91 	40310.2	6.3929	6.55445	6700	670	0.0591975	0	2.04	1.02
15.8	0.00252836	0.000517158	10039.6	1050	105	9516.46	41.8149	41.8149	167.26	167.26	0 32755.9 6530.42 	39286.3	6.42814	6.55445	6700	670	0.0591387	0	2.04	1.02
16	0.00252981	0.00051416	9981.23	1050	105	9458.36	41.7867	41.7867	167.147	167.147	0 32965.8 6559.44 	39525.3	6.41709	6.55445	6700	670	0.059056	0	2.04	1.02
16.2	0.0025264	0.000523748	10172.4	1050	105	9649.84	41.7579	41.7579	167.032	167.032	0 32318.7 6431.53 	38750.2	6.4431	6.55445	6700	670	0.0590136	0	2.04	1.02
16.4	0.00252858	0.000518749	10074.2	1050	105	9551.91	41.7291	41.7291	166.916	166.916	0 32658.4 6483.96 	39142.4	6.4264	6.55445	6700	670	0.0589202	0	2.04	1.02
16.6	0.0025257	0.000527089	10240.9	1050	105	9718.86	41.7001	41.7001	166.8	166.8	0 32105 6373.91 	38478.9	6.44845	6.55445	6700	670	0.0588784	0	2.04	1.02
16.8	0.00252823	0.000521135	10123.6	1050	105	9601.85	41.6711	41.6711	166.684	166.684	0 32504.2 6436.87 	38941.1	6.42914	6.55445	6700	670	0.0587789	0	2.04	1.02
17	0.00252557	0.000528879	10278.5	1050	105	9757.04	41.6421	41.6421	166.569	166.569	0 31994.7 6335.09 	38329.8	6.44946	6.55445	6700	670	0.0587347	0	2.04	1.02
17.2	0.00252826	0.000522463	10151.9	1050	105	9630.75	41.6132	41.6132	166.453	166.453	0 32422.1 6402.94 	38825	6.42888	6.55445	6700	670	0.0586326	0	2.04	1.02
17.4	0.0025257	0.00052992	10301.1	1050	105	9780.26	41.5844	41.5844	166.338	166.338	0 31933.4 6305.1 	38238.5	6.44846	6.55445	6700	670	0.0585854	0	2.04	1.02
17.6	0.00252847	0.000523274	10169.9	1050	105	9649.37	41.5556	41.5556	166.222	166.222	0 32374.6 6375.25 	38749.8	6.42724	6.55445	6700	670	0.0584828	0	2.04	1.02
17.8	0.00252595	0.000530594	10316.4	1050	105	9796.1	41.5271	41.5271	166.108	166.108	0 31896 6279.35 	38175.4	6.44655	6.55445	6700	670	0.0584325	0	2.04	1.02
18	0.00252877	0.000523831	10182.8	1050	105	9662.85	41.4985	41.4985	165.994	165.994	0 32344 6350.59 	38694.6	6.42496	6.55445	6700	670	0.0583306	0	2.04	1.02
18.2	0.00252625	0.000531084	10327.9	1050	105	9808.22	41.4702	41.4702	165.881	165.881	0 31870.4 6255.68 	38126.1	6.44423	6.55445	6700	670	0.0582774	0	2.04	1.02
18.4	0.00252911	0.000524257	10193.1	1050	105	9673.72	41.4418	41.4418	165.767	165.767	0 32322 6327.46 	38649.4	6.4224	6.55445	6700	670	0.0581769	0	2.04	1.02
18.6	0.00252658	0.000531479	10337.6	1050	105	9818.41	41.4138	41.4138	165.655	165.655	0 31850.9 6233.07 	38083.9	6.44172	6.55445	6700	670	0.058121	0	2.04	1.02
18.8	0.00252946	0.000524616	10202	1050	105	9683.19	41.3857	41.3857	165.543	165.543	0 32304.4 6305.12 	38609.5	6.41972	6.55445	6700	670	0.0580221	0	2.04	1.02
19	0.00252692	0.000531824	10346.1	1050	105	9827.57	41.3579	41.3579	165.432	165.432	0 31834.5 6211.03 	38045.5	6.43913	6.55445	6700	670	0.0579637	0	2.04	1.02
19.2	0.00252982	0.000524937	10210.2	1050	105	9691.89	41.33	41.33	165.32	165.32	0 32289.2 6283.22 	38572.4	6.41699	6.55445	6700	670	0.0578668	0	2.04	1.02
19.4	0.00252726	0.00053214	10354.1	1050	105	9836.13	41.3025	41.3025	165.21	165.21	0 31819.9 6189.33 	38009.2	6.43652	6.55445	6700	670	0.0578058	0	2.04	1.02
19.6	0.00253018	0.000525236	10217.9	1050	105	9700.14	41.2749	41.2749	165.1	165.1	0 32275.4 6261.59 	38537	6.41424	6.55445	6700	670	0.0577111	0	2.04	1.02
19.8	0.0025276	0.000532439	10361.8	1050	105	9844.33	41.2476	41.2476	164.99	164.99	0 31806.3 6167.85 	37974.2	6.4339	6.55445	6700	670	0.0576478	0	2.04	1.02
20	0.00253054	0.000525523	10225.3	1050	105	9708.11	41.2202	41.2202	164.881	164.881	0 32262.4 6240.15 	38502.5	6.4115	6.55445	6700	670	0.0575553	0	2.04	1.02
20.2	0.00252794	0.000532729	10369.2	1050	105	9852.31	41.1932	41.1932	164.773	164.773	0 31793.3 6146.53 	37939.9	6.43129	6.55445	6700	670	0.0574897	0	2.04	1.02
20.4	0.0025309	0.000525802	10232.6	1050	105	9715.9	41.1661	41.1661	164.664	164.664	0 32249.9 6218.86 	38468.8	6.40876	6.55445	6700	670	0.0573995	0	2.04	1.02
20.6	0.00252829	0.000533011	10376.5	1050	105	9860.13	41.1393	41.1393	164.557	164.557	0 31780.8 6125.32 	37906.1	6.42868	6.55445	6700	670	0.0573316	0	2.04	1.02
20.8	0.00253126	0.000526074	10239.7	1050	105	9723.56	41.1124	41.1124	164.45	164.45	0 32237.8 6197.68 	38435.4	6.40602	6.55445	6700	670	0.0572439	0	2.04	1.02
21	0.00252863	0.000533289	10383.7	1050	105	9867.86	41.0859	41.0859	164.343	164.343	0 31768.5 6104.23 	37872.7	6.42609	6.55445	6700	670	0.0571738	0	2.04	1.02
21.2	0.00253162	0.000526343	10246.7	1050	105	9731.15	41.0593	41.0593	164.237	164.237	0 32225.9 6176.61 	38402.5	6.40329	6.55445	6700	670	0.0570885	0	2.04	1.02
21.4	0.00252897	0.000533564	10390.8	1050	105	9875.51	41.0329	41.0329	164.132	164.132	0 31756.4 6083.23 	37839.7	6.4235	6.55445	6700	670	0.0570162	0	2.04	1.02
21.6	0.00253198	0.00052661	10253.7	1050	105	9738.66	41.0066	41.0066	164.026	164.026	0 32214.1 6155.63 	38369.7	6.40057	6.55445	6700	670	0.0569334	0	2.04	1.02
21.8	0.0025293	0.000533836	10397.9	1050	105	9883.11	40.9805	40.9805	163.922	163.922	0 31744.5 6062.33 	37806.8	6.42091	6.55445	6700	670	0.056859	0	2.04	1.02
22	0.00253234	0.000526875	10260.7	1050	105	9746.14	40.9544	40.9544	163.818	163.818	0 32202.5 6134.74 	38337.2	6.39785	6.55445	6700	670	0.0567787	0	2.04	1.02
22.2	0.00252964	0.000534107	10405	1050	105	9890.68	40.9286	40.9286	163.714	163.714	0 31732.6 6041.51 	37774.1	6.41833	6.55445	6700	670	0.0567021	0	2.04	1.02
22.4	0.0025327	0.000527138	10267.6	1050	105	9753.58	40.9027	40.9027	163.611	163.611	0 32191 6113.94 	38304.9	6.39514	6.55445	6700	670	0.0566244	0	2.04	1.02
22.6	0.00252998	0.000534377	10412	1050	105	9898.21	40.8771	40.8771	163.508	163.508	0 31720.8 6020.77 	37741.6	6.41576	6.55445	6700	670	0.0565456	0	2.04	1.02
22.8	0.00253305	0.000527401	10274.5	1050	105	9761	40.8515	40.8515	163.406	163.406	0 32179.5 6093.22 	38272.7	6.39244	6.55445	6700	670	0.0564705	0	2.04	1.02
23	0.00253032	0.000534647	10419	1050	105	9905.73	40.8261	40.8261	163.305	163.305	0 31709 6000.12 	37709.1	6.4132	6.55445	6700	670	0.0563896	0	2.04	1.02
23.2	0.00253341	0.000527663	10281.4	1050	105	9768.41	40.8007	40.8007	163.203	163.203	0 32168 6072.58 	38240.6	6.38974	6.55445	6700	670	0.056317	0	2.04	1.02
23.4	0.00253066	0.000534916	10426	1050	105	9913.24	40.7756	40.7756	163.103	163.103	0 31697.3 5979.54 	37676.8	6.41064	6.55445	6700	670	0.0562339	0	2.04	1.02
23.6	0.00253377	0.000527924	10288.3	1050	105	9775.8	40.7505	40.7505	163.002	163.002	0 32156.6 6052.03 	38208.6	6.38704	6.55445	6700	670	0.056164	0	2.04	1.02
23.8	0.00253099	0.000535185	10433	1050	105	9920.73	40.7256	40.7256	162.902	162.902	0 31685.6 5959.04 	37644.6	6.40809	6.55445	6700	670	0.0560788	0	2.04	1.02
24	0.00253412	0.000528186	10295.2	1050	105	9783.19	40.7007	40.7007	162.803	162.803	0 32145.2 6031.55 	38176.7	6.38435	6.55445	6700	670	0.0560115	0	2.04	1.02
24.2	0.00253133	0.000535454	10440	1050	105	9928.22	40.676	40.676	162.704	162.704	0 31673.9 5938.62 	37612.5	6.40554	6.55445	6700	670	0.0559241	0	2.04	1.02
24.4	0.00253448	0.000528447	10302.1	1050	105	9790.57	40.6514	40.6514	162.605	162.605	0 32133.8 6011.15 	38144.9	6.38166	6.55445	6700	670	0.0558594	0	2.04	1.02
24.6	0.00253166	0.000535723	10447	1050	105	9935.71	40.627	40.627	162.508	162.508	0 31662.2 5918.28 	37580.4	6.40299	6.55445	6700	670	0.0557698	0	2.04	1.02
24.8	0.00253484	0.000528709	10309	1050	105	9797.95	40.6025	40.6025	162.41	162.41	0 32122.4 5990.84 	38113.2	6.37897	6.55445	6700	670	0.0557078	0	2.04	1.02
25	0.002532	0.000535992	10454	1050	105	9943.2	40.5783	40.5783	162.313	162.313	0 31650.4 5898.01 	37548.5	6.40045	6.55445	6700	670	0.0556161	0	2.04	1.02
25.2	0.00253519	0.000528971	10315.9	1050	105	9805.33	40.5541	40.5541	162.217	162.217	0 32111 5970.59 	38081.6	6.37629	6.55445	6700	670	0.0555568	0	2.04	1.02
25.4	0.00253233	0.000536261	10461	1050	105	9950.68	40.5302	40.5302	162.121	162.121	0 31638.7 5877.82 	37516.5	6.39792	6.55445	6700	670	0.0554628	0	2.04	1.02
25.6	0.00253555	0.000529233	10322.8	1050	105	9812.71	40.5062	40.5062	162.025	162.025	0 32099.6 5950.43 	38050	6.37362	6.55445	6700	670	0.0554062	0	2.04	1.02
25.8	0.00253267	0.000536531	10468	1050	105	9958.17	40.4825	40.4825	161.93	161.93	0 31627 5857.7 	37484.7	6.39539	6.55445	6700	670	0.05531	0	2.04	1.02
26	0.0025359	0.000529495	10329.7	1050	105	9820.1	40.4588	40.4588	161.835	161.835	0 32088.2 5930.34 	38018.5	6.37094	6.55445	6700	670	0.0552561	0	2.04	1.02
26.2	0.002533	0.000536801	10475	1050	105	9965.66	40.4353	40.4353	161.741	161.741	0 31615.3 5837.65 	37452.9	6.39286	6.55445	6700	670	0.0551577	0	2.04	1.02
26.4	0.00253626	0.000529758	10336.6	1050	105	9827.48	40.4118	40.4118	161.647	161.647	0 32076.8 5910.33 	37987.1	6.36827	6.55445	6700	670	0.0551065	0	2.04	1.02
26.6	0.00253333	0.000537071	10482	1050	105	9973.15	40.3885	40.3885	161.554	161.554	0 31603.5 5817.68 	37421.2	6.39034	6.55445	6700	670	0.0550059	0	2.04	1.02
26.8	0.00253661	0.000530021	10343.5	1050	105	9834.87	40.3652	40.3652	161.461	161.461	0 32065.3 5890.39 	37955.7	6.3656	6.55445	6700	670	0.0549573	0	2.04	1.02
27	0.00253366	0.000537342	10489.1	1050	105	9980.65	40.3422	40.3422	161.369	161.369	0 31591.7 5797.79 	37389.5	6.38783	6.55445	6700	670	0.0548546	0	2.04	1.02
27.2	0.00253696	0.000530284	10350.5	1050	105	9842.26	40.3191	40.3191	161.277	161.277	0 32053.9 5870.53 	37924.4	6.36294	6.55445	6700	670	0.0548087	0	2.04	1.02
27.4	0.002534	0.000537613	10496.1	1050	105	9988.15	40.2963	40.2963	161.185	161.185	0 31579.9 5777.97 	37357.9	6.38531	6.55445	6700	670	0.0547037	0	2.04	1.02
27.6	0.00253732	0.000530548	10357.4	1050	105	9849.66	40.2735	40.2735	161.094	161.094	0 32042.4 5850.74 	37893.2	6.36028	6.55445	6700	670	0.0546606	0	2.04	1.02
27.8	0.00253433	0.000537884	10503.2	1050	105	9995.66	40.2509	40.2509	161.004	161.004	0 31568.1 5758.21 	37326.3	6.3828	6.55445	6700	670	0.0545534	0	2.04	1.02
28	0.00253767	0.000530812	10364.3	1050	105	9857.06	40.2283	40.2283	160.913	160.913	0 32030.9 5831.02 	37862	6.35762	6.55445	6700	670	0.054513	0	2.04	1.02
28.2	0.00253466	0.000538156	10510.2	1050	105	10003.2	40.206	40.206	160.824	160.824	0 31556.3 5738.54 	37294.8	6.3803	6.55445	6700	670	0.0544035	0	2.04	1.02
28.4	0.00253802	0.000531076	10371.3	1050	105	9864.47	40.1836	40.1836	160.734	160.734	0 32019.4 5811.38 	37830.8	6.35496	6.55445	6700	670	0.0543659	0	2.04	1.02
28.6	0.00253499	0.000538428	10517.3	1050	105	10010.7	40.1615	40.1615	160.646	160.646	0 31544.5 5718.93 	37263.4	6.3778	6.55445	6700	670	0.0542541	0	2.04	1.02
28.8	0.00253838	0.000531341	10378.3	1050	105	9871.88	40.1393	40.1393	160.557	160.557	0 32007.9 5791.82 	37799.8	6.35231	6.55445	6700	670	0.0542193	0	2.04	1.02
29	0.00253532	0.000538701	10524.4	1050	105	10018.2	40.1174	40.1174	160.47	160.47	0 31532.6 5699.4 	37232	6.3753	6.55445	6700	670	0.0541052	0	2.04	1.02
29.2	0.00253873	0.000531606	10385.3	1050	105	9879.3	40.0955	40.0955	160.382	160.382	0 31996.4 5772.33 	37768.7	6.34966	6.55445	6700	670	0.0540732	0	2.04	1.02
29.4	0.00253565	0.000538975	10531.5	1050	105	10025.7	40.0738	40.0738	160.295	160.295	0 31520.7 5679.94 	37200.7	6.37281	6.55445	6700	670	0.0539568	0	2.04	1.02
29.6	0.00253908	0.000531872	10392.2	1050	105	9886.73	40.0521	40.0521	160.208	160.208	0 31984.9 5752.91 	37737.8	6.34701	6.55445	6700	670	0.0539275	0	2.04	1.02
29.8	0.00253598	0.000539248	10538.6	1050	105	10033.3	40.0306	40.0306	160.122	160.122	0 31508.8 5660.55 	37169.4	6.37032	6.55445	6700	670	0.0538089	0	2.04	1.02
30	0.00253944	0.000532138	10399.3	1050	105	9894.16	40.0091	40.0091	160.036	160.036	0 31973.3 5733.57 	37706.9	6.34437	6.55445	6700	670	0.0537824	0	2.04	1.02
30.2	0.00253631	0.000539523	10545.7	1050	105	10040.8	39.9879	39.9879	159.952	159.952	0 31496.9 5641.23 	37138.1	6.36784	6.55445	6700	670	0.0536614	0	2.04	1.02
30.4	0.00253979	0.000532405	10406.3	1050	105	9901.6	39.9666	39.9666	159.866	159.866	0 31961.7 5714.29 	37676	6.34172	6.55445	6700	670	0.0536378	0	2.04	1.02
30.6	0.00253664	0.000539797	10552.8	1050	105	10048.4	39.9456	39.9456	159.782	159.782	0 31485 5621.98 	37106.9	6.36536	6.55445	6700	670	0.0535145	0	2.04	1.02
30.8	0.00254014	0.000532672	10413.3	1050	105	9909.04	39.9245	39.9245	159.698	159.698	0 31950.2 5695.1 	37645.3	6.33909	6.55445	6700	670	0.0534936	0	2.04	1.02
31	0.00253697	0.000540073	10560	1050	105	10055.9	39.9037	39.9037	159.615	159.615	0 31473 5602.81 	37075.8	6.36288	6.55445	6700	670	0.053368	0	2.04	1.02
31.2	0.00254049	0.000532939	10420.3	1050	105	9916.49	39.8829	39.8829	159.531	159.531	0 31938.5 5675.97 	37614.5	6.33645	6.55445	6700	670	0.05335	0	2.04	1.02
31.4	0.0025373	0.000540348	10567.1	1050	105	10063.5	39.8623	39.8623	159.449	159.449	0 31461 5583.7 	37044.7	6.36041	6.55445	6700	670	0.053222	0	2.04	1.02
31.6	0.00254085	0.000533207	10427.4	1050	105	9923.95	39.8416	39.8416	159.367	159.367	0 31926.9 5656.92 	37583.8	6.33382	6.55445	6700	670	0.0532069	0	2.04	1.02
31.8	0.00253763	0.000540624	10574.3	1050	105	10071	39.8213	39.8213	159.285	159.285	0 31449 5564.67 	37013.7	6.35794	6.55445	6700	670	0.0530765	0	2.04	1.02
32	0.0025412	0.000533476	10434.4	1050	105	9931.41	39.8008	39.8008	159.203	159.203	0 31915.3 5637.93 	37553.2	6.33118	6.55445	6700	670	0.0530642	0	2.04	1.02
32.2	0.00253796	0.000540901	10581.4	1050	105	10078.6	39.7807	39.7807	159.123	159.123	0 31437 5545.7 	36982.7	6.35548	6.55445	6700	670	0.0529315	0	2.04	1.02
32.4	0.00254155	0.000533745	10441.5	1050	105	9938.89	39.7605	39.7605	159.042	159.042	0 31903.6 5619.02 	37522.6	6.32855	6.55445	6700	670	0.0529221	0	2.04	1.02
32.6	0.00253828	0.000541179	10588.6	1050	105	10086.2	39.7405	39.7405	158.962	158.962	0 31424.9 5526.81 	36951.7	6.35302	6.55445	6700	670	0.052787	0	2.04	1.02
32.8	0.0025419	0.000534014	10448.6	1050	105	9946.37	39.7205	39.7205	158.882	158.882	0 31891.9 5600.19 	37492.1	6.32593	6.55445	6700	670	0.0527804	0	2.04	1.02
33	0.00253861	0.000541456	10595.8	1050	105	10093.8	39.7008	39.7008	158.803	158.803	0 31412.9 5507.98 	36920.8	6.35056	6.55445	6700	670	0.0526429	0	2.04	1.02
33.2	0.00254225	0.000534284	10455.7	1050	105	9953.86	39.681	39.681	158.724	158.724	0 31880.2 5581.42 	37461.6	6.3233	6.55445	6700	670	0.0526392	0	2.04	1.02
33.4	0.00253894	0.000541735	10603	1050	105	10101.4	39.6615	39.6615	158.646	158.646	0 31400.8 5489.22 	36890	6.3481	6.55445	6700	670	0.0524993	0	2.04	1.02
33.6	0.0025426	0.000534555	10462.8	1050	105	9961.35	39.6419	39.6419	158.568	158.568	0 31868.5 5562.72 	37431.2	6.32068	6.55445	6700	670	0.0524986	0	2.04	1.02
33.8	0.00253926	0.000542014	10610.2	1050	105	10109	39.6226	39.6226	158.49	158.49	0 31388.6 5470.54 	36859.2	6.34565	6.55445	6700	670	0.0523562	0	2.04	1.02
34	0.00254296	0.000534826	10469.9	1050	105	9968.86	39.6033	39.6033	158.413	158.413	0 31856.7 5544.1 	37400.8	6.31806	6.55445	6700	670	0.0523584	0	2.04	1.02
34.2	0.00253959	0.000542293	10617.5	1050	105	10116.6	39.5842	39.5842	158.337	158.337	0 31376.5 5451.92 	36828.4	6.34321	6.55445	6700	670	0.0522136	0	2.04	1.02
34.4	0.00254331	0.000535097	10477	1050	105	9976.37	39.565	39.565	158.26	158.26	0 31845 5525.54 	37370.5	6.31544	6.55445	6700	670	0.0522187	0	2.04	1.02
34.6	0.00253992	0.000542573	10624.7	1050	105	10124.3	39.5461	39.5461	158.184	158.184	0 31364.3 5433.37 	36797.7	6.34076	6.55445	6700	670	0.0520715	0	2.04	1.02
34.8	0.00254366	0.000535369	10484.2	1050	105	9983.89	39.5271	39.5271	158.109	158.109	0 31833.2 5507.06 	37340.3	6.31283	6.55445	6700	670	0.0520795	0	2.04	1.02
35	0.00254024	0.000542854	10632	1050	105	10131.9	39.5085	39.5085	158.034	158.034	0 31352.1 5414.89 	36767	6.33832	6.55445	6700	670	0.0519298	0	2.04	1.02
35.2	0.00254401	0.000535642	10491.3	1050	105	9991.42	39.4897	39.4897	157.959	157.959	0 31821.4 5488.64 	37310	6.31022	6.55445	6700	670	0.0519408	0	2.04	1.02
35.4	0.00254057	0.000543135	10639.2	1050	105	10139.5	39.4712	39.4712	157.885	157.885	0 31339.9 5396.48 	36736.4	6.33589	6.55445	6700	670	0.0517886	0	2.04	1.02
35.6	0.00254436	0.000535915	10498.5	1050	105	9998.96	39.4527	39.4527	157.811	157.811	0 31809.6 5470.3 	37279.9	6.3076	6.55445	6700	670	0.0518025	0	2.04	1.02
35.8	0.00254089	0.000543417	10646.5	1050	105	10147.2	39.4344	39.4344	157.738	157.738	0 31327.7 5378.13 	36705.8	6.33345	6.55445	6700	670	0.0516479	0	2.04	1.02
36	0.00254471	0.000536188	10505.7	1050	105	10006.5	39.4161	39.4161	157.664	157.664	0 31797.7 5452.03 	37249.7	6.305	6.55445	6700	670	0.0516648	0	2.04	1.02
36.2	0.00254122	0.000543699	10653.8	1050	105	10154.8	39.398	39.398	157.592	157.592	0 31315.4 5359.85 	36675.3	6.33102	6.55445	6700	670	0.0515077	0	2.04	1.02
36.4	0.00254506	0.000536463	10512.9	1050	105	10014.1	39.3799	39.3799	157.519	157.519	0 31785.8 5433.82 	37219.7	6.30239	6.55445	6700	670	0.0515276	0	2.04	1.02
36.6	0.00254154	0.000543982	10661.1	1050	105	10162.5	39.362	39.362	157.448	157.448	0 31303.1 5341.65 	36644.8	6.3286	6.55445	6700	670	0.0513679	0	2.04	1.02
36.8	0.00254541	0.000536737	10520.1	1050	105	10021.6	39.3441	39.3441	157.376	157.376	0 31774 5415.69 	37189.6	6.29978	6.55445	6700	670	0.0513908	0	2.04	1.02
37	0.00254187	0.000544266	10668.5	1050	105	10170.2	39.3264	39.3264	157.306	157.306	0 31290.8 5323.5 	36614.3	6.32617	6.55445	6700	670	0.0512286	0	2.04	1.02
37.2	0.00254576	0.000537012	10527.3	1050	105	10029.2	39.3087	39.3087	157.235	157.235	0 31762 5397.62 	37159.7	6.29718	6.55445	6700	670	0.0512545	0	2.04	1.02
37.4	0.00254219	0.00054455	10675.8	1050	105	10177.9	39.2912	39.2912	157.165	157.165	0 31278.5 5305.43 	36583.9	6.32375	6.55445	6700	670	0.0510898	0	2.04	1.02
37.6	0.00254611	0.000537288	10534.5	1050	105	10036.8	39.2736	39.2736	157.095	157.095	0 31750.1 5379.62 	37129.7	6.29458	6.55445	6700	670	0.0511188	0	2.04	1.02
37.8	0.00254252	0.000544835	10683.2	1050	105	10185.6	39.2564	39.2564	157.026	157.026	0 31266.1 5287.42 	36553.5	6.32134	6.55445	6700	670	0.0509515	0	2.04	1.02
38	0.00254647	0.000537565	10541.8	1050	105	10044.4	39.239	39.239	156.956	156.956	0 31738.2 5361.69 	37099.9	6.29198	6.55445	6700	670	0.0509835	0	2.04	1.02
38.2	0.00254284	0.00054512	10690.5	1050	105	10193.3	39.222	39.222	156.888	156.888	0 31253.7 5269.48 	36523.2	6.31892	6.55445	6700	670	0.0508136	0	2.04	1.02
38.4	0.00254682	0.000537842	10549	1050	105	10052	39.2048	39.2048	156.819	156.819	0 31726.2 5343.83 	37070	6.28938	6.55445	6700	670	0.0508486	0	2.04	1.02
38.6	0.00254316	0.000545406	10697.9	1050	105	10201	39.188	39.188	156.752	156.752	0 31241.3 5251.61 	36492.9	6.31651	6.55445	6700	670	0.0506762	0	2.04	1.02
38.8	0.00254717	0.000538119	10556.3	1050	105	10059.6	39.171	39.171	156.684	156.684	0 31714.2 5326.04 	37040.2	6.28678	6.55445	6700	670	0.0507143	0	2.04	1.02
39	0.00254349	0.000545693	10705.3	1050	105	10208.8	39.1544	39.1544	156.617	156.617	0 31228.9 5233.8 	36462.7	6.3141	6.55445	6700	670	0.0505393	0	2.04	1.02
39.2	0.00254752	0.000538398	10563.6	1050	105	10067.2	39.1376	39.1376	156.55	156.55	0 31702.2 5308.32 	37010.5	6.28419	6.55445	6700	670	0.0505805	0	2.04	1.02
39.4	0.00254381	0.00054598	10712.7	1050	105	10216.5	39.1211	39.1211	156.485	156.485	0 31216.4 5216.06 	36432.5	6.3117	6.55445	6700	670	0.0504028	0	2.04	1.02
39.6	0.00254787	0.000538676	10570.9	1050	105	10074.9	39.1046	39.1046	156.418	156.418	0 31690.1 5290.66 	36980.8	6.28159	6.55445	6700	670	0.0504471	0	2.04	1.02
39.8	0.00254413	0.000546268	10720.1	1050	105	10224.3	39.0883	39.0883	156.353	156.353	0 31203.9 5198.38 	36402.3	6.3093	6.55445	6700	670	0.0502668	0	2.04	1.02
40	0.00254822	0.000538956	10578.2	1050	105	10082.5	39.0719	39.0719	156.288	156.288	0 31678 5273.07 	36951.1	6.279	6.55445	6700	670	0.0503142	0	2.04	1.02
40.2	0.00254446	0.000546557	10727.6	1050	105	10232	39.0559	39.0559	156.223	156.223	0 31191.4 5180.77 	36372.1	6.3069	6.55445	6700	670	0.0501313	0	2.04	1.02
40.4	0.00254857	0.000539236	10585.6	1050	105	10090.2	39.0397	39.0397	156.159	156.159	0 31665.9 5255.55 	36921.5	6.27641	6.55445	6700	670	0.0501818	0	2.04	1.02
40.6	0.00254478	0.000546846	10735	1050	105	10239.8	39.0238	39.0238	156.095	156.095	0 31178.8 5163.22 	36342	6.3045	6.55445	6700	670	0.0499963	0	2.04	1.02
40.8	0.00254892	0.000539516	10592.9	1050	105	10097.9	39.0078	39.0078	156.031	156.031	0 31653.8 5238.1 	36891.9	6.27382	6.55445	6700	670	0.0500499	0	2.04	1.02
41	0.0025451	0.000547136	10742.5	1050	105	10247.6	38.9921	38.9921	155.968	155.968	0 31166.2 5145.74 	36312	6.30211	6.55445	6700	670	0.0498617	0	2.04	1.02
41.2	0.00254927	0.000539798	10600.3	1050	105	10105.5	38.9763	38.9763	155.905	155.905	0 31641.7 5220.71 	36862.4	6.27124	6.55445	6700	670	0.0499185	0	2.04	1.02
41.4	0.00254542	0.000547426	10750	1050	105	10255.4	38.9608	38.9608	155.843	155.843	0 31153.6 5128.33 	36282	6.29972	6.55445	6700	670	0.0497275	0	2.04	1.02
41.6	0.00254962	0.000540079	10607.7	1050	105	10113.2	38.9452	38.9452	155.781	155.781	0 31629.5 5203.39 	36832.9	6.26865	6.55445	6700	670	0.0497875	0	2.04	1.02
41.8	0.00254574	0.000547718	10757.5	1050	105	10263.2	38.9299	38.9299	155.72	155.72	0 31141 5110.97 	36252	6.29733	6.55445	6700	670	0.0495939	0	2.04	1.02
42	0.00254997	0.000540362	10615.1	1050	105	10120.9	38.9145	38.9145	155.658	155.658	0 31617.3 5186.13 	36803.5	6.26607	6.55445	6700	670	0.049657	0	2.04	1.02
42.2	0.00254606	0.00054801	10765	1050	105	10271	38.8994	38.8994	155.598	155.598	0 31128.3 5093.69 	36222	6.29495	6.55445	6700	670	0.0494607	0	2.04	1.02
42.4	0.00255032	0.000540645	10622.5	1050	105	10128.7	38.8842	38.8842	155.537	155.537	0 31605.1 5168.95 	36774.1	6.26348	6.55445	6700	670	0.049527	0	2.04	1.02
42.6	0.00254639	0.000548303	10772.6	1050	105	10278.9	38.8692	38.8692	155.477	155.477	0 31115.6 5076.47 	36192.1	6.29257	6.55445	6700	670	0.049328	0	2.04	1.02
42.8	0.00255067	0.000540929	10629.9	1050	105	10136.4	38.8542	38.8542	155.417	155.417	0 31592.9 5151.82 	36744.7	6.2609	6.55445	6700	670	0.0493975	0	2.04	1.02
43	0.00254671	0.000548596	10780.1	1050	105	10286.7	38.8395	38.8395	155.358	155.358	0 31102.9 5059.31 	36162.2	6.29019	6.55445	6700	670	0.0491957	0	2.04	1.02
43.2	0.00255102	0.000541213	10637.4	1050	105	10144.1	38.8246	38.8246	155.298	155.298	0 31580.6 5134.77 	36715.4	6.25832	6.55445	6700	670	0.0492685	0	2.04	1.02
43.4	0.00254703	0.00054889	10787.7	1050	105	10294.6	38.81	38.81	155.24	155.24	0 31090.2 5042.21 	36132.4	6.28781	6.55445	6700	670	0.0490639	0	2.04	1.02
43.6	0.00252179	0.000609517	12000.8	1050	105	11507.4	38.8393	38.8393	155.357	155.357	0 27720.3 4505.2 	32225.5	6.4785	6.55445	6700	670	0.0487681	0	2.04	1.02
43.8	0.00253259	0.00058149	11435.9	1050	105	10942.8	38.8142	38.8142	155.257	155.257	0 29180.9 4719.43 	33900.3	6.39594	6.55445	6700	670	0.0486826	0	2.04	1.02
44	0.00253491	0.000576363	11334.1	1050	105	10841.1	38.7948	38.7948	155.179	155.179	0 29467.3 4756.65 	34224	6.37845	6.55445	6700	670	0.0486296	0	2.04	1.02
44.2	0.00254278	0.000559446	10999.2	1050	105	10506.4	38.7752	38.7752	155.101	155.101	0 30452.7 4907.59 	35360.3	6.31935	6.55445	6700	670	0.0486902	0	2.04	1.02
44.4	0.00254201	0.000561398	11038.3	1050	105	10545.8	38.7588	38.7588	155.035	155.035	0 30337.7 4880.95 	35218.6	6.32508	6.55445	6700	670	0.0485983	0	2.04	1.02
44.6	0.00254815	0.000549755	10810.6	1050	105	10318.2	38.7422	38.7422	154.969	154.969	0 31054.9 4993.32 	36048.3	6.27949	6.55445	6700	670	0.0486916	0	2.04	1.02
44.8	0.0025456	0.000554969	10913.4	1050	105	10421.1	38.7272	38.7272	154.909	154.909	0 30732.4 4931.09 	35663.5	6.29841	6.55445	6700	670	0.0485418	0	2.04	1.02
45	0.00255083	0.000545719	10733.8	1050	105	10241.6	38.7121	38.7121	154.849	154.849	0 31317.5 5023.44 	36340.9	6.25975	6.55445	6700	670	0.048637	0	2.04	1.02
45.2	0.00254738	0.000552373	10864.2	1050	105	10372.2	38.6979	38.6979	154.792	154.792	0 30898.4 4944.03 	35842.4	6.28522	6.55445	6700	670	0.0484497	0	2.04	1.02
45.4	0.0025224	0.000612042	12058.4	1050	105	11566.2	38.7277	38.7277	154.911	154.911	0 27612.6 4425.29 	32037.9	6.47381	6.55445	6700	670	0.0481334	0	2.04	1.02
45.6	0.00253348	0.000583468	11482.4	1050	105	10990.4	38.7032	38.7032	154.813	154.813	0 29092.1 4640.34 	33732.4	6.38924	6.55445	6700	670	0.0480615	0	2.04	1.02
45.8	0.00253591	0.000578076	11375.3	1050	105	10883.4	38.6844	38.6844	154.737	154.737	0 29391.7 4679.29 	34071	6.37085	6.55445	6700	670	0.0480126	0	2.04	1.02
46	0.00254403	0.000560905	11035.6	1050	105	10543.9	38.6655	38.6655	154.662	154.662	0 30388.4 4831.3 	35219.7	6.31005	6.55445	6700	670	0.0480919	0	2.04	1.02
46.2	0.00254327	0.00056279	11073.4	1050	105	10581.9	38.6497	38.6497	154.599	154.599	0 30277.5 4805.46 	35083	6.31575	6.55445	6700	670	0.0479985	0	2.04	1.02
46.4	0.00254959	0.000551036	10843.8	1050	105	10352.5	38.6338	38.6338	154.535	154.535	0 31000.3 4918.56 	35918.8	6.26885	6.55445	6700	670	0.0481097	0	2.04	1.02
46.6	0.00254696	0.000556265	10946.7	1050	105	10455.5	38.6196	38.6196	154.478	154.478	0 30677.1 4856.43 	35533.6	6.28831	6.55445	6700	670	0.0479526	0	2.04	1.02
46.8	0.00252264	0.000614557	12114.4	1050	105	11622.9	38.6495	38.6495	154.598	154.598	0 27502.3 4360.09 	31862.3	6.47194	6.55445	6700	670	0.0476443	0	2.04	1.02
47	0.00253398	0.000585366	11525.7	1050	105	11034.5	38.6252	38.6252	154.501	154.501	0 29003.5 4576.62 	33580.1	6.38543	6.55445	6700	670	0.0475802	0	2.04	1.02
47.2	0.00253656	0.000579647	11412	1050	105	10920.9	38.6068	38.6068	154.427	154.427	0 29319.5 4617.83 	33937.3	6.36596	6.55445	6700	670	0.047535	0	2.04	1.02
47.4	0.0025449	0.000562188	11066.7	1050	105	10575.9	38.5883	38.5883	154.353	154.353	0 30329.4 4771.27 	35100.7	6.30359	6.55445	6700	670	0.0476285	0	2.04	1.02
47.6	0.00254417	0.000563968	11102.4	1050	105	10611.7	38.5731	38.5731	154.292	154.292	0 30225 4746.61 	34971.6	6.30903	6.55445	6700	670	0.047535	0	2.04	1.02
47.8	0.00255066	0.000552086	10870.6	1050	105	10380	38.5577	38.5577	154.231	154.231	0 30954.3 4860.61 	35814.9	6.26096	6.55445	6700	670	0.0476605	0	2.04	1.02
48	0.00254798	0.000557306	10973.1	1050	105	10482.7	38.5441	38.5441	154.176	154.176	0 30632.2 4798.83 	35431	6.28074	6.55445	6700	670	0.0474984	0	2.04	1.02
48.2	0.00252334	0.000615637	12141	1050	105	11650.3	38.5748	38.5748	154.299	154.299	0 27461.6 4305.5 	31767.1	6.46655	6.55445	6700	670	0.0471512	0	2.04	1.02
48.4	0.00253484	0.000586284	11549.2	1050	105	11058.7	38.551	38.551	154.204	154.204	0 28967.9 4521.46 	33489.4	6.37894	6.55445	6700	670	0.0471024	0	2.04	1.02
48.6	0.00253746	0.000580532	11434.8	1050	105	10944.5	38.533	38.533	154.132	154.132	0 29285.2 4562.72 	33847.9	6.35919	6.55445	6700	670	0.0470616	0	2.04	1.02
48.8	0.00254596	0.000563006	11088.6	1050	105	10598.4	38.5151	38.5151	154.06	154.06	0 30298 4716.21 	35014.2	6.29573	6.55445	6700	670	0.0471717	0	2.04	1.02
49	0.00254519	0.000564822	11124.9	1050	105	10634.9	38.5004	38.5004	154.001	154.001	0 30191.5 4691.34 	34882.8	6.30142	6.55445	6700	670	0.0470768	0	2.04	1.02
49.2	0.00252269	0.000619752	12228.2	1050	105	11737.9	38.5298	38.5298	154.119	154.119	0 27272.2 4244.33 	31516.6	6.47158	6.55445	6700	670	0.0468152	0	2.04	1.02
49.4	0.00253454	0.000589199	11611.4	1050	105	11121.3	38.5058	38.5058	154.023	154.023	0 28821.2 4464.53 	33285.8	6.38118	6.55445	6700	670	0.0467598	0	2.04	1.02
49.6	0.00253745	0.000582725	11482.5	1050	105	10992.6	38.4879	38.4879	153.952	153.952	0 29174.9 4510.97 	33685.9	6.35925	6.55445	6700	670	0.0467216	0	2.04	1.02
49.8	0.00254622	0.000564625	11124.7	1050	105	10635	38.4701	38.4701	153.88	153.88	0 30214.2 4667.72 	34881.9	6.29379	6.55445	6700	670	0.0468388	0	2.04	1.02
50	0.0025456	0.000566137	11155	1050	105	10665.4	38.4556	38.4556	153.822	153.822	0 30126.1 4645.95 	34772.1	6.29841	6.55445	6700	670	0.0467474	0	2.04	1.02
50.2	0.00252308	0.000620797	12252.9	1050	105	11763	38.4855	38.4855	153.942	153.942	0 27230.6 4204.58 	31435.1	6.46852	6.55445	6700	670	0.04647	0	2.04	1.02
50.4	0.00253507	0.000590041	11631.9	1050	105	11142.2	38.4617	38.4617	153.847	153.847	0 28786.1 4424.66 	33210.8	6.37718	6.55445	6700	670	0.046424	0	2.04	1.02
50.6	0.00253804	0.000583485	11501.3	1050	105	11011.9	38.4442	38.4442	153.777	153.777	0 29143.6 4471.51 	33615.1	6.35488	6.55445	6700	670	0.0463891	0	2.04	1.02
50.8	0.00254693	0.000565294	11142	1050	105	10652.7	38.4266	38.4266	153.706	153.706	0 30186.8 4628.54 	34815.4	6.28853	6.55445	6700	670	0.0465178	0	2.04	1.02
51	0.0025463	0.000566805	11172.2	1050	105	10683.1	38.4125	38.4125	153.65	153.65	0 30098.9 4606.87 	34705.8	6.29322	6.55445	6700	670	0.0464258	0	2.04	1.02
51.2	0.00252358	0.000621505	12270.5	1050	105	11781	38.4429	38.4429	153.772	153.772	0 27204.9 4167.28 	31372.1	6.46474	6.55445	6700	670	0.046124	0	2.04	1.02
51.4	0.00253568	0.000590646	11647.5	1050	105	11158.3	38.4194	38.4194	153.678	153.678	0 28763.5 4386.86 	33150.4	6.37263	6.55445	6700	670	0.0460893	0	2.04	1.02
51.6	0.00253867	0.000584076	11516.8	1050	105	11027.7	38.4023	38.4023	153.609	153.609	0 29121.3 4433.65 	33555	6.35013	6.55445	6700	670	0.046058	0	2.04	1.02
51.8	0.00254768	0.000565844	11156.9	1050	105	10668	38.385	38.385	153.54	153.54	0 30166.3 4590.69 	34757	6.28298	6.55445	6700	670	0.0461991	0	2.04	1.02
52	0.00254702	0.000567389	11187.8	1050	105	10699.1	38.3713	38.3713	153.485	153.485	0 30076.4 4568.8 	34645.2	6.28786	6.55445	6700	670	0.0461062	0	2.04	1.02
52.2	0.00252407	0.000622162	12287	1050	105	11798	38.4023	38.4023	153.609	153.609	0 27181.5 4130.57 	31312	6.46095	6.55445	6700	670	0.0457793	0	2.04	1.02
52.4	0.00253628	0.000591212	11662.3	1050	105	11173.5	38.3791	38.3791	153.516	153.516	0 28742.8 4349.62 	33092.5	6.36806	6.55445	6700	670	0.0457563	0	2.04	1.02
52.6	0.0025393	0.000584637	11531.6	1050	105	11042.9	38.3623	38.3623	153.449	153.449	0 29100.6 4396.3 	33496.9	6.34539	6.55445	6700	670	0.0457287	0	2.04	1.02
52.8	0.00254843	0.000566372	11171.3	1050	105	10682.8	38.3454	38.3454	153.381	153.381	0 30147.1 4553.35 	34700.5	6.27743	6.55445	6700	670	0.0458825	0	2.04	1.02
53	0.00254774	0.000567955	11202.9	1050	105	10714.6	38.332	38.332	153.328	153.328	0 30055 4531.2 	34586.2	6.2825	6.55445	6700	670	0.0457887	0	2.04	1.02
53.2	0.00252456	0.000622806	12303.2	1050	105	11814.6	38.3636	38.3636	153.454	153.454	0 27158.6 4094.23 	31252.8	6.4572	6.55445	6700	670	0.0454366	0	2.04	1.02
53.4	0.00253689	0.000591766	11676.9	1050	105	11188.5	38.3406	38.3406	153.363	153.363	0 28722.7 4312.78 	33035.5	6.36353	6.55445	6700	670	0.0454254	0	2.04	1.02
53.6	0.00253993	0.000585189	11546.1	1050	105	11057.9	38.3241	38.3241	153.297	153.297	0 29080.4 4359.35 	33439.7	6.34066	6.55445	6700	670	0.0454017	0	2.04	1.02
53.8	0.00254918	0.000566891	11185.5	1050	105	10697.4	38.3076	38.3076	153.23	153.23	0 30128.4 4516.41 	34644.8	6.27188	6.55445	6700	670	0.0455683	0	2.04	1.02
54	0.00254847	0.000568516	11218	1050	105	10730	38.2946	38.2946	153.178	153.178	0 30033.8 4494 	34527.8	6.27717	6.55445	6700	670	0.0454736	0	2.04	1.02
54.2	0.00252504	0.000623446	12319.4	1050	105	11831.1	38.3267	38.3267	153.307	153.307	0 27135.9 4058.24 	31194.1	6.45349	6.55445	6700	670	0.0450962	0	2.04	1.02
54.4	0.00253749	0.000592317	11691.4	1050	105	11203.4	38.304	38.304	153.216	153.216	0 28702.8 4276.31 	32979.1	6.35901	6.55445	6700	670	0.0450971	0	2.04	1.02
54.6	0.00254056	0.000585739	11560.7	1050	105	11072.8	38.2879	38.2879	153.151	153.151	0 29060.3 4322.77 	33383.1	6.33596	6.55445	6700	670	0.0450773	0	2.04	1.02
54.8	0.00254993	0.000567409	11199.7	1050	105	10712	38.2716	38.2716	153.087	153.087	0 30109.8 4479.86 	34589.6	6.26634	6.55445	6700	670	0.0452569	0	2.04	1.02
55	0.00254919	0.000569076	11233	1050	105	10745.4	38.259	38.259	153.036	153.036	0 30012.8 4457.16 	34470	6.27184	6.55445	6700	670	0.0451613	0	2.04	1.02
55.2	0.00252552	0.000624087	12335.5	1050	105	11847.6	38.2917	38.2917	153.167	153.167	0 27113.2 4022.58 	31135.8	6.44981	6.55445	6700	670	0.0447585	0	2.04	1.02
55.4	0.00253808	0.000592867	11705.8	1050	105	11218.2	38.2693	38.2693	153.077	153.077	0 28682.9 4240.18 	32923.1	6.35452	6.55445	6700	670	0.0447714	0	2.04	1.02
55.6	0.00254119	0.000586287	11575.2	1050	105	11087.6	38.2534	38.2534	153.014	153.014	0 29040.3 4286.53 	33326.8	6.33127	6.55445	6700	670	0.0447555	0	2.04	1.02
55.8	0.00252291	0.000632837	12516.3	1050	105	12028.4	38.2818	38.2818	153.127	153.127	0 26710.7 3948.73 	30659.4	6.46984	6.55445	6700	670	0.0445806	0	2.04	1.02
56	0.0025361	0.000598845	11828.1	1050	105	11340.5	38.2583	38.2583	153.033	153.033	0 28374.4 4176.01 	32550.4	6.36946	6.55445	6700	670	0.0445542	0	2.04	1.02
56.2	0.00253987	0.000590492	11661.4	1050	105	11174	38.242	38.242	152.968	152.968	0 28818.6 4234.35 	33052.9	6.3411	6.55445	6700	670	0.0445401	0	2.04	1.02
56.4	0.00252257	0.000635215	12567	1050	105	12079.3	38.2697	38.2697	153.079	153.079	0 26607.1 3916.19 	30523.3	6.47247	6.55445	6700	670	0.0443926	0	2.04	1.02
56.6	0.00253594	0.000600544	11864.5	1050	105	11377.1	38.2461	38.2461	152.984	152.984	0 28292.4 4145.2 	32437.6	6.37063	6.55445	6700	670	0.0443618	0	2.04	1.02
56.8	0.00253988	0.000591778	11689.5	1050	105	11202.2	38.2298	38.2298	152.919	152.919	0 28756 4206.05 	32962.1	6.34106	6.55445	6700	670	0.044349	0	2.04	1.02
57	0.00252272	0.000636099	12587.2	1050	105	12099.6	38.2576	38.2576	153.03	153.03	0 26571.8 3892.89 	30464.6	6.47129	6.55445	6700	670	0.0441991	0	2.04	1.02
57.2	0.00253619	0.000601228	11880.5	1050	105	11393.2	38.2341	38.2341	152.936	152.936	0 28262.9 4121.94 	32384.8	6.3688	6.55445	6700	670	0.0441723	0	2.04	1.02
57.4	0.00254017	0.000592363	11703.5	1050	105	11216.3	38.2179	38.2179	152.872	152.872	0 28730.9 4183.26 	32914.2	6.33888	6.55445	6700	670	0.0441614	0	2.04	1.02
57.6	0.00252298	0.000636608	12599.5	1050	105	12112.1	38.246	38.246	152.984	152.984	0 26553.2 3871.83 	30425	6.4693	6.55445	6700	670	0.0440031	0	2.04	1.02
57.8	0.00253651	0.000601653	11891.2	1050	105	11403.9	38.2226	38.2226	152.89	152.89	0 28246.6 4100.55 	32347.1	6.36632	6.55445	6700	670	0.0439825	0	2.04	1.02
58	0.00254052	0.000592762	11713.6	1050	105	11226.6	38.2066	38.2066	152.826	152.826	0 28715.6 4161.88 	32877.4	6.33623	6.55445	6700	670	0.0439738	0	2.04	1.02
58.2	0.00252326	0.000637011	12609.6	1050	105	12122.3	38.2349	38.2349	152.94	152.94	0 26539.4 3851.41 	30390.8	6.46716	6.55445	6700	670	0.0438061	0	2.04	1.02
58.4	0.00253686	0.000601999	11900.2	1050	105	11413	38.2117	38.2117	152.847	152.847	0 28234.2 4079.72 	32313.9	6.36373	6.55445	6700	670	0.0437922	0	2.04	1.02
58.6	0.00254089	0.000593103	11722.6	1050	105	11235.6	38.1958	38.1958	152.783	152.783	0 28703.2 4140.94 	32844.1	6.33351	6.55445	6700	670	0.0437861	0	2.04	1.02
58.8	0.00252354	0.000637374	12618.9	1050	105	12131.6	38.2244	38.2244	152.898	152.898	0 26527.2 3831.25 	30358.4	6.465	6.55445	6700	670	0.0436087	0	2.04	1.02
59	0.0025372	0.000602314	11908.5	1050	105	11421.5	38.2013	38.2013	152.805	152.805	0 28223.2 4059.14 	32282.4	6.36114	6.55445	6700	670	0.0436018	0	2.04	1.02
59.2	0.00254125	0.00059342	11731	1050	105	11244.1	38.1856	38.1856	152.743	152.743	0 28692 4120.24 	32812.2	6.33079	6.55445	6700	670	0.0435983	0	2.04	1.02
59.4	0.00252382	0.00063772	12627.7	1050	105	12140.6	38.2145	38.2145	152.858	152.858	0 26515.7 3811.25 	30327	6.46287	6.55445	6700	670	0.0434115	0	2.04	1.02
59.6	0.00253755	0.000602615	11916.5	1050	105	11429.6	38.1916	38.1916	152.766	152.766	0 28213 4038.73 	32251.7	6.35856	6.55445	6700	670	0.0434117	0	2.04	1.02
59.8	0.00254161	0.000593723	11739.1	1050	105	11252.4	38.176	38.176	152.704	152.704	0 28681.4 4099.69 	32781.1	6.32809	6.55445	6700	670	0.043411	0	2.04	1.02
60	0.00252409	0.000638054	12636.3	1050	105	12149.2	38.2052	38.2052	152.821	152.821	0 26504.7 3791.38 	30296.1	6.46076	6.55445	6700	670	0.0432146	0	2.04	1.02
60.2	0.00253789	0.000602905	11924.3	1050	105	11437.5	38.1824	38.1824	152.73	152.73	0 28203.2 4018.45 	32221.6	6.35599	6.55445	6700	670	0.0432221	0	2.04	1.02
60.4	0.00254197	0.000594019	11747.1	1050	105	11260.4	38.167	38.167	152.668	152.668	0 28671.2 4079.28 	32750.4	6.32539	6.55445	6700	670	0.0432242	0	2.04	1.02
60.6	0.00252437	0.000638383	12644.7	1050	105	12157.8	38.1965	38.1965	152.786	152.786	0 26493.9 3771.64 	30265.6	6.45866	6.55445	6700	670	0.0430183	0	2.04	1.02
60.8	0.00253823	0.000603191	11932	1050	105	11445.2	38.1738	38.1738	152.695	152.695	0 28193.6 3998.31 	32191.9	6.35344	6.55445	6700	670	0.0430331	0	2.04	1.02
61	0.00254233	0.00059431	11754.9	1050	105	11268.3	38.1586	38.1586	152.634	152.634	0 28661.2 4059.01 	32720.2	6.32271	6.55445	6700	670	0.0430381	0	2.04	1.02
61.2	0.00252464	0.000638707	12653.1	1050	105	12166.2	38.1883	38.1883	152.753	152.753	0 26483.3 3752.02 	30235.3	6.45659	6.55445	6700	670	0.0428228	0	2.04	1.02
61.4	0.00253857	0.000603472	11939.6	1050	105	11452.9	38.1657	38.1657	152.663	152.663	0 28184.2 3978.3 	32162.5	6.3509	6.55445	6700	670	0.0428449	0	2.04	1.02
61.6	0.00254269	0.000594598	11762.7	1050	105	11276.2	38.1507	38.1507	152.603	152.603	0 28651.3 4038.86 	32690.2	6.32004	6.55445	6700	670	0.0428528	0	2.04	1.02
61.8	0.00252491	0.000639029	12661.4	1050	105	12174.6	38.1807	38.1807	152.723	152.723	0 26472.8 3732.51 	30205.3	6.45452	6.55445	6700	670	0.042628	0	2.04	1.02
62	0.0025389	0.000603751	11947.1	1050	105	11460.5	38.1582	38.1582	152.633	152.633	0 28174.9 3958.41 	32133.3	6.34836	6.55445	6700	670	0.0426576	0	2.04	1.02
62.2	0.00254305	0.000594885	11770.4	1050	105	11284	38.1433	38.1433	152.573	152.573	0 28641.6 4018.83 	32660.4	6.31737	6.55445	6700	670	0.0426684	0	2.04	1.02
62.4	0.00252518	0.00063935	12669.6	1050	105	12182.9	38.1736	38.1736	152.694	152.694	0 26462.3 3713.11 	30175.4	6.45247	6.55445	6700	670	0.0424341	0	2.04	1.02
62.6	0.00253924	0.000604029	11954.6	1050	105	11468.1	38.1513	38.1513	152.605	152.605	0 28165.7 3938.64 	32104.4	6.34583	6.55445	6700	670	0.0424711	0	2.04	1.02
62.8	0.00254341	0.00059517	11778.2	1050	105	11291.8	38.1365	38.1365	152.546	152.546	0 28631.8 3998.93 	32630.8	6.31471	6.55445	6700	670	0.0424849	0	2.04	1.02
63	0.00252544	0.00063967	12677.9	1050	105	12191.2	38.1671	38.1671	152.668	152.668	0 26451.9 3693.82 	30145.7	6.45043	6.55445	6700	670	0.0422411	0	2.04	1.02
63.2	0.00253958	0.000604306	11962.1	1050	105	11475.6	38.1449	38.1449	152.58	152.58	0 28156.5 3918.98 	32075.5	6.34331	6.55445	6700	670	0.0422856	0	2.04	1.02
63.4	0.00254376	0.000595455	11785.9	1050	105	11299.6	38.1303	38.1303	152.521	152.521	0 28622.2 3979.14 	32601.3	6.31206	6.55445	6700	670	0.0423023	0	2.04	1.02
63.6	0.00252571	0.000639989	12686.1	1050	105	12199.5	38.1611	38.1611	152.644	152.644	0 26441.4 3674.64 	30116.1	6.44839	6.55445	6700	670	0.0420491	0	2.04	1.02
63.8	0.00253991	0.000604583	11969.5	1050	105	11483.2	38.139	38.139	152.556	152.556	0 28147.4 3899.44 	32046.8	6.3408	6.55445	6700	670	0.0421011	0	2.04	1.02
64	0.00254412	0.00059574	11793.6	1050	105	11307.3	38.1246	38.1246	152.498	152.498	0 28612.5 3959.47 	32572	6.30941	6.55445	6700	670	0.0421208	0	2.04	1.02
64.2	0.00252597	0.000640309	12694.3	1050	105	12207.8	38.1556	38.1556	152.623	152.623	0 26431 3655.57 	30086.6	6.44637	6.55445	6700	670	0.041858	0	2.04	1.02
64.4	0.00254025	0.000604859	11977	1050	105	11490.7	38.1337	38.1337	152.535	152.535	0 28138.2 3880.02 	32018.3	6.33828	6.55445	6700	670	0.0419175	0	2.04	1.02
64.6	0.00254447	0.000596024	11801.3	1050	105	11315.1	38.1194	38.1194	152.478	152.478	0 28602.8 3939.92 	32542.7	6.30676	6.55445	6700	670	0.0419401	0	2.04	1.02
64.8	0.00252623	0.000640629	12702.6	1050	105	12216.1	38.1507	38.1507	152.603	152.603	0 26420.5 3636.6 	30057.1	6.44436	6.55445	6700	670	0.0416678	0	2.04	1.02
65	0.00254058	0.000605136	11984.5	1050	105	11498.2	38.1289	38.1289	152.516	152.516	0 28129.1 3860.71 	31989.8	6.33578	6.55445	6700	670	0.0417349	0	2.04	1.02
65.2	0.00254483	0.00059631	11809	1050	105	11322.8	38.1148	38.1148	152.459	152.459	0 28593.1 3920.48 	32513.6	6.30412	6.55445	6700	670	0.0417605	0	2.04	1.02
65.4	0.0025265	0.00064095	12710.8	1050	105	12224.4	38.1463	38.1463	152.585	152.585	0 26410 3617.74 	30027.8	6.44236	6.55445	6700	670	0.0414786	0	2.04	1.02
65.6	0.00254092	0.000605412	11992	1050	105	11505.7	38.1246	38.1246	152.498	152.498	0 28119.9 3841.51 	31961.4	6.33328	6.55445	6700	670	0.0415533	0	2.04	1.02
65.8	0.00254518	0.000596595	11816.7	1050	105	11330.6	38.1106	38.1106	152.443	152.443	0 28583.4 3901.16 	32484.6	6.30148	6.55445	6700	670	0.0415819	0	2.04	1.02
66	0.00252676	0.000641271	12719.1	1050	105	12232.7	38.1425	38.1425	152.57	152.57	0 26399.5 3598.98 	29998.5	6.44037	6.55445	6700	670	0.0412903	0	2.04	1.02
66.2	0.00254125	0.000605689	11999.4	1050	105	11513.2	38.1209	38.1209	152.483	152.483	0 28110.8 3822.43 	31933.2	6.33078	6.55445	6700	670	0.0413727	0	2.04	1.02
66.4	0.00254554	0.000596881	11824.5	1050	105	11338.4	38.107	38.107	152.428	152.428	0 28573.7 3881.95 	32455.7	6.29884	6.55445	6700	670	0.0414042	0	2.04	1.02
66.6	0.00252701	0.000641593	12727.3	1050	105	12240.9	38.1391	38.1391	152.557	152.557	0 26389 3580.33 	29969.3	6.43838	6.55445	6700	670	0.041103	0	2.04	1.02
66.8	0.00254159	0.000605967	12006.9	1050	105	11520.8	38.1176	38.1176	152.471	152.471	0 28101.6 3803.46 	31905	6.32828	6.55445	6700	670	0.041193	0	2.04	1.02
67	0.00254589	0.000597168	11832.2	1050	105	11346.2	38.104	38.104	152.416	152.416	0 28564 3862.86 	32426.8	6.29621	6.55445	6700	670	0.0412275	0	2.04	1.02
67.2	0.00252727	0.000641916	12735.6	1050	105	12249.3	38.1363	38.1363	152.545	152.545	0 26378.4 3561.77 	29940.2	6.43641	6.55445	6700	670	0.0409166	0	2.04	1.02
67.4	0.00254192	0.000606245	12014.4	1050	105	11528.3	38.1149	38.1149	152.46	152.46	0 28092.4 3784.59 	31877	6.32579	6.55445	6700	670	0.0410144	0	2.04	1.02
67.6	0.00254625	0.000597455	11840	1050	105	11354	38.1014	38.1014	152.406	152.406	0 28554.2 3843.87 	32398.1	6.29358	6.55445	6700	670	0.0410518	0	2.04	1.02
67.8	0.00252753	0.00064224	12743.9	1050	105	12257.6	38.134	38.134	152.536	152.536	0 26367.8 3543.33 	29911.1	6.43444	6.55445	6700	670	0.0407312	0	2.04	1.02
68	0.00254225	0.000606523	12021.9	1050	105	11535.8	38.1127	38.1127	152.451	152.451	0 28083.2 3765.84 	31849	6.32331	6.55445	6700	670	0.0408367	0	2.04	1.02
68.2	0.0025466	0.000597743	11847.7	1050	105	11361.8	38.0993	38.0993	152.397	152.397	0 28544.4 3825 	32369.4	6.29096	6.55445	6700	670	0.0408771	0	2.04	1.02
68.4	0.00252779	0.000642564	12752.2	1050	105	12265.9	38.1321	38.1321	152.529	152.529	0 26357.2 3524.98 	29882.2	6.43249	6.55445	6700	670	0.0405467	0	2.04	1.02
68.6	0.00254259	0.000606802	12029.5	1050	105	11543.4	38.111	38.111	152.444	152.444	0 28073.9 3747.2 	31821.1	6.32083	6.55445	6700	670	0.0406599	0	2.04	1.02
68.8	0.00254696	0.000598032	11855.5	1050	105	11369.6	38.0977	38.0977	152.391	152.391	0 28534.6 3806.23 	32340.9	6.28834	6.55445	6700	670	0.0407034	0	2.04	1.02
69	0.00252804	0.000642889	12760.5	1050	105	12274.2	38.1308	38.1308	152.523	152.523	0 26346.5 3506.74 	29853.2	6.43054	6.55445	6700	670	0.0403632	0	2.04	1.02
69.2	0.00254292	0.000607081	12037	1050	105	11550.9	38.1098	38.1098	152.439	152.439	0 28064.7 3728.67 	31793.4	6.31835	6.55445	6700	670	0.0404842	0	2.04	1.02
69.4	0.00254731	0.000598321	11863.4	1050	105	11377.4	38.0967	38.0967	152.387	152.387	0 28524.8 3787.58 	32312.4	6.28572	6.55445	6700	670	0.0405306	0	2.04	1.02
69.6	0.0025283	0.000643215	12768.9	1050	105	12282.6	38.13	38.13	152.52	152.52	0 26335.8 3488.59 	29824.4	6.4286	6.55445	6700	670	0.0401806	0	2.04	1.02
69.8	0.00254325	0.000607361	12044.5	1050	105	11558.5	38.109	38.109	152.436	152.436	0 28055.4 3710.24 	31765.7	6.31587	6.55445	6700	670	0.0403094	0	2.04	1.02
70	0.00254766	0.000598611	11871.2	1050	105	11385.2	38.0961	38.0961	152.384	152.384	0 28514.9 3769.04 	32284	6.2831	6.55445	6700	670	0.0403588	0	2.04	1.02
70.2	0.00252855	0.000643542	12777.2	1050	105	12290.9	38.1297	38.1297	152.519	152.519	0 26325.1 3470.55 	29795.6	6.42667	6.55445	6700	670	0.039999	0	2.04	1.02
70.4	0.00254358	0.000607642	12052.1	1050	105	11566	38.1088	38.1088	152.435	152.435	0 28046.1 3691.93 	31738.1	6.3134	6.55445	6700	670	0.0401355	0	2.04	1.02
70.6	0.00254802	0.000598902	11879	1050	105	11393.1	38.096	38.096	152.384	152.384	0 28505 3750.61 	32255.6	6.28049	6.55445	6700	670	0.0401879	0	2.04	1.02
70.8	0.0025288	0.00064387	12785.6	1050	105	12299.3	38.1298	38.1298	152.519	152.519	0 26314.3 3452.61 	29766.9	6.42475	6.55445	6700	670	0.0398183	0	2.04	1.02
71	0.00254391	0.000607923	12059.7	1050	105	11573.6	38.1091	38.1091	152.436	152.436	0 28036.8 3673.72 	31710.5	6.31093	6.55445	6700	670	0.0399627	0	2.04	1.02
71.2	0.00254837	0.000599193	11886.9	1050	105	11400.9	38.0964	38.0964	152.386	152.386	0 28495.1 3732.28 	32227.4	6.27788	6.55445	6700	670	0.040018	0	2.04	1.02
71.4	0.00252905	0.000644199	12794	1050	105	12307.7	38.1305	38.1305	152.522	152.522	0 26303.5 3434.77 	29738.2	6.42284	6.55445	6700	670	0.0396385	0	2.04	1.02
71.6	0.00254424	0.000608204	12067.3	1050	105	11581.2	38.1098	38.1098	152.439	152.439	0 28027.5 3655.61 	31683.1	6.30847	6.55445	6700	670	0.0397908	0	2.04	1.02
71.8	0.00254872	0.000599485	11894.8	1050	105	11408.8	38.0973	38.0973	152.389	152.389	0 28485.2 3714.06 	32199.2	6.27527	6.55445	6700	670	0.0398491	0	2.04	1.02
72	0.0025293	0.000644528	12802.4	1050	105	12316.1	38.1316	38.1316	152.526	152.526	0 26292.6 3417.02 	29709.6	6.42093	6.55445	6700	670	0.0394596	0	2.04	1.02
72.2	0.00254458	0.000608486	12074.9	1050	105	11588.7	38.111	38.111	152.444	152.444	0 28018.1 3637.62 	31655.8	6.30601	6.55445	6700	670	0.0396198	0	2.04	1.02
72.4	0.00254908	0.000599778	11902.7	1050	105	11416.7	38.0986	38.0986	152.395	152.395	0 28475.2 3695.95 	32171.2	6.27267	6.55445	6700	670	0.0396811	0	2.04	1.02
72.6	0.00252955	0.000644859	12810.8	1050	105	12324.5	38.1332	38.1332	152.533	152.533	0 26281.7 3399.37 	29681.1	6.41904	6.55445	6700	670	0.0392817	0	2.04	1.02
72.8	0.00254491	0.000608769	12082.5	1050	105	11596.3	38.1127	38.1127	152.451	152.451	0 28008.8 3619.72 	31628.5	6.30355	6.55445	6700	670	0.0394498	0	2.04	1.02
73	0.00254943	0.000600071	11910.6	1050	105	11424.6	38.1005	38.1005	152.402	152.402	0 28465.2 3677.95 	32143.2	6.27006	6.55445	6700	670	0.0395141	0	2.04	1.02
73.2	0.0025298	0.00064519	12819.3	1050	105	12332.9	38.1353	38.1353	152.541	152.541	0 26270.8 3381.83 	29652.6	6.41715	6.55445	6700	670	0.0391046	0	2.04	1.02
73.4	0.00254524	0.000609052	12090.1	1050	105	11603.9	38.1149	38.1149	152.46	152.46	0 27999.4 3601.94 	31601.3	6.30109	6.55445	6700	670	0.0392807	0	2.04	1.02
73.6	0.00254978	0.000600366	11918.5	1050	105	11432.5	38.1028	38.1028	152.411	152.411	0 28455.2 3660.05 	32115.3	6.26746	6.55445	6700	670	0.039348	0	2.04	1.02
73.8	0.00253005	0.000645522	12827.7	1050	105	12341.4	38.1378	38.1378	152.551	152.551	0 26259.8 3364.38 	29624.2	6.41527	6.55445	6700	670	0.0389285	0	2.04	1.02
74	0.00252222	0.000668436	13300	1050	105	12813.4	38.1615	38.1615	152.646	152.646	0 25281.2 3241.43 	28522.7	6.47515	6.55445	6700	670	0.0388867	0	2.04	1.02
74.2	0.00253883	0.000624811	12409.3	1050	105	11922.9	38.138	38.138	152.552	152.552	0 27224.5 3477.73 	30702.2	6.34894	6.55445	6700	670	0.0389275	0	2.04	1.02
74.4	0.00254516	0.000611133	12135.5	1050	105	11649.2	38.1239	38.1239	152.496	152.496	0 27903.2 3562.49 	31465.7	6.30168	6.55445	6700	670	0.0389964	0	2.04	1.02
74.6	0.00252863	0.000651096	12944.7	1050	105	12458.2	38.1565	38.1565	152.626	152.626	0 26020.5 3314.77 	29335.3	6.42603	6.55445	6700	670	0.0387044	0	2.04	1.02
74.8	0.00254449	0.000613209	12178.3	1050	105	11691.9	38.1356	38.1356	152.542	152.542	0 27801.4 3538.07 	31339.5	6.30665	6.55445	6700	670	0.0388657	0	2.04	1.02
75	0.0025495	0.000603436	11984.7	1050	105	11498.5	38.1233	38.1233	152.493	152.493	0 28307.3 3602.22 	31909.5	6.26956	6.55445	6700	670	0.0389413	0	2.04	1.02
75.2	0.00253027	0.000647527	12873.1	1050	105	12386.5	38.1583	38.1583	152.633	152.633	0 26180.9 3318.3 	29499.2	6.41357	6.55445	6700	670	0.0385311	0	2.04	1.02
75.4	0.00252261	0.000669887	13334.1	1050	105	12847.3	38.1822	38.1822	152.729	152.729	0 25230.4 3199.68 	28430.1	6.47215	6.55445	6700	670	0.0384843	0	2.04	1.02
75.6	0.0025394	0.00062596	12437.1	1050	105	11950.5	38.1588	38.1588	152.635	152.635	0 27180.6 3435.18 	30615.8	6.34468	6.55445	6700	670	0.0385374	0	2.04	1.02
75.8	0.00254583	0.000612159	12160.9	1050	105	11674.5	38.145	38.145	152.58	152.58	0 27863.7 3520.14 	31383.9	6.29671	6.55445	6700	670	0.0386135	0	2.04	1.02
76	0.00252918	0.000652061	12968.6	1050	105	12481.8	38.1779	38.1779	152.712	152.712	0 25987.6 3274.51 	29262.1	6.42187	6.55445	6700	670	0.0383047	0	2.04	1.02
76.2	0.00254522	0.000614018	12199.2	1050	105	11712.7	38.1572	38.1572	152.629	152.629	0 27772.8 3497.22 	31270	6.30118	6.55445	6700	670	0.038483	0	2.04	1.02
76.4	0.00255029	0.000604238	12005.7	1050	105	11519.2	38.1452	38.1452	152.581	152.581	0 28278.5 3561.2 	31839.7	6.26369	6.55445	6700	670	0.0385653	0	2.04	1.02
76.6	0.00253084	0.000648385	12894.7	1050	105	12407.9	38.1807	38.1807	152.723	152.723	0 26152.1 3278.49 	29430.6	6.40925	6.55445	6700	670	0.0381327	0	2.04	1.02
76.8	0.0025468	0.000611593	12152.6	1050	105	11666	38.1607	38.1607	152.643	152.643	0 27900.1 3498.09 	31398.2	6.28953	6.55445	6700	670	0.0383454	0	2.04	1.02
77	0.00255155	0.00060271	11977.4	1050	105	11490.9	38.1491	38.1491	152.597	152.597	0 28364.2 3556.97 	31921.2	6.25443	6.55445	6700	670	0.0384287	0	2.04	1.02
77.2	0.00253137	0.000647814	12884.4	1050	105	12397.6	38.1853	38.1853	152.741	152.741	0 26180.6 3266.1 	29446.7	6.40522	6.55445	6700	670	0.0379584	0	2.04	1.02
77.4	0.0025235	0.00067049	13351.6	1050	105	12864.5	38.21	38.21	152.84	152.84	0 25216.6 3146.92 	28363.5	6.4653	6.55445	6700	670	0.0378995	0	2.04	1.02
77.6	0.00254049	0.000626548	12454.9	1050	105	11968	38.1869	38.1869	152.747	152.747	0 27166.8 3380.61 	30547.4	6.33644	6.55445	6700	670	0.0379795	0	2.04	1.02
77.8	0.002547	0.000612862	12181.4	1050	105	11694.6	38.1735	38.1735	152.694	152.694	0 27844.6 3464.61 	31309.2	6.28804	6.55445	6700	670	0.0380683	0	2.04	1.02
78	0.00253001	0.000652975	12992.6	1050	105	12505.5	38.2072	38.2072	152.829	152.829	0 25959.8 3219.49 	29179.2	6.41555	6.55445	6700	670	0.0377309	0	2.04	1.02
78.2	0.00254632	0.00061482	12221.6	1050	105	11734.7	38.1868	38.1868	152.747	152.747	0 27748.6 3441.24 	31189.8	6.29302	6.55445	6700	670	0.0379365	0	2.04	1.02
78.4	0.00255146	0.000605111	12029.8	1050	105	11543.1	38.1752	38.1752	152.701	152.701	0 28250.7 3504.68 	31755.4	6.25507	6.55445	6700	670	0.0380294	0	2.04	1.02
78.6	0.00253164	0.00064942	12921.2	1050	105	12434.1	38.2114	38.2114	152.845	152.845	0 26118.7 3222.97 	29341.7	6.40315	6.55445	6700	670	0.0375641	0	2.04	1.02
78.8	0.0025239	0.000671674	13379.9	1050	105	12892.5	38.2363	38.2363	152.945	152.945	0 25176.1 3107.25 	28283.3	6.46225	6.55445	6700	670	0.0375009	0	2.04	1.02
79	0.00254107	0.000627488	12478.1	1050	105	11991	38.2133	38.2133	152.853	152.853	0 27132.3 3340.15 	30472.4	6.33214	6.55445	6700	670	0.0375949	0	2.04	1.02
79.2	0.00254767	0.000613725	12203.2	1050	105	11716.2	38.2001	38.2001	152.8	152.8	0 27812.8 3424.2 	31237	6.28306	6.55445	6700	670	0.0376919	0	2.04	1.02
79.4	0.00253054	0.00065382	13013.8	1050	105	12526.4	38.2343	38.2343	152.937	152.937	0 25931.6 3180.77 	29112.4	6.41153	6.55445	6700	670	0.0373378	0	2.04	1.02
79.6	0.00252355	0.000674213	13434.7	1050	105	12947.2	38.2585	38.2585	153.034	153.034	0 25077.8 3076.56 	28154.4	6.46494	6.55445	6700	670	0.0372828	0	2.04	1.02
79.8	0.00254089	0.000629303	12517.4	1050	105	12030.1	38.2353	38.2353	152.941	152.941	0 27052.1 3310 	30362.1	6.33346	6.55445	6700	670	0.037373	0	2.04	1.02
80	0.00254767	0.000615097	12233.5	1050	105	11746.2	38.2221	38.2221	152.888	152.888	0 27750.7 3395.89 	31146.6	6.28306	6.55445	6700	670	0.0374728	0	2.04	1.02
80.2	0.00253071	0.000654765	13035.5	1050	105	12547.9	38.2563	38.2563	153.025	153.025	0 25896 3156.88 	29052.8	6.41023	6.55445	6700	670	0.0371193	0	2.04	1.02
80.4	0.00252379	0.000674924	13451.7	1050	105	12963.9	38.2807	38.2807	153.123	153.123	0 25053.7 3054.45 	28108.2	6.46313	6.55445	6700	670	0.0370616	0	2.04	1.02
80.6	0.00254123	0.000629874	12531.5	1050	105	12043.9	38.2575	38.2575	153.03	153.03	0 27031.2 3287.4 	30318.6	6.33096	6.55445	6700	670	0.0371595	0	2.04	1.02
80.8	0.00254806	0.000615621	12246.7	1050	105	11759.2	38.2444	38.2444	152.978	152.978	0 27731.3 3373.29 	31104.6	6.28018	6.55445	6700	670	0.0372637	0	2.04	1.02
81	0.00253101	0.000655277	13048.3	1050	105	12560.5	38.2788	38.2788	153.115	153.115	0 25878.8 3135.2 	29014	6.40792	6.55445	6700	670	0.0369004	0	2.04	1.02
81.2	0.00252408	0.00067539	13463.4	1050	105	12975.4	38.3034	38.3034	153.214	153.214	0 25039.3 3033.48 	28072.8	6.46088	6.55445	6700	670	0.0368392	0	2.04	1.02
81.4	0.00254161	0.000630269	12541.9	1050	105	12054.1	38.2803	38.2803	153.121	153.121	0 27018.3 3265.83 	30284.1	6.32807	6.55445	6700	670	0.0369464	0	2.04	1.02
81.6	0.00254848	0.000616019	12257.3	1050	105	11769.6	38.2674	38.2674	153.069	153.069	0 27718 3351.53 	31069.6	6.27703	6.55445	6700	670	0.0370553	0	2.04	1.02
81.8	0.00253133	0.000655715	13059.4	1050	105	12571.4	38.302	38.302	153.208	153.208	0 25864.7 3113.94 	28978.7	6.40554	6.55445	6700	670	0.0366815	0	2.04	1.02
82	0.00252437	0.000675805	13474.1	1050	105	12985.8	38.3268	38.3268	153.307	153.307	0 25026.9 3012.8 	28039.7	6.45863	6.55445	6700	670	0.036617	0	2.04	1.02
82.2	0.002542	0.000630625	12551.5	1050	105	12063.5	38.3038	38.3038	153.215	153.215	0 27007.2 3244.56 	30251.7	6.32519	6.55445	6700	670	0.0367337	0	2.04	1.02
82.4	0.00254891	0.000616385	12267.2	1050	105	11779.3	38.291	38.291	153.164	153.164	0 27706.2 3330.04 	31036.3	6.27388	6.55445	6700	670	0.0368475	0	2.04	1.02
82.6	0.00253164	0.000656128	13070	1050	105	12581.7	38.3259	38.3259	153.303	153.303	0 25851.6 3092.9 	28944.5	6.4032	6.55445	6700	670	0.0364631	0	2.04	1.02
82.8	0.00252466	0.000676199	13484.2	1050	105	12995.7	38.3508	38.3508	153.403	153.403	0 25015.2 2992.3 	28007.5	6.4564	6.55445	6700	670	0.0363953	0	2.04	1.02
83	0.00254238	0.000630963	12560.7	1050	105	12072.4	38.3279	38.3279	153.312	153.312	0 26996.8 3223.48 	30220.3	6.32232	6.55445	6700	670	0.0365217	0	2.04	1.02
83.2	0.00254934	0.000616737	12276.8	1050	105	11788.6	38.3152	38.3152	153.261	153.261	0 27695 3308.76 	31003.8	6.27075	6.55445	6700	670	0.0366406	0	2.04	1.02
83.4	0.00253194	0.000656529	13080.3	1050	105	12591.8	38.3503	38.3503	153.401	153.401	0 25838.9 3072.03 	28911	6.40087	6.55445	6700	670	0.0362457	0	2.04	1.02
83.6	0.00252495	0.000676584	13494.2	1050	105	13005.4	38.3755	38.3755	153.502	153.502	0 25003.8 2971.97 	27975.8	6.4542	6.55445	6700	670	0.0361747	0	2.04	1.02
83.8	0.00254277	0.000631293	12569.6	1050	105	12081.1	38.3527	38.3527	153.411	153.411	0 26986.7 3202.59 	30189.3	6.31948	6.55445	6700	670	0.0363109	0	2.04	1.02
84	0.00254976	0.000617081	12286.2	1050	105	11797.8	38.34	38.34	153.36	153.36	0 27684.2 3287.65 	30971.8	6.26763	6.55445	6700	670	0.0364347	0	2.04	1.02
84.2	0.00253225	0.000656924	13090.5	1050	105	12601.7	38.3754	38.3754	153.502	153.502	0 25826.5 3051.33 	28877.8	6.39857	6.55445	6700	670	0.0360294	0	2.04	1.02
84.4	0.00252523	0.000676963	13504	1050	105	13015	38.4008	38.4008	153.603	153.603	0 24992.6 2951.81 	27944.4	6.45201	6.55445	6700	670	0.0359553	0	2.04	1.02
84.6	0.00254315	0.000631616	12578.5	1050	105	12089.7	38.378	38.378	153.512	153.512	0 26976.9 3181.87 	30158.8	6.31664	6.55445	6700	670	0.0361013	0	2.04	1.02
84.8	0.00255018	0.000617421	12295.5	1050	105	11806.8	38.3655	38.3655	153.462	153.462	0 27673.5 3266.73 	30940.2	6.26453	6.55445	6700	670	0.0362303	0	2.04	1.02
85	0.00253255	0.000657316	13100.6	1050	105	12611.5	38.4011	38.4011	153.605	153.605	0 25814.2 3030.79 	28844.9	6.39629	6.55445	6700	670	0.0358145	0	2.04	1.02
85.2	0.00252552	0.000677339	13513.7	1050	105	13024.4	38.4267	38.4267	153.707	153.707	0 24981.5 2931.79 	27913.3	6.44985	6.55445	6700	670	0.0357372	0	2.04	1.02
85.4	0.00254353	0.000631938	12587.2	1050	105	12098.2	38.404	38.404	153.616	153.616	0 26967.3 3161.32 	30128.6	6.31382	6.55445	6700	670	0.0358932	0	2.04	1.02
85.6	0.0025506	0.000617759	12304.7	1050	105	11815.8	38.3916	38.3916	153.566	153.566	0 27662.9 3245.97 	30908.9	6.26143	6.55445	6700	670	0.0360272	0	2.04	1.02
85.8	0.00253285	0.000657707	13110.6	1050	105	12621.3	38.4274	38.4274	153.71	153.71	0 25801.9 3010.4 	28812.3	6.39402	6.55445	6700	670	0.0356009	0	2.04	1.02
86	0.0025258	0.000677714	13523.4	1050	105	13033.8	38.4532	38.4532	153.813	153.813	0 24970.5 2911.93 	27882.4	6.4477	6.55445	6700	670	0.0355206	0	2.04	1.02
86.2	0.0025439	0.000632257	12596	1050	105	12106.7	38.4305	38.4305	153.722	153.722	0 26957.6 3140.93 	30098.6	6.311	6.55445	6700	670	0.0356864	0	2.04	1.02
86.4	0.00255102	0.000618095	12314	1050	105	11824.8	38.4182	38.4182	153.673	153.673	0 27652.4 3225.38 	30877.8	6.25833	6.55445	6700	670	0.0358256	0	2.04	1.02
86.6	0.00253314	0.000658097	13120.6	1050	105	12631.1	38.4543	38.4543	153.817	153.817	0 25789.6 2990.18 	28779.8	6.39176	6.55445	6700	670	0.0353888	0	2.04	1.02
86.8	0.00252608	0.000678088	13533	1050	105	13043.2	38.4803	38.4803	153.921	153.921	0 24959.5 2892.22 	27851.7	6.44557	6.55445	6700	670	0.0353054	0	2.04	1.02
87	0.00254428	0.000632576	12604.7	1050	105	12115.1	38.4577	38.4577	153.831	153.831	0 26948 3120.71 	30068.8	6.30819	6.55445	6700	670	0.0354812	0	2.04	1.02
87.2	0.00255144	0.000618432	12323.2	1050	105	11833.8	38.4455	38.4455	153.782	153.782	0 27641.9 3204.96 	30846.9	6.25524	6.55445	6700	670	0.0356255	0	2.04	1.02
87.4	0.00253344	0.000658488	13130.7	1050	105	12640.9	38.4818	38.4818	153.927	153.927	0 25777.3 2970.1 	28747.4	6.38952	6.55445	6700	670	0.0351781	0	2.04	1.02
87.6	0.00252635	0.000678462	13542.7	1050	105	13052.6	38.5079	38.5079	154.032	154.032	0 24948.4 2872.67 	27821.1	6.44345	6.55445	6700	670	0.0350916	0	2.04	1.02
87.8	0.00254466	0.000632895	12613.4	1050	105	12123.5	38.4854	38.4854	153.942	153.942	0 26938.5 3100.65 	30039.1	6.30538	6.55445	6700	670	0.0352775	0	2.04	1.02
88	0.00255186	0.000618769	12332.5	1050	105	11842.7	38.4733	38.4733	153.893	153.893	0 27631.4 3184.71 	30816.1	6.25216	6.55445	6700	670	0.0354269	0	2.04	1.02
88.2	0.00253374	0.000658879	13140.7	1050	105	12650.6	38.5099	38.5099	154.04	154.04	0 25765 2950.18 	28715.2	6.38729	6.55445	6700	670	0.0349689	0	2.04	1.02
88.4	0.00252663	0.000678837	13552.4	1050	105	13062	38.5362	38.5362	154.145	154.145	0 24937.4 2853.25 	27790.6	6.44134	6.55445	6700	670	0.0348794	0	2.04	1.02
88.6	0.00252328	0.000689425	13773.1	1050	105	13282.5	38.5581	38.5581	154.232	154.232	0 24521.8 2804.39 	27326.2	6.46701	6.55445	6700	670	0.0348405	0	2.04	1.02
88.8	0.00254203	0.000640434	12768.7	1050	105	12278.4	38.5341	38.5341	154.137	154.137	0 26593.8 3036.01 	29629.9	6.32498	6.55445	6700	670	0.0349675	0	2.04	1.02
89	0.00254999	0.000624005	12440.1	1050	105	11949.8	38.5212	38.5212	154.085	154.085	0 27379.5 3129.37 	30508.8	6.26595	6.55445	6700	670	0.035115	0	2.04	1.02
89.2	0.00253331	0.000661731	13202.3	1050	105	12711.7	38.5568	38.5568	154.227	154.227	0 25649.7 2914.92 	28564.6	6.39047	6.55445	6700	670	0.0347127	0	2.04	1.02
89.4	0.00252662	0.000680614	13592	1050	105	13101.2	38.5828	38.5828	154.331	154.331	0 24872.2 2824.3 	27696.5	6.44137	6.55445	6700	670	0.0346266	0	2.04	1.02
89.6	0.00254519	0.000634536	12652.1	1050	105	12161.5	38.5602	38.5602	154.241	154.241	0 26874.4 3051.63 	29926	6.30143	6.55445	6700	670	0.0348263	0	2.04	1.02
89.8	0.00255256	0.000620182	12366.7	1050	105	11876.3	38.5483	38.5483	154.193	154.193	0 27576 3136.34 	30712.4	6.24699	6.55445	6700	670	0.0349858	0	2.04	1.02
90	0.00253433	0.000660136	13171.4	1050	105	12680.6	38.5852	38.5852	154.341	154.341	0 25721.9 2904.73 	28626.7	6.38282	6.55445	6700	670	0.0345105	0	2.04	1.02
90.2	0.00252722	0.000679927	13579.5	1050	105	13088.4	38.6118	38.6118	154.447	154.447	0 24903.2 2809.57 	27712.8	6.43681	6.55445	6700	670	0.0344142	0	2.04	1.02
90.4	0.00252388	0.000690398	13797.8	1050	105	13306.4	38.6341	38.6341	154.536	154.536	0 24493.1 2761.72 	27254.8	6.46239	6.55445	6700	670	0.0343717	0	2.04	1.02
90.6	0.00254284	0.000641258	12790.6	1050	105	12299.5	38.6102	38.6102	154.441	154.441	0 26568.1 2991.98 	29560.1	6.31895	6.55445	6700	670	0.0345194	0	2.04	1.02
90.8	0.0025509	0.000624843	12462.6	1050	105	11971.6	38.5975	38.5975	154.39	154.39	0 27352.5 3084.9 	30437.4	6.25924	6.55445	6700	670	0.0346786	0	2.04	1.02
91	0.00253397	0.000662666	13226.1	1050	105	12734.8	38.6336	38.6336	154.534	154.534	0 25620.2 2871.25 	28491.4	6.38549	6.55445	6700	670	0.0342544	0	2.04	1.02
91.2	0.00252724	0.000681504	13614.9	1050	105	13123.3	38.6599	38.6599	154.64	154.64	0 24845.8 2781.7 	27627.5	6.43665	6.55445	6700	670	0.0341615	0	2.04	1.02
91.4	0.00252407	0.000691476	13822.8	1050	105	13331	38.6822	38.6822	154.729	154.729	0 24456.7 2736.37 	27193.1	6.46098	6.55445	6700	670	0.0341181	0	2.04	1.02
91.6	0.00254315	0.000642092	12810.5	1050	105	12318.9	38.6583	38.6583	154.633	154.633	0 26536.9 2966.08 	29502.9	6.31662	6.55445	6700	670	0.0342738	0	2.04	1.02
91.8	0.0025513	0.000625572	12480.4	1050	105	11989	38.6457	38.6457	154.583	154.583	0 27324.9 3059.16 	30384.1	6.25628	6.55445	6700	670	0.0344386	0	2.04	1.02
92	0.00253431	0.000663332	13242.5	1050	105	12750.7	38.6819	38.6819	154.728	154.728	0 25597.8 2846.83 	28444.6	6.38298	6.55445	6700	670	0.034005	0	2.04	1.02
92.2	0.00252757	0.000682091	13629.5	1050	105	13137.5	38.7085	38.7085	154.834	154.834	0 24827.6 2758.14 	27585.8	6.43415	6.55445	6700	670	0.0339086	0	2.04	1.02
92.4	0.0025244	0.000692005	13836.2	1050	105	13343.9	38.7309	38.7309	154.923	154.923	0 24441.2 2713.3 	27154.5	6.45844	6.55445	6700	670	0.0338633	0	2.04	1.02
92.6	0.0025436	0.000642541	12822.5	1050	105	12330.4	38.7071	38.7071	154.828	154.828	0 26523 2942.28 	29465.2	6.31329	6.55445	6700	670	0.0340305	0	2.04	1.02
92.8	0.0025518	0.000626032	12492.8	1050	105	12000.9	38.6945	38.6945	154.778	154.778	0 27310.2 3035.11 	30345.3	6.25258	6.55445	6700	670	0.0342018	0	2.04	1.02
93	0.00253467	0.000663848	13255.6	1050	105	12763.3	38.731	38.731	154.924	154.924	0 25581.5 2823.17 	28404.7	6.38026	6.55445	6700	670	0.033756	0	2.04	1.02
93.2	0.00252791	0.000682583	13642.1	1050	105	13149.6	38.7577	38.7577	155.031	155.031	0 24813.1 2735.05 	27548.1	6.43158	6.55445	6700	670	0.0336559	0	2.04	1.02
93.4	0.00252473	0.000692468	13848.2	1050	105	13355.4	38.7803	38.7803	155.121	155.121	0 24428.1 2690.59 	27118.7	6.4559	6.55445	6700	670	0.033609	0	2.04	1.02
93.6	0.00254404	0.000642938	12833.3	1050	105	12340.7	38.7565	38.7565	155.026	155.026	0 26511.2 2918.85 	29430.1	6.30996	6.55445	6700	670	0.033788	0	2.04	1.02
93.8	0.00255231	0.000626451	12504.3	1050	105	12011.8	38.7441	38.7441	154.976	154.976	0 27297.4 3011.42 	30308.8	6.24887	6.55445	6700	670	0.0339659	0	2.04	1.02
94	0.00253502	0.000664334	13268.1	1050	105	12775.3	38.7808	38.7808	155.123	155.123	0 25566.4 2799.79 	28366.2	6.37757	6.55445	6700	670	0.033508	0	2.04	1.02
94.2	0.00252824	0.000683049	13654.1	1050	105	13161.1	38.8077	38.8077	155.231	155.231	0 24799.4 2712.22 	27511.6	6.42905	6.55445	6700	670	0.0334044	0	2.04	1.02
94.4	0.00252505	0.00069291	13859.7	1050	105	13366.4	38.8305	38.8305	155.322	155.322	0 24415.6 2668.12 	27083.8	6.4534	6.55445	6700	670	0.0333559	0	2.04	1.02
94.6	0.0025235	0.000698258	13972.1	1050	105	13478.6	38.8512	38.8512	155.405	155.405	0 24213.7 2643.66 	26857.4	6.46535	6.55445	6700	670	0.0333181	0	2.04	1.02
94.8	0.00254308	0.000647	12919.2	1050	105	12425.9	38.8268	38.8268	155.307	155.307	0 26334.9 2872.65 	29207.5	6.31712	6.55445	6700	670	0.0334758	0	2.04	1.02
95	0.00255174	0.000629385	12566.8	1050	105	12073.6	38.814	38.814	155.256	155.256	0 27164 2969.08 	30133.1	6.25307	6.55445	6700	670	0.0336558	0	2.04	1.02
95.2	0.00253507	0.00066613	13308.4	1050	105	12814.9	38.8503	38.8503	155.401	155.401	0 25498 2767.09 	28265.1	6.37722	6.55445	6700	670	0.0332171	0	2.04	1.02
95.4	0.00252847	0.000684299	13683.2	1050	105	13189.5	38.8772	38.8772	155.509	155.509	0 24756.4 2682.84 	27439.2	6.42726	6.55445	6700	670	0.0331128	0	2.04	1.02
95.6	0.00252537	0.000693861	13882.5	1050	105	13388.5	38.9001	38.9001	155.6	155.6	0 24385.3 2640.3 	27025.6	6.45097	6.55445	6700	670	0.0330625	0	2.04	1.02
95.8	0.00254495	0.000644083	12862.8	1050	105	12369	38.8763	38.8763	155.505	155.505	0 26473.6 2867.11 	29340.7	6.30318	6.55445	6700	670	0.0332654	0	2.04	1.02
96	0.00255336	0.000627572	12533.7	1050	105	12040.1	38.8641	38.8641	155.456	155.456	0 27259.8 2959.34 	30219.2	6.24114	6.55445	6700	670	0.0334571	0	2.04	1.02
96.2	0.00253578	0.00066553	13298.3	1050	105	12804.3	38.9013	38.9013	155.605	155.605	0 25528.1 2748.89 	28277	6.37182	6.55445	6700	670	0.0329737	0	2.04	1.02
96.4	0.00252896	0.000684167	13682.6	1050	105	13188.3	38.9285	38.9285	155.714	155.714	0 24765.9 2662.66 	27428.6	6.42356	6.55445	6700	670	0.0328622	0	2.04	1.02
96.6	0.00252576	0.000693951	13886.5	1050	105	13391.9	38.9516	38.9516	155.806	155.806	0 24385.9 2619.4 	27005.3	6.44795	6.55445	6700	670	0.03281	0	2.04	1.02
96.8	0.00252421	0.00069924	13997.6	1050	105	13502.9	38.9727	38.9727	155.891	155.891	0 24186.5 2595.47 	26782	6.4599	6.55445	6700	670	0.0327704	0	2.04	1.02
97	0.00254404	0.000647844	12942.3	1050	105	12447.8	38.9483	38.9483	155.793	155.793	0 26310.4 2822.81 	29133.3	6.30999	6.55445	6700	670	0.0329538	0	2.04	1.02
97.2	0.00255282	0.000630278	12591.3	1050	105	12097	38.9357	38.9357	155.743	155.743	0 27137.1 2918.64 	30055.7	6.24509	6.55445	6700	670	0.0331487	0	2.04	1.02
97.4	0.00253584	0.000667174	13335.2	1050	105	12840.5	38.9726	38.9726	155.89	155.89	0 25465.8 2717.24 	28183	6.37143	6.55445	6700	670	0.0326844	0	2.04	1.02
97.6	0.00252919	0.000685306	13709.2	1050	105	13214.2	38.9998	38.9998	155.999	155.999	0 24727 2634.09 	27361.1	6.42182	6.55445	6700	670	0.0325728	0	2.04	1.02
97.8	0.00252607	0.000694817	13907.4	1050	105	13412.1	39.023	39.023	156.092	156.092	0 24358.5 2592.28 	26950.8	6.4456	6.55445	6700	670	0.0325193	0	2.04	1.02
98	0.00252455	0.000699952	14015.3	1050	105	13519.8	39.0442	39.0442	156.177	156.177	0 24165.2 2569.11 	26734.4	6.45724	6.55445	6700	670	0.0324786	0	2.04	1.02
98.2	0.00254453	0.000648433	12957.6	1050	105	12462.4	39.0198	39.0198	156.079	156.079	0 26291.6 2795.63 	29087.2	6.30636	6.55445	6700	670	0.032675	0	2.04	1.02
98.4	0.00255339	0.000630861	12606.8	1050	105	12111.7	39.0073	39.0073	156.029	156.029	0 27118 2891.24 	30009.2	6.24094	6.55445	6700	670	0.0328777	0	2.04	1.02
98.6	0.00253624	0.000667804	13351.2	1050	105	12855.7	39.0444	39.0444	156.178	156.178	0 25445.8 2690.37 	28136.2	6.36835	6.55445	6700	670	0.0324	0	2.04	1.02
98.8	0.00252957	0.000685899	13724.3	1050	105	13228.6	39.0718	39.0718	156.287	156.287	0 24709.4 2607.89 	27317.3	6.41889	6.55445	6700	670	0.0322843	0	2.04	1.02
99	0.00252645	0.000695371	13921.6	1050	105	13425.7	39.0951	39.0951	156.381	156.381	0 24342.7 2566.51 	26909.2	6.44269	6.55445	6700	670	0.032229	0	2.04	1.02
99.2	0.00252493	0.000700476	14028.9	1050	105	13532.7	39.1165	39.1165	156.466	156.466	0 24150.8 2543.6 	26694.4	6.45434	6.55445	6700	670	0.0321874	0	2.04	1.02
99.4	0.00252419	0.000703302	14088.8	1050	105	13592.4	39.1369	39.1369	156.548	156.548	0 24046.7 2529.76 	26576.5	6.45999	6.55445	6700	670	0.032149	0	2.04	1.02
99.6	0.00254438	0.000650856	13010.8	1050	105	12514.7	39.1122	39.1122	156.449	156.449	0 26192.2 2755.91 	28948.2	6.30743	6.55445	6700	670	0.0323431	0	2.04	1.02
99.8	0.00255348	0.000632723	12648.5	1050	105	12152.5	39.0995	39.0995	156.398	156.398	0 27039.2 2853.13 	29892.4	6.24024	6.55445	6700	670	0.0325517	0	2.04	1.02
100	0.00253654	0.000669137	13382.3	1050	105	12886	39.1366	39.1366	156.546	156.546	0 25398.1 2657.17 	28055.3	6.36611	6.55445	6700	670	0.0320748	0	2.04	1.02
100.2	0.00252994	0.000686936	13749.3	1050	105	13252.7	39.1641	39.1641	156.656	156.656	0 24675.7 2576.68 	27252.3	6.41606	6.55445	6700	670	0.0319562	0	2.04	1.02
100.4	0.00252686	0.000696234	13943	1050	105	13446.1	39.1876	39.1876	156.75	156.75	0 24316.5 2536.31 	26852.8	6.43957	6.55445	6700	670	0.0318986	0	2.04	1.02
100.6	0.00252536	0.000701233	14048	1050	105	13550.9	39.2091	39.2091	156.836	156.836	0 24128.8 2513.97 	26642.7	6.45108	6.55445	6700	670	0.0318556	0	2.04	1.02
100.8	0.00252463	0.000703992	14106.4	1050	105	13609.1	39.2297	39.2297	156.919	156.919	0 24027.3 2500.45 	26527.7	6.45666	6.55445	6700	670	0.0318163	0	2.04	1.02
101	0.00252429	0.000705569	14140.3	1050	105	13642.8	39.2497	39.2497	156.999	156.999	0 23970.4 2491.44 	26461.8	6.45923	6.55445	6700	670	0.0317776	0	2.04	1.02
101.2	0.00254469	0.000652566	13050.3	1050	105	12553	39.2248	39.2248	156.899	156.899	0 26126.8 2716.72 	28843.5	6.30514	6.55445	6700	670	0.03198	0	2.04	1.02
101.4	0.00255397	0.000634146	12682.2	1050	105	12185.1	39.2121	39.2121	156.848	156.848	0 26983.6 2814.54 	29798.2	6.2367	6.55445	6700	670	0.032197	0	2.04	1.02
101.6	0.002537	0.000670332	13411.1	1050	105	12913.6	39.2493	39.2493	156.997	156.997	0 25357.5 2621.3 	27978.8	6.36266	6.55445	6700	670	0.03171	0	2.04	1.02
101.8	0.00253042	0.00068795	13774.3	1050	105	13276.5	39.277	39.277	157.108	157.108	0 24643.9 2542.26 	27186.2	6.41245	6.55445	6700	670	0.0315866	0	2.04	1.02
102	0.00252735	0.000697126	13965.4	1050	105	13467.4	39.3006	39.3006	157.203	157.203	0 24290.1 2502.69 	26792.7	6.43584	6.55445	6700	670	0.0315263	0	2.04	1.02
102.2	0.00252585	0.000702043	14068.6	1050	105	13570.4	39.3223	39.3223	157.289	157.289	0 24105.6 2480.81 	26586.4	6.44729	6.55445	6700	670	0.0314817	0	2.04	1.02
102.4	0.00252513	0.000704747	14125.9	1050	105	13627.4	39.3431	39.3431	157.372	157.372	0 24006.2 2467.58 	26473.8	6.45285	6.55445	6700	670	0.0314413	0	2.04	1.02
102.6	0.00252479	0.000706285	14158.8	1050	105	13660.2	39.3634	39.3634	157.453	157.453	0 23950.8 2458.76 	26409.6	6.45542	6.55445	6700	670	0.0314019	0	2.04	1.02
102.8	0.00252466	0.0007072	14178.8	1050	105	13679.9	39.3834	39.3834	157.534	157.534	0 23918.5 2452.22 	26370.7	6.45645	6.55445	6700	670	0.0313625	0	2.04	1.02
103	0.00252462	0.00070778	14191.7	1050	105	13692.6	39.4033	39.4033	157.613	157.613	0 23898.6 2446.87 	26345.5	6.45669	6.55445	6700	670	0.0313226	0	2.04	1.02
103.2	0.00252464	0.000708176	14200.7	1050	105	13701.4	39.4232	39.4232	157.693	157.693	0 23885.5 2442.15 	26327.6	6.45653	6.55445	6700	670	0.031282	0	2.04	1.02
103.4	0.00252469	0.000708467	14207.5	1050	105	13708	39.443	39.443	157.772	157.772	0 23876.1 2437.77 	26313.9	6.45617	6.55445	6700	670	0.0312409	0	2.04	1.02
103.6	0.00252475	0.000708697	14212.9	1050	105	13713.3	39.4629	39.4629	157.852	157.852	0 23868.9 2433.58 	26302.5	6.45571	6.55445	6700	670	0.0311992	0	2.04	1.02
103.8	0.00252482	0.000708889	14217.6	1050	105	13717.8	39.4828	39.4828	157.931	157.931	0 23863.1 2429.49 	26292.6	6.45521	6.55445	6700	670	0.031157	0	2.04	1.02
104	0.00252488	0.000709057	14221.7	1050	105	13721.7	39.5027	39.5027	158.011	158.011	0 23858.1 2425.47 	26283.5	6.45469	6.55445	6700	670	0.0311143	0	2.04	1.02
104.2	0.00252495	0.000709207	14225.4	1050	105	13725.2	39.5226	39.5226	158.09	158.09	0 23853.7 2421.48 	26275.1	6.45417	6.55445	6700	670	0.0310713	0	2.04	1.02
104.4	0.00252502	0.000709344	14228.9	1050	105	13728.4	39.5425	39.5425	158.17	158.17	0 23849.7 2417.51 	26267.2	6.45365	6.55445	6700	670	0.0310279	0	2.04	1.02
104.6	0.00252509	0.000709471	14232	1050	105	13731.4	39.5625	39.5625	158.25	158.25	0 23846 2413.57 	26259.6	6.45314	6.55445	6700	670	0.0309842	0	2.04	1.02
104.8	0.00252515	0.00070959	14235	1050	105	13734.2	39.5824	39.5824	158.33	158.33	0 23842.7 2409.63 	26252.3	6.45264	6.55445	6700	670	0.0309402	0	2.04	1.02
105	0.00252522	0.000709702	14237.9	1050	105	13736.9	39.6024	39.6024	158.41	158.41	0 23839.5 2405.72 	26245.2	6.45214	6.55445	6700	670	0.0308961	0	2.04	1.02
105.2	0.00252528	0.000709808	14240.6	1050	105	13739.4	39.6224	39.6224	158.489	158.489	0 23836.6 2401.81 	26238.4	6.45166	6.55445	6700	670	0.0308517	0	2.04	1.02
105.4	0.00252534	0.000709908	14243.2	1050	105	13741.7	39.6424	39.6424	158.569	158.569	0 23833.8 2397.91 	26231.7	6.45117	6.55445	6700	670	0.0308073	0	2.04	1.02
105.6	0.00252541	0.000710004	14245.6	1050	105	13744	39.6624	39.6624	158.649	158.649	0 23831.2 2394.03 	26225.2	6.4507	6.55445	6700	670	0.0307627	0	2.04	1.02
105.8	0.00252547	0.000710096	14248	1050	105	13746.2	39.6824	39.6824	158.73	158.73	0 23828.6 2390.15 	26218.8	6.45023	6.55445	6700	670	0.030718	0	2.04	1.02
106	0.00252553	0.000710185	14250.3	1050	105	13748.3	39.7024	39.7024	158.81	158.81	0 23826.2 2386.29 	26212.5	6.44976	6.55445	6700	670	0.0306733	0	2.04	1.02
106.2	0.00252559	0.00071027	14252.5	1050	105	13750.3	39.7224	39.7224	158.89	158.89	0 23823.9 2382.43 	26206.4	6.4493	6.55445	6700	670	0.0306285	0	2.04	1.02
106.4	0.00252565	0.000710353	14254.7	1050	105	13752.3	39.7425	39.7425	158.97	158.97	0 23821.7 2378.58 	26200.3	6.44885	6.55445	6700	670	0.0305836	0	2.04	1.02
106.6	0.00252571	0.000710433	14256.8	1050	105	13754.2	39.7625	39.7625	159.05	159.05	0 23819.6 2374.74 	26194.3	6.4484	6.55445	6700	670	0.0305388	0	2.04	1.02
106.8	0.00252577	0.000710512	14258.8	1050	105	13756	39.7826	39.7826	159.13	159.13	0 23817.5 2370.91 	26188.4	6.44795	6.55445	6700	670	0.0304939	0	2.04	1.02
107	0.00252582	0.000710588	14260.9	1050	105	13757.8	39.8027	39.8027	159.211	159.211	0 23815.5 2367.09 	26182.6	6.4475	6.55445	6700	670	0.030449	0	2.04	1.02
107.2	0.00252588	0.000710663	14262.8	1050	105	13759.6	39.8227	39.8227	159.291	159.291	0 23813.5 2363.28 	26176.8	6.44706	6.55445	6700	670	0.0304042	0	2.04	1.02
107.4	0.00252594	0.000710737	14264.8	1050	105	13761.3	39.8428	39.8428	159.371	159.371	0 23811.6 2359.47 	26171.1	6.44661	6.55445	6700	670	0.0303593	0	2.04	1.02
107.6	0.002526	0.000710809	14266.7	1050	105	13763.1	39.8629	39.8629	159.452	159.452	0 23809.7 2355.67 	26165.4	6.44617	6.55445	6700	670	0.0303145	0	2.04	1.02
107.8	0.00252605	0.00071088	14268.6	1050	105	13764.7	39.883	39.883	159.532	159.532	0 23807.9 2351.88 	26159.8	6.44574	6.55445	6700	670	0.0302698	0	2.04	1.02
108	0.00252611	0.00071095	14270.4	1050	105	13766.4	39.9031	39.9031	159.612	159.612	0 23806.1 2348.1 	26154.2	6.4453	6.55445	6700	670	0.030225	0	2.04	1.02
108.2	0.00252617	0.000711019	14272.3	1050	105	13768	39.9232	39.9232	159.693	159.693	0 23804.3 2344.33 	26148.6	6.44487	6.55445	6700	670	0.0301804	0	2.04	1.02
108.4	0.00252622	0.000711088	14274.1	1050	105	13769.7	39.9434	39.9434	159.773	159.773	0 23802.5 2340.56 	26143.1	6.44444	6.55445	6700	670	0.0301357	0	2.04	1.02
108.6	0.00252628	0.000711156	14275.9	1050	105	13771.3	39.9635	39.9635	159.854	159.854	0 23800.8 2336.8 	26137.6	6.444	6.55445	6700	670	0.0300912	0	2.04	1.02
108.8	0.00252634	0.000711223	14277.7	1050	105	13772.9	39.9836	39.9836	159.934	159.934	0 23799.1 2333.05 	26132.1	6.44358	6.55445	6700	670	0.0300466	0	2.04	1.02
109	0.00252639	0.00071129	14279.5	1050	105	13774.4	40.0037	40.0037	160.015	160.015	0 23797.4 2329.31 	26126.7	6.44315	6.55445	6700	670	0.0300022	0	2.04	1.02
109.2	0.00252645	0.000711356	14281.3	1050	105	13776	40.0239	40.0239	160.096	160.096	0 23795.7 2325.57 	26121.3	6.44272	6.55445	6700	670	0.0299578	0	2.04	1.02
109.4	0.0025265	0.000711422	14283	1050	105	13777.6	40.044	40.044	160.176	160.176	0 23794 2321.84 	26115.8	6.44229	6.55445	6700	670	0.0299135	0	2.04	1.02
109.6	0.00252656	0.000711488	14284.8	1050	105	13779.1	40.0642	40.0642	160.257	160.257	0 23792.3 2318.12 	26110.5	6.44187	6.55445	6700	670	0.0298692	0	2.04	1.02
109.8	0.00252661	0.000711553	14286.5	1050	105	13780.7	40.0843	40.0843	160.337	160.337	0 23790.7 2314.41 	26105.1	6.44144	6.55445	6700	670	0.029825	0	2.04	1.02
110	0.00252667	0.000711618	14288.3	1050	105	13782.2	40.1045	40.1045	160.418	160.418	0 23789 2310.71 	26099.7	6.44102	6.55445	6700	670	0.0297809	0	2.04	1.02
110.2	0.00252673	0.000711683	14290	1050	105	13783.8	40.1247	40.1247	160.499	160.499	0 23787.4 2307.01 	26094.4	6.4406	6.55445	6700	670	0.0297368	0	2.04	1.02
110.4	0.00252678	0.000711747	14291.7	1050	105	13785.3	40.1448	40.1448	160.579	160.579	0 23785.7 2303.32 	26089.1	6.44018	6.55445	6700	670	0.0296929	0	2.04	1.02
110.6	0.00252684	0.000711811	14293.5	1050	105	13786.8	40.165	40.165	160.66	160.66	0 23784.1 2299.63 	26083.7	6.43976	6.55445	6700	670	0.029649	0	2.04	1.02
110.8	0.00252689	0.000711876	14295.2	1050	105	13788.3	40.1852	40.1852	160.741	160.741	0 23782.5 2295.96 	26078.4	6.43933	6.55445	6700	670	0.0296051	0	2.04	1.02
111	0.00252695	0.00071194	14296.9	1050	105	13789.8	40.2054	40.2054	160.822	160.822	0 23780.9 2292.29 	26073.1	6.43892	6.55445	6700	670	0.0295614	0	2.04	1.02
111.2	0.002527	0.000712004	14298.6	1050	105	13791.4	40.2256	40.2256	160.902	160.902	0 23779.2 2288.63 	26067.9	6.4385	6.55445	6700	670	0.0295177	0	2.04	1.02
111.4	0.00252705	0.000712068	14300.3	1050	105	13792.9	40.2458	40.2458	160.983	160.983	0 23777.6 2284.98 	26062.6	6.43808	6.55445	6700	670	0.0294741	0	2.04	1.02
111.6	0.00252711	0.000712131	14302	1050	105	13794.4	40.266	40.266	161.064	161.064	0 23776 2281.33 	26057.3	6.43766	6.55445	6700	670	0.0294306	0	2.04	1.02
111.8	0.00252716	0.000712195	14303.7	1050	105	13795.9	40.2862	40.2862	161.145	161.145	0 23774.4 2277.69 	26052.1	6.43724	6.55445	6700	670	0.0293871	0	2.04	1.02
112	0.00252722	0.000712259	14305.4	1050	105	13797.4	40.3064	40.3064	161.226	161.226	0 23772.8 2274.06 	26046.8	6.43683	6.55445	6700	670	0.0293438	0	2.04	1.02
112.2	0.00252727	0.000712322	14307.1	1050	105	13798.9	40.3266	40.3266	161.306	161.306	0 23771.2 2270.43 	26041.6	6.43641	6.55445	6700	670	0.0293005	0	2.04	1.02
112.4	0.00252733	0.000712386	14308.8	1050	105	13800.4	40.3468	40.3468	161.387	161.387	0 23769.6 2266.82 	26036.4	6.436	6.55445	6700	670	0.0292573	0	2.04	1.02
112.6	0.00252738	0.000712449	14310.5	1050	105	13801.9	40.367	40.367	161.468	161.468	0 23768 2263.2 	26031.2	6.43558	6.55445	6700	670	0.0292142	0	2.04	1.02
112.8	0.00252744	0.000712512	14312.2	1050	105	13803.4	40.3873	40.3873	161.549	161.549	0 23766.3 2259.6 	26026	6.43517	6.55445	6700	670	0.0291711	0	2.04	1.02
113	0.00252749	0.000712576	14313.9	1050	105	13804.9	40.4075	40.4075	161.63	161.63	0 23764.7 2256 	26020.7	6.43476	6.55445	6700	670	0.0291281	0	2.04	1.02
113.2	0.00252754	0.000712639	14315.6	1050	105	13806.4	40.4277	40.4277	161.711	161.711	0 23763.1 2252.42 	26015.6	6.43434	6.55445	6700	670	0.0290852	0	2.04	1.02
113.4	0.0025276	0.000712702	14317.3	1050	105	13807.9	40.448	40.448	161.792	161.792	0 23761.5 2248.83 	26010.4	6.43393	6.55445	6700	670	0.0290424	0	2.04	1.02
113.6	0.00252765	0.000712766	14319	1050	105	13809.4	40.4682	40.4682	161.873	161.873	0 23759.9 2245.26 	26005.2	6.43352	6.55445	6700	670	0.0289997	0	2.04	1.02
113.8	0.00252771	0.000712829	14320.7	1050	105	13810.8	40.4884	40.4884	161.954	161.954	0 23758.3 2241.69 	26000	6.43311	6.55445	6700	670	0.028957	0	2.04	1.02
114	0.00252776	0.000712892	14322.4	1050	105	13812.3	40.5087	40.5087	162.035	162.035	0 23756.7 2238.13 	25994.9	6.4327	6.55445	6700	670	0.0289145	0	2.04	1.02
114.2	0.00252781	0.000712955	14324.1	1050	105	13813.8	40.5289	40.5289	162.116	162.116	0 23755.1 2234.58 	25989.7	6.43229	6.55445	6700	670	0.028872	0	2.04	1.02
114.4	0.00252787	0.000713019	14325.8	1050	105	13815.3	40.5492	40.5492	162.197	162.197	0 23753.5 2231.03 	25984.6	6.43188	6.55445	6700	670	0.0288296	0	2.04	1.02
114.6	0.00252792	0.000713082	14327.5	1050	105	13816.8	40.5695	40.5695	162.278	162.278	0 23751.9 2227.49 	25979.4	6.43147	6.55445	6700	670	0.0287872	0	2.04	1.02
114.8	0.00252797	0.000713145	14329.2	1050	105	13818.3	40.5897	40.5897	162.359	162.359	0 23750.3 2223.96 	25974.3	6.43106	6.55445	6700	670	0.028745	0	2.04	1.02
115	0.00252803	0.000713208	14330.9	1050	105	13819.8	40.61	40.61	162.44	162.44	0 23748.7 2220.43 	25969.2	6.43065	6.55445	6700	670	0.0287028	0	2.04	1.02
115.2	0.00252808	0.000713271	14332.6	1050	105	13821.3	40.6302	40.6302	162.521	162.521	0 23747.1 2216.91 	25964	6.43025	6.55445	6700	670	0.0286607	0	2.04	1.02
115.4	0.00252813	0.000713335	14334.3	1050	105	13822.8	40.6505	40.6505	162.602	162.602	0 23745.5 2213.4 	25958.9	6.42984	6.55445	6700	670	0.0286187	0	2.04	1.02
115.6	0.00252819	0.000713398	14336	1050	105	13824.3	40.6708	40.6708	162.683	162.683	0 23743.9 2209.9 	25953.8	6.42943	6.55445	6700	670	0.0285767	0	2.04	1.02
115.8	0.00252824	0.000713461	14337.7	1050	105	13825.7	40.6911	40.6911	162.764	162.764	0 23742.3 2206.4 	25948.7	6.42903	6.55445	6700	670	0.0285348	0	2.04	1.02
116	0.00252829	0.000713524	14339.3	1050	105	13827.2	40.7114	40.7114	162.845	162.845	0 23740.7 2202.91 	25943.6	6.42862	6.55445	6700	670	0.0284931	0	2.04	1.02
116.2	0.00252835	0.000713587	14341	1050	105	13828.7	40.7316	40.7316	162.927	162.927	0 23739.1 2199.42 	25938.5	6.42822	6.55445	6700	670	0.0284514	0	2.04	1.02
116.4	0.0025284	0.00071365	14342.7	1050	105	13830.2	40.7519	40.7519	163.008	163.008	0 23737.5 2195.95 	25933.4	6.42782	6.55445	6700	670	0.0284097	0	2.04	1.02
116.6	0.00252845	0.000713714	14344.4	1050	105	13831.7	40.7722	40.7722	163.089	163.089	0 23735.9 2192.48 	25928.4	6.42741	6.55445	6700	670	0.0283682	0	2.04	1.02
116.8	0.0025285	0.000713777	14346.1	1050	105	13833.2	40.7925	40.7925	163.17	163.17	0 23734.3 2189.01 	25923.3	6.42701	6.55445	6700	670	0.0283267	0	2.04	1.02
117	0.00252856	0.00071384	14347.8	1050	105	13834.7	40.8128	40.8128	163.251	163.251	0 23732.7 2185.56 	25918.2	6.42661	6.55445	6700	670	0.0282853	0	2.04	1.02
117.2	0.00252861	0.000713903	14349.5	1050	105	13836.1	40.8331	40.8331	163.332	163.332	0 23731.1 2182.11 	25913.2	6.4262	6.55445	6700	670	0.028244	0	2.04	1.02
117.4	0.00252866	0.000713966	14351.2	1050	105	13837.6	40.8534	40.8534	163.414	163.414	0 23729.5 2178.67 	25908.1	6.4258	6.55445	6700	670	0.0282027	0	2.04	1.02
117.6	0.00252872	0.000714029	14352.9	1050	105	13839.1	40.8737	40.8737	163.495	163.495	0 23727.9 2175.23 	25903.1	6.4254	6.55445	6700	670	0.0281616	0	2.04	1.02
117.8	0.00252877	0.000714092	14354.5	1050	105	13840.6	40.894	40.894	163.576	163.576	0 23726.3 2171.8 	25898.1	6.425	6.55445	6700	670	0.0281205	0	2.04	1.02
118	0.00252882	0.000714156	14356.2	1050	105	13842.1	40.9143	40.9143	163.657	163.657	0 23724.7 2168.38 	25893	6.4246	6.55445	6700	670	0.0280795	0	2.04	1.02
118.2	0.00252887	0.000714219	14357.9	1050	105	13843.6	40.9346	40.9346	163.738	163.738	0 23723.1 2164.96 	25888	6.4242	6.55445	6700	670	0.0280385	0	2.04	1.02
118.4	0.00252893	0.000714282	14359.6	1050	105	13845.1	40.9549	40.9549	163.82	163.82	0 23721.4 2161.55 	25883	6.4238	6.55445	6700	670	0.0279977	0	2.04	1.02
118.6	0.00252898	0.000714345	14361.3	1050	105	13846.5	40.9752	40.9752	163.901	163.901	0 23719.8 2158.15 	25878	6.42341	6.55445	6700	670	0.0279569	0	2.04	1.02
118.8	0.00252903	0.000714408	14363	1050	105	13848	40.9955	40.9955	163.982	163.982	0 23718.2 2154.76 	25873	6.42301	6.55445	6700	670	0.0279162	0	2.04	1.02
119	0.00252908	0.000714471	14364.7	1050	105	13849.5	41.0159	41.0159	164.063	164.063	0 23716.6 2151.37 	25868	6.42261	6.55445	6700	670	0.0278756	0	2.04	1.02
119.2	0.00252913	0.000714534	14366.3	1050	105	13851	41.0362	41.0362	164.145	164.145	0 23715 2147.99 	25863	6.42221	6.55445	6700	670	0.027835	0	2.04	1.02
119.4	0.00252919	0.000714598	14368	1050	105	13852.5	41.0565	41.0565	164.226	164.226	0 23713.4 2144.61 	25858	6.42182	6.55445	6700	670	0.0277945	0	2.04	1.02
119.6	0.00252924	0.000714661	14369.7	1050	105	13854	41.0768	41.0768	164.307	164.307	0 23711.8 2141.24 	25853	6.42142	6.55445	6700	670	0.0277541	0	2.04	1.02
119.8	0.00252929	0.000714724	14371.4	1050	105	13855.4	41.0971	41.0971	164.389	164.389	0 23710.2 2137.88 	25848.1	6.42103	6.55445	6700	670	0.0277138	0	2.04	1.02
120	0.00252934	0.000714787	14373.1	1050	105	13856.9	41.1175	41.1175	164.47	164.47	0 23708.6 2134.53 	25843.1	6.42063	6.55445	6700	670	0.0276735	0	2.04	1.02
120.2	0.00252939	0.00071485	14374.8	1050	105	13858.4	41.1378	41.1378	164.551	164.551	0 23707 2131.18 	25838.2	6.42024	6.55445	6700	670	0.0276334	0	2.04	1.02
120.4	0.00252945	0.000714913	14376.5	1050	105	13859.9	41.1581	41.1581	164.633	164.633	0 23705.4 2127.83 	25833.2	6.41984	6.55445	6700	670	0.0275933	0	2.04	1.02
120.6	0.0025295	0.000714976	14378.1	1050	105	13861.4	41.1785	41.1785	164.714	164.714	0 23703.8 2124.5 	25828.3	6.41945	6.55445	6700	670	0.0275532	0	2.04	1.02
120.8	0.00252955	0.00071504	14379.8	1050	105	13862.8	41.1988	41.1988	164.795	164.795	0 23702.1 2121.17 	25823.3	6.41906	6.55445	6700	670	0.0275133	0	2.04	1.02
121	0.0025296	0.000715103	14381.5	1050	105	13864.3	41.2191	41.2191	164.877	164.877	0 23700.5 2117.85 	25818.4	6.41867	6.55445	6700	670	0.0274734	0	2.04	1.02
121.2	0.00252965	0.000715166	14383.2	1050	105	13865.8	41.2395	41.2395	164.958	164.958	0 23698.9 2114.53 	25813.5	6.41828	6.55445	6700	670	0.0274336	0	2.04	1.02
121.4	0.0025297	0.000715229	14384.9	1050	105	13867.3	41.2598	41.2598	165.039	165.039	0 23697.3 2111.22 	25808.5	6.41788	6.55445	6700	670	0.0273939	0	2.04	1.02
121.6	0.00252975	0.000715292	14386.6	1050	105	13868.8	41.2801	41.2801	165.121	165.121	0 23695.7 2107.92 	25803.6	6.41749	6.55445	6700	670	0.0273542	0	2.04	1.02
121.8	0.00252981	0.000715355	14388.2	1050	105	13870.2	41.3005	41.3005	165.202	165.202	0 23694.1 2104.63 	25798.7	6.4171	6.55445	6700	670	0.0273147	0	2.04	1.02
122	0.00252986	0.000715418	14389.9	1050	105	13871.7	41.3208	41.3208	165.283	165.283	0 23692.5 2101.34 	25793.8	6.41671	6.55445	6700	670	0.0272752	0	2.04	1.02
122.2	0.00252991	0.000715481	14391.6	1050	105	13873.2	41.3412	41.3412	165.365	165.365	0 23690.9 2098.05 	25788.9	6.41632	6.55445	6700	670	0.0272357	0	2.04	1.02
122.4	0.00252996	0.000715544	14393.3	1050	105	13874.7	41.3615	41.3615	165.446	165.446	0 23689.3 2094.78 	25784	6.41594	6.55445	6700	670	0.0271964	0	2.04	1.02
122.6	0.00253001	0.000715608	14395	1050	105	13876.1	41.3818	41.3818	165.527	165.527	0 23687.7 2091.51 	25779.2	6.41555	6.55445	6700	670	0.0271571	0	2.04	1.02
122.8	0.00253006	0.000715671	14396.6	1050	105	13877.6	41.4022	41.4022	165.609	165.609	0 23686 2088.24 	25774.3	6.41516	6.55445	6700	670	0.0271179	0	2.04	1.02
123	0.00253011	0.000715734	14398.3	1050	105	13879.1	41.4225	41.4225	165.69	165.69	0 23684.4 2084.99 	25769.4	6.41477	6.55445	6700	670	0.0270788	0	2.04	1.02
123.2	0.00253016	0.000715797	14400	1050	105	13880.6	41.4429	41.4429	165.772	165.772	0 23682.8 2081.74 	25764.6	6.41439	6.55445	6700	670	0.0270397	0	2.04	1.02
123.4	0.00253021	0.00071586	14401.7	1050	105	13882.1	41.4632	41.4632	165.853	165.853	0 23681.2 2078.49 	25759.7	6.414	6.55445	6700	670	0.0270007	0	2.04	1.02
123.6	0.00253026	0.000715923	14403.4	1050	105	13883.5	41.4836	41.4836	165.934	165.934	0 23679.6 2075.26 	25754.9	6.41361	6.55445	6700	670	0.0269618	0	2.04	1.02
123.8	0.00253031	0.000715986	14405	1050	105	13885	41.5039	41.5039	166.016	166.016	0 23678 2072.02 	25750	6.41323	6.55445	6700	670	0.0269229	0	2.04	1.02
124	0.00253036	0.000716049	14406.7	1050	105	13886.5	41.5243	41.5243	166.097	166.097	0 23676.4 2068.8 	25745.2	6.41285	6.55445	6700	670	0.0268842	0	2.04	1.02
124.2	0.00253042	0.000716112	14408.4	1050	105	13888	41.5446	41.5446	166.178	166.178	0 23674.8 2065.58 	25740.3	6.41246	6.55445	6700	670	0.0268455	0	2.04	1.02
124.4	0.00253047	0.000716175	14410.1	1050	105	13889.4	41.565	41.565	166.26	166.26	0 23673.2 2062.37 	25735.5	6.41208	6.55445	6700	670	0.0268069	0	2.04	1.02
124.6	0.00253052	0.000716238	14411.8	1050	105	13890.9	41.5853	41.5853	166.341	166.341	0 23671.5 2059.16 	25730.7	6.41169	6.55445	6700	670	0.0267683	0	2.04	1.02
124.8	0.00253057	0.000716301	14413.4	1050	105	13892.4	41.6057	41.6057	166.423	166.423	0 23669.9 2055.96 	25725.9	6.41131	6.55445	6700	670	0.0267298	0	2.04	1.02
125	0.00253062	0.000716364	14415.1	1050	105	13893.8	41.626	41.626	166.504	166.504	0 23668.3 2052.77 	25721.1	6.41093	6.55445	6700	670	0.0266914	0	2.04	1.02
125.2	0.00253067	0.000716427	14416.8	1050	105	13895.3	41.6464	41.6464	166.586	166.586	0 23666.7 2049.58 	25716.3	6.41055	6.55445	6700	670	0.0266531	0	2.04	1.02
125.4	0.00253072	0.00071649	14418.5	1050	105	13896.8	41.6667	41.6667	166.667	166.667	0 23665.1 2046.4 	25711.5	6.41017	6.55445	6700	670	0.0266148	0	2.04	1.02
125.6	0.00253077	0.000716553	14420.1	1050	105	13898.3	41.6871	41.6871	166.748	166.748	0 23663.5 2043.23 	25706.7	6.40979	6.55445	6700	670	0.0265766	0	2.04	1.02
125.8	0.00253082	0.000716616	14421.8	1050	105	13899.7	41.7074	41.7074	166.83	166.83	0 23661.9 2040.06 	25701.9	6.40941	6.55445	6700	670	0.0265385	0	2.04	1.02
126	0.00253087	0.000716679	14423.5	1050	105	13901.2	41.7278	41.7278	166.911	166.911	0 23660.3 2036.9 	25697.2	6.40903	6.55445	6700	670	0.0265005	0	2.04	1.02
126.2	0.00253092	0.000716742	14425.2	1050	105	13902.7	41.7481	41.7481	166.993	166.993	0 23658.6 2033.75 	25692.4	6.40865	6.55445	6700	670	0.0264625	0	2.04	1.02
126.4	0.00253097	0.000716805	14426.8	1050	105	13904.1	41.7685	41.7685	167.074	167.074	0 23657 2030.6 	25687.6	6.40827	6.55445	6700	670	0.0264246	0	2.04	1.02
126.6	0.00253102	0.000716868	14428.5	1050	105	13905.6	41.7888	41.7888	167.155	167.155	0 23655.4 2027.45 	25682.9	6.40789	6.55445	6700	670	0.0263867	0	2.04	1.02
126.8	0.00253107	0.000716931	14430.2	1050	105	13907.1	41.8092	41.8092	167.237	167.237	0 23653.8 2024.32 	25678.1	6.40751	6.55445	6700	670	0.026349	0	2.04	1.02
127	0.00253112	0.000716994	14431.8	1050	105	13908.6	41.8295	41.8295	167.318	167.318	0 23652.2 2021.19 	25673.4	6.40714	6.55445	6700	670	0.0263113	0	2.04	1.02
127.2	0.00253117	0.000717057	14433.5	1050	105	13910	41.8499	41.8499	167.4	167.4	0 23650.6 2018.06 	25668.6	6.40676	6.55445	6700	670	0.0262736	0	2.04	1.02
127.4	0.00253122	0.00071712	14435.2	1050	105	13911.5	41.8702	41.8702	167.481	167.481	0 23649 2014.95 	25663.9	6.40638	6.55445	6700	670	0.0262361	0	2.04	1.02
127.6	0.00253126	0.000717183	14436.9	1050	105	13913	41.8906	41.8906	167.562	167.562	0 23647.3 2011.83 	25659.2	6.40601	6.55445	6700	670	0.0261986	0	2.04	1.02
127.8	0.00253131	0.000717246	14438.5	1050	105	13914.4	41.9109	41.9109	167.644	167.644	0 23645.7 2008.73 	25654.5	6.40563	6.55445	6700	670	0.0261612	0	2.04	1.02
128	0.00253136	0.000717309	14440.2	1050	105	13915.9	41.9313	41.9313	167.725	167.725	0 23644.1 2005.63 	25649.8	6.40526	6.55445	6700	670	0.0261238	0	2.04	1.02
128.2	0.00253141	0.000717372	14441.9	1050	105	13917.4	41.9516	41.9516	167.807	167.807	0 23642.5 2002.54 	25645	6.40488	6.55445	6700	670	0.0260866	0	2.04	1.02
128.4	0.00253146	0.000717435	14443.5	1050	105	13918.8	41.972	41.972	167.888	167.888	0 23640.9 1999.45 	25640.3	6.40451	6.55445	6700	670	0.0260494	0	2.04	1.02
128.6	0.00253151	0.000717497	14445.2	1050	105	13920.3	41.9923	41.9923	167.969	167.969	0 23639.3 1996.37 	25635.7	6.40414	6.55445	6700	670	0.0260122	0	2.04	1.02
128.8	0.00253156	0.00071756	14446.9	1050	105	13921.7	42.0127	42.0127	168.051	168.051	0 23637.7 1993.29 	25631	6.40377	6.55445	6700	670	0.0259752	0	2.04	1.02
129	0.00253161	0.000717623	14448.5	1050	105	13923.2	42.033	42.033	168.132	168.132	0 23636.1 1990.22 	25626.3	6.40339	6.55445	6700	670	0.0259382	0	2.04	1.02
129.2	0.00253166	0.000717686	14450.2	1050	105	13924.7	42.0534	42.0534	168.214	168.214	0 23634.4 1987.16 	25621.6	6.40302	6.55445	6700	670	0.0259012	0	2.04	1.02
129.4	0.00253171	0.000717749	14451.9	1050	105	13926.1	42.0737	42.0737	168.295	168.295	0 23632.8 1984.1 	25616.9	6.40265	6.55445	6700	670	0.0258644	0	2.04	1.02
129.6	0.00253176	0.000717812	14453.5	1050	105	13927.6	42.0941	42.0941	168.376	168.376	0 23631.2 1981.05 	25612.3	6.40228	6.55445	6700	670	0.0258276	0	2.04	1.02
129.8	0.0025318	0.000717874	14455.2	1050	105	13929.1	42.1144	42.1144	168.458	168.458	0 23629.6 1978.01 	25607.6	6.40191	6.55445	6700	670	0.0257909	0	2.04	1.02
130	0.00253185	0.000717937	14456.9	1050	105	13930.5	42.1348	42.1348	168.539	168.539	0 23628 1974.97 	25603	6.40154	6.55445	6700	670	0.0257542	0	2.04	1.02
130.2	0.0025319	0.000718	14458.5	1050	105	13932	42.1551	42.1551	168.62	168.62	0 23626.4 1971.94 	25598.3	6.40117	6.55445	6700	670	0.0257176	0	2.04	1.02
130.4	0.00253195	0.000718063	14460.2	1050	105	13933.4	42.1754	42.1754	168.702	168.702	0 23624.8 1968.91 	25593.7	6.4008	6.55445	6700	670	0.0256811	0	2.04	1.02
130.6	0.002532	0.000718126	14461.9	1050	105	13934.9	42.1958	42.1958	168.783	168.783	0 23623.2 1965.89 	25589.1	6.40043	6.55445	6700	670	0.0256447	0	2.04	1.02
130.8	0.00253205	0.000718188	14463.5	1050	105	13936.4	42.2161	42.2161	168.864	168.864	0 23621.6 1962.88 	25584.4	6.40007	6.55445	6700	670	0.0256083	0	2.04	1.02
131	0.0025321	0.000718251	14465.2	1050	105	13937.8	42.2364	42.2364	168.946	168.946	0 23619.9 1959.87 	25579.8	6.3997	6.55445	6700	670	0.025572	0	2.04	1.02
131.2	0.00253214	0.000718314	14466.9	1050	105	13939.3	42.2568	42.2568	169.027	169.027	0 23618.3 1956.87 	25575.2	6.39933	6.55445	6700	670	0.0255357	0	2.04	1.02
131.4	0.00253219	0.000718376	14468.5	1050	105	13940.7	42.2771	42.2771	169.108	169.108	0 23616.7 1953.87 	25570.6	6.39897	6.55445	6700	670	0.0254996	0	2.04	1.02
131.6	0.00253224	0.000718439	14470.2	1050	105	13942.2	42.2974	42.2974	169.19	169.19	0 23615.1 1950.88 	25566	6.3986	6.55445	6700	670	0.0254634	0	2.04	1.02
131.8	0.00253229	0.000718502	14471.8	1050	105	13943.7	42.3178	42.3178	169.271	169.271	0 23613.5 1947.89 	25561.4	6.39823	6.55445	6700	670	0.0254274	0	2.04	1.02
132	0.00253234	0.000718564	14473.5	1050	105	13945.1	42.3381	42.3381	169.352	169.352	0 23611.9 1944.91 	25556.8	6.39787	6.55445	6700	670	0.0253914	0	2.04	1.02
132.2	0.00253239	0.000718627	14475.2	1050	105	13946.6	42.3584	42.3584	169.434	169.434	0 23610.3 1941.94 	25552.2	6.39751	6.55445	6700	670	0.0253555	0	2.04	1.02
132.4	0.00253243	0.00071869	14476.8	1050	105	13948	42.3788	42.3788	169.515	169.515	0 23608.7 1938.97 	25547.6	6.39714	6.55445	6700	670	0.0253197	0	2.04	1.02
132.6	0.00253248	0.000718752	14478.5	1050	105	13949.5	42.3991	42.3991	169.596	169.596	0 23607.1 1936.01 	25543.1	6.39678	6.55445	6700	670	0.0252839	0	2.04	1.02
132.8	0.00253253	0.000718815	14480.1	1050	105	13950.9	42.4194	42.4194	169.678	169.678	0 23605.4 1933.06 	25538.5	6.39642	6.55445	6700	670	0.0252482	0	2.04	1.02
133	0.00253258	0.000718878	14481.8	1050	105	13952.4	42.4397	42.4397	169.759	169.759	0 23603.8 1930.11 	25533.9	6.39605	6.55445	6700	670	0.0252126	0	2.04	1.02
133.2	0.00253263	0.00071894	14483.4	1050	105	13953.8	42.4601	42.4601	169.84	169.84	0 23602.2 1927.16 	25529.4	6.39569	6.55445	6700	670	0.025177	0	2.04	1.02
133.4	0.00253267	0.000719003	14485.1	1050	105	13955.3	42.4804	42.4804	169.921	169.921	0 23600.6 1924.23 	25524.8	6.39533	6.55445	6700	670	0.0251415	0	2.04	1.02
133.6	0.00253272	0.000719065	14486.8	1050	105	13956.8	42.5007	42.5007	170.003	170.003	0 23599 1921.29 	25520.3	6.39497	6.55445	6700	670	0.0251061	0	2.04	1.02
133.8	0.00253277	0.000719128	14488.4	1050	105	13958.2	42.521	42.521	170.084	170.084	0 23597.4 1918.37 	25515.8	6.39461	6.55445	6700	670	0.0250707	0	2.04	1.02
134	0.00253282	0.00071919	14490.1	1050	105	13959.7	42.5413	42.5413	170.165	170.165	0 23595.8 1915.45 	25511.2	6.39425	6.55445	6700	670	0.0250354	0	2.04	1.02
134.2	0.00253286	0.000719253	14491.7	1050	105	13961.1	42.5616	42.5616	170.246	170.246	0 23594.2 1912.53 	25506.7	6.39389	6.55445	6700	670	0.0250001	0	2.04	1.02
134.4	0.00253291	0.000719315	14493.4	1050	105	13962.6	42.5819	42.5819	170.328	170.328	0 23592.6 1909.62 	25502.2	6.39353	6.55445	6700	670	0.024965	0	2.04	1.02
134.6	0.00253296	0.000719378	14495	1050	105	13964	42.6022	42.6022	170.409	170.409	0 23591 1906.72 	25497.7	6.39317	6.55445	6700	670	0.0249298	0	2.04	1.02
134.8	0.00253301	0.00071944	14496.7	1050	105	13965.5	42.6225	42.6225	170.49	170.49	0 23589.4 1903.82 	25493.2	6.39281	6.55445	6700	670	0.0248948	0	2.04	1.02
135	0.00253305	0.000719503	14498.3	1050	105	13966.9	42.6428	42.6428	170.571	170.571	0 23587.8 1900.93 	25488.7	6.39246	6.55445	6700	670	0.0248598	0	2.04	1.02
135.2	0.0025331	0.000719565	14500	1050	105	13968.4	42.6631	42.6631	170.653	170.653	0 23586.1 1898.05 	25484.2	6.3921	6.55445	6700	670	0.0248249	0	2.04	1.02
135.4	0.00253315	0.000719628	14501.6	1050	105	13969.8	42.6834	42.6834	170.734	170.734	0 23584.5 1895.17 	25479.7	6.39174	6.55445	6700	670	0.0247901	0	2.04	1.02
135.6	0.00253319	0.00071969	14503.3	1050	105	13971.2	42.7037	42.7037	170.815	170.815	0 23582.9 1892.29 	25475.2	6.39139	6.55445	6700	670	0.0247553	0	2.04	1.02
135.8	0.00253324	0.000719752	14504.9	1050	105	13972.7	42.724	42.724	170.896	170.896	0 23581.3 1889.42 	25470.7	6.39103	6.55445	6700	670	0.0247206	0	2.04	1.02
136	0.00253329	0.000719815	14506.6	1050	105	13974.1	42.7443	42.7443	170.977	170.977	0 23579.7 1886.56 	25466.3	6.39067	6.55445	6700	670	0.0246859	0	2.04	1.02
136.2	0.00253333	0.000719877	14508.2	1050	105	13975.6	42.7646	42.7646	171.058	171.058	0 23578.1 1883.7 	25461.8	6.39032	6.55445	6700	670	0.0246513	0	2.04	1.02
136.4	0.00253338	0.000719939	14509.9	1050	105	13977	42.7849	42.7849	171.14	171.14	0 23576.5 1880.85 	25457.4	6.38997	6.55445	6700	670	0.0246168	0	2.04	1.02
136.6	0.00253343	0.000720002	14511.5	1050	105	13978.5	42.8052	42.8052	171.221	171.221	0 23574.9 1878.01 	25452.9	6.38961	6.55445	6700	670	0.0245823	0	2.04	1.02
136.8	0.00253347	0.000720064	14513.2	1050	105	13979.9	42.8255	42.8255	171.302	171.302	0 23573.3 1875.17 	25448.5	6.38926	6.55445	6700	670	0.0245479	0	2.04	1.02
137	0.00253352	0.000720126	14514.8	1050	105	13981.4	42.8457	42.8457	171.383	171.383	0 23571.7 1872.33 	25444	6.38891	6.55445	6700	670	0.0245136	0	2.04	1.02
137.2	0.00253357	0.000720189	14516.5	1050	105	13982.8	42.866	42.866	171.464	171.464	0 23570.1 1869.5 	25439.6	6.38855	6.55445	6700	670	0.0244793	0	2.04	1.02
137.4	0.00253361	0.000720251	14518.1	1050	105	13984.2	42.8863	42.8863	171.545	171.545	0 23568.5 1866.68 	25435.2	6.3882	6.55445	6700	670	0.0244451	0	2.04	1.02
137.6	0.00253366	0.000720313	14519.7	1050	105	13985.7	42.9065	42.9065	171.626	171.626	0 23566.9 1863.86 	25430.7	6.38785	6.55445	6700	670	0.024411	0	2.04	1.02
137.8	0.00253371	0.000720375	14521.4	1050	105	13987.1	42.9268	42.9268	171.707	171.707	0 23565.3 1861.05 	25426.3	6.3875	6.55445	6700	670	0.0243769	0	2.04	1.02
138	0.00253375	0.000720437	14523	1050	105	13988.6	42.9471	42.9471	171.788	171.788	0 23563.7 1858.24 	25421.9	6.38715	6.55445	6700	670	0.0243429	0	2.04	1.02
138.2	0.0025338	0.0007205	14524.7	1050	105	13990	42.9673	42.9673	171.869	171.869	0 23562.1 1855.44 	25417.5	6.3868	6.55445	6700	670	0.024309	0	2.04	1.02
138.4	0.00253385	0.000720562	14526.3	1050	105	13991.4	42.9876	42.9876	171.95	171.95	0 23560.5 1852.64 	25413.1	6.38645	6.55445	6700	670	0.0242751	0	2.04	1.02
138.6	0.00253389	0.000720624	14528	1050	105	13992.9	43.0078	43.0078	172.031	172.031	0 23558.9 1849.85 	25408.7	6.3861	6.55445	6700	670	0.0242412	0	2.04	1.02
138.8	0.00253394	0.000720686	14529.6	1050	105	13994.3	43.0281	43.0281	172.112	172.112	0 23557.3 1847.07 	25404.3	6.38575	6.55445	6700	670	0.0242075	0	2.04	1.02
139	0.00253398	0.000720748	14531.2	1050	105	13995.7	43.0483	43.0483	172.193	172.193	0 23555.7 1844.29 	25400	6.3854	6.55445	6700	670	0.0241738	0	2.04	1.02
139.2	0.00253403	0.00072081	14532.9	1050	105	13997.2	43.0686	43.0686	172.274	172.274	0 23554.1 1841.52 	25395.6	6.38506	6.55445	6700	670	0.0241402	0	2.04	1.02
139.4	0.00253408	0.000720872	14534.5	1050	105	13998.6	43.0888	43.0888	172.355	172.355	0 23552.5 1838.75 	25391.2	6.38471	6.55445	6700	670	0.0241066	0	2.04	1.02
139.6	0.00253412	0.000720934	14536.1	1050	105	14000	43.1091	43.1091	172.436	172.436	0 23550.9 1835.99 	25386.8	6.38436	6.55445	6700	670	0.0240731	0	2.04	1.02
139.8	0.00253417	0.000720996	14537.8	1050	105	14001.5	43.1293	43.1293	172.517	172.517	0 23549.3 1833.23 	25382.5	6.38401	6.55445	6700	670	0.0240396	0	2.04	1.02
140	0.00253421	0.000721058	14539.4	1050	105	14002.9	43.1495	43.1495	172.598	172.598	0 23547.7 1830.48 	25378.1	6.38367	6.55445	6700	670	0.0240063	0	2.04	1.02
140.2	0.00253426	0.00072112	14541	1050	105	14004.3	43.1698	43.1698	172.679	172.679	0 23546.1 1827.73 	25373.8	6.38332	6.55445	6700	670	0.0239729	0	2.04	1.02
140.4	0.00253431	0.000721182	14542.7	1050	105	14005.8	43.19	43.19	172.76	172.76	0 23544.5 1824.99 	25369.5	6.38298	6.55445	6700	670	0.0239397	0	2.04	1.02
140.6	0.00253435	0.000721244	14544.3	1050	105	14007.2	43.2102	43.2102	172.841	172.841	0 23542.9 1822.25 	25365.1	6.38263	6.55445	6700	670	0.0239065	0	2.04	1.02
140.8	0.0025344	0.000721306	14545.9	1050	105	14008.6	43.2304	43.2304	172.922	172.922	0 23541.3 1819.52 	25360.8	6.38229	6.55445	6700	670	0.0238733	0	2.04	1.02
141	0.00253444	0.000721368	14547.6	1050	105	14010.1	43.2506	43.2506	173.003	173.003	0 23539.7 1816.8 	25356.5	6.38195	6.55445	6700	670	0.0238403	0	2.04	1.02
141.2	0.00253449	0.00072143	14549.2	1050	105	14011.5	43.2709	43.2709	173.083	173.083	0 23538.1 1814.08 	25352.2	6.3816	6.55445	6700	670	0.0238073	0	2.04	1.02
141.4	0.00253453	0.000721491	14550.8	1050	105	14012.9	43.2911	43.2911	173.164	173.164	0 23536.5 1811.37 	25347.8	6.38126	6.55445	6700	670	0.0237743	0	2.04	1.02
141.6	0.00253458	0.000721553	14552.5	1050	105	14014.4	43.3113	43.3113	173.245	173.245	0 23534.9 1808.66 	25343.5	6.38092	6.55445	6700	670	0.0237414	0	2.04	1.02
141.8	0.00253462	0.000721615	14554.1	1050	105	14015.8	43.3315	43.3315	173.326	173.326	0 23533.3 1805.96 	25339.2	6.38058	6.55445	6700	670	0.0237086	0	2.04	1.02
142	0.00253467	0.000721677	14555.7	1050	105	14017.2	43.3517	43.3517	173.407	173.407	0 23531.7 1803.26 	25335	6.38024	6.55445	6700	670	0.0236758	0	2.04	1.02
142.2	0.00253471	0.000721739	14557.4	1050	105	14018.6	43.3719	43.3719	173.487	173.487	0 23530.1 1800.57 	25330.7	6.3799	6.55445	6700	670	0.0236431	0	2.04	1.02
142.4	0.00253476	0.0007218	14559	1050	105	14020.1	43.392	43.392	173.568	173.568	0 23528.5 1797.88 	25326.4	6.37956	6.55445	6700	670	0.0236105	0	2.04	1.02
142.6	0.0025348	0.000721862	14560.6	1050	105	14021.5	43.4122	43.4122	173.649	173.649	0 23526.9 1795.2 	25322.1	6.37922	6.55445	6700	670	0.0235779	0	2.04	1.02
142.8	0.00253485	0.000721924	14562.2	1050	105	14022.9	43.4324	43.4324	173.73	173.73	0 23525.3 1792.52 	25317.8	6.37888	6.55445	6700	670	0.0235454	0	2.04	1.02
143	0.00253489	0.000721985	14563.9	1050	105	14024.3	43.4526	43.4526	173.81	173.81	0 23523.7 1789.85 	25313.6	6.37854	6.55445	6700	670	0.0235129	0	2.04	1.02
143.2	0.00253494	0.000722047	14565.5	1050	105	14025.8	43.4728	43.4728	173.891	173.891	0 23522.1 1787.18 	25309.3	6.3782	6.55445	6700	670	0.0234805	0	2.04	1.02
143.4	0.00253498	0.000722109	14567.1	1050	105	14027.2	43.4929	43.4929	173.972	173.972	0 23520.5 1784.52 	25305.1	6.37786	6.55445	6700	670	0.0234482	0	2.04	1.02
143.6	0.00253503	0.00072217	14568.7	1050	105	14028.6	43.5131	43.5131	174.052	174.052	0 23519 1781.87 	25300.8	6.37752	6.55445	6700	670	0.0234159	0	2.04	1.02
143.8	0.00253507	0.000722232	14570.3	1050	105	14030	43.5333	43.5333	174.133	174.133	0 23517.4 1779.22 	25296.6	6.37719	6.55445	6700	670	0.0233837	0	2.04	1.02
144	0.00253512	0.000722293	14572	1050	105	14031.4	43.5534	43.5534	174.214	174.214	0 23515.8 1776.57 	25292.3	6.37685	6.55445	6700	670	0.0233515	0	2.04	1.02
144.2	0.00253516	0.000722355	14573.6	1050	105	14032.9	43.5736	43.5736	174.294	174.294	0 23514.2 1773.93 	25288.1	6.37651	6.55445	6700	670	0.0233194	0	2.04	1.02
144.4	0.00253521	0.000722416	14575.2	1050	105	14034.3	43.5937	43.5937	174.375	174.375	0 23512.6 1771.3 	25283.9	6.37618	6.55445	6700	670	0.0232873	0	2.04	1.02
144.6	0.00253525	0.000722478	14576.8	1050	105	14035.7	43.6138	43.6138	174.455	174.455	0 23511 1768.67 	25279.7	6.37584	6.55445	6700	670	0.0232554	0	2.04	1.02
144.8	0.00253529	0.000722539	14578.4	1050	105	14037.1	43.634	43.634	174.536	174.536	0 23509.4 1766.05 	25275.5	6.37551	6.55445	6700	670	0.0232234	0	2.04	1.02
145	0.00253534	0.000722601	14580.1	1050	105	14038.5	43.6541	43.6541	174.616	174.616	0 23507.8 1763.43 	25271.3	6.37517	6.55445	6700	670	0.0231916	0	2.04	1.02
145.2	0.00253538	0.000722662	14581.7	1050	105	14039.9	43.6743	43.6743	174.697	174.697	0 23506.2 1760.81 	25267.1	6.37484	6.55445	6700	670	0.0231598	0	2.04	1.02
145.4	0.00253543	0.000722723	14583.3	1050	105	14041.3	43.6944	43.6944	174.778	174.778	0 23504.7 1758.21 	25262.9	6.37451	6.55445	6700	670	0.023128	0	2.04	1.02
145.6	0.00253547	0.000722785	14584.9	1050	105	14042.8	43.7145	43.7145	174.858	174.858	0 23503.1 1755.6 	25258.7	6.37417	6.55445	6700	670	0.0230963	0	2.04	1.02
145.8	0.00253552	0.000722846	14586.5	1050	105	14044.2	43.7346	43.7346	174.938	174.938	0 23501.5 1753.01 	25254.5	6.37384	6.55445	6700	670	0.0230647	0	2.04	1.02
146	0.00253556	0.000722907	14588.1	1050	105	14045.6	43.7547	43.7547	175.019	175.019	0 23499.9 1750.41 	25250.3	6.37351	6.55445	6700	670	0.0230332	0	2.04	1.02
146.2	0.0025356	0.000722969	14589.7	1050	105	14047	43.7748	43.7748	175.099	175.099	0 23498.3 1747.82 	25246.1	6.37318	6.55445	6700	670	0.0230016	0	2.04	1.02
146.4	0.00253565	0.00072303	14591.4	1050	105	14048.4	43.7949	43.7949	175.18	175.18	0 23496.7 1745.24 	25242	6.37285	6.55445	6700	670	0.0229702	0	2.04	1.02
146.6	0.00253569	0.000723091	14593	1050	105	14049.8	43.815	43.815	175.26	175.26	0 23495.1 1742.66 	25237.8	6.37252	6.55445	6700	670	0.0229388	0	2.04	1.02
146.8	0.00253574	0.000723152	14594.6	1050	105	14051.2	43.8351	43.8351	175.341	175.341	0 23493.6 1740.09 	25233.7	6.37219	6.55445	6700	670	0.0229075	0	2.04	1.02
147	0.00253578	0.000723213	14596.2	1050	105	14052.6	43.8552	43.8552	175.421	175.421	0 23492 1737.53 	25229.5	6.37186	6.55445	6700	670	0.0228762	0	2.04	1.02
147.2	0.00253582	0.000723275	14597.8	1050	105	14054	43.8753	43.8753	175.501	175.501	0 23490.4 1734.96 	25225.4	6.37153	6.55445	6700	670	0.022845	0	2.04	1.02
147.4	0.00253587	0.000723336	14599.4	1050	105	14055.4	43.8954	43.8954	175.582	175.582	0 23488.8 1732.41 	25221.2	6.3712	6.55445	6700	670	0.0228138	0	2.04	1.02
147.6	0.00253591	0.000723397	14601	1050	105	14056.9	43.9155	43.9155	175.662	175.662	0 23487.2 1729.85 	25217.1	6.37087	6.55445	6700	670	0.0227827	0	2.04	1.02
147.8	0.00253595	0.000723458	14602.6	1050	105	14058.3	43.9355	43.9355	175.742	175.742	0 23485.7 1727.31 	25213	6.37054	6.55445	6700	670	0.0227517	0	2.04	1.02
148	0.002536	0.000723519	14604.2	1050	105	14059.7	43.9556	43.9556	175.822	175.822	0 23484.1 1724.76 	25208.8	6.37022	6.55445	6700	670	0.0227207	0	2.04	1.02
148.2	0.00253604	0.00072358	14605.8	1050	105	14061.1	43.9757	43.9757	175.903	175.903	0 23482.5 1722.23 	25204.7	6.36989	6.55445	6700	670	0.0226898	0	2.04	1.02
148.4	0.00253608	0.000723641	14607.4	1050	105	14062.5	43.9957	43.9957	175.983	175.983	0 23480.9 1719.7 	25200.6	6.36956	6.55445	6700	670	0.0226589	0	2.04	1.02
148.6	0.00253613	0.000723702	14609	1050	105	14063.9	44.0158	44.0158	176.063	176.063	0 23479.4 1717.17 	25196.5	6.36924	6.55445	6700	670	0.0226281	0	2.04	1.02
148.8	0.00253617	0.000723763	14610.6	1050	105	14065.3	44.0358	44.0358	176.143	176.143	0 23477.8 1714.65 	25192.4	6.36891	6.55445	6700	670	0.0225973	0	2.04	1.02
149	0.00253621	0.000723824	14612.2	1050	105	14066.7	44.0558	44.0558	176.223	176.223	0 23476.2 1712.13 	25188.3	6.36858	6.55445	6700	670	0.0225666	0	2.04	1.02
149.2	0.00253626	0.000723885	14613.8	1050	105	14068.1	44.0759	44.0759	176.303	176.303	0 23474.6 1709.62 	25184.2	6.36826	6.55445	6700	670	0.022536	0	2.04	1.02
149.4	0.0025363	0.000723945	14615.4	1050	105	14069.5	44.0959	44.0959	176.384	176.384	0 23473 1707.11 	25180.2	6.36794	6.55445	6700	670	0.0225054	0	2.04	1.02
149.6	0.00253634	0.000724006	14617	1050	105	14070.9	44.1159	44.1159	176.464	176.464	0 23471.5 1704.61 	25176.1	6.36761	6.55445	6700	670	0.0224749	0	2.04	1.02
149.8	0.00253639	0.000724067	14618.6	1050	105	14072.3	44.136	44.136	176.544	176.544	0 23469.9 1702.11 	25172	6.36729	6.55445	6700	670	0.0224444	0	2.04	1.02
150	0.00253643	0.000724128	14620.2	1050	105	14073.7	44.1562	44.1562	176.625	176.625	0 23468.3 1699.62 	25167.9	6.36697	6.55445	6700	670	0.022414	0	2.04	1.02
150.2	0.00253647	0.000724189	14621.8	1050	105	14075.1	44.1763	44.1763	176.705	176.705	0 23466.8 1697.14 	25163.9	6.36664	6.55445	6700	670	0.0223837	0	2.04	1.02
150.4	0.00253651	0.00072425	14623.4	1050	105	14076.5	44.1965	44.1965	176.786	176.786	0 23465.2 1694.66 	25159.8	6.36632	6.55445	6700	670	0.0223534	0	2.04	1.02
150.6	0.00253656	0.00072431	14625	1050	105	14077.8	44.2168	44.2168	176.867	176.867	0 23463.6 1692.18 	25155.8	6.366	6.55445	6700	670	0.0223232	0	2.04	1.02
150.8	0.0025366	0.000724371	14626.6	1050	105	14079.2	44.2371	44.2371	176.948	176.948	0 23462 1689.72 	25151.7	6.36568	6.55445	6700	670	0.0222931	0	2.04	1.02
151	0.00253664	0.000724432	14628.2	1050	105	14080.6	44.2574	44.2574	177.03	177.03	0 23460.5 1687.25 	25147.7	6.36536	6.55445	6700	670	0.022263	0	2.04	1.02
151.2	0.00253668	0.000724492	14629.8	1050	105	14082	44.2778	44.2778	177.111	177.111	0 23458.9 1684.79 	25143.7	6.36504	6.55445	6700	670	0.022233	0	2.04	1.02
151.4	0.00253673	0.000724553	14631.4	1050	105	14083.4	44.2983	44.2983	177.193	177.193	0 23457.3 1682.34 	25139.7	6.36472	6.55445	6700	670	0.0222031	0	2.04	1.02
151.6	0.00253677	0.000724614	14633	1050	105	14084.8	44.3187	44.3187	177.275	177.275	0 23455.7 1679.9 	25135.6	6.3644	6.55445	6700	670	0.0221732	0	2.04	1.02
151.8	0.00253681	0.000724674	14634.6	1050	105	14086.2	44.3393	44.3393	177.357	177.357	0 23454.2 1677.45 	25131.6	6.36408	6.55445	6700	670	0.0221434	0	2.04	1.02
152	0.00253685	0.000724735	14636.2	1050	105	14087.6	44.3598	44.3598	177.439	177.439	0 23452.6 1675.02 	25127.6	6.36376	6.55445	6700	670	0.0221136	0	2.04	1.02
152.2	0.0025369	0.000724796	14637.8	1050	105	14088.9	44.3804	44.3804	177.522	177.522	0 23451 1672.59 	25123.6	6.36344	6.55445	6700	670	0.0220839	0	2.04	1.02
152.4	0.00253694	0.000724856	14639.3	1050	105	14090.3	44.4011	44.4011	177.604	177.604	0 23449.5 1670.16 	25119.6	6.36313	6.55445	6700	670	0.0220543	0	2.04	1.02
152.6	0.00253698	0.000724917	14640.9	1050	105	14091.7	44.4218	44.4218	177.687	177.687	0 23447.9 1667.74 	25115.6	6.36281	6.55445	6700	670	0.0220248	0	2.04	1.02
152.8	0.00253702	0.000724977	14642.5	1050	105	14093.1	44.4425	44.4425	177.77	177.77	0 23446.3 1665.33 	25111.6	6.36249	6.55445	6700	670	0.0219953	0	2.04	1.02
153	0.00253706	0.000725038	14644.1	1050	105	14094.5	44.4633	44.4633	177.853	177.853	0 23444.7 1662.92 	25107.7	6.36218	6.55445	6700	670	0.0219658	0	2.04	1.02
153.2	0.00253711	0.000725098	14645.7	1050	105	14095.9	44.4841	44.4841	177.937	177.937	0 23443.2 1660.52 	25103.7	6.36186	6.55445	6700	670	0.0219365	0	2.04	1.02
153.4	0.00253715	0.000725159	14647.3	1050	105	14097.2	44.505	44.505	178.02	178.02	0 23441.6 1658.12 	25099.7	6.36155	6.55445	6700	670	0.0219072	0	2.04	1.02
153.6	0.00253719	0.000725219	14648.9	1050	105	14098.6	44.5259	44.5259	178.104	178.104	0 23440 1655.73 	25095.8	6.36123	6.55445	6700	670	0.0218779	0	2.04	1.02
153.8	0.00253723	0.00072528	14650.5	1050	105	14100	44.5469	44.5469	178.188	178.188	0 23438.5 1653.34 	25091.8	6.36092	6.55445	6700	670	0.0218487	0	2.04	1.02
154	0.00253727	0.00072534	14652	1050	105	14101.4	44.5679	44.5679	178.272	178.272	0 23436.9 1650.96 	25087.9	6.36061	6.55445	6700	670	0.0218196	0	2.04	1.02
154.2	0.00253732	0.000725401	14653.6	1050	105	14102.7	44.5889	44.5889	178.356	178.356	0 23435.3 1648.58 	25083.9	6.36029	6.55445	6700	670	0.0217906	0	2.04	1.02
154.4	0.00253736	0.000725461	14655.2	1050	105	14104.1	44.61	44.61	178.44	178.44	0 23433.8 1646.21 	25080	6.35998	6.55445	6700	670	0.0217616	0	2.04	1.02
154.6	0.0025374	0.000725522	14656.8	1050	105	14105.5	44.6312	44.6312	178.525	178.525	0 23432.2 1643.84 	25076	6.35967	6.55445	6700	670	0.0217327	0	2.04	1.02
154.8	0.00253744	0.000725582	14658.4	1050	105	14106.8	44.6523	44.6523	178.609	178.609	0 23430.6 1641.48 	25072.1	6.35935	6.55445	6700	670	0.0217038	0	2.04	1.02
155	0.00253748	0.000725642	14659.9	1050	105	14108.2	44.6736	44.6736	178.694	178.694	0 23429.1 1639.13 	25068.2	6.35904	6.55445	6700	670	0.021675	0	2.04	1.02
155.2	0.00253752	0.000725703	14661.5	1050	105	14109.6	44.6948	44.6948	178.779	178.779	0 23427.5 1636.78 	25064.3	6.35873	6.55445	6700	670	0.0216462	0	2.04	1.02
155.4	0.00253756	0.000725763	14663.1	1050	105	14110.9	44.7161	44.7161	178.865	178.865	0 23425.9 1634.43 	25060.4	6.35842	6.55445	6700	670	0.0216176	0	2.04	1.02
155.6	0.00253761	0.000725823	14664.7	1050	105	14112.3	44.7375	44.7375	178.95	178.95	0 23424.4 1632.1 	25056.5	6.35811	6.55445	6700	670	0.021589	0	2.04	1.02
155.8	0.00253765	0.000725883	14666.3	1050	105	14113.7	44.7589	44.7589	179.036	179.036	0 23422.8 1629.76 	25052.6	6.3578	6.55445	6700	670	0.0215604	0	2.04	1.02
156	0.00253769	0.000725944	14667.8	1050	105	14115	44.7803	44.7803	179.121	179.121	0 23421.2 1627.43 	25048.7	6.35749	6.55445	6700	670	0.0215319	0	2.04	1.02
156.2	0.00253773	0.000726004	14669.4	1050	105	14116.4	44.8018	44.8018	179.207	179.207	0 23419.7 1625.11 	25044.8	6.35718	6.55445	6700	670	0.0215035	0	2.04	1.02
156.4	0.00253777	0.000726064	14671	1050	105	14117.8	44.8234	44.8234	179.293	179.293	0 23418.1 1622.79 	25040.9	6.35688	6.55445	6700	670	0.0214751	0	2.04	1.02
156.6	0.00253781	0.000726124	14672.6	1050	105	14119.1	44.8449	44.8449	179.38	179.38	0 23416.6 1620.48 	25037	6.35657	6.55445	6700	670	0.0214468	0	2.04	1.02
156.8	0.00253785	0.000726184	14674.1	1050	105	14120.5	44.8665	44.8665	179.466	179.466	0 23415 1618.17 	25033.2	6.35626	6.55445	6700	670	0.0214186	0	2.04	1.02
157	0.00253789	0.000726244	14675.7	1050	105	14121.8	44.8882	44.8882	179.553	179.553	0 23413.4 1615.87 	25029.3	6.35595	6.55445	6700	670	0.0213904	0	2.04	1.02
157.2	0.00253793	0.000726305	14677.3	1050	105	14123.2	44.9099	44.9099	179.64	179.64	0 23411.9 1613.57 	25025.4	6.35565	6.55445	6700	670	0.0213623	0	2.04	1.02
157.4	0.00253797	0.000726365	14678.9	1050	105	14124.5	44.9317	44.9317	179.727	179.727	0 23410.3 1611.28 	25021.6	6.35534	6.55445	6700	670	0.0213342	0	2.04	1.02
157.6	0.00253801	0.000726425	14680.4	1050	105	14125.9	44.9535	44.9535	179.814	179.814	0 23408.8 1608.99 	25017.7	6.35504	6.55445	6700	670	0.0213062	0	2.04	1.02
157.8	0.00253805	0.000726485	14682	1050	105	14127.2	44.9753	44.9753	179.901	179.901	0 23407.2 1606.71 	25013.9	6.35473	6.55445	6700	670	0.0212783	0	2.04	1.02
158	0.0025381	0.000726545	14683.6	1050	105	14128.6	44.9972	44.9972	179.989	179.989	0 23405.6 1604.43 	25010.1	6.35443	6.55445	6700	670	0.0212504	0	2.04	1.02
158.2	0.00253814	0.000726605	14685.1	1050	105	14130	45.0191	45.0191	180.076	180.076	0 23404.1 1602.16 	25006.2	6.35412	6.55445	6700	670	0.0212226	0	2.04	1.02
158.4	0.00253818	0.000726665	14686.7	1050	105	14131.3	45.0411	45.0411	180.164	180.164	0 23402.5 1599.9 	25002.4	6.35382	6.55445	6700	670	0.0211948	0	2.04	1.02
158.6	0.00253822	0.000726725	14688.3	1050	105	14132.6	45.0631	45.0631	180.252	180.252	0 23401 1597.63 	24998.6	6.35352	6.55445	6700	670	0.0211671	0	2.04	1.02
158.8	0.00253826	0.000726785	14689.8	1050	105	14134	45.0851	45.0851	180.341	180.341	0 23399.4 1595.38 	24994.8	6.35321	6.55445	6700	670	0.0211395	0	2.04	1.02
159	0.0025383	0.000726845	14691.4	1050	105	14135.3	45.1073	45.1073	180.429	180.429	0 23397.8 1593.13 	24991	6.35291	6.55445	6700	670	0.0211119	0	2.04	1.02
159.2	0.00253834	0.000726904	14693	1050	105	14136.7	45.1294	45.1294	180.518	180.518	0 23396.3 1590.88 	24987.2	6.35261	6.55445	6700	670	0.0210844	0	2.04	1.02
159.4	0.00253838	0.000726964	14694.5	1050	105	14138	45.1516	45.1516	180.606	180.606	0 23394.7 1588.64 	24983.4	6.35231	6.55445	6700	670	0.0210569	0	2.04	1.02
159.6	0.00253842	0.000727024	14696.1	1050	105	14139.4	45.1738	45.1738	180.695	180.695	0 23393.2 1586.41 	24979.6	6.35201	6.55445	6700	670	0.0210296	0	2.04	1.02
159.8	0.00253846	0.000727084	14697.7	1050	105	14140.7	45.1961	45.1961	180.784	180.784	0 23391.6 1584.18 	24975.8	6.35171	6.55445	6700	670	0.0210022	0	2.04	1.02
160	0.0025385	0.000727144	14699.2	1050	105	14142	45.2184	45.2184	180.874	180.874	0 23390.1 1581.95 	24972	6.3514	6.55445	6700	670	0.020975	0	2.04	1.02
160.2	0.00253854	0.000727204	14700.8	1050	105	14143.4	45.2408	45.2408	180.963	180.963	0 23388.5 1579.73 	24968.2	6.35111	6.55445	6700	670	0.0209477	0	2.04	1.02
160.4	0.00253858	0.000727263	14702.4	1050	105	14144.7	45.2632	45.2632	181.053	181.053	0 23387 1577.52 	24964.5	6.35081	6.55445	6700	670	0.0209206	0	2.04	1.02
160.6	0.00253862	0.000727323	14703.9	1050	105	14146.1	45.2857	45.2857	181.143	181.143	0 23385.4 1575.31 	24960.7	6.35051	6.55445	6700	670	0.0208935	0	2.04	1.02
160.8	0.00253866	0.000727383	14705.5	1050	105	14147.4	45.3082	45.3082	181.233	181.233	0 23383.8 1573.1 	24956.9	6.35021	6.55445	6700	670	0.0208665	0	2.04	1.02
161	0.0025387	0.000727442	14707	1050	105	14148.7	45.3307	45.3307	181.323	181.323	0 23382.3 1570.9 	24953.2	6.34991	6.55445	6700	670	0.0208395	0	2.04	1.02
161.2	0.00253874	0.000727502	14708.6	1050	105	14150.1	45.3533	45.3533	181.413	181.413	0 23380.7 1568.71 	24949.4	6.34961	6.55445	6700	670	0.0208126	0	2.04	1.02
161.4	0.00253878	0.000727562	14710.2	1050	105	14151.4	45.3759	45.3759	181.504	181.504	0 23379.2 1566.52 	24945.7	6.34932	6.55445	6700	670	0.0207857	0	2.04	1.02
161.6	0.00253882	0.000727621	14711.7	1050	105	14152.7	45.3986	45.3986	181.594	181.594	0 23377.6 1564.33 	24942	6.34902	6.55445	6700	670	0.020759	0	2.04	1.02
161.8	0.00253886	0.000727681	14713.3	1050	105	14154.1	45.4213	45.4213	181.685	181.685	0 23376.1 1562.15 	24938.2	6.34872	6.55445	6700	670	0.0207322	0	2.04	1.02
162	0.00253889	0.00072774	14714.8	1050	105	14155.4	45.4441	45.4441	181.776	181.776	0 23374.5 1559.98 	24934.5	6.34843	6.55445	6700	670	0.0207056	0	2.04	1.02
162.2	0.00253893	0.0007278	14716.4	1050	105	14156.7	45.4669	45.4669	181.868	181.868	0 23373 1557.81 	24930.8	6.34813	6.55445	6700	670	0.0206789	0	2.04	1.02
162.4	0.00253897	0.000727859	14717.9	1050	105	14158	45.4897	45.4897	181.959	181.959	0 23371.4 1555.64 	24927.1	6.34784	6.55445	6700	670	0.0206524	0	2.04	1.02
162.6	0.00253901	0.000727919	14719.5	1050	105	14159.4	45.5126	45.5126	182.051	182.051	0 23369.9 1553.48 	24923.4	6.34754	6.55445	6700	670	0.0206259	0	2.04	1.02
162.8	0.00253905	0.000727978	14721	1050	105	14160.7	45.5356	45.5356	182.142	182.142	0 23368.3 1551.33 	24919.7	6.34725	6.55445	6700	670	0.0205995	0	2.04	1.02
163	0.00253909	0.000728038	14722.6	1050	105	14162	45.5586	45.5586	182.234	182.234	0 23366.8 1549.18 	24916	6.34696	6.55445	6700	670	0.0205731	0	2.04	1.02
163.2	0.00253913	0.000728097	14724.1	1050	105	14163.3	45.5816	45.5816	182.326	182.326	0 23365.2 1547.04 	24912.3	6.34666	6.55445	6700	670	0.0205468	0	2.04	1.02
163.4	0.00253917	0.000728157	14725.7	1050	105	14164.6	45.6047	45.6047	182.419	182.419	0 23363.7 1544.9 	24908.6	6.34637	6.55445	6700	670	0.0205205	0	2.04	1.02
163.6	0.00253921	0.000728216	14727.2	1050	105	14166	45.6278	45.6278	182.511	182.511	0 23362.2 1542.76 	24904.9	6.34608	6.55445	6700	670	0.0204943	0	2.04	1.02
163.8	0.00253925	0.000728275	14728.8	1050	105	14167.3	45.6509	45.6509	182.604	182.604	0 23360.6 1540.63 	24901.2	6.34579	6.55445	6700	670	0.0204682	0	2.04	1.02
164	0.00253929	0.000728335	14730.3	1050	105	14168.6	45.6741	45.6741	182.697	182.697	0 23359.1 1538.51 	24897.6	6.34549	6.55445	6700	670	0.0204421	0	2.04	1.02
164.2	0.00253932	0.000728394	14731.9	1050	105	14169.9	45.6974	45.6974	182.79	182.79	0 23357.5 1536.39 	24893.9	6.3452	6.55445	6700	670	0.020416	0	2.04	1.02
164.4	0.00253936	0.000728453	14733.4	1050	105	14171.2	45.7207	45.7207	182.883	182.883	0 23356 1534.27 	24890.2	6.34491	6.55445	6700	670	0.0203901	0	2.04	1.02
164.6	0.0025394	0.000728512	14735	1050	105	14172.5	45.744	45.744	182.976	182.976	0 23354.4 1532.16 	24886.6	6.34462	6.55445	6700	670	0.0203642	0	2.04	1.02
164.8	0.00253944	0.000728572	14736.5	1050	105	14173.8	45.7674	45.7674	183.07	183.07	0 23352.9 1530.06 	24882.9	6.34433	6.55445	6700	670	0.0203383	0	2.04	1.02
165	0.00253948	0.000728631	14738	1050	105	14175.1	45.7908	45.7908	183.163	183.163	0 23351.4 1527.95 	24879.3	6.34404	6.55445	6700	670	0.0203125	0	2.04	1.02
165.2	0.00253952	0.00072869	14739.6	1050	105	14176.4	45.8143	45.8143	183.257	183.257	0 23349.8 1525.86 	24875.7	6.34376	6.55445	6700	670	0.0202868	0	2.04	1.02
165.4	0.00253956	0.000728749	14741.1	1050	105	14177.8	45.8378	45.8378	183.351	183.351	0 23348.3 1523.77 	24872	6.34347	6.55445	6700	670	0.0202611	0	2.04	1.02
165.6	0.00253959	0.000728808	14742.7	1050	105	14179.1	45.8614	45.8614	183.445	183.445	0 23346.7 1521.68 	24868.4	6.34318	6.55445	6700	670	0.0202355	0	2.04	1.02
165.8	0.00253963	0.000728867	14744.2	1050	105	14180.4	45.885	45.885	183.54	183.54	0 23345.2 1519.6 	24864.8	6.34289	6.55445	6700	670	0.0202099	0	2.04	1.02
166	0.00253967	0.000728926	14745.8	1050	105	14181.7	45.9086	45.9086	183.634	183.634	0 23343.6 1517.53 	24861.2	6.3426	6.55445	6700	670	0.0201844	0	2.04	1.02
166.2	0.00253971	0.000728985	14747.3	1050	105	14183	45.9323	45.9323	183.729	183.729	0 23342.1 1515.45 	24857.6	6.34232	6.55445	6700	670	0.020159	0	2.04	1.02
166.4	0.00253975	0.000729044	14748.8	1050	105	14184.3	45.956	45.956	183.824	183.824	0 23340.6 1513.39 	24854	6.34203	6.55445	6700	670	0.0201336	0	2.04	1.02
166.6	0.00253979	0.000729103	14750.4	1050	105	14185.6	45.9798	45.9798	183.919	183.919	0 23339 1511.33 	24850.4	6.34175	6.55445	6700	670	0.0201083	0	2.04	1.02
166.8	0.00253982	0.000729162	14751.9	1050	105	14186.9	46.0037	46.0037	184.015	184.015	0 23337.5 1509.27 	24846.8	6.34146	6.55445	6700	670	0.020083	0	2.04	1.02
167	0.00253986	0.000729221	14753.4	1050	105	14188.2	46.0275	46.0275	184.11	184.11	0 23336 1507.22 	24843.2	6.34118	6.55445	6700	670	0.0200578	0	2.04	1.02
167.2	0.0025399	0.00072928	14755	1050	105	14189.5	46.0514	46.0514	184.206	184.206	0 23334.4 1505.17 	24839.6	6.34089	6.55445	6700	670	0.0200326	0	2.04	1.02
167.4	0.00253994	0.000729339	14756.5	1050	105	14190.7	46.0754	46.0754	184.302	184.302	0 23332.9 1503.13 	24836	6.34061	6.55445	6700	670	0.0200075	0	2.04	1.02
167.6	0.00253998	0.000729398	14758	1050	105	14192	46.0994	46.0994	184.398	184.398	0 23331.4 1501.09 	24832.4	6.34032	6.55445	6700	670	0.0199824	0	2.04	1.02
167.8	0.00254001	0.000729457	14759.6	1050	105	14193.3	46.1234	46.1234	184.494	184.494	0 23329.8 1499.06 	24828.9	6.34004	6.55445	6700	670	0.0199575	0	2.04	1.02
168	0.00254005	0.000729515	14761.1	1050	105	14194.6	46.1475	46.1475	184.59	184.59	0 23328.3 1497.03 	24825.3	6.33976	6.55445	6700	670	0.0199325	0	2.04	1.02
168.2	0.00254009	0.000729574	14762.6	1050	105	14195.9	46.1717	46.1717	184.687	184.687	0 23326.8 1495.01 	24821.8	6.33948	6.55445	6700	670	0.0199077	0	2.04	1.02
168.4	0.00254013	0.000729633	14764.2	1050	105	14197.2	46.1958	46.1958	184.783	184.783	0 23325.2 1492.99 	24818.2	6.33919	6.55445	6700	670	0.0198828	0	2.04	1.02
168.6	0.00254016	0.000729692	14765.7	1050	105	14198.5	46.2201	46.2201	184.88	184.88	0 23323.7 1490.97 	24814.7	6.33891	6.55445	6700	670	0.0198581	0	2.04	1.02
168.8	0.0025402	0.00072975	14767.2	1050	105	14199.8	46.2443	46.2443	184.977	184.977	0 23322.2 1488.97 	24811.1	6.33863	6.55445	6700	670	0.0198334	0	2.04	1.02
169	0.00254024	0.000729809	14768.7	1050	105	14201.1	46.2686	46.2686	185.075	185.075	0 23320.6 1486.96 	24807.6	6.33835	6.55445	6700	670	0.0198087	0	2.04	1.02
169.2	0.00254028	0.000729868	14770.3	1050	105	14202.3	46.293	46.293	185.172	185.172	0 23319.1 1484.96 	24804.1	6.33807	6.55445	6700	670	0.0197841	0	2.04	1.02
169.4	0.00254031	0.000729926	14771.8	1050	105	14203.6	46.3174	46.3174	185.27	185.27	0 23317.6 1482.97 	24800.5	6.33779	6.55445	6700	670	0.0197596	0	2.04	1.02
169.6	0.00254035	0.000729985	14773.3	1050	105	14204.9	46.3418	46.3418	185.367	185.367	0 23316 1480.98 	24797	6.33751	6.55445	6700	670	0.0197351	0	2.04	1.02
169.8	0.00254039	0.000730043	14774.8	1050	105	14206.2	46.3663	46.3663	185.465	185.465	0 23314.5 1478.99 	24793.5	6.33723	6.55445	6700	670	0.0197107	0	2.04	1.02
170	0.00254043	0.000730102	14776.4	1050	105	14207.4	46.3909	46.3909	185.563	185.563	0 23313 1477.01 	24790	6.33695	6.55445	6700	670	0.0196863	0	2.04	1.02
170.2	0.00254046	0.00073016	14777.9	1050	105	14208.7	46.4154	46.4154	185.662	185.662	0 23311.5 1475.03 	24786.5	6.33668	6.55445	6700	670	0.019662	0	2.04	1.02
170.4	0.0025405	0.000730219	14779.4	1050	105	14210	46.4401	46.4401	185.76	185.76	0 23309.9 1473.06 	24783	6.3364	6.55445	6700	670	0.0196377	0	2.04	1.02
170.6	0.00254054	0.000730277	14780.9	1050	105	14211.3	46.4647	46.4647	185.859	185.859	0 23308.4 1471.1 	24779.5	6.33612	6.55445	6700	670	0.0196135	0	2.04	1.02
170.8	0.00254057	0.000730336	14782.4	1050	105	14212.5	46.4894	46.4894	185.958	185.958	0 23306.9 1469.13 	24776	6.33584	6.55445	6700	670	0.0195894	0	2.04	1.02
171	0.00254061	0.000730394	14784	1050	105	14213.8	46.5142	46.5142	186.057	186.057	0 23305.4 1467.18 	24772.5	6.33557	6.55445	6700	670	0.0195653	0	2.04	1.02
171.2	0.00254065	0.000730452	14785.5	1050	105	14215.1	46.539	46.539	186.156	186.156	0 23303.8 1465.22 	24769.1	6.33529	6.55445	6700	670	0.0195413	0	2.04	1.02
171.4	0.00254069	0.000730511	14787	1050	105	14216.4	46.5638	46.5638	186.255	186.255	0 23302.3 1463.28 	24765.6	6.33502	6.55445	6700	670	0.0195173	0	2.04	1.02
171.6	0.00254072	0.000730569	14788.5	1050	105	14217.6	46.5887	46.5887	186.355	186.355	0 23300.8 1461.33 	24762.1	6.33474	6.55445	6700	670	0.0194933	0	2.04	1.02
171.8	0.00254076	0.000730627	14790	1050	105	14218.9	46.6137	46.6137	186.455	186.455	0 23299.3 1459.39 	24758.7	6.33447	6.55445	6700	670	0.0194695	0	2.04	1.02
172	0.0025408	0.000730685	14791.5	1050	105	14220.1	46.6386	46.6386	186.555	186.555	0 23297.8 1457.46 	24755.2	6.33419	6.55445	6700	670	0.0194457	0	2.04	1.02
172.2	0.00254083	0.000730744	14793	1050	105	14221.4	46.6637	46.6637	186.655	186.655	0 23296.2 1455.53 	24751.8	6.33392	6.55445	6700	670	0.0194219	0	2.04	1.02
172.4	0.00254087	0.000730802	14794.6	1050	105	14222.7	46.6887	46.6887	186.755	186.755	0 23294.7 1453.6 	24748.3	6.33365	6.55445	6700	670	0.0193982	0	2.04	1.02
172.6	0.0025409	0.00073086	14796.1	1050	105	14223.9	46.7138	46.7138	186.855	186.855	0 23293.2 1451.68 	24744.9	6.33337	6.55445	6700	670	0.0193745	0	2.04	1.02
172.8	0.00254094	0.000730918	14797.6	1050	105	14225.2	46.739	46.739	186.956	186.956	0 23291.7 1449.77 	24741.4	6.3331	6.55445	6700	670	0.019351	0	2.04	1.02
173	0.00254098	0.000730976	14799.1	1050	105	14226.4	46.7642	46.7642	187.057	187.057	0 23290.2 1447.86 	24738	6.33283	6.55445	6700	670	0.0193274	0	2.04	1.02
173.2	0.00254101	0.000731034	14800.6	1050	105	14227.7	46.7894	46.7894	187.158	187.158	0 23288.6 1445.95 	24734.6	6.33256	6.55445	6700	670	0.0193039	0	2.04	1.02
173.4	0.00254105	0.000731092	14802.1	1050	105	14229	46.8147	46.8147	187.259	187.259	0 23287.1 1444.05 	24731.2	6.33228	6.55445	6700	670	0.0192805	0	2.04	1.02
173.6	0.00254109	0.00073115	14803.6	1050	105	14230.2	46.8401	46.8401	187.36	187.36	0 23285.6 1442.15 	24727.8	6.33201	6.55445	6700	670	0.0192571	0	2.04	1.02
173.8	0.00254112	0.000731208	14805.1	1050	105	14231.5	46.8655	46.8655	187.462	187.462	0 23284.1 1440.26 	24724.4	6.33174	6.55445	6700	670	0.0192338	0	2.04	1.02
174	0.00254116	0.000731266	14806.6	1050	105	14232.7	46.8909	46.8909	187.563	187.563	0 23282.6 1438.37 	24721	6.33147	6.55445	6700	670	0.0192105	0	2.04	1.02
174.2	0.0025412	0.000731324	14808.1	1050	105	14234	46.9163	46.9163	187.665	187.665	0 23281.1 1436.48 	24717.6	6.3312	6.55445	6700	670	0.0191873	0	2.04	1.02
174.4	0.00254123	0.000731382	14809.6	1050	105	14235.2	46.9419	46.9419	187.767	187.767	0 23279.6 1434.6 	24714.2	6.33093	6.55445	6700	670	0.0191642	0	2.04	1.02
174.6	0.00254127	0.00073144	14811.1	1050	105	14236.5	46.9674	46.9674	187.87	187.87	0 23278 1432.73 	24710.8	6.33067	6.55445	6700	670	0.0191411	0	2.04	1.02
174.8	0.0025413	0.000731498	14812.6	1050	105	14237.7	46.993	46.993	187.972	187.972	0 23276.5 1430.86 	24707.4	6.3304	6.55445	6700	670	0.019118	0	2.04	1.02
175	0.00254134	0.000731555	14814.1	1050	105	14238.9	47.0187	47.0187	188.075	188.075	0 23275 1428.99 	24704	6.33013	6.55445	6700	670	0.019095	0	2.04	1.02
175.2	0.00254137	0.000731613	14815.6	1050	105	14240.2	47.0444	47.0444	188.177	188.177	0 23273.5 1427.13 	24700.6	6.32986	6.55445	6700	670	0.0190721	0	2.04	1.02
175.4	0.00254141	0.000731671	14817.1	1050	105	14241.4	47.0701	47.0701	188.28	188.28	0 23272 1425.28 	24697.3	6.32959	6.55445	6700	670	0.0190492	0	2.04	1.02
175.6	0.00254145	0.000731729	14818.6	1050	105	14242.7	47.0959	47.0959	188.383	188.383	0 23270.5 1423.42 	24693.9	6.32933	6.55445	6700	670	0.0190263	0	2.04	1.02
175.8	0.00254148	0.000731786	14820.1	1050	105	14243.9	47.1217	47.1217	188.487	188.487	0 23269 1421.57 	24690.6	6.32906	6.55445	6700	670	0.0190036	0	2.04	1.02
176	0.00254152	0.000731844	14821.6	1050	105	14245.1	47.1476	47.1476	188.59	188.59	0 23267.5 1419.73 	24687.2	6.3288	6.55445	6700	670	0.0189808	0	2.04	1.02
176.2	0.00254155	0.000731901	14823.1	1050	105	14246.4	47.1735	47.1735	188.694	188.694	0 23266 1417.89 	24683.9	6.32853	6.55445	6700	670	0.0189582	0	2.04	1.02
176.4	0.00254159	0.000731959	14824.6	1050	105	14247.6	47.1994	47.1994	188.798	188.798	0 23264.5 1416.06 	24680.5	6.32826	6.55445	6700	670	0.0189355	0	2.04	1.02
176.6	0.00254162	0.000732017	14826.1	1050	105	14248.8	47.2254	47.2254	188.902	188.902	0 23263 1414.23 	24677.2	6.328	6.55445	6700	670	0.018913	0	2.04	1.02
176.8	0.00254166	0.000732074	14827.6	1050	105	14250.1	47.2515	47.2515	189.006	189.006	0 23261.5 1412.4 	24673.9	6.32774	6.55445	6700	670	0.0188904	0	2.04	1.02
177	0.00254169	0.000732132	14829.1	1050	105	14251.3	47.2776	47.2776	189.11	189.11	0 23260 1410.58 	24670.5	6.32747	6.55445	6700	670	0.018868	0	2.04	1.02
177.2	0.00254173	0.000732189	14830.6	1050	105	14252.5	47.3037	47.3037	189.215	189.215	0 23258.5 1408.76 	24667.2	6.32721	6.55445	6700	670	0.0188456	0	2.04	1.02
177.4	0.00254177	0.000732247	14832.1	1050	105	14253.8	47.3299	47.3299	189.32	189.32	0 23257 1406.95 	24663.9	6.32695	6.55445	6700	670	0.0188232	0	2.04	1.02
177.6	0.0025418	0.000732304	14833.6	1050	105	14255	47.3561	47.3561	189.425	189.425	0 23255.5 1405.14 	24660.6	6.32668	6.55445	6700	670	0.0188009	0	2.04	1.02
177.8	0.00254184	0.000732361	14835	1050	105	14256.2	47.3824	47.3824	189.53	189.53	0 23254 1403.34 	24657.3	6.32642	6.55445	6700	670	0.0187787	0	2.04	1.02
178	0.00254187	0.000732419	14836.5	1050	105	14257.4	47.4087	47.4087	189.635	189.635	0 23252.5 1401.54 	24654	6.32616	6.55445	6700	670	0.0187565	0	2.04	1.02
178.2	0.00254191	0.000732476	14838	1050	105	14258.7	47.4351	47.4351	189.74	189.74	0 23251 1399.75 	24650.7	6.3259	6.55445	6700	670	0.0187343	0	2.04	1.02
178.4	0.00254194	0.000732533	14839.5	1050	105	14259.9	47.4615	47.4615	189.846	189.846	0 23249.5 1397.95 	24647.4	6.32564	6.55445	6700	670	0.0187122	0	2.04	1.02
178.6	0.00254198	0.00073259	14841	1050	105	14261.1	47.488	47.488	189.952	189.952	0 23248 1396.17 	24644.1	6.32538	6.55445	6700	670	0.0186902	0	2.04	1.02
178.8	0.00254201	0.000732648	14842.5	1050	105	14262.3	47.5144	47.5144	190.058	190.058	0 23246.5 1394.39 	24640.9	6.32512	6.55445	6700	670	0.0186682	0	2.04	1.02
179	0.00254204	0.000732705	14843.9	1050	105	14263.5	47.541	47.541	190.164	190.164	0 23245 1392.61 	24637.6	6.32486	6.55445	6700	670	0.0186463	0	2.04	1.02
179.2	0.00254208	0.000732762	14845.4	1050	105	14264.8	47.5676	47.5676	190.27	190.27	0 23243.5 1390.84 	24634.3	6.3246	6.55445	6700	670	0.0186244	0	2.04	1.02
179.4	0.00254211	0.000732819	14846.9	1050	105	14266	47.5942	47.5942	190.377	190.377	0 23242 1389.07 	24631	6.32434	6.55445	6700	670	0.0186026	0	2.04	1.02
179.6	0.00254215	0.000732876	14848.4	1050	105	14267.2	47.6209	47.6209	190.484	190.484	0 23240.5 1387.3 	24627.8	6.32408	6.55445	6700	670	0.0185808	0	2.04	1.02
179.8	0.00254218	0.000732933	14849.9	1050	105	14268.4	47.6476	47.6476	190.59	190.59	0 23239 1385.54 	24624.5	6.32382	6.55445	6700	670	0.0185591	0	2.04	1.02
180	0.00254222	0.00073299	14851.3	1050	105	14269.6	47.6744	47.6744	190.697	190.697	0 23237.5 1383.79 	24621.3	6.32356	6.55445	6700	670	0.0185374	0	2.04	1.02
180.2	0.00254225	0.000733047	14852.8	1050	105	14270.8	47.7012	47.7012	190.805	190.805	0 23236 1382.04 	24618	6.32331	6.55445	6700	670	0.0185158	0	2.04	1.02
180.4	0.00254229	0.000733104	14854.3	1050	105	14272	47.728	47.728	190.912	190.912	0 23234.5 1380.29 	24614.8	6.32305	6.55445	6700	670	0.0184942	0	2.04	1.02
180.6	0.00254232	0.000733161	14855.8	1050	105	14273.2	47.7549	47.7549	191.02	191.02	0 23233 1378.55 	24611.6	6.32279	6.55445	6700	670	0.0184727	0	2.04	1.02
180.8	0.00254236	0.000733218	14857.2	1050	105	14274.4	47.7819	47.7819	191.128	191.128	0 23231.5 1376.81 	24608.3	6.32254	6.55445	6700	670	0.0184512	0	2.04	1.02
181	0.00254239	0.000733275	14858.7	1050	105	14275.6	47.8089	47.8089	191.236	191.236	0 23230.1 1375.07 	24605.1	6.32228	6.55445	6700	670	0.0184298	0	2.04	1.02
181.2	0.00254242	0.000733332	14860.2	1050	105	14276.8	47.8359	47.8359	191.344	191.344	0 23228.6 1373.34 	24601.9	6.32202	6.55445	6700	670	0.0184084	0	2.04	1.02
181.4	0.00254246	0.000733389	14861.7	1050	105	14278	47.863	47.863	191.452	191.452	0 23227.1 1371.62 	24598.7	6.32177	6.55445	6700	670	0.0183871	0	2.04	1.02
181.6	0.00254249	0.000733445	14863.1	1050	105	14279.2	47.8901	47.8901	191.56	191.56	0 23225.6 1369.9 	24595.5	6.32152	6.55445	6700	670	0.0183659	0	2.04	1.02
181.8	0.00254253	0.000733502	14864.6	1050	105	14280.4	47.9173	47.9173	191.669	191.669	0 23224.1 1368.18 	24592.3	6.32126	6.55445	6700	670	0.0183447	0	2.04	1.02
182	0.00254256	0.000733559	14866.1	1050	105	14281.6	47.9445	47.9445	191.778	191.778	0 23222.6 1366.47 	24589.1	6.32101	6.55445	6700	670	0.0183235	0	2.04	1.02
182.2	0.00254259	0.000733615	14867.5	1050	105	14282.8	47.9718	47.9718	191.887	191.887	0 23221.1 1364.76 	24585.9	6.32075	6.55445	6700	670	0.0183024	0	2.04	1.02
182.4	0.00254263	0.000733672	14869	1050	105	14284	47.9991	47.9991	191.996	191.996	0 23219.7 1363.05 	24582.7	6.3205	6.55445	6700	670	0.0182813	0	2.04	1.02
182.6	0.00254266	0.000733729	14870.5	1050	105	14285.2	48.0264	48.0264	192.106	192.106	0 23218.2 1361.35 	24579.5	6.32025	6.55445	6700	670	0.0182603	0	2.04	1.02
182.8	0.0025427	0.000733785	14871.9	1050	105	14286.4	48.0538	48.0538	192.215	192.215	0 23216.7 1359.66 	24576.3	6.32	6.55445	6700	670	0.0182394	0	2.04	1.02
183	0.00254273	0.000733842	14873.4	1050	105	14287.6	48.0813	48.0813	192.325	192.325	0 23215.2 1357.97 	24573.2	6.31974	6.55445	6700	670	0.0182185	0	2.04	1.02
183.2	0.00254276	0.000733898	14874.8	1050	105	14288.8	48.1088	48.1088	192.435	192.435	0 23213.7 1356.28 	24570	6.31949	6.55445	6700	670	0.0181976	0	2.04	1.02
183.4	0.0025428	0.000733955	14876.3	1050	105	14289.9	48.1363	48.1363	192.545	192.545	0 23212.3 1354.6 	24566.8	6.31924	6.55445	6700	670	0.0181768	0	2.04	1.02
183.6	0.00254283	0.000734011	14877.8	1050	105	14291.1	48.1639	48.1639	192.655	192.655	0 23210.8 1352.92 	24563.7	6.31899	6.55445	6700	670	0.0181561	0	2.04	1.02
183.8	0.00254286	0.000734068	14879.2	1050	105	14292.3	48.1915	48.1915	192.766	192.766	0 23209.3 1351.24 	24560.5	6.31874	6.55445	6700	670	0.0181354	0	2.04	1.02
184	0.0025429	0.000734124	14880.7	1050	105	14293.5	48.2192	48.2192	192.877	192.877	0 23207.8 1349.57 	24557.4	6.31849	6.55445	6700	670	0.0181147	0	2.04	1.02
184.2	0.00254293	0.00073418	14882.1	1050	105	14294.7	48.2469	48.2469	192.987	192.987	0 23206.3 1347.91 	24554.2	6.31824	6.55445	6700	670	0.0180942	0	2.04	1.02
184.4	0.00254296	0.000734237	14883.6	1050	105	14295.9	48.2746	48.2746	193.099	193.099	0 23204.9 1346.24 	24551.1	6.31799	6.55445	6700	670	0.0180736	0	2.04	1.02
184.6	0.002543	0.000734293	14885.1	1050	105	14297	48.3024	48.3024	193.21	193.21	0 23203.4 1344.58 	24548	6.31774	6.55445	6700	670	0.0180531	0	2.04	1.02
184.8	0.00254303	0.000734349	14886.5	1050	105	14298.2	48.3303	48.3303	193.321	193.321	0 23201.9 1342.93 	24544.9	6.3175	6.55445	6700	670	0.0180327	0	2.04	1.02
185	0.00254306	0.000734405	14888	1050	105	14299.4	48.3582	48.3582	193.433	193.433	0 23200.4 1341.28 	24541.7	6.31725	6.55445	6700	670	0.0180123	0	2.04	1.02
185.2	0.0025431	0.000734462	14889.4	1050	105	14300.6	48.3861	48.3861	193.544	193.544	0 23199 1339.64 	24538.6	6.317	6.55445	6700	670	0.0179919	0	2.04	1.02
185.4	0.00254313	0.000734518	14890.9	1050	105	14301.7	48.4141	48.4141	193.656	193.656	0 23197.5 1337.99 	24535.5	6.31675	6.55445	6700	670	0.0179716	0	2.04	1.02
185.6	0.00254316	0.000734574	14892.3	1050	105	14302.9	48.4421	48.4421	193.768	193.768	0 23196 1336.36 	24532.4	6.31651	6.55445	6700	670	0.0179514	0	2.04	1.02
185.8	0.0025432	0.00073463	14893.8	1050	105	14304.1	48.4702	48.4702	193.881	193.881	0 23194.6 1334.72 	24529.3	6.31626	6.55445	6700	670	0.0179312	0	2.04	1.02
186	0.00254323	0.000734686	14895.2	1050	105	14305.2	48.4983	48.4983	193.993	193.993	0 23193.1 1333.09 	24526.2	6.31602	6.55445	6700	670	0.017911	0	2.04	1.02
186.2	0.00254326	0.000734742	14896.7	1050	105	14306.4	48.5265	48.5265	194.106	194.106	0 23191.6 1331.47 	24523.1	6.31577	6.55445	6700	670	0.017891	0	2.04	1.02
186.4	0.0025433	0.000734798	14898.1	1050	105	14307.6	48.5547	48.5547	194.219	194.219	0 23190.2 1329.85 	24520	6.31553	6.55445	6700	670	0.0178709	0	2.04	1.02
186.6	0.00254333	0.000734854	14899.6	1050	105	14308.7	48.5829	48.5829	194.332	194.332	0 23188.7 1328.23 	24516.9	6.31528	6.55445	6700	670	0.0178509	0	2.04	1.02
186.8	0.00254336	0.00073491	14901	1050	105	14309.9	48.6113	48.6113	194.445	194.445	0 23187.2 1326.62 	24513.8	6.31504	6.55445	6700	670	0.017831	0	2.04	1.02
187	0.00254339	0.000734966	14902.4	1050	105	14311	48.6396	48.6396	194.558	194.558	0 23185.8 1325.01 	24510.8	6.31479	6.55445	6700	670	0.0178111	0	2.04	1.02
187.2	0.00254343	0.000735022	14903.9	1050	105	14312.2	48.668	48.668	194.672	194.672	0 23184.3 1323.41 	24507.7	6.31455	6.55445	6700	670	0.0177912	0	2.04	1.02
187.4	0.00254346	0.000735077	14905.3	1050	105	14313.4	48.6964	48.6964	194.786	194.786	0 23182.8 1321.8 	24504.6	6.31431	6.55445	6700	670	0.0177714	0	2.04	1.02
187.6	0.00254349	0.000735133	14906.8	1050	105	14314.5	48.7249	48.7249	194.9	194.9	0 23181.4 1320.21 	24501.6	6.31406	6.55445	6700	670	0.0177517	0	2.04	1.02
187.8	0.00254352	0.000735189	14908.2	1050	105	14315.7	48.7534	48.7534	195.014	195.014	0 23179.9 1318.62 	24498.5	6.31382	6.55445	6700	670	0.017732	0	2.04	1.02
188	0.00254356	0.000735245	14909.6	1050	105	14316.8	48.782	48.782	195.128	195.128	0 23178.5 1317.03 	24495.5	6.31358	6.55445	6700	670	0.0177123	0	2.04	1.02
188.2	0.00254359	0.0007353	14911.1	1050	105	14318	48.8106	48.8106	195.243	195.243	0 23177 1315.44 	24492.4	6.31334	6.55445	6700	670	0.0176927	0	2.04	1.02
188.4	0.00254362	0.000735356	14912.5	1050	105	14319.1	48.8393	48.8393	195.357	195.357	0 23175.5 1313.86 	24489.4	6.3131	6.55445	6700	670	0.0176732	0	2.04	1.02
188.6	0.00254365	0.000735412	14914	1050	105	14320.3	48.868	48.868	195.472	195.472	0 23174.1 1312.29 	24486.4	6.31286	6.55445	6700	670	0.0176537	0	2.04	1.02
188.8	0.00254369	0.000735467	14915.4	1050	105	14321.4	48.8968	48.8968	195.587	195.587	0 23172.6 1310.71 	24483.3	6.31262	6.55445	6700	670	0.0176342	0	2.04	1.02
189	0.00254372	0.000735523	14916.8	1050	105	14322.6	48.9256	48.9256	195.702	195.702	0 23171.2 1309.15 	24480.3	6.31238	6.55445	6700	670	0.0176148	0	2.04	1.02
189.2	0.00254375	0.000735578	14918.3	1050	105	14323.7	48.9544	48.9544	195.818	195.818	0 23169.7 1307.58 	24477.3	6.31214	6.55445	6700	670	0.0175955	0	2.04	1.02
189.4	0.00254378	0.000735634	14919.7	1050	105	14324.9	48.9833	48.9833	195.933	195.933	0 23168.3 1306.02 	24474.3	6.3119	6.55445	6700	670	0.0175761	0	2.04	1.02
189.6	0.00254382	0.000735689	14921.1	1050	105	14326	49.0122	49.0122	196.049	196.049	0 23166.8 1304.47 	24471.3	6.31166	6.55445	6700	670	0.0175569	0	2.04	1.02
189.8	0.00254385	0.000735744	14922.6	1050	105	14327.1	49.0412	49.0412	196.165	196.165	0 23165.4 1302.91 	24468.3	6.31142	6.55445	6700	670	0.0175377	0	2.04	1.02
190	0.00254388	0.0007358	14924	1050	105	14328.3	49.0703	49.0703	196.281	196.281	0 23163.9 1301.37 	24465.3	6.31118	6.55445	6700	670	0.0175185	0	2.04	1.02
190.2	0.00254391	0.000735855	14925.4	1050	105	14329.4	49.0993	49.0993	196.397	196.397	0 23162.4 1299.82 	24462.3	6.31094	6.55445	6700	670	0.0174994	0	2.04	1.02
190.4	0.00254394	0.00073591	14926.8	1050	105	14330.6	49.1284	49.1284	196.514	196.514	0 23161 1298.28 	24459.3	6.31071	6.55445	6700	670	0.0174803	0	2.04	1.02
190.6	0.00254398	0.000735966	14928.3	1050	105	14331.7	49.1576	49.1576	196.63	196.63	0 23159.5 1296.75 	24456.3	6.31047	6.55445	6700	670	0.0174613	0	2.04	1.02
190.8	0.00254401	0.000736021	14929.7	1050	105	14332.8	49.1868	49.1868	196.747	196.747	0 23158.1 1295.21 	24453.3	6.31023	6.55445	6700	670	0.0174424	0	2.04	1.02
191	0.00254404	0.000736076	14931.1	1050	105	14333.9	49.2161	49.2161	196.864	196.864	0 23156.7 1293.68 	24450.3	6.31	6.55445	6700	670	0.0174234	0	2.04	1.02
191.2	0.00254407	0.000736131	14932.5	1050	105	14335.1	49.2454	49.2454	196.982	196.982	0 23155.2 1292.16 	24447.4	6.30976	6.55445	6700	670	0.0174046	0	2.04	1.02
191.4	0.0025441	0.000736186	14934	1050	105	14336.2	49.2747	49.2747	197.099	197.099	0 23153.8 1290.64 	24444.4	6.30953	6.55445	6700	670	0.0173857	0	2.04	1.02
191.6	0.00254413	0.000736242	14935.4	1050	105	14337.3	49.3041	49.3041	197.217	197.217	0 23152.3 1289.12 	24441.4	6.30929	6.55445	6700	670	0.017367	0	2.04	1.02
191.8	0.00254417	0.000736297	14936.8	1050	105	14338.5	49.3336	49.3336	197.334	197.334	0 23150.9 1287.61 	24438.5	6.30906	6.55445	6700	670	0.0173482	0	2.04	1.02
192	0.0025442	0.000736352	14938.2	1050	105	14339.6	49.3631	49.3631	197.452	197.452	0 23149.4 1286.1 	24435.5	6.30882	6.55445	6700	670	0.0173296	0	2.04	1.02
192.2	0.00254423	0.000736407	14939.6	1050	105	14340.7	49.3926	49.3926	197.57	197.57	0 23148 1284.6 	24432.6	6.30859	6.55445	6700	670	0.0173109	0	2.04	1.02
192.4	0.00254426	0.000736462	14941	1050	105	14341.8	49.4222	49.4222	197.689	197.689	0 23146.5 1283.1 	24429.6	6.30836	6.55445	6700	670	0.0172923	0	2.04	1.02
192.6	0.00254429	0.000736516	14942.5	1050	105	14342.9	49.4518	49.4518	197.807	197.807	0 23145.1 1281.6 	24426.7	6.30812	6.55445	6700	670	0.0172738	0	2.04	1.02
192.8	0.00254432	0.000736571	14943.9	1050	105	14344.1	49.4815	49.4815	197.926	197.926	0 23143.7 1280.11 	24423.8	6.30789	6.55445	6700	670	0.0172553	0	2.04	1.02
193	0.00254435	0.000736626	14945.3	1050	105	14345.2	49.5112	49.5112	198.045	198.045	0 23142.2 1278.62 	24420.8	6.30766	6.55445	6700	670	0.0172369	0	2.04	1.02
193.2	0.00254438	0.000736681	14946.7	1050	105	14346.3	49.5409	49.5409	198.164	198.164	0 23140.8 1277.13 	24417.9	6.30743	6.55445	6700	670	0.0172185	0	2.04	1.02
193.4	0.00254442	0.000736736	14948.1	1050	105	14347.4	49.5707	49.5707	198.283	198.283	0 23139.3 1275.65 	24415	6.30719	6.55445	6700	670	0.0172001	0	2.04	1.02
193.6	0.00254445	0.000736791	14949.5	1050	105	14348.5	49.6006	49.6006	198.402	198.402	0 23137.9 1274.17 	24412.1	6.30696	6.55445	6700	670	0.0171818	0	2.04	1.02
193.8	0.00254448	0.000736845	14950.9	1050	105	14349.6	49.6305	49.6305	198.522	198.522	0 23136.5 1272.7 	24409.2	6.30673	6.55445	6700	670	0.0171636	0	2.04	1.02
194	0.00254451	0.0007369	14952.3	1050	105	14350.7	49.6604	49.6604	198.642	198.642	0 23135 1271.23 	24406.3	6.3065	6.55445	6700	670	0.0171454	0	2.04	1.02
194.2	0.00254454	0.000736955	14953.8	1050	105	14351.8	49.6904	49.6904	198.762	198.762	0 23133.6 1269.77 	24403.4	6.30627	6.55445	6700	670	0.0171272	0	2.04	1.02
194.4	0.00254457	0.000737009	14955.2	1050	105	14353	49.7205	49.7205	198.882	198.882	0 23132.2 1268.3 	24400.5	6.30604	6.55445	6700	670	0.0171091	0	2.04	1.02
194.6	0.0025446	0.000737064	14956.6	1050	105	14354.1	49.7505	49.7505	199.002	199.002	0 23130.7 1266.85 	24397.6	6.30581	6.55445	6700	670	0.017091	0	2.04	1.02
194.8	0.00254463	0.000737118	14958	1050	105	14355.2	49.7807	49.7807	199.123	199.123	0 23129.3 1265.39 	24394.7	6.30558	6.55445	6700	670	0.017073	0	2.04	1.02
195	0.00254466	0.000737173	14959.4	1050	105	14356.3	49.8108	49.8108	199.243	199.243	0 23127.9 1263.94 	24391.8	6.30536	6.55445	6700	670	0.0170551	0	2.04	1.02
195.2	0.00254469	0.000737227	14960.8	1050	105	14357.4	49.8411	49.8411	199.364	199.364	0 23126.4 1262.49 	24388.9	6.30513	6.55445	6700	670	0.0170371	0	2.04	1.02
195.4	0.00254472	0.000737282	14962.2	1050	105	14358.5	49.8713	49.8713	199.485	199.485	0 23125 1261.05 	24386.1	6.3049	6.55445	6700	670	0.0170193	0	2.04	1.02
195.6	0.00254475	0.000737336	14963.6	1050	105	14359.6	49.9016	49.9016	199.607	199.607	0 23123.6 1259.61 	24383.2	6.30467	6.55445	6700	670	0.0170014	0	2.04	1.02
195.8	0.00254479	0.00073739	14965	1050	105	14360.7	49.932	49.932	199.728	199.728	0 23122.2 1258.18 	24380.3	6.30444	6.55445	6700	670	0.0169837	0	2.04	1.02
196	0.00254482	0.000737445	14966.4	1050	105	14361.8	49.9624	49.9624	199.85	199.85	0 23120.7 1256.75 	24377.5	6.30422	6.55445	6700	670	0.0169659	0	2.04	1.02
196.2	0.00254485	0.000737499	14967.8	1050	105	14362.8	49.9928	49.9928	199.971	199.971	0 23119.3 1255.32 	24374.6	6.30399	6.55445	6700	670	0.0169482	0	2.04	1.02
196.4	0.00254488	0.000737553	14969.2	1050	105	14363.9	50.0233	50.0233	200.093	200.093	0 23117.9 1253.89 	24371.8	6.30377	6.55445	6700	670	0.0169306	0	2.04	1.02
196.6	0.00254491	0.000737607	14970.6	1050	105	14365	50.0539	50.0539	200.216	200.216	0 23116.5 1252.47 	24368.9	6.30354	6.55445	6700	670	0.016913	0	2.04	1.02
196.8	0.00254494	0.000737662	14972	1050	105	14366.1	50.0845	50.0845	200.338	200.338	0 23115 1251.06 	24366.1	6.30332	6.55445	6700	670	0.0168954	0	2.04	1.02
197	0.00254497	0.000737716	14973.4	1050	105	14367.2	50.1151	50.1151	200.46	200.46	0 23113.6 1249.65 	24363.3	6.30309	6.55445	6700	670	0.0168779	0	2.04	1.02
197.2	0.002545	0.00073777	14974.7	1050	105	14368.3	50.1458	50.1458	200.583	200.583	0 23112.2 1248.24 	24360.4	6.30287	6.55445	6700	670	0.0168605	0	2.04	1.02
197.4	0.00254503	0.000737824	14976.1	1050	105	14369.4	50.1765	50.1765	200.706	200.706	0 23110.8 1246.83 	24357.6	6.30264	6.55445	6700	670	0.0168431	0	2.04	1.02
197.6	0.00254506	0.000737878	14977.5	1050	105	14370.5	50.2073	50.2073	200.829	200.829	0 23109.4 1245.43 	24354.8	6.30242	6.55445	6700	670	0.0168257	0	2.04	1.02
197.8	0.00254509	0.000737932	14978.9	1050	105	14371.5	50.2381	50.2381	200.952	200.952	0 23107.9 1244.03 	24352	6.30219	6.55445	6700	670	0.0168084	0	2.04	1.02
198	0.00254512	0.000737986	14980.3	1050	105	14372.6	50.269	50.269	201.076	201.076	0 23106.5 1242.64 	24349.2	6.30197	6.55445	6700	670	0.0167911	0	2.04	1.02
198.2	0.00254515	0.00073804	14981.7	1050	105	14373.7	50.2999	50.2999	201.2	201.2	0 23105.1 1241.25 	24346.4	6.30175	6.55445	6700	670	0.0167739	0	2.04	1.02
198.4	0.00254518	0.000738094	14983.1	1050	105	14374.8	50.3308	50.3308	201.323	201.323	0 23103.7 1239.86 	24343.6	6.30153	6.55445	6700	670	0.0167567	0	2.04	1.02
198.6	0.00254521	0.000738147	14984.5	1050	105	14375.8	50.3618	50.3618	201.447	201.447	0 23102.3 1238.48 	24340.8	6.30131	6.55445	6700	670	0.0167396	0	2.04	1.02
198.8	0.00254524	0.000738201	14985.8	1050	105	14376.9	50.3929	50.3929	201.572	201.572	0 23100.9 1237.1 	24338	6.30108	6.55445	6700	670	0.0167225	0	2.04	1.02
199	0.00254527	0.000738255	14987.2	1050	105	14378	50.424	50.424	201.696	201.696	0 23099.5 1235.73 	24335.2	6.30086	6.55445	6700	670	0.0167054	0	2.04	1.02
199.2	0.0025453	0.000738309	14988.6	1050	105	14379.1	50.4551	50.4551	201.821	201.821	0 23098 1234.36 	24332.4	6.30064	6.55445	6700	670	0.0166884	0	2.04	1.02
199.4	0.00254533	0.000738362	14990	1050	105	14380.1	50.4863	50.4863	201.945	201.945	0 23096.6 1232.99 	24329.6	6.30042	6.55445	6700	670	0.0166715	0	2.04	1.02
199.6	0.00254536	0.000738416	14991.4	1050	105	14381.2	50.5176	50.5176	202.07	202.07	0 23095.2 1231.62 	24326.9	6.3002	6.55445	6700	670	0.0166546	0	2.04	1.02
199.8	0.00254539	0.00073847	14992.8	1050	105	14382.3	50.5488	50.5488	202.195	202.195	0 23093.8 1230.26 	24324.1	6.29998	6.55445	6700	670	0.0166377	0	2.04	1.02
200	0.00254542	0.000738523	14994.1	1050	105	14383.3	50.5802	50.5802	202.321	202.321	0 23092.4 1228.91 	24321.3	6.29976	6.55445	6700	670	0.0166209	0	2.04	1.02
200.2	0.00254545	0.000738577	14995.5	1050	105	14384.4	50.6115	50.6115	202.446	202.446	0 23091 1227.55 	24318.6	6.29954	6.55445	6700	670	0.0166041	0	2.04	1.02
200.4	0.00254547	0.00073863	14996.9	1050	105	14385.5	50.643	50.643	202.572	202.572	0 23089.6 1226.21 	24315.8	6.29933	6.55445	6700	670	0.0165874	0	2.04	1.02
200.6	0.0025455	0.000738684	14998.3	1050	105	14386.5	50.6744	50.6744	202.698	202.698	0 23088.2 1224.86 	24313.1	6.29911	6.55445	6700	670	0.0165707	0	2.04	1.02
200.8	0.00254553	0.000738737	14999.6	1050	105	14387.6	50.706	50.706	202.824	202.824	0 23086.8 1223.52 	24310.3	6.29889	6.55445	6700	670	0.0165541	0	2.04	1.02
201	0.00254556	0.000738791	15001	1050	105	14388.6	50.7375	50.7375	202.95	202.95	0 23085.4 1222.18 	24307.6	6.29867	6.55445	6700	670	0.0165375	0	2.04	1.02
201.2	0.00254559	0.000738844	15002.4	1050	105	14389.7	50.7691	50.7691	203.076	203.076	0 23084 1220.85 	24304.8	6.29845	6.55445	6700	670	0.0165209	0	2.04	1.02
201.4	0.00254562	0.000738897	15003.7	1050	105	14390.7	50.8008	50.8008	203.203	203.203	0 23082.6 1219.51 	24302.1	6.29824	6.55445	6700	670	0.0165044	0	2.04	1.02
201.6	0.00254565	0.000738951	15005.1	1050	105	14391.8	50.8325	50.8325	203.33	203.33	0 23081.2 1218.19 	24299.4	6.29802	6.55445	6700	670	0.016488	0	2.04	1.02
201.8	0.00254568	0.000739004	15006.5	1050	105	14392.8	50.8642	50.8642	203.457	203.457	0 23079.8 1216.86 	24296.6	6.29781	6.55445	6700	670	0.0164715	0	2.04	1.02
202	0.00254571	0.000739057	15007.9	1050	105	14393.9	50.896	50.896	203.584	203.584	0 23078.4 1215.54 	24293.9	6.29759	6.55445	6700	670	0.0164552	0	2.04	1.02
202.2	0.00254574	0.00073911	15009.2	1050	105	14394.9	50.9279	50.9279	203.711	203.711	0 23077 1214.23 	24291.2	6.29737	6.55445	6700	670	0.0164388	0	2.04	1.02
202.4	0.00254577	0.000739164	15010.6	1050	105	14396	50.9597	50.9597	203.839	203.839	0 23075.6 1212.91 	24288.5	6.29716	6.55445	6700	670	0.0164226	0	2.04	1.02
202.6	0.0025458	0.000739217	15011.9	1050	105	14397	50.9917	50.9917	203.967	203.967	0 23074.2 1211.61 	24285.8	6.29695	6.55445	6700	670	0.0164063	0	2.04	1.02
202.8	0.00254582	0.00073927	15013.3	1050	105	14398.1	51.0236	51.0236	204.095	204.095	0 23072.8 1210.3 	24283.1	6.29673	6.55445	6700	670	0.0163901	0	2.04	1.02
203	0.00254585	0.000739323	15014.7	1050	105	14399.1	51.0557	51.0557	204.223	204.223	0 23071.4 1209 	24280.4	6.29652	6.55445	6700	670	0.016374	0	2.04	1.02
203.2	0.00254588	0.000739376	15016	1050	105	14400.2	51.0877	51.0877	204.351	204.351	0 23070 1207.7 	24277.7	6.2963	6.55445	6700	670	0.0163579	0	2.04	1.02
203.4	0.00254591	0.000739429	15017.4	1050	105	14401.2	51.1199	51.1199	204.479	204.479	0 23068.6 1206.4 	24275	6.29609	6.55445	6700	670	0.0163418	0	2.04	1.02
203.6	0.00254594	0.000739482	15018.8	1050	105	14402.2	51.152	51.152	204.608	204.608	0 23067.2 1205.11 	24272.3	6.29588	6.55445	6700	670	0.0163258	0	2.04	1.02
203.8	0.00254597	0.000739535	15020.1	1050	105	14403.3	51.1842	51.1842	204.737	204.737	0 23065.8 1203.83 	24269.7	6.29567	6.55445	6700	670	0.0163099	0	2.04	1.02
204	0.002546	0.000739588	15021.5	1050	105	14404.3	51.2165	51.2165	204.866	204.866	0 23064.4 1202.54 	24267	6.29545	6.55445	6700	670	0.0162939	0	2.04	1.02
204.2	0.00254602	0.00073964	15022.8	1050	105	14405.3	51.2488	51.2488	204.995	204.995	0 23063.1 1201.26 	24264.3	6.29524	6.55445	6700	670	0.0162781	0	2.04	1.02
204.4	0.00254605	0.000739693	15024.2	1050	105	14406.4	51.2812	51.2812	205.125	205.125	0 23061.7 1199.98 	24261.7	6.29503	6.55445	6700	670	0.0162622	0	2.04	1.02
204.6	0.00254608	0.000739746	15025.5	1050	105	14407.4	51.3136	51.3136	205.254	205.254	0 23060.3 1198.71 	24259	6.29482	6.55445	6700	670	0.0162464	0	2.04	1.02
204.8	0.00254611	0.000739799	15026.9	1050	105	14408.4	51.346	51.346	205.384	205.384	0 23058.9 1197.44 	24256.3	6.29461	6.55445	6700	670	0.0162307	0	2.04	1.02
205	0.00254614	0.000739851	15028.2	1050	105	14409.5	51.3785	51.3785	205.514	205.514	0 23057.5 1196.18 	24253.7	6.2944	6.55445	6700	670	0.016215	0	2.04	1.02
205.2	0.00254617	0.000739904	15029.6	1050	105	14410.5	51.411	51.411	205.644	205.644	0 23056.1 1194.91 	24251	6.29419	6.55445	6700	670	0.0161993	0	2.04	1.02
205.4	0.00254619	0.000739956	15030.9	1050	105	14411.5	51.4436	51.4436	205.775	205.775	0 23054.7 1193.65 	24248.4	6.29398	6.55445	6700	670	0.0161837	0	2.04	1.02
205.6	0.00254622	0.000740009	15032.3	1050	105	14412.5	51.4763	51.4763	205.905	205.905	0 23053.4 1192.4 	24245.8	6.29377	6.55445	6700	670	0.0161681	0	2.04	1.02
205.8	0.00254625	0.000740062	15033.6	1050	105	14413.5	51.509	51.509	206.036	206.036	0 23052 1191.15 	24243.1	6.29356	6.55445	6700	670	0.0161526	0	2.04	1.02
206	0.00254628	0.000740114	15035	1050	105	14414.6	51.5417	51.5417	206.167	206.167	0 23050.6 1189.9 	24240.5	6.29335	6.55445	6700	670	0.0161371	0	2.04	1.02
206.2	0.00254631	0.000740166	15036.3	1050	105	14415.6	51.5745	51.5745	206.298	206.298	0 23049.2 1188.65 	24237.9	6.29314	6.55445	6700	670	0.0161217	0	2.04	1.02
206.4	0.00254634	0.000740219	15037.7	1050	105	14416.6	51.6073	51.6073	206.429	206.429	0 23047.8 1187.41 	24235.3	6.29294	6.55445	6700	670	0.0161063	0	2.04	1.02
206.6	0.00254636	0.000740271	15039	1050	105	14417.6	51.6401	51.6401	206.561	206.561	0 23046.5 1186.17 	24232.6	6.29273	6.55445	6700	670	0.0160909	0	2.04	1.02
206.8	0.00254639	0.000740324	15040.4	1050	105	14418.6	51.6731	51.6731	206.692	206.692	0 23045.1 1184.94 	24230	6.29252	6.55445	6700	670	0.0160756	0	2.04	1.02
207	0.00254642	0.000740376	15041.7	1050	105	14419.6	51.706	51.706	206.824	206.824	0 23043.7 1183.71 	24227.4	6.29232	6.55445	6700	670	0.0160603	0	2.04	1.02
207.2	0.00254645	0.000740428	15043	1050	105	14420.6	51.739	51.739	206.956	206.956	0 23042.3 1182.48 	24224.8	6.29211	6.55445	6700	670	0.0160451	0	2.04	1.02
207.4	0.00254647	0.00074048	15044.4	1050	105	14421.7	51.7721	51.7721	207.088	207.088	0 23041 1181.26 	24222.2	6.2919	6.55445	6700	670	0.0160299	0	2.04	1.02
207.6	0.0025465	0.000740533	15045.7	1050	105	14422.7	51.8052	51.8052	207.221	207.221	0 23039.6 1180.03 	24219.6	6.2917	6.55445	6700	670	0.0160148	0	2.04	1.02
207.8	0.00254653	0.000740585	15047	1050	105	14423.7	51.8383	51.8383	207.353	207.353	0 23038.2 1178.82 	24217	6.29149	6.55445	6700	670	0.0159997	0	2.04	1.02
208	0.00254656	0.000740637	15048.4	1050	105	14424.7	51.8715	51.8715	207.486	207.486	0 23036.8 1177.6 	24214.5	6.29129	6.55445	6700	670	0.0159846	0	2.04	1.02
208.2	0.00254659	0.000740689	15049.7	1050	105	14425.7	51.9048	51.9048	207.619	207.619	0 23035.5 1176.39 	24211.9	6.29108	6.55445	6700	670	0.0159696	0	2.04	1.02
208.4	0.00254661	0.000740741	15051.1	1050	105	14426.7	51.9381	51.9381	207.752	207.752	0 23034.1 1175.19 	24209.3	6.29088	6.55445	6700	670	0.0159546	0	2.04	1.02
208.6	0.00254664	0.000740793	15052.4	1050	105	14427.7	51.9714	51.9714	207.886	207.886	0 23032.7 1173.98 	24206.7	6.29067	6.55445	6700	670	0.0159397	0	2.04	1.02
208.8	0.00254667	0.000740845	15053.7	1050	105	14428.7	52.0048	52.0048	208.019	208.019	0 23031.4 1172.78 	24204.2	6.29047	6.55445	6700	670	0.0159248	0	2.04	1.02
209	0.0025467	0.000740897	15055	1050	105	14429.7	52.0382	52.0382	208.153	208.153	0 23030 1171.59 	24201.6	6.29027	6.55445	6700	670	0.01591	0	2.04	1.02
209.2	0.00254672	0.000740949	15056.4	1050	105	14430.7	52.0717	52.0717	208.287	208.287	0 23028.6 1170.39 	24199	6.29007	6.55445	6700	670	0.0158952	0	2.04	1.02
209.4	0.00254675	0.000741001	15057.7	1050	105	14431.7	52.1053	52.1053	208.421	208.421	0 23027.3 1169.2 	24196.5	6.28986	6.55445	6700	670	0.0158804	0	2.04	1.02
209.6	0.00254678	0.000741052	15059	1050	105	14432.6	52.1388	52.1388	208.555	208.555	0 23025.9 1168.02 	24193.9	6.28966	6.55445	6700	670	0.0158657	0	2.04	1.02
209.8	0.0025468	0.000741104	15060.4	1050	105	14433.6	52.1725	52.1725	208.69	208.69	0 23024.6 1166.84 	24191.4	6.28946	6.55445	6700	670	0.0158511	0	2.04	1.02
210	0.00254683	0.000741156	15061.7	1050	105	14434.6	52.2061	52.2061	208.824	208.824	0 23023.2 1165.66 	24188.8	6.28926	6.55445	6700	670	0.0158364	0	2.04	1.02
210.2	0.00254686	0.000741208	15063	1050	105	14435.6	52.2398	52.2398	208.959	208.959	0 23021.8 1164.48 	24186.3	6.28906	6.55445	6700	670	0.0158218	0	2.04	1.02
210.4	0.00254689	0.000741259	15064.3	1050	105	14436.6	52.2736	52.2736	209.094	209.094	0 23020.5 1163.31 	24183.8	6.28886	6.55445	6700	670	0.0158073	0	2.04	1.02
210.6	0.00254691	0.000741311	15065.7	1050	105	14437.6	52.3074	52.3074	209.23	209.23	0 23019.1 1162.14 	24181.3	6.28865	6.55445	6700	670	0.0157928	0	2.04	1.02
210.8	0.00254694	0.000741362	15067	1050	105	14438.6	52.3413	52.3413	209.365	209.365	0 23017.8 1160.97 	24178.7	6.28845	6.55445	6700	670	0.0157783	0	2.04	1.02
211	0.00254697	0.000741414	15068.3	1050	105	14439.5	52.3752	52.3752	209.501	209.501	0 23016.4 1159.81 	24176.2	6.28826	6.55445	6700	670	0.0157639	0	2.04	1.02
211.2	0.00254699	0.000741465	15069.6	1050	105	14440.5	52.4091	52.4091	209.637	209.637	0 23015 1158.65 	24173.7	6.28806	6.55445	6700	670	0.0157495	0	2.04	1.02
211.4	0.00254702	0.000741517	15070.9	1050	105	14441.5	52.4431	52.4431	209.773	209.773	0 23013.7 1157.5 	24171.2	6.28786	6.55445	6700	670	0.0157352	0	2.04	1.02
211.6	0.00254705	0.000741568	15072.2	1050	105	14442.5	52.4772	52.4772	209.909	209.909	0 23012.3 1156.34 	24168.7	6.28766	6.55445	6700	670	0.0157209	0	2.04	1.02
211.8	0.00254707	0.00074162	15073.6	1050	105	14443.5	52.5113	52.5113	210.045	210.045	0 23011 1155.19 	24166.2	6.28746	6.55445	6700	670	0.0157067	0	2.04	1.02
212	0.0025471	0.000741671	15074.9	1050	105	14444.4	52.5454	52.5454	210.182	210.182	0 23009.6 1154.05 	24163.7	6.28726	6.55445	6700	670	0.0156925	0	2.04	1.02
212.2	0.00254713	0.000741722	15076.2	1050	105	14445.4	52.5796	52.5796	210.319	210.319	0 23008.3 1152.91 	24161.2	6.28706	6.55445	6700	670	0.0156783	0	2.04	1.02
212.4	0.00254715	0.000741774	15077.5	1050	105	14446.4	52.6139	52.6139	210.455	210.455	0 23006.9 1151.77 	24158.7	6.28687	6.55445	6700	670	0.0156642	0	2.04	1.02
212.6	0.00254718	0.000741825	15078.8	1050	105	14447.3	52.6482	52.6482	210.593	210.593	0 23005.6 1150.63 	24156.2	6.28667	6.55445	6700	670	0.0156501	0	2.04	1.02
212.8	0.00254721	0.000741876	15080.1	1050	105	14448.3	52.6825	52.6825	210.73	210.73	0 23004.2 1149.5 	24153.7	6.28647	6.55445	6700	670	0.0156361	0	2.04	1.02
213	0.00254723	0.000741927	15081.4	1050	105	14449.3	52.7169	52.7169	210.867	210.867	0 23002.9 1148.37 	24151.3	6.28628	6.55445	6700	670	0.0156221	0	2.04	1.02
213.2	0.00254726	0.000741978	15082.7	1050	105	14450.2	52.7513	52.7513	211.005	211.005	0 23001.5 1147.25 	24148.8	6.28608	6.55445	6700	670	0.0156081	0	2.04	1.02
213.4	0.00254729	0.00074203	15084.1	1050	105	14451.2	52.7858	52.7858	211.143	211.143	0 23000.2 1146.12 	24146.3	6.28589	6.55445	6700	670	0.0155942	0	2.04	1.02
213.6	0.00254731	0.000742081	15085.4	1050	105	14452.2	52.8203	52.8203	211.281	211.281	0 22998.9 1145 	24143.9	6.28569	6.55445	6700	670	0.0155803	0	2.04	1.02
213.8	0.00254734	0.000742132	15086.7	1050	105	14453.1	52.8549	52.8549	211.42	211.42	0 22997.5 1143.89 	24141.4	6.28549	6.55445	6700	670	0.0155665	0	2.04	1.02
214	0.00254737	0.000742183	15088	1050	105	14454.1	52.8895	52.8895	211.558	211.558	0 22996.2 1142.78 	24138.9	6.2853	6.55445	6700	670	0.0155527	0	2.04	1.02
214.2	0.00254739	0.000742234	15089.3	1050	105	14455	52.9242	52.9242	211.697	211.697	0 22994.8 1141.67 	24136.5	6.28511	6.55445	6700	670	0.0155389	0	2.04	1.02
214.4	0.00254742	0.000742284	15090.6	1050	105	14456	52.9589	52.9589	211.836	211.836	0 22993.5 1140.56 	24134	6.28491	6.55445	6700	670	0.0155252	0	2.04	1.02
214.6	0.00254744	0.000742335	15091.9	1050	105	14456.9	52.9936	52.9936	211.975	211.975	0 22992.1 1139.46 	24131.6	6.28472	6.55445	6700	670	0.0155116	0	2.04	1.02
214.8	0.00254747	0.000742386	15093.2	1050	105	14457.9	53.0285	53.0285	212.114	212.114	0 22990.8 1138.36 	24129.2	6.28453	6.55445	6700	670	0.0154979	0	2.04	1.02
215	0.0025475	0.000742437	15094.5	1050	105	14458.8	53.0633	53.0633	212.253	212.253	0 22989.5 1137.26 	24126.7	6.28433	6.55445	6700	670	0.0154843	0	2.04	1.02
215.2	0.00254752	0.000742488	15095.8	1050	105	14459.8	53.0982	53.0982	212.393	212.393	0 22988.1 1136.17 	24124.3	6.28414	6.55445	6700	670	0.0154708	0	2.04	1.02
215.4	0.00254755	0.000742538	15097.1	1050	105	14460.7	53.1332	53.1332	212.533	212.533	0 22986.8 1135.08 	24121.9	6.28395	6.55445	6700	670	0.0154573	0	2.04	1.02
215.6	0.00254758	0.000742589	15098.4	1050	105	14461.7	53.1682	53.1682	212.673	212.673	0 22985.5 1134 	24119.5	6.28376	6.55445	6700	670	0.0154438	0	2.04	1.02
215.8	0.0025476	0.00074264	15099.7	1050	105	14462.6	53.2032	53.2032	212.813	212.813	0 22984.1 1132.91 	24117	6.28356	6.55445	6700	670	0.0154304	0	2.04	1.02
216	0.00254763	0.00074269	15100.9	1050	105	14463.6	53.2383	53.2383	212.953	212.953	0 22982.8 1131.84 	24114.6	6.28337	6.55445	6700	670	0.015417	0	2.04	1.02
216.2	0.00254765	0.000742741	15102.2	1050	105	14464.5	53.2735	53.2735	213.094	213.094	0 22981.5 1130.76 	24112.2	6.28318	6.55445	6700	670	0.0154037	0	2.04	1.02
216.4	0.00254768	0.000742791	15103.5	1050	105	14465.4	53.3087	53.3087	213.235	213.235	0 22980.1 1129.69 	24109.8	6.28299	6.55445	6700	670	0.0153904	0	2.04	1.02
216.6	0.0025477	0.000742842	15104.8	1050	105	14466.4	53.3439	53.3439	213.376	213.376	0 22978.8 1128.62 	24107.4	6.2828	6.55445	6700	670	0.0153771	0	2.04	1.02
216.8	0.00254773	0.000742892	15106.1	1050	105	14467.3	53.3792	53.3792	213.517	213.517	0 22977.5 1127.55 	24105	6.28261	6.55445	6700	670	0.0153639	0	2.04	1.02
217	0.00254776	0.000742943	15107.4	1050	105	14468.3	53.4145	53.4145	213.658	213.658	0 22976.1 1126.49 	24102.6	6.28242	6.55445	6700	670	0.0153507	0	2.04	1.02
217.2	0.00254778	0.000742993	15108.7	1050	105	14469.2	53.4499	53.4499	213.8	213.8	0 22974.8 1125.43 	24100.2	6.28223	6.55445	6700	670	0.0153376	0	2.04	1.02
217.4	0.00254781	0.000743043	15110	1050	105	14470.1	53.4854	53.4854	213.941	213.941	0 22973.5 1124.37 	24097.9	6.28204	6.55445	6700	670	0.0153245	0	2.04	1.02
217.6	0.00254783	0.000743094	15111.3	1050	105	14471	53.5208	53.5208	214.083	214.083	0 22972.2 1123.32 	24095.5	6.28186	6.55445	6700	670	0.0153114	0	2.04	1.02
217.8	0.00254786	0.000743144	15112.5	1050	105	14472	53.5564	53.5564	214.226	214.226	0 22970.8 1122.27 	24093.1	6.28167	6.55445	6700	670	0.0152984	0	2.04	1.02
218	0.00254788	0.000743194	15113.8	1050	105	14472.9	53.592	53.592	214.368	214.368	0 22969.5 1121.22 	24090.7	6.28148	6.55445	6700	670	0.0152854	0	2.04	1.02
218.2	0.00254791	0.000743244	15115.1	1050	105	14473.8	53.6276	53.6276	214.51	214.51	0 22968.2 1120.18 	24088.4	6.28129	6.55445	6700	670	0.0152725	0	2.04	1.02
218.4	0.00254793	0.000743294	15116.4	1050	105	14474.8	53.6633	53.6633	214.653	214.653	0 22966.9 1119.13 	24086	6.2811	6.55445	6700	670	0.0152596	0	2.04	1.02
218.6	0.00254796	0.000743345	15117.7	1050	105	14475.7	53.699	53.699	214.796	214.796	0 22965.6 1118.1 	24083.7	6.28092	6.55445	6700	670	0.0152468	0	2.04	1.02
218.8	0.00254798	0.000743395	15118.9	1050	105	14476.6	53.7348	53.7348	214.939	214.939	0 22964.2 1117.06 	24081.3	6.28073	6.55445	6700	670	0.0152339	0	2.04	1.02
219	0.00254801	0.000743445	15120.2	1050	105	14477.5	53.7706	53.7706	215.082	215.082	0 22962.9 1116.03 	24079	6.28054	6.55445	6700	670	0.0152212	0	2.04	1.02
219.2	0.00254803	0.000743495	15121.5	1050	105	14478.4	53.8064	53.8064	215.226	215.226	0 22961.6 1115 	24076.6	6.28036	6.55445	6700	670	0.0152084	0	2.04	1.02
219.4	0.00254806	0.000743545	15122.8	1050	105	14479.3	53.8424	53.8424	215.369	215.369	0 22960.3 1113.98 	24074.3	6.28017	6.55445	6700	670	0.0151957	0	2.04	1.02
219.6	0.00254808	0.000743594	15124	1050	105	14480.3	53.8783	53.8783	215.513	215.513	0 22959 1112.96 	24071.9	6.27999	6.55445	6700	670	0.0151831	0	2.04	1.02
219.8	0.00254811	0.000743644	15125.3	1050	105	14481.2	53.9143	53.9143	215.657	215.657	0 22957.7 1111.94 	24069.6	6.2798	6.55445	6700	670	0.0151705	0	2.04	1.02
220	0.00254813	0.000743694	15126.6	1050	105	14482.1	53.9504	53.9504	215.802	215.802	0 22956.3 1110.92 	24067.3	6.27962	6.55445	6700	670	0.0151579	0	2.04	1.02
220.2	0.00254816	0.000743744	15127.9	1050	105	14483	53.9865	53.9865	215.946	215.946	0 22955 1109.91 	24064.9	6.27943	6.55445	6700	670	0.0151453	0	2.04	1.02
220.4	0.00254818	0.000743794	15129.1	1050	105	14483.9	54.0227	54.0227	216.091	216.091	0 22953.7 1108.9 	24062.6	6.27925	6.55445	6700	670	0.0151328	0	2.04	1.02
220.6	0.00254821	0.000743843	15130.4	1050	105	14484.8	54.0589	54.0589	216.235	216.235	0 22952.4 1107.9 	24060.3	6.27907	6.55445	6700	670	0.0151204	0	2.04	1.02
220.8	0.00254823	0.000743893	15131.7	1050	105	14485.7	54.0951	54.0951	216.381	216.381	0 22951.1 1106.89 	24058	6.27888	6.55445	6700	670	0.015108	0	2.04	1.02
221	0.00254826	0.000743943	15132.9	1050	105	14486.6	54.1314	54.1314	216.526	216.526	0 22949.8 1105.89 	24055.7	6.2787	6.55445	6700	670	0.0150956	0	2.04	1.02
221.2	0.00254828	0.000743992	15134.2	1050	105	14487.5	54.1678	54.1678	216.671	216.671	0 22948.5 1104.9 	24053.4	6.27852	6.55445	6700	670	0.0150833	0	2.04	1.02
221.4	0.00254831	0.000744042	15135.5	1050	105	14488.4	54.2042	54.2042	216.817	216.817	0 22947.2 1103.9 	24051.1	6.27834	6.55445	6700	670	0.015071	0	2.04	1.02
221.6	0.00254833	0.000744091	15136.7	1050	105	14489.3	54.2406	54.2406	216.963	216.963	0 22945.9 1102.91 	24048.8	6.27815	6.55445	6700	670	0.0150587	0	2.04	1.02
221.8	0.00254836	0.000744141	15138	1050	105	14490.2	54.2771	54.2771	217.109	217.109	0 22944.6 1101.93 	24046.5	6.27797	6.55445	6700	670	0.0150465	0	2.04	1.02
222	0.00254838	0.00074419	15139.3	1050	105	14491.1	54.3137	54.3137	217.255	217.255	0 22943.3 1100.94 	24044.2	6.27779	6.55445	6700	670	0.0150343	0	2.04	1.02
222.2	0.00254841	0.00074424	15140.5	1050	105	14492	54.3503	54.3503	217.401	217.401	0 22942 1099.96 	24041.9	6.27761	6.55445	6700	670	0.0150221	0	2.04	1.02
222.4	0.00254843	0.000744289	15141.8	1050	105	14492.9	54.3869	54.3869	217.548	217.548	0 22940.7 1098.99 	24039.6	6.27743	6.55445	6700	670	0.01501	0	2.04	1.02
222.6	0.00254846	0.000744338	15143	1050	105	14493.8	54.4236	54.4236	217.694	217.694	0 22939.4 1098.01 	24037.4	6.27725	6.55445	6700	670	0.014998	0	2.04	1.02
222.8	0.00254848	0.000744388	15144.3	1050	105	14494.7	54.4603	54.4603	217.841	217.841	0 22938.1 1097.04 	24035.1	6.27707	6.55445	6700	670	0.0149859	0	2.04	1.02
223	0.0025485	0.000744437	15145.5	1050	105	14495.6	54.4971	54.4971	217.989	217.989	0 22936.8 1096.07 	24032.8	6.27689	6.55445	6700	670	0.014974	0	2.04	1.02
223.2	0.00254853	0.000744486	15146.8	1050	105	14496.5	54.534	54.534	218.136	218.136	0 22935.5 1095.11 	24030.6	6.27671	6.55445	6700	670	0.014962	0	2.04	1.02
223.4	0.00254855	0.000744535	15148	1050	105	14497.3	54.5709	54.5709	218.283	218.283	0 22934.2 1094.14 	24028.3	6.27653	6.55445	6700	670	0.0149501	0	2.04	1.02
223.6	0.00254858	0.000744585	15149.3	1050	105	14498.2	54.6078	54.6078	218.431	218.431	0 22932.9 1093.18 	24026.1	6.27635	6.55445	6700	670	0.0149382	0	2.04	1.02
223.8	0.0025486	0.000744634	15150.6	1050	105	14499.1	54.6448	54.6448	218.579	218.579	0 22931.6 1092.23 	24023.8	6.27617	6.55445	6700	670	0.0149264	0	2.04	1.02
224	0.00254862	0.000744683	15151.8	1050	105	14500	54.6818	54.6818	218.727	218.727	0 22930.3 1091.28 	24021.6	6.276	6.55445	6700	670	0.0149146	0	2.04	1.02
224.2	0.00254865	0.000744732	15153.1	1050	105	14500.9	54.7189	54.7189	218.876	218.876	0 22929 1090.33 	24019.3	6.27582	6.55445	6700	670	0.0149029	0	2.04	1.02
224.4	0.00254867	0.000744781	15154.3	1050	105	14501.7	54.756	54.756	219.024	219.024	0 22927.7 1089.38 	24017.1	6.27564	6.55445	6700	670	0.0148911	0	2.04	1.02
224.6	0.0025487	0.00074483	15155.5	1050	105	14502.6	54.7932	54.7932	219.173	219.173	0 22926.4 1088.43 	24014.8	6.27546	6.55445	6700	670	0.0148795	0	2.04	1.02
224.8	0.00254872	0.000744879	15156.8	1050	105	14503.5	54.8304	54.8304	219.322	219.322	0 22925.1 1087.49 	24012.6	6.27529	6.55445	6700	670	0.0148678	0	2.04	1.02
225	0.00254874	0.000744927	15158	1050	105	14504.4	54.8677	54.8677	219.471	219.471	0 22923.8 1086.56 	24010.4	6.27511	6.55445	6700	670	0.0148562	0	2.04	1.02
225.2	0.00254877	0.000744976	15159.3	1050	105	14505.2	54.905	54.905	219.62	219.62	0 22922.5 1085.62 	24008.2	6.27493	6.55445	6700	670	0.0148447	0	2.04	1.02
225.4	0.00254879	0.000745025	15160.5	1050	105	14506.1	54.9424	54.9424	219.77	219.77	0 22921.3 1084.69 	24005.9	6.27476	6.55445	6700	670	0.0148331	0	2.04	1.02
225.6	0.00254882	0.000745074	15161.8	1050	105	14507	54.9798	54.9798	219.919	219.919	0 22920 1083.76 	24003.7	6.27458	6.55445	6700	670	0.0148217	0	2.04	1.02
225.8	0.00254884	0.000745123	15163	1050	105	14507.8	55.0173	55.0173	220.069	220.069	0 22918.7 1082.84 	24001.5	6.27441	6.55445	6700	670	0.0148102	0	2.04	1.02
226	0.00254886	0.000745171	15164.3	1050	105	14508.7	55.0548	55.0548	220.219	220.219	0 22917.4 1081.91 	23999.3	6.27423	6.55445	6700	670	0.0147988	0	2.04	1.02
226.2	0.00254889	0.00074522	15165.5	1050	105	14509.6	55.0924	55.0924	220.37	220.37	0 22916.1 1080.99 	23997.1	6.27406	6.55445	6700	670	0.0147874	0	2.04	1.02
226.4	0.00254891	0.000745268	15166.7	1050	105	14510.4	55.13	55.13	220.52	220.52	0 22914.8 1080.08 	23994.9	6.27388	6.55445	6700	670	0.0147761	0	2.04	1.02
226.6	0.00254893	0.000745317	15168	1050	105	14511.3	55.1677	55.1677	220.671	220.671	0 22913.6 1079.16 	23992.7	6.27371	6.55445	6700	670	0.0147648	0	2.04	1.02
226.8	0.00254896	0.000745366	15169.2	1050	105	14512.1	55.2054	55.2054	220.822	220.822	0 22912.3 1078.25 	23990.5	6.27354	6.55445	6700	670	0.0147536	0	2.04	1.02
227	0.00254898	0.000745414	15170.4	1050	105	14513	55.2432	55.2432	220.973	220.973	0 22911 1077.35 	23988.3	6.27336	6.55445	6700	670	0.0147423	0	2.04	1.02
227.2	0.002549	0.000745463	15171.7	1050	105	14513.9	55.281	55.281	221.124	221.124	0 22909.7 1076.44 	23986.2	6.27319	6.55445	6700	670	0.0147312	0	2.04	1.02
227.4	0.00254903	0.000745511	15172.9	1050	105	14514.7	55.3188	55.3188	221.275	221.275	0 22908.4 1075.54 	23984	6.27302	6.55445	6700	670	0.01472	0	2.04	1.02
227.6	0.00254905	0.000745559	15174.1	1050	105	14515.6	55.3568	55.3568	221.427	221.427	0 22907.2 1074.64 	23981.8	6.27284	6.55445	6700	670	0.0147089	0	2.04	1.02
227.8	0.00254907	0.000745608	15175.4	1050	105	14516.4	55.3947	55.3947	221.579	221.579	0 22905.9 1073.75 	23979.6	6.27267	6.55445	6700	670	0.0146978	0	2.04	1.02
228	0.0025491	0.000745656	15176.6	1050	105	14517.3	55.4327	55.4327	221.731	221.731	0 22904.6 1072.85 	23977.5	6.2725	6.55445	6700	670	0.0146868	0	2.04	1.02
228.2	0.00254912	0.000745704	15177.8	1050	105	14518.1	55.4708	55.4708	221.883	221.883	0 22903.3 1071.96 	23975.3	6.27233	6.55445	6700	670	0.0146758	0	2.04	1.02
228.4	0.00254914	0.000745752	15179	1050	105	14519	55.5089	55.5089	222.036	222.036	0 22902.1 1071.08 	23973.1	6.27216	6.55445	6700	670	0.0146649	0	2.04	1.02
228.6	0.00254917	0.000745801	15180.3	1050	105	14519.8	55.5471	55.5471	222.188	222.188	0 22900.8 1070.19 	23971	6.27199	6.55445	6700	670	0.014654	0	2.04	1.02
228.8	0.00254919	0.000745849	15181.5	1050	105	14520.6	55.5853	55.5853	222.341	222.341	0 22899.5 1069.31 	23968.8	6.27182	6.55445	6700	670	0.0146431	0	2.04	1.02
229	0.00254921	0.000745897	15182.7	1050	105	14521.5	55.6235	55.6235	222.494	222.494	0 22898.2 1068.43 	23966.7	6.27165	6.55445	6700	670	0.0146322	0	2.04	1.02
229.2	0.00254924	0.000745945	15183.9	1050	105	14522.3	55.6618	55.6618	222.647	222.647	0 22897 1067.56 	23964.5	6.27148	6.55445	6700	670	0.0146214	0	2.04	1.02
229.4	0.00254926	0.000745993	15185.2	1050	105	14523.2	55.7002	55.7002	222.801	222.801	0 22895.7 1066.69 	23962.4	6.27131	6.55445	6700	670	0.0146107	0	2.04	1.02
229.6	0.00254928	0.000746041	15186.4	1050	105	14524	55.7386	55.7386	222.954	222.954	0 22894.4 1065.82 	23960.3	6.27114	6.55445	6700	670	0.0146	0	2.04	1.02
229.8	0.00254931	0.000746089	15187.6	1050	105	14524.8	55.7771	55.7771	223.108	223.108	0 22893.2 1064.95 	23958.1	6.27097	6.55445	6700	670	0.0145893	0	2.04	1.02
230	0.00254933	0.000746137	15188.8	1050	105	14525.7	55.8156	55.8156	223.262	223.262	0 22891.9 1064.09 	23956	6.2708	6.55445	6700	670	0.0145786	0	2.04	1.02
230.2	0.00254935	0.000746185	15190	1050	105	14526.5	55.8541	55.8541	223.417	223.417	0 22890.7 1063.23 	23953.9	6.27063	6.55445	6700	670	0.014568	0	2.04	1.02
230.4	0.00254937	0.000746232	15191.3	1050	105	14527.3	55.8927	55.8927	223.571	223.571	0 22889.4 1062.37 	23951.8	6.27046	6.55445	6700	670	0.0145574	0	2.04	1.02
230.6	0.0025494	0.00074628	15192.5	1050	105	14528.2	55.9314	55.9314	223.726	223.726	0 22888.1 1061.52 	23949.6	6.2703	6.55445	6700	670	0.0145469	0	2.04	1.02
230.8	0.00254942	0.000746328	15193.7	1050	105	14529	55.9701	55.9701	223.88	223.88	0 22886.9 1060.67 	23947.5	6.27013	6.55445	6700	670	0.0145364	0	2.04	1.02
231	0.00254944	0.000746376	15194.9	1050	105	14529.8	56.0089	56.0089	224.035	224.035	0 22885.6 1059.82 	23945.4	6.26996	6.55445	6700	670	0.0145259	0	2.04	1.02
231.2	0.00254946	0.000746423	15196.1	1050	105	14530.6	56.0477	56.0477	224.191	224.191	0 22884.3 1058.97 	23943.3	6.26979	6.55445	6700	670	0.0145155	0	2.04	1.02
231.4	0.00254949	0.000746471	15197.3	1050	105	14531.5	56.0865	56.0865	224.346	224.346	0 22883.1 1058.13 	23941.2	6.26963	6.55445	6700	670	0.0145051	0	2.04	1.02
231.6	0.00254951	0.000746519	15198.5	1050	105	14532.3	56.1254	56.1254	224.502	224.502	0 22881.8 1057.29 	23939.1	6.26946	6.55445	6700	670	0.0144947	0	2.04	1.02
231.8	0.00254953	0.000746566	15199.7	1050	105	14533.1	56.1644	56.1644	224.657	224.657	0 22880.6 1056.46 	23937	6.2693	6.55445	6700	670	0.0144844	0	2.04	1.02
232	0.00254955	0.000746614	15201	1050	105	14533.9	56.2034	56.2034	224.813	224.813	0 22879.3 1055.62 	23934.9	6.26913	6.55445	6700	670	0.0144741	0	2.04	1.02
232.2	0.00254958	0.000746661	15202.2	1050	105	14534.7	56.2424	56.2424	224.97	224.97	0 22878.1 1054.79 	23932.9	6.26897	6.55445	6700	670	0.0144639	0	2.04	1.02
232.4	0.0025496	0.000746709	15203.4	1050	105	14535.5	56.2815	56.2815	225.126	225.126	0 22876.8 1053.96 	23930.8	6.2688	6.55445	6700	670	0.0144537	0	2.04	1.02
232.6	0.00254962	0.000746756	15204.6	1050	105	14536.4	56.3207	56.3207	225.283	225.283	0 22875.6 1053.14 	23928.7	6.26864	6.55445	6700	670	0.0144435	0	2.04	1.02
232.8	0.00254964	0.000746804	15205.8	1050	105	14537.2	56.3599	56.3599	225.439	225.439	0 22874.3 1052.32 	23926.6	6.26847	6.55445	6700	670	0.0144334	0	2.04	1.02
233	0.00254967	0.000746851	15207	1050	105	14538	56.3991	56.3991	225.596	225.596	0 22873.1 1051.5 	23924.6	6.26831	6.55445	6700	670	0.0144233	0	2.04	1.02
233.2	0.00254969	0.000746898	15208.2	1050	105	14538.8	56.4384	56.4384	225.754	225.754	0 22871.8 1050.68 	23922.5	6.26814	6.55445	6700	670	0.0144132	0	2.04	1.02
233.4	0.00254971	0.000746945	15209.4	1050	105	14539.6	56.4778	56.4778	225.911	225.911	0 22870.6 1049.87 	23920.4	6.26798	6.55445	6700	670	0.0144032	0	2.04	1.02
233.6	0.00254973	0.000746993	15210.6	1050	105	14540.4	56.5172	56.5172	226.069	226.069	0 22869.3 1049.05 	23918.4	6.26782	6.55445	6700	670	0.0143932	0	2.04	1.02
233.8	0.00254975	0.00074704	15211.8	1050	105	14541.2	56.5566	56.5566	226.227	226.227	0 22868.1 1048.25 	23916.3	6.26765	6.55445	6700	670	0.0143832	0	2.04	1.02
234	0.00254978	0.000747087	15213	1050	105	14542	56.5961	56.5961	226.385	226.385	0 22866.8 1047.44 	23914.3	6.26749	6.55445	6700	670	0.0143733	0	2.04	1.02
234.2	0.0025498	0.000747134	15214.2	1050	105	14542.8	56.6357	56.6357	226.543	226.543	0 22865.6 1046.64 	23912.2	6.26733	6.55445	6700	670	0.0143634	0	2.04	1.02
234.4	0.00254982	0.000747181	15215.4	1050	105	14543.6	56.6753	56.6753	226.701	226.701	0 22864.3 1045.84 	23910.2	6.26717	6.55445	6700	670	0.0143536	0	2.04	1.02
234.6	0.00254984	0.000747228	15216.6	1050	105	14544.4	56.7149	56.7149	226.86	226.86	0 22863.1 1045.04 	23908.1	6.26701	6.55445	6700	670	0.0143438	0	2.04	1.02
234.8	0.00254986	0.000747275	15217.8	1050	105	14545.2	56.7546	56.7546	227.019	227.019	0 22861.8 1044.25 	23906.1	6.26685	6.55445	6700	670	0.014334	0	2.04	1.02
235	0.00254989	0.000747322	15218.9	1050	105	14546	56.7944	56.7944	227.178	227.178	0 22860.6 1043.46 	23904.1	6.26668	6.55445	6700	670	0.0143243	0	2.04	1.02
235.2	0.00254991	0.000747369	15220.1	1050	105	14546.8	56.8342	56.8342	227.337	227.337	0 22859.4 1042.67 	23902	6.26652	6.55445	6700	670	0.0143146	0	2.04	1.02
235.4	0.00254993	0.000747416	15221.3	1050	105	14547.6	56.874	56.874	227.496	227.496	0 22858.1 1041.89 	23900	6.26636	6.55445	6700	670	0.0143049	0	2.04	1.02
235.6	0.00254995	0.000747463	15222.5	1050	105	14548.4	56.9139	56.9139	227.656	227.656	0 22856.9 1041.1 	23898	6.2662	6.55445	6700	670	0.0142953	0	2.04	1.02
235.8	0.00254997	0.00074751	15223.7	1050	105	14549.2	56.9539	56.9539	227.816	227.816	0 22855.7 1040.32 	23896	6.26604	6.55445	6700	670	0.0142857	0	2.04	1.02
236	0.00254999	0.000747556	15224.9	1050	105	14550	56.9939	56.9939	227.976	227.976	0 22854.4 1039.55 	23894	6.26588	6.55445	6700	670	0.0142762	0	2.04	1.02
236.2	0.00255002	0.000747603	15226.1	1050	105	14550.7	57.0339	57.0339	228.136	228.136	0 22853.2 1038.77 	23892	6.26572	6.55445	6700	670	0.0142666	0	2.04	1.02
236.4	0.00255004	0.00074765	15227.3	1050	105	14551.5	57.074	57.074	228.296	228.296	0 22851.9 1038 	23890	6.26557	6.55445	6700	670	0.0142572	0	2.04	1.02
236.6	0.00255006	0.000747696	15228.4	1050	105	14552.3	57.1142	57.1142	228.457	228.457	0 22850.7 1037.23 	23887.9	6.26541	6.55445	6700	670	0.0142477	0	2.04	1.02
236.8	0.00255008	0.000747743	15229.6	1050	105	14553.1	57.1544	57.1544	228.618	228.618	0 22849.5 1036.47 	23886	6.26525	6.55445	6700	670	0.0142383	0	2.04	1.02
237	0.0025501	0.00074779	15230.8	1050	105	14553.9	57.1946	57.1946	228.779	228.779	0 22848.3 1035.71 	23884	6.26509	6.55445	6700	670	0.0142289	0	2.04	1.02
237.2	0.00255012	0.000747836	15232	1050	105	14554.6	57.2349	57.2349	228.94	228.94	0 22847 1034.95 	23882	6.26493	6.55445	6700	670	0.0142196	0	2.04	1.02
237.4	0.00255015	0.000747883	15233.2	1050	105	14555.4	57.2753	57.2753	229.101	229.101	0 22845.8 1034.19 	23880	6.26478	6.55445	6700	670	0.0142103	0	2.04	1.02
237.6	0.00255017	0.000747929	15234.3	1050	105	14556.2	57.3157	57.3157	229.263	229.263	0 22844.6 1033.43 	23878	6.26462	6.55445	6700	670	0.014201	0	2.04	1.02
237.8	0.00255019	0.000747976	15235.5	1050	105	14557	57.3562	57.3562	229.425	229.425	0 22843.3 1032.68 	23876	6.26446	6.55445	6700	670	0.0141918	0	2.04	1.02
238	0.00255021	0.000748022	15236.7	1050	105	14557.7	57.3967	57.3967	229.587	229.587	0 22842.1 1031.93 	23874	6.26431	6.55445	6700	670	0.0141826	0	2.04	1.02
238.2	0.00255023	0.000748068	15237.9	1050	105	14558.5	57.4372	57.4372	229.749	229.749	0 22840.9 1031.19 	23872.1	6.26415	6.55445	6700	670	0.0141734	0	2.04	1.02
238.4	0.00255025	0.000748115	15239	1050	105	14559.3	57.4778	57.4778	229.911	229.911	0 22839.7 1030.44 	23870.1	6.26399	6.55445	6700	670	0.0141643	0	2.04	1.02
238.6	0.00255027	0.000748161	15240.2	1050	105	14560	57.5185	57.5185	230.074	230.074	0 22838.4 1029.7 	23868.1	6.26384	6.55445	6700	670	0.0141552	0	2.04	1.02
238.8	0.00255029	0.000748207	15241.4	1050	105	14560.8	57.5592	57.5592	230.237	230.237	0 22837.2 1028.97 	23866.2	6.26368	6.55445	6700	670	0.0141462	0	2.04	1.02
239	0.00255031	0.000748253	15242.6	1050	105	14561.6	57.5999	57.5999	230.4	230.4	0 22836 1028.23 	23864.2	6.26353	6.55445	6700	670	0.0141371	0	2.04	1.02
239.2	0.00255034	0.000748299	15243.7	1050	105	14562.3	57.6407	57.6407	230.563	230.563	0 22834.8 1027.5 	23862.3	6.26337	6.55445	6700	670	0.0141282	0	2.04	1.02
239.4	0.00255036	0.000748346	15244.9	1050	105	14563.1	57.6816	57.6816	230.726	230.726	0 22833.6 1026.77 	23860.3	6.26322	6.55445	6700	670	0.0141192	0	2.04	1.02
239.6	0.00255038	0.000748392	15246.1	1050	105	14563.8	57.7225	57.7225	230.89	230.89	0 22832.3 1026.04 	23858.4	6.26306	6.55445	6700	670	0.0141103	0	2.04	1.02
239.8	0.0025504	0.000748438	15247.2	1050	105	14564.6	57.7635	57.7635	231.054	231.054	0 22831.1 1025.32 	23856.4	6.26291	6.55445	6700	670	0.0141014	0	2.04	1.02
240	0.00255042	0.000748484	15248.4	1050	105	14565.4	57.8045	57.8045	231.218	231.218	0 22829.9 1024.6 	23854.5	6.26276	6.55445	6700	670	0.0140926	0	2.04	1.02
240.2	0.00255044	0.00074853	15249.6	1050	105	14566.1	57.8455	57.8455	231.382	231.382	0 22828.7 1023.88 	23852.6	6.2626	6.55445	6700	670	0.0140838	0	2.04	1.02
240.4	0.00255046	0.000748576	15250.7	1050	105	14566.9	57.8867	57.8867	231.547	231.547	0 22827.5 1023.16 	23850.6	6.26245	6.55445	6700	670	0.014075	0	2.04	1.02
240.6	0.00255048	0.000748621	15251.9	1050	105	14567.6	57.9278	57.9278	231.711	231.711	0 22826.3 1022.45 	23848.7	6.2623	6.55445	6700	670	0.0140663	0	2.04	1.02
240.8	0.0025505	0.000748667	15253.1	1050	105	14568.4	57.969	57.969	231.876	231.876	0 22825 1021.74 	23846.8	6.26215	6.55445	6700	670	0.0140576	0	2.04	1.02
241	0.00255052	0.000748713	15254.2	1050	105	14569.1	58.0103	58.0103	232.041	232.041	0 22823.8 1021.03 	23844.9	6.26199	6.55445	6700	670	0.0140489	0	2.04	1.02
241.2	0.00255054	0.000748759	15255.4	1050	105	14569.9	58.0516	58.0516	232.206	232.206	0 22822.6 1020.33 	23842.9	6.26184	6.55445	6700	670	0.0140403	0	2.04	1.02
241.4	0.00255056	0.000748805	15256.5	1050	105	14570.6	58.093	58.093	232.372	232.372	0 22821.4 1019.62 	23841	6.26169	6.55445	6700	670	0.0140317	0	2.04	1.02
241.6	0.00255058	0.00074885	15257.7	1050	105	14571.4	58.1344	58.1344	232.538	232.538	0 22820.2 1018.92 	23839.1	6.26154	6.55445	6700	670	0.0140231	0	2.04	1.02
241.8	0.0025506	0.000748896	15258.9	1050	105	14572.1	58.1759	58.1759	232.703	232.703	0 22819 1018.23 	23837.2	6.26139	6.55445	6700	670	0.0140146	0	2.04	1.02
242	0.00255063	0.000748942	15260	1050	105	14572.8	58.2174	58.2174	232.87	232.87	0 22817.8 1017.53 	23835.3	6.26124	6.55445	6700	670	0.0140061	0	2.04	1.02
242.2	0.00255065	0.000748987	15261.2	1050	105	14573.6	58.2589	58.2589	233.036	233.036	0 22816.6 1016.84 	23833.4	6.26109	6.55445	6700	670	0.0139976	0	2.04	1.02
242.4	0.00255067	0.000749033	15262.3	1050	105	14574.3	58.3006	58.3006	233.202	233.202	0 22815.4 1016.15 	23831.5	6.26094	6.55445	6700	670	0.0139892	0	2.04	1.02
242.6	0.00255069	0.000749078	15263.5	1050	105	14575	58.3422	58.3422	233.369	233.369	0 22814.2 1015.47 	23829.6	6.26079	6.55445	6700	670	0.0139808	0	2.04	1.02
242.8	0.00255071	0.000749124	15264.6	1050	105	14575.8	58.384	58.384	233.536	233.536	0 22813 1014.78 	23827.7	6.26064	6.55445	6700	670	0.0139724	0	2.04	1.02
243	0.00255073	0.000749169	15265.8	1050	105	14576.5	58.4257	58.4257	233.703	233.703	0 22811.8 1014.1 	23825.9	6.26049	6.55445	6700	670	0.0139641	0	2.04	1.02
243.2	0.00255075	0.000749215	15266.9	1050	105	14577.2	58.4676	58.4676	233.87	233.87	0 22810.6 1013.42 	23824	6.26034	6.55445	6700	670	0.0139558	0	2.04	1.02
243.4	0.00255077	0.00074926	15268.1	1050	105	14578	58.5094	58.5094	234.038	234.038	0 22809.4 1012.75 	23822.1	6.26019	6.55445	6700	670	0.0139476	0	2.04	1.02
243.6	0.00255079	0.000749305	15269.2	1050	105	14578.7	58.5514	58.5514	234.205	234.205	0 22808.2 1012.08 	23820.2	6.26004	6.55445	6700	670	0.0139394	0	2.04	1.02
243.8	0.00255081	0.000749351	15270.4	1050	105	14579.4	58.5933	58.5933	234.373	234.373	0 22807 1011.41 	23818.4	6.2599	6.55445	6700	670	0.0139312	0	2.04	1.02
244	0.00255083	0.000749396	15271.5	1050	105	14580.2	58.6354	58.6354	234.541	234.541	0 22805.8 1010.74 	23816.5	6.25975	6.55445	6700	670	0.013923	0	2.04	1.02
244.2	0.00255085	0.000749441	15272.6	1050	105	14580.9	58.6774	58.6774	234.71	234.71	0 22804.6 1010.07 	23814.6	6.2596	6.55445	6700	670	0.0139149	0	2.04	1.02
244.4	0.00255087	0.000749486	15273.8	1050	105	14581.6	58.7196	58.7196	234.878	234.878	0 22803.4 1009.41 	23812.8	6.25945	6.55445	6700	670	0.0139068	0	2.04	1.02
244.6	0.00255089	0.000749531	15274.9	1050	105	14582.3	58.7618	58.7618	235.047	235.047	0 22802.2 1008.75 	23810.9	6.25931	6.55445	6700	670	0.0138988	0	2.04	1.02
244.8	0.00255091	0.000749577	15276.1	1050	105	14583	58.804	58.804	235.216	235.216	0 22801 1008.1 	23809.1	6.25916	6.55445	6700	670	0.0138908	0	2.04	1.02
245	0.00255093	0.000749622	15277.2	1050	105	14583.8	58.8463	58.8463	235.385	235.385	0 22799.8 1007.44 	23807.2	6.25901	6.55445	6700	670	0.0138828	0	2.04	1.02
245.2	0.00255095	0.000749667	15278.4	1050	105	14584.5	58.8886	58.8886	235.554	235.554	0 22798.6 1006.79 	23805.4	6.25887	6.55445	6700	670	0.0138749	0	2.04	1.02
245.4	0.00255097	0.000749712	15279.5	1050	105	14585.2	58.931	58.931	235.724	235.724	0 22797.4 1006.14 	23803.5	6.25872	6.55445	6700	670	0.013867	0	2.04	1.02
245.6	0.00255099	0.000749757	15280.6	1050	105	14585.9	58.9734	58.9734	235.894	235.894	0 22796.2 1005.49 	23801.7	6.25858	6.55445	6700	670	0.0138591	0	2.04	1.02
245.8	0.00255101	0.000749802	15281.8	1050	105	14586.6	59.0159	59.0159	236.064	236.064	0 22795 1004.85 	23799.9	6.25843	6.55445	6700	670	0.0138512	0	2.04	1.02
246	0.00255103	0.000749846	15282.9	1050	105	14587.3	59.0585	59.0585	236.234	236.234	0 22793.8 1004.21 	23798	6.25829	6.55445	6700	670	0.0138434	0	2.04	1.02
246.2	0.00255105	0.000749891	15284	1050	105	14588	59.1011	59.1011	236.404	236.404	0 22792.6 1003.57 	23796.2	6.25814	6.55445	6700	670	0.0138357	0	2.04	1.02
246.4	0.00255107	0.000749936	15285.2	1050	105	14588.7	59.1437	59.1437	236.575	236.575	0 22791.5 1002.94 	23794.4	6.258	6.55445	6700	670	0.0138279	0	2.04	1.02
246.6	0.00255109	0.000749981	15286.3	1050	105	14589.4	59.1864	59.1864	236.746	236.746	0 22790.3 1002.3 	23792.6	6.25785	6.55445	6700	670	0.0138202	0	2.04	1.02
246.8	0.0025511	0.000750026	15287.4	1050	105	14590.1	59.2292	59.2292	236.917	236.917	0 22789.1 1001.67 	23790.8	6.25771	6.55445	6700	670	0.0138125	0	2.04	1.02
247	0.00255112	0.00075007	15288.6	1050	105	14590.8	59.272	59.272	237.088	237.088	0 22787.9 1001.04 	23789	6.25757	6.55445	6700	670	0.0138049	0	2.04	1.02
247.2	0.00255114	0.000750115	15289.7	1050	105	14591.5	59.3148	59.3148	237.259	237.259	0 22786.7 1000.42 	23787.1	6.25742	6.55445	6700	670	0.0137973	0	2.04	1.02
247.4	0.00255116	0.00075016	15290.8	1050	105	14592.2	59.3577	59.3577	237.431	237.431	0 22785.5 999.796 	23785.3	6.25728	6.55445	6700	670	0.0137897	0	2.04	1.02
247.6	0.00255118	0.000750204	15291.9	1050	105	14592.9	59.4007	59.4007	237.603	237.603	0 22784.4 999.176 	23783.5	6.25714	6.55445	6700	670	0.0137822	0	2.04	1.02
247.8	0.0025512	0.000750249	15293.1	1050	105	14593.6	59.4437	59.4437	237.775	237.775	0 22783.2 998.558 	23781.7	6.25699	6.55445	6700	670	0.0137747	0	2.04	1.02
248	0.00255122	0.000750293	15294.2	1050	105	14594.3	59.4867	59.4867	237.947	237.947	0 22782 997.943 	23779.9	6.25685	6.55445	6700	670	0.0137672	0	2.04	1.02
248.2	0.00255124	0.000750338	15295.3	1050	105	14595	59.5299	59.5299	238.119	238.119	0 22780.8 997.331 	23778.2	6.25671	6.55445	6700	670	0.0137598	0	2.04	1.02
248.4	0.00255126	0.000750382	15296.4	1050	105	14595.7	59.573	59.573	238.292	238.292	0 22779.6 996.721 	23776.4	6.25657	6.55445	6700	670	0.0137524	0	2.04	1.02
248.6	0.00255128	0.000750426	15297.6	1050	105	14596.4	59.6162	59.6162	238.465	238.465	0 22778.5 996.114 	23774.6	6.25643	6.55445	6700	670	0.013745	0	2.04	1.02
248.8	0.0025513	0.000750471	15298.7	1050	105	14597.1	59.6595	59.6595	238.638	238.638	0 22777.3 995.509 	23772.8	6.25629	6.55445	6700	670	0.0137377	0	2.04	1.02
249	0.00255132	0.000750515	15299.8	1050	105	14597.8	59.7028	59.7028	238.811	238.811	0 22776.1 994.907 	23771	6.25615	6.55445	6700	670	0.0137304	0	2.04	1.02
249.2	0.00255134	0.000750559	15300.9	1050	105	14598.5	59.7462	59.7462	238.985	238.985	0 22774.9 994.308 	23769.3	6.25601	6.55445	6700	670	0.0137231	0	2.04	1.02
249.4	0.00255136	0.000750604	15302	1050	105	14599.1	59.7896	59.7896	239.158	239.158	0 22773.8 993.711 	23767.5	6.25587	6.55445	6700	670	0.0137158	0	2.04	1.02
249.6	0.00255137	0.000750648	15303.1	1050	105	14599.8	59.8331	59.8331	239.332	239.332	0 22772.6 993.117 	23765.7	6.25573	6.55445	6700	670	0.0137086	0	2.04	1.02
249.8	0.00255139	0.000750692	15304.3	1050	105	14600.5	59.8766	59.8766	239.506	239.506	0 22771.4 992.525 	23764	6.25559	6.55445	6700	670	0.0137015	0	2.04	1.02
250	0.00255141	0.000750736	15305.4	1050	105	14601.2	59.9202	59.9202	239.681	239.681	0 22770.3 991.935 	23762.2	6.25545	6.55445	6700	670	0.0136943	0	2.04	1.02
250.2	0.00255143	0.00075078	15306.5	1050	105	14601.9	59.9638	59.9638	239.855	239.855	0 22769.1 991.349 	23760.4	6.25531	6.55445	6700	670	0.0136872	0	2.04	1.02
250.4	0.00255145	0.000750824	15307.6	1050	105	14602.5	60.0075	60.0075	240.03	240.03	0 22767.9 990.765 	23758.7	6.25517	6.55445	6700	670	0.0136802	0	2.04	1.02
250.6	0.00255147	0.000750868	15308.7	1050	105	14603.2	60.0512	60.0512	240.205	240.205	0 22766.8 990.183 	23756.9	6.25503	6.55445	6700	670	0.0136731	0	2.04	1.02
250.8	0.00255149	0.000750912	15309.8	1050	105	14603.9	60.095	60.095	240.38	240.38	0 22765.6 989.604 	23755.2	6.25489	6.55445	6700	670	0.0136661	0	2.04	1.02
251	0.00255151	0.000750956	15310.9	1050	105	14604.5	60.1388	60.1388	240.555	240.555	0 22764.4 989.027 	23753.5	6.25475	6.55445	6700	670	0.0136591	0	2.04	1.02
251.2	0.00255153	0.000751	15312	1050	105	14605.2	60.1827	60.1827	240.731	240.731	0 22763.3 988.453 	23751.7	6.25462	6.55445	6700	670	0.0136522	0	2.04	1.02
251.4	0.00255154	0.000751044	15313.2	1050	105	14605.9	60.2267	60.2267	240.907	240.907	0 22762.1 987.882 	23750	6.25448	6.55445	6700	670	0.0136453	0	2.04	1.02
251.6	0.00255156	0.000751088	15314.3	1050	105	14606.5	60.2707	60.2707	241.083	241.083	0 22760.9 987.313 	23748.3	6.25434	6.55445	6700	670	0.0136384	0	2.04	1.02
251.8	0.00255158	0.000751132	15315.4	1050	105	14607.2	60.3147	60.3147	241.259	241.259	0 22759.8 986.746 	23746.5	6.25421	6.55445	6700	670	0.0136316	0	2.04	1.02
252	0.0025516	0.000751176	15316.5	1050	105	14607.9	60.3588	60.3588	241.435	241.435	0 22758.6 986.182 	23744.8	6.25407	6.55445	6700	670	0.0136248	0	2.04	1.02
252.2	0.00255162	0.000751219	15317.6	1050	105	14608.5	60.403	60.403	241.612	241.612	0 22757.5 985.621 	23743.1	6.25393	6.55445	6700	670	0.013618	0	2.04	1.02
252.4	0.00255164	0.000751263	15318.7	1050	105	14609.2	60.4472	60.4472	241.789	241.789	0 22756.3 985.062 	23741.4	6.2538	6.55445	6700	670	0.0136113	0	2.04	1.02
252.6	0.00255166	0.000751307	15319.8	1050	105	14609.9	60.4914	60.4914	241.966	241.966	0 22755.1 984.506 	23739.6	6.25366	6.55445	6700	670	0.0136045	0	2.04	1.02
252.8	0.00255167	0.00075135	15320.9	1050	105	14610.5	60.5357	60.5357	242.143	242.143	0 22754 983.952 	23737.9	6.25353	6.55445	6700	670	0.0135979	0	2.04	1.02
253	0.00255169	0.000751394	15322	1050	105	14611.2	60.5801	60.5801	242.32	242.32	0 22752.8 983.4 	23736.2	6.25339	6.55445	6700	670	0.0135912	0	2.04	1.02
253.2	0.00255171	0.000751437	15323.1	1050	105	14611.8	60.6245	60.6245	242.498	242.498	0 22751.7 982.852 	23734.5	6.25326	6.55445	6700	670	0.0135846	0	2.04	1.02
253.4	0.00255173	0.000751481	15324.2	1050	105	14612.5	60.669	60.669	242.676	242.676	0 22750.5 982.305 	23732.8	6.25312	6.55445	6700	670	0.013578	0	2.04	1.02
253.6	0.00255175	0.000751524	15325.3	1050	105	14613.1	60.7135	60.7135	242.854	242.854	0 22749.4 981.761 	23731.1	6.25299	6.55445	6700	670	0.0135715	0	2.04	1.02
253.8	0.00255177	0.000751568	15326.4	1050	105	14613.8	60.7581	60.7581	243.032	243.032	0 22748.2 981.22 	23729.4	6.25285	6.55445	6700	670	0.013565	0	2.04	1.02
254	0.00255178	0.000751611	15327.5	1050	105	14614.4	60.8027	60.8027	243.211	243.211	0 22747.1 980.681 	23727.7	6.25272	6.55445	6700	670	0.0135585	0	2.04	1.02
254.2	0.0025518	0.000751655	15328.5	1050	105	14615.1	60.8474	60.8474	243.389	243.389	0 22745.9 980.145 	23726.1	6.25258	6.55445	6700	670	0.013552	0	2.04	1.02
254.4	0.00255182	0.000751698	15329.6	1050	105	14615.7	60.8921	60.8921	243.568	243.568	0 22744.8 979.611 	23724.4	6.25245	6.55445	6700	670	0.0135456	0	2.04	1.02
254.6	0.00255184	0.000751741	15330.7	1050	105	14616.4	60.9369	60.9369	243.748	243.748	0 22743.6 979.079 	23722.7	6.25232	6.55445	6700	670	0.0135392	0	2.04	1.02
254.8	0.00255186	0.000751785	15331.8	1050	105	14617	60.9817	60.9817	243.927	243.927	0 22742.5 978.55 	23721	6.25219	6.55445	6700	670	0.0135329	0	2.04	1.02
255	0.00255187	0.000751828	15332.9	1050	105	14617.6	61.0266	61.0266	244.106	244.106	0 22741.3 978.024 	23719.3	6.25205	6.55445	6700	670	0.0135266	0	2.04	1.02
255.2	0.00255189	0.000751871	15334	1050	105	14618.3	61.0715	61.0715	244.286	244.286	0 22740.2 977.5 	23717.7	6.25192	6.55445	6700	670	0.0135203	0	2.04	1.02
255.4	0.00255191	0.000751914	15335.1	1050	105	14618.9	61.1165	61.1165	244.466	244.466	0 22739 976.978 	23716	6.25179	6.55445	6700	670	0.013514	0	2.04	1.02
255.6	0.00255193	0.000751957	15336.2	1050	105	14619.6	61.1616	61.1616	244.646	244.646	0 22737.9 976.459 	23714.3	6.25166	6.55445	6700	670	0.0135078	0	2.04	1.02
255.8	0.00255195	0.000752	15337.3	1050	105	14620.2	61.2067	61.2067	244.827	244.827	0 22736.7 975.942 	23712.7	6.25153	6.55445	6700	670	0.0135016	0	2.04	1.02
256	0.00255196	0.000752043	15338.3	1050	105	14620.8	61.2518	61.2518	245.007	245.007	0 22735.6 975.428 	23711	6.25139	6.55445	6700	670	0.0134954	0	2.04	1.02
256.2	0.00255198	0.000752086	15339.4	1050	105	14621.5	61.297	61.297	245.188	245.188	0 22734.5 974.916 	23709.4	6.25126	6.55445	6700	670	0.0134893	0	2.04	1.02
256.4	0.002552	0.000752129	15340.5	1050	105	14622.1	61.3423	61.3423	245.369	245.369	0 22733.3 974.407 	23707.7	6.25113	6.55445	6700	670	0.0134832	0	2.04	1.02
256.6	0.00255202	0.000752172	15341.6	1050	105	14622.7	61.3876	61.3876	245.55	245.55	0 22732.2 973.9 	23706.1	6.251	6.55445	6700	670	0.0134771	0	2.04	1.02
256.8	0.00255203	0.000752215	15342.7	1050	105	14623.3	61.4329	61.4329	245.732	245.732	0 22731 973.395 	23704.4	6.25087	6.55445	6700	670	0.0134711	0	2.04	1.02
257	0.00255205	0.000752258	15343.7	1050	105	14624	61.4784	61.4784	245.913	245.913	0 22729.9 972.893 	23702.8	6.25074	6.55445	6700	670	0.0134651	0	2.04	1.02
257.2	0.00255207	0.000752301	15344.8	1050	105	14624.6	61.5238	61.5238	246.095	246.095	0 22728.8 972.394 	23701.2	6.25061	6.55445	6700	670	0.0134591	0	2.04	1.02
257.4	0.00255209	0.000752344	15345.9	1050	105	14625.2	61.5694	61.5694	246.277	246.277	0 22727.6 971.897 	23699.5	6.25048	6.55445	6700	670	0.0134532	0	2.04	1.02
257.6	0.0025521	0.000752387	15347	1050	105	14625.8	61.6149	61.6149	246.46	246.46	0 22726.5 971.402 	23697.9	6.25036	6.55445	6700	670	0.0134473	0	2.04	1.02
257.8	0.00255212	0.000752429	15348.1	1050	105	14626.4	61.6606	61.6606	246.642	246.642	0 22725.4 970.91 	23696.3	6.25023	6.55445	6700	670	0.0134414	0	2.04	1.02
258	0.00255214	0.000752472	15349.1	1050	105	14627.1	61.7062	61.7062	246.825	246.825	0 22724.2 970.42 	23694.6	6.2501	6.55445	6700	670	0.0134356	0	2.04	1.02
258.2	0.00255216	0.000752515	15350.2	1050	105	14627.7	61.752	61.752	247.008	247.008	0 22723.1 969.932 	23693	6.24997	6.55445	6700	670	0.0134298	0	2.04	1.02
258.4	0.00255217	0.000752557	15351.3	1050	105	14628.3	61.7978	61.7978	247.191	247.191	0 22722 969.447 	23691.4	6.24984	6.55445	6700	670	0.013424	0	2.04	1.02
258.6	0.00255219	0.0007526	15352.3	1050	105	14628.9	61.8436	61.8436	247.374	247.374	0 22720.8 968.965 	23689.8	6.24971	6.55445	6700	670	0.0134183	0	2.04	1.02
258.8	0.00255221	0.000752642	15353.4	1050	105	14629.5	61.8895	61.8895	247.558	247.558	0 22719.7 968.484 	23688.2	6.24959	6.55445	6700	670	0.0134125	0	2.04	1.02
259	0.00255223	0.000752685	15354.5	1050	105	14630.1	61.9354	61.9354	247.742	247.742	0 22718.6 968.006 	23686.6	6.24946	6.55445	6700	670	0.0134069	0	2.04	1.02
259.2	0.00255224	0.000752727	15355.6	1050	105	14630.7	61.9814	61.9814	247.926	247.926	0 22717.4 967.531 	23685	6.24933	6.55445	6700	670	0.0134012	0	2.04	1.02
259.4	0.00255226	0.00075277	15356.6	1050	105	14631.3	62.0275	62.0275	248.11	248.11	0 22716.3 967.058 	23683.4	6.24921	6.55445	6700	670	0.0133956	0	2.04	1.02
259.6	0.00255228	0.000752812	15357.7	1050	105	14632	62.0736	62.0736	248.294	248.294	0 22715.2 966.587 	23681.8	6.24908	6.55445	6700	670	0.01339	0	2.04	1.02
259.8	0.0025523	0.000752855	15358.8	1050	105	14632.6	62.1197	62.1197	248.479	248.479	0 22714.1 966.119 	23680.2	6.24895	6.55445	6700	670	0.0133844	0	2.04	1.02
260	0.00255231	0.000752897	15359.8	1050	105	14633.2	62.166	62.166	248.664	248.664	0 22712.9 965.653 	23678.6	6.24883	6.55445	6700	670	0.0133789	0	2.04	1.02
260.2	0.00255233	0.000752939	15360.9	1050	105	14633.8	62.2122	62.2122	248.849	248.849	0 22711.8 965.19 	23677	6.2487	6.55445	6700	670	0.0133734	0	2.04	1.02
260.4	0.00255235	0.000752981	15361.9	1050	105	14634.4	62.2585	62.2585	249.034	249.034	0 22710.7 964.729 	23675.4	6.24858	6.55445	6700	670	0.0133679	0	2.04	1.02
260.6	0.00255236	0.000753024	15363	1050	105	14635	62.3049	62.3049	249.22	249.22	0 22709.6 964.27 	23673.8	6.24845	6.55445	6700	670	0.0133625	0	2.04	1.02
260.8	0.00255238	0.000753066	15364.1	1050	105	14635.6	62.3513	62.3513	249.405	249.405	0 22708.4 963.814 	23672.3	6.24833	6.55445	6700	670	0.0133571	0	2.04	1.02
261	0.0025524	0.000753108	15365.1	1050	105	14636.1	62.3978	62.3978	249.591	249.591	0 22707.3 963.36 	23670.7	6.2482	6.55445	6700	670	0.0133517	0	2.04	1.02
261.2	0.00255242	0.00075315	15366.2	1050	105	14636.7	62.4444	62.4444	249.777	249.777	0 22706.2 962.908 	23669.1	6.24808	6.55445	6700	670	0.0133464	0	2.04	1.02
261.4	0.00255243	0.000753192	15367.2	1050	105	14637.3	62.4909	62.4909	249.964	249.964	0 22705.1 962.459 	23667.5	6.24795	6.55445	6700	670	0.0133411	0	2.04	1.02
261.6	0.00255245	0.000753234	15368.3	1050	105	14637.9	62.5376	62.5376	250.15	250.15	0 22704 962.012 	23666	6.24783	6.55445	6700	670	0.0133358	0	2.04	1.02
261.8	0.00255247	0.000753276	15369.4	1050	105	14638.5	62.5843	62.5843	250.337	250.337	0 22702.9 961.568 	23664.4	6.24771	6.55445	6700	670	0.0133306	0	2.04	1.02
262	0.00255248	0.000753318	15370.4	1050	105	14639.1	62.631	62.631	250.524	250.524	0 22701.7 961.126 	23662.9	6.24758	6.55445	6700	670	0.0133254	0	2.04	1.02
262.2	0.0025525	0.00075336	15371.5	1050	105	14639.7	62.6778	62.6778	250.711	250.711	0 22700.6 960.686 	23661.3	6.24746	6.55445	6700	670	0.0133202	0	2.04	1.02
262.4	0.00255252	0.000753402	15372.5	1050	105	14640.3	62.7247	62.7247	250.899	250.899	0 22699.5 960.248 	23659.8	6.24734	6.55445	6700	670	0.013315	0	2.04	1.02
262.6	0.00255253	0.000753444	15373.6	1050	105	14640.9	62.7716	62.7716	251.086	251.086	0 22698.4 959.813 	23658.2	6.24721	6.55445	6700	670	0.0133099	0	2.04	1.02
262.8	0.00255255	0.000753486	15374.6	1050	105	14641.4	62.8186	62.8186	251.274	251.274	0 22697.3 959.381 	23656.7	6.24709	6.55445	6700	670	0.0133048	0	2.04	1.02
263	0.00255257	0.000753528	15375.7	1050	105	14642	62.8656	62.8656	251.462	251.462	0 22696.2 958.95 	23655.1	6.24697	6.55445	6700	670	0.0132997	0	2.04	1.02
263.2	0.00255258	0.000753569	15376.7	1050	105	14642.6	62.9126	62.9126	251.651	251.651	0 22695.1 958.522 	23653.6	6.24685	6.55445	6700	670	0.0132947	0	2.04	1.02
263.4	0.0025526	0.000753611	15377.8	1050	105	14643.2	62.9598	62.9598	251.839	251.839	0 22694 958.097 	23652	6.24673	6.55445	6700	670	0.0132897	0	2.04	1.02
263.6	0.00255262	0.000753653	15378.8	1050	105	14643.7	63.0069	63.0069	252.028	252.028	0 22692.8 957.673 	23650.5	6.24661	6.55445	6700	670	0.0132848	0	2.04	1.02
263.8	0.00255263	0.000753694	15379.9	1050	105	14644.3	63.0542	63.0542	252.217	252.217	0 22691.7 957.252 	23649	6.24648	6.55445	6700	670	0.0132798	0	2.04	1.02
264	0.00255265	0.000753736	15380.9	1050	105	14644.9	63.1015	63.1015	252.406	252.406	0 22690.6 956.833 	23647.5	6.24636	6.55445	6700	670	0.0132749	0	2.04	1.02
264.2	0.00255266	0.000753778	15381.9	1050	105	14645.5	63.1488	63.1488	252.595	252.595	0 22689.5 956.417 	23645.9	6.24624	6.55445	6700	670	0.01327	0	2.04	1.02
264.4	0.00255268	0.000753819	15383	1050	105	14646	63.1962	63.1962	252.785	252.785	0 22688.4 956.003 	23644.4	6.24612	6.55445	6700	670	0.0132652	0	2.04	1.02
264.6	0.0025527	0.000753861	15384	1050	105	14646.6	63.2436	63.2436	252.975	252.975	0 22687.3 955.591 	23642.9	6.246	6.55445	6700	670	0.0132604	0	2.04	1.02
264.8	0.00255271	0.000753902	15385.1	1050	105	14647.2	63.2912	63.2912	253.165	253.165	0 22686.2 955.182 	23641.4	6.24588	6.55445	6700	670	0.0132556	0	2.04	1.02
265	0.00255273	0.000753944	15386.1	1050	105	14647.7	63.3387	63.3387	253.355	253.355	0 22685.1 954.775 	23639.9	6.24576	6.55445	6700	670	0.0132508	0	2.04	1.02
265.2	0.00255275	0.000753985	15387.2	1050	105	14648.3	63.3863	63.3863	253.545	253.545	0 22684 954.37 	23638.4	6.24564	6.55445	6700	670	0.0132461	0	2.04	1.02
265.4	0.00255276	0.000754027	15388.2	1050	105	14648.9	63.434	63.434	253.736	253.736	0 22682.9 953.968 	23636.9	6.24553	6.55445	6700	670	0.0132414	0	2.04	1.02
265.6	0.00255278	0.000754068	15389.2	1050	105	14649.4	63.4817	63.4817	253.927	253.927	0 22681.8 953.567 	23635.4	6.24541	6.55445	6700	670	0.0132368	0	2.04	1.02
265.8	0.00255279	0.000754109	15390.3	1050	105	14650	63.5295	63.5295	254.118	254.118	0 22680.7 953.17 	23633.9	6.24529	6.55445	6700	670	0.0132321	0	2.04	1.02
266	0.00255281	0.00075415	15391.3	1050	105	14650.5	63.5773	63.5773	254.309	254.309	0 22679.6 952.774 	23632.4	6.24517	6.55445	6700	670	0.0132275	0	2.04	1.02
266.2	0.00255283	0.000754192	15392.3	1050	105	14651.1	63.6252	63.6252	254.501	254.501	0 22678.5 952.381 	23630.9	6.24505	6.55445	6700	670	0.013223	0	2.04	1.02
266.4	0.00255284	0.000754233	15393.4	1050	105	14651.6	63.6731	63.6731	254.692	254.692	0 22677.4 951.99 	23629.4	6.24493	6.55445	6700	670	0.0132184	0	2.04	1.02
266.6	0.00255286	0.000754274	15394.4	1050	105	14652.2	63.7211	63.7211	254.884	254.884	0 22676.3 951.601 	23627.9	6.24482	6.55445	6700	670	0.0132139	0	2.04	1.02
266.8	0.00255288	0.000754315	15395.4	1050	105	14652.7	63.7692	63.7692	255.077	255.077	0 22675.2 951.215 	23626.4	6.2447	6.55445	6700	670	0.0132094	0	2.04	1.02
267	0.00255289	0.000754356	15396.5	1050	105	14653.3	63.8173	63.8173	255.269	255.269	0 22674.1 950.831 	23625	6.24458	6.55445	6700	670	0.013205	0	2.04	1.02
267.2	0.00255291	0.000754397	15397.5	1050	105	14653.8	63.8654	63.8654	255.462	255.462	0 22673 950.449 	23623.5	6.24447	6.55445	6700	670	0.0132006	0	2.04	1.02
267.4	0.00255292	0.000754438	15398.5	1050	105	14654.4	63.9136	63.9136	255.654	255.654	0 22671.9 950.069 	23622	6.24435	6.55445	6700	670	0.0131962	0	2.04	1.02
267.6	0.00255294	0.000754479	15399.6	1050	105	14654.9	63.9619	63.9619	255.848	255.848	0 22670.8 949.692 	23620.5	6.24423	6.55445	6700	670	0.0131918	0	2.04	1.02
267.8	0.00255295	0.00075452	15400.6	1050	105	14655.5	64.0102	64.0102	256.041	256.041	0 22669.8 949.317 	23619.1	6.24412	6.55445	6700	670	0.0131875	0	2.04	1.02
268	0.00255297	0.000754561	15401.6	1050	105	14656	64.0586	64.0586	256.234	256.234	0 22668.7 948.944 	23617.6	6.244	6.55445	6700	670	0.0131832	0	2.04	1.02
268.2	0.00255299	0.000754602	15402.6	1050	105	14656.6	64.107	64.107	256.428	256.428	0 22667.6 948.574 	23616.2	6.24389	6.55445	6700	670	0.0131789	0	2.04	1.02
268.4	0.002553	0.000754643	15403.7	1050	105	14657.1	64.1555	64.1555	256.622	256.622	0 22666.5 948.206 	23614.7	6.24377	6.55445	6700	670	0.0131747	0	2.04	1.02
268.6	0.00255302	0.000754684	15404.7	1050	105	14657.6	64.204	64.204	256.816	256.816	0 22665.4 947.84 	23613.2	6.24366	6.55445	6700	670	0.0131705	0	2.04	1.02
268.8	0.00255303	0.000754725	15405.7	1050	105	14658.2	64.2526	64.2526	257.01	257.01	0 22664.3 947.476 	23611.8	6.24354	6.55445	6700	670	0.0131663	0	2.04	1.02
269	0.00255305	0.000754766	15406.7	1050	105	14658.7	64.3013	64.3013	257.205	257.205	0 22663.2 947.114 	23610.3	6.24343	6.55445	6700	670	0.0131621	0	2.04	1.02
269.2	0.00255306	0.000754806	15407.7	1050	105	14659.2	64.35	64.35	257.4	257.4	0 22662.1 946.755 	23608.9	6.24331	6.55445	6700	670	0.013158	0	2.04	1.02
269.4	0.00255308	0.000754847	15408.8	1050	105	14659.8	64.3987	64.3987	257.595	257.595	0 22661.1 946.398 	23607.5	6.2432	6.55445	6700	670	0.0131539	0	2.04	1.02
269.6	0.0025531	0.000754888	15409.8	1050	105	14660.3	64.4475	64.4475	257.79	257.79	0 22660 946.044 	23606	6.24308	6.55445	6700	670	0.0131499	0	2.04	1.02
269.8	0.00255311	0.000754928	15410.8	1050	105	14660.8	64.4964	64.4964	257.986	257.986	0 22658.9 945.691 	23604.6	6.24297	6.55445	6700	670	0.0131458	0	2.04	1.02
270	0.00255313	0.000754969	15411.8	1050	105	14661.4	64.5453	64.5453	258.181	258.181	0 22657.8 945.341 	23603.2	6.24286	6.55445	6700	670	0.0131418	0	2.04	1.02
270.2	0.00255314	0.000755009	15412.8	1050	105	14661.9	64.5943	64.5943	258.377	258.377	0 22656.7 944.993 	23601.7	6.24274	6.55445	6700	670	0.0131379	0	2.04	1.02
270.4	0.00255316	0.00075505	15413.8	1050	105	14662.4	64.6433	64.6433	258.573	258.573	0 22655.7 944.648 	23600.3	6.24263	6.55445	6700	670	0.0131339	0	2.04	1.02
270.6	0.00255317	0.00075509	15414.9	1050	105	14662.9	64.6924	64.6924	258.77	258.77	0 22654.6 944.304 	23598.9	6.24252	6.55445	6700	670	0.01313	0	2.04	1.02
270.8	0.00255319	0.000755131	15415.9	1050	105	14663.5	64.7415	64.7415	258.966	258.966	0 22653.5 943.963 	23597.5	6.24241	6.55445	6700	670	0.0131261	0	2.04	1.02
271	0.0025532	0.000755171	15416.9	1050	105	14664	64.7907	64.7907	259.163	259.163	0 22652.4 943.624 	23596	6.24229	6.55445	6700	670	0.0131223	0	2.04	1.02
271.2	0.00255322	0.000755212	15417.9	1050	105	14664.5	64.84	64.84	259.36	259.36	0 22651.3 943.287 	23594.6	6.24218	6.55445	6700	670	0.0131184	0	2.04	1.02
271.4	0.00255323	0.000755252	15418.9	1050	105	14665	64.8893	64.8893	259.557	259.557	0 22650.3 942.953 	23593.2	6.24207	6.55445	6700	670	0.0131146	0	2.04	1.02
271.6	0.00255325	0.000755292	15419.9	1050	105	14665.5	64.9386	64.9386	259.755	259.755	0 22649.2 942.62 	23591.8	6.24196	6.55445	6700	670	0.0131109	0	2.04	1.02
271.8	0.00255326	0.000755333	15420.9	1050	105	14666	64.9881	64.9881	259.952	259.952	0 22648.1 942.29 	23590.4	6.24185	6.55445	6700	670	0.0131072	0	2.04	1.02
272	0.00255328	0.000755373	15421.9	1050	105	14666.6	65.0375	65.0375	260.15	260.15	0 22647 941.962 	23589	6.24174	6.55445	6700	670	0.0131034	0	2.04	1.02
272.2	0.00255329	0.000755413	15422.9	1050	105	14667.1	65.087	65.087	260.348	260.348	0 22646 941.637 	23587.6	6.24163	6.55445	6700	670	0.0130998	0	2.04	1.02
272.4	0.00255331	0.000755453	15423.9	1050	105	14667.6	65.1366	65.1366	260.547	260.547	0 22644.9 941.313 	23586.2	6.24152	6.55445	6700	670	0.0130961	0	2.04	1.02
272.6	0.00255332	0.000755494	15424.9	1050	105	14668.1	65.1863	65.1863	260.745	260.745	0 22643.8 940.992 	23584.8	6.24141	6.55445	6700	670	0.0130925	0	2.04	1.02
272.8	0.00255334	0.000755534	15425.9	1050	105	14668.6	65.236	65.236	260.944	260.944	0 22642.8 940.673 	23583.4	6.2413	6.55445	6700	670	0.0130889	0	2.04	1.02
273	0.00255335	0.000755574	15427	1050	105	14669.1	65.2857	65.2857	261.143	261.143	0 22641.7 940.356 	23582.1	6.24119	6.55445	6700	670	0.0130854	0	2.04	1.02
273.2	0.00255337	0.000755614	15428	1050	105	14669.6	65.3355	65.3355	261.342	261.342	0 22640.6 940.041 	23580.7	6.24108	6.55445	6700	670	0.0130818	0	2.04	1.02
273.4	0.00255338	0.000755654	15429	1050	105	14670.1	65.3854	65.3854	261.541	261.541	0 22639.6 939.729 	23579.3	6.24097	6.55445	6700	670	0.0130783	0	2.04	1.02
273.6	0.0025534	0.000755694	15430	1050	105	14670.6	65.4353	65.4353	261.741	261.741	0 22638.5 939.418 	23577.9	6.24086	6.55445	6700	670	0.0130749	0	2.04	1.02
273.8	0.00255341	0.000755734	15431	1050	105	14671.1	65.4852	65.4852	261.941	261.941	0 22637.4 939.11 	23576.5	6.24075	6.55445	6700	670	0.0130714	0	2.04	1.02
274	0.00255343	0.000755774	15432	1050	105	14671.6	65.5353	65.5353	262.141	262.141	0 22636.4 938.805 	23575.2	6.24064	6.55445	6700	670	0.013068	0	2.04	1.02
274.2	0.00255344	0.000755814	15432.9	1050	105	14672.1	65.5853	65.5853	262.341	262.341	0 22635.3 938.501 	23573.8	6.24053	6.55445	6700	670	0.0130646	0	2.04	1.02
274.4	0.00255346	0.000755854	15433.9	1050	105	14672.6	65.6355	65.6355	262.542	262.542	0 22634.2 938.199 	23572.4	6.24043	6.55445	6700	670	0.0130613	0	2.04	1.02
274.6	0.00255347	0.000755893	15434.9	1050	105	14673.1	65.6857	65.6857	262.743	262.743	0 22633.2 937.9 	23571.1	6.24032	6.55445	6700	670	0.0130579	0	2.04	1.02
274.8	0.00255349	0.000755933	15435.9	1050	105	14673.6	65.7359	65.7359	262.944	262.944	0 22632.1 937.603 	23569.7	6.24021	6.55445	6700	670	0.0130546	0	2.04	1.02
275	0.0025535	0.000755973	15436.9	1050	105	14674.1	65.7862	65.7862	263.145	263.145	0 22631.1 937.308 	23568.4	6.2401	6.55445	6700	670	0.0130514	0	2.04	1.02
275.2	0.00255352	0.000756013	15437.9	1050	105	14674.6	65.8366	65.8366	263.346	263.346	0 22630 937.015 	23567	6.24	6.55445	6700	670	0.0130481	0	2.04	1.02
275.4	0.00255353	0.000756052	15438.9	1050	105	14675	65.887	65.887	263.548	263.548	0 22628.9 936.724 	23565.7	6.23989	6.55445	6700	670	0.0130449	0	2.04	1.02
275.6	0.00255355	0.000756092	15439.9	1050	105	14675.5	65.9374	65.9374	263.75	263.75	0 22627.9 936.436 	23564.3	6.23978	6.55445	6700	670	0.0130418	0	2.04	1.02
275.8	0.00255356	0.000756132	15440.9	1050	105	14676	65.988	65.988	263.952	263.952	0 22626.8 936.15 	23563	6.23968	6.55445	6700	670	0.0130386	0	2.04	1.02
276	0.00255357	0.000756171	15441.9	1050	105	14676.5	66.0385	66.0385	264.154	264.154	0 22625.8 935.865 	23561.6	6.23957	6.55445	6700	670	0.0130355	0	2.04	1.02
276.2	0.00255359	0.000756211	15442.9	1050	105	14677	66.0892	66.0892	264.357	264.357	0 22624.7 935.583 	23560.3	6.23947	6.55445	6700	670	0.0130324	0	2.04	1.02
276.4	0.0025536	0.00075625	15443.9	1050	105	14677.5	66.1399	66.1399	264.559	264.559	0 22623.6 935.304 	23559	6.23936	6.55445	6700	670	0.0130293	0	2.04	1.02
276.6	0.00255362	0.00075629	15444.8	1050	105	14677.9	66.1906	66.1906	264.762	264.762	0 22622.6 935.026 	23557.6	6.23925	6.55445	6700	670	0.0130263	0	2.04	1.02
276.8	0.00255363	0.000756329	15445.8	1050	105	14678.4	66.2414	66.2414	264.966	264.966	0 22621.5 934.75 	23556.3	6.23915	6.55445	6700	670	0.0130233	0	2.04	1.02
277	0.00255365	0.000756369	15446.8	1050	105	14678.9	66.2923	66.2923	265.169	265.169	0 22620.5 934.477 	23555	6.23904	6.55445	6700	670	0.0130203	0	2.04	1.02
277.2	0.00255366	0.000756408	15447.8	1050	105	14679.4	66.3432	66.3432	265.373	265.373	0 22619.4 934.206 	23553.6	6.23894	6.55445	6700	670	0.0130173	0	2.04	1.02
277.4	0.00255367	0.000756448	15448.8	1050	105	14679.8	66.3942	66.3942	265.577	265.577	0 22618.4 933.937 	23552.3	6.23884	6.55445	6700	670	0.0130144	0	2.04	1.02
277.6	0.00255369	0.000756487	15449.8	1050	105	14680.3	66.4452	66.4452	265.781	265.781	0 22617.3 933.67 	23551	6.23873	6.55445	6700	670	0.0130115	0	2.04	1.02
277.8	0.0025537	0.000756526	15450.7	1050	105	14680.8	66.4963	66.4963	265.985	265.985	0 22616.3 933.405 	23549.7	6.23863	6.55445	6700	670	0.0130087	0	2.04	1.02
278	0.00255372	0.000756565	15451.7	1050	105	14681.3	66.5474	66.5474	266.19	266.19	0 22615.2 933.142 	23548.4	6.23852	6.55445	6700	670	0.0130058	0	2.04	1.02
278.2	0.00255373	0.000756605	15452.7	1050	105	14681.7	66.5986	66.5986	266.394	266.394	0 22614.2 932.882 	23547.1	6.23842	6.55445	6700	670	0.013003	0	2.04	1.02
278.4	0.00255375	0.000756644	15453.7	1050	105	14682.2	66.6499	66.6499	266.599	266.599	0 22613.1 932.623 	23545.8	6.23832	6.55445	6700	670	0.0130002	0	2.04	1.02
278.6	0.00255376	0.000756683	15454.7	1050	105	14682.7	66.7012	66.7012	266.805	266.805	0 22612.1 932.367 	23544.5	6.23821	6.55445	6700	670	0.0129975	0	2.04	1.02
278.8	0.00255377	0.000756722	15455.6	1050	105	14683.1	66.7525	66.7525	267.01	267.01	0 22611 932.113 	23543.2	6.23811	6.55445	6700	670	0.0129948	0	2.04	1.02
279	0.00255379	0.000756761	15456.6	1050	105	14683.6	66.804	66.804	267.216	267.216	0 22610 931.861 	23541.9	6.23801	6.55445	6700	670	0.0129921	0	2.04	1.02
279.2	0.0025538	0.0007568	15457.6	1050	105	14684	66.8554	66.8554	267.422	267.422	0 22609 931.611 	23540.6	6.23791	6.55445	6700	670	0.0129894	0	2.04	1.02
279.4	0.00255382	0.000756839	15458.6	1050	105	14684.5	66.907	66.907	267.628	267.628	0 22607.9 931.363 	23539.3	6.2378	6.55445	6700	670	0.0129868	0	2.04	1.02
279.6	0.00255383	0.000756879	15459.5	1050	105	14685	66.9585	66.9585	267.834	267.834	0 22606.9 931.118 	23538	6.2377	6.55445	6700	670	0.0129842	0	2.04	1.02
279.8	0.00255384	0.000756917	15460.5	1050	105	14685.4	67.0102	67.0102	268.041	268.041	0 22605.8 930.874 	23536.7	6.2376	6.55445	6700	670	0.0129816	0	2.04	1.02
280	0.00255386	0.000756956	15461.5	1050	105	14685.9	67.0619	67.0619	268.248	268.248	0 22604.8 930.633 	23535.4	6.2375	6.55445	6700	670	0.012979	0	2.04	1.02
280.2	0.00255387	0.000756995	15462.5	1050	105	14686.3	67.1137	67.1137	268.455	268.455	0 22603.8 930.393 	23534.1	6.2374	6.55445	6700	670	0.0129765	0	2.04	1.02
280.4	0.00255388	0.000757034	15463.4	1050	105	14686.8	67.1655	67.1655	268.662	268.662	0 22602.7 930.156 	23532.9	6.2373	6.55445	6700	670	0.012974	0	2.04	1.02
280.6	0.0025539	0.000757073	15464.4	1050	105	14687.2	67.2173	67.2173	268.869	268.869	0 22601.7 929.921 	23531.6	6.2372	6.55445	6700	670	0.0129716	0	2.04	1.02
280.8	0.00255391	0.000757112	15465.4	1050	105	14687.7	67.2693	67.2693	269.077	269.077	0 22600.6 929.688 	23530.3	6.2371	6.55445	6700	670	0.0129691	0	2.04	1.02
281	0.00255393	0.000757151	15466.3	1050	105	14688.1	67.3213	67.3213	269.285	269.285	0 22599.6 929.457 	23529.1	6.237	6.55445	6700	670	0.0129667	0	2.04	1.02
281.2	0.00255394	0.000757189	15467.3	1050	105	14688.6	67.3733	67.3733	269.493	269.493	0 22598.6 929.228 	23527.8	6.2369	6.55445	6700	670	0.0129643	0	2.04	1.02
281.4	0.00255395	0.000757228	15468.3	1050	105	14689	67.4254	67.4254	269.702	269.702	0 22597.5 929.001 	23526.5	6.2368	6.55445	6700	670	0.012962	0	2.04	1.02
281.6	0.00255397	0.000757267	15469.2	1050	105	14689.4	67.4775	67.4775	269.91	269.91	0 22596.5 928.777 	23525.3	6.2367	6.55445	6700	670	0.0129596	0	2.04	1.02
281.8	0.00255398	0.000757306	15470.2	1050	105	14689.9	67.5298	67.5298	270.119	270.119	0 22595.5 928.554 	23524	6.2366	6.55445	6700	670	0.0129573	0	2.04	1.02
282	0.00255399	0.000757344	15471.1	1050	105	14690.3	67.582	67.582	270.328	270.328	0 22594.4 928.334 	23522.8	6.2365	6.55445	6700	670	0.0129551	0	2.04	1.02
282.2	0.00255401	0.000757383	15472.1	1050	105	14690.8	67.6343	67.6343	270.537	270.537	0 22593.4 928.115 	23521.5	6.2364	6.55445	6700	670	0.0129528	0	2.04	1.02
282.4	0.00255402	0.000757421	15473.1	1050	105	14691.2	67.6867	67.6867	270.747	270.747	0 22592.4 927.899 	23520.3	6.2363	6.55445	6700	670	0.0129506	0	2.04	1.02
282.6	0.00255403	0.00075746	15474	1050	105	14691.6	67.7392	67.7392	270.957	270.957	0 22591.3 927.685 	23519	6.2362	6.55445	6700	670	0.0129484	0	2.04	1.02
282.8	0.00255405	0.000757498	15475	1050	105	14692.1	67.7917	67.7917	271.167	271.167	0 22590.3 927.473 	23517.8	6.2361	6.55445	6700	670	0.0129463	0	2.04	1.02
283	0.00255406	0.000757537	15475.9	1050	105	14692.5	67.8442	67.8442	271.377	271.377	0 22589.3 927.263 	23516.5	6.23601	6.55445	6700	670	0.0129441	0	2.04	1.02
283.2	0.00255407	0.000757575	15476.9	1050	105	14692.9	67.8968	67.8968	271.587	271.587	0 22588.2 927.055 	23515.3	6.23591	6.55445	6700	670	0.012942	0	2.04	1.02
283.4	0.00255409	0.000757614	15477.9	1050	105	14693.4	67.9495	67.9495	271.798	271.798	0 22587.2 926.849 	23514.1	6.23581	6.55445	6700	670	0.01294	0	2.04	1.02
283.6	0.0025541	0.000757652	15478.8	1050	105	14693.8	68.0022	68.0022	272.009	272.009	0 22586.2 926.645 	23512.8	6.23571	6.55445	6700	670	0.0129379	0	2.04	1.02
283.8	0.00255411	0.000757691	15479.8	1050	105	14694.2	68.055	68.055	272.22	272.22	0 22585.2 926.443 	23511.6	6.23562	6.55445	6700	670	0.0129359	0	2.04	1.02
284	0.00255413	0.000757729	15480.7	1050	105	14694.6	68.1078	68.1078	272.431	272.431	0 22584.1 926.243 	23510.4	6.23552	6.55445	6700	670	0.0129339	0	2.04	1.02
284.2	0.00255414	0.000757767	15481.7	1050	105	14695.1	68.1607	68.1607	272.643	272.643	0 22583.1 926.046 	23509.2	6.23542	6.55445	6700	670	0.0129319	0	2.04	1.02
284.4	0.00255415	0.000757805	15482.6	1050	105	14695.5	68.2137	68.2137	272.855	272.855	0 22582.1 925.85 	23507.9	6.23533	6.55445	6700	670	0.01293	0	2.04	1.02
284.6	0.00255417	0.000757844	15483.6	1050	105	14695.9	68.2667	68.2667	273.067	273.067	0 22581.1 925.657 	23506.7	6.23523	6.55445	6700	670	0.0129281	0	2.04	1.02
284.8	0.00255418	0.000757882	15484.5	1050	105	14696.3	68.3197	68.3197	273.279	273.279	0 22580 925.465 	23505.5	6.23513	6.55445	6700	670	0.0129262	0	2.04	1.02
285	0.00255419	0.00075792	15485.5	1050	105	14696.8	68.3729	68.3729	273.491	273.491	0 22579 925.276 	23504.3	6.23504	6.55445	6700	670	0.0129244	0	2.04	1.02
285.2	0.00255421	0.000757958	15486.4	1050	105	14697.2	68.426	68.426	273.704	273.704	0 22578 925.088 	23503.1	6.23494	6.55445	6700	670	0.0129225	0	2.04	1.02
285.4	0.00255422	0.000757996	15487.4	1050	105	14697.6	68.4793	68.4793	273.917	273.917	0 22577 924.903 	23501.9	6.23485	6.55445	6700	670	0.0129207	0	2.04	1.02
285.6	0.00255423	0.000758034	15488.3	1050	105	14698	68.5326	68.5326	274.13	274.13	0 22576 924.72 	23500.7	6.23475	6.55445	6700	670	0.012919	0	2.04	1.02
285.8	0.00255425	0.000758072	15489.3	1050	105	14698.4	68.5859	68.5859	274.344	274.344	0 22574.9 924.538 	23499.5	6.23466	6.55445	6700	670	0.0129172	0	2.04	1.02
286	0.00255426	0.00075811	15490.2	1050	105	14698.8	68.6393	68.6393	274.557	274.557	0 22573.9 924.359 	23498.3	6.23456	6.55445	6700	670	0.0129155	0	2.04	1.02
286.2	0.00255427	0.000758148	15491.2	1050	105	14699.2	68.6928	68.6928	274.771	274.771	0 22572.9 924.182 	23497.1	6.23447	6.55445	6700	670	0.0129138	0	2.04	1.02
286.4	0.00255428	0.000758186	15492.1	1050	105	14699.6	68.7463	68.7463	274.985	274.985	0 22571.9 924.007 	23495.9	6.23437	6.55445	6700	670	0.0129122	0	2.04	1.02
286.6	0.0025543	0.000758224	15493	1050	105	14700	68.7999	68.7999	275.2	275.2	0 22570.9 923.834 	23494.7	6.23428	6.55445	6700	670	0.0129105	0	2.04	1.02
286.8	0.00255431	0.000758262	15494	1050	105	14700.5	68.8535	68.8535	275.414	275.414	0 22569.9 923.663 	23493.5	6.23419	6.55445	6700	670	0.0129089	0	2.04	1.02
287	0.00255432	0.0007583	15494.9	1050	105	14700.9	68.9072	68.9072	275.629	275.629	0 22568.8 923.494 	23492.3	6.23409	6.55445	6700	670	0.0129073	0	2.04	1.02
287.2	0.00255433	0.000758338	15495.9	1050	105	14701.3	68.961	68.961	275.844	275.844	0 22567.8 923.326 	23491.2	6.234	6.55445	6700	670	0.0129058	0	2.04	1.02
287.4	0.00255435	0.000758376	15496.8	1050	105	14701.7	69.0148	69.0148	276.059	276.059	0 22566.8 923.161 	23490	6.23391	6.55445	6700	670	0.0129043	0	2.04	1.02
287.6	0.00255436	0.000758413	15497.7	1050	105	14702.1	69.0687	69.0687	276.275	276.275	0 22565.8 922.998 	23488.8	6.23381	6.55445	6700	670	0.0129028	0	2.04	1.02
287.8	0.00255437	0.000758451	15498.7	1050	105	14702.5	69.1226	69.1226	276.49	276.49	0 22564.8 922.838 	23487.6	6.23372	6.55445	6700	670	0.0129013	0	2.04	1.02
288	0.00255439	0.000758489	15499.6	1050	105	14702.9	69.1766	69.1766	276.706	276.706	0 22563.8 922.679 	23486.5	6.23363	6.55445	6700	670	0.0128999	0	2.04	1.02
288.2	0.0025544	0.000758527	15500.6	1050	105	14703.3	69.2306	69.2306	276.922	276.922	0 22562.8 922.522 	23485.3	6.23354	6.55445	6700	670	0.0128984	0	2.04	1.02
288.4	0.00255441	0.000758564	15501.5	1050	105	14703.6	69.2847	69.2847	277.139	277.139	0 22561.8 922.367 	23484.1	6.23344	6.55445	6700	670	0.0128971	0	2.04	1.02
288.6	0.00255442	0.000758602	15502.4	1050	105	14704	69.3389	69.3389	277.355	277.355	0 22560.8 922.214 	23483	6.23335	6.55445	6700	670	0.0128957	0	2.04	1.02
288.8	0.00255444	0.000758639	15503.4	1050	105	14704.4	69.3931	69.3931	277.572	277.572	0 22559.8 922.063 	23481.8	6.23326	6.55445	6700	670	0.0128944	0	2.04	1.02
289	0.00255445	0.000758677	15504.3	1050	105	14704.8	69.4474	69.4474	277.789	277.789	0 22558.8 921.914 	23480.7	6.23317	6.55445	6700	670	0.0128931	0	2.04	1.02
289.2	0.00255446	0.000758714	15505.2	1050	105	14705.2	69.5017	69.5017	278.007	278.007	0 22557.7 921.767 	23479.5	6.23308	6.55445	6700	670	0.0128918	0	2.04	1.02
289.4	0.00255447	0.000758752	15506.2	1050	105	14705.6	69.5561	69.5561	278.224	278.224	0 22556.7 921.622 	23478.4	6.23299	6.55445	6700	670	0.0128905	0	2.04	1.02
289.6	0.00255449	0.000758789	15507.1	1050	105	14706	69.6105	69.6105	278.442	278.442	0 22555.7 921.479 	23477.2	6.2329	6.55445	6700	670	0.0128893	0	2.04	1.02
289.8	0.0025545	0.000758827	15508	1050	105	14706.4	69.665	69.665	278.66	278.66	0 22554.7 921.338 	23476.1	6.23281	6.55445	6700	670	0.0128881	0	2.04	1.02
290	0.00255451	0.000758864	15508.9	1050	105	14706.7	69.7196	69.7196	278.878	278.878	0 22553.7 921.199 	23474.9	6.23272	6.55445	6700	670	0.0128869	0	2.04	1.02
290.2	0.00255452	0.000758902	15509.9	1050	105	14707.1	69.7742	69.7742	279.097	279.097	0 22552.7 921.062 	23473.8	6.23263	6.55445	6700	670	0.0128858	0	2.04	1.02
290.4	0.00255453	0.000758939	15510.8	1050	105	14707.5	69.8289	69.8289	279.316	279.316	0 22551.7 920.928 	23472.7	6.23254	6.55445	6700	670	0.0128847	0	2.04	1.02
290.6	0.00255455	0.000758976	15511.7	1050	105	14707.9	69.8836	69.8836	279.535	279.535	0 22550.7 920.795 	23471.5	6.23245	6.55445	6700	670	0.0128836	0	2.04	1.02
290.8	0.00255456	0.000759014	15512.7	1050	105	14708.3	69.9384	69.9384	279.754	279.754	0 22549.7 920.664 	23470.4	6.23236	6.55445	6700	670	0.0128825	0	2.04	1.02
291	0.00255457	0.000759051	15513.6	1050	105	14708.6	69.9933	69.9933	279.973	279.973	0 22548.7 920.535 	23469.3	6.23227	6.55445	6700	670	0.0128815	0	2.04	1.02
291.2	0.00255458	0.000759088	15514.5	1050	105	14709	70.0482	70.0482	280.193	280.193	0 22547.7 920.408 	23468.1	6.23218	6.55445	6700	670	0.0128805	0	2.04	1.02
291.4	0.0025546	0.000759125	15515.4	1050	105	14709.4	70.1032	70.1032	280.413	280.413	0 22546.7 920.283 	23467	6.23209	6.55445	6700	670	0.0128795	0	2.04	1.02
291.6	0.00255461	0.000759162	15516.3	1050	105	14709.8	70.1582	70.1582	280.633	280.633	0 22545.7 920.16 	23465.9	6.232	6.55445	6700	670	0.0128785	0	2.04	1.02
291.8	0.00255462	0.0007592	15517.3	1050	105	14710.1	70.2133	70.2133	280.853	280.853	0 22544.7 920.039 	23464.8	6.23191	6.55445	6700	670	0.0128776	0	2.04	1.02
292	0.00255463	0.000759237	15518.2	1050	105	14710.5	70.2684	70.2684	281.074	281.074	0 22543.7 919.919 	23463.7	6.23182	6.55445	6700	670	0.0128767	0	2.04	1.02
292.2	0.00255464	0.000759274	15519.1	1050	105	14710.9	70.3236	70.3236	281.294	281.294	0 22542.7 919.802 	23462.5	6.23174	6.55445	6700	670	0.0128758	0	2.04	1.02
292.4	0.00255466	0.000759311	15520	1050	105	14711.2	70.3789	70.3789	281.516	281.516	0 22541.7 919.687 	23461.4	6.23165	6.55445	6700	670	0.012875	0	2.04	1.02
292.6	0.00255467	0.000759348	15520.9	1050	105	14711.6	70.4342	70.4342	281.737	281.737	0 22540.8 919.574 	23460.3	6.23156	6.55445	6700	670	0.0128741	0	2.04	1.02
292.8	0.00255468	0.000759385	15521.9	1050	105	14712	70.4896	70.4896	281.958	281.958	0 22539.8 919.463 	23459.2	6.23147	6.55445	6700	670	0.0128733	0	2.04	1.02
293	0.00255469	0.000759422	15522.8	1050	105	14712.3	70.545	70.545	282.18	282.18	0 22538.8 919.353 	23458.1	6.23139	6.55445	6700	670	0.0128726	0	2.04	1.02
293.2	0.0025547	0.000759459	15523.7	1050	105	14712.7	70.6005	70.6005	282.402	282.402	0 22537.8 919.246 	23457	6.2313	6.55445	6700	670	0.0128718	0	2.04	1.02
293.4	0.00255472	0.000759496	15524.6	1050	105	14713	70.6561	70.6561	282.624	282.624	0 22536.8 919.141 	23455.9	6.23121	6.55445	6700	670	0.0128711	0	2.04	1.02
293.6	0.00255473	0.000759533	15525.5	1050	105	14713.4	70.7117	70.7117	282.847	282.847	0 22535.8 919.037 	23454.8	6.23113	6.55445	6700	670	0.0128704	0	2.04	1.02
293.8	0.00255474	0.000759569	15526.4	1050	105	14713.8	70.7673	70.7673	283.069	283.069	0 22534.8 918.936 	23453.7	6.23104	6.55445	6700	670	0.0128698	0	2.04	1.02
294	0.00255475	0.000759606	15527.3	1050	105	14714.1	70.8231	70.8231	283.292	283.292	0 22533.8 918.836 	23452.7	6.23096	6.55445	6700	670	0.0128691	0	2.04	1.02
294.2	0.00255476	0.000759643	15528.3	1050	105	14714.5	70.8789	70.8789	283.515	283.515	0 22532.8 918.739 	23451.6	6.23087	6.55445	6700	670	0.0128685	0	2.04	1.02
294.4	0.00255477	0.00075968	15529.2	1050	105	14714.8	70.9347	70.9347	283.739	283.739	0 22531.8 918.643 	23450.5	6.23078	6.55445	6700	670	0.0128679	0	2.04	1.02
294.6	0.00255479	0.000759717	15530.1	1050	105	14715.2	70.9906	70.9906	283.962	283.962	0 22530.9 918.55 	23449.4	6.2307	6.55445	6700	670	0.0128674	0	2.04	1.02
294.8	0.0025548	0.000759753	15531	1050	105	14715.5	71.0466	71.0466	284.186	284.186	0 22529.9 918.458 	23448.3	6.23061	6.55445	6700	670	0.0128668	0	2.04	1.02
295	0.00255481	0.00075979	15531.9	1050	105	14715.9	71.1026	71.1026	284.41	284.41	0 22528.9 918.368 	23447.3	6.23053	6.55445	6700	670	0.0128663	0	2.04	1.02
295.2	0.00255482	0.000759827	15532.8	1050	105	14716.2	71.1587	71.1587	284.635	284.635	0 22527.9 918.28 	23446.2	6.23044	6.55445	6700	670	0.0128658	0	2.04	1.02
295.4	0.00255483	0.000759863	15533.7	1050	105	14716.6	71.2148	71.2148	284.859	284.859	0 22526.9 918.194 	23445.1	6.23036	6.55445	6700	670	0.0128654	0	2.04	1.02
295.6	0.00255484	0.0007599	15534.6	1050	105	14716.9	71.271	71.271	285.084	285.084	0 22525.9 918.11 	23444	6.23027	6.55445	6700	670	0.012865	0	2.04	1.02
295.8	0.00255486	0.000759936	15535.5	1050	105	14717.2	71.3273	71.3273	285.309	285.309	0 22525 918.028 	23443	6.23019	6.55445	6700	670	0.0128646	0	2.04	1.02
296	0.00255487	0.000759973	15536.4	1050	105	14717.6	71.3836	71.3836	285.534	285.534	0 22524 917.948 	23441.9	6.23011	6.55445	6700	670	0.0128642	0	2.04	1.02
296.2	0.00255488	0.000760009	15537.3	1050	105	14717.9	71.44	71.44	285.76	285.76	0 22523 917.87 	23440.9	6.23002	6.55445	6700	670	0.0128638	0	2.04	1.02
296.4	0.00255489	0.000760046	15538.2	1050	105	14718.3	71.4964	71.4964	285.986	285.986	0 22522 917.794 	23439.8	6.22994	6.55445	6700	670	0.0128635	0	2.04	1.02
296.6	0.0025549	0.000760082	15539.1	1050	105	14718.6	71.5529	71.5529	286.212	286.212	0 22521 917.72 	23438.8	6.22986	6.55445	6700	670	0.0128632	0	2.04	1.02
296.8	0.00255491	0.000760119	15540	1050	105	14718.9	71.6095	71.6095	286.438	286.438	0 22520.1 917.647 	23437.7	6.22977	6.55445	6700	670	0.012863	0	2.04	1.02
297	0.00255492	0.000760155	15540.9	1050	105	14719.3	71.6661	71.6661	286.664	286.664	0 22519.1 917.577 	23436.7	6.22969	6.55445	6700	670	0.0128627	0	2.04	1.02
297.2	0.00255494	0.000760191	15541.8	1050	105	14719.6	71.7228	71.7228	286.891	286.891	0 22518.1 917.508 	23435.6	6.22961	6.55445	6700	670	0.0128625	0	2.04	1.02
297.4	0.00255495	0.000760228	15542.7	1050	105	14719.9	71.7795	71.7795	287.118	287.118	0 22517.1 917.441 	23434.6	6.22953	6.55445	6700	670	0.0128623	0	2.04	1.02
297.6	0.00255496	0.000760264	15543.6	1050	105	14720.3	71.8363	71.8363	287.345	287.345	0 22516.1 917.377 	23433.5	6.22944	6.55445	6700	670	0.0128621	0	2.04	1.02
297.8	0.00255497	0.0007603	15544.5	1050	105	14720.6	71.8931	71.8931	287.573	287.573	0 22515.2 917.314 	23432.5	6.22936	6.55445	6700	670	0.012862	0	2.04	1.02
298	0.00255498	0.000760337	15545.4	1050	105	14720.9	71.95	71.95	287.8	287.8	0 22514.2 917.253 	23431.4	6.22928	6.55445	6700	670	0.0128619	0	2.04	1.02
298.2	0.00255499	0.000760373	15546.3	1050	105	14721.2	72.007	72.007	288.028	288.028	0 22513.2 917.194 	23430.4	6.2292	6.55445	6700	670	0.0128618	0	2.04	1.02
298.4	0.002555	0.000760409	15547.2	1050	105	14721.6	72.064	72.064	288.256	288.256	0 22512.2 917.137 	23429.4	6.22912	6.55445	6700	670	0.0128617	0	2.04	1.02
298.6	0.00255501	0.000760445	15548.1	1050	105	14721.9	72.1211	72.1211	288.484	288.484	0 22511.3 917.082 	23428.4	6.22903	6.55445	6700	670	0.0128617	0	2.04	1.02
298.8	0.00255502	0.000760481	15549	1050	105	14722.2	72.1783	72.1783	288.713	288.713	0 22510.3 917.028 	23427.3	6.22895	6.55445	6700	670	0.0128617	0	2.04	1.02
299	0.00255504	0.000760517	15549.9	1050	105	14722.5	72.2355	72.2355	288.942	288.942	0 22509.3 916.977 	23426.3	6.22887	6.55445	6700	670	0.0128617	0	2.04	1.02
299.2	0.00255505	0.000760554	15550.8	1050	105	14722.9	72.2927	72.2927	289.171	289.171	0 22508.4 916.927 	23425.3	6.22879	6.55445	6700	670	0.0128618	0	2.04	1.02
299.4	0.00255506	0.00076059	15551.7	1050	105	14723.2	72.3501	72.3501	289.4	289.4	0 22507.4 916.88 	23424.3	6.22871	6.55445	6700	670	0.0128618	0	2.04	1.02
299.6	0.00255507	0.000760626	15552.6	1050	105	14723.5	72.4075	72.4075	289.63	289.63	0 22506.4 916.834 	23423.3	6.22863	6.55445	6700	670	0.0128619	0	2.04	1.02
299.8	0.00255508	0.000760662	15553.5	1050	105	14723.8	72.4649	72.4649	289.86	289.86	0 22505.4 916.79 	23422.2	6.22855	6.55445	6700	670	0.012862	0	2.04	1.02
300	0.00255509	0.000760698	15554.3	1050	105	14724.1	72.5224	72.5224	290.09	290.09	0 22504.5 916.748 	23421.2	6.22847	6.55445	6700	670	0.0128622	0	2.04	1.02
300.2	0.0025551	0.000760734	15555.2	1050	105	14724.4	72.58	72.58	290.32	290.32	0 22503.5 916.708 	23420.2	6.22839	6.55445	6700	670	0.0128624	0	2.04	1.02
300.4	0.00255511	0.000760769	15556.1	1050	105	14724.7	72.6376	72.6376	290.55	290.55	0 22502.5 916.67 	23419.2	6.22831	6.55445	6700	670	0.0128626	0	2.04	1.02
300.6	0.00255512	0.000760805	15557	1050	105	14725.1	72.6953	72.6953	290.781	290.781	0 22501.6 916.634 	23418.2	6.22823	6.55445	6700	670	0.0128628	0	2.04	1.02
300.8	0.00255513	0.000760841	15557.9	1050	105	14725.4	72.753	72.753	291.012	291.012	0 22500.6 916.599 	23417.2	6.22815	6.55445	6700	670	0.012863	0	2.04	1.02
301	0.00255514	0.000760877	15558.8	1050	105	14725.7	72.8108	72.8108	291.243	291.243	0 22499.7 916.567 	23416.2	6.22808	6.55445	6700	670	0.0128633	0	2.04	1.02
301.2	0.00255516	0.000760913	15559.7	1050	105	14726	72.8687	72.8687	291.475	291.475	0 22498.7 916.536 	23415.2	6.228	6.55445	6700	670	0.0128636	0	2.04	1.02
301.4	0.00255517	0.000760949	15560.5	1050	105	14726.3	72.9266	72.9266	291.706	291.706	0 22497.7 916.508 	23414.2	6.22792	6.55445	6700	670	0.0128639	0	2.04	1.02
301.6	0.00255518	0.000760984	15561.4	1050	105	14726.6	72.9846	72.9846	291.938	291.938	0 22496.8 916.481 	23413.2	6.22784	6.55445	6700	670	0.0128643	0	2.04	1.02
301.8	0.00255519	0.00076102	15562.3	1050	105	14726.9	73.0426	73.0426	292.171	292.171	0 22495.8 916.456 	23412.3	6.22776	6.55445	6700	670	0.0128647	0	2.04	1.02
302	0.0025552	0.000761056	15563.2	1050	105	14727.2	73.1008	73.1008	292.403	292.403	0 22494.8 916.432 	23411.3	6.22769	6.55445	6700	670	0.0128651	0	2.04	1.02
302.2	0.00255521	0.000761091	15564.1	1050	105	14727.5	73.1589	73.1589	292.636	292.636	0 22493.9 916.411 	23410.3	6.22761	6.55445	6700	670	0.0128655	0	2.04	1.02
302.4	0.00255522	0.000761127	15564.9	1050	105	14727.8	73.2171	73.2171	292.869	292.869	0 22492.9 916.392 	23409.3	6.22753	6.55445	6700	670	0.012866	0	2.04	1.02
302.6	0.00255523	0.000761163	15565.8	1050	105	14728.1	73.2754	73.2754	293.102	293.102	0 22492 916.374 	23408.3	6.22745	6.55445	6700	670	0.0128664	0	2.04	1.02
302.8	0.00255524	0.000761198	15566.7	1050	105	14728.4	73.3338	73.3338	293.335	293.335	0 22491 916.359 	23407.4	6.22738	6.55445	6700	670	0.0128669	0	2.04	1.02
303	0.00255525	0.000761234	15567.6	1050	105	14728.7	73.3922	73.3922	293.569	293.569	0 22490 916.345 	23406.4	6.2273	6.55445	6700	670	0.0128675	0	2.04	1.02
303.2	0.00255526	0.000761269	15568.5	1050	105	14729	73.4506	73.4506	293.803	293.803	0 22489.1 916.333 	23405.4	6.22722	6.55445	6700	670	0.012868	0	2.04	1.02
303.4	0.00255527	0.000761305	15569.3	1050	105	14729.2	73.5092	73.5092	294.037	294.037	0 22488.1 916.323 	23404.4	6.22715	6.55445	6700	670	0.0128686	0	2.04	1.02
303.6	0.00255528	0.00076134	15570.2	1050	105	14729.5	73.5677	73.5677	294.271	294.271	0 22487.2 916.314 	23403.5	6.22707	6.55445	6700	670	0.0128692	0	2.04	1.02
303.8	0.00255529	0.000761376	15571.1	1050	105	14729.8	73.6264	73.6264	294.506	294.506	0 22486.2 916.308 	23402.5	6.22699	6.55445	6700	670	0.0128699	0	2.04	1.02
304	0.0025553	0.000761411	15572	1050	105	14730.1	73.6851	73.6851	294.74	294.74	0 22485.3 916.303 	23401.6	6.22692	6.55445	6700	670	0.0128705	0	2.04	1.02
304.2	0.00255531	0.000761447	15572.8	1050	105	14730.4	73.7439	73.7439	294.975	294.975	0 22484.3 916.301 	23400.6	6.22684	6.55445	6700	670	0.0128712	0	2.04	1.02
304.4	0.00255532	0.000761482	15573.7	1050	105	14730.7	73.8027	73.8027	295.211	295.211	0 22483.3 916.3 	23399.6	6.22677	6.55445	6700	670	0.0128719	0	2.04	1.02
304.6	0.00255533	0.000761517	15574.6	1050	105	14731	73.8616	73.8616	295.446	295.446	0 22482.4 916.301 	23398.7	6.22669	6.55445	6700	670	0.0128726	0	2.04	1.02
304.8	0.00255534	0.000761553	15575.4	1050	105	14731.2	73.9205	73.9205	295.682	295.682	0 22481.4 916.304 	23397.7	6.22662	6.55445	6700	670	0.0128734	0	2.04	1.02
305	0.00255535	0.000761588	15576.3	1050	105	14731.5	73.9795	73.9795	295.918	295.918	0 22480.5 916.308 	23396.8	6.22654	6.55445	6700	670	0.0128742	0	2.04	1.02
305.2	0.00255536	0.000761623	15577.2	1050	105	14731.8	74.0386	74.0386	296.154	296.154	0 22479.5 916.315 	23395.9	6.22647	6.55445	6700	670	0.012875	0	2.04	1.02
305.4	0.00255537	0.000761659	15578	1050	105	14732.1	74.0977	74.0977	296.391	296.391	0 22478.6 916.323 	23394.9	6.22639	6.55445	6700	670	0.0128758	0	2.04	1.02
305.6	0.00255538	0.000761694	15578.9	1050	105	14732.3	74.1569	74.1569	296.628	296.628	0 22477.6 916.333 	23394	6.22632	6.55445	6700	670	0.0128767	0	2.04	1.02
305.8	0.00255539	0.000761729	15579.8	1050	105	14732.6	74.2162	74.2162	296.865	296.865	0 22476.7 916.345 	23393	6.22625	6.55445	6700	670	0.0128776	0	2.04	1.02
306	0.0025554	0.000761764	15580.7	1050	105	14732.9	74.2755	74.2755	297.102	297.102	0 22475.7 916.359 	23392.1	6.22617	6.55445	6700	670	0.0128785	0	2.04	1.02
306.2	0.00255542	0.000761799	15581.5	1050	105	14733.2	74.3349	74.3349	297.339	297.339	0 22474.8 916.375 	23391.2	6.2261	6.55445	6700	670	0.0128794	0	2.04	1.02
306.4	0.00255543	0.000761834	15582.4	1050	105	14733.4	74.3943	74.3943	297.577	297.577	0 22473.8 916.392 	23390.2	6.22602	6.55445	6700	670	0.0128804	0	2.04	1.02
306.6	0.00255544	0.000761869	15583.2	1050	105	14733.7	74.4538	74.4538	297.815	297.815	0 22472.9 916.412 	23389.3	6.22595	6.55445	6700	670	0.0128814	0	2.04	1.02
306.8	0.00255545	0.000761905	15584.1	1050	105	14734	74.5133	74.5133	298.053	298.053	0 22472 916.433 	23388.4	6.22588	6.55445	6700	670	0.0128824	0	2.04	1.02
307	0.00255546	0.00076194	15585	1050	105	14734.2	74.573	74.573	298.292	298.292	0 22471 916.456 	23387.5	6.22581	6.55445	6700	670	0.0128834	0	2.04	1.02
307.2	0.00255547	0.000761975	15585.8	1050	105	14734.5	74.6326	74.6326	298.531	298.531	0 22470.1 916.481 	23386.5	6.22573	6.55445	6700	670	0.0128845	0	2.04	1.02
307.4	0.00255547	0.00076201	15586.7	1050	105	14734.8	74.6924	74.6924	298.769	298.769	0 22469.1 916.507 	23385.6	6.22566	6.55445	6700	670	0.0128856	0	2.04	1.02
307.6	0.00255548	0.000762044	15587.6	1050	105	14735	74.7522	74.7522	299.009	299.009	0 22468.2 916.536 	23384.7	6.22559	6.55445	6700	670	0.0128867	0	2.04	1.02
307.8	0.00255549	0.000762079	15588.4	1050	105	14735.3	74.812	74.812	299.248	299.248	0 22467.2 916.566 	23383.8	6.22552	6.55445	6700	670	0.0128878	0	2.04	1.02
308	0.0025555	0.000762114	15589.3	1050	105	14735.6	74.8719	74.8719	299.488	299.488	0 22466.3 916.598 	23382.9	6.22544	6.55445	6700	670	0.012889	0	2.04	1.02
308.2	0.00255551	0.000762149	15590.1	1050	105	14735.8	74.9319	74.9319	299.728	299.728	0 22465.3 916.632 	23382	6.22537	6.55445	6700	670	0.0128901	0	2.04	1.02
308.4	0.00255552	0.000762184	15591	1050	105	14736.1	74.992	74.992	299.968	299.968	0 22464.4 916.668 	23381.1	6.2253	6.55445	6700	670	0.0128914	0	2.04	1.02
308.6	0.00255553	0.000762219	15591.8	1050	105	14736.3	75.0521	75.0521	300.208	300.208	0 22463.5 916.705 	23380.2	6.22523	6.55445	6700	670	0.0128926	0	2.04	1.02
308.8	0.00255554	0.000762254	15592.7	1050	105	14736.6	75.1122	75.1122	300.449	300.449	0 22462.5 916.744 	23379.3	6.22516	6.55445	6700	670	0.0128939	0	2.04	1.02
309	0.00255555	0.000762288	15593.6	1050	105	14736.8	75.1725	75.1725	300.69	300.69	0 22461.6 916.785 	23378.4	6.22509	6.55445	6700	670	0.0128951	0	2.04	1.02
309.2	0.00255556	0.000762323	15594.4	1050	105	14737.1	75.2328	75.2328	300.931	300.931	0 22460.6 916.828 	23377.5	6.22502	6.55445	6700	670	0.0128965	0	2.04	1.02
309.4	0.00255557	0.000762358	15595.3	1050	105	14737.3	75.2931	75.2931	301.172	301.172	0 22459.7 916.873 	23376.6	6.22495	6.55445	6700	670	0.0128978	0	2.04	1.02
309.6	0.00255558	0.000762393	15596.1	1050	105	14737.6	75.3535	75.3535	301.414	301.414	0 22458.8 916.92 	23375.7	6.22488	6.55445	6700	670	0.0128991	0	2.04	1.02
309.8	0.00255559	0.000762427	15597	1050	105	14737.8	75.414	75.414	301.656	301.656	0 22457.8 916.968 	23374.8	6.22481	6.55445	6700	670	0.0129005	0	2.04	1.02
310	0.0025556	0.000762462	15597.8	1050	105	14738.1	75.4745	75.4745	301.898	301.898	0 22456.9 917.018 	23373.9	6.22474	6.55445	6700	670	0.0129019	0	2.04	1.02
310.2	0.00255561	0.000762497	15598.7	1050	105	14738.3	75.5351	75.5351	302.14	302.14	0 22456 917.07 	23373	6.22467	6.55445	6700	670	0.0129034	0	2.04	1.02
310.4	0.00255562	0.000762531	15599.5	1050	105	14738.6	75.5958	75.5958	302.383	302.383	0 22455 917.124 	23372.1	6.2246	6.55445	6700	670	0.0129048	0	2.04	1.02
310.6	0.00255563	0.000762566	15600.4	1050	105	14738.8	75.6565	75.6565	302.626	302.626	0 22454.1 917.179 	23371.3	6.22453	6.55445	6700	670	0.0129063	0	2.04	1.02
310.8	0.00255564	0.0007626	15601.2	1050	105	14739	75.7173	75.7173	302.869	302.869	0 22453.2 917.236 	23370.4	6.22446	6.55445	6700	670	0.0129078	0	2.04	1.02
311	0.00255565	0.000762635	15602.1	1050	105	14739.3	75.7781	75.7781	303.112	303.112	0 22452.2 917.295 	23369.5	6.22439	6.55445	6700	670	0.0129094	0	2.04	1.02
311.2	0.00255566	0.000762669	15602.9	1050	105	14739.5	75.839	75.839	303.356	303.356	0 22451.3 917.356 	23368.6	6.22432	6.55445	6700	670	0.0129109	0	2.04	1.02
311.4	0.00255567	0.000762704	15603.8	1050	105	14739.8	75.9	75.9	303.6	303.6	0 22450.4 917.419 	23367.8	6.22425	6.55445	6700	670	0.0129125	0	2.04	1.02
311.6	0.00255568	0.000762738	15604.6	1050	105	14740	75.961	75.961	303.844	303.844	0 22449.4 917.483 	23366.9	6.22418	6.55445	6700	670	0.0129141	0	2.04	1.02
311.8	0.00255569	0.000762773	15605.5	1050	105	14740.2	76.0221	76.0221	304.088	304.088	0 22448.5 917.549 	23366	6.22411	6.55445	6700	670	0.0129157	0	2.04	1.02
312	0.0025557	0.000762807	15606.3	1050	105	14740.5	76.0832	76.0832	304.333	304.333	0 22447.6 917.617 	23365.2	6.22405	6.55445	6700	670	0.0129174	0	2.04	1.02
312.2	0.00255571	0.000762841	15607.1	1050	105	14740.7	76.1444	76.1444	304.578	304.578	0 22446.6 917.687 	23364.3	6.22398	6.55445	6700	670	0.0129191	0	2.04	1.02
312.4	0.00255571	0.000762876	15608	1050	105	14740.9	76.2057	76.2057	304.823	304.823	0 22445.7 917.759 	23363.5	6.22391	6.55445	6700	670	0.0129208	0	2.04	1.02
312.6	0.00255572	0.00076291	15608.8	1050	105	14741.2	76.267	76.267	305.068	305.068	0 22444.8 917.832 	23362.6	6.22384	6.55445	6700	670	0.0129225	0	2.04	1.02
312.8	0.00255573	0.000762944	15609.7	1050	105	14741.4	76.3284	76.3284	305.314	305.314	0 22443.9 917.907 	23361.8	6.22378	6.55445	6700	670	0.0129243	0	2.04	1.02
313	0.00255574	0.000762979	15610.5	1050	105	14741.6	76.3899	76.3899	305.56	305.56	0 22442.9 917.984 	23360.9	6.22371	6.55445	6700	670	0.012926	0	2.04	1.02
313.2	0.00255575	0.000763013	15611.4	1050	105	14741.8	76.4514	76.4514	305.806	305.806	0 22442 918.062 	23360.1	6.22364	6.55445	6700	670	0.0129278	0	2.04	1.02
313.4	0.00255576	0.000763047	15612.2	1050	105	14742.1	76.513	76.513	306.052	306.052	0 22441.1 918.143 	23359.2	6.22357	6.55445	6700	670	0.0129297	0	2.04	1.02
313.6	0.00255577	0.000763081	15613	1050	105	14742.3	76.5746	76.5746	306.299	306.299	0 22440.1 918.225 	23358.4	6.22351	6.55445	6700	670	0.0129315	0	2.04	1.02
313.8	0.00255578	0.000763116	15613.9	1050	105	14742.5	76.6363	76.6363	306.545	306.545	0 22439.2 918.309 	23357.5	6.22344	6.55445	6700	670	0.0129334	0	2.04	1.02
314	0.00255579	0.00076315	15614.7	1050	105	14742.7	76.6981	76.6981	306.792	306.792	0 22438.3 918.395 	23356.7	6.22338	6.55445	6700	670	0.0129353	0	2.04	1.02
314.2	0.0025558	0.000763184	15615.5	1050	105	14742.9	76.7599	76.7599	307.04	307.04	0 22437.4 918.482 	23355.9	6.22331	6.55445	6700	670	0.0129372	0	2.04	1.02
314.4	0.00255581	0.000763218	15616.4	1050	105	14743.2	76.8218	76.8218	307.287	307.287	0 22436.4 918.571 	23355	6.22324	6.55445	6700	670	0.0129392	0	2.04	1.02
314.6	0.00255581	0.000763252	15617.2	1050	105	14743.4	76.8838	76.8838	307.535	307.535	0 22435.5 918.662 	23354.2	6.22318	6.55445	6700	670	0.0129411	0	2.04	1.02
314.8	0.00255582	0.000763286	15618	1050	105	14743.6	76.9458	76.9458	307.783	307.783	0 22434.6 918.755 	23353.4	6.22311	6.55445	6700	670	0.0129431	0	2.04	1.02
315	0.00255583	0.00076332	15618.9	1050	105	14743.8	77.0079	77.0079	308.032	308.032	0 22433.7 918.849 	23352.5	6.22305	6.55445	6700	670	0.0129452	0	2.04	1.02
315.2	0.00255584	0.000763354	15619.7	1050	105	14744	77.07	77.07	308.28	308.28	0 22432.8 918.945 	23351.7	6.22298	6.55445	6700	670	0.0129472	0	2.04	1.02
315.4	0.00255585	0.000763388	15620.6	1050	105	14744.2	77.1322	77.1322	308.529	308.529	0 22431.8 919.043 	23350.9	6.22292	6.55445	6700	670	0.0129493	0	2.04	1.02
315.6	0.00255586	0.000763422	15621.4	1050	105	14744.4	77.1945	77.1945	308.778	308.778	0 22430.9 919.143 	23350.1	6.22285	6.55445	6700	670	0.0129514	0	2.04	1.02
315.8	0.00255587	0.000763456	15622.2	1050	105	14744.6	77.2568	77.2568	309.027	309.027	0 22430 919.245 	23349.2	6.22279	6.55445	6700	670	0.0129535	0	2.04	1.02
316	0.00255588	0.00076349	15623	1050	105	14744.9	77.3192	77.3192	309.277	309.277	0 22429.1 919.348 	23348.4	6.22272	6.55445	6700	670	0.0129556	0	2.04	1.02
316.2	0.00255589	0.000763524	15623.9	1050	105	14745.1	77.3817	77.3817	309.527	309.527	0 22428.2 919.453 	23347.6	6.22266	6.55445	6700	670	0.0129578	0	2.04	1.02
316.4	0.00255589	0.000763558	15624.7	1050	105	14745.3	77.4442	77.4442	309.777	309.777	0 22427.3 919.56 	23346.8	6.2226	6.55445	6700	670	0.01296	0	2.04	1.02
316.6	0.0025559	0.000763592	15625.5	1050	105	14745.5	77.5068	77.5068	310.027	310.027	0 22426.3 919.668 	23346	6.22253	6.55445	6700	670	0.0129622	0	2.04	1.02
316.8	0.00255591	0.000763625	15626.4	1050	105	14745.7	77.5694	77.5694	310.278	310.278	0 22425.4 919.778 	23345.2	6.22247	6.55445	6700	670	0.0129645	0	2.04	1.02
317	0.00255592	0.000763659	15627.2	1050	105	14745.9	77.6321	77.6321	310.528	310.528	0 22424.5 919.89 	23344.4	6.2224	6.55445	6700	670	0.0129667	0	2.04	1.02
317.2	0.00255593	0.000763693	15628	1050	105	14746.1	77.6949	77.6949	310.78	310.78	0 22423.6 920.003 	23343.6	6.22234	6.55445	6700	670	0.012969	0	2.04	1.02
317.4	0.00255594	0.000763727	15628.8	1050	105	14746.3	77.7577	77.7577	311.031	311.031	0 22422.7 920.119 	23342.8	6.22228	6.55445	6700	670	0.0129713	0	2.04	1.02
317.6	0.00255595	0.00076376	15629.7	1050	105	14746.5	77.8206	77.8206	311.282	311.282	0 22421.7 920.236 	23342	6.22222	6.55445	6700	670	0.0129737	0	2.04	1.02
317.8	0.00255595	0.000763794	15630.5	1050	105	14746.7	77.8836	77.8836	311.534	311.534	0 22420.8 920.355 	23341.2	6.22215	6.55445	6700	670	0.012976	0	2.04	1.02
318	0.00255596	0.000763828	15631.3	1050	105	14746.9	77.9466	77.9466	311.786	311.786	0 22419.9 920.475 	23340.4	6.22209	6.55445	6700	670	0.0129784	0	2.04	1.02
318.2	0.00255597	0.000763861	15632.1	1050	105	14747	78.0097	78.0097	312.039	312.039	0 22419 920.598 	23339.6	6.22203	6.55445	6700	670	0.0129808	0	2.04	1.02
318.4	0.00255598	0.000763895	15633	1050	105	14747.2	78.0728	78.0728	312.291	312.291	0 22418.1 920.722 	23338.8	6.22197	6.55445	6700	670	0.0129832	0	2.04	1.02
318.6	0.00255599	0.000763929	15633.8	1050	105	14747.4	78.136	78.136	312.544	312.544	0 22417.2 920.847 	23338	6.2219	6.55445	6700	670	0.0129857	0	2.04	1.02
318.8	0.002556	0.000763962	15634.6	1050	105	14747.6	78.1993	78.1993	312.797	312.797	0 22416.3 920.975 	23337.2	6.22184	6.55445	6700	670	0.0129882	0	2.04	1.02
319	0.00255601	0.000763996	15635.4	1050	105	14747.8	78.2626	78.2626	313.05	313.05	0 22415.4 921.104 	23336.5	6.22178	6.55445	6700	670	0.0129907	0	2.04	1.02
319.2	0.00255601	0.000764029	15636.3	1050	105	14748	78.326	78.326	313.304	313.304	0 22414.5 921.235 	23335.7	6.22172	6.55445	6700	670	0.0129932	0	2.04	1.02
319.4	0.00255602	0.000764063	15637.1	1050	105	14748.2	78.3895	78.3895	313.558	313.558	0 22413.5 921.367 	23334.9	6.22166	6.55445	6700	670	0.0129958	0	2.04	1.02
319.6	0.00255603	0.000764096	15637.9	1050	105	14748.4	78.453	78.453	313.812	313.812	0 22412.6 921.502 	23334.1	6.2216	6.55445	6700	670	0.0129983	0	2.04	1.02
319.8	0.00255604	0.00076413	15638.7	1050	105	14748.5	78.5166	78.5166	314.066	314.066	0 22411.7 921.638 	23333.4	6.22154	6.55445	6700	670	0.0130009	0	2.04	1.02
320	0.00255605	0.000764163	15639.5	1050	105	14748.7	78.5802	78.5802	314.321	314.321	0 22410.8 921.776 	23332.6	6.22147	6.55445	6700	670	0.0130036	0	2.04	1.02
320.2	0.00255606	0.000764197	15640.3	1050	105	14748.9	78.6439	78.6439	314.576	314.576	0 22409.9 921.915 	23331.8	6.22141	6.55445	6700	670	0.0130062	0	2.04	1.02
320.4	0.00255606	0.00076423	15641.2	1050	105	14749.1	78.7077	78.7077	314.831	314.831	0 22409 922.056 	23331.1	6.22135	6.55445	6700	670	0.0130089	0	2.04	1.02
320.6	0.00255607	0.000764263	15642	1050	105	14749.3	78.7715	78.7715	315.086	315.086	0 22408.1 922.199 	23330.3	6.22129	6.55445	6700	670	0.0130116	0	2.04	1.02
320.8	0.00255608	0.000764297	15642.8	1050	105	14749.4	78.8354	78.8354	315.342	315.342	0 22407.2 922.344 	23329.5	6.22123	6.55445	6700	670	0.0130143	0	2.04	1.02
321	0.00255609	0.00076433	15643.6	1050	105	14749.6	78.8994	78.8994	315.598	315.598	0 22406.3 922.49 	23328.8	6.22117	6.55445	6700	670	0.013017	0	2.04	1.02
321.2	0.0025561	0.000764363	15644.4	1050	105	14749.8	78.9634	78.9634	315.854	315.854	0 22405.4 922.638 	23328	6.22111	6.55445	6700	670	0.0130198	0	2.04	1.02
321.4	0.00255611	0.000764397	15645.2	1050	105	14750	79.0275	79.0275	316.11	316.11	0 22404.5 922.788 	23327.3	6.22105	6.55445	6700	670	0.0130226	0	2.04	1.02
321.6	0.00255611	0.00076443	15646	1050	105	14750.1	79.0917	79.0917	316.367	316.367	0 22403.6 922.939 	23326.5	6.221	6.55445	6700	670	0.0130254	0	2.04	1.02
321.8	0.00255612	0.000764463	15646.9	1050	105	14750.3	79.1559	79.1559	316.624	316.624	0 22402.7 923.092 	23325.8	6.22094	6.55445	6700	670	0.0130282	0	2.04	1.02
322	0.00255613	0.000764496	15647.7	1050	105	14750.5	79.2202	79.2202	316.881	316.881	0 22401.8 923.247 	23325	6.22088	6.55445	6700	670	0.0130311	0	2.04	1.02
322.2	0.00255614	0.000764529	15648.5	1050	105	14750.6	79.2845	79.2845	317.138	317.138	0 22400.9 923.404 	23324.3	6.22082	6.55445	6700	670	0.013034	0	2.04	1.02
322.4	0.00255615	0.000764563	15649.3	1050	105	14750.8	79.3489	79.3489	317.396	317.396	0 22400 923.562 	23323.5	6.22076	6.55445	6700	670	0.0130369	0	2.04	1.02
322.6	0.00255615	0.000764596	15650.1	1050	105	14751	79.4134	79.4134	317.654	317.654	0 22399.1 923.722 	23322.8	6.2207	6.55445	6700	670	0.0130398	0	2.04	1.02
322.8	0.00255616	0.000764629	15650.9	1050	105	14751.1	79.4779	79.4779	317.912	317.912	0 22398.2 923.883 	23322	6.22064	6.55445	6700	670	0.0130428	0	2.04	1.02
323	0.00255617	0.000764662	15651.7	1050	105	14751.3	79.5425	79.5425	318.17	318.17	0 22397.3 924.046 	23321.3	6.22058	6.55445	6700	670	0.0130457	0	2.04	1.02
323.2	0.00255618	0.000764695	15652.5	1050	105	14751.4	79.6072	79.6072	318.429	318.429	0 22396.4 924.211 	23320.6	6.22053	6.55445	6700	670	0.0130487	0	2.04	1.02
323.4	0.00255619	0.000764728	15653.3	1050	105	14751.6	79.6719	79.6719	318.688	318.688	0 22395.5 924.378 	23319.8	6.22047	6.55445	6700	670	0.0130518	0	2.04	1.02
323.6	0.00255619	0.000764761	15654.1	1050	105	14751.8	79.7367	79.7367	318.947	318.947	0 22394.6 924.546 	23319.1	6.22041	6.55445	6700	670	0.0130548	0	2.04	1.02
323.8	0.0025562	0.000764794	15654.9	1050	105	14751.9	79.8016	79.8016	319.206	319.206	0 22393.7 924.716 	23318.4	6.22035	6.55445	6700	670	0.0130579	0	2.04	1.02
324	0.00255621	0.000764827	15655.7	1050	105	14752.1	79.8665	79.8665	319.466	319.466	0 22392.8 924.888 	23317.7	6.2203	6.55445	6700	670	0.013061	0	2.04	1.02
324.2	0.00255622	0.00076486	15656.5	1050	105	14752.2	79.9315	79.9315	319.726	319.726	0 22391.9 925.062 	23316.9	6.22024	6.55445	6700	670	0.0130641	0	2.04	1.02
324.4	0.00255622	0.000764893	15657.4	1050	105	14752.4	79.9965	79.9965	319.986	319.986	0 22391 925.237 	23316.2	6.22018	6.55445	6700	670	0.0130673	0	2.04	1.02
324.6	0.00255623	0.000764926	15658.2	1050	105	14752.5	80.0616	80.0616	320.247	320.247	0 22390.1 925.413 	23315.5	6.22013	6.55445	6700	670	0.0130704	0	2.04	1.02
324.8	0.00255624	0.000764959	15659	1050	105	14752.7	80.1268	80.1268	320.507	320.507	0 22389.2 925.592 	23314.8	6.22007	6.55445	6700	670	0.0130736	0	2.04	1.02
325	0.00255625	0.000764992	15659.8	1050	105	14752.8	80.192	80.192	320.768	320.768	0 22388.3 925.772 	23314.1	6.22001	6.55445	6700	670	0.0130768	0	2.04	1.02
325.2	0.00255626	0.000765025	15660.6	1050	105	14753	80.2573	80.2573	321.029	321.029	0 22387.4 925.954 	23313.4	6.21996	6.55445	6700	670	0.0130801	0	2.04	1.02
325.4	0.00255626	0.000765057	15661.4	1050	105	14753.1	80.3227	80.3227	321.291	321.291	0 22386.5 926.137 	23312.6	6.2199	6.55445	6700	670	0.0130833	0	2.04	1.02
325.6	0.00255627	0.00076509	15662.2	1050	105	14753.3	80.3881	80.3881	321.553	321.553	0 22385.6 926.322 	23311.9	6.21985	6.55445	6700	670	0.0130866	0	2.04	1.02
325.8	0.00255628	0.000765123	15663	1050	105	14753.4	80.4536	80.4536	321.815	321.815	0 22384.7 926.509 	23311.2	6.21979	6.55445	6700	670	0.0130899	0	2.04	1.02
326	0.00255629	0.000765156	15663.8	1050	105	14753.6	80.5192	80.5192	322.077	322.077	0 22383.8 926.697 	23310.5	6.21973	6.55445	6700	670	0.0130932	0	2.04	1.02
326.2	0.00255629	0.000765189	15664.6	1050	105	14753.7	80.5848	80.5848	322.339	322.339	0 22382.9 926.888 	23309.8	6.21968	6.55445	6700	670	0.0130966	0	2.04	1.02
326.4	0.0025563	0.000765221	15665.4	1050	105	14753.8	80.6505	80.6505	322.602	322.602	0 22382 927.079 	23309.1	6.21962	6.55445	6700	670	0.0131	0	2.04	1.02
326.6	0.00255631	0.000765254	15666.2	1050	105	14754	80.7163	80.7163	322.865	322.865	0 22381.2 927.273 	23308.4	6.21957	6.55445	6700	670	0.0131034	0	2.04	1.02
326.8	0.00255632	0.000765287	15666.9	1050	105	14754.1	80.7821	80.7821	323.128	323.128	0 22380.3 927.468 	23307.7	6.21951	6.55445	6700	670	0.0131068	0	2.04	1.02
327	0.00255632	0.000765319	15667.7	1050	105	14754.3	80.848	80.848	323.392	323.392	0 22379.4 927.665 	23307	6.21946	6.55445	6700	670	0.0131102	0	2.04	1.02
327.2	0.00255633	0.000765352	15668.5	1050	105	14754.4	80.9139	80.9139	323.656	323.656	0 22378.5 927.863 	23306.3	6.21941	6.55445	6700	670	0.0131137	0	2.04	1.02
327.4	0.00255634	0.000765385	15669.3	1050	105	14754.5	80.9799	80.9799	323.92	323.92	0 22377.6 928.063 	23305.7	6.21935	6.55445	6700	670	0.0131172	0	2.04	1.02
327.6	0.00255635	0.000765417	15670.1	1050	105	14754.7	81.046	81.046	324.184	324.184	0 22376.7 928.265 	23305	6.2193	6.55445	6700	670	0.0131207	0	2.04	1.02
327.8	0.00255635	0.00076545	15670.9	1050	105	14754.8	81.1121	81.1121	324.448	324.448	0 22375.8 928.468 	23304.3	6.21924	6.55445	6700	670	0.0131243	0	2.04	1.02
328	0.00255636	0.000765482	15671.7	1050	105	14754.9	81.1783	81.1783	324.713	324.713	0 22374.9 928.673 	23303.6	6.21919	6.55445	6700	670	0.0131278	0	2.04	1.02
328.2	0.00255637	0.000765515	15672.5	1050	105	14755.1	81.2446	81.2446	324.978	324.978	0 22374 928.88 	23302.9	6.21914	6.55445	6700	670	0.0131314	0	2.04	1.02
328.4	0.00255638	0.000765547	15673.3	1050	105	14755.2	81.3109	81.3109	325.244	325.244	0 22373.2 929.088 	23302.2	6.21908	6.55445	6700	670	0.013135	0	2.04	1.02
328.6	0.00255638	0.00076558	15674.1	1050	105	14755.3	81.3773	81.3773	325.509	325.509	0 22372.3 929.298 	23301.6	6.21903	6.55445	6700	670	0.0131387	0	2.04	1.02
328.8	0.00255639	0.000765612	15674.9	1050	105	14755.4	81.4438	81.4438	325.775	325.775	0 22371.4 929.51 	23300.9	6.21898	6.55445	6700	670	0.0131423	0	2.04	1.02
329	0.0025564	0.000765645	15675.7	1050	105	14755.6	81.5103	81.5103	326.041	326.041	0 22370.5 929.723 	23300.2	6.21892	6.55445	6700	670	0.013146	0	2.04	1.02
329.2	0.0025564	0.000765677	15676.5	1050	105	14755.7	81.5769	81.5769	326.308	326.308	0 22369.6 929.938 	23299.6	6.21887	6.55445	6700	670	0.0131497	0	2.04	1.02
329.4	0.00255641	0.00076571	15677.2	1050	105	14755.8	81.6436	81.6436	326.574	326.574	0 22368.7 930.155 	23298.9	6.21882	6.55445	6700	670	0.0131534	0	2.04	1.02
329.6	0.00255642	0.000765742	15678	1050	105	14755.9	81.7103	81.7103	326.841	326.841	0 22367.9 930.373 	23298.2	6.21877	6.55445	6700	670	0.0131572	0	2.04	1.02
329.8	0.00255643	0.000765774	15678.8	1050	105	14756	81.7771	81.7771	327.108	327.108	0 22367 930.593 	23297.6	6.21871	6.55445	6700	670	0.0131609	0	2.04	1.02
330	0.00255643	0.000765807	15679.6	1050	105	14756.2	81.8439	81.8439	327.376	327.376	0 22366.1 930.815 	23296.9	6.21866	6.55445	6700	670	0.0131647	0	2.04	1.02
330.2	0.00255644	0.000765839	15680.4	1050	105	14756.3	81.9108	81.9108	327.643	327.643	0 22365.2 931.038 	23296.2	6.21861	6.55445	6700	670	0.0131685	0	2.04	1.02
330.4	0.00255645	0.000765871	15681.2	1050	105	14756.4	81.9778	81.9778	327.911	327.911	0 22364.3 931.263 	23295.6	6.21856	6.55445	6700	670	0.0131724	0	2.04	1.02
330.6	0.00255645	0.000765904	15682	1050	105	14756.5	82.0449	82.0449	328.179	328.179	0 22363.4 931.489 	23294.9	6.21851	6.55445	6700	670	0.0131762	0	2.04	1.02
330.8	0.00255646	0.000765936	15682.7	1050	105	14756.6	82.112	82.112	328.448	328.448	0 22362.6 931.717 	23294.3	6.21845	6.55445	6700	670	0.0131801	0	2.04	1.02
331	0.00255647	0.000765968	15683.5	1050	105	14756.7	82.1792	82.1792	328.717	328.717	0 22361.7 931.947 	23293.6	6.2184	6.55445	6700	670	0.013184	0	2.04	1.02
331.2	0.00255648	0.000766001	15684.3	1050	105	14756.8	82.2464	82.2464	328.986	328.986	0 22360.8 932.178 	23293	6.21835	6.55445	6700	670	0.013188	0	2.04	1.02
331.4	0.00255648	0.000766033	15685.1	1050	105	14757	82.3137	82.3137	329.255	329.255	0 22359.9 932.411 	23292.3	6.2183	6.55445	6700	670	0.0131919	0	2.04	1.02
331.6	0.00255649	0.000766065	15685.9	1050	105	14757.1	82.3811	82.3811	329.524	329.524	0 22359 932.646 	23291.7	6.21825	6.55445	6700	670	0.0131959	0	2.04	1.02
331.8	0.0025565	0.000766097	15686.7	1050	105	14757.2	82.4485	82.4485	329.794	329.794	0 22358.2 932.882 	23291	6.2182	6.55445	6700	670	0.0131999	0	2.04	1.02
332	0.0025565	0.000766129	15687.4	1050	105	14757.3	82.516	82.516	330.064	330.064	0 22357.3 933.12 	23290.4	6.21815	6.55445	6700	670	0.0132039	0	2.04	1.02
332.2	0.00255651	0.000766161	15688.2	1050	105	14757.4	82.5836	82.5836	330.334	330.334	0 22356.4 933.359 	23289.8	6.2181	6.55445	6700	670	0.013208	0	2.04	1.02
332.4	0.00255652	0.000766193	15689	1050	105	14757.5	82.6512	82.6512	330.605	330.605	0 22355.5 933.6 	23289.1	6.21805	6.55445	6700	670	0.013212	0	2.04	1.02
332.6	0.00255652	0.000766226	15689.8	1050	105	14757.6	82.7189	82.7189	330.876	330.876	0 22354.7 933.843 	23288.5	6.218	6.55445	6700	670	0.0132161	0	2.04	1.02
332.8	0.00255653	0.000766258	15690.6	1050	105	14757.7	82.7867	82.7867	331.147	331.147	0 22353.8 934.087 	23287.9	6.21795	6.55445	6700	670	0.0132202	0	2.04	1.02
333	0.00255654	0.00076629	15691.3	1050	105	14757.8	82.8545	82.8545	331.418	331.418	0 22352.9 934.333 	23287.2	6.2179	6.55445	6700	670	0.0132244	0	2.04	1.02
333.2	0.00255654	0.000766322	15692.1	1050	105	14757.9	82.9224	82.9224	331.69	331.69	0 22352 934.581 	23286.6	6.21785	6.55445	6700	670	0.0132285	0	2.04	1.02
333.4	0.00255655	0.000766354	15692.9	1050	105	14758	82.9904	82.9904	331.962	331.962	0 22351.2 934.83 	23286	6.2178	6.55445	6700	670	0.0132327	0	2.04	1.02
333.6	0.00255656	0.000766386	15693.7	1050	105	14758.1	83.0584	83.0584	332.234	332.234	0 22350.3 935.081 	23285.4	6.21775	6.55445	6700	670	0.0132369	0	2.04	1.02
333.8	0.00255656	0.000766418	15694.4	1050	105	14758.2	83.1265	83.1265	332.506	332.506	0 22349.4 935.333 	23284.7	6.2177	6.55445	6700	670	0.0132411	0	2.04	1.02
334	0.00255657	0.00076645	15695.2	1050	105	14758.3	83.1947	83.1947	332.779	332.779	0 22348.5 935.587 	23284.1	6.21765	6.55445	6700	670	0.0132454	0	2.04	1.02
334.2	0.00255658	0.000766482	15696	1050	105	14758.4	83.2629	83.2629	333.052	333.052	0 22347.7 935.843 	23283.5	6.21761	6.55445	6700	670	0.0132497	0	2.04	1.02
334.4	0.00255658	0.000766513	15696.8	1050	105	14758.5	83.3312	83.3312	333.325	333.325	0 22346.8 936.1 	23282.9	6.21756	6.55445	6700	670	0.013254	0	2.04	1.02
334.6	0.00255659	0.000766545	15697.5	1050	105	14758.5	83.3995	83.3995	333.598	333.598	0 22345.9 936.359 	23282.3	6.21751	6.55445	6700	670	0.0132583	0	2.04	1.02
334.8	0.0025566	0.000766577	15698.3	1050	105	14758.6	83.468	83.468	333.872	333.872	0 22345 936.62 	23281.7	6.21746	6.55445	6700	670	0.0132626	0	2.04	1.02
335	0.0025566	0.000766609	15699.1	1050	105	14758.7	83.5365	83.5365	334.146	334.146	0 22344.2 936.882 	23281.1	6.21741	6.55445	6700	670	0.013267	0	2.04	1.02
335.2	0.00255661	0.000766641	15699.9	1050	105	14758.8	83.605	83.605	334.42	334.42	0 22343.3 937.145 	23280.5	6.21737	6.55445	6700	670	0.0132714	0	2.04	1.02
335.4	0.00255662	0.000766673	15700.6	1050	105	14758.9	83.6736	83.6736	334.695	334.695	0 22342.4 937.411 	23279.8	6.21732	6.55445	6700	670	0.0132758	0	2.04	1.02
335.6	0.00255662	0.000766705	15701.4	1050	105	14759	83.7423	83.7423	334.969	334.969	0 22341.6 937.678 	23279.2	6.21727	6.55445	6700	670	0.0132802	0	2.04	1.02
335.8	0.00255663	0.000766736	15702.2	1050	105	14759.1	83.8111	83.8111	335.244	335.244	0 22340.7 937.946 	23278.6	6.21722	6.55445	6700	670	0.0132847	0	2.04	1.02
336	0.00255664	0.000766768	15702.9	1050	105	14759.1	83.8799	83.8799	335.52	335.52	0 22339.8 938.216 	23278	6.21718	6.55445	6700	670	0.0132891	0	2.04	1.02
336.2	0.00255664	0.0007668	15703.7	1050	105	14759.2	83.9488	83.9488	335.795	335.795	0 22339 938.488 	23277.4	6.21713	6.55445	6700	670	0.0132936	0	2.04	1.02
336.4	0.00255665	0.000766831	15704.5	1050	105	14759.3	84.0177	84.0177	336.071	336.071	0 22338.1 938.761 	23276.9	6.21708	6.55445	6700	670	0.0132982	0	2.04	1.02
336.6	0.00255666	0.000766863	15705.2	1050	105	14759.4	84.0867	84.0867	336.347	336.347	0 22337.2 939.036 	23276.3	6.21704	6.55445	6700	670	0.0133027	0	2.04	1.02
336.8	0.00255666	0.000766895	15706	1050	105	14759.5	84.1558	84.1558	336.623	336.623	0 22336.4 939.312 	23275.7	6.21699	6.55445	6700	670	0.0133073	0	2.04	1.02
337	0.00255667	0.000766927	15706.8	1050	105	14759.5	84.225	84.225	336.9	336.9	0 22335.5 939.591 	23275.1	6.21694	6.55445	6700	670	0.0133119	0	2.04	1.02
337.2	0.00255668	0.000766958	15707.5	1050	105	14759.6	84.2942	84.2942	337.177	337.177	0 22334.6 939.87 	23274.5	6.2169	6.55445	6700	670	0.0133165	0	2.04	1.02
337.4	0.00255668	0.00076699	15708.3	1050	105	14759.7	84.3635	84.3635	337.454	337.454	0 22333.8 940.152 	23273.9	6.21685	6.55445	6700	670	0.0133211	0	2.04	1.02
337.6	0.00255669	0.000767021	15709.1	1050	105	14759.7	84.4328	84.4328	337.731	337.731	0 22332.9 940.434 	23273.3	6.2168	6.55445	6700	670	0.0133258	0	2.04	1.02
337.8	0.00255669	0.000767053	15709.8	1050	105	14759.8	84.5022	84.5022	338.009	338.009	0 22332 940.719 	23272.7	6.21676	6.55445	6700	670	0.0133305	0	2.04	1.02
338	0.0025567	0.000767085	15710.6	1050	105	14759.9	84.5717	84.5717	338.287	338.287	0 22331.2 941.005 	23272.2	6.21671	6.55445	6700	670	0.0133352	0	2.04	1.02
338.2	0.00255671	0.000767116	15711.4	1050	105	14760	84.6413	84.6413	338.565	338.565	0 22330.3 941.292 	23271.6	6.21667	6.55445	6700	670	0.0133399	0	2.04	1.02
338.4	0.00255671	0.000767148	15712.1	1050	105	14760	84.7109	84.7109	338.844	338.844	0 22329.4 941.582 	23271	6.21662	6.55445	6700	670	0.0133446	0	2.04	1.02
338.6	0.00255672	0.000767179	15712.9	1050	105	14760.1	84.7806	84.7806	339.122	339.122	0 22328.6 941.872 	23270.4	6.21658	6.55445	6700	670	0.0133494	0	2.04	1.02
338.8	0.00255673	0.000767211	15713.7	1050	105	14760.2	84.8503	84.8503	339.401	339.401	0 22327.7 942.165 	23269.9	6.21653	6.55445	6700	670	0.0133542	0	2.04	1.02
339	0.00255673	0.000767242	15714.4	1050	105	14760.2	84.9201	84.9201	339.68	339.68	0 22326.8 942.459 	23269.3	6.21649	6.55445	6700	670	0.013359	0	2.04	1.02
339.2	0.00255674	0.000767274	15715.2	1050	105	14760.3	84.99	84.99	339.96	339.96	0 22326 942.754 	23268.7	6.21644	6.55445	6700	670	0.0133638	0	2.04	1.02
339.4	0.00255674	0.000767305	15715.9	1050	105	14760.3	85.0599	85.0599	340.24	340.24	0 22325.1 943.051 	23268.2	6.2164	6.55445	6700	670	0.0133687	0	2.04	1.02
339.6	0.00255675	0.000767336	15716.7	1050	105	14760.4	85.13	85.13	340.52	340.52	0 22324.3 943.35 	23267.6	6.21635	6.55445	6700	670	0.0133736	0	2.04	1.02
339.8	0.00255676	0.000767368	15717.5	1050	105	14760.5	85.2	85.2	340.8	340.8	0 22323.4 943.65 	23267.1	6.21631	6.55445	6700	670	0.0133785	0	2.04	1.02
340	0.00255676	0.000767399	15718.2	1050	105	14760.5	85.2702	85.2702	341.081	341.081	0 22322.5 943.952 	23266.5	6.21627	6.55445	6700	670	0.0133834	0	2.04	1.02
340.2	0.00255677	0.000767431	15719	1050	105	14760.6	85.3404	85.3404	341.362	341.362	0 22321.7 944.256 	23265.9	6.21622	6.55445	6700	670	0.0133884	0	2.04	1.02
340.4	0.00255677	0.000767462	15719.7	1050	105	14760.6	85.4107	85.4107	341.643	341.643	0 22320.8 944.561 	23265.4	6.21618	6.55445	6700	670	0.0133933	0	2.04	1.02
340.6	0.00255678	0.000767493	15720.5	1050	105	14760.7	85.481	85.481	341.924	341.924	0 22320 944.867 	23264.8	6.21614	6.55445	6700	670	0.0133983	0	2.04	1.02
340.8	0.00255679	0.000767525	15721.2	1050	105	14760.7	85.5515	85.5515	342.206	342.206	0 22319.1 945.175 	23264.3	6.21609	6.55445	6700	670	0.0134033	0	2.04	1.02
341	0.00255679	0.000767556	15722	1050	105	14760.8	85.6219	85.6219	342.488	342.488	0 22318.2 945.485 	23263.7	6.21605	6.55445	6700	670	0.0134084	0	2.04	1.02
341.2	0.0025568	0.000767587	15722.8	1050	105	14760.8	85.6925	85.6925	342.77	342.77	0 22317.4 945.796 	23263.2	6.21601	6.55445	6700	670	0.0134134	0	2.04	1.02
341.4	0.0025568	0.000767618	15723.5	1050	105	14760.9	85.7631	85.7631	343.052	343.052	0 22316.5 946.109 	23262.6	6.21596	6.55445	6700	670	0.0134185	0	2.04	1.02
341.6	0.00255681	0.00076765	15724.3	1050	105	14760.9	85.8338	85.8338	343.335	343.335	0 22315.7 946.423 	23262.1	6.21592	6.55445	6700	670	0.0134236	0	2.04	1.02
341.8	0.00255681	0.000767681	15725	1050	105	14761	85.9045	85.9045	343.618	343.618	0 22314.8 946.739 	23261.6	6.21588	6.55445	6700	670	0.0134287	0	2.04	1.02
342	0.00255682	0.000767712	15725.8	1050	105	14761	85.9754	85.9754	343.901	343.901	0 22314 947.057 	23261	6.21584	6.55445	6700	670	0.0134339	0	2.04	1.02
342.2	0.00255683	0.000767743	15726.5	1050	105	14761.1	86.0462	86.0462	344.185	344.185	0 22313.1 947.376 	23260.5	6.21579	6.55445	6700	670	0.0134391	0	2.04	1.02
342.4	0.00255683	0.000767774	15727.3	1050	105	14761.1	86.1172	86.1172	344.469	344.469	0 22312.3 947.697 	23259.9	6.21575	6.55445	6700	670	0.0134442	0	2.04	1.02
342.6	0.00255684	0.000767806	15728	1050	105	14761.2	86.1882	86.1882	344.753	344.753	0 22311.4 948.019 	23259.4	6.21571	6.55445	6700	670	0.0134495	0	2.04	1.02
342.8	0.00255684	0.000767837	15728.8	1050	105	14761.2	86.2593	86.2593	345.037	345.037	0 22310.5 948.343 	23258.9	6.21567	6.55445	6700	670	0.0134547	0	2.04	1.02
343	0.00255685	0.000767868	15729.5	1050	105	14761.2	86.3305	86.3305	345.322	345.322	0 22309.7 948.668 	23258.4	6.21563	6.55445	6700	670	0.01346	0	2.04	1.02
343.2	0.00255685	0.000767899	15730.3	1050	105	14761.3	86.4017	86.4017	345.607	345.607	0 22308.8 948.995 	23257.8	6.21558	6.55445	6700	670	0.0134652	0	2.04	1.02
343.4	0.00255686	0.00076793	15731	1050	105	14761.3	86.473	86.473	345.892	345.892	0 22308 949.323 	23257.3	6.21554	6.55445	6700	670	0.0134705	0	2.04	1.02
343.6	0.00255687	0.000767961	15731.8	1050	105	14761.3	86.5443	86.5443	346.177	346.177	0 22307.1 949.653 	23256.8	6.2155	6.55445	6700	670	0.0134759	0	2.04	1.02
343.8	0.00255687	0.000767992	15732.5	1050	105	14761.4	86.6157	86.6157	346.463	346.463	0 22306.3 949.985 	23256.3	6.21546	6.55445	6700	670	0.0134812	0	2.04	1.02
344	0.00255688	0.000768023	15733.3	1050	105	14761.4	86.6872	86.6872	346.749	346.749	0 22305.4 950.318 	23255.7	6.21542	6.55445	6700	670	0.0134866	0	2.04	1.02
344.2	0.00255688	0.000768054	15734	1050	105	14761.4	86.7588	86.7588	347.035	347.035	0 22304.6 950.653 	23255.2	6.21538	6.55445	6700	670	0.013492	0	2.04	1.02
344.4	0.00255689	0.000768085	15734.8	1050	105	14761.5	86.8304	86.8304	347.322	347.322	0 22303.7 950.989 	23254.7	6.21534	6.55445	6700	670	0.0134974	0	2.04	1.02
344.6	0.00255689	0.000768116	15735.5	1050	105	14761.5	86.9021	86.9021	347.608	347.608	0 22302.9 951.326 	23254.2	6.2153	6.55445	6700	670	0.0135028	0	2.04	1.02
344.8	0.0025569	0.000768147	15736.3	1050	105	14761.5	86.9739	86.9739	347.896	347.896	0 22302 951.666 	23253.7	6.21526	6.55445	6700	670	0.0135083	0	2.04	1.02
345	0.00255691	0.000768178	15737	1050	105	14761.6	87.0457	87.0457	348.183	348.183	0 22301.2 952.007 	23253.2	6.21522	6.55445	6700	670	0.0135137	0	2.04	1.02
345.2	0.00255691	0.000768209	15737.8	1050	105	14761.6	87.1176	87.1176	348.47	348.47	0 22300.3 952.349 	23252.7	6.21518	6.55445	6700	670	0.0135192	0	2.04	1.02
345.4	0.00255692	0.00076824	15738.5	1050	105	14761.6	87.1896	87.1896	348.758	348.758	0 22299.5 952.693 	23252.2	6.21514	6.55445	6700	670	0.0135248	0	2.04	1.02
345.6	0.00255692	0.000768271	15739.3	1050	105	14761.6	87.2616	87.2616	349.046	349.046	0 22298.6 953.038 	23251.7	6.2151	6.55445	6700	670	0.0135303	0	2.04	1.02
345.8	0.00255693	0.000768302	15740	1050	105	14761.7	87.3337	87.3337	349.335	349.335	0 22297.8 953.385 	23251.2	6.21506	6.55445	6700	670	0.0135359	0	2.04	1.02
346	0.00255693	0.000768332	15740.7	1050	105	14761.7	87.4059	87.4059	349.624	349.624	0 22296.9 953.734 	23250.7	6.21502	6.55445	6700	670	0.0135415	0	2.04	1.02
346.2	0.00255694	0.000768363	15741.5	1050	105	14761.7	87.4781	87.4781	349.913	349.913	0 22296.1 954.084 	23250.2	6.21498	6.55445	6700	670	0.0135471	0	2.04	1.02
346.4	0.00255694	0.000768394	15742.2	1050	105	14761.7	87.5504	87.5504	350.202	350.202	0 22295.2 954.436 	23249.7	6.21494	6.55445	6700	670	0.0135527	0	2.04	1.02
346.6	0.00255695	0.000768425	15743	1050	105	14761.7	87.6228	87.6228	350.491	350.491	0 22294.4 954.789 	23249.2	6.2149	6.55445	6700	670	0.0135584	0	2.04	1.02
346.8	0.00255695	0.000768456	15743.7	1050	105	14761.8	87.6953	87.6953	350.781	350.781	0 22293.5 955.143 	23248.7	6.21487	6.55445	6700	670	0.013564	0	2.04	1.02
347	0.00255696	0.000768486	15744.5	1050	105	14761.8	87.7678	87.7678	351.071	351.071	0 22292.7 955.5 	23248.2	6.21483	6.55445	6700	670	0.0135697	0	2.04	1.02
347.2	0.00255696	0.000768517	15745.2	1050	105	14761.8	87.8403	87.8403	351.361	351.361	0 22291.8 955.857 	23247.7	6.21479	6.55445	6700	670	0.0135755	0	2.04	1.02
347.4	0.00255697	0.000768548	15745.9	1050	105	14761.8	87.913	87.913	351.652	351.652	0 22291 956.217 	23247.2	6.21475	6.55445	6700	670	0.0135812	0	2.04	1.02
347.6	0.00255697	0.000768579	15746.7	1050	105	14761.8	87.9857	87.9857	351.943	351.943	0 22290.1 956.578 	23246.7	6.21471	6.55445	6700	670	0.013587	0	2.04	1.02
347.8	0.00255698	0.000768609	15747.4	1050	105	14761.8	88.0585	88.0585	352.234	352.234	0 22289.3 956.94 	23246.2	6.21467	6.55445	6700	670	0.0135927	0	2.04	1.02
348	0.00255699	0.00076864	15748.2	1050	105	14761.8	88.1313	88.1313	352.525	352.525	0 22288.5 957.304 	23245.8	6.21464	6.55445	6700	670	0.0135986	0	2.04	1.02
348.2	0.00255699	0.000768671	15748.9	1050	105	14761.8	88.2043	88.2043	352.817	352.817	0 22287.6 957.669 	23245.3	6.2146	6.55445	6700	670	0.0136044	0	2.04	1.02
348.4	0.002557	0.000768701	15749.6	1050	105	14761.9	88.2772	88.2772	353.109	353.109	0 22286.8 958.036 	23244.8	6.21456	6.55445	6700	670	0.0136102	0	2.04	1.02
348.6	0.002557	0.000768732	15750.4	1050	105	14761.9	88.3503	88.3503	353.401	353.401	0 22285.9 958.405 	23244.3	6.21452	6.55445	6700	670	0.0136161	0	2.04	1.02
348.8	0.00255701	0.000768763	15751.1	1050	105	14761.9	88.4234	88.4234	353.694	353.694	0 22285.1 958.775 	23243.9	6.21449	6.55445	6700	670	0.013622	0	2.04	1.02
349	0.00255701	0.000768793	15751.8	1050	105	14761.9	88.4966	88.4966	353.986	353.986	0 22284.2 959.146 	23243.4	6.21445	6.55445	6700	670	0.0136279	0	2.04	1.02
349.2	0.00255702	0.000768824	15752.6	1050	105	14761.9	88.5699	88.5699	354.28	354.28	0 22283.4 959.519 	23242.9	6.21441	6.55445	6700	670	0.0136339	0	2.04	1.02
349.4	0.00255702	0.000768854	15753.3	1050	105	14761.9	88.6432	88.6432	354.573	354.573	0 22282.6 959.894 	23242.4	6.21438	6.55445	6700	670	0.0136398	0	2.04	1.02
349.6	0.00255703	0.000768885	15754	1050	105	14761.9	88.7166	88.7166	354.866	354.866	0 22281.7 960.27 	23242	6.21434	6.55445	6700	670	0.0136458	0	2.04	1.02
349.8	0.00255703	0.000768916	15754.8	1050	105	14761.9	88.7901	88.7901	355.16	355.16	0 22280.9 960.647 	23241.5	6.2143	6.55445	6700	670	0.0136518	0	2.04	1.02
350	0.00255704	0.000768946	15755.5	1050	105	14761.9	88.8636	88.8636	355.454	355.454	0 22280 961.027 	23241.1	6.21427	6.55445	6700	670	0.0136578	0	2.04	1.02
350.2	0.00255704	0.000768977	15756.2	1050	105	14761.9	88.9372	88.9372	355.749	355.749	0 22279.2 961.407 	23240.6	6.21423	6.55445	6700	670	0.0136639	0	2.04	1.02
350.4	0.00255705	0.000769007	15757	1050	105	14761.9	89.0109	89.0109	356.044	356.044	0 22278.3 961.789 	23240.1	6.21419	6.55445	6700	670	0.0136699	0	2.04	1.02
350.6	0.00255705	0.000769038	15757.7	1050	105	14761.9	89.0846	89.0846	356.339	356.339	0 22277.5 962.173 	23239.7	6.21416	6.55445	6700	670	0.013676	0	2.04	1.02
350.8	0.00255706	0.000769068	15758.4	1050	105	14761.9	89.1585	89.1585	356.634	356.634	0 22276.7 962.558 	23239.2	6.21412	6.55445	6700	670	0.0136821	0	2.04	1.02
351	0.00255706	0.000769098	15759.2	1050	105	14761.9	89.2323	89.2323	356.929	356.929	0 22275.8 962.945 	23238.8	6.21409	6.55445	6700	670	0.0136883	0	2.04	1.02
351.2	0.00255707	0.000769129	15759.9	1050	105	14761.8	89.3063	89.3063	357.225	357.225	0 22275 963.333 	23238.3	6.21405	6.55445	6700	670	0.0136944	0	2.04	1.02
351.4	0.00255707	0.000769159	15760.6	1050	105	14761.8	89.3803	89.3803	357.521	357.521	0 22274.1 963.723 	23237.9	6.21402	6.55445	6700	670	0.0137006	0	2.04	1.02
351.6	0.00255707	0.00076919	15761.4	1050	105	14761.8	89.4544	89.4544	357.818	357.818	0 22273.3 964.114 	23237.4	6.21398	6.55445	6700	670	0.0137068	0	2.04	1.02
351.8	0.00255708	0.00076922	15762.1	1050	105	14761.8	89.5286	89.5286	358.114	358.114	0 22272.5 964.507 	23237	6.21395	6.55445	6700	670	0.013713	0	2.04	1.02
352	0.00255708	0.00076925	15762.8	1050	105	14761.8	89.6028	89.6028	358.411	358.411	0 22271.6 964.901 	23236.5	6.21391	6.55445	6700	670	0.0137192	0	2.04	1.02
352.2	0.00255709	0.000769281	15763.6	1050	105	14761.8	89.6771	89.6771	358.708	358.708	0 22270.8 965.297 	23236.1	6.21388	6.55445	6700	670	0.0137255	0	2.04	1.02
352.4	0.00255709	0.000769311	15764.3	1050	105	14761.8	89.7514	89.7514	359.006	359.006	0 22270 965.694 	23235.7	6.21384	6.55445	6700	670	0.0137318	0	2.04	1.02
352.6	0.0025571	0.000769341	15765	1050	105	14761.8	89.8259	89.8259	359.303	359.303	0 22269.1 966.093 	23235.2	6.21381	6.55445	6700	670	0.0137381	0	2.04	1.02
352.8	0.0025571	0.000769372	15765.7	1050	105	14761.7	89.9004	89.9004	359.602	359.602	0 22268.3 966.493 	23234.8	6.21377	6.55445	6700	670	0.0137444	0	2.04	1.02
353	0.00255711	0.000769402	15766.5	1050	105	14761.7	89.9749	89.9749	359.9	359.9	0 22267.5 966.895 	23234.3	6.21374	6.55445	6700	670	0.0137508	0	2.04	1.02
353.2	0.00255711	0.000769432	15767.2	1050	105	14761.7	90.0496	90.0496	360.198	360.198	0 22266.6 967.298 	23233.9	6.21371	6.55445	6700	670	0.0137571	0	2.04	1.02
353.4	0.00255712	0.000769463	15767.9	1050	105	14761.7	90.1243	90.1243	360.497	360.497	0 22265.8 967.703 	23233.5	6.21367	6.55445	6700	670	0.0137635	0	2.04	1.02
353.6	0.00255712	0.000769493	15768.6	1050	105	14761.7	90.1991	90.1991	360.796	360.796	0 22264.9 968.109 	23233.1	6.21364	6.55445	6700	670	0.0137699	0	2.04	1.02
353.8	0.00255713	0.000769523	15769.4	1050	105	14761.6	90.2739	90.2739	361.096	361.096	0 22264.1 968.517 	23232.6	6.2136	6.55445	6700	670	0.0137764	0	2.04	1.02
354	0.00255713	0.000769553	15770.1	1050	105	14761.6	90.3488	90.3488	361.395	361.395	0 22263.3 968.926 	23232.2	6.21357	6.55445	6700	670	0.0137828	0	2.04	1.02
354.2	0.00255714	0.000769584	15770.8	1050	105	14761.6	90.4238	90.4238	361.695	361.695	0 22262.4 969.337 	23231.8	6.21354	6.55445	6700	670	0.0137893	0	2.04	1.02
354.4	0.00255714	0.000769614	15771.5	1050	105	14761.6	90.4989	90.4989	361.996	361.996	0 22261.6 969.749 	23231.4	6.21351	6.55445	6700	670	0.0137958	0	2.04	1.02
354.6	0.00255714	0.000769644	15772.3	1050	105	14761.5	90.574	90.574	362.296	362.296	0 22260.8 970.163 	23230.9	6.21347	6.55445	6700	670	0.0138023	0	2.04	1.02
354.8	0.00255715	0.000769674	15773	1050	105	14761.5	90.6492	90.6492	362.597	362.597	0 22259.9 970.578 	23230.5	6.21344	6.55445	6700	670	0.0138089	0	2.04	1.02
355	0.00255715	0.000769704	15773.7	1050	105	14761.5	90.7245	90.7245	362.898	362.898	0 22259.1 970.995 	23230.1	6.21341	6.55445	6700	670	0.0138154	0	2.04	1.02
355.2	0.00255716	0.000769734	15774.4	1050	105	14761.4	90.7998	90.7998	363.199	363.199	0 22258.3 971.413 	23229.7	6.21337	6.55445	6700	670	0.013822	0	2.04	1.02
355.4	0.00255716	0.000769764	15775.2	1050	105	14761.4	90.8752	90.8752	363.501	363.501	0 22257.4 971.833 	23229.3	6.21334	6.55445	6700	670	0.0138286	0	2.04	1.02
355.6	0.00255717	0.000769795	15775.9	1050	105	14761.4	90.9507	90.9507	363.803	363.803	0 22256.6 972.254 	23228.9	6.21331	6.55445	6700	670	0.0138352	0	2.04	1.02
355.8	0.00255717	0.000769825	15776.6	1050	105	14761.3	91.0263	91.0263	364.105	364.105	0 22255.8 972.677 	23228.5	6.21328	6.55445	6700	670	0.0138419	0	2.04	1.02
356	0.00255718	0.000769855	15777.3	1050	105	14761.3	91.1019	91.1019	364.407	364.407	0 22254.9 973.101 	23228.1	6.21325	6.55445	6700	670	0.0138486	0	2.04	1.02
356.2	0.00255718	0.000769885	15778	1050	105	14761.3	91.1776	91.1776	364.71	364.71	0 22254.1 973.526 	23227.6	6.21321	6.55445	6700	670	0.0138552	0	2.04	1.02
356.4	0.00255718	0.000769915	15778.8	1050	105	14761.2	91.2533	91.2533	365.013	365.013	0 22253.3 973.954 	23227.2	6.21318	6.55445	6700	670	0.013862	0	2.04	1.02
356.6	0.00255719	0.000769945	15779.5	1050	105	14761.2	91.3291	91.3291	365.317	365.317	0 22252.5 974.382 	23226.8	6.21315	6.55445	6700	670	0.0138687	0	2.04	1.02
356.8	0.00255719	0.000769975	15780.2	1050	105	14761.1	91.405	91.405	365.62	365.62	0 22251.6 974.812 	23226.4	6.21312	6.55445	6700	670	0.0138754	0	2.04	1.02
357	0.0025572	0.000770005	15780.9	1050	105	14761.1	91.481	91.481	365.924	365.924	0 22250.8 975.244 	23226	6.21309	6.55445	6700	670	0.0138822	0	2.04	1.02
357.2	0.0025572	0.000770035	15781.6	1050	105	14761.1	91.557	91.557	366.228	366.228	0 22250 975.677 	23225.6	6.21306	6.55445	6700	670	0.013889	0	2.04	1.02
357.4	0.00255721	0.000770065	15782.4	1050	105	14761	91.6331	91.6331	366.533	366.533	0 22249.1 976.112 	23225.3	6.21303	6.55445	6700	670	0.0138958	0	2.04	1.02
357.6	0.00255721	0.000770095	15783.1	1050	105	14761	91.7093	91.7093	366.837	366.837	0 22248.3 976.548 	23224.9	6.213	6.55445	6700	670	0.0139027	0	2.04	1.02
357.8	0.00255721	0.000770125	15783.8	1050	105	14760.9	91.7856	91.7856	367.142	367.142	0 22247.5 976.985 	23224.5	6.21296	6.55445	6700	670	0.0139095	0	2.04	1.02
358	0.00255722	0.000770155	15784.5	1050	105	14760.9	91.8619	91.8619	367.448	367.448	0 22246.7 977.424 	23224.1	6.21293	6.55445	6700	670	0.0139164	0	2.04	1.02
358.2	0.00255722	0.000770185	15785.2	1050	105	14760.8	91.9383	91.9383	367.753	367.753	0 22245.8 977.865 	23223.7	6.2129	6.55445	6700	670	0.0139233	0	2.04	1.02
358.4	0.00255723	0.000770214	15785.9	1050	105	14760.8	92.0147	92.0147	368.059	368.059	0 22245 978.307 	23223.3	6.21287	6.55445	6700	670	0.0139302	0	2.04	1.02
358.6	0.00255723	0.000770244	15786.6	1050	105	14760.7	92.0913	92.0913	368.365	368.365	0 22244.2 978.75 	23222.9	6.21284	6.55445	6700	670	0.0139372	0	2.04	1.02
358.8	0.00255724	0.000770274	15787.4	1050	105	14760.7	92.1678	92.1678	368.671	368.671	0 22243.3 979.195 	23222.5	6.21281	6.55445	6700	670	0.0139441	0	2.04	1.02
359	0.00255724	0.000770304	15788.1	1050	105	14760.6	92.2445	92.2445	368.978	368.978	0 22242.5 979.641 	23222.2	6.21278	6.55445	6700	670	0.0139511	0	2.04	1.02
359.2	0.00255724	0.000770334	15788.8	1050	105	14760.6	92.3213	92.3213	369.285	369.285	0 22241.7 980.089 	23221.8	6.21275	6.55445	6700	670	0.0139581	0	2.04	1.02
359.4	0.00255725	0.000770364	15789.5	1050	105	14760.5	92.3981	92.3981	369.592	369.592	0 22240.9 980.538 	23221.4	6.21272	6.55445	6700	670	0.0139652	0	2.04	1.02
359.6	0.00255725	0.000770394	15790.2	1050	105	14760.5	92.4749	92.4749	369.9	369.9	0 22240 980.989 	23221	6.2127	6.55445	6700	670	0.0139722	0	2.04	1.02
359.8	0.00255726	0.000770423	15790.9	1050	105	14760.4	92.5519	92.5519	370.208	370.208	0 22239.2 981.441 	23220.7	6.21267	6.55445	6700	670	0.0139793	0	2.04	1.02
360	0.00255726	0.000770453	15791.6	1050	105	14760.3	92.6289	92.6289	370.516	370.516	0 22238.4 981.895 	23220.3	6.21264	6.55445	6700	670	0.0139864	0	2.04	1.02
360.2	0.00255726	0.000770483	15792.3	1050	105	14760.3	92.706	92.706	370.824	370.824	0 22237.6 982.35 	23219.9	6.21261	6.55445	6700	670	0.0139935	0	2.04	1.02
360.4	0.00255727	0.000770513	15793.1	1050	105	14760.2	92.7832	92.7832	371.133	371.133	0 22236.7 982.807 	23219.5	6.21258	6.55445	6700	670	0.0140006	0	2.04	1.02
360.6	0.00255727	0.000770542	15793.8	1050	105	14760.2	92.8604	92.8604	371.442	371.442	0 22235.9 983.265 	23219.2	6.21255	6.55445	6700	670	0.0140078	0	2.04	1.02
360.8	0.00255728	0.000770572	15794.5	1050	105	14760.1	92.9377	92.9377	371.751	371.751	0 22235.1 983.725 	23218.8	6.21252	6.55445	6700	670	0.014015	0	2.04	1.02
361	0.00255728	0.000770602	15795.2	1050	105	14760	93.0151	93.0151	372.06	372.06	0 22234.3 984.186 	23218.5	6.21249	6.55445	6700	670	0.0140222	0	2.04	1.02
361.2	0.00255728	0.000770632	15795.9	1050	105	14760	93.0925	93.0925	372.37	372.37	0 22233.4 984.648 	23218.1	6.21247	6.55445	6700	670	0.0140294	0	2.04	1.02
361.4	0.00255729	0.000770661	15796.6	1050	105	14759.9	93.17	93.17	372.68	372.68	0 22232.6 985.112 	23217.7	6.21244	6.55445	6700	670	0.0140366	0	2.04	1.02
361.6	0.00255729	0.000770691	15797.3	1050	105	14759.8	93.2476	93.2476	372.991	372.991	0 22231.8 985.578 	23217.4	6.21241	6.55445	6700	670	0.0140439	0	2.04	1.02
361.8	0.00255729	0.000770721	15798	1050	105	14759.8	93.3253	93.3253	373.301	373.301	0 22231 986.044 	23217	6.21238	6.55445	6700	670	0.0140512	0	2.04	1.02
362	0.0025573	0.00077075	15798.7	1050	105	14759.7	93.403	93.403	373.612	373.612	0 22230.2 986.513 	23216.7	6.21235	6.55445	6700	670	0.0140585	0	2.04	1.02
362.2	0.0025573	0.00077078	15799.4	1050	105	14759.6	93.4808	93.4808	373.923	373.923	0 22229.3 986.983 	23216.3	6.21233	6.55445	6700	670	0.0140658	0	2.04	1.02
362.4	0.00255731	0.00077081	15800.2	1050	105	14759.6	93.5587	93.5587	374.235	374.235	0 22228.5 987.454 	23216	6.2123	6.55445	6700	670	0.0140732	0	2.04	1.02
362.6	0.00255731	0.000770839	15800.9	1050	105	14759.5	93.6366	93.6366	374.547	374.547	0 22227.7 987.927 	23215.6	6.21227	6.55445	6700	670	0.0140805	0	2.04	1.02
362.8	0.00255731	0.000770869	15801.6	1050	105	14759.4	93.7146	93.7146	374.859	374.859	0 22226.9 988.401 	23215.3	6.21224	6.55445	6700	670	0.0140879	0	2.04	1.02
363	0.00255732	0.000770898	15802.3	1050	105	14759.3	93.7927	93.7927	375.171	375.171	0 22226 988.876 	23214.9	6.21222	6.55445	6700	670	0.0140953	0	2.04	1.02
363.2	0.00255732	0.000770928	15803	1050	105	14759.3	93.8709	93.8709	375.484	375.484	0 22225.2 989.353 	23214.6	6.21219	6.55445	6700	670	0.0141027	0	2.04	1.02
363.4	0.00255732	0.000770958	15803.7	1050	105	14759.2	93.9491	93.9491	375.796	375.796	0 22224.4 989.832 	23214.2	6.21216	6.55445	6700	670	0.0141102	0	2.04	1.02
363.6	0.00255733	0.000770987	15804.4	1050	105	14759.1	94.0274	94.0274	376.11	376.11	0 22223.6 990.312 	23213.9	6.21214	6.55445	6700	670	0.0141177	0	2.04	1.02
363.8	0.00255733	0.000771017	15805.1	1050	105	14759	94.1058	94.1058	376.423	376.423	0 22222.8 990.793 	23213.6	6.21211	6.55445	6700	670	0.0141252	0	2.04	1.02
364	0.00255734	0.000771046	15805.8	1050	105	14759	94.1842	94.1842	376.737	376.737	0 22221.9 991.276 	23213.2	6.21208	6.55445	6700	670	0.0141327	0	2.04	1.02
364.2	0.00255734	0.000771076	15806.5	1050	105	14758.9	94.2627	94.2627	377.051	377.051	0 22221.1 991.761 	23212.9	6.21206	6.55445	6700	670	0.0141402	0	2.04	1.02
364.4	0.00255734	0.000771105	15807.2	1050	105	14758.8	94.3413	94.3413	377.365	377.365	0 22220.3 992.246 	23212.6	6.21203	6.55445	6700	670	0.0141478	0	2.04	1.02
364.6	0.00255735	0.000771135	15807.9	1050	105	14758.7	94.42	94.42	377.68	377.68	0 22219.5 992.734 	23212.2	6.21201	6.55445	6700	670	0.0141553	0	2.04	1.02
364.8	0.00255735	0.000771164	15808.6	1050	105	14758.6	94.4987	94.4987	377.995	377.995	0 22218.7 993.222 	23211.9	6.21198	6.55445	6700	670	0.0141629	0	2.04	1.02
365	0.00255735	0.000771194	15809.3	1050	105	14758.5	94.5775	94.5775	378.31	378.31	0 22217.8 993.712 	23211.6	6.21195	6.55445	6700	670	0.0141706	0	2.04	1.02
365.2	0.00255736	0.000771223	15810	1050	105	14758.4	94.6564	94.6564	378.625	378.625	0 22217 994.204 	23211.2	6.21193	6.55445	6700	670	0.0141782	0	2.04	1.02
365.4	0.00255736	0.000771253	15810.7	1050	105	14758.4	94.7353	94.7353	378.941	378.941	0 22216.2 994.697 	23210.9	6.2119	6.55445	6700	670	0.0141859	0	2.04	1.02
365.6	0.00255736	0.000771282	15811.4	1050	105	14758.3	94.8143	94.8143	379.257	379.257	0 22215.4 995.191 	23210.6	6.21188	6.55445	6700	670	0.0141935	0	2.04	1.02
365.8	0.00255737	0.000771311	15812.1	1050	105	14758.2	94.8934	94.8934	379.574	379.574	0 22214.6 995.687 	23210.3	6.21185	6.55445	6700	670	0.0142012	0	2.04	1.02
366	0.00255737	0.000771341	15812.8	1050	105	14758.1	94.9726	94.9726	379.89	379.89	0 22213.8 996.185 	23209.9	6.21183	6.55445	6700	670	0.014209	0	2.04	1.02
366.2	0.00255737	0.00077137	15813.5	1050	105	14758	95.0518	95.0518	380.207	380.207	0 22212.9 996.683 	23209.6	6.2118	6.55445	6700	670	0.0142167	0	2.04	1.02
366.4	0.00255738	0.0007714	15814.2	1050	105	14757.9	95.1311	95.1311	380.524	380.524	0 22212.1 997.184 	23209.3	6.21178	6.55445	6700	670	0.0142245	0	2.04	1.02
366.6	0.00255738	0.000771429	15814.9	1050	105	14757.8	95.2105	95.2105	380.842	380.842	0 22211.3 997.685 	23209	6.21175	6.55445	6700	670	0.0142323	0	2.04	1.02
366.8	0.00255738	0.000771458	15815.6	1050	105	14757.7	95.2899	95.2899	381.16	381.16	0 22210.5 998.188 	23208.7	6.21173	6.55445	6700	670	0.0142401	0	2.04	1.02
367	0.00255739	0.000771488	15816.3	1050	105	14757.6	95.3694	95.3694	381.478	381.478	0 22209.7 998.693 	23208.4	6.21171	6.55445	6700	670	0.0142479	0	2.04	1.02
367.2	0.00255739	0.000771517	15817	1050	105	14757.5	95.449	95.449	381.796	381.796	0 22208.9 999.199 	23208.1	6.21168	6.55445	6700	670	0.0142557	0	2.04	1.02
367.4	0.00255739	0.000771546	15817.7	1050	105	14757.4	95.5287	95.5287	382.115	382.115	0 22208.1 999.706 	23207.8	6.21166	6.55445	6700	670	0.0142636	0	2.04	1.02
367.6	0.0025574	0.000771576	15818.4	1050	105	14757.3	95.6084	95.6084	382.434	382.434	0 22207.2 1000.22 	23207.5	6.21163	6.55445	6700	670	0.0142715	0	2.04	1.02
367.8	0.0025574	0.000771605	15819.1	1050	105	14757.2	95.6882	95.6882	382.753	382.753	0 22206.4 1000.73 	23207.1	6.21161	6.55445	6700	670	0.0142794	0	2.04	1.02
368	0.0025574	0.000771634	15819.8	1050	105	14757.1	95.7681	95.7681	383.072	383.072	0 22205.6 1001.24 	23206.8	6.21159	6.55445	6700	670	0.0142873	0	2.04	1.02
368.2	0.00255741	0.000771663	15820.5	1050	105	14757	95.848	95.848	383.392	383.392	0 22204.8 1001.75 	23206.5	6.21156	6.55445	6700	670	0.0142953	0	2.04	1.02
368.4	0.00255741	0.000771693	15821.2	1050	105	14756.9	95.9281	95.9281	383.712	383.712	0 22204 1002.26 	23206.2	6.21154	6.55445	6700	670	0.0143033	0	2.04	1.02
368.6	0.00255741	0.000771722	15821.9	1050	105	14756.8	96.0081	96.0081	384.033	384.033	0 22203.2 1002.78 	23205.9	6.21152	6.55445	6700	670	0.0143112	0	2.04	1.02
368.8	0.00255742	0.000771751	15822.6	1050	105	14756.7	96.0883	96.0883	384.353	384.353	0 22202.4 1003.3 	23205.6	6.21149	6.55445	6700	670	0.0143193	0	2.04	1.02
369	0.00255742	0.00077178	15823.3	1050	105	14756.6	96.1686	96.1686	384.674	384.674	0 22201.5 1003.82 	23205.4	6.21147	6.55445	6700	670	0.0143273	0	2.04	1.02
369.2	0.00255742	0.00077181	15824	1050	105	14756.5	96.2489	96.2489	384.995	384.995	0 22200.7 1004.34 	23205.1	6.21145	6.55445	6700	670	0.0143353	0	2.04	1.02
369.4	0.00255743	0.000771839	15824.7	1050	105	14756.4	96.3292	96.3292	385.317	385.317	0 22199.9 1004.86 	23204.8	6.21142	6.55445	6700	670	0.0143434	0	2.04	1.02
369.6	0.00255743	0.000771868	15825.4	1050	105	14756.3	96.4097	96.4097	385.639	385.639	0 22199.1 1005.38 	23204.5	6.2114	6.55445	6700	670	0.0143515	0	2.04	1.02
369.8	0.00255743	0.000771897	15826	1050	105	14756.1	96.4902	96.4902	385.961	385.961	0 22198.3 1005.91 	23204.2	6.21138	6.55445	6700	670	0.0143596	0	2.04	1.02
370	0.00255743	0.000771926	15826.7	1050	105	14756	96.5708	96.5708	386.283	386.283	0 22197.5 1006.43 	23203.9	6.21136	6.55445	6700	670	0.0143678	0	2.04	1.02
370.2	0.00255744	0.000771955	15827.4	1050	105	14755.9	96.6515	96.6515	386.606	386.606	0 22196.7 1006.96 	23203.6	6.21133	6.55445	6700	670	0.0143759	0	2.04	1.02
370.4	0.00255744	0.000771985	15828.1	1050	105	14755.8	96.7322	96.7322	386.929	386.929	0 22195.9 1007.49 	23203.3	6.21131	6.55445	6700	670	0.0143841	0	2.04	1.02
370.6	0.00255744	0.000772014	15828.8	1050	105	14755.7	96.8131	96.8131	387.252	387.252	0 22195 1008.02 	23203.1	6.21129	6.55445	6700	670	0.0143923	0	2.04	1.02
370.8	0.00255745	0.000772043	15829.5	1050	105	14755.6	96.894	96.894	387.576	387.576	0 22194.2 1008.55 	23202.8	6.21127	6.55445	6700	670	0.0144005	0	2.04	1.02
371	0.00255745	0.000772072	15830.2	1050	105	14755.4	96.9749	96.9749	387.9	387.9	0 22193.4 1009.08 	23202.5	6.21125	6.55445	6700	670	0.0144088	0	2.04	1.02
371.2	0.00255745	0.000772101	15830.9	1050	105	14755.3	97.056	97.056	388.224	388.224	0 22192.6 1009.62 	23202.2	6.21123	6.55445	6700	670	0.014417	0	2.04	1.02
371.4	0.00255746	0.00077213	15831.6	1050	105	14755.2	97.1371	97.1371	388.548	388.548	0 22191.8 1010.15 	23202	6.2112	6.55445	6700	670	0.0144253	0	2.04	1.02
371.6	0.00255746	0.000772159	15832.3	1050	105	14755.1	97.2182	97.2182	388.873	388.873	0 22191 1010.69 	23201.7	6.21118	6.55445	6700	670	0.0144336	0	2.04	1.02
371.8	0.00255746	0.000772188	15833	1050	105	14755	97.2995	97.2995	389.198	389.198	0 22190.2 1011.23 	23201.4	6.21116	6.55445	6700	670	0.0144419	0	2.04	1.02
372	0.00255746	0.000772217	15833.6	1050	105	14754.8	97.3808	97.3808	389.523	389.523	0 22189.4 1011.77 	23201.1	6.21114	6.55445	6700	670	0.0144503	0	2.04	1.02
372.2	0.00255747	0.000772246	15834.3	1050	105	14754.7	97.4622	97.4622	389.849	389.849	0 22188.6 1012.31 	23200.9	6.21112	6.55445	6700	670	0.0144586	0	2.04	1.02
372.4	0.00255747	0.000772275	15835	1050	105	14754.6	97.5437	97.5437	390.175	390.175	0 22187.7 1012.86 	23200.6	6.2111	6.55445	6700	670	0.014467	0	2.04	1.02
372.6	0.00255747	0.000772304	15835.7	1050	105	14754.5	97.6252	97.6252	390.501	390.501	0 22186.9 1013.4 	23200.3	6.21108	6.55445	6700	670	0.0144754	0	2.04	1.02
372.8	0.00255748	0.000772333	15836.4	1050	105	14754.3	97.7069	97.7069	390.827	390.827	0 22186.1 1013.95 	23200.1	6.21106	6.55445	6700	670	0.0144839	0	2.04	1.02
373	0.00255748	0.000772362	15837.1	1050	105	14754.2	97.7886	97.7886	391.154	391.154	0 22185.3 1014.49 	23199.8	6.21104	6.55445	6700	670	0.0144923	0	2.04	1.02
373.2	0.00255748	0.000772391	15837.8	1050	105	14754.1	97.8703	97.8703	391.481	391.481	0 22184.5 1015.04 	23199.6	6.21102	6.55445	6700	670	0.0145008	0	2.04	1.02
373.4	0.00255748	0.00077242	15838.5	1050	105	14753.9	97.9522	97.9522	391.809	391.809	0 22183.7 1015.59 	23199.3	6.211	6.55445	6700	670	0.0145093	0	2.04	1.02
373.6	0.00255749	0.000772449	15839.1	1050	105	14753.8	98.0341	98.0341	392.136	392.136	0 22182.9 1016.14 	23199	6.21098	6.55445	6700	670	0.0145178	0	2.04	1.02
373.8	0.00255749	0.000772478	15839.8	1050	105	14753.7	98.1161	98.1161	392.464	392.464	0 22182.1 1016.7 	23198.8	6.21096	6.55445	6700	670	0.0145263	0	2.04	1.02
374	0.00255749	0.000772507	15840.5	1050	105	14753.5	98.1981	98.1981	392.792	392.792	0 22181.3 1017.25 	23198.5	6.21094	6.55445	6700	670	0.0145348	0	2.04	1.02
374.2	0.0025575	0.000772536	15841.2	1050	105	14753.4	98.2802	98.2802	393.121	393.121	0 22180.5 1017.81 	23198.3	6.21092	6.55445	6700	670	0.0145434	0	2.04	1.02
374.4	0.0025575	0.000772565	15841.9	1050	105	14753.3	98.3625	98.3625	393.45	393.45	0 22179.7 1018.36 	23198	6.2109	6.55445	6700	670	0.014552	0	2.04	1.02
374.6	0.0025575	0.000772594	15842.6	1050	105	14753.1	98.4447	98.4447	393.779	393.779	0 22178.9 1018.92 	23197.8	6.21088	6.55445	6700	670	0.0145606	0	2.04	1.02
374.8	0.0025575	0.000772623	15843.3	1050	105	14753	98.5271	98.5271	394.108	394.108	0 22178.1 1019.48 	23197.5	6.21086	6.55445	6700	670	0.0145692	0	2.04	1.02
375	0.00255751	0.000772652	15843.9	1050	105	14752.9	98.6095	98.6095	394.438	394.438	0 22177.2 1020.04 	23197.3	6.21084	6.55445	6700	670	0.0145779	0	2.04	1.02
375.2	0.00255751	0.000772681	15844.6	1050	105	14752.7	98.692	98.692	394.768	394.768	0 22176.4 1020.61 	23197	6.21082	6.55445	6700	670	0.0145866	0	2.04	1.02
375.4	0.00255751	0.00077271	15845.3	1050	105	14752.6	98.7746	98.7746	395.098	395.098	0 22175.6 1021.17 	23196.8	6.2108	6.55445	6700	670	0.0145953	0	2.04	1.02
375.6	0.00255751	0.000772738	15846	1050	105	14752.4	98.8572	98.8572	395.429	395.429	0 22174.8 1021.73 	23196.6	6.21078	6.55445	6700	670	0.014604	0	2.04	1.02
375.8	0.00255752	0.000772767	15846.7	1050	105	14752.3	98.9399	98.9399	395.76	395.76	0 22174 1022.3 	23196.3	6.21077	6.55445	6700	670	0.0146127	0	2.04	1.02
376	0.00255752	0.000772796	15847.4	1050	105	14752.1	99.0227	99.0227	396.091	396.091	0 22173.2 1022.87 	23196.1	6.21075	6.55445	6700	670	0.0146215	0	2.04	1.02
376.2	0.00255752	0.000772825	15848	1050	105	14752	99.1056	99.1056	396.422	396.422	0 22172.4 1023.44 	23195.8	6.21073	6.55445	6700	670	0.0146302	0	2.04	1.02
376.4	0.00255752	0.000772854	15848.7	1050	105	14751.8	99.1885	99.1885	396.754	396.754	0 22171.6 1024.01 	23195.6	6.21071	6.55445	6700	670	0.014639	0	2.04	1.02
376.6	0.00255753	0.000772883	15849.4	1050	105	14751.7	99.2716	99.2716	397.086	397.086	0 22170.8 1024.58 	23195.4	6.21069	6.55445	6700	670	0.0146478	0	2.04	1.02
376.8	0.00255753	0.000772911	15850.1	1050	105	14751.5	99.3547	99.3547	397.419	397.419	0 22170 1025.16 	23195.2	6.21067	6.55445	6700	670	0.0146567	0	2.04	1.02
377	0.00255753	0.00077294	15850.8	1050	105	14751.4	99.4378	99.4378	397.751	397.751	0 22169.2 1025.73 	23194.9	6.21066	6.55445	6700	670	0.0146655	0	2.04	1.02
377.2	0.00255753	0.000772969	15851.5	1050	105	14751.2	99.5211	99.5211	398.084	398.084	0 22168.4 1026.31 	23194.7	6.21064	6.55445	6700	670	0.0146744	0	2.04	1.02
377.4	0.00255754	0.000772998	15852.1	1050	105	14751.1	99.6044	99.6044	398.417	398.417	0 22167.6 1026.89 	23194.5	6.21062	6.55445	6700	670	0.0146833	0	2.04	1.02
377.6	0.00255754	0.000773027	15852.8	1050	105	14750.9	99.6877	99.6877	398.751	398.751	0 22166.8 1027.47 	23194.2	6.2106	6.55445	6700	670	0.0146922	0	2.04	1.02
377.8	0.00255754	0.000773055	15853.5	1050	105	14750.8	99.7712	99.7712	399.085	399.085	0 22166 1028.05 	23194	6.21059	6.55445	6700	670	0.0147012	0	2.04	1.02
378	0.00255754	0.000773084	15854.2	1050	105	14750.6	99.8547	99.8547	399.419	399.419	0 22165.2 1028.63 	23193.8	6.21057	6.55445	6700	670	0.0147101	0	2.04	1.02
378.2	0.00255755	0.000773113	15854.9	1050	105	14750.5	99.9383	99.9383	399.753	399.753	0 22164.4 1029.21 	23193.6	6.21055	6.55445	6700	670	0.0147191	0	2.04	1.02
378.4	0.00255755	0.000773142	15855.5	1050	105	14750.3	100.022	100.022	400.088	400.088	0 22163.6 1029.8 	23193.4	6.21054	6.55445	6700	670	0.0147281	0	2.04	1.02
378.6	0.00255755	0.00077317	15856.2	1050	105	14750.2	100.106	100.106	400.423	400.423	0 22162.8 1030.39 	23193.1	6.21052	6.55445	6700	670	0.0147371	0	2.04	1.02
378.8	0.00255755	0.000773199	15856.9	1050	105	14750	100.19	100.19	400.758	400.758	0 22162 1030.97 	23192.9	6.2105	6.55445	6700	670	0.0147461	0	2.04	1.02
379	0.00255755	0.000773228	15857.6	1050	105	14749.8	100.274	100.274	401.094	401.094	0 22161.2 1031.56 	23192.7	6.21049	6.55445	6700	670	0.0147552	0	2.04	1.02
379.2	0.00255756	0.000773256	15858.2	1050	105	14749.7	100.357	100.357	401.43	401.43	0 22160.3 1032.15 	23192.5	6.21047	6.55445	6700	670	0.0147643	0	2.04	1.02
379.4	0.00255756	0.000773285	15858.9	1050	105	14749.5	100.442	100.442	401.766	401.766	0 22159.5 1032.74 	23192.3	6.21045	6.55445	6700	670	0.0147734	0	2.04	1.02
379.6	0.00255756	0.000773314	15859.6	1050	105	14749.3	100.526	100.526	402.103	402.103	0 22158.7 1033.34 	23192.1	6.21044	6.55445	6700	670	0.0147825	0	2.04	1.02
379.8	0.00255756	0.000773342	15860.3	1050	105	14749.2	100.61	100.61	402.439	402.439	0 22157.9 1033.93 	23191.9	6.21042	6.55445	6700	670	0.0147916	0	2.04	1.02
380	0.00255757	0.000773371	15861	1050	105	14749	100.694	100.694	402.777	402.777	0 22157.1 1034.53 	23191.7	6.2104	6.55445	6700	670	0.0148008	0	2.04	1.02
380.2	0.00255757	0.0007734	15861.6	1050	105	14748.8	100.778	100.778	403.114	403.114	0 22156.3 1035.13 	23191.5	6.21039	6.55445	6700	670	0.01481	0	2.04	1.02
380.4	0.00255757	0.000773428	15862.3	1050	105	14748.7	100.863	100.863	403.452	403.452	0 22155.5 1035.73 	23191.3	6.21037	6.55445	6700	670	0.0148192	0	2.04	1.02
380.6	0.00255757	0.000773457	15863	1050	105	14748.5	100.947	100.947	403.79	403.79	0 22154.7 1036.33 	23191.1	6.21036	6.55445	6700	670	0.0148284	0	2.04	1.02
380.8	0.00255757	0.000773485	15863.7	1050	105	14748.3	101.032	101.032	404.128	404.128	0 22153.9 1036.93 	23190.9	6.21034	6.55445	6700	670	0.0148376	0	2.04	1.02
381	0.00255758	0.000773514	15864.3	1050	105	14748.2	101.117	101.117	404.467	404.467	0 22153.1 1037.53 	23190.7	6.21033	6.55445	6700	670	0.0148469	0	2.04	1.02
381.2	0.00255758	0.000773543	15865	1050	105	14748	101.201	101.201	404.805	404.805	0 22152.3 1038.14 	23190.5	6.21031	6.55445	6700	670	0.0148562	0	2.04	1.02
381.4	0.00255758	0.000773571	15865.7	1050	105	14747.8	101.286	101.286	405.145	405.145	0 22151.5 1038.74 	23190.3	6.2103	6.55445	6700	670	0.0148655	0	2.04	1.02
381.6	0.00255758	0.0007736	15866.4	1050	105	14747.6	101.371	101.371	405.484	405.484	0 22150.7 1039.35 	23190.1	6.21028	6.55445	6700	670	0.0148748	0	2.04	1.02
381.8	0.00255758	0.000773628	15867	1050	105	14747.5	101.456	101.456	405.824	405.824	0 22149.9 1039.96 	23189.9	6.21027	6.55445	6700	670	0.0148842	0	2.04	1.02
382	0.00255759	0.000773657	15867.7	1050	105	14747.3	101.541	101.541	406.164	406.164	0 22149.1 1040.57 	23189.7	6.21025	6.55445	6700	670	0.0148935	0	2.04	1.02
382.2	0.00255759	0.000773686	15868.4	1050	105	14747.1	101.626	101.626	406.504	406.504	0 22148.3 1041.18 	23189.5	6.21024	6.55445	6700	670	0.0149029	0	2.04	1.02
382.4	0.00255759	0.000773714	15869	1050	105	14746.9	101.711	101.711	406.845	406.845	0 22147.5 1041.79 	23189.3	6.21022	6.55445	6700	670	0.0149123	0	2.04	1.02
382.6	0.00255759	0.000773743	15869.7	1050	105	14746.8	101.797	101.797	407.186	407.186	0 22146.7 1042.4 	23189.1	6.21021	6.55445	6700	670	0.0149217	0	2.04	1.02
382.8	0.00255759	0.000773771	15870.4	1050	105	14746.6	101.882	101.882	407.527	407.527	0 22145.9 1043.02 	23189	6.21019	6.55445	6700	670	0.0149312	0	2.04	1.02
383	0.0025576	0.0007738	15871.1	1050	105	14746.4	101.967	101.967	407.869	407.869	0 22145.1 1043.64 	23188.8	6.21018	6.55445	6700	670	0.0149406	0	2.04	1.02
383.2	0.0025576	0.000773828	15871.7	1050	105	14746.2	102.053	102.053	408.211	408.211	0 22144.3 1044.26 	23188.6	6.21017	6.55445	6700	670	0.0149501	0	2.04	1.02
383.4	0.0025576	0.000773857	15872.4	1050	105	14746	102.138	102.138	408.553	408.553	0 22143.5 1044.88 	23188.4	6.21015	6.55445	6700	670	0.0149596	0	2.04	1.02
383.6	0.0025576	0.000773885	15873.1	1050	105	14745.8	102.224	102.224	408.895	408.895	0 22142.7 1045.5 	23188.2	6.21014	6.55445	6700	670	0.0149691	0	2.04	1.02
383.8	0.0025576	0.000773914	15873.8	1050	105	14745.7	102.31	102.31	409.238	409.238	0 22141.9 1046.12 	23188.1	6.21013	6.55445	6700	670	0.0149787	0	2.04	1.02
384	0.00255761	0.000773942	15874.4	1050	105	14745.5	102.395	102.395	409.581	409.581	0 22141.1 1046.74 	23187.9	6.21011	6.55445	6700	670	0.0149883	0	2.04	1.02
384.2	0.00255761	0.000773971	15875.1	1050	105	14745.3	102.481	102.481	409.925	409.925	0 22140.3 1047.37 	23187.7	6.2101	6.55445	6700	670	0.0149978	0	2.04	1.02
384.4	0.00255761	0.000773999	15875.8	1050	105	14745.1	102.567	102.567	410.268	410.268	0 22139.5 1047.99 	23187.5	6.21009	6.55445	6700	670	0.0150074	0	2.04	1.02
384.6	0.00255761	0.000774027	15876.4	1050	105	14744.9	102.653	102.653	410.612	410.612	0 22138.7 1048.62 	23187.4	6.21007	6.55445	6700	670	0.0150171	0	2.04	1.02
384.8	0.00255761	0.000774056	15877.1	1050	105	14744.7	102.739	102.739	410.957	410.957	0 22137.9 1049.25 	23187.2	6.21006	6.55445	6700	670	0.0150267	0	2.04	1.02
385	0.00255761	0.000774084	15877.8	1050	105	14744.5	102.825	102.825	411.301	411.301	0 22137.1 1049.88 	23187	6.21005	6.55445	6700	670	0.0150364	0	2.04	1.02
385.2	0.00255762	0.000774113	15878.4	1050	105	14744.3	102.912	102.912	411.646	411.646	0 22136.4 1050.51 	23186.9	6.21003	6.55445	6700	670	0.0150461	0	2.04	1.02
385.4	0.00255762	0.000774141	15879.1	1050	105	14744.1	102.998	102.998	411.991	411.991	0 22135.6 1051.15 	23186.7	6.21002	6.55445	6700	670	0.0150558	0	2.04	1.02
385.6	0.00255762	0.00077417	15879.8	1050	105	14743.9	103.084	103.084	412.337	412.337	0 22134.8 1051.78 	23186.5	6.21001	6.55445	6700	670	0.0150655	0	2.04	1.02
385.8	0.00255762	0.000774198	15880.4	1050	105	14743.7	103.171	103.171	412.683	412.683	0 22134 1052.42 	23186.4	6.21	6.55445	6700	670	0.0150752	0	2.04	1.02
386	0.00255762	0.000774226	15881.1	1050	105	14743.5	103.257	103.257	413.029	413.029	0 22133.2 1053.05 	23186.2	6.20998	6.55445	6700	670	0.015085	0	2.04	1.02
386.2	0.00255763	0.000774255	15881.8	1050	105	14743.3	103.344	103.344	413.375	413.375	0 22132.4 1053.69 	23186.1	6.20997	6.55445	6700	670	0.0150948	0	2.04	1.02
386.4	0.00255763	0.000774283	15882.4	1050	105	14743.1	103.43	103.43	413.722	413.722	0 22131.6 1054.33 	23185.9	6.20996	6.55445	6700	670	0.0151046	0	2.04	1.02
386.6	0.00255763	0.000774311	15883.1	1050	105	14742.9	103.517	103.517	414.069	414.069	0 22130.8 1054.97 	23185.7	6.20995	6.55445	6700	670	0.0151144	0	2.04	1.02
386.8	0.00255763	0.00077434	15883.8	1050	105	14742.7	103.604	103.604	414.416	414.416	0 22130 1055.62 	23185.6	6.20994	6.55445	6700	670	0.0151243	0	2.04	1.02
387	0.00255763	0.000774368	15884.4	1050	105	14742.5	103.691	103.691	414.764	414.764	0 22129.2 1056.26 	23185.4	6.20992	6.55445	6700	670	0.0151341	0	2.04	1.02
387.2	0.00255763	0.000774396	15885.1	1050	105	14742.3	103.778	103.778	415.112	415.112	0 22128.4 1056.91 	23185.3	6.20991	6.55445	6700	670	0.015144	0	2.04	1.02
387.4	0.00255763	0.000774425	15885.8	1050	105	14742.1	103.865	103.865	415.46	415.46	0 22127.6 1057.55 	23185.1	6.2099	6.55445	6700	670	0.0151539	0	2.04	1.02
387.6	0.00255764	0.000774453	15886.4	1050	105	14741.9	103.952	103.952	415.809	415.809	0 22126.8 1058.2 	23185	6.20989	6.55445	6700	670	0.0151638	0	2.04	1.02
387.8	0.00255764	0.000774481	15887.1	1050	105	14741.7	104.039	104.039	416.157	416.157	0 22126 1058.85 	23184.8	6.20988	6.55445	6700	670	0.0151738	0	2.04	1.02
388	0.00255764	0.00077451	15887.8	1050	105	14741.5	104.127	104.127	416.507	416.507	0 22125.2 1059.5 	23184.7	6.20987	6.55445	6700	670	0.0151837	0	2.04	1.02
388.2	0.00255764	0.000774538	15888.4	1050	105	14741.3	104.214	104.214	416.856	416.856	0 22124.4 1060.16 	23184.6	6.20986	6.55445	6700	670	0.0151937	0	2.04	1.02
388.4	0.00255764	0.000774566	15889.1	1050	105	14741.1	104.301	104.301	417.206	417.206	0 22123.6 1060.81 	23184.4	6.20985	6.55445	6700	670	0.0152037	0	2.04	1.02
388.6	0.00255764	0.000774595	15889.8	1050	105	14740.9	104.389	104.389	417.556	417.556	0 22122.8 1061.46 	23184.3	6.20983	6.55445	6700	670	0.0152138	0	2.04	1.02
388.8	0.00255765	0.000774623	15890.4	1050	105	14740.7	104.477	104.477	417.906	417.906	0 22122 1062.12 	23184.1	6.20982	6.55445	6700	670	0.0152238	0	2.04	1.02
389	0.00255765	0.000774651	15891.1	1050	105	14740.5	104.564	104.564	418.257	418.257	0 22121.2 1062.78 	23184	6.20981	6.55445	6700	670	0.0152339	0	2.04	1.02
389.2	0.00255765	0.000774679	15891.8	1050	105	14740.2	104.652	104.652	418.608	418.608	0 22120.4 1063.44 	23183.9	6.2098	6.55445	6700	670	0.015244	0	2.04	1.02
389.4	0.00255765	0.000774708	15892.4	1050	105	14740	104.74	104.74	418.959	418.959	0 22119.6 1064.1 	23183.7	6.20979	6.55445	6700	670	0.0152541	0	2.04	1.02
389.6	0.00255765	0.000774736	15893.1	1050	105	14739.8	104.828	104.828	419.311	419.311	0 22118.8 1064.76 	23183.6	6.20978	6.55445	6700	670	0.0152642	0	2.04	1.02
389.8	0.00255765	0.000774764	15893.8	1050	105	14739.6	104.916	104.916	419.663	419.663	0 22118 1065.42 	23183.5	6.20977	6.55445	6700	670	0.0152743	0	2.04	1.02
390	0.00255765	0.000774792	15894.4	1050	105	14739.4	105.004	105.004	420.015	420.015	0 22117.3 1066.09 	23183.3	6.20976	6.55445	6700	670	0.0152845	0	2.04	1.02
390.2	0.00255766	0.000774821	15895.1	1050	105	14739.2	105.092	105.092	420.367	420.367	0 22116.5 1066.75 	23183.2	6.20975	6.55445	6700	670	0.0152947	0	2.04	1.02
390.4	0.00255766	0.000774849	15895.7	1050	105	14738.9	105.18	105.18	420.72	420.72	0 22115.7 1067.42 	23183.1	6.20974	6.55445	6700	670	0.0153049	0	2.04	1.02
390.6	0.00255766	0.000774877	15896.4	1050	105	14738.7	105.268	105.268	421.073	421.073	0 22114.9 1068.09 	23183	6.20973	6.55445	6700	670	0.0153151	0	2.04	1.02
390.8	0.00255766	0.000774905	15897.1	1050	105	14738.5	105.357	105.357	421.427	421.427	0 22114.1 1068.76 	23182.8	6.20972	6.55445	6700	670	0.0153254	0	2.04	1.02
391	0.00255766	0.000774934	15897.7	1050	105	14738.3	105.445	105.445	421.78	421.78	0 22113.3 1069.43 	23182.7	6.20972	6.55445	6700	670	0.0153356	0	2.04	1.02
391.2	0.00255766	0.000774962	15898.4	1050	105	14738.1	105.534	105.534	422.134	422.134	0 22112.5 1070.1 	23182.6	6.20971	6.55445	6700	670	0.0153459	0	2.04	1.02
391.4	0.00255766	0.00077499	15899.1	1050	105	14737.8	105.622	105.622	422.489	422.489	0 22111.7 1070.78 	23182.5	6.2097	6.55445	6700	670	0.0153562	0	2.04	1.02
391.6	0.00255766	0.000775018	15899.7	1050	105	14737.6	105.711	105.711	422.843	422.843	0 22110.9 1071.45 	23182.4	6.20969	6.55445	6700	670	0.0153665	0	2.04	1.02
391.8	0.00255767	0.000775046	15900.4	1050	105	14737.4	105.8	105.8	423.198	423.198	0 22110.1 1072.13 	23182.2	6.20968	6.55445	6700	670	0.0153769	0	2.04	1.02
392	0.00255767	0.000775074	15901	1050	105	14737.1	105.888	105.888	423.553	423.553	0 22109.3 1072.81 	23182.1	6.20967	6.55445	6700	670	0.0153872	0	2.04	1.02
392.2	0.00255767	0.000775103	15901.7	1050	105	14736.9	105.977	105.977	423.909	423.909	0 22108.5 1073.49 	23182	6.20966	6.55445	6700	670	0.0153976	0	2.04	1.02
392.4	0.00255767	0.000775131	15902.4	1050	105	14736.7	106.066	106.066	424.265	424.265	0 22107.7 1074.17 	23181.9	6.20965	6.55445	6700	670	0.015408	0	2.04	1.02
392.6	0.00255767	0.000775159	15903	1050	105	14736.5	106.155	106.155	424.621	424.621	0 22106.9 1074.85 	23181.8	6.20964	6.55445	6700	670	0.0154184	0	2.04	1.02
392.8	0.00255767	0.000775187	15903.7	1050	105	14736.2	106.244	106.244	424.977	424.977	0 22106.1 1075.53 	23181.7	6.20964	6.55445	6700	670	0.0154289	0	2.04	1.02
393	0.00255767	0.000775215	15904.3	1050	105	14736	106.334	106.334	425.334	425.334	0 22105.4 1076.22 	23181.6	6.20963	6.55445	6700	670	0.0154393	0	2.04	1.02
393.2	0.00255767	0.000775243	15905	1050	105	14735.8	106.423	106.423	425.691	425.691	0 22104.6 1076.9 	23181.5	6.20962	6.55445	6700	670	0.0154498	0	2.04	1.02
393.4	0.00255767	0.000775271	15905.6	1050	105	14735.5	106.512	106.512	426.049	426.049	0 22103.8 1077.59 	23181.4	6.20961	6.55445	6700	670	0.0154603	0	2.04	1.02
393.6	0.00255768	0.0007753	15906.3	1050	105	14735.3	106.602	106.602	426.406	426.406	0 22103 1078.28 	23181.3	6.2096	6.55445	6700	670	0.0154709	0	2.04	1.02
393.8	0.00255768	0.000775328	15907	1050	105	14735.1	106.691	106.691	426.765	426.765	0 22102.2 1078.97 	23181.2	6.2096	6.55445	6700	670	0.0154814	0	2.04	1.02
394	0.00255768	0.000775356	15907.6	1050	105	14734.8	106.781	106.781	427.123	427.123	0 22101.4 1079.66 	23181.1	6.20959	6.55445	6700	670	0.015492	0	2.04	1.02
394.2	0.00255768	0.000775384	15908.3	1050	105	14734.6	106.87	106.87	427.481	427.481	0 22100.6 1080.35 	23181	6.20958	6.55445	6700	670	0.0155025	0	2.04	1.02
394.4	0.00255768	0.000775412	15908.9	1050	105	14734.3	106.96	106.96	427.84	427.84	0 22099.8 1081.05 	23180.9	6.20957	6.55445	6700	670	0.0155131	0	2.04	1.02
394.6	0.00255768	0.00077544	15909.6	1050	105	14734.1	107.05	107.05	428.2	428.2	0 22099 1081.74 	23180.8	6.20957	6.55445	6700	670	0.0155238	0	2.04	1.02
394.8	0.00255768	0.000775468	15910.3	1050	105	14733.9	107.14	107.14	428.559	428.559	0 22098.2 1082.44 	23180.7	6.20956	6.55445	6700	670	0.0155344	0	2.04	1.02
395	0.00255768	0.000775496	15910.9	1050	105	14733.6	107.23	107.23	428.919	428.919	0 22097.4 1083.14 	23180.6	6.20955	6.55445	6700	670	0.0155451	0	2.04	1.02
395.2	0.00255768	0.000775524	15911.6	1050	105	14733.4	107.32	107.32	429.279	429.279	0 22096.6 1083.84 	23180.5	6.20955	6.55445	6700	670	0.0155557	0	2.04	1.02
395.4	0.00255768	0.000775552	15912.2	1050	105	14733.1	107.41	107.41	429.64	429.64	0 22095.8 1084.54 	23180.4	6.20954	6.55445	6700	670	0.0155664	0	2.04	1.02
395.6	0.00255769	0.00077558	15912.9	1050	105	14732.9	107.5	107.5	430.001	430.001	0 22095.1 1085.24 	23180.3	6.20953	6.55445	6700	670	0.0155772	0	2.04	1.02
395.8	0.00255769	0.000775608	15913.5	1050	105	14732.6	107.59	107.59	430.362	430.362	0 22094.3 1085.95 	23180.2	6.20953	6.55445	6700	670	0.0155879	0	2.04	1.02
396	0.00255769	0.000775636	15914.2	1050	105	14732.4	107.681	107.681	430.723	430.723	0 22093.5 1086.65 	23180.1	6.20952	6.55445	6700	670	0.0155987	0	2.04	1.02
396.2	0.00255769	0.000775664	15914.8	1050	105	14732.1	107.771	107.771	431.085	431.085	0 22092.7 1087.36 	23180	6.20951	6.55445	6700	670	0.0156094	0	2.04	1.02
396.4	0.00255769	0.000775692	15915.5	1050	105	14731.9	107.862	107.862	431.447	431.447	0 22091.9 1088.06 	23180	6.20951	6.55445	6700	670	0.0156202	0	2.04	1.02
396.6	0.00255769	0.000775721	15916.2	1050	105	14731.6	107.952	107.952	431.809	431.809	0 22091.1 1088.77 	23179.9	6.2095	6.55445	6700	670	0.0156311	0	2.04	1.02
396.8	0.00255769	0.000775749	15916.8	1050	105	14731.4	108.043	108.043	432.172	432.172	0 22090.3 1089.48 	23179.8	6.20949	6.55445	6700	670	0.0156419	0	2.04	1.02
397	0.00255769	0.000775777	15917.5	1050	105	14731.1	108.134	108.134	432.535	432.535	0 22089.5 1090.19 	23179.7	6.20949	6.55445	6700	670	0.0156528	0	2.04	1.02
397.2	0.00255769	0.000775805	15918.1	1050	105	14730.9	108.225	108.225	432.898	432.898	0 22088.7 1090.91 	23179.6	6.20948	6.55445	6700	670	0.0156636	0	2.04	1.02
397.4	0.00255769	0.000775833	15918.8	1050	105	14730.6	108.315	108.315	433.262	433.262	0 22087.9 1091.62 	23179.6	6.20948	6.55445	6700	670	0.0156745	0	2.04	1.02
397.6	0.00255769	0.000775861	15919.4	1050	105	14730.4	108.406	108.406	433.626	433.626	0 22087.2 1092.34 	23179.5	6.20947	6.55445	6700	670	0.0156855	0	2.04	1.02
397.8	0.00255769	0.000775889	15920.1	1050	105	14730.1	108.497	108.497	433.99	433.99	0 22086.4 1093.05 	23179.4	6.20947	6.55445	6700	670	0.0156964	0	2.04	1.02
398	0.0025577	0.000775916	15920.7	1050	105	14729.9	108.589	108.589	434.354	434.354	0 22085.6 1093.77 	23179.3	6.20946	6.55445	6700	670	0.0157074	0	2.04	1.02
398.2	0.0025577	0.000775944	15921.4	1050	105	14729.6	108.68	108.68	434.719	434.719	0 22084.8 1094.49 	23179.3	6.20946	6.55445	6700	670	0.0157183	0	2.04	1.02
398.4	0.0025577	0.000775972	15922	1050	105	14729.3	108.771	108.771	435.084	435.084	0 22084 1095.21 	23179.2	6.20945	6.55445	6700	670	0.0157293	0	2.04	1.02
398.6	0.0025577	0.000776	15922.7	1050	105	14729.1	108.862	108.862	435.45	435.45	0 22083.2 1095.93 	23179.1	6.20945	6.55445	6700	670	0.0157403	0	2.04	1.02
398.8	0.0025577	0.000776028	15923.3	1050	105	14728.8	108.954	108.954	435.816	435.816	0 22082.4 1096.66 	23179.1	6.20944	6.55445	6700	670	0.0157514	0	2.04	1.02
399	0.0025577	0.000776056	15924	1050	105	14728.5	109.045	109.045	436.182	436.182	0 22081.6 1097.38 	23179	6.20944	6.55445	6700	670	0.0157624	0	2.04	1.02
399.2	0.0025577	0.000776084	15924.7	1050	105	14728.3	109.137	109.137	436.548	436.548	0 22080.8 1098.11 	23178.9	6.20943	6.55445	6700	670	0.0157735	0	2.04	1.02
399.4	0.0025577	0.000776112	15925.3	1050	105	14728	109.229	109.229	436.915	436.915	0 22080 1098.84 	23178.9	6.20943	6.55445	6700	670	0.0157846	0	2.04	1.02
399.6	0.0025577	0.00077614	15926	1050	105	14727.8	109.32	109.32	437.282	437.282	0 22079.3 1099.56 	23178.8	6.20942	6.55445	6700	670	0.0157957	0	2.04	1.02
399.8	0.0025577	0.000776168	15926.6	1050	105	14727.5	109.412	109.412	437.649	437.649	0 22078.5 1100.29 	23178.8	6.20942	6.55445	6700	670	0.0158069	0	2.04	1.02
400	0.0025577	0.000776196	15927.3	1050	105	14727.2	109.504	109.504	438.017	438.017	0 22077.7 1101.03 	23178.7	6.20941	6.55445	6700	670	0.015818	0	2.04	1.02
400.2	0.0025577	0.000776224	15927.9	1050	105	14727	109.596	109.596	438.385	438.385	0 22076.9 1101.76 	23178.6	6.20941	6.55445	6700	670	0.0158292	0	2.04	1.02
400.4	0.0025577	0.000776252	15928.6	1050	105	14726.7	109.688	109.688	438.753	438.753	0 22076.1 1102.49 	23178.6	6.20941	6.55445	6700	670	0.0158404	0	2.04	1.02
400.6	0.0025577	0.00077628	15929.2	1050	105	14726.4	109.78	109.78	439.122	439.122	0 22075.3 1103.23 	23178.5	6.2094	6.55445	6700	670	0.0158516	0	2.04	1.02
400.8	0.0025577	0.000776308	15929.9	1050	105	14726.1	109.873	109.873	439.491	439.491	0 22074.5 1103.96 	23178.5	6.2094	6.55445	6700	670	0.0158628	0	2.04	1.02
401	0.0025577	0.000776336	15930.5	1050	105	14725.9	109.965	109.965	439.86	439.86	0 22073.7 1104.7 	23178.4	6.20939	6.55445	6700	670	0.0158741	0	2.04	1.02
401.2	0.0025577	0.000776363	15931.2	1050	105	14725.6	110.057	110.057	440.229	440.229	0 22072.9 1105.44 	23178.4	6.20939	6.55445	6700	670	0.0158853	0	2.04	1.02
401.4	0.00255771	0.000776391	15931.8	1050	105	14725.3	110.15	110.15	440.599	440.599	0 22072.1 1106.18 	23178.3	6.20939	6.55445	6700	670	0.0158966	0	2.04	1.02
401.6	0.00255771	0.000776419	15932.5	1050	105	14725	110.242	110.242	440.969	440.969	0 22071.4 1106.92 	23178.3	6.20938	6.55445	6700	670	0.0159079	0	2.04	1.02
401.8	0.00255771	0.000776447	15933.1	1050	105	14724.8	110.335	110.335	441.34	441.34	0 22070.6 1107.67 	23178.2	6.20938	6.55445	6700	670	0.0159193	0	2.04	1.02
402	0.00255771	0.000776475	15933.8	1050	105	14724.5	110.428	110.428	441.711	441.711	0 22069.8 1108.41 	23178.2	6.20938	6.55445	6700	670	0.0159306	0	2.04	1.02
402.2	0.00255771	0.000776503	15934.4	1050	105	14724.2	110.52	110.52	442.082	442.082	0 22069 1109.16 	23178.2	6.20938	6.55445	6700	670	0.015942	0	2.04	1.02
402.4	0.00255771	0.000776531	15935.1	1050	105	14723.9	110.613	110.613	442.453	442.453	0 22068.2 1109.9 	23178.1	6.20937	6.55445	6700	670	0.0159534	0	2.04	1.02
402.6	0.00255771	0.000776559	15935.7	1050	105	14723.7	110.706	110.706	442.825	442.825	0 22067.4 1110.65 	23178.1	6.20937	6.55445	6700	670	0.0159648	0	2.04	1.02
402.8	0.00255771	0.000776586	15936.4	1050	105	14723.4	110.799	110.799	443.197	443.197	0 22066.6 1111.4 	23178	6.20937	6.55445	6700	670	0.0159762	0	2.04	1.02
403	0.00255771	0.000776614	15937	1050	105	14723.1	110.892	110.892	443.569	443.569	0 22065.8 1112.15 	23178	6.20936	6.55445	6700	670	0.0159877	0	2.04	1.02
403.2	0.00255771	0.000776642	15937.7	1050	105	14722.8	110.986	110.986	443.942	443.942	0 22065.1 1112.91 	23178	6.20936	6.55445	6700	670	0.0159991	0	2.04	1.02
403.4	0.00255771	0.00077667	15938.3	1050	105	14722.5	111.079	111.079	444.315	444.315	0 22064.3 1113.66 	23177.9	6.20936	6.55445	6700	670	0.0160106	0	2.04	1.02
403.6	0.00255771	0.000776698	15939	1050	105	14722.2	111.172	111.172	444.688	444.688	0 22063.5 1114.42 	23177.9	6.20936	6.55445	6700	670	0.0160221	0	2.04	1.02
403.8	0.00255771	0.000776726	15939.6	1050	105	14722	111.266	111.266	445.062	445.062	0 22062.7 1115.17 	23177.9	6.20936	6.55445	6700	670	0.0160337	0	2.04	1.02
404	0.00255771	0.000776753	15940.3	1050	105	14721.7	111.359	111.359	445.436	445.436	0 22061.9 1115.93 	23177.8	6.20935	6.55445	6700	670	0.0160452	0	2.04	1.02
404.2	0.00255771	0.000776781	15940.9	1050	105	14721.4	111.453	111.453	445.81	445.81	0 22061.1 1116.69 	23177.8	6.20935	6.55445	6700	670	0.0160568	0	2.04	1.02
404.4	0.00255771	0.000776809	15941.6	1050	105	14721.1	111.546	111.546	446.185	446.185	0 22060.3 1117.45 	23177.8	6.20935	6.55445	6700	670	0.0160684	0	2.04	1.02
404.6	0.00255771	0.000776837	15942.2	1050	105	14720.8	111.64	111.64	446.56	446.56	0 22059.5 1118.21 	23177.7	6.20935	6.55445	6700	670	0.01608	0	2.04	1.02
404.8	0.00255771	0.000776865	15942.8	1050	105	14720.5	111.734	111.734	446.935	446.935	0 22058.7 1118.97 	23177.7	6.20935	6.55445	6700	670	0.0160916	0	2.04	1.02
405	0.00255771	0.000776893	15943.5	1050	105	14720.2	111.828	111.828	447.311	447.311	0 22058 1119.74 	23177.7	6.20934	6.55445	6700	670	0.0161032	0	2.04	1.02
405.2	0.00255771	0.00077692	15944.1	1050	105	14719.9	111.922	111.922	447.686	447.686	0 22057.2 1120.5 	23177.7	6.20934	6.55445	6700	670	0.0161149	0	2.04	1.02
405.4	0.00255771	0.000776948	15944.8	1050	105	14719.6	112.016	112.016	448.063	448.063	0 22056.4 1121.27 	23177.7	6.20934	6.55445	6700	670	0.0161266	0	2.04	1.02
405.6	0.00255771	0.000776976	15945.4	1050	105	14719.3	112.11	112.11	448.439	448.439	0 22055.6 1122.04 	23177.6	6.20934	6.55445	6700	670	0.0161383	0	2.04	1.02
405.8	0.00255771	0.000777004	15946.1	1050	105	14719	112.204	112.204	448.816	448.816	0 22054.8 1122.81 	23177.6	6.20934	6.55445	6700	670	0.01615	0	2.04	1.02
406	0.00255771	0.000777031	15946.7	1050	105	14718.7	112.298	112.298	449.193	449.193	0 22054 1123.58 	23177.6	6.20934	6.55445	6700	670	0.0161617	0	2.04	1.02
406.2	0.00255771	0.000777059	15947.4	1050	105	14718.4	112.393	112.393	449.57	449.57	0 22053.2 1124.35 	23177.6	6.20934	6.55445	6700	670	0.0161735	0	2.04	1.02
406.4	0.00255771	0.000777087	15948	1050	105	14718.1	112.487	112.487	449.948	449.948	0 22052.4 1125.12 	23177.6	6.20934	6.55445	6700	670	0.0161853	0	2.04	1.02
406.6	0.00255771	0.000777115	15948.7	1050	105	14717.8	112.582	112.582	450.326	450.326	0 22051.7 1125.9 	23177.6	6.20934	6.55445	6700	670	0.0161971	0	2.04	1.02
406.8	0.00255771	0.000777143	15949.3	1050	105	14717.5	112.676	112.676	450.705	450.705	0 22050.9 1126.67 	23177.5	6.20934	6.55445	6700	670	0.0162089	0	2.04	1.02
407	0.00255771	0.00077717	15950	1050	105	14717.2	112.771	112.771	451.083	451.083	0 22050.1 1127.45 	23177.5	6.20934	6.55445	6700	670	0.0162207	0	2.04	1.02
407.2	0.00255771	0.000777198	15950.6	1050	105	14716.9	112.866	112.866	451.462	451.462	0 22049.3 1128.23 	23177.5	6.20934	6.55445	6700	670	0.0162326	0	2.04	1.02
407.4	0.00255771	0.000777226	15951.2	1050	105	14716.6	112.96	112.96	451.842	451.842	0 22048.5 1129.01 	23177.5	6.20934	6.55445	6700	670	0.0162445	0	2.04	1.02
407.6	0.00255771	0.000777254	15951.9	1050	105	14716.3	113.055	113.055	452.221	452.221	0 22047.7 1129.79 	23177.5	6.20934	6.55445	6700	670	0.0162564	0	2.04	1.02
407.8	0.00255771	0.000777281	15952.5	1050	105	14716	113.15	113.15	452.601	452.601	0 22046.9 1130.57 	23177.5	6.20934	6.55445	6700	670	0.0162683	0	2.04	1.02
408	0.00255771	0.000777309	15953.2	1050	105	14715.7	113.245	113.245	452.982	452.982	0 22046.2 1131.36 	23177.5	6.20934	6.55445	6700	670	0.0162802	0	2.04	1.02
408.2	0.00255771	0.000777337	15953.8	1050	105	14715.4	113.341	113.341	453.362	453.362	0 22045.4 1132.14 	23177.5	6.20934	6.55445	6700	670	0.0162922	0	2.04	1.02
408.4	0.00255771	0.000777365	15954.5	1050	105	14715.1	113.436	113.436	453.743	453.743	0 22044.6 1132.93 	23177.5	6.20934	6.55445	6700	670	0.0163042	0	2.04	1.02
408.6	0.00255771	0.000777392	15955.1	1050	105	14714.8	113.531	113.531	454.125	454.125	0 22043.8 1133.72 	23177.5	6.20934	6.55445	6700	670	0.0163161	0	2.04	1.02
408.8	0.00255771	0.00077742	15955.8	1050	105	14714.5	113.627	113.627	454.506	454.506	0 22043 1134.51 	23177.5	6.20934	6.55445	6700	670	0.0163282	0	2.04	1.02
409	0.00255771	0.000777448	15956.4	1050	105	14714.2	113.722	113.722	454.888	454.888	0 22042.2 1135.3 	23177.5	6.20934	6.55445	6700	670	0.0163402	0	2.04	1.02
409.2	0.00255771	0.000777475	15957	1050	105	14713.9	113.818	113.818	455.27	455.27	0 22041.4 1136.09 	23177.5	6.20934	6.55445	6700	670	0.0163522	0	2.04	1.02
409.4	0.00255771	0.000777503	15957.7	1050	105	14713.6	113.913	113.913	455.653	455.653	0 22040.6 1136.88 	23177.5	6.20934	6.55445	6700	670	0.0163643	0	2.04	1.02
409.6	0.00255771	0.000777531	15958.3	1050	105	14713.2	114.009	114.009	456.036	456.036	0 22039.9 1137.67 	23177.5	6.20934	6.55445	6700	670	0.0163764	0	2.04	1.02
409.8	0.00255771	0.000777559	15959	1050	105	14712.9	114.105	114.105	456.419	456.419	0 22039.1 1138.47 	23177.5	6.20934	6.55445	6700	670	0.0163885	0	2.04	1.02
410	0.00255771	0.000777586	15959.6	1050	105	14712.6	114.201	114.201	456.802	456.802	0 22038.3 1139.27 	23177.5	6.20934	6.55445	6700	670	0.0164007	0	2.04	1.02
410.2	0.00255771	0.000777614	15960.3	1050	105	14712.3	114.297	114.297	457.186	457.186	0 22037.5 1140.07 	23177.6	6.20934	6.55445	6700	670	0.0164128	0	2.04	1.02
410.4	0.00255771	0.000777642	15960.9	1050	105	14712	114.393	114.393	457.57	457.57	0 22036.7 1140.86 	23177.6	6.20935	6.55445	6700	670	0.016425	0	2.04	1.02
410.6	0.00255771	0.000777669	15961.5	1050	105	14711.7	114.489	114.489	457.955	457.955	0 22035.9 1141.67 	23177.6	6.20935	6.55445	6700	670	0.0164372	0	2.04	1.02
410.8	0.00255771	0.000777697	15962.2	1050	105	14711.3	114.585	114.585	458.34	458.34	0 22035.1 1142.47 	23177.6	6.20935	6.55445	6700	670	0.0164494	0	2.04	1.02
411	0.00255771	0.000777725	15962.8	1050	105	14711	114.681	114.681	458.725	458.725	0 22034.3 1143.27 	23177.6	6.20935	6.55445	6700	670	0.0164616	0	2.04	1.02
411.2	0.00255771	0.000777753	15963.5	1050	105	14710.7	114.778	114.778	459.11	459.11	0 22033.6 1144.07 	23177.6	6.20935	6.55445	6700	670	0.0164738	0	2.04	1.02
411.4	0.00255771	0.00077778	15964.1	1050	105	14710.4	114.874	114.874	459.496	459.496	0 22032.8 1144.88 	23177.7	6.20935	6.55445	6700	670	0.0164861	0	2.04	1.02
411.6	0.00255771	0.000777808	15964.7	1050	105	14710	114.97	114.97	459.882	459.882	0 22032 1145.69 	23177.7	6.20936	6.55445	6700	670	0.0164984	0	2.04	1.02
411.8	0.00255771	0.000777836	15965.4	1050	105	14709.7	115.067	115.067	460.268	460.268	0 22031.2 1146.5 	23177.7	6.20936	6.55445	6700	670	0.0165107	0	2.04	1.02
412	0.00255771	0.000777863	15966	1050	105	14709.4	115.164	115.164	460.655	460.655	0 22030.4 1147.31 	23177.7	6.20936	6.55445	6700	670	0.016523	0	2.04	1.02
412.2	0.00255771	0.000777891	15966.7	1050	105	14709.1	115.261	115.261	461.042	461.042	0 22029.6 1148.12 	23177.7	6.20936	6.55445	6700	670	0.0165354	0	2.04	1.02
412.4	0.00255771	0.000777919	15967.3	1050	105	14708.7	115.357	115.357	461.43	461.43	0 22028.8 1148.93 	23177.8	6.20936	6.55445	6700	670	0.0165477	0	2.04	1.02
412.6	0.00255771	0.000777946	15968	1050	105	14708.4	115.454	115.454	461.817	461.817	0 22028.1 1149.74 	23177.8	6.20937	6.55445	6700	670	0.0165601	0	2.04	1.02
412.8	0.00255771	0.000777974	15968.6	1050	105	14708.1	115.551	115.551	462.205	462.205	0 22027.3 1150.56 	23177.8	6.20937	6.55445	6700	670	0.0165725	0	2.04	1.02
413	0.00255771	0.000778002	15969.2	1050	105	14707.8	115.648	115.648	462.594	462.594	0 22026.5 1151.37 	23177.9	6.20937	6.55445	6700	670	0.0165849	0	2.04	1.02
413.2	0.00255771	0.000778029	15969.9	1050	105	14707.4	115.746	115.746	462.982	462.982	0 22025.7 1152.19 	23177.9	6.20938	6.55445	6700	670	0.0165974	0	2.04	1.02
413.4	0.00255771	0.000778057	15970.5	1050	105	14707.1	115.843	115.843	463.371	463.371	0 22024.9 1153.01 	23177.9	6.20938	6.55445	6700	670	0.0166098	0	2.04	1.02
413.6	0.00255771	0.000778085	15971.2	1050	105	14706.8	115.94	115.94	463.76	463.76	0 22024.1 1153.83 	23178	6.20938	6.55445	6700	670	0.0166223	0	2.04	1.02
413.8	0.00255771	0.000778112	15971.8	1050	105	14706.4	116.038	116.038	464.15	464.15	0 22023.3 1154.65 	23178	6.20938	6.55445	6700	670	0.0166348	0	2.04	1.02
414	0.00255771	0.00077814	15972.4	1050	105	14706.1	116.135	116.135	464.54	464.54	0 22022.6 1155.47 	23178	6.20939	6.55445	6700	670	0.0166473	0	2.04	1.02
414.2	0.0025577	0.000778168	15973.1	1050	105	14705.8	116.233	116.233	464.93	464.93	0 22021.8 1156.3 	23178.1	6.20939	6.55445	6700	670	0.0166599	0	2.04	1.02
414.4	0.0025577	0.000778195	15973.7	1050	105	14705.4	116.33	116.33	465.321	465.321	0 22021 1157.12 	23178.1	6.2094	6.55445	6700	670	0.0166724	0	2.04	1.02
414.6	0.0025577	0.000778223	15974.4	1050	105	14705.1	116.428	116.428	465.712	465.712	0 22020.2 1157.95 	23178.1	6.2094	6.55445	6700	670	0.016685	0	2.04	1.02
414.8	0.0025577	0.00077825	15975	1050	105	14704.7	116.526	116.526	466.103	466.103	0 22019.4 1158.78 	23178.2	6.2094	6.55445	6700	670	0.0166976	0	2.04	1.02
415	0.0025577	0.000778278	15975.6	1050	105	14704.4	116.624	116.624	466.495	466.495	0 22018.6 1159.61 	23178.2	6.20941	6.55445	6700	670	0.0167102	0	2.04	1.02
415.2	0.0025577	0.000778306	15976.3	1050	105	14704.1	116.722	116.722	466.887	466.887	0 22017.8 1160.44 	23178.3	6.20941	6.55445	6700	670	0.0167229	0	2.04	1.02
415.4	0.0025577	0.000778333	15976.9	1050	105	14703.7	116.82	116.82	467.279	467.279	0 22017 1161.27 	23178.3	6.20941	6.55445	6700	670	0.0167355	0	2.04	1.02
415.6	0.0025577	0.000778361	15977.6	1050	105	14703.4	116.918	116.918	467.671	467.671	0 22016.3 1162.1 	23178.4	6.20942	6.55445	6700	670	0.0167482	0	2.04	1.02
415.8	0.0025577	0.000778389	15978.2	1050	105	14703	117.016	117.016	468.064	468.064	0 22015.5 1162.94 	23178.4	6.20942	6.55445	6700	670	0.0167609	0	2.04	1.02
416	0.0025577	0.000778416	15978.8	1050	105	14702.7	117.114	117.114	468.457	468.457	0 22014.7 1163.77 	23178.5	6.20943	6.55445	6700	670	0.0167736	0	2.04	1.02
416.2	0.0025577	0.000778444	15979.5	1050	105	14702.3	117.213	117.213	468.851	468.851	0 22013.9 1164.61 	23178.5	6.20943	6.55445	6700	670	0.0167863	0	2.04	1.02
416.4	0.0025577	0.000778471	15980.1	1050	105	14702	117.311	117.311	469.245	469.245	0 22013.1 1165.45 	23178.6	6.20944	6.55445	6700	670	0.0167991	0	2.04	1.02
416.6	0.0025577	0.000778499	15980.7	1050	105	14701.6	117.41	117.41	469.639	469.639	0 22012.3 1166.29 	23178.6	6.20944	6.55445	6700	670	0.0168118	0	2.04	1.02
416.8	0.0025577	0.000778527	15981.4	1050	105	14701.3	117.508	117.508	470.033	470.033	0 22011.5 1167.13 	23178.7	6.20944	6.55445	6700	670	0.0168246	0	2.04	1.02
417	0.0025577	0.000778554	15982	1050	105	14701	117.607	117.607	470.428	470.428	0 22010.8 1167.97 	23178.7	6.20945	6.55445	6700	670	0.0168374	0	2.04	1.02
417.2	0.0025577	0.000778582	15982.7	1050	105	14700.6	117.706	117.706	470.823	470.823	0 22010 1168.81 	23178.8	6.20945	6.55445	6700	670	0.0168503	0	2.04	1.02
417.4	0.0025577	0.00077861	15983.3	1050	105	14700.3	117.805	117.805	471.219	471.219	0 22009.2 1169.66 	23178.8	6.20946	6.55445	6700	670	0.0168631	0	2.04	1.02
417.6	0.00255769	0.000778637	15983.9	1050	105	14699.9	117.904	117.904	471.615	471.615	0 22008.4 1170.5 	23178.9	6.20946	6.55445	6700	670	0.016876	0	2.04	1.02
417.8	0.00255769	0.000778665	15984.6	1050	105	14699.5	118.003	118.003	472.011	472.011	0 22007.6 1171.35 	23179	6.20947	6.55445	6700	670	0.0168889	0	2.04	1.02
418	0.00255769	0.000778692	15985.2	1050	105	14699.2	118.102	118.102	472.407	472.407	0 22006.8 1172.2 	23179	6.20948	6.55445	6700	670	0.0169018	0	2.04	1.02
418.2	0.00255769	0.00077872	15985.9	1050	105	14698.8	118.201	118.201	472.804	472.804	0 22006 1173.05 	23179.1	6.20948	6.55445	6700	670	0.0169147	0	2.04	1.02
418.4	0.00255769	0.000778748	15986.5	1050	105	14698.5	118.3	118.3	473.201	473.201	0 22005.3 1173.9 	23179.1	6.20949	6.55445	6700	670	0.0169276	0	2.04	1.02
418.6	0.00255769	0.000778775	15987.1	1050	105	14698.1	118.4	118.4	473.599	473.599	0 22004.5 1174.75 	23179.2	6.20949	6.55445	6700	670	0.0169406	0	2.04	1.02
418.8	0.00255769	0.000778803	15987.8	1050	105	14697.8	118.499	118.499	473.996	473.996	0 22003.7 1175.6 	23179.3	6.2095	6.55445	6700	670	0.0169536	0	2.04	1.02
419	0.00255769	0.00077883	15988.4	1050	105	14697.4	118.599	118.599	474.395	474.395	0 22002.9 1176.46 	23179.3	6.2095	6.55445	6700	670	0.0169666	0	2.04	1.02
419.2	0.00255769	0.000778858	15989	1050	105	14697.1	118.698	118.698	474.793	474.793	0 22002.1 1177.31 	23179.4	6.20951	6.55445	6700	670	0.0169796	0	2.04	1.02
419.4	0.00255769	0.000778886	15989.7	1050	105	14696.7	118.798	118.798	475.192	475.192	0 22001.3 1178.17 	23179.5	6.20952	6.55445	6700	670	0.0169926	0	2.04	1.02
419.6	0.00255769	0.000778913	15990.3	1050	105	14696.3	118.898	118.898	475.591	475.591	0 22000.5 1179.03 	23179.6	6.20952	6.55445	6700	670	0.0170057	0	2.04	1.02
419.8	0.00255769	0.000778941	15990.9	1050	105	14696	118.998	118.998	475.99	475.99	0 21999.7 1179.89 	23179.6	6.20953	6.55445	6700	670	0.0170188	0	2.04	1.02
420	0.00255769	0.000778968	15991.6	1050	105	14695.6	119.097	119.097	476.39	476.39	0 21999 1180.75 	23179.7	6.20953	6.55445	6700	670	0.0170319	0	2.04	1.02
420.2	0.00255768	0.000778996	15992.2	1050	105	14695.2	119.197	119.197	476.79	476.79	0 21998.2 1181.61 	23179.8	6.20954	6.55445	6700	670	0.017045	0	2.04	1.02
420.4	0.00255768	0.000779023	15992.9	1050	105	14694.9	119.298	119.298	477.19	477.19	0 21997.4 1182.47 	23179.9	6.20955	6.55445	6700	670	0.0170581	0	2.04	1.02
420.6	0.00255768	0.000779051	15993.5	1050	105	14694.5	119.398	119.398	477.591	477.591	0 21996.6 1183.34 	23179.9	6.20955	6.55445	6700	670	0.0170713	0	2.04	1.02
420.8	0.00255768	0.000779079	15994.1	1050	105	14694.1	119.498	119.498	477.992	477.992	0 21995.8 1184.21 	23180	6.20956	6.55445	6700	670	0.0170844	0	2.04	1.02
421	0.00255768	0.000779106	15994.8	1050	105	14693.8	119.598	119.598	478.393	478.393	0 21995 1185.07 	23180.1	6.20957	6.55445	6700	670	0.0170976	0	2.04	1.02
421.2	0.00255768	0.000779134	15995.4	1050	105	14693.4	119.699	119.699	478.795	478.795	0 21994.2 1185.94 	23180.2	6.20957	6.55445	6700	670	0.0171109	0	2.04	1.02
421.4	0.00255768	0.000779161	15996	1050	105	14693	119.799	119.799	479.197	479.197	0 21993.5 1186.81 	23180.3	6.20958	6.55445	6700	670	0.0171241	0	2.04	1.02
421.6	0.00255768	0.000779189	15996.7	1050	105	14692.7	119.9	119.9	479.6	479.6	0 21992.7 1187.68 	23180.3	6.20959	6.55445	6700	670	0.0171373	0	2.04	1.02
421.8	0.00255768	0.000779216	15997.3	1050	105	14692.3	120.001	120.001	480.002	480.002	0 21991.9 1188.56 	23180.4	6.20959	6.55445	6700	670	0.0171506	0	2.04	1.02
422	0.00255768	0.000779244	15997.9	1050	105	14691.9	120.101	120.101	480.405	480.405	0 21991.1 1189.43 	23180.5	6.2096	6.55445	6700	670	0.0171639	0	2.04	1.02
422.2	0.00255767	0.000779272	15998.6	1050	105	14691.6	120.202	120.202	480.809	480.809	0 21990.3 1190.3 	23180.6	6.20961	6.55445	6700	670	0.0171772	0	2.04	1.02
422.4	0.00255767	0.000779299	15999.2	1050	105	14691.2	120.303	120.303	481.212	481.212	0 21989.5 1191.18 	23180.7	6.20962	6.55445	6700	670	0.0171905	0	2.04	1.02
422.6	0.00255767	0.000779327	15999.8	1050	105	14690.8	120.404	120.404	481.616	481.616	0 21988.7 1192.06 	23180.8	6.20962	6.55445	6700	670	0.0172039	0	2.04	1.02
422.8	0.00255767	0.000779354	16000.5	1050	105	14690.4	120.505	120.505	482.021	482.021	0 21987.9 1192.94 	23180.9	6.20963	6.55445	6700	670	0.0172172	0	2.04	1.02
423	0.00255767	0.000779382	16001.1	1050	105	14690.1	120.606	120.606	482.425	482.425	0 21987.2 1193.82 	23181	6.20964	6.55445	6700	670	0.0172306	0	2.04	1.02
423.2	0.00255767	0.000779409	16001.8	1050	105	14689.7	120.708	120.708	482.83	482.83	0 21986.4 1194.7 	23181.1	6.20965	6.55445	6700	670	0.017244	0	2.04	1.02
423.4	0.00255767	0.000779437	16002.4	1050	105	14689.3	120.809	120.809	483.236	483.236	0 21985.6 1195.58 	23181.2	6.20966	6.55445	6700	670	0.0172575	0	2.04	1.02
423.6	0.00255767	0.000779465	16003	1050	105	14688.9	120.91	120.91	483.641	483.641	0 21984.8 1196.46 	23181.3	6.20966	6.55445	6700	670	0.0172709	0	2.04	1.02
423.8	0.00255767	0.000779492	16003.7	1050	105	14688.5	121.012	121.012	484.047	484.047	0 21984 1197.35 	23181.4	6.20967	6.55445	6700	670	0.0172844	0	2.04	1.02
424	0.00255767	0.00077952	16004.3	1050	105	14688.2	121.113	121.113	484.454	484.454	0 21983.2 1198.24 	23181.5	6.20968	6.55445	6700	670	0.0172978	0	2.04	1.02
424.2	0.00255766	0.000779547	16004.9	1050	105	14687.8	121.215	121.215	484.86	484.86	0 21982.4 1199.12 	23181.6	6.20969	6.55445	6700	670	0.0173113	0	2.04	1.02
424.4	0.00255766	0.000779575	16005.6	1050	105	14687.4	121.317	121.317	485.267	485.267	0 21981.6 1200.01 	23181.7	6.2097	6.55445	6700	670	0.0173249	0	2.04	1.02
424.6	0.00255766	0.000779602	16006.2	1050	105	14687	121.419	121.419	485.675	485.675	0 21980.9 1200.9 	23181.8	6.20971	6.55445	6700	670	0.0173384	0	2.04	1.02
424.8	0.00255766	0.00077963	16006.8	1050	105	14686.6	121.521	121.521	486.082	486.082	0 21980.1 1201.79 	23181.9	6.20971	6.55445	6700	670	0.017352	0	2.04	1.02
425	0.00255766	0.000779657	16007.5	1050	105	14686.2	121.623	121.623	486.49	486.49	0 21979.3 1202.69 	23182	6.20972	6.55445	6700	670	0.0173655	0	2.04	1.02
425.2	0.00255766	0.000779685	16008.1	1050	105	14685.8	121.725	121.725	486.899	486.899	0 21978.5 1203.58 	23182.1	6.20973	6.55445	6700	670	0.0173791	0	2.04	1.02
425.4	0.00255766	0.000779713	16008.7	1050	105	14685.5	121.827	121.827	487.307	487.307	0 21977.7 1204.48 	23182.2	6.20974	6.55445	6700	670	0.0173927	0	2.04	1.02
425.6	0.00255766	0.00077974	16009.4	1050	105	14685.1	121.929	121.929	487.716	487.716	0 21976.9 1205.37 	23182.3	6.20975	6.55445	6700	670	0.0174064	0	2.04	1.02
425.8	0.00255765	0.000779768	16010	1050	105	14684.7	122.031	122.031	488.126	488.126	0 21976.1 1206.27 	23182.4	6.20976	6.55445	6700	670	0.01742	0	2.04	1.02
426	0.00255765	0.000779795	16010.6	1050	105	14684.3	122.134	122.134	488.535	488.535	0 21975.4 1207.17 	23182.5	6.20977	6.55445	6700	670	0.0174337	0	2.04	1.02
426.2	0.00255765	0.000779823	16011.3	1050	105	14683.9	122.236	122.236	488.945	488.945	0 21974.6 1208.07 	23182.6	6.20978	6.55445	6700	670	0.0174474	0	2.04	1.02
426.4	0.00255765	0.00077985	16011.9	1050	105	14683.5	122.339	122.339	489.356	489.356	0 21973.8 1208.97 	23182.7	6.20979	6.55445	6700	670	0.0174611	0	2.04	1.02
426.6	0.00255765	0.000779878	16012.5	1050	105	14683.1	122.442	122.442	489.766	489.766	0 21973 1209.87 	23182.9	6.2098	6.55445	6700	670	0.0174748	0	2.04	1.02
426.8	0.00255765	0.000779905	16013.2	1050	105	14682.7	122.544	122.544	490.177	490.177	0 21972.2 1210.78 	23183	6.20981	6.55445	6700	670	0.0174886	0	2.04	1.02
427	0.00255765	0.000779933	16013.8	1050	105	14682.3	122.647	122.647	490.588	490.588	0 21971.4 1211.68 	23183.1	6.20982	6.55445	6700	670	0.0175024	0	2.04	1.02
427.2	0.00255765	0.000779961	16014.4	1050	105	14681.9	122.75	122.75	491	491	0 21970.6 1212.59 	23183.2	6.20983	6.55445	6700	670	0.0175162	0	2.04	1.02
427.4	0.00255764	0.000779988	16015.1	1050	105	14681.5	122.853	122.853	491.412	491.412	0 21969.8 1213.5 	23183.3	6.20984	6.55445	6700	670	0.01753	0	2.04	1.02
427.6	0.00255764	0.000780016	16015.7	1050	105	14681.1	122.956	122.956	491.824	491.824	0 21969.1 1214.41 	23183.5	6.20985	6.55445	6700	670	0.0175438	0	2.04	1.02
427.8	0.00255764	0.000780043	16016.3	1050	105	14680.7	123.059	123.059	492.237	492.237	0 21968.3 1215.32 	23183.6	6.20986	6.55445	6700	670	0.0175576	0	2.04	1.02
428	0.00255764	0.000780071	16017	1050	105	14680.3	123.162	123.162	492.65	492.65	0 21967.5 1216.23 	23183.7	6.20987	6.55445	6700	670	0.0175715	0	2.04	1.02
428.2	0.00255764	0.000780098	16017.6	1050	105	14679.9	123.266	123.266	493.063	493.063	0 21966.7 1217.14 	23183.8	6.20988	6.55445	6700	670	0.0175854	0	2.04	1.02
428.4	0.00255764	0.000780126	16018.2	1050	105	14679.5	123.369	123.369	493.477	493.477	0 21965.9 1218.06 	23184	6.20989	6.55445	6700	670	0.0175993	0	2.04	1.02
428.6	0.00255764	0.000780153	16018.9	1050	105	14679.1	123.473	123.473	493.891	493.891	0 21965.1 1218.97 	23184.1	6.2099	6.55445	6700	670	0.0176132	0	2.04	1.02
428.8	0.00255763	0.000780181	16019.5	1050	105	14678.7	123.576	123.576	494.305	494.305	0 21964.3 1219.89 	23184.2	6.20991	6.55445	6700	670	0.0176271	0	2.04	1.02
429	0.00255763	0.000780209	16020.1	1050	105	14678.3	123.68	123.68	494.72	494.72	0 21963.5 1220.81 	23184.3	6.20992	6.55445	6700	670	0.0176411	0	2.04	1.02
429.2	0.00255763	0.000780236	16020.8	1050	105	14677.9	123.784	123.784	495.135	495.135	0 21962.7 1221.72 	23184.5	6.20993	6.55445	6700	670	0.0176551	0	2.04	1.02
429.4	0.00255763	0.000780264	16021.4	1050	105	14677.5	123.888	123.888	495.55	495.55	0 21962 1222.65 	23184.6	6.20994	6.55445	6700	670	0.0176691	0	2.04	1.02
429.6	0.00255763	0.000780291	16022	1050	105	14677.1	123.991	123.991	495.966	495.966	0 21961.2 1223.57 	23184.7	6.20995	6.55445	6700	670	0.0176831	0	2.04	1.02
429.8	0.00255763	0.000780319	16022.7	1050	105	14676.7	124.095	124.095	496.382	496.382	0 21960.4 1224.49 	23184.9	6.20996	6.55445	6700	670	0.0176971	0	2.04	1.02
430	0.00255762	0.000780346	16023.3	1050	105	14676.3	124.2	124.2	496.798	496.798	0 21959.6 1225.41 	23185	6.20997	6.55445	6700	670	0.0177112	0	2.04	1.02
430.2	0.00255762	0.000780374	16023.9	1050	105	14675.9	124.304	124.304	497.215	497.215	0 21958.8 1226.34 	23185.1	6.20999	6.55445	6700	670	0.0177253	0	2.04	1.02
430.4	0.00255762	0.000780401	16024.6	1050	105	14675.5	124.408	124.408	497.632	497.632	0 21958 1227.27 	23185.3	6.21	6.55445	6700	670	0.0177394	0	2.04	1.02
430.6	0.00255762	0.000780429	16025.2	1050	105	14675.1	124.512	124.512	498.049	498.049	0 21957.2 1228.19 	23185.4	6.21001	6.55445	6700	670	0.0177535	0	2.04	1.02
430.8	0.00255762	0.000780457	16025.8	1050	105	14674.7	124.617	124.617	498.467	498.467	0 21956.4 1229.12 	23185.6	6.21002	6.55445	6700	670	0.0177676	0	2.04	1.02
431	0.00255762	0.000780484	16026.5	1050	105	14674.2	124.721	124.721	498.885	498.885	0 21955.7 1230.05 	23185.7	6.21003	6.55445	6700	670	0.0177818	0	2.04	1.02
431.2	0.00255762	0.000780512	16027.1	1050	105	14673.8	124.826	124.826	499.303	499.303	0 21954.9 1230.99 	23185.8	6.21004	6.55445	6700	670	0.0177959	0	2.04	1.02
431.4	0.00255761	0.000780539	16027.7	1050	105	14673.4	124.93	124.93	499.722	499.722	0 21954.1 1231.92 	23186	6.21006	6.55445	6700	670	0.0178101	0	2.04	1.02
431.6	0.00255761	0.000780567	16028.3	1050	105	14673	125.035	125.035	500.141	500.141	0 21953.3 1232.85 	23186.1	6.21007	6.55445	6700	670	0.0178243	0	2.04	1.02
431.8	0.00255761	0.000780594	16029	1050	105	14672.6	125.14	125.14	500.56	500.56	0 21952.5 1233.79 	23186.3	6.21008	6.55445	6700	670	0.0178386	0	2.04	1.02
432	0.00255761	0.000780622	16029.6	1050	105	14672.2	125.245	125.245	500.98	500.98	0 21951.7 1234.72 	23186.4	6.21009	6.55445	6700	670	0.0178528	0	2.04	1.02
432.2	0.00255761	0.000780649	16030.2	1050	105	14671.7	125.35	125.35	501.4	501.4	0 21950.9 1235.66 	23186.6	6.2101	6.55445	6700	670	0.0178671	0	2.04	1.02
432.4	0.00255761	0.000780677	16030.9	1050	105	14671.3	125.455	125.455	501.82	501.82	0 21950.1 1236.6 	23186.7	6.21012	6.55445	6700	670	0.0178813	0	2.04	1.02
432.6	0.0025576	0.000780704	16031.5	1050	105	14670.9	125.56	125.56	502.241	502.241	0 21949.3 1237.54 	23186.9	6.21013	6.55445	6700	670	0.0178956	0	2.04	1.02
432.8	0.0025576	0.000780732	16032.1	1050	105	14670.5	125.666	125.666	502.662	502.662	0 21948.5 1238.48 	23187	6.21014	6.55445	6700	670	0.01791	0	2.04	1.02
433	0.0025576	0.000780759	16032.8	1050	105	14670.1	125.771	125.771	503.083	503.083	0 21947.8 1239.43 	23187.2	6.21015	6.55445	6700	670	0.0179243	0	2.04	1.02
433.2	0.0025576	0.000780787	16033.4	1050	105	14669.6	125.876	125.876	503.505	503.505	0 21947 1240.37 	23187.3	6.21017	6.55445	6700	670	0.0179387	0	2.04	1.02
433.4	0.0025576	0.000780815	16034	1050	105	14669.2	125.982	125.982	503.927	503.927	0 21946.2 1241.32 	23187.5	6.21018	6.55445	6700	670	0.017953	0	2.04	1.02
433.6	0.00255759	0.000780842	16034.7	1050	105	14668.8	126.087	126.087	504.35	504.35	0 21945.4 1242.26 	23187.7	6.21019	6.55445	6700	670	0.0179674	0	2.04	1.02
433.8	0.00255759	0.00078087	16035.3	1050	105	14668.4	126.193	126.193	504.772	504.772	0 21944.6 1243.21 	23187.8	6.2102	6.55445	6700	670	0.0179819	0	2.04	1.02
434	0.00255759	0.000780897	16035.9	1050	105	14667.9	126.299	126.299	505.195	505.195	0 21943.8 1244.16 	23188	6.21022	6.55445	6700	670	0.0179963	0	2.04	1.02
434.2	0.00255759	0.000780925	16036.5	1050	105	14667.5	126.405	126.405	505.619	505.619	0 21943 1245.11 	23188.1	6.21023	6.55445	6700	670	0.0180108	0	2.04	1.02
434.4	0.00255759	0.000780952	16037.2	1050	105	14667.1	126.511	126.511	506.043	506.043	0 21942.2 1246.06 	23188.3	6.21024	6.55445	6700	670	0.0180252	0	2.04	1.02
434.6	0.00255759	0.00078098	16037.8	1050	105	14666.6	126.617	126.617	506.467	506.467	0 21941.4 1247.01 	23188.5	6.21026	6.55445	6700	670	0.0180397	0	2.04	1.02
434.8	0.00255758	0.000781007	16038.4	1050	105	14666.2	126.723	126.723	506.891	506.891	0 21940.7 1247.97 	23188.6	6.21027	6.55445	6700	670	0.0180542	0	2.04	1.02
435	0.00255758	0.000781035	16039.1	1050	105	14665.8	126.829	126.829	507.316	507.316	0 21939.9 1248.92 	23188.8	6.21028	6.55445	6700	670	0.0180688	0	2.04	1.02
435.2	0.00255758	0.000781063	16039.7	1050	105	14665.3	126.935	126.935	507.741	507.741	0 21939.1 1249.88 	23189	6.2103	6.55445	6700	670	0.0180833	0	2.04	1.02
435.4	0.00255758	0.00078109	16040.3	1050	105	14664.9	127.042	127.042	508.166	508.166	0 21938.3 1250.84 	23189.1	6.21031	6.55445	6700	670	0.0180979	0	2.04	1.02
435.6	0.00255758	0.000781118	16041	1050	105	14664.5	127.148	127.148	508.592	508.592	0 21937.5 1251.8 	23189.3	6.21033	6.55445	6700	670	0.0181125	0	2.04	1.02
435.8	0.00255757	0.000781145	16041.6	1050	105	14664	127.255	127.255	509.018	509.018	0 21936.7 1252.76 	23189.5	6.21034	6.55445	6700	670	0.0181271	0	2.04	1.02
436	0.00255757	0.000781173	16042.2	1050	105	14663.6	127.361	127.361	509.445	509.445	0 21935.9 1253.72 	23189.6	6.21035	6.55445	6700	670	0.0181417	0	2.04	1.02
436.2	0.00255757	0.0007812	16042.9	1050	105	14663.2	127.468	127.468	509.872	509.872	0 21935.1 1254.68 	23189.8	6.21037	6.55445	6700	670	0.0181564	0	2.04	1.02
436.4	0.00255757	0.000781228	16043.5	1050	105	14662.7	127.575	127.575	510.299	510.299	0 21934.3 1255.65 	23190	6.21038	6.55445	6700	670	0.018171	0	2.04	1.02
436.6	0.00255757	0.000781255	16044.1	1050	105	14662.3	127.682	127.682	510.726	510.726	0 21933.5 1256.61 	23190.2	6.2104	6.55445	6700	670	0.0181857	0	2.04	1.02
436.8	0.00255756	0.000781283	16044.7	1050	105	14661.9	127.788	127.788	511.154	511.154	0 21932.7 1257.58 	23190.3	6.21041	6.55445	6700	670	0.0182004	0	2.04	1.02
437	0.00255756	0.000781311	16045.4	1050	105	14661.4	127.896	127.896	511.582	511.582	0 21932 1258.55 	23190.5	6.21042	6.55445	6700	670	0.0182151	0	2.04	1.02
437.2	0.00255756	0.000781338	16046	1050	105	14661	128.003	128.003	512.011	512.011	0 21931.2 1259.52 	23190.7	6.21044	6.55445	6700	670	0.0182299	0	2.04	1.02
437.4	0.00255756	0.000781366	16046.6	1050	105	14660.5	128.11	128.11	512.439	512.439	0 21930.4 1260.49 	23190.9	6.21045	6.55445	6700	670	0.0182446	0	2.04	1.02
437.6	0.00255756	0.000781393	16047.3	1050	105	14660.1	128.217	128.217	512.869	512.869	0 21929.6 1261.46 	23191	6.21047	6.55445	6700	670	0.0182594	0	2.04	1.02
437.8	0.00255755	0.000781421	16047.9	1050	105	14659.7	128.325	128.325	513.298	513.298	0 21928.8 1262.43 	23191.2	6.21048	6.55445	6700	670	0.0182742	0	2.04	1.02
438	0.00255755	0.000781448	16048.5	1050	105	14659.2	128.432	128.432	513.728	513.728	0 21928 1263.4 	23191.4	6.2105	6.55445	6700	670	0.018289	0	2.04	1.02
438.2	0.00255755	0.000781476	16049.2	1050	105	14658.8	128.54	128.54	514.158	514.158	0 21927.2 1264.38 	23191.6	6.21051	6.55445	6700	670	0.0183039	0	2.04	1.02
438.4	0.00255755	0.000781504	16049.8	1050	105	14658.3	128.647	128.647	514.589	514.589	0 21926.4 1265.36 	23191.8	6.21053	6.55445	6700	670	0.0183187	0	2.04	1.02
438.6	0.00255755	0.000781531	16050.4	1050	105	14657.9	128.755	128.755	515.02	515.02	0 21925.6 1266.33 	23192	6.21054	6.55445	6700	670	0.0183336	0	2.04	1.02
438.8	0.00255754	0.000781559	16051	1050	105	14657.4	128.863	128.863	515.451	515.451	0 21924.8 1267.31 	23192.1	6.21056	6.55445	6700	670	0.0183485	0	2.04	1.02
439	0.00255754	0.000781586	16051.7	1050	105	14657	128.971	128.971	515.882	515.882	0 21924 1268.29 	23192.3	6.21057	6.55445	6700	670	0.0183634	0	2.04	1.02
439.2	0.00255754	0.000781614	16052.3	1050	105	14656.5	129.079	129.079	516.314	516.314	0 21923.3 1269.27 	23192.5	6.21059	6.55445	6700	670	0.0183783	0	2.04	1.02
439.4	0.00255754	0.000781641	16052.9	1050	105	14656.1	129.187	129.187	516.747	516.747	0 21922.5 1270.26 	23192.7	6.21061	6.55445	6700	670	0.0183933	0	2.04	1.02
439.6	0.00255754	0.000781669	16053.6	1050	105	14655.6	129.295	129.295	517.179	517.179	0 21921.7 1271.24 	23192.9	6.21062	6.55445	6700	670	0.0184083	0	2.04	1.02
439.8	0.00255753	0.000781697	16054.2	1050	105	14655.2	129.403	129.403	517.612	517.612	0 21920.9 1272.23 	23193.1	6.21064	6.55445	6700	670	0.0184232	0	2.04	1.02
440	0.00255753	0.000781724	16054.8	1050	105	14654.7	129.511	129.511	518.045	518.045	0 21920.1 1273.21 	23193.3	6.21065	6.55445	6700	670	0.0184382	0	2.04	1.02
440.2	0.00255753	0.000781752	16055.5	1050	105	14654.3	129.62	129.62	518.479	518.479	0 21919.3 1274.2 	23193.5	6.21067	6.55445	6700	670	0.0184533	0	2.04	1.02
440.4	0.00255753	0.000781779	16056.1	1050	105	14653.8	129.728	129.728	518.913	518.913	0 21918.5 1275.19 	23193.7	6.21068	6.55445	6700	670	0.0184683	0	2.04	1.02
440.6	0.00255753	0.000781807	16056.7	1050	105	14653.3	129.837	129.837	519.347	519.347	0 21917.7 1276.18 	23193.9	6.2107	6.55445	6700	670	0.0184834	0	2.04	1.02
440.8	0.00255752	0.000781835	16057.3	1050	105	14652.9	129.945	129.945	519.782	519.782	0 21916.9 1277.17 	23194.1	6.21072	6.55445	6700	670	0.0184985	0	2.04	1.02
441	0.00255752	0.000781862	16058	1050	105	14652.4	130.054	130.054	520.217	520.217	0 21916.1 1278.16 	23194.3	6.21073	6.55445	6700	670	0.0185136	0	2.04	1.02
441.2	0.00255752	0.00078189	16058.6	1050	105	14652	130.163	130.163	520.652	520.652	0 21915.3 1279.16 	23194.5	6.21075	6.55445	6700	670	0.0185287	0	2.04	1.02
441.4	0.00255752	0.000781917	16059.2	1050	105	14651.5	130.272	130.272	521.088	521.088	0 21914.5 1280.15 	23194.7	6.21077	6.55445	6700	670	0.0185438	0	2.04	1.02
441.6	0.00255751	0.000781945	16059.9	1050	105	14651.1	130.381	130.381	521.524	521.524	0 21913.7 1281.15 	23194.9	6.21078	6.55445	6700	670	0.018559	0	2.04	1.02
441.8	0.00255751	0.000781973	16060.5	1050	105	14650.6	130.49	130.49	521.96	521.96	0 21913 1282.15 	23195.1	6.2108	6.55445	6700	670	0.0185742	0	2.04	1.02
442	0.00255751	0.000782	16061.1	1050	105	14650.1	130.599	130.599	522.397	522.397	0 21912.2 1283.14 	23195.3	6.21082	6.55445	6700	670	0.0185894	0	2.04	1.02
442.2	0.00255751	0.000782028	16061.8	1050	105	14649.7	130.709	130.709	522.834	522.834	0 21911.4 1284.14 	23195.5	6.21083	6.55445	6700	670	0.0186046	0	2.04	1.02
442.4	0.0025575	0.000782055	16062.4	1050	105	14649.2	130.818	130.818	523.272	523.272	0 21910.6 1285.14 	23195.7	6.21085	6.55445	6700	670	0.0186198	0	2.04	1.02
442.6	0.0025575	0.000782083	16063	1050	105	14648.7	130.927	130.927	523.709	523.709	0 21909.8 1286.15 	23195.9	6.21087	6.55445	6700	670	0.0186351	0	2.04	1.02
442.8	0.0025575	0.000782111	16063.6	1050	105	14648.3	131.037	131.037	524.147	524.147	0 21909 1287.15 	23196.1	6.21088	6.55445	6700	670	0.0186503	0	2.04	1.02
443	0.0025575	0.000782138	16064.3	1050	105	14647.8	131.146	131.146	524.586	524.586	0 21908.2 1288.16 	23196.3	6.2109	6.55445	6700	670	0.0186656	0	2.04	1.02
443.2	0.0025575	0.000782166	16064.9	1050	105	14647.3	131.256	131.256	525.025	525.025	0 21907.4 1289.16 	23196.6	6.21092	6.55445	6700	670	0.0186809	0	2.04	1.02
443.4	0.00255749	0.000782194	16065.5	1050	105	14646.9	131.366	131.366	525.464	525.464	0 21906.6 1290.17 	23196.8	6.21093	6.55445	6700	670	0.0186963	0	2.04	1.02
443.6	0.00255749	0.000782221	16066.2	1050	105	14646.4	131.476	131.476	525.903	525.903	0 21905.8 1291.18 	23197	6.21095	6.55445	6700	670	0.0187116	0	2.04	1.02
443.8	0.00255749	0.000782249	16066.8	1050	105	14645.9	131.586	131.586	526.343	526.343	0 21905 1292.19 	23197.2	6.21097	6.55445	6700	670	0.018727	0	2.04	1.02
444	0.00255749	0.000782276	16067.4	1050	105	14645.5	131.696	131.696	526.783	526.783	0 21904.2 1293.2 	23197.4	6.21099	6.55445	6700	670	0.0187424	0	2.04	1.02
444.2	0.00255748	0.000782304	16068.1	1050	105	14645	131.806	131.806	527.224	527.224	0 21903.4 1294.21 	23197.6	6.21101	6.55445	6700	670	0.0187578	0	2.04	1.02
444.4	0.00255748	0.000782332	16068.7	1050	105	14644.5	131.916	131.916	527.665	527.665	0 21902.6 1295.22 	23197.9	6.21102	6.55445	6700	670	0.0187732	0	2.04	1.02
444.6	0.00255748	0.000782359	16069.3	1050	105	14644	132.026	132.026	528.106	528.106	0 21901.8 1296.24 	23198.1	6.21104	6.55445	6700	670	0.0187887	0	2.04	1.02
444.8	0.00255748	0.000782387	16069.9	1050	105	14643.6	132.137	132.137	528.547	528.547	0 21901 1297.25 	23198.3	6.21106	6.55445	6700	670	0.0188041	0	2.04	1.02
445	0.00255747	0.000782415	16070.6	1050	105	14643.1	132.247	132.247	528.989	528.989	0 21900.2 1298.27 	23198.5	6.21108	6.55445	6700	670	0.0188196	0	2.04	1.02
445.2	0.00255747	0.000782442	16071.2	1050	105	14642.6	132.358	132.358	529.431	529.431	0 21899.5 1299.29 	23198.7	6.21109	6.55445	6700	670	0.0188351	0	2.04	1.02
445.4	0.00255747	0.00078247	16071.8	1050	105	14642.1	132.469	132.469	529.874	529.874	0 21898.7 1300.31 	23199	6.21111	6.55445	6700	670	0.0188506	0	2.04	1.02
445.6	0.00255747	0.000782498	16072.5	1050	105	14641.7	132.579	132.579	530.317	530.317	0 21897.9 1301.33 	23199.2	6.21113	6.55445	6700	670	0.0188662	0	2.04	1.02
445.8	0.00255746	0.000782525	16073.1	1050	105	14641.2	132.69	132.69	530.76	530.76	0 21897.1 1302.35 	23199.4	6.21115	6.55445	6700	670	0.0188817	0	2.04	1.02
446	0.00255746	0.000782553	16073.7	1050	105	14640.7	132.801	132.801	531.204	531.204	0 21896.3 1303.38 	23199.6	6.21117	6.55445	6700	670	0.0188973	0	2.04	1.02
446.2	0.00255746	0.00078258	16074.3	1050	105	14640.2	132.912	132.912	531.648	531.648	0 21895.5 1304.4 	23199.9	6.21119	6.55445	6700	670	0.0189129	0	2.04	1.02
446.4	0.00255746	0.000782608	16075	1050	105	14639.7	133.023	133.023	532.092	532.092	0 21894.7 1305.43 	23200.1	6.21121	6.55445	6700	670	0.0189285	0	2.04	1.02
446.6	0.00255745	0.000782636	16075.6	1050	105	14639.3	133.134	133.134	532.537	532.537	0 21893.9 1306.45 	23200.3	6.21122	6.55445	6700	670	0.0189441	0	2.04	1.02
446.8	0.00255745	0.000782663	16076.2	1050	105	14638.8	133.245	133.245	532.982	532.982	0 21893.1 1307.48 	23200.6	6.21124	6.55445	6700	670	0.0189598	0	2.04	1.02
447	0.00255745	0.000782691	16076.9	1050	105	14638.3	133.357	133.357	533.427	533.427	0 21892.3 1308.51 	23200.8	6.21126	6.55445	6700	670	0.0189755	0	2.04	1.02
447.2	0.00255745	0.000782719	16077.5	1050	105	14637.8	133.468	133.468	533.873	533.873	0 21891.5 1309.54 	23201	6.21128	6.55445	6700	670	0.0189911	0	2.04	1.02
447.4	0.00255744	0.000782746	16078.1	1050	105	14637.3	133.58	133.58	534.319	534.319	0 21890.7 1310.57 	23201.3	6.2113	6.55445	6700	670	0.0190068	0	2.04	1.02
447.6	0.00255744	0.000782774	16078.8	1050	105	14636.8	133.691	133.691	534.765	534.765	0 21889.9 1311.61 	23201.5	6.21132	6.55445	6700	670	0.0190226	0	2.04	1.02
447.8	0.00255744	0.000782802	16079.4	1050	105	14636.4	133.803	133.803	535.212	535.212	0 21889.1 1312.64 	23201.7	6.21134	6.55445	6700	670	0.0190383	0	2.04	1.02
448	0.00255743	0.000782829	16080	1050	105	14635.9	133.915	133.915	535.659	535.659	0 21888.3 1313.68 	23202	6.21136	6.55445	6700	670	0.0190541	0	2.04	1.02
448.2	0.00255743	0.000782857	16080.6	1050	105	14635.4	134.027	134.027	536.107	536.107	0 21887.5 1314.71 	23202.2	6.21138	6.55445	6700	670	0.0190699	0	2.04	1.02
448.4	0.00255743	0.000782885	16081.3	1050	105	14634.9	134.139	134.139	536.554	536.554	0 21886.7 1315.75 	23202.5	6.2114	6.55445	6700	670	0.0190857	0	2.04	1.02
448.6	0.00255743	0.000782913	16081.9	1050	105	14634.4	134.251	134.251	537.003	537.003	0 21885.9 1316.79 	23202.7	6.21142	6.55445	6700	670	0.0191015	0	2.04	1.02
448.8	0.00255742	0.00078294	16082.5	1050	105	14633.9	134.363	134.363	537.451	537.451	0 21885.1 1317.83 	23203	6.21144	6.55445	6700	670	0.0191173	0	2.04	1.02
449	0.00255742	0.000782968	16083.2	1050	105	14633.4	134.475	134.475	537.9	537.9	0 21884.3 1318.87 	23203.2	6.21146	6.55445	6700	670	0.0191332	0	2.04	1.02
449.2	0.00255742	0.000782996	16083.8	1050	105	14632.9	134.587	134.587	538.349	538.349	0 21883.5 1319.92 	23203.4	6.21148	6.55445	6700	670	0.0191491	0	2.04	1.02
449.4	0.00255742	0.000783023	16084.4	1050	105	14632.4	134.7	134.7	538.799	538.799	0 21882.7 1320.96 	23203.7	6.2115	6.55445	6700	670	0.019165	0	2.04	1.02
449.6	0.00255741	0.000783051	16085	1050	105	14631.9	134.812	134.812	539.249	539.249	0 21881.9 1322.01 	23203.9	6.21152	6.55445	6700	670	0.0191809	0	2.04	1.02
449.8	0.00255741	0.000783079	16085.7	1050	105	14631.4	134.925	134.925	539.699	539.699	0 21881.1 1323.05 	23204.2	6.21154	6.55445	6700	670	0.0191968	0	2.04	1.02
450	0.00255741	0.000783106	16086.3	1050	105	14630.9	135.037	135.037	540.149	540.149	0 21880.3 1324.1 	23204.4	6.21156	6.55445	6700	670	0.0192128	0	2.04	1.02
450.2	0.0025574	0.000783134	16086.9	1050	105	14630.4	135.15	135.15	540.6	540.6	0 21879.5 1325.15 	23204.7	6.21158	6.55445	6700	670	0.0192288	0	2.04	1.02
450.4	0.0025574	0.000783162	16087.6	1050	105	14629.9	135.263	135.263	541.052	541.052	0 21878.7 1326.2 	23204.9	6.2116	6.55445	6700	670	0.0192447	0	2.04	1.02
450.6	0.0025574	0.00078319	16088.2	1050	105	14629.4	135.376	135.376	541.503	541.503	0 21877.9 1327.25 	23205.2	6.21162	6.55445	6700	670	0.0192608	0	2.04	1.02
450.8	0.0025574	0.000783217	16088.8	1050	105	14628.9	135.489	135.489	541.955	541.955	0 21877.1 1328.3 	23205.4	6.21164	6.55445	6700	670	0.0192768	0	2.04	1.02
451	0.00255739	0.000783245	16089.5	1050	105	14628.4	135.602	135.602	542.407	542.407	0 21876.3 1329.36 	23205.7	6.21166	6.55445	6700	670	0.0192928	0	2.04	1.02
451.2	0.00255739	0.000783273	16090.1	1050	105	14627.9	135.715	135.715	542.86	542.86	0 21875.5 1330.41 	23206	6.21168	6.55445	6700	670	0.0193089	0	2.04	1.02
451.4	0.00255739	0.0007833	16090.7	1050	105	14627.4	135.828	135.828	543.313	543.313	0 21874.7 1331.47 	23206.2	6.2117	6.55445	6700	670	0.019325	0	2.04	1.02
451.6	0.00255738	0.000783328	16091.3	1050	105	14626.9	135.942	135.942	543.767	543.767	0 21873.9 1332.53 	23206.5	6.21172	6.55445	6700	670	0.0193411	0	2.04	1.02
451.8	0.00255738	0.000783356	16092	1050	105	14626.4	136.055	136.055	544.22	544.22	0 21873.1 1333.58 	23206.7	6.21174	6.55445	6700	670	0.0193572	0	2.04	1.02
452	0.00255738	0.000783384	16092.6	1050	105	14625.9	136.169	136.169	544.674	544.674	0 21872.3 1334.64 	23207	6.21176	6.55445	6700	670	0.0193734	0	2.04	1.02
452.2	0.00255738	0.000783411	16093.2	1050	105	14625.4	136.282	136.282	545.129	545.129	0 21871.5 1335.7 	23207.3	6.21178	6.55445	6700	670	0.0193895	0	2.04	1.02
452.4	0.00255737	0.000783439	16093.9	1050	105	14624.9	136.396	136.396	545.584	545.584	0 21870.7 1336.77 	23207.5	6.21181	6.55445	6700	670	0.0194057	0	2.04	1.02
452.6	0.00255737	0.000783467	16094.5	1050	105	14624.4	136.51	136.51	546.039	546.039	0 21869.9 1337.83 	23207.8	6.21183	6.55445	6700	670	0.0194219	0	2.04	1.02
452.8	0.00255737	0.000783495	16095.1	1050	105	14623.9	136.624	136.624	546.494	546.494	0 21869.1 1338.9 	23208	6.21185	6.55445	6700	670	0.0194381	0	2.04	1.02
453	0.00255736	0.000783522	16095.8	1050	105	14623.4	136.738	136.738	546.95	546.95	0 21868.3 1339.96 	23208.3	6.21187	6.55445	6700	670	0.0194544	0	2.04	1.02
453.2	0.00255736	0.00078355	16096.4	1050	105	14622.9	136.852	136.852	547.406	547.406	0 21867.5 1341.03 	23208.6	6.21189	6.55445	6700	670	0.0194706	0	2.04	1.02
453.4	0.00255736	0.000783578	16097	1050	105	14622.4	136.966	136.966	547.863	547.863	0 21866.7 1342.1 	23208.8	6.21191	6.55445	6700	670	0.0194869	0	2.04	1.02
453.6	0.00255736	0.000783606	16097.6	1050	105	14621.8	137.08	137.08	548.32	548.32	0 21865.9 1343.17 	23209.1	6.21194	6.55445	6700	670	0.0195032	0	2.04	1.02
453.8	0.00255735	0.000783633	16098.3	1050	105	14621.3	137.194	137.194	548.777	548.777	0 21865.1 1344.24 	23209.4	6.21196	6.55445	6700	670	0.0195195	0	2.04	1.02
454	0.00255735	0.000783661	16098.9	1050	105	14620.8	137.309	137.309	549.235	549.235	0 21864.3 1345.31 	23209.7	6.21198	6.55445	6700	670	0.0195358	0	2.04	1.02
454.2	0.00255735	0.000783689	16099.5	1050	105	14620.3	137.423	137.423	549.693	549.693	0 21863.5 1346.38 	23209.9	6.212	6.55445	6700	670	0.0195522	0	2.04	1.02
454.4	0.00255734	0.000783717	16100.2	1050	105	14619.8	137.538	137.538	550.151	550.151	0 21862.7 1347.46 	23210.2	6.21202	6.55445	6700	670	0.0195686	0	2.04	1.02
454.6	0.00255734	0.000783745	16100.8	1050	105	14619.3	137.652	137.652	550.61	550.61	0 21861.9 1348.53 	23210.5	6.21205	6.55445	6700	670	0.0195849	0	2.04	1.02
454.8	0.00255734	0.000783772	16101.4	1050	105	14618.8	137.767	137.767	551.069	551.069	0 21861.1 1349.61 	23210.8	6.21207	6.55445	6700	670	0.0196014	0	2.04	1.02
455	0.00255733	0.0007838	16102.1	1050	105	14618.2	137.882	137.882	551.528	551.528	0 21860.3 1350.69 	23211	6.21209	6.55445	6700	670	0.0196178	0	2.04	1.02
455.2	0.00255733	0.000783828	16102.7	1050	105	14617.7	137.997	137.997	551.988	551.988	0 21859.5 1351.77 	23211.3	6.21211	6.55445	6700	670	0.0196342	0	2.04	1.02
455.4	0.00255733	0.000783856	16103.3	1050	105	14617.2	138.112	138.112	552.448	552.448	0 21858.7 1352.85 	23211.6	6.21214	6.55445	6700	670	0.0196507	0	2.04	1.02
455.6	0.00255733	0.000783884	16103.9	1050	105	14616.7	138.227	138.227	552.908	552.908	0 21857.9 1353.93 	23211.9	6.21216	6.55445	6700	670	0.0196672	0	2.04	1.02
455.8	0.00255732	0.000783911	16104.6	1050	105	14616.2	138.342	138.342	553.369	553.369	0 21857.1 1355.01 	23212.1	6.21218	6.55445	6700	670	0.0196837	0	2.04	1.02
456	0.00255732	0.000783939	16105.2	1050	105	14615.6	138.457	138.457	553.83	553.83	0 21856.3 1356.1 	23212.4	6.2122	6.55445	6700	670	0.0197002	0	2.04	1.02
456.2	0.00255732	0.000783967	16105.8	1050	105	14615.1	138.573	138.573	554.291	554.291	0 21855.5 1357.18 	23212.7	6.21223	6.55445	6700	670	0.0197167	0	2.04	1.02
456.4	0.00255731	0.000783995	16106.5	1050	105	14614.6	138.688	138.688	554.753	554.753	0 21854.7 1358.27 	23213	6.21225	6.55445	6700	670	0.0197333	0	2.04	1.02
456.6	0.00255731	0.000784023	16107.1	1050	105	14614.1	138.804	138.804	555.215	555.215	0 21853.9 1359.36 	23213.3	6.21227	6.55445	6700	670	0.0197499	0	2.04	1.02
456.8	0.00255731	0.000784051	16107.7	1050	105	14613.5	138.92	138.92	555.678	555.678	0 21853.1 1360.45 	23213.6	6.2123	6.55445	6700	670	0.0197665	0	2.04	1.02
457	0.0025573	0.000784078	16108.4	1050	105	14613	139.035	139.035	556.141	556.141	0 21852.3 1361.54 	23213.9	6.21232	6.55445	6700	670	0.0197831	0	2.04	1.02
457.2	0.0025573	0.000784106	16109	1050	105	14612.5	139.151	139.151	556.604	556.604	0 21851.5 1362.63 	23214.1	6.21234	6.55445	6700	670	0.0197997	0	2.04	1.02
457.4	0.0025573	0.000784134	16109.6	1050	105	14611.9	139.267	139.267	557.068	557.068	0 21850.7 1363.72 	23214.4	6.21237	6.55445	6700	670	0.0198164	0	2.04	1.02
457.6	0.00255729	0.000784162	16110.2	1050	105	14611.4	139.383	139.383	557.532	557.532	0 21849.9 1364.81 	23214.7	6.21239	6.55445	6700	670	0.019833	0	2.04	1.02
457.8	0.00255729	0.00078419	16110.9	1050	105	14610.9	139.499	139.499	557.996	557.996	0 21849.1 1365.91 	23215	6.21241	6.55445	6700	670	0.0198497	0	2.04	1.02
458	0.00255729	0.000784218	16111.5	1050	105	14610.4	139.615	139.615	558.461	558.461	0 21848.3 1367.01 	23215.3	6.21244	6.55445	6700	670	0.0198664	0	2.04	1.02
458.2	0.00255728	0.000784245	16112.1	1050	105	14609.8	139.731	139.731	558.926	558.926	0 21847.5 1368.1 	23215.6	6.21246	6.55445	6700	670	0.0198832	0	2.04	1.02
458.4	0.00255728	0.000784273	16112.8	1050	105	14609.3	139.848	139.848	559.391	559.391	0 21846.7 1369.2 	23215.9	6.21248	6.55445	6700	670	0.0198999	0	2.04	1.02
458.6	0.00255728	0.000784301	16113.4	1050	105	14608.8	139.964	139.964	559.857	559.857	0 21845.9 1370.3 	23216.2	6.21251	6.55445	6700	670	0.0199167	0	2.04	1.02
458.8	0.00255727	0.000784329	16114	1050	105	14608.2	140.081	140.081	560.323	560.323	0 21845.1 1371.4 	23216.5	6.21253	6.55445	6700	670	0.0199335	0	2.04	1.02
459	0.00255727	0.000784357	16114.7	1050	105	14607.7	140.197	140.197	560.789	560.789	0 21844.3 1372.51 	23216.8	6.21256	6.55445	6700	670	0.0199503	0	2.04	1.02
459.2	0.00255727	0.000784385	16115.3	1050	105	14607.2	140.314	140.314	561.256	561.256	0 21843.5 1373.61 	23217.1	6.21258	6.55445	6700	670	0.0199671	0	2.04	1.02
459.4	0.00255726	0.000784413	16115.9	1050	105	14606.6	140.431	140.431	561.723	561.723	0 21842.7 1374.71 	23217.4	6.2126	6.55445	6700	670	0.0199839	0	2.04	1.02
459.6	0.00255726	0.000784441	16116.6	1050	105	14606.1	140.548	140.548	562.191	562.191	0 21841.9 1375.82 	23217.7	6.21263	6.55445	6700	670	0.0200008	0	2.04	1.02
459.8	0.00255726	0.000784468	16117.2	1050	105	14605.5	140.665	140.665	562.659	562.659	0 21841.1 1376.93 	23218	6.21265	6.55445	6700	670	0.0200177	0	2.04	1.02
460	0.00255725	0.000784496	16117.8	1050	105	14605	140.782	140.782	563.127	563.127	0 21840.3 1378.04 	23218.3	6.21268	6.55445	6700	670	0.0200346	0	2.04	1.02
460.2	0.00255725	0.000784524	16118.4	1050	105	14604.5	140.899	140.899	563.595	563.595	0 21839.4 1379.15 	23218.6	6.2127	6.55445	6700	670	0.0200515	0	2.04	1.02
460.4	0.00255725	0.000784552	16119.1	1050	105	14603.9	141.016	141.016	564.064	564.064	0 21838.6 1380.26 	23218.9	6.21273	6.55445	6700	670	0.0200684	0	2.04	1.02
460.6	0.00255724	0.00078458	16119.7	1050	105	14603.4	141.133	141.133	564.534	564.534	0 21837.8 1381.37 	23219.2	6.21275	6.55445	6700	670	0.0200854	0	2.04	1.02
460.8	0.00255724	0.000784608	16120.3	1050	105	14602.8	141.251	141.251	565.003	565.003	0 21837 1382.48 	23219.5	6.21278	6.55445	6700	670	0.0201023	0	2.04	1.02
461	0.00255724	0.000784636	16121	1050	105	14602.3	141.368	141.368	565.473	565.473	0 21836.2 1383.6 	23219.8	6.2128	6.55445	6700	670	0.0201193	0	2.04	1.02
461.2	0.00255723	0.000784664	16121.6	1050	105	14601.7	141.486	141.486	565.944	565.944	0 21835.4 1384.71 	23220.1	6.21283	6.55445	6700	670	0.0201363	0	2.04	1.02
461.4	0.00255723	0.000784692	16122.2	1050	105	14601.2	141.604	141.604	566.414	566.414	0 21834.6 1385.83 	23220.4	6.21285	6.55445	6700	670	0.0201534	0	2.04	1.02
461.6	0.00255723	0.00078472	16122.9	1050	105	14600.7	141.721	141.721	566.886	566.886	0 21833.8 1386.95 	23220.8	6.21288	6.55445	6700	670	0.0201704	0	2.04	1.02
461.8	0.00255722	0.000784748	16123.5	1050	105	14600.1	141.839	141.839	567.357	567.357	0 21833 1388.06 	23221.1	6.2129	6.55445	6700	670	0.0201875	0	2.04	1.02
462	0.00255722	0.000784776	16124.1	1050	105	14599.6	141.957	141.957	567.829	567.829	0 21832.2 1389.19 	23221.4	6.21293	6.55445	6700	670	0.0202046	0	2.04	1.02
462.2	0.00255722	0.000784804	16124.8	1050	105	14599	142.075	142.075	568.301	568.301	0 21831.4 1390.31 	23221.7	6.21295	6.55445	6700	670	0.0202217	0	2.04	1.02
462.4	0.00255721	0.000784832	16125.4	1050	105	14598.5	142.193	142.193	568.773	568.773	0 21830.6 1391.43 	23222	6.21298	6.55445	6700	670	0.0202388	0	2.04	1.02
462.6	0.00255721	0.000784859	16126	1050	105	14597.9	142.312	142.312	569.246	569.246	0 21829.8 1392.55 	23222.3	6.213	6.55445	6700	670	0.0202559	0	2.04	1.02
462.8	0.00255721	0.000784887	16126.7	1050	105	14597.4	142.43	142.43	569.719	569.719	0 21829 1393.68 	23222.6	6.21303	6.55445	6700	670	0.0202731	0	2.04	1.02
463	0.0025572	0.000784915	16127.3	1050	105	14596.8	142.548	142.548	570.193	570.193	0 21828.2 1394.81 	23223	6.21305	6.55445	6700	670	0.0202903	0	2.04	1.02
463.2	0.0025572	0.000784943	16127.9	1050	105	14596.3	142.667	142.667	570.667	570.667	0 21827.3 1395.93 	23223.3	6.21308	6.55445	6700	670	0.0203075	0	2.04	1.02
463.4	0.0025572	0.000784971	16128.6	1050	105	14595.7	142.785	142.785	571.141	571.141	0 21826.5 1397.06 	23223.6	6.21311	6.55445	6700	670	0.0203247	0	2.04	1.02
463.6	0.00255719	0.000784999	16129.2	1050	105	14595.1	142.904	142.904	571.616	571.616	0 21825.7 1398.19 	23223.9	6.21313	6.55445	6700	670	0.0203419	0	2.04	1.02
463.8	0.00255719	0.000785027	16129.8	1050	105	14594.6	143.023	143.023	572.091	572.091	0 21824.9 1399.32 	23224.2	6.21316	6.55445	6700	670	0.0203592	0	2.04	1.02
464	0.00255718	0.000785055	16130.4	1050	105	14594	143.142	143.142	572.566	572.566	0 21824.1 1400.46 	23224.6	6.21318	6.55445	6700	670	0.0203765	0	2.04	1.02
464.2	0.00255718	0.000785083	16131.1	1050	105	14593.5	143.26	143.26	573.042	573.042	0 21823.3 1401.59 	23224.9	6.21321	6.55445	6700	670	0.0203938	0	2.04	1.02
464.4	0.00255718	0.000785111	16131.7	1050	105	14592.9	143.38	143.38	573.518	573.518	0 21822.5 1402.72 	23225.2	6.21324	6.55445	6700	670	0.0204111	0	2.04	1.02
464.6	0.00255717	0.000785139	16132.3	1050	105	14592.4	143.499	143.499	573.995	573.995	0 21821.7 1403.86 	23225.5	6.21326	6.55445	6700	670	0.0204284	0	2.04	1.02
464.8	0.00255717	0.000785167	16133	1050	105	14591.8	143.618	143.618	574.471	574.471	0 21820.9 1405 	23225.9	6.21329	6.55445	6700	670	0.0204458	0	2.04	1.02
465	0.00255717	0.000785195	16133.6	1050	105	14591.2	143.737	143.737	574.948	574.948	0 21820.1 1406.14 	23226.2	6.21331	6.55445	6700	670	0.0204631	0	2.04	1.02
465.2	0.00255716	0.000785223	16134.2	1050	105	14590.7	143.856	143.856	575.426	575.426	0 21819.3 1407.28 	23226.5	6.21334	6.55445	6700	670	0.0204805	0	2.04	1.02
465.4	0.00255716	0.000785251	16134.9	1050	105	14590.1	143.976	143.976	575.904	575.904	0 21818.4 1408.42 	23226.9	6.21337	6.55445	6700	670	0.0204979	0	2.04	1.02
465.6	0.00255716	0.000785279	16135.5	1050	105	14589.6	144.096	144.096	576.382	576.382	0 21817.6 1409.56 	23227.2	6.21339	6.55445	6700	670	0.0205153	0	2.04	1.02
465.8	0.00255715	0.000785308	16136.1	1050	105	14589	144.215	144.215	576.861	576.861	0 21816.8 1410.7 	23227.5	6.21342	6.55445	6700	670	0.0205328	0	2.04	1.02
466	0.00255715	0.000785336	16136.8	1050	105	14588.4	144.335	144.335	577.34	577.34	0 21816 1411.85 	23227.9	6.21345	6.55445	6700	670	0.0205503	0	2.04	1.02
466.2	0.00255714	0.000785364	16137.4	1050	105	14587.9	144.455	144.455	577.819	577.819	0 21815.2 1412.99 	23228.2	6.21348	6.55445	6700	670	0.0205677	0	2.04	1.02
466.4	0.00255714	0.000785392	16138	1050	105	14587.3	144.575	144.575	578.299	578.299	0 21814.4 1414.14 	23228.5	6.2135	6.55445	6700	670	0.0205852	0	2.04	1.02
466.6	0.00255714	0.00078542	16138.7	1050	105	14586.7	144.695	144.695	578.779	578.779	0 21813.6 1415.29 	23228.9	6.21353	6.55445	6700	670	0.0206028	0	2.04	1.02
466.8	0.00255713	0.000785448	16139.3	1050	105	14586.2	144.815	144.815	579.259	579.259	0 21812.8 1416.43 	23229.2	6.21356	6.55445	6700	670	0.0206203	0	2.04	1.02
467	0.00255713	0.000785476	16139.9	1050	105	14585.6	144.935	144.935	579.74	579.74	0 21812 1417.59 	23229.5	6.21358	6.55445	6700	670	0.0206378	0	2.04	1.02
467.2	0.00255713	0.000785504	16140.6	1050	105	14585	145.055	145.055	580.221	580.221	0 21811.1 1418.74 	23229.9	6.21361	6.55445	6700	670	0.0206554	0	2.04	1.02
467.4	0.00255712	0.000785532	16141.2	1050	105	14584.4	145.176	145.176	580.702	580.702	0 21810.3 1419.89 	23230.2	6.21364	6.55445	6700	670	0.020673	0	2.04	1.02
467.6	0.00255712	0.00078556	16141.8	1050	105	14583.9	145.296	145.296	581.184	581.184	0 21809.5 1421.04 	23230.6	6.21367	6.55445	6700	670	0.0206906	0	2.04	1.02
467.8	0.00255711	0.000785588	16142.5	1050	105	14583.3	145.417	145.417	581.666	581.666	0 21808.7 1422.2 	23230.9	6.21369	6.55445	6700	670	0.0207083	0	2.04	1.02
468	0.00255711	0.000785616	16143.1	1050	105	14582.7	145.537	145.537	582.149	582.149	0 21807.9 1423.36 	23231.3	6.21372	6.55445	6700	670	0.0207259	0	2.04	1.02
468.2	0.00255711	0.000785644	16143.7	1050	105	14582.2	145.658	145.658	582.632	582.632	0 21807.1 1424.51 	23231.6	6.21375	6.55445	6700	670	0.0207436	0	2.04	1.02
468.4	0.0025571	0.000785673	16144.4	1050	105	14581.6	145.779	145.779	583.115	583.115	0 21806.3 1425.67 	23231.9	6.21378	6.55445	6700	670	0.0207613	0	2.04	1.02
468.6	0.0025571	0.000785701	16145	1050	105	14581	145.9	145.9	583.599	583.599	0 21805.5 1426.83 	23232.3	6.21381	6.55445	6700	670	0.020779	0	2.04	1.02
468.8	0.0025571	0.000785729	16145.6	1050	105	14580.4	146.021	146.021	584.083	584.083	0 21804.6 1427.99 	23232.6	6.21383	6.55445	6700	670	0.0207967	0	2.04	1.02
469	0.00255709	0.000785757	16146.3	1050	105	14579.9	146.142	146.142	584.567	584.567	0 21803.8 1429.15 	23233	6.21386	6.55445	6700	670	0.0208144	0	2.04	1.02
469.2	0.00255709	0.000785785	16146.9	1050	105	14579.3	146.263	146.263	585.052	585.052	0 21803 1430.32 	23233.3	6.21389	6.55445	6700	670	0.0208322	0	2.04	1.02
469.4	0.00255708	0.000785813	16147.5	1050	105	14578.7	146.384	146.384	585.537	585.537	0 21802.2 1431.48 	23233.7	6.21392	6.55445	6700	670	0.02085	0	2.04	1.02
469.6	0.00255708	0.000785841	16148.2	1050	105	14578.1	146.506	146.506	586.023	586.023	0 21801.4 1432.65 	23234	6.21395	6.55445	6700	670	0.0208678	0	2.04	1.02
469.8	0.00255708	0.000785869	16148.8	1050	105	14577.5	146.627	146.627	586.508	586.508	0 21800.6 1433.82 	23234.4	6.21397	6.55445	6700	670	0.0208856	0	2.04	1.02
470	0.00255707	0.000785898	16149.4	1050	105	14577	146.749	146.749	586.994	586.994	0 21799.8 1434.98 	23234.7	6.214	6.55445	6700	670	0.0209035	0	2.04	1.02
470.2	0.00255707	0.000785926	16150.1	1050	105	14576.4	146.87	146.87	587.481	587.481	0 21798.9 1436.15 	23235.1	6.21403	6.55445	6700	670	0.0209213	0	2.04	1.02
470.4	0.00255706	0.000785954	16150.7	1050	105	14575.8	146.992	146.992	587.968	587.968	0 21798.1 1437.32 	23235.5	6.21406	6.55445	6700	670	0.0209392	0	2.04	1.02
470.6	0.00255706	0.000785982	16151.3	1050	105	14575.2	147.114	147.114	588.455	588.455	0 21797.3 1438.5 	23235.8	6.21409	6.55445	6700	670	0.0209571	0	2.04	1.02
470.8	0.00255706	0.00078601	16152	1050	105	14574.6	147.236	147.236	588.943	588.943	0 21796.5 1439.67 	23236.2	6.21412	6.55445	6700	670	0.020975	0	2.04	1.02
471	0.00255705	0.000786038	16152.6	1050	105	14574	147.358	147.358	589.431	589.431	0 21795.7 1440.84 	23236.5	6.21415	6.55445	6700	670	0.0209929	0	2.04	1.02
471.2	0.00255705	0.000786067	16153.3	1050	105	14573.5	147.48	147.48	589.919	589.919	0 21794.9 1442.02 	23236.9	6.21418	6.55445	6700	670	0.0210109	0	2.04	1.02
471.4	0.00255704	0.000786095	16153.9	1050	105	14572.9	147.602	147.602	590.408	590.408	0 21794.1 1443.2 	23237.3	6.21421	6.55445	6700	670	0.0210288	0	2.04	1.02
471.6	0.00255704	0.000786123	16154.5	1050	105	14572.3	147.724	147.724	590.897	590.897	0 21793.2 1444.37 	23237.6	6.21423	6.55445	6700	670	0.0210468	0	2.04	1.02
471.8	0.00255704	0.000786151	16155.2	1050	105	14571.7	147.847	147.847	591.386	591.386	0 21792.4 1445.55 	23238	6.21426	6.55445	6700	670	0.0210648	0	2.04	1.02
472	0.00255703	0.00078618	16155.8	1050	105	14571.1	147.969	147.969	591.876	591.876	0 21791.6 1446.73 	23238.3	6.21429	6.55445	6700	670	0.0210829	0	2.04	1.02
472.2	0.00255703	0.000786208	16156.4	1050	105	14570.5	148.092	148.092	592.366	592.366	0 21790.8 1447.91 	23238.7	6.21432	6.55445	6700	670	0.0211009	0	2.04	1.02
472.4	0.00255702	0.000786236	16157.1	1050	105	14569.9	148.214	148.214	592.857	592.857	0 21790 1449.1 	23239.1	6.21435	6.55445	6700	670	0.021119	0	2.04	1.02
472.6	0.00255702	0.000786264	16157.7	1050	105	14569.3	148.337	148.337	593.348	593.348	0 21789.2 1450.28 	23239.4	6.21438	6.55445	6700	670	0.0211371	0	2.04	1.02
472.8	0.00255702	0.000786292	16158.3	1050	105	14568.7	148.46	148.46	593.839	593.839	0 21788.3 1451.46 	23239.8	6.21441	6.55445	6700	670	0.0211552	0	2.04	1.02
473	0.00255701	0.000786321	16159	1050	105	14568.1	148.583	148.583	594.331	594.331	0 21787.5 1452.65 	23240.2	6.21444	6.55445	6700	670	0.0211733	0	2.04	1.02
473.2	0.00255701	0.000786349	16159.6	1050	105	14567.5	148.706	148.706	594.823	594.823	0 21786.7 1453.84 	23240.5	6.21447	6.55445	6700	670	0.0211914	0	2.04	1.02
473.4	0.002557	0.000786377	16160.2	1050	105	14567	148.829	148.829	595.315	595.315	0 21785.9 1455.03 	23240.9	6.2145	6.55445	6700	670	0.0212096	0	2.04	1.02
473.6	0.002557	0.000786405	16160.9	1050	105	14566.4	148.952	148.952	595.808	595.808	0 21785.1 1456.22 	23241.3	6.21453	6.55445	6700	670	0.0212278	0	2.04	1.02
473.8	0.002557	0.000786434	16161.5	1050	105	14565.8	149.075	149.075	596.301	596.301	0 21784.3 1457.41 	23241.7	6.21456	6.55445	6700	670	0.021246	0	2.04	1.02
474	0.00255699	0.000786462	16162.1	1050	105	14565.2	149.199	149.199	596.794	596.794	0 21783.4 1458.6 	23242	6.21459	6.55445	6700	670	0.0212642	0	2.04	1.02
474.2	0.00255699	0.00078649	16162.8	1050	105	14564.6	149.322	149.322	597.288	597.288	0 21782.6 1459.79 	23242.4	6.21462	6.55445	6700	670	0.0212824	0	2.04	1.02
474.4	0.00255698	0.000786519	16163.4	1050	105	14564	149.446	149.446	597.782	597.782	0 21781.8 1460.99 	23242.8	6.21465	6.55445	6700	670	0.0213007	0	2.04	1.02
474.6	0.00255698	0.000786547	16164.1	1050	105	14563.4	149.569	149.569	598.277	598.277	0 21781 1462.18 	23243.2	6.21468	6.55445	6700	670	0.0213189	0	2.04	1.02
474.8	0.00255697	0.000786575	16164.7	1050	105	14562.8	149.693	149.693	598.772	598.772	0 21780.2 1463.38 	23243.5	6.21471	6.55445	6700	670	0.0213372	0	2.04	1.02
475	0.00255697	0.000786603	16165.3	1050	105	14562.2	149.817	149.817	599.267	599.267	0 21779.3 1464.58 	23243.9	6.21474	6.55445	6700	670	0.0213555	0	2.04	1.02
475.2	0.00255697	0.000786632	16166	1050	105	14561.6	149.941	149.941	599.763	599.763	0 21778.5 1465.78 	23244.3	6.21477	6.55445	6700	670	0.0213738	0	2.04	1.02
475.4	0.00255696	0.00078666	16166.6	1050	105	14561	150.065	150.065	600.259	600.259	0 21777.7 1466.98 	23244.7	6.2148	6.55445	6700	670	0.0213922	0	2.04	1.02
475.6	0.00255696	0.000786688	16167.2	1050	105	14560.4	150.189	150.189	600.755	600.755	0 21776.9 1468.18 	23245.1	6.21483	6.55445	6700	670	0.0214106	0	2.04	1.02
475.8	0.00255695	0.000786717	16167.9	1050	105	14559.7	150.313	150.313	601.252	601.252	0 21776.1 1469.38 	23245.4	6.21486	6.55445	6700	670	0.0214289	0	2.04	1.02
476	0.00255695	0.000786745	16168.5	1050	105	14559.1	150.437	150.437	601.749	601.749	0 21775.2 1470.58 	23245.8	6.2149	6.55445	6700	670	0.0214473	0	2.04	1.02
476.2	0.00255695	0.000786773	16169.1	1050	105	14558.5	150.562	150.562	602.246	602.246	0 21774.4 1471.79 	23246.2	6.21493	6.55445	6700	670	0.0214658	0	2.04	1.02
476.4	0.00255694	0.000786802	16169.8	1050	105	14557.9	150.686	150.686	602.744	602.744	0 21773.6 1473 	23246.6	6.21496	6.55445	6700	670	0.0214842	0	2.04	1.02
476.6	0.00255694	0.00078683	16170.4	1050	105	14557.3	150.811	150.811	603.242	603.242	0 21772.8 1474.2 	23247	6.21499	6.55445	6700	670	0.0215027	0	2.04	1.02
476.8	0.00255693	0.000786859	16171.1	1050	105	14556.7	150.935	150.935	603.741	603.741	0 21772 1475.41 	23247.4	6.21502	6.55445	6700	670	0.0215211	0	2.04	1.02
477	0.00255693	0.000786887	16171.7	1050	105	14556.1	151.06	151.06	604.24	604.24	0 21771.1 1476.62 	23247.8	6.21505	6.55445	6700	670	0.0215396	0	2.04	1.02
477.2	0.00255692	0.000786915	16172.3	1050	105	14555.5	151.185	151.185	604.739	604.739	0 21770.3 1477.83 	23248.1	6.21508	6.55445	6700	670	0.0215581	0	2.04	1.02
477.4	0.00255692	0.000786944	16173	1050	105	14554.9	151.31	151.31	605.239	605.239	0 21769.5 1479.05 	23248.5	6.21511	6.55445	6700	670	0.0215767	0	2.04	1.02
477.6	0.00255692	0.000786972	16173.6	1050	105	14554.3	151.435	151.435	605.739	605.739	0 21768.7 1480.26 	23248.9	6.21514	6.55445	6700	670	0.0215952	0	2.04	1.02
477.8	0.00255691	0.000787	16174.2	1050	105	14553.7	151.56	151.56	606.239	606.239	0 21767.8 1481.47 	23249.3	6.21518	6.55445	6700	670	0.0216138	0	2.04	1.02
478	0.00255691	0.000787029	16174.9	1050	105	14553	151.685	151.685	606.74	606.74	0 21767 1482.69 	23249.7	6.21521	6.55445	6700	670	0.0216324	0	2.04	1.02
478.2	0.0025569	0.000787057	16175.5	1050	105	14552.4	151.81	151.81	607.241	607.241	0 21766.2 1483.91 	23250.1	6.21524	6.55445	6700	670	0.021651	0	2.04	1.02
478.4	0.0025569	0.000787086	16176.2	1050	105	14551.8	151.936	151.936	607.742	607.742	0 21765.4 1485.12 	23250.5	6.21527	6.55445	6700	670	0.0216696	0	2.04	1.02
478.6	0.00255689	0.000787114	16176.8	1050	105	14551.2	152.061	152.061	608.244	608.244	0 21764.6 1486.34 	23250.9	6.2153	6.55445	6700	670	0.0216883	0	2.04	1.02
478.8	0.00255689	0.000787143	16177.4	1050	105	14550.6	152.187	152.187	608.746	608.746	0 21763.7 1487.56 	23251.3	6.21534	6.55445	6700	670	0.0217069	0	2.04	1.02
479	0.00255688	0.000787171	16178.1	1050	105	14550	152.312	152.312	609.249	609.249	0 21762.9 1488.79 	23251.7	6.21537	6.55445	6700	670	0.0217256	0	2.04	1.02
479.2	0.00255688	0.000787199	16178.7	1050	105	14549.3	152.438	152.438	609.752	609.752	0 21762.1 1490.01 	23252.1	6.2154	6.55445	6700	670	0.0217443	0	2.04	1.02
479.4	0.00255688	0.000787228	16179.4	1050	105	14548.7	152.564	152.564	610.255	610.255	0 21761.3 1491.23 	23252.5	6.21543	6.55445	6700	670	0.021763	0	2.04	1.02
479.6	0.00255687	0.000787256	16180	1050	105	14548.1	152.69	152.69	610.759	610.759	0 21760.4 1492.46 	23252.9	6.21546	6.55445	6700	670	0.0217818	0	2.04	1.02
479.8	0.00255687	0.000787285	16180.6	1050	105	14547.5	152.816	152.816	611.263	611.263	0 21759.6 1493.68 	23253.3	6.2155	6.55445	6700	670	0.0218005	0	2.04	1.02
480	0.00255686	0.000787313	16181.3	1050	105	14546.9	152.942	152.942	611.767	611.767	0 21758.8 1494.91 	23253.7	6.21553	6.55445	6700	670	0.0218193	0	2.04	1.02
480.2	0.00255686	0.000787342	16181.9	1050	105	14546.2	153.068	153.068	612.272	612.272	0 21758 1496.14 	23254.1	6.21556	6.55445	6700	670	0.0218381	0	2.04	1.02
480.4	0.00255685	0.00078737	16182.5	1050	105	14545.6	153.194	153.194	612.777	612.777	0 21757.1 1497.37 	23254.5	6.21559	6.55445	6700	670	0.0218569	0	2.04	1.02
480.6	0.00255685	0.000787399	16183.2	1050	105	14545	153.321	153.321	613.283	613.283	0 21756.3 1498.6 	23254.9	6.21563	6.55445	6700	670	0.0218758	0	2.04	1.02
480.8	0.00255684	0.000787427	16183.8	1050	105	14544.4	153.447	153.447	613.789	613.789	0 21755.5 1499.83 	23255.3	6.21566	6.55445	6700	670	0.0218946	0	2.04	1.02
481	0.00255684	0.000787456	16184.5	1050	105	14543.7	153.574	153.574	614.295	614.295	0 21754.7 1501.07 	23255.7	6.21569	6.55445	6700	670	0.0219135	0	2.04	1.02
481.2	0.00255684	0.000787484	16185.1	1050	105	14543.1	153.7	153.7	614.802	614.802	0 21753.8 1502.3 	23256.1	6.21572	6.55445	6700	670	0.0219324	0	2.04	1.02
481.4	0.00255683	0.000787513	16185.7	1050	105	14542.5	153.827	153.827	615.309	615.309	0 21753 1503.54 	23256.5	6.21576	6.55445	6700	670	0.0219513	0	2.04	1.02
481.6	0.00255683	0.000787541	16186.4	1050	105	14541.8	153.954	153.954	615.816	615.816	0 21752.2 1504.77 	23257	6.21579	6.55445	6700	670	0.0219702	0	2.04	1.02
481.8	0.00255682	0.00078757	16187	1050	105	14541.2	154.081	154.081	616.324	616.324	0 21751.4 1506.01 	23257.4	6.21582	6.55445	6700	670	0.0219892	0	2.04	1.02
482	0.00255682	0.000787598	16187.7	1050	105	14540.6	154.208	154.208	616.832	616.832	0 21750.5 1507.25 	23257.8	6.21586	6.55445	6700	670	0.0220081	0	2.04	1.02
482.2	0.00255681	0.000787627	16188.3	1050	105	14540	154.335	154.335	617.34	617.34	0 21749.7 1508.49 	23258.2	6.21589	6.55445	6700	670	0.0220271	0	2.04	1.02
482.4	0.00255681	0.000787656	16188.9	1050	105	14539.3	154.462	154.462	617.849	617.849	0 21748.9 1509.73 	23258.6	6.21592	6.55445	6700	670	0.0220461	0	2.04	1.02
482.6	0.0025568	0.000787684	16189.6	1050	105	14538.7	154.59	154.59	618.359	618.359	0 21748 1510.98 	23259	6.21596	6.55445	6700	670	0.0220651	0	2.04	1.02
482.8	0.0025568	0.000787713	16190.2	1050	105	14538.1	154.717	154.717	618.868	618.868	0 21747.2 1512.22 	23259.4	6.21599	6.55445	6700	670	0.0220842	0	2.04	1.02
483	0.00255679	0.000787741	16190.9	1050	105	14537.4	154.845	154.845	619.378	619.378	0 21746.4 1513.47 	23259.8	6.21602	6.55445	6700	670	0.0221032	0	2.04	1.02
483.2	0.00255679	0.00078777	16191.5	1050	105	14536.8	154.972	154.972	619.888	619.888	0 21745.6 1514.71 	23260.3	6.21606	6.55445	6700	670	0.0221223	0	2.04	1.02
483.4	0.00255679	0.000787799	16192.2	1050	105	14536.2	155.1	155.1	620.399	620.399	0 21744.7 1515.96 	23260.7	6.21609	6.55445	6700	670	0.0221414	0	2.04	1.02
483.6	0.00255678	0.000787827	16192.8	1050	105	14535.5	155.228	155.228	620.91	620.91	0 21743.9 1517.21 	23261.1	6.21612	6.55445	6700	670	0.0221605	0	2.04	1.02
483.8	0.00255678	0.000787856	16193.4	1050	105	14534.9	155.355	155.355	621.422	621.422	0 21743.1 1518.46 	23261.5	6.21616	6.55445	6700	670	0.0221797	0	2.04	1.02
484	0.00255677	0.000787884	16194.1	1050	105	14534.2	155.483	155.483	621.933	621.933	0 21742.2 1519.71 	23261.9	6.21619	6.55445	6700	670	0.0221988	0	2.04	1.02
484.2	0.00255677	0.000787913	16194.7	1050	105	14533.6	155.611	155.611	622.446	622.446	0 21741.4 1520.96 	23262.4	6.21623	6.55445	6700	670	0.022218	0	2.04	1.02
484.4	0.00255676	0.000787942	16195.4	1050	105	14533	155.74	155.74	622.958	622.958	0 21740.6 1522.21 	23262.8	6.21626	6.55445	6700	670	0.0222372	0	2.04	1.02
484.6	0.00255676	0.00078797	16196	1050	105	14532.3	155.868	155.868	623.471	623.471	0 21739.8 1523.47 	23263.2	6.21629	6.55445	6700	670	0.0222564	0	2.04	1.02
484.8	0.00255675	0.000787999	16196.6	1050	105	14531.7	155.996	155.996	623.984	623.984	0 21738.9 1524.72 	23263.6	6.21633	6.55445	6700	670	0.0222756	0	2.04	1.02
485	0.00255675	0.000788028	16197.3	1050	105	14531	156.125	156.125	624.498	624.498	0 21738.1 1525.98 	23264.1	6.21636	6.55445	6700	670	0.0222949	0	2.04	1.02
485.2	0.00255674	0.000788056	16197.9	1050	105	14530.4	156.253	156.253	625.012	625.012	0 21737.3 1527.24 	23264.5	6.2164	6.55445	6700	670	0.0223141	0	2.04	1.02
485.4	0.00255674	0.000788085	16198.6	1050	105	14529.8	156.382	156.382	625.526	625.526	0 21736.4 1528.5 	23264.9	6.21643	6.55445	6700	670	0.0223334	0	2.04	1.02
485.6	0.00255673	0.000788114	16199.2	1050	105	14529.1	156.51	156.51	626.041	626.041	0 21735.6 1529.76 	23265.4	6.21647	6.55445	6700	670	0.0223527	0	2.04	1.02
485.8	0.00255673	0.000788142	16199.9	1050	105	14528.5	156.639	156.639	626.556	626.556	0 21734.8 1531.02 	23265.8	6.2165	6.55445	6700	670	0.022372	0	2.04	1.02
486	0.00255672	0.000788171	16200.5	1050	105	14527.8	156.768	156.768	627.072	627.072	0 21733.9 1532.28 	23266.2	6.21653	6.55445	6700	670	0.0223914	0	2.04	1.02
486.2	0.00255672	0.0007882	16201.1	1050	105	14527.2	156.897	156.897	627.588	627.588	0 21733.1 1533.55 	23266.6	6.21657	6.55445	6700	670	0.0224107	0	2.04	1.02
486.4	0.00255672	0.000788228	16201.8	1050	105	14526.5	157.026	157.026	628.104	628.104	0 21732.3 1534.81 	23267.1	6.2166	6.55445	6700	670	0.0224301	0	2.04	1.02
486.6	0.00255671	0.000788257	16202.4	1050	105	14525.9	157.155	157.155	628.621	628.621	0 21731.4 1536.08 	23267.5	6.21664	6.55445	6700	670	0.0224495	0	2.04	1.02
486.8	0.00255671	0.000788286	16203.1	1050	105	14525.2	157.284	157.284	629.138	629.138	0 21730.6 1537.35 	23268	6.21667	6.55445	6700	670	0.0224689	0	2.04	1.02
487	0.0025567	0.000788315	16203.7	1050	105	14524.6	157.414	157.414	629.655	629.655	0 21729.8 1538.61 	23268.4	6.21671	6.55445	6700	670	0.0224884	0	2.04	1.02
487.2	0.0025567	0.000788343	16204.4	1050	105	14523.9	157.543	157.543	630.173	630.173	0 21728.9 1539.88 	23268.8	6.21674	6.55445	6700	670	0.0225078	0	2.04	1.02
487.4	0.00255669	0.000788372	16205	1050	105	14523.3	157.673	157.673	630.691	630.691	0 21728.1 1541.16 	23269.3	6.21678	6.55445	6700	670	0.0225273	0	2.04	1.02
487.6	0.00255669	0.000788401	16205.6	1050	105	14522.6	157.802	157.802	631.209	631.209	0 21727.3 1542.43 	23269.7	6.21681	6.55445	6700	670	0.0225468	0	2.04	1.02
487.8	0.00255668	0.00078843	16206.3	1050	105	14522	157.932	157.932	631.728	631.728	0 21726.4 1543.7 	23270.1	6.21685	6.55445	6700	670	0.0225663	0	2.04	1.02
488	0.00255668	0.000788458	16206.9	1050	105	14521.3	158.062	158.062	632.247	632.247	0 21725.6 1544.98 	23270.6	6.21689	6.55445	6700	670	0.0225858	0	2.04	1.02
488.2	0.00255667	0.000788487	16207.6	1050	105	14520.7	158.192	158.192	632.767	632.767	0 21724.8 1546.25 	23271	6.21692	6.55445	6700	670	0.0226053	0	2.04	1.02
488.4	0.00255667	0.000788516	16208.2	1050	105	14520	158.322	158.322	633.287	633.287	0 21723.9 1547.53 	23271.5	6.21696	6.55445	6700	670	0.0226249	0	2.04	1.02
488.6	0.00255666	0.000788545	16208.9	1050	105	14519.3	158.452	158.452	633.807	633.807	0 21723.1 1548.81 	23271.9	6.21699	6.55445	6700	670	0.0226445	0	2.04	1.02
488.8	0.00255666	0.000788574	16209.5	1050	105	14518.7	158.582	158.582	634.328	634.328	0 21722.3 1550.08 	23272.3	6.21703	6.55445	6700	670	0.0226641	0	2.04	1.02
489	0.00255665	0.000788602	16210.1	1050	105	14518	158.712	158.712	634.849	634.849	0 21721.4 1551.37 	23272.8	6.21706	6.55445	6700	670	0.0226837	0	2.04	1.02
489.2	0.00255665	0.000788631	16210.8	1050	105	14517.4	158.843	158.843	635.371	635.371	0 21720.6 1552.65 	23273.2	6.2171	6.55445	6700	670	0.0227034	0	2.04	1.02
489.4	0.00255664	0.00078866	16211.4	1050	105	14516.7	158.973	158.973	635.892	635.892	0 21719.8 1553.93 	23273.7	6.21714	6.55445	6700	670	0.022723	0	2.04	1.02
489.6	0.00255664	0.000788689	16212.1	1050	105	14516	159.104	159.104	636.415	636.415	0 21718.9 1555.21 	23274.1	6.21717	6.55445	6700	670	0.0227427	0	2.04	1.02
489.8	0.00255663	0.000788718	16212.7	1050	105	14515.4	159.234	159.234	636.937	636.937	0 21718.1 1556.5 	23274.6	6.21721	6.55445	6700	670	0.0227624	0	2.04	1.02
490	0.00255663	0.000788747	16213.4	1050	105	14514.7	159.365	159.365	637.46	637.46	0 21717.2 1557.78 	23275	6.21724	6.55445	6700	670	0.0227821	0	2.04	1.02
490.2	0.00255662	0.000788775	16214	1050	105	14514.1	159.496	159.496	637.984	637.984	0 21716.4 1559.07 	23275.5	6.21728	6.55445	6700	670	0.0228018	0	2.04	1.02
490.4	0.00255662	0.000788804	16214.7	1050	105	14513.4	159.627	159.627	638.507	638.507	0 21715.6 1560.36 	23275.9	6.21732	6.55445	6700	670	0.0228216	0	2.04	1.02
490.6	0.00255661	0.000788833	16215.3	1050	105	14512.7	159.758	159.758	639.031	639.031	0 21714.7 1561.65 	23276.4	6.21735	6.55445	6700	670	0.0228414	0	2.04	1.02
490.8	0.00255661	0.000788862	16216	1050	105	14512.1	159.889	159.889	639.556	639.556	0 21713.9 1562.94 	23276.8	6.21739	6.55445	6700	670	0.0228612	0	2.04	1.02
491	0.0025566	0.000788891	16216.6	1050	105	14511.4	160.02	160.02	640.081	640.081	0 21713.1 1564.23 	23277.3	6.21742	6.55445	6700	670	0.022881	0	2.04	1.02
491.2	0.0025566	0.00078892	16217.2	1050	105	14510.7	160.151	160.151	640.606	640.606	0 21712.2 1565.53 	23277.8	6.21746	6.55445	6700	670	0.0229008	0	2.04	1.02
491.4	0.00255659	0.000788949	16217.9	1050	105	14510.1	160.283	160.283	641.131	641.131	0 21711.4 1566.82 	23278.2	6.2175	6.55445	6700	670	0.0229206	0	2.04	1.02
491.6	0.00255659	0.000788978	16218.5	1050	105	14509.4	160.414	160.414	641.657	641.657	0 21710.5 1568.11 	23278.7	6.21753	6.55445	6700	670	0.0229405	0	2.04	1.02
491.8	0.00255658	0.000789007	16219.2	1050	105	14508.7	160.546	160.546	642.184	642.184	0 21709.7 1569.41 	23279.1	6.21757	6.55445	6700	670	0.0229604	0	2.04	1.02
492	0.00255658	0.000789036	16219.8	1050	105	14508.1	160.678	160.678	642.71	642.71	0 21708.9 1570.71 	23279.6	6.21761	6.55445	6700	670	0.0229803	0	2.04	1.02
492.2	0.00255657	0.000789064	16220.5	1050	105	14507.4	160.809	160.809	643.237	643.237	0 21708 1572.01 	23280	6.21765	6.55445	6700	670	0.0230002	0	2.04	1.02
492.4	0.00255657	0.000789093	16221.1	1050	105	14506.7	160.941	160.941	643.765	643.765	0 21707.2 1573.31 	23280.5	6.21768	6.55445	6700	670	0.0230201	0	2.04	1.02
492.6	0.00255656	0.000789122	16221.8	1050	105	14506	161.073	161.073	644.293	644.293	0 21706.4 1574.61 	23281	6.21772	6.55445	6700	670	0.0230401	0	2.04	1.02
492.8	0.00255656	0.000789151	16222.4	1050	105	14505.4	161.205	161.205	644.821	644.821	0 21705.5 1575.91 	23281.4	6.21776	6.55445	6700	670	0.0230601	0	2.04	1.02
493	0.00255655	0.00078918	16223.1	1050	105	14504.7	161.337	161.337	645.349	645.349	0 21704.7 1577.22 	23281.9	6.21779	6.55445	6700	670	0.0230801	0	2.04	1.02
493.2	0.00255655	0.000789209	16223.7	1050	105	14504	161.47	161.47	645.878	645.878	0 21703.8 1578.52 	23282.4	6.21783	6.55445	6700	670	0.0231001	0	2.04	1.02
493.4	0.00255654	0.000789238	16224.4	1050	105	14503.3	161.602	161.602	646.408	646.408	0 21703 1579.83 	23282.8	6.21787	6.55445	6700	670	0.0231201	0	2.04	1.02
493.6	0.00255654	0.000789267	16225	1050	105	14502.7	161.734	161.734	646.937	646.937	0 21702.1 1581.13 	23283.3	6.21791	6.55445	6700	670	0.0231402	0	2.04	1.02
493.8	0.00255653	0.000789296	16225.7	1050	105	14502	161.867	161.867	647.467	647.467	0 21701.3 1582.44 	23283.7	6.21794	6.55445	6700	670	0.0231603	0	2.04	1.02
494	0.00255653	0.000789325	16226.3	1050	105	14501.3	161.999	161.999	647.998	647.998	0 21700.5 1583.75 	23284.2	6.21798	6.55445	6700	670	0.0231803	0	2.04	1.02
494.2	0.00255652	0.000789354	16227	1050	105	14500.6	162.132	162.132	648.529	648.529	0 21699.6 1585.06 	23284.7	6.21802	6.55445	6700	670	0.0232005	0	2.04	1.02
494.4	0.00255652	0.000789383	16227.6	1050	105	14500	162.265	162.265	649.06	649.06	0 21698.8 1586.37 	23285.2	6.21806	6.55445	6700	670	0.0232206	0	2.04	1.02
494.6	0.00255651	0.000789412	16228.2	1050	105	14499.3	162.398	162.398	649.591	649.591	0 21697.9 1587.69 	23285.6	6.21809	6.55445	6700	670	0.0232407	0	2.04	1.02
494.8	0.00255651	0.000789441	16228.9	1050	105	14498.6	162.531	162.531	650.123	650.123	0 21697.1 1589 	23286.1	6.21813	6.55445	6700	670	0.0232609	0	2.04	1.02
495	0.0025565	0.000789471	16229.5	1050	105	14497.9	162.664	162.664	650.656	650.656	0 21696.3 1590.32 	23286.6	6.21817	6.55445	6700	670	0.0232811	0	2.04	1.02
495.2	0.0025565	0.0007895	16230.2	1050	105	14497.2	162.797	162.797	651.188	651.188	0 21695.4 1591.63 	23287	6.21821	6.55445	6700	670	0.0233013	0	2.04	1.02
495.4	0.00255649	0.000789529	16230.8	1050	105	14496.5	162.93	162.93	651.721	651.721	0 21694.6 1592.95 	23287.5	6.21825	6.55445	6700	670	0.0233215	0	2.04	1.02
495.6	0.00255649	0.000789558	16231.5	1050	105	14495.9	163.064	163.064	652.255	652.255	0 21693.7 1594.27 	23288	6.21828	6.55445	6700	670	0.0233417	0	2.04	1.02
495.8	0.00255648	0.000789587	16232.1	1050	105	14495.2	163.197	163.197	652.789	652.789	0 21692.9 1595.59 	23288.5	6.21832	6.55445	6700	670	0.023362	0	2.04	1.02
496	0.00255647	0.000789616	16232.8	1050	105	14494.5	163.331	163.331	653.323	653.323	0 21692 1596.91 	23288.9	6.21836	6.55445	6700	670	0.0233823	0	2.04	1.02
496.2	0.00255647	0.000789645	16233.4	1050	105	14493.8	163.464	163.464	653.857	653.857	0 21691.2 1598.23 	23289.4	6.2184	6.55445	6700	670	0.0234026	0	2.04	1.02
496.4	0.00255646	0.000789674	16234.1	1050	105	14493.1	163.598	163.598	654.392	654.392	0 21690.3 1599.55 	23289.9	6.21844	6.55445	6700	670	0.0234229	0	2.04	1.02
496.6	0.00255646	0.000789703	16234.7	1050	105	14492.4	163.732	163.732	654.928	654.928	0 21689.5 1600.88 	23290.4	6.21848	6.55445	6700	670	0.0234432	0	2.04	1.02
496.8	0.00255645	0.000789732	16235.4	1050	105	14491.7	163.866	163.866	655.463	655.463	0 21688.7 1602.2 	23290.9	6.21851	6.55445	6700	670	0.0234636	0	2.04	1.02
497	0.00255645	0.000789762	16236	1050	105	14491	164	164	656	656	0 21687.8 1603.53 	23291.3	6.21855	6.55445	6700	670	0.0234839	0	2.04	1.02
497.2	0.00255644	0.000789791	16236.7	1050	105	14490.4	164.134	164.134	656.536	656.536	0 21687 1604.86 	23291.8	6.21859	6.55445	6700	670	0.0235043	0	2.04	1.02
497.4	0.00255644	0.00078982	16237.3	1050	105	14489.7	164.268	164.268	657.073	657.073	0 21686.1 1606.19 	23292.3	6.21863	6.55445	6700	670	0.0235247	0	2.04	1.02
497.6	0.00255643	0.000789849	16238	1050	105	14489	164.403	164.403	657.61	657.61	0 21685.3 1607.52 	23292.8	6.21867	6.55445	6700	670	0.0235452	0	2.04	1.02
497.8	0.00255643	0.000789878	16238.6	1050	105	14488.3	164.537	164.537	658.148	658.148	0 21684.4 1608.85 	23293.3	6.21871	6.55445	6700	670	0.0235656	0	2.04	1.02
498	0.00255642	0.000789908	16239.3	1050	105	14487.6	164.671	164.671	658.686	658.686	0 21683.6 1610.18 	23293.8	6.21875	6.55445	6700	670	0.0235861	0	2.04	1.02
498.2	0.00255642	0.000789937	16239.9	1050	105	14486.9	164.806	164.806	659.224	659.224	0 21682.7 1611.52 	23294.3	6.21879	6.55445	6700	670	0.0236066	0	2.04	1.02
498.4	0.00255641	0.000789966	16240.6	1050	105	14486.2	164.941	164.941	659.763	659.763	0 21681.9 1612.85 	23294.7	6.21883	6.55445	6700	670	0.0236271	0	2.04	1.02
498.6	0.00255641	0.000789995	16241.3	1050	105	14485.5	165.075	165.075	660.302	660.302	0 21681 1614.19 	23295.2	6.21886	6.55445	6700	670	0.0236476	0	2.04	1.02
498.8	0.0025564	0.000790024	16241.9	1050	105	14484.8	165.21	165.21	660.841	660.841	0 21680.2 1615.52 	23295.7	6.2189	6.55445	6700	670	0.0236681	0	2.04	1.02
499	0.00255639	0.000790054	16242.6	1050	105	14484.1	165.345	165.345	661.381	661.381	0 21679.3 1616.86 	23296.2	6.21894	6.55445	6700	670	0.0236887	0	2.04	1.02
499.2	0.00255639	0.000790083	16243.2	1050	105	14483.4	165.48	165.48	661.921	661.921	0 21678.5 1618.2 	23296.7	6.21898	6.55445	6700	670	0.0237092	0	2.04	1.02
499.4	0.00255638	0.000790112	16243.9	1050	105	14482.7	165.615	165.615	662.462	662.462	0 21677.6 1619.54 	23297.2	6.21902	6.55445	6700	670	0.0237298	0	2.04	1.02
499.6	0.00255638	0.000790141	16244.5	1050	105	14482	165.751	165.751	663.003	663.003	0 21676.8 1620.88 	23297.7	6.21906	6.55445	6700	670	0.0237505	0	2.04	1.02
499.8	0.00255637	0.000790171	16245.2	1050	105	14481.3	165.886	165.886	663.544	663.544	0 21675.9 1622.23 	23298.2	6.2191	6.55445	6700	670	0.0237711	0	2.04	1.02
500	0.00255637	0.0007902	16245.8	1050	105	14480.6	166.021	166.021	664.086	664.086	0 21675.1 1623.57 	23298.7	6.21914	6.55445	6700	670	0.0237917	0	2.04	1.02
500.2	0.00255636	0.000790229	16246.5	1050	105	14479.9	166.157	166.157	664.628	664.628	0 21674.3 1624.92 	23299.2	6.21918	6.55445	6700	670	0.0238124	0	2.04	1.02
500.4	0.00255636	0.000790259	16247.1	1050	105	14479.2	166.293	166.293	665.171	665.171	0 21673.4 1626.26 	23299.7	6.21922	6.55445	6700	670	0.0238331	0	2.04	1.02
500.6	0.00255635	0.000790288	16247.8	1050	105	14478.5	166.428	166.428	665.713	665.713	0 21672.5 1627.61 	23300.2	6.21926	6.55445	6700	670	0.0238538	0	2.04	1.02
500.8	0.00255635	0.000790317	16248.4	1050	105	14477.8	166.564	166.564	666.257	666.257	0 21671.7 1628.96 	23300.7	6.2193	6.55445	6700	670	0.0238745	0	2.04	1.02
501	0.00255634	0.000790347	16249.1	1050	105	14477.1	166.7	166.7	666.8	666.8	0 21670.8 1630.31 	23301.2	6.21934	6.55445	6700	670	0.0238953	0	2.04	1.02
501.2	0.00255633	0.000790376	16249.7	1050	105	14476.4	166.836	166.836	667.344	667.344	0 21670 1631.66 	23301.7	6.21938	6.55445	6700	670	0.023916	0	2.04	1.02
501.4	0.00255633	0.000790405	16250.4	1050	105	14475.7	166.972	166.972	667.889	667.889	0 21669.1 1633.01 	23302.2	6.21942	6.55445	6700	670	0.0239368	0	2.04	1.02
501.6	0.00255632	0.000790435	16251	1050	105	14475	167.108	167.108	668.433	668.433	0 21668.3 1634.37 	23302.7	6.21946	6.55445	6700	670	0.0239576	0	2.04	1.02
501.8	0.00255632	0.000790464	16251.7	1050	105	14474.3	167.245	167.245	668.979	668.979	0 21667.4 1635.72 	23303.2	6.2195	6.55445	6700	670	0.0239784	0	2.04	1.02
502	0.00255631	0.000790493	16252.4	1050	105	14473.5	167.381	167.381	669.524	669.524	0 21666.6 1637.08 	23303.7	6.21954	6.55445	6700	670	0.0239993	0	2.04	1.02
502.2	0.00255631	0.000790523	16253	1050	105	14472.8	167.518	167.518	670.07	670.07	0 21665.7 1638.43 	23304.2	6.21958	6.55445	6700	670	0.0240201	0	2.04	1.02
502.4	0.0025563	0.000790552	16253.7	1050	105	14472.1	167.654	167.654	670.616	670.616	0 21664.9 1639.79 	23304.7	6.21962	6.55445	6700	670	0.024041	0	2.04	1.02
502.6	0.0025563	0.000790581	16254.3	1050	105	14471.4	167.791	167.791	671.163	671.163	0 21664 1641.15 	23305.2	6.21966	6.55445	6700	670	0.0240619	0	2.04	1.02
502.8	0.00255629	0.000790611	16255	1050	105	14470.7	167.928	167.928	671.71	671.71	0 21663.2 1642.51 	23305.7	6.2197	6.55445	6700	670	0.0240828	0	2.04	1.02
503	0.00255628	0.00079064	16255.6	1050	105	14470	168.064	168.064	672.257	672.257	0 21662.3 1643.87 	23306.2	6.21974	6.55445	6700	670	0.0241038	0	2.04	1.02
503.2	0.00255628	0.00079067	16256.3	1050	105	14469.3	168.201	168.201	672.805	672.805	0 21661.5 1645.23 	23306.7	6.21979	6.55445	6700	670	0.0241247	0	2.04	1.02
503.4	0.00255627	0.000790699	16256.9	1050	105	14468.6	168.338	168.338	673.353	673.353	0 21660.6 1646.6 	23307.2	6.21983	6.55445	6700	670	0.0241457	0	2.04	1.02
503.6	0.00255627	0.000790729	16257.6	1050	105	14467.8	168.475	168.475	673.902	673.902	0 21659.8 1647.96 	23307.7	6.21987	6.55445	6700	670	0.0241667	0	2.04	1.02
503.8	0.00255626	0.000790758	16258.3	1050	105	14467.1	168.613	168.613	674.451	674.451	0 21658.9 1649.33 	23308.2	6.21991	6.55445	6700	670	0.0241877	0	2.04	1.02
504	0.00255626	0.000790788	16258.9	1050	105	14466.4	168.75	168.75	675	675	0 21658.1 1650.69 	23308.7	6.21995	6.55445	6700	670	0.0242087	0	2.04	1.02
504.2	0.00255625	0.000790817	16259.6	1050	105	14465.7	168.887	168.887	675.55	675.55	0 21657.2 1652.06 	23309.3	6.21999	6.55445	6700	670	0.0242297	0	2.04	1.02
504.4	0.00255625	0.000790847	16260.2	1050	105	14465	169.025	169.025	676.1	676.1	0 21656.3 1653.43 	23309.8	6.22003	6.55445	6700	670	0.0242508	0	2.04	1.02
504.6	0.00255624	0.000790876	16260.9	1050	105	14464.2	169.163	169.163	676.65	676.65	0 21655.5 1654.8 	23310.3	6.22007	6.55445	6700	670	0.0242719	0	2.04	1.02
504.8	0.00255623	0.000790906	16261.5	1050	105	14463.5	169.3	169.3	677.201	677.201	0 21654.6 1656.17 	23310.8	6.22011	6.55445	6700	670	0.024293	0	2.04	1.02
505	0.00255623	0.000790935	16262.2	1050	105	14462.8	169.438	169.438	677.752	677.752	0 21653.8 1657.55 	23311.3	6.22016	6.55445	6700	670	0.0243141	0	2.04	1.02
505.2	0.00255622	0.000790965	16262.8	1050	105	14462.1	169.576	169.576	678.304	678.304	0 21652.9 1658.92 	23311.8	6.2202	6.55445	6700	670	0.0243352	0	2.04	1.02
505.4	0.00255622	0.000790994	16263.5	1050	105	14461.4	169.714	169.714	678.856	678.856	0 21652.1 1660.3 	23312.4	6.22024	6.55445	6700	670	0.0243564	0	2.04	1.02
505.6	0.00255621	0.000791024	16264.2	1050	105	14460.6	169.852	169.852	679.408	679.408	0 21651.2 1661.67 	23312.9	6.22028	6.55445	6700	670	0.0243776	0	2.04	1.02
505.8	0.00255621	0.000791053	16264.8	1050	105	14459.9	169.99	169.99	679.961	679.961	0 21650.3 1663.05 	23313.4	6.22032	6.55445	6700	670	0.0243988	0	2.04	1.02
506	0.0025562	0.000791083	16265.5	1050	105	14459.2	170.129	170.129	680.514	680.514	0 21649.5 1664.43 	23313.9	6.22036	6.55445	6700	670	0.02442	0	2.04	1.02
506.2	0.00255619	0.000791112	16266.1	1050	105	14458.5	170.267	170.267	681.068	681.068	0 21648.6 1665.81 	23314.4	6.22041	6.55445	6700	670	0.0244412	0	2.04	1.02
506.4	0.00255619	0.000791142	16266.8	1050	105	14457.7	170.405	170.405	681.622	681.622	0 21647.8 1667.19 	23315	6.22045	6.55445	6700	670	0.0244625	0	2.04	1.02
506.6	0.00255618	0.000791172	16267.5	1050	105	14457	170.544	170.544	682.176	682.176	0 21646.9 1668.57 	23315.5	6.22049	6.55445	6700	670	0.0244837	0	2.04	1.02
506.8	0.00255618	0.000791201	16268.1	1050	105	14456.3	170.683	170.683	682.731	682.731	0 21646.1 1669.95 	23316	6.22053	6.55445	6700	670	0.024505	0	2.04	1.02
507	0.00255617	0.000791231	16268.8	1050	105	14455.6	170.821	170.821	683.286	683.286	0 21645.2 1671.34 	23316.5	6.22057	6.55445	6700	670	0.0245263	0	2.04	1.02
507.2	0.00255617	0.00079126	16269.4	1050	105	14454.8	170.96	170.96	683.841	683.841	0 21644.3 1672.72 	23317.1	6.22062	6.55445	6700	670	0.0245477	0	2.04	1.02
507.4	0.00255616	0.00079129	16270.1	1050	105	14454.1	171.099	171.099	684.397	684.397	0 21643.5 1674.11 	23317.6	6.22066	6.55445	6700	670	0.024569	0	2.04	1.02
507.6	0.00255615	0.00079132	16270.7	1050	105	14453.4	171.238	171.238	684.953	684.953	0 21642.6 1675.5 	23318.1	6.2207	6.55445	6700	670	0.0245904	0	2.04	1.02
507.8	0.00255615	0.000791349	16271.4	1050	105	14452.6	171.377	171.377	685.509	685.509	0 21641.8 1676.89 	23318.6	6.22074	6.55445	6700	670	0.0246117	0	2.04	1.02
508	0.00255614	0.000791379	16272.1	1050	105	14451.9	171.517	171.517	686.066	686.066	0 21640.9 1678.28 	23319.2	6.22079	6.55445	6700	670	0.0246331	0	2.04	1.02
508.2	0.00255614	0.000791409	16272.7	1050	105	14451.2	171.656	171.656	686.624	686.624	0 21640 1679.67 	23319.7	6.22083	6.55445	6700	670	0.0246546	0	2.04	1.02
508.4	0.00255613	0.000791438	16273.4	1050	105	14450.4	171.795	171.795	687.181	687.181	0 21639.2 1681.06 	23320.2	6.22087	6.55445	6700	670	0.024676	0	2.04	1.02
508.6	0.00255612	0.000791468	16274	1050	105	14449.7	171.935	171.935	687.739	687.739	0 21638.3 1682.45 	23320.8	6.22091	6.55445	6700	670	0.0246975	0	2.04	1.02
508.8	0.00255612	0.000791498	16274.7	1050	105	14449	172.074	172.074	688.298	688.298	0 21637.5 1683.85 	23321.3	6.22096	6.55445	6700	670	0.0247189	0	2.04	1.02
509	0.00255611	0.000791527	16275.4	1050	105	14448.2	172.214	172.214	688.857	688.857	0 21636.6 1685.24 	23321.8	6.221	6.55445	6700	670	0.0247404	0	2.04	1.02
509.2	0.00255611	0.000791557	16276	1050	105	14447.5	172.354	172.354	689.416	689.416	0 21635.7 1686.64 	23322.4	6.22104	6.55445	6700	670	0.0247619	0	2.04	1.02
509.4	0.0025561	0.000791587	16276.7	1050	105	14446.7	172.494	172.494	689.976	689.976	0 21634.9 1688.04 	23322.9	6.22108	6.55445	6700	670	0.0247835	0	2.04	1.02
509.6	0.0025561	0.000791617	16277.3	1050	105	14446	172.634	172.634	690.536	690.536	0 21634 1689.44 	23323.4	6.22113	6.55445	6700	670	0.024805	0	2.04	1.02
509.8	0.00255609	0.000791646	16278	1050	105	14445.3	172.774	172.774	691.096	691.096	0 21633.1 1690.84 	23324	6.22117	6.55445	6700	670	0.0248266	0	2.04	1.02
510	0.00255608	0.000791676	16278.7	1050	105	14444.5	172.914	172.914	691.657	691.657	0 21632.3 1692.24 	23324.5	6.22121	6.55445	6700	670	0.0248482	0	2.04	1.02
510.2	0.00255608	0.000791706	16279.3	1050	105	14443.8	173.054	173.054	692.218	692.218	0 21631.4 1693.64 	23325.1	6.22126	6.55445	6700	670	0.0248698	0	2.04	1.02
510.4	0.00255607	0.000791736	16280	1050	105	14443	173.195	173.195	692.779	692.779	0 21630.6 1695.05 	23325.6	6.2213	6.55445	6700	670	0.0248914	0	2.04	1.02
510.6	0.00255607	0.000791766	16280.7	1050	105	14442.3	173.335	173.335	693.341	693.341	0 21629.7 1696.45 	23326.1	6.22134	6.55445	6700	670	0.024913	0	2.04	1.02
510.8	0.00255606	0.000791795	16281.3	1050	105	14441.6	173.476	173.476	693.903	693.903	0 21628.8 1697.86 	23326.7	6.22139	6.55445	6700	670	0.0249347	0	2.04	1.02
511	0.00255605	0.000791825	16282	1050	105	14440.8	173.617	173.617	694.466	694.466	0 21628 1699.26 	23327.2	6.22143	6.55445	6700	670	0.0249564	0	2.04	1.02
511.2	0.00255605	0.000791855	16282.6	1050	105	14440.1	173.757	173.757	695.029	695.029	0 21627.1 1700.67 	23327.8	6.22147	6.55445	6700	670	0.0249781	0	2.04	1.02
511.4	0.00255604	0.000791885	16283.3	1050	105	14439.3	173.898	173.898	695.593	695.593	0 21626.2 1702.08 	23328.3	6.22152	6.55445	6700	670	0.0249998	0	2.04	1.02
511.6	0.00255604	0.000791915	16284	1050	105	14438.6	174.039	174.039	696.156	696.156	0 21625.4 1703.49 	23328.9	6.22156	6.55445	6700	670	0.0250215	0	2.04	1.02
511.8	0.00255603	0.000791944	16284.6	1050	105	14437.8	174.18	174.18	696.721	696.721	0 21624.5 1704.9 	23329.4	6.22161	6.55445	6700	670	0.0250433	0	2.04	1.02
512	0.00255602	0.000791974	16285.3	1050	105	14437.1	174.321	174.321	697.285	697.285	0 21623.6 1706.32 	23329.9	6.22165	6.55445	6700	670	0.0250651	0	2.04	1.02
512.2	0.00255602	0.000792004	16286	1050	105	14436.3	174.463	174.463	697.85	697.85	0 21622.8 1707.73 	23330.5	6.22169	6.55445	6700	670	0.0250869	0	2.04	1.02
512.4	0.00255601	0.000792034	16286.6	1050	105	14435.6	174.604	174.604	698.415	698.415	0 21621.9 1709.15 	23331	6.22174	6.55445	6700	670	0.0251087	0	2.04	1.02
512.6	0.00255601	0.000792064	16287.3	1050	105	14434.8	174.745	174.745	698.981	698.981	0 21621 1710.56 	23331.6	6.22178	6.55445	6700	670	0.0251305	0	2.04	1.02
512.8	0.002556	0.000792094	16288	1050	105	14434.1	174.887	174.887	699.547	699.547	0 21620.2 1711.98 	23332.1	6.22183	6.55445	6700	670	0.0251523	0	2.04	1.02
513	0.00255599	0.000792124	16288.6	1050	105	14433.3	175.028	175.028	700.114	700.114	0 21619.3 1713.4 	23332.7	6.22187	6.55445	6700	670	0.0251742	0	2.04	1.02
513.2	0.00255599	0.000792154	16289.3	1050	105	14432.6	175.17	175.17	700.681	700.681	0 21618.4 1714.82 	23333.2	6.22191	6.55445	6700	670	0.0251961	0	2.04	1.02
513.4	0.00255598	0.000792184	16289.9	1050	105	14431.8	175.312	175.312	701.248	701.248	0 21617.6 1716.24 	23333.8	6.22196	6.55445	6700	670	0.025218	0	2.04	1.02
513.6	0.00255598	0.000792214	16290.6	1050	105	14431.1	175.454	175.454	701.815	701.815	0 21616.7 1717.66 	23334.4	6.222	6.55445	6700	670	0.0252399	0	2.04	1.02
513.8	0.00255597	0.000792244	16291.3	1050	105	14430.3	175.596	175.596	702.383	702.383	0 21615.8 1719.08 	23334.9	6.22205	6.55445	6700	670	0.0252619	0	2.04	1.02
514	0.00255596	0.000792274	16291.9	1050	105	14429.6	175.738	175.738	702.952	702.952	0 21615 1720.51 	23335.5	6.22209	6.55445	6700	670	0.0252838	0	2.04	1.02
514.2	0.00255596	0.000792304	16292.6	1050	105	14428.8	175.88	175.88	703.521	703.521	0 21614.1 1721.93 	23336	6.22214	6.55445	6700	670	0.0253058	0	2.04	1.02
514.4	0.00255595	0.000792334	16293.3	1050	105	14428	176.022	176.022	704.09	704.09	0 21613.2 1723.36 	23336.6	6.22218	6.55445	6700	670	0.0253278	0	2.04	1.02
514.6	0.00255595	0.000792364	16293.9	1050	105	14427.3	176.165	176.165	704.659	704.659	0 21612.3 1724.79 	23337.1	6.22222	6.55445	6700	670	0.0253498	0	2.04	1.02
514.8	0.00255594	0.000792394	16294.6	1050	105	14426.5	176.307	176.307	705.229	705.229	0 21611.5 1726.22 	23337.7	6.22227	6.55445	6700	670	0.0253719	0	2.04	1.02
515	0.00255593	0.000792424	16295.3	1050	105	14425.8	176.45	176.45	705.8	705.8	0 21610.6 1727.65 	23338.2	6.22231	6.55445	6700	670	0.0253939	0	2.04	1.02
515.2	0.00255593	0.000792454	16295.9	1050	105	14425	176.593	176.593	706.37	706.37	0 21609.7 1729.08 	23338.8	6.22236	6.55445	6700	670	0.025416	0	2.04	1.02
515.4	0.00255592	0.000792484	16296.6	1050	105	14424.2	176.735	176.735	706.941	706.941	0 21608.9 1730.51 	23339.4	6.2224	6.55445	6700	670	0.0254381	0	2.04	1.02
515.6	0.00255591	0.000792514	16297.3	1050	105	14423.5	176.878	176.878	707.513	707.513	0 21608 1731.94 	23339.9	6.22245	6.55445	6700	670	0.0254602	0	2.04	1.02
515.8	0.00255591	0.000792544	16297.9	1050	105	14422.7	177.021	177.021	708.085	708.085	0 21607.1 1733.38 	23340.5	6.22249	6.55445	6700	670	0.0254823	0	2.04	1.02
516	0.0025559	0.000792574	16298.6	1050	105	14422	177.164	177.164	708.657	708.657	0 21606.2 1734.81 	23341.1	6.22254	6.55445	6700	670	0.0255045	0	2.04	1.02
516.2	0.0025559	0.000792604	16299.3	1050	105	14421.2	177.307	177.307	709.23	709.23	0 21605.4 1736.25 	23341.6	6.22258	6.55445	6700	670	0.0255266	0	2.04	1.02
516.4	0.00255589	0.000792634	16299.9	1050	105	14420.4	177.451	177.451	709.803	709.803	0 21604.5 1737.69 	23342.2	6.22263	6.55445	6700	670	0.0255488	0	2.04	1.02
516.6	0.00255588	0.000792664	16300.6	1050	105	14419.7	177.594	177.594	710.376	710.376	0 21603.6 1739.13 	23342.8	6.22268	6.55445	6700	670	0.025571	0	2.04	1.02
516.8	0.00255588	0.000792694	16301.3	1050	105	14418.9	177.737	177.737	710.95	710.95	0 21602.8 1740.57 	23343.3	6.22272	6.55445	6700	670	0.0255932	0	2.04	1.02
517	0.00255587	0.000792724	16301.9	1050	105	14418.1	177.881	177.881	711.524	711.524	0 21601.9 1742.01 	23343.9	6.22277	6.55445	6700	670	0.0256155	0	2.04	1.02
517.2	0.00255586	0.000792754	16302.6	1050	105	14417.4	178.025	178.025	712.099	712.099	0 21601 1743.45 	23344.5	6.22281	6.55445	6700	670	0.0256377	0	2.04	1.02
517.4	0.00255586	0.000792785	16303.3	1050	105	14416.6	178.168	178.168	712.674	712.674	0 21600.1 1744.89 	23345	6.22286	6.55445	6700	670	0.02566	0	2.04	1.02
517.6	0.00255585	0.000792815	16303.9	1050	105	14415.8	178.312	178.312	713.249	713.249	0 21599.3 1746.34 	23345.6	6.2229	6.55445	6700	670	0.0256823	0	2.04	1.02
517.8	0.00255585	0.000792845	16304.6	1050	105	14415.1	178.456	178.456	713.825	713.825	0 21598.4 1747.78 	23346.2	6.22295	6.55445	6700	670	0.0257046	0	2.04	1.02
518	0.00255584	0.000792875	16305.3	1050	105	14414.3	178.6	178.6	714.401	714.401	0 21597.5 1749.23 	23346.7	6.22299	6.55445	6700	670	0.025727	0	2.04	1.02
518.2	0.00255583	0.000792905	16306	1050	105	14413.5	178.744	178.744	714.977	714.977	0 21596.6 1750.68 	23347.3	6.22304	6.55445	6700	670	0.0257493	0	2.04	1.02
518.4	0.00255583	0.000792935	16306.6	1050	105	14412.7	178.888	178.888	715.554	715.554	0 21595.8 1752.13 	23347.9	6.22309	6.55445	6700	670	0.0257717	0	2.04	1.02
518.6	0.00255582	0.000792966	16307.3	1050	105	14412	179.033	179.033	716.131	716.131	0 21594.9 1753.58 	23348.5	6.22313	6.55445	6700	670	0.0257941	0	2.04	1.02
518.8	0.00255581	0.000792996	16308	1050	105	14411.2	179.177	179.177	716.709	716.709	0 21594 1755.03 	23349	6.22318	6.55445	6700	670	0.0258165	0	2.04	1.02
519	0.00255581	0.000793026	16308.6	1050	105	14410.4	179.322	179.322	717.287	717.287	0 21593.1 1756.48 	23349.6	6.22322	6.55445	6700	670	0.0258389	0	2.04	1.02
519.2	0.0025558	0.000793056	16309.3	1050	105	14409.6	179.466	179.466	717.865	717.865	0 21592.3 1757.93 	23350.2	6.22327	6.55445	6700	670	0.0258614	0	2.04	1.02
519.4	0.0025558	0.000793087	16310	1050	105	14408.9	179.611	179.611	718.444	718.444	0 21591.4 1759.39 	23350.8	6.22332	6.55445	6700	670	0.0258838	0	2.04	1.02
519.6	0.00255579	0.000793117	16310.6	1050	105	14408.1	179.756	179.756	719.023	719.023	0 21590.5 1760.84 	23351.3	6.22336	6.55445	6700	670	0.0259063	0	2.04	1.02
519.8	0.00255578	0.000793147	16311.3	1050	105	14407.3	179.901	179.901	719.603	719.603	0 21589.6 1762.3 	23351.9	6.22341	6.55445	6700	670	0.0259288	0	2.04	1.02
520	0.00255578	0.000793177	16312	1050	105	14406.5	180.046	180.046	720.183	720.183	0 21588.7 1763.76 	23352.5	6.22346	6.55445	6700	670	0.0259513	0	2.04	1.02
520.2	0.00255577	0.000793208	16312.7	1050	105	14405.8	180.191	180.191	720.763	720.763	0 21587.9 1765.22 	23353.1	6.2235	6.55445	6700	670	0.0259739	0	2.04	1.02
520.4	0.00255576	0.000793238	16313.3	1050	105	14405	180.336	180.336	721.344	721.344	0 21587 1766.68 	23353.7	6.22355	6.55445	6700	670	0.0259964	0	2.04	1.02
520.6	0.00255576	0.000793268	16314	1050	105	14404.2	180.481	180.481	721.925	721.925	0 21586.1 1768.14 	23354.2	6.2236	6.55445	6700	670	0.026019	0	2.04	1.02
520.8	0.00255575	0.000793299	16314.7	1050	105	14403.4	180.627	180.627	722.506	722.506	0 21585.2 1769.6 	23354.8	6.22364	6.55445	6700	670	0.0260416	0	2.04	1.02
521	0.00255574	0.000793329	16315.4	1050	105	14402.6	180.772	180.772	723.088	723.088	0 21584.3 1771.07 	23355.4	6.22369	6.55445	6700	670	0.0260642	0	2.04	1.02
521.2	0.00255574	0.000793359	16316	1050	105	14401.8	180.918	180.918	723.671	723.671	0 21583.5 1772.53 	23356	6.22374	6.55445	6700	670	0.0260869	0	2.04	1.02
521.4	0.00255573	0.00079339	16316.7	1050	105	14401.1	181.063	181.063	724.253	724.253	0 21582.6 1774 	23356.6	6.22378	6.55445	6700	670	0.0261095	0	2.04	1.02
521.6	0.00255573	0.00079342	16317.4	1050	105	14400.3	181.209	181.209	724.836	724.836	0 21581.7 1775.46 	23357.2	6.22383	6.55445	6700	670	0.0261322	0	2.04	1.02
521.8	0.00255572	0.000793451	16318	1050	105	14399.5	181.355	181.355	725.42	725.42	0 21580.8 1776.93 	23357.8	6.22388	6.55445	6700	670	0.0261549	0	2.04	1.02
522	0.00255571	0.000793481	16318.7	1050	105	14398.7	181.501	181.501	726.003	726.003	0 21579.9 1778.4 	23358.3	6.22392	6.55445	6700	670	0.0261776	0	2.04	1.02
522.2	0.00255571	0.000793511	16319.4	1050	105	14397.9	181.647	181.647	726.588	726.588	0 21579.1 1779.87 	23358.9	6.22397	6.55445	6700	670	0.0262003	0	2.04	1.02
522.4	0.0025557	0.000793542	16320.1	1050	105	14397.1	181.793	181.793	727.172	727.172	0 21578.2 1781.34 	23359.5	6.22402	6.55445	6700	670	0.026223	0	2.04	1.02
522.6	0.00255569	0.000793572	16320.7	1050	105	14396.3	181.939	181.939	727.757	727.757	0 21577.3 1782.82 	23360.1	6.22407	6.55445	6700	670	0.0262458	0	2.04	1.02
522.8	0.00255569	0.000793603	16321.4	1050	105	14395.6	182.086	182.086	728.343	728.343	0 21576.4 1784.29 	23360.7	6.22411	6.55445	6700	670	0.0262686	0	2.04	1.02
523	0.00255568	0.000793633	16322.1	1050	105	14394.8	182.232	182.232	728.928	728.928	0 21575.5 1785.77 	23361.3	6.22416	6.55445	6700	670	0.0262914	0	2.04	1.02
523.2	0.00255567	0.000793664	16322.8	1050	105	14394	182.379	182.379	729.514	729.514	0 21574.6 1787.24 	23361.9	6.22421	6.55445	6700	670	0.0263142	0	2.04	1.02
523.4	0.00255567	0.000793694	16323.4	1050	105	14393.2	182.525	182.525	730.101	730.101	0 21573.8 1788.72 	23362.5	6.22426	6.55445	6700	670	0.026337	0	2.04	1.02
523.6	0.00255566	0.000793724	16324.1	1050	105	14392.4	182.672	182.672	730.688	730.688	0 21572.9 1790.2 	23363.1	6.2243	6.55445	6700	670	0.0263599	0	2.04	1.02
523.8	0.00255565	0.000793755	16324.8	1050	105	14391.6	182.819	182.819	731.275	731.275	0 21572 1791.68 	23363.7	6.22435	6.55445	6700	670	0.0263828	0	2.04	1.02
524	0.00255565	0.000793785	16325.5	1050	105	14390.8	182.966	182.966	731.863	731.863	0 21571.1 1793.16 	23364.3	6.2244	6.55445	6700	670	0.0264057	0	2.04	1.02
524.2	0.00255564	0.000793816	16326.1	1050	105	14390	183.113	183.113	732.451	732.451	0 21570.2 1794.64 	23364.9	6.22445	6.55445	6700	670	0.0264286	0	2.04	1.02
524.4	0.00255563	0.000793847	16326.8	1050	105	14389.2	183.26	183.26	733.039	733.039	0 21569.3 1796.12 	23365.5	6.2245	6.55445	6700	670	0.0264515	0	2.04	1.02
524.6	0.00255563	0.000793877	16327.5	1050	105	14388.4	183.407	183.407	733.628	733.628	0 21568.5 1797.61 	23366.1	6.22454	6.55445	6700	670	0.0264745	0	2.04	1.02
524.8	0.00255562	0.000793908	16328.2	1050	105	14387.6	183.554	183.554	734.217	734.217	0 21567.6 1799.09 	23366.7	6.22459	6.55445	6700	670	0.0264974	0	2.04	1.02
525	0.00255561	0.000793938	16328.8	1050	105	14386.8	183.702	183.702	734.807	734.807	0 21566.7 1800.58 	23367.3	6.22464	6.55445	6700	670	0.0265204	0	2.04	1.02
525.2	0.00255561	0.000793969	16329.5	1050	105	14386	183.849	183.849	735.397	735.397	0 21565.8 1802.06 	23367.9	6.22469	6.55445	6700	670	0.0265434	0	2.04	1.02
525.4	0.0025556	0.000793999	16330.2	1050	105	14385.2	183.997	183.997	735.987	735.987	0 21564.9 1803.55 	23368.5	6.22474	6.55445	6700	670	0.0265665	0	2.04	1.02
525.6	0.00255559	0.00079403	16330.9	1050	105	14384.4	184.145	184.145	736.578	736.578	0 21564 1805.04 	23369.1	6.22478	6.55445	6700	670	0.0265895	0	2.04	1.02
525.8	0.00255559	0.000794061	16331.6	1050	105	14383.6	184.292	184.292	737.169	737.169	0 21563.1 1806.53 	23369.7	6.22483	6.55445	6700	670	0.0266126	0	2.04	1.02
526	0.00255558	0.000794091	16332.2	1050	105	14382.8	184.44	184.44	737.761	737.761	0 21562.3 1808.02 	23370.3	6.22488	6.55445	6700	670	0.0266356	0	2.04	1.02
526.2	0.00255557	0.000794122	16332.9	1050	105	14382	184.588	184.588	738.353	738.353	0 21561.4 1809.52 	23370.9	6.22493	6.55445	6700	670	0.0266587	0	2.04	1.02
526.4	0.00255557	0.000794152	16333.6	1050	105	14381.2	184.736	184.736	738.945	738.945	0 21560.5 1811.01 	23371.5	6.22498	6.55445	6700	670	0.0266819	0	2.04	1.02
526.6	0.00255556	0.000794183	16334.3	1050	105	14380.4	184.884	184.884	739.538	739.538	0 21559.6 1812.51 	23372.1	6.22503	6.55445	6700	670	0.026705	0	2.04	1.02
526.8	0.00255555	0.000794214	16334.9	1050	105	14379.6	185.033	185.033	740.131	740.131	0 21558.7 1814 	23372.7	6.22508	6.55445	6700	670	0.0267282	0	2.04	1.02
527	0.00255555	0.000794244	16335.6	1050	105	14378.8	185.181	185.181	740.724	740.724	0 21557.8 1815.5 	23373.3	6.22512	6.55445	6700	670	0.0267513	0	2.04	1.02
527.2	0.00255554	0.000794275	16336.3	1050	105	14378	185.33	185.33	741.318	741.318	0 21556.9 1817 	23373.9	6.22517	6.55445	6700	670	0.0267745	0	2.04	1.02
527.4	0.00255553	0.000794306	16337	1050	105	14377.2	185.478	185.478	741.913	741.913	0 21556 1818.5 	23374.5	6.22522	6.55445	6700	670	0.0267977	0	2.04	1.02
527.6	0.00255553	0.000794337	16337.7	1050	105	14376.4	185.627	185.627	742.507	742.507	0 21555.1 1820 	23375.1	6.22527	6.55445	6700	670	0.026821	0	2.04	1.02
527.8	0.00255552	0.000794367	16338.3	1050	105	14375.6	185.776	185.776	743.102	743.102	0 21554.3 1821.5 	23375.8	6.22532	6.55445	6700	670	0.0268442	0	2.04	1.02
528	0.00255551	0.000794398	16339	1050	105	14374.8	185.924	185.924	743.698	743.698	0 21553.4 1823 	23376.4	6.22537	6.55445	6700	670	0.0268675	0	2.04	1.02
528.2	0.00255551	0.000794429	16339.7	1050	105	14374	186.073	186.073	744.293	744.293	0 21552.5 1824.51 	23377	6.22542	6.55445	6700	670	0.0268908	0	2.04	1.02
528.4	0.0025555	0.000794459	16340.4	1050	105	14373.2	186.222	186.222	744.89	744.89	0 21551.6 1826.01 	23377.6	6.22547	6.55445	6700	670	0.0269141	0	2.04	1.02
528.6	0.00255549	0.00079449	16341.1	1050	105	14372.3	186.372	186.372	745.486	745.486	0 21550.7 1827.52 	23378.2	6.22552	6.55445	6700	670	0.0269374	0	2.04	1.02
528.8	0.00255549	0.000794521	16341.7	1050	105	14371.5	186.521	186.521	746.083	746.083	0 21549.8 1829.03 	23378.8	6.22557	6.55445	6700	670	0.0269607	0	2.04	1.02
529	0.00255548	0.000794552	16342.4	1050	105	14370.7	186.67	186.67	746.681	746.681	0 21548.9 1830.54 	23379.4	6.22561	6.55445	6700	670	0.0269841	0	2.04	1.02
529.2	0.00255547	0.000794583	16343.1	1050	105	14369.9	186.82	186.82	747.278	747.278	0 21548 1832.04 	23380.1	6.22566	6.55445	6700	670	0.0270075	0	2.04	1.02
529.4	0.00255547	0.000794613	16343.8	1050	105	14369.1	186.969	186.969	747.877	747.877	0 21547.1 1833.56 	23380.7	6.22571	6.55445	6700	670	0.0270309	0	2.04	1.02
529.6	0.00255546	0.000794644	16344.5	1050	105	14368.3	187.119	187.119	748.475	748.475	0 21546.2 1835.07 	23381.3	6.22576	6.55445	6700	670	0.0270543	0	2.04	1.02
529.8	0.00255545	0.000794675	16345.2	1050	105	14367.5	187.268	187.268	749.074	749.074	0 21545.3 1836.58 	23381.9	6.22581	6.55445	6700	670	0.0270777	0	2.04	1.02
530	0.00255545	0.000794706	16345.8	1050	105	14366.6	187.418	187.418	749.673	749.673	0 21544.4 1838.09 	23382.5	6.22586	6.55445	6700	670	0.0271012	0	2.04	1.02
530.2	0.00255544	0.000794737	16346.5	1050	105	14365.8	187.568	187.568	750.273	750.273	0 21543.5 1839.61 	23383.2	6.22591	6.55445	6700	670	0.0271246	0	2.04	1.02
530.4	0.00255543	0.000794768	16347.2	1050	105	14365	187.718	187.718	750.873	750.873	0 21542.7 1841.13 	23383.8	6.22596	6.55445	6700	670	0.0271481	0	2.04	1.02
530.6	0.00255543	0.000794799	16347.9	1050	105	14364.2	187.868	187.868	751.474	751.474	0 21541.8 1842.64 	23384.4	6.22601	6.55445	6700	670	0.0271716	0	2.04	1.02
530.8	0.00255542	0.000794829	16348.6	1050	105	14363.4	188.019	188.019	752.074	752.074	0 21540.9 1844.16 	23385	6.22606	6.55445	6700	670	0.0271952	0	2.04	1.02
531	0.00255541	0.00079486	16349.2	1050	105	14362.6	188.169	188.169	752.676	752.676	0 21540 1845.68 	23385.7	6.22611	6.55445	6700	670	0.0272187	0	2.04	1.02
531.2	0.00255541	0.000794891	16349.9	1050	105	14361.7	188.319	188.319	753.277	753.277	0 21539.1 1847.2 	23386.3	6.22616	6.55445	6700	670	0.0272423	0	2.04	1.02
531.4	0.0025554	0.000794922	16350.6	1050	105	14360.9	188.47	188.47	753.879	753.879	0 21538.2 1848.72 	23386.9	6.22621	6.55445	6700	670	0.0272659	0	2.04	1.02
531.6	0.00255539	0.000794953	16351.3	1050	105	14360.1	188.62	188.62	754.482	754.482	0 21537.3 1850.25 	23387.5	6.22626	6.55445	6700	670	0.0272895	0	2.04	1.02
531.8	0.00255539	0.000794984	16352	1050	105	14359.3	188.771	188.771	755.085	755.085	0 21536.4 1851.77 	23388.2	6.22631	6.55445	6700	670	0.0273131	0	2.04	1.02
532	0.00255538	0.000795015	16352.7	1050	105	14358.4	188.922	188.922	755.688	755.688	0 21535.5 1853.3 	23388.8	6.22636	6.55445	6700	670	0.0273367	0	2.04	1.02
532.2	0.00255537	0.000795046	16353.4	1050	105	14357.6	189.073	189.073	756.291	756.291	0 21534.6 1854.82 	23389.4	6.22641	6.55445	6700	670	0.0273604	0	2.04	1.02
532.4	0.00255536	0.000795077	16354	1050	105	14356.8	189.224	189.224	756.895	756.895	0 21533.7 1856.35 	23390	6.22646	6.55445	6700	670	0.0273841	0	2.04	1.02
532.6	0.00255536	0.000795108	16354.7	1050	105	14356	189.375	189.375	757.5	757.5	0 21532.8 1857.88 	23390.7	6.22651	6.55445	6700	670	0.0274078	0	2.04	1.02
532.8	0.00255535	0.000795139	16355.4	1050	105	14355.1	189.526	189.526	758.104	758.104	0 21531.9 1859.41 	23391.3	6.22657	6.55445	6700	670	0.0274315	0	2.04	1.02
533	0.00255534	0.00079517	16356.1	1050	105	14354.3	189.677	189.677	758.71	758.71	0 21531 1860.94 	23391.9	6.22662	6.55445	6700	670	0.0274552	0	2.04	1.02
533.2	0.00255534	0.000795201	16356.8	1050	105	14353.5	189.829	189.829	759.315	759.315	0 21530.1 1862.47 	23392.6	6.22667	6.55445	6700	670	0.027479	0	2.04	1.02
533.4	0.00255533	0.000795232	16357.5	1050	105	14352.7	189.98	189.98	759.921	759.921	0 21529.2 1864 	23393.2	6.22672	6.55445	6700	670	0.0275027	0	2.04	1.02
533.6	0.00255532	0.000795263	16358.2	1050	105	14351.8	190.132	190.132	760.527	760.527	0 21528.3 1865.54 	23393.8	6.22677	6.55445	6700	670	0.0275265	0	2.04	1.02
533.8	0.00255532	0.000795294	16358.8	1050	105	14351	190.284	190.284	761.134	761.134	0 21527.4 1867.07 	23394.5	6.22682	6.55445	6700	670	0.0275503	0	2.04	1.02
534	0.00255531	0.000795325	16359.5	1050	105	14350.2	190.435	190.435	761.741	761.741	0 21526.5 1868.61 	23395.1	6.22687	6.55445	6700	670	0.0275742	0	2.04	1.02
534.2	0.0025553	0.000795356	16360.2	1050	105	14349.3	190.587	190.587	762.349	762.349	0 21525.6 1870.15 	23395.7	6.22692	6.55445	6700	670	0.027598	0	2.04	1.02
534.4	0.0025553	0.000795388	16360.9	1050	105	14348.5	190.739	190.739	762.957	762.957	0 21524.7 1871.68 	23396.4	6.22697	6.55445	6700	670	0.0276219	0	2.04	1.02
534.6	0.00255529	0.000795419	16361.6	1050	105	14347.7	190.891	190.891	763.565	763.565	0 21523.8 1873.22 	23397	6.22702	6.55445	6700	670	0.0276458	0	2.04	1.02
534.8	0.00255528	0.00079545	16362.3	1050	105	14346.8	191.043	191.043	764.173	764.173	0 21522.9 1874.76 	23397.7	6.22707	6.55445	6700	670	0.0276697	0	2.04	1.02
535	0.00255527	0.000795481	16363	1050	105	14346	191.196	191.196	764.782	764.782	0 21522 1876.31 	23398.3	6.22713	6.55445	6700	670	0.0276936	0	2.04	1.02
535.2	0.00255527	0.000795512	16363.7	1050	105	14345.2	191.348	191.348	765.392	765.392	0 21521.1 1877.85 	23398.9	6.22718	6.55445	6700	670	0.0277175	0	2.04	1.02
535.4	0.00255526	0.000795543	16364.3	1050	105	14344.3	191.5	191.5	766.002	766.002	0 21520.2 1879.39 	23399.6	6.22723	6.55445	6700	670	0.0277415	0	2.04	1.02
535.6	0.00255525	0.000795574	16365	1050	105	14343.5	191.653	191.653	766.612	766.612	0 21519.3 1880.94 	23400.2	6.22728	6.55445	6700	670	0.0277654	0	2.04	1.02
535.8	0.00255525	0.000795606	16365.7	1050	105	14342.7	191.806	191.806	767.223	767.223	0 21518.4 1882.48 	23400.9	6.22733	6.55445	6700	670	0.0277894	0	2.04	1.02
536	0.00255524	0.000795637	16366.4	1050	105	14341.8	191.958	191.958	767.834	767.834	0 21517.5 1884.03 	23401.5	6.22738	6.55445	6700	670	0.0278134	0	2.04	1.02
536.2	0.00255523	0.000795668	16367.1	1050	105	14341	192.111	192.111	768.445	768.445	0 21516.6 1885.58 	23402.2	6.22743	6.55445	6700	670	0.0278375	0	2.04	1.02
536.4	0.00255523	0.000795699	16367.8	1050	105	14340.1	192.264	192.264	769.057	769.057	0 21515.7 1887.13 	23402.8	6.22749	6.55445	6700	670	0.0278615	0	2.04	1.02
536.6	0.00255522	0.000795731	16368.5	1050	105	14339.3	192.417	192.417	769.669	769.669	0 21514.8 1888.68 	23403.5	6.22754	6.55445	6700	670	0.0278856	0	2.04	1.02
536.8	0.00255521	0.000795762	16369.2	1050	105	14338.5	192.57	192.57	770.281	770.281	0 21513.9 1890.23 	23404.1	6.22759	6.55445	6700	670	0.0279097	0	2.04	1.02
537	0.0025552	0.000795793	16369.9	1050	105	14337.6	192.724	192.724	770.894	770.894	0 21513 1891.78 	23404.7	6.22764	6.55445	6700	670	0.0279338	0	2.04	1.02
537.2	0.0025552	0.000795824	16370.5	1050	105	14336.8	192.877	192.877	771.508	771.508	0 21512.1 1893.34 	23405.4	6.22769	6.55445	6700	670	0.0279579	0	2.04	1.02
537.4	0.00255519	0.000795856	16371.2	1050	105	14335.9	193.03	193.03	772.121	772.121	0 21511.2 1894.89 	23406	6.22775	6.55445	6700	670	0.0279821	0	2.04	1.02
537.6	0.00255518	0.000795887	16371.9	1050	105	14335.1	193.184	193.184	772.736	772.736	0 21510.2 1896.45 	23406.7	6.2278	6.55445	6700	670	0.0280062	0	2.04	1.02
537.8	0.00255518	0.000795918	16372.6	1050	105	14334.2	193.338	193.338	773.35	773.35	0 21509.3 1898.01 	23407.3	6.22785	6.55445	6700	670	0.0280304	0	2.04	1.02
538	0.00255517	0.00079595	16373.3	1050	105	14333.4	193.491	193.491	773.965	773.965	0 21508.4 1899.56 	23408	6.2279	6.55445	6700	670	0.0280546	0	2.04	1.02
538.2	0.00255516	0.000795981	16374	1050	105	14332.6	193.645	193.645	774.58	774.58	0 21507.5 1901.12 	23408.7	6.22795	6.55445	6700	670	0.0280788	0	2.04	1.02
538.4	0.00255515	0.000796012	16374.7	1050	105	14331.7	193.799	193.799	775.196	775.196	0 21506.6 1902.68 	23409.3	6.22801	6.55445	6700	670	0.028103	0	2.04	1.02
538.6	0.00255515	0.000796044	16375.4	1050	105	14330.9	193.953	193.953	775.812	775.812	0 21505.7 1904.25 	23410	6.22806	6.55445	6700	670	0.0281273	0	2.04	1.02
538.8	0.00255514	0.000796075	16376.1	1050	105	14330	194.107	194.107	776.428	776.428	0 21504.8 1905.81 	23410.6	6.22811	6.55445	6700	670	0.0281516	0	2.04	1.02
539	0.00255513	0.000796106	16376.8	1050	105	14329.2	194.261	194.261	777.045	777.045	0 21503.9 1907.37 	23411.3	6.22816	6.55445	6700	670	0.0281759	0	2.04	1.02
539.2	0.00255513	0.000796138	16377.5	1050	105	14328.3	194.416	194.416	777.663	777.663	0 21503 1908.94 	23411.9	6.22822	6.55445	6700	670	0.0282002	0	2.04	1.02
539.4	0.00255512	0.000796169	16378.2	1050	105	14327.5	194.57	194.57	778.28	778.28	0 21502.1 1910.5 	23412.6	6.22827	6.55445	6700	670	0.0282245	0	2.04	1.02
539.6	0.00255511	0.000796201	16378.9	1050	105	14326.6	194.725	194.725	778.898	778.898	0 21501.2 1912.07 	23413.2	6.22832	6.55445	6700	670	0.0282488	0	2.04	1.02
539.8	0.0025551	0.000796232	16379.5	1050	105	14325.8	194.879	194.879	779.517	779.517	0 21500.3 1913.64 	23413.9	6.22837	6.55445	6700	670	0.0282732	0	2.04	1.02
540	0.0025551	0.000796263	16380.2	1050	105	14324.9	195.034	195.034	780.135	780.135	0 21499.3 1915.21 	23414.6	6.22843	6.55445	6700	670	0.0282976	0	2.04	1.02
540.2	0.00255509	0.000796295	16380.9	1050	105	14324.1	195.189	195.189	780.755	780.755	0 21498.4 1916.78 	23415.2	6.22848	6.55445	6700	670	0.028322	0	2.04	1.02
540.4	0.00255508	0.000796326	16381.6	1050	105	14323.2	195.344	195.344	781.374	781.374	0 21497.5 1918.35 	23415.9	6.22853	6.55445	6700	670	0.0283464	0	2.04	1.02
540.6	0.00255507	0.000796358	16382.3	1050	105	14322.3	195.499	195.499	781.994	781.994	0 21496.6 1919.92 	23416.5	6.22859	6.55445	6700	670	0.0283709	0	2.04	1.02
540.8	0.00255507	0.000796389	16383	1050	105	14321.5	195.654	195.654	782.614	782.614	0 21495.7 1921.5 	23417.2	6.22864	6.55445	6700	670	0.0283953	0	2.04	1.02
541	0.00255506	0.000796421	16383.7	1050	105	14320.6	195.809	195.809	783.235	783.235	0 21494.8 1923.07 	23417.9	6.22869	6.55445	6700	670	0.0284198	0	2.04	1.02
541.2	0.00255505	0.000796452	16384.4	1050	105	14319.8	195.964	195.964	783.856	783.856	0 21493.9 1924.65 	23418.5	6.22874	6.55445	6700	670	0.0284443	0	2.04	1.02
541.4	0.00255505	0.000796484	16385.1	1050	105	14318.9	196.119	196.119	784.478	784.478	0 21493 1926.22 	23419.2	6.2288	6.55445	6700	670	0.0284688	0	2.04	1.02
541.6	0.00255504	0.000796515	16385.8	1050	105	14318.1	196.275	196.275	785.1	785.1	0 21492.1 1927.8 	23419.9	6.22885	6.55445	6700	670	0.0284933	0	2.04	1.02
541.8	0.00255503	0.000796547	16386.5	1050	105	14317.2	196.431	196.431	785.722	785.722	0 21491.1 1929.38 	23420.5	6.2289	6.55445	6700	670	0.0285179	0	2.04	1.02
542	0.00255502	0.000796579	16387.2	1050	105	14316.3	196.586	196.586	786.345	786.345	0 21490.2 1930.96 	23421.2	6.22896	6.55445	6700	670	0.0285425	0	2.04	1.02
542.2	0.00255502	0.00079661	16387.9	1050	105	14315.5	196.742	196.742	786.968	786.968	0 21489.3 1932.54 	23421.9	6.22901	6.55445	6700	670	0.028567	0	2.04	1.02
542.4	0.00255501	0.000796642	16388.6	1050	105	14314.6	196.898	196.898	787.591	787.591	0 21488.4 1934.12 	23422.5	6.22906	6.55445	6700	670	0.0285917	0	2.04	1.02
542.6	0.002555	0.000796673	16389.3	1050	105	14313.8	197.054	197.054	788.215	788.215	0 21487.5 1935.71 	23423.2	6.22912	6.55445	6700	670	0.0286163	0	2.04	1.02
542.8	0.00255499	0.000796705	16390	1050	105	14312.9	197.21	197.21	788.84	788.84	0 21486.6 1937.29 	23423.9	6.22917	6.55445	6700	670	0.0286409	0	2.04	1.02
543	0.00255499	0.000796737	16390.7	1050	105	14312	197.366	197.366	789.464	789.464	0 21485.7 1938.88 	23424.5	6.22923	6.55445	6700	670	0.0286656	0	2.04	1.02
543.2	0.00255498	0.000796768	16391.4	1050	105	14311.2	197.522	197.522	790.089	790.089	0 21484.7 1940.46 	23425.2	6.22928	6.55445	6700	670	0.0286903	0	2.04	1.02
543.4	0.00255497	0.0007968	16392.1	1050	105	14310.3	197.679	197.679	790.715	790.715	0 21483.8 1942.05 	23425.9	6.22933	6.55445	6700	670	0.028715	0	2.04	1.02
543.6	0.00255497	0.000796832	16392.8	1050	105	14309.4	197.835	197.835	791.341	791.341	0 21482.9 1943.64 	23426.6	6.22939	6.55445	6700	670	0.0287397	0	2.04	1.02
543.8	0.00255496	0.000796863	16393.5	1050	105	14308.6	197.992	197.992	791.967	791.967	0 21482 1945.23 	23427.2	6.22944	6.55445	6700	670	0.0287644	0	2.04	1.02
544	0.00255495	0.000796895	16394.2	1050	105	14307.7	198.148	198.148	792.594	792.594	0 21481.1 1946.82 	23427.9	6.2295	6.55445	6700	670	0.0287892	0	2.04	1.02
544.2	0.00255494	0.000796927	16394.9	1050	105	14306.8	198.305	198.305	793.221	793.221	0 21480.2 1948.41 	23428.6	6.22955	6.55445	6700	670	0.028814	0	2.04	1.02
544.4	0.00255494	0.000796958	16395.6	1050	105	14306	198.462	198.462	793.848	793.848	0 21479.2 1950.01 	23429.3	6.2296	6.55445	6700	670	0.0288387	0	2.04	1.02
544.6	0.00255493	0.00079699	16396.3	1050	105	14305.1	198.619	198.619	794.476	794.476	0 21478.3 1951.6 	23429.9	6.22966	6.55445	6700	670	0.0288636	0	2.04	1.02
544.8	0.00255492	0.000797022	16397	1050	105	14304.2	198.776	198.776	795.104	795.104	0 21477.4 1953.2 	23430.6	6.22971	6.55445	6700	670	0.0288884	0	2.04	1.02
545	0.00255491	0.000797054	16397.7	1050	105	14303.3	198.933	198.933	795.733	795.733	0 21476.5 1954.79 	23431.3	6.22977	6.55445	6700	670	0.0289132	0	2.04	1.02
545.2	0.00255491	0.000797085	16398.4	1050	105	14302.5	199.09	199.09	796.362	796.362	0 21475.6 1956.39 	23432	6.22982	6.55445	6700	670	0.0289381	0	2.04	1.02
545.4	0.0025549	0.000797117	16399.1	1050	105	14301.6	199.248	199.248	796.991	796.991	0 21474.7 1957.99 	23432.6	6.22987	6.55445	6700	670	0.028963	0	2.04	1.02
545.6	0.00255489	0.000797149	16399.8	1050	105	14300.7	199.405	199.405	797.621	797.621	0 21473.7 1959.59 	23433.3	6.22993	6.55445	6700	670	0.0289879	0	2.04	1.02
545.8	0.00255488	0.000797181	16400.5	1050	105	14299.9	199.563	199.563	798.251	798.251	0 21472.8 1961.19 	23434	6.22998	6.55445	6700	670	0.0290128	0	2.04	1.02
546	0.00255488	0.000797213	16401.2	1050	105	14299	199.72	199.72	798.881	798.881	0 21471.9 1962.79 	23434.7	6.23004	6.55445	6700	670	0.0290378	0	2.04	1.02
546.2	0.00255487	0.000797244	16401.9	1050	105	14298.1	199.878	199.878	799.512	799.512	0 21471 1964.4 	23435.4	6.23009	6.55445	6700	670	0.0290627	0	2.04	1.02
546.4	0.00255486	0.000797276	16402.6	1050	105	14297.2	200.036	200.036	800.144	800.144	0 21470.1 1966 	23436.1	6.23015	6.55445	6700	670	0.0290877	0	2.04	1.02
546.6	0.00255485	0.000797308	16403.3	1050	105	14296.3	200.194	200.194	800.775	800.775	0 21469.1 1967.61 	23436.7	6.2302	6.55445	6700	670	0.0291127	0	2.04	1.02
546.8	0.00255485	0.00079734	16404	1050	105	14295.5	200.352	200.352	801.407	801.407	0 21468.2 1969.21 	23437.4	6.23026	6.55445	6700	670	0.0291377	0	2.04	1.02
547	0.00255484	0.000797372	16404.7	1050	105	14294.6	200.51	200.51	802.04	802.04	0 21467.3 1970.82 	23438.1	6.23031	6.55445	6700	670	0.0291627	0	2.04	1.02
547.2	0.00255483	0.000797404	16405.4	1050	105	14293.7	200.668	200.668	802.673	802.673	0 21466.4 1972.43 	23438.8	6.23037	6.55445	6700	670	0.0291878	0	2.04	1.02
547.4	0.00255482	0.000797436	16406.1	1050	105	14292.8	200.827	200.827	803.306	803.306	0 21465.5 1974.04 	23439.5	6.23042	6.55445	6700	670	0.0292129	0	2.04	1.02
547.6	0.00255482	0.000797468	16406.8	1050	105	14292	200.985	200.985	803.94	803.94	0 21464.5 1975.65 	23440.2	6.23048	6.55445	6700	670	0.0292379	0	2.04	1.02
547.8	0.00255481	0.0007975	16407.5	1050	105	14291.1	201.143	201.143	804.574	804.574	0 21463.6 1977.26 	23440.9	6.23053	6.55445	6700	670	0.0292631	0	2.04	1.02
548	0.0025548	0.000797532	16408.2	1050	105	14290.2	201.302	201.302	805.208	805.208	0 21462.7 1978.87 	23441.6	6.23059	6.55445	6700	670	0.0292882	0	2.04	1.02
548.2	0.00255479	0.000797563	16408.9	1050	105	14289.3	201.461	201.461	805.843	805.843	0 21461.8 1980.49 	23442.2	6.23064	6.55445	6700	670	0.0293133	0	2.04	1.02
548.4	0.00255479	0.000797595	16409.6	1050	105	14288.4	201.62	201.62	806.478	806.478	0 21460.8 1982.1 	23442.9	6.2307	6.55445	6700	670	0.0293385	0	2.04	1.02
548.6	0.00255478	0.000797627	16410.3	1050	105	14287.5	201.779	201.779	807.114	807.114	0 21459.9 1983.72 	23443.6	6.23075	6.55445	6700	670	0.0293637	0	2.04	1.02
548.8	0.00255477	0.000797659	16411	1050	105	14286.7	201.938	201.938	807.75	807.75	0 21459 1985.33 	23444.3	6.23081	6.55445	6700	670	0.0293889	0	2.04	1.02
549	0.00255476	0.000797691	16411.7	1050	105	14285.8	202.097	202.097	808.386	808.386	0 21458.1 1986.95 	23445	6.23086	6.55445	6700	670	0.0294141	0	2.04	1.02
549.2	0.00255476	0.000797723	16412.4	1050	105	14284.9	202.256	202.256	809.023	809.023	0 21457.1 1988.57 	23445.7	6.23092	6.55445	6700	670	0.0294393	0	2.04	1.02
549.4	0.00255475	0.000797756	16413.1	1050	105	14284	202.415	202.415	809.66	809.66	0 21456.2 1990.19 	23446.4	6.23098	6.55445	6700	670	0.0294646	0	2.04	1.02
549.6	0.00255474	0.000797788	16413.9	1050	105	14283.1	202.575	202.575	810.298	810.298	0 21455.3 1991.81 	23447.1	6.23103	6.55445	6700	670	0.0294899	0	2.04	1.02
549.8	0.00255473	0.00079782	16414.6	1050	105	14282.2	202.734	202.734	810.936	810.936	0 21454.4 1993.44 	23447.8	6.23109	6.55445	6700	670	0.0295152	0	2.04	1.02
550	0.00255473	0.000797852	16415.3	1050	105	14281.3	202.894	202.894	811.574	811.574	0 21453.4 1995.06 	23448.5	6.23114	6.55445	6700	670	0.0295405	0	2.04	1.02
550.2	0.00255472	0.000797884	16416	1050	105	14280.4	203.053	203.053	812.213	812.213	0 21452.5 1996.69 	23449.2	6.2312	6.55445	6700	670	0.0295658	0	2.04	1.02
550.4	0.00255471	0.000797916	16416.7	1050	105	14279.5	203.213	203.213	812.852	812.852	0 21451.6 1998.31 	23449.9	6.23125	6.55445	6700	670	0.0295911	0	2.04	1.02
550.6	0.0025547	0.000797948	16417.4	1050	105	14278.7	203.373	203.373	813.492	813.492	0 21450.7 1999.94 	23450.6	6.23131	6.55445	6700	670	0.0296165	0	2.04	1.02
550.8	0.00255469	0.00079798	16418.1	1050	105	14277.8	203.533	203.533	814.132	814.132	0 21449.7 2001.57 	23451.3	6.23137	6.55445	6700	670	0.0296419	0	2.04	1.02
551	0.00255469	0.000798012	16418.8	1050	105	14276.9	203.693	203.693	814.772	814.772	0 21448.8 2003.19 	23452	6.23142	6.55445	6700	670	0.0296673	0	2.04	1.02
551.2	0.00255468	0.000798044	16419.5	1050	105	14276	203.853	203.853	815.413	815.413	0 21447.9 2004.82 	23452.7	6.23148	6.55445	6700	670	0.0296927	0	2.04	1.02
551.4	0.00255467	0.000798077	16420.2	1050	105	14275.1	204.014	204.014	816.054	816.054	0 21446.9 2006.46 	23453.4	6.23154	6.55445	6700	670	0.0297182	0	2.04	1.02
551.6	0.00255466	0.000798109	16420.9	1050	105	14274.2	204.174	204.174	816.696	816.696	0 21446 2008.09 	23454.1	6.23159	6.55445	6700	670	0.0297436	0	2.04	1.02
551.8	0.00255466	0.000798141	16421.6	1050	105	14273.3	204.334	204.334	817.338	817.338	0 21445.1 2009.72 	23454.8	6.23165	6.55445	6700	670	0.0297691	0	2.04	1.02
552	0.00255465	0.000798173	16422.3	1050	105	14272.4	204.495	204.495	817.98	817.98	0 21444.1 2011.36 	23455.5	6.2317	6.55445	6700	670	0.0297946	0	2.04	1.02
552.2	0.00255464	0.000798205	16423.1	1050	105	14271.5	204.656	204.656	818.623	818.623	0 21443.2 2012.99 	23456.2	6.23176	6.55445	6700	670	0.0298201	0	2.04	1.02
552.4	0.00255463	0.000798238	16423.8	1050	105	14270.6	204.816	204.816	819.266	819.266	0 21442.3 2014.63 	23456.9	6.23182	6.55445	6700	670	0.0298456	0	2.04	1.02
552.6	0.00255463	0.00079827	16424.5	1050	105	14269.7	204.977	204.977	819.909	819.909	0 21441.4 2016.27 	23457.6	6.23187	6.55445	6700	670	0.0298712	0	2.04	1.02
552.8	0.00255462	0.000798302	16425.2	1050	105	14268.8	205.138	205.138	820.553	820.553	0 21440.4 2017.9 	23458.3	6.23193	6.55445	6700	670	0.0298968	0	2.04	1.02
553	0.00255461	0.000798334	16425.9	1050	105	14267.9	205.299	205.299	821.197	821.197	0 21439.5 2019.54 	23459	6.23199	6.55445	6700	670	0.0299224	0	2.04	1.02
553.2	0.0025546	0.000798367	16426.6	1050	105	14267	205.46	205.46	821.842	821.842	0 21438.6 2021.19 	23459.7	6.23204	6.55445	6700	670	0.029948	0	2.04	1.02
553.4	0.00255459	0.000798399	16427.3	1050	105	14266.1	205.622	205.622	822.487	822.487	0 21437.6 2022.83 	23460.5	6.2321	6.55445	6700	670	0.0299736	0	2.04	1.02
553.6	0.00255459	0.000798431	16428	1050	105	14265.2	205.783	205.783	823.132	823.132	0 21436.7 2024.47 	23461.2	6.23216	6.55445	6700	670	0.0299992	0	2.04	1.02
553.8	0.00255458	0.000798464	16428.7	1050	105	14264.3	205.945	205.945	823.778	823.778	0 21435.8 2026.11 	23461.9	6.23221	6.55445	6700	670	0.0300249	0	2.04	1.02
554	0.00255457	0.000798496	16429.5	1050	105	14263.4	206.106	206.106	824.424	824.424	0 21434.8 2027.76 	23462.6	6.23227	6.55445	6700	670	0.0300506	0	2.04	1.02
554.2	0.00255456	0.000798528	16430.2	1050	105	14262.5	206.268	206.268	825.071	825.071	0 21433.9 2029.41 	23463.3	6.23233	6.55445	6700	670	0.0300763	0	2.04	1.02
554.4	0.00255456	0.000798561	16430.9	1050	105	14261.6	206.43	206.43	825.718	825.718	0 21433 2031.05 	23464	6.23238	6.55445	6700	670	0.030102	0	2.04	1.02
554.6	0.00255455	0.000798593	16431.6	1050	105	14260.7	206.591	206.591	826.365	826.365	0 21432 2032.7 	23464.7	6.23244	6.55445	6700	670	0.0301277	0	2.04	1.02
554.8	0.00255454	0.000798625	16432.3	1050	105	14259.8	206.753	206.753	827.013	827.013	0 21431.1 2034.35 	23465.4	6.2325	6.55445	6700	670	0.0301535	0	2.04	1.02
555	0.00255453	0.000798658	16433	1050	105	14258.9	206.915	206.915	827.661	827.661	0 21430.2 2036 	23466.2	6.23256	6.55445	6700	670	0.0301793	0	2.04	1.02
555.2	0.00255452	0.00079869	16433.7	1050	105	14258	207.078	207.078	828.31	828.31	0 21429.2 2037.65 	23466.9	6.23261	6.55445	6700	670	0.0302051	0	2.04	1.02
555.4	0.00255452	0.000798723	16434.4	1050	105	14257	207.24	207.24	828.959	828.959	0 21428.3 2039.31 	23467.6	6.23267	6.55445	6700	670	0.0302309	0	2.04	1.02
555.6	0.00255451	0.000798755	16435.2	1050	105	14256.1	207.402	207.402	829.608	829.608	0 21427.4 2040.96 	23468.3	6.23273	6.55445	6700	670	0.0302567	0	2.04	1.02
555.8	0.0025545	0.000798788	16435.9	1050	105	14255.2	207.565	207.565	830.258	830.258	0 21426.4 2042.61 	23469	6.23279	6.55445	6700	670	0.0302825	0	2.04	1.02
556	0.00255449	0.00079882	16436.6	1050	105	14254.3	207.727	207.727	830.908	830.908	0 21425.5 2044.27 	23469.7	6.23284	6.55445	6700	670	0.0303084	0	2.04	1.02
556.2	0.00255448	0.000798852	16437.3	1050	105	14253.4	207.89	207.89	831.559	831.559	0 21424.5 2045.93 	23470.5	6.2329	6.55445	6700	670	0.0303343	0	2.04	1.02
556.4	0.00255448	0.000798885	16438	1050	105	14252.5	208.052	208.052	832.21	832.21	0 21423.6 2047.58 	23471.2	6.23296	6.55445	6700	670	0.0303602	0	2.04	1.02
556.6	0.00255447	0.000798917	16438.7	1050	105	14251.6	208.215	208.215	832.861	832.861	0 21422.7 2049.24 	23471.9	6.23302	6.55445	6700	670	0.0303861	0	2.04	1.02
556.8	0.00255446	0.00079895	16439.4	1050	105	14250.7	208.378	208.378	833.513	833.513	0 21421.7 2050.9 	23472.6	6.23307	6.55445	6700	670	0.0304121	0	2.04	1.02
557	0.00255445	0.000798983	16440.2	1050	105	14249.8	208.541	208.541	834.165	834.165	0 21420.8 2052.56 	23473.4	6.23313	6.55445	6700	670	0.030438	0	2.04	1.02
557.2	0.00255445	0.000799015	16440.9	1050	105	14248.8	208.704	208.704	834.817	834.817	0 21419.9 2054.23 	23474.1	6.23319	6.55445	6700	670	0.030464	0	2.04	1.02
557.4	0.00255444	0.000799048	16441.6	1050	105	14247.9	208.868	208.868	835.47	835.47	0 21418.9 2055.89 	23474.8	6.23325	6.55445	6700	670	0.03049	0	2.04	1.02
557.6	0.00255443	0.00079908	16442.3	1050	105	14247	209.031	209.031	836.124	836.124	0 21418 2057.55 	23475.5	6.23331	6.55445	6700	670	0.030516	0	2.04	1.02
557.8	0.00255442	0.000799113	16443	1050	105	14246.1	209.194	209.194	836.777	836.777	0 21417 2059.22 	23476.3	6.23336	6.55445	6700	670	0.030542	0	2.04	1.02
558	0.00255441	0.000799145	16443.7	1050	105	14245.2	209.358	209.358	837.431	837.431	0 21416.1 2060.89 	23477	6.23342	6.55445	6700	670	0.0305681	0	2.04	1.02
558.2	0.00255441	0.000799178	16444.5	1050	105	14244.3	209.521	209.521	838.086	838.086	0 21415.2 2062.55 	23477.7	6.23348	6.55445	6700	670	0.0305942	0	2.04	1.02
558.4	0.0025544	0.000799211	16445.2	1050	105	14243.3	209.685	209.685	838.741	838.741	0 21414.2 2064.22 	23478.4	6.23354	6.55445	6700	670	0.0306202	0	2.04	1.02
558.6	0.00255439	0.000799243	16445.9	1050	105	14242.4	209.849	209.849	839.396	839.396	0 21413.3 2065.89 	23479.2	6.2336	6.55445	6700	670	0.0306464	0	2.04	1.02
558.8	0.00255438	0.000799276	16446.6	1050	105	14241.5	210.013	210.013	840.052	840.052	0 21412.3 2067.56 	23479.9	6.23366	6.55445	6700	670	0.0306725	0	2.04	1.02
559	0.00255437	0.000799309	16447.3	1050	105	14240.6	210.177	210.177	840.708	840.708	0 21411.4 2069.23 	23480.6	6.23371	6.55445	6700	670	0.0306986	0	2.04	1.02
559.2	0.00255437	0.000799341	16448.1	1050	105	14239.6	210.341	210.341	841.364	841.364	0 21410.4 2070.91 	23481.4	6.23377	6.55445	6700	670	0.0307248	0	2.04	1.02
559.4	0.00255436	0.000799374	16448.8	1050	105	14238.7	210.505	210.505	842.021	842.021	0 21409.5 2072.58 	23482.1	6.23383	6.55445	6700	670	0.030751	0	2.04	1.02
559.6	0.00255435	0.000799407	16449.5	1050	105	14237.8	210.67	210.67	842.678	842.678	0 21408.6 2074.26 	23482.8	6.23389	6.55445	6700	670	0.0307772	0	2.04	1.02
559.8	0.00255434	0.000799439	16450.2	1050	105	14236.9	210.834	210.834	843.336	843.336	0 21407.6 2075.93 	23483.5	6.23395	6.55445	6700	670	0.0308034	0	2.04	1.02
560	0.00255433	0.000799472	16450.9	1050	105	14236	210.998	210.998	843.994	843.994	0 21406.7 2077.61 	23484.3	6.23401	6.55445	6700	670	0.0308296	0	2.04	1.02
560.2	0.00255433	0.000799505	16451.7	1050	105	14235	211.163	211.163	844.652	844.652	0 21405.7 2079.29 	23485	6.23407	6.55445	6700	670	0.0308559	0	2.04	1.02
560.4	0.00255432	0.000799538	16452.4	1050	105	14234.1	211.328	211.328	845.311	845.311	0 21404.8 2080.97 	23485.8	6.23412	6.55445	6700	670	0.0308821	0	2.04	1.02
560.6	0.00255431	0.00079957	16453.1	1050	105	14233.2	211.493	211.493	845.97	845.97	0 21403.8 2082.65 	23486.5	6.23418	6.55445	6700	670	0.0309084	0	2.04	1.02
560.8	0.0025543	0.000799603	16453.8	1050	105	14232.2	211.657	211.657	846.63	846.63	0 21402.9 2084.33 	23487.2	6.23424	6.55445	6700	670	0.0309347	0	2.04	1.02
561	0.00255429	0.000799636	16454.5	1050	105	14231.3	211.822	211.822	847.29	847.29	0 21401.9 2086.01 	23488	6.2343	6.55445	6700	670	0.0309611	0	2.04	1.02
561.2	0.00255429	0.000799669	16455.3	1050	105	14230.4	211.988	211.988	847.95	847.95	0 21401 2087.69 	23488.7	6.23436	6.55445	6700	670	0.0309874	0	2.04	1.02
561.4	0.00255428	0.000799702	16456	1050	105	14229.5	212.153	212.153	848.611	848.611	0 21400.1 2089.38 	23489.4	6.23442	6.55445	6700	670	0.0310138	0	2.04	1.02
561.6	0.00255427	0.000799734	16456.7	1050	105	14228.5	212.318	212.318	849.272	849.272	0 21399.1 2091.07 	23490.2	6.23448	6.55445	6700	670	0.0310402	0	2.04	1.02
561.8	0.00255426	0.000799767	16457.4	1050	105	14227.6	212.483	212.483	849.934	849.934	0 21398.2 2092.75 	23490.9	6.23454	6.55445	6700	670	0.0310666	0	2.04	1.02
562	0.00255425	0.0007998	16458.2	1050	105	14226.7	212.649	212.649	850.596	850.596	0 21397.2 2094.44 	23491.7	6.2346	6.55445	6700	670	0.031093	0	2.04	1.02
562.2	0.00255425	0.000799833	16458.9	1050	105	14225.7	212.814	212.814	851.258	851.258	0 21396.3 2096.13 	23492.4	6.23466	6.55445	6700	670	0.0311194	0	2.04	1.02
562.4	0.00255424	0.000799866	16459.6	1050	105	14224.8	212.98	212.98	851.921	851.921	0 21395.3 2097.82 	23493.1	6.23471	6.55445	6700	670	0.0311459	0	2.04	1.02
562.6	0.00255423	0.000799899	16460.3	1050	105	14223.9	213.146	213.146	852.584	852.584	0 21394.4 2099.51 	23493.9	6.23477	6.55445	6700	670	0.0311723	0	2.04	1.02
562.8	0.00255422	0.000799932	16461	1050	105	14222.9	213.312	213.312	853.247	853.247	0 21393.4 2101.2 	23494.6	6.23483	6.55445	6700	670	0.0311988	0	2.04	1.02
563	0.00255421	0.000799965	16461.8	1050	105	14222	213.478	213.478	853.911	853.911	0 21392.5 2102.89 	23495.4	6.23489	6.55445	6700	670	0.0312253	0	2.04	1.02
563.2	0.0025542	0.000799998	16462.5	1050	105	14221.1	213.644	213.644	854.575	854.575	0 21391.5 2104.59 	23496.1	6.23495	6.55445	6700	670	0.0312519	0	2.04	1.02
563.4	0.0025542	0.000800031	16463.2	1050	105	14220.1	213.81	213.81	855.24	855.24	0 21390.6 2106.28 	23496.9	6.23501	6.55445	6700	670	0.0312784	0	2.04	1.02
563.6	0.00255419	0.000800064	16463.9	1050	105	14219.2	213.976	213.976	855.905	855.905	0 21389.6 2107.98 	23497.6	6.23507	6.55445	6700	670	0.031305	0	2.04	1.02
563.8	0.00255418	0.000800097	16464.7	1050	105	14218.2	214.143	214.143	856.571	856.571	0 21388.7 2109.68 	23498.4	6.23513	6.55445	6700	670	0.0313316	0	2.04	1.02
564	0.00255417	0.00080013	16465.4	1050	105	14217.3	214.309	214.309	857.236	857.236	0 21387.7 2111.37 	23499.1	6.23519	6.55445	6700	670	0.0313582	0	2.04	1.02
564.2	0.00255416	0.000800163	16466.1	1050	105	14216.4	214.476	214.476	857.903	857.903	0 21386.8 2113.07 	23499.8	6.23525	6.55445	6700	670	0.0313848	0	2.04	1.02
564.4	0.00255416	0.000800196	16466.8	1050	105	14215.4	214.642	214.642	858.569	858.569	0 21385.8 2114.77 	23500.6	6.23531	6.55445	6700	670	0.0314114	0	2.04	1.02
564.6	0.00255415	0.000800229	16467.6	1050	105	14214.5	214.809	214.809	859.236	859.236	0 21384.9 2116.48 	23501.3	6.23537	6.55445	6700	670	0.0314381	0	2.04	1.02
564.8	0.00255414	0.000800262	16468.3	1050	105	14213.5	214.976	214.976	859.904	859.904	0 21383.9 2118.18 	23502.1	6.23543	6.55445	6700	670	0.0314648	0	2.04	1.02
565	0.00255413	0.000800295	16469	1050	105	14212.6	215.143	215.143	860.572	860.572	0 21383 2119.88 	23502.9	6.23549	6.55445	6700	670	0.0314915	0	2.04	1.02
565.2	0.00255412	0.000800328	16469.8	1050	105	14211.7	215.31	215.31	861.24	861.24	0 21382 2121.59 	23503.6	6.23555	6.55445	6700	670	0.0315182	0	2.04	1.02
565.4	0.00255411	0.000800361	16470.5	1050	105	14210.7	215.477	215.477	861.909	861.909	0 21381.1 2123.29 	23504.4	6.23561	6.55445	6700	670	0.0315449	0	2.04	1.02
565.6	0.00255411	0.000800394	16471.2	1050	105	14209.8	215.644	215.644	862.578	862.578	0 21380.1 2125 	23505.1	6.23567	6.55445	6700	670	0.0315717	0	2.04	1.02
565.8	0.0025541	0.000800427	16471.9	1050	105	14208.8	215.812	215.812	863.247	863.247	0 21379.2 2126.71 	23505.9	6.23573	6.55445	6700	670	0.0315984	0	2.04	1.02
566	0.00255409	0.00080046	16472.7	1050	105	14207.9	215.979	215.979	863.917	863.917	0 21378.2 2128.41 	23506.6	6.23579	6.55445	6700	670	0.0316252	0	2.04	1.02
566.2	0.00255408	0.000800493	16473.4	1050	105	14206.9	216.147	216.147	864.587	864.587	0 21377.2 2130.12 	23507.4	6.23585	6.55445	6700	670	0.031652	0	2.04	1.02
566.4	0.00255407	0.000800527	16474.1	1050	105	14206	216.314	216.314	865.257	865.257	0 21376.3 2131.84 	23508.1	6.23591	6.55445	6700	670	0.0316788	0	2.04	1.02
566.6	0.00255407	0.00080056	16474.9	1050	105	14205	216.482	216.482	865.928	865.928	0 21375.3 2133.55 	23508.9	6.23597	6.55445	6700	670	0.0317057	0	2.04	1.02
566.8	0.00255406	0.000800593	16475.6	1050	105	14204.1	216.65	216.65	866.6	866.6	0 21374.4 2135.26 	23509.6	6.23603	6.55445	6700	670	0.0317325	0	2.04	1.02
567	0.00255405	0.000800626	16476.3	1050	105	14203.1	216.818	216.818	867.272	867.272	0 21373.4 2136.97 	23510.4	6.2361	6.55445	6700	670	0.0317594	0	2.04	1.02
567.2	0.00255404	0.000800659	16477	1050	105	14202.2	216.986	216.986	867.944	867.944	0 21372.5 2138.69 	23511.2	6.23616	6.55445	6700	670	0.0317863	0	2.04	1.02
567.4	0.00255403	0.000800693	16477.8	1050	105	14201.2	217.154	217.154	868.616	868.616	0 21371.5 2140.41 	23511.9	6.23622	6.55445	6700	670	0.0318132	0	2.04	1.02
567.6	0.00255402	0.000800726	16478.5	1050	105	14200.3	217.322	217.322	869.289	869.289	0 21370.6 2142.12 	23512.7	6.23628	6.55445	6700	670	0.0318402	0	2.04	1.02
567.8	0.00255402	0.000800756	16479.2	1050	105	14199.3	217.491	217.491	869.962	869.962	0 21370.3 2143.93 	23514.2	6.23629	6.55445	6700	670	0.0318684	0	2.04	1.02
568	0.00255401	0.00080079	16479.9	1050	105	14198.3	217.659	217.659	870.636	870.636	0 21368.7 2145.57 	23514.3	6.23639	6.55445	6700	670	0.0318942	0	2.04	1.02
568.2	0.002554	0.000800825	16480.7	1050	105	14197.4	217.828	217.828	871.31	871.31	0 21367.7 2147.29 	23515	6.23646	6.55445	6700	670	0.0319211	0	2.04	1.02
568.4	0.00255399	0.000800859	16481.4	1050	105	14196.5	217.996	217.996	871.985	871.985	0 21366.7 2149.01 	23515.7	6.23652	6.55445	6700	670	0.0319481	0	2.04	1.02
568.6	0.00255398	0.000800892	16482.2	1050	105	14195.5	218.165	218.165	872.66	872.66	0 21365.8 2150.73 	23516.5	6.23658	6.55445	6700	670	0.0319752	0	2.04	1.02
568.8	0.00255397	0.000800926	16482.9	1050	105	14194.6	218.334	218.334	873.335	873.335	0 21364.8 2152.45 	23517.3	6.23664	6.55445	6700	670	0.0320022	0	2.04	1.02
569	0.00255397	0.000800959	16483.6	1050	105	14193.6	218.503	218.503	874.011	874.011	0 21363.8 2154.17 	23518	6.2367	6.55445	6700	670	0.0320292	0	2.04	1.02
569.2	0.00255396	0.000800993	16484.4	1050	105	14192.6	218.672	218.672	874.687	874.687	0 21362.9 2155.9 	23518.8	6.23677	6.55445	6700	670	0.0320563	0	2.04	1.02
569.4	0.00255395	0.000801026	16485.1	1050	105	14191.7	218.841	218.841	875.363	875.363	0 21361.9 2157.62 	23519.6	6.23683	6.55445	6700	670	0.0320834	0	2.04	1.02
569.6	0.00255394	0.000801059	16485.8	1050	105	14190.7	219.01	219.01	876.04	876.04	0 21361 2159.35 	23520.3	6.23689	6.55445	6700	670	0.0321105	0	2.04	1.02
569.8	0.00255393	0.000801093	16486.6	1050	105	14189.8	219.179	219.179	876.717	876.717	0 21360 2161.08 	23521.1	6.23695	6.55445	6700	670	0.0321377	0	2.04	1.02
570	0.00255392	0.000801126	16487.3	1050	105	14188.8	219.349	219.349	877.395	877.395	0 21359 2162.81 	23521.9	6.23701	6.55445	6700	670	0.0321648	0	2.04	1.02
570.2	0.00255392	0.000801159	16488	1050	105	14187.8	219.518	219.518	878.073	878.073	0 21358.1 2164.54 	23522.6	6.23707	6.55445	6700	670	0.032192	0	2.04	1.02
570.4	0.00255391	0.000801193	16488.8	1050	105	14186.9	219.688	219.688	878.751	878.751	0 21357.1 2166.27 	23523.4	6.23713	6.55445	6700	670	0.0322192	0	2.04	1.02
570.6	0.0025539	0.000801226	16489.5	1050	105	14185.9	219.858	219.858	879.43	879.43	0 21356.2 2168 	23524.2	6.2372	6.55445	6700	670	0.0322464	0	2.04	1.02
570.8	0.00255389	0.00080126	16490.2	1050	105	14185	220.027	220.027	880.109	880.109	0 21355.2 2169.74 	23524.9	6.23726	6.55445	6700	670	0.0322736	0	2.04	1.02
571	0.00255388	0.000801293	16491	1050	105	14184	220.197	220.197	880.789	880.789	0 21354.2 2171.47 	23525.7	6.23732	6.55445	6700	670	0.0323009	0	2.04	1.02
571.2	0.00255387	0.000801327	16491.7	1050	105	14183	220.367	220.367	881.469	881.469	0 21353.3 2173.21 	23526.5	6.23738	6.55445	6700	670	0.0323281	0	2.04	1.02
571.4	0.00255386	0.00080136	16492.4	1050	105	14182.1	220.537	220.537	882.149	882.149	0 21352.3 2174.95 	23527.3	6.23744	6.55445	6700	670	0.0323554	0	2.04	1.02
571.6	0.00255386	0.000801394	16493.2	1050	105	14181.1	220.708	220.708	882.83	882.83	0 21351.3 2176.68 	23528	6.23751	6.55445	6700	670	0.0323827	0	2.04	1.02
571.8	0.00255385	0.000801427	16493.9	1050	105	14180.1	220.878	220.878	883.511	883.511	0 21350.4 2178.42 	23528.8	6.23757	6.55445	6700	670	0.03241	0	2.04	1.02
572	0.00255384	0.000801461	16494.7	1050	105	14179.2	221.048	221.048	884.193	884.193	0 21349.4 2180.16 	23529.6	6.23763	6.55445	6700	670	0.0324373	0	2.04	1.02
572.2	0.00255383	0.000801494	16495.4	1050	105	14178.2	221.219	221.219	884.875	884.875	0 21348.5 2181.9 	23530.4	6.23769	6.55445	6700	670	0.0324647	0	2.04	1.02
572.4	0.00255382	0.000801528	16496.1	1050	105	14177.2	221.389	221.389	885.557	885.557	0 21347.5 2183.65 	23531.1	6.23775	6.55445	6700	670	0.0324921	0	2.04	1.02
572.6	0.00255381	0.000801562	16496.9	1050	105	14176.3	221.56	221.56	886.24	886.24	0 21346.5 2185.39 	23531.9	6.23782	6.55445	6700	670	0.0325195	0	2.04	1.02
572.8	0.00255381	0.000801595	16497.6	1050	105	14175.3	221.731	221.731	886.923	886.923	0 21345.6 2187.13 	23532.7	6.23788	6.55445	6700	670	0.0325469	0	2.04	1.02
573	0.0025538	0.000801629	16498.3	1050	105	14174.3	221.902	221.902	887.607	887.607	0 21344.6 2188.88 	23533.5	6.23794	6.55445	6700	670	0.0325743	0	2.04	1.02
573.2	0.00255379	0.000801662	16499.1	1050	105	14173.4	222.073	222.073	888.29	888.29	0 21343.6 2190.62 	23534.2	6.238	6.55445	6700	670	0.0326017	0	2.04	1.02
573.4	0.00255378	0.000801696	16499.8	1050	105	14172.4	222.244	222.244	888.975	888.975	0 21342.7 2192.37 	23535	6.23807	6.55445	6700	670	0.0326292	0	2.04	1.02
573.6	0.00255377	0.00080173	16500.6	1050	105	14171.4	222.415	222.415	889.659	889.659	0 21341.7 2194.12 	23535.8	6.23813	6.55445	6700	670	0.0326567	0	2.04	1.02
573.8	0.00255376	0.000801763	16501.3	1050	105	14170.4	222.586	222.586	890.345	890.345	0 21340.7 2195.87 	23536.6	6.23819	6.55445	6700	670	0.0326842	0	2.04	1.02
574	0.00255375	0.000801797	16502	1050	105	14169.5	222.758	222.758	891.03	891.03	0 21339.8 2197.62 	23537.4	6.23825	6.55445	6700	670	0.0327117	0	2.04	1.02
574.2	0.00255375	0.000801831	16502.8	1050	105	14168.5	222.929	222.929	891.716	891.716	0 21338.8 2199.37 	23538.2	6.23832	6.55445	6700	670	0.0327392	0	2.04	1.02
574.4	0.00255374	0.000801864	16503.5	1050	105	14167.5	223.101	223.101	892.402	892.402	0 21337.8 2201.12 	23538.9	6.23838	6.55445	6700	670	0.0327668	0	2.04	1.02
574.6	0.00255373	0.000801898	16504.3	1050	105	14166.5	223.272	223.272	893.089	893.089	0 21336.8 2202.88 	23539.7	6.23844	6.55445	6700	670	0.0327944	0	2.04	1.02
574.8	0.00255372	0.000801932	16505	1050	105	14165.6	223.444	223.444	893.776	893.776	0 21335.9 2204.63 	23540.5	6.2385	6.55445	6700	670	0.032822	0	2.04	1.02
575	0.00255371	0.000801966	16505.7	1050	105	14164.6	223.616	223.616	894.463	894.463	0 21334.9 2206.39 	23541.3	6.23857	6.55445	6700	670	0.0328496	0	2.04	1.02
575.2	0.0025537	0.000801999	16506.5	1050	105	14163.6	223.788	223.788	895.151	895.151	0 21333.9 2208.14 	23542.1	6.23863	6.55445	6700	670	0.0328772	0	2.04	1.02
575.4	0.00255369	0.000802033	16507.2	1050	105	14162.6	223.96	223.96	895.839	895.839	0 21333 2209.9 	23542.9	6.23869	6.55445	6700	670	0.0329049	0	2.04	1.02
575.6	0.00255369	0.000802067	16508	1050	105	14161.6	224.132	224.132	896.528	896.528	0 21332 2211.66 	23543.7	6.23876	6.55445	6700	670	0.0329325	0	2.04	1.02
575.8	0.00255368	0.000802101	16508.7	1050	105	14160.7	224.304	224.304	897.217	897.217	0 21331 2213.42 	23544.4	6.23882	6.55445	6700	670	0.0329602	0	2.04	1.02
576	0.00255367	0.000802135	16509.4	1050	105	14159.7	224.477	224.477	897.906	897.906	0 21330.1 2215.18 	23545.2	6.23888	6.55445	6700	670	0.0329879	0	2.04	1.02
576.2	0.00255366	0.000802169	16510.2	1050	105	14158.7	224.649	224.649	898.596	898.596	0 21329.1 2216.94 	23546	6.23894	6.55445	6700	670	0.0330156	0	2.04	1.02
576.4	0.00255365	0.000802202	16510.9	1050	105	14157.7	224.822	224.822	899.286	899.286	0 21328.1 2218.7 	23546.8	6.23901	6.55445	6700	670	0.0330434	0	2.04	1.02
576.6	0.00255364	0.000802236	16511.7	1050	105	14156.7	224.994	224.994	899.977	899.977	0 21327.1 2220.47 	23547.6	6.23907	6.55445	6700	670	0.0330711	0	2.04	1.02
576.8	0.00255363	0.00080227	16512.4	1050	105	14155.8	225.167	225.167	900.668	900.668	0 21326.2 2222.23 	23548.4	6.23913	6.55445	6700	670	0.0330989	0	2.04	1.02
577	0.00255363	0.000802304	16513.2	1050	105	14154.8	225.34	225.34	901.359	901.359	0 21325.2 2224 	23549.2	6.2392	6.55445	6700	670	0.0331267	0	2.04	1.02
577.2	0.00255362	0.000802338	16513.9	1050	105	14153.8	225.513	225.513	902.051	902.051	0 21324.2 2225.76 	23550	6.23926	6.55445	6700	670	0.0331545	0	2.04	1.02
577.4	0.00255361	0.000802372	16514.7	1050	105	14152.8	225.686	225.686	902.743	902.743	0 21323.2 2227.53 	23550.8	6.23932	6.55445	6700	670	0.0331823	0	2.04	1.02
577.6	0.0025536	0.000802406	16515.4	1050	105	14151.8	225.859	225.859	903.436	903.436	0 21322.3 2229.3 	23551.6	6.23939	6.55445	6700	670	0.0332102	0	2.04	1.02
577.8	0.00255359	0.00080244	16516.1	1050	105	14150.8	226.032	226.032	904.129	904.129	0 21321.3 2231.07 	23552.4	6.23945	6.55445	6700	670	0.033238	0	2.04	1.02
578	0.00255358	0.000802474	16516.9	1050	105	14149.8	226.205	226.205	904.822	904.822	0 21320.3 2232.84 	23553.2	6.23952	6.55445	6700	670	0.0332659	0	2.04	1.02
578.2	0.00255357	0.000802508	16517.6	1050	105	14148.8	226.379	226.379	905.516	905.516	0 21319.3 2234.61 	23554	6.23958	6.55445	6700	670	0.0332938	0	2.04	1.02
578.4	0.00255356	0.000802542	16518.4	1050	105	14147.9	226.552	226.552	906.21	906.21	0 21318.4 2236.39 	23554.8	6.23964	6.55445	6700	670	0.0333217	0	2.04	1.02
578.6	0.00255356	0.000802576	16519.1	1050	105	14146.9	226.726	226.726	906.904	906.904	0 21317.4 2238.16 	23555.6	6.23971	6.55445	6700	670	0.0333497	0	2.04	1.02
578.8	0.00255355	0.00080261	16519.9	1050	105	14145.9	226.9	226.9	907.599	907.599	0 21316.4 2239.94 	23556.4	6.23977	6.55445	6700	670	0.0333776	0	2.04	1.02
579	0.00255354	0.000802644	16520.6	1050	105	14144.9	227.074	227.074	908.294	908.294	0 21315.4 2241.71 	23557.2	6.23983	6.55445	6700	670	0.0334056	0	2.04	1.02
579.2	0.00255353	0.000802678	16521.4	1050	105	14143.9	227.248	227.248	908.99	908.99	0 21314.5 2243.49 	23558	6.2399	6.55445	6700	670	0.0334336	0	2.04	1.02
579.4	0.00255352	0.000802712	16522.1	1050	105	14142.9	227.422	227.422	909.686	909.686	0 21313.5 2245.27 	23558.8	6.23996	6.55445	6700	670	0.0334616	0	2.04	1.02
579.6	0.00255351	0.000802746	16522.9	1050	105	14141.9	227.596	227.596	910.382	910.382	0 21312.5 2247.05 	23559.6	6.24003	6.55445	6700	670	0.0334896	0	2.04	1.02
579.8	0.0025535	0.00080278	16523.6	1050	105	14140.9	227.77	227.77	911.079	911.079	0 21311.5 2248.83 	23560.4	6.24009	6.55445	6700	670	0.0335177	0	2.04	1.02
580	0.00255349	0.000802814	16524.4	1050	105	14139.9	227.944	227.944	911.777	911.777	0 21310.6 2250.61 	23561.2	6.24015	6.55445	6700	670	0.0335458	0	2.04	1.02
580.2	0.00255349	0.000802848	16525.1	1050	105	14138.9	228.119	228.119	912.474	912.474	0 21309.6 2252.39 	23562	6.24022	6.55445	6700	670	0.0335738	0	2.04	1.02
580.4	0.00255348	0.000802882	16525.9	1050	105	14137.9	228.293	228.293	913.172	913.172	0 21308.6 2254.17 	23562.8	6.24028	6.55445	6700	670	0.0336019	0	2.04	1.02
580.6	0.00255347	0.000802917	16526.6	1050	105	14136.9	228.468	228.468	913.871	913.871	0 21307.6 2255.96 	23563.6	6.24035	6.55445	6700	670	0.0336301	0	2.04	1.02
580.8	0.00255346	0.000802951	16527.4	1050	105	14135.9	228.642	228.642	914.569	914.569	0 21306.6 2257.74 	23564.4	6.24041	6.55445	6700	670	0.0336582	0	2.04	1.02
581	0.00255345	0.000802985	16528.1	1050	105	14134.9	228.817	228.817	915.269	915.269	0 21305.7 2259.53 	23565.2	6.24048	6.55445	6700	670	0.0336864	0	2.04	1.02
581.2	0.00255344	0.000803019	16528.9	1050	105	14133.9	228.992	228.992	915.968	915.968	0 21304.7 2261.31 	23566	6.24054	6.55445	6700	670	0.0337145	0	2.04	1.02
581.4	0.00255343	0.000803053	16529.6	1050	105	14132.9	229.167	229.167	916.668	916.668	0 21303.7 2263.1 	23566.8	6.24061	6.55445	6700	670	0.0337427	0	2.04	1.02
581.6	0.00255342	0.000803088	16530.4	1050	105	14131.9	229.342	229.342	917.368	917.368	0 21302.7 2264.89 	23567.6	6.24067	6.55445	6700	670	0.0337709	0	2.04	1.02
581.8	0.00255342	0.000803122	16531.1	1050	105	14130.9	229.517	229.517	918.069	918.069	0 21301.7 2266.68 	23568.4	6.24073	6.55445	6700	670	0.0337992	0	2.04	1.02
582	0.00255341	0.000803156	16531.9	1050	105	14129.9	229.693	229.693	918.77	918.77	0 21300.7 2268.47 	23569.2	6.2408	6.55445	6700	670	0.0338274	0	2.04	1.02
582.2	0.0025534	0.00080319	16532.6	1050	105	14128.9	229.868	229.868	919.472	919.472	0 21299.8 2270.27 	23570	6.24086	6.55445	6700	670	0.0338557	0	2.04	1.02
582.4	0.00255339	0.000803225	16533.4	1050	105	14127.9	230.043	230.043	920.174	920.174	0 21298.8 2272.06 	23570.8	6.24093	6.55445	6700	670	0.033884	0	2.04	1.02
582.6	0.00255338	0.000803259	16534.1	1050	105	14126.9	230.219	230.219	920.876	920.876	0 21297.8 2273.85 	23571.7	6.24099	6.55445	6700	670	0.0339123	0	2.04	1.02
582.8	0.00255337	0.000803293	16534.9	1050	105	14125.9	230.395	230.395	921.579	921.579	0 21296.8 2275.65 	23572.5	6.24106	6.55445	6700	670	0.0339406	0	2.04	1.02
583	0.00255336	0.000803327	16535.6	1050	105	14124.9	230.57	230.57	922.282	922.282	0 21295.8 2277.44 	23573.3	6.24112	6.55445	6700	670	0.0339689	0	2.04	1.02
583.2	0.00255335	0.000803362	16536.4	1050	105	14123.9	230.746	230.746	922.985	922.985	0 21294.9 2279.24 	23574.1	6.24119	6.55445	6700	670	0.0339973	0	2.04	1.02
583.4	0.00255334	0.000803396	16537.1	1050	105	14122.9	230.922	230.922	923.689	923.689	0 21293.9 2281.04 	23574.9	6.24125	6.55445	6700	670	0.0340256	0	2.04	1.02
583.6	0.00255334	0.000803431	16537.9	1050	105	14121.9	231.098	231.098	924.393	924.393	0 21292.9 2282.84 	23575.7	6.24132	6.55445	6700	670	0.034054	0	2.04	1.02
583.8	0.00255333	0.000803465	16538.6	1050	105	14120.9	231.275	231.275	925.098	925.098	0 21291.9 2284.64 	23576.5	6.24138	6.55445	6700	670	0.0340824	0	2.04	1.02
584	0.00255332	0.000803499	16539.4	1050	105	14119.9	231.451	231.451	925.803	925.803	0 21290.9 2286.44 	23577.4	6.24145	6.55445	6700	670	0.0341109	0	2.04	1.02
584.2	0.00255331	0.000803534	16540.1	1050	105	14118.9	231.627	231.627	926.509	926.509	0 21289.9 2288.24 	23578.2	6.24151	6.55445	6700	670	0.0341393	0	2.04	1.02
584.4	0.0025533	0.000803568	16540.9	1050	105	14117.9	231.804	231.804	927.214	927.214	0 21288.9 2290.05 	23579	6.24158	6.55445	6700	670	0.0341678	0	2.04	1.02
584.6	0.00255329	0.000803603	16541.7	1050	105	14116.9	231.98	231.98	927.921	927.921	0 21288 2291.85 	23579.8	6.24165	6.55445	6700	670	0.0341963	0	2.04	1.02
584.8	0.00255328	0.000803637	16542.4	1050	105	14115.8	232.157	232.157	928.627	928.627	0 21287 2293.66 	23580.6	6.24171	6.55445	6700	670	0.0342248	0	2.04	1.02
585	0.00255327	0.000803671	16543.2	1050	105	14114.8	232.334	232.334	929.334	929.334	0 21286 2295.46 	23581.4	6.24178	6.55445	6700	670	0.0342533	0	2.04	1.02
585.2	0.00255326	0.000803706	16543.9	1050	105	14113.8	232.51	232.51	930.042	930.042	0 21285 2297.27 	23582.3	6.24184	6.55445	6700	670	0.0342818	0	2.04	1.02
585.4	0.00255326	0.00080374	16544.7	1050	105	14112.8	232.687	232.687	930.749	930.749	0 21284 2299.08 	23583.1	6.24191	6.55445	6700	670	0.0343104	0	2.04	1.02
585.6	0.00255325	0.000803775	16545.4	1050	105	14111.8	232.864	232.864	931.457	931.457	0 21283 2300.89 	23583.9	6.24197	6.55445	6700	670	0.034339	0	2.04	1.02
585.8	0.00255324	0.000803809	16546.2	1050	105	14110.8	233.042	233.042	932.166	932.166	0 21282 2302.7 	23584.7	6.24204	6.55445	6700	670	0.0343675	0	2.04	1.02
586	0.00255323	0.000803844	16547	1050	105	14109.8	233.219	233.219	932.875	932.875	0 21281 2304.51 	23585.5	6.2421	6.55445	6700	670	0.0343962	0	2.04	1.02
586.2	0.00255322	0.000803879	16547.7	1050	105	14108.7	233.396	233.396	933.584	933.584	0 21280 2306.32 	23586.4	6.24217	6.55445	6700	670	0.0344248	0	2.04	1.02
586.4	0.00255321	0.000803913	16548.5	1050	105	14107.7	233.574	233.574	934.294	934.294	0 21279.1 2308.14 	23587.2	6.24224	6.55445	6700	670	0.0344534	0	2.04	1.02
586.6	0.0025532	0.000803948	16549.2	1050	105	14106.7	233.751	233.751	935.004	935.004	0 21278.1 2309.95 	23588	6.2423	6.55445	6700	670	0.0344821	0	2.04	1.02
586.8	0.00255319	0.000803982	16550	1050	105	14105.7	233.929	233.929	935.715	935.715	0 21277.1 2311.77 	23588.8	6.24237	6.55445	6700	670	0.0345108	0	2.04	1.02
587	0.00255318	0.000804017	16550.7	1050	105	14104.7	234.106	234.106	936.426	936.426	0 21276.1 2313.58 	23589.7	6.24243	6.55445	6700	670	0.0345395	0	2.04	1.02
587.2	0.00255317	0.000804051	16551.5	1050	105	14103.7	234.284	234.284	937.137	937.137	0 21275.1 2315.4 	23590.5	6.2425	6.55445	6700	670	0.0345682	0	2.04	1.02
587.4	0.00255317	0.000804086	16552.3	1050	105	14102.6	234.462	234.462	937.848	937.848	0 21274.1 2317.22 	23591.3	6.24257	6.55445	6700	670	0.0345969	0	2.04	1.02
587.6	0.00255316	0.000804121	16553	1050	105	14101.6	234.64	234.64	938.561	938.561	0 21273.1 2319.04 	23592.1	6.24263	6.55445	6700	670	0.0346257	0	2.04	1.02
587.8	0.00255315	0.000804155	16553.8	1050	105	14100.6	234.818	234.818	939.273	939.273	0 21272.1 2320.86 	23593	6.2427	6.55445	6700	670	0.0346544	0	2.04	1.02
588	0.00255314	0.00080419	16554.5	1050	105	14099.6	234.996	234.996	939.986	939.986	0 21271.1 2322.68 	23593.8	6.24276	6.55445	6700	670	0.0346832	0	2.04	1.02
588.2	0.00255313	0.000804225	16555.3	1050	105	14098.6	235.175	235.175	940.699	940.699	0 21270.1 2324.5 	23594.6	6.24283	6.55445	6700	670	0.034712	0	2.04	1.02
588.4	0.00255312	0.00080426	16556.1	1050	105	14097.5	235.353	235.353	941.413	941.413	0 21269.1 2326.32 	23595.5	6.2429	6.55445	6700	670	0.0347409	0	2.04	1.02
588.6	0.00255311	0.000804294	16556.8	1050	105	14096.5	235.532	235.532	942.127	942.127	0 21268.1 2328.15 	23596.3	6.24296	6.55445	6700	670	0.0347697	0	2.04	1.02
588.8	0.0025531	0.000804329	16557.6	1050	105	14095.5	235.71	235.71	942.841	942.841	0 21267.2 2329.97 	23597.1	6.24303	6.55445	6700	670	0.0347986	0	2.04	1.02
589	0.00255309	0.000804364	16558.3	1050	105	14094.5	235.889	235.889	943.556	943.556	0 21266.2 2331.8 	23598	6.2431	6.55445	6700	670	0.0348274	0	2.04	1.02
589.2	0.00255308	0.000804398	16559.1	1050	105	14093.4	236.068	236.068	944.271	944.271	0 21265.2 2333.63 	23598.8	6.24316	6.55445	6700	670	0.0348563	0	2.04	1.02
589.4	0.00255308	0.000804433	16559.9	1050	105	14092.4	236.247	236.247	944.987	944.987	0 21264.2 2335.46 	23599.6	6.24323	6.55445	6700	670	0.0348853	0	2.04	1.02
589.6	0.00255307	0.000804468	16560.6	1050	105	14091.4	236.426	236.426	945.702	945.702	0 21263.2 2337.29 	23600.5	6.2433	6.55445	6700	670	0.0349142	0	2.04	1.02
589.8	0.00255306	0.000804503	16561.4	1050	105	14090.4	236.605	236.605	946.419	946.419	0 21262.2 2339.12 	23601.3	6.24336	6.55445	6700	670	0.0349431	0	2.04	1.02
590	0.00255305	0.000804538	16562.2	1050	105	14089.3	236.784	236.784	947.136	947.136	0 21261.2 2340.95 	23602.1	6.24343	6.55445	6700	670	0.0349721	0	2.04	1.02
590.2	0.00255304	0.000804572	16562.9	1050	105	14088.3	236.963	236.963	947.853	947.853	0 21260.2 2342.78 	23603	6.2435	6.55445	6700	670	0.0350011	0	2.04	1.02
590.4	0.00255303	0.000804607	16563.7	1050	105	14087.3	237.143	237.143	948.57	948.57	0 21259.2 2344.61 	23603.8	6.24356	6.55445	6700	670	0.0350301	0	2.04	1.02
590.6	0.00255302	0.000804642	16564.5	1050	105	14086.2	237.322	237.322	949.288	949.288	0 21258.2 2346.45 	23604.6	6.24363	6.55445	6700	670	0.0350591	0	2.04	1.02
590.8	0.00255301	0.000804677	16565.2	1050	105	14085.2	237.502	237.502	950.006	950.006	0 21257.2 2348.28 	23605.5	6.2437	6.55445	6700	670	0.0350882	0	2.04	1.02
591	0.002553	0.000804712	16566	1050	105	14084.2	237.681	237.681	950.725	950.725	0 21256.2 2350.12 	23606.3	6.24376	6.55445	6700	670	0.0351172	0	2.04	1.02
591.2	0.00255299	0.000804747	16566.7	1050	105	14083.1	237.861	237.861	951.444	951.444	0 21255.2 2351.96 	23607.2	6.24383	6.55445	6700	670	0.0351463	0	2.04	1.02
591.4	0.00255298	0.000804782	16567.5	1050	105	14082.1	238.041	238.041	952.163	952.163	0 21254.2 2353.79 	23608	6.2439	6.55445	6700	670	0.0351754	0	2.04	1.02
591.6	0.00255298	0.000804817	16568.3	1050	105	14081.1	238.221	238.221	952.883	952.883	0 21253.2 2355.63 	23608.8	6.24397	6.55445	6700	670	0.0352045	0	2.04	1.02
591.8	0.00255297	0.000804852	16569	1050	105	14080	238.401	238.401	953.604	953.604	0 21252.2 2357.47 	23609.7	6.24403	6.55445	6700	670	0.0352336	0	2.04	1.02
592	0.00255296	0.000804887	16569.8	1050	105	14079	238.581	238.581	954.324	954.324	0 21251.2 2359.31 	23610.5	6.2441	6.55445	6700	670	0.0352628	0	2.04	1.02
592.2	0.00255295	0.000804922	16570.6	1050	105	14078	238.761	238.761	955.045	955.045	0 21250.2 2361.16 	23611.4	6.24417	6.55445	6700	670	0.035292	0	2.04	1.02
592.4	0.00255294	0.000804957	16571.3	1050	105	14076.9	238.942	238.942	955.766	955.766	0 21249.2 2363 	23612.2	6.24424	6.55445	6700	670	0.0353211	0	2.04	1.02
592.6	0.00255293	0.000804992	16572.1	1050	105	14075.9	239.122	239.122	956.488	956.488	0 21248.2 2364.84 	23613	6.2443	6.55445	6700	670	0.0353504	0	2.04	1.02
592.8	0.00255292	0.000805027	16572.9	1050	105	14074.9	239.303	239.303	957.21	957.21	0 21247.2 2366.69 	23613.9	6.24437	6.55445	6700	670	0.0353796	0	2.04	1.02
593	0.00255291	0.000805062	16573.6	1050	105	14073.8	239.483	239.483	957.933	957.933	0 21246.2 2368.54 	23614.7	6.24444	6.55445	6700	670	0.0354088	0	2.04	1.02
593.2	0.0025529	0.000805097	16574.4	1050	105	14072.8	239.664	239.664	958.656	958.656	0 21245.2 2370.38 	23615.6	6.24451	6.55445	6700	670	0.0354381	0	2.04	1.02
593.4	0.00255289	0.000805132	16575.2	1050	105	14071.7	239.845	239.845	959.379	959.379	0 21244.2 2372.23 	23616.4	6.24457	6.55445	6700	670	0.0354673	0	2.04	1.02
593.6	0.00255288	0.000805167	16576	1050	105	14070.7	240.026	240.026	960.103	960.103	0 21243.2 2374.08 	23617.3	6.24464	6.55445	6700	670	0.0354966	0	2.04	1.02
593.8	0.00255287	0.000805202	16576.7	1050	105	14069.7	240.207	240.207	960.827	960.827	0 21242.2 2375.93 	23618.1	6.24471	6.55445	6700	670	0.0355259	0	2.04	1.02
594	0.00255286	0.000805237	16577.5	1050	105	14068.6	240.388	240.388	961.552	961.552	0 21241.2 2377.78 	23619	6.24478	6.55445	6700	670	0.0355553	0	2.04	1.02
594.2	0.00255286	0.000805272	16578.3	1050	105	14067.6	240.569	240.569	962.276	962.276	0 21240.2 2379.63 	23619.8	6.24484	6.55445	6700	670	0.0355846	0	2.04	1.02
594.4	0.00255285	0.000805307	16579	1050	105	14066.5	240.75	240.75	963.002	963.002	0 21239.2 2381.49 	23620.7	6.24491	6.55445	6700	670	0.035614	0	2.04	1.02
594.6	0.00255284	0.000805342	16579.8	1050	105	14065.5	240.932	240.932	963.727	963.727	0 21238.2 2383.34 	23621.5	6.24498	6.55445	6700	670	0.0356434	0	2.04	1.02
594.8	0.00255283	0.000805378	16580.6	1050	105	14064.4	241.113	241.113	964.453	964.453	0 21237.2 2385.2 	23622.4	6.24505	6.55445	6700	670	0.0356728	0	2.04	1.02
595	0.00255282	0.000805413	16581.3	1050	105	14063.4	241.295	241.295	965.18	965.18	0 21236.2 2387.05 	23623.2	6.24512	6.55445	6700	670	0.0357022	0	2.04	1.02
595.2	0.00255281	0.000805448	16582.1	1050	105	14062.3	241.477	241.477	965.907	965.907	0 21235.2 2388.91 	23624.1	6.24518	6.55445	6700	670	0.0357316	0	2.04	1.02
595.4	0.0025528	0.000805483	16582.9	1050	105	14061.3	241.658	241.658	966.634	966.634	0 21234.2 2390.77 	23624.9	6.24525	6.55445	6700	670	0.0357611	0	2.04	1.02
595.6	0.00255279	0.000805518	16583.7	1050	105	14060.3	241.84	241.84	967.361	967.361	0 21233.2 2392.63 	23625.8	6.24532	6.55445	6700	670	0.0357905	0	2.04	1.02
595.8	0.00255278	0.000805554	16584.4	1050	105	14059.2	242.022	242.022	968.089	968.089	0 21232.1 2394.49 	23626.6	6.24539	6.55445	6700	670	0.03582	0	2.04	1.02
596	0.00255277	0.000805589	16585.2	1050	105	14058.2	242.204	242.204	968.818	968.818	0 21231.1 2396.35 	23627.5	6.24546	6.55445	6700	670	0.0358495	0	2.04	1.02
596.2	0.00255276	0.000805624	16586	1050	105	14057.1	242.387	242.387	969.546	969.546	0 21230.1 2398.21 	23628.3	6.24553	6.55445	6700	670	0.0358791	0	2.04	1.02
596.4	0.00255275	0.000805659	16586.7	1050	105	14056.1	242.569	242.569	970.276	970.276	0 21229.1 2400.07 	23629.2	6.24559	6.55445	6700	670	0.0359086	0	2.04	1.02
596.6	0.00255274	0.000805695	16587.5	1050	105	14055	242.751	242.751	971.005	971.005	0 21228.1 2401.93 	23630.1	6.24566	6.55445	6700	670	0.0359382	0	2.04	1.02
596.8	0.00255273	0.00080573	16588.3	1050	105	14054	242.934	242.934	971.735	971.735	0 21227.1 2403.8 	23630.9	6.24573	6.55445	6700	670	0.0359677	0	2.04	1.02
597	0.00255273	0.000805765	16589.1	1050	105	14052.9	243.116	243.116	972.465	972.465	0 21226.1 2405.66 	23631.8	6.2458	6.55445	6700	670	0.0359973	0	2.04	1.02
597.2	0.00255272	0.000805801	16589.8	1050	105	14051.9	243.299	243.299	973.196	973.196	0 21225.1 2407.53 	23632.6	6.24587	6.55445	6700	670	0.036027	0	2.04	1.02
597.4	0.00255271	0.000805836	16590.6	1050	105	14050.8	243.482	243.482	973.927	973.927	0 21224.1 2409.4 	23633.5	6.24594	6.55445	6700	670	0.0360566	0	2.04	1.02
597.6	0.0025527	0.000805871	16591.4	1050	105	14049.7	243.665	243.665	974.658	974.658	0 21223.1 2411.27 	23634.3	6.246	6.55445	6700	670	0.0360862	0	2.04	1.02
597.8	0.00255269	0.000805907	16592.2	1050	105	14048.7	243.848	243.848	975.39	975.39	0 21222.1 2413.14 	23635.2	6.24607	6.55445	6700	670	0.0361159	0	2.04	1.02
598	0.00255268	0.000805942	16592.9	1050	105	14047.6	244.031	244.031	976.123	976.123	0 21221.1 2415.01 	23636.1	6.24614	6.55445	6700	670	0.0361456	0	2.04	1.02
598.2	0.00255267	0.000805978	16593.7	1050	105	14046.6	244.214	244.214	976.855	976.855	0 21220 2416.88 	23636.9	6.24621	6.55445	6700	670	0.0361753	0	2.04	1.02
598.4	0.00255266	0.000806013	16594.5	1050	105	14045.5	244.397	244.397	977.588	977.588	0 21219 2418.75 	23637.8	6.24628	6.55445	6700	670	0.036205	0	2.04	1.02
598.6	0.00255265	0.000806049	16595.3	1050	105	14044.5	244.58	244.58	978.321	978.321	0 21218 2420.63 	23638.7	6.24635	6.55445	6700	670	0.0362348	0	2.04	1.02
598.8	0.00255264	0.000806084	16596.1	1050	105	14043.4	244.764	244.764	979.055	979.055	0 21217 2422.5 	23639.5	6.24642	6.55445	6700	670	0.0362645	0	2.04	1.02
599	0.00255263	0.00080612	16596.8	1050	105	14042.4	244.947	244.947	979.789	979.789	0 21216 2424.38 	23640.4	6.24649	6.55445	6700	670	0.0362943	0	2.04	1.02
599.2	0.00255262	0.000806155	16597.6	1050	105	14041.3	245.131	245.131	980.524	980.524	0 21215 2426.25 	23641.2	6.24656	6.55445	6700	670	0.0363241	0	2.04	1.02
599.4	0.00255261	0.00080619	16598.4	1050	105	14040.2	245.315	245.315	981.259	981.259	0 21214 2428.13 	23642.1	6.24663	6.55445	6700	670	0.0363539	0	2.04	1.02
599.6	0.0025526	0.000806226	16599.2	1050	105	14039.2	245.499	245.499	981.994	981.994	0 21213 2430.01 	23643	6.24669	6.55445	6700	670	0.0363837	0	2.04	1.02
599.8	0.00255259	0.000806261	16599.9	1050	105	14038.1	245.682	245.682	982.73	982.73	0 21212 2431.89 	23643.8	6.24676	6.55445	6700	670	0.0364136	0	2.04	1.02
600	0.00255258	0.000806297	16600.7	1050	105	14037	245.866	245.866	983.466	983.466	0 21210.9 2433.77 	23644.7	6.24683	6.55445	6700	670	0.0364434	0	2.04	1.02
600.2	0.00255258	0.000806333	16601.5	1050	105	14036	246.051	246.051	984.202	984.202	0 21209.9 2435.65 	23645.6	6.2469	6.55445	6700	670	0.0364733	0	2.04	1.02
600.4	0.00255257	0.000806368	16602.3	1050	105	14034.9	246.235	246.235	984.939	984.939	0 21208.9 2437.53 	23646.4	6.24697	6.55445	6700	670	0.0365032	0	2.04	1.02
600.6	0.00255256	0.000806404	16603.1	1050	105	14033.9	246.419	246.419	985.676	985.676	0 21207.9 2439.41 	23647.3	6.24704	6.55445	6700	670	0.0365331	0	2.04	1.02
600.8	0.00255255	0.000806439	16603.8	1050	105	14032.8	246.604	246.604	986.414	986.414	0 21206.9 2441.3 	23648.2	6.24711	6.55445	6700	670	0.0365631	0	2.04	1.02
601	0.00255254	0.000806475	16604.6	1050	105	14031.7	246.788	246.788	987.152	987.152	0 21205.9 2443.18 	23649.1	6.24718	6.55445	6700	670	0.036593	0	2.04	1.02
601.2	0.00255253	0.000806511	16605.4	1050	105	14030.7	246.973	246.973	987.89	987.89	0 21204.9 2445.07 	23649.9	6.24725	6.55445	6700	670	0.036623	0	2.04	1.02
601.4	0.00255252	0.000806546	16606.2	1050	105	14029.6	247.157	247.157	988.629	988.629	0 21203.8 2446.96 	23650.8	6.24732	6.55445	6700	670	0.036653	0	2.04	1.02
601.6	0.00255251	0.000806582	16607	1050	105	14028.5	247.342	247.342	989.368	989.368	0 21202.8 2448.85 	23651.7	6.24739	6.55445	6700	670	0.036683	0	2.04	1.02
601.8	0.0025525	0.000806617	16607.7	1050	105	14027.5	247.527	247.527	990.108	990.108	0 21201.8 2450.73 	23652.5	6.24746	6.55445	6700	670	0.036713	0	2.04	1.02
602	0.00255249	0.000806653	16608.5	1050	105	14026.4	247.712	247.712	990.848	990.848	0 21200.8 2452.62 	23653.4	6.24753	6.55445	6700	670	0.036743	0	2.04	1.02
602.2	0.00255248	0.000806689	16609.3	1050	105	14025.3	247.897	247.897	991.588	991.588	0 21199.8 2454.51 	23654.3	6.2476	6.55445	6700	670	0.0367731	0	2.04	1.02
602.4	0.00255247	0.000806725	16610.1	1050	105	14024.3	248.082	248.082	992.329	992.329	0 21198.8 2456.41 	23655.2	6.24767	6.55445	6700	670	0.0368032	0	2.04	1.02
602.6	0.00255246	0.00080676	16610.9	1050	105	14023.2	248.267	248.267	993.07	993.07	0 21197.7 2458.3 	23656	6.24774	6.55445	6700	670	0.0368333	0	2.04	1.02
602.8	0.00255245	0.000806796	16611.6	1050	105	14022.1	248.453	248.453	993.811	993.811	0 21196.7 2460.19 	23656.9	6.24781	6.55445	6700	670	0.0368634	0	2.04	1.02
603	0.00255244	0.000806832	16612.4	1050	105	14021	248.638	248.638	994.553	994.553	0 21195.7 2462.09 	23657.8	6.24788	6.55445	6700	670	0.0368935	0	2.04	1.02
603.2	0.00255243	0.000806868	16613.2	1050	105	14020	248.824	248.824	995.296	995.296	0 21194.7 2463.98 	23658.7	6.24795	6.55445	6700	670	0.0369237	0	2.04	1.02
603.4	0.00255242	0.000806903	16614	1050	105	14018.9	249.01	249.01	996.038	996.038	0 21193.7 2465.88 	23659.5	6.24802	6.55445	6700	670	0.0369538	0	2.04	1.02
603.6	0.00255241	0.000806939	16614.8	1050	105	14017.8	249.195	249.195	996.781	996.781	0 21192.6 2467.78 	23660.4	6.24809	6.55445	6700	670	0.036984	0	2.04	1.02
603.8	0.0025524	0.000806975	16615.6	1050	105	14016.8	249.381	249.381	997.525	997.525	0 21191.6 2469.68 	23661.3	6.24816	6.55445	6700	670	0.0370142	0	2.04	1.02
604	0.00255239	0.000807011	16616.3	1050	105	14015.7	249.567	249.567	998.268	998.268	0 21190.6 2471.58 	23662.2	6.24823	6.55445	6700	670	0.0370444	0	2.04	1.02
604.2	0.00255238	0.000807047	16617.1	1050	105	14014.6	249.753	249.753	999.012	999.012	0 21189.6 2473.48 	23663.1	6.2483	6.55445	6700	670	0.0370747	0	2.04	1.02
604.4	0.00255238	0.000807083	16617.9	1050	105	14013.5	249.939	249.939	999.757	999.757	0 21188.6 2475.38 	23663.9	6.24837	6.55445	6700	670	0.0371049	0	2.04	1.02
604.6	0.00255237	0.000807118	16618.7	1050	105	14012.5	250.125	250.125	1000.5	1000.5	0 21187.5 2477.28 	23664.8	6.24844	6.55445	6700	670	0.0371352	0	2.04	1.02
604.8	0.00255236	0.000807154	16619.5	1050	105	14011.4	250.312	250.312	1001.25	1001.25	0 21186.5 2479.18 	23665.7	6.24851	6.55445	6700	670	0.0371655	0	2.04	1.02
605	0.00255235	0.00080719	16620.3	1050	105	14010.3	250.498	250.498	1001.99	1001.99	0 21185.5 2481.09 	23666.6	6.24858	6.55445	6700	670	0.0371958	0	2.04	1.02
605.2	0.00255234	0.000807226	16621.1	1050	105	14009.2	250.685	250.685	1002.74	1002.74	0 21184.5 2482.99 	23667.5	6.24865	6.55445	6700	670	0.0372261	0	2.04	1.02
605.4	0.00255233	0.000807262	16621.9	1050	105	14008.1	250.871	250.871	1003.49	1003.49	0 21183.4 2484.9 	23668.3	6.24872	6.55445	6700	670	0.0372565	0	2.04	1.02
605.6	0.00255232	0.000807298	16622.6	1050	105	14007.1	251.058	251.058	1004.23	1004.23	0 21182.4 2486.81 	23669.2	6.24879	6.55445	6700	670	0.0372868	0	2.04	1.02
605.8	0.00255231	0.000807334	16623.4	1050	105	14006	251.245	251.245	1004.98	1004.98	0 21181.4 2488.71 	23670.1	6.24886	6.55445	6700	670	0.0373172	0	2.04	1.02
606	0.0025523	0.00080737	16624.2	1050	105	14004.9	251.432	251.432	1005.73	1005.73	0 21180.4 2490.62 	23671	6.24893	6.55445	6700	670	0.0373476	0	2.04	1.02
606.2	0.00255229	0.000807406	16625	1050	105	14003.8	251.619	251.619	1006.48	1006.48	0 21179.4 2492.53 	23671.9	6.24901	6.55445	6700	670	0.037378	0	2.04	1.02
606.4	0.00255228	0.000807442	16625.8	1050	105	14002.7	251.806	251.806	1007.22	1007.22	0 21178.3 2494.44 	23672.8	6.24908	6.55445	6700	670	0.0374084	0	2.04	1.02
606.6	0.00255227	0.000807478	16626.6	1050	105	14001.6	251.993	251.993	1007.97	1007.97	0 21177.3 2496.36 	23673.7	6.24915	6.55445	6700	670	0.0374389	0	2.04	1.02
606.8	0.00255226	0.000807514	16627.4	1050	105	14000.6	252.18	252.18	1008.72	1008.72	0 21176.3 2498.27 	23674.5	6.24922	6.55445	6700	670	0.0374693	0	2.04	1.02
607	0.00255225	0.00080755	16628.2	1050	105	13999.5	252.368	252.368	1009.47	1009.47	0 21175.3 2500.18 	23675.4	6.24929	6.55445	6700	670	0.0374998	0	2.04	1.02
607.2	0.00255224	0.000807586	16628.9	1050	105	13998.4	252.555	252.555	1010.22	1010.22	0 21174.2 2502.1 	23676.3	6.24936	6.55445	6700	670	0.0375303	0	2.04	1.02
607.4	0.00255223	0.000807622	16629.7	1050	105	13997.3	252.743	252.743	1010.97	1010.97	0 21173.2 2504.01 	23677.2	6.24943	6.55445	6700	670	0.0375608	0	2.04	1.02
607.6	0.00255222	0.000807658	16630.5	1050	105	13996.2	252.93	252.93	1011.72	1011.72	0 21172.2 2505.93 	23678.1	6.2495	6.55445	6700	670	0.0375914	0	2.04	1.02
607.8	0.00255221	0.000807694	16631.3	1050	105	13995.1	253.118	253.118	1012.47	1012.47	0 21171.1 2507.85 	23679	6.24957	6.55445	6700	670	0.0376219	0	2.04	1.02
608	0.0025522	0.00080773	16632.1	1050	105	13994	253.306	253.306	1013.22	1013.22	0 21170.1 2509.77 	23679.9	6.24964	6.55445	6700	670	0.0376525	0	2.04	1.02
608.2	0.00255219	0.000807767	16632.9	1050	105	13993	253.494	253.494	1013.98	1013.98	0 21169.1 2511.69 	23680.8	6.24972	6.55445	6700	670	0.0376831	0	2.04	1.02
608.4	0.00255218	0.000807803	16633.7	1050	105	13991.9	253.682	253.682	1014.73	1014.73	0 21168.1 2513.61 	23681.7	6.24979	6.55445	6700	670	0.0377137	0	2.04	1.02
608.6	0.00255217	0.000807839	16634.5	1050	105	13990.8	253.87	253.87	1015.48	1015.48	0 21167 2515.53 	23682.6	6.24986	6.55445	6700	670	0.0377443	0	2.04	1.02
608.8	0.00255216	0.000807875	16635.3	1050	105	13989.7	254.058	254.058	1016.23	1016.23	0 21166 2517.45 	23683.5	6.24993	6.55445	6700	670	0.037775	0	2.04	1.02
609	0.00255215	0.000807911	16636.1	1050	105	13988.6	254.247	254.247	1016.99	1016.99	0 21165 2519.37 	23684.4	6.25	6.55445	6700	670	0.0378056	0	2.04	1.02
609.2	0.00255214	0.000807948	16636.9	1050	105	13987.5	254.435	254.435	1017.74	1017.74	0 21163.9 2521.3 	23685.2	6.25007	6.55445	6700	670	0.0378363	0	2.04	1.02
609.4	0.00255213	0.000807984	16637.7	1050	105	13986.4	254.624	254.624	1018.49	1018.49	0 21162.9 2523.22 	23686.1	6.25014	6.55445	6700	670	0.037867	0	2.04	1.02
609.6	0.00255212	0.00080802	16638.4	1050	105	13985.3	254.812	254.812	1019.25	1019.25	0 21161.9 2525.15 	23687	6.25022	6.55445	6700	670	0.0378977	0	2.04	1.02
609.8	0.00255211	0.000808056	16639.2	1050	105	13984.2	255.001	255.001	1020	1020	0 21160.9 2527.07 	23687.9	6.25029	6.55445	6700	670	0.0379284	0	2.04	1.02
610	0.0025521	0.000808093	16640	1050	105	13983.1	255.19	255.19	1020.76	1020.76	0 21159.8 2529 	23688.8	6.25036	6.55445	6700	670	0.0379592	0	2.04	1.02
610.2	0.00255209	0.000808129	16640.8	1050	105	13982	255.379	255.379	1021.52	1021.52	0 21158.8 2530.93 	23689.7	6.25043	6.55445	6700	670	0.0379899	0	2.04	1.02
610.4	0.00255208	0.000808165	16641.6	1050	105	13980.9	255.568	255.568	1022.27	1022.27	0 21157.8 2532.86 	23690.6	6.2505	6.55445	6700	670	0.0380207	0	2.04	1.02
610.6	0.00255208	0.000808201	16642.4	1050	105	13979.8	255.757	255.757	1023.03	1023.03	0 21156.7 2534.79 	23691.5	6.25057	6.55445	6700	670	0.0380515	0	2.04	1.02
610.8	0.00255207	0.000808238	16643.2	1050	105	13978.8	255.946	255.946	1023.78	1023.78	0 21155.7 2536.72 	23692.4	6.25065	6.55445	6700	670	0.0380823	0	2.04	1.02
611	0.00255206	0.000808274	16644	1050	105	13977.7	256.135	256.135	1024.54	1024.54	0 21154.7 2538.66 	23693.3	6.25072	6.55445	6700	670	0.0381132	0	2.04	1.02
611.2	0.00255205	0.00080831	16644.8	1050	105	13976.6	256.325	256.325	1025.3	1025.3	0 21153.6 2540.59 	23694.2	6.25079	6.55445	6700	670	0.038144	0	2.04	1.02
611.4	0.00255204	0.000808347	16645.6	1050	105	13975.5	256.514	256.514	1026.06	1026.06	0 21152.6 2542.52 	23695.1	6.25086	6.55445	6700	670	0.0381749	0	2.04	1.02
611.6	0.00255203	0.000808383	16646.4	1050	105	13974.4	256.704	256.704	1026.82	1026.82	0 21151.6 2544.46 	23696	6.25093	6.55445	6700	670	0.0382058	0	2.04	1.02
611.8	0.00255202	0.00080842	16647.2	1050	105	13973.3	256.893	256.893	1027.57	1027.57	0 21150.5 2546.4 	23696.9	6.25101	6.55445	6700	670	0.0382367	0	2.04	1.02
612	0.00255201	0.000808456	16648	1050	105	13972.2	257.083	257.083	1028.33	1028.33	0 21149.5 2548.33 	23697.8	6.25108	6.55445	6700	670	0.0382676	0	2.04	1.02
612.2	0.002552	0.000808492	16648.8	1050	105	13971.1	257.273	257.273	1029.09	1029.09	0 21148.5 2550.27 	23698.7	6.25115	6.55445	6700	670	0.0382985	0	2.04	1.02
612.4	0.00255199	0.000808529	16649.6	1050	105	13970	257.463	257.463	1029.85	1029.85	0 21147.4 2552.21 	23699.6	6.25122	6.55445	6700	670	0.0383295	0	2.04	1.02
612.6	0.00255198	0.000808565	16650.4	1050	105	13968.9	257.653	257.653	1030.61	1030.61	0 21146.4 2554.15 	23700.6	6.2513	6.55445	6700	670	0.0383605	0	2.04	1.02
612.8	0.00255197	0.000808602	16651.2	1050	105	13967.7	257.843	257.843	1031.37	1031.37	0 21145.4 2556.09 	23701.5	6.25137	6.55445	6700	670	0.0383915	0	2.04	1.02
613	0.00255196	0.000808638	16652	1050	105	13966.6	258.033	258.033	1032.13	1032.13	0 21144.3 2558.03 	23702.4	6.25144	6.55445	6700	670	0.0384225	0	2.04	1.02
613.2	0.00255195	0.000808675	16652.8	1050	105	13965.5	258.224	258.224	1032.9	1032.9	0 21143.3 2559.98 	23703.3	6.25151	6.55445	6700	670	0.0384535	0	2.04	1.02
613.4	0.00255194	0.000808711	16653.6	1050	105	13964.4	258.414	258.414	1033.66	1033.66	0 21142.3 2561.92 	23704.2	6.25159	6.55445	6700	670	0.0384845	0	2.04	1.02
613.6	0.00255193	0.000808748	16654.4	1050	105	13963.3	258.605	258.605	1034.42	1034.42	0 21141.2 2563.86 	23705.1	6.25166	6.55445	6700	670	0.0385156	0	2.04	1.02
613.8	0.00255192	0.000808784	16655.2	1050	105	13962.2	258.795	258.795	1035.18	1035.18	0 21140.2 2565.81 	23706	6.25173	6.55445	6700	670	0.0385467	0	2.04	1.02
614	0.00255191	0.000808821	16656	1050	105	13961.1	258.986	258.986	1035.94	1035.94	0 21139.1 2567.76 	23706.9	6.2518	6.55445	6700	670	0.0385778	0	2.04	1.02
614.2	0.0025519	0.000808857	16656.8	1050	105	13960	259.177	259.177	1036.71	1036.71	0 21138.1 2569.7 	23707.8	6.25188	6.55445	6700	670	0.0386089	0	2.04	1.02
614.4	0.00255189	0.000808894	16657.6	1050	105	13958.9	259.368	259.368	1037.47	1037.47	0 21137.1 2571.65 	23708.7	6.25195	6.55445	6700	670	0.03864	0	2.04	1.02
614.6	0.00255188	0.000808931	16658.4	1050	105	13957.8	259.559	259.559	1038.23	1038.23	0 21136 2573.6 	23709.6	6.25202	6.55445	6700	670	0.0386712	0	2.04	1.02
614.8	0.00255187	0.000808967	16659.2	1050	105	13956.7	259.75	259.75	1039	1039	0 21135 2575.55 	23710.5	6.25209	6.55445	6700	670	0.0387023	0	2.04	1.02
615	0.00255186	0.000809004	16660	1050	105	13955.6	259.941	259.941	1039.76	1039.76	0 21134 2577.5 	23711.5	6.25217	6.55445	6700	670	0.0387335	0	2.04	1.02
615.2	0.00255185	0.000809041	16660.8	1050	105	13954.5	260.132	260.132	1040.53	1040.53	0 21132.9 2579.45 	23712.4	6.25224	6.55445	6700	670	0.0387647	0	2.04	1.02
615.4	0.00255184	0.000809077	16661.6	1050	105	13953.4	260.324	260.324	1041.29	1041.29	0 21131.9 2581.41 	23713.3	6.25231	6.55445	6700	670	0.0387959	0	2.04	1.02
615.6	0.00255183	0.000809114	16662.4	1050	105	13952.2	260.515	260.515	1042.06	1042.06	0 21130.8 2583.36 	23714.2	6.25239	6.55445	6700	670	0.0388272	0	2.04	1.02
615.8	0.00255182	0.000809151	16663.2	1050	105	13951.1	260.707	260.707	1042.83	1042.83	0 21129.8 2585.32 	23715.1	6.25246	6.55445	6700	670	0.0388584	0	2.04	1.02
616	0.00255181	0.000809187	16664	1050	105	13950	260.898	260.898	1043.59	1043.59	0 21128.8 2587.27 	23716	6.25253	6.55445	6700	670	0.0388897	0	2.04	1.02
616.2	0.0025518	0.000809224	16664.8	1050	105	13948.9	261.09	261.09	1044.36	1044.36	0 21127.7 2589.23 	23716.9	6.25261	6.55445	6700	670	0.038921	0	2.04	1.02
616.4	0.00255179	0.000809261	16665.6	1050	105	13947.8	261.282	261.282	1045.13	1045.13	0 21126.7 2591.19 	23717.9	6.25268	6.55445	6700	670	0.0389523	0	2.04	1.02
616.6	0.00255178	0.000809298	16666.4	1050	105	13946.7	261.474	261.474	1045.9	1045.9	0 21125.6 2593.14 	23718.8	6.25275	6.55445	6700	670	0.0389836	0	2.04	1.02
616.8	0.00255177	0.000809334	16667.2	1050	105	13945.6	261.666	261.666	1046.66	1046.66	0 21124.6 2595.1 	23719.7	6.25282	6.55445	6700	670	0.039015	0	2.04	1.02
617	0.00255176	0.000809371	16668	1050	105	13944.4	261.858	261.858	1047.43	1047.43	0 21123.5 2597.06 	23720.6	6.2529	6.55445	6700	670	0.0390463	0	2.04	1.02
617.2	0.00255175	0.000809408	16668.8	1050	105	13943.3	262.05	262.05	1048.2	1048.2	0 21122.5 2599.03 	23721.5	6.25297	6.55445	6700	670	0.0390777	0	2.04	1.02
617.4	0.00255174	0.000809445	16669.6	1050	105	13942.2	262.243	262.243	1048.97	1048.97	0 21121.5 2600.99 	23722.4	6.25304	6.55445	6700	670	0.0391091	0	2.04	1.02
617.6	0.00255173	0.000809481	16670.4	1050	105	13941.1	262.435	262.435	1049.74	1049.74	0 21120.4 2602.95 	23723.4	6.25312	6.55445	6700	670	0.0391405	0	2.04	1.02
617.8	0.00255172	0.000809518	16671.2	1050	105	13940	262.627	262.627	1050.51	1050.51	0 21119.4 2604.91 	23724.3	6.25319	6.55445	6700	670	0.0391719	0	2.04	1.02
618	0.00255171	0.000809555	16672	1050	105	13938.8	262.82	262.82	1051.28	1051.28	0 21118.3 2606.88 	23725.2	6.25327	6.55445	6700	670	0.0392034	0	2.04	1.02
618.2	0.0025517	0.000809592	16672.9	1050	105	13937.7	263.013	263.013	1052.05	1052.05	0 21117.3 2608.85 	23726.1	6.25334	6.55445	6700	670	0.0392348	0	2.04	1.02
618.4	0.00255169	0.000809629	16673.7	1050	105	13936.6	263.206	263.206	1052.82	1052.82	0 21116.2 2610.81 	23727	6.25341	6.55445	6700	670	0.0392663	0	2.04	1.02
618.6	0.00255168	0.000809666	16674.5	1050	105	13935.5	263.398	263.398	1053.59	1053.59	0 21115.2 2612.78 	23728	6.25349	6.55445	6700	670	0.0392978	0	2.04	1.02
618.8	0.00255167	0.000809703	16675.3	1050	105	13934.4	263.591	263.591	1054.37	1054.37	0 21114.1 2614.75 	23728.9	6.25356	6.55445	6700	670	0.0393293	0	2.04	1.02
619	0.00255166	0.00080974	16676.1	1050	105	13933.2	263.784	263.784	1055.14	1055.14	0 21113.1 2616.72 	23729.8	6.25363	6.55445	6700	670	0.0393608	0	2.04	1.02
619.2	0.00255165	0.000809777	16676.9	1050	105	13932.1	263.978	263.978	1055.91	1055.91	0 21112.1 2618.69 	23730.7	6.25371	6.55445	6700	670	0.0393924	0	2.04	1.02
619.4	0.00255164	0.000809814	16677.7	1050	105	13931	264.171	264.171	1056.68	1056.68	0 21111 2620.66 	23731.7	6.25378	6.55445	6700	670	0.0394239	0	2.04	1.02
619.6	0.00255163	0.00080985	16678.5	1050	105	13929.9	264.364	264.364	1057.46	1057.46	0 21110 2622.63 	23732.6	6.25386	6.55445	6700	670	0.0394555	0	2.04	1.02
619.8	0.00255162	0.000809887	16679.3	1050	105	13928.7	264.558	264.558	1058.23	1058.23	0 21108.9 2624.6 	23733.5	6.25393	6.55445	6700	670	0.0394871	0	2.04	1.02
620	0.00255161	0.000809924	16680.1	1050	105	13927.6	264.751	264.751	1059	1059	0 21107.9 2626.58 	23734.4	6.254	6.55445	6700	670	0.0395187	0	2.04	1.02
620.2	0.0025516	0.000809961	16680.9	1050	105	13926.5	264.945	264.945	1059.78	1059.78	0 21106.8 2628.55 	23735.4	6.25408	6.55445	6700	670	0.0395504	0	2.04	1.02
620.4	0.00255159	0.000809998	16681.7	1050	105	13925.4	265.139	265.139	1060.55	1060.55	0 21105.8 2630.53 	23736.3	6.25415	6.55445	6700	670	0.039582	0	2.04	1.02
620.6	0.00255158	0.000810036	16682.6	1050	105	13924.2	265.332	265.332	1061.33	1061.33	0 21104.7 2632.51 	23737.2	6.25423	6.55445	6700	670	0.0396137	0	2.04	1.02
620.8	0.00255157	0.000810073	16683.4	1050	105	13923.1	265.526	265.526	1062.11	1062.11	0 21103.7 2634.48 	23738.2	6.2543	6.55445	6700	670	0.0396454	0	2.04	1.02
621	0.00255156	0.00081011	16684.2	1050	105	13922	265.72	265.72	1062.88	1062.88	0 21102.6 2636.46 	23739.1	6.25437	6.55445	6700	670	0.0396771	0	2.04	1.02
621.2	0.00255155	0.000810147	16685	1050	105	13920.8	265.914	265.914	1063.66	1063.66	0 21101.6 2638.44 	23740	6.25445	6.55445	6700	670	0.0397088	0	2.04	1.02
621.4	0.00255154	0.000810184	16685.8	1050	105	13919.7	266.109	266.109	1064.43	1064.43	0 21100.5 2640.42 	23740.9	6.25452	6.55445	6700	670	0.0397405	0	2.04	1.02
621.6	0.00255153	0.000810221	16686.6	1050	105	13918.6	266.303	266.303	1065.21	1065.21	0 21099.5 2642.4 	23741.9	6.2546	6.55445	6700	670	0.0397723	0	2.04	1.02
621.8	0.00255152	0.000810258	16687.4	1050	105	13917.5	266.497	266.497	1065.99	1065.99	0 21098.4 2644.38 	23742.8	6.25467	6.55445	6700	670	0.0398041	0	2.04	1.02
622	0.00255151	0.000810295	16688.2	1050	105	13916.3	266.692	266.692	1066.77	1066.77	0 21097.4 2646.37 	23743.7	6.25475	6.55445	6700	670	0.0398358	0	2.04	1.02
622.2	0.0025515	0.000810332	16689.1	1050	105	13915.2	266.886	266.886	1067.55	1067.55	0 21096.3 2648.35 	23744.7	6.25482	6.55445	6700	670	0.0398676	0	2.04	1.02
622.4	0.00255149	0.00081037	16689.9	1050	105	13914.1	267.081	267.081	1068.32	1068.32	0 21095.3 2650.34 	23745.6	6.2549	6.55445	6700	670	0.0398995	0	2.04	1.02
622.6	0.00255148	0.000810407	16690.7	1050	105	13912.9	267.276	267.276	1069.1	1069.1	0 21094.2 2652.32 	23746.5	6.25497	6.55445	6700	670	0.0399313	0	2.04	1.02
622.8	0.00255147	0.000810444	16691.5	1050	105	13911.8	267.471	267.471	1069.88	1069.88	0 21093.2 2654.31 	23747.5	6.25504	6.55445	6700	670	0.0399632	0	2.04	1.02
623	0.00255146	0.000810481	16692.3	1050	105	13910.7	267.666	267.666	1070.66	1070.66	0 21092.1 2656.3 	23748.4	6.25512	6.55445	6700	670	0.039995	0	2.04	1.02
623.2	0.00255145	0.000810518	16693.1	1050	105	13909.5	267.861	267.861	1071.44	1071.44	0 21091.1 2658.28 	23749.3	6.25519	6.55445	6700	670	0.0400269	0	2.04	1.02
623.4	0.00255144	0.000810556	16693.9	1050	105	13908.4	268.056	268.056	1072.22	1072.22	0 21090 2660.27 	23750.3	6.25527	6.55445	6700	670	0.0400588	0	2.04	1.02
623.6	0.00255143	0.000810593	16694.8	1050	105	13907.2	268.251	268.251	1073	1073	0 21089 2662.26 	23751.2	6.25534	6.55445	6700	670	0.0400908	0	2.04	1.02
623.8	0.00255142	0.00081063	16695.6	1050	105	13906.1	268.446	268.446	1073.79	1073.79	0 21087.9 2664.25 	23752.2	6.25542	6.55445	6700	670	0.0401227	0	2.04	1.02
624	0.00255141	0.000810667	16696.4	1050	105	13905	268.642	268.642	1074.57	1074.57	0 21086.8 2666.25 	23753.1	6.25549	6.55445	6700	670	0.0401547	0	2.04	1.02
624.2	0.0025514	0.000810705	16697.2	1050	105	13903.8	268.837	268.837	1075.35	1075.35	0 21085.8 2668.24 	23754	6.25557	6.55445	6700	670	0.0401866	0	2.04	1.02
624.4	0.00255139	0.000810742	16698	1050	105	13902.7	269.033	269.033	1076.13	1076.13	0 21084.7 2670.23 	23755	6.25564	6.55445	6700	670	0.0402186	0	2.04	1.02
624.6	0.00255138	0.000810779	16698.8	1050	105	13901.5	269.228	269.228	1076.91	1076.91	0 21083.7 2672.23 	23755.9	6.25572	6.55445	6700	670	0.0402506	0	2.04	1.02
624.8	0.00255137	0.000810817	16699.6	1050	105	13900.4	269.424	269.424	1077.7	1077.7	0 21082.6 2674.22 	23756.9	6.25579	6.55445	6700	670	0.0402827	0	2.04	1.02
625	0.00255135	0.000810854	16700.5	1050	105	13899.3	269.62	269.62	1078.48	1078.48	0 21081.6 2676.22 	23757.8	6.25587	6.55445	6700	670	0.0403147	0	2.04	1.02
625.2	0.00255134	0.000810891	16701.3	1050	105	13898.1	269.816	269.816	1079.26	1079.26	0 21080.5 2678.22 	23758.7	6.25594	6.55445	6700	670	0.0403468	0	2.04	1.02
625.4	0.00255133	0.000810929	16702.1	1050	105	13897	270.012	270.012	1080.05	1080.05	0 21079.5 2680.21 	23759.7	6.25602	6.55445	6700	670	0.0403789	0	2.04	1.02
625.6	0.00255132	0.000810966	16702.9	1050	105	13895.8	270.208	270.208	1080.83	1080.83	0 21078.4 2682.21 	23760.6	6.25609	6.55445	6700	670	0.040411	0	2.04	1.02
625.8	0.00255131	0.000811004	16703.7	1050	105	13894.7	270.405	270.405	1081.62	1081.62	0 21077.3 2684.21 	23761.6	6.25617	6.55445	6700	670	0.0404431	0	2.04	1.02
626	0.0025513	0.000811041	16704.6	1050	105	13893.5	270.601	270.601	1082.4	1082.4	0 21076.3 2686.21 	23762.5	6.25624	6.55445	6700	670	0.0404752	0	2.04	1.02
626.2	0.00255129	0.000811079	16705.4	1050	105	13892.4	270.797	270.797	1083.19	1083.19	0 21075.2 2688.22 	23763.4	6.25632	6.55445	6700	670	0.0405073	0	2.04	1.02
626.4	0.00255128	0.000811116	16706.2	1050	105	13891.3	270.994	270.994	1083.98	1083.98	0 21074.2 2690.22 	23764.4	6.2564	6.55445	6700	670	0.0405395	0	2.04	1.02
626.6	0.00255127	0.000811154	16707	1050	105	13890.1	271.19	271.19	1084.76	1084.76	0 21073.1 2692.22 	23765.3	6.25647	6.55445	6700	670	0.0405717	0	2.04	1.02
626.8	0.00255126	0.000811191	16707.8	1050	105	13889	271.387	271.387	1085.55	1085.55	0 21072.1 2694.23 	23766.3	6.25655	6.55445	6700	670	0.0406039	0	2.04	1.02
627	0.00255125	0.000811228	16708.7	1050	105	13887.8	271.584	271.584	1086.34	1086.34	0 21071 2696.23 	23767.2	6.25662	6.55445	6700	670	0.0406361	0	2.04	1.02
627.2	0.00255124	0.000811266	16709.5	1050	105	13886.7	271.781	271.781	1087.12	1087.12	0 21069.9 2698.24 	23768.2	6.2567	6.55445	6700	670	0.0406683	0	2.04	1.02
627.4	0.00255123	0.000811304	16710.3	1050	105	13885.5	271.978	271.978	1087.91	1087.91	0 21068.9 2700.25 	23769.1	6.25677	6.55445	6700	670	0.0407006	0	2.04	1.02
627.6	0.00255122	0.000811341	16711.1	1050	105	13884.4	272.175	272.175	1088.7	1088.7	0 21067.8 2702.25 	23770.1	6.25685	6.55445	6700	670	0.0407329	0	2.04	1.02
627.8	0.00255121	0.000811379	16711.9	1050	105	13883.2	272.372	272.372	1089.49	1089.49	0 21066.8 2704.26 	23771	6.25693	6.55445	6700	670	0.0407651	0	2.04	1.02
628	0.0025512	0.000811416	16712.8	1050	105	13882.1	272.569	272.569	1090.28	1090.28	0 21065.7 2706.27 	23772	6.257	6.55445	6700	670	0.0407974	0	2.04	1.02
628.2	0.00255119	0.000811454	16713.6	1050	105	13880.9	272.767	272.767	1091.07	1091.07	0 21064.6 2708.28 	23772.9	6.25708	6.55445	6700	670	0.0408298	0	2.04	1.02
628.4	0.00255118	0.000811491	16714.4	1050	105	13879.8	272.964	272.964	1091.86	1091.86	0 21063.6 2710.29 	23773.9	6.25715	6.55445	6700	670	0.0408621	0	2.04	1.02
628.6	0.00255117	0.000811529	16715.2	1050	105	13878.6	273.162	273.162	1092.65	1092.65	0 21062.5 2712.31 	23774.8	6.25723	6.55445	6700	670	0.0408944	0	2.04	1.02
628.8	0.00255116	0.000811567	16716.1	1050	105	13877.5	273.359	273.359	1093.44	1093.44	0 21061.4 2714.32 	23775.8	6.2573	6.55445	6700	670	0.0409268	0	2.04	1.02
629	0.00255115	0.000811604	16716.9	1050	105	13876.3	273.557	273.557	1094.23	1094.23	0 21060.4 2716.33 	23776.7	6.25738	6.55445	6700	670	0.0409592	0	2.04	1.02
629.2	0.00255114	0.000811642	16717.7	1050	105	13875.2	273.755	273.755	1095.02	1095.02	0 21059.3 2718.35 	23777.7	6.25746	6.55445	6700	670	0.0409916	0	2.04	1.02
629.4	0.00255113	0.00081168	16718.5	1050	105	13874	273.953	273.953	1095.81	1095.81	0 21058.3 2720.36 	23778.6	6.25753	6.55445	6700	670	0.041024	0	2.04	1.02
629.6	0.00255112	0.000811717	16719.3	1050	105	13872.8	274.151	274.151	1096.6	1096.6	0 21057.2 2722.38 	23779.6	6.25761	6.55445	6700	670	0.0410565	0	2.04	1.02
629.8	0.00255111	0.000811755	16720.2	1050	105	13871.7	274.349	274.349	1097.4	1097.4	0 21056.1 2724.4 	23780.5	6.25769	6.55445	6700	670	0.0410889	0	2.04	1.02
630	0.0025511	0.000811793	16721	1050	105	13870.5	274.547	274.547	1098.19	1098.19	0 21055.1 2726.42 	23781.5	6.25776	6.55445	6700	670	0.0411214	0	2.04	1.02
630.2	0.00255109	0.000811831	16721.8	1050	105	13869.4	274.745	274.745	1098.98	1098.98	0 21054 2728.44 	23782.4	6.25784	6.55445	6700	670	0.0411539	0	2.04	1.02
630.4	0.00255108	0.000811868	16722.6	1050	105	13868.2	274.944	274.944	1099.78	1099.78	0 21052.9 2730.46 	23783.4	6.25791	6.55445	6700	670	0.0411864	0	2.04	1.02
630.6	0.00255107	0.000811906	16723.5	1050	105	13867.1	275.142	275.142	1100.57	1100.57	0 21051.9 2732.48 	23784.4	6.25799	6.55445	6700	670	0.0412189	0	2.04	1.02
630.8	0.00255106	0.000811944	16724.3	1050	105	13865.9	275.341	275.341	1101.36	1101.36	0 21050.8 2734.5 	23785.3	6.25807	6.55445	6700	670	0.0412514	0	2.04	1.02
631	0.00255105	0.000811982	16725.1	1050	105	13864.7	275.539	275.539	1102.16	1102.16	0 21049.7 2736.52 	23786.3	6.25814	6.55445	6700	670	0.041284	0	2.04	1.02
631.2	0.00255104	0.000812019	16726	1050	105	13863.6	275.738	275.738	1102.95	1102.95	0 21048.7 2738.54 	23787.2	6.25822	6.55445	6700	670	0.0413166	0	2.04	1.02
631.4	0.00255103	0.000812057	16726.8	1050	105	13862.4	275.937	275.937	1103.75	1103.75	0 21047.6 2740.57 	23788.2	6.2583	6.55445	6700	670	0.0413491	0	2.04	1.02
631.6	0.00255101	0.000812095	16727.6	1050	105	13861.3	276.136	276.136	1104.54	1104.54	0 21046.5 2742.59 	23789.1	6.25837	6.55445	6700	670	0.0413817	0	2.04	1.02
631.8	0.002551	0.000812133	16728.4	1050	105	13860.1	276.335	276.335	1105.34	1105.34	0 21045.5 2744.62 	23790.1	6.25845	6.55445	6700	670	0.0414144	0	2.04	1.02
632	0.00255099	0.000812171	16729.3	1050	105	13858.9	276.534	276.534	1106.14	1106.14	0 21044.4 2746.65 	23791.1	6.25853	6.55445	6700	670	0.041447	0	2.04	1.02
632.2	0.00255098	0.000812209	16730.1	1050	105	13857.8	276.733	276.733	1106.93	1106.93	0 21043.3 2748.68 	23792	6.2586	6.55445	6700	670	0.0414797	0	2.04	1.02
632.4	0.00255097	0.000812247	16730.9	1050	105	13856.6	276.933	276.933	1107.73	1107.73	0 21042.3 2750.7 	23793	6.25868	6.55445	6700	670	0.0415123	0	2.04	1.02
632.6	0.00255096	0.000812285	16731.8	1050	105	13855.4	277.132	277.132	1108.53	1108.53	0 21041.2 2752.73 	23793.9	6.25876	6.55445	6700	670	0.041545	0	2.04	1.02
632.8	0.00255095	0.000812322	16732.6	1050	105	13854.3	277.331	277.331	1109.33	1109.33	0 21040.1 2754.76 	23794.9	6.25883	6.55445	6700	670	0.0415777	0	2.04	1.02
633	0.00255094	0.00081236	16733.4	1050	105	13853.1	277.531	277.531	1110.12	1110.12	0 21039.1 2756.8 	23795.9	6.25891	6.55445	6700	670	0.0416105	0	2.04	1.02
633.2	0.00255093	0.000812398	16734.2	1050	105	13851.9	277.731	277.731	1110.92	1110.92	0 21038 2758.83 	23796.8	6.25899	6.55445	6700	670	0.0416432	0	2.04	1.02
633.4	0.00255092	0.000812436	16735.1	1050	105	13850.8	277.93	277.93	1111.72	1111.72	0 21036.9 2760.86 	23797.8	6.25906	6.55445	6700	670	0.0416759	0	2.04	1.02
633.6	0.00255091	0.000812474	16735.9	1050	105	13849.6	278.13	278.13	1112.52	1112.52	0 21035.9 2762.9 	23798.8	6.25914	6.55445	6700	670	0.0417087	0	2.04	1.02
633.8	0.0025509	0.000812512	16736.7	1050	105	13848.4	278.33	278.33	1113.32	1113.32	0 21034.8 2764.93 	23799.7	6.25922	6.55445	6700	670	0.0417415	0	2.04	1.02
634	0.00255089	0.00081255	16737.6	1050	105	13847.3	278.53	278.53	1114.12	1114.12	0 21033.7 2766.97 	23800.7	6.2593	6.55445	6700	670	0.0417743	0	2.04	1.02
634.2	0.00255088	0.000812588	16738.4	1050	105	13846.1	278.73	278.73	1114.92	1114.92	0 21032.7 2769 	23801.7	6.25937	6.55445	6700	670	0.0418071	0	2.04	1.02
634.4	0.00255087	0.000812626	16739.2	1050	105	13844.9	278.931	278.931	1115.72	1115.72	0 21031.6 2771.04 	23802.6	6.25945	6.55445	6700	670	0.04184	0	2.04	1.02
634.6	0.00255086	0.000812664	16740.1	1050	105	13843.8	279.131	279.131	1116.52	1116.52	0 21030.5 2773.08 	23803.6	6.25953	6.55445	6700	670	0.0418728	0	2.04	1.02
634.8	0.00255085	0.000812702	16740.9	1050	105	13842.6	279.331	279.331	1117.33	1117.33	0 21029.4 2775.12 	23804.6	6.2596	6.55445	6700	670	0.0419057	0	2.04	1.02
635	0.00255084	0.000812741	16741.7	1050	105	13841.4	279.532	279.532	1118.13	1118.13	0 21028.4 2777.16 	23805.5	6.25968	6.55445	6700	670	0.0419386	0	2.04	1.02
635.2	0.00255083	0.000812779	16742.6	1050	105	13840.2	279.732	279.732	1118.93	1118.93	0 21027.3 2779.2 	23806.5	6.25976	6.55445	6700	670	0.0419715	0	2.04	1.02
635.4	0.00255082	0.000812817	16743.4	1050	105	13839.1	279.933	279.933	1119.73	1119.73	0 21026.2 2781.24 	23807.5	6.25984	6.55445	6700	670	0.0420044	0	2.04	1.02
635.6	0.00255081	0.000812855	16744.2	1050	105	13837.9	280.134	280.134	1120.54	1120.54	0 21025.1 2783.28 	23808.4	6.25991	6.55445	6700	670	0.0420374	0	2.04	1.02
635.8	0.00255079	0.000812893	16745.1	1050	105	13836.7	280.335	280.335	1121.34	1121.34	0 21024.1 2785.33 	23809.4	6.25999	6.55445	6700	670	0.0420703	0	2.04	1.02
636	0.00255078	0.000812931	16745.9	1050	105	13835.5	280.536	280.536	1122.14	1122.14	0 21023 2787.37 	23810.4	6.26007	6.55445	6700	670	0.0421033	0	2.04	1.02
636.2	0.00255077	0.000812969	16746.7	1050	105	13834.4	280.737	280.737	1122.95	1122.95	0 21021.9 2789.41 	23811.3	6.26015	6.55445	6700	670	0.0421363	0	2.04	1.02
636.4	0.00255076	0.000813008	16747.6	1050	105	13833.2	280.938	280.938	1123.75	1123.75	0 21020.9 2791.46 	23812.3	6.26022	6.55445	6700	670	0.0421693	0	2.04	1.02
636.6	0.00255075	0.000813046	16748.4	1050	105	13832	281.139	281.139	1124.56	1124.56	0 21019.8 2793.51 	23813.3	6.2603	6.55445	6700	670	0.0422023	0	2.04	1.02
636.8	0.00255074	0.000813084	16749.2	1050	105	13830.8	281.34	281.34	1125.36	1125.36	0 21018.7 2795.55 	23814.3	6.26038	6.55445	6700	670	0.0422354	0	2.04	1.02
637	0.00255073	0.000813122	16750.1	1050	105	13829.7	281.542	281.542	1126.17	1126.17	0 21017.6 2797.6 	23815.2	6.26046	6.55445	6700	670	0.0422684	0	2.04	1.02
637.2	0.00255072	0.00081316	16750.9	1050	105	13828.5	281.743	281.743	1126.97	1126.97	0 21016.6 2799.65 	23816.2	6.26053	6.55445	6700	670	0.0423015	0	2.04	1.02
637.4	0.00255071	0.000813199	16751.7	1050	105	13827.3	281.945	281.945	1127.78	1127.78	0 21015.5 2801.7 	23817.2	6.26061	6.55445	6700	670	0.0423346	0	2.04	1.02
637.6	0.0025507	0.000813237	16752.6	1050	105	13826.1	282.146	282.146	1128.59	1128.59	0 21014.4 2803.75 	23818.2	6.26069	6.55445	6700	670	0.0423677	0	2.04	1.02
637.8	0.00255069	0.000813275	16753.4	1050	105	13824.9	282.348	282.348	1129.39	1129.39	0 21013.3 2805.81 	23819.1	6.26077	6.55445	6700	670	0.0424008	0	2.04	1.02
638	0.00255068	0.000813314	16754.3	1050	105	13823.8	282.55	282.55	1130.2	1130.2	0 21012.2 2807.86 	23820.1	6.26085	6.55445	6700	670	0.042434	0	2.04	1.02
638.2	0.00255067	0.000813352	16755.1	1050	105	13822.6	282.752	282.752	1131.01	1131.01	0 21011.2 2809.91 	23821.1	6.26092	6.55445	6700	670	0.0424671	0	2.04	1.02
638.4	0.00255066	0.00081339	16755.9	1050	105	13821.4	282.954	282.954	1131.82	1131.82	0 21010.1 2811.97 	23822.1	6.261	6.55445	6700	670	0.0425003	0	2.04	1.02
638.6	0.00255065	0.000813429	16756.8	1050	105	13820.2	283.156	283.156	1132.62	1132.62	0 21009 2814.02 	23823	6.26108	6.55445	6700	670	0.0425335	0	2.04	1.02
638.8	0.00255064	0.000813467	16757.6	1050	105	13819	283.358	283.358	1133.43	1133.43	0 21007.9 2816.08 	23824	6.26116	6.55445	6700	670	0.0425667	0	2.04	1.02
639	0.00255063	0.000813505	16758.4	1050	105	13817.8	283.561	283.561	1134.24	1134.24	0 21006.9 2818.13 	23825	6.26124	6.55445	6700	670	0.0425999	0	2.04	1.02
639.2	0.00255062	0.000813544	16759.3	1050	105	13816.7	283.763	283.763	1135.05	1135.05	0 21005.8 2820.19 	23826	6.26131	6.55445	6700	670	0.0426332	0	2.04	1.02
639.4	0.0025506	0.000813582	16760.1	1050	105	13815.5	283.965	283.965	1135.86	1135.86	0 21004.7 2822.25 	23827	6.26139	6.55445	6700	670	0.0426664	0	2.04	1.02
639.6	0.00255059	0.00081362	16761	1050	105	13814.3	284.168	284.168	1136.67	1136.67	0 21003.6 2824.31 	23827.9	6.26147	6.55445	6700	670	0.0426997	0	2.04	1.02
639.8	0.00255058	0.000813659	16761.8	1050	105	13813.1	284.371	284.371	1137.48	1137.48	0 21002.5 2826.37 	23828.9	6.26155	6.55445	6700	670	0.042733	0	2.04	1.02
640	0.00255057	0.000813697	16762.6	1050	105	13811.9	284.573	284.573	1138.29	1138.29	0 21001.5 2828.43 	23829.9	6.26163	6.55445	6700	670	0.0427663	0	2.04	1.02
640.2	0.00255056	0.000813736	16763.5	1050	105	13810.7	284.776	284.776	1139.11	1139.11	0 21000.4 2830.49 	23830.9	6.26171	6.55445	6700	670	0.0427996	0	2.04	1.02
640.4	0.00255055	0.000813774	16764.3	1050	105	13809.5	284.979	284.979	1139.92	1139.92	0 20999.3 2832.56 	23831.9	6.26178	6.55445	6700	670	0.0428329	0	2.04	1.02
640.6	0.00255054	0.000813813	16765.2	1050	105	13808.3	285.182	285.182	1140.73	1140.73	0 20998.2 2834.62 	23832.8	6.26186	6.55445	6700	670	0.0428663	0	2.04	1.02
640.8	0.00255053	0.000813851	16766	1050	105	13807.2	285.385	285.385	1141.54	1141.54	0 20997.1 2836.68 	23833.8	6.26194	6.55445	6700	670	0.0428997	0	2.04	1.02
641	0.00255052	0.00081389	16766.9	1050	105	13806	285.589	285.589	1142.35	1142.35	0 20996.1 2838.75 	23834.8	6.26202	6.55445	6700	670	0.0429331	0	2.04	1.02
641.2	0.00255051	0.000813928	16767.7	1050	105	13804.8	285.792	285.792	1143.17	1143.17	0 20995 2840.81 	23835.8	6.2621	6.55445	6700	670	0.0429665	0	2.04	1.02
641.4	0.0025505	0.000813967	16768.5	1050	105	13803.6	285.995	285.995	1143.98	1143.98	0 20993.9 2842.88 	23836.8	6.26218	6.55445	6700	670	0.0429999	0	2.04	1.02
641.6	0.00255049	0.000814005	16769.4	1050	105	13802.4	286.199	286.199	1144.79	1144.79	0 20992.8 2844.95 	23837.8	6.26226	6.55445	6700	670	0.0430333	0	2.04	1.02
641.8	0.00255048	0.000814044	16770.2	1050	105	13801.2	286.402	286.402	1145.61	1145.61	0 20991.7 2847.02 	23838.7	6.26233	6.55445	6700	670	0.0430668	0	2.04	1.02
642	0.00255047	0.000814083	16771.1	1050	105	13800	286.606	286.606	1146.42	1146.42	0 20990.6 2849.09 	23839.7	6.26241	6.55445	6700	670	0.0431003	0	2.04	1.02
642.2	0.00255046	0.000814121	16771.9	1050	105	13798.8	286.81	286.81	1147.24	1147.24	0 20989.6 2851.16 	23840.7	6.26249	6.55445	6700	670	0.0431337	0	2.04	1.02
642.4	0.00255044	0.00081416	16772.8	1050	105	13797.6	287.014	287.014	1148.05	1148.05	0 20988.5 2853.23 	23841.7	6.26257	6.55445	6700	670	0.0431672	0	2.04	1.02
642.6	0.00255043	0.000814198	16773.6	1050	105	13796.4	287.217	287.217	1148.87	1148.87	0 20987.4 2855.3 	23842.7	6.26265	6.55445	6700	670	0.0432008	0	2.04	1.02
642.8	0.00255042	0.000814237	16774.4	1050	105	13795.2	287.421	287.421	1149.69	1149.69	0 20986.3 2857.37 	23843.7	6.26273	6.55445	6700	670	0.0432343	0	2.04	1.02
643	0.00255041	0.000814276	16775.3	1050	105	13794	287.626	287.626	1150.5	1150.5	0 20985.2 2859.45 	23844.7	6.26281	6.55445	6700	670	0.0432679	0	2.04	1.02
643.2	0.0025504	0.000814314	16776.1	1050	105	13792.8	287.83	287.83	1151.32	1151.32	0 20984.1 2861.52 	23845.7	6.26289	6.55445	6700	670	0.0433014	0	2.04	1.02
643.4	0.00255039	0.000814353	16777	1050	105	13791.6	288.034	288.034	1152.14	1152.14	0 20983.1 2863.6 	23846.7	6.26297	6.55445	6700	670	0.043335	0	2.04	1.02
643.6	0.00255038	0.000814392	16777.8	1050	105	13790.4	288.238	288.238	1152.95	1152.95	0 20982 2865.67 	23847.6	6.26305	6.55445	6700	670	0.0433686	0	2.04	1.02
643.8	0.00255037	0.00081443	16778.7	1050	105	13789.2	288.443	288.443	1153.77	1153.77	0 20980.9 2867.75 	23848.6	6.26312	6.55445	6700	670	0.0434022	0	2.04	1.02
644	0.00255036	0.000814469	16779.5	1050	105	13788.1	288.647	288.647	1154.59	1154.59	0 20979.8 2869.83 	23849.6	6.2632	6.55445	6700	670	0.0434359	0	2.04	1.02
644.2	0.00255035	0.000814508	16780.4	1050	105	13786.9	288.852	288.852	1155.41	1155.41	0 20978.7 2871.9 	23850.6	6.26328	6.55445	6700	670	0.0434695	0	2.04	1.02
644.4	0.00255034	0.000814547	16781.2	1050	105	13785.7	289.057	289.057	1156.23	1156.23	0 20977.6 2873.98 	23851.6	6.26336	6.55445	6700	670	0.0435032	0	2.04	1.02
644.6	0.00255033	0.000814585	16782.1	1050	105	13784.5	289.262	289.262	1157.05	1157.05	0 20976.5 2876.06 	23852.6	6.26344	6.55445	6700	670	0.0435369	0	2.04	1.02
644.8	0.00255032	0.000814624	16782.9	1050	105	13783.2	289.467	289.467	1157.87	1157.87	0 20975.5 2878.14 	23853.6	6.26352	6.55445	6700	670	0.0435706	0	2.04	1.02
645	0.0025503	0.000814663	16783.8	1050	105	13782	289.672	289.672	1158.69	1158.69	0 20974.4 2880.23 	23854.6	6.2636	6.55445	6700	670	0.0436043	0	2.04	1.02
645.2	0.00255029	0.000814702	16784.6	1050	105	13780.8	289.877	289.877	1159.51	1159.51	0 20973.3 2882.31 	23855.6	6.26368	6.55445	6700	670	0.043638	0	2.04	1.02
645.4	0.00255028	0.000814741	16785.5	1050	105	13779.6	290.082	290.082	1160.33	1160.33	0 20972.2 2884.39 	23856.6	6.26376	6.55445	6700	670	0.0436718	0	2.04	1.02
645.6	0.00255027	0.00081478	16786.3	1050	105	13778.4	290.287	290.287	1161.15	1161.15	0 20971.1 2886.48 	23857.6	6.26384	6.55445	6700	670	0.0437055	0	2.04	1.02
645.8	0.00255026	0.000814818	16787.2	1050	105	13777.2	290.492	290.492	1161.97	1161.97	0 20970 2888.56 	23858.6	6.26392	6.55445	6700	670	0.0437393	0	2.04	1.02
646	0.00255025	0.000814857	16788	1050	105	13776	290.698	290.698	1162.79	1162.79	0 20968.9 2890.65 	23859.6	6.264	6.55445	6700	670	0.0437731	0	2.04	1.02
646.2	0.00255024	0.000814896	16788.9	1050	105	13774.8	290.903	290.903	1163.61	1163.61	0 20967.8 2892.73 	23860.6	6.26408	6.55445	6700	670	0.0438069	0	2.04	1.02
646.4	0.00255023	0.000814935	16789.7	1050	105	13773.6	291.109	291.109	1164.44	1164.44	0 20966.7 2894.82 	23861.6	6.26416	6.55445	6700	670	0.0438408	0	2.04	1.02
646.6	0.00255022	0.000814974	16790.6	1050	105	13772.4	291.315	291.315	1165.26	1165.26	0 20965.7 2896.91 	23862.6	6.26424	6.55445	6700	670	0.0438746	0	2.04	1.02
646.8	0.00255021	0.000815013	16791.4	1050	105	13771.2	291.521	291.521	1166.08	1166.08	0 20964.6 2899 	23863.6	6.26432	6.55445	6700	670	0.0439085	0	2.04	1.02
647	0.0025502	0.000815052	16792.3	1050	105	13770	291.726	291.726	1166.91	1166.91	0 20963.5 2901.09 	23864.6	6.2644	6.55445	6700	670	0.0439424	0	2.04	1.02
647.2	0.00255019	0.000815091	16793.1	1050	105	13768.8	291.932	291.932	1167.73	1167.73	0 20962.4 2903.18 	23865.6	6.26448	6.55445	6700	670	0.0439763	0	2.04	1.02
647.4	0.00255018	0.00081513	16794	1050	105	13767.6	292.138	292.138	1168.55	1168.55	0 20961.3 2905.27 	23866.6	6.26456	6.55445	6700	670	0.0440102	0	2.04	1.02
647.6	0.00255016	0.000815169	16794.8	1050	105	13766.4	292.345	292.345	1169.38	1169.38	0 20960.2 2907.36 	23867.6	6.26464	6.55445	6700	670	0.0440441	0	2.04	1.02
647.8	0.00255015	0.000815208	16795.7	1050	105	13765.2	292.551	292.551	1170.2	1170.2	0 20959.1 2909.45 	23868.6	6.26472	6.55445	6700	670	0.044078	0	2.04	1.02
648	0.00255014	0.000815247	16796.5	1050	105	13764	292.757	292.757	1171.03	1171.03	0 20958 2911.55 	23869.6	6.2648	6.55445	6700	670	0.044112	0	2.04	1.02
648.2	0.00255013	0.000815286	16797.4	1050	105	13762.7	292.964	292.964	1171.85	1171.85	0 20956.9 2913.64 	23870.6	6.26488	6.55445	6700	670	0.044146	0	2.04	1.02
648.4	0.00255012	0.000815325	16798.2	1050	105	13761.5	293.17	293.17	1172.68	1172.68	0 20955.8 2915.74 	23871.6	6.26496	6.55445	6700	670	0.04418	0	2.04	1.02
648.6	0.00255011	0.000815364	16799.1	1050	105	13760.3	293.377	293.377	1173.51	1173.51	0 20954.7 2917.83 	23872.6	6.26504	6.55445	6700	670	0.044214	0	2.04	1.02
648.8	0.0025501	0.000815403	16799.9	1050	105	13759.1	293.583	293.583	1174.33	1174.33	0 20953.6 2919.93 	23873.6	6.26512	6.55445	6700	670	0.044248	0	2.04	1.02
649	0.00255009	0.000815442	16800.8	1050	105	13757.9	293.79	293.79	1175.16	1175.16	0 20952.6 2922.03 	23874.6	6.2652	6.55445	6700	670	0.044282	0	2.04	1.02
649.2	0.00255008	0.000815481	16801.6	1050	105	13756.7	293.997	293.997	1175.99	1175.99	0 20951.5 2924.13 	23875.6	6.26528	6.55445	6700	670	0.0443161	0	2.04	1.02
649.4	0.00255007	0.00081552	16802.5	1050	105	13755.5	294.204	294.204	1176.82	1176.82	0 20950.4 2926.23 	23876.6	6.26536	6.55445	6700	670	0.0443502	0	2.04	1.02
649.6	0.00255006	0.000815559	16803.4	1050	105	13754.2	294.411	294.411	1177.64	1177.64	0 20949.3 2928.33 	23877.6	6.26544	6.55445	6700	670	0.0443843	0	2.04	1.02
649.8	0.00255004	0.000815598	16804.2	1050	105	13753	294.618	294.618	1178.47	1178.47	0 20948.2 2930.43 	23878.6	6.26552	6.55445	6700	670	0.0444184	0	2.04	1.02
650	0.00255003	0.000815638	16805.1	1050	105	13751.8	294.825	294.825	1179.3	1179.3	0 20947.1 2932.53 	23879.6	6.2656	6.55445	6700	670	0.0444525	0	2.04	1.02
650.2	0.00255002	0.000815677	16805.9	1050	105	13750.6	295.033	295.033	1180.13	1180.13	0 20946 2934.63 	23880.6	6.26568	6.55445	6700	670	0.0444866	0	2.04	1.02
650.4	0.00255001	0.000815716	16806.8	1050	105	13749.4	295.24	295.24	1180.96	1180.96	0 20944.9 2936.74 	23881.6	6.26576	6.55445	6700	670	0.0445208	0	2.04	1.02
650.6	0.00255	0.000815755	16807.6	1050	105	13748.2	295.447	295.447	1181.79	1181.79	0 20943.8 2938.84 	23882.6	6.26584	6.55445	6700	670	0.044555	0	2.04	1.02
650.8	0.00254999	0.000815794	16808.5	1050	105	13746.9	295.655	295.655	1182.62	1182.62	0 20942.7 2940.95 	23883.6	6.26592	6.55445	6700	670	0.0445892	0	2.04	1.02
651	0.00254998	0.000815834	16809.4	1050	105	13745.7	295.863	295.863	1183.45	1183.45	0 20941.6 2943.05 	23884.7	6.266	6.55445	6700	670	0.0446234	0	2.04	1.02
651.2	0.00254997	0.000815873	16810.2	1050	105	13744.5	296.07	296.07	1184.28	1184.28	0 20940.5 2945.16 	23885.7	6.26608	6.55445	6700	670	0.0446576	0	2.04	1.02
651.4	0.00254996	0.000815912	16811.1	1050	105	13743.3	296.278	296.278	1185.11	1185.11	0 20939.4 2947.27 	23886.7	6.26616	6.55445	6700	670	0.0446918	0	2.04	1.02
651.6	0.00254995	0.000815951	16811.9	1050	105	13742.1	296.486	296.486	1185.94	1185.94	0 20938.3 2949.37 	23887.7	6.26624	6.55445	6700	670	0.0447261	0	2.04	1.02
651.8	0.00254994	0.000815991	16812.8	1050	105	13740.8	296.694	296.694	1186.78	1186.78	0 20937.2 2951.48 	23888.7	6.26632	6.55445	6700	670	0.0447603	0	2.04	1.02
652	0.00254992	0.00081603	16813.6	1050	105	13739.6	296.902	296.902	1187.61	1187.61	0 20936.1 2953.59 	23889.7	6.2664	6.55445	6700	670	0.0447946	0	2.04	1.02
652.2	0.00254991	0.000816069	16814.5	1050	105	13738.4	297.11	297.11	1188.44	1188.44	0 20935 2955.7 	23890.7	6.26648	6.55445	6700	670	0.0448289	0	2.04	1.02
652.4	0.0025499	0.000816109	16815.4	1050	105	13737.2	297.319	297.319	1189.27	1189.27	0 20933.9 2957.81 	23891.7	6.26657	6.55445	6700	670	0.0448632	0	2.04	1.02
652.6	0.00254989	0.000816148	16816.2	1050	105	13736	297.527	297.527	1190.11	1190.11	0 20932.8 2959.93 	23892.7	6.26665	6.55445	6700	670	0.0448976	0	2.04	1.02
652.8	0.00254988	0.000816187	16817.1	1050	105	13734.7	297.735	297.735	1190.94	1190.94	0 20931.7 2962.04 	23893.8	6.26673	6.55445	6700	670	0.0449319	0	2.04	1.02
653	0.00254987	0.000816227	16817.9	1050	105	13733.5	297.944	297.944	1191.78	1191.78	0 20930.6 2964.15 	23894.8	6.26681	6.55445	6700	670	0.0449663	0	2.04	1.02
653.2	0.00254986	0.000816266	16818.8	1050	105	13732.3	298.153	298.153	1192.61	1192.61	0 20929.5 2966.27 	23895.8	6.26689	6.55445	6700	670	0.0450007	0	2.04	1.02
653.4	0.00254985	0.000816305	16819.7	1050	105	13731.1	298.361	298.361	1193.45	1193.45	0 20928.4 2968.38 	23896.8	6.26697	6.55445	6700	670	0.045035	0	2.04	1.02
653.6	0.00254984	0.000816345	16820.5	1050	105	13729.8	298.57	298.57	1194.28	1194.28	0 20927.3 2970.5 	23897.8	6.26705	6.55445	6700	670	0.0450695	0	2.04	1.02
653.8	0.00254983	0.000816384	16821.4	1050	105	13728.6	298.779	298.779	1195.12	1195.12	0 20926.2 2972.62 	23898.8	6.26713	6.55445	6700	670	0.0451039	0	2.04	1.02
654	0.00254981	0.000816424	16822.3	1050	105	13727.4	298.988	298.988	1195.95	1195.95	0 20925.1 2974.73 	23899.8	6.26721	6.55445	6700	670	0.0451383	0	2.04	1.02
654.2	0.0025498	0.000816463	16823.1	1050	105	13726.1	299.197	299.197	1196.79	1196.79	0 20924 2976.85 	23900.9	6.2673	6.55445	6700	670	0.0451728	0	2.04	1.02
654.4	0.00254979	0.000816502	16824	1050	105	13724.9	299.406	299.406	1197.62	1197.62	0 20922.9 2978.97 	23901.9	6.26738	6.55445	6700	670	0.0452073	0	2.04	1.02
654.6	0.00254978	0.000816542	16824.8	1050	105	13723.7	299.615	299.615	1198.46	1198.46	0 20921.8 2981.09 	23902.9	6.26746	6.55445	6700	670	0.0452418	0	2.04	1.02
654.8	0.00254977	0.000816581	16825.7	1050	105	13722.5	299.825	299.825	1199.3	1199.3	0 20920.7 2983.21 	23903.9	6.26754	6.55445	6700	670	0.0452763	0	2.04	1.02
655	0.00254976	0.000816621	16826.6	1050	105	13721.2	300.034	300.034	1200.14	1200.14	0 20919.6 2985.33 	23904.9	6.26762	6.55445	6700	670	0.0453108	0	2.04	1.02
655.2	0.00254975	0.00081666	16827.4	1050	105	13720	300.244	300.244	1200.97	1200.97	0 20918.5 2987.45 	23906	6.2677	6.55445	6700	670	0.0453453	0	2.04	1.02
655.4	0.00254974	0.0008167	16828.3	1050	105	13718.8	300.453	300.453	1201.81	1201.81	0 20917.4 2989.58 	23907	6.26778	6.55445	6700	670	0.0453799	0	2.04	1.02
655.6	0.00254973	0.00081674	16829.2	1050	105	13717.5	300.663	300.663	1202.65	1202.65	0 20916.3 2991.7 	23908	6.26786	6.55445	6700	670	0.0454144	0	2.04	1.02
655.8	0.00254972	0.000816779	16830	1050	105	13716.3	300.873	300.873	1203.49	1203.49	0 20915.2 2993.83 	23909	6.26795	6.55445	6700	670	0.045449	0	2.04	1.02
656	0.0025497	0.000816819	16830.9	1050	105	13715.1	301.082	301.082	1204.33	1204.33	0 20914.1 2995.95 	23910	6.26803	6.55445	6700	670	0.0454836	0	2.04	1.02
656.2	0.00254969	0.000816858	16831.8	1050	105	13713.8	301.292	301.292	1205.17	1205.17	0 20913 2998.08 	23911.1	6.26811	6.55445	6700	670	0.0455183	0	2.04	1.02
656.4	0.00254968	0.000816898	16832.6	1050	105	13712.6	301.502	301.502	1206.01	1206.01	0 20911.9 3000.2 	23912.1	6.26819	6.55445	6700	670	0.0455529	0	2.04	1.02
656.6	0.00254967	0.000816937	16833.5	1050	105	13711.4	301.712	301.712	1206.85	1206.85	0 20910.8 3002.33 	23913.1	6.26827	6.55445	6700	670	0.0455875	0	2.04	1.02
656.8	0.00254966	0.000816977	16834.4	1050	105	13710.1	301.923	301.923	1207.69	1207.69	0 20909.7 3004.46 	23914.1	6.26835	6.55445	6700	670	0.0456222	0	2.04	1.02
657	0.00254965	0.000817017	16835.2	1050	105	13708.9	302.133	302.133	1208.53	1208.53	0 20908.6 3006.59 	23915.2	6.26844	6.55445	6700	670	0.0456569	0	2.04	1.02
657.2	0.00254964	0.000817056	16836.1	1050	105	13707.7	302.343	302.343	1209.37	1209.37	0 20907.5 3008.72 	23916.2	6.26852	6.55445	6700	670	0.0456916	0	2.04	1.02
657.4	0.00254963	0.000817096	16837	1050	105	13706.4	302.554	302.554	1210.21	1210.21	0 20906.4 3010.85 	23917.2	6.2686	6.55445	6700	670	0.0457263	0	2.04	1.02
657.6	0.00254962	0.000817136	16837.8	1050	105	13705.2	302.764	302.764	1211.06	1211.06	0 20905.2 3012.98 	23918.2	6.26868	6.55445	6700	670	0.045761	0	2.04	1.02
657.8	0.0025496	0.000817175	16838.7	1050	105	13703.9	302.975	302.975	1211.9	1211.9	0 20904.1 3015.11 	23919.3	6.26876	6.55445	6700	670	0.0457958	0	2.04	1.02
658	0.00254959	0.000817215	16839.6	1050	105	13702.7	303.185	303.185	1212.74	1212.74	0 20903 3017.25 	23920.3	6.26885	6.55445	6700	670	0.0458305	0	2.04	1.02
658.2	0.00254958	0.000817255	16840.4	1050	105	13701.5	303.396	303.396	1213.58	1213.58	0 20901.9 3019.38 	23921.3	6.26893	6.55445	6700	670	0.0458653	0	2.04	1.02
658.4	0.00254957	0.000817295	16841.3	1050	105	13700.2	303.607	303.607	1214.43	1214.43	0 20900.8 3021.52 	23922.3	6.26901	6.55445	6700	670	0.0459001	0	2.04	1.02
658.6	0.00254956	0.000817334	16842.2	1050	105	13699	303.818	303.818	1215.27	1215.27	0 20899.7 3023.65 	23923.4	6.26909	6.55445	6700	670	0.0459349	0	2.04	1.02
658.8	0.00254955	0.000817374	16843	1050	105	13697.7	304.029	304.029	1216.12	1216.12	0 20898.6 3025.79 	23924.4	6.26917	6.55445	6700	670	0.0459697	0	2.04	1.02
659	0.00254954	0.000817414	16843.9	1050	105	13696.5	304.24	304.24	1216.96	1216.96	0 20897.5 3027.92 	23925.4	6.26926	6.55445	6700	670	0.0460046	0	2.04	1.02
659.2	0.00254953	0.000817454	16844.8	1050	105	13695.3	304.451	304.451	1217.81	1217.81	0 20896.4 3030.06 	23926.4	6.26934	6.55445	6700	670	0.0460394	0	2.04	1.02
659.4	0.00254952	0.000817493	16845.6	1050	105	13694	304.663	304.663	1218.65	1218.65	0 20895.3 3032.2 	23927.5	6.26942	6.55445	6700	670	0.0460743	0	2.04	1.02
659.6	0.0025495	0.000817533	16846.5	1050	105	13692.8	304.874	304.874	1219.5	1219.5	0 20894.2 3034.34 	23928.5	6.2695	6.55445	6700	670	0.0461092	0	2.04	1.02
659.8	0.00254949	0.000817573	16847.4	1050	105	13691.5	305.086	305.086	1220.34	1220.34	0 20893.1 3036.48 	23929.5	6.26958	6.55445	6700	670	0.0461441	0	2.04	1.02
660	0.00254948	0.000817613	16848.3	1050	105	13690.3	305.297	305.297	1221.19	1221.19	0 20891.9 3038.62 	23930.6	6.26967	6.55445	6700	670	0.046179	0	2.04	1.02
660.2	0.00254947	0.000817653	16849.1	1050	105	13689	305.509	305.509	1222.03	1222.03	0 20890.8 3040.76 	23931.6	6.26975	6.55445	6700	670	0.0462139	0	2.04	1.02
660.4	0.00254946	0.000817693	16850	1050	105	13687.8	305.72	305.72	1222.88	1222.88	0 20889.7 3042.9 	23932.6	6.26983	6.55445	6700	670	0.0462489	0	2.04	1.02
660.6	0.00254945	0.000817733	16850.9	1050	105	13686.5	305.932	305.932	1223.73	1223.73	0 20888.6 3045.05 	23933.7	6.26991	6.55445	6700	670	0.0462838	0	2.04	1.02
660.8	0.00254944	0.000817773	16851.7	1050	105	13685.3	306.144	306.144	1224.58	1224.58	0 20887.5 3047.19 	23934.7	6.27	6.55445	6700	670	0.0463188	0	2.04	1.02
661	0.00254943	0.000817812	16852.6	1050	105	13684.1	306.356	306.356	1225.42	1225.42	0 20886.4 3049.33 	23935.7	6.27008	6.55445	6700	670	0.0463538	0	2.04	1.02
661.2	0.00254941	0.000817852	16853.5	1050	105	13682.8	306.568	306.568	1226.27	1226.27	0 20885.3 3051.48 	23936.8	6.27016	6.55445	6700	670	0.0463888	0	2.04	1.02
661.4	0.0025494	0.000817892	16854.4	1050	105	13681.6	306.78	306.78	1227.12	1227.12	0 20884.2 3053.62 	23937.8	6.27024	6.55445	6700	670	0.0464238	0	2.04	1.02
661.6	0.00254939	0.000817932	16855.2	1050	105	13680.3	306.993	306.993	1227.97	1227.97	0 20883.1 3055.77 	23938.8	6.27033	6.55445	6700	670	0.0464589	0	2.04	1.02
661.8	0.00254938	0.000817972	16856.1	1050	105	13679.1	307.205	307.205	1228.82	1228.82	0 20881.9 3057.92 	23939.9	6.27041	6.55445	6700	670	0.0464939	0	2.04	1.02
662	0.00254937	0.000818012	16857	1050	105	13677.8	307.417	307.417	1229.67	1229.67	0 20880.8 3060.07 	23940.9	6.27049	6.55445	6700	670	0.046529	0	2.04	1.02
662.2	0.00254936	0.000818052	16857.9	1050	105	13676.6	307.63	307.63	1230.52	1230.52	0 20879.7 3062.22 	23941.9	6.27057	6.55445	6700	670	0.0465641	0	2.04	1.02
662.4	0.00254935	0.000818092	16858.7	1050	105	13675.3	307.842	307.842	1231.37	1231.37	0 20878.6 3064.36 	23943	6.27066	6.55445	6700	670	0.0465992	0	2.04	1.02
662.6	0.00254934	0.000818132	16859.6	1050	105	13674.1	308.055	308.055	1232.22	1232.22	0 20877.5 3066.51 	23944	6.27074	6.55445	6700	670	0.0466343	0	2.04	1.02
662.8	0.00254933	0.000818172	16860.5	1050	105	13672.8	308.268	308.268	1233.07	1233.07	0 20876.4 3068.67 	23945.1	6.27082	6.55445	6700	670	0.0466695	0	2.04	1.02
663	0.00254931	0.000818212	16861.4	1050	105	13671.5	308.481	308.481	1233.92	1233.92	0 20875.3 3070.82 	23946.1	6.27091	6.55445	6700	670	0.0467046	0	2.04	1.02
663.2	0.0025493	0.000818252	16862.2	1050	105	13670.3	308.693	308.693	1234.77	1234.77	0 20874.2 3072.97 	23947.1	6.27099	6.55445	6700	670	0.0467398	0	2.04	1.02
663.4	0.00254929	0.000818292	16863.1	1050	105	13669	308.906	308.906	1235.63	1235.63	0 20873 3075.12 	23948.2	6.27107	6.55445	6700	670	0.046775	0	2.04	1.02
663.6	0.00254928	0.000818333	16864	1050	105	13667.8	309.12	309.12	1236.48	1236.48	0 20871.9 3077.28 	23949.2	6.27115	6.55445	6700	670	0.0468102	0	2.04	1.02
663.8	0.00254927	0.000818373	16864.9	1050	105	13666.5	309.333	309.333	1237.33	1237.33	0 20870.8 3079.43 	23950.2	6.27124	6.55445	6700	670	0.0468454	0	2.04	1.02
664	0.00254926	0.000818413	16865.7	1050	105	13665.3	309.546	309.546	1238.18	1238.18	0 20869.7 3081.59 	23951.3	6.27132	6.55445	6700	670	0.0468806	0	2.04	1.02
664.2	0.00254925	0.000818453	16866.6	1050	105	13664	309.759	309.759	1239.04	1239.04	0 20868.6 3083.74 	23952.3	6.2714	6.55445	6700	670	0.0469158	0	2.04	1.02
664.4	0.00254924	0.000818493	16867.5	1050	105	13662.8	309.973	309.973	1239.89	1239.89	0 20867.5 3085.9 	23953.4	6.27149	6.55445	6700	670	0.0469511	0	2.04	1.02
664.6	0.00254922	0.000818533	16868.4	1050	105	13661.5	310.186	310.186	1240.74	1240.74	0 20866.3 3088.06 	23954.4	6.27157	6.55445	6700	670	0.0469864	0	2.04	1.02
664.8	0.00254921	0.000818573	16869.2	1050	105	13660.2	310.4	310.4	1241.6	1241.6	0 20865.2 3090.22 	23955.5	6.27165	6.55445	6700	670	0.0470217	0	2.04	1.02
665	0.0025492	0.000818614	16870.1	1050	105	13659	310.614	310.614	1242.45	1242.45	0 20864.1 3092.38 	23956.5	6.27174	6.55445	6700	670	0.047057	0	2.04	1.02
665.2	0.00254919	0.000818654	16871	1050	105	13657.7	310.827	310.827	1243.31	1243.31	0 20863 3094.54 	23957.5	6.27182	6.55445	6700	670	0.0470923	0	2.04	1.02
665.4	0.00254918	0.000818694	16871.9	1050	105	13656.5	311.041	311.041	1244.16	1244.16	0 20861.9 3096.7 	23958.6	6.2719	6.55445	6700	670	0.0471276	0	2.04	1.02
665.6	0.00254917	0.000818734	16872.8	1050	105	13655.2	311.255	311.255	1245.02	1245.02	0 20860.8 3098.86 	23959.6	6.27199	6.55445	6700	670	0.047163	0	2.04	1.02
665.8	0.00254916	0.000818774	16873.6	1050	105	13654	311.469	311.469	1245.88	1245.88	0 20859.6 3101.02 	23960.7	6.27207	6.55445	6700	670	0.0471983	0	2.04	1.02
666	0.00254914	0.000818815	16874.5	1050	105	13652.7	311.683	311.683	1246.73	1246.73	0 20858.5 3103.18 	23961.7	6.27215	6.55445	6700	670	0.0472337	0	2.04	1.02
666.2	0.00254913	0.000818855	16875.4	1050	105	13651.4	311.897	311.897	1247.59	1247.59	0 20857.4 3105.35 	23962.8	6.27224	6.55445	6700	670	0.0472691	0	2.04	1.02
666.4	0.00254912	0.000818895	16876.3	1050	105	13650.2	312.112	312.112	1248.45	1248.45	0 20856.3 3107.51 	23963.8	6.27232	6.55445	6700	670	0.0473045	0	2.04	1.02
666.6	0.00254911	0.000818936	16877.2	1050	105	13648.9	312.326	312.326	1249.3	1249.3	0 20855.2 3109.68 	23964.9	6.2724	6.55445	6700	670	0.04734	0	2.04	1.02
666.8	0.0025491	0.000818976	16878	1050	105	13647.6	312.54	312.54	1250.16	1250.16	0 20854.1 3111.84 	23965.9	6.27249	6.55445	6700	670	0.0473754	0	2.04	1.02
