0.1	0.00199378	7.42246e-05	1050.03	1050	105	504.028	44.1	44.1	176.4	176.4	0 17997.2 9555.97 	27553.1	6.55449	6.55445	670	670	0.00905084	0	1.02	1.02
0.2	0.00199378	7.42263e-05	1050.05	1050	105	504.052	44.1	44.1	176.4	176.4	0 17996.7 9555.63 	27552.3	6.55452	6.55445	670	670	0.00905073	0	1.02	1.02
0.3	0.00199377	7.42278e-05	1050.07	1050	105	504.072	44.1	44.1	176.4	176.4	0 17996.3 9555.34 	27551.7	6.55455	6.55445	670	670	0.00905062	0	1.02	1.02
0.4	0.00199377	7.42291e-05	1050.09	1050	105	504.09	44.1	44.1	176.4	176.4	0 17996 9555.09 	27551.1	6.55457	6.55445	670	670	0.00905054	0	1.02	1.02
0.5	0.00199377	7.42302e-05	1050.1	1050	105	504.104	44.1	44.1	176.4	176.4	0 17995.7 9554.88 	27550.6	6.55459	6.55445	670	670	0.00905046	0	1.02	1.02
0.6	0.00199377	7.42311e-05	1050.12	1050	105	504.116	44.1	44.1	176.4	176.4	0 17995.5 9554.7 	27550.2	6.55461	6.55445	670	670	0.0090504	0	1.02	1.02
0.7	0.00199377	7.42318e-05	1050.13	1050	105	504.127	44.1	44.1	176.4	176.4	0 17995.3 9554.55 	27549.8	6.55462	6.55445	670	670	0.00905034	0	1.02	1.02
0.8	0.00199376	7.42325e-05	1050.13	1050	105	504.135	44.1	44.1	176.4	176.4	0 17995.1 9554.42 	27549.5	6.55464	6.55445	670	670	0.00905029	0	1.02	1.02
0.9	0.00199376	7.4233e-05	1050.14	1050	105	504.142	44.0999	44.0999	176.4	176.4	0 17995 9554.31 	27549.3	6.55465	6.55445	670	670	0.00905025	0	1.02	1.02
1	0.00199376	7.42335e-05	1050.15	1050	105	504.149	44.0999	44.0999	176.4	176.4	0 17994.9 9554.22 	27549.1	6.55466	6.55445	670	670	0.00905022	0	1.02	1.02
1.1	0.00199376	7.42338e-05	1050.15	1050	105	504.154	44.0999	44.0999	176.4	176.4	0 17994.8 9554.14 	27548.9	6.55466	6.55445	670	670	0.00905019	0	1.02	1.02
1.2	0.00199376	7.42342e-05	1050.16	1050	105	504.158	44.0999	44.0999	176.4	176.4	0 17994.7 9554.08 	27548.8	6.55467	6.55445	670	670	0.00905016	0	1.02	1.02
1.3	0.00199376	7.42344e-05	1050.16	1050	105	504.162	44.0999	44.0999	176.4	176.4	0 17994.6 9554.02 	27548.6	6.55468	6.55445	670	670	0.00905014	0	1.02	1.02
1.4	0.00199376	7.42346e-05	1050.16	1050	105	504.165	44.0999	44.0999	176.4	176.4	0 17994.6 9553.97 	27548.5	6.55468	6.55445	670	670	0.00905012	0	1.02	1.02
1.5	0.00199376	7.42348e-05	1050.17	1050	105	504.167	44.0999	44.0999	176.399	176.399	0 17994.5 9553.93 	27548.4	6.55468	6.55445	670	670	0.0090501	0	1.02	1.02
1.6	0.00199376	7.4235e-05	1050.17	1050	105	504.169	44.0999	44.0999	176.399	176.399	0 17994.5 9553.9 	27548.4	6.55469	6.55445	670	670	0.00905009	0	1.02	1.02
1.7	0.00199376	7.42351e-05	1050.17	1050	105	504.171	44.0998	44.0998	176.399	176.399	0 17994.4 9553.87 	27548.3	6.55469	6.55445	670	670	0.00905007	0	1.02	1.02
1.8	0.00199376	7.42352e-05	1050.17	1050	105	504.172	44.0998	44.0998	176.399	176.399	0 17994.4 9553.85 	27548.3	6.55469	6.55445	670	670	0.00905006	0	1.02	1.02
1.9	0.00199376	7.42353e-05	1050.17	1050	105	504.174	44.0998	44.0998	176.399	176.399	0 17994.4 9553.83 	27548.2	6.5547	6.55445	670	670	0.00905005	0	1.02	1.02
2	0.00199376	7.42353e-05	1050.17	1050	105	504.175	44.0998	44.0998	176.399	176.399	0 17994.4 9553.81 	27548.2	6.5547	6.55445	670	670	0.00905004	0	1.02	1.02
2.1	0.00320762	0.000188016	4324.03	1050	105	3777.92	44.1109	44.1109	176.443	176.443	0 216722 58558 	275280	6.21753	6.55445	12703.2	670	0.228396	0	4.029	1.02
2.2	0.00299341	0.000422786	9438.19	1050	105	8892.17	44.1021	44.1021	176.408	176.408	0 89941.3 20782.6 	110724	7.65011	6.55445	12703.2	670	0.17693	0	4.029	1.02
2.3	0.00285153	0.000561014	12239.6	1050	105	11694	44.0624	44.0624	176.25	176.25	0 64568 13266.1 	77834.1	8.8498	6.55445	12703.2	670	0.146462	0	4.029	1.02
2.4	0.0027996	0.000615132	13313.7	1050	105	12768.5	44.0228	44.0228	176.091	176.091	0 57815.1 11415.6 	69230.6	9.35143	6.55445	12703.2	670	0.137091	0	4.029	1.02
2.5	0.00278496	0.000633065	13676.9	1050	105	13132	43.9832	43.9832	175.933	175.933	0 55883.6 10930.3 	66813.9	9.49966	6.55445	12703.2	670	0.134844	0	4.029	1.02
2.6	0.00278205	0.000639631	13820.4	1050	105	13275.9	43.9436	43.9436	175.774	175.774	0 55252.2 10807.9 	66060	9.5295	6.55445	12703.2	670	0.134733	0	4.029	1.02
2.7	0.00278224	0.000643114	13904.3	1050	105	13360.2	43.9041	43.9041	175.616	175.616	0 54956.7 10777.7 	65734.3	9.52756	6.55445	12703.2	670	0.135172	0	4.029	1.02
2.8	0.00278319	0.000645764	13971.8	1050	105	13428.1	43.8646	43.8646	175.458	175.458	0 54749.8 10770.5 	65520.3	9.51782	6.55445	12703.2	670	0.135737	0	4.029	1.02
2.9	0.0027843	0.000648156	14034	1050	105	13490.7	43.8252	43.8252	175.301	175.301	0 54569.5 10768.9 	65338.4	9.50643	6.55445	12703.2	670	0.136322	0	4.029	1.02
3	0.00278543	0.000650438	14093.6	1050	105	13550.8	43.7858	43.7858	175.143	175.143	0 54400.1 10768.6 	65168.7	9.49491	6.55445	12703.2	670	0.136897	0	4.029	1.02
3.1	0.00278653	0.000652646	14151.5	1050	105	13609	43.7464	43.7464	174.986	174.986	0 54237.5 10768.4 	65005.9	9.48365	6.55445	12703.2	670	0.137457	0	4.029	1.02
3.2	0.0027876	0.00065479	14207.8	1050	105	13665.7	43.7071	43.7071	174.828	174.828	0 54080.6 10768.1 	64848.7	9.47274	6.55445	12703.2	670	0.138	0	4.029	1.02
3.3	0.00278864	0.000656874	14262.5	1050	105	13720.8	43.6678	43.6678	174.671	174.671	0 53929.1 10767.6 	64696.6	9.46218	6.55445	12703.2	670	0.138525	0	4.029	1.02
3.4	0.00278964	0.000658899	14315.7	1050	105	13774.4	43.6286	43.6286	174.514	174.514	0 53782.7 10766.8 	64549.5	9.45198	6.55445	12703.2	670	0.139032	0	4.029	1.02
3.5	0.00279061	0.000660866	14367.5	1050	105	13826.6	43.5894	43.5894	174.358	174.358	0 53641.3 10765.9 	64407.2	9.44211	6.55445	12703.2	670	0.139523	0	4.029	1.02
3.6	0.00279155	0.000662777	14417.7	1050	105	13877.2	43.5502	43.5502	174.201	174.201	0 53504.7 10764.8 	64269.5	9.43257	6.55445	12703.2	670	0.139996	0	4.029	1.02
3.7	0.00279246	0.000664631	14466.6	1050	105	13926.5	43.5111	43.5111	174.045	174.045	0 53372.8 10763.4 	64136.2	9.42335	6.55445	12703.2	670	0.140453	0	4.029	1.02
3.8	0.00279334	0.000666432	14514.1	1050	105	13974.4	43.472	43.472	173.888	173.888	0 53245.4 10761.9 	64007.3	9.41443	6.55445	12703.2	670	0.140894	0	4.029	1.02
3.9	0.0027942	0.00066818	14560.2	1050	105	14020.9	43.433	43.433	173.732	173.732	0 53122.3 10760.2 	63882.5	9.40579	6.55445	12703.2	670	0.141319	0	4.029	1.02
4	0.00279503	0.000669877	14605	1050	105	14066	43.394	43.394	173.576	173.576	0 53003.5 10758.3 	63761.8	9.39743	6.55445	12703.2	670	0.141728	0	4.029	1.02
4.1	0.00279583	0.000671523	14648.5	1050	105	14109.9	43.355	43.355	173.42	173.42	0 52888.7 10756.2 	63644.9	9.38934	6.55445	12703.2	670	0.142123	0	4.029	1.02
4.2	0.00279661	0.000673121	14690.7	1050	105	14152.6	43.3161	43.3161	173.264	173.264	0 52777.8 10753.9 	63531.8	9.38151	6.55445	12703.2	670	0.142503	0	4.029	1.02
4.3	0.00279736	0.000674672	14731.8	1050	105	14194	43.2772	43.2772	173.109	173.109	0 52670.7 10751.5 	63422.2	9.37391	6.55445	12703.2	670	0.142869	0	4.029	1.02
4.4	0.0027981	0.000676178	14771.6	1050	105	14234.3	43.2384	43.2384	172.953	172.953	0 52567.2 10748.9 	63316.1	9.36655	6.55445	12703.2	670	0.143221	0	4.029	1.02
4.5	0.00279881	0.000677639	14810.4	1050	105	14273.4	43.1996	43.1996	172.798	172.798	0 52467.2 10746.1 	63213.3	9.35942	6.55445	12703.2	670	0.143559	0	4.029	1.02
4.6	0.0027995	0.000679058	14848	1050	105	14311.4	43.1608	43.1608	172.643	172.643	0 52370.5 10743.2 	63113.7	9.3525	6.55445	12703.2	670	0.143885	0	4.029	1.02
4.7	0.00280017	0.000680435	14884.6	1050	105	14348.3	43.1221	43.1221	172.488	172.488	0 52277 10740.1 	63017.1	9.34578	6.55445	12703.2	670	0.144198	0	4.029	1.02
4.8	0.00280082	0.000681772	14920.1	1050	105	14384.3	43.0834	43.0834	172.333	172.333	0 52186.6 10736.9 	62923.5	9.33926	6.55445	12703.2	670	0.144499	0	4.029	1.02
4.9	0.00280145	0.000683071	14954.6	1050	105	14419.2	43.0447	43.0447	172.179	172.179	0 52099.1 10733.5 	62832.6	9.33293	6.55445	12703.2	670	0.144788	0	4.029	1.02
5	0.00280207	0.000684333	14988.2	1050	105	14453.1	43.0061	43.0061	172.024	172.024	0 52014.5 10730 	62744.5	9.32678	6.55445	12703.2	670	0.145065	0	4.029	1.02
5.1	0.00280267	0.000685559	15020.8	1050	105	14486.1	42.9675	42.9675	171.87	171.87	0 51932.6 10726.4 	62659	9.32081	6.55445	12703.2	670	0.145332	0	4.029	1.02
5.2	0.00280325	0.000686749	15052.5	1050	105	14518.2	42.929	42.929	171.716	171.716	0 51853.3 10722.6 	62575.9	9.315	6.55445	12703.2	670	0.145587	0	4.029	1.02
5.3	0.00280382	0.000687907	15083.4	1050	105	14549.5	42.8905	42.8905	171.562	171.562	0 51776.5 10718.7 	62495.2	9.30935	6.55445	12703.2	670	0.145833	0	4.029	1.02
5.4	0.00280437	0.000689032	15113.4	1050	105	14579.9	42.852	42.852	171.408	171.408	0 51702.2 10714.7 	62416.9	9.30385	6.55445	12703.2	670	0.146068	0	4.029	1.02
5.5	0.00280491	0.000690126	15142.6	1050	105	14609.5	42.8136	42.8136	171.254	171.254	0 51630.1 10710.5 	62340.7	9.29849	6.55445	12703.2	670	0.146294	0	4.029	1.02
5.6	0.00280543	0.00069119	15171.1	1050	105	14638.3	42.7752	42.7752	171.101	171.101	0 51560.3 10706.3 	62266.6	9.29328	6.55445	12703.2	670	0.14651	0	4.029	1.02
5.7	0.00280594	0.000692225	15198.7	1050	105	14666.4	42.7369	42.7369	170.947	170.947	0 51492.6 10701.9 	62194.5	9.2882	6.55445	12703.2	670	0.146718	0	4.029	1.02
5.8	0.00280644	0.000693232	15225.7	1050	105	14693.7	42.6986	42.6986	170.794	170.794	0 51426.9 10697.4 	62124.3	9.28325	6.55445	12703.2	670	0.146916	0	4.029	1.02
5.9	0.00280693	0.000694212	15251.9	1050	105	14720.3	42.6603	42.6603	170.641	170.641	0 51363.2 10692.9 	62056	9.27843	6.55445	12703.2	670	0.147106	0	4.029	1.02
6	0.0028074	0.000695166	15277.5	1050	105	14746.3	42.6221	42.6221	170.488	170.488	0 51301.4 10688.2 	61989.5	9.27372	6.55445	12703.2	670	0.147288	0	4.029	1.02
6.1	0.00280787	0.000696095	15302.4	1050	105	14771.6	42.5839	42.5839	170.335	170.335	0 51241.4 10683.4 	61924.7	9.26912	6.55445	12703.2	670	0.147463	0	4.029	1.02
6.2	0.00280832	0.000697	15326.7	1050	105	14796.3	42.5457	42.5457	170.183	170.183	0 51183.1 10678.5 	61861.6	9.26464	6.55445	12703.2	670	0.147629	0	4.029	1.02
6.3	0.00280876	0.000697882	15350.4	1050	105	14820.3	42.5076	42.5076	170.03	170.03	0 51126.5 10673.5 	61800	9.26026	6.55445	12703.2	670	0.147789	0	4.029	1.02
6.4	0.00280919	0.000698741	15373.5	1050	105	14843.8	42.4695	42.4695	169.878	169.878	0 51071.5 10668.5 	61739.9	9.25598	6.55445	12703.2	670	0.147941	0	4.029	1.02
6.5	0.00280962	0.000699579	15396	1050	105	14866.7	42.4315	42.4315	169.726	169.726	0 51018 10663.3 	61681.3	9.25179	6.55445	12703.2	670	0.148086	0	4.029	1.02
6.6	0.00281003	0.000700396	15418	1050	105	14889.1	42.3935	42.3935	169.574	169.574	0 50966 10658.1 	61624.1	9.2477	6.55445	12703.2	670	0.148225	0	4.029	1.02
6.7	0.00281044	0.000701193	15439.5	1050	105	14910.9	42.3555	42.3555	169.422	169.422	0 50915.4 10652.8 	61568.2	9.2437	6.55445	12703.2	670	0.148358	0	4.029	1.02
6.8	0.00281083	0.000701971	15460.5	1050	105	14932.3	42.3176	42.3176	169.27	169.27	0 50866.2 10647.4 	61513.6	9.23978	6.55445	12703.2	670	0.148484	0	4.029	1.02
6.9	0.00281122	0.00070273	15480.9	1050	105	14953.1	42.2797	42.2797	169.119	169.119	0 50818.3 10641.9 	61460.2	9.23595	6.55445	12703.2	670	0.148604	0	4.029	1.02
7	0.0028116	0.000703471	15501	1050	105	14973.5	42.2418	42.2418	168.967	168.967	0 50771.6 10636.4 	61408.1	9.23219	6.55445	12703.2	670	0.148719	0	4.029	1.02
7.1	0.00281198	0.000704194	15520.5	1050	105	14993.5	42.204	42.204	168.816	168.816	0 50726.2 10630.8 	61357	9.22851	6.55445	12703.2	670	0.148828	0	4.029	1.02
7.2	0.00281234	0.000704902	15539.6	1050	105	15013	42.1663	42.1663	168.665	168.665	0 50681.9 10625.1 	61307.1	9.22491	6.55445	12703.2	670	0.148932	0	4.029	1.02
7.3	0.0028127	0.000705592	15558.3	1050	105	15032	42.1285	42.1285	168.514	168.514	0 50638.8 10619.4 	61258.2	9.22137	6.55445	12703.2	670	0.149031	0	4.029	1.02
7.4	0.00281306	0.000706268	15576.6	1050	105	15050.7	42.0908	42.0908	168.363	168.363	0 50596.7 10613.6 	61210.3	9.2179	6.55445	12703.2	670	0.149125	0	4.029	1.02
7.5	0.0028134	0.000706928	15594.5	1050	105	15069	42.0532	42.0532	168.213	168.213	0 50555.6 10607.8 	61163.4	9.2145	6.55445	12703.2	670	0.149214	0	4.029	1.02
7.6	0.00281374	0.000707574	15612	1050	105	15086.9	42.0155	42.0155	168.062	168.062	0 50515.6 10601.8 	61117.4	9.21115	6.55445	12703.2	670	0.149298	0	4.029	1.02
7.7	0.00281408	0.000708207	15629.2	1050	105	15104.4	41.9779	41.9779	167.912	167.912	0 50476.5 10595.9 	61072.4	9.20787	6.55445	12703.2	670	0.149378	0	4.029	1.02
7.8	0.00281441	0.000708825	15646	1050	105	15121.6	41.9404	41.9404	167.762	167.762	0 50438.3 10589.8 	61028.2	9.20465	6.55445	12703.2	670	0.149454	0	4.029	1.02
7.9	0.00281473	0.000709431	15662.5	1050	105	15138.4	41.9029	41.9029	167.612	167.612	0 50401 10583.8 	60984.8	9.20148	6.55445	12703.2	670	0.149525	0	4.029	1.02
8	0.00281505	0.000710025	15678.6	1050	105	15154.9	41.8654	41.8654	167.462	167.462	0 50364.6 10577.6 	60942.2	9.19836	6.55445	12703.2	670	0.149592	0	4.029	1.02
8.1	0.00281536	0.000710606	15694.4	1050	105	15171.1	41.828	41.828	167.312	167.312	0 50329 10571.5 	60900.4	9.1953	6.55445	12703.2	670	0.149656	0	4.029	1.02
8.2	0.00281567	0.000711176	15709.9	1050	105	15187	41.7906	41.7906	167.162	167.162	0 50294.1 10565.3 	60859.4	9.19229	6.55445	12703.2	670	0.149716	0	4.029	1.02
8.3	0.00281597	0.000711735	15725.2	1050	105	15202.6	41.7532	41.7532	167.013	167.013	0 50260.1 10559 	60819.1	9.18932	6.55445	12703.2	670	0.149772	0	4.029	1.02
8.4	0.00281627	0.000712282	15740.1	1050	105	15218	41.7159	41.7159	166.864	166.864	0 50226.7 10552.7 	60779.4	9.1864	6.55445	12703.2	670	0.149825	0	4.029	1.02
8.5	0.00281656	0.00071282	15754.8	1050	105	15233	41.6786	41.6786	166.714	166.714	0 50194.1 10546.3 	60740.4	9.18353	6.55445	12703.2	670	0.149874	0	4.029	1.02
8.6	0.00281685	0.000713347	15769.2	1050	105	15247.8	41.6414	41.6414	166.565	166.565	0 50162.2 10539.9 	60702.1	9.18069	6.55445	12703.2	670	0.14992	0	4.029	1.02
8.7	0.00281714	0.000713865	15783.3	1050	105	15262.3	41.6041	41.6041	166.417	166.417	0 50130.9 10533.5 	60664.4	9.1779	6.55445	12703.2	670	0.149963	0	4.029	1.02
8.8	0.00281742	0.000714373	15797.2	1050	105	15276.6	41.567	41.567	166.268	166.268	0 50100.2 10527 	60627.2	9.17515	6.55445	12703.2	670	0.150003	0	4.029	1.02
8.9	0.0028177	0.000714872	15810.9	1050	105	15290.6	41.5298	41.5298	166.119	166.119	0 50070.1 10520.5 	60590.7	9.17244	6.55445	12703.2	670	0.150041	0	4.029	1.02
9	0.00281797	0.000715363	15824.4	1050	105	15304.4	41.4927	41.4927	165.971	165.971	0 50040.7 10514 	60554.7	9.16976	6.55445	12703.2	670	0.150075	0	4.029	1.02
9.1	0.00281824	0.000715845	15837.6	1050	105	15318	41.4557	41.4557	165.823	165.823	0 50011.8 10507.4 	60519.2	9.16712	6.55445	12703.2	670	0.150106	0	4.029	1.02
9.2	0.00281851	0.000716319	15850.6	1050	105	15331.4	41.4186	41.4186	165.675	165.675	0 49983.4 10500.8 	60484.3	9.16451	6.55445	12703.2	670	0.150135	0	4.029	1.02
9.3	0.00281877	0.000716785	15863.4	1050	105	15344.6	41.3816	41.3816	165.527	165.527	0 49955.6 10494.2 	60449.8	9.16194	6.55445	12703.2	670	0.150162	0	4.029	1.02
9.4	0.00281903	0.000717244	15876	1050	105	15357.5	41.3447	41.3447	165.379	165.379	0 49928.2 10487.6 	60415.8	9.1594	6.55445	12703.2	670	0.150185	0	4.029	1.02
9.5	0.00281929	0.000717695	15888.4	1050	105	15370.3	41.3078	41.3078	165.231	165.231	0 49901.4 10480.9 	60382.3	9.15689	6.55445	12703.2	670	0.150207	0	4.029	1.02
9.6	0.00281955	0.00071814	15900.6	1050	105	15382.9	41.2709	41.2709	165.084	165.084	0 49875 10474.2 	60349.2	9.15441	6.55445	12703.2	670	0.150226	0	4.029	1.02
9.7	0.0028198	0.000718577	15912.6	1050	105	15395.3	41.2341	41.2341	164.936	164.936	0 49849.1 10467.4 	60316.5	9.15196	6.55445	12703.2	670	0.150243	0	4.029	1.02
9.8	0.00282005	0.000719008	15924.5	1050	105	15407.5	41.1972	41.1972	164.789	164.789	0 49823.6 10460.6 	60284.3	9.14953	6.55445	12703.2	670	0.150258	0	4.029	1.02
9.9	0.00282029	0.000719433	15936.2	1050	105	15419.6	41.1605	41.1605	164.642	164.642	0 49798.6 10453.9 	60252.4	9.14714	6.55445	12703.2	670	0.150271	0	4.029	1.02
10	0.00282054	0.000719851	15947.8	1050	105	15431.5	41.1237	41.1237	164.495	164.495	0 49773.9 10447 	60221	9.14477	6.55445	12703.2	670	0.150282	0	4.029	1.02
10.1	0.00282078	0.000720264	15959.1	1050	105	15443.3	41.0871	41.0871	164.348	164.348	0 49749.7 10440.2 	60189.9	9.14242	6.55445	12703.2	670	0.150291	0	4.029	1.02
10.2	0.00282102	0.000720671	15970.4	1050	105	15454.9	41.0504	41.0504	164.202	164.202	0 49725.8 10433.4 	60159.2	9.1401	6.55445	12703.2	670	0.150298	0	4.029	1.02
10.3	0.00282125	0.000721072	15981.5	1050	105	15466.3	41.0138	41.0138	164.055	164.055	0 49702.3 10426.5 	60128.8	9.1378	6.55445	12703.2	670	0.150303	0	4.029	1.02
10.4	0.00282149	0.000721468	15992.4	1050	105	15477.6	40.9772	40.9772	163.909	163.909	0 49679.2 10419.6 	60098.7	9.13552	6.55445	12703.2	670	0.150306	0	4.029	1.02
10.5	0.00282172	0.000721859	16003.2	1050	105	15488.8	40.9406	40.9406	163.763	163.763	0 49656.3 10412.7 	60069	9.13327	6.55445	12703.2	670	0.150308	0	4.029	1.02
10.6	0.00282195	0.000722244	16013.9	1050	105	15499.9	40.9041	40.9041	163.616	163.616	0 49633.9 10405.7 	60039.6	9.13104	6.55445	12703.2	670	0.150308	0	4.029	1.02
10.7	0.00282218	0.000722625	16024.4	1050	105	15510.8	40.8676	40.8676	163.471	163.471	0 49611.7 10398.8 	60010.5	9.12883	6.55445	12703.2	670	0.150307	0	4.029	1.02
10.8	0.0028224	0.000723002	16034.9	1050	105	15521.6	40.8312	40.8312	163.325	163.325	0 49589.9 10391.8 	59981.7	9.12663	6.55445	12703.2	670	0.150304	0	4.029	1.02
10.9	0.00282263	0.000723373	16045.2	1050	105	15532.2	40.7948	40.7948	163.179	163.179	0 49568.3 10384.8 	59953.1	9.12446	6.55445	12703.2	670	0.1503	0	4.029	1.02
11	0.00282285	0.000723741	16055.4	1050	105	15542.8	40.7584	40.7584	163.034	163.034	0 49547 10377.9 	59924.9	9.12231	6.55445	12703.2	670	0.150294	0	4.029	1.02
11.1	0.00282307	0.000724104	16065.5	1050	105	15553.3	40.7221	40.7221	162.888	162.888	0 49526 10370.8 	59896.9	9.12017	6.55445	12703.2	670	0.150287	0	4.029	1.02
11.2	0.00282329	0.000724463	16075.5	1050	105	15563.6	40.6858	40.6858	162.743	162.743	0 49505.3 10363.8 	59869.1	9.11805	6.55445	12703.2	670	0.150278	0	4.029	1.02
11.3	0.0028235	0.000724819	16085.3	1050	105	15573.8	40.6496	40.6496	162.598	162.598	0 49484.9 10356.8 	59841.6	9.11595	6.55445	12703.2	670	0.150269	0	4.029	1.02
11.4	0.00282372	0.00072517	16095.1	1050	105	15584	40.6133	40.6133	162.453	162.453	0 49464.7 10349.7 	59814.4	9.11386	6.55445	12703.2	670	0.150258	0	4.029	1.02
11.5	0.00282393	0.000725518	16104.8	1050	105	15594	40.5772	40.5772	162.309	162.309	0 49444.7 10342.7 	59787.4	9.11179	6.55445	12703.2	670	0.150245	0	4.029	1.02
11.6	0.00282415	0.000725862	16114.4	1050	105	15604	40.541	40.541	162.164	162.164	0 49425 10335.6 	59760.6	9.10973	6.55445	12703.2	670	0.150232	0	4.029	1.02
11.7	0.00282436	0.000726203	16123.9	1050	105	15613.8	40.5049	40.5049	162.02	162.02	0 49405.4 10328.5 	59734	9.10769	6.55445	12703.2	670	0.150217	0	4.029	1.02
11.8	0.00282457	0.00072654	16133.3	1050	105	15623.6	40.4688	40.4688	161.875	161.875	0 49386.2 10321.4 	59707.6	9.10566	6.55445	12703.2	670	0.150202	0	4.029	1.02
11.9	0.00282478	0.000726875	16142.6	1050	105	15633.3	40.4328	40.4328	161.731	161.731	0 49367.1 10314.3 	59681.4	9.10365	6.55445	12703.2	670	0.150185	0	4.029	1.02
12	0.00282498	0.000727206	16151.8	1050	105	15642.9	40.3968	40.3968	161.587	161.587	0 49348.2 10307.2 	59655.4	9.10165	6.55445	12703.2	670	0.150168	0	4.029	1.02
12.1	0.00282519	0.000727534	16161	1050	105	15652.4	40.3608	40.3608	161.443	161.443	0 49329.5 10300.1 	59629.6	9.09966	6.55445	12703.2	670	0.150149	0	4.029	1.02
12.2	0.00282539	0.000727859	16170.1	1050	105	15661.8	40.3249	40.3249	161.299	161.299	0 49311.1 10293 	59604	9.09769	6.55445	12703.2	670	0.15013	0	4.029	1.02
12.3	0.0028256	0.000728182	16179.1	1050	105	15671.2	40.289	40.289	161.156	161.156	0 49292.8 10285.8 	59578.6	9.09573	6.55445	12703.2	670	0.150109	0	4.029	1.02
12.4	0.0028258	0.000728502	16188	1050	105	15680.5	40.2531	40.2531	161.012	161.012	0 49274.7 10278.7 	59553.3	9.09377	6.55445	12703.2	670	0.150088	0	4.029	1.02
12.5	0.002826	0.000728819	16196.9	1050	105	15689.7	40.2173	40.2173	160.869	160.869	0 49256.7 10271.5 	59528.2	9.09184	6.55445	12703.2	670	0.150066	0	4.029	1.02
12.6	0.0028262	0.000729134	16205.7	1050	105	15698.9	40.1815	40.1815	160.726	160.726	0 49238.9 10264.4 	59503.3	9.08991	6.55445	12703.2	670	0.150043	0	4.029	1.02
12.7	0.0028264	0.000729446	16214.5	1050	105	15708	40.1457	40.1457	160.583	160.583	0 49221.3 10257.2 	59478.5	9.08799	6.55445	12703.2	670	0.150019	0	4.029	1.02
12.8	0.00282659	0.000729756	16223.1	1050	105	15717	40.11	40.11	160.44	160.44	0 49203.9 10250 	59453.9	9.08608	6.55445	12703.2	670	0.149994	0	4.029	1.02
12.9	0.00282679	0.000730063	16231.8	1050	105	15726	40.0743	40.0743	160.297	160.297	0 49186.6 10242.9 	59429.4	9.08419	6.55445	12703.2	670	0.149969	0	4.029	1.02
13	0.00282699	0.000730368	16240.3	1050	105	15734.9	40.0387	40.0387	160.155	160.155	0 49169.4 10235.7 	59405.1	9.0823	6.55445	12703.2	670	0.149943	0	4.029	1.02
13.1	0.00282718	0.000730671	16248.8	1050	105	15743.8	40.0031	40.0031	160.012	160.012	0 49152.4 10228.5 	59380.9	9.08042	6.55445	12703.2	670	0.149916	0	4.029	1.02
13.2	0.00282738	0.000730973	16257.3	1050	105	15752.6	39.9675	39.9675	159.87	159.87	0 49135.5 10221.3 	59356.9	9.07855	6.55445	12703.2	670	0.149889	0	4.029	1.02
13.3	0.00282757	0.000731272	16265.7	1050	105	15761.4	39.932	39.932	159.728	159.728	0 49118.8 10214.1 	59332.9	9.07669	6.55445	12703.2	670	0.14986	0	4.029	1.02
13.4	0.00282776	0.000731569	16274	1050	105	15770.1	39.8965	39.8965	159.586	159.586	0 49102.2 10206.9 	59309.1	9.07484	6.55445	12703.2	670	0.149832	0	4.029	1.02
13.5	0.00282795	0.000731864	16282.3	1050	105	15778.7	39.861	39.861	159.444	159.444	0 49085.7 10199.7 	59285.4	9.073	6.55445	12703.2	670	0.149802	0	4.029	1.02
13.6	0.00282814	0.000732157	16290.6	1050	105	15787.3	39.8256	39.8256	159.302	159.302	0 49069.3 10192.5 	59261.9	9.07116	6.55445	12703.2	670	0.149772	0	4.029	1.02
13.7	0.00282833	0.000732449	16298.8	1050	105	15795.9	39.7902	39.7902	159.161	159.161	0 49053.1 10185.3 	59238.4	9.06933	6.55445	12703.2	670	0.149742	0	4.029	1.02
13.8	0.00282852	0.000732739	16306.9	1050	105	15804.4	39.7548	39.7548	159.019	159.019	0 49037 10178.1 	59215.1	9.06752	6.55445	12703.2	670	0.149711	0	4.029	1.02
13.9	0.00282871	0.000733027	16315	1050	105	15812.8	39.7195	39.7195	158.878	158.878	0 49020.9 10170.9 	59191.9	9.0657	6.55445	12703.2	670	0.149679	0	4.029	1.02
14	0.0028289	0.000733314	16323.1	1050	105	15821.3	39.6842	39.6842	158.737	158.737	0 49005 10163.7 	59168.7	9.0639	6.55445	12703.2	670	0.149647	0	4.029	1.02
14.1	0.00282909	0.000733599	16331.1	1050	105	15829.7	39.6489	39.6489	158.596	158.596	0 48989.2 10156.5 	59145.7	9.0621	6.55445	12703.2	670	0.149615	0	4.029	1.02
14.2	0.00282927	0.000733883	16339.1	1050	105	15838	39.6137	39.6137	158.455	158.455	0 48973.5 10149.3 	59122.8	9.06031	6.55445	12703.2	670	0.149581	0	4.029	1.02
14.3	0.00282946	0.000734165	16347.1	1050	105	15846.3	39.5785	39.5785	158.314	158.314	0 48957.9 10142.1 	59100	9.05853	6.55445	12703.2	670	0.149548	0	4.029	1.02
14.4	0.00282964	0.000734446	16355	1050	105	15854.6	39.5434	39.5434	158.173	158.173	0 48942.4 10134.9 	59077.2	9.05675	6.55445	12703.2	670	0.149514	0	4.029	1.02
14.5	0.00282983	0.000734725	16362.9	1050	105	15862.8	39.5082	39.5082	158.033	158.033	0 48927 10127.6 	59054.6	9.05498	6.55445	12703.2	670	0.149479	0	4.029	1.02
14.6	0.00283001	0.000735003	16370.7	1050	105	15871	39.4732	39.4732	157.893	157.893	0 48911.6 10120.4 	59032	9.05321	6.55445	12703.2	670	0.149445	0	4.029	1.02
14.7	0.00283019	0.00073528	16378.6	1050	105	15879.2	39.4381	39.4381	157.752	157.752	0 48896.4 10113.2 	59009.6	9.05145	6.55445	12703.2	670	0.149409	0	4.029	1.02
14.8	0.00283038	0.000735556	16386.3	1050	105	15887.3	39.4031	39.4031	157.612	157.612	0 48881.2 10106 	58987.2	9.0497	6.55445	12703.2	670	0.149374	0	4.029	1.02
14.9	0.00283056	0.00073583	16394.1	1050	105	15895.4	39.3681	39.3681	157.473	157.473	0 48866.1 10098.8 	58964.9	9.04795	6.55445	12703.2	670	0.149337	0	4.029	1.02
15	0.00283074	0.000736104	16401.8	1050	105	15903.5	39.3332	39.3332	157.333	157.333	0 48851.1 10091.5 	58942.6	9.04621	6.55445	12703.2	670	0.149301	0	4.029	1.02
15.1	0.00283092	0.000736376	16409.5	1050	105	15911.5	39.2983	39.2983	157.193	157.193	0 48836.2 10084.3 	58920.5	9.04447	6.55445	12703.2	670	0.149264	0	4.029	1.02
15.2	0.0028311	0.000736647	16417.2	1050	105	15919.5	39.2634	39.2634	157.054	157.054	0 48821.3 10077.1 	58898.4	9.04274	6.55445	12703.2	670	0.149227	0	4.029	1.02
15.3	0.00283128	0.000736917	16424.8	1050	105	15927.5	39.2286	39.2286	156.914	156.914	0 48806.5 10069.9 	58876.4	9.04101	6.55445	12703.2	670	0.14919	0	4.029	1.02
15.4	0.00283146	0.000737186	16432.4	1050	105	15935.5	39.1938	39.1938	156.775	156.775	0 48791.8 10062.7 	58854.5	9.03929	6.55445	12703.2	670	0.149152	0	4.029	1.02
15.5	0.00283164	0.000737454	16440	1050	105	15943.4	39.159	39.159	156.636	156.636	0 48777.2 10055.5 	58832.6	9.03758	6.55445	12703.2	670	0.149114	0	4.029	1.02
15.6	0.00283182	0.000737721	16447.6	1050	105	15951.3	39.1243	39.1243	156.497	156.497	0 48762.6 10048.2 	58810.8	9.03586	6.55445	12703.2	670	0.149075	0	4.029	1.02
15.7	0.002832	0.000737988	16455.1	1050	105	15959.2	39.0896	39.0896	156.358	156.358	0 48748.1 10041 	58789.1	9.03415	6.55445	12703.2	670	0.149036	0	4.029	1.02
15.8	0.00283218	0.000738253	16462.6	1050	105	15967.1	39.0549	39.0549	156.22	156.22	0 48733.6 10033.8 	58767.4	9.03245	6.55445	12703.2	670	0.148997	0	4.029	1.02
15.9	0.00283236	0.000738517	16470.1	1050	105	15974.9	39.0203	39.0203	156.081	156.081	0 48719.2 10026.6 	58745.8	9.03075	6.55445	12703.2	670	0.148958	0	4.029	1.02
16	0.00283253	0.000738781	16477.6	1050	105	15982.7	38.9857	38.9857	155.943	155.943	0 48704.9 10019.4 	58724.3	9.02906	6.55445	12703.2	670	0.148918	0	4.029	1.02
16.1	0.00283271	0.000739044	16485	1050	105	15990.5	38.9511	38.9511	155.805	155.805	0 48690.6 10012.2 	58702.8	9.02737	6.55445	12703.2	670	0.148879	0	4.029	1.02
16.2	0.00283289	0.000739306	16492.5	1050	105	15998.3	38.9166	38.9166	155.666	155.666	0 48676.4 10005 	58681.3	9.02568	6.55445	12703.2	670	0.148839	0	4.029	1.02
16.3	0.00283306	0.000739567	16499.9	1050	105	16006	38.8821	38.8821	155.529	155.529	0 48662.2 9997.79 	58660	9.024	6.55445	12703.2	670	0.148798	0	4.029	1.02
16.4	0.00283324	0.000739828	16507.3	1050	105	16013.8	38.8477	38.8477	155.391	155.391	0 48648.1 9990.59 	58638.6	9.02232	6.55445	12703.2	670	0.148758	0	4.029	1.02
16.5	0.00283341	0.000740088	16514.6	1050	105	16021.5	38.8133	38.8133	155.253	155.253	0 48634 9983.39 	58617.4	9.02064	6.55445	12703.2	670	0.148717	0	4.029	1.02
16.6	0.00283359	0.000740347	16522	1050	105	16029.2	38.7789	38.7789	155.115	155.115	0 48620 9976.2 	58596.2	9.01897	6.55445	12703.2	670	0.148676	0	4.029	1.02
16.7	0.00283376	0.000740606	16529.3	1050	105	16036.9	38.7445	38.7445	154.978	154.978	0 48606 9969.01 	58575	9.0173	6.55445	12703.2	670	0.148635	0	4.029	1.02
16.8	0.00283394	0.000740864	16536.6	1050	105	16044.5	38.7102	38.7102	154.841	154.841	0 48592.1 9961.82 	58553.9	9.01564	6.55445	12703.2	670	0.148593	0	4.029	1.02
16.9	0.00283411	0.000741121	16544	1050	105	16052.2	38.6759	38.6759	154.704	154.704	0 48578.2 9954.63 	58532.8	9.01397	6.55445	12703.2	670	0.148552	0	4.029	1.02
17	0.00283429	0.000741378	16551.2	1050	105	16059.8	38.6417	38.6417	154.567	154.567	0 48564.3 9947.44 	58511.8	9.01232	6.55445	12703.2	670	0.14851	0	4.029	1.02
17.1	0.00283446	0.000741634	16558.5	1050	105	16067.4	38.6075	38.6075	154.43	154.43	0 48550.5 9940.26 	58490.8	9.01066	6.55445	12703.2	670	0.148468	0	4.029	1.02
17.2	0.00283463	0.000741889	16565.8	1050	105	16075	38.5733	38.5733	154.293	154.293	0 48536.8 9933.08 	58469.9	9.00901	6.55445	12703.2	670	0.148426	0	4.029	1.02
17.3	0.00283481	0.000742144	16573	1050	105	16082.6	38.5391	38.5391	154.157	154.157	0 48523.1 9925.91 	58449	9.00736	6.55445	12703.2	670	0.148383	0	4.029	1.02
17.4	0.00283498	0.000742399	16580.3	1050	105	16090.2	38.505	38.505	154.02	154.02	0 48509.4 9918.73 	58428.1	9.00571	6.55445	12703.2	670	0.148341	0	4.029	1.02
17.5	0.00283515	0.000742653	16587.5	1050	105	16097.8	38.4709	38.4709	153.884	153.884	0 48495.7 9911.56 	58407.3	9.00407	6.55445	12703.2	670	0.148298	0	4.029	1.02
17.6	0.00283532	0.000742906	16594.7	1050	105	16105.3	38.4369	38.4369	153.748	153.748	0 48482.1 9904.4 	58386.5	9.00243	6.55445	12703.2	670	0.148255	0	4.029	1.02
17.7	0.00283549	0.000743159	16601.9	1050	105	16112.9	38.4029	38.4029	153.612	153.612	0 48468.6 9897.23 	58365.8	9.00079	6.55445	12703.2	670	0.148212	0	4.029	1.02
17.8	0.00283567	0.000743412	16609.1	1050	105	16120.4	38.3689	38.3689	153.476	153.476	0 48455 9890.07 	58345.1	8.99916	6.55445	12703.2	670	0.148169	0	4.029	1.02
17.9	0.00283584	0.000743664	16616.2	1050	105	16127.9	38.335	38.335	153.34	153.34	0 48441.5 9882.92 	58324.5	8.99753	6.55445	12703.2	670	0.148126	0	4.029	1.02
18	0.00283601	0.000743915	16623.4	1050	105	16135.4	38.3011	38.3011	153.204	153.204	0 48428.1 9875.77 	58303.8	8.9959	6.55445	12703.2	670	0.148083	0	4.029	1.02
18.1	0.00283618	0.000744167	16630.6	1050	105	16142.9	38.2672	38.2672	153.069	153.069	0 48414.6 9868.62 	58283.3	8.99427	6.55445	12703.2	670	0.148039	0	4.029	1.02
18.2	0.00283635	0.000744418	16637.7	1050	105	16150.4	38.2333	38.2333	152.933	152.933	0 48401.2 9861.47 	58262.7	8.99265	6.55445	12703.2	670	0.147995	0	4.029	1.02
18.3	0.00283652	0.000744668	16644.8	1050	105	16157.8	38.1995	38.1995	152.798	152.798	0 48387.9 9854.33 	58242.2	8.99103	6.55445	12703.2	670	0.147952	0	4.029	1.02
18.4	0.00283669	0.000744918	16652	1050	105	16165.3	38.1658	38.1658	152.663	152.663	0 48374.5 9847.19 	58221.7	8.98941	6.55445	12703.2	670	0.147908	0	4.029	1.02
18.5	0.00283686	0.000745168	16659.1	1050	105	16172.7	38.132	38.132	152.528	152.528	0 48361.2 9840.06 	58201.3	8.98779	6.55445	12703.2	670	0.147864	0	4.029	1.02
18.6	0.00283703	0.000745417	16666.2	1050	105	16180.2	38.0983	38.0983	152.393	152.393	0 48347.9 9832.93 	58180.9	8.98617	6.55445	12703.2	670	0.14782	0	4.029	1.02
18.7	0.0028372	0.000745666	16673.3	1050	105	16187.6	38.0647	38.0647	152.259	152.259	0 48334.7 9825.8 	58160.5	8.98456	6.55445	12703.2	670	0.147775	0	4.029	1.02
18.8	0.00283737	0.000745915	16680.4	1050	105	16195	38.031	38.031	152.124	152.124	0 48321.5 9818.68 	58140.1	8.98295	6.55445	12703.2	670	0.147731	0	4.029	1.02
18.9	0.00283754	0.000746163	16687.4	1050	105	16202.5	37.9974	37.9974	151.99	151.99	0 48308.3 9811.56 	58119.8	8.98134	6.55445	12703.2	670	0.147687	0	4.029	1.02
19	0.00283771	0.000746411	16694.5	1050	105	16209.9	37.9638	37.9638	151.855	151.855	0 48295.1 9804.45 	58099.5	8.97974	6.55445	12703.2	670	0.147642	0	4.029	1.02
19.1	0.00283788	0.000746659	16701.6	1050	105	16217.3	37.9303	37.9303	151.721	151.721	0 48281.9 9797.34 	58079.3	8.97814	6.55445	12703.2	670	0.147597	0	4.029	1.02
19.2	0.00283805	0.000746906	16708.6	1050	105	16224.7	37.8968	37.8968	151.587	151.587	0 48268.8 9790.23 	58059	8.97653	6.55445	12703.2	670	0.147553	0	4.029	1.02
19.3	0.00283822	0.000747153	16715.7	1050	105	16232	37.8633	37.8633	151.453	151.453	0 48255.7 9783.13 	58038.8	8.97494	6.55445	12703.2	670	0.147508	0	4.029	1.02
19.4	0.00283838	0.0007474	16722.7	1050	105	16239.4	37.8299	37.8299	151.32	151.32	0 48242.6 9776.04 	58018.7	8.97334	6.55445	12703.2	670	0.147463	0	4.029	1.02
19.5	0.00283855	0.000747647	16729.7	1050	105	16246.8	37.7965	37.7965	151.186	151.186	0 48229.6 9768.94 	57998.5	8.97174	6.55445	12703.2	670	0.147418	0	4.029	1.02
19.6	0.00283872	0.000747893	16736.8	1050	105	16254.1	37.7631	37.7631	151.052	151.052	0 48216.5 9761.86 	57978.4	8.97015	6.55445	12703.2	670	0.147373	0	4.029	1.02
19.7	0.00283889	0.000748139	16743.8	1050	105	16261.5	37.7298	37.7298	150.919	150.919	0 48203.5 9754.77 	57958.3	8.96856	6.55445	12703.2	670	0.147328	0	4.029	1.02
19.8	0.00283906	0.000748385	16750.8	1050	105	16268.9	37.6965	37.6965	150.786	150.786	0 48190.6 9747.69 	57938.2	8.96697	6.55445	12703.2	670	0.147282	0	4.029	1.02
19.9	0.00283922	0.000748631	16757.8	1050	105	16276.2	37.6632	37.6632	150.653	150.653	0 48177.6 9740.62 	57918.2	8.96538	6.55445	12703.2	670	0.147237	0	4.029	1.02
20	0.00283939	0.000748876	16764.8	1050	105	16283.5	37.63	37.63	150.52	150.52	0 48164.6 9733.55 	57898.2	8.96379	6.55445	12703.2	670	0.147192	0	4.029	1.02
20.1	0.00283956	0.000749121	16771.8	1050	105	16290.9	37.5968	37.5968	150.387	150.387	0 48151.7 9726.48 	57878.2	8.96221	6.55445	12703.2	670	0.147146	0	4.029	1.02
20.2	0.00283973	0.000749366	16778.8	1050	105	16298.2	37.5636	37.5636	150.254	150.254	0 48138.8 9719.42 	57858.2	8.96063	6.55445	12703.2	670	0.147101	0	4.029	1.02
20.3	0.00283989	0.000749611	16785.8	1050	105	16305.5	37.5305	37.5305	150.122	150.122	0 48125.9 9712.36 	57838.3	8.95905	6.55445	12703.2	670	0.147055	0	4.029	1.02
20.4	0.00284006	0.000749856	16792.8	1050	105	16312.8	37.4974	37.4974	149.989	149.989	0 48113 9705.31 	57818.4	8.95747	6.55445	12703.2	670	0.14701	0	4.029	1.02
20.5	0.00284023	0.0007501	16799.8	1050	105	16320.2	37.4643	37.4643	149.857	149.857	0 48100.2 9698.26 	57798.5	8.95589	6.55445	12703.2	670	0.146964	0	4.029	1.02
20.6	0.00284039	0.000750344	16806.8	1050	105	16327.5	37.4312	37.4312	149.725	149.725	0 48087.4 9691.22 	57778.6	8.95432	6.55445	12703.2	670	0.146918	0	4.029	1.02
20.7	0.00284056	0.000750588	16813.7	1050	105	16334.8	37.3982	37.3982	149.593	149.593	0 48074.5 9684.18 	57758.7	8.95274	6.55445	12703.2	670	0.146873	0	4.029	1.02
20.8	0.00284072	0.000750832	16820.7	1050	105	16342.1	37.3653	37.3653	149.461	149.461	0 48061.7 9677.15 	57738.9	8.95117	6.55445	12703.2	670	0.146827	0	4.029	1.02
20.9	0.00284089	0.000751076	16827.7	1050	105	16349.4	37.3323	37.3323	149.329	149.329	0 48049 9670.12 	57719.1	8.9496	6.55445	12703.2	670	0.146781	0	4.029	1.02
21	0.00284106	0.000751319	16834.6	1050	105	16356.6	37.2994	37.2994	149.198	149.198	0 48036.2 9663.1 	57699.3	8.94803	6.55445	12703.2	670	0.146735	0	4.029	1.02
21.1	0.00284122	0.000751563	16841.6	1050	105	16363.9	37.2666	37.2666	149.066	149.066	0 48023.4 9656.08 	57679.5	8.94646	6.55445	12703.2	670	0.146689	0	4.029	1.02
21.2	0.00284139	0.000751806	16848.6	1050	105	16371.2	37.2337	37.2337	148.935	148.935	0 48010.7 9649.06 	57659.8	8.9449	6.55445	12703.2	670	0.146643	0	4.029	1.02
21.3	0.00284155	0.000752049	16855.5	1050	105	16378.5	37.2009	37.2009	148.804	148.804	0 47998 9642.05 	57640	8.94333	6.55445	12703.2	670	0.146597	0	4.029	1.02
21.4	0.00284172	0.000752292	16862.5	1050	105	16385.8	37.1681	37.1681	148.673	148.673	0 47985.3 9635.05 	57620.3	8.94177	6.55445	12703.2	670	0.146551	0	4.029	1.02
21.5	0.00284189	0.000752534	16869.4	1050	105	16393	37.1354	37.1354	148.542	148.542	0 47972.6 9628.05 	57600.7	8.94021	6.55445	12703.2	670	0.146505	0	4.029	1.02
21.6	0.00284205	0.000752777	16876.3	1050	105	16400.3	37.1027	37.1027	148.411	148.411	0 47959.9 9621.06 	57581	8.93865	6.55445	12703.2	670	0.146458	0	4.029	1.02
21.7	0.00284222	0.00075302	16883.3	1050	105	16407.6	37.07	37.07	148.28	148.28	0 47947.3 9614.07 	57561.3	8.93709	6.55445	12703.2	670	0.146412	0	4.029	1.02
21.8	0.00284238	0.000753262	16890.2	1050	105	16414.8	37.0374	37.0374	148.149	148.149	0 47934.6 9607.08 	57541.7	8.93553	6.55445	12703.2	670	0.146366	0	4.029	1.02
21.9	0.00284255	0.000753504	16897.1	1050	105	16422.1	37.0048	37.0048	148.019	148.019	0 47922 9600.1 	57522.1	8.93398	6.55445	12703.2	670	0.14632	0	4.029	1.02
22	0.00284271	0.000753746	16904.1	1050	105	16429.4	36.9722	36.9722	147.889	147.889	0 47909.4 9593.13 	57502.5	8.93242	6.55445	12703.2	670	0.146273	0	4.029	1.02
22.1	0.00284288	0.000753988	16911	1050	105	16436.6	36.9396	36.9396	147.759	147.759	0 47896.8 9586.16 	57482.9	8.93087	6.55445	12703.2	670	0.146227	0	4.029	1.02
22.2	0.00284304	0.00075423	16917.9	1050	105	16443.9	36.9071	36.9071	147.628	147.628	0 47884.2 9579.19 	57463.4	8.92932	6.55445	12703.2	670	0.146181	0	4.029	1.02
22.3	0.0028432	0.000754472	16924.9	1050	105	16451.1	36.8746	36.8746	147.499	147.499	0 47871.6 9572.23 	57443.8	8.92777	6.55445	12703.2	670	0.146134	0	4.029	1.02
22.4	0.00284337	0.000754714	16931.8	1050	105	16458.4	36.8422	36.8422	147.369	147.369	0 47859 9565.28 	57424.3	8.92622	6.55445	12703.2	670	0.146088	0	4.029	1.02
22.5	0.00284353	0.000754955	16938.7	1050	105	16465.6	36.8098	36.8098	147.239	147.239	0 47846.5 9558.33 	57404.8	8.92467	6.55445	12703.2	670	0.146041	0	4.029	1.02
22.6	0.0028437	0.000755197	16945.6	1050	105	16472.8	36.7774	36.7774	147.11	147.11	0 47834 9551.38 	57385.3	8.92313	6.55445	12703.2	670	0.145995	0	4.029	1.02
22.7	0.00284386	0.000755438	16952.5	1050	105	16480.1	36.745	36.745	146.98	146.98	0 47821.4 9544.44 	57365.9	8.92158	6.55445	12703.2	670	0.145948	0	4.029	1.02
22.8	0.00284403	0.00075568	16959.4	1050	105	16487.3	36.7127	36.7127	146.851	146.851	0 47808.9 9537.51 	57346.4	8.92004	6.55445	12703.2	670	0.145902	0	4.029	1.02
22.9	0.00284419	0.000755921	16966.4	1050	105	16494.6	36.6804	36.6804	146.722	146.722	0 47796.4 9530.58 	57327	8.9185	6.55445	12703.2	670	0.145855	0	4.029	1.02
23	0.00284435	0.000756162	16973.3	1050	105	16501.8	36.6482	36.6482	146.593	146.593	0 47783.9 9523.65 	57307.6	8.91696	6.55445	12703.2	670	0.145808	0	4.029	1.02
23.1	0.00284452	0.000756403	16980.2	1050	105	16509	36.616	36.616	146.464	146.464	0 47771.4 9516.73 	57288.2	8.91542	6.55445	12703.2	670	0.145762	0	4.029	1.02
23.2	0.00284468	0.000756644	16987.1	1050	105	16516.3	36.5838	36.5838	146.335	146.335	0 47759 9509.82 	57268.8	8.91388	6.55445	12703.2	670	0.145715	0	4.029	1.02
23.3	0.00284484	0.000756885	16994	1050	105	16523.5	36.5516	36.5516	146.206	146.206	0 47746.5 9502.91 	57249.4	8.91234	6.55445	12703.2	670	0.145668	0	4.029	1.02
23.4	0.00284501	0.000757126	17000.9	1050	105	16530.7	36.5195	36.5195	146.078	146.078	0 47734.1 9496 	57230.1	8.9108	6.55445	12703.2	670	0.145622	0	4.029	1.02
23.5	0.00284517	0.000757367	17007.8	1050	105	16537.9	36.4874	36.4874	145.95	145.95	0 47721.6 9489.1 	57210.7	8.90927	6.55445	12703.2	670	0.145575	0	4.029	1.02
23.6	0.00284533	0.000757608	17014.7	1050	105	16545.2	36.4553	36.4553	145.821	145.821	0 47709.2 9482.21 	57191.4	8.90774	6.55445	12703.2	670	0.145528	0	4.029	1.02
23.7	0.0028455	0.000757848	17021.6	1050	105	16552.4	36.4233	36.4233	145.693	145.693	0 47696.8 9475.32 	57172.1	8.9062	6.55445	12703.2	670	0.145482	0	4.029	1.02
23.8	0.00284566	0.000758089	17028.5	1050	105	16559.6	36.3913	36.3913	145.565	145.565	0 47684.4 9468.44 	57152.8	8.90467	6.55445	12703.2	670	0.145435	0	4.029	1.02
23.9	0.00284582	0.000758329	17035.4	1050	105	16566.8	36.3593	36.3593	145.437	145.437	0 47672 9461.56 	57133.5	8.90314	6.55445	12703.2	670	0.145388	0	4.029	1.02
24	0.00284599	0.00075857	17042.3	1050	105	16574	36.3274	36.3274	145.31	145.31	0 47659.6 9454.68 	57114.3	8.90161	6.55445	12703.2	670	0.145341	0	4.029	1.02
24.1	0.00284615	0.00075881	17049.2	1050	105	16581.2	36.2955	36.2955	145.182	145.182	0 47647.2 9447.81 	57095	8.90009	6.55445	12703.2	670	0.145294	0	4.029	1.02
24.2	0.00284631	0.000759051	17056.1	1050	105	16588.5	36.2636	36.2636	145.055	145.055	0 47634.9 9440.95 	57075.8	8.89856	6.55445	12703.2	670	0.145248	0	4.029	1.02
24.3	0.00284647	0.000759291	17063	1050	105	16595.7	36.2318	36.2318	144.927	144.927	0 47622.5 9434.09 	57056.6	8.89703	6.55445	12703.2	670	0.145201	0	4.029	1.02
24.4	0.00284664	0.000759531	17069.9	1050	105	16602.9	36.2	36.2	144.8	144.8	0 47610.2 9427.24 	57037.4	8.89551	6.55445	12703.2	670	0.145154	0	4.029	1.02
24.5	0.0028468	0.000759771	17076.8	1050	105	16610.1	36.1682	36.1682	144.673	144.673	0 47597.8 9420.39 	57018.2	8.89399	6.55445	12703.2	670	0.145107	0	4.029	1.02
24.6	0.00284696	0.000760011	17083.7	1050	105	16617.3	36.1365	36.1365	144.546	144.546	0 47585.5 9413.55 	56999.1	8.89247	6.55445	12703.2	670	0.14506	0	4.029	1.02
24.7	0.00284712	0.000760252	17090.6	1050	105	16624.5	36.1048	36.1048	144.419	144.419	0 47573.2 9406.71 	56979.9	8.89094	6.55445	12703.2	670	0.145013	0	4.029	1.02
24.8	0.00284729	0.000760492	17097.5	1050	105	16631.7	36.0731	36.0731	144.292	144.292	0 47560.9 9399.88 	56960.8	8.88942	6.55445	12703.2	670	0.144966	0	4.029	1.02
24.9	0.00284745	0.000760732	17104.4	1050	105	16638.9	36.0414	36.0414	144.166	144.166	0 47548.6 9393.05 	56941.6	8.88791	6.55445	12703.2	670	0.144919	0	4.029	1.02
25	0.00284761	0.000760972	17111.2	1050	105	16646.1	36.0098	36.0098	144.039	144.039	0 47536.3 9386.23 	56922.5	8.88639	6.55445	12703.2	670	0.144873	0	4.029	1.02
25.1	0.00284777	0.000761212	17118.1	1050	105	16653.4	35.9782	35.9782	143.913	143.913	0 47524 9379.41 	56903.4	8.88487	6.55445	12703.2	670	0.144826	0	4.029	1.02
25.2	0.00284794	0.000761451	17125	1050	105	16660.6	35.9467	35.9467	143.787	143.787	0 47511.7 9372.6 	56884.4	8.88336	6.55445	12703.2	670	0.144779	0	4.029	1.02
25.3	0.0028481	0.000761691	17131.9	1050	105	16667.8	35.9152	35.9152	143.661	143.661	0 47499.5 9365.8 	56865.3	8.88184	6.55445	12703.2	670	0.144732	0	4.029	1.02
25.4	0.00284826	0.000761931	17138.8	1050	105	16675	35.8837	35.8837	143.535	143.535	0 47487.2 9358.99 	56846.2	8.88033	6.55445	12703.2	670	0.144685	0	4.029	1.02
25.5	0.00284842	0.000762171	17145.7	1050	105	16682.2	35.8522	35.8522	143.409	143.409	0 47475 9352.2 	56827.2	8.87882	6.55445	12703.2	670	0.144638	0	4.029	1.02
25.6	0.00284858	0.000762411	17152.6	1050	105	16689.4	35.8208	35.8208	143.283	143.283	0 47462.8 9345.41 	56808.2	8.87731	6.55445	12703.2	670	0.144591	0	4.029	1.02
25.7	0.00284874	0.00076265	17159.5	1050	105	16696.6	35.7894	35.7894	143.158	143.158	0 47450.5 9338.62 	56789.1	8.8758	6.55445	12703.2	670	0.144544	0	4.029	1.02
25.8	0.0028489	0.00076289	17166.4	1050	105	16703.8	35.758	35.758	143.032	143.032	0 47438.3 9331.84 	56770.1	8.87429	6.55445	12703.2	670	0.144497	0	4.029	1.02
25.9	0.00284907	0.00076313	17173.2	1050	105	16711	35.7267	35.7267	142.907	142.907	0 47426.1 9325.07 	56751.2	8.87278	6.55445	12703.2	670	0.14445	0	4.029	1.02
26	0.00284923	0.000763369	17180.1	1050	105	16718.2	35.6954	35.6954	142.782	142.782	0 47413.9 9318.3 	56732.2	8.87127	6.55445	12703.2	670	0.144403	0	4.029	1.02
26.1	0.00284939	0.000763609	17187	1050	105	16725.4	35.6641	35.6641	142.656	142.656	0 47401.7 9311.53 	56713.2	8.86977	6.55445	12703.2	670	0.144356	0	4.029	1.02
26.2	0.00284955	0.000763848	17193.9	1050	105	16732.6	35.6329	35.6329	142.532	142.532	0 47389.5 9304.77 	56694.3	8.86826	6.55445	12703.2	670	0.144309	0	4.029	1.02
26.3	0.00284971	0.000764088	17200.8	1050	105	16739.8	35.6017	35.6017	142.407	142.407	0 47377.3 9298.02 	56675.3	8.86676	6.55445	12703.2	670	0.144262	0	4.029	1.02
26.4	0.00284987	0.000764328	17207.7	1050	105	16747	35.5705	35.5705	142.282	142.282	0 47365.2 9291.27 	56656.4	8.86526	6.55445	12703.2	670	0.144215	0	4.029	1.02
26.5	0.00285003	0.000764567	17214.6	1050	105	16754.2	35.5394	35.5394	142.157	142.157	0 47353 9284.52 	56637.5	8.86375	6.55445	12703.2	670	0.144168	0	4.029	1.02
26.6	0.00285019	0.000764807	17221.4	1050	105	16761.4	35.5082	35.5082	142.033	142.033	0 47340.8 9277.78 	56618.6	8.86225	6.55445	12703.2	670	0.144121	0	4.029	1.02
26.7	0.00285035	0.000765046	17228.3	1050	105	16768.6	35.4772	35.4772	141.909	141.909	0 47328.7 9271.05 	56599.7	8.86075	6.55445	12703.2	670	0.144074	0	4.029	1.02
26.8	0.00285052	0.000765285	17235.2	1050	105	16775.8	35.4461	35.4461	141.784	141.784	0 47316.6 9264.32 	56580.9	8.85926	6.55445	12703.2	670	0.144027	0	4.029	1.02
26.9	0.00285068	0.000765525	17242.1	1050	105	16783	35.4151	35.4151	141.66	141.66	0 47304.4 9257.6 	56562	8.85776	6.55445	12703.2	670	0.14398	0	4.029	1.02
27	0.00285084	0.000765764	17249	1050	105	16790.2	35.3841	35.3841	141.536	141.536	0 47292.3 9250.88 	56543.2	8.85626	6.55445	12703.2	670	0.143933	0	4.029	1.02
27.1	0.002851	0.000766004	17255.9	1050	105	16797.4	35.3531	35.3531	141.413	141.413	0 47280.2 9244.17 	56524.3	8.85477	6.55445	12703.2	670	0.143886	0	4.029	1.02
27.2	0.00285116	0.000766243	17262.8	1050	105	16804.5	35.3222	35.3222	141.289	141.289	0 47268.1 9237.46 	56505.5	8.85327	6.55445	12703.2	670	0.143839	0	4.029	1.02
27.3	0.00285132	0.000766482	17269.7	1050	105	16811.7	35.2913	35.2913	141.165	141.165	0 47256 9230.76 	56486.7	8.85178	6.55445	12703.2	670	0.143792	0	4.029	1.02
27.4	0.00285148	0.000766722	17276.5	1050	105	16818.9	35.2604	35.2604	141.042	141.042	0 47243.9 9224.06 	56467.9	8.85028	6.55445	12703.2	670	0.143745	0	4.029	1.02
27.5	0.00285164	0.000766961	17283.4	1050	105	16826.1	35.2296	35.2296	140.918	140.918	0 47231.8 9217.37 	56449.2	8.84879	6.55445	12703.2	670	0.143698	0	4.029	1.02
27.6	0.0028518	0.0007672	17290.3	1050	105	16833.3	35.1988	35.1988	140.795	140.795	0 47219.7 9210.68 	56430.4	8.8473	6.55445	12703.2	670	0.143651	0	4.029	1.02
27.7	0.00285196	0.000767439	17297.2	1050	105	16840.5	35.168	35.168	140.672	140.672	0 47207.6 9204 	56411.6	8.84581	6.55445	12703.2	670	0.143604	0	4.029	1.02
27.8	0.00285212	0.000767679	17304.1	1050	105	16847.7	35.1373	35.1373	140.549	140.549	0 47195.6 9197.32 	56392.9	8.84432	6.55445	12703.2	670	0.143557	0	4.029	1.02
27.9	0.00285228	0.000767918	17311	1050	105	16854.9	35.1066	35.1066	140.426	140.426	0 47183.5 9190.65 	56374.2	8.84284	6.55445	12703.2	670	0.14351	0	4.029	1.02
28	0.00285244	0.000768157	17317.9	1050	105	16862.1	35.0759	35.0759	140.304	140.304	0 47171.5 9183.99 	56355.5	8.84135	6.55445	12703.2	670	0.143463	0	4.029	1.02
28.1	0.0028526	0.000768396	17324.8	1050	105	16869.3	35.0452	35.0452	140.181	140.181	0 47159.4 9177.32 	56336.7	8.83986	6.55445	12703.2	670	0.143416	0	4.029	1.02
28.2	0.00285276	0.000768635	17331.6	1050	105	16876.5	35.0146	35.0146	140.059	140.059	0 47147.4 9170.67 	56318.1	8.83838	6.55445	12703.2	670	0.143369	0	4.029	1.02
28.3	0.00285292	0.000768875	17338.5	1050	105	16883.7	34.984	34.984	139.936	139.936	0 47135.4 9164.02 	56299.4	8.8369	6.55445	12703.2	670	0.143322	0	4.029	1.02
28.4	0.00285308	0.000769114	17345.4	1050	105	16890.9	34.9535	34.9535	139.814	139.814	0 47123.3 9157.37 	56280.7	8.83541	6.55445	12703.2	670	0.143275	0	4.029	1.02
28.5	0.00285324	0.000769353	17352.3	1050	105	16898.1	34.923	34.923	139.692	139.692	0 47111.3 9150.73 	56262.1	8.83393	6.55445	12703.2	670	0.143228	0	4.029	1.02
28.6	0.0028534	0.000769592	17359.2	1050	105	16905.3	34.8925	34.8925	139.57	139.57	0 47099.3 9144.1 	56243.4	8.83245	6.55445	12703.2	670	0.143181	0	4.029	1.02
28.7	0.00285356	0.000769831	17366.1	1050	105	16912.5	34.862	34.862	139.448	139.448	0 47087.3 9137.47 	56224.8	8.83097	6.55445	12703.2	670	0.143133	0	4.029	1.02
28.8	0.00285371	0.00077007	17373	1050	105	16919.7	34.8316	34.8316	139.326	139.326	0 47075.3 9130.84 	56206.2	8.82949	6.55445	12703.2	670	0.143086	0	4.029	1.02
28.9	0.00285387	0.000770309	17379.9	1050	105	16926.9	34.8011	34.8011	139.205	139.205	0 47063.3 9124.22 	56187.6	8.82801	6.55445	12703.2	670	0.143039	0	4.029	1.02
29	0.00285403	0.000770549	17386.8	1050	105	16934.1	34.7708	34.7708	139.083	139.083	0 47051.4 9117.61 	56169	8.82654	6.55445	12703.2	670	0.142992	0	4.029	1.02
29.1	0.00285419	0.000770788	17393.7	1050	105	16941.3	34.7404	34.7404	138.962	138.962	0 47039.4 9111 	56150.4	8.82506	6.55445	12703.2	670	0.142945	0	4.029	1.02
29.2	0.00285435	0.000771027	17400.5	1050	105	16948.4	34.7101	34.7101	138.84	138.84	0 47027.4 9104.39 	56131.8	8.82358	6.55445	12703.2	670	0.142898	0	4.029	1.02
29.3	0.00285451	0.000771266	17407.4	1050	105	16955.6	34.6798	34.6798	138.719	138.719	0 47015.5 9097.8 	56113.3	8.82211	6.55445	12703.2	670	0.142851	0	4.029	1.02
29.4	0.00285467	0.000771505	17414.3	1050	105	16962.8	34.6496	34.6496	138.598	138.598	0 47003.5 9091.2 	56094.7	8.82064	6.55445	12703.2	670	0.142804	0	4.029	1.02
29.5	0.00285483	0.000771744	17421.2	1050	105	16970	34.6193	34.6193	138.477	138.477	0 46991.6 9084.61 	56076.2	8.81916	6.55445	12703.2	670	0.142757	0	4.029	1.02
29.6	0.00285499	0.000771983	17428.1	1050	105	16977.2	34.5891	34.5891	138.357	138.357	0 46979.6 9078.03 	56057.6	8.81769	6.55445	12703.2	670	0.14271	0	4.029	1.02
29.7	0.00285515	0.000772222	17435	1050	105	16984.4	34.559	34.559	138.236	138.236	0 46967.7 9071.45 	56039.1	8.81622	6.55445	12703.2	670	0.142663	0	4.029	1.02
29.8	0.0028553	0.000772461	17441.9	1050	105	16991.6	34.5289	34.5289	138.115	138.115	0 46955.8 9064.88 	56020.6	8.81475	6.55445	12703.2	670	0.142616	0	4.029	1.02
29.9	0.00285546	0.0007727	17448.8	1050	105	16998.8	34.4987	34.4987	137.995	137.995	0 46943.8 9058.31 	56002.2	8.81328	6.55445	12703.2	670	0.142569	0	4.029	1.02
30	0.00285562	0.000772939	17455.7	1050	105	17006	34.4687	34.4687	137.875	137.875	0 46931.9 9051.75 	55983.7	8.81182	6.55445	12703.2	670	0.142522	0	4.029	1.02
30.1	0.00285578	0.000773178	17462.6	1050	105	17013.2	34.4386	34.4386	137.755	137.755	0 46920 9045.19 	55965.2	8.81035	6.55445	12703.2	670	0.142475	0	4.029	1.02
30.2	0.00285594	0.000773417	17469.5	1050	105	17020.4	34.4086	34.4086	137.634	137.634	0 46908.1 9038.63 	55946.8	8.80888	6.55445	12703.2	670	0.142428	0	4.029	1.02
30.3	0.0028561	0.000773656	17476.4	1050	105	17027.6	34.3786	34.3786	137.515	137.515	0 46896.2 9032.09 	55928.3	8.80742	6.55445	12703.2	670	0.142381	0	4.029	1.02
30.4	0.00285626	0.000773895	17483.3	1050	105	17034.8	34.3487	34.3487	137.395	137.395	0 46884.4 9025.54 	55909.9	8.80595	6.55445	12703.2	670	0.142334	0	4.029	1.02
30.5	0.00285641	0.000774134	17490.2	1050	105	17042	34.3188	34.3188	137.275	137.275	0 46872.5 9019.01 	55891.5	8.80449	6.55445	12703.2	670	0.142287	0	4.029	1.02
30.6	0.00285657	0.000774373	17497.1	1050	105	17049.2	34.2889	34.2889	137.155	137.155	0 46860.6 9012.47 	55873.1	8.80303	6.55445	12703.2	670	0.14224	0	4.029	1.02
30.7	0.00285673	0.000774612	17504	1050	105	17056.4	34.259	34.259	137.036	137.036	0 46848.7 9005.95 	55854.7	8.80157	6.55445	12703.2	670	0.142193	0	4.029	1.02
30.8	0.00285689	0.000774851	17510.9	1050	105	17063.6	34.2292	34.2292	136.917	136.917	0 46836.9 8999.42 	55836.3	8.80011	6.55445	12703.2	670	0.142146	0	4.029	1.02
30.9	0.00285705	0.00077509	17517.8	1050	105	17070.8	34.1994	34.1994	136.797	136.797	0 46825 8992.91 	55817.9	8.79865	6.55445	12703.2	670	0.142099	0	4.029	1.02
31	0.0028572	0.000775329	17524.7	1050	105	17078	34.1696	34.1696	136.678	136.678	0 46813.2 8986.39 	55799.6	8.79719	6.55445	12703.2	670	0.142052	0	4.029	1.02
31.1	0.00285736	0.000775568	17531.6	1050	105	17085.2	34.1398	34.1398	136.559	136.559	0 46801.3 8979.89 	55781.2	8.79573	6.55445	12703.2	670	0.142005	0	4.029	1.02
31.2	0.00285752	0.000775807	17538.5	1050	105	17092.4	34.1101	34.1101	136.441	136.441	0 46789.5 8973.39 	55762.9	8.79428	6.55445	12703.2	670	0.141958	0	4.029	1.02
31.3	0.00285768	0.000776046	17545.4	1050	105	17099.6	34.0804	34.0804	136.322	136.322	0 46777.7 8966.89 	55744.6	8.79282	6.55445	12703.2	670	0.141912	0	4.029	1.02
31.4	0.00285783	0.000776285	17552.3	1050	105	17106.8	34.0508	34.0508	136.203	136.203	0 46765.9 8960.4 	55726.2	8.79136	6.55445	12703.2	670	0.141865	0	4.029	1.02
31.5	0.00285799	0.000776524	17559.2	1050	105	17114	34.0212	34.0212	136.085	136.085	0 46754 8953.91 	55707.9	8.78991	6.55445	12703.2	670	0.141818	0	4.029	1.02
31.6	0.00285815	0.000776763	17566.1	1050	105	17121.2	33.9916	33.9916	135.966	135.966	0 46742.2 8947.43 	55689.7	8.78846	6.55445	12703.2	670	0.141771	0	4.029	1.02
31.7	0.00285831	0.000777002	17573	1050	105	17128.4	33.962	33.962	135.848	135.848	0 46730.4 8940.95 	55671.4	8.78701	6.55445	12703.2	670	0.141724	0	4.029	1.02
31.8	0.00285846	0.000777241	17579.9	1050	105	17135.6	33.9325	33.9325	135.73	135.73	0 46718.6 8934.48 	55653.1	8.78555	6.55445	12703.2	670	0.141677	0	4.029	1.02
31.9	0.00285862	0.00077748	17586.8	1050	105	17142.8	33.903	33.903	135.612	135.612	0 46706.8 8928.01 	55634.9	8.7841	6.55445	12703.2	670	0.14163	0	4.029	1.02
32	0.00285878	0.000777719	17593.7	1050	105	17150	33.8735	33.8735	135.494	135.494	0 46695.1 8921.55 	55616.6	8.78265	6.55445	12703.2	670	0.141583	0	4.029	1.02
32.1	0.00285894	0.000777958	17600.6	1050	105	17157.2	33.844	33.844	135.376	135.376	0 46683.3 8915.1 	55598.4	8.78121	6.55445	12703.2	670	0.141536	0	4.029	1.02
32.2	0.00285909	0.000778197	17607.5	1050	105	17164.4	33.8146	33.8146	135.258	135.258	0 46671.5 8908.65 	55580.2	8.77976	6.55445	12703.2	670	0.141489	0	4.029	1.02
32.3	0.00285925	0.000778436	17614.4	1050	105	17171.6	33.7852	33.7852	135.141	135.141	0 46659.7 8902.2 	55561.9	8.77831	6.55445	12703.2	670	0.141442	0	4.029	1.02
32.4	0.00285941	0.000778675	17621.3	1050	105	17178.8	33.7559	33.7559	135.023	135.023	0 46648 8895.76 	55543.7	8.77687	6.55445	12703.2	670	0.141395	0	4.029	1.02
32.5	0.00285956	0.000778914	17628.2	1050	105	17186	33.7265	33.7265	134.906	134.906	0 46636.2 8889.32 	55525.6	8.77542	6.55445	12703.2	670	0.141348	0	4.029	1.02
32.6	0.00285972	0.000779153	17635.1	1050	105	17193.2	33.6972	33.6972	134.789	134.789	0 46624.5 8882.89 	55507.4	8.77398	6.55445	12703.2	670	0.141301	0	4.029	1.02
32.7	0.00285988	0.000779392	17642	1050	105	17200.4	33.6679	33.6679	134.672	134.672	0 46612.8 8876.46 	55489.2	8.77253	6.55445	12703.2	670	0.141254	0	4.029	1.02
32.8	0.00286003	0.000779631	17648.9	1050	105	17207.6	33.6387	33.6387	134.555	134.555	0 46601 8870.04 	55471.1	8.77109	6.55445	12703.2	670	0.141208	0	4.029	1.02
32.9	0.00286019	0.00077987	17655.9	1050	105	17214.8	33.6095	33.6095	134.438	134.438	0 46589.3 8863.63 	55452.9	8.76965	6.55445	12703.2	670	0.141161	0	4.029	1.02
33	0.00286035	0.000780109	17662.8	1050	105	17222	33.5803	33.5803	134.321	134.321	0 46577.6 8857.22 	55434.8	8.76821	6.55445	12703.2	670	0.141114	0	4.029	1.02
33.1	0.0028605	0.000780348	17669.7	1050	105	17229.2	33.5511	33.5511	134.205	134.205	0 46565.9 8850.81 	55416.7	8.76677	6.55445	12703.2	670	0.141067	0	4.029	1.02
33.2	0.00286066	0.000780587	17676.6	1050	105	17236.4	33.522	33.522	134.088	134.088	0 46554.2 8844.41 	55398.6	8.76533	6.55445	12703.2	670	0.14102	0	4.029	1.02
33.3	0.00286082	0.000780825	17683.5	1050	105	17243.6	33.4929	33.4929	133.972	133.972	0 46542.5 8838.01 	55380.5	8.76389	6.55445	12703.2	670	0.140973	0	4.029	1.02
33.4	0.00286097	0.000781064	17690.4	1050	105	17250.8	33.4639	33.4639	133.855	133.855	0 46530.8 8831.62 	55362.4	8.76246	6.55445	12703.2	670	0.140926	0	4.029	1.02
33.5	0.00286113	0.000781303	17697.3	1050	105	17258	33.4348	33.4348	133.739	133.739	0 46519.1 8825.24 	55344.3	8.76102	6.55445	12703.2	670	0.140879	0	4.029	1.02
33.6	0.00286129	0.000781542	17704.2	1050	105	17265.2	33.4058	33.4058	133.623	133.623	0 46507.4 8818.85 	55326.2	8.75958	6.55445	12703.2	670	0.140832	0	4.029	1.02
33.7	0.00286144	0.000781781	17711.2	1050	105	17272.4	33.3768	33.3768	133.507	133.507	0 46495.7 8812.48 	55308.2	8.75815	6.55445	12703.2	670	0.140786	0	4.029	1.02
33.8	0.0028616	0.00078202	17718.1	1050	105	17279.6	33.3479	33.3479	133.391	133.391	0 46484 8806.11 	55290.1	8.75672	6.55445	12703.2	670	0.140739	0	4.029	1.02
33.9	0.00286175	0.000782259	17725	1050	105	17286.8	33.319	33.319	133.276	133.276	0 46472.4 8799.74 	55272.1	8.75528	6.55445	12703.2	670	0.140692	0	4.029	1.02
34	0.00286191	0.000782498	17731.9	1050	105	17294	33.2901	33.2901	133.16	133.16	0 46460.7 8793.38 	55254.1	8.75385	6.55445	12703.2	670	0.140645	0	4.029	1.02
34.1	0.00286207	0.000782737	17738.8	1050	105	17301.2	33.2612	33.2612	133.045	133.045	0 46449.1 8787.02 	55236.1	8.75242	6.55445	12703.2	670	0.140598	0	4.029	1.02
34.2	0.00286222	0.000782976	17745.7	1050	105	17308.4	33.2324	33.2324	132.929	132.929	0 46437.4 8780.67 	55218.1	8.75099	6.55445	12703.2	670	0.140551	0	4.029	1.02
34.3	0.00286238	0.000783215	17752.6	1050	105	17315.6	33.2035	33.2035	132.814	132.814	0 46425.8 8774.33 	55200.1	8.74956	6.55445	12703.2	670	0.140505	0	4.029	1.02
34.4	0.00286253	0.000783454	17759.6	1050	105	17322.8	33.1748	33.1748	132.699	132.699	0 46414.1 8767.98 	55182.1	8.74813	6.55445	12703.2	670	0.140458	0	4.029	1.02
34.5	0.00286269	0.000783693	17766.5	1050	105	17330	33.146	33.146	132.584	132.584	0 46402.5 8761.65 	55164.2	8.74671	6.55445	12703.2	670	0.140411	0	4.029	1.02
34.6	0.00286285	0.000783932	17773.4	1050	105	17337.2	33.1173	33.1173	132.469	132.469	0 46390.9 8755.32 	55146.2	8.74528	6.55445	12703.2	670	0.140364	0	4.029	1.02
34.7	0.002863	0.000784171	17780.3	1050	105	17344.4	33.0886	33.0886	132.354	132.354	0 46379.3 8748.99 	55128.3	8.74385	6.55445	12703.2	670	0.140317	0	4.029	1.02
34.8	0.00286316	0.00078441	17787.2	1050	105	17351.6	33.0599	33.0599	132.24	132.24	0 46367.7 8742.67 	55110.3	8.74243	6.55445	12703.2	670	0.14027	0	4.029	1.02
34.9	0.00286331	0.000784649	17794.2	1050	105	17358.9	33.0313	33.0313	132.125	132.125	0 46356.1 8736.35 	55092.4	8.74101	6.55445	12703.2	670	0.140224	0	4.029	1.02
35	0.00286347	0.000784888	17801.1	1050	105	17366.1	33.0027	33.0027	132.011	132.011	0 46344.5 8730.04 	55074.5	8.73958	6.55445	12703.2	670	0.140177	0	4.029	1.02
35.1	0.00286362	0.000785127	17808	1050	105	17373.3	32.9741	32.9741	131.896	131.896	0 46332.9 8723.73 	55056.6	8.73816	6.55445	12703.2	670	0.14013	0	4.029	1.02
35.2	0.00286378	0.000785366	17814.9	1050	105	17380.5	32.9456	32.9456	131.782	131.782	0 46321.3 8717.43 	55038.7	8.73674	6.55445	12703.2	670	0.140083	0	4.029	1.02
35.3	0.00286393	0.000785605	17821.9	1050	105	17387.7	32.917	32.917	131.668	131.668	0 46309.7 8711.13 	55020.8	8.73532	6.55445	12703.2	670	0.140036	0	4.029	1.02
35.4	0.00286409	0.000785843	17828.8	1050	105	17394.9	32.8886	32.8886	131.554	131.554	0 46298.1 8704.84 	55003	8.7339	6.55445	12703.2	670	0.13999	0	4.029	1.02
35.5	0.00286424	0.000786082	17835.7	1050	105	17402.1	32.8601	32.8601	131.44	131.44	0 46286.6 8698.55 	54985.1	8.73248	6.55445	12703.2	670	0.139943	0	4.029	1.02
35.6	0.0028644	0.000786321	17842.6	1050	105	17409.3	32.8317	32.8317	131.327	131.327	0 46275 8692.27 	54967.3	8.73106	6.55445	12703.2	670	0.139896	0	4.029	1.02
35.7	0.00286455	0.00078656	17849.6	1050	105	17416.5	32.8032	32.8032	131.213	131.213	0 46263.4 8685.99 	54949.4	8.72965	6.55445	12703.2	670	0.139849	0	4.029	1.02
35.8	0.00286471	0.000786799	17856.5	1050	105	17423.7	32.7749	32.7749	131.099	131.099	0 46251.9 8679.72 	54931.6	8.72823	6.55445	12703.2	670	0.139803	0	4.029	1.02
35.9	0.00286486	0.000787038	17863.4	1050	105	17430.9	32.7465	32.7465	130.986	130.986	0 46240.4 8673.45 	54913.8	8.72682	6.55445	12703.2	670	0.139756	0	4.029	1.02
36	0.00286502	0.000787277	17870.3	1050	105	17438.2	32.7182	32.7182	130.873	130.873	0 46228.8 8667.19 	54896	8.7254	6.55445	12703.2	670	0.139709	0	4.029	1.02
36.1	0.00286517	0.000787516	17877.3	1050	105	17445.4	32.6899	32.6899	130.76	130.76	0 46217.3 8660.93 	54878.2	8.72399	6.55445	12703.2	670	0.139662	0	4.029	1.02
36.2	0.00286533	0.000787755	17884.2	1050	105	17452.6	32.6616	32.6616	130.647	130.647	0 46205.8 8654.68 	54860.4	8.72258	6.55445	12703.2	670	0.139616	0	4.029	1.02
36.3	0.00286548	0.000787994	17891.1	1050	105	17459.8	32.6334	32.6334	130.534	130.534	0 46194.2 8648.43 	54842.7	8.72116	6.55445	12703.2	670	0.139569	0	4.029	1.02
36.4	0.00286564	0.000788233	17898.1	1050	105	17467	32.6052	32.6052	130.421	130.421	0 46182.7 8642.19 	54824.9	8.71975	6.55445	12703.2	670	0.139522	0	4.029	1.02
36.5	0.00286579	0.000788472	17905	1050	105	17474.2	32.577	32.577	130.308	130.308	0 46171.2 8635.95 	54807.2	8.71834	6.55445	12703.2	670	0.139475	0	4.029	1.02
36.6	0.00286595	0.000788711	17911.9	1050	105	17481.4	32.5489	32.5489	130.195	130.195	0 46159.7 8629.72 	54789.4	8.71693	6.55445	12703.2	670	0.139429	0	4.029	1.02
36.7	0.0028661	0.00078895	17918.8	1050	105	17488.6	32.5207	32.5207	130.083	130.083	0 46148.2 8623.49 	54771.7	8.71553	6.55445	12703.2	670	0.139382	0	4.029	1.02
36.8	0.00286625	0.000789189	17925.8	1050	105	17495.9	32.4926	32.4926	129.971	129.971	0 46136.7 8617.26 	54754	8.71412	6.55445	12703.2	670	0.139335	0	4.029	1.02
36.9	0.00286641	0.000789428	17932.7	1050	105	17503.1	32.4646	32.4646	129.858	129.858	0 46125.2 8611.05 	54736.3	8.71271	6.55445	12703.2	670	0.139288	0	4.029	1.02
37	0.00286656	0.000789667	17939.6	1050	105	17510.3	32.4365	32.4365	129.746	129.746	0 46113.8 8604.83 	54718.6	8.71131	6.55445	12703.2	670	0.139242	0	4.029	1.02
37.1	0.00286672	0.000789906	17946.6	1050	105	17517.5	32.4085	32.4085	129.634	129.634	0 46102.3 8598.62 	54700.9	8.7099	6.55445	12703.2	670	0.139195	0	4.029	1.02
37.2	0.00286687	0.000790145	17953.5	1050	105	17524.7	32.3805	32.3805	129.522	129.522	0 46090.8 8592.42 	54683.2	8.7085	6.55445	12703.2	670	0.139148	0	4.029	1.02
37.3	0.00286702	0.000790384	17960.5	1050	105	17531.9	32.3526	32.3526	129.41	129.41	0 46079.4 8586.22 	54665.6	8.70709	6.55445	12703.2	670	0.139102	0	4.029	1.02
37.4	0.00286718	0.000790623	17967.4	1050	105	17539.1	32.3246	32.3246	129.299	129.299	0 46067.9 8580.02 	54647.9	8.70569	6.55445	12703.2	670	0.139055	0	4.029	1.02
37.5	0.00286733	0.000790862	17974.3	1050	105	17546.4	32.2967	32.2967	129.187	129.187	0 46056.5 8573.83 	54630.3	8.70429	6.55445	12703.2	670	0.139008	0	4.029	1.02
37.6	0.00286749	0.000791101	17981.3	1050	105	17553.6	32.2689	32.2689	129.075	129.075	0 46045 8567.65 	54612.7	8.70289	6.55445	12703.2	670	0.138962	0	4.029	1.02
37.7	0.00286764	0.00079134	17988.2	1050	105	17560.8	32.241	32.241	128.964	128.964	0 46033.6 8561.47 	54595.1	8.70149	6.55445	12703.2	670	0.138915	0	4.029	1.02
37.8	0.00286779	0.000791579	17995.1	1050	105	17568	32.2132	32.2132	128.853	128.853	0 46022.2 8555.29 	54577.4	8.70009	6.55445	12703.2	670	0.138868	0	4.029	1.02
37.9	0.00286795	0.000791818	18002.1	1050	105	17575.2	32.1854	32.1854	128.742	128.742	0 46010.7 8549.12 	54559.8	8.69869	6.55445	12703.2	670	0.138822	0	4.029	1.02
38	0.0028681	0.000792057	18009	1050	105	17582.4	32.1577	32.1577	128.631	128.631	0 45999.3 8542.95 	54542.3	8.6973	6.55445	12703.2	670	0.138775	0	4.029	1.02
38.1	0.00286825	0.000792296	18016	1050	105	17589.7	32.1299	32.1299	128.52	128.52	0 45987.9 8536.79 	54524.7	8.6959	6.55445	12703.2	670	0.138728	0	4.029	1.02
38.2	0.00286841	0.000792535	18022.9	1050	105	17596.9	32.1022	32.1022	128.409	128.409	0 45976.5 8530.64 	54507.1	8.6945	6.55445	12703.2	670	0.138682	0	4.029	1.02
38.3	0.00286856	0.000792773	18029.8	1050	105	17604.1	32.0745	32.0745	128.298	128.298	0 45965.1 8524.48 	54489.6	8.69311	6.55445	12703.2	670	0.138635	0	4.029	1.02
38.4	0.00286871	0.000793012	18036.8	1050	105	17611.3	32.0469	32.0469	128.188	128.188	0 45953.7 8518.34 	54472	8.69172	6.55445	12703.2	670	0.138589	0	4.029	1.02
38.5	0.00286887	0.000793251	18043.7	1050	105	17618.5	32.0193	32.0193	128.077	128.077	0 45942.3 8512.2 	54454.5	8.69032	6.55445	12703.2	670	0.138542	0	4.029	1.02
38.6	0.00286902	0.00079349	18050.7	1050	105	17625.8	31.9917	31.9917	127.967	127.967	0 45930.9 8506.06 	54437	8.68893	6.55445	12703.2	670	0.138495	0	4.029	1.02
38.7	0.00286917	0.000793729	18057.6	1050	105	17633	31.9641	31.9641	127.856	127.856	0 45919.5 8499.93 	54419.5	8.68754	6.55445	12703.2	670	0.138449	0	4.029	1.02
38.8	0.00286933	0.000793968	18064.6	1050	105	17640.2	31.9366	31.9366	127.746	127.746	0 45908.2 8493.8 	54402	8.68615	6.55445	12703.2	670	0.138402	0	4.029	1.02
38.9	0.00286948	0.000794207	18071.5	1050	105	17647.4	31.909	31.909	127.636	127.636	0 45896.8 8487.67 	54384.5	8.68476	6.55445	12703.2	670	0.138355	0	4.029	1.02
39	0.00286963	0.000794446	18078.4	1050	105	17654.6	31.8816	31.8816	127.526	127.526	0 45885.4 8481.56 	54367	8.68337	6.55445	12703.2	670	0.138309	0	4.029	1.02
39.1	0.00286979	0.000794685	18085.4	1050	105	17661.9	31.8541	31.8541	127.416	127.416	0 45874.1 8475.44 	54349.5	8.68198	6.55445	12703.2	670	0.138262	0	4.029	1.02
39.2	0.00286994	0.000794924	18092.3	1050	105	17669.1	31.8267	31.8267	127.307	127.307	0 45862.7 8469.33 	54332.1	8.6806	6.55445	12703.2	670	0.138216	0	4.029	1.02
39.3	0.00287009	0.000795163	18099.3	1050	105	17676.3	31.7993	31.7993	127.197	127.197	0 45851.4 8463.23 	54314.6	8.67921	6.55445	12703.2	670	0.138169	0	4.029	1.02
39.4	0.00287024	0.000795402	18106.2	1050	105	17683.5	31.7719	31.7719	127.088	127.088	0 45840.1 8457.13 	54297.2	8.67782	6.55445	12703.2	670	0.138123	0	4.029	1.02
39.5	0.0028704	0.000795641	18113.2	1050	105	17690.7	31.7445	31.7445	126.978	126.978	0 45828.7 8451.04 	54279.8	8.67644	6.55445	12703.2	670	0.138076	0	4.029	1.02
39.6	0.00287055	0.00079588	18120.1	1050	105	17698	31.7172	31.7172	126.869	126.869	0 45817.4 8444.95 	54262.3	8.67506	6.55445	12703.2	670	0.138029	0	4.029	1.02
39.7	0.0028707	0.000796119	18127.1	1050	105	17705.2	31.6899	31.6899	126.76	126.76	0 45806.1 8438.86 	54244.9	8.67367	6.55445	12703.2	670	0.137983	0	4.029	1.02
39.8	0.00287085	0.000796358	18134	1050	105	17712.4	31.6627	31.6627	126.651	126.651	0 45794.8 8432.78 	54227.5	8.67229	6.55445	12703.2	670	0.137936	0	4.029	1.02
39.9	0.00287101	0.000796597	18141	1050	105	17719.6	31.6354	31.6354	126.542	126.542	0 45783.5 8426.7 	54210.2	8.67091	6.55445	12703.2	670	0.13789	0	4.029	1.02
40	0.00287116	0.000796836	18147.9	1050	105	17726.9	31.6082	31.6082	126.433	126.433	0 45772.2 8420.63 	54192.8	8.66953	6.55445	12703.2	670	0.137843	0	4.029	1.02
40.1	0.00287131	0.000797075	18154.9	1050	105	17734.1	31.581	31.581	126.324	126.324	0 45760.9 8414.57 	54175.4	8.66815	6.55445	12703.2	670	0.137797	0	4.029	1.02
40.2	0.00287146	0.000797314	18161.8	1050	105	17741.3	31.5539	31.5539	126.215	126.215	0 45749.6 8408.5 	54158.1	8.66677	6.55445	12703.2	670	0.13775	0	4.029	1.02
40.3	0.00287162	0.000797553	18168.8	1050	105	17748.5	31.5267	31.5267	126.107	126.107	0 45738.3 8402.45 	54140.7	8.66539	6.55445	12703.2	670	0.137704	0	4.029	1.02
40.4	0.00287177	0.000797792	18175.7	1050	105	17755.8	31.4996	31.4996	125.999	125.999	0 45727 8396.39 	54123.4	8.66402	6.55445	12703.2	670	0.137657	0	4.029	1.02
40.5	0.00287192	0.000798031	18182.7	1050	105	17763	31.4726	31.4726	125.89	125.89	0 45715.7 8390.35 	54106.1	8.66264	6.55445	12703.2	670	0.137611	0	4.029	1.02
40.6	0.00287207	0.00079827	18189.7	1050	105	17770.2	31.4455	31.4455	125.782	125.782	0 45704.5 8384.3 	54088.8	8.66126	6.55445	12703.2	670	0.137564	0	4.029	1.02
40.7	0.00287222	0.000798509	18196.6	1050	105	17777.4	31.4185	31.4185	125.674	125.674	0 45693.2 8378.27 	54071.5	8.65989	6.55445	12703.2	670	0.137518	0	4.029	1.02
40.8	0.00287238	0.000798748	18203.6	1050	105	17784.7	31.3915	31.3915	125.566	125.566	0 45681.9 8372.23 	54054.2	8.65852	6.55445	12703.2	670	0.137471	0	4.029	1.02
40.9	0.00287253	0.000798987	18210.5	1050	105	17791.9	31.3645	31.3645	125.458	125.458	0 45670.7 8366.2 	54036.9	8.65714	6.55445	12703.2	670	0.137425	0	4.029	1.02
41	0.00287268	0.000799226	18217.5	1050	105	17799.1	31.3376	31.3376	125.35	125.35	0 45659.4 8360.18 	54019.6	8.65577	6.55445	12703.2	670	0.137378	0	4.029	1.02
41.1	0.00287283	0.000799465	18224.4	1050	105	17806.3	31.3107	31.3107	125.243	125.243	0 45648.2 8354.16 	54002.4	8.6544	6.55445	12703.2	670	0.137332	0	4.029	1.02
41.2	0.00287298	0.000799704	18231.4	1050	105	17813.6	31.2838	31.2838	125.135	125.135	0 45637 8348.14 	53985.1	8.65303	6.55445	12703.2	670	0.137285	0	4.029	1.02
41.3	0.00287313	0.000799943	18238.4	1050	105	17820.8	31.2569	31.2569	125.028	125.028	0 45625.7 8342.13 	53967.9	8.65166	6.55445	12703.2	670	0.137239	0	4.029	1.02
41.4	0.00287329	0.000800182	18245.3	1050	105	17828	31.2301	31.2301	124.92	124.92	0 45614.5 8336.13 	53950.7	8.65029	6.55445	12703.2	670	0.137192	0	4.029	1.02
41.5	0.00287344	0.000800421	18252.3	1050	105	17835.2	31.2033	31.2033	124.813	124.813	0 45603.3 8330.13 	53933.4	8.64892	6.55445	12703.2	670	0.137146	0	4.029	1.02
41.6	0.00287359	0.00080066	18259.2	1050	105	17842.5	31.1765	31.1765	124.706	124.706	0 45592.1 8324.13 	53916.2	8.64756	6.55445	12703.2	670	0.137099	0	4.029	1.02
41.7	0.00287374	0.000800899	18266.2	1050	105	17849.7	31.1498	31.1498	124.599	124.599	0 45580.9 8318.14 	53899	8.64619	6.55445	12703.2	670	0.137053	0	4.029	1.02
41.8	0.00287389	0.000801138	18273.2	1050	105	17856.9	31.123	31.123	124.492	124.492	0 45569.7 8312.15 	53881.8	8.64482	6.55445	12703.2	670	0.137006	0	4.029	1.02
41.9	0.00287404	0.000801377	18280.1	1050	105	17864.2	31.0963	31.0963	124.385	124.385	0 45558.5 8306.17 	53864.7	8.64346	6.55445	12703.2	670	0.13696	0	4.029	1.02
42	0.00287419	0.000801616	18287.1	1050	105	17871.4	31.0697	31.0697	124.279	124.279	0 45547.3 8300.19 	53847.5	8.6421	6.55445	12703.2	670	0.136913	0	4.029	1.02
42.1	0.00287435	0.000801855	18294.1	1050	105	17878.6	31.043	31.043	124.172	124.172	0 45536.1 8294.22 	53830.4	8.64073	6.55445	12703.2	670	0.136867	0	4.029	1.02
42.2	0.0028745	0.000802094	18301	1050	105	17885.9	31.0164	31.0164	124.066	124.066	0 45525 8288.25 	53813.2	8.63937	6.55445	12703.2	670	0.136821	0	4.029	1.02
42.3	0.00287465	0.000802333	18308	1050	105	17893.1	30.9898	30.9898	123.959	123.959	0 45513.8 8282.29 	53796.1	8.63801	6.55445	12703.2	670	0.136774	0	4.029	1.02
42.4	0.0028748	0.000802572	18314.9	1050	105	17900.3	30.9632	30.9632	123.853	123.853	0 45502.6 8276.33 	53778.9	8.63665	6.55445	12703.2	670	0.136728	0	4.029	1.02
42.5	0.00287495	0.000802811	18321.9	1050	105	17907.5	30.9367	30.9367	123.747	123.747	0 45491.5 8270.37 	53761.8	8.63529	6.55445	12703.2	670	0.136681	0	4.029	1.02
42.6	0.0028751	0.00080305	18328.9	1050	105	17914.8	30.9102	30.9102	123.641	123.641	0 45480.3 8264.42 	53744.7	8.63393	6.55445	12703.2	670	0.136635	0	4.029	1.02
42.7	0.00287525	0.000803289	18335.8	1050	105	17922	30.8837	30.8837	123.535	123.535	0 45469.2 8258.48 	53727.6	8.63257	6.55445	12703.2	670	0.136589	0	4.029	1.02
42.8	0.0028754	0.000803528	18342.8	1050	105	17929.2	30.8572	30.8572	123.429	123.429	0 45458 8252.53 	53710.6	8.63121	6.55445	12703.2	670	0.136542	0	4.029	1.02
42.9	0.00287555	0.000803767	18349.8	1050	105	17936.5	30.8308	30.8308	123.323	123.323	0 45446.9 8246.6 	53693.5	8.62986	6.55445	12703.2	670	0.136496	0	4.029	1.02
43	0.0028757	0.000804006	18356.8	1050	105	17943.7	30.8044	30.8044	123.218	123.218	0 45435.8 8240.67 	53676.4	8.6285	6.55445	12703.2	670	0.136449	0	4.029	1.02
43.1	0.00287585	0.000804245	18363.7	1050	105	17950.9	30.778	30.778	123.112	123.112	0 45424.6 8234.74 	53659.4	8.62715	6.55445	12703.2	670	0.136403	0	4.029	1.02
43.2	0.002876	0.000804484	18370.7	1050	105	17958.2	30.7516	30.7516	123.007	123.007	0 45413.5 8228.82 	53642.3	8.62579	6.55445	12703.2	670	0.136357	0	4.029	1.02
43.3	0.00287615	0.000804723	18377.7	1050	105	17965.4	30.7253	30.7253	122.901	122.901	0 45402.4 8222.9 	53625.3	8.62444	6.55445	12703.2	670	0.13631	0	4.029	1.02
43.4	0.0028763	0.000804962	18384.6	1050	105	17972.6	30.699	30.699	122.796	122.796	0 45391.3 8216.98 	53608.3	8.62309	6.55445	12703.2	670	0.136264	0	4.029	1.02
43.5	0.00287645	0.000805201	18391.6	1050	105	17979.9	30.6727	30.6727	122.691	122.691	0 45380.2 8211.07 	53591.3	8.62174	6.55445	12703.2	670	0.136218	0	4.029	1.02
43.6	0.00287661	0.00080544	18398.6	1050	105	17987.1	30.6465	30.6465	122.586	122.586	0 45369.1 8205.17 	53574.3	8.62039	6.55445	12703.2	670	0.136171	0	4.029	1.02
43.7	0.00287676	0.000805679	18405.6	1050	105	17994.4	30.6203	30.6203	122.481	122.481	0 45358 8199.27 	53557.3	8.61904	6.55445	12703.2	670	0.136125	0	4.029	1.02
43.8	0.00287691	0.000805918	18412.5	1050	105	18001.6	30.5941	30.5941	122.376	122.376	0 45346.9 8193.37 	53540.3	8.61769	6.55445	12703.2	670	0.136079	0	4.029	1.02
43.9	0.00287706	0.000806157	18419.5	1050	105	18008.8	30.5679	30.5679	122.272	122.272	0 45335.8 8187.48 	53523.3	8.61634	6.55445	12703.2	670	0.136032	0	4.029	1.02
44	0.00287721	0.000806396	18426.5	1050	105	18016.1	30.5418	30.5418	122.167	122.167	0 45324.8 8181.6 	53506.4	8.61499	6.55445	12703.2	670	0.135986	0	4.029	1.02
44.1	0.00287736	0.000806635	18433.5	1050	105	18023.3	30.5156	30.5156	122.063	122.063	0 45313.7 8175.72 	53489.4	8.61364	6.55445	12703.2	670	0.13594	0	4.029	1.02
44.2	0.00287751	0.000806874	18440.4	1050	105	18030.5	30.4895	30.4895	121.958	121.958	0 45302.6 8169.84 	53472.5	8.6123	6.55445	12703.2	670	0.135893	0	4.029	1.02
44.3	0.00287766	0.000807113	18447.4	1050	105	18037.8	30.4635	30.4635	121.854	121.854	0 45291.6 8163.97 	53455.5	8.61095	6.55445	12703.2	670	0.135847	0	4.029	1.02
44.4	0.0028778	0.000807352	18454.4	1050	105	18045	30.4374	30.4374	121.75	121.75	0 45280.5 8158.1 	53438.6	8.60961	6.55445	12703.2	670	0.135801	0	4.029	1.02
44.5	0.00287795	0.000807591	18461.4	1050	105	18052.2	30.4114	30.4114	121.646	121.646	0 45269.5 8152.23 	53421.7	8.60826	6.55445	12703.2	670	0.135754	0	4.029	1.02
44.6	0.0028781	0.00080783	18468.3	1050	105	18059.5	30.3854	30.3854	121.542	121.542	0 45258.4 8146.37 	53404.8	8.60692	6.55445	12703.2	670	0.135708	0	4.029	1.02
44.7	0.00287825	0.000808069	18475.3	1050	105	18066.7	30.3595	30.3595	121.438	121.438	0 45247.4 8140.52 	53387.9	8.60558	6.55445	12703.2	670	0.135662	0	4.029	1.02
44.8	0.0028784	0.000808308	18482.3	1050	105	18074	30.3335	30.3335	121.334	121.334	0 45236.4 8134.67 	53371	8.60424	6.55445	12703.2	670	0.135615	0	4.029	1.02
44.9	0.00287855	0.000808547	18489.3	1050	105	18081.2	30.3076	30.3076	121.23	121.23	0 45225.4 8128.82 	53354.2	8.6029	6.55445	12703.2	670	0.135569	0	4.029	1.02
45	0.0028787	0.000808786	18496.3	1050	105	18088.4	30.2817	30.2817	121.127	121.127	0 45214.3 8122.98 	53337.3	8.60156	6.55445	12703.2	670	0.135523	0	4.029	1.02
45.1	0.00287885	0.000809025	18503.2	1050	105	18095.7	30.2559	30.2559	121.024	121.024	0 45203.3 8117.15 	53320.5	8.60022	6.55445	12703.2	670	0.135477	0	4.029	1.02
45.2	0.002879	0.000809264	18510.2	1050	105	18102.9	30.23	30.23	120.92	120.92	0 45192.3 8111.31 	53303.6	8.59888	6.55445	12703.2	670	0.13543	0	4.029	1.02
45.3	0.00287915	0.000809503	18517.2	1050	105	18110.2	30.2042	30.2042	120.817	120.817	0 45181.3 8105.48 	53286.8	8.59755	6.55445	12703.2	670	0.135384	0	4.029	1.02
45.4	0.0028793	0.000809742	18524.2	1050	105	18117.4	30.1785	30.1785	120.714	120.714	0 45170.3 8099.66 	53270	8.59621	6.55445	12703.2	670	0.135338	0	4.029	1.02
45.5	0.00287945	0.000809981	18531.2	1050	105	18124.6	30.1527	30.1527	120.611	120.611	0 45159.3 8093.84 	53253.2	8.59487	6.55445	12703.2	670	0.135292	0	4.029	1.02
45.6	0.0028796	0.00081022	18538.1	1050	105	18131.9	30.127	30.127	120.508	120.508	0 45148.3 8088.03 	53236.4	8.59354	6.55445	12703.2	670	0.135245	0	4.029	1.02
45.7	0.00287975	0.000810459	18545.1	1050	105	18139.1	30.1013	30.1013	120.405	120.405	0 45137.4 8082.22 	53219.6	8.59221	6.55445	12703.2	670	0.135199	0	4.029	1.02
45.8	0.0028799	0.000810698	18552.1	1050	105	18146.4	30.0756	30.0756	120.302	120.302	0 45126.4 8076.41 	53202.8	8.59087	6.55445	12703.2	670	0.135153	0	4.029	1.02
45.9	0.00288004	0.000810937	18559.1	1050	105	18153.6	30.0499	30.0499	120.2	120.2	0 45115.4 8070.61 	53186	8.58954	6.55445	12703.2	670	0.135107	0	4.029	1.02
46	0.00288019	0.000811176	18566.1	1050	105	18160.8	30.0243	30.0243	120.097	120.097	0 45104.5 8064.82 	53169.3	8.58821	6.55445	12703.2	670	0.13506	0	4.029	1.02
46.1	0.00288034	0.000811415	18573.1	1050	105	18168.1	29.9987	29.9987	119.995	119.995	0 45093.5 8059.02 	53152.5	8.58688	6.55445	12703.2	670	0.135014	0	4.029	1.02
46.2	0.00288049	0.000811654	18580.1	1050	105	18175.3	29.9731	29.9731	119.893	119.893	0 45082.6 8053.24 	53135.8	8.58555	6.55445	12703.2	670	0.134968	0	4.029	1.02
46.3	0.00288064	0.000811893	18587	1050	105	18182.6	29.9476	29.9476	119.79	119.79	0 45071.6 8047.45 	53119.1	8.58422	6.55445	12703.2	670	0.134922	0	4.029	1.02
46.4	0.00288079	0.000812132	18594	1050	105	18189.8	29.9221	29.9221	119.688	119.688	0 45060.7 8041.67 	53102.4	8.58289	6.55445	12703.2	670	0.134876	0	4.029	1.02
46.5	0.00288094	0.000812371	18601	1050	105	18197.1	29.8966	29.8966	119.586	119.586	0 45049.7 8035.9 	53085.6	8.58156	6.55445	12703.2	670	0.134829	0	4.029	1.02
46.6	0.00288108	0.00081261	18608	1050	105	18204.3	29.8711	29.8711	119.484	119.484	0 45038.8 8030.13 	53068.9	8.58024	6.55445	12703.2	670	0.134783	0	4.029	1.02
46.7	0.00288123	0.000812849	18615	1050	105	18211.5	29.8456	29.8456	119.383	119.383	0 45027.9 8024.36 	53052.3	8.57891	6.55445	12703.2	670	0.134737	0	4.029	1.02
46.8	0.00288138	0.000813088	18622	1050	105	18218.8	29.8202	29.8202	119.281	119.281	0 45017 8018.6 	53035.6	8.57759	6.55445	12703.2	670	0.134691	0	4.029	1.02
46.9	0.00288153	0.000813327	18629	1050	105	18226	29.7948	29.7948	119.179	119.179	0 45006.1 8012.85 	53018.9	8.57626	6.55445	12703.2	670	0.134645	0	4.029	1.02
47	0.00288168	0.000813566	18636	1050	105	18233.3	29.7694	29.7694	119.078	119.078	0 44995.2 8007.09 	53002.3	8.57494	6.55445	12703.2	670	0.134599	0	4.029	1.02
47.1	0.00288183	0.000813805	18643	1050	105	18240.5	29.7441	29.7441	118.976	118.976	0 44984.3 8001.35 	52985.6	8.57361	6.55445	12703.2	670	0.134552	0	4.029	1.02
47.2	0.00288197	0.000814044	18650	1050	105	18247.8	29.7188	29.7188	118.875	118.875	0 44973.4 7995.6 	52969	8.57229	6.55445	12703.2	670	0.134506	0	4.029	1.02
47.3	0.00288212	0.000814283	18657	1050	105	18255	29.6935	29.6935	118.774	118.774	0 44962.5 7989.86 	52952.3	8.57097	6.55445	12703.2	670	0.13446	0	4.029	1.02
47.4	0.00288227	0.000814522	18663.9	1050	105	18262.3	29.6682	29.6682	118.673	118.673	0 44951.6 7984.13 	52935.7	8.56965	6.55445	12703.2	670	0.134414	0	4.029	1.02
47.5	0.00288242	0.000814761	18670.9	1050	105	18269.5	29.643	29.643	118.572	118.572	0 44940.7 7978.4 	52919.1	8.56833	6.55445	12703.2	670	0.134368	0	4.029	1.02
47.6	0.00288257	0.000815	18677.9	1050	105	18276.8	29.6177	29.6177	118.471	118.471	0 44929.8 7972.67 	52902.5	8.56701	6.55445	12703.2	670	0.134322	0	4.029	1.02
47.7	0.00288271	0.000815239	18684.9	1050	105	18284	29.5925	29.5925	118.37	118.37	0 44919 7966.95 	52885.9	8.56569	6.55445	12703.2	670	0.134276	0	4.029	1.02
47.8	0.00288286	0.000815478	18691.9	1050	105	18291.2	29.5674	29.5674	118.27	118.27	0 44908.1 7961.23 	52869.3	8.56438	6.55445	12703.2	670	0.134229	0	4.029	1.02
47.9	0.00288301	0.000815717	18698.9	1050	105	18298.5	29.5422	29.5422	118.169	118.169	0 44897.3 7955.52 	52852.8	8.56306	6.55445	12703.2	670	0.134183	0	4.029	1.02
48	0.00288316	0.000815956	18705.9	1050	105	18305.7	29.5171	29.5171	118.068	118.068	0 44886.4 7949.81 	52836.2	8.56175	6.55445	12703.2	670	0.134137	0	4.029	1.02
48.1	0.00288331	0.000816195	18712.9	1050	105	18313	29.492	29.492	117.968	117.968	0 44875.6 7944.11 	52819.7	8.56043	6.55445	12703.2	670	0.134091	0	4.029	1.02
48.2	0.00288345	0.000816434	18719.9	1050	105	18320.2	29.467	29.467	117.868	117.868	0 44864.7 7938.41 	52803.1	8.55912	6.55445	12703.2	670	0.134045	0	4.029	1.02
48.3	0.0028836	0.000816673	18726.9	1050	105	18327.5	29.4419	29.4419	117.768	117.768	0 44853.9 7932.71 	52786.6	8.5578	6.55445	12703.2	670	0.133999	0	4.029	1.02
48.4	0.00288375	0.000816912	18733.9	1050	105	18334.7	29.4169	29.4169	117.668	117.668	0 44843.1 7927.02 	52770.1	8.55649	6.55445	12703.2	670	0.133953	0	4.029	1.02
48.5	0.00288389	0.000817151	18740.9	1050	105	18342	29.3919	29.3919	117.568	117.568	0 44832.2 7921.34 	52753.6	8.55518	6.55445	12703.2	670	0.133907	0	4.029	1.02
48.6	0.00288404	0.00081739	18747.9	1050	105	18349.2	29.3669	29.3669	117.468	117.468	0 44821.4 7915.65 	52737.1	8.55387	6.55445	12703.2	670	0.133861	0	4.029	1.02
48.7	0.00288419	0.000817629	18754.9	1050	105	18356.5	29.342	29.342	117.368	117.368	0 44810.6 7909.98 	52720.6	8.55256	6.55445	12703.2	670	0.133815	0	4.029	1.02
48.8	0.00288434	0.000817868	18761.9	1050	105	18363.7	29.3171	29.3171	117.268	117.268	0 44799.8 7904.3 	52704.1	8.55125	6.55445	12703.2	670	0.133768	0	4.029	1.02
48.9	0.00288448	0.000818107	18768.9	1050	105	18371	29.2922	29.2922	117.169	117.169	0 44789 7898.63 	52687.6	8.54994	6.55445	12703.2	670	0.133722	0	4.029	1.02
49	0.00288463	0.000818346	18775.9	1050	105	18378.2	29.2673	29.2673	117.069	117.069	0 44778.2 7892.97 	52671.2	8.54863	6.55445	12703.2	670	0.133676	0	4.029	1.02
49.1	0.00288478	0.000818585	18782.9	1050	105	18385.5	29.2424	29.2424	116.97	116.97	0 44767.4 7887.31 	52654.7	8.54732	6.55445	12703.2	670	0.13363	0	4.029	1.02
49.2	0.00288492	0.000818824	18789.9	1050	105	18392.7	29.2176	29.2176	116.871	116.871	0 44756.6 7881.65 	52638.3	8.54602	6.55445	12703.2	670	0.133584	0	4.029	1.02
49.3	0.00288507	0.000819063	18796.9	1050	105	18400	29.1928	29.1928	116.771	116.771	0 44745.8 7876 	52621.8	8.54471	6.55445	12703.2	670	0.133538	0	4.029	1.02
49.4	0.00288522	0.000819301	18803.9	1050	105	18407.2	29.1681	29.1681	116.672	116.672	0 44735.1 7870.35 	52605.4	8.54341	6.55445	12703.2	670	0.133492	0	4.029	1.02
49.5	0.00288537	0.00081954	18810.9	1050	105	18414.5	29.1433	29.1433	116.573	116.573	0 44724.3 7864.71 	52589	8.5421	6.55445	12703.2	670	0.133446	0	4.029	1.02
49.6	0.00288551	0.000819779	18817.9	1050	105	18421.7	29.1186	29.1186	116.474	116.474	0 44713.5 7859.07 	52572.6	8.5408	6.55445	12703.2	670	0.1334	0	4.029	1.02
49.7	0.00288566	0.000820018	18824.9	1050	105	18429	29.0939	29.0939	116.376	116.376	0 44702.8 7853.43 	52556.2	8.5395	6.55445	12703.2	670	0.133354	0	4.029	1.02
49.8	0.00288581	0.000820257	18831.9	1050	105	18436.3	29.0692	29.0692	116.277	116.277	0 44692 7847.8 	52539.8	8.5382	6.55445	12703.2	670	0.133308	0	4.029	1.02
49.9	0.00288595	0.000820496	18839	1050	105	18443.5	29.0446	29.0446	116.178	116.178	0 44681.3 7842.18 	52523.5	8.5369	6.55445	12703.2	670	0.133262	0	4.029	1.02
50	0.0028861	0.000820735	18846	1050	105	18450.8	29.02	29.02	116.08	116.08	0 44670.5 7836.55 	52507.1	8.5356	6.55445	12703.2	670	0.133216	0	4.029	1.02
50.1	0.00288625	0.000820974	18853	1050	105	18458	28.9954	28.9954	115.981	115.981	0 44659.8 7830.94 	52490.7	8.5343	6.55445	12703.2	670	0.13317	0	4.029	1.02
50.2	0.00288639	0.000821213	18860	1050	105	18465.3	28.9708	28.9708	115.883	115.883	0 44649.1 7825.32 	52474.4	8.533	6.55445	12703.2	670	0.133124	0	4.029	1.02
50.3	0.00288654	0.000821452	18867	1050	105	18472.5	28.9462	28.9462	115.785	115.785	0 44638.4 7819.72 	52458.1	8.5317	6.55445	12703.2	670	0.133078	0	4.029	1.02
50.4	0.00288668	0.000821691	18874	1050	105	18479.8	28.9217	28.9217	115.687	115.687	0 44627.6 7814.11 	52441.7	8.5304	6.55445	12703.2	670	0.133032	0	4.029	1.02
50.5	0.00288683	0.00082193	18881	1050	105	18487	28.8972	28.8972	115.589	115.589	0 44616.9 7808.51 	52425.4	8.52911	6.55445	12703.2	670	0.132986	0	4.029	1.02
50.6	0.00288698	0.000822169	18888	1050	105	18494.3	28.8727	28.8727	115.491	115.491	0 44606.2 7802.91 	52409.1	8.52781	6.55445	12703.2	670	0.13294	0	4.029	1.02
50.7	0.00288712	0.000822408	18895	1050	105	18501.5	28.8483	28.8483	115.393	115.393	0 44595.5 7797.32 	52392.8	8.52652	6.55445	12703.2	670	0.132894	0	4.029	1.02
50.8	0.00288727	0.000822647	18902	1050	105	18508.8	28.8239	28.8239	115.295	115.295	0 44584.8 7791.73 	52376.5	8.52522	6.55445	12703.2	670	0.132848	0	4.029	1.02
50.9	0.00288741	0.000822886	18909	1050	105	18516.1	28.7995	28.7995	115.198	115.198	0 44574.1 7786.15 	52360.3	8.52393	6.55445	12703.2	670	0.132802	0	4.029	1.02
51	0.00288756	0.000823125	18916.1	1050	105	18523.3	28.7751	28.7751	115.1	115.1	0 44563.4 7780.57 	52344	8.52264	6.55445	12703.2	670	0.132756	0	4.029	1.02
51.1	0.00288771	0.000823364	18923.1	1050	105	18530.6	28.7507	28.7507	115.003	115.003	0 44552.8 7775 	52327.7	8.52135	6.55445	12703.2	670	0.13271	0	4.029	1.02
51.2	0.00288785	0.000823603	18930.1	1050	105	18537.8	28.7264	28.7264	114.906	114.906	0 44542.1 7769.43 	52311.5	8.52006	6.55445	12703.2	670	0.132665	0	4.029	1.02
51.3	0.002888	0.000823841	18937.1	1050	105	18545.1	28.7021	28.7021	114.808	114.808	0 44531.4 7763.86 	52295.3	8.51877	6.55445	12703.2	670	0.132619	0	4.029	1.02
51.4	0.00288814	0.00082408	18944.1	1050	105	18552.3	28.6778	28.6778	114.711	114.711	0 44520.7 7758.3 	52279	8.51748	6.55445	12703.2	670	0.132573	0	4.029	1.02
51.5	0.00288829	0.000824319	18951.1	1050	105	18559.6	28.6536	28.6536	114.614	114.614	0 44510.1 7752.74 	52262.8	8.51619	6.55445	12703.2	670	0.132527	0	4.029	1.02
51.6	0.00288844	0.000824558	18958.1	1050	105	18566.9	28.6293	28.6293	114.517	114.517	0 44499.4 7747.19 	52246.6	8.5149	6.55445	12703.2	670	0.132481	0	4.029	1.02
51.7	0.00288858	0.000824797	18965.2	1050	105	18574.1	28.6051	28.6051	114.421	114.421	0 44488.8 7741.64 	52230.4	8.51361	6.55445	12703.2	670	0.132435	0	4.029	1.02
51.8	0.00288873	0.000825036	18972.2	1050	105	18581.4	28.5809	28.5809	114.324	114.324	0 44478.1 7736.09 	52214.2	8.51233	6.55445	12703.2	670	0.132389	0	4.029	1.02
51.9	0.00288887	0.000825275	18979.2	1050	105	18588.6	28.5568	28.5568	114.227	114.227	0 44467.5 7730.55 	52198	8.51104	6.55445	12703.2	670	0.132343	0	4.029	1.02
52	0.00288902	0.000825514	18986.2	1050	105	18595.9	28.5327	28.5327	114.131	114.131	0 44456.9 7725.01 	52181.9	8.50976	6.55445	12703.2	670	0.132297	0	4.029	1.02
52.1	0.00288916	0.000825753	18993.2	1050	105	18603.1	28.5085	28.5085	114.034	114.034	0 44446.2 7719.48 	52165.7	8.50847	6.55445	12703.2	670	0.132251	0	4.029	1.02
52.2	0.00288931	0.000825992	19000.2	1050	105	18610.4	28.4845	28.4845	113.938	113.938	0 44435.6 7713.95 	52149.6	8.50719	6.55445	12703.2	670	0.132205	0	4.029	1.02
52.3	0.00288945	0.000826231	19007.3	1050	105	18617.7	28.4604	28.4604	113.842	113.842	0 44425 7708.43 	52133.4	8.50591	6.55445	12703.2	670	0.13216	0	4.029	1.02
52.4	0.0028896	0.00082647	19014.3	1050	105	18624.9	28.4364	28.4364	113.745	113.745	0 44414.4 7702.91 	52117.3	8.50462	6.55445	12703.2	670	0.132114	0	4.029	1.02
52.5	0.00288974	0.000826709	19021.3	1050	105	18632.2	28.4123	28.4123	113.649	113.649	0 44403.8 7697.39 	52101.2	8.50334	6.55445	12703.2	670	0.132068	0	4.029	1.02
52.6	0.00288989	0.000826947	19028.3	1050	105	18639.4	28.3883	28.3883	113.553	113.553	0 44393.2 7691.88 	52085.1	8.50206	6.55445	12703.2	670	0.132022	0	4.029	1.02
52.7	0.00289003	0.000827186	19035.3	1050	105	18646.7	28.3644	28.3644	113.458	113.458	0 44382.6 7686.37 	52069	8.50078	6.55445	12703.2	670	0.131976	0	4.029	1.02
52.8	0.00289018	0.000827425	19042.4	1050	105	18654	28.3404	28.3404	113.362	113.362	0 44372 7680.87 	52052.9	8.49951	6.55445	12703.2	670	0.13193	0	4.029	1.02
52.9	0.00289032	0.000827664	19049.4	1050	105	18661.2	28.3165	28.3165	113.266	113.266	0 44361.4 7675.37 	52036.8	8.49823	6.55445	12703.2	670	0.131884	0	4.029	1.02
53	0.00289047	0.000827903	19056.4	1050	105	18668.5	28.2926	28.2926	113.171	113.171	0 44350.8 7669.87 	52020.7	8.49695	6.55445	12703.2	670	0.131839	0	4.029	1.02
53.1	0.00289061	0.000828142	19063.4	1050	105	18675.7	28.2688	28.2688	113.075	113.075	0 44340.3 7664.38 	52004.6	8.49567	6.55445	12703.2	670	0.131793	0	4.029	1.02
53.2	0.00289076	0.000828381	19070.5	1050	105	18683	28.2449	28.2449	112.98	112.98	0 44329.7 7658.9 	51988.6	8.4944	6.55445	12703.2	670	0.131747	0	4.029	1.02
53.3	0.0028909	0.00082862	19077.5	1050	105	18690.3	28.2211	28.2211	112.884	112.884	0 44319.1 7653.41 	51972.5	8.49312	6.55445	12703.2	670	0.131701	0	4.029	1.02
53.4	0.00289105	0.000828859	19084.5	1050	105	18697.5	28.1973	28.1973	112.789	112.789	0 44308.6 7647.94 	51956.5	8.49185	6.55445	12703.2	670	0.131655	0	4.029	1.02
53.5	0.00289119	0.000829098	19091.5	1050	105	18704.8	28.1735	28.1735	112.694	112.694	0 44298 7642.46 	51940.5	8.49058	6.55445	12703.2	670	0.13161	0	4.029	1.02
53.6	0.00289134	0.000829336	19098.6	1050	105	18712.1	28.1498	28.1498	112.599	112.599	0 44287.5 7636.99 	51924.5	8.4893	6.55445	12703.2	670	0.131564	0	4.029	1.02
53.7	0.00289148	0.000829575	19105.6	1050	105	18719.3	28.126	28.126	112.504	112.504	0 44276.9 7631.53 	51908.5	8.48803	6.55445	12703.2	670	0.131518	0	4.029	1.02
53.8	0.00289162	0.000829814	19112.6	1050	105	18726.6	28.1023	28.1023	112.409	112.409	0 44266.4 7626.06 	51892.5	8.48676	6.55445	12703.2	670	0.131472	0	4.029	1.02
53.9	0.00289177	0.000830053	19119.6	1050	105	18733.9	28.0786	28.0786	112.315	112.315	0 44255.9 7620.61 	51876.5	8.48549	6.55445	12703.2	670	0.131426	0	4.029	1.02
54	0.00289191	0.000830292	19126.7	1050	105	18741.1	28.055	28.055	112.22	112.22	0 44245.3 7615.15 	51860.5	8.48422	6.55445	12703.2	670	0.131381	0	4.029	1.02
54.1	0.00289206	0.000830531	19133.7	1050	105	18748.4	28.0314	28.0314	112.125	112.125	0 44234.8 7609.7 	51844.5	8.48295	6.55445	12703.2	670	0.131335	0	4.029	1.02
54.2	0.0028922	0.00083077	19140.7	1050	105	18755.6	28.0077	28.0077	112.031	112.031	0 44224.3 7604.26 	51828.6	8.48168	6.55445	12703.2	670	0.131289	0	4.029	1.02
54.3	0.00289234	0.000831009	19147.7	1050	105	18762.9	27.9842	27.9842	111.937	111.937	0 44213.8 7598.82 	51812.6	8.48042	6.55445	12703.2	670	0.131243	0	4.029	1.02
54.4	0.00289249	0.000831247	19154.8	1050	105	18770.2	27.9606	27.9606	111.842	111.842	0 44203.3 7593.38 	51796.7	8.47915	6.55445	12703.2	670	0.131198	0	4.029	1.02
54.5	0.00289263	0.000831486	19161.8	1050	105	18777.4	27.9371	27.9371	111.748	111.748	0 44192.8 7587.95 	51780.7	8.47788	6.55445	12703.2	670	0.131152	0	4.029	1.02
54.6	0.00289278	0.000831725	19168.8	1050	105	18784.7	27.9135	27.9135	111.654	111.654	0 44182.3 7582.52 	51764.8	8.47662	6.55445	12703.2	670	0.131106	0	4.029	1.02
54.7	0.00289292	0.000831964	19175.9	1050	105	18792	27.8901	27.8901	111.56	111.56	0 44171.8 7577.09 	51748.9	8.47535	6.55445	12703.2	670	0.13106	0	4.029	1.02
54.8	0.00289306	0.000832203	19182.9	1050	105	18799.2	27.8666	27.8666	111.466	111.466	0 44161.3 7571.67 	51733	8.47409	6.55445	12703.2	670	0.131015	0	4.029	1.02
54.9	0.00289321	0.000832442	19189.9	1050	105	18806.5	27.8431	27.8431	111.373	111.373	0 44150.8 7566.26 	51717.1	8.47283	6.55445	12703.2	670	0.130969	0	4.029	1.02
55	0.00289335	0.000832681	19197	1050	105	18813.8	27.8197	27.8197	111.279	111.279	0 44140.4 7560.84 	51701.2	8.47157	6.55445	12703.2	670	0.130923	0	4.029	1.02
55.1	0.0028935	0.000832919	19204	1050	105	18821	27.7963	27.7963	111.185	111.185	0 44129.9 7555.44 	51685.3	8.4703	6.55445	12703.2	670	0.130877	0	4.029	1.02
55.2	0.00289364	0.000833158	19211	1050	105	18828.3	27.7729	27.7729	111.092	111.092	0 44119.4 7550.03 	51669.5	8.46904	6.55445	12703.2	670	0.130832	0	4.029	1.02
55.3	0.00289378	0.000833397	19218.1	1050	105	18835.6	27.7496	27.7496	110.998	110.998	0 44109 7544.63 	51653.6	8.46778	6.55445	12703.2	670	0.130786	0	4.029	1.02
55.4	0.00289393	0.000833636	19225.1	1050	105	18842.8	27.7263	27.7263	110.905	110.905	0 44098.5 7539.24 	51637.8	8.46652	6.55445	12703.2	670	0.13074	0	4.029	1.02
55.5	0.00289407	0.000833875	19232.1	1050	105	18850.1	27.703	27.703	110.812	110.812	0 44088.1 7533.84 	51621.9	8.46527	6.55445	12703.2	670	0.130695	0	4.029	1.02
55.6	0.00289421	0.000834114	19239.2	1050	105	18857.4	27.6797	27.6797	110.719	110.719	0 44077.6 7528.46 	51606.1	8.46401	6.55445	12703.2	670	0.130649	0	4.029	1.02
55.7	0.00289436	0.000834353	19246.2	1050	105	18864.6	27.6564	27.6564	110.626	110.626	0 44067.2 7523.07 	51590.3	8.46275	6.55445	12703.2	670	0.130603	0	4.029	1.02
55.8	0.0028945	0.000834591	19253.2	1050	105	18871.9	27.6332	27.6332	110.533	110.533	0 44056.8 7517.69 	51574.5	8.4615	6.55445	12703.2	670	0.130557	0	4.029	1.02
55.9	0.00289464	0.00083483	19260.3	1050	105	18879.2	27.61	27.61	110.44	110.44	0 44046.3 7512.32 	51558.7	8.46024	6.55445	12703.2	670	0.130512	0	4.029	1.02
56	0.00289479	0.000835069	19267.3	1050	105	18886.4	27.5868	27.5868	110.347	110.347	0 44035.9 7506.94 	51542.9	8.45899	6.55445	12703.2	670	0.130466	0	4.029	1.02
56.1	0.00289493	0.000835308	19274.4	1050	105	18893.7	27.5636	27.5636	110.254	110.254	0 44025.5 7501.58 	51527.1	8.45773	6.55445	12703.2	670	0.13042	0	4.029	1.02
56.2	0.00289507	0.000835547	19281.4	1050	105	18901	27.5405	27.5405	110.162	110.162	0 44015.1 7496.21 	51511.3	8.45648	6.55445	12703.2	670	0.130375	0	4.029	1.02
56.3	0.00289521	0.000835785	19288.4	1050	105	18908.3	27.5174	27.5174	110.069	110.069	0 44004.7 7490.85 	51495.6	8.45523	6.55445	12703.2	670	0.130329	0	4.029	1.02
56.4	0.00289536	0.000836024	19295.5	1050	105	18915.5	27.4943	27.4943	109.977	109.977	0 43994.3 7485.5 	51479.8	8.45397	6.55445	12703.2	670	0.130283	0	4.029	1.02
56.5	0.0028955	0.000836263	19302.5	1050	105	18922.8	27.4712	27.4712	109.885	109.885	0 43983.9 7480.15 	51464.1	8.45272	6.55445	12703.2	670	0.130238	0	4.029	1.02
56.6	0.00289564	0.000836502	19309.5	1050	105	18930.1	27.4481	27.4481	109.793	109.793	0 43973.5 7474.8 	51448.3	8.45147	6.55445	12703.2	670	0.130192	0	4.029	1.02
56.7	0.00289579	0.000836741	19316.6	1050	105	18937.3	27.4251	27.4251	109.7	109.7	0 43963.1 7469.46 	51432.6	8.45022	6.55445	12703.2	670	0.130147	0	4.029	1.02
56.8	0.00289593	0.00083698	19323.6	1050	105	18944.6	27.4021	27.4021	109.608	109.608	0 43952.8 7464.12 	51416.9	8.44897	6.55445	12703.2	670	0.130101	0	4.029	1.02
56.9	0.00289607	0.000837218	19330.7	1050	105	18951.9	27.3791	27.3791	109.517	109.517	0 43942.4 7458.78 	51401.2	8.44773	6.55445	12703.2	670	0.130055	0	4.029	1.02
57	0.00289621	0.000837457	19337.7	1050	105	18959.2	27.3562	27.3562	109.425	109.425	0 43932 7453.45 	51385.5	8.44648	6.55445	12703.2	670	0.13001	0	4.029	1.02
57.1	0.00289636	0.000837696	19344.8	1050	105	18966.4	27.3332	27.3332	109.333	109.333	0 43921.6 7448.12 	51369.8	8.44523	6.55445	12703.2	670	0.129964	0	4.029	1.02
57.2	0.0028965	0.000837935	19351.8	1050	105	18973.7	27.3103	27.3103	109.241	109.241	0 43911.3 7442.8 	51354.1	8.44399	6.55445	12703.2	670	0.129919	0	4.029	1.02
57.3	0.00289664	0.000838174	19358.8	1050	105	18981	27.2874	27.2874	109.15	109.15	0 43900.9 7437.48 	51338.4	8.44274	6.55445	12703.2	670	0.129873	0	4.029	1.02
57.4	0.00289678	0.000838412	19365.9	1050	105	18988.2	27.2646	27.2646	109.058	109.058	0 43890.6 7432.17 	51322.8	8.4415	6.55445	12703.2	670	0.129827	0	4.029	1.02
57.5	0.00289693	0.000838651	19372.9	1050	105	18995.5	27.2417	27.2417	108.967	108.967	0 43880.2 7426.86 	51307.1	8.44025	6.55445	12703.2	670	0.129782	0	4.029	1.02
57.6	0.00289707	0.00083889	19380	1050	105	19002.8	27.2189	27.2189	108.876	108.876	0 43869.9 7421.55 	51291.5	8.43901	6.55445	12703.2	670	0.129736	0	4.029	1.02
57.7	0.00289721	0.000839129	19387	1050	105	19010.1	27.1961	27.1961	108.784	108.784	0 43859.6 7416.25 	51275.8	8.43777	6.55445	12703.2	670	0.129691	0	4.029	1.02
57.8	0.00289735	0.000839368	19394.1	1050	105	19017.3	27.1733	27.1733	108.693	108.693	0 43849.3 7410.95 	51260.2	8.43653	6.55445	12703.2	670	0.129645	0	4.029	1.02
57.9	0.00289749	0.000839606	19401.1	1050	105	19024.6	27.1506	27.1506	108.602	108.602	0 43838.9 7405.65 	51244.6	8.43529	6.55445	12703.2	670	0.129599	0	4.029	1.02
58	0.00289764	0.000839845	19408.2	1050	105	19031.9	27.1279	27.1279	108.511	108.511	0 43828.6 7400.36 	51229	8.43405	6.55445	12703.2	670	0.129554	0	4.029	1.02
58.1	0.00289778	0.000840084	19415.2	1050	105	19039.2	27.1052	27.1052	108.421	108.421	0 43818.3 7395.07 	51213.4	8.43281	6.55445	12703.2	670	0.129508	0	4.029	1.02
58.2	0.00289792	0.000840323	19422.3	1050	105	19046.4	27.0825	27.0825	108.33	108.33	0 43808 7389.79 	51197.8	8.43157	6.55445	12703.2	670	0.129463	0	4.029	1.02
58.3	0.00289806	0.000840561	19429.3	1050	105	19053.7	27.0598	27.0598	108.239	108.239	0 43797.7 7384.51 	51182.2	8.43033	6.55445	12703.2	670	0.129417	0	4.029	1.02
58.4	0.0028982	0.0008408	19436.3	1050	105	19061	27.0372	27.0372	108.149	108.149	0 43787.4 7379.24 	51166.6	8.42909	6.55445	12703.2	670	0.129372	0	4.029	1.02
58.5	0.00289834	0.000841039	19443.4	1050	105	19068.3	27.0146	27.0146	108.058	108.058	0 43777.1 7373.96 	51151.1	8.42786	6.55445	12703.2	670	0.129326	0	4.029	1.02
58.6	0.00289849	0.000841278	19450.4	1050	105	19075.5	26.992	26.992	107.968	107.968	0 43766.8 7368.7 	51135.5	8.42662	6.55445	12703.2	670	0.129281	0	4.029	1.02
58.7	0.00289863	0.000841516	19457.5	1050	105	19082.8	26.9694	26.9694	107.878	107.878	0 43756.5 7363.43 	51120	8.42539	6.55445	12703.2	670	0.129235	0	4.029	1.02
58.8	0.00289877	0.000841755	19464.5	1050	105	19090.1	26.9468	26.9468	107.787	107.787	0 43746.3 7358.17 	51104.4	8.42415	6.55445	12703.2	670	0.12919	0	4.029	1.02
58.9	0.00289891	0.000841994	19471.6	1050	105	19097.4	26.9243	26.9243	107.697	107.697	0 43736 7352.92 	51088.9	8.42292	6.55445	12703.2	670	0.129144	0	4.029	1.02
59	0.00289905	0.000842233	19478.6	1050	105	19104.6	26.9018	26.9018	107.607	107.607	0 43725.7 7347.67 	51073.4	8.42169	6.55445	12703.2	670	0.129099	0	4.029	1.02
59.1	0.00289919	0.000842471	19485.7	1050	105	19111.9	26.8793	26.8793	107.517	107.517	0 43715.5 7342.42 	51057.9	8.42045	6.55445	12703.2	670	0.129053	0	4.029	1.02
59.2	0.00289934	0.00084271	19492.8	1050	105	19119.2	26.8569	26.8569	107.427	107.427	0 43705.2 7337.18 	51042.4	8.41922	6.55445	12703.2	670	0.129008	0	4.029	1.02
59.3	0.00289948	0.000842949	19499.8	1050	105	19126.5	26.8344	26.8344	107.338	107.338	0 43695 7331.94 	51026.9	8.41799	6.55445	12703.2	670	0.128962	0	4.029	1.02
59.4	0.00289962	0.000843188	19506.9	1050	105	19133.7	26.812	26.812	107.248	107.248	0 43684.7 7326.7 	51011.4	8.41676	6.55445	12703.2	670	0.128917	0	4.029	1.02
59.5	0.00289976	0.000843426	19513.9	1050	105	19141	26.7896	26.7896	107.159	107.159	0 43674.5 7321.47 	50996	8.41553	6.55445	12703.2	670	0.128871	0	4.029	1.02
59.6	0.0028999	0.000843665	19521	1050	105	19148.3	26.7673	26.7673	107.069	107.069	0 43664.3 7316.24 	50980.5	8.4143	6.55445	12703.2	670	0.128826	0	4.029	1.02
59.7	0.00290004	0.000843904	19528	1050	105	19155.6	26.7449	26.7449	106.98	106.98	0 43654 7311.02 	50965	8.41308	6.55445	12703.2	670	0.12878	0	4.029	1.02
59.8	0.00290018	0.000844143	19535.1	1050	105	19162.9	26.7226	26.7226	106.89	106.89	0 43643.8 7305.8 	50949.6	8.41185	6.55445	12703.2	670	0.128735	0	4.029	1.02
59.9	0.00290032	0.000844381	19542.1	1050	105	19170.1	26.7003	26.7003	106.801	106.801	0 43633.6 7300.58 	50934.2	8.41062	6.55445	12703.2	670	0.128689	0	4.029	1.02
60	0.00290046	0.00084462	19549.2	1050	105	19177.4	26.678	26.678	106.712	106.712	0 43623.4 7295.37 	50918.7	8.4094	6.55445	12703.2	670	0.128644	0	4.029	1.02
60.1	0.0029006	0.000844859	19556.2	1050	105	19184.7	26.6558	26.6558	106.623	106.623	0 43613.2 7290.16 	50903.3	8.40817	6.55445	12703.2	670	0.128599	0	4.029	1.02
60.2	0.00290075	0.000845097	19563.3	1050	105	19192	26.6335	26.6335	106.534	106.534	0 43603 7284.96 	50887.9	8.40695	6.55445	12703.2	670	0.128553	0	4.029	1.02
60.3	0.00290089	0.000845336	19570.4	1050	105	19199.2	26.6113	26.6113	106.445	106.445	0 43592.8 7279.76 	50872.5	8.40572	6.55445	12703.2	670	0.128508	0	4.029	1.02
60.4	0.00290103	0.000845575	19577.4	1050	105	19206.5	26.5891	26.5891	106.356	106.356	0 43582.6 7274.56 	50857.1	8.4045	6.55445	12703.2	670	0.128462	0	4.029	1.02
60.5	0.00290117	0.000845814	19584.5	1050	105	19213.8	26.567	26.567	106.268	106.268	0 43572.4 7269.37 	50841.8	8.40328	6.55445	12703.2	670	0.128417	0	4.029	1.02
60.6	0.00290131	0.000846052	19591.5	1050	105	19221.1	26.5448	26.5448	106.179	106.179	0 43562.2 7264.18 	50826.4	8.40206	6.55445	12703.2	670	0.128371	0	4.029	1.02
60.7	0.00290145	0.000846291	19598.6	1050	105	19228.4	26.5227	26.5227	106.091	106.091	0 43552 7258.99 	50811	8.40084	6.55445	12703.2	670	0.128326	0	4.029	1.02
60.8	0.00290159	0.00084653	19605.7	1050	105	19235.6	26.5006	26.5006	106.002	106.002	0 43541.9 7253.81 	50795.7	8.39962	6.55445	12703.2	670	0.128281	0	4.029	1.02
60.9	0.00290173	0.000846768	19612.7	1050	105	19242.9	26.4785	26.4785	105.914	105.914	0 43531.7 7248.64 	50780.3	8.3984	6.55445	12703.2	670	0.128235	0	4.029	1.02
61	0.00290187	0.000847007	19619.8	1050	105	19250.2	26.4564	26.4564	105.826	105.826	0 43521.5 7243.46 	50765	8.39718	6.55445	12703.2	670	0.12819	0	4.029	1.02
61.1	0.00290201	0.000847246	19626.8	1050	105	19257.5	26.4344	26.4344	105.738	105.738	0 43511.4 7238.29 	50749.7	8.39596	6.55445	12703.2	670	0.128144	0	4.029	1.02
61.2	0.00290215	0.000847484	19633.9	1050	105	19264.8	26.4124	26.4124	105.65	105.65	0 43501.2 7233.13 	50734.3	8.39475	6.55445	12703.2	670	0.128099	0	4.029	1.02
61.3	0.00290229	0.000847723	19641	1050	105	19272.1	26.3904	26.3904	105.562	105.562	0 43491.1 7227.97 	50719	8.39353	6.55445	12703.2	670	0.128054	0	4.029	1.02
61.4	0.00290243	0.000847962	19648	1050	105	19279.3	26.3684	26.3684	105.474	105.474	0 43480.9 7222.81 	50703.7	8.39231	6.55445	12703.2	670	0.128008	0	4.029	1.02
61.5	0.00290257	0.0008482	19655.1	1050	105	19286.6	26.3465	26.3465	105.386	105.386	0 43470.8 7217.65 	50688.4	8.3911	6.55445	12703.2	670	0.127963	0	4.029	1.02
61.6	0.00290271	0.000848439	19662.1	1050	105	19293.9	26.3246	26.3246	105.298	105.298	0 43460.7 7212.5 	50673.2	8.38988	6.55445	12703.2	670	0.127918	0	4.029	1.02
61.7	0.00290285	0.000848678	19669.2	1050	105	19301.2	26.3027	26.3027	105.211	105.211	0 43450.5 7207.36 	50657.9	8.38867	6.55445	12703.2	670	0.127872	0	4.029	1.02
61.8	0.00290299	0.000848916	19676.3	1050	105	19308.5	26.2808	26.2808	105.123	105.123	0 43440.4 7202.22 	50642.6	8.38746	6.55445	12703.2	670	0.127827	0	4.029	1.02
61.9	0.00290313	0.000849155	19683.3	1050	105	19315.8	26.2589	26.2589	105.036	105.036	0 43430.3 7197.08 	50627.4	8.38625	6.55445	12703.2	670	0.127782	0	4.029	1.02
62	0.00290327	0.000849394	19690.4	1050	105	19323	26.2371	26.2371	104.948	104.948	0 43420.2 7191.94 	50612.1	8.38504	6.55445	12703.2	670	0.127736	0	4.029	1.02
62.1	0.00290341	0.000849632	19697.5	1050	105	19330.3	26.2153	26.2153	104.861	104.861	0 43410.1 7186.81 	50596.9	8.38382	6.55445	12703.2	670	0.127691	0	4.029	1.02
62.2	0.00290355	0.000849871	19704.5	1050	105	19337.6	26.1935	26.1935	104.774	104.774	0 43400 7181.69 	50581.7	8.38261	6.55445	12703.2	670	0.127646	0	4.029	1.02
62.3	0.00290369	0.00085011	19711.6	1050	105	19344.9	26.1717	26.1717	104.687	104.687	0 43389.9 7176.56 	50566.4	8.38141	6.55445	12703.2	670	0.1276	0	4.029	1.02
62.4	0.00290383	0.000850348	19718.7	1050	105	19352.2	26.1499	26.1499	104.6	104.6	0 43379.8 7171.44 	50551.2	8.3802	6.55445	12703.2	670	0.127555	0	4.029	1.02
62.5	0.00290397	0.000850587	19725.7	1050	105	19359.5	26.1282	26.1282	104.513	104.513	0 43369.7 7166.33 	50536	8.37899	6.55445	12703.2	670	0.12751	0	4.029	1.02
62.6	0.00290411	0.000850826	19732.8	1050	105	19366.7	26.1065	26.1065	104.426	104.426	0 43359.6 7161.22 	50520.8	8.37778	6.55445	12703.2	670	0.127464	0	4.029	1.02
62.7	0.00290425	0.000851064	19739.9	1050	105	19374	26.0848	26.0848	104.339	104.339	0 43349.5 7156.11 	50505.6	8.37658	6.55445	12703.2	670	0.127419	0	4.029	1.02
62.8	0.00290439	0.000851303	19746.9	1050	105	19381.3	26.0632	26.0632	104.253	104.253	0 43339.5 7151.01 	50490.5	8.37537	6.55445	12703.2	670	0.127374	0	4.029	1.02
62.9	0.00290453	0.000851541	19754	1050	105	19388.6	26.0415	26.0415	104.166	104.166	0 43329.4 7145.91 	50475.3	8.37416	6.55445	12703.2	670	0.127329	0	4.029	1.02
63	0.00290467	0.00085178	19761.1	1050	105	19395.9	26.0199	26.0199	104.08	104.08	0 43319.3 7140.81 	50460.1	8.37296	6.55445	12703.2	670	0.127283	0	4.029	1.02
63.1	0.0029048	0.000852019	19768.2	1050	105	19403.2	25.9983	25.9983	103.993	103.993	0 43309.3 7135.72 	50445	8.37176	6.55445	12703.2	670	0.127238	0	4.029	1.02
63.2	0.00290494	0.000852257	19775.2	1050	105	19410.5	25.9767	25.9767	103.907	103.907	0 43299.2 7130.63 	50429.9	8.37055	6.55445	12703.2	670	0.127193	0	4.029	1.02
63.3	0.00290508	0.000852496	19782.3	1050	105	19417.7	25.9552	25.9552	103.821	103.821	0 43289.2 7125.54 	50414.7	8.36935	6.55445	12703.2	670	0.127148	0	4.029	1.02
63.4	0.00290522	0.000852735	19789.4	1050	105	19425	25.9336	25.9336	103.735	103.735	0 43279.1 7120.46 	50399.6	8.36815	6.55445	12703.2	670	0.127102	0	4.029	1.02
63.5	0.00290536	0.000852973	19796.4	1050	105	19432.3	25.9121	25.9121	103.648	103.648	0 43269.1 7115.39 	50384.5	8.36695	6.55445	12703.2	670	0.127057	0	4.029	1.02
63.6	0.0029055	0.000853212	19803.5	1050	105	19439.6	25.8906	25.8906	103.562	103.562	0 43259.1 7110.31 	50369.4	8.36575	6.55445	12703.2	670	0.127012	0	4.029	1.02
63.7	0.00290564	0.00085345	19810.6	1050	105	19446.9	25.8692	25.8692	103.477	103.477	0 43249 7105.24 	50354.3	8.36455	6.55445	12703.2	670	0.126967	0	4.029	1.02
63.8	0.00290578	0.000853689	19817.7	1050	105	19454.2	25.8477	25.8477	103.391	103.391	0 43239 7100.18 	50339.2	8.36335	6.55445	12703.2	670	0.126921	0	4.029	1.02
63.9	0.00290592	0.000853928	19824.7	1050	105	19461.5	25.8263	25.8263	103.305	103.305	0 43229 7095.11 	50324.1	8.36215	6.55445	12703.2	670	0.126876	0	4.029	1.02
64	0.00290606	0.000854166	19831.8	1050	105	19468.8	25.8049	25.8049	103.219	103.219	0 43219 7090.06 	50309	8.36095	6.55445	12703.2	670	0.126831	0	4.029	1.02
64.1	0.00290619	0.000854405	19838.9	1050	105	19476	25.7835	25.7835	103.134	103.134	0 43209 7085 	50294	8.35976	6.55445	12703.2	670	0.126786	0	4.029	1.02
64.2	0.00290633	0.000854643	19846	1050	105	19483.3	25.7621	25.7621	103.049	103.049	0 43199 7079.95 	50278.9	8.35856	6.55445	12703.2	670	0.126741	0	4.029	1.02
64.3	0.00290647	0.000854882	19853	1050	105	19490.6	25.7408	25.7408	102.963	102.963	0 43189 7074.9 	50263.9	8.35737	6.55445	12703.2	670	0.126695	0	4.029	1.02
64.4	0.00290661	0.000855121	19860.1	1050	105	19497.9	25.7195	25.7195	102.878	102.878	0 43179 7069.86 	50248.9	8.35617	6.55445	12703.2	670	0.12665	0	4.029	1.02
64.5	0.00290675	0.000855359	19867.2	1050	105	19505.2	25.6982	25.6982	102.793	102.793	0 43169 7064.82 	50233.8	8.35498	6.55445	12703.2	670	0.126605	0	4.029	1.02
64.6	0.00290689	0.000855598	19874.3	1050	105	19512.5	25.6769	25.6769	102.708	102.708	0 43159 7059.79 	50218.8	8.35378	6.55445	12703.2	670	0.12656	0	4.029	1.02
64.7	0.00290702	0.000855836	19881.3	1050	105	19519.8	25.6556	25.6556	102.623	102.623	0 43149 7054.75 	50203.8	8.35259	6.55445	12703.2	670	0.126515	0	4.029	1.02
64.8	0.00290716	0.000856075	19888.4	1050	105	19527.1	25.6344	25.6344	102.538	102.538	0 43139.1 7049.73 	50188.8	8.3514	6.55445	12703.2	670	0.126469	0	4.029	1.02
64.9	0.0029073	0.000856313	19895.5	1050	105	19534.4	25.6132	25.6132	102.453	102.453	0 43129.1 7044.7 	50173.8	8.35021	6.55445	12703.2	670	0.126424	0	4.029	1.02
65	0.00290744	0.000856552	19902.6	1050	105	19541.7	25.592	25.592	102.368	102.368	0 43119.1 7039.68 	50158.8	8.34902	6.55445	12703.2	670	0.126379	0	4.029	1.02
65.1	0.00290758	0.00085679	19909.7	1050	105	19548.9	25.5708	25.5708	102.283	102.283	0 43109.2 7034.66 	50143.8	8.34783	6.55445	12703.2	670	0.126334	0	4.029	1.02
65.2	0.00290772	0.000857029	19916.7	1050	105	19556.2	25.5497	25.5497	102.199	102.199	0 43099.2 7029.65 	50128.9	8.34664	6.55445	12703.2	670	0.126289	0	4.029	1.02
65.3	0.00290785	0.000857268	19923.8	1050	105	19563.5	25.5285	25.5285	102.114	102.114	0 43089.3 7024.64 	50113.9	8.34545	6.55445	12703.2	670	0.126244	0	4.029	1.02
65.4	0.00290799	0.000857506	19930.9	1050	105	19570.8	25.5074	25.5074	102.03	102.03	0 43079.3 7019.64 	50099	8.34426	6.55445	12703.2	670	0.126199	0	4.029	1.02
65.5	0.00290813	0.000857745	19938	1050	105	19578.1	25.4863	25.4863	101.945	101.945	0 43069.4 7014.63 	50084	8.34308	6.55445	12703.2	670	0.126154	0	4.029	1.02
65.6	0.00290827	0.000857983	19945.1	1050	105	19585.4	25.4653	25.4653	101.861	101.861	0 43059.5 7009.64 	50069.1	8.34189	6.55445	12703.2	670	0.126108	0	4.029	1.02
65.7	0.0029084	0.000858222	19952.1	1050	105	19592.7	25.4442	25.4442	101.777	101.777	0 43049.5 7004.64 	50054.2	8.3407	6.55445	12703.2	670	0.126063	0	4.029	1.02
65.8	0.00290854	0.00085846	19959.2	1050	105	19600	25.4232	25.4232	101.693	101.693	0 43039.6 6999.65 	50039.3	8.33952	6.55445	12703.2	670	0.126018	0	4.029	1.02
65.9	0.00290868	0.000858699	19966.3	1050	105	19607.3	25.4022	25.4022	101.609	101.609	0 43029.7 6994.66 	50024.4	8.33834	6.55445	12703.2	670	0.125973	0	4.029	1.02
66	0.00290882	0.000858937	19973.4	1050	105	19614.6	25.3812	25.3812	101.525	101.525	0 43019.8 6989.68 	50009.5	8.33715	6.55445	12703.2	670	0.125928	0	4.029	1.02
66.1	0.00290896	0.000859176	19980.5	1050	105	19621.9	25.3603	25.3603	101.441	101.441	0 43009.9 6984.7 	49994.6	8.33597	6.55445	12703.2	670	0.125883	0	4.029	1.02
66.2	0.00290909	0.000859414	19987.6	1050	105	19629.2	25.3393	25.3393	101.357	101.357	0 43000 6979.72 	49979.7	8.33479	6.55445	12703.2	670	0.125838	0	4.029	1.02
66.3	0.00290923	0.000859653	19994.6	1050	105	19636.5	25.3184	25.3184	101.274	101.274	0 42990.1 6974.75 	49964.8	8.3336	6.55445	12703.2	670	0.125793	0	4.029	1.02
66.4	0.00290937	0.000859891	20001.7	1050	105	19643.7	25.2975	25.2975	101.19	101.19	0 42980.2 6969.78 	49950	8.33242	6.55445	12703.2	670	0.125748	0	4.029	1.02
66.5	0.00290951	0.00086013	20008.8	1050	105	19651	25.2766	25.2766	101.107	101.107	0 42970.3 6964.82 	49935.1	8.33124	6.55445	12703.2	670	0.125703	0	4.029	1.02
66.6	0.00290964	0.000860369	20015.9	1050	105	19658.3	25.2558	25.2558	101.023	101.023	0 42960.4 6959.86 	49920.3	8.33006	6.55445	12703.2	670	0.125658	0	4.029	1.02
66.7	0.00290978	0.000860607	20023	1050	105	19665.6	25.2349	25.2349	100.94	100.94	0 42950.5 6954.9 	49905.4	8.32889	6.55445	12703.2	670	0.125613	0	4.029	1.02
66.8	0.00290992	0.000860846	20030.1	1050	105	19672.9	25.2141	25.2141	100.856	100.856	0 42940.6 6949.95 	49890.6	8.32771	6.55445	12703.2	670	0.125567	0	4.029	1.02
66.9	0.00291005	0.000861084	20037.2	1050	105	19680.2	25.1933	25.1933	100.773	100.773	0 42930.8 6945 	49875.8	8.32653	6.55445	12703.2	670	0.125522	0	4.029	1.02
67	0.00291019	0.000861323	20044.2	1050	105	19687.5	25.1726	25.1726	100.69	100.69	0 42920.9 6940.05 	49861	8.32535	6.55445	12703.2	670	0.125477	0	4.029	1.02
67.1	0.00291033	0.000861561	20051.3	1050	105	19694.8	25.1518	25.1518	100.607	100.607	0 42911 6935.11 	49846.2	8.32418	6.55445	12703.2	670	0.125432	0	4.029	1.02
67.2	0.00291047	0.0008618	20058.4	1050	105	19702.1	25.1311	25.1311	100.524	100.524	0 42901.2 6930.17 	49831.4	8.323	6.55445	12703.2	670	0.125387	0	4.029	1.02
67.3	0.0029106	0.000862038	20065.5	1050	105	19709.4	25.1104	25.1104	100.441	100.441	0 42891.3 6925.23 	49816.6	8.32183	6.55445	12703.2	670	0.125342	0	4.029	1.02
67.4	0.00291074	0.000862277	20072.6	1050	105	19716.7	25.0897	25.0897	100.359	100.359	0 42881.5 6920.3 	49801.8	8.32065	6.55445	12703.2	670	0.125297	0	4.029	1.02
67.5	0.00291088	0.000862515	20079.7	1050	105	19724	25.069	25.069	100.276	100.276	0 42871.7 6915.37 	49787	8.31948	6.55445	12703.2	670	0.125252	0	4.029	1.02
67.6	0.00291101	0.000862753	20086.8	1050	105	19731.3	25.0484	25.0484	100.193	100.193	0 42861.8 6910.45 	49772.3	8.31831	6.55445	12703.2	670	0.125207	0	4.029	1.02
67.7	0.00291115	0.000862992	20093.9	1050	105	19738.6	25.0277	25.0277	100.111	100.111	0 42852 6905.53 	49757.5	8.31713	6.55445	12703.2	670	0.125162	0	4.029	1.02
67.8	0.00291129	0.00086323	20101	1050	105	19745.9	25.0071	25.0071	100.028	100.028	0 42842.2 6900.61 	49742.8	8.31596	6.55445	12703.2	670	0.125117	0	4.029	1.02
67.9	0.00291142	0.000863469	20108.1	1050	105	19753.2	24.9865	24.9865	99.9461	99.9461	0 42832.3 6895.7 	49728	8.31479	6.55445	12703.2	670	0.125072	0	4.029	1.02
68	0.00291156	0.000863707	20115.2	1050	105	19760.5	24.966	24.966	99.8639	99.8639	0 42822.5 6890.79 	49713.3	8.31362	6.55445	12703.2	670	0.125028	0	4.029	1.02
68.1	0.0029117	0.000863946	20122.2	1050	105	19767.8	24.9454	24.9454	99.7817	99.7817	0 42812.7 6885.88 	49698.6	8.31245	6.55445	12703.2	670	0.124983	0	4.029	1.02
68.2	0.00291183	0.000864184	20129.3	1050	105	19775.1	24.9249	24.9249	99.6996	99.6996	0 42802.9 6880.98 	49683.9	8.31128	6.55445	12703.2	670	0.124938	0	4.029	1.02
68.3	0.00291197	0.000864423	20136.4	1050	105	19782.4	24.9044	24.9044	99.6176	99.6176	0 42793.1 6876.08 	49669.2	8.31011	6.55445	12703.2	670	0.124893	0	4.029	1.02
68.4	0.00291211	0.000864661	20143.5	1050	105	19789.7	24.8839	24.8839	99.5356	99.5356	0 42783.3 6871.19 	49654.5	8.30895	6.55445	12703.2	670	0.124848	0	4.029	1.02
68.5	0.00291224	0.0008649	20150.6	1050	105	19797	24.8634	24.8634	99.4538	99.4538	0 42773.5 6866.3 	49639.8	8.30778	6.55445	12703.2	670	0.124803	0	4.029	1.02
68.6	0.00291238	0.000865138	20157.7	1050	105	19804.3	24.843	24.843	99.372	99.372	0 42763.7 6861.41 	49625.1	8.30661	6.55445	12703.2	670	0.124758	0	4.029	1.02
68.7	0.00291251	0.000865377	20164.8	1050	105	19811.6	24.8226	24.8226	99.2903	99.2903	0 42753.9 6856.52 	49610.5	8.30545	6.55445	12703.2	670	0.124713	0	4.029	1.02
68.8	0.00291265	0.000865615	20171.9	1050	105	19818.9	24.8022	24.8022	99.2087	99.2087	0 42744.2 6851.64 	49595.8	8.30428	6.55445	12703.2	670	0.124668	0	4.029	1.02
68.9	0.00291279	0.000865854	20179	1050	105	19826.2	24.7818	24.7818	99.1272	99.1272	0 42734.4 6846.77 	49581.1	8.30312	6.55445	12703.2	670	0.124623	0	4.029	1.02
69	0.00291292	0.000866092	20186.1	1050	105	19833.5	24.7614	24.7614	99.0457	99.0457	0 42724.6 6841.89 	49566.5	8.30196	6.55445	12703.2	670	0.124578	0	4.029	1.02
69.1	0.00291306	0.00086633	20193.2	1050	105	19840.8	24.7411	24.7411	98.9644	98.9644	0 42714.8 6837.02 	49551.9	8.30079	6.55445	12703.2	670	0.124533	0	4.029	1.02
69.2	0.00291319	0.000866569	20200.3	1050	105	19848.1	24.7208	24.7208	98.8831	98.8831	0 42705.1 6832.16 	49537.2	8.29963	6.55445	12703.2	670	0.124488	0	4.029	1.02
69.3	0.00291333	0.000866807	20207.4	1050	105	19855.4	24.7005	24.7005	98.8019	98.8019	0 42695.3 6827.29 	49522.6	8.29847	6.55445	12703.2	670	0.124444	0	4.029	1.02
69.4	0.00291347	0.000867046	20214.5	1050	105	19862.7	24.6802	24.6802	98.7208	98.7208	0 42685.6 6822.44 	49508	8.29731	6.55445	12703.2	670	0.124399	0	4.029	1.02
69.5	0.0029136	0.000867284	20221.6	1050	105	19870	24.6599	24.6599	98.6397	98.6397	0 42675.8 6817.58 	49493.4	8.29615	6.55445	12703.2	670	0.124354	0	4.029	1.02
69.6	0.00291374	0.000867523	20228.7	1050	105	19877.3	24.6397	24.6397	98.5588	98.5588	0 42666.1 6812.73 	49478.8	8.29499	6.55445	12703.2	670	0.124309	0	4.029	1.02
69.7	0.00291387	0.000867761	20235.8	1050	105	19884.6	24.6195	24.6195	98.4779	98.4779	0 42656.4 6807.88 	49464.2	8.29383	6.55445	12703.2	670	0.124264	0	4.029	1.02
69.8	0.00291401	0.000867999	20242.9	1050	105	19891.9	24.5993	24.5993	98.3971	98.3971	0 42646.6 6803.04 	49449.7	8.29267	6.55445	12703.2	670	0.124219	0	4.029	1.02
69.9	0.00291415	0.000868238	20250	1050	105	19899.2	24.5791	24.5791	98.3164	98.3164	0 42636.9 6798.2 	49435.1	8.29152	6.55445	12703.2	670	0.124174	0	4.029	1.02
70	0.00291428	0.000868476	20257.1	1050	105	19906.5	24.5589	24.5589	98.2357	98.2357	0 42627.2 6793.36 	49420.5	8.29036	6.55445	12703.2	670	0.12413	0	4.029	1.02
70.1	0.00291442	0.000868715	20264.2	1050	105	19913.8	24.5388	24.5388	98.1552	98.1552	0 42617.5 6788.53 	49406	8.2892	6.55445	12703.2	670	0.124085	0	4.029	1.02
70.2	0.00291455	0.000868953	20271.3	1050	105	19921.1	24.5187	24.5187	98.0747	98.0747	0 42607.7 6783.7 	49391.4	8.28805	6.55445	12703.2	670	0.12404	0	4.029	1.02
70.3	0.00291469	0.000869192	20278.4	1050	105	19928.4	24.4986	24.4986	97.9943	97.9943	0 42598 6778.87 	49376.9	8.28689	6.55445	12703.2	670	0.123995	0	4.029	1.02
70.4	0.00291482	0.00086943	20285.5	1050	105	19935.7	24.4785	24.4785	97.914	97.914	0 42588.3 6774.05 	49362.4	8.28574	6.55445	12703.2	670	0.12395	0	4.029	1.02
70.5	0.00291496	0.000869668	20292.6	1050	105	19943	24.4584	24.4584	97.8338	97.8338	0 42578.6 6769.23 	49347.9	8.28458	6.55445	12703.2	670	0.123905	0	4.029	1.02
70.6	0.00291509	0.000869907	20299.7	1050	105	19950.3	24.4384	24.4384	97.7536	97.7536	0 42568.9 6764.41 	49333.3	8.28343	6.55445	12703.2	670	0.123861	0	4.029	1.02
70.7	0.00291523	0.000870145	20306.8	1050	105	19957.6	24.4184	24.4184	97.6735	97.6735	0 42559.2 6759.6 	49318.8	8.28228	6.55445	12703.2	670	0.123816	0	4.029	1.02
70.8	0.00291536	0.000870384	20313.9	1050	105	19964.9	24.3984	24.3984	97.5935	97.5935	0 42549.6 6754.79 	49304.3	8.28113	6.55445	12703.2	670	0.123771	0	4.029	1.02
70.9	0.0029155	0.000870622	20321	1050	105	19972.3	24.3784	24.3784	97.5136	97.5136	0 42539.9 6749.99 	49289.9	8.27998	6.55445	12703.2	670	0.123726	0	4.029	1.02
71	0.00291563	0.00087086	20328.1	1050	105	19979.6	24.3584	24.3584	97.4338	97.4338	0 42530.2 6745.18 	49275.4	8.27883	6.55445	12703.2	670	0.123682	0	4.029	1.02
71.1	0.00291577	0.000871099	20335.3	1050	105	19986.9	24.3385	24.3385	97.354	97.354	0 42520.5 6740.39 	49260.9	8.27768	6.55445	12703.2	670	0.123637	0	4.029	1.02
71.2	0.0029159	0.000871337	20342.4	1050	105	19994.2	24.3186	24.3186	97.2744	97.2744	0 42510.9 6735.59 	49246.5	8.27653	6.55445	12703.2	670	0.123592	0	4.029	1.02
71.3	0.00291604	0.000871576	20349.5	1050	105	20001.5	24.2987	24.2987	97.1948	97.1948	0 42501.2 6730.8 	49232	8.27538	6.55445	12703.2	670	0.123547	0	4.029	1.02
71.4	0.00291617	0.000871814	20356.6	1050	105	20008.8	24.2788	24.2788	97.1152	97.1152	0 42491.5 6726.01 	49217.6	8.27423	6.55445	12703.2	670	0.123503	0	4.029	1.02
71.5	0.00291631	0.000872052	20363.7	1050	105	20016.1	24.259	24.259	97.0358	97.0358	0 42481.9 6721.23 	49203.1	8.27308	6.55445	12703.2	670	0.123458	0	4.029	1.02
71.6	0.00291644	0.000872291	20370.8	1050	105	20023.4	24.2391	24.2391	96.9565	96.9565	0 42472.2 6716.45 	49188.7	8.27194	6.55445	12703.2	670	0.123413	0	4.029	1.02
71.7	0.00291658	0.000872529	20377.9	1050	105	20030.7	24.2193	24.2193	96.8772	96.8772	0 42462.6 6711.67 	49174.3	8.27079	6.55445	12703.2	670	0.123368	0	4.029	1.02
71.8	0.00291671	0.000872768	20385	1050	105	20038	24.1995	24.1995	96.798	96.798	0 42453 6706.9 	49159.9	8.26965	6.55445	12703.2	670	0.123324	0	4.029	1.02
71.9	0.00291685	0.000873006	20392.1	1050	105	20045.3	24.1797	24.1797	96.7189	96.7189	0 42443.3 6702.13 	49145.5	8.2685	6.55445	12703.2	670	0.123279	0	4.029	1.02
72	0.00291698	0.000873244	20399.2	1050	105	20052.6	24.16	24.16	96.6398	96.6398	0 42433.7 6697.37 	49131.1	8.26736	6.55445	12703.2	670	0.123234	0	4.029	1.02
72.1	0.00291712	0.000873483	20406.4	1050	105	20059.9	24.1402	24.1402	96.5609	96.5609	0 42424.1 6692.6 	49116.7	8.26622	6.55445	12703.2	670	0.12319	0	4.029	1.02
72.2	0.00291725	0.000873721	20413.5	1050	105	20067.3	24.1205	24.1205	96.482	96.482	0 42414.5 6687.84 	49102.3	8.26507	6.55445	12703.2	670	0.123145	0	4.029	1.02
72.3	0.00291738	0.00087396	20420.6	1050	105	20074.6	24.1008	24.1008	96.4032	96.4032	0 42404.8 6683.09 	49087.9	8.26393	6.55445	12703.2	670	0.1231	0	4.029	1.02
72.4	0.00291752	0.000874198	20427.7	1050	105	20081.9	24.0811	24.0811	96.3245	96.3245	0 42395.2 6678.34 	49073.6	8.26279	6.55445	12703.2	670	0.123055	0	4.029	1.02
72.5	0.00291765	0.000874436	20434.8	1050	105	20089.2	24.0615	24.0615	96.2458	96.2458	0 42385.6 6673.59 	49059.2	8.26165	6.55445	12703.2	670	0.123011	0	4.029	1.02
72.6	0.00291779	0.000874675	20441.9	1050	105	20096.5	24.0418	24.0418	96.1672	96.1672	0 42376 6668.84 	49044.9	8.26051	6.55445	12703.2	670	0.122966	0	4.029	1.02
72.7	0.00291792	0.000874913	20449	1050	105	20103.8	24.0222	24.0222	96.0888	96.0888	0 42366.4 6664.1 	49030.5	8.25937	6.55445	12703.2	670	0.122921	0	4.029	1.02
72.8	0.00291805	0.000875151	20456.1	1050	105	20111.1	24.0026	24.0026	96.0103	96.0103	0 42356.8 6659.37 	49016.2	8.25823	6.55445	12703.2	670	0.122877	0	4.029	1.02
72.9	0.00291819	0.00087539	20463.3	1050	105	20118.4	23.983	23.983	95.932	95.932	0 42347.2 6654.63 	49001.9	8.25709	6.55445	12703.2	670	0.122832	0	4.029	1.02
73	0.00291832	0.000875628	20470.4	1050	105	20125.7	23.9634	23.9634	95.8538	95.8538	0 42337.7 6649.9 	48987.6	8.25596	6.55445	12703.2	670	0.122788	0	4.029	1.02
73.1	0.00291846	0.000875867	20477.5	1050	105	20133.1	23.9439	23.9439	95.7756	95.7756	0 42328.1 6645.17 	48973.2	8.25482	6.55445	12703.2	670	0.122743	0	4.029	1.02
73.2	0.00291859	0.000876105	20484.6	1050	105	20140.4	23.9244	23.9244	95.6975	95.6975	0 42318.5 6640.45 	48958.9	8.25368	6.55445	12703.2	670	0.122698	0	4.029	1.02
73.3	0.00291872	0.000876343	20491.7	1050	105	20147.7	23.9049	23.9049	95.6195	95.6195	0 42308.9 6635.73 	48944.7	8.25255	6.55445	12703.2	670	0.122654	0	4.029	1.02
73.4	0.00291886	0.000876582	20498.9	1050	105	20155	23.8854	23.8854	95.5415	95.5415	0 42299.4 6631.01 	48930.4	8.25141	6.55445	12703.2	670	0.122609	0	4.029	1.02
73.5	0.00291899	0.00087682	20506	1050	105	20162.3	23.8659	23.8659	95.4637	95.4637	0 42289.8 6626.3 	48916.1	8.25028	6.55445	12703.2	670	0.122565	0	4.029	1.02
73.6	0.00291913	0.000877058	20513.1	1050	105	20169.6	23.8465	23.8465	95.3859	95.3859	0 42280.2 6621.59 	48901.8	8.24914	6.55445	12703.2	670	0.12252	0	4.029	1.02
73.7	0.00291926	0.000877297	20520.2	1050	105	20176.9	23.827	23.827	95.3082	95.3082	0 42270.7 6616.88 	48887.6	8.24801	6.55445	12703.2	670	0.122475	0	4.029	1.02
73.8	0.00291939	0.000877535	20527.3	1050	105	20184.3	23.8076	23.8076	95.2305	95.2305	0 42261.1 6612.18 	48873.3	8.24688	6.55445	12703.2	670	0.122431	0	4.029	1.02
73.9	0.00291953	0.000877773	20534.5	1050	105	20191.6	23.7882	23.7882	95.153	95.153	0 42251.6 6607.48 	48859.1	8.24575	6.55445	12703.2	670	0.122386	0	4.029	1.02
74	0.00291966	0.000878012	20541.6	1050	105	20198.9	23.7689	23.7689	95.0755	95.0755	0 42242.1 6602.79 	48844.8	8.24462	6.55445	12703.2	670	0.122342	0	4.029	1.02
74.1	0.00291979	0.00087825	20548.7	1050	105	20206.2	23.7495	23.7495	94.9981	94.9981	0 42232.5 6598.09 	48830.6	8.24349	6.55445	12703.2	670	0.122297	0	4.029	1.02
74.2	0.00291992	0.000878485	20555.7	1050	105	20213.4	23.7302	23.7302	94.9208	94.9208	0 42222.1 6593.25 	48815.3	8.24243	6.55445	12703.2	670	0.122249	0	4.029	1.02
74.3	0.00292006	0.000878717	20562.7	1050	105	20220.6	23.7109	23.7109	94.8436	94.8436	0 42213.6 6588.78 	48802.4	8.2412	6.55445	12703.2	670	0.122208	0	4.029	1.02
74.4	0.0029202	0.000878959	20569.9	1050	105	20228	23.6916	23.6916	94.7664	94.7664	0 42204.3 6584.12 	48788.4	8.24006	6.55445	12703.2	670	0.122164	0	4.029	1.02
74.5	0.00292033	0.000879202	20577.1	1050	105	20235.4	23.6723	23.6723	94.6893	94.6893	0 42194.5 6579.39 	48773.9	8.23896	6.55445	12703.2	670	0.122119	0	4.029	1.02
74.6	0.00292046	0.000879441	20584.3	1050	105	20242.8	23.6531	23.6531	94.6123	94.6123	0 42185 6574.69 	48759.7	8.23784	6.55445	12703.2	670	0.122074	0	4.029	1.02
74.7	0.00292059	0.00087968	20591.4	1050	105	20250.1	23.6338	23.6338	94.5354	94.5354	0 42175.4 6570.02 	48745.4	8.23672	6.55445	12703.2	670	0.12203	0	4.029	1.02
74.8	0.00292073	0.000879918	20598.6	1050	105	20257.4	23.6146	23.6146	94.4585	94.4585	0 42165.9 6565.35 	48731.3	8.23559	6.55445	12703.2	670	0.121985	0	4.029	1.02
74.9	0.00292086	0.000880157	20605.7	1050	105	20264.7	23.5954	23.5954	94.3817	94.3817	0 42156.4 6560.68 	48717.1	8.23447	6.55445	12703.2	670	0.121941	0	4.029	1.02
75	0.00292099	0.000880395	20612.8	1050	105	20272.1	23.5763	23.5763	94.305	94.305	0 42146.9 6556.02 	48702.9	8.23334	6.55445	12703.2	670	0.121896	0	4.029	1.02
75.1	0.00292113	0.000880634	20619.9	1050	105	20279.4	23.5571	23.5571	94.2284	94.2284	0 42137.4 6551.36 	48688.8	8.23222	6.55445	12703.2	670	0.121852	0	4.029	1.02
75.2	0.00292126	0.000880872	20627.1	1050	105	20286.7	23.538	23.538	94.1519	94.1519	0 42127.9 6546.71 	48674.7	8.23109	6.55445	12703.2	670	0.121807	0	4.029	1.02
75.3	0.00292139	0.00088111	20634.2	1050	105	20294	23.5188	23.5188	94.0754	94.0754	0 42118.5 6542.06 	48660.5	8.22997	6.55445	12703.2	670	0.121763	0	4.029	1.02
75.4	0.00292152	0.000881349	20641.3	1050	105	20301.3	23.4997	23.4997	93.999	93.999	0 42109 6537.41 	48646.4	8.22885	6.55445	12703.2	670	0.121719	0	4.029	1.02
75.5	0.00292166	0.000881587	20648.5	1050	105	20308.7	23.4807	23.4807	93.9227	93.9227	0 42099.5 6532.77 	48632.3	8.22773	6.55445	12703.2	670	0.121674	0	4.029	1.02
75.6	0.00292179	0.000881825	20655.6	1050	105	20316	23.4616	23.4616	93.8464	93.8464	0 42090 6528.13 	48618.2	8.22661	6.55445	12703.2	670	0.12163	0	4.029	1.02
75.7	0.00292192	0.000882064	20662.7	1050	105	20323.3	23.4426	23.4426	93.7702	93.7702	0 42080.6 6523.49 	48604.1	8.22548	6.55445	12703.2	670	0.121585	0	4.029	1.02
75.8	0.00292205	0.000882302	20669.9	1050	105	20330.6	23.4235	23.4235	93.6942	93.6942	0 42071.1 6518.86 	48590	8.22436	6.55445	12703.2	670	0.121541	0	4.029	1.02
75.9	0.00292219	0.000882541	20677	1050	105	20337.9	23.4045	23.4045	93.6181	93.6181	0 42061.7 6514.23 	48575.9	8.22325	6.55445	12703.2	670	0.121496	0	4.029	1.02
76	0.00292232	0.000882779	20684.1	1050	105	20345.3	23.3855	23.3855	93.5422	93.5422	0 42052.2 6509.6 	48561.8	8.22213	6.55445	12703.2	670	0.121452	0	4.029	1.02
76.1	0.00292245	0.000883017	20691.2	1050	105	20352.6	23.3666	23.3666	93.4663	93.4663	0 42042.8 6504.98 	48547.7	8.22101	6.55445	12703.2	670	0.121408	0	4.029	1.02
76.2	0.00292258	0.000883256	20698.4	1050	105	20359.9	23.3476	23.3476	93.3905	93.3905	0 42033.3 6500.36 	48533.7	8.21989	6.55445	12703.2	670	0.121363	0	4.029	1.02
76.3	0.00292272	0.000883494	20705.5	1050	105	20367.2	23.3287	23.3287	93.3148	93.3148	0 42023.9 6495.74 	48519.6	8.21878	6.55445	12703.2	670	0.121319	0	4.029	1.02
76.4	0.00292285	0.000883732	20712.6	1050	105	20374.6	23.3098	23.3098	93.2392	93.2392	0 42014.5 6491.13 	48505.6	8.21766	6.55445	12703.2	670	0.121274	0	4.029	1.02
76.5	0.00292298	0.000883971	20719.8	1050	105	20381.9	23.2909	23.2909	93.1636	93.1636	0 42005 6486.52 	48491.5	8.21654	6.55445	12703.2	670	0.12123	0	4.029	1.02
76.6	0.00292311	0.000884209	20726.9	1050	105	20389.2	23.272	23.272	93.0881	93.0881	0 41995.6 6481.91 	48477.5	8.21543	6.55445	12703.2	670	0.121186	0	4.029	1.02
76.7	0.00292325	0.000884447	20734.1	1050	105	20396.5	23.2532	23.2532	93.0127	93.0127	0 41986.2 6477.31 	48463.5	8.21431	6.55445	12703.2	670	0.121141	0	4.029	1.02
76.8	0.00292338	0.000884686	20741.2	1050	105	20403.8	23.2344	23.2344	92.9374	92.9374	0 41976.8 6472.71 	48449.5	8.2132	6.55445	12703.2	670	0.121097	0	4.029	1.02
76.9	0.00292351	0.000884924	20748.3	1050	105	20411.2	23.2155	23.2155	92.8621	92.8621	0 41967.4 6468.11 	48435.5	8.21209	6.55445	12703.2	670	0.121053	0	4.029	1.02
77	0.00292364	0.000885163	20755.5	1050	105	20418.5	23.1967	23.1967	92.787	92.787	0 41958 6463.52 	48421.5	8.21098	6.55445	12703.2	670	0.121008	0	4.029	1.02
77.1	0.00292377	0.000885401	20762.6	1050	105	20425.8	23.178	23.178	92.7118	92.7118	0 41948.6 6458.93 	48407.5	8.20986	6.55445	12703.2	670	0.120964	0	4.029	1.02
77.2	0.00292391	0.000885639	20769.7	1050	105	20433.2	23.1592	23.1592	92.6368	92.6368	0 41939.2 6454.35 	48393.5	8.20875	6.55445	12703.2	670	0.12092	0	4.029	1.02
77.3	0.00292404	0.000885878	20776.9	1050	105	20440.5	23.1405	23.1405	92.5619	92.5619	0 41929.8 6449.76 	48379.5	8.20764	6.55445	12703.2	670	0.120875	0	4.029	1.02
77.4	0.00292417	0.000886116	20784	1050	105	20447.8	23.1217	23.1217	92.487	92.487	0 41920.4 6445.18 	48365.6	8.20653	6.55445	12703.2	670	0.120831	0	4.029	1.02
77.5	0.0029243	0.000886354	20791.2	1050	105	20455.1	23.103	23.103	92.4122	92.4122	0 41911 6440.61 	48351.6	8.20542	6.55445	12703.2	670	0.120787	0	4.029	1.02
77.6	0.00292443	0.000886593	20798.3	1050	105	20462.5	23.0844	23.0844	92.3374	92.3374	0 41901.6 6436.04 	48337.6	8.20431	6.55445	12703.2	670	0.120742	0	4.029	1.02
77.7	0.00292456	0.000886831	20805.4	1050	105	20469.8	23.0657	23.0657	92.2628	92.2628	0 41892.2 6431.47 	48323.7	8.20321	6.55445	12703.2	670	0.120698	0	4.029	1.02
77.8	0.0029247	0.00088707	20812.6	1050	105	20477.1	23.047	23.047	92.1882	92.1882	0 41882.9 6426.9 	48309.8	8.2021	6.55445	12703.2	670	0.120654	0	4.029	1.02
77.9	0.00292483	0.000887308	20819.7	1050	105	20484.4	23.0284	23.0284	92.1137	92.1137	0 41873.5 6422.34 	48295.8	8.20099	6.55445	12703.2	670	0.12061	0	4.029	1.02
78	0.00292496	0.000887546	20826.9	1050	105	20491.8	23.0098	23.0098	92.0392	92.0392	0 41864.1 6417.78 	48281.9	8.19988	6.55445	12703.2	670	0.120565	0	4.029	1.02
78.1	0.00292509	0.000887785	20834	1050	105	20499.1	22.9912	22.9912	91.9649	91.9649	0 41854.8 6413.23 	48268	8.19878	6.55445	12703.2	670	0.120521	0	4.029	1.02
78.2	0.00292522	0.000888023	20841.2	1050	105	20506.4	22.9726	22.9726	91.8906	91.8906	0 41845.4 6408.68 	48254.1	8.19767	6.55445	12703.2	670	0.120477	0	4.029	1.02
78.3	0.00292535	0.000888262	20848.3	1050	105	20513.8	22.9541	22.9541	91.8164	91.8164	0 41836.1 6404.13 	48240.2	8.19657	6.55445	12703.2	670	0.120433	0	4.029	1.02
78.4	0.00292549	0.0008885	20855.5	1050	105	20521.1	22.9356	22.9356	91.7422	91.7422	0 41826.7 6399.58 	48226.3	8.19547	6.55445	12703.2	670	0.120388	0	4.029	1.02
78.5	0.00292562	0.000888738	20862.6	1050	105	20528.4	22.917	22.917	91.6682	91.6682	0 41817.4 6395.04 	48212.4	8.19436	6.55445	12703.2	670	0.120344	0	4.029	1.02
78.6	0.00292575	0.000888977	20869.8	1050	105	20535.8	22.8985	22.8985	91.5942	91.5942	0 41808 6390.5 	48198.5	8.19326	6.55445	12703.2	670	0.1203	0	4.029	1.02
78.7	0.00292588	0.000889215	20876.9	1050	105	20543.1	22.8801	22.8801	91.5203	91.5203	0 41798.7 6385.97 	48184.7	8.19216	6.55445	12703.2	670	0.120256	0	4.029	1.02
78.8	0.00292601	0.000889454	20884	1050	105	20550.4	22.8616	22.8616	91.4464	91.4464	0 41789.4 6381.44 	48170.8	8.19106	6.55445	12703.2	670	0.120212	0	4.029	1.02
78.9	0.00292614	0.000889692	20891.2	1050	105	20557.8	22.8432	22.8432	91.3726	91.3726	0 41780 6376.91 	48156.9	8.18996	6.55445	12703.2	670	0.120167	0	4.029	1.02
79	0.00292627	0.00088993	20898.3	1050	105	20565.1	22.8247	22.8247	91.2989	91.2989	0 41770.7 6372.38 	48143.1	8.18885	6.55445	12703.2	670	0.120123	0	4.029	1.02
79.1	0.0029264	0.000890169	20905.5	1050	105	20572.4	22.8063	22.8063	91.2253	91.2253	0 41761.4 6367.86 	48129.3	8.18776	6.55445	12703.2	670	0.120079	0	4.029	1.02
79.2	0.00292653	0.000890407	20912.6	1050	105	20579.8	22.7879	22.7879	91.1518	91.1518	0 41752.1 6363.34 	48115.4	8.18666	6.55445	12703.2	670	0.120035	0	4.029	1.02
79.3	0.00292667	0.000890646	20919.8	1050	105	20587.1	22.7696	22.7696	91.0783	91.0783	0 41742.8 6358.83 	48101.6	8.18556	6.55445	12703.2	670	0.119991	0	4.029	1.02
79.4	0.0029268	0.000890884	20926.9	1050	105	20594.4	22.7512	22.7512	91.0049	91.0049	0 41733.5 6354.32 	48087.8	8.18446	6.55445	12703.2	670	0.119947	0	4.029	1.02
79.5	0.00292693	0.000891122	20934.1	1050	105	20601.8	22.7329	22.7329	90.9316	90.9316	0 41724.2 6349.81 	48074	8.18336	6.55445	12703.2	670	0.119903	0	4.029	1.02
79.6	0.00292706	0.000891361	20941.3	1050	105	20609.1	22.7146	22.7146	90.8583	90.8583	0 41714.9 6345.3 	48060.2	8.18227	6.55445	12703.2	670	0.119858	0	4.029	1.02
79.7	0.00292719	0.000891599	20948.4	1050	105	20616.4	22.6963	22.6963	90.7851	90.7851	0 41705.6 6340.8 	48046.4	8.18117	6.55445	12703.2	670	0.119814	0	4.029	1.02
79.8	0.00292732	0.000891838	20955.6	1050	105	20623.8	22.678	22.678	90.712	90.712	0 41696.3 6336.3 	48032.6	8.18007	6.55445	12703.2	670	0.11977	0	4.029	1.02
79.9	0.00292745	0.000892076	20962.7	1050	105	20631.1	22.6597	22.6597	90.639	90.639	0 41687 6331.81 	48018.8	8.17898	6.55445	12703.2	670	0.119726	0	4.029	1.02
80	0.00292758	0.000892315	20969.9	1050	105	20638.5	22.6415	22.6415	90.566	90.566	0 41677.7 6327.32 	48005	8.17788	6.55445	12703.2	670	0.119682	0	4.029	1.02
80.1	0.00292771	0.000892553	20977	1050	105	20645.8	22.6233	22.6233	90.4931	90.4931	0 41668.4 6322.83 	47991.3	8.17679	6.55445	12703.2	670	0.119638	0	4.029	1.02
80.2	0.00292784	0.000892792	20984.2	1050	105	20653.1	22.6051	22.6051	90.4203	90.4203	0 41659.2 6318.34 	47977.5	8.1757	6.55445	12703.2	670	0.119594	0	4.029	1.02
80.3	0.00292797	0.00089303	20991.3	1050	105	20660.5	22.5869	22.5869	90.3476	90.3476	0 41649.9 6313.86 	47963.8	8.1746	6.55445	12703.2	670	0.11955	0	4.029	1.02
80.4	0.0029281	0.000893268	20998.5	1050	105	20667.8	22.5687	22.5687	90.2749	90.2749	0 41640.6 6309.39 	47950	8.17351	6.55445	12703.2	670	0.119506	0	4.029	1.02
80.5	0.00292823	0.000893507	21005.7	1050	105	20675.2	22.5506	22.5506	90.2023	90.2023	0 41631.4 6304.91 	47936.3	8.17242	6.55445	12703.2	670	0.119462	0	4.029	1.02
80.6	0.00292836	0.000893745	21012.8	1050	105	20682.5	22.5324	22.5324	90.1298	90.1298	0 41622.1 6300.44 	47922.6	8.17133	6.55445	12703.2	670	0.119418	0	4.029	1.02
80.7	0.00292849	0.000893984	21020	1050	105	20689.8	22.5143	22.5143	90.0573	90.0573	0 41612.9 6295.97 	47908.8	8.17024	6.55445	12703.2	670	0.119374	0	4.029	1.02
80.8	0.00292862	0.000894222	21027.1	1050	105	20697.2	22.4962	22.4962	89.9849	89.9849	0 41603.6 6291.51 	47895.1	8.16915	6.55445	12703.2	670	0.11933	0	4.029	1.02
80.9	0.00292875	0.000894461	21034.3	1050	105	20704.5	22.4782	22.4782	89.9126	89.9126	0 41594.4 6287.04 	47881.4	8.16806	6.55445	12703.2	670	0.119286	0	4.029	1.02
81	0.00292888	0.000894699	21041.5	1050	105	20711.9	22.4601	22.4601	89.8404	89.8404	0 41585.1 6282.59 	47867.7	8.16697	6.55445	12703.2	670	0.119242	0	4.029	1.02
81.1	0.00292901	0.000894938	21048.6	1050	105	20719.2	22.4421	22.4421	89.7682	89.7682	0 41575.9 6278.13 	47854	8.16588	6.55445	12703.2	670	0.119198	0	4.029	1.02
81.2	0.00292914	0.000895176	21055.8	1050	105	20726.6	22.424	22.424	89.6961	89.6961	0 41566.7 6273.68 	47840.3	8.1648	6.55445	12703.2	670	0.119154	0	4.029	1.02
81.3	0.00292927	0.000895415	21063	1050	105	20733.9	22.406	22.406	89.6241	89.6241	0 41557.4 6269.23 	47826.7	8.16371	6.55445	12703.2	670	0.11911	0	4.029	1.02
81.4	0.0029294	0.000895653	21070.1	1050	105	20741.2	22.388	22.388	89.5522	89.5522	0 41548.2 6264.79 	47813	8.16262	6.55445	12703.2	670	0.119066	0	4.029	1.02
81.5	0.00292953	0.000895892	21077.3	1050	105	20748.6	22.3701	22.3701	89.4803	89.4803	0 41539 6260.35 	47799.3	8.16154	6.55445	12703.2	670	0.119022	0	4.029	1.02
81.6	0.00292966	0.00089613	21084.5	1050	105	20755.9	22.3521	22.3521	89.4085	89.4085	0 41529.8 6255.91 	47785.7	8.16045	6.55445	12703.2	670	0.118978	0	4.029	1.02
81.7	0.00292979	0.000896369	21091.6	1050	105	20763.3	22.3342	22.3342	89.3368	89.3368	0 41520.6 6251.47 	47772	8.15937	6.55445	12703.2	670	0.118934	0	4.029	1.02
81.8	0.00292992	0.000896607	21098.8	1050	105	20770.6	22.3163	22.3163	89.2651	89.2651	0 41511.4 6247.04 	47758.4	8.15829	6.55445	12703.2	670	0.11889	0	4.029	1.02
81.9	0.00293005	0.000896846	21106	1050	105	20778	22.2984	22.2984	89.1935	89.1935	0 41502.2 6242.61 	47744.8	8.1572	6.55445	12703.2	670	0.118846	0	4.029	1.02
82	0.00293018	0.000897084	21113.1	1050	105	20785.3	22.2805	22.2805	89.122	89.122	0 41493 6238.19 	47731.1	8.15612	6.55445	12703.2	670	0.118802	0	4.029	1.02
82.1	0.00293031	0.000897323	21120.3	1050	105	20792.7	22.2626	22.2626	89.0506	89.0506	0 41483.8 6233.76 	47717.5	8.15504	6.55445	12703.2	670	0.118758	0	4.029	1.02
82.2	0.00293044	0.000897562	21127.5	1050	105	20800	22.2448	22.2448	88.9792	88.9792	0 41474.6 6229.35 	47703.9	8.15396	6.55445	12703.2	670	0.118714	0	4.029	1.02
82.3	0.00293057	0.0008978	21134.6	1050	105	20807.4	22.227	22.227	88.9079	88.9079	0 41465.4 6224.93 	47690.3	8.15287	6.55445	12703.2	670	0.11867	0	4.029	1.02
82.4	0.0029307	0.000898039	21141.8	1050	105	20814.7	22.2092	22.2092	88.8366	88.8366	0 41456.2 6220.52 	47676.7	8.15179	6.55445	12703.2	670	0.118627	0	4.029	1.02
82.5	0.00293083	0.000898277	21149	1050	105	20822.1	22.1914	22.1914	88.7655	88.7655	0 41447 6216.11 	47663.1	8.15071	6.55445	12703.2	670	0.118583	0	4.029	1.02
82.6	0.00293096	0.000898516	21156.2	1050	105	20829.4	22.1736	22.1736	88.6944	88.6944	0 41437.8 6211.7 	47649.5	8.14963	6.55445	12703.2	670	0.118539	0	4.029	1.02
82.7	0.00293109	0.000898754	21163.3	1050	105	20836.8	22.1558	22.1558	88.6234	88.6234	0 41428.7 6207.3 	47636	8.14856	6.55445	12703.2	670	0.118495	0	4.029	1.02
82.8	0.00293122	0.000898993	21170.5	1050	105	20844.1	22.1381	22.1381	88.5524	88.5524	0 41419.5 6202.9 	47622.4	8.14748	6.55445	12703.2	670	0.118451	0	4.029	1.02
82.9	0.00293135	0.000899232	21177.7	1050	105	20851.5	22.1204	22.1204	88.4815	88.4815	0 41410.3 6198.51 	47608.8	8.1464	6.55445	12703.2	670	0.118407	0	4.029	1.02
83	0.00293148	0.00089947	21184.9	1050	105	20858.8	22.1027	22.1027	88.4107	88.4107	0 41401.2 6194.12 	47595.3	8.14532	6.55445	12703.2	670	0.118364	0	4.029	1.02
83.1	0.00293161	0.000899709	21192	1050	105	20866.2	22.085	22.085	88.34	88.34	0 41392 6189.73 	47581.7	8.14425	6.55445	12703.2	670	0.11832	0	4.029	1.02
83.2	0.00293173	0.000899948	21199.2	1050	105	20873.5	22.0673	22.0673	88.2693	88.2693	0 41382.9 6185.34 	47568.2	8.14317	6.55445	12703.2	670	0.118276	0	4.029	1.02
83.3	0.00293186	0.000900186	21206.4	1050	105	20880.9	22.0497	22.0497	88.1987	88.1987	0 41373.7 6180.96 	47554.7	8.1421	6.55445	12703.2	670	0.118232	0	4.029	1.02
83.4	0.00293199	0.000900425	21213.6	1050	105	20888.3	22.0321	22.0321	88.1282	88.1282	0 41364.6 6176.58 	47541.2	8.14102	6.55445	12703.2	670	0.118189	0	4.029	1.02
83.5	0.00293212	0.000900664	21220.8	1050	105	20895.6	22.0144	22.0144	88.0578	88.0578	0 41355.5 6172.21 	47527.7	8.13994	6.55445	12703.2	670	0.118145	0	4.029	1.02
83.6	0.00293225	0.000900903	21228	1050	105	20903	21.9968	21.9968	87.9874	87.9874	0 41346.3 6167.82 	47514.1	8.13888	6.55445	12703.2	670	0.118101	0	4.029	1.02
83.7	0.00293238	0.000901141	21235.1	1050	105	20910.3	21.9793	21.9793	87.9171	87.9171	0 41337.1 6163.46 	47500.6	8.1378	6.55445	12703.2	670	0.118057	0	4.029	1.02
83.8	0.00293251	0.00090138	21242.3	1050	105	20917.7	21.9617	21.9617	87.8468	87.8468	0 41328 6159.09 	47487.1	8.13673	6.55445	12703.2	670	0.118014	0	4.029	1.02
83.9	0.00293264	0.000901618	21249.5	1050	105	20925	21.9442	21.9442	87.7767	87.7767	0 41318.9 6154.73 	47473.6	8.13565	6.55445	12703.2	670	0.11797	0	4.029	1.02
84	0.00293277	0.000901857	21256.7	1050	105	20932.4	21.9266	21.9266	87.7066	87.7066	0 41309.8 6150.37 	47460.1	8.13458	6.55445	12703.2	670	0.117926	0	4.029	1.02
84.1	0.00293289	0.000902096	21263.9	1050	105	20939.8	21.9091	21.9091	87.6365	87.6365	0 41300.7 6146.01 	47446.7	8.13351	6.55445	12703.2	670	0.117882	0	4.029	1.02
84.2	0.00293302	0.000902334	21271	1050	105	20947.1	21.8916	21.8916	87.5666	87.5666	0 41291.5 6141.66 	47433.2	8.13244	6.55445	12703.2	670	0.117839	0	4.029	1.02
84.3	0.00293315	0.000902573	21278.2	1050	105	20954.5	21.8742	21.8742	87.4967	87.4967	0 41282.4 6137.31 	47419.7	8.13137	6.55445	12703.2	670	0.117795	0	4.029	1.02
84.4	0.00293328	0.000902812	21285.4	1050	105	20961.8	21.8567	21.8567	87.4269	87.4269	0 41273.3 6132.96 	47406.3	8.1303	6.55445	12703.2	670	0.117751	0	4.029	1.02
84.5	0.00293341	0.000903051	21292.6	1050	105	20969.2	21.8393	21.8393	87.3571	87.3571	0 41264.2 6128.62 	47392.8	8.12923	6.55445	12703.2	670	0.117708	0	4.029	1.02
84.6	0.00293354	0.000903289	21299.8	1050	105	20976.6	21.8219	21.8219	87.2874	87.2874	0 41255.1 6124.28 	47379.4	8.12817	6.55445	12703.2	670	0.117664	0	4.029	1.02
84.7	0.00293367	0.000903528	21307	1050	105	20983.9	21.8045	21.8045	87.2178	87.2178	0 41246 6119.94 	47366	8.1271	6.55445	12703.2	670	0.11762	0	4.029	1.02
84.8	0.00293379	0.000903767	21314.2	1050	105	20991.3	21.7871	21.7871	87.1483	87.1483	0 41236.9 6115.61 	47352.5	8.12603	6.55445	12703.2	670	0.117577	0	4.029	1.02
84.9	0.00293392	0.000904006	21321.4	1050	105	20998.7	21.7697	21.7697	87.0788	87.0788	0 41227.8 6111.28 	47339.1	8.12497	6.55445	12703.2	670	0.117533	0	4.029	1.02
85	0.00293405	0.000904244	21328.6	1050	105	21006	21.7523	21.7523	87.0094	87.0094	0 41218.8 6106.95 	47325.7	8.1239	6.55445	12703.2	670	0.11749	0	4.029	1.02
85.1	0.00293418	0.000904483	21335.8	1050	105	21013.4	21.735	21.735	86.9401	86.9401	0 41209.7 6102.63 	47312.3	8.12283	6.55445	12703.2	670	0.117446	0	4.029	1.02
85.2	0.00293431	0.000904722	21342.9	1050	105	21020.8	21.7177	21.7177	86.8708	86.8708	0 41200.6 6098.31 	47298.9	8.12177	6.55445	12703.2	670	0.117402	0	4.029	1.02
85.3	0.00293444	0.000904961	21350.1	1050	105	21028.1	21.7004	21.7004	86.8016	86.8016	0 41191.5 6093.99 	47285.5	8.1207	6.55445	12703.2	670	0.117359	0	4.029	1.02
85.4	0.00293456	0.0009052	21357.3	1050	105	21035.5	21.6831	21.6831	86.7325	86.7325	0 41182.5 6089.68 	47272.1	8.11964	6.55445	12703.2	670	0.117315	0	4.029	1.02
85.5	0.00293469	0.000905439	21364.5	1050	105	21042.9	21.6659	21.6659	86.6634	86.6634	0 41173.4 6085.36 	47258.8	8.11858	6.55445	12703.2	670	0.117272	0	4.029	1.02
85.6	0.00293482	0.000905677	21371.7	1050	105	21050.2	21.6486	21.6486	86.5944	86.5944	0 41164.3 6081.06 	47245.4	8.11752	6.55445	12703.2	670	0.117228	0	4.029	1.02
85.7	0.00293495	0.000905916	21378.9	1050	105	21057.6	21.6314	21.6314	86.5255	86.5255	0 41155.3 6076.75 	47232	8.11645	6.55445	12703.2	670	0.117185	0	4.029	1.02
85.8	0.00293508	0.000906155	21386.1	1050	105	21065	21.6142	21.6142	86.4566	86.4566	0 41146.2 6072.45 	47218.7	8.11539	6.55445	12703.2	670	0.117141	0	4.029	1.02
85.9	0.0029352	0.000906394	21393.3	1050	105	21072.4	21.597	21.597	86.3879	86.3879	0 41137.2 6068.15 	47205.3	8.11433	6.55445	12703.2	670	0.117098	0	4.029	1.02
86	0.00293533	0.000906633	21400.5	1050	105	21079.7	21.5798	21.5798	86.3191	86.3191	0 41128.1 6063.86 	47192	8.11327	6.55445	12703.2	670	0.117054	0	4.029	1.02
86.1	0.00293546	0.000906872	21407.7	1050	105	21087.1	21.5626	21.5626	86.2505	86.2505	0 41119.1 6059.56 	47178.6	8.11221	6.55445	12703.2	670	0.117011	0	4.029	1.02
86.2	0.00293559	0.000907111	21414.9	1050	105	21094.5	21.5455	21.5455	86.1819	86.1819	0 41110 6055.28 	47165.3	8.11115	6.55445	12703.2	670	0.116967	0	4.029	1.02
86.3	0.00293571	0.00090735	21422.1	1050	105	21101.9	21.5284	21.5284	86.1134	86.1134	0 41101 6050.99 	47152	8.11009	6.55445	12703.2	670	0.116924	0	4.029	1.02
86.4	0.00293584	0.000907589	21429.3	1050	105	21109.2	21.5112	21.5112	86.045	86.045	0 41092 6046.71 	47138.7	8.10903	6.55445	12703.2	670	0.11688	0	4.029	1.02
86.5	0.00293597	0.000907828	21436.5	1050	105	21116.6	21.4942	21.4942	85.9766	85.9766	0 41082.9 6042.43 	47125.4	8.10798	6.55445	12703.2	670	0.116837	0	4.029	1.02
86.6	0.0029361	0.000908067	21443.8	1050	105	21124	21.4771	21.4771	85.9083	85.9083	0 41073.9 6038.15 	47112.1	8.10692	6.55445	12703.2	670	0.116793	0	4.029	1.02
86.7	0.00293623	0.000908306	21451	1050	105	21131.4	21.46	21.46	85.8401	85.8401	0 41064.9 6033.88 	47098.8	8.10586	6.55445	12703.2	670	0.11675	0	4.029	1.02
86.8	0.00293635	0.000908545	21458.2	1050	105	21138.7	21.443	21.443	85.7719	85.7719	0 41055.9 6029.61 	47085.5	8.10481	6.55445	12703.2	670	0.116707	0	4.029	1.02
86.9	0.00293648	0.000908784	21465.4	1050	105	21146.1	21.426	21.426	85.7038	85.7038	0 41046.8 6025.35 	47072.2	8.10375	6.55445	12703.2	670	0.116663	0	4.029	1.02
87	0.00293661	0.000909023	21472.6	1050	105	21153.5	21.4089	21.4089	85.6358	85.6358	0 41037.8 6021.08 	47058.9	8.10269	6.55445	12703.2	670	0.11662	0	4.029	1.02
87.1	0.00293674	0.000909262	21479.8	1050	105	21160.9	21.392	21.392	85.5678	85.5678	0 41028.8 6016.82 	47045.6	8.10164	6.55445	12703.2	670	0.116576	0	4.029	1.02
87.2	0.00293686	0.000909501	21487	1050	105	21168.3	21.375	21.375	85.4999	85.4999	0 41019.8 6012.57 	47032.4	8.10059	6.55445	12703.2	670	0.116533	0	4.029	1.02
87.3	0.00293699	0.00090974	21494.2	1050	105	21175.6	21.358	21.358	85.4321	85.4321	0 41010.8 6008.31 	47019.1	8.09953	6.55445	12703.2	670	0.11649	0	4.029	1.02
87.4	0.00293712	0.000909979	21501.4	1050	105	21183	21.3411	21.3411	85.3643	85.3643	0 41001.8 6004.06 	47005.9	8.09848	6.55445	12703.2	670	0.116446	0	4.029	1.02
87.5	0.00293724	0.000910218	21508.7	1050	105	21190.4	21.3242	21.3242	85.2966	85.2966	0 40992.8 5999.82 	46992.6	8.09743	6.55445	12703.2	670	0.116403	0	4.029	1.02
87.6	0.00293737	0.000910457	21515.9	1050	105	21197.8	21.3073	21.3073	85.229	85.229	0 40983.8 5995.57 	46979.4	8.09638	6.55445	12703.2	670	0.11636	0	4.029	1.02
87.7	0.0029375	0.000910696	21523.1	1050	105	21205.2	21.2904	21.2904	85.1615	85.1615	0 40974.8 5991.33 	46966.2	8.09532	6.55445	12703.2	670	0.116316	0	4.029	1.02
87.8	0.00293763	0.000910936	21530.3	1050	105	21212.6	21.2735	21.2735	85.094	85.094	0 40965.8 5987.09 	46952.9	8.09427	6.55445	12703.2	670	0.116273	0	4.029	1.02
87.9	0.00293775	0.000911175	21537.5	1050	105	21220	21.2566	21.2566	85.0266	85.0266	0 40956.9 5982.86 	46939.7	8.09322	6.55445	12703.2	670	0.11623	0	4.029	1.02
88	0.00293788	0.000911414	21544.7	1050	105	21227.3	21.2398	21.2398	84.9592	84.9592	0 40947.9 5978.63 	46926.5	8.09217	6.55445	12703.2	670	0.116187	0	4.029	1.02
88.1	0.00293801	0.000911653	21552	1050	105	21234.7	21.223	21.223	84.8919	84.8919	0 40938.9 5974.4 	46913.3	8.09112	6.55445	12703.2	670	0.116143	0	4.029	1.02
88.2	0.00293813	0.000911892	21559.2	1050	105	21242.1	21.2062	21.2062	84.8247	84.8247	0 40929.9 5970.18 	46900.1	8.09007	6.55445	12703.2	670	0.1161	0	4.029	1.02
88.3	0.00293826	0.000912132	21566.4	1050	105	21249.5	21.1894	21.1894	84.7576	84.7576	0 40921 5965.95 	46886.9	8.08903	6.55445	12703.2	670	0.116057	0	4.029	1.02
88.4	0.00293839	0.000912371	21573.6	1050	105	21256.9	21.1726	21.1726	84.6905	84.6905	0 40912 5961.74 	46873.7	8.08798	6.55445	12703.2	670	0.116014	0	4.029	1.02
88.5	0.00293851	0.00091261	21580.9	1050	105	21264.3	21.1559	21.1559	84.6235	84.6235	0 40903 5957.52 	46860.6	8.08693	6.55445	12703.2	670	0.115971	0	4.029	1.02
88.6	0.00293864	0.00091285	21588.1	1050	105	21271.7	21.1391	21.1391	84.5565	84.5565	0 40894.1 5953.31 	46847.4	8.08588	6.55445	12703.2	670	0.115927	0	4.029	1.02
88.7	0.00293877	0.000913089	21595.3	1050	105	21279.1	21.1224	21.1224	84.4896	84.4896	0 40885.1 5949.1 	46834.2	8.08484	6.55445	12703.2	670	0.115884	0	4.029	1.02
88.8	0.0029389	0.000913328	21602.5	1050	105	21286.5	21.1057	21.1057	84.4228	84.4228	0 40876.2 5944.89 	46821.1	8.08379	6.55445	12703.2	670	0.115841	0	4.029	1.02
88.9	0.00293902	0.000913568	21609.8	1050	105	21293.9	21.089	21.089	84.3561	84.3561	0 40867.2 5940.69 	46807.9	8.08275	6.55445	12703.2	670	0.115798	0	4.029	1.02
89	0.00293915	0.000913855	21618.3	1050	105	21302.5	21.0723	21.0723	84.2894	84.2894	0 40859.1 5936.46 	46795.5	8.08173	6.55445	12703.2	670	0.115761	0	4.029	1.02
89.1	0.0029392	0.000914117	21625.7	1050	105	21310.1	21.0557	21.0557	84.2228	84.2228	0 40844.4 5931.17 	46775.6	8.08126	6.55445	12703.2	670	0.115697	0	4.029	1.02
89.2	0.00293939	0.000914302	21631.8	1050	105	21316.4	21.0391	21.0391	84.1562	84.1562	0 40839.5 5927.87 	46767.3	8.07974	6.55445	12703.2	670	0.115666	0	4.029	1.02
89.3	0.00293952	0.00091453	21638.8	1050	105	21323.6	21.0224	21.0224	84.0897	84.0897	0 40831.2 5923.84 	46755	8.07861	6.55445	12703.2	670	0.115624	0	4.029	1.02
89.4	0.00293965	0.000914765	21645.9	1050	105	21330.9	21.0058	21.0058	84.0233	84.0233	0 40822.5 5919.7 	46742.2	8.07754	6.55445	12703.2	670	0.115582	0	4.029	1.02
89.5	0.00293978	0.000915004	21653.1	1050	105	21338.3	20.9892	20.9892	83.957	83.957	0 40813.6 5915.53 	46729.2	8.07649	6.55445	12703.2	670	0.115539	0	4.029	1.02
89.6	0.00293991	0.000915243	21660.4	1050	105	21345.6	20.9727	20.9727	83.8907	83.8907	0 40804.7 5911.36 	46716.1	8.07545	6.55445	12703.2	670	0.115496	0	4.029	1.02
89.7	0.00294003	0.000915482	21667.6	1050	105	21353.1	20.9561	20.9561	83.8245	83.8245	0 40795.8 5907.18 	46703	8.07441	6.55445	12703.2	670	0.115453	0	4.029	1.02
89.8	0.00294016	0.000915722	21674.9	1050	105	21360.5	20.9396	20.9396	83.7583	83.7583	0 40786.9 5903.01 	46689.9	8.07336	6.55445	12703.2	670	0.11541	0	4.029	1.02
89.9	0.00294029	0.000915961	21682.1	1050	105	21367.9	20.9231	20.9231	83.6922	83.6922	0 40778 5898.84 	46676.8	8.07232	6.55445	12703.2	670	0.115367	0	4.029	1.02
90	0.00294041	0.000916201	21689.3	1050	105	21375.3	20.9066	20.9066	83.6262	83.6262	0 40769.1 5894.67 	46663.7	8.07128	6.55445	12703.2	670	0.115324	0	4.029	1.02
90.1	0.00294054	0.000916441	21696.6	1050	105	21382.7	20.8901	20.8901	83.5602	83.5602	0 40760.1 5890.51 	46650.7	8.07024	6.55445	12703.2	670	0.115281	0	4.029	1.02
90.2	0.00294066	0.00091668	21703.8	1050	105	21390.1	20.8736	20.8736	83.4944	83.4944	0 40751.2 5886.35 	46637.6	8.06921	6.55445	12703.2	670	0.115238	0	4.029	1.02
90.3	0.00294079	0.00091692	21711.1	1050	105	21397.5	20.8571	20.8571	83.4285	83.4285	0 40742.3 5882.19 	46624.5	8.06817	6.55445	12703.2	670	0.115195	0	4.029	1.02
90.4	0.00294092	0.00091716	21718.3	1050	105	21404.9	20.8407	20.8407	83.3628	83.3628	0 40733.4 5878.03 	46611.5	8.06713	6.55445	12703.2	670	0.115152	0	4.029	1.02
90.5	0.00294104	0.000917399	21725.6	1050	105	21412.3	20.8243	20.8243	83.2971	83.2971	0 40724.5 5873.88 	46598.4	8.06609	6.55445	12703.2	670	0.115109	0	4.029	1.02
90.6	0.00294117	0.000917639	21732.8	1050	105	21419.7	20.8079	20.8079	83.2315	83.2315	0 40715.6 5869.73 	46585.4	8.06506	6.55445	12703.2	670	0.115066	0	4.029	1.02
90.7	0.0029413	0.000917879	21740.1	1050	105	21427.1	20.7915	20.7915	83.1659	83.1659	0 40706.7 5865.59 	46572.3	8.06402	6.55445	12703.2	670	0.115023	0	4.029	1.02
90.8	0.00294142	0.000918119	21747.3	1050	105	21434.6	20.7751	20.7751	83.1004	83.1004	0 40697.9 5861.44 	46559.3	8.06298	6.55445	12703.2	670	0.11498	0	4.029	1.02
90.9	0.00294155	0.000918358	21754.6	1050	105	21442	20.7587	20.7587	83.035	83.035	0 40689 5857.31 	46546.3	8.06195	6.55445	12703.2	670	0.114937	0	4.029	1.02
91	0.00294167	0.000918598	21761.8	1050	105	21449.4	20.7424	20.7424	82.9696	82.9696	0 40680.1 5853.17 	46533.3	8.06091	6.55445	12703.2	670	0.114895	0	4.029	1.02
91.1	0.0029418	0.000918838	21769.1	1050	105	21456.8	20.7261	20.7261	82.9043	82.9043	0 40671.2 5849.04 	46520.3	8.05988	6.55445	12703.2	670	0.114852	0	4.029	1.02
91.2	0.00294192	0.000919078	21776.3	1050	105	21464.2	20.7098	20.7098	82.8391	82.8391	0 40662.3 5844.91 	46507.2	8.05885	6.55445	12703.2	670	0.114809	0	4.029	1.02
91.3	0.00294205	0.000919318	21783.6	1050	105	21471.6	20.6935	20.6935	82.7739	82.7739	0 40653.5 5840.78 	46494.2	8.05781	6.55445	12703.2	670	0.114766	0	4.029	1.02
91.4	0.00294218	0.000919558	21790.8	1050	105	21479.1	20.6772	20.6772	82.7088	82.7088	0 40644.6 5836.66 	46481.3	8.05678	6.55445	12703.2	670	0.114723	0	4.029	1.02
91.5	0.0029423	0.000919798	21798.1	1050	105	21486.5	20.6609	20.6609	82.6438	82.6438	0 40635.7 5832.54 	46468.3	8.05575	6.55445	12703.2	670	0.11468	0	4.029	1.02
91.6	0.00294243	0.000920037	21805.4	1050	105	21493.9	20.6447	20.6447	82.5788	82.5788	0 40626.9 5828.42 	46455.3	8.05472	6.55445	12703.2	670	0.114638	0	4.029	1.02
91.7	0.00294255	0.000920277	21812.6	1050	105	21501.3	20.6285	20.6285	82.5139	82.5139	0 40618 5824.31 	46442.3	8.05368	6.55445	12703.2	670	0.114595	0	4.029	1.02
91.8	0.00294268	0.000920517	21819.9	1050	105	21508.8	20.6123	20.6123	82.4491	82.4491	0 40609.2 5820.2 	46429.3	8.05265	6.55445	12703.2	670	0.114552	0	4.029	1.02
91.9	0.0029428	0.000920757	21827.2	1050	105	21516.2	20.5961	20.5961	82.3843	82.3843	0 40600.3 5816.09 	46416.4	8.05162	6.55445	12703.2	670	0.114509	0	4.029	1.02
92	0.00294293	0.000920998	21834.4	1050	105	21523.6	20.5799	20.5799	82.3196	82.3196	0 40591.4 5811.98 	46403.4	8.05059	6.55445	12703.2	670	0.114467	0	4.029	1.02
92.1	0.00294305	0.000921238	21841.7	1050	105	21531	20.5637	20.5637	82.2549	82.2549	0 40582.6 5807.88 	46390.5	8.04956	6.55445	12703.2	670	0.114424	0	4.029	1.02
92.2	0.00294318	0.000921478	21849	1050	105	21538.5	20.5476	20.5476	82.1904	82.1904	0 40573.8 5803.78 	46377.5	8.04854	6.55445	12703.2	670	0.114381	0	4.029	1.02
92.3	0.00294331	0.000921718	21856.2	1050	105	21545.9	20.5315	20.5315	82.1258	82.1258	0 40564.9 5799.69 	46364.6	8.04751	6.55445	12703.2	670	0.114339	0	4.029	1.02
92.4	0.00294343	0.000921958	21863.5	1050	105	21553.3	20.5153	20.5153	82.0614	82.0614	0 40556.1 5795.6 	46351.7	8.04648	6.55445	12703.2	670	0.114296	0	4.029	1.02
92.5	0.0030988	0.000857111	21059.7	1050	105	20749.7	20.4992	20.4992	81.997	81.997	0 45927.1 8839.24 	54766.3	6.89586	6.55445	12703.2	670	0.167912	0	4.029	1.02
92.6	0.0031198	0.000824699	20290.9	1050	105	19981	20.4832	20.4832	81.9327	81.9327	0 48055.6 9337.76 	57393.4	6.75755	6.55445	12703.2	670	0.170906	0	4.029	1.02
92.7	0.00312171	0.000825012	20310.5	1050	105	20000.8	20.4671	20.4671	81.8684	81.8684	0 48066.9 9379.67 	57446.5	6.7451	6.55445	12703.2	670	0.171839	0	4.029	1.02
92.8	0.00312204	0.000828546	20409.6	1050	105	20100.1	20.4511	20.4511	81.8042	81.8042	0 47866.8 9382.35 	57249.2	6.743	6.55445	12703.2	670	0.172726	0	4.029	1.02
92.9	0.00312217	0.000832245	20512.1	1050	105	20202.8	20.435	20.435	81.7401	81.7401	0 47656.1 9380.23 	57036.3	6.74217	6.55445	12703.2	670	0.173555	0	4.029	1.02
93	0.00312226	0.000835757	20609.5	1050	105	20300.3	20.419	20.419	81.676	81.676	0 47457.2 9377.34 	56834.6	6.74153	6.55445	12703.2	670	0.174325	0	4.029	1.02
93.1	0.00312234	0.000839085	20701.7	1050	105	20392.7	20.403	20.403	81.612	81.612	0 47270.2 9373.84 	56644	6.74105	6.55445	12703.2	670	0.17504	0	4.029	1.02
93.2	0.0031224	0.000842223	20788.7	1050	105	20479.9	20.387	20.387	81.5481	81.5481	0 47095 9369.95 	56464.9	6.74065	6.55445	12703.2	670	0.175703	0	4.029	1.02
93.3	0.00312245	0.000845183	20870.8	1050	105	20562.1	20.371	20.371	81.4842	81.4842	0 46930.8 9365.73 	56296.6	6.74032	6.55445	12703.2	670	0.176317	0	4.029	1.02
93.4	0.00312249	0.000847974	20948.2	1050	105	20639.6	20.3551	20.3551	81.4204	81.4204	0 46777 9361.18 	56138.2	6.74004	6.55445	12703.2	670	0.176885	0	4.029	1.02
93.5	0.00312253	0.000850608	21021.3	1050	105	20712.9	20.3392	20.3392	81.3566	81.3566	0 46632.6 9356.34 	55989	6.73982	6.55445	12703.2	670	0.17741	0	4.029	1.02
93.6	0.00312256	0.000853096	21090.3	1050	105	20782.1	20.3232	20.3232	81.2929	81.2929	0 46497.1 9351.23 	55848.3	6.73964	6.55445	12703.2	670	0.177896	0	4.029	1.02
93.7	0.00312258	0.000855446	21155.6	1050	105	20847.5	20.3073	20.3073	81.2293	81.2293	0 46369.7 9345.86 	55715.5	6.73949	6.55445	12703.2	670	0.178343	0	4.029	1.02
93.8	0.0031226	0.000857668	21217.2	1050	105	20909.3	20.2914	20.2914	81.1658	81.1658	0 46249.8 9340.26 	55590.1	6.73938	6.55445	12703.2	670	0.178756	0	4.029	1.02
93.9	0.00312261	0.000859769	21275.6	1050	105	20967.8	20.2756	20.2756	81.1023	81.1023	0 46137 9334.45 	55471.4	6.73929	6.55445	12703.2	670	0.179136	0	4.029	1.02
94	0.00312262	0.000861758	21330.8	1050	105	21023.2	20.2597	20.2597	81.0388	81.0388	0 46030.6 9328.43 	55359.1	6.73923	6.55445	12703.2	670	0.179486	0	4.029	1.02
94.1	0.00312263	0.000863642	21383.2	1050	105	21075.8	20.2439	20.2439	80.9755	80.9755	0 45930.3 9322.24 	55252.6	6.73918	6.55445	12703.2	670	0.179807	0	4.029	1.02
94.2	0.00312263	0.000865428	21432.8	1050	105	21125.5	20.228	20.228	80.9122	80.9122	0 45835.6 9315.88 	55151.5	6.73915	6.55445	12703.2	670	0.180101	0	4.029	1.02
94.3	0.00312264	0.000867121	21479.9	1050	105	21172.8	20.2122	20.2122	80.8489	80.8489	0 45746.1 9309.36 	55055.5	6.73913	6.55445	12703.2	670	0.18037	0	4.029	1.02
94.4	0.00312264	0.000868729	21524.6	1050	105	21217.6	20.1964	20.1964	80.7858	80.7858	0 45661.5 9302.71 	54964.2	6.73912	6.55445	12703.2	670	0.180617	0	4.029	1.02
94.5	0.00312264	0.000870256	21567.1	1050	105	21260.3	20.1807	20.1807	80.7226	80.7226	0 45581.4 9295.93 	54877.3	6.73911	6.55445	12703.2	670	0.180841	0	4.029	1.02
94.6	0.00312264	0.000871708	21607.5	1050	105	21300.8	20.1649	20.1649	80.6596	80.6596	0 45505.5 9289.04 	54794.5	6.73911	6.55445	12703.2	670	0.181046	0	4.029	1.02
94.7	0.00312264	0.000873089	21645.9	1050	105	21339.4	20.1492	20.1492	80.5966	80.5966	0 45433.5 9282.05 	54715.5	6.73911	6.55445	12703.2	670	0.181231	0	4.029	1.02
94.8	0.00312264	0.000874405	21682.5	1050	105	21376.2	20.1334	20.1334	80.5337	80.5337	0 45365.2 9274.97 	54640.1	6.73911	6.55445	12703.2	670	0.181399	0	4.029	1.02
94.9	0.00312264	0.000875658	21717.4	1050	105	21411.2	20.1177	20.1177	80.4708	80.4708	0 45300.2 9267.8 	54568	6.73911	6.55445	12703.2	670	0.181551	0	4.029	1.02
95	0.00312264	0.000876854	21750.7	1050	105	21444.7	20.102	20.102	80.408	80.408	0 45238.4 9260.56 	54499	6.73911	6.55445	12703.2	670	0.181687	0	4.029	1.02
95.1	0.00312264	0.000877996	21782.5	1050	105	21476.7	20.0863	20.0863	80.3453	80.3453	0 45179.6 9253.26 	54432.9	6.7391	6.55445	12703.2	670	0.181809	0	4.029	1.02
95.2	0.00312264	0.000879087	21813	1050	105	21507.2	20.0707	20.0707	80.2826	80.2826	0 45123.6 9245.9 	54369.5	6.7391	6.55445	12703.2	670	0.181919	0	4.029	1.02
95.3	0.00312264	0.00088013	21842.1	1050	105	21536.5	20.055	20.055	80.22	80.22	0 45070.1 9238.49 	54308.6	6.73908	6.55445	12703.2	670	0.182015	0	4.029	1.02
95.4	0.00312264	0.000881129	21869.9	1050	105	21564.5	20.0394	20.0394	80.1574	80.1574	0 45019 9231.04 	54250.1	6.73906	6.55445	12703.2	670	0.182101	0	4.029	1.02
95.5	0.00312265	0.000882086	21896.7	1050	105	21591.4	20.0237	20.0237	80.095	80.095	0 44970.2 9223.55 	54193.8	6.73904	6.55445	12703.2	670	0.182175	0	4.029	1.02
95.6	0.00312265	0.000883005	21922.3	1050	105	21617.2	20.0081	20.0081	80.0325	80.0325	0 44923.5 9216.03 	54139.6	6.73901	6.55445	12703.2	670	0.18224	0	4.029	1.02
95.7	0.00312266	0.000883886	21947	1050	105	21642	19.9925	19.9925	79.9702	79.9702	0 44878.8 9208.48 	54087.3	6.73897	6.55445	12703.2	670	0.182295	0	4.029	1.02
95.8	0.00312267	0.000884734	21970.6	1050	105	21665.9	19.977	19.977	79.9079	79.9079	0 44835.9 9200.91 	54036.8	6.73892	6.55445	12703.2	670	0.182342	0	4.029	1.02
95.9	0.00312268	0.000885549	21993.5	1050	105	21688.8	19.9614	19.9614	79.8456	79.8456	0 44794.8 9193.32 	53988.1	6.73887	6.55445	12703.2	670	0.182381	0	4.029	1.02
96	0.00312268	0.000886334	22015.4	1050	105	21711	19.9459	19.9459	79.7835	79.7835	0 44755.2 9185.73 	53941	6.73881	6.55445	12703.2	670	0.182412	0	4.029	1.02
96.1	0.0031227	0.000887091	22036.6	1050	105	21732.3	19.9303	19.9303	79.7214	79.7214	0 44717.2 9178.12 	53895.3	6.73874	6.55445	12703.2	670	0.182437	0	4.029	1.02
96.2	0.00312271	0.000887821	22057.1	1050	105	21753	19.9148	19.9148	79.6593	79.6593	0 44680.6 9170.5 	53851.1	6.73866	6.55445	12703.2	670	0.182455	0	4.029	1.02
96.3	0.00312272	0.000888526	22076.9	1050	105	21772.9	19.8993	19.8993	79.5973	79.5973	0 44645.4 9162.88 	53808.2	6.73857	6.55445	12703.2	670	0.182467	0	4.029	1.02
96.4	0.00312274	0.000889208	22096	1050	105	21792.2	19.8838	19.8838	79.5354	79.5354	0 44611.3 9155.26 	53766.6	6.73848	6.55445	12703.2	670	0.182473	0	4.029	1.02
96.5	0.00312275	0.000889867	22114.6	1050	105	21810.9	19.8684	19.8684	79.4735	79.4735	0 44578.5 9147.64 	53726.1	6.73837	6.55445	12703.2	670	0.182474	0	4.029	1.02
96.6	0.00312277	0.000890506	22132.5	1050	105	21829	19.8529	19.8529	79.4117	79.4117	0 44546.8 9140.03 	53686.8	6.73826	6.55445	12703.2	670	0.18247	0	4.029	1.02
96.7	0.00312279	0.000891126	22150	1050	105	21846.6	19.8375	19.8375	79.35	79.35	0 44516.1 9132.42 	53648.5	6.73814	6.55445	12703.2	670	0.182462	0	4.029	1.02
96.8	0.00312281	0.000891727	22166.9	1050	105	21863.7	19.8221	19.8221	79.2883	79.2883	0 44486.3 9124.82 	53611.1	6.73801	6.55445	12703.2	670	0.182449	0	4.029	1.02
96.9	0.00312283	0.000892311	22183.4	1050	105	21880.3	19.8067	19.8067	79.2267	79.2267	0 44457.5 9117.23 	53574.7	6.73787	6.55445	12703.2	670	0.182433	0	4.029	1.02
97	0.00312285	0.000892879	22199.4	1050	105	21896.5	19.7913	19.7913	79.1651	79.1651	0 44429.6 9109.64 	53539.2	6.73772	6.55445	12703.2	670	0.182413	0	4.029	1.02
97.1	0.00312288	0.000893432	22215	1050	105	21912.2	19.7759	19.7759	79.1036	79.1036	0 44402.4 9102.07 	53504.5	6.73757	6.55445	12703.2	670	0.18239	0	4.029	1.02
97.2	0.0031229	0.00089397	22230.2	1050	105	21927.6	19.7605	19.7605	79.0422	79.0422	0 44376 9094.52 	53470.5	6.73741	6.55445	12703.2	670	0.182363	0	4.029	1.02
97.3	0.00312293	0.000894495	22245.1	1050	105	21942.6	19.7452	19.7452	78.9808	78.9808	0 44350.3 9086.97 	53437.3	6.73724	6.55445	12703.2	670	0.182333	0	4.029	1.02
97.4	0.00312295	0.000895007	22259.6	1050	105	21957.3	19.7299	19.7299	78.9195	78.9195	0 44325.4 9079.44 	53404.8	6.73706	6.55445	12703.2	670	0.182301	0	4.029	1.02
97.5	0.00312298	0.000895508	22273.8	1050	105	21971.6	19.7146	19.7146	78.8583	78.8583	0 44301 9071.93 	53372.9	6.73687	6.55445	12703.2	670	0.182266	0	4.029	1.02
97.6	0.00312301	0.000895997	22287.6	1050	105	21985.7	19.6993	19.6993	78.7971	78.7971	0 44277.2 9064.43 	53341.7	6.73668	6.55445	12703.2	670	0.182229	0	4.029	1.02
97.7	0.00312304	0.000896475	22301.2	1050	105	21999.4	19.684	19.684	78.736	78.736	0 44254.1 9056.95 	53311	6.73648	6.55445	12703.2	670	0.18219	0	4.029	1.02
97.8	0.00312308	0.000896943	22314.5	1050	105	22012.9	19.6687	19.6687	78.6749	78.6749	0 44231.4 9049.48 	53280.9	6.73627	6.55445	12703.2	670	0.182148	0	4.029	1.02
97.9	0.00312311	0.000897402	22327.6	1050	105	22026.1	19.6535	19.6535	78.6139	78.6139	0 44209.2 9042.03 	53251.3	6.73606	6.55445	12703.2	670	0.182105	0	4.029	1.02
98	0.00312314	0.000897853	22340.4	1050	105	22039	19.6382	19.6382	78.5529	78.5529	0 44187.6 9034.6 	53222.2	6.73584	6.55445	12703.2	670	0.18206	0	4.029	1.02
98.1	0.00312318	0.000898294	22353	1050	105	22051.8	19.623	19.623	78.4921	78.4921	0 44166.3 9027.18 	53193.5	6.73561	6.55445	12703.2	670	0.182013	0	4.029	1.02
98.2	0.00312321	0.000898728	22365.4	1050	105	22064.3	19.6078	19.6078	78.4312	78.4312	0 44145.5 9019.79 	53165.3	6.73538	6.55445	12703.2	670	0.181964	0	4.029	1.02
98.3	0.00312325	0.000899154	22377.6	1050	105	22076.6	19.5926	19.5926	78.3705	78.3705	0 44125.1 9012.41 	53137.5	6.73514	6.55445	12703.2	670	0.181914	0	4.029	1.02
98.4	0.00312329	0.000899573	22389.6	1050	105	22088.8	19.5774	19.5774	78.3098	78.3098	0 44105.1 9005.04 	53110.1	6.73489	6.55445	12703.2	670	0.181863	0	4.029	1.02
98.5	0.00312333	0.000899986	22401.4	1050	105	22100.7	19.5623	19.5623	78.2491	78.2491	0 44085.4 8997.7 	53083.1	6.73464	6.55445	12703.2	670	0.181811	0	4.029	1.02
98.6	0.00312337	0.000900392	22413	1050	105	22112.5	19.5471	19.5471	78.1886	78.1886	0 44066.1 8990.37 	53056.5	6.73438	6.55445	12703.2	670	0.181757	0	4.029	1.02
98.7	0.00312341	0.000900792	22424.5	1050	105	22124.1	19.532	19.532	78.128	78.128	0 44047.1 8983.06 	53030.2	6.73411	6.55445	12703.2	670	0.181702	0	4.029	1.02
98.8	0.00312345	0.000901187	22435.8	1050	105	22135.6	19.5169	19.5169	78.0676	78.0676	0 44028.4 8975.77 	53004.2	6.73385	6.55445	12703.2	670	0.181646	0	4.029	1.02
98.9	0.00312349	0.000901576	22447	1050	105	22146.9	19.5018	19.5018	78.0072	78.0072	0 44010 8968.5 	52978.5	6.73357	6.55445	12703.2	670	0.181589	0	4.029	1.02
99	0.00312354	0.00090196	22458	1050	105	22158.1	19.4867	19.4867	77.9468	77.9468	0 43991.9 8961.24 	52953.1	6.73329	6.55445	12703.2	670	0.181532	0	4.029	1.02
99.1	0.00312358	0.000902339	22468.9	1050	105	22169.2	19.4716	19.4716	77.8866	77.8866	0 43974 8954 	52928	6.73301	6.55445	12703.2	670	0.181473	0	4.029	1.02
99.2	0.00312363	0.000902714	22479.7	1050	105	22180.1	19.4566	19.4566	77.8264	77.8264	0 43956.4 8946.77 	52903.1	6.73272	6.55445	12703.2	670	0.181414	0	4.029	1.02
99.3	0.00312367	0.000903085	22490.4	1050	105	22191	19.4415	19.4415	77.7662	77.7662	0 43939 8939.56 	52878.5	6.73243	6.55445	12703.2	670	0.181354	0	4.029	1.02
99.4	0.00312372	0.000903451	22501	1050	105	22201.7	19.4265	19.4265	77.7061	77.7061	0 43921.8 8932.37 	52854.2	6.73213	6.55445	12703.2	670	0.181293	0	4.029	1.02
99.5	0.00312376	0.000903814	22511.4	1050	105	22212.3	19.4115	19.4115	77.6461	77.6461	0 43904.8 8925.2 	52830	6.73183	6.55445	12703.2	670	0.181232	0	4.029	1.02
99.6	0.00312381	0.000904173	22521.8	1050	105	22222.8	19.3965	19.3965	77.5861	77.5861	0 43888.1 8918.04 	52806.1	6.73152	6.55445	12703.2	670	0.18117	0	4.029	1.02
99.7	0.00312386	0.000904528	22532.1	1050	105	22233.3	19.3815	19.3815	77.5262	77.5262	0 43871.5 8910.89 	52782.4	6.73121	6.55445	12703.2	670	0.181107	0	4.029	1.02
99.8	0.00312391	0.00090488	22542.3	1050	105	22243.6	19.3666	19.3666	77.4663	77.4663	0 43855.1 8903.76 	52758.9	6.7309	6.55445	12703.2	670	0.181044	0	4.029	1.02
99.9	0.00312396	0.000905229	22552.4	1050	105	22253.8	19.3516	19.3516	77.4065	77.4065	0 43838.9 8896.65 	52735.5	6.73058	6.55445	12703.2	670	0.18098	0	4.029	1.02
100	0.00312401	0.000905575	22562.4	1050	105	22264	19.3367	19.3367	77.3468	77.3468	0 43822.8 8889.55 	52712.4	6.73026	6.55445	12703.2	670	0.180916	0	4.029	1.02
100.1	0.00312406	0.000905917	22572.3	1050	105	22274.1	19.3218	19.3218	77.2871	77.2871	0 43807 8882.47 	52689.5	6.72994	6.55445	12703.2	670	0.180852	0	4.029	1.02
100.2	0.00312411	0.000906257	22582.2	1050	105	22284.1	19.3069	19.3069	77.2275	77.2275	0 43791.3 8875.4 	52666.7	6.72961	6.55445	12703.2	670	0.180787	0	4.029	1.02
100.3	0.00312416	0.000906597	22592	1050	105	22294.1	19.292	19.292	77.1679	77.1679	0 43775.6 8868.33 	52643.9	6.72928	6.55445	12703.2	670	0.180722	0	4.029	1.02
100.4	0.00312421	0.000906933	22601.8	1050	105	22304	19.2771	19.2771	77.1084	77.1084	0 43760.1 8861.28 	52621.3	6.72895	6.55445	12703.2	670	0.180656	0	4.029	1.02
100.5	0.00312426	0.000907266	22611.5	1050	105	22313.8	19.2622	19.2622	77.049	77.049	0 43744.7 8854.25 	52599	6.72862	6.55445	12703.2	670	0.18059	0	4.029	1.02
100.6	0.00312431	0.000907597	22621.1	1050	105	22323.6	19.2474	19.2474	76.9896	76.9896	0 43729.5 8847.23 	52576.7	6.72828	6.55445	12703.2	670	0.180524	0	4.029	1.02
100.7	0.00312436	0.000907927	22630.7	1050	105	22333.3	19.2326	19.2326	76.9303	76.9303	0 43714.4 8840.23 	52554.6	6.72794	6.55445	12703.2	670	0.180457	0	4.029	1.02
100.8	0.00312442	0.000908254	22640.2	1050	105	22343	19.2178	19.2178	76.871	76.871	0 43699.4 8833.23 	52532.6	6.7276	6.55445	12703.2	670	0.18039	0	4.029	1.02
100.9	0.00312447	0.000908579	22649.7	1050	105	22352.6	19.203	19.203	76.8118	76.8118	0 43684.5 8826.25 	52510.7	6.72725	6.55445	12703.2	670	0.180323	0	4.029	1.02
101	0.00312453	0.000908903	22659.1	1050	105	22362.2	19.1882	19.1882	76.7527	76.7527	0 43669.7 8819.28 	52488.9	6.72691	6.55445	12703.2	670	0.180256	0	4.029	1.02
101.1	0.00312458	0.000909224	22668.5	1050	105	22371.8	19.1734	19.1734	76.6936	76.6936	0 43655 8812.32 	52467.3	6.72656	6.55445	12703.2	670	0.180188	0	4.029	1.02
101.2	0.00312463	0.000909545	22677.8	1050	105	22381.2	19.1586	19.1586	76.6346	76.6346	0 43640.4 8805.38 	52445.7	6.72621	6.55445	12703.2	670	0.18012	0	4.029	1.02
101.3	0.00312469	0.000909863	22687.1	1050	105	22390.7	19.1439	19.1439	76.5756	76.5756	0 43625.8 8798.44 	52424.3	6.72585	6.55445	12703.2	670	0.180052	0	4.029	1.02
101.4	0.00312474	0.00091018	22696.4	1050	105	22400.1	19.1292	19.1292	76.5167	76.5167	0 43611.4 8791.51 	52402.9	6.7255	6.55445	12703.2	670	0.179984	0	4.029	1.02
101.5	0.0031248	0.000910496	22705.6	1050	105	22409.5	19.1145	19.1145	76.4579	76.4579	0 43597 8784.6 	52381.6	6.72514	6.55445	12703.2	670	0.179916	0	4.029	1.02
101.6	0.00312485	0.000910811	22714.8	1050	105	22418.8	19.0998	19.0998	76.3991	76.3991	0 43582.7 8777.69 	52360.4	6.72478	6.55445	12703.2	670	0.179847	0	4.029	1.02
101.7	0.00312491	0.000911124	22724	1050	105	22428.1	19.0851	19.0851	76.3403	76.3403	0 43568.5 8770.8 	52339.3	6.72443	6.55445	12703.2	670	0.179778	0	4.029	1.02
101.8	0.00312496	0.000911436	22733.1	1050	105	22437.4	19.0704	19.0704	76.2817	76.2817	0 43554.4 8763.91 	52318.3	6.72407	6.55445	12703.2	670	0.179709	0	4.029	1.02
101.9	0.00312502	0.000911747	22742.2	1050	105	22446.6	19.0558	19.0558	76.2231	76.2231	0 43540.3 8757.04 	52297.4	6.7237	6.55445	12703.2	670	0.17964	0	4.029	1.02
102	0.00312508	0.000912057	22751.3	1050	105	22455.9	19.0411	19.0411	76.1645	76.1645	0 43526.3 8750.17 	52276.5	6.72334	6.55445	12703.2	670	0.179571	0	4.029	1.02
102.1	0.00312513	0.000912366	22760.3	1050	105	22465.1	19.0265	19.0265	76.106	76.106	0 43512.4 8743.32 	52255.7	6.72298	6.55445	12703.2	670	0.179501	0	4.029	1.02
102.2	0.00312519	0.000912674	22769.3	1050	105	22474.2	19.0119	19.0119	76.0476	76.0476	0 43498.5 8736.47 	52234.9	6.72261	6.55445	12703.2	670	0.179432	0	4.029	1.02
102.3	0.00312525	0.000912981	22778.3	1050	105	22483.4	18.9973	18.9973	75.9892	75.9892	0 43484.6 8729.63 	52214.3	6.72224	6.55445	12703.2	670	0.179362	0	4.029	1.02
102.4	0.0031253	0.000913287	22787.3	1050	105	22492.5	18.9827	18.9827	75.9309	75.9309	0 43470.9 8722.8 	52193.7	6.72188	6.55445	12703.2	670	0.179293	0	4.029	1.02
102.5	0.00312536	0.000913592	22796.3	1050	105	22501.6	18.9682	18.9682	75.8726	75.8726	0 43457.1 8715.98 	52173.1	6.72151	6.55445	12703.2	670	0.179223	0	4.029	1.02
102.6	0.00312542	0.000913897	22805.2	1050	105	22510.7	18.9536	18.9536	75.8144	75.8144	0 43443.4 8709.16 	52152.6	6.72114	6.55445	12703.2	670	0.179153	0	4.029	1.02
102.7	0.00312548	0.0009142	22814.1	1050	105	22519.7	18.9391	18.9391	75.7563	75.7563	0 43429.8 8702.36 	52132.2	6.72077	6.55445	12703.2	670	0.179083	0	4.029	1.02
102.8	0.00312553	0.000914503	22823	1050	105	22528.7	18.9245	18.9245	75.6982	75.6982	0 43416.2 8695.56 	52111.8	6.7204	6.55445	12703.2	670	0.179012	0	4.029	1.02
102.9	0.00312559	0.000914806	22831.9	1050	105	22537.8	18.91	18.91	75.6402	75.6402	0 43402.7 8688.77 	52091.4	6.72003	6.55445	12703.2	670	0.178942	0	4.029	1.02
103	0.00312565	0.000915107	22840.7	1050	105	22546.8	18.8955	18.8955	75.5822	75.5822	0 43389.2 8681.98 	52071.1	6.71966	6.55445	12703.2	670	0.178872	0	4.029	1.02
103.1	0.00312571	0.000915408	22849.6	1050	105	22555.8	18.8811	18.8811	75.5243	75.5243	0 43375.7 8675.21 	52050.9	6.71929	6.55445	12703.2	670	0.178801	0	4.029	1.02
103.2	0.00312576	0.000915709	22858.4	1050	105	22564.7	18.8666	18.8666	75.4664	75.4664	0 43362.3 8668.44 	52030.7	6.71891	6.55445	12703.2	670	0.178731	0	4.029	1.02
103.3	0.00312582	0.000916009	22867.2	1050	105	22573.7	18.8522	18.8522	75.4086	75.4086	0 43348.9 8661.67 	52010.5	6.71854	6.55445	12703.2	670	0.17866	0	4.029	1.02
103.4	0.00312588	0.000916308	22876	1050	105	22582.6	18.8377	18.8377	75.3509	75.3509	0 43335.5 8654.92 	51990.4	6.71817	6.55445	12703.2	670	0.17859	0	4.029	1.02
103.5	0.00312594	0.000916607	22884.8	1050	105	22591.5	18.8233	18.8233	75.2932	75.2932	0 43322.2 8648.17 	51970.3	6.7178	6.55445	12703.2	670	0.178519	0	4.029	1.02
103.6	0.00312599	0.000916905	22893.6	1050	105	22600.5	18.8089	18.8089	75.2356	75.2356	0 43308.9 8641.43 	51950.3	6.71742	6.55445	12703.2	670	0.178448	0	4.029	1.02
103.7	0.00312605	0.000917203	22902.3	1050	105	22609.4	18.7945	18.7945	75.178	75.178	0 43295.6 8634.69 	51930.3	6.71705	6.55445	12703.2	670	0.178377	0	4.029	1.02
103.8	0.00312611	0.000917501	22911.1	1050	105	22618.3	18.7801	18.7801	75.1205	75.1205	0 43282.4 8627.96 	51910.3	6.71667	6.55445	12703.2	670	0.178306	0	4.029	1.02
103.9	0.00312617	0.000917798	22919.8	1050	105	22627.2	18.7658	18.7658	75.063	75.063	0 43269.2 8621.24 	51890.4	6.7163	6.55445	12703.2	670	0.178235	0	4.029	1.02
104	0.00312623	0.000918095	22928.5	1050	105	22636	18.7514	18.7514	75.0056	75.0056	0 43256 8614.52 	51870.5	6.71593	6.55445	12703.2	670	0.178164	0	4.029	1.02
104.1	0.00312628	0.000918391	22937.3	1050	105	22644.9	18.7371	18.7371	74.9483	74.9483	0 43242.8 8607.81 	51850.6	6.71555	6.55445	12703.2	670	0.178093	0	4.029	1.02
104.2	0.00312634	0.000918687	22946	1050	105	22653.7	18.7228	18.7228	74.891	74.891	0 43229.7 8601.1 	51830.8	6.71518	6.55445	12703.2	670	0.178022	0	4.029	1.02
104.3	0.0031264	0.000918983	22954.7	1050	105	22662.6	18.7085	18.7085	74.8338	74.8338	0 43216.6 8594.4 	51811	6.7148	6.55445	12703.2	670	0.177951	0	4.029	1.02
104.4	0.00312646	0.000919278	22963.4	1050	105	22671.4	18.6942	18.6942	74.7766	74.7766	0 43203.5 8587.71 	51791.2	6.71443	6.55445	12703.2	670	0.17788	0	4.029	1.02
104.5	0.00312652	0.000919574	22972.1	1050	105	22680.3	18.6799	18.6799	74.7195	74.7195	0 43190.4 8581.02 	51771.4	6.71406	6.55445	12703.2	670	0.177808	0	4.029	1.02
104.6	0.00312657	0.000919868	22980.8	1050	105	22689.1	18.6656	18.6656	74.6625	74.6625	0 43177.4 8574.34 	51751.7	6.71368	6.55445	12703.2	670	0.177737	0	4.029	1.02
104.7	0.00312663	0.000920163	22989.4	1050	105	22697.9	18.6514	18.6514	74.6055	74.6055	0 43164.4 8567.66 	51732	6.71331	6.55445	12703.2	670	0.177666	0	4.029	1.02
104.8	0.00312669	0.000920458	22998.1	1050	105	22706.7	18.6371	18.6371	74.5486	74.5486	0 43151.3 8560.98 	51712.3	6.71294	6.55445	12703.2	670	0.177594	0	4.029	1.02
104.9	0.00312675	0.000920752	23006.8	1050	105	22715.5	18.6229	18.6229	74.4917	74.4917	0 43138.4 8554.32 	51692.7	6.71256	6.55445	12703.2	670	0.177523	0	4.029	1.02
105	0.00312681	0.000921046	23015.4	1050	105	22724.3	18.6087	18.6087	74.4348	74.4348	0 43125.4 8547.65 	51673	6.71219	6.55445	12703.2	670	0.177451	0	4.029	1.02
105.1	0.00312686	0.00092134	23024.1	1050	105	22733.1	18.5945	18.5945	74.3781	74.3781	0 43112.4 8540.99 	51653.4	6.71182	6.55445	12703.2	670	0.17738	0	4.029	1.02
105.2	0.00312692	0.000921633	23032.7	1050	105	22741.9	18.5803	18.5803	74.3214	74.3214	0 43099.5 8534.34 	51633.8	6.71145	6.55445	12703.2	670	0.177308	0	4.029	1.02
105.3	0.00312698	0.000921927	23041.4	1050	105	22750.7	18.5662	18.5662	74.2647	74.2647	0 43086.5 8527.69 	51614.2	6.71108	6.55445	12703.2	670	0.177237	0	4.029	1.02
105.4	0.00312704	0.00092222	23050	1050	105	22759.5	18.552	18.552	74.2081	74.2081	0 43073.6 8521.05 	51594.7	6.7107	6.55445	12703.2	670	0.177165	0	4.029	1.02
105.5	0.0031271	0.000922514	23058.7	1050	105	22768.3	18.5379	18.5379	74.1516	74.1516	0 43060.7 8514.41 	51575.1	6.71033	6.55445	12703.2	670	0.177093	0	4.029	1.02
105.6	0.00312715	0.000922807	23067.3	1050	105	22777.1	18.5238	18.5238	74.0951	74.0951	0 43047.8 8507.78 	51555.6	6.70996	6.55445	12703.2	670	0.177022	0	4.029	1.02
105.7	0.00312721	0.0009231	23076	1050	105	22785.9	18.5097	18.5097	74.0387	74.0387	0 43035 8501.14 	51536.1	6.70959	6.55445	12703.2	670	0.17695	0	4.029	1.02
105.8	0.00312727	0.000923393	23084.6	1050	105	22794.6	18.4956	18.4956	73.9823	73.9823	0 43022.1 8494.52 	51516.6	6.70922	6.55445	12703.2	670	0.176878	0	4.029	1.02
105.9	0.00312732	0.000923686	23093.2	1050	105	22803.4	18.4815	18.4815	73.926	73.926	0 43009.3 8487.9 	51497.2	6.70886	6.55445	12703.2	670	0.176806	0	4.029	1.02
106	0.00312738	0.000923978	23101.8	1050	105	22812.2	18.4674	18.4674	73.8697	73.8697	0 42996.4 8481.28 	51477.7	6.70849	6.55445	12703.2	670	0.176735	0	4.029	1.02
106.1	0.00312744	0.000924271	23110.5	1050	105	22820.9	18.4534	18.4534	73.8135	73.8135	0 42983.6 8474.67 	51458.3	6.70812	6.55445	12703.2	670	0.176663	0	4.029	1.02
106.2	0.0031275	0.000924564	23119.1	1050	105	22829.7	18.4393	18.4393	73.7574	73.7574	0 42970.8 8468.06 	51438.8	6.70775	6.55445	12703.2	670	0.176591	0	4.029	1.02
106.3	0.00312755	0.000924856	23127.7	1050	105	22838.5	18.4253	18.4253	73.7013	73.7013	0 42958 8461.45 	51419.4	6.70738	6.55445	12703.2	670	0.176519	0	4.029	1.02
106.4	0.00312761	0.000925149	23136.4	1050	105	22847.2	18.4113	18.4113	73.6453	73.6453	0 42945.1 8454.85 	51400	6.70702	6.55445	12703.2	670	0.176447	0	4.029	1.02
106.5	0.00312767	0.000925441	23145	1050	105	22856	18.3973	18.3973	73.5893	73.5893	0 42932.4 8448.26 	51380.6	6.70665	6.55445	12703.2	670	0.176375	0	4.029	1.02
106.6	0.00312772	0.000925734	23153.6	1050	105	22864.8	18.3833	18.3833	73.5334	73.5334	0 42919.6 8441.67 	51361.2	6.70629	6.55445	12703.2	670	0.176303	0	4.029	1.02
106.7	0.00312778	0.000926027	23162.2	1050	105	22873.5	18.3694	18.3694	73.4775	73.4775	0 42906.8 8435.08 	51341.9	6.70592	6.55445	12703.2	670	0.176231	0	4.029	1.02
106.8	0.00312784	0.000926319	23170.9	1050	105	22882.3	18.3554	18.3554	73.4217	73.4217	0 42894 8428.49 	51322.5	6.70556	6.55445	12703.2	670	0.176159	0	4.029	1.02
106.9	0.00312789	0.000926612	23179.5	1050	105	22891.1	18.3415	18.3415	73.3659	73.3659	0 42881.2 8421.91 	51303.2	6.7052	6.55445	12703.2	670	0.176087	0	4.029	1.02
107	0.00312795	0.000926904	23188.1	1050	105	22899.8	18.3276	18.3276	73.3102	73.3102	0 42868.5 8415.34 	51283.8	6.70484	6.55445	12703.2	670	0.176015	0	4.029	1.02
107.1	0.00312801	0.000927197	23196.7	1050	105	22908.6	18.3136	18.3136	73.2546	73.2546	0 42855.7 8408.76 	51264.5	6.70447	6.55445	12703.2	670	0.175943	0	4.029	1.02
107.2	0.00312806	0.000927489	23205.4	1050	105	22917.4	18.2998	18.2998	73.199	73.199	0 42843 8402.19 	51245.2	6.70411	6.55445	12703.2	670	0.175871	0	4.029	1.02
107.3	0.00312812	0.000927782	23214	1050	105	22926.1	18.2859	18.2859	73.1435	73.1435	0 42830.2 8395.63 	51225.9	6.70375	6.55445	12703.2	670	0.175799	0	4.029	1.02
107.4	0.00312817	0.000928075	23222.6	1050	105	22934.9	18.272	18.272	73.088	73.088	0 42817.5 8389.07 	51206.6	6.70339	6.55445	12703.2	670	0.175727	0	4.029	1.02
107.5	0.00312823	0.000928367	23231.3	1050	105	22943.7	18.2581	18.2581	73.0326	73.0326	0 42804.7 8382.51 	51187.3	6.70304	6.55445	12703.2	670	0.175655	0	4.029	1.02
107.6	0.00312829	0.00092866	23239.9	1050	105	22952.4	18.2443	18.2443	72.9772	72.9772	0 42792 8375.95 	51168	6.70268	6.55445	12703.2	670	0.175583	0	4.029	1.02
107.7	0.00312834	0.000928953	23248.5	1050	105	22961.2	18.2305	18.2305	72.9219	72.9219	0 42779.3 8369.4 	51148.7	6.70232	6.55445	12703.2	670	0.17551	0	4.029	1.02
107.8	0.0031284	0.000929246	23257.2	1050	105	22970	18.2167	18.2167	72.8667	72.8667	0 42766.6 8362.86 	51129.4	6.70196	6.55445	12703.2	670	0.175438	0	4.029	1.02
107.9	0.00312845	0.000929539	23265.8	1050	105	22978.8	18.2029	18.2029	72.8115	72.8115	0 42753.8 8356.31 	51110.2	6.70161	6.55445	12703.2	670	0.175366	0	4.029	1.02
108	0.00312851	0.000929832	23274.4	1050	105	22987.5	18.1891	18.1891	72.7563	72.7563	0 42741.1 8349.77 	51090.9	6.70125	6.55445	12703.2	670	0.175294	0	4.029	1.02
108.1	0.00312856	0.000930125	23283.1	1050	105	22996.3	18.1753	18.1753	72.7012	72.7012	0 42728.4 8343.23 	51071.6	6.7009	6.55445	12703.2	670	0.175222	0	4.029	1.02
108.2	0.00312862	0.000930418	23291.7	1050	105	23005.1	18.1615	18.1615	72.6462	72.6462	0 42715.7 8336.7 	51052.4	6.70055	6.55445	12703.2	670	0.17515	0	4.029	1.02
108.3	0.00312867	0.000930711	23300.4	1050	105	23013.9	18.1478	18.1478	72.5912	72.5912	0 42703 8330.17 	51033.2	6.70019	6.55445	12703.2	670	0.175077	0	4.029	1.02
108.4	0.00312873	0.000931005	23309	1050	105	23022.7	18.1341	18.1341	72.5363	72.5363	0 42690.3 8323.64 	51013.9	6.69984	6.55445	12703.2	670	0.175005	0	4.029	1.02
108.5	0.00312878	0.000931298	23317.7	1050	105	23031.5	18.1204	18.1204	72.4814	72.4814	0 42677.6 8317.12 	50994.7	6.69949	6.55445	12703.2	670	0.174933	0	4.029	1.02
108.6	0.00312884	0.000931592	23326.3	1050	105	23040.3	18.1067	18.1067	72.4266	72.4266	0 42664.9 8310.6 	50975.5	6.69914	6.55445	12703.2	670	0.174861	0	4.029	1.02
108.7	0.00312889	0.000931885	23335	1050	105	23049.1	18.093	18.093	72.3718	72.3718	0 42652.2 8304.08 	50956.2	6.69879	6.55445	12703.2	670	0.174788	0	4.029	1.02
108.8	0.00312894	0.000932179	23343.7	1050	105	23057.9	18.0793	18.0793	72.3171	72.3171	0 42639.4 8297.57 	50937	6.69845	6.55445	12703.2	670	0.174716	0	4.029	1.02
108.9	0.003129	0.000932473	23352.3	1050	105	23066.7	18.0656	18.0656	72.2625	72.2625	0 42626.7 8291.06 	50917.8	6.6981	6.55445	12703.2	670	0.174644	0	4.029	1.02
109	0.00312905	0.000932767	23361	1050	105	23075.5	18.052	18.052	72.2079	72.2079	0 42614 8284.56 	50898.6	6.69775	6.55445	12703.2	670	0.174572	0	4.029	1.02
109.1	0.00312911	0.000933061	23369.7	1050	105	23084.3	18.0383	18.0383	72.1534	72.1534	0 42601.3 8278.05 	50879.4	6.69741	6.55445	12703.2	670	0.174499	0	4.029	1.02
109.2	0.00312916	0.000933355	23378.3	1050	105	23093.1	18.0247	18.0247	72.0989	72.0989	0 42588.6 8271.55 	50860.2	6.69706	6.55445	12703.2	670	0.174427	0	4.029	1.02
109.3	0.00312921	0.00093365	23387	1050	105	23101.9	18.0111	18.0111	72.0444	72.0444	0 42575.9 8265.05 	50841	6.69672	6.55445	12703.2	670	0.174355	0	4.029	1.02
109.4	0.00312927	0.000933944	23395.7	1050	105	23110.7	17.9975	17.9975	71.9901	71.9901	0 42563.2 8258.56 	50821.8	6.69638	6.55445	12703.2	670	0.174282	0	4.029	1.02
109.5	0.00312932	0.000934239	23404.4	1050	105	23119.5	17.9839	17.9839	71.9357	71.9357	0 42550.5 8252.07 	50802.6	6.69604	6.55445	12703.2	670	0.17421	0	4.029	1.02
109.6	0.00312937	0.000934534	23413.1	1050	105	23128.4	17.9704	17.9704	71.8815	71.8815	0 42537.8 8245.58 	50783.4	6.6957	6.55445	12703.2	670	0.174138	0	4.029	1.02
109.7	0.00312943	0.000934829	23421.8	1050	105	23137.2	17.9568	17.9568	71.8272	71.8272	0 42525.1 8239.1 	50764.2	6.69536	6.55445	12703.2	670	0.174066	0	4.029	1.02
109.8	0.00312948	0.000935124	23430.5	1050	105	23146	17.9433	17.9433	71.7731	71.7731	0 42512.4 8232.62 	50745	6.69502	6.55445	12703.2	670	0.173993	0	4.029	1.02
109.9	0.00312953	0.000935419	23439.2	1050	105	23154.9	17.9297	17.9297	71.719	71.719	0 42499.7 8226.14 	50725.9	6.69468	6.55445	12703.2	670	0.173921	0	4.029	1.02
110	0.00312958	0.000935715	23447.9	1050	105	23163.7	17.9162	17.9162	71.6649	71.6649	0 42487 8219.67 	50706.7	6.69434	6.55445	12703.2	670	0.173849	0	4.029	1.02
110.1	0.00312964	0.00093601	23456.6	1050	105	23172.6	17.9027	17.9027	71.6109	71.6109	0 42474.3 8213.2 	50687.5	6.69401	6.55445	12703.2	670	0.173776	0	4.029	1.02
110.2	0.00312969	0.000936306	23465.3	1050	105	23181.4	17.8892	17.8892	71.557	71.557	0 42461.6 8206.73 	50668.3	6.69367	6.55445	12703.2	670	0.173704	0	4.029	1.02
110.3	0.00312974	0.000936602	23474	1050	105	23190.3	17.8758	17.8758	71.5031	71.5031	0 42448.9 8200.26 	50649.2	6.69334	6.55445	12703.2	670	0.173632	0	4.029	1.02
110.4	0.00312979	0.000936898	23482.8	1050	105	23199.1	17.8623	17.8623	71.4493	71.4493	0 42436.2 8193.8 	50630	6.693	6.55445	12703.2	670	0.173559	0	4.029	1.02
110.5	0.00312984	0.000937194	23491.5	1050	105	23208	17.8489	17.8489	71.3955	71.3955	0 42423.5 8187.34 	50610.8	6.69267	6.55445	12703.2	670	0.173487	0	4.029	1.02
110.6	0.0031299	0.000937491	23500.2	1050	105	23216.9	17.8354	17.8354	71.3418	71.3418	0 42410.7 8180.89 	50591.6	6.69234	6.55445	12703.2	670	0.173415	0	4.029	1.02
110.7	0.00312995	0.000937787	23509	1050	105	23225.7	17.822	17.822	71.2881	71.2881	0 42398 8174.43 	50572.5	6.69201	6.55445	12703.2	670	0.173342	0	4.029	1.02
110.8	0.00313	0.000938084	23517.7	1050	105	23234.6	17.8086	17.8086	71.2345	71.2345	0 42385.3 8167.98 	50553.3	6.69168	6.55445	12703.2	670	0.17327	0	4.029	1.02
110.9	0.00313005	0.000938381	23526.5	1050	105	23243.5	17.7952	17.7952	71.1809	71.1809	0 42372.6 8161.54 	50534.1	6.69135	6.55445	12703.2	670	0.173198	0	4.029	1.02
111	0.0031301	0.000938678	23535.2	1050	105	23252.4	17.7818	17.7818	71.1274	71.1274	0 42359.9 8155.09 	50515	6.69103	6.55445	12703.2	670	0.173125	0	4.029	1.02
111.1	0.00313015	0.000938976	23544	1050	105	23261.3	17.7685	17.7685	71.0739	71.0739	0 42347.1 8148.65 	50495.8	6.6907	6.55445	12703.2	670	0.173053	0	4.029	1.02
111.2	0.0031302	0.000939273	23552.7	1050	105	23270.2	17.7551	17.7551	71.0205	71.0205	0 42334.4 8142.21 	50476.6	6.69037	6.55445	12703.2	670	0.172981	0	4.029	1.02
111.3	0.00313025	0.000939571	23561.5	1050	105	23279.1	17.7418	17.7418	70.9672	70.9672	0 42321.7 8135.78 	50457.5	6.69005	6.55445	12703.2	670	0.172908	0	4.029	1.02
111.4	0.00310488	0.000993515	24925.3	1050	105	24642.9	17.7404	17.7404	70.9614	70.9614	0 39699.3 7670.66 	47370	6.85543	6.55445	12703.2	670	0.172459	0	4.029	1.02
111.5	0.00309972	0.00100174	25124.4	1050	105	24842	17.7389	17.7389	70.9557	70.9557	0 39308 7567.31 	46875.3	6.88967	6.55445	12703.2	670	0.171495	0	4.029	1.02
111.6	0.00312601	0.000951244	23864.8	1050	105	23582.5	17.7256	17.7256	70.9024	70.9024	0 41745.6 8038.26 	49783.9	6.71733	6.55445	12703.2	670	0.173035	0	4.029	1.02
111.7	0.00310534	0.000994144	24946.5	1050	105	24664.3	17.7243	17.7243	70.8971	70.8971	0 39680.1 7659.56 	47339.7	6.85234	6.55445	12703.2	670	0.172356	0	4.029	1.02
111.8	0.00310026	0.00100238	25146.4	1050	105	24864.2	17.7229	17.7229	70.8917	70.8917	0 39289.7 7558.07 	46847.8	6.88608	6.55445	12703.2	670	0.171436	0	4.029	1.02
111.9	0.00312629	0.000951925	23886	1050	105	23603.9	17.7096	17.7096	70.8385	70.8385	0 41719.5 8022.04 	49741.6	6.71553	6.55445	12703.2	670	0.172839	0	4.029	1.02
112	0.00310576	0.000994832	24969	1050	105	24687	17.7084	17.7084	70.8335	70.8335	0 39658.1 7647.55 	47305.6	6.84957	6.55445	12703.2	670	0.172241	0	4.029	1.02
112.1	0.00310076	0.00100306	25169.2	1050	105	24887.2	17.7071	17.7071	70.8286	70.8286	0 39269.5 7547.97 	46817.5	6.88279	6.55445	12703.2	670	0.171362	0	4.029	1.02
112.2	0.00312655	0.000952628	23907.7	1050	105	23625.8	17.6938	17.6938	70.7754	70.7754	0 41692.3 8005.58 	49697.9	6.71382	6.55445	12703.2	670	0.172641	0	4.029	1.02
112.3	0.00310616	0.000995529	24991.7	1050	105	24709.8	17.6927	17.6927	70.7708	70.7708	0 39635.4 7635.21 	47270.6	6.84692	6.55445	12703.2	670	0.17212	0	4.029	1.02
112.4	0.00310123	0.00100374	25192	1050	105	24910.1	17.6915	17.6915	70.7661	70.7661	0 39249 7537.51 	46786.5	6.87961	6.55445	12703.2	670	0.171279	0	4.029	1.02
112.5	0.00312681	0.000953337	23929.6	1050	105	23647.8	17.6783	17.6783	70.713	70.713	0 41664.7 7989.01 	49653.7	6.71215	6.55445	12703.2	670	0.172441	0	4.029	1.02
112.6	0.00310655	0.000996233	25014.5	1050	105	24732.8	17.6772	17.6772	70.7088	70.7088	0 39612.3 7622.59 	47234.9	6.84435	6.55445	12703.2	670	0.171992	0	4.029	1.02
112.7	0.0031017	0.00100442	25214.7	1050	105	24933	17.6761	17.6761	70.7045	70.7045	0 39228.1 7526.73 	46754.9	6.87654	6.55445	12703.2	670	0.171188	0	4.029	1.02
112.8	0.00312707	0.000954052	23951.6	1050	105	23670	17.6629	17.6629	70.6514	70.6514	0 41636.9 7972.35 	49609.2	6.71053	6.55445	12703.2	670	0.17224	0	4.029	1.02
112.9	0.00310692	0.000996945	25037.5	1050	105	24755.9	17.6619	17.6619	70.6475	70.6475	0 39588.8 7609.72 	47198.5	6.84188	6.55445	12703.2	670	0.171859	0	4.029	1.02
113	0.00310214	0.0010051	25237.5	1050	105	24955.9	17.6609	17.6609	70.6435	70.6435	0 39207.1 7515.67 	46722.7	6.87356	6.55445	12703.2	670	0.171091	0	4.029	1.02
113.1	0.00312731	0.000954773	23973.7	1050	105	23692.3	17.6476	17.6476	70.5905	70.5905	0 41608.7 7955.6 	49564.3	6.70894	6.55445	12703.2	670	0.172037	0	4.029	1.02
113.2	0.00310729	0.000997664	25060.6	1050	105	24779.1	17.6467	17.6467	70.5869	70.5869	0 39564.9 7596.63 	47161.5	6.83949	6.55445	12703.2	670	0.171722	0	4.029	1.02
113.3	0.00310258	0.00100579	25260.2	1050	105	24978.8	17.6458	17.6458	70.5832	70.5832	0 39185.7 7504.36 	46690.1	6.87066	6.55445	12703.2	670	0.170987	0	4.029	1.02
113.4	0.00312755	0.0009555	23996	1050	105	23714.7	17.6326	17.6326	70.5303	70.5303	0 41580.3 7938.79 	49519.1	6.70739	6.55445	12703.2	670	0.171833	0	4.029	1.02
113.5	0.00310764	0.00099839	25083.8	1050	105	24802.5	17.6317	17.6317	70.527	70.527	0 39540.6 7583.35 	47124	6.83716	6.55445	12703.2	670	0.17158	0	4.029	1.02
113.6	0.003103	0.00100648	25283	1050	105	25001.7	17.6309	17.6309	70.5236	70.5236	0 39164.2 7492.82 	46657	6.86785	6.55445	12703.2	670	0.170878	0	4.029	1.02
113.7	0.00312779	0.000956232	24018.4	1050	105	23737.2	17.6177	17.6177	70.4708	70.4708	0 41551.6 7921.92 	49473.5	6.70586	6.55445	12703.2	670	0.171628	0	4.029	1.02
113.8	0.00310798	0.000999122	25107.1	1050	105	24825.9	17.6169	17.6169	70.4678	70.4678	0 39516 7569.89 	47085.9	6.83491	6.55445	12703.2	670	0.171435	0	4.029	1.02
113.9	0.00310342	0.00100718	25305.8	1050	105	25024.6	17.6162	17.6162	70.4647	70.4647	0 39142.4 7481.08 	46623.4	6.8651	6.55445	12703.2	670	0.170764	0	4.029	1.02
114	0.00312802	0.000956969	24040.9	1050	105	23759.9	17.603	17.603	70.4119	70.4119	0 41522.7 7905.01 	49427.7	6.70437	6.55445	12703.2	670	0.171422	0	4.029	1.02
114.1	0.00310831	0.00099986	25130.5	1050	105	24849.5	17.6023	17.6023	70.4092	70.4092	0 39491 7556.29 	47047.3	6.83271	6.55445	12703.2	670	0.171287	0	4.029	1.02
114.2	0.00310382	0.00100788	25328.6	1050	105	25047.6	17.6016	17.6016	70.4064	70.4064	0 39120.4 7469.15 	46589.5	6.86242	6.55445	12703.2	670	0.170646	0	4.029	1.02
114.3	0.00312825	0.00095771	24063.5	1050	105	23782.7	17.5884	17.5884	70.3537	70.3537	0 41493.5 7888.05 	49381.6	6.70291	6.55445	12703.2	670	0.171215	0	4.029	1.02
114.4	0.00310864	0.0010006	25154.1	1050	105	24873.2	17.5878	17.5878	70.3512	70.3512	0 39465.8 7542.54 	47008.4	6.83057	6.55445	12703.2	670	0.171135	0	4.029	1.02
114.5	0.00310421	0.00100858	25351.4	1050	105	25070.5	17.5872	17.5872	70.3488	70.3488	0 39098.2 7457.05 	46555.2	6.85981	6.55445	12703.2	670	0.170523	0	4.029	1.02
114.6	0.00312847	0.000958457	24086.3	1050	105	23805.5	17.574	17.574	70.2961	70.2961	0 41464.2 7871.06 	49335.3	6.70147	6.55445	12703.2	670	0.171008	0	4.029	1.02
114.7	0.00310896	0.00100135	25177.7	1050	105	24897	17.5735	17.5735	70.2939	70.2939	0 39440.3 7528.67 	46969	6.82847	6.55445	12703.2	670	0.170981	0	4.029	1.02
114.8	0.0031046	0.00100928	25374.3	1050	105	25093.5	17.5729	17.5729	70.2917	70.2917	0 39075.8 7444.79 	46520.6	6.85725	6.55445	12703.2	670	0.170396	0	4.029	1.02
114.9	0.00312869	0.000959207	24109.1	1050	105	23828.5	17.5598	17.5598	70.2391	70.2391	0 41434.7 7854.05 	49288.7	6.70005	6.55445	12703.2	670	0.1708	0	4.029	1.02
115	0.00310927	0.00100211	25201.5	1050	105	24920.9	17.5593	17.5593	70.2372	70.2372	0 39414.6 7514.69 	46929.3	6.82643	6.55445	12703.2	670	0.170824	0	4.029	1.02
115.1	0.00310498	0.00100998	25397.2	1050	105	25116.6	17.5588	17.5588	70.2353	70.2353	0 39053.2 7432.4 	46485.6	6.85475	6.55445	12703.2	670	0.170266	0	4.029	1.02
115.2	0.00312891	0.000959961	24132.1	1050	105	23851.6	17.5457	17.5457	70.1827	70.1827	0 41405 7837.01 	49242	6.69865	6.55445	12703.2	670	0.170592	0	4.029	1.02
115.3	0.00310957	0.00100286	25225.3	1050	105	24944.9	17.5453	17.5453	70.1811	70.1811	0 39388.7 7500.6 	46889.3	6.82443	6.55445	12703.2	670	0.170666	0	4.029	1.02
115.4	0.00310535	0.00101069	25420.1	1050	105	25139.6	17.5449	17.5449	70.1795	70.1795	0 39030.5 7419.88 	46450.4	6.85229	6.55445	12703.2	670	0.170132	0	4.029	1.02
115.5	0.00312913	0.00096072	24155.1	1050	105	23874.8	17.5317	17.5317	70.127	70.127	0 41375.1 7819.96 	49195.1	6.69728	6.55445	12703.2	670	0.170383	0	4.029	1.02
115.6	0.00310987	0.00100363	25249.2	1050	105	24968.9	17.5314	17.5314	70.1256	70.1256	0 39362.5 7486.43 	46848.9	6.82247	6.55445	12703.2	670	0.170505	0	4.029	1.02
115.7	0.00310571	0.0010114	25443	1050	105	25162.7	17.5311	17.5311	70.1242	70.1242	0 39007.7 7407.24 	46414.9	6.84989	6.55445	12703.2	670	0.169996	0	4.029	1.02
115.8	0.00312934	0.000961481	24178.2	1050	105	23898	17.5179	17.5179	70.0718	70.0718	0 41345.2 7802.9 	49148.1	6.69592	6.55445	12703.2	670	0.170174	0	4.029	1.02
115.9	0.00311016	0.00100439	25273.2	1050	105	24993.1	17.5177	17.5177	70.0707	70.0707	0 39336.2 7472.18 	46808.3	6.82055	6.55445	12703.2	670	0.170342	0	4.029	1.02
116	0.00310607	0.00101212	25465.9	1050	105	25185.8	17.5174	17.5174	70.0696	70.0696	0 38984.7 7394.49 	46379.2	6.84752	6.55445	12703.2	670	0.169856	0	4.029	1.02
116.1	0.00312955	0.000962246	24201.4	1050	105	23921.4	17.5043	17.5043	70.0172	70.0172	0 41315.1 7785.83 	49100.9	6.69458	6.55445	12703.2	670	0.169965	0	4.029	1.02
116.2	0.00311045	0.00100516	25297.3	1050	105	25017.3	17.5041	17.5041	70.0164	70.0164	0 39309.6 7457.86 	46767.5	6.81866	6.55445	12703.2	670	0.170177	0	4.029	1.02
116.3	0.00310642	0.00101283	25488.9	1050	105	25208.9	17.5039	17.5039	70.0155	70.0155	0 38961.6 7381.64 	46343.3	6.8452	6.55445	12703.2	670	0.169714	0	4.029	1.02
116.4	0.00312975	0.000963014	24224.7	1050	105	23944.8	17.4908	17.4908	69.9631	69.9631	0 41284.8 7768.75 	49053.6	6.69326	6.55445	12703.2	670	0.169755	0	4.029	1.02
116.5	0.00311073	0.00100594	25321.5	1050	105	25041.6	17.4906	17.4906	69.9626	69.9626	0 39283 7443.47 	46726.4	6.81681	6.55445	12703.2	670	0.170011	0	4.029	1.02
116.6	0.00310677	0.00101355	25511.9	1050	105	25232	17.4905	17.4905	69.962	69.962	0 38938.4 7368.69 	46307.1	6.84292	6.55445	12703.2	670	0.169569	0	4.029	1.02
116.7	0.00312996	0.000963785	24248	1050	105	23968.2	17.4774	17.4774	69.9097	69.9097	0 41254.5 7751.68 	49006.2	6.69195	6.55445	12703.2	670	0.169545	0	4.029	1.02
116.8	0.00311101	0.00100671	25345.7	1050	105	25065.9	17.4773	17.4773	69.9093	69.9093	0 39256.1 7429.02 	46685.2	6.81499	6.55445	12703.2	670	0.169844	0	4.029	1.02
116.9	0.00310711	0.00101426	25534.9	1050	105	25255.2	17.4772	17.4772	69.909	69.909	0 38915.1 7355.67 	46270.8	6.84067	6.55445	12703.2	670	0.169422	0	4.029	1.02
117	0.00313016	0.000964558	24271.4	1050	105	23991.8	17.4642	17.4642	69.8567	69.8567	0 41224.1 7734.6 	48958.7	6.69066	6.55445	12703.2	670	0.169335	0	4.029	1.02
117.1	0.00311128	0.00100749	25370	1050	105	25090.4	17.4642	17.4642	69.8566	69.8566	0 39229.2 7414.51 	46643.7	6.8132	6.55445	12703.2	670	0.169674	0	4.029	1.02
117.2	0.00310744	0.00101498	25558	1050	105	25278.3	17.4641	17.4641	69.8565	69.8565	0 38891.7 7342.56 	46234.2	6.83846	6.55445	12703.2	670	0.169273	0	4.029	1.02
117.3	0.00313036	0.000965334	24294.9	1050	105	24015.4	17.4511	17.4511	69.8043	69.8043	0 41193.6 7717.53 	48911.1	6.68938	6.55445	12703.2	670	0.169125	0	4.029	1.02
117.4	0.00311155	0.00100828	25394.3	1050	105	25114.8	17.4511	17.4511	69.8045	69.8045	0 39202.1 7399.96 	46602.1	6.81144	6.55445	12703.2	670	0.169504	0	4.029	1.02
117.5	0.00310777	0.00101571	25581	1050	105	25301.5	17.4512	17.4512	69.8046	69.8046	0 38868.2 7329.38 	46197.6	6.83629	6.55445	12703.2	670	0.169121	0	4.029	1.02
117.6	0.00313055	0.000966113	24318.4	1050	105	24039.1	17.4381	17.4381	69.7525	69.7525	0 41163 7700.46 	48863.4	6.68811	6.55445	12703.2	670	0.168914	0	4.029	1.02
117.7	0.00311181	0.00100906	25418.8	1050	105	25139.4	17.4382	17.4382	69.7529	69.7529	0 39174.9 7385.36 	46560.3	6.8097	6.55445	12703.2	670	0.169332	0	4.029	1.02
117.8	0.0031081	0.00101643	25604.1	1050	105	25324.7	17.4383	17.4383	69.7532	69.7532	0 38844.6 7316.13 	46160.7	6.83414	6.55445	12703.2	670	0.168968	0	4.029	1.02
117.9	0.00313075	0.000966894	24342	1050	105	24062.8	17.4253	17.4253	69.7011	69.7011	0 41132.3 7683.4 	48815.7	6.68686	6.55445	12703.2	670	0.168703	0	4.029	1.02
118	0.00311207	0.00100985	25443.2	1050	105	25164	17.4254	17.4254	69.7018	69.7018	0 39147.6 7370.72 	46518.3	6.80799	6.55445	12703.2	670	0.169159	0	4.029	1.02
118.1	0.00310842	0.00101715	25627.2	1050	105	25347.9	17.4256	17.4256	69.7024	69.7024	0 38820.9 7302.82 	46123.7	6.83203	6.55445	12703.2	670	0.168813	0	4.029	1.02
118.2	0.00313094	0.000967677	24365.7	1050	105	24086.6	17.4126	17.4126	69.6503	69.6503	0 41101.5 7666.34 	48767.9	6.68562	6.55445	12703.2	670	0.168492	0	4.029	1.02
118.3	0.00311233	0.00101064	25467.7	1050	105	25188.6	17.4128	17.4128	69.6512	69.6512	0 39120.2 7356.05 	46476.2	6.80631	6.55445	12703.2	670	0.168985	0	4.029	1.02
118.4	0.00310873	0.00101788	25650.3	1050	105	25371.2	17.413	17.413	69.652	69.652	0 38797.2 7289.45 	46086.6	6.82995	6.55445	12703.2	670	0.168655	0	4.029	1.02
118.5	0.00313113	0.000968462	24389.4	1050	105	24110.4	17.4	17.4	69.6	69.6	0 41070.7 7649.3 	48720	6.68439	6.55445	12703.2	670	0.168281	0	4.029	1.02
118.6	0.00311258	0.00101144	25492.3	1050	105	25213.3	17.4003	17.4003	69.6011	69.6011	0 39092.7 7341.34 	46434	6.80465	6.55445	12703.2	670	0.16881	0	4.029	1.02
118.7	0.00310904	0.00101861	25673.4	1050	105	25394.4	17.4005	17.4005	69.6022	69.6022	0 38773.4 7276.03 	46049.4	6.82789	6.55445	12703.2	670	0.168497	0	4.029	1.02
118.8	0.00313132	0.000969249	24413.2	1050	105	24134.3	17.3876	17.3876	69.5502	69.5502	0 41039.9 7632.27 	48672.1	6.68318	6.55445	12703.2	670	0.16807	0	4.029	1.02
118.9	0.00311283	0.00101223	25516.9	1050	105	25238	17.3879	17.3879	69.5515	69.5515	0 39065.1 7326.6 	46391.7	6.80301	6.55445	12703.2	670	0.168634	0	4.029	1.02
119	0.00310935	0.00101934	25696.6	1050	105	25417.7	17.3882	17.3882	69.5528	69.5528	0 38749.5 7262.55 	46012	6.82586	6.55445	12703.2	670	0.168336	0	4.029	1.02
119.1	0.00313151	0.000970039	24437	1050	105	24158.3	17.3752	17.3752	69.5009	69.5009	0 41008.9 7615.24 	48624.1	6.68198	6.55445	12703.2	670	0.167859	0	4.029	1.02
119.2	0.00311308	0.00101303	25541.6	1050	105	25262.9	17.3756	17.3756	69.5025	69.5025	0 39037.4 7311.83 	46349.2	6.8014	6.55445	12703.2	670	0.168457	0	4.029	1.02
119.3	0.00310966	0.00102007	25719.7	1050	105	25441	17.376	17.376	69.504	69.504	0 38725.5 7249.02 	45974.5	6.82386	6.55445	12703.2	670	0.168174	0	4.029	1.02
119.4	0.0031317	0.00097083	24460.9	1050	105	24182.2	17.363	17.363	69.4521	69.4521	0 40977.9 7598.23 	48576.2	6.68078	6.55445	12703.2	670	0.167648	0	4.029	1.02
119.5	0.00311332	0.00101383	25566.3	1050	105	25287.7	17.3635	17.3635	69.4539	69.4539	0 39009.6 7297.04 	46306.7	6.7998	6.55445	12703.2	670	0.168278	0	4.029	1.02
119.6	0.00310996	0.0010208	25742.9	1050	105	25464.2	17.3639	17.3639	69.4556	69.4556	0 38701.5 7235.45 	45937	6.82188	6.55445	12703.2	670	0.16801	0	4.029	1.02
119.7	0.00313188	0.000971623	24484.8	1050	105	24206.3	17.3509	17.3509	69.4038	69.4038	0 40946.9 7581.24 	48528.1	6.6796	6.55445	12703.2	670	0.167436	0	4.029	1.02
119.8	0.00311356	0.00101463	25591.1	1050	105	25312.6	17.3514	17.3514	69.4058	69.4058	0 38981.8 7282.23 	46264	6.79822	6.55445	12703.2	670	0.168099	0	4.029	1.02
119.9	0.00311025	0.00102153	25766.1	1050	105	25487.6	17.3519	17.3519	69.4077	69.4077	0 38677.5 7221.84 	45899.3	6.81993	6.55445	12703.2	670	0.167845	0	4.029	1.02
120	0.00313207	0.000972418	24508.7	1050	105	24230.4	17.339	17.339	69.356	69.356	0 40915.8 7564.26 	48480.1	6.67843	6.55445	12703.2	670	0.167225	0	4.029	1.02
120.1	0.0031138	0.00101544	25615.9	1050	105	25337.5	17.3395	17.3395	69.3581	69.3581	0 38953.9 7267.39 	46221.3	6.79667	6.55445	12703.2	670	0.16792	0	4.029	1.02
120.2	0.00311055	0.00102226	25789.3	1050	105	25510.9	17.3401	17.3401	69.3603	69.3603	0 38653.3 7208.19 	45861.5	6.81801	6.55445	12703.2	670	0.167679	0	4.029	1.02
120.3	0.00313225	0.000973215	24532.8	1050	105	24254.5	17.3271	17.3271	69.3086	69.3086	0 40884.7 7547.29 	48432	6.67727	6.55445	12703.2	670	0.167013	0	4.029	1.02
120.4	0.00311403	0.00101624	25640.8	1050	105	25362.5	17.3277	17.3277	69.311	69.311	0 38925.9 7252.53 	46178.4	6.79514	6.55445	12703.2	670	0.167739	0	4.029	1.02
120.5	0.00311084	0.001023	25812.5	1050	105	25534.2	17.3283	17.3283	69.3133	69.3133	0 38629.1 7194.5 	45823.6	6.8161	6.55445	12703.2	670	0.167511	0	4.029	1.02
120.6	0.00313243	0.000974014	24556.8	1050	105	24278.7	17.3154	17.3154	69.2617	69.2617	0 40853.5 7530.34 	48383.8	6.67612	6.55445	12703.2	670	0.166802	0	4.029	1.02
120.7	0.00311426	0.00101705	25665.7	1050	105	25387.5	17.3161	17.3161	69.2643	69.2643	0 38897.8 7237.66 	46135.5	6.79362	6.55445	12703.2	670	0.167558	0	4.029	1.02
120.8	0.00311112	0.00102374	25835.8	1050	105	25557.6	17.3167	17.3167	69.2669	69.2669	0 38604.9 7180.77 	45785.7	6.81422	6.55445	12703.2	670	0.167342	0	4.029	1.02
120.9	0.00313261	0.000974815	24581	1050	105	24302.9	17.3038	17.3038	69.2153	69.2153	0 40822.2 7513.4 	48335.6	6.67498	6.55445	12703.2	670	0.16659	0	4.029	1.02
121	0.00311449	0.00101786	25690.7	1050	105	25412.6	17.3045	17.3045	69.2181	69.2181	0 38869.6 7222.76 	46092.4	6.79213	6.55445	12703.2	670	0.167376	0	4.029	1.02
121.1	0.00311141	0.00102447	25859	1050	105	25581	17.3052	17.3052	69.2208	69.2208	0 38580.6 7167.01 	45747.6	6.81236	6.55445	12703.2	670	0.167172	0	4.029	1.02
121.2	0.00313278	0.000975618	24605.1	1050	105	24327.2	17.2923	17.2923	69.1693	69.1693	0 40790.9 7496.48 	48287.4	6.67386	6.55445	12703.2	670	0.166378	0	4.029	1.02
121.3	0.00311472	0.00101868	25715.7	1050	105	25437.8	17.2931	17.2931	69.1723	69.1723	0 38841.4 7207.85 	46049.3	6.79065	6.55445	12703.2	670	0.167193	0	4.029	1.02
121.4	0.00311168	0.00102521	25882.3	1050	105	25604.4	17.2938	17.2938	69.1753	69.1753	0 38556.3 7153.21 	45709.5	6.81052	6.55445	12703.2	670	0.167001	0	4.029	1.02
121.5	0.00313296	0.000976423	24629.4	1050	105	24351.5	17.2809	17.2809	69.1238	69.1238	0 40759.6 7479.57 	48239.2	6.67274	6.55445	12703.2	670	0.166166	0	4.029	1.02
121.6	0.00311494	0.00101949	25740.8	1050	105	25462.9	17.2817	17.2817	69.127	69.127	0 38813.1 7192.93 	46006.1	6.7892	6.55445	12703.2	670	0.167009	0	4.029	1.02
121.7	0.00311196	0.00102595	25905.6	1050	105	25627.8	17.2825	17.2825	69.1301	69.1301	0 38531.9 7139.39 	45671.2	6.80871	6.55445	12703.2	670	0.166828	0	4.029	1.02
121.8	0.00313313	0.000977229	24653.6	1050	105	24375.9	17.2697	17.2697	69.0787	69.0787	0 40728.2 7462.68 	48190.9	6.67163	6.55445	12703.2	670	0.165955	0	4.029	1.02
121.9	0.00311516	0.00102031	25765.9	1050	105	25488.2	17.2705	17.2705	69.0821	69.0821	0 38784.8 7177.99 	45962.7	6.78776	6.55445	12703.2	670	0.166825	0	4.029	1.02
122	0.00311223	0.00102669	25929	1050	105	25651.3	17.2714	17.2714	69.0855	69.0855	0 38507.4 7125.53 	45632.9	6.80691	6.55445	12703.2	670	0.166654	0	4.029	1.02
122.1	0.0031333	0.000978038	24678	1050	105	24400.4	17.2585	17.2585	69.034	69.034	0 40696.7 7445.81 	48142.5	6.67053	6.55445	12703.2	670	0.165743	0	4.029	1.02
122.2	0.00311538	0.00102113	25791	1050	105	25513.5	17.2594	17.2594	69.0377	69.0377	0 38756.3 7163.04 	45919.4	6.78633	6.55445	12703.2	670	0.16664	0	4.029	1.02
122.3	0.00311251	0.00102744	25952.4	1050	105	25674.8	17.2603	17.2603	69.0412	69.0412	0 38482.9 7111.65 	45594.5	6.80514	6.55445	12703.2	670	0.16648	0	4.029	1.02
122.4	0.00313347	0.000978849	24702.4	1050	105	24424.9	17.2475	17.2475	68.9898	68.9898	0 40665.2 7428.95 	48094.2	6.66945	6.55445	12703.2	670	0.165531	0	4.029	1.02
122.5	0.00311559	0.00102195	25816.3	1050	105	25538.8	17.2484	17.2484	68.9937	68.9937	0 38727.8 7148.08 	45875.9	6.78493	6.55445	12703.2	670	0.166455	0	4.029	1.02
122.6	0.00311277	0.00102818	25975.8	1050	105	25698.3	17.2494	17.2494	68.9974	68.9974	0 38458.3 7097.75 	45556.1	6.80339	6.55445	12703.2	670	0.166304	0	4.029	1.02
122.7	0.00313364	0.000979663	24726.8	1050	105	24449.4	17.2365	17.2365	68.9461	68.9461	0 40633.6 7412.11 	48045.8	6.66837	6.55445	12703.2	670	0.165319	0	4.029	1.02
122.8	0.0031158	0.00102278	25841.6	1050	105	25564.2	17.2375	17.2375	68.9501	68.9501	0 38699.2 7133.11 	45832.3	6.78355	6.55445	12703.2	670	0.166269	0	4.029	1.02
122.9	0.00311304	0.00102893	25999.2	1050	105	25721.8	17.2385	17.2385	68.954	68.954	0 38433.7 7083.82 	45517.5	6.80165	6.55445	12703.2	670	0.166127	0	4.029	1.02
123	0.00313381	0.000980478	24751.3	1050	105	24474.1	17.2257	17.2257	68.9027	68.9027	0 40602 7395.29 	47997.3	6.66731	6.55445	12703.2	670	0.165107	0	4.029	1.02
123.1	0.00311601	0.00102361	25866.9	1050	105	25589.7	17.2267	17.2267	68.9069	68.9069	0 38670.5 7118.13 	45788.6	6.78218	6.55445	12703.2	670	0.166082	0	4.029	1.02
123.2	0.0031133	0.00102968	26022.6	1050	105	25745.4	17.2278	17.2278	68.9111	68.9111	0 38409 7069.86 	45478.8	6.79994	6.55445	12703.2	670	0.165949	0	4.029	1.02
123.3	0.00313397	0.000981296	24775.9	1050	105	24498.7	17.215	17.215	68.8598	68.8598	0 40570.3 7378.48 	47948.8	6.66625	6.55445	12703.2	670	0.164896	0	4.029	1.02
123.4	0.00311622	0.00102444	25892.3	1050	105	25615.2	17.2161	17.2161	68.8642	68.8642	0 38641.7 7103.13 	45744.9	6.78083	6.55445	12703.2	670	0.165895	0	4.029	1.02
123.5	0.00311356	0.00103043	26046.1	1050	105	25769	17.2171	17.2171	68.8685	68.8685	0 38384.2 7055.88 	45440.1	6.79825	6.55445	12703.2	670	0.165771	0	4.029	1.02
123.6	0.00313414	0.000982116	24800.5	1050	105	24523.5	17.2043	17.2043	68.8173	68.8173	0 40538.5 7361.69 	47900.2	6.66521	6.55445	12703.2	670	0.164684	0	4.029	1.02
123.7	0.00311643	0.00102527	25917.8	1050	105	25640.7	17.2055	17.2055	68.8219	68.8219	0 38612.9 7088.13 	45701	6.77949	6.55445	12703.2	670	0.165708	0	4.029	1.02
123.8	0.00311381	0.00103118	26069.7	1050	105	25792.6	17.2066	17.2066	68.8264	68.8264	0 38359.4 7041.89 	45401.3	6.79657	6.55445	12703.2	670	0.165591	0	4.029	1.02
123.9	0.0031343	0.000982939	24825.2	1050	105	24548.3	17.1938	17.1938	68.7752	68.7752	0 40506.7 7344.91 	47851.6	6.66417	6.55445	12703.2	670	0.164472	0	4.029	1.02
124	0.00311663	0.0010261	25943.3	1050	105	25666.4	17.195	17.195	68.78	68.78	0 38584 7073.12 	45657.1	6.77818	6.55445	12703.2	670	0.16552	0	4.029	1.02
124.1	0.00311407	0.00103193	26093.2	1050	105	25816.3	17.1962	17.1962	68.7847	68.7847	0 38334.5 7027.87 	45362.4	6.79492	6.55445	12703.2	670	0.165411	0	4.029	1.02
124.2	0.00313446	0.000983764	24850	1050	105	24573.2	17.1834	17.1834	68.7335	68.7335	0 40474.8 7328.15 	47802.9	6.66315	6.55445	12703.2	670	0.164261	0	4.029	1.02
124.3	0.00311683	0.00102694	25969	1050	105	25692.1	17.1846	17.1846	68.7385	68.7385	0 38554.9 7058.1 	45613	6.77688	6.55445	12703.2	670	0.165332	0	4.029	1.02
124.4	0.00311432	0.00103269	26116.8	1050	105	25840	17.1858	17.1858	68.7433	68.7433	0 38309.6 7013.83 	45323.4	6.79328	6.55445	12703.2	670	0.16523	0	4.029	1.02
124.5	0.00310946	0.00104265	26369.6	1050	105	26092.8	17.1858	17.1858	68.743	68.743	0 37884.5 6932.47 	44817	6.82513	6.55445	12703.2	670	0.164894	0	4.029	1.02
124.6	0.00310889	0.00104415	26409	1050	105	26132.2	17.1857	17.1857	68.7427	68.7427	0 37822.9 6917.64 	44740.5	6.82891	6.55445	12703.2	670	0.164787	0	4.029	1.02
124.7	0.00313305	0.000989577	25007.2	1050	105	24730.5	17.1729	17.1729	68.6916	68.6916	0 40219 7275.67 	47494.7	6.67212	6.55445	12703.2	670	0.164116	0	4.029	1.02
124.8	0.00311749	0.00102769	25995.3	1050	105	25718.6	17.1743	17.1743	68.697	68.697	0 38535 7038.39 	45573.4	6.77258	6.55445	12703.2	670	0.165037	0	4.029	1.02
124.9	0.00311499	0.00103348	26144.5	1050	105	25867.7	17.1756	17.1756	68.7024	68.7024	0 38288.6 6994.63 	45283.2	6.78889	6.55445	12703.2	670	0.164952	0	4.029	1.02
125	0.00311018	0.00104349	26399.4	1050	105	26122.6	17.1757	17.1757	68.7026	68.7026	0 37862.5 6914.7 	44777.2	6.82042	6.55445	12703.2	670	0.164657	0	4.029	1.02
125.1	0.00310958	0.00104506	26440.3	1050	105	26163.6	17.1757	17.1757	68.7028	68.7028	0 37798.5 6899.61 	44698.1	6.82435	6.55445	12703.2	670	0.164552	0	4.029	1.02
125.2	0.00313342	0.000990751	25043.4	1050	105	24766.8	17.1629	17.1629	68.6518	68.6518	0 40176 7249.77 	47425.8	6.66979	6.55445	12703.2	670	0.163769	0	4.029	1.02
125.3	0.00311787	0.00102901	26036	1050	105	25759.4	17.1644	17.1644	68.6575	68.6575	0 38490.5 7014.53 	45505.1	6.77006	6.55445	12703.2	670	0.164735	0	4.029	1.02
125.4	0.00311544	0.00103468	26182.5	1050	105	25905.9	17.1658	17.1658	68.6632	68.6632	0 38249.6 6972.13 	45221.7	6.78591	6.55445	12703.2	670	0.164661	0	4.029	1.02
125.5	0.00311071	0.00104465	26436.7	1050	105	26160	17.166	17.166	68.6639	68.6639	0 37827 6894.01 	44721	6.81692	6.55445	12703.2	670	0.164396	0	4.029	1.02
125.6	0.00311014	0.00104618	26476.7	1050	105	26200.1	17.1661	17.1661	68.6645	68.6645	0 37764.9 6879.45 	44644.3	6.82067	6.55445	12703.2	670	0.164298	0	4.029	1.02
125.7	0.00313374	0.000992017	25082	1050	105	24805.5	17.1534	17.1534	68.6135	68.6135	0 40128.9 7223.3 	47352.2	6.66773	6.55445	12703.2	670	0.163422	0	4.029	1.02
125.8	0.00311825	0.00103032	26076.7	1050	105	25800.2	17.1549	17.1549	68.6195	68.6195	0 38446 6990.54 	45436.6	6.76761	6.55445	12703.2	670	0.164429	0	4.029	1.02
125.9	0.00311589	0.00103588	26220.5	1050	105	25944	17.1564	17.1564	68.6255	68.6255	0 38210.7 6949.49 	45160.1	6.78301	6.55445	12703.2	670	0.164364	0	4.029	1.02
126	0.00311123	0.0010458	26473.8	1050	105	26197.2	17.1566	17.1566	68.6265	68.6265	0 37791.7 6873.15 	44664.9	6.81351	6.55445	12703.2	670	0.164129	0	4.029	1.02
126.1	0.00311069	0.00104729	26512.8	1050	105	26236.3	17.1569	17.1569	68.6275	68.6275	0 37731.6 6859.13 	44590.7	6.81706	6.55445	12703.2	670	0.164036	0	4.029	1.02
126.2	0.00313406	0.000993284	25120.6	1050	105	24844.2	17.1441	17.1441	68.5766	68.5766	0 40081.8 7196.82 	47278.6	6.66571	6.55445	12703.2	670	0.163074	0	4.029	1.02
126.3	0.00311861	0.00103164	26117.5	1050	105	25841.1	17.1457	17.1457	68.5829	68.5829	0 38401.3 6966.44 	45367.7	6.76524	6.55445	12703.2	670	0.164118	0	4.029	1.02
126.4	0.00311632	0.00103709	26258.5	1050	105	25982	17.1473	17.1473	68.5892	68.5892	0 38171.6 6926.72 	45098.3	6.78017	6.55445	12703.2	670	0.164063	0	4.029	1.02
126.5	0.00311174	0.00104695	26510.8	1050	105	26234.3	17.1477	17.1477	68.5906	68.5906	0 37756.4 6852.11 	44608.5	6.81017	6.55445	12703.2	670	0.163855	0	4.029	1.02
126.6	0.00311123	0.00104839	26548.7	1050	105	26272.3	17.148	17.148	68.592	68.592	0 37698.4 6838.64 	44537	6.81353	6.55445	12703.2	670	0.163767	0	4.029	1.02
126.7	0.00313437	0.000994554	25159.3	1050	105	24882.9	17.1353	17.1353	68.5411	68.5411	0 40034.5 7170.33 	47204.9	6.66373	6.55445	12703.2	670	0.162724	0	4.029	1.02
126.8	0.00311897	0.00103297	26158.5	1050	105	25882.2	17.1369	17.1369	68.5477	68.5477	0 38356.2 6942.24 	45298.4	6.76294	6.55445	12703.2	670	0.163805	0	4.029	1.02
126.9	0.00311675	0.0010383	26296.6	1050	105	26020.2	17.1386	17.1386	68.5543	68.5543	0 38132.3 6903.84 	45036.1	6.7774	6.55445	12703.2	670	0.163758	0	4.029	1.02
127	0.00311224	0.0010481	26547.7	1050	105	26271.3	17.139	17.139	68.5561	68.5561	0 37721 6830.92 	44551.9	6.8069	6.55445	12703.2	670	0.163576	0	4.029	1.02
127.1	0.00311176	0.00104949	26584.5	1050	105	26308.1	17.1395	17.1395	68.5579	68.5579	0 37665.2 6818.01 	44483.2	6.81006	6.55445	12703.2	670	0.163493	0	4.029	1.02
127.2	0.00313467	0.000995828	25198.1	1050	105	24921.8	17.1267	17.1267	68.507	68.507	0 39987.2 7143.86 	47131.1	6.66178	6.55445	12703.2	670	0.162373	0	4.029	1.02
127.3	0.00311931	0.00103431	26199.8	1050	105	25923.5	17.1285	17.1285	68.5139	68.5139	0 38310.7 6917.96 	45228.7	6.7607	6.55445	12703.2	670	0.163489	0	4.029	1.02
127.4	0.00311716	0.00103951	26334.8	1050	105	26058.5	17.1302	17.1302	68.5207	68.5207	0 38092.8 6880.87 	44973.7	6.7747	6.55445	12703.2	670	0.163451	0	4.029	1.02
127.5	0.00311272	0.00104925	26584.7	1050	105	26308.4	17.1307	17.1307	68.5229	68.5229	0 37685.5 6809.61 	44495.1	6.80371	6.55445	12703.2	670	0.163293	0	4.029	1.02
127.6	0.00311228	0.00105059	26620.2	1050	105	26343.9	17.1313	17.1313	68.5251	68.5251	0 37632 6797.26 	44429.3	6.80665	6.55445	12703.2	670	0.163214	0	4.029	1.02
127.7	0.00313497	0.000997108	25237	1050	105	24960.8	17.1186	17.1186	68.4742	68.4742	0 39939.7 7117.4 	47057.1	6.65987	6.55445	12703.2	670	0.162021	0	4.029	1.02
127.8	0.00311964	0.00103566	26241.2	1050	105	25965	17.1203	17.1203	68.4814	68.4814	0 38264.9 6893.62 	45158.5	6.75853	6.55445	12703.2	670	0.163172	0	4.029	1.02
127.9	0.00311757	0.00104073	26373.1	1050	105	26096.9	17.1221	17.1221	68.4884	68.4884	0 38053 6857.82 	44910.9	6.77205	6.55445	12703.2	670	0.16314	0	4.029	1.02
128	0.0031132	0.00105041	26621.6	1050	105	26345.4	17.1228	17.1228	68.491	68.491	0 37649.8 6788.18 	44438	6.80058	6.55445	12703.2	670	0.163005	0	4.029	1.02
128.1	0.00311279	0.00105169	26655.8	1050	105	26379.6	17.1234	17.1234	68.4936	68.4936	0 37598.9 6776.39 	44375.3	6.80331	6.55445	12703.2	670	0.162931	0	4.029	1.02
128.2	0.00313527	0.000998394	25276	1050	105	24999.9	17.1107	17.1107	68.4427	68.4427	0 39892 7090.96 	46983	6.65799	6.55445	12703.2	670	0.161669	0	4.029	1.02
128.3	0.00311997	0.00103702	26282.9	1050	105	26006.8	17.1125	17.1125	68.4501	68.4501	0 38218.7 6869.22 	45088	6.75641	6.55445	12703.2	670	0.162853	0	4.029	1.02
128.4	0.00311796	0.00104196	26411.5	1050	105	26135.4	17.1144	17.1144	68.4575	68.4575	0 38013 6834.71 	44847.7	6.76947	6.55445	12703.2	670	0.162827	0	4.029	1.02
128.5	0.00311367	0.00105156	26658.7	1050	105	26382.5	17.1151	17.1151	68.4604	68.4604	0 37614 6766.65 	44380.7	6.79751	6.55445	12703.2	670	0.162714	0	4.029	1.02
128.6	0.00311329	0.00105279	26691.4	1050	105	26415.2	17.1158	17.1158	68.4633	68.4633	0 37565.7 6755.44 	44321.1	6.80002	6.55445	12703.2	670	0.162644	0	4.029	1.02
128.7	0.00313556	0.000999686	25315.3	1050	105	25039.2	17.1031	17.1031	68.4125	68.4125	0 39844.1 7064.55 	46908.7	6.65614	6.55445	12703.2	670	0.161317	0	4.029	1.02
128.8	0.00312029	0.00103839	26324.9	1050	105	26048.9	17.105	17.105	68.4202	68.4202	0 38172.2 6844.78 	45016.9	6.75436	6.55445	12703.2	670	0.162532	0	4.029	1.02
128.9	0.00311835	0.0010432	26450.2	1050	105	26174.1	17.1069	17.1069	68.4277	68.4277	0 37972.7 6811.53 	44784.3	6.76694	6.55445	12703.2	670	0.162512	0	4.029	1.02
129	0.00311413	0.00105273	26695.8	1050	105	26419.7	17.1078	17.1078	68.431	68.431	0 37578 6745.03 	44323	6.79451	6.55445	12703.2	670	0.16242	0	4.029	1.02
129.1	0.00311378	0.00105389	26726.9	1050	105	26450.8	17.1086	17.1086	68.4343	68.4343	0 37532.4 6734.39 	44266.8	6.79679	6.55445	12703.2	670	0.162353	0	4.029	1.02
129.2	0.00313584	0.00100099	25354.7	1050	105	25078.8	17.0959	17.0959	68.3835	68.3835	0 39796 7038.17 	46834.1	6.65433	6.55445	12703.2	670	0.160965	0	4.029	1.02
129.3	0.00312059	0.00103977	26367.2	1050	105	26091.2	17.0978	17.0978	68.3914	68.3914	0 38125.2 6820.3 	44945.5	6.75236	6.55445	12703.2	670	0.162211	0	4.029	1.02
129.4	0.00311873	0.00104444	26489	1050	105	26213	17.0998	17.0998	68.3992	68.3992	0 37932.1 6788.31 	44720.4	6.76446	6.55445	12703.2	670	0.162196	0	4.029	1.02
129.5	0.00311458	0.00105389	26732.9	1050	105	26456.9	17.1007	17.1007	68.4029	68.4029	0 37541.8 6723.32 	44265.1	6.79157	6.55445	12703.2	670	0.162123	0	4.029	1.02
129.6	0.00311426	0.00105499	26762.5	1050	105	26486.5	17.1016	17.1016	68.4064	68.4064	0 37499 6713.26 	44212.3	6.79362	6.55445	12703.2	670	0.162059	0	4.029	1.02
129.7	0.00311098	0.00106201	26942.2	1050	105	26666.2	17.1019	17.1019	68.4075	68.4075	0 37211.9 6659.84 	43871.8	6.81512	6.55445	12703.2	670	0.161849	0	4.029	1.02
129.8	0.00311177	0.00106092	26916.4	1050	105	26640.3	17.1021	17.1021	68.4085	68.4085	0 37259.6 6665.94 	43925.6	6.80996	6.55445	12703.2	670	0.161842	0	4.029	1.02
129.9	0.00313545	0.00100495	25466.3	1050	105	25190.4	17.0895	17.0895	68.3578	68.3578	0 39634 6990.73 	46624.7	6.6568	6.55445	12703.2	670	0.160584	0	4.029	1.02
130	0.00312124	0.00104125	26414.7	1050	105	26138.8	17.0915	17.0915	68.3662	68.3662	0 38078.9 6789.36 	44868.3	6.74817	6.55445	12703.2	670	0.161766	0	4.029	1.02
130.1	0.00311943	0.00104585	26534.8	1050	105	26258.9	17.0936	17.0936	68.3745	68.3745	0 37889.6 6758.39 	44648	6.75994	6.55445	12703.2	670	0.161761	0	4.029	1.02
130.2	0.00311534	0.00105528	26778.7	1050	105	26502.7	17.0947	17.0947	68.3787	68.3787	0 37501.8 6695.1 	44196.9	6.78658	6.55445	12703.2	670	0.161718	0	4.029	1.02
130.3	0.00311504	0.00105636	26807.8	1050	105	26531.8	17.0957	17.0957	68.3828	68.3828	0 37459.9 6685.27 	44145.2	6.78856	6.55445	12703.2	670	0.161657	0	4.029	1.02
130.4	0.00311181	0.00106338	26988.2	1050	105	26712.3	17.0961	17.0961	68.3845	68.3845	0 37173.8 6633.29 	43807.1	6.80969	6.55445	12703.2	670	0.161479	0	4.029	1.02
130.5	0.00311258	0.00106231	26962.6	1050	105	26686.6	17.0965	17.0965	68.3861	68.3861	0 37220.6 6638.93 	43859.6	6.80468	6.55445	12703.2	670	0.161463	0	4.029	1.02
130.6	0.0031359	0.00100668	25519.3	1050	105	25243.5	17.0839	17.0839	68.3354	68.3354	0 39571.5 6954.97 	46526.5	6.654	6.55445	12703.2	670	0.160095	0	4.029	1.02
130.7	0.00312169	0.00104315	26473	1050	105	26197.1	17.086	17.086	68.3441	68.3441	0 38015.2 6755.78 	44771	6.74525	6.55445	12703.2	670	0.161321	0	4.029	1.02
130.8	0.00311997	0.00104756	26588.5	1050	105	26312.6	17.0882	17.0882	68.3527	68.3527	0 37834.2 6726.37 	44560.5	6.75642	6.55445	12703.2	670	0.16132	0	4.029	1.02
130.9	0.00311597	0.00105689	26830.2	1050	105	26554.3	17.0894	17.0894	68.3574	68.3574	0 37452.2 6665.02 	44117.2	6.78246	6.55445	12703.2	670	0.161302	0	4.029	1.02
131	0.00311571	0.00105788	26857.1	1050	105	26581.2	17.0905	17.0905	68.362	68.362	0 37413.9 6655.89 	44069.8	6.78415	6.55445	12703.2	670	0.161242	0	4.029	1.02
131.1	0.00311256	0.00106487	27037	1050	105	26761.1	17.0911	17.0911	68.3642	68.3642	0 37130.8 6605.5 	43736.3	6.80481	6.55445	12703.2	670	0.161093	0	4.029	1.02
131.2	0.00311332	0.00106376	27010.5	1050	105	26734.6	17.0916	17.0916	68.3664	68.3664	0 37178.5 6611.03 	43789.5	6.7998	6.55445	12703.2	670	0.16107	0	4.029	1.02
131.3	0.00313631	0.00100845	25573.3	1050	105	25297.5	17.0789	17.0789	68.3157	68.3157	0 39507.3 6919.04 	46426.3	6.65135	6.55445	12703.2	670	0.159605	0	4.029	1.02
131.4	0.00312212	0.00104506	26531.6	1050	105	26255.8	17.0812	17.0812	68.3247	68.3247	0 37951 6722.07 	44673	6.74244	6.55445	12703.2	670	0.160872	0	4.029	1.02
131.5	0.00312049	0.00104928	26642.4	1050	105	26366.6	17.0834	17.0834	68.3337	68.3337	0 37778.4 6694.21 	44472.6	6.753	6.55445	12703.2	670	0.160874	0	4.029	1.02
131.6	0.00311659	0.0010585	26881.7	1050	105	26605.8	17.0847	17.0847	68.3388	68.3388	0 37402.4 6634.77 	44037.2	6.77845	6.55445	12703.2	670	0.160878	0	4.029	1.02
131.7	0.00311637	0.00105941	26906.3	1050	105	26630.5	17.086	17.086	68.3438	68.3438	0 37368 6626.33 	43994.4	6.77984	6.55445	12703.2	670	0.16082	0	4.029	1.02
131.8	0.00311328	0.00106635	27085.4	1050	105	26809.6	17.0867	17.0867	68.3466	68.3466	0 37088 6577.48 	43665.5	6.80005	6.55445	12703.2	670	0.160697	0	4.029	1.02
131.9	0.00311405	0.00106521	27058	1050	105	26782.2	17.0873	17.0873	68.3493	68.3493	0 37136.7 6582.96 	43719.7	6.79502	6.55445	12703.2	670	0.160669	0	4.029	1.02
132	0.00313672	0.00101023	25627.6	1050	105	25351.8	17.0747	17.0747	68.2986	68.2986	0 39442.8 6883.14 	46325.9	6.64877	6.55445	12703.2	670	0.159114	0	4.029	1.02
132.1	0.00312254	0.00104699	26590.8	1050	105	26315.1	17.077	17.077	68.3079	68.3079	0 37885.8 6688.24 	44574	6.73977	6.55445	12703.2	670	0.16042	0	4.029	1.02
132.2	0.003121	0.00105102	26696.7	1050	105	26420.9	17.0793	17.0793	68.3172	68.3172	0 37722 6661.93 	44383.9	6.74971	6.55445	12703.2	670	0.160425	0	4.029	1.02
132.3	0.00311718	0.00106013	26933.4	1050	105	26657.6	17.0807	17.0807	68.3227	68.3227	0 37352.2 6604.34 	43956.5	6.77456	6.55445	12703.2	670	0.160448	0	4.029	1.02
132.4	0.00311701	0.00106093	26955.5	1050	105	26679.7	17.0821	17.0821	68.3282	68.3282	0 37321.9 6596.62 	43918.6	6.77565	6.55445	12703.2	670	0.160392	0	4.029	1.02
132.5	0.00311399	0.00106782	27133.7	1050	105	26857.9	17.0829	17.0829	68.3315	68.3315	0 37045.1 6549.26 	43594.4	6.7954	6.55445	12703.2	670	0.160293	0	4.029	1.02
132.6	0.00311477	0.00106665	27105.2	1050	105	26829.4	17.0837	17.0837	68.3347	68.3347	0 37095.2 6554.74 	43649.9	6.79033	6.55445	12703.2	670	0.160259	0	4.029	1.02
132.7	0.00311225	0.00107226	27250	1050	105	26974.1	17.0842	17.0842	68.3367	68.3367	0 36871.2 6514.01 	43385.2	6.80685	6.55445	12703.2	670	0.160113	0	4.029	1.02
132.8	0.00311361	0.00106994	27192.6	1050	105	26916.7	17.0847	17.0847	68.3387	68.3387	0 36967.2 6527.86 	43495.1	6.79791	6.55445	12703.2	670	0.160116	0	4.029	1.02
132.9	0.00313684	0.00101362	25726.3	1050	105	25450.5	17.072	17.072	68.288	68.288	0 39312.7 6832.19 	46144.9	6.64796	6.55445	12703.2	670	0.158544	0	4.029	1.02
133	0.0031232	0.0010492	26659.6	1050	105	26383.9	17.0745	17.0745	68.2978	68.2978	0 37814.2 6646.87 	44461.1	6.7355	6.55445	12703.2	670	0.15984	0	4.029	1.02
133.1	0.00312175	0.00105305	26761	1050	105	26485.3	17.0769	17.0769	68.3076	68.3076	0 37658.4 6622.05 	44280.5	6.74486	6.55445	12703.2	670	0.159849	0	4.029	1.02
133.2	0.00311802	0.00106206	26995.7	1050	105	26719.9	17.0784	17.0784	68.3137	68.3137	0 37294.4 6566.53 	43861	6.76908	6.55445	12703.2	670	0.159899	0	4.029	1.02
133.3	0.00311789	0.00106278	27015.7	1050	105	26739.9	17.0799	17.0799	68.3198	68.3198	0 37267.6 6559.38 	43827	6.76992	6.55445	12703.2	670	0.159843	0	4.029	1.02
133.4	0.00311494	0.00106963	27193.5	1050	105	26917.7	17.0809	17.0809	68.3237	68.3237	0 36993.8 6513.7 	43507.5	6.78919	6.55445	12703.2	670	0.159774	0	4.029	1.02
133.5	0.00311571	0.00106843	27164.2	1050	105	26888.4	17.0819	17.0819	68.3276	68.3276	0 37044.5 6518.97 	43563.5	6.78415	6.55445	12703.2	670	0.159731	0	4.029	1.02
133.6	0.00311325	0.00107403	27309.2	1050	105	27033.4	17.0826	17.0826	68.3303	68.3303	0 36822.1 6479.65 	43301.7	6.80028	6.55445	12703.2	670	0.159615	0	4.029	1.02
133.7	0.00311458	0.00107172	27251.6	1050	105	26975.8	17.0833	17.0833	68.333	68.333	0 36917.5 6492.78 	43410.3	6.79156	6.55445	12703.2	670	0.159601	0	4.029	1.02
133.8	0.0031124	0.00107662	27378.4	1050	105	27102.6	17.0838	17.0838	68.3352	68.3352	0 36723.6 6457.34 	43181	6.80581	6.55445	12703.2	670	0.159469	0	4.029	1.02
133.9	0.00311406	0.00107368	27305	1050	105	27029.2	17.0843	17.0843	68.3372	68.3372	0 36843.7 6475.02 	43318.8	6.79497	6.55445	12703.2	670	0.159476	0	4.029	1.02
134	0.00313729	0.00101697	25826.3	1050	105	25550.6	17.0716	17.0716	68.2866	68.2866	0 39188.7 6774.26 	45962.9	6.64516	6.55445	12703.2	670	0.157811	0	4.029	1.02
134.1	0.00312391	0.00105208	26748.8	1050	105	26473	17.0742	17.0742	68.2968	68.2968	0 37719.1 6595.42 	44314.5	6.73088	6.55445	12703.2	670	0.159133	0	4.029	1.02
134.2	0.00312259	0.00105567	26843.4	1050	105	26567.7	17.0768	17.0768	68.3071	68.3071	0 37575 6572.59 	44147.6	6.73943	6.55445	12703.2	670	0.159143	0	4.029	1.02
134.3	0.00311898	0.00106452	27074.6	1050	105	26798.8	17.0785	17.0785	68.3139	68.3139	0 37219.5 6519.61 	43739.1	6.76284	6.55445	12703.2	670	0.15922	0	4.029	1.02
134.4	0.00311891	0.00106511	27091.2	1050	105	26815.4	17.0802	17.0802	68.3206	68.3206	0 37198.2 6513.3 	43711.5	6.7633	6.55445	12703.2	670	0.159163	0	4.029	1.02
134.5	0.00311605	0.00107189	27267.7	1050	105	26991.8	17.0813	17.0813	68.3253	68.3253	0 36928.9 6469.66 	43398.5	6.78196	6.55445	12703.2	670	0.159127	0	4.029	1.02
134.6	0.00311682	0.00107064	27236.9	1050	105	26961	17.0825	17.0825	68.33	68.33	0 36981.4 6474.83 	43456.2	6.77689	6.55445	12703.2	670	0.159074	0	4.029	1.02
134.7	0.00311443	0.00107621	27381.7	1050	105	27105.8	17.0834	17.0834	68.3336	68.3336	0 36761.5 6437.18 	43198.7	6.79254	6.55445	12703.2	670	0.15899	0	4.029	1.02
134.8	0.00311573	0.00107388	27323.4	1050	105	27047.6	17.0843	17.0843	68.3371	68.3371	0 36856.7 6449.61 	43306.3	6.78401	6.55445	12703.2	670	0.158958	0	4.029	1.02
134.9	0.00311362	0.00107878	27450.5	1050	105	27174.6	17.085	17.085	68.3401	68.3401	0 36664.5 6415.63 	43080.1	6.79785	6.55445	12703.2	670	0.158856	0	4.029	1.02
135	0.00311523	0.00107584	27376.8	1050	105	27101	17.0857	17.0857	68.343	68.343	0 36783.5 6432.26 	43215.8	6.78732	6.55445	12703.2	670	0.15884	0	4.029	1.02
135.1	0.00311327	0.00108036	27494.2	1050	105	27218.3	17.0864	17.0864	68.3457	68.3457	0 36606.6 6400.46 	43007.1	6.80012	6.55445	12703.2	670	0.158732	0	4.029	1.02
135.2	0.00311505	0.0010771	27412.1	1050	105	27136.2	17.0871	17.0871	68.3484	68.3484	0 36738.7 6419.35 	43158	6.78849	6.55445	12703.2	670	0.158725	0	4.029	1.02
135.3	0.00311319	0.00108141	27524.1	1050	105	27248.2	17.0878	17.0878	68.351	68.351	0 36570.2 6388.86 	42959	6.80068	6.55445	12703.2	670	0.158617	0	4.029	1.02
135.4	0.00311505	0.00107796	27437.4	1050	105	27161.5	17.0884	17.0884	68.3537	68.3537	0 36709.2 6408.88 	43118	6.78848	6.55445	12703.2	670	0.158613	0	4.029	1.02
135.5	0.00311324	0.00108217	27546.6	1050	105	27270.7	17.0891	17.0891	68.3563	68.3563	0 36545.3 6379.19 	42924.5	6.80032	6.55445	12703.2	670	0.158506	0	4.029	1.02
135.6	0.00311515	0.00107862	27457.3	1050	105	27181.4	17.0897	17.0897	68.359	68.359	0 36688 6399.71 	43087.7	6.78785	6.55445	12703.2	670	0.158501	0	4.029	1.02
135.7	0.00311337	0.00108276	27564.9	1050	105	27289	17.0904	17.0904	68.3618	68.3618	0 36526.8 6370.55 	42897.3	6.79946	6.55445	12703.2	670	0.158397	0	4.029	1.02
135.8	0.0031153	0.00107916	27474.2	1050	105	27198.3	17.0911	17.0911	68.3645	68.3645	0 36671.3 6391.23 	43062.5	6.78687	6.55445	12703.2	670	0.158388	0	4.029	1.02
135.9	0.00311354	0.00108327	27581.1	1050	105	27305.1	17.0918	17.0918	68.3674	68.3674	0 36511.7 6362.45 	42874.1	6.79834	6.55445	12703.2	670	0.158288	0	4.029	1.02
136	0.00311547	0.00107964	27489.5	1050	105	27213.6	17.0926	17.0926	68.3702	68.3702	0 36657.1 6383.12 	43040.2	6.78572	6.55445	12703.2	670	0.158276	0	4.029	1.02
136.1	0.00311373	0.00108373	27595.9	1050	105	27320	17.0933	17.0933	68.3733	68.3733	0 36498.5 6354.64 	42853.1	6.79708	6.55445	12703.2	670	0.158179	0	4.029	1.02
136.2	0.00311566	0.00108008	27503.9	1050	105	27228	17.0941	17.0941	68.3762	68.3762	0 36644.3 6375.2 	43019.5	6.78447	6.55445	12703.2	670	0.158162	0	4.029	1.02
136.3	0.00311394	0.00108416	27610.1	1050	105	27334.1	17.0948	17.0948	68.3794	68.3794	0 36486.3 6346.97 	42833.3	6.79575	6.55445	12703.2	670	0.158069	0	4.029	1.02
136.4	0.00311586	0.00108051	27517.8	1050	105	27241.8	17.0956	17.0956	68.3825	68.3825	0 36632.3 6367.37 	42999.7	6.78317	6.55445	12703.2	670	0.158047	0	4.029	1.02
136.5	0.00311415	0.00108457	27623.8	1050	105	27347.8	17.0964	17.0964	68.3858	68.3858	0 36474.8 6339.38 	42814.2	6.79438	6.55445	12703.2	670	0.157959	0	4.029	1.02
136.6	0.00311606	0.00108092	27531.3	1050	105	27255.3	17.0973	17.0973	68.389	68.389	0 36620.8 6359.6 	42980.4	6.78185	6.55445	12703.2	670	0.157932	0	4.029	1.02
136.7	0.00311436	0.00108498	27637.2	1050	105	27361.2	17.0981	17.0981	68.3925	68.3925	0 36463.7 6331.82 	42795.5	6.793	6.55445	12703.2	670	0.157847	0	4.029	1.02
136.8	0.00311627	0.00108132	27544.6	1050	105	27268.6	17.099	17.099	68.3959	68.3959	0 36609.6 6351.84 	42961.4	6.78052	6.55445	12703.2	670	0.157815	0	4.029	1.02
136.9	0.00311457	0.00108538	27650.5	1050	105	27374.5	17.0999	17.0999	68.3995	68.3995	0 36452.9 6324.27 	42777.1	6.7916	6.55445	12703.2	670	0.157734	0	4.029	1.02
137	0.00311647	0.00108171	27557.7	1050	105	27281.7	17.1007	17.1007	68.403	68.403	0 36598.6 6344.09 	42942.7	6.77918	6.55445	12703.2	670	0.157698	0	4.029	1.02
137.1	0.00311478	0.00108577	27663.6	1050	105	27387.5	17.1017	17.1017	68.4067	68.4067	0 36442.2 6316.72 	42758.9	6.79021	6.55445	12703.2	670	0.157621	0	4.029	1.02
137.2	0.00311668	0.0010821	27570.7	1050	105	27294.7	17.1026	17.1026	68.4104	68.4104	0 36587.8 6336.35 	42924.1	6.77784	6.55445	12703.2	670	0.15758	0	4.029	1.02
137.3	0.003115	0.00108616	27676.5	1050	105	27400.5	17.1036	17.1036	68.4143	68.4143	0 36431.6 6309.17 	42740.8	6.78882	6.55445	12703.2	670	0.157506	0	4.029	1.02
137.4	0.00311688	0.00108249	27583.6	1050	105	27307.5	17.1045	17.1045	68.4181	68.4181	0 36577.1 6328.6 	42905.7	6.7765	6.55445	12703.2	670	0.15746	0	4.029	1.02
137.5	0.00311521	0.00108654	27689.4	1050	105	27413.4	17.1055	17.1055	68.4221	68.4221	0 36421.2 6301.62 	42722.8	6.78742	6.55445	12703.2	670	0.157391	0	4.029	1.02
137.6	0.00311709	0.00108288	27596.4	1050	105	27320.3	17.1065	17.1065	68.426	68.426	0 36566.4 6320.85 	42887.3	6.77517	6.55445	12703.2	670	0.157341	0	4.029	1.02
137.7	0.00311542	0.00108693	27702.3	1050	105	27426.2	17.1076	17.1076	68.4302	68.4302	0 36410.8 6294.06 	42704.9	6.78604	6.55445	12703.2	670	0.157275	0	4.029	1.02
137.8	0.00311729	0.00108326	27609.1	1050	105	27333	17.1086	17.1086	68.4343	68.4343	0 36555.9 6313.09 	42869	6.77383	6.55445	12703.2	670	0.15722	0	4.029	1.02
137.9	0.00311564	0.00108731	27715	1050	105	27438.9	17.1096	17.1096	68.4386	68.4386	0 36400.6 6286.49 	42687	6.78465	6.55445	12703.2	670	0.157158	0	4.029	1.02
138	0.0031175	0.00108364	27621.8	1050	105	27345.7	17.1107	17.1107	68.4428	68.4428	0 36545.5 6305.34 	42850.8	6.7725	6.55445	12703.2	670	0.157099	0	4.029	1.02
138.1	0.00311585	0.00108768	27727.7	1050	105	27451.6	17.1118	17.1118	68.4473	68.4473	0 36390.4 6278.91 	42669.3	6.78327	6.55445	12703.2	670	0.15704	0	4.029	1.02
138.2	0.0031177	0.00108402	27634.4	1050	105	27358.3	17.1129	17.1129	68.4516	68.4516	0 36535.2 6297.57 	42832.7	6.77118	6.55445	12703.2	670	0.156977	0	4.029	1.02
138.3	0.00311606	0.00108806	27740.3	1050	105	27464.1	17.1141	17.1141	68.4562	68.4562	0 36380.3 6271.33 	42651.6	6.7819	6.55445	12703.2	670	0.156922	0	4.029	1.02
138.4	0.0031179	0.00108439	27646.9	1050	105	27370.8	17.1152	17.1152	68.4607	68.4607	0 36524.9 6289.81 	42814.7	6.76985	6.55445	12703.2	670	0.156855	0	4.029	1.02
138.5	0.00311627	0.00108843	27752.8	1050	105	27476.7	17.1164	17.1164	68.4654	68.4654	0 36370.2 6263.74 	42634	6.78052	6.55445	12703.2	670	0.156803	0	4.029	1.02
138.6	0.00311811	0.00108477	27659.4	1050	105	27383.2	17.1175	17.1175	68.4701	68.4701	0 36514.7 6282.04 	42796.7	6.76853	6.55445	12703.2	670	0.156731	0	4.029	1.02
138.7	0.00311648	0.00108881	27765.3	1050	105	27489.1	17.1187	17.1187	68.4749	68.4749	0 36360.2 6256.15 	42616.4	6.77915	6.55445	12703.2	670	0.156683	0	4.029	1.02
138.8	0.00311831	0.00108514	27671.8	1050	105	27395.6	17.1199	17.1199	68.4797	68.4797	0 36504.5 6274.26 	42778.8	6.76722	6.55445	12703.2	670	0.156608	0	4.029	1.02
138.9	0.00311669	0.00108918	27777.7	1050	105	27501.5	17.1212	17.1212	68.4847	68.4847	0 36350.3 6248.55 	42598.9	6.77779	6.55445	12703.2	670	0.156563	0	4.029	1.02
139	0.00311851	0.00108551	27684.1	1050	105	27407.9	17.1224	17.1224	68.4896	68.4896	0 36494.5 6266.49 	42761	6.7659	6.55445	12703.2	670	0.156483	0	4.029	1.02
139.1	0.0031169	0.00108954	27790.1	1050	105	27513.8	17.1237	17.1237	68.4948	68.4948	0 36340.5 6240.94 	42581.4	6.77643	6.55445	12703.2	670	0.156442	0	4.029	1.02
139.2	0.00311871	0.00108588	27696.4	1050	105	27420.2	17.125	17.125	68.4998	68.4998	0 36484.5 6258.71 	42743.2	6.76459	6.55445	12703.2	670	0.156359	0	4.029	1.02
139.3	0.0031171	0.00108991	27802.4	1050	105	27526.1	17.1263	17.1263	68.5051	68.5051	0 36330.7 6233.33 	42564.1	6.77507	6.55445	12703.2	670	0.15632	0	4.029	1.02
139.4	0.00311891	0.00108624	27708.7	1050	105	27432.4	17.1276	17.1276	68.5103	68.5103	0 36474.5 6250.93 	42725.5	6.76328	6.55445	12703.2	670	0.156233	0	4.029	1.02
139.5	0.00311731	0.00109027	27814.6	1050	105	27538.3	17.1289	17.1289	68.5157	68.5157	0 36321 6225.71 	42546.7	6.77372	6.55445	12703.2	670	0.156198	0	4.029	1.02
139.6	0.00311911	0.00108661	27720.8	1050	105	27444.5	17.1303	17.1303	68.521	68.521	0 36464.7 6243.14 	42707.8	6.76198	6.55445	12703.2	670	0.156107	0	4.029	1.02
139.7	0.00311752	0.00109064	27826.8	1050	105	27550.5	17.1316	17.1316	68.5265	68.5265	0 36311.3 6218.09 	42529.4	6.77237	6.55445	12703.2	670	0.156075	0	4.029	1.02
139.8	0.00311931	0.00108697	27733	1050	105	27456.6	17.133	17.133	68.532	68.532	0 36454.9 6235.36 	42690.2	6.76068	6.55445	12703.2	670	0.155981	0	4.029	1.02
139.9	0.00311772	0.001091	27839	1050	105	27562.6	17.1344	17.1344	68.5377	68.5377	0 36301.7 6210.47 	42512.2	6.77102	6.55445	12703.2	670	0.155952	0	4.029	1.02
140	0.00311951	0.00108733	27745.1	1050	105	27468.7	17.1358	17.1358	68.5433	68.5433	0 36445.1 6227.57 	42672.7	6.75938	6.55445	12703.2	670	0.155854	0	4.029	1.02
140.1	0.00311793	0.00109136	27851.1	1050	105	27574.7	17.1373	17.1373	68.5491	68.5491	0 36292.2 6202.84 	42495	6.76968	6.55445	12703.2	670	0.155828	0	4.029	1.02
140.2	0.00311971	0.00108769	27757.1	1050	105	27480.7	17.1387	17.1387	68.5548	68.5548	0 36435.4 6219.78 	42655.2	6.75808	6.55445	12703.2	670	0.155726	0	4.029	1.02
140.3	0.00311814	0.00109171	27863.1	1050	105	27586.7	17.1402	17.1402	68.5607	68.5607	0 36282.7 6195.21 	42477.9	6.76834	6.55445	12703.2	670	0.155704	0	4.029	1.02
140.4	0.00311991	0.00108805	27769.1	1050	105	27492.6	17.1416	17.1416	68.5666	68.5666	0 36425.8 6211.99 	42637.7	6.75679	6.55445	12703.2	670	0.155598	0	4.029	1.02
140.5	0.00311834	0.00109207	27875.1	1050	105	27598.7	17.1432	17.1432	68.5726	68.5726	0 36273.3 6187.57 	42460.8	6.767	6.55445	12703.2	670	0.155579	0	4.029	1.02
140.6	0.00312011	0.0010884	27781	1050	105	27504.6	17.1447	17.1447	68.5786	68.5786	0 36416.2 6204.2 	42620.4	6.7555	6.55445	12703.2	670	0.15547	0	4.029	1.02
140.7	0.00311855	0.00109242	27887.1	1050	105	27610.6	17.1462	17.1462	68.5848	68.5848	0 36263.9 6179.93 	42443.8	6.76567	6.55445	12703.2	670	0.155453	0	4.029	1.02
140.8	0.00312031	0.00108876	27792.9	1050	105	27516.4	17.1477	17.1477	68.5909	68.5909	0 36406.6 6196.4 	42603	6.75421	6.55445	12703.2	670	0.155341	0	4.029	1.02
140.9	0.00311875	0.00109278	27899	1050	105	27622.5	17.1493	17.1493	68.5973	68.5973	0 36254.5 6172.29 	42426.8	6.76434	6.55445	12703.2	670	0.155327	0	4.029	1.02
141	0.00312051	0.00108911	27804.7	1050	105	27528.2	17.1509	17.1509	68.6035	68.6035	0 36397.2 6188.61 	42585.8	6.75292	6.55445	12703.2	670	0.155212	0	4.029	1.02
141.1	0.00311895	0.00109313	27910.8	1050	105	27634.3	17.1525	17.1525	68.61	68.61	0 36245.2 6164.65 	42409.9	6.76302	6.55445	12703.2	670	0.155201	0	4.029	1.02
141.2	0.0031207	0.00108946	27816.5	1050	105	27540	17.1541	17.1541	68.6163	68.6163	0 36387.7 6180.82 	42568.6	6.75164	6.55445	12703.2	670	0.155082	0	4.029	1.02
141.3	0.00311916	0.00109348	27922.6	1050	105	27646.1	17.1557	17.1557	68.6229	68.6229	0 36236 6157 	42393	6.7617	6.55445	12703.2	670	0.155074	0	4.029	1.02
141.4	0.0031209	0.00108981	27828.3	1050	105	27551.7	17.1574	17.1574	68.6294	68.6294	0 36378.4 6173.02 	42551.4	6.75036	6.55445	12703.2	670	0.154952	0	4.029	1.02
141.5	0.00311936	0.00109383	27934.4	1050	105	27657.8	17.159	17.159	68.6361	68.6361	0 36226.8 6149.35 	42376.2	6.76038	6.55445	12703.2	670	0.154947	0	4.029	1.02
141.6	0.0031211	0.00109016	27840	1050	105	27563.4	17.1607	17.1607	68.6428	68.6428	0 36369 6165.22 	42534.3	6.74909	6.55445	12703.2	670	0.154821	0	4.029	1.02
141.7	0.00311956	0.00109417	27946.1	1050	105	27669.5	17.1624	17.1624	68.6496	68.6496	0 36217.7 6141.69 	42359.4	6.75907	6.55445	12703.2	670	0.154819	0	4.029	1.02
141.8	0.00312129	0.0010905	27851.6	1050	105	27575	17.1641	17.1641	68.6564	68.6564	0 36359.8 6157.43 	42517.2	6.74781	6.55445	12703.2	670	0.15469	0	4.029	1.02
141.9	0.00311976	0.00109452	27957.8	1050	105	27681.1	17.1658	17.1658	68.6633	68.6633	0 36208.6 6134.04 	42342.6	6.75776	6.55445	12703.2	670	0.15469	0	4.029	1.02
142	0.00312149	0.00109085	27863.2	1050	105	27586.6	17.1676	17.1676	68.6702	68.6702	0 36350.5 6149.63 	42500.2	6.74654	6.55445	12703.2	670	0.154559	0	4.029	1.02
142.1	0.00311996	0.00109486	27969.4	1050	105	27692.7	17.1693	17.1693	68.6773	68.6773	0 36199.6 6126.38 	42325.9	6.75645	6.55445	12703.2	670	0.154561	0	4.029	1.02
142.2	0.00312169	0.00109119	27874.8	1050	105	27598.1	17.1711	17.1711	68.6843	68.6843	0 36341.4 6141.83 	42483.2	6.74527	6.55445	12703.2	670	0.154427	0	4.029	1.02
142.3	0.00312017	0.0010952	27981	1050	105	27704.3	17.1729	17.1729	68.6915	68.6915	0 36190.6 6118.72 	42309.3	6.75514	6.55445	12703.2	670	0.154432	0	4.029	1.02
142.4	0.00312188	0.00109153	27886.3	1050	105	27609.6	17.1747	17.1747	68.6987	68.6987	0 36332.3 6134.03 	42466.3	6.74401	6.55445	12703.2	670	0.154295	0	4.029	1.02
142.5	0.00312037	0.00109555	27992.6	1050	105	27715.8	17.1765	17.1765	68.706	68.706	0 36181.6 6111.06 	42292.7	6.75384	6.55445	12703.2	670	0.154302	0	4.029	1.02
142.6	0.00312208	0.00109187	27897.8	1050	105	27621	17.1783	17.1783	68.7133	68.7133	0 36323.2 6126.24 	42449.4	6.74275	6.55445	12703.2	670	0.154162	0	4.029	1.02
142.7	0.00312057	0.00109589	28004.1	1050	105	27727.3	17.1802	17.1802	68.7208	68.7208	0 36172.7 6103.39 	42276.1	6.75254	6.55445	12703.2	670	0.154172	0	4.029	1.02
142.8	0.00312227	0.00109221	27909.3	1050	105	27632.5	17.182	17.182	68.7282	68.7282	0 36314.1 6118.44 	42432.6	6.74149	6.55445	12703.2	670	0.154029	0	4.029	1.02
142.9	0.00312077	0.00109622	28015.5	1050	105	27738.7	17.1839	17.1839	68.7358	68.7358	0 36163.9 6095.73 	42259.6	6.75125	6.55445	12703.2	670	0.154042	0	4.029	1.02
143	0.00312246	0.00109255	27920.7	1050	105	27643.8	17.1858	17.1858	68.7433	68.7433	0 36305.2 6110.64 	42415.8	6.74023	6.55445	12703.2	670	0.153895	0	4.029	1.02
143.1	0.00312096	0.00109656	28027	1050	105	27750.1	17.1877	17.1877	68.751	68.751	0 36155 6088.06 	42243.1	6.74996	6.55445	12703.2	670	0.153911	0	4.029	1.02
143.2	0.00312266	0.00109289	27932	1050	105	27655.1	17.1897	17.1897	68.7586	68.7586	0 36296.2 6102.84 	42399.1	6.73898	6.55445	12703.2	670	0.153762	0	4.029	1.02
143.3	0.00312116	0.0010969	28038.4	1050	105	27761.4	17.1916	17.1916	68.7665	68.7665	0 36146.3 6080.39 	42226.7	6.74867	6.55445	12703.2	670	0.153779	0	4.029	1.02
143.4	0.00312285	0.00109322	27943.4	1050	105	27666.4	17.1936	17.1936	68.7742	68.7742	0 36287.3 6095.05 	42382.4	6.73772	6.55445	12703.2	670	0.153627	0	4.029	1.02
143.5	0.00312136	0.00109723	28049.7	1050	105	27772.7	17.1955	17.1955	68.7822	68.7822	0 36137.6 6072.72 	42210.3	6.74738	6.55445	12703.2	670	0.153647	0	4.029	1.02
143.6	0.00312304	0.00109356	27954.6	1050	105	27677.7	17.1975	17.1975	68.7901	68.7901	0 36278.5 6087.25 	42365.7	6.73647	6.55445	12703.2	670	0.153493	0	4.029	1.02
143.7	0.00312156	0.00109756	28061	1050	105	27784	17.1995	17.1995	68.7981	68.7981	0 36128.9 6065.05 	42193.9	6.7461	6.55445	12703.2	670	0.153515	0	4.029	1.02
143.8	0.00312324	0.00109389	27965.9	1050	105	27688.9	17.2015	17.2015	68.8062	68.8062	0 36269.7 6079.45 	42349.1	6.73523	6.55445	12703.2	670	0.153358	0	4.029	1.02
143.9	0.00312176	0.0010979	28072.3	1050	105	27795.2	17.2036	17.2036	68.8144	68.8144	0 36120.2 6057.38 	42177.6	6.74482	6.55445	12703.2	670	0.153382	0	4.029	1.02
144	0.00312343	0.00109422	27977.1	1050	105	27700	17.2056	17.2056	68.8225	68.8225	0 36260.9 6071.66 	42332.6	6.73398	6.55445	12703.2	670	0.153223	0	4.029	1.02
144.1	0.00312195	0.00109823	28083.5	1050	105	27806.4	17.2077	17.2077	68.8308	68.8308	0 36111.6 6049.71 	42161.3	6.74355	6.55445	12703.2	670	0.153249	0	4.029	1.02
144.2	0.00312362	0.00109455	27988.3	1050	105	27711.2	17.2098	17.2098	68.8391	68.8391	0 36252.2 6063.86 	42316.1	6.73274	6.55445	12703.2	670	0.153087	0	4.029	1.02
144.3	0.00312215	0.00109856	28094.7	1050	105	27817.6	17.2119	17.2119	68.8475	68.8475	0 36103.1 6042.03 	42145.1	6.74228	6.55445	12703.2	670	0.153116	0	4.029	1.02
144.4	0.00312381	0.00109488	27999.4	1050	105	27722.3	17.214	17.214	68.8559	68.8559	0 36243.5 6056.07 	42299.6	6.7315	6.55445	12703.2	670	0.152951	0	4.029	1.02
144.5	0.00312235	0.00109889	28105.8	1050	105	27828.7	17.2161	17.2161	68.8644	68.8644	0 36094.6 6034.36 	42128.9	6.74101	6.55445	12703.2	670	0.152982	0	4.029	1.02
144.6	0.003124	0.00109521	28010.5	1050	105	27733.3	17.2182	17.2182	68.8729	68.8729	0 36234.9 6048.27 	42283.2	6.73027	6.55445	12703.2	670	0.152815	0	4.029	1.02
144.7	0.00312254	0.00109921	28116.9	1050	105	27839.7	17.2204	17.2204	68.8816	68.8816	0 36086.1 6026.68 	42112.8	6.73974	6.55445	12703.2	670	0.152848	0	4.029	1.02
144.8	0.0031242	0.00109554	28021.5	1050	105	27744.3	17.2225	17.2225	68.8902	68.8902	0 36226.3 6040.48 	42266.8	6.72903	6.55445	12703.2	670	0.152678	0	4.029	1.02
144.9	0.00312274	0.00109954	28128	1050	105	27850.8	17.2247	17.2247	68.899	68.899	0 36077.7 6019.01 	42096.7	6.73847	6.55445	12703.2	670	0.152713	0	4.029	1.02
145	0.00312439	0.00109586	28032.6	1050	105	27755.3	17.2269	17.2269	68.9077	68.9077	0 36217.8 6032.69 	42250.5	6.7278	6.55445	12703.2	670	0.152541	0	4.029	1.02
145.1	0.00312293	0.00109986	28139	1050	105	27861.8	17.2292	17.2292	68.9166	68.9166	0 36069.3 6011.33 	42080.6	6.73721	6.55445	12703.2	670	0.152579	0	4.029	1.02
145.2	0.00312458	0.00109619	28043.5	1050	105	27766.2	17.2314	17.2314	68.9255	68.9255	0 36209.3 6024.9 	42234.2	6.72657	6.55445	12703.2	670	0.152404	0	4.029	1.02
145.3	0.00312313	0.00110019	28150	1050	105	27872.7	17.2336	17.2336	68.9345	68.9345	0 36060.9 6003.65 	42064.6	6.73596	6.55445	12703.2	670	0.152443	0	4.029	1.02
145.4	0.00312477	0.00109651	28054.5	1050	105	27777.1	17.2359	17.2359	68.9435	68.9435	0 36200.8 6017.11 	42217.9	6.72535	6.55445	12703.2	670	0.152266	0	4.029	1.02
145.5	0.00312332	0.00110051	28161	1050	105	27883.6	17.2382	17.2382	68.9526	68.9526	0 36052.6 5995.98 	42048.6	6.7347	6.55445	12703.2	670	0.152308	0	4.029	1.02
145.6	0.00312496	0.00109683	28065.4	1050	105	27788	17.2404	17.2404	68.9617	68.9617	0 36192.4 6009.32 	42201.7	6.72412	6.55445	12703.2	670	0.152128	0	4.029	1.02
145.7	0.00312351	0.00110083	28171.9	1050	105	27894.5	17.2427	17.2427	68.971	68.971	0 36044.3 5988.3 	42032.6	6.73345	6.55445	12703.2	670	0.152172	0	4.029	1.02
145.8	0.00312514	0.00109715	28076.3	1050	105	27798.8	17.245	17.245	68.9801	68.9801	0 36184 6001.54 	42185.5	6.7229	6.55445	12703.2	670	0.15199	0	4.029	1.02
145.9	0.00312371	0.00110115	28182.8	1050	105	27905.4	17.2474	17.2474	68.9895	68.9895	0 36036.1 5980.63 	42016.7	6.7322	6.55445	12703.2	670	0.152035	0	4.029	1.02
146	0.00312533	0.00109747	28087.1	1050	105	27809.6	17.2497	17.2497	68.9988	68.9988	0 36175.7 5993.75 	42169.4	6.72168	6.55445	12703.2	670	0.151851	0	4.029	1.02
146.1	0.0031239	0.00110147	28193.7	1050	105	27916.2	17.2521	17.2521	69.0083	69.0083	0 36027.9 5972.95 	42000.8	6.73095	6.55445	12703.2	670	0.151899	0	4.029	1.02
146.2	0.00312552	0.00109779	28097.9	1050	105	27820.4	17.2544	17.2544	69.0178	69.0178	0 36167.4 5985.97 	42153.3	6.72047	6.55445	12703.2	670	0.151713	0	4.029	1.02
146.3	0.00312409	0.00110178	28204.5	1050	105	27926.9	17.2568	17.2568	69.0274	69.0274	0 36019.7 5965.27 	41985	6.72971	6.55445	12703.2	670	0.151762	0	4.029	1.02
146.4	0.00312571	0.00109811	28108.7	1050	105	27831.1	17.2592	17.2592	69.0369	69.0369	0 36159.1 5978.19 	42137.3	6.71925	6.55445	12703.2	670	0.151573	0	4.029	1.02
146.5	0.00312428	0.0011021	28215.3	1050	105	27937.7	17.2617	17.2617	69.0466	69.0466	0 36011.6 5957.6 	41969.2	6.72847	6.55445	12703.2	670	0.151624	0	4.029	1.02
146.6	0.0031259	0.00109842	28119.4	1050	105	27841.8	17.2641	17.2641	69.0563	69.0563	0 36150.9 5970.41 	42121.3	6.71804	6.55445	12703.2	670	0.151434	0	4.029	1.02
146.7	0.00312447	0.00110242	28226.1	1050	105	27948.4	17.2665	17.2665	69.0661	69.0661	0 36003.5 5949.92 	41953.4	6.72723	6.55445	12703.2	670	0.151487	0	4.029	1.02
146.8	0.00312609	0.00109874	28130.1	1050	105	27852.4	17.269	17.269	69.0759	69.0759	0 36142.7 5962.63 	42105.3	6.71683	6.55445	12703.2	670	0.151294	0	4.029	1.02
146.9	0.00312467	0.00110273	28236.8	1050	105	27959.1	17.2715	17.2715	69.0858	69.0858	0 35995.4 5942.25 	41937.7	6.726	6.55445	12703.2	670	0.151349	0	4.029	1.02
147	0.00312627	0.00109905	28140.8	1050	105	27863	17.2739	17.2739	69.0957	69.0957	0 36134.5 5954.85 	42089.4	6.71563	6.55445	12703.2	670	0.151154	0	4.029	1.02
147.1	0.00312486	0.00110304	28247.5	1050	105	27969.7	17.2764	17.2764	69.1058	69.1058	0 35987.4 5934.57 	41922	6.72476	6.55445	12703.2	670	0.151211	0	4.029	1.02
147.2	0.00312646	0.00109936	28151.4	1050	105	27873.6	17.2789	17.2789	69.1158	69.1158	0 36126.4 5947.08 	42073.5	6.71442	6.55445	12703.2	670	0.151014	0	4.029	1.02
147.3	0.00312505	0.00110336	28258.1	1050	105	27980.3	17.2815	17.2815	69.1259	69.1259	0 35979.4 5926.9 	41906.3	6.72353	6.55445	12703.2	670	0.151072	0	4.029	1.02
147.4	0.00312665	0.00109968	28162	1050	105	27884.2	17.284	17.284	69.136	69.136	0 36118.3 5939.31 	42057.6	6.71322	6.55445	12703.2	670	0.150873	0	4.029	1.02
147.5	0.00312524	0.00110367	28268.7	1050	105	27990.9	17.2866	17.2866	69.1463	69.1463	0 35971.5 5919.23 	41890.7	6.72231	6.55445	12703.2	670	0.150933	0	4.029	1.02
147.6	0.00312683	0.00109999	28172.6	1050	105	27894.7	17.2891	17.2891	69.1565	69.1565	0 36110.3 5931.54 	42041.8	6.71202	6.55445	12703.2	670	0.150733	0	4.029	1.02
147.7	0.00312543	0.00110398	28279.3	1050	105	28001.4	17.2917	17.2917	69.1669	69.1669	0 35963.6 5911.56 	41875.1	6.72108	6.55445	12703.2	670	0.150794	0	4.029	1.02
147.8	0.00312702	0.0011003	28183.1	1050	105	27905.2	17.2943	17.2943	69.1773	69.1773	0 36102.3 5923.77 	42026	6.71082	6.55445	12703.2	670	0.150591	0	4.029	1.02
147.9	0.00312562	0.00110429	28289.9	1050	105	28011.9	17.2969	17.2969	69.1878	69.1878	0 35955.7 5903.89 	41859.6	6.71986	6.55445	12703.2	670	0.150655	0	4.029	1.02
148	0.0031272	0.0011006	28193.6	1050	105	27915.6	17.2995	17.2995	69.1982	69.1982	0 36094.3 5916 	42010.3	6.70963	6.55445	12703.2	670	0.15045	0	4.029	1.02
148.1	0.00312581	0.00110459	28300.4	1050	105	28022.4	17.3022	17.3022	69.2088	69.2088	0 35947.8 5896.22 	41844	6.71864	6.55445	12703.2	670	0.150515	0	4.029	1.02
148.2	0.00312739	0.00110091	28204.1	1050	105	27926	17.3048	17.3048	69.2194	69.2194	0 36086.4 5908.24 	41994.6	6.70844	6.55445	12703.2	670	0.150308	0	4.029	1.02
148.3	0.00312599	0.0011049	28310.9	1050	105	28032.8	17.3075	17.3075	69.2301	69.2301	0 35940 5888.55 	41828.6	6.71742	6.55445	12703.2	670	0.150375	0	4.029	1.02
148.4	0.00312758	0.00110122	28214.5	1050	105	27936.4	17.3102	17.3102	69.2407	69.2407	0 36078.5 5900.48 	41978.9	6.70724	6.55445	12703.2	670	0.150167	0	4.029	1.02
148.5	0.00312618	0.00110521	28321.4	1050	105	28043.2	17.3129	17.3129	69.2516	69.2516	0 35932.2 5880.88 	41813.1	6.71621	6.55445	12703.2	670	0.150235	0	4.029	1.02
148.6	0.00312776	0.00110152	28225	1050	105	27946.8	17.3156	17.3156	69.2623	69.2623	0 36070.6 5892.72 	41963.3	6.70606	6.55445	12703.2	670	0.150024	0	4.029	1.02
148.7	0.00312637	0.00110551	28331.8	1050	105	28053.6	17.3183	17.3183	69.2733	69.2733	0 35924.5 5873.22 	41797.7	6.715	6.55445	12703.2	670	0.150094	0	4.029	1.02
148.8	0.00312794	0.00110183	28235.3	1050	105	27957.1	17.321	17.321	69.2841	69.2841	0 36062.7 5884.96 	41947.7	6.70487	6.55445	12703.2	670	0.149882	0	4.029	1.02
148.9	0.00312656	0.00110581	28342.2	1050	105	28064	17.3238	17.3238	69.2952	69.2952	0 35916.8 5865.55 	41782.3	6.71379	6.55445	12703.2	670	0.149953	0	4.029	1.02
149	0.00312813	0.00110213	28245.7	1050	105	27967.4	17.3265	17.3265	69.3062	69.3062	0 36054.9 5877.21 	41932.2	6.70369	6.55445	12703.2	670	0.14974	0	4.029	1.02
149.1	0.00312675	0.00110612	28352.6	1050	105	28074.3	17.3293	17.3293	69.3173	69.3173	0 35909.1 5857.89 	41767	6.71258	6.55445	12703.2	670	0.149812	0	4.029	1.02
149.2	0.00312831	0.00110243	28256	1050	105	27977.7	17.3321	17.3321	69.3284	69.3284	0 36047.2 5869.46 	41916.6	6.7025	6.55445	12703.2	670	0.149597	0	4.029	1.02
149.3	0.00312693	0.00110642	28362.9	1050	105	28084.6	17.3349	17.3349	69.3397	69.3397	0 35901.4 5850.23 	41751.7	6.71138	6.55445	12703.2	670	0.149671	0	4.029	1.02
149.4	0.0031285	0.00110273	28266.3	1050	105	27987.9	17.3377	17.3377	69.3509	69.3509	0 36039.4 5861.71 	41901.1	6.70133	6.55445	12703.2	670	0.149454	0	4.029	1.02
149.5	0.00312712	0.00110672	28373.2	1050	105	28094.8	17.3406	17.3406	69.3622	69.3622	0 35893.8 5842.57 	41736.4	6.71018	6.55445	12703.2	670	0.149529	0	4.029	1.02
149.6	0.00312868	0.00110303	28276.6	1050	105	27998.1	17.3434	17.3434	69.3735	69.3735	0 36031.7 5853.96 	41885.7	6.70015	6.55445	12703.2	670	0.14931	0	4.029	1.02
149.7	0.00312731	0.00110702	28383.5	1050	105	28105.1	17.3463	17.3463	69.385	69.385	0 35886.2 5834.91 	41721.1	6.70898	6.55445	12703.2	670	0.149387	0	4.029	1.02
149.8	0.00312886	0.00110333	28286.8	1050	105	28008.3	17.3491	17.3491	69.3964	69.3964	0 36024.1 5846.22 	41870.3	6.69897	6.55445	12703.2	670	0.149167	0	4.029	1.02
149.9	0.00312749	0.00110732	28393.8	1050	105	28115.2	17.352	17.352	69.408	69.408	0 35878.7 5827.26 	41705.9	6.70778	6.55445	12703.2	670	0.149245	0	4.029	1.02
150	0.00312904	0.00110363	28297	1050	105	28018.4	17.3549	17.3549	69.4195	69.4195	0 36016.4 5838.48 	41854.9	6.6978	6.55445	12703.2	670	0.149023	0	4.029	1.02
150.1	0.00312768	0.00110762	28404	1050	105	28125.4	17.3578	17.3578	69.4312	69.4312	0 35871.1 5819.6 	41690.7	6.70659	6.55445	12703.2	670	0.149103	0	4.029	1.02
150.2	0.00312923	0.00110393	28307.2	1050	105	28028.6	17.3607	17.3607	69.4428	69.4428	0 36008.8 5830.74 	41839.6	6.69663	6.55445	12703.2	670	0.148879	0	4.029	1.02
150.3	0.00312786	0.00110791	28414.2	1050	105	28135.6	17.3637	17.3637	69.4546	69.4546	0 35863.7 5811.95 	41675.6	6.7054	6.55445	12703.2	670	0.14896	0	4.029	1.02
150.4	0.00312941	0.00110423	28317.3	1050	105	28038.6	17.3666	17.3666	69.4663	69.4663	0 36001.2 5823.01 	41824.2	6.69546	6.55445	12703.2	670	0.148735	0	4.029	1.02
150.5	0.00312805	0.00110821	28424.4	1050	105	28145.7	17.3696	17.3696	69.4782	69.4782	0 35856.2 5804.3 	41660.5	6.70421	6.55445	12703.2	670	0.148817	0	4.029	1.02
150.6	0.00312959	0.00110452	28327.4	1050	105	28048.7	17.3725	17.3725	69.49	69.49	0 35993.7 5815.28 	41809	6.69429	6.55445	12703.2	670	0.148591	0	4.029	1.02
150.7	0.00312823	0.00110851	28434.5	1050	105	28155.7	17.3755	17.3755	69.502	69.502	0 35848.7 5796.65 	41645.4	6.70302	6.55445	12703.2	670	0.148674	0	4.029	1.02
150.8	0.00312977	0.00110482	28337.5	1050	105	28058.7	17.3785	17.3785	69.514	69.514	0 35986.2 5807.55 	41793.7	6.69313	6.55445	12703.2	670	0.148446	0	4.029	1.02
150.9	0.00312842	0.0011088	28444.6	1050	105	28165.8	17.3815	17.3815	69.5261	69.5261	0 35841.3 5789.01 	41630.4	6.70184	6.55445	12703.2	670	0.148531	0	4.029	1.02
151	0.00312995	0.00110511	28347.6	1050	105	28068.7	17.3845	17.3845	69.5381	69.5381	0 35978.7 5799.83 	41778.5	6.69197	6.55445	12703.2	670	0.148301	0	4.029	1.02
151.1	0.0031286	0.00110909	28454.7	1050	105	28175.8	17.3876	17.3876	69.5503	69.5503	0 35834 5781.37 	41615.3	6.70066	6.55445	12703.2	670	0.148388	0	4.029	1.02
151.2	0.00313013	0.0011054	28357.6	1050	105	28078.7	17.3906	17.3906	69.5624	69.5624	0 35971.2 5792.11 	41763.3	6.69081	6.55445	12703.2	670	0.148156	0	4.029	1.02
151.3	0.00312878	0.00110939	28464.7	1050	105	28185.8	17.3937	17.3937	69.5747	69.5747	0 35826.6 5773.73 	41600.3	6.69948	6.55445	12703.2	670	0.148244	0	4.029	1.02
151.4	0.00313031	0.0011057	28367.6	1050	105	28088.7	17.3967	17.3967	69.587	69.587	0 35963.8 5784.39 	41748.2	6.68965	6.55445	12703.2	670	0.148011	0	4.029	1.02
151.5	0.00312897	0.00110968	28474.8	1050	105	28195.8	17.3998	17.3998	69.5994	69.5994	0 35819.3 5766.09 	41585.4	6.6983	6.55445	12703.2	670	0.1481	0	4.029	1.02
151.6	0.0031305	0.00110599	28377.6	1050	105	28098.6	17.4029	17.4029	69.6117	69.6117	0 35956.4 5776.68 	41733.1	6.68849	6.55445	12703.2	670	0.147866	0	4.029	1.02
151.7	0.00312915	0.00110997	28484.8	1050	105	28205.7	17.4061	17.4061	69.6242	69.6242	0 35812 5758.46 	41570.5	6.69713	6.55445	12703.2	670	0.147956	0	4.029	1.02
151.8	0.00313068	0.00110628	28387.6	1050	105	28108.5	17.4092	17.4092	69.6367	69.6367	0 35949 5768.97 	41718	6.68734	6.55445	12703.2	670	0.14772	0	4.029	1.02
151.9	0.00312933	0.00111026	28494.8	1050	105	28215.6	17.4123	17.4123	69.6493	69.6493	0 35804.7 5750.82 	41555.6	6.69595	6.55445	12703.2	670	0.147812	0	4.029	1.02
152	0.00313086	0.00110657	28397.5	1050	105	28118.3	17.4155	17.4155	69.6618	69.6618	0 35941.7 5761.26 	41703	6.68619	6.55445	12703.2	670	0.147574	0	4.029	1.02
152.1	0.00312951	0.00111055	28504.7	1050	105	28225.5	17.4186	17.4186	69.6745	69.6745	0 35797.5 5743.19 	41540.7	6.69478	6.55445	12703.2	670	0.147667	0	4.029	1.02
152.2	0.00313103	0.00110685	28407.4	1050	105	28128.2	17.4218	17.4218	69.6872	69.6872	0 35934.4 5753.56 	41687.9	6.68504	6.55445	12703.2	670	0.147428	0	4.029	1.02
152.3	0.0031297	0.00111084	28514.6	1050	105	28235.4	17.425	17.425	69.7	69.7	0 35790.3 5735.57 	41525.9	6.69361	6.55445	12703.2	670	0.147522	0	4.029	1.02
152.4	0.00313121	0.00110714	28417.3	1050	105	28138	17.4282	17.4282	69.7127	69.7127	0 35927.1 5745.86 	41673	6.68389	6.55445	12703.2	670	0.147282	0	4.029	1.02
152.5	0.00312988	0.00111112	28524.5	1050	105	28245.2	17.4314	17.4314	69.7256	69.7256	0 35783.1 5727.94 	41511	6.69245	6.55445	12703.2	670	0.147377	0	4.029	1.02
152.6	0.00313139	0.00110743	28427.1	1050	105	28147.8	17.4346	17.4346	69.7385	69.7385	0 35919.9 5738.16 	41658	6.68274	6.55445	12703.2	670	0.147136	0	4.029	1.02
152.7	0.00313006	0.00111141	28534.4	1050	105	28255	17.4379	17.4379	69.7515	69.7515	0 35775.9 5720.32 	41496.3	6.69129	6.55445	12703.2	670	0.147232	0	4.029	1.02
152.8	0.00313157	0.00110772	28436.9	1050	105	28157.5	17.4411	17.4411	69.7644	69.7644	0 35912.6 5730.47 	41643.1	6.6816	6.55445	12703.2	670	0.14699	0	4.029	1.02
152.9	0.00313024	0.0011117	28544.3	1050	105	28264.8	17.4444	17.4444	69.7775	69.7775	0 35768.8 5712.7 	41481.5	6.69012	6.55445	12703.2	670	0.147087	0	4.029	1.02
153	0.00313175	0.001108	28446.8	1050	105	28167.3	17.4476	17.4476	69.7906	69.7906	0 35905.4 5722.78 	41628.2	6.68046	6.55445	12703.2	670	0.146843	0	4.029	1.02
153.1	0.00313042	0.00111198	28554.1	1050	105	28274.6	17.4509	17.4509	69.8038	69.8038	0 35761.7 5705.09 	41466.8	6.68897	6.55445	12703.2	670	0.146941	0	4.029	1.02
153.2	0.00313193	0.00110829	28456.5	1050	105	28177	17.4542	17.4542	69.8169	69.8169	0 35898.2 5715.1 	41613.3	6.67932	6.55445	12703.2	670	0.146696	0	4.029	1.02
153.3	0.0031306	0.00111227	28563.9	1050	105	28284.3	17.4576	17.4576	69.8302	69.8302	0 35754.6 5697.48 	41452.1	6.68781	6.55445	12703.2	670	0.146796	0	4.029	1.02
153.4	0.00313211	0.00110857	28466.3	1050	105	28186.7	17.4609	17.4609	69.8434	69.8434	0 35891.1 5707.42 	41598.5	6.67818	6.55445	12703.2	670	0.146549	0	4.029	1.02
153.5	0.00313078	0.00111255	28573.7	1050	105	28294	17.4642	17.4642	69.8568	69.8568	0 35747.6 5689.87 	41437.4	6.68665	6.55445	12703.2	670	0.14665	0	4.029	1.02
153.6	0.00313228	0.00110885	28476	1050	105	28196.3	17.4675	17.4675	69.8702	69.8702	0 35884 5699.74 	41583.7	6.67704	6.55445	12703.2	670	0.146402	0	4.029	1.02
153.7	0.00313096	0.00111283	28583.4	1050	105	28303.7	17.4709	17.4709	69.8837	69.8837	0 35740.5 5682.27 	41422.8	6.6855	6.55445	12703.2	670	0.146504	0	4.029	1.02
153.8	0.00313246	0.00110913	28485.7	1050	105	28206	17.4743	17.4743	69.8971	69.8971	0 35876.9 5692.07 	41569	6.67591	6.55445	12703.2	670	0.146255	0	4.029	1.02
153.9	0.00313114	0.00111311	28593.1	1050	105	28313.4	17.4777	17.4777	69.9107	69.9107	0 35733.5 5674.66 	41408.2	6.68435	6.55445	12703.2	670	0.146358	0	4.029	1.02
154	0.00313264	0.00110942	28495.4	1050	105	28215.6	17.4811	17.4811	69.9242	69.9242	0 35869.8 5684.41 	41554.2	6.67478	6.55445	12703.2	670	0.146108	0	4.029	1.02
154.1	0.00313132	0.0011134	28602.8	1050	105	28323	17.4845	17.4845	69.9379	69.9379	0 35726.6 5667.07 	41393.6	6.6832	6.55445	12703.2	670	0.146211	0	4.029	1.02
154.2	0.00313282	0.0011097	28505.1	1050	105	28225.2	17.4879	17.4879	69.9515	69.9515	0 35862.8 5676.74 	41539.5	6.67364	6.55445	12703.2	670	0.14596	0	4.029	1.02
154.3	0.0031315	0.00111368	28612.5	1050	105	28332.6	17.4913	17.4913	69.9653	69.9653	0 35719.6 5659.47 	41379.1	6.68206	6.55445	12703.2	670	0.146065	0	4.029	1.02
154.4	0.00313299	0.00110998	28514.7	1050	105	28234.7	17.4948	17.4948	69.979	69.979	0 35855.7 5669.08 	41524.8	6.67252	6.55445	12703.2	670	0.145813	0	4.029	1.02
154.5	0.00313168	0.00111396	28622.2	1050	105	28342.2	17.4982	17.4982	69.9929	69.9929	0 35712.7 5651.88 	41364.6	6.68091	6.55445	12703.2	670	0.145918	0	4.029	1.02
154.6	0.00313317	0.00111026	28524.3	1050	105	28244.3	17.5017	17.5017	70.0067	70.0067	0 35848.8 5661.43 	41510.2	6.67139	6.55445	12703.2	670	0.145665	0	4.029	1.02
154.7	0.00313186	0.00111423	28631.8	1050	105	28351.8	17.5052	17.5052	70.0207	70.0207	0 35705.8 5644.29 	41350.1	6.67977	6.55445	12703.2	670	0.145771	0	4.029	1.02
154.8	0.00313334	0.00111053	28533.9	1050	105	28253.8	17.5086	17.5086	70.0346	70.0346	0 35841.8 5653.78 	41495.6	6.67026	6.55445	12703.2	670	0.145517	0	4.029	1.02
154.9	0.00313204	0.00111451	28641.4	1050	105	28361.3	17.5122	17.5122	70.0487	70.0487	0 35698.9 5636.71 	41335.6	6.67863	6.55445	12703.2	670	0.145624	0	4.029	1.02
155	0.00313352	0.00111081	28543.5	1050	105	28263.3	17.5157	17.5157	70.0627	70.0627	0 35834.8 5646.13 	41481	6.66914	6.55445	12703.2	670	0.145369	0	4.029	1.02
155.1	0.00313221	0.00111479	28651	1050	105	28370.8	17.5192	17.5192	70.0768	70.0768	0 35692 5629.13 	41321.2	6.67749	6.55445	12703.2	670	0.145477	0	4.029	1.02
155.2	0.0031337	0.00111109	28553	1050	105	28272.8	17.5227	17.5227	70.0909	70.0909	0 35827.9 5638.49 	41466.4	6.66802	6.55445	12703.2	670	0.145221	0	4.029	1.02
155.3	0.00313239	0.00111507	28660.6	1050	105	28380.3	17.5263	17.5263	70.1052	70.1052	0 35685.2 5621.55 	41306.8	6.67636	6.55445	12703.2	670	0.14533	0	4.029	1.02
155.4	0.00313387	0.00111136	28562.5	1050	105	28282.2	17.5298	17.5298	70.1194	70.1194	0 35821 5630.86 	41451.9	6.6669	6.55445	12703.2	670	0.145072	0	4.029	1.02
155.5	0.00313257	0.00111534	28670.1	1050	105	28389.8	17.5334	17.5334	70.1337	70.1337	0 35678.4 5613.98 	41292.4	6.67522	6.55445	12703.2	670	0.145182	0	4.029	1.02
155.6	0.00313405	0.00111164	28572	1050	105	28291.7	17.537	17.537	70.148	70.148	0 35814.1 5623.22 	41437.4	6.66578	6.55445	12703.2	670	0.144924	0	4.029	1.02
155.7	0.00313275	0.00111562	28679.6	1050	105	28399.2	17.5406	17.5406	70.1624	70.1624	0 35671.6 5606.41 	41278	6.67409	6.55445	12703.2	670	0.145035	0	4.029	1.02
155.8	0.00313422	0.00111191	28581.5	1050	105	28301.1	17.5442	17.5442	70.1768	70.1768	0 35807.3 5615.6 	41422.9	6.66467	6.55445	12703.2	670	0.144775	0	4.029	1.02
155.9	0.00313292	0.00111589	28689.1	1050	105	28408.7	17.5478	17.5478	70.1913	70.1913	0 35664.8 5598.85 	41263.7	6.67296	6.55445	12703.2	670	0.144887	0	4.029	1.02
156	0.0031344	0.00111219	28591	1050	105	28310.4	17.5514	17.5514	70.2058	70.2058	0 35800.5 5607.97 	41408.4	6.66355	6.55445	12703.2	670	0.144627	0	4.029	1.02
156.1	0.0031331	0.00111617	28698.6	1050	105	28418.1	17.5551	17.5551	70.2204	70.2204	0 35658.1 5591.29 	41249.4	6.67183	6.55445	12703.2	670	0.144739	0	4.029	1.02
156.2	0.00313457	0.00111246	28600.4	1050	105	28319.8	17.5587	17.5587	70.235	70.235	0 35793.7 5600.36 	41394	6.66244	6.55445	12703.2	670	0.144478	0	4.029	1.02
156.3	0.00313327	0.00111644	28708.1	1050	105	28427.5	17.5624	17.5624	70.2497	70.2497	0 35651.4 5583.73 	41235.1	6.67071	6.55445	12703.2	670	0.144591	0	4.029	1.02
156.4	0.00313474	0.00111273	28609.8	1050	105	28329.2	17.5661	17.5661	70.2643	70.2643	0 35786.9 5592.74 	41379.6	6.66133	6.55445	12703.2	670	0.144329	0	4.029	1.02
156.5	0.00313345	0.00111671	28717.5	1050	105	28436.8	17.5698	17.5698	70.2792	70.2792	0 35644.7 5576.18 	41220.8	6.66959	6.55445	12703.2	670	0.144443	0	4.029	1.02
156.6	0.00313492	0.00111301	28619.2	1050	105	28338.5	17.5735	17.5735	70.2939	70.2939	0 35780.1 5585.14 	41365.3	6.66022	6.55445	12703.2	670	0.14418	0	4.029	1.02
156.7	0.00313363	0.00111698	28726.9	1050	105	28446.2	17.5772	17.5772	70.3088	70.3088	0 35638 5568.63 	41206.6	6.66846	6.55445	12703.2	670	0.144295	0	4.029	1.02
156.8	0.00313509	0.00111328	28628.6	1050	105	28347.8	17.5809	17.5809	70.3236	70.3236	0 35773.4 5577.53 	41350.9	6.65912	6.55445	12703.2	670	0.144031	0	4.029	1.02
156.9	0.0031338	0.00111726	28736.3	1050	105	28455.5	17.5847	17.5847	70.3386	70.3386	0 35631.3 5561.09 	41192.4	6.66734	6.55445	12703.2	670	0.144147	0	4.029	1.02
157	0.00313527	0.00111355	28637.9	1050	105	28357.1	17.5884	17.5884	70.3535	70.3535	0 35766.7 5569.93 	41336.6	6.65801	6.55445	12703.2	670	0.143882	0	4.029	1.02
157.1	0.00313398	0.00111753	28745.7	1050	105	28464.8	17.5922	17.5922	70.3686	70.3686	0 35624.7 5553.55 	41178.2	6.66623	6.55445	12703.2	670	0.143998	0	4.029	1.02
157.2	0.00313544	0.00111382	28647.3	1050	105	28366.3	17.5959	17.5959	70.3836	70.3836	0 35760 5562.34 	41322.3	6.65691	6.55445	12703.2	670	0.143732	0	4.029	1.02
157.3	0.00313415	0.0011178	28755.1	1050	105	28474.1	17.5997	17.5997	70.3988	70.3988	0 35618.1 5546.02 	41164.1	6.66511	6.55445	12703.2	670	0.14385	0	4.029	1.02
157.4	0.00313561	0.00111409	28656.6	1050	105	28375.5	17.6035	17.6035	70.4139	70.4139	0 35753.3 5554.75 	41308.1	6.65581	6.55445	12703.2	670	0.143583	0	4.029	1.02
157.5	0.00313433	0.00111807	28764.4	1050	105	28483.3	17.6073	17.6073	70.4292	70.4292	0 35611.5 5538.49 	41150	6.664	6.55445	12703.2	670	0.143701	0	4.029	1.02
157.6	0.00313578	0.00111436	28665.9	1050	105	28384.8	17.6111	17.6111	70.4444	70.4444	0 35746.7 5547.17 	41293.8	6.65471	6.55445	12703.2	670	0.143433	0	4.029	1.02
157.7	0.0031345	0.00111833	28773.7	1050	105	28492.6	17.6149	17.6149	70.4597	70.4597	0 35604.9 5530.96 	41135.9	6.66288	6.55445	12703.2	670	0.143552	0	4.029	1.02
157.8	0.00313596	0.00111462	28675.2	1050	105	28394	17.6187	17.6187	70.475	70.475	0 35740 5539.59 	41279.6	6.65361	6.55445	12703.2	670	0.143284	0	4.029	1.02
157.9	0.00313467	0.0011186	28783	1050	105	28501.8	17.6226	17.6226	70.4904	70.4904	0 35598.4 5523.44 	41121.8	6.66177	6.55445	12703.2	670	0.143403	0	4.029	1.02
158	0.00313613	0.00111489	28684.4	1050	105	28403.1	17.6264	17.6264	70.5058	70.5058	0 35733.4 5532.02 	41265.4	6.65251	6.55445	12703.2	670	0.143134	0	4.029	1.02
158.1	0.00313485	0.00111887	28792.3	1050	105	28511	17.6303	17.6303	70.5213	70.5213	0 35591.8 5515.92 	41107.7	6.66066	6.55445	12703.2	670	0.143254	0	4.029	1.02
158.2	0.0031363	0.00111516	28693.6	1050	105	28412.3	17.6342	17.6342	70.5368	70.5368	0 35726.8 5524.45 	41251.3	6.65142	6.55445	12703.2	670	0.142984	0	4.029	1.02
158.3	0.00313502	0.00111914	28801.6	1050	105	28520.2	17.6381	17.6381	70.5524	70.5524	0 35585.3 5508.41 	41093.7	6.65956	6.55445	12703.2	670	0.143105	0	4.029	1.02
158.4	0.00313647	0.00111542	28702.9	1050	105	28421.4	17.642	17.642	70.5679	70.5679	0 35720.3 5516.89 	41237.2	6.65032	6.55445	12703.2	670	0.142834	0	4.029	1.02
158.5	0.0031352	0.0011194	28810.8	1050	105	28529.3	17.6459	17.6459	70.5836	70.5836	0 35578.8 5500.9 	41079.7	6.65845	6.55445	12703.2	670	0.142956	0	4.029	1.02
158.6	0.00313664	0.00111569	28712.1	1050	105	28430.6	17.6498	17.6498	70.5992	70.5992	0 35713.7 5509.33 	41223.1	6.64923	6.55445	12703.2	670	0.142684	0	4.029	1.02
158.7	0.00313537	0.00111967	28820	1050	105	28538.5	17.6538	17.6538	70.615	70.615	0 35572.3 5493.4 	41065.7	6.65735	6.55445	12703.2	670	0.142807	0	4.029	1.02
158.8	0.00313682	0.00111595	28721.2	1050	105	28439.7	17.6577	17.6577	70.6307	70.6307	0 35707.2 5501.78 	41209	6.64814	6.55445	12703.2	670	0.142534	0	4.029	1.02
158.9	0.00313554	0.00111993	28829.2	1050	105	28547.6	17.6617	17.6617	70.6466	70.6466	0 35565.9 5485.9 	41051.8	6.65625	6.55445	12703.2	670	0.142657	0	4.029	1.02
159	0.00313699	0.00111622	28730.4	1050	105	28448.7	17.6656	17.6656	70.6624	70.6624	0 35700.7 5494.24 	41194.9	6.64705	6.55445	12703.2	670	0.142384	0	4.029	1.02
159.1	0.00313571	0.0011202	28838.4	1050	105	28556.7	17.6696	17.6696	70.6784	70.6784	0 35559.4 5478.41 	41037.9	6.65515	6.55445	12703.2	670	0.142508	0	4.029	1.02
159.2	0.00313716	0.00111648	28739.5	1050	105	28457.8	17.6736	17.6736	70.6943	70.6943	0 35694.2 5486.7 	41180.9	6.64597	6.55445	12703.2	670	0.142234	0	4.029	1.02
159.3	0.00313589	0.00112046	28847.6	1050	105	28565.8	17.6776	17.6776	70.7103	70.7103	0 35553 5470.92 	41023.9	6.65405	6.55445	12703.2	670	0.142358	0	4.029	1.02
159.4	0.00313733	0.00111675	28748.7	1050	105	28466.9	17.6816	17.6816	70.7263	70.7263	0 35687.7 5479.16 	41166.9	6.64488	6.55445	12703.2	670	0.142084	0	4.029	1.02
159.5	0.00313606	0.00112072	28856.7	1050	105	28574.9	17.6856	17.6856	70.7424	70.7424	0 35546.6 5463.44 	41010.1	6.65296	6.55445	12703.2	670	0.142209	0	4.029	1.02
159.6	0.0031375	0.00111701	28757.8	1050	105	28475.9	17.6896	17.6896	70.7585	70.7585	0 35681.3 5471.63 	41152.9	6.6438	6.55445	12703.2	670	0.141934	0	4.029	1.02
159.7	0.00313623	0.00112099	28865.9	1050	105	28583.9	17.6937	17.6937	70.7747	70.7747	0 35540.2 5455.96 	40996.2	6.65186	6.55445	12703.2	670	0.142059	0	4.029	1.02
159.8	0.00313767	0.00111727	28766.9	1050	105	28484.9	17.6977	17.6977	70.7909	70.7909	0 35674.8 5464.11 	41138.9	6.64272	6.55445	12703.2	670	0.141783	0	4.029	1.02
159.9	0.0031364	0.00112125	28875	1050	105	28593	17.7018	17.7018	70.8072	70.8072	0 35533.9 5448.49 	40982.4	6.65077	6.55445	12703.2	670	0.141909	0	4.029	1.02
160	0.00313784	0.00111753	28776	1050	105	28493.9	17.7058	17.7058	70.8234	70.8234	0 35668.4 5456.59 	41125	6.64164	6.55445	12703.2	670	0.141633	0	4.029	1.02
160.1	0.00313657	0.00112151	28884.1	1050	105	28602	17.7099	17.7099	70.8398	70.8398	0 35527.5 5441.02 	40968.6	6.64968	6.55445	12703.2	670	0.14176	0	4.029	1.02
160.2	0.00313801	0.00111779	28785	1050	105	28502.9	17.714	17.714	70.8561	70.8561	0 35662 5449.08 	41111.1	6.64056	6.55445	12703.2	670	0.141482	0	4.029	1.02
160.3	0.00313675	0.00112177	28893.1	1050	105	28611	17.7181	17.7181	70.8726	70.8726	0 35521.2 5433.56 	40954.8	6.64859	6.55445	12703.2	670	0.14161	0	4.029	1.02
160.4	0.00313818	0.00111805	28794	1050	105	28511.8	17.7222	17.7222	70.889	70.889	0 35655.7 5441.57 	41097.2	6.63948	6.55445	12703.2	670	0.141332	0	4.029	1.02
160.5	0.00313692	0.00112203	28902.2	1050	105	28619.9	17.7264	17.7264	70.9055	70.9055	0 35514.9 5426.11 	40941	6.6475	6.55445	12703.2	670	0.14146	0	4.029	1.02
160.6	0.00313835	0.00111831	28803.1	1050	105	28520.8	17.7305	17.7305	70.922	70.922	0 35649.3 5434.07 	41083.4	6.6384	6.55445	12703.2	670	0.141181	0	4.029	1.02
160.7	0.00313709	0.00112229	28911.3	1050	105	28628.9	17.7347	17.7347	70.9386	70.9386	0 35508.6 5418.65 	40927.3	6.64642	6.55445	12703.2	670	0.14131	0	4.029	1.02
160.8	0.00313852	0.00111857	28812.1	1050	105	28529.7	17.7388	17.7388	70.9552	70.9552	0 35643 5426.57 	41069.5	6.63733	6.55445	12703.2	670	0.141031	0	4.029	1.02
160.9	0.00313726	0.00112255	28920.3	1050	105	28637.9	17.743	17.743	70.9719	70.9719	0 35502.3 5411.21 	40913.5	6.64534	6.55445	12703.2	670	0.14116	0	4.029	1.02
161	0.00313869	0.00111883	28821.1	1050	105	28538.6	17.7471	17.7471	70.9886	70.9886	0 35636.6 5419.09 	41055.7	6.63626	6.55445	12703.2	670	0.14088	0	4.029	1.02
161.1	0.00313743	0.00112281	28929.3	1050	105	28646.8	17.7513	17.7513	71.0054	71.0054	0 35496.1 5403.77 	40899.8	6.64425	6.55445	12703.2	670	0.141009	0	4.029	1.02
161.2	0.00313886	0.00111909	28830	1050	105	28547.5	17.7555	17.7555	71.0221	71.0221	0 35630.3 5411.6 	41041.9	6.63519	6.55445	12703.2	670	0.140729	0	4.029	1.02
161.3	0.0031376	0.00112307	28938.3	1050	105	28655.7	17.7597	17.7597	71.039	71.039	0 35489.8 5396.33 	40886.2	6.64317	6.55445	12703.2	670	0.140859	0	4.029	1.02
161.4	0.00313902	0.00111935	28839	1050	105	28556.4	17.7639	17.7639	71.0558	71.0558	0 35624 5404.12 	41028.2	6.63412	6.55445	12703.2	670	0.140578	0	4.029	1.02
161.5	0.00313777	0.00112333	28947.3	1050	105	28664.6	17.7682	17.7682	71.0728	71.0728	0 35483.6 5388.9 	40872.5	6.6421	6.55445	12703.2	670	0.140709	0	4.029	1.02
161.6	0.00313919	0.0011196	28847.9	1050	105	28565.2	17.7724	17.7724	71.0897	71.0897	0 35617.8 5396.65 	41014.4	6.63305	6.55445	12703.2	670	0.140428	0	4.029	1.02
161.7	0.00313794	0.00112358	28956.2	1050	105	28673.5	17.7767	17.7767	71.1067	71.1067	0 35477.4 5381.48 	40858.9	6.64102	6.55445	12703.2	670	0.140558	0	4.029	1.02
161.8	0.00313936	0.00111986	28856.9	1050	105	28574.1	17.7809	17.7809	71.1237	71.1237	0 35611.5 5389.19 	41000.7	6.63198	6.55445	12703.2	670	0.140277	0	4.029	1.02
161.9	0.00313811	0.00112384	28965.2	1050	105	28682.3	17.7852	17.7852	71.1408	71.1408	0 35471.2 5374.06 	40845.2	6.63994	6.55445	12703.2	670	0.140408	0	4.029	1.02
162	0.00313953	0.00112012	28865.8	1050	105	28582.9	17.7895	17.7895	71.1579	71.1579	0 35605.3 5381.73 	40987	6.63092	6.55445	12703.2	670	0.140126	0	4.029	1.02
162.1	0.00313828	0.0011241	28974.1	1050	105	28691.2	17.7938	17.7938	71.1751	71.1751	0 35465 5366.64 	40831.7	6.63887	6.55445	12703.2	670	0.140258	0	4.029	1.02
162.2	0.0031397	0.00112037	28874.7	1050	105	28591.7	17.7981	17.7981	71.1922	71.1922	0 35599.1 5374.28 	40973.3	6.62985	6.55445	12703.2	670	0.139975	0	4.029	1.02
162.3	0.00313844	0.00112435	28983	1050	105	28700	17.8024	17.8024	71.2095	71.2095	0 35458.9 5359.24 	40818.1	6.6378	6.55445	12703.2	670	0.140107	0	4.029	1.02
162.4	0.00313987	0.00112063	28883.6	1050	105	28600.5	17.8067	17.8067	71.2267	71.2267	0 35592.9 5366.83 	40959.7	6.62879	6.55445	12703.2	670	0.139824	0	4.029	1.02
162.5	0.00313861	0.00112461	28992	1050	105	28708.8	17.811	17.811	71.2441	71.2441	0 35452.7 5351.83 	40804.5	6.63673	6.55445	12703.2	670	0.139957	0	4.029	1.02
162.6	0.00314003	0.00112088	28892.4	1050	105	28609.3	17.8154	17.8154	71.2614	71.2614	0 35586.7 5359.39 	40946	6.62773	6.55445	12703.2	670	0.139673	0	4.029	1.02
162.7	0.00313879	0.00112487	29001.2	1050	105	28718	17.8197	17.8197	71.2789	71.2789	0 35449.2 5344.7 	40793.9	6.63558	6.55445	12703.2	670	0.139815	0	4.029	1.02
162.8	0.00314019	0.00112116	28902	1050	105	28618.8	17.8241	17.8241	71.2963	71.2963	0 35579.5 5351.88 	40931.4	6.62673	6.55445	12703.2	670	0.139524	0	4.029	1.02
162.9	0.00313894	0.00112514	29010.3	1050	105	28727	17.8284	17.8284	71.3138	71.3138	0 35439.7 5336.99 	40776.7	6.63464	6.55445	12703.2	670	0.139657	0	4.029	1.02
163	0.00314036	0.00112141	28910.6	1050	105	28627.2	17.8328	17.8328	71.3312	71.3312	0 35573.7 5344.48 	40918.2	6.62565	6.55445	12703.2	670	0.139372	0	4.029	1.02
163.1	0.00313911	0.00112539	29019	1050	105	28735.6	17.8372	17.8372	71.3489	71.3489	0 35433.9 5329.63 	40763.5	6.63355	6.55445	12703.2	670	0.139506	0	4.029	1.02
163.2	0.00314053	0.00112165	28919.2	1050	105	28635.8	17.8416	17.8416	71.3664	71.3664	0 35567.8 5337.08 	40904.9	6.62458	6.55445	12703.2	670	0.139221	0	4.029	1.02
163.3	0.00313928	0.00112563	29027.7	1050	105	28744.2	17.846	17.846	71.3841	71.3841	0 35428 5322.26 	40750.2	6.63248	6.55445	12703.2	670	0.139355	0	4.029	1.02
163.4	0.0031407	0.0011219	28927.9	1050	105	28644.4	17.8504	17.8504	71.4017	71.4017	0 35561.8 5329.67 	40891.5	6.62352	6.55445	12703.2	670	0.139069	0	4.029	1.02
163.5	0.00313945	0.00112588	29036.4	1050	105	28752.9	17.8549	17.8549	71.4195	71.4195	0 35422 5314.9 	40736.9	6.63141	6.55445	12703.2	670	0.139204	0	4.029	1.02
163.6	0.00314087	0.00112215	28936.7	1050	105	28653.1	17.8593	17.8593	71.4371	71.4371	0 35555.8 5322.27 	40878.1	6.62246	6.55445	12703.2	670	0.138918	0	4.029	1.02
163.7	0.00313962	0.00112614	29045.2	1050	105	28761.5	17.8638	17.8638	71.455	71.455	0 35416 5307.54 	40723.6	6.63035	6.55445	12703.2	670	0.139053	0	4.029	1.02
163.8	0.00314103	0.0011224	28945.4	1050	105	28661.7	17.8682	17.8682	71.4728	71.4728	0 35549.7 5314.87 	40864.6	6.6214	6.55445	12703.2	670	0.138767	0	4.029	1.02
163.9	0.00313979	0.00112639	29053.9	1050	105	28770.2	17.8727	17.8727	71.4907	71.4907	0 35410 5300.18 	40710.2	6.62928	6.55445	12703.2	670	0.138902	0	4.029	1.02
164	0.0031412	0.00112265	28954.1	1050	105	28670.4	17.8771	17.8771	71.5085	71.5085	0 35543.7 5307.47 	40851.2	6.62035	6.55445	12703.2	670	0.138615	0	4.029	1.02
164.1	0.00313995	0.00112664	29062.7	1050	105	28778.9	17.8816	17.8816	71.5266	71.5266	0 35404 5292.82 	40696.8	6.62822	6.55445	12703.2	670	0.138751	0	4.029	1.02
164.2	0.00314136	0.0011229	28962.9	1050	105	28679	17.8861	17.8861	71.5445	71.5445	0 35537.7 5300.08 	40837.7	6.6193	6.55445	12703.2	670	0.138464	0	4.029	1.02
164.3	0.00314012	0.00112689	29071.5	1050	105	28787.6	17.8906	17.8906	71.5626	71.5626	0 35398 5285.47 	40683.5	6.62717	6.55445	12703.2	670	0.1386	0	4.029	1.02
164.4	0.00314153	0.00112315	28971.6	1050	105	28687.6	17.8951	17.8951	71.5806	71.5806	0 35531.6 5292.7 	40824.3	6.61825	6.55445	12703.2	670	0.138313	0	4.029	1.02
164.5	0.00314029	0.00112714	29080.2	1050	105	28796.2	17.8997	17.8997	71.5987	71.5987	0 35392 5278.13 	40670.2	6.62611	6.55445	12703.2	670	0.138449	0	4.029	1.02
164.6	0.0031417	0.0011234	28980.3	1050	105	28696.3	17.9042	17.9042	71.6168	71.6168	0 35525.6 5285.32 	40810.9	6.61721	6.55445	12703.2	670	0.138162	0	4.029	1.02
164.7	0.00314045	0.00112739	29089	1050	105	28804.9	17.9088	17.9088	71.6351	71.6351	0 35386.1 5270.79 	40656.9	6.62506	6.55445	12703.2	670	0.138299	0	4.029	1.02
164.8	0.00314186	0.00112365	28989	1050	105	28704.9	17.9133	17.9133	71.6532	71.6532	0 35519.6 5277.95 	40797.5	6.61616	6.55445	12703.2	670	0.138011	0	4.029	1.02
164.9	0.00314062	0.00112764	29097.7	1050	105	28813.5	17.9179	17.9179	71.6715	71.6715	0 35380.1 5263.46 	40643.6	6.62401	6.55445	12703.2	670	0.138148	0	4.029	1.02
165	0.00314203	0.0011239	28997.7	1050	105	28713.5	17.9224	17.9224	71.6898	71.6898	0 35513.6 5270.59 	40784.2	6.61512	6.55445	12703.2	670	0.137859	0	4.029	1.02
165.1	0.00314079	0.00112789	29106.4	1050	105	28822.1	17.927	17.927	71.7081	71.7081	0 35374.2 5256.14 	40630.3	6.62296	6.55445	12703.2	670	0.137997	0	4.029	1.02
165.2	0.00314219	0.00112415	29006.4	1050	105	28722.1	17.9316	17.9316	71.7265	71.7265	0 35507.6 5263.23 	40770.8	6.61408	6.55445	12703.2	670	0.137708	0	4.029	1.02
165.3	0.00314095	0.00112814	29115.1	1050	105	28830.8	17.9362	17.9362	71.7449	71.7449	0 35368.2 5248.82 	40617	6.62191	6.55445	12703.2	670	0.137846	0	4.029	1.02
165.4	0.00314236	0.0011244	29015.1	1050	105	28730.7	17.9408	17.9408	71.7633	71.7633	0 35501.6 5255.88 	40757.5	6.61304	6.55445	12703.2	670	0.137557	0	4.029	1.02
165.5	0.00314112	0.00112838	29123.8	1050	105	28839.4	17.9455	17.9455	71.7818	71.7818	0 35362.3 5241.51 	40603.8	6.62086	6.55445	12703.2	670	0.137695	0	4.029	1.02
165.6	0.00314252	0.00112465	29023.7	1050	105	28739.2	17.9501	17.9501	71.8003	71.8003	0 35495.6 5248.54 	40744.2	6.612	6.55445	12703.2	670	0.137406	0	4.029	1.02
165.7	0.00314128	0.00112863	29132.5	1050	105	28848	17.9547	17.9547	71.8189	71.8189	0 35356.4 5234.2 	40590.6	6.61981	6.55445	12703.2	670	0.137544	0	4.029	1.02
165.8	0.00314269	0.0011249	29032.4	1050	105	28747.8	17.9594	17.9594	71.8375	71.8375	0 35489.7 5241.2 	40730.9	6.61096	6.55445	12703.2	670	0.137254	0	4.029	1.02
165.9	0.00314145	0.00112888	29141.2	1050	105	28856.5	17.964	17.964	71.8562	71.8562	0 35350.5 5226.9 	40577.4	6.61877	6.55445	12703.2	670	0.137393	0	4.029	1.02
166	0.00314285	0.00112514	29041	1050	105	28756.3	17.9687	17.9687	71.8748	71.8748	0 35483.7 5233.87 	40717.6	6.60992	6.55445	12703.2	670	0.137103	0	4.029	1.02
166.1	0.00314161	0.00112913	29149.8	1050	105	28865.1	17.9734	17.9734	71.8935	71.8935	0 35344.6 5219.61 	40564.2	6.61773	6.55445	12703.2	670	0.137242	0	4.029	1.02
166.2	0.00314301	0.00112539	29049.6	1050	105	28764.8	17.9781	17.9781	71.9122	71.9122	0 35477.8 5226.54 	40704.4	6.60889	6.55445	12703.2	670	0.136952	0	4.029	1.02
166.3	0.00314178	0.00112938	29158.5	1050	105	28873.7	17.9828	17.9828	71.9311	71.9311	0 35338.7 5212.32 	40551	6.61669	6.55445	12703.2	670	0.137091	0	4.029	1.02
166.4	0.00314318	0.00112564	29058.2	1050	105	28773.4	17.9875	17.9875	71.9498	71.9498	0 35471.9 5219.22 	40691.1	6.60785	6.55445	12703.2	670	0.136801	0	4.029	1.02
166.5	0.00314194	0.00112962	29167.1	1050	105	28882.2	17.9922	17.9922	71.9687	71.9687	0 35332.8 5205.04 	40537.9	6.61565	6.55445	12703.2	670	0.13694	0	4.029	1.02
166.6	0.00314334	0.00112588	29066.8	1050	105	28781.9	17.9969	17.9969	71.9876	71.9876	0 35466 5211.91 	40677.9	6.60682	6.55445	12703.2	670	0.13665	0	4.029	1.02
166.7	0.00314211	0.00112987	29175.7	1050	105	28890.7	18.0016	18.0016	72.0066	72.0066	0 35327 5197.76 	40524.7	6.61461	6.55445	12703.2	670	0.136789	0	4.029	1.02
166.8	0.00314346	0.00112626	29079.1	1050	105	28794	18.0064	18.0064	72.0255	72.0255	0 35455.4 5204.24 	40659.6	6.60608	6.55445	12703.2	670	0.136506	0	4.029	1.02
166.9	0.0031422	0.00113033	29190.2	1050	105	28905.1	18.0111	18.0111	72.0445	72.0445	0 35313.6 5189.92 	40503.5	6.61403	6.55445	12703.2	670	0.13665	0	4.029	1.02
167	0.00314355	0.00112673	29093.8	1050	105	28808.6	18.0159	18.0159	72.0634	72.0634	0 35441.5 5196.35 	40637.8	6.60553	6.55445	12703.2	670	0.136368	0	4.029	1.02
167.1	0.00314229	0.0011308	29205	1050	105	28919.8	18.0206	18.0206	72.0824	72.0824	0 35299.8 5182.06 	40481.8	6.61348	6.55445	12703.2	670	0.136513	0	4.029	1.02
167.2	0.00314363	0.00112721	29108.7	1050	105	28823.4	18.0253	18.0253	72.1014	72.1014	0 35427.4 5188.46 	40615.9	6.60499	6.55445	12703.2	670	0.13623	0	4.029	1.02
167.3	0.00314237	0.00113128	29219.8	1050	105	28934.5	18.0301	18.0301	72.1204	72.1204	0 35285.9 5174.23 	40460.1	6.61293	6.55445	12703.2	670	0.136375	0	4.029	1.02
167.4	0.00314372	0.00112769	29123.6	1050	105	28838.3	18.0349	18.0349	72.1394	72.1394	0 35413.3 5180.58 	40593.9	6.60445	6.55445	12703.2	670	0.136093	0	4.029	1.02
167.5	0.00314246	0.00113176	29234.7	1050	105	28949.3	18.0396	18.0396	72.1585	72.1585	0 35272 5166.4 	40438.4	6.61238	6.55445	12703.2	670	0.136239	0	4.029	1.02
167.6	0.0031438	0.00112817	29138.5	1050	105	28853.1	18.0444	18.0444	72.1775	72.1775	0 35399.3 5172.73 	40572	6.60391	6.55445	12703.2	670	0.135957	0	4.029	1.02
167.7	0.00314255	0.00113223	29249.5	1050	105	28964	18.0491	18.0491	72.1966	72.1966	0 35258.3 5158.61 	40416.9	6.61182	6.55445	12703.2	670	0.136102	0	4.029	1.02
167.8	0.00314389	0.00112865	29153.6	1050	105	28868	18.0539	18.0539	72.2156	72.2156	0 35385.1 5164.89 	40550	6.60337	6.55445	12703.2	670	0.135821	0	4.029	1.02
167.9	0.00314264	0.00113271	29264.6	1050	105	28979	18.0587	18.0587	72.2347	72.2347	0 35244.2 5150.8 	40395	6.61128	6.55445	12703.2	670	0.135966	0	4.029	1.02
168	0.00314397	0.00112914	29168.7	1050	105	28883	18.0634	18.0634	72.2537	72.2537	0 35370.8 5157.05 	40527.9	6.60284	6.55445	12703.2	670	0.135685	0	4.029	1.02
168.1	0.00314272	0.00113319	29279.6	1050	105	28993.9	18.0682	18.0682	72.2729	72.2729	0 35230.2 5143.03 	40373.2	6.61073	6.55445	12703.2	670	0.13583	0	4.029	1.02
168.2	0.00314406	0.00112962	29183.7	1050	105	28898	18.073	18.073	72.2919	72.2919	0 35356.7 5149.24 	40505.9	6.6023	6.55445	12703.2	670	0.135549	0	4.029	1.02
168.3	0.00314281	0.00113367	29294.6	1050	105	29008.8	18.0778	18.0778	72.3111	72.3111	0 35216.3 5135.26 	40351.5	6.61018	6.55445	12703.2	670	0.135695	0	4.029	1.02
168.4	0.00314414	0.0011301	29198.8	1050	105	28913	18.0825	18.0825	72.3302	72.3302	0 35342.5 5141.44 	40483.9	6.60177	6.55445	12703.2	670	0.135414	0	4.029	1.02
168.5	0.0031429	0.00113415	29309.6	1050	105	29023.7	18.0873	18.0873	72.3493	72.3493	0 35202.3 5127.51 	40329.8	6.60963	6.55445	12703.2	670	0.135559	0	4.029	1.02
168.6	0.00314423	0.00113059	29213.9	1050	105	28928	18.0921	18.0921	72.3684	72.3684	0 35328.3 5133.65 	40461.9	6.60123	6.55445	12703.2	670	0.135279	0	4.029	1.02
168.7	0.00314298	0.00113464	29324.6	1050	105	29038.7	18.0969	18.0969	72.3876	72.3876	0 35188.3 5119.77 	40308.1	6.60909	6.55445	12703.2	670	0.135424	0	4.029	1.02
168.8	0.00314431	0.00113108	29229	1050	105	28943	18.1017	18.1017	72.4067	72.4067	0 35314 5125.88 	40439.9	6.6007	6.55445	12703.2	670	0.135144	0	4.029	1.02
168.9	0.00314307	0.00113512	29339.7	1050	105	29053.6	18.1065	18.1065	72.426	72.426	0 35174.3 5112.05 	40286.4	6.60854	6.55445	12703.2	670	0.135289	0	4.029	1.02
169	0.0031444	0.00113156	29244.2	1050	105	28958.1	18.1113	18.1113	72.4451	72.4451	0 35299.8 5118.11 	40417.9	6.60017	6.55445	12703.2	670	0.135009	0	4.029	1.02
169.1	0.00314315	0.0011356	29354.8	1050	105	29068.6	18.1161	18.1161	72.4643	72.4643	0 35160.3 5104.33 	40264.7	6.608	6.55445	12703.2	670	0.135155	0	4.029	1.02
169.2	0.00314448	0.00113205	29259.3	1050	105	28973.1	18.1209	18.1209	72.4835	72.4835	0 35285.6 5110.36 	40396	6.59964	6.55445	12703.2	670	0.134874	0	4.029	1.02
169.3	0.00314324	0.00113609	29369.8	1050	105	29083.6	18.1257	18.1257	72.5027	72.5027	0 35146.3 5096.63 	40243	6.60746	6.55445	12703.2	670	0.13502	0	4.029	1.02
169.4	0.00314457	0.00113253	29274.5	1050	105	28988.2	18.1305	18.1305	72.5219	72.5219	0 35271.4 5102.62 	40374	6.59911	6.55445	12703.2	670	0.13474	0	4.029	1.02
169.5	0.00314333	0.00113657	29384.9	1050	105	29098.6	18.1353	18.1353	72.5412	72.5412	0 35132.3 5088.93 	40221.3	6.60692	6.55445	12703.2	670	0.134885	0	4.029	1.02
169.6	0.00314465	0.00113302	29289.7	1050	105	29003.3	18.1401	18.1401	72.5604	72.5604	0 35257.2 5094.89 	40352	6.59858	6.55445	12703.2	670	0.134606	0	4.029	1.02
169.7	0.00314341	0.00113705	29400	1050	105	29113.6	18.1449	18.1449	72.5797	72.5797	0 35118.3 5081.25 	40199.6	6.60638	6.55445	12703.2	670	0.134751	0	4.029	1.02
169.8	0.00314473	0.00113351	29304.9	1050	105	29018.4	18.1497	18.1497	72.5989	72.5989	0 35242.9 5087.17 	40330.1	6.59805	6.55445	12703.2	670	0.134471	0	4.029	1.02
169.9	0.0031435	0.00113754	29415.2	1050	105	29128.6	18.1545	18.1545	72.6182	72.6182	0 35104.3 5073.58 	40177.9	6.60584	6.55445	12703.2	670	0.134617	0	4.029	1.02
170	0.00314482	0.001134	29320.1	1050	105	29033.5	18.1593	18.1593	72.6374	72.6374	0 35228.7 5079.47 	40308.2	6.59752	6.55445	12703.2	670	0.134337	0	4.029	1.02
170.1	0.00314358	0.00113802	29430.3	1050	105	29143.7	18.1642	18.1642	72.6567	72.6567	0 35090.3 5065.92 	40156.2	6.6053	6.55445	12703.2	670	0.134483	0	4.029	1.02
170.2	0.0031449	0.00113449	29335.3	1050	105	29048.6	18.169	18.169	72.676	72.676	0 35214.5 5071.77 	40286.2	6.597	6.55445	12703.2	670	0.134203	0	4.029	1.02
170.3	0.00314367	0.00113851	29445.4	1050	105	29158.7	18.1738	18.1738	72.6953	72.6953	0 35076.3 5058.26 	40134.6	6.60477	6.55445	12703.2	670	0.134349	0	4.029	1.02
170.4	0.00314498	0.00113497	29350.5	1050	105	29063.7	18.1786	18.1786	72.7146	72.7146	0 35200.2 5064.08 	40264.3	6.59648	6.55445	12703.2	670	0.134069	0	4.029	1.02
170.5	0.00314375	0.00113899	29460.6	1050	105	29173.8	18.1835	18.1835	72.734	72.734	0 35062.3 5050.62 	40112.9	6.60423	6.55445	12703.2	670	0.134215	0	4.029	1.02
170.6	0.00314507	0.00113546	29365.7	1050	105	29078.9	18.1883	18.1883	72.7532	72.7532	0 35186 5056.4 	40242.4	6.59596	6.55445	12703.2	670	0.133936	0	4.029	1.02
170.7	0.00314384	0.00113948	29475.7	1050	105	29188.8	18.1932	18.1932	72.7726	72.7726	0 35048.3 5042.99 	40091.3	6.6037	6.55445	12703.2	670	0.134081	0	4.029	1.02
170.8	0.00314515	0.00113595	29381	1050	105	29094	18.198	18.198	72.7919	72.7919	0 35171.8 5048.73 	40220.5	6.59544	6.55445	12703.2	670	0.133802	0	4.029	1.02
170.9	0.00314392	0.00113996	29490.9	1050	105	29203.9	18.2028	18.2028	72.8113	72.8113	0 35034.3 5035.37 	40069.7	6.60317	6.55445	12703.2	670	0.133947	0	4.029	1.02
171	0.00314523	0.00113644	29396.2	1050	105	29109.2	18.2077	18.2077	72.8306	72.8306	0 35157.5 5041.08 	40198.6	6.59492	6.55445	12703.2	670	0.133668	0	4.029	1.02
171.1	0.00314401	0.00114045	29506.1	1050	105	29219	18.2125	18.2125	72.8501	72.8501	0 35020.3 5027.76 	40048.1	6.60264	6.55445	12703.2	670	0.133813	0	4.029	1.02
171.2	0.00314531	0.00113693	29411.5	1050	105	29124.3	18.2174	18.2174	72.8694	72.8694	0 35143.3 5033.43 	40176.7	6.5944	6.55445	12703.2	670	0.133535	0	4.029	1.02
171.3	0.00314409	0.00114094	29521.3	1050	105	29234.1	18.2222	18.2222	72.8888	72.8888	0 35006.3 5020.15 	40026.5	6.60211	6.55445	12703.2	670	0.13368	0	4.029	1.02
171.4	0.0031454	0.00113742	29426.8	1050	105	29139.5	18.227	18.227	72.9082	72.9082	0 35129.1 5025.79 	40154.9	6.59388	6.55445	12703.2	670	0.133401	0	4.029	1.02
171.5	0.00314417	0.00114142	29536.5	1050	105	29249.1	18.2319	18.2319	72.9277	72.9277	0 34992.3 5012.56 	40004.9	6.60158	6.55445	12703.2	670	0.133546	0	4.029	1.02
171.6	0.00314548	0.00113791	29442	1050	105	29154.7	18.2368	18.2368	72.947	72.947	0 35114.9 5018.16 	40133	6.59337	6.55445	12703.2	670	0.133268	0	4.029	1.02
171.7	0.00314426	0.00114191	29551.7	1050	105	29264.3	18.2416	18.2416	72.9665	72.9665	0 34978.3 5004.97 	39983.3	6.60106	6.55445	12703.2	670	0.133413	0	4.029	1.02
171.8	0.00314556	0.0011384	29457.3	1050	105	29169.9	18.2465	18.2465	72.9859	72.9859	0 35100.6 5010.54 	40111.2	6.59286	6.55445	12703.2	670	0.133135	0	4.029	1.02
171.9	0.00314434	0.0011424	29566.9	1050	105	29279.4	18.2513	18.2513	73.0054	73.0054	0 34964.3 4997.4 	39961.7	6.60054	6.55445	12703.2	670	0.133279	0	4.029	1.02
172	0.00314564	0.00113889	29472.6	1050	105	29185.1	18.2562	18.2562	73.0248	73.0248	0 35086.4 5002.93 	40089.3	6.59235	6.55445	12703.2	670	0.133002	0	4.029	1.02
172.1	0.00314442	0.00114289	29582.1	1050	105	29294.5	18.2611	18.2611	73.0443	73.0443	0 34950.3 4989.83 	39940.1	6.60002	6.55445	12703.2	670	0.133146	0	4.029	1.02
172.2	0.00314572	0.00113939	29487.9	1050	105	29200.3	18.2659	18.2659	73.0637	73.0637	0 35072.2 4995.33 	40067.5	6.59184	6.55445	12703.2	670	0.132869	0	4.029	1.02
172.3	0.0031445	0.00114337	29597.4	1050	105	29309.6	18.2708	18.2708	73.0832	73.0832	0 34936.3 4982.28 	39918.6	6.5995	6.55445	12703.2	670	0.133013	0	4.029	1.02
172.4	0.0031458	0.00113988	29503.3	1050	105	29215.5	18.2757	18.2757	73.1027	73.1027	0 35058 4987.74 	40045.7	6.59133	6.55445	12703.2	670	0.132736	0	4.029	1.02
172.5	0.00314459	0.00114386	29612.6	1050	105	29324.8	18.2806	18.2806	73.1222	73.1222	0 34922.3 4974.73 	39897	6.59898	6.55445	12703.2	670	0.13288	0	4.029	1.02
172.6	0.00314588	0.00114037	29518.6	1050	105	29230.7	18.2854	18.2854	73.1416	73.1416	0 35043.7 4980.16 	40023.9	6.59083	6.55445	12703.2	670	0.132603	0	4.029	1.02
172.7	0.00314467	0.00114435	29627.8	1050	105	29339.9	18.2903	18.2903	73.1612	73.1612	0 34908.3 4967.19 	39875.5	6.59846	6.55445	12703.2	670	0.132747	0	4.029	1.02
172.8	0.00314596	0.00114086	29533.9	1050	105	29246	18.2952	18.2952	73.1807	73.1807	0 35029.5 4972.59 	40002.1	6.59033	6.55445	12703.2	670	0.13247	0	4.029	1.02
172.9	0.00314475	0.00114484	29643.1	1050	105	29355.1	18.3001	18.3001	73.2002	73.2002	0 34894.3 4959.66 	39854	6.59795	6.55445	12703.2	670	0.132614	0	4.029	1.02
173	0.00314604	0.00114135	29549.3	1050	105	29261.2	18.3049	18.3049	73.2197	73.2197	0 35015.3 4965.02 	39980.3	6.58982	6.55445	12703.2	670	0.132337	0	4.029	1.02
173.1	0.00314483	0.00114533	29658.4	1050	105	29370.3	18.3098	18.3098	73.2393	73.2393	0 34880.3 4952.14 	39832.4	6.59744	6.55445	12703.2	670	0.132481	0	4.029	1.02
173.2	0.00314612	0.00114185	29564.6	1050	105	29276.5	18.3147	18.3147	73.2588	73.2588	0 35001 4957.47 	39958.5	6.58932	6.55445	12703.2	670	0.132204	0	4.029	1.02
173.3	0.00314491	0.00114582	29673.7	1050	105	29385.5	18.3196	18.3196	73.2784	73.2784	0 34866.3 4944.63 	39810.9	6.59693	6.55445	12703.2	670	0.132348	0	4.029	1.02
173.4	0.0031462	0.00114234	29580	1050	105	29291.8	18.3245	18.3245	73.2979	73.2979	0 34986.8 4949.93 	39936.7	6.58883	6.55445	12703.2	670	0.132072	0	4.029	1.02
173.5	0.00314499	0.00114631	29689	1050	105	29400.7	18.3294	18.3294	73.3175	73.3175	0 34852.3 4937.13 	39789.4	6.59642	6.55445	12703.2	670	0.132216	0	4.029	1.02
173.6	0.00314628	0.00114283	29595.4	1050	105	29307	18.3343	18.3343	73.3371	73.3371	0 34972.5 4942.39 	39914.9	6.58833	6.55445	12703.2	670	0.131939	0	4.029	1.02
173.7	0.00314507	0.0011468	29704.3	1050	105	29415.9	18.3392	18.3392	73.3567	73.3567	0 34838.2 4929.64 	39767.9	6.59591	6.55445	12703.2	670	0.132083	0	4.029	1.02
173.8	0.00314636	0.00114333	29610.8	1050	105	29322.3	18.3441	18.3441	73.3762	73.3762	0 34958.3 4934.86 	39893.2	6.58784	6.55445	12703.2	670	0.131807	0	4.029	1.02
173.9	0.00314515	0.00114729	29719.6	1050	105	29431.1	18.349	18.349	73.3959	73.3959	0 34824.2 4922.15 	39746.4	6.59541	6.55445	12703.2	670	0.131951	0	4.029	1.02
174	0.00314644	0.00114382	29626.2	1050	105	29337.6	18.3539	18.3539	73.4155	73.4155	0 34944 4927.35 	39871.4	6.58734	6.55445	12703.2	670	0.131675	0	4.029	1.02
174.1	0.00314523	0.00114778	29734.9	1050	105	29446.3	18.3588	18.3588	73.4351	73.4351	0 34810.2 4914.68 	39724.9	6.5949	6.55445	12703.2	670	0.131818	0	4.029	1.02
174.2	0.00314652	0.00114432	29641.6	1050	105	29353	18.3637	18.3637	73.4547	73.4547	0 34929.8 4919.84 	39849.6	6.58685	6.55445	12703.2	670	0.131542	0	4.029	1.02
174.3	0.00314531	0.00114827	29750.3	1050	105	29461.6	18.3686	18.3686	73.4744	73.4744	0 34796.2 4907.21 	39703.4	6.5944	6.55445	12703.2	670	0.131686	0	4.029	1.02
174.4	0.00314659	0.00114481	29657	1050	105	29368.3	18.3735	18.3735	73.4939	73.4939	0 34915.5 4912.34 	39827.9	6.58636	6.55445	12703.2	670	0.13141	0	4.029	1.02
174.5	0.00314539	0.00114877	29765.6	1050	105	29476.9	18.3784	18.3784	73.5136	73.5136	0 34782.1 4899.76 	39681.9	6.5939	6.55445	12703.2	670	0.131554	0	4.029	1.02
174.6	0.00314667	0.00114531	29672.5	1050	105	29383.7	18.3833	18.3833	73.5332	73.5332	0 34901.3 4904.85 	39806.1	6.58588	6.55445	12703.2	670	0.131278	0	4.029	1.02
174.7	0.00314547	0.00114926	29781	1050	105	29492.1	18.3882	18.3882	73.5529	73.5529	0 34768.1 4892.31 	39660.4	6.59341	6.55445	12703.2	670	0.131421	0	4.029	1.02
174.8	0.00314675	0.00114581	29687.9	1050	105	29399	18.3931	18.3931	73.5726	73.5726	0 34887 4897.37 	39784.4	6.58539	6.55445	12703.2	670	0.131146	0	4.029	1.02
174.9	0.00314555	0.00114975	29796.4	1050	105	29507.4	18.3981	18.3981	73.5923	73.5923	0 34754.1 4884.87 	39638.9	6.59291	6.55445	12703.2	670	0.131289	0	4.029	1.02
175	0.00314682	0.0011463	29703.4	1050	105	29414.4	18.403	18.403	73.6119	73.6119	0 34872.7 4889.89 	39762.6	6.58491	6.55445	12703.2	670	0.131014	0	4.029	1.02
175.1	0.00314563	0.00115025	29811.8	1050	105	29522.7	18.4079	18.4079	73.6316	73.6316	0 34740 4877.44 	39617.4	6.59242	6.55445	12703.2	670	0.131157	0	4.029	1.02
175.2	0.0031469	0.0011468	29718.9	1050	105	29429.8	18.4128	18.4128	73.6513	73.6513	0 34858.4 4882.43 	39740.9	6.58443	6.55445	12703.2	670	0.130883	0	4.029	1.02
175.3	0.00314571	0.00115074	29827.2	1050	105	29538	18.4178	18.4178	73.671	73.671	0 34726 4870.01 	39596	6.59193	6.55445	12703.2	670	0.131026	0	4.029	1.02
175.4	0.00314696	0.00114736	29736.1	1050	105	29446.9	18.4227	18.4227	73.6907	73.6907	0 34842 4874.83 	39716.8	6.58408	6.55445	12703.2	670	0.130755	0	4.029	1.02
175.5	0.00314575	0.00115134	29845.4	1050	105	29556.1	18.4276	18.4276	73.7104	73.7104	0 34708.5 4862.37 	39570.8	6.59165	6.55445	12703.2	670	0.1309	0	4.029	1.02
175.6	0.0031217	0.00121969	31703.4	1050	105	31414	18.4473	18.4473	73.7892	73.7892	0 32512.8 4687.92 	37200.7	6.74518	6.55445	12703.2	670	0.13406	0	4.029	1.02
175.7	0.00313014	0.00119809	31122.1	1050	105	30832.7	18.448	18.448	73.7921	73.7921	0 33188.5 4748.04 	37936.5	6.69079	6.55445	12703.2	670	0.13329	0	4.029	1.02
175.8	0.00313321	0.00119003	30904.8	1050	105	30615.3	18.4508	18.4508	73.8032	73.8032	0 33446 4766.47 	38212.5	6.67115	6.55445	12703.2	670	0.132873	0	4.029	1.02
175.9	0.00313831	0.00117578	30518.3	1050	105	30228.7	18.4535	18.4535	73.8141	73.8141	0 33906.4 4798.29 	38704.7	6.63866	6.55445	12703.2	670	0.132087	0	4.029	1.02
176	0.00313962	0.00117236	30426.1	1050	105	30136.5	18.4574	18.4574	73.8295	73.8295	0 34019.6 4803.53 	38823.2	6.63037	6.55445	12703.2	670	0.131832	0	4.029	1.02
176.1	0.0031432	0.00116213	30148.1	1050	105	29858.5	18.4612	18.4612	73.8448	73.8448	0 34358.3 4824.23 	39182.5	6.60774	6.55445	12703.2	670	0.13119	0	4.029	1.02
176.2	0.00314353	0.00116147	30131	1050	105	29841.4	18.4657	18.4657	73.8629	73.8629	0 34381.5 4822.54 	39204	6.60562	6.55445	12703.2	670	0.13107	0	4.029	1.02
176.3	0.00314626	0.00115363	29918.3	1050	105	29628.6	18.4702	18.4702	73.8809	73.8809	0 34644.9 4837.29 	39482.2	6.58846	6.55445	12703.2	670	0.130542	0	4.029	1.02
176.4	0.00314601	0.00115468	29947.6	1050	105	29657.9	18.4752	18.4752	73.9006	73.9006	0 34610.8 4831.42 	39442.2	6.59001	6.55445	12703.2	670	0.130512	0	4.029	1.02
176.5	0.00312223	0.00122259	31795.6	1050	105	31505.7	18.4949	18.4949	73.9797	73.9797	0 32441.1 4661.72 	37102.8	6.74177	6.55445	12703.2	670	0.133699	0	4.029	1.02
176.6	0.00313065	0.00120077	31207.4	1050	105	30917.4	18.4957	18.4957	73.9829	73.9829	0 33119.8 4720.38 	37840.2	6.68748	6.55445	12703.2	670	0.132876	0	4.029	1.02
176.7	0.00313375	0.00119251	30984.2	1050	105	30694.2	18.4985	18.4985	73.9941	73.9941	0 33382.2 4738.45 	38120.6	6.66766	6.55445	12703.2	670	0.132431	0	4.029	1.02
176.8	0.00313887	0.00117809	30592.2	1050	105	30302.2	18.5013	18.5013	74.0052	74.0052	0 33846.1 4769.59 	38615.7	6.63509	6.55445	12703.2	670	0.131615	0	4.029	1.02
176.9	0.00314021	0.00117451	30495.7	1050	105	30205.6	18.5052	18.5052	74.0208	74.0208	0 33963.6 4774.73 	38738.3	6.62663	6.55445	12703.2	670	0.131341	0	4.029	1.02
177	0.0031438	0.00116415	30213.6	1050	105	29923.5	18.5091	18.5091	74.0364	74.0364	0 34305.3 4795.02 	39100.3	6.60392	6.55445	12703.2	670	0.130679	0	4.029	1.02
177.1	0.00314416	0.00116337	30193.3	1050	105	29903.2	18.5137	18.5137	74.0547	74.0547	0 34331.9 4793.31 	39125.2	6.60167	6.55445	12703.2	670	0.130545	0	4.029	1.02
177.2	0.0031469	0.00115544	29977.5	1050	105	29687.3	18.5182	18.5182	74.0729	74.0729	0 34597.8 4807.77 	39405.6	6.58445	6.55445	12703.2	670	0.130003	0	4.029	1.02
177.3	0.00314666	0.0011564	30004.5	1050	105	29714.3	18.5232	18.5232	74.0928	74.0928	0 34566.4 4801.91 	39368.3	6.58591	6.55445	12703.2	670	0.129961	0	4.029	1.02
177.4	0.00312304	0.0012243	31854.3	1050	105	31563.9	18.5432	18.5432	74.1728	74.1728	0 32404.3 4636.3 	37040.6	6.73648	6.55445	12703.2	670	0.133215	0	4.029	1.02
177.5	0.00313136	0.0012025	31265.4	1050	105	30975	18.5441	18.5441	74.1763	74.1763	0 33079.7 4692.78 	37772.5	6.68293	6.55445	12703.2	670	0.132345	0	4.029	1.02
177.6	0.00313445	0.00119419	31040.5	1050	105	30750	18.5469	18.5469	74.1878	74.1878	0 33342.7 4710.25 	38052.9	6.66324	6.55445	12703.2	670	0.131882	0	4.029	1.02
177.7	0.00313954	0.00117972	30646.7	1050	105	30356.2	18.5498	18.5498	74.1992	74.1992	0 33806.6 4740.58 	38547.2	6.63084	6.55445	12703.2	670	0.131047	0	4.029	1.02
177.8	0.00314088	0.00117609	30548.4	1050	105	30257.9	18.5538	18.5538	74.2151	74.2151	0 33925.4 4745.52 	38670.9	6.62237	6.55445	12703.2	670	0.130763	0	4.029	1.02
177.9	0.00314447	0.00116566	30264.6	1050	105	29974	18.5577	18.5577	74.2309	74.2309	0 34267.9 4765.37 	39033.2	6.59971	6.55445	12703.2	670	0.13009	0	4.029	1.02
178	0.00314483	0.00116485	30243	1050	105	29952.4	18.5624	18.5624	74.2494	74.2494	0 34295.9 4763.61 	39059.5	6.59743	6.55445	12703.2	670	0.129949	0	4.029	1.02
178.1	0.00314754	0.00115697	30028.5	1050	105	29737.9	18.567	18.567	74.2679	74.2679	0 34559.1 4777.55 	39336.6	6.58043	6.55445	12703.2	670	0.129405	0	4.029	1.02
178.2	0.00314729	0.00115796	30056.2	1050	105	29765.5	18.572	18.572	74.2881	74.2881	0 34526.8 4771.57 	39298.4	6.58199	6.55445	12703.2	670	0.129362	0	4.029	1.02
178.3	0.00312382	0.00122584	31907.7	1050	105	31616.7	18.5922	18.5922	74.3688	74.3688	0 32371.6 4609.78 	36981.4	6.73145	6.55445	12703.2	670	0.132675	0	4.029	1.02
178.4	0.00313205	0.00120405	31318.1	1050	105	31027.2	18.5932	18.5932	74.3726	74.3726	0 33044.2 4664.36 	37708.6	6.67854	6.55445	12703.2	670	0.131765	0	4.029	1.02
178.5	0.00313512	0.0011957	31091.7	1050	105	30800.8	18.5961	18.5961	74.3844	74.3844	0 33307.6 4681.34 	37988.9	6.65895	6.55445	12703.2	670	0.131289	0	4.029	1.02
178.6	0.0031402	0.00118119	30696.3	1050	105	30405.3	18.599	18.599	74.396	74.396	0 33771.6 4710.97 	38482.5	6.62669	6.55445	12703.2	670	0.13044	0	4.029	1.02
178.7	0.00314154	0.00117751	30596.7	1050	105	30305.7	18.603	18.603	74.4122	74.4122	0 33891.5 4715.78 	38607.3	6.6182	6.55445	12703.2	670	0.130149	0	4.029	1.02
178.8	0.00314513	0.00116705	30311.4	1050	105	30020.3	18.6071	18.6071	74.4282	74.4282	0 34234.5 4735.27 	38969.8	6.59557	6.55445	12703.2	670	0.129469	0	4.029	1.02
178.9	0.0031455	0.00116619	30288.7	1050	105	29997.6	18.6118	18.6118	74.447	74.447	0 34263.6 4733.5 	38997.1	6.59325	6.55445	12703.2	670	0.129323	0	4.029	1.02
179	0.00312264	0.00123181	32078.4	1050	105	31787.1	18.6314	18.6314	74.5255	74.5255	0 32202.7 4576.88 	36779.5	6.73907	6.55445	12703.2	670	0.132433	0	4.029	1.02
179.1	0.00313138	0.00120884	31457.1	1050	105	31165.8	18.6321	18.6321	74.5284	74.5284	0 32906.5 4635.05 	37541.5	6.6828	6.55445	12703.2	670	0.131518	0	4.029	1.02
179.2	0.00313472	0.00119974	31210.2	1050	105	30918.9	18.6349	18.6349	74.5397	74.5397	0 33191.3 4653.59 	37844.9	6.6615	6.55445	12703.2	670	0.131008	0	4.029	1.02
179.3	0.00314001	0.00118457	30796.8	1050	105	30505.4	18.6377	18.6377	74.551	74.551	0 33673 4684.23 	38357.3	6.62785	6.55445	12703.2	670	0.130124	0	4.029	1.02
179.4	0.0031415	0.00118044	30684.6	1050	105	30393.1	18.6417	18.6417	74.5669	74.5669	0 33807 4689.85 	38496.8	6.61843	6.55445	12703.2	670	0.129805	0	4.029	1.02
179.5	0.00314521	0.00116957	30388	1050	105	30096.5	18.6457	18.6457	74.5828	74.5828	0 34161.5 4709.82 	38871.3	6.59502	6.55445	12703.2	670	0.129098	0	4.029	1.02
179.6	0.00314568	0.00116842	30357.2	1050	105	30065.7	18.6504	18.6504	74.6016	74.6016	0 34200.1 4708.57 	38908.7	6.59213	6.55445	12703.2	670	0.128933	0	4.029	1.02
179.7	0.00312301	0.00123372	32139.5	1050	105	31847.8	18.6701	18.6701	74.6803	74.6803	0 32156.6 4555.19 	36711.8	6.7367	6.55445	12703.2	670	0.132056	0	4.029	1.02
179.8	0.00313175	0.0012106	31513.3	1050	105	31221.6	18.6708	18.6708	74.6832	74.6832	0 32862.6 4612.45 	37475	6.68044	6.55445	12703.2	670	0.131111	0	4.029	1.02
179.9	0.00313511	0.00120136	31262.5	1050	105	30970.8	18.6737	18.6737	74.6947	74.6947	0 33150.6 4630.82 	37781.5	6.65897	6.55445	12703.2	670	0.130586	0	4.029	1.02
180	0.00314043	0.00118608	30845.5	1050	105	30553.7	18.6765	18.6765	74.706	74.706	0 33634.8 4661.11 	38295.9	6.62524	6.55445	12703.2	670	0.129686	0	4.029	1.02
180.1	0.00314194	0.00118184	30730.4	1050	105	30438.6	18.6805	18.6805	74.7221	74.7221	0 33771.5 4666.72 	38438.2	6.61568	6.55445	12703.2	670	0.129358	0	4.029	1.02
180.2	0.00314567	0.00117089	30431.2	1050	105	30139.3	18.6845	18.6845	74.7381	74.7381	0 34128 4686.49 	38814.5	6.59219	6.55445	12703.2	670	0.128641	0	4.029	1.02
180.3	0.00314614	0.00116967	30398.4	1050	105	30106.5	18.6893	18.6893	74.757	74.757	0 34168.8 4685.29 	38854.1	6.58919	6.55445	12703.2	670	0.12847	0	4.029	1.02
180.4	0.0031236	0.00123494	32181.7	1050	105	31889.6	18.7091	18.7091	74.8363	74.8363	0 32130.8 4534.77 	36665.6	6.7329	6.55445	12703.2	670	0.131637	0	4.029	1.02
180.5	0.00313227	0.00121182	31554.8	1050	105	31262.7	18.7099	18.7099	74.8395	74.8395	0 32834.8 4590.55 	37425.3	6.67713	6.55445	12703.2	670	0.13066	0	4.029	1.02
180.6	0.00313562	0.00120255	31302.7	1050	105	31010.6	18.7128	18.7128	74.8512	74.8512	0 33123.3 4608.54 	37731.8	6.65573	6.55445	12703.2	670	0.130124	0	4.029	1.02
180.7	0.00314092	0.00118723	30884.2	1050	105	30592.1	18.7157	18.7157	74.8627	74.8627	0 33607.6 4638.3 	38245.9	6.62209	6.55445	12703.2	670	0.129214	0	4.029	1.02
180.8	0.00314244	0.00118295	30768	1050	105	30475.8	18.7197	18.7197	74.879	74.879	0 33745.2 4643.81 	38389	6.61251	6.55445	12703.2	670	0.12888	0	4.029	1.02
180.9	0.00314617	0.00117196	30467.5	1050	105	30175.3	18.7238	18.7238	74.8952	74.8952	0 34102.2 4663.32 	38765.6	6.58904	6.55445	12703.2	670	0.128158	0	4.029	1.02
181	0.00314665	0.00117071	30433.9	1050	105	30141.6	18.7286	18.7286	74.9143	74.9143	0 34143.9 4662.11 	38806	6.586	6.55445	12703.2	670	0.127983	0	4.029	1.02
181.1	0.00312421	0.00123601	32219.3	1050	105	31926.8	18.7485	18.7485	74.9942	74.9942	0 32109.4 4514.28 	36623.7	6.72895	6.55445	12703.2	670	0.131195	0	4.029	1.02
181.2	0.0031328	0.00121292	31592.4	1050	105	31299.9	18.7494	18.7494	74.9977	74.9977	0 32810.7 4568.59 	37379.3	6.67372	6.55445	12703.2	670	0.13019	0	4.029	1.02
181.3	0.00313614	0.00120362	31339.5	1050	105	31047	18.7524	18.7524	75.0095	75.0095	0 33099.2 4586.19 	37685.4	6.65241	6.55445	12703.2	670	0.129645	0	4.029	1.02
181.4	0.00314143	0.00118828	30920.1	1050	105	30627.6	18.7553	18.7553	75.0212	75.0212	0 33583.3 4615.44 	38198.7	6.61888	6.55445	12703.2	670	0.128726	0	4.029	1.02
181.5	0.00314295	0.00118398	30803.1	1050	105	30510.5	18.7594	18.7594	75.0377	75.0377	0 33721.5 4620.85 	38342.3	6.6093	6.55445	12703.2	670	0.128389	0	4.029	1.02
181.6	0.00314668	0.00117296	30501.7	1050	105	30209	18.7635	18.7635	75.0541	75.0541	0 34078.7 4640.12 	38718.9	6.58585	6.55445	12703.2	670	0.127663	0	4.029	1.02
181.7	0.00314716	0.00117168	30467.4	1050	105	30174.7	18.7683	18.7683	75.0734	75.0734	0 34121 4638.9 	38759.9	6.58279	6.55445	12703.2	670	0.127486	0	4.029	1.02
181.8	0.00312481	0.00123702	32255.2	1050	105	31962.3	18.7885	18.7885	75.1539	75.1539	0 32089.4 4493.63 	36583.1	6.72503	6.55445	12703.2	670	0.13074	0	4.029	1.02
181.9	0.00313334	0.00121396	31628.4	1050	105	31335.5	18.7894	18.7894	75.1576	75.1576	0 32788.2 4546.55 	37334.7	6.67031	6.55445	12703.2	670	0.12971	0	4.029	1.02
182	0.00313667	0.00120465	31374.9	1050	105	31081.9	18.7924	18.7924	75.1696	75.1696	0 33076.6 4563.77 	37640.4	6.6491	6.55445	12703.2	670	0.129157	0	4.029	1.02
182.1	0.00314194	0.00118928	30954.7	1050	105	30661.7	18.7954	18.7954	75.1816	75.1816	0 33560.3 4592.55 	38152.8	6.61568	6.55445	12703.2	670	0.128231	0	4.029	1.02
182.2	0.00314346	0.00118496	30836.9	1050	105	30543.9	18.7996	18.7996	75.1982	75.1982	0 33698.9 4597.87 	38296.8	6.60609	6.55445	12703.2	670	0.127891	0	4.029	1.02
182.3	0.00314718	0.00117392	30534.7	1050	105	30241.7	18.8037	18.8037	75.2148	75.2148	0 34056.4 4616.91 	38673.3	6.58266	6.55445	12703.2	670	0.127162	0	4.029	1.02
182.4	0.00314767	0.00117262	30499.9	1050	105	30206.8	18.8086	18.8086	75.2343	75.2343	0 34099.2 4615.69 	38714.9	6.57958	6.55445	12703.2	670	0.126984	0	4.029	1.02
182.5	0.00312541	0.001238	32290.1	1050	105	31996.8	18.8288	18.8288	75.3153	75.3153	0 32070.2 4472.86 	36543.1	6.72116	6.55445	12703.2	670	0.130277	0	4.029	1.02
182.6	0.00313387	0.00121497	31663.5	1050	105	31370.2	18.8298	18.8298	75.3193	75.3193	0 32766.5 4524.46 	37290.9	6.66692	6.55445	12703.2	670	0.129223	0	4.029	1.02
182.7	0.00313718	0.00120565	31409.3	1050	105	31116	18.8329	18.8329	75.3316	75.3316	0 33054.7 4541.34 	37596.1	6.6458	6.55445	12703.2	670	0.128664	0	4.029	1.02
