0.1	0.00199378	7.42246e-05	1050.03	1050	105	504.028	44.1	44.1	176.4	176.4	0 17997.2 9555.97 	27553.1	6.55449	6.55445	670	670	0.00905084	0	1.02	1.02
0.2	0.00199378	7.42223e-05	1050	1050	105	503.997	44.1	44.1	176.4	176.4	0 17997.8 9556.41 	27554.2	6.55445	6.55445	670	670	0.00905099	0	1.02	1.02
0.3	0.00199378	7.42242e-05	1050.02	1050	105	504.023	44.1	44.1	176.4	176.4	0 17997.3 9556.04 	27553.3	6.55448	6.55445	670	670	0.00905087	0	1.02	1.02
0.4	0.00199378	7.42222e-05	1050	1050	105	503.996	44.1	44.1	176.4	176.4	0 17997.8 9556.43 	27554.2	6.55445	6.55445	670	670	0.009051	0	1.02	1.02
0.5	0.00199378	7.42239e-05	1050.02	1050	105	504.019	44.1	44.1	176.4	176.4	0 17997.4 9556.1 	27553.5	6.55448	6.55445	670	670	0.00905089	0	1.02	1.02
0.6	0.00199378	7.42221e-05	1050	1050	105	503.995	44.1	44.1	176.4	176.4	0 17997.8 9556.43 	27554.2	6.55445	6.55445	670	670	0.009051	0	1.02	1.02
0.7	0.00199378	7.42236e-05	1050.02	1050	105	504.016	44.1	44.1	176.4	176.4	0 17997.4 9556.14 	27553.6	6.55447	6.55445	670	670	0.0090509	0	1.02	1.02
0.8	0.00199378	7.42221e-05	1049.99	1050	105	503.995	44.1	44.1	176.4	176.4	0 17997.8 9556.44 	27554.3	6.55445	6.55445	670	670	0.009051	0	1.02	1.02
0.9	0.00199378	7.42235e-05	1050.01	1050	105	504.014	44.1	44.1	176.4	176.4	0 17997.5 9556.18 	27553.6	6.55447	6.55445	670	670	0.00905091	0	1.02	1.02
1	0.00199378	7.42221e-05	1049.99	1050	105	503.995	44.1	44.1	176.4	176.4	0 17997.8 9556.44 	27554.3	6.55445	6.55445	670	670	0.009051	0	1.02	1.02
1.1	0.00199378	7.42233e-05	1050.01	1050	105	504.012	44.1	44.1	176.4	176.4	0 17997.5 9556.2 	27553.7	6.55447	6.55445	670	670	0.00905092	0	1.02	1.02
1.2	0.00199378	7.42221e-05	1050	1050	105	503.995	44.1	44.1	176.4	176.4	0 17997.8 9556.44 	27554.2	6.55445	6.55445	670	670	0.009051	0	1.02	1.02
1.3	0.00199378	7.42232e-05	1050.01	1050	105	504.01	44.1	44.1	176.4	176.4	0 17997.5 9556.23 	27553.7	6.55446	6.55445	670	670	0.00905093	0	1.02	1.02
1.4	0.00199378	7.42221e-05	1050	1050	105	503.996	44.1	44.1	176.4	176.4	0 17997.8 9556.43 	27554.2	6.55445	6.55445	670	670	0.009051	0	1.02	1.02
1.5	0.00199378	7.42231e-05	1050.01	1050	105	504.009	44.1	44.1	176.4	176.4	0 17997.5 9556.24 	27553.8	6.55446	6.55445	670	670	0.00905094	0	1.02	1.02
1.6	0.00199378	7.42221e-05	1050	1050	105	503.996	44.1	44.1	176.4	176.4	0 17997.8 9556.43 	27554.2	6.55445	6.55445	670	670	0.009051	0	1.02	1.02
1.7	0.00199378	7.4223e-05	1050.01	1050	105	504.008	44.1	44.1	176.4	176.4	0 17997.6 9556.26 	27553.8	6.55446	6.55445	670	670	0.00905094	0	1.02	1.02
1.8	0.00199378	7.42222e-05	1050	1050	105	503.996	44.1	44.1	176.4	176.4	0 17997.8 9556.42 	27554.2	6.55445	6.55445	670	670	0.009051	0	1.02	1.02
1.9	0.00199378	7.4223e-05	1050.01	1050	105	504.007	44.1	44.1	176.4	176.4	0 17997.6 9556.27 	27553.9	6.55446	6.55445	670	670	0.00905095	0	1.02	1.02
2	0.00199378	7.42222e-05	1050	1050	105	503.997	44.1	44.1	176.4	176.4	0 17997.8 9556.42 	27554.2	6.55445	6.55445	670	670	0.00905099	0	1.02	1.02
2.1	0.00199378	7.42229e-05	1050.01	1050	105	504.006	44.1	44.1	176.4	176.4	0 17997.6 9556.28 	27553.9	6.55446	6.55445	670	670	0.00905095	0	1.02	1.02
2.2	0.00199378	7.42222e-05	1050	1050	105	503.997	44.1	44.1	176.4	176.4	0 17997.8 9556.41 	27554.2	6.55445	6.55445	670	670	0.00905099	0	1.02	1.02
2.3	0.00199378	7.42229e-05	1050.01	1050	105	504.005	44.1	44.1	176.4	176.4	0 17997.6 9556.29 	27553.9	6.55446	6.55445	670	670	0.00905095	0	1.02	1.02
2.4	0.00199378	7.42222e-05	1050	1050	105	503.997	44.1	44.1	176.4	176.4	0 17997.8 9556.41 	27554.2	6.55445	6.55445	670	670	0.00905099	0	1.02	1.02
2.5	0.00199378	7.42228e-05	1050	1050	105	504.005	44.1	44.1	176.4	176.4	0 17997.6 9556.3 	27553.9	6.55446	6.55445	670	670	0.00905096	0	1.02	1.02
2.6	0.00199378	7.42223e-05	1050	1050	105	503.997	44.1	44.1	176.4	176.4	0 17997.8 9556.41 	27554.2	6.55445	6.55445	670	670	0.00905099	0	1.02	1.02
2.7	0.00199378	7.42228e-05	1050	1050	105	504.004	44.1	44.1	176.4	176.4	0 17997.6 9556.31 	27553.9	6.55446	6.55445	670	670	0.00905096	0	1.02	1.02
2.8	0.00199378	7.42223e-05	1050	1050	105	503.998	44.1	44.1	176.4	176.4	0 17997.8 9556.4 	27554.2	6.55445	6.55445	670	670	0.00905099	0	1.02	1.02
2.9	0.00199378	7.42227e-05	1050	1050	105	504.004	44.1	44.1	176.4	176.4	0 17997.6 9556.32 	27554	6.55446	6.55445	670	670	0.00905096	0	1.02	1.02
3	0.00199378	7.42223e-05	1050	1050	105	503.998	44.1	44.1	176.4	176.4	0 17997.8 9556.4 	27554.2	6.55445	6.55445	670	670	0.00905099	0	1.02	1.02
3.1	0.00199378	7.42227e-05	1050	1050	105	504.004	44.1	44.1	176.4	176.4	0 17997.7 9556.32 	27554	6.55446	6.55445	670	670	0.00905096	0	1.02	1.02
3.2	0.00199378	7.42223e-05	1050	1050	105	503.998	44.1	44.1	176.4	176.4	0 17997.8 9556.4 	27554.2	6.55445	6.55445	670	670	0.00905099	0	1.02	1.02
3.3	0.00199378	7.42227e-05	1050	1050	105	504.003	44.1	44.1	176.4	176.4	0 17997.7 9556.33 	27554	6.55446	6.55445	670	670	0.00905097	0	1.02	1.02
3.4	0.00199378	7.42223e-05	1050	1050	105	503.998	44.1	44.1	176.4	176.4	0 17997.8 9556.39 	27554.1	6.55445	6.55445	670	670	0.00905099	0	1.02	1.02
3.5	0.00199378	7.42227e-05	1050	1050	105	504.003	44.1	44.1	176.4	176.4	0 17997.7 9556.33 	27554	6.55445	6.55445	670	670	0.00905097	0	1.02	1.02
3.6	0.00199378	7.42223e-05	1050	1050	105	503.999	44.1	44.1	176.4	176.4	0 17997.7 9556.39 	27554.1	6.55445	6.55445	670	670	0.00905099	0	1.02	1.02
3.7	0.00199378	7.42226e-05	1050	1050	105	504.003	44.1	44.1	176.4	176.4	0 17997.7 9556.34 	27554	6.55445	6.55445	670	670	0.00905097	0	1.02	1.02
3.8	0.00199378	7.42224e-05	1050	1050	105	503.999	44.1	44.1	176.4	176.4	0 17997.7 9556.39 	27554.1	6.55445	6.55445	670	670	0.00905099	0	1.02	1.02
3.9	0.00199378	7.42226e-05	1050	1050	105	504.002	44.1	44.1	176.4	176.4	0 17997.7 9556.34 	27554	6.55445	6.55445	670	670	0.00905097	0	1.02	1.02
4	0.00199378	7.42224e-05	1050	1050	105	503.999	44.1	44.1	176.4	176.4	0 17997.7 9556.39 	27554.1	6.55445	6.55445	670	670	0.00905098	0	1.02	1.02
4.1	0.00199378	7.42226e-05	1050	1050	105	504.002	44.1	44.1	176.4	176.4	0 17997.7 9556.34 	27554	6.55445	6.55445	670	670	0.00905097	0	1.02	1.02
4.2	0.00199378	7.42224e-05	1050	1050	105	503.999	44.1	44.1	176.4	176.4	0 17997.7 9556.39 	27554.1	6.55445	6.55445	670	670	0.00905098	0	1.02	1.02
4.3	0.00199378	7.42226e-05	1050	1050	105	504.002	44.1	44.1	176.4	176.4	0 17997.7 9556.35 	27554	6.55445	6.55445	670	670	0.00905097	0	1.02	1.02
4.4	0.00199378	7.42224e-05	1050	1050	105	503.999	44.1	44.1	176.4	176.4	0 17997.7 9556.38 	27554.1	6.55445	6.55445	670	670	0.00905098	0	1.02	1.02
4.5	0.00199378	7.42226e-05	1050	1050	105	504.002	44.1	44.1	176.4	176.4	0 17997.7 9556.35 	27554	6.55445	6.55445	670	670	0.00905097	0	1.02	1.02
4.6	0.00199378	7.42224e-05	1050	1050	105	503.999	44.1	44.1	176.4	176.4	0 17997.7 9556.38 	27554.1	6.55445	6.55445	670	670	0.00905098	0	1.02	1.02
4.7	0.00199378	7.42226e-05	1050	1050	105	504.002	44.1	44.1	176.4	176.4	0 17997.7 9556.35 	27554	6.55445	6.55445	670	670	0.00905097	0	1.02	1.02
4.8	0.00199378	7.42224e-05	1050	1050	105	503.999	44.1	44.1	176.4	176.4	0 17997.7 9556.38 	27554.1	6.55445	6.55445	670	670	0.00905098	0	1.02	1.02
4.9	0.00199378	7.42226e-05	1050	1050	105	504.001	44.1	44.1	176.4	176.4	0 17997.7 9556.35 	27554	6.55445	6.55445	670	670	0.00905097	0	1.02	1.02
5	0.00199378	7.42224e-05	1050	1050	105	503.999	44.1	44.1	176.4	176.4	0 17997.7 9556.38 	27554.1	6.55445	6.55445	670	670	0.00905098	0	1.02	1.02
5.1	0.00199378	7.42225e-05	1050	1050	105	504.001	44.1	44.1	176.4	176.4	0 17997.7 9556.36 	27554.1	6.55445	6.55445	670	670	0.00905098	0	1.02	1.02
5.2	0.00199378	7.42224e-05	1050	1050	105	503.999	44.1	44.1	176.4	176.4	0 17997.7 9556.38 	27554.1	6.55445	6.55445	670	670	0.00905098	0	1.02	1.02
5.3	0.00199378	7.42225e-05	1050	1050	105	504.001	44.1	44.1	176.4	176.4	0 17997.7 9556.36 	27554.1	6.55445	6.55445	670	670	0.00905098	0	1.02	1.02
5.4	0.00199378	7.42224e-05	1050	1050	105	504	44.1	44.1	176.4	176.4	0 17997.7 9556.38 	27554.1	6.55445	6.55445	670	670	0.00905098	0	1.02	1.02
5.5	0.00199378	7.42225e-05	1050	1050	105	504.001	44.1	44.1	176.4	176.4	0 17997.7 9556.36 	27554.1	6.55445	6.55445	670	670	0.00905098	0	1.02	1.02
5.6	0.00199378	7.42224e-05	1050	1050	105	504	44.1	44.1	176.4	176.4	0 17997.7 9556.38 	27554.1	6.55445	6.55445	670	670	0.00905098	0	1.02	1.02
5.7	0.00199378	7.42225e-05	1050	1050	105	504.001	44.1	44.1	176.4	176.4	0 17997.7 9556.36 	27554.1	6.55445	6.55445	670	670	0.00905098	0	1.02	1.02
5.8	0.00199378	7.42224e-05	1050	1050	105	504	44.1	44.1	176.4	176.4	0 17997.7 9556.38 	27554.1	6.55445	6.55445	670	670	0.00905098	0	1.02	1.02
5.9	0.00199378	7.42225e-05	1050	1050	105	504.001	44.1	44.1	176.4	176.4	0 17997.7 9556.36 	27554.1	6.55445	6.55445	670	670	0.00905098	0	1.02	1.02
6	0.00199378	7.42224e-05	1050	1050	105	504	44.1	44.1	176.4	176.4	0 17997.7 9556.38 	27554.1	6.55445	6.55445	670	670	0.00905098	0	1.02	1.02
6.1	0.00199378	7.42225e-05	1050	1050	105	504.001	44.1	44.1	176.4	176.4	0 17997.7 9556.36 	27554.1	6.55445	6.55445	670	670	0.00905098	0	1.02	1.02
6.2	0.00199378	7.42224e-05	1050	1050	105	504	44.1	44.1	176.4	176.4	0 17997.7 9556.38 	27554.1	6.55445	6.55445	670	670	0.00905098	0	1.02	1.02
6.3	0.00199378	7.42225e-05	1050	1050	105	504.001	44.1	44.1	176.4	176.4	0 17997.7 9556.36 	27554.1	6.55445	6.55445	670	670	0.00905098	0	1.02	1.02
6.4	0.00199378	7.42224e-05	1050	1050	105	504	44.1	44.1	176.4	176.4	0 17997.7 9556.38 	27554.1	6.55445	6.55445	670	670	0.00905098	0	1.02	1.02
6.5	0.00199378	7.42225e-05	1050	1050	105	504.001	44.1	44.1	176.4	176.4	0 17997.7 9556.36 	27554.1	6.55445	6.55445	670	670	0.00905098	0	1.02	1.02
6.6	0.00199378	7.42224e-05	1050	1050	105	504	44.1	44.1	176.4	176.4	0 17997.7 9556.38 	27554.1	6.55445	6.55445	670	670	0.00905098	0	1.02	1.02
6.7	0.00199378	7.42225e-05	1050	1050	105	504.001	44.1	44.1	176.4	176.4	0 17997.7 9556.36 	27554.1	6.55445	6.55445	670	670	0.00905098	0	1.02	1.02
6.8	0.00199378	7.42224e-05	1050	1050	105	504	44.1	44.1	176.4	176.4	0 17997.7 9556.37 	27554.1	6.55445	6.55445	670	670	0.00905098	0	1.02	1.02
6.9	0.00199378	7.42225e-05	1050	1050	105	504.001	44.1	44.1	176.4	176.4	0 17997.7 9556.37 	27554.1	6.55445	6.55445	670	670	0.00905098	0	1.02	1.02
7	0.00199378	7.42224e-05	1050	1050	105	504	44.1	44.1	176.4	176.4	0 17997.7 9556.37 	27554.1	6.55445	6.55445	670	670	0.00905098	0	1.02	1.02
7.1	0.00199378	7.42225e-05	1050	1050	105	504	44.1	44.1	176.4	176.4	0 17997.7 9556.37 	27554.1	6.55445	6.55445	670	670	0.00905098	0	1.02	1.02
7.2	0.00199378	7.42224e-05	1050	1050	105	504	44.1	44.1	176.4	176.4	0 17997.7 9556.37 	27554.1	6.55445	6.55445	670	670	0.00905098	0	1.02	1.02
7.3	0.00199378	7.42225e-05	1050	1050	105	504	44.1	44.1	176.4	176.4	0 17997.7 9556.37 	27554.1	6.55445	6.55445	670	670	0.00905098	0	1.02	1.02
7.4	0.00199378	7.42224e-05	1050	1050	105	504	44.1	44.1	176.4	176.4	0 17997.7 9556.37 	27554.1	6.55445	6.55445	670	670	0.00905098	0	1.02	1.02
7.5	0.00199378	7.42225e-05	1050	1050	105	504	44.1	44.1	176.4	176.4	0 17997.7 9556.37 	27554.1	6.55445	6.55445	670	670	0.00905098	0	1.02	1.02
7.6	0.00199378	7.42224e-05	1050	1050	105	504	44.1	44.1	176.4	176.4	0 17997.7 9556.37 	27554.1	6.55445	6.55445	670	670	0.00905098	0	1.02	1.02
7.7	0.00199378	7.42225e-05	1050	1050	105	504	44.1	44.1	176.4	176.4	0 17997.7 9556.37 	27554.1	6.55445	6.55445	670	670	0.00905098	0	1.02	1.02
7.8	0.00199378	7.42224e-05	1050	1050	105	504	44.1	44.1	176.4	176.4	0 17997.7 9556.37 	27554.1	6.55445	6.55445	670	670	0.00905098	0	1.02	1.02
7.9	0.00199378	7.42225e-05	1050	1050	105	504	44.1	44.1	176.4	176.4	0 17997.7 9556.37 	27554.1	6.55445	6.55445	670	670	0.00905098	0	1.02	1.02
8	0.00199378	7.42224e-05	1050	1050	105	504	44.1	44.1	176.4	176.4	0 17997.7 9556.37 	27554.1	6.55445	6.55445	670	670	0.00905098	0	1.02	1.02
8.1	0.00199378	7.42225e-05	1050	1050	105	504	44.1	44.1	176.4	176.4	0 17997.7 9556.37 	27554.1	6.55445	6.55445	670	670	0.00905098	0	1.02	1.02
8.2	0.00199378	7.42224e-05	1050	1050	105	504	44.1	44.1	176.4	176.4	0 17997.7 9556.37 	27554.1	6.55445	6.55445	670	670	0.00905098	0	1.02	1.02
8.3	0.00199378	7.42225e-05	1050	1050	105	504	44.1	44.1	176.4	176.4	0 17997.7 9556.37 	27554.1	6.55445	6.55445	670	670	0.00905098	0	1.02	1.02
8.4	0.00199378	7.42224e-05	1050	1050	105	504	44.1	44.1	176.4	176.4	0 17997.7 9556.37 	27554.1	6.55445	6.55445	670	670	0.00905098	0	1.02	1.02
8.5	0.00199378	7.42225e-05	1050	1050	105	504	44.1	44.1	176.4	176.4	0 17997.7 9556.37 	27554.1	6.55445	6.55445	670	670	0.00905098	0	1.02	1.02
8.6	0.00199378	7.42224e-05	1050	1050	105	504	44.1	44.1	176.4	176.4	0 17997.7 9556.37 	27554.1	6.55445	6.55445	670	670	0.00905098	0	1.02	1.02
8.7	0.00199378	7.42225e-05	1050	1050	105	504	44.1	44.1	176.4	176.4	0 17997.7 9556.37 	27554.1	6.55445	6.55445	670	670	0.00905098	0	1.02	1.02
8.8	0.00199378	7.42225e-05	1050	1050	105	504	44.1	44.1	176.4	176.4	0 17997.7 9556.37 	27554.1	6.55445	6.55445	670	670	0.00905098	0	1.02	1.02
8.9	0.00199378	7.42225e-05	1050	1050	105	504	44.1	44.1	176.4	176.4	0 17997.7 9556.37 	27554.1	6.55445	6.55445	670	670	0.00905098	0	1.02	1.02
9	0.00199378	7.42225e-05	1050	1050	105	504	44.1	44.1	176.4	176.4	0 17997.7 9556.37 	27554.1	6.55445	6.55445	670	670	0.00905098	0	1.02	1.02
9.1	0.00199378	7.42225e-05	1050	1050	105	504	44.1	44.1	176.4	176.4	0 17997.7 9556.37 	27554.1	6.55445	6.55445	670	670	0.00905098	0	1.02	1.02
9.2	0.00199378	7.42225e-05	1050	1050	105	504	44.1	44.1	176.4	176.4	0 17997.7 9556.37 	27554.1	6.55445	6.55445	670	670	0.00905098	0	1.02	1.02
9.3	0.00199378	7.42225e-05	1050	1050	105	504	44.1	44.1	176.4	176.4	0 17997.7 9556.37 	27554.1	6.55445	6.55445	670	670	0.00905098	0	1.02	1.02
9.4	0.00199378	7.42225e-05	1050	1050	105	504	44.1	44.1	176.4	176.4	0 17997.7 9556.37 	27554.1	6.55445	6.55445	670	670	0.00905098	0	1.02	1.02
9.5	0.00199378	7.42225e-05	1050	1050	105	504	44.1	44.1	176.4	176.4	0 17997.7 9556.37 	27554.1	6.55445	6.55445	670	670	0.00905098	0	1.02	1.02
9.6	0.00199378	7.42225e-05	1050	1050	105	504	44.1	44.1	176.4	176.4	0 17997.7 9556.37 	27554.1	6.55445	6.55445	670	670	0.00905098	0	1.02	1.02
9.7	0.00199378	7.42225e-05	1050	1050	105	504	44.1	44.1	176.4	176.4	0 17997.7 9556.37 	27554.1	6.55445	6.55445	670	670	0.00905098	0	1.02	1.02
9.8	0.00199378	7.42225e-05	1050	1050	105	504	44.1	44.1	176.4	176.4	0 17997.7 9556.37 	27554.1	6.55445	6.55445	670	670	0.00905098	0	1.02	1.02
9.9	0.00199378	7.42225e-05	1050	1050	105	504	44.1	44.1	176.4	176.4	0 17997.7 9556.37 	27554.1	6.55445	6.55445	670	670	0.00905098	0	1.02	1.02
10	0.00199378	7.42225e-05	1050	1050	105	504	44.1	44.1	176.4	176.4	0 17997.7 9556.37 	27554.1	6.55445	6.55445	670	670	0.00905098	0	1.02	1.02
10.1	0.00208904	7.24785e-05	1072.98	1050	105	526.927	44.1052	44.1052	176.421	176.421	0 28966.9 14261 	43227.9	6.26795	6.55445	1005	670	0.0138024	0	1.122	1.02
10.2	0.00207711	7.84182e-05	1156.02	1050	105	609.779	44.1242	44.1242	176.497	176.497	0 26620.1 12775.8 	39395.9	6.37649	6.55445	1005	670	0.013322	0	1.122	1.02
10.3	0.00207284	8.08595e-05	1190.29	1050	105	644.027	44.126	44.126	176.504	176.504	0 25763.2 12254.1 	38017.3	6.41606	6.55445	1005	670	0.0131567	0	1.122	1.02
10.4	0.00206606	8.54781e-05	1255.61	1050	105	709.225	44.139	44.139	176.556	176.556	0 24291.5 11401.4 	35692.9	6.47941	6.55445	1005	670	0.012913	0	1.122	1.02
10.5	0.00206368	8.71341e-05	1279	1050	105	732.646	44.1352	44.1352	176.541	176.541	0 23802.3 11118.5 	34920.8	6.50186	6.55445	1005	670	0.0128271	0	1.122	1.02
10.6	0.00205931	9.06907e-05	1329.57	1050	105	783.123	44.1445	44.1445	176.578	176.578	0 22820.5 10575 	33395.5	6.54331	6.55445	1005	670	0.0126824	0	1.122	1.02
10.7	0.00205796	9.17237e-05	1344.18	1050	105	797.81	44.1371	44.1371	176.548	176.548	0 22548.8 10420.6 	32969.4	6.55616	6.55445	1005	670	0.0126347	0	1.122	1.02
10.8	0.00205494	9.44522e-05	1383.07	1050	105	836.632	44.1442	44.1442	176.577	176.577	0 21865.2 10051.1 	31916.3	6.58515	6.55445	1005	670	0.0125393	0	1.122	1.02
10.9	0.00205423	9.50205e-05	1391.11	1050	105	844.769	44.1343	44.1343	176.537	176.537	0 21726.9 9971.92 	31698.8	6.59201	6.55445	1005	670	0.0125128	0	1.122	1.02
11	0.00205204	9.71187e-05	1421.06	1050	105	874.661	44.14	44.14	176.56	176.56	0 21234.8 9709.2 	30944	6.6131	6.55445	1005	670	0.0124454	0	1.122	1.02
11.1	0.00205173	9.73581e-05	1424.44	1050	105	878.154	44.1284	44.1284	176.514	176.514	0 21179.5 9675.71 	30855.2	6.61606	6.55445	1005	670	0.012432	0	1.122	1.02
11.2	0.00205011	9.89845e-05	1447.67	1050	105	901.341	44.1332	44.1332	176.533	176.533	0 20815 9482.24 	30297.2	6.63182	6.55445	1005	670	0.0123821	0	1.122	1.02
11.3	0.00205007	9.90021e-05	1447.91	1050	105	901.704	44.1205	44.1205	176.482	176.482	0 20810.8 9476.71 	30287.5	6.63222	6.55445	1005	670	0.0123769	0	1.122	1.02
11.4	0.00204883	0.000100278	1466.15	1050	105	919.907	44.1247	44.1247	176.499	176.499	0 20533.6 9329.85 	29863.4	6.64425	6.55445	1005	670	0.0123387	0	1.122	1.02
11.5	0.00204896	0.000100154	1464.38	1050	105	918.268	44.1111	44.1111	176.444	176.444	0 20560.4 9341.14 	29901.5	6.64302	6.55445	1005	670	0.0123386	0	1.122	1.02
11.6	0.00204799	0.000101171	1478.92	1050	105	932.774	44.115	44.115	176.46	176.46	0 20344.2 9226.58 	29570.8	6.6524	6.55445	1005	670	0.0123084	0	1.122	1.02
11.7	0.00204822	0.000100961	1475.94	1050	105	929.936	44.1009	44.1009	176.403	176.403	0 20388.7 9247.54 	29636.2	6.65017	6.55445	1005	670	0.0123115	0	1.122	1.02
11.8	0.00204746	0.000101784	1487.73	1050	105	941.686	44.1046	44.1046	176.418	176.418	0 20216.2 9155.91 	29372.1	6.65763	6.55445	1005	670	0.0122868	0	1.122	1.02
11.9	0.00204774	0.000101528	1484.1	1050	105	938.202	44.09	44.09	176.36	176.36	0 20270 9181.94 	29451.9	6.65486	6.55445	1005	670	0.0122917	0	1.122	1.02
12	0.00204712	0.000102206	1493.81	1050	105	947.875	44.0937	44.0937	176.375	176.375	0 20129.4 9106.98 	29236.4	6.6609	6.55445	1005	670	0.0122711	0	1.122	1.02
12.1	0.00204743	0.00010193	1489.9	1050	105	944.111	44.0788	44.0788	176.315	176.315	0 20187 9135.15 	29322.2	6.65787	6.55445	1005	670	0.0122768	0	1.122	1.02
12.2	0.00204692	0.000102497	1498.02	1050	105	952.197	44.0825	44.0825	176.33	176.33	0 20070.4 9072.58 	29143	6.66286	6.55445	1005	670	0.0122592	0	1.122	1.02
12.3	0.00204724	0.000102218	1494.06	1050	105	948.39	44.0674	44.0674	176.269	176.269	0 20128.4 9101.04 	29229.4	6.65975	6.55445	1005	670	0.0122652	0	1.122	1.02
12.4	0.00204681	0.000102698	1500.95	1050	105	955.243	44.0711	44.0711	176.284	176.284	0 20030 9047.91 	29077.9	6.66393	6.55445	1005	670	0.0122498	0	1.122	1.02
12.5	0.00204712	0.000102426	1497.1	1050	105	951.538	44.0558	44.0558	176.223	176.223	0 20086.4 9075.54 	29161.9	6.66088	6.55445	1005	670	0.0122556	0	1.122	1.02
12.6	0.00204676	0.000102838	1503.01	1050	105	957.416	44.0596	44.0596	176.239	176.239	0 20002.2 9029.76 	29032	6.66443	6.55445	1005	670	0.012242	0	1.122	1.02
12.7	0.00204706	0.000102578	1499.34	1050	105	953.898	44.0442	44.0442	176.177	176.177	0 20055.8 9055.92 	29111.7	6.66151	6.55445	1005	670	0.0122475	0	1.122	1.02
12.8	0.00204675	0.000102936	1504.47	1050	105	958.991	44.0481	44.0481	176.193	176.193	0 19983.1 9015.99 	28999.1	6.66456	6.55445	1005	670	0.0122352	0	1.122	1.02
12.9	0.00204703	0.000102693	1501.03	1050	105	955.705	44.0326	44.0326	176.131	176.131	0 20033.2 9040.33 	29073.5	6.66179	6.55445	1005	670	0.0122402	0	1.122	1.02
13	0.00204676	0.000103006	1505.52	1050	105	960.154	44.0366	44.0366	176.147	176.147	0 19969.7 9005.16 	28974.9	6.66444	6.55445	1005	670	0.012229	0	1.122	1.02
13.1	0.00204702	0.00010278	1502.33	1050	105	957.12	44.0211	44.0211	176.084	176.084	0 20016.1 9027.54 	29043.7	6.66185	6.55445	1005	670	0.0122334	0	1.122	1.02
13.2	0.00204679	0.000103055	1506.29	1050	105	961.033	44.0252	44.0252	176.101	176.101	0 19960.4 8996.31 	28956.7	6.66416	6.55445	1005	670	0.0122232	0	1.122	1.02
13.3	0.00204703	0.000102848	1503.35	1050	105	958.255	44.0096	44.0096	176.038	176.038	0 20003.1 9016.72 	29019.8	6.66176	6.55445	1005	670	0.0122271	0	1.122	1.02
13.4	0.00204682	0.000103091	1506.85	1050	105	961.716	44.0137	44.0137	176.055	176.055	0 19953.7 8988.79 	28942.5	6.66378	6.55445	1005	670	0.0122176	0	1.122	1.02
13.5	0.00204705	0.000102901	1504.17	1050	105	959.185	43.9981	43.9981	175.992	175.992	0 19992.9 9007.28 	29000.1	6.66157	6.55445	1005	670	0.0122209	0	1.122	1.02
13.6	0.00204687	0.000103118	1507.28	1050	105	962.261	44.0024	44.0024	176.009	176.009	0 19949 8982.18 	28931.2	6.66335	6.55445	1005	670	0.0122121	0	1.122	1.02
13.7	0.00204708	0.000102944	1504.83	1050	105	959.966	43.9867	43.9867	175.947	175.947	0 19984.7 8998.84 	28983.6	6.66132	6.55445	1005	670	0.0122148	0	1.122	1.02
13.8	0.00204692	0.000103138	1507.62	1050	105	962.709	43.991	43.991	175.964	175.964	0 19945.6 8976.17 	28921.8	6.66288	6.55445	1005	670	0.0122066	0	1.122	1.02
13.9	0.00204711	0.00010298	1505.39	1050	105	960.634	43.9754	43.9754	175.901	175.901	0 19978.1 8991.13 	28969.2	6.66101	6.55445	1005	670	0.0122089	0	1.122	1.02
14	0.00204697	0.000103154	1507.89	1050	105	963.089	43.9798	43.9798	175.919	175.919	0 19943.1 8970.57 	28913.7	6.6624	6.55445	1005	670	0.0122012	0	1.122	1.02
14.1	0.00204714	0.00010301	1505.86	1050	105	961.217	43.9641	43.9641	175.856	175.856	0 19972.7 8983.96 	28956.6	6.66068	6.55445	1005	670	0.012203	0	1.122	1.02
14.2	0.00204702	0.000103166	1508.1	1050	105	963.419	43.9686	43.9686	175.874	175.874	0 19941.2 8965.26 	28906.5	6.6619	6.55445	1005	670	0.0121957	0	1.122	1.02
14.3	0.00204718	0.000103035	1506.26	1050	105	961.733	43.9529	43.9529	175.812	175.812	0 19968.1 8977.2 	28945.3	6.66033	6.55445	1005	670	0.012197	0	1.122	1.02
14.4	0.00204707	0.000103175	1508.29	1050	105	963.714	43.9574	43.9574	175.83	175.83	0 19939.9 8960.13 	28900	6.66141	6.55445	1005	670	0.0121902	0	1.122	1.02
14.5	0.00204722	0.000103057	1506.61	1050	105	962.197	43.9418	43.9418	175.767	175.767	0 19964.3 8970.76 	28935	6.65997	6.55445	1005	670	0.0121912	0	1.122	1.02
14.6	0.00204712	0.000103184	1508.45	1050	105	963.982	43.9464	43.9464	175.785	175.785	0 19938.8 8955.13 	28893.9	6.66091	6.55445	1005	670	0.0121847	0	1.122	1.02
14.7	0.00204725	0.000103076	1506.93	1050	105	962.619	43.9307	43.9307	175.723	175.723	0 19961 8964.57 	28925.6	6.65959	6.55445	1005	670	0.0121853	0	1.122	1.02
14.8	0.00204717	0.00010319	1508.59	1050	105	964.232	43.9354	43.9354	175.741	175.741	0 19937.9 8950.21 	28888.1	6.66042	6.55445	1005	670	0.0121791	0	1.122	1.02
14.9	0.00204729	0.000103092	1507.2	1050	105	963.008	43.9197	43.9197	175.679	175.679	0 19958.1 8958.58 	28916.7	6.65921	6.55445	1005	670	0.0121794	0	1.122	1.02
15	0.00204722	0.000103196	1508.71	1050	105	964.466	43.9244	43.9244	175.698	175.698	0 19937.3 8945.36 	28882.6	6.65994	6.55445	1005	670	0.0121735	0	1.122	1.02
15.1	0.00204733	0.000103107	1507.46	1050	105	963.368	43.9088	43.9088	175.635	175.635	0 19955.6 8952.75 	28908.4	6.65882	6.55445	1005	670	0.0121735	0	1.122	1.02
15.2	0.00204727	0.000103202	1508.83	1050	105	964.69	43.9135	43.9135	175.654	175.654	0 19936.7 8940.54 	28877.2	6.65946	6.55445	1005	670	0.0121679	0	1.122	1.02
15.3	0.00204737	0.000103121	1507.69	1050	105	963.706	43.8979	43.8979	175.592	175.592	0 19953.4 8947.06 	28900.5	6.65843	6.55445	1005	670	0.0121676	0	1.122	1.02
15.4	0.00204732	0.000103207	1508.93	1050	105	964.906	43.9027	43.9027	175.611	175.611	0 19936.2 8935.76 	28872	6.65899	6.55445	1005	670	0.0121623	0	1.122	1.02
15.5	0.00204741	0.000103133	1507.9	1050	105	964.024	43.8872	43.8872	175.549	175.549	0 19951.5 8941.48 	28893	6.65804	6.55445	1005	670	0.0121617	0	1.122	1.02
15.6	0.00204736	0.000103211	1509.04	1050	105	965.115	43.892	43.892	175.568	175.568	0 19935.8 8930.99 	28866.8	6.65853	6.55445	1005	670	0.0121566	0	1.122	1.02
15.7	0.00204745	0.000103144	1508.09	1050	105	964.325	43.8765	43.8765	175.506	175.506	0 19949.7 8936.01 	28885.7	6.65765	6.55445	1005	670	0.0121558	0	1.122	1.02
15.8	0.00204741	0.000103215	1509.13	1050	105	965.32	43.8813	43.8813	175.525	175.525	0 19935.5 8926.24 	28861.7	6.65807	6.55445	1005	670	0.0121509	0	1.122	1.02
15.9	0.00204749	0.000103154	1508.27	1050	105	964.612	43.8658	43.8658	175.463	175.463	0 19948.2 8930.61 	28878.8	6.65725	6.55445	1005	670	0.0121499	0	1.122	1.02
16	0.00204746	0.00010322	1509.23	1050	105	965.52	43.8707	43.8707	175.483	175.483	0 19935.1 8921.49 	28856.6	6.65761	6.55445	1005	670	0.0121452	0	1.122	1.02
16.1	0.00204753	0.000103163	1508.44	1050	105	964.887	43.8552	43.8552	175.421	175.421	0 19946.8 8925.29 	28872.1	6.65686	6.55445	1005	670	0.0121441	0	1.122	1.02
16.2	0.0020475	0.000103223	1509.32	1050	105	965.717	43.8602	43.8602	175.441	175.441	0 19934.8 8916.75 	28851.6	6.65717	6.55445	1005	670	0.0121395	0	1.122	1.02
16.3	0.00204757	0.000103172	1508.6	1050	105	965.151	43.8447	43.8447	175.379	175.379	0 19945.5 8920.04 	28865.5	6.65646	6.55445	1005	670	0.0121382	0	1.122	1.02
16.4	0.00204755	0.000103227	1509.41	1050	105	965.912	43.8497	43.8497	175.399	175.399	0 19934.5 8912.02 	28846.5	6.65672	6.55445	1005	670	0.0121338	0	1.122	1.02
16.5	0.00204762	0.00010318	1508.75	1050	105	965.406	43.8343	43.8343	175.337	175.337	0 19944.3 8914.84 	28859.2	6.65607	6.55445	1005	670	0.0121323	0	1.122	1.02
16.6	0.00204759	0.000103231	1509.5	1050	105	966.105	43.8393	43.8393	175.357	175.357	0 19934.2 8907.29 	28841.5	6.65628	6.55445	1005	670	0.0121281	0	1.122	1.02
16.7	0.00204766	0.000103188	1508.89	1050	105	965.653	43.8239	43.8239	175.296	175.296	0 19943.2 8909.7 	28852.9	6.65567	6.55445	1005	670	0.0121265	0	1.122	1.02
16.8	0.00204764	0.000103235	1509.59	1050	105	966.297	43.829	43.829	175.316	175.316	0 19933.9 8902.57 	28836.5	6.65585	6.55445	1005	670	0.0121223	0	1.122	1.02
16.9	0.0020477	0.000103195	1509.03	1050	105	965.893	43.8136	43.8136	175.254	175.254	0 19942.2 8904.6 	28846.8	6.65527	6.55445	1005	670	0.0121206	0	1.122	1.02
17	0.00204768	0.000103238	1509.67	1050	105	966.487	43.8187	43.8187	175.275	175.275	0 19933.7 8897.85 	28831.5	6.65541	6.55445	1005	670	0.0121166	0	1.122	1.02
17.1	0.00204774	0.000103202	1509.16	1050	105	966.127	43.8034	43.8034	175.214	175.214	0 19941.3 8899.54 	28840.9	6.65487	6.55445	1005	670	0.0121148	0	1.122	1.02
17.2	0.00204773	0.000103242	1509.76	1050	105	966.675	43.8085	43.8085	175.234	175.234	0 19933.4 8893.13 	28826.5	6.65498	6.55445	1005	670	0.0121109	0	1.122	1.02
17.3	0.00204778	0.000103208	1509.29	1050	105	966.355	43.7932	43.7932	175.173	175.173	0 19940.5 8894.52 	28835	6.65448	6.55445	1005	670	0.012109	0	1.122	1.02
17.4	0.00204777	0.000103246	1509.85	1050	105	966.863	43.7983	43.7983	175.193	175.193	0 19933.1 8888.42 	28821.5	6.65456	6.55445	1005	670	0.0121052	0	1.122	1.02
17.5	0.00204782	0.000103214	1509.41	1050	105	966.578	43.7831	43.7831	175.132	175.132	0 19939.7 8889.54 	28829.2	6.65408	6.55445	1005	670	0.0121032	0	1.122	1.02
17.6	0.00204781	0.000103249	1509.93	1050	105	967.05	43.7882	43.7882	175.153	175.153	0 19932.8 8883.71 	28816.5	6.65414	6.55445	1005	670	0.0120994	0	1.122	1.02
17.7	0.00204786	0.00010322	1509.53	1050	105	966.796	43.773	43.773	175.092	175.092	0 19938.9 8884.59 	28823.5	6.65368	6.55445	1005	670	0.0120974	0	1.122	1.02
17.8	0.00204786	0.000103253	1510.02	1050	105	967.237	43.7782	43.7782	175.113	175.113	0 19932.5 8879.01 	28811.5	6.65371	6.55445	1005	670	0.0120937	0	1.122	1.02
17.9	0.0020479	0.000103226	1509.64	1050	105	967.011	43.7631	43.7631	175.052	175.052	0 19938.2 8879.67 	28817.9	6.65328	6.55445	1005	670	0.0120916	0	1.122	1.02
18	0.0020479	0.000103257	1510.1	1050	105	967.422	43.7682	43.7682	175.073	175.073	0 19932.2 8874.31 	28806.5	6.6533	6.55445	1005	670	0.012088	0	1.122	1.02
18.1	0.00204794	0.000103231	1509.75	1050	105	967.223	43.7531	43.7531	175.013	175.013	0 19937.6 8874.77 	28812.3	6.65288	6.55445	1005	670	0.0120858	0	1.122	1.02
18.2	0.00204794	0.000103261	1510.19	1050	105	967.608	43.7583	43.7583	175.033	175.033	0 19931.9 8869.62 	28801.6	6.65288	6.55445	1005	670	0.0120823	0	1.122	1.02
18.3	0.00204798	0.000103237	1509.86	1050	105	967.431	43.7433	43.7433	174.973	174.973	0 19936.9 8869.9 	28806.8	6.65249	6.55445	1005	670	0.0120801	0	1.122	1.02
18.4	0.00204798	0.000103264	1510.28	1050	105	967.792	43.7485	43.7485	174.994	174.994	0 19931.6 8864.93 	28796.6	6.65247	6.55445	1005	670	0.0120766	0	1.122	1.02
18.5	0.00204802	0.000103242	1509.97	1050	105	967.636	43.7335	43.7335	174.934	174.934	0 19936.3 8865.06 	28801.4	6.65209	6.55445	1005	670	0.0120743	0	1.122	1.02
18.6	0.00204803	0.000103268	1510.36	1050	105	967.976	43.7387	43.7387	174.955	174.955	0 19931.3 8860.25 	28791.6	6.65206	6.55445	1005	670	0.0120709	0	1.122	1.02
18.7	0.00204806	0.000103247	1510.08	1050	105	967.838	43.7238	43.7238	174.895	174.895	0 19935.7 8860.24 	28796	6.65169	6.55445	1005	670	0.0120686	0	1.122	1.02
18.8	0.00204807	0.000103272	1510.45	1050	105	968.16	43.729	43.729	174.916	174.916	0 19931 8855.58 	28786.6	6.65165	6.55445	1005	670	0.0120653	0	1.122	1.02
18.9	0.0020481	0.000103252	1510.18	1050	105	968.038	43.7141	43.7141	174.856	174.856	0 19935.2 8855.43 	28790.6	6.6513	6.55445	1005	670	0.0120629	0	1.122	1.02
19	0.00204811	0.000103275	1510.54	1050	105	968.343	43.7194	43.7194	174.877	174.877	0 19930.7 8850.91 	28781.6	6.65124	6.55445	1005	670	0.0120596	0	1.122	1.02
19.1	0.00204815	0.000103257	1510.28	1050	105	968.236	43.7045	43.7045	174.818	174.818	0 19934.6 8850.65 	28785.3	6.6509	6.55445	1005	670	0.0120572	0	1.122	1.02
19.2	0.00204815	0.000103279	1510.62	1050	105	968.525	43.7098	43.7098	174.839	174.839	0 19930.4 8846.25 	28776.6	6.65083	6.55445	1005	670	0.0120539	0	1.122	1.02
19.3	0.00204819	0.000103262	1510.38	1050	105	968.432	43.695	43.695	174.78	174.78	0 19934.1 8845.89 	28780	6.65051	6.55445	1005	670	0.0120515	0	1.122	1.02
19.4	0.00204819	0.000103283	1510.71	1050	105	968.707	43.7003	43.7003	174.801	174.801	0 19930 8841.59 	28771.6	6.65043	6.55445	1005	670	0.0120483	0	1.122	1.02
19.5	0.00204823	0.000103266	1510.48	1050	105	968.626	43.6855	43.6855	174.742	174.742	0 19933.6 8841.14 	28774.7	6.65011	6.55445	1005	670	0.0120458	0	1.122	1.02
19.6	0.00204824	0.000103287	1510.8	1050	105	968.889	43.6908	43.6908	174.763	174.763	0 19929.7 8836.95 	28766.7	6.65002	6.55445	1005	670	0.0120426	0	1.122	1.02
19.7	0.00204827	0.000103271	1510.58	1050	105	968.818	43.6761	43.6761	174.704	174.704	0 19933.1 8836.42 	28769.5	6.64972	6.55445	1005	670	0.0120402	0	1.122	1.02
19.8	0.00204828	0.000103291	1510.88	1050	105	969.07	43.6814	43.6814	174.726	174.726	0 19929.4 8832.31 	28761.7	6.64962	6.55445	1005	670	0.012037	0	1.122	1.02
19.9	0.00204831	0.000103275	1510.68	1050	105	969.009	43.6667	43.6667	174.667	174.667	0 19932.6 8831.71 	28764.3	6.64932	6.55445	1005	670	0.0120345	0	1.122	1.02
20	0.00204832	0.000103295	1510.97	1050	105	969.25	43.6721	43.6721	174.688	174.688	0 19929 8827.68 	28756.7	6.64922	6.55445	1005	670	0.0120314	0	1.122	1.02
20.1	0.00204835	0.00010328	1510.77	1050	105	969.198	43.6574	43.6574	174.63	174.63	0 19932.2 8827.01 	28759.2	6.64893	6.55445	1005	670	0.0120289	0	1.122	1.02
20.2	0.00204836	0.000103298	1511.06	1050	105	969.43	43.6628	43.6628	174.651	174.651	0 19928.7 8823.06 	28751.7	6.64882	6.55445	1005	670	0.0120258	0	1.122	1.02
20.3	0.00204839	0.000103284	1510.87	1050	105	969.385	43.6482	43.6482	174.593	174.593	0 19931.7 8822.33 	28754	6.64854	6.55445	1005	670	0.0120233	0	1.122	1.02
20.4	0.0020484	0.000103302	1511.14	1050	105	969.609	43.6536	43.6536	174.614	174.614	0 19928.3 8818.44 	28746.8	6.64842	6.55445	1005	670	0.0120202	0	1.122	1.02
20.5	0.00204843	0.000103289	1510.96	1050	105	969.572	43.639	43.639	174.556	174.556	0 19931.2 8817.66 	28748.9	6.64815	6.55445	1005	670	0.0120177	0	1.122	1.02
20.6	0.00204844	0.000103306	1511.23	1050	105	969.788	43.6444	43.6444	174.578	174.578	0 19928 8813.84 	28741.8	6.64803	6.55445	1005	670	0.0120146	0	1.122	1.02
20.7	0.00204847	0.000103293	1511.06	1050	105	969.757	43.6299	43.6299	174.52	174.52	0 19930.8 8813.01 	28743.8	6.64775	6.55445	1005	670	0.0120121	0	1.122	1.02
20.8	0.00204848	0.00010331	1511.32	1050	105	969.966	43.6353	43.6353	174.541	174.541	0 19927.6 8809.24 	28736.9	6.64763	6.55445	1005	670	0.012009	0	1.122	1.02
20.9	0.00204851	0.000103297	1511.15	1050	105	969.94	43.6209	43.6209	174.484	174.484	0 19930.4 8808.38 	28738.7	6.64736	6.55445	1005	670	0.0120065	0	1.122	1.02
21	0.00204852	0.000103314	1511.41	1050	105	970.144	43.6263	43.6263	174.505	174.505	0 19927.3 8804.66 	28731.9	6.64724	6.55445	1005	670	0.0120035	0	1.122	1.02
21.1	0.00204855	0.000103302	1511.24	1050	105	970.123	43.6119	43.6119	174.448	174.448	0 19929.9 8803.75 	28733.7	6.64697	6.55445	1005	670	0.0120009	0	1.122	1.02
21.2	0.00204856	0.000103318	1511.49	1050	105	970.321	43.6173	43.6173	174.469	174.469	0 19926.9 8800.08 	28727	6.64684	6.55445	1005	670	0.0119979	0	1.122	1.02
21.3	0.00204859	0.000103306	1511.33	1050	105	970.305	43.603	43.603	174.412	174.412	0 19929.5 8799.14 	28728.6	6.64658	6.55445	1005	670	0.0119954	0	1.122	1.02
21.4	0.0020486	0.000103322	1511.58	1050	105	970.497	43.6084	43.6084	174.434	174.434	0 19926.6 8795.51 	28722.1	6.64645	6.55445	1005	670	0.0119924	0	1.122	1.02
21.5	0.00204863	0.00010331	1511.43	1050	105	970.485	43.5941	43.5941	174.376	174.376	0 19929.1 8794.55 	28723.6	6.6462	6.55445	1005	670	0.0119898	0	1.122	1.02
21.6	0.00204864	0.000103326	1511.67	1050	105	970.673	43.5995	43.5995	174.398	174.398	0 19926.2 8790.96 	28717.2	6.64606	6.55445	1005	670	0.0119869	0	1.122	1.02
21.7	0.00204867	0.000103314	1511.52	1050	105	970.664	43.5853	43.5853	174.341	174.341	0 19928.7 8789.96 	28718.6	6.64581	6.55445	1005	670	0.0119843	0	1.122	1.02
21.8	0.00204868	0.000103329	1511.76	1050	105	970.848	43.5907	43.5907	174.363	174.363	0 19925.9 8786.41 	28712.3	6.64567	6.55445	1005	670	0.0119814	0	1.122	1.02
21.9	0.00204871	0.000103318	1511.61	1050	105	970.843	43.5765	43.5765	174.306	174.306	0 19928.2 8785.39 	28713.6	6.64542	6.55445	1005	670	0.0119788	0	1.122	1.02
22	0.00204872	0.000103333	1511.84	1050	105	971.023	43.582	43.582	174.328	174.328	0 19925.5 8781.87 	28707.4	6.64528	6.55445	1005	670	0.0119759	0	1.122	1.02
22.1	0.00204875	0.000103322	1511.7	1050	105	971.02	43.5678	43.5678	174.271	174.271	0 19927.8 8780.83 	28708.7	6.64503	6.55445	1005	670	0.0119733	0	1.122	1.02
22.2	0.00204876	0.000103337	1511.93	1050	105	971.197	43.5733	43.5733	174.293	174.293	0 19925.1 8777.34 	28702.5	6.64489	6.55445	1005	670	0.0119704	0	1.122	1.02
22.3	0.00204879	0.000103327	1511.79	1050	105	971.197	43.5592	43.5592	174.237	174.237	0 19927.4 8776.29 	28703.7	6.64465	6.55445	1005	670	0.0119678	0	1.122	1.02
22.4	0.0020488	0.000103341	1512.02	1050	105	971.37	43.5647	43.5647	174.259	174.259	0 19924.8 8772.82 	28697.6	6.64451	6.55445	1005	670	0.0119649	0	1.122	1.02
22.5	0.00204883	0.000103331	1511.88	1050	105	971.372	43.5506	43.5506	174.203	174.203	0 19927 8771.75 	28698.8	6.64426	6.55445	1005	670	0.0119623	0	1.122	1.02
22.6	0.00204884	0.000103345	1512.1	1050	105	971.543	43.5561	43.5561	174.225	174.225	0 19924.4 8768.31 	28692.7	6.64412	6.55445	1005	670	0.0119594	0	1.122	1.02
22.7	0.00204887	0.000103335	1511.97	1050	105	971.547	43.5421	43.5421	174.168	174.168	0 19926.6 8767.23 	28693.8	6.64388	6.55445	1005	670	0.0119569	0	1.122	1.02
22.8	0.00204888	0.000103349	1512.19	1050	105	971.715	43.5476	43.5476	174.191	174.191	0 19924 8763.81 	28687.8	6.64373	6.55445	1005	670	0.011954	0	1.122	1.02
22.9	0.00204891	0.000103339	1512.06	1050	105	971.721	43.5337	43.5337	174.135	174.135	0 19926.2 8762.72 	28688.9	6.6435	6.55445	1005	670	0.0119514	0	1.122	1.02
23	0.00204892	0.000103353	1512.28	1050	105	971.887	43.5392	43.5392	174.157	174.157	0 19923.7 8759.32 	28683	6.64335	6.55445	1005	670	0.0119486	0	1.122	1.02
23.1	0.00204895	0.000103343	1512.15	1050	105	971.894	43.5253	43.5253	174.101	174.101	0 19925.8 8758.22 	28684	6.64311	6.55445	1005	670	0.011946	0	1.122	1.02
23.2	0.00204896	0.000103357	1512.37	1050	105	972.057	43.5308	43.5308	174.123	174.123	0 19923.3 8754.84 	28678.1	6.64297	6.55445	1005	670	0.0119431	0	1.122	1.02
23.3	0.00204898	0.000103347	1512.23	1050	105	972.066	43.5169	43.5169	174.068	174.068	0 19925.4 8753.73 	28679.1	6.64273	6.55445	1005	670	0.0119406	0	1.122	1.02
23.4	0.002049	0.000103361	1512.45	1050	105	972.227	43.5225	43.5225	174.09	174.09	0 19922.9 8750.38 	28673.3	6.64258	6.55445	1005	670	0.0119377	0	1.122	1.02
23.5	0.00204902	0.000103351	1512.32	1050	105	972.237	43.5086	43.5086	174.035	174.035	0 19925 8749.25 	28674.3	6.64235	6.55445	1005	670	0.0119352	0	1.122	1.02
23.6	0.00204904	0.000103365	1512.54	1050	105	972.397	43.5142	43.5142	174.057	174.057	0 19922.5 8745.92 	28668.5	6.6422	6.55445	1005	670	0.0119323	0	1.122	1.02
23.7	0.00204906	0.000103355	1512.41	1050	105	972.408	43.5004	43.5004	174.002	174.002	0 19924.6 8744.79 	28669.4	6.64197	6.55445	1005	670	0.0119298	0	1.122	1.02
23.8	0.00204908	0.000103368	1512.63	1050	105	972.566	43.506	43.506	174.024	174.024	0 19922.2 8741.47 	28663.6	6.64182	6.55445	1005	670	0.0119269	0	1.122	1.02
23.9	0.0020491	0.000103359	1512.5	1050	105	972.577	43.4922	43.4922	173.969	173.969	0 19924.2 8740.33 	28664.6	6.64159	6.55445	1005	670	0.0119244	0	1.122	1.02
24	0.00204912	0.000103372	1512.71	1050	105	972.734	43.4978	43.4978	173.991	173.991	0 19921.8 8737.03 	28658.8	6.64144	6.55445	1005	670	0.0119216	0	1.122	1.02
24.1	0.00204914	0.000103363	1512.59	1050	105	972.746	43.4841	43.4841	173.937	173.937	0 19923.8 8735.89 	28659.7	6.64122	6.55445	1005	670	0.011919	0	1.122	1.02
24.2	0.00204916	0.000103376	1512.8	1050	105	972.901	43.4897	43.4897	173.959	173.959	0 19921.4 8732.6 	28654	6.64106	6.55445	1005	670	0.0119162	0	1.122	1.02
24.3	0.00204918	0.000103367	1512.68	1050	105	972.914	43.4761	43.4761	173.904	173.904	0 19923.5 8731.46 	28654.9	6.64084	6.55445	1005	670	0.0119137	0	1.122	1.02
24.4	0.0020492	0.00010338	1512.88	1050	105	973.068	43.4817	43.4817	173.927	173.927	0 19921.1 8728.18 	28649.2	6.64069	6.55445	1005	670	0.0119109	0	1.122	1.02
24.5	0.00204922	0.000103371	1512.76	1050	105	973.082	43.4681	43.4681	173.872	173.872	0 19923.1 8727.03 	28650.1	6.64046	6.55445	1005	670	0.0119083	0	1.122	1.02
24.6	0.00204923	0.000103384	1512.97	1050	105	973.234	43.4737	43.4737	173.895	173.895	0 19920.7 8723.78 	28644.5	6.64031	6.55445	1005	670	0.0119055	0	1.122	1.02
24.7	0.00204926	0.000103375	1512.85	1050	105	973.248	43.4601	43.4601	173.841	173.841	0 19922.7 8722.62 	28645.3	6.64009	6.55445	1005	670	0.011903	0	1.122	1.02
24.8	0.00204927	0.000103388	1513.06	1050	105	973.4	43.4658	43.4658	173.863	173.863	0 19920.3 8719.38 	28639.7	6.63993	6.55445	1005	670	0.0119002	0	1.122	1.02
24.9	0.0020493	0.000103379	1512.94	1050	105	973.414	43.4523	43.4523	173.809	173.809	0 19922.3 8718.22 	28640.5	6.63971	6.55445	1005	670	0.0118977	0	1.122	1.02
25	0.00204931	0.000103392	1513.14	1050	105	973.564	43.4579	43.4579	173.832	173.832	0 19919.9 8714.99 	28634.9	6.63956	6.55445	1005	670	0.0118949	0	1.122	1.02
25.1	0.00204933	0.000103383	1513.02	1050	105	973.579	43.4444	43.4444	173.778	173.778	0 19921.9 8713.83 	28635.7	6.63934	6.55445	1005	670	0.0118924	0	1.122	1.02
25.2	0.00204935	0.000103396	1513.23	1050	105	973.728	43.4501	43.4501	173.8	173.8	0 19919.6 8710.62 	28630.2	6.63918	6.55445	1005	670	0.0118896	0	1.122	1.02
25.3	0.00204937	0.000103387	1513.11	1050	105	973.744	43.4367	43.4367	173.747	173.747	0 19921.5 8709.46 	28631	6.63896	6.55445	1005	670	0.0118871	0	1.122	1.02
25.4	0.00204939	0.0001034	1513.31	1050	105	973.892	43.4423	43.4423	173.769	173.769	0 19919.2 8706.25 	28625.4	6.63881	6.55445	1005	670	0.0118843	0	1.122	1.02
25.5	0.00204941	0.000103391	1513.2	1050	105	973.907	43.4289	43.4289	173.716	173.716	0 19921.1 8705.09 	28626.2	6.63859	6.55445	1005	670	0.0118818	0	1.122	1.02
25.6	0.00204943	0.000103403	1513.4	1050	105	974.055	43.4346	43.4346	173.738	173.738	0 19918.8 8701.89 	28620.7	6.63844	6.55445	1005	670	0.011879	0	1.122	1.02
25.7	0.00204945	0.000103394	1513.28	1050	105	974.07	43.4213	43.4213	173.685	173.685	0 19920.8 8700.73 	28621.5	6.63822	6.55445	1005	670	0.0118765	0	1.122	1.02
25.8	0.00204946	0.000103407	1513.49	1050	105	974.217	43.4269	43.4269	173.708	173.708	0 19918.4 8697.55 	28616	6.63807	6.55445	1005	670	0.0118738	0	1.122	1.02
25.9	0.00204949	0.000103398	1513.37	1050	105	974.233	43.4137	43.4137	173.655	173.655	0 19920.4 8696.39 	28616.8	6.63785	6.55445	1005	670	0.0118713	0	1.122	1.02
26	0.0020495	0.000103411	1513.57	1050	105	974.378	43.4193	43.4193	173.677	173.677	0 19918.1 8693.21 	28611.3	6.6377	6.55445	1005	670	0.0118685	0	1.122	1.02
26.1	0.00204953	0.000103402	1513.46	1050	105	974.394	43.4061	43.4061	173.624	173.624	0 19920 8692.05 	28612	6.63748	6.55445	1005	670	0.011866	0	1.122	1.02
26.2	0.00204954	0.000103415	1513.66	1050	105	974.539	43.4118	43.4118	173.647	173.647	0 19917.7 8688.89 	28606.6	6.63733	6.55445	1005	670	0.0118633	0	1.122	1.02
26.3	0.00204956	0.000103406	1513.54	1050	105	974.555	43.3986	43.3986	173.594	173.594	0 19919.6 8687.72 	28607.3	6.63711	6.55445	1005	670	0.0118608	0	1.122	1.02
26.4	0.00204958	0.000103419	1513.74	1050	105	974.699	43.4043	43.4043	173.617	173.617	0 19917.3 8684.57 	28601.9	6.63696	6.55445	1005	670	0.0118581	0	1.122	1.02
26.5	0.0020496	0.00010341	1513.63	1050	105	974.715	43.3912	43.3912	173.565	173.565	0 19919.2 8683.41 	28602.6	6.63674	6.55445	1005	670	0.0118556	0	1.122	1.02
26.6	0.00204962	0.000103423	1513.83	1050	105	974.859	43.3969	43.3969	173.587	173.587	0 19917 8680.26 	28597.2	6.63659	6.55445	1005	670	0.0118528	0	1.122	1.02
26.7	0.00204964	0.000103414	1513.71	1050	105	974.875	43.3838	43.3838	173.535	173.535	0 19918.9 8679.11 	28598	6.63637	6.55445	1005	670	0.0118504	0	1.122	1.02
26.8	0.00204965	0.000103427	1513.91	1050	105	975.017	43.3895	43.3895	173.558	173.558	0 19916.6 8675.97 	28592.5	6.63622	6.55445	1005	670	0.0118476	0	1.122	1.02
26.9	0.00204968	0.000103418	1513.8	1050	105	975.033	43.3764	43.3764	173.506	173.506	0 19918.5 8674.81 	28593.3	6.636	6.55445	1005	670	0.0118452	0	1.122	1.02
27	0.00204969	0.00010343	1514	1050	105	975.176	43.3822	43.3822	173.529	173.529	0 19916.2 8671.68 	28587.9	6.63585	6.55445	1005	670	0.0118425	0	1.122	1.02
27.1	0.00204971	0.000103422	1513.88	1050	105	975.192	43.3692	43.3692	173.477	173.477	0 19918.1 8670.53 	28588.6	6.63564	6.55445	1005	670	0.01184	0	1.122	1.02
27.2	0.00204973	0.000103434	1514.08	1050	105	975.333	43.3749	43.3749	173.5	173.5	0 19915.8 8667.41 	28583.2	6.63549	6.55445	1005	670	0.0118373	0	1.122	1.02
27.3	0.00204975	0.000103426	1513.97	1050	105	975.349	43.3619	43.3619	173.448	173.448	0 19917.7 8666.25 	28584	6.63527	6.55445	1005	670	0.0118348	0	1.122	1.02
27.4	0.00204977	0.000103438	1514.17	1050	105	975.49	43.3677	43.3677	173.471	173.471	0 19915.5 8663.15 	28578.6	6.63512	6.55445	1005	670	0.0118321	0	1.122	1.02
27.5	0.00204979	0.000103429	1514.05	1050	105	975.506	43.3548	43.3548	173.419	173.419	0 19917.3 8661.99 	28579.3	6.63491	6.55445	1005	670	0.0118297	0	1.122	1.02
27.6	0.00204981	0.000103442	1514.25	1050	105	975.646	43.3605	43.3605	173.442	173.442	0 19915.1 8658.89 	28574	6.63476	6.55445	1005	670	0.011827	0	1.122	1.02
27.7	0.00204983	0.000103433	1514.14	1050	105	975.662	43.3476	43.3476	173.391	173.391	0 19917 8657.74 	28574.7	6.63454	6.55445	1005	670	0.0118245	0	1.122	1.02
27.8	0.00204984	0.000103446	1514.34	1050	105	975.801	43.3534	43.3534	173.414	173.414	0 19914.7 8654.65 	28569.4	6.63439	6.55445	1005	670	0.0118218	0	1.122	1.02
27.9	0.00204986	0.000103437	1514.22	1050	105	975.817	43.3406	43.3406	173.362	173.362	0 19916.6 8653.5 	28570.1	6.63418	6.55445	1005	670	0.0118194	0	1.122	1.02
28	0.00204988	0.00010345	1514.42	1050	105	975.956	43.3463	43.3463	173.385	173.385	0 19914.3 8650.41 	28564.8	6.63403	6.55445	1005	670	0.0118167	0	1.122	1.02
28.1	0.0020499	0.000103441	1514.31	1050	105	975.972	43.3336	43.3336	173.334	173.334	0 19916.2 8649.26 	28565.5	6.63382	6.55445	1005	670	0.0118143	0	1.122	1.02
28.2	0.00204992	0.000103453	1514.5	1050	105	976.111	43.3393	43.3393	173.357	173.357	0 19914 8646.19 	28560.2	6.63367	6.55445	1005	670	0.0118116	0	1.122	1.02
28.3	0.00204994	0.000103445	1514.39	1050	105	976.126	43.3266	43.3266	173.306	173.306	0 19915.8 8645.04 	28560.9	6.63346	6.55445	1005	670	0.0118092	0	1.122	1.02
28.4	0.00204995	0.000103457	1514.59	1050	105	976.264	43.3324	43.3324	173.33	173.33	0 19913.6 8641.97 	28555.6	6.63331	6.55445	1005	670	0.0118065	0	1.122	1.02
28.5	0.00204998	0.000103449	1514.48	1050	105	976.279	43.3197	43.3197	173.279	173.279	0 19915.4 8640.83 	28556.3	6.6331	6.55445	1005	670	0.0118041	0	1.122	1.02
28.6	0.00204999	0.000103461	1514.67	1050	105	976.417	43.3255	43.3255	173.302	173.302	0 19913.2 8637.77 	28551	6.63295	6.55445	1005	670	0.0118014	0	1.122	1.02
28.7	0.00205001	0.000103453	1514.56	1050	105	976.432	43.3128	43.3128	173.251	173.251	0 19915.1 8636.63 	28551.7	6.63274	6.55445	1005	670	0.011799	0	1.122	1.02
28.8	0.00205003	0.000103465	1514.76	1050	105	976.569	43.3186	43.3186	173.275	173.275	0 19912.8 8633.57 	28546.4	6.63259	6.55445	1005	670	0.0117963	0	1.122	1.02
28.9	0.00205005	0.000103456	1514.64	1050	105	976.584	43.306	43.306	173.224	173.224	0 19914.7 8632.43 	28547.1	6.63238	6.55445	1005	670	0.0117939	0	1.122	1.02
29	0.00205007	0.000103469	1514.84	1050	105	976.721	43.3118	43.3118	173.247	173.247	0 19912.5 8629.39 	28541.9	6.63223	6.55445	1005	670	0.0117913	0	1.122	1.02
29.1	0.00205009	0.00010346	1514.73	1050	105	976.736	43.2993	43.2993	173.197	173.197	0 19914.3 8628.25 	28542.6	6.63202	6.55445	1005	670	0.0117888	0	1.122	1.02
29.2	0.0020501	0.000103472	1514.92	1050	105	976.872	43.3051	43.3051	173.22	173.22	0 19912.1 8625.22 	28537.3	6.63187	6.55445	1005	670	0.0117862	0	1.122	1.02
29.3	0.00205012	0.000103464	1514.81	1050	105	976.887	43.2926	43.2926	173.17	173.17	0 19913.9 8624.08 	28538	6.63166	6.55445	1005	670	0.0117838	0	1.122	1.02
29.4	0.00205014	0.000103476	1515.01	1050	105	977.022	43.2984	43.2984	173.194	173.194	0 19911.7 8621.05 	28532.8	6.63152	6.55445	1005	670	0.0117812	0	1.122	1.02
29.5	0.00205016	0.000103468	1514.9	1050	105	977.037	43.2859	43.2859	173.144	173.144	0 19913.6 8619.92 	28533.5	6.6313	6.55445	1005	670	0.0117788	0	1.122	1.02
29.6	0.00205018	0.00010348	1515.09	1050	105	977.172	43.2918	43.2918	173.167	173.167	0 19911.4 8616.9 	28528.3	6.63116	6.55445	1005	670	0.0117761	0	1.122	1.02
29.7	0.0020502	0.000103472	1514.98	1050	105	977.186	43.2793	43.2793	173.117	173.117	0 19913.2 8615.77 	28528.9	6.63095	6.55445	1005	670	0.0117737	0	1.122	1.02
29.8	0.00205021	0.000103484	1515.17	1050	105	977.321	43.2852	43.2852	173.141	173.141	0 19911 8612.75 	28523.7	6.6308	6.55445	1005	670	0.0117711	0	1.122	1.02
29.9	0.00205023	0.000103475	1515.06	1050	105	977.335	43.2728	43.2728	173.091	173.091	0 19912.8 8611.62 	28524.4	6.63059	6.55445	1005	670	0.0117687	0	1.122	1.02
30	0.00205025	0.000103488	1515.26	1050	105	977.47	43.2786	43.2786	173.115	173.115	0 19910.6 8608.62 	28519.2	6.63045	6.55445	1005	670	0.0117661	0	1.122	1.02
30.1	0.00205027	0.000103479	1515.15	1050	105	977.484	43.2663	43.2663	173.065	173.065	0 19912.4 8607.49 	28519.9	6.63024	6.55445	1005	670	0.0117637	0	1.122	1.02
30.2	0.00205029	0.000103491	1515.34	1050	105	977.618	43.2722	43.2722	173.089	173.089	0 19910.2 8604.49 	28514.7	6.63009	6.55445	1005	670	0.0117611	0	1.122	1.02
30.3	0.00205031	0.000103483	1515.23	1050	105	977.631	43.2599	43.2599	173.039	173.039	0 19912 8603.37 	28515.4	6.62988	6.55445	1005	670	0.0117587	0	1.122	1.02
30.4	0.00205032	0.000103495	1515.42	1050	105	977.765	43.2657	43.2657	173.063	173.063	0 19909.9 8600.38 	28510.2	6.62974	6.55445	1005	670	0.0117561	0	1.122	1.02
30.5	0.00205034	0.000103487	1515.31	1050	105	977.778	43.2535	43.2535	173.014	173.014	0 19911.7 8599.26 	28510.9	6.62953	6.55445	1005	670	0.0117538	0	1.122	1.02
30.6	0.00205036	0.000103499	1515.5	1050	105	977.911	43.2593	43.2593	173.037	173.037	0 19909.5 8596.27 	28505.8	6.62939	6.55445	1005	670	0.0117512	0	1.122	1.02
30.7	0.00205038	0.000103491	1515.4	1050	105	977.925	43.2471	43.2471	172.988	172.988	0 19911.3 8595.15 	28506.4	6.62918	6.55445	1005	670	0.0117488	0	1.122	1.02
30.8	0.00205039	0.000103503	1515.59	1050	105	978.057	43.253	43.253	173.012	173.012	0 19909.1 8592.18 	28501.3	6.62904	6.55445	1005	670	0.0117462	0	1.122	1.02
30.9	0.00205042	0.000103494	1515.48	1050	105	978.071	43.2408	43.2408	172.963	172.963	0 19910.9 8591.06 	28502	6.62883	6.55445	1005	670	0.0117438	0	1.122	1.02
31	0.00205043	0.000103506	1515.67	1050	105	978.203	43.2467	43.2467	172.987	172.987	0 19908.7 8588.09 	28496.8	6.62869	6.55445	1005	670	0.0117413	0	1.122	1.02
31.1	0.00205045	0.000103498	1515.56	1050	105	978.216	43.2346	43.2346	172.938	172.938	0 19910.5 8586.98 	28497.5	6.62848	6.55445	1005	670	0.0117389	0	1.122	1.02
31.2	0.00205047	0.00010351	1515.75	1050	105	978.348	43.2405	43.2405	172.962	172.962	0 19908.4 8584.02 	28492.4	6.62834	6.55445	1005	670	0.0117363	0	1.122	1.02
31.3	0.00205049	0.000103502	1515.64	1050	105	978.36	43.2284	43.2284	172.914	172.914	0 19910.2 8582.91 	28493.1	6.62813	6.55445	1005	670	0.011734	0	1.122	1.02
31.4	0.0020505	0.000103514	1515.83	1050	105	978.492	43.2343	43.2343	172.937	172.937	0 19908 8579.95 	28488	6.62799	6.55445	1005	670	0.0117314	0	1.122	1.02
31.5	0.00205052	0.000103506	1515.73	1050	105	978.504	43.2223	43.2223	172.889	172.889	0 19909.8 8578.84 	28488.6	6.62778	6.55445	1005	670	0.0117291	0	1.122	1.02
31.6	0.00205054	0.000103518	1515.92	1050	105	978.635	43.2282	43.2282	172.913	172.913	0 19907.6 8575.9 	28483.5	6.62764	6.55445	1005	670	0.0117265	0	1.122	1.02
31.7	0.00205056	0.000103509	1515.81	1050	105	978.648	43.2162	43.2162	172.865	172.865	0 19909.4 8574.79 	28484.2	6.62743	6.55445	1005	670	0.0117241	0	1.122	1.02
31.8	0.00205058	0.000103521	1516	1050	105	978.778	43.2221	43.2221	172.888	172.888	0 19907.3 8571.85 	28479.1	6.62729	6.55445	1005	670	0.0117216	0	1.122	1.02
31.9	0.0020506	0.000103513	1515.89	1050	105	978.791	43.2101	43.2101	172.84	172.84	0 19909 8570.74 	28479.8	6.62708	6.55445	1005	670	0.0117193	0	1.122	1.02
32	0.00205061	0.000103525	1516.08	1050	105	978.921	43.2161	43.2161	172.864	172.864	0 19906.9 8567.81 	28474.7	6.62694	6.55445	1005	670	0.0117167	0	1.122	1.02
32.1	0.00205063	0.000103517	1515.97	1050	105	978.933	43.2041	43.2041	172.816	172.816	0 19908.7 8566.71 	28475.4	6.62674	6.55445	1005	670	0.0117144	0	1.122	1.02
32.2	0.00205065	0.000103529	1516.16	1050	105	979.062	43.2101	43.2101	172.84	172.84	0 19906.5 8563.78 	28470.3	6.6266	6.55445	1005	670	0.0117118	0	1.122	1.02
32.3	0.00205067	0.000103521	1516.06	1050	105	979.074	43.1982	43.1982	172.793	172.793	0 19908.3 8562.69 	28471	6.62639	6.55445	1005	670	0.0117095	0	1.122	1.02
32.4	0.00205068	0.000103533	1516.24	1050	105	979.204	43.2041	43.2041	172.817	172.817	0 19906.1 8559.77 	28465.9	6.62625	6.55445	1005	670	0.011707	0	1.122	1.02
32.5	0.0020507	0.000103525	1516.14	1050	105	979.215	43.1923	43.1923	172.769	172.769	0 19907.9 8558.67 	28466.6	6.62605	6.55445	1005	670	0.0117046	0	1.122	1.02
32.6	0.00205072	0.000103536	1516.33	1050	105	979.344	43.1982	43.1982	172.793	172.793	0 19905.8 8555.76 	28461.5	6.62591	6.55445	1005	670	0.0117021	0	1.122	1.02
32.7	0.00205074	0.000103528	1516.22	1050	105	979.356	43.1864	43.1864	172.746	172.746	0 19907.5 8554.66 	28462.2	6.6257	6.55445	1005	670	0.0116998	0	1.122	1.02
32.8	0.00205075	0.00010354	1516.41	1050	105	979.484	43.1924	43.1924	172.77	172.77	0 19905.4 8551.76 	28457.2	6.62556	6.55445	1005	670	0.0116973	0	1.122	1.02
32.9	0.00205077	0.000103532	1516.3	1050	105	979.495	43.1806	43.1806	172.723	172.723	0 19907.2 8550.67 	28457.8	6.62536	6.55445	1005	670	0.011695	0	1.122	1.02
33	0.00205079	0.000103544	1516.49	1050	105	979.623	43.1866	43.1866	172.746	172.746	0 19905 8547.77 	28452.8	6.62522	6.55445	1005	670	0.0116925	0	1.122	1.02
33.1	0.00205081	0.000103536	1516.38	1050	105	979.635	43.1749	43.1749	172.7	172.7	0 19906.8 8546.68 	28453.5	6.62501	6.55445	1005	670	0.0116901	0	1.122	1.02
33.2	0.00205082	0.000103548	1516.57	1050	105	979.762	43.1809	43.1809	172.723	172.723	0 19904.6 8543.79 	28448.4	6.62488	6.55445	1005	670	0.0116876	0	1.122	1.02
33.3	0.00205085	0.00010354	1516.47	1050	105	979.773	43.1692	43.1692	172.677	172.677	0 19906.4 8542.71 	28449.1	6.62467	6.55445	1005	670	0.0116853	0	1.122	1.02
33.4	0.00205086	0.000103551	1516.65	1050	105	979.9	43.1752	43.1752	172.701	172.701	0 19904.3 8539.82 	28444.1	6.62453	6.55445	1005	670	0.0116828	0	1.122	1.02
33.5	0.00205088	0.000103543	1516.55	1050	105	979.911	43.1635	43.1635	172.654	172.654	0 19906 8538.74 	28444.8	6.62433	6.55445	1005	670	0.0116805	0	1.122	1.02
33.6	0.00205089	0.000103555	1516.73	1050	105	980.038	43.1695	43.1695	172.678	172.678	0 19903.9 8535.86 	28439.8	6.62419	6.55445	1005	670	0.011678	0	1.122	1.02
33.7	0.00205092	0.000103547	1516.63	1050	105	980.049	43.1579	43.1579	172.632	172.632	0 19905.7 8534.78 	28440.4	6.62399	6.55445	1005	670	0.0116757	0	1.122	1.02
33.8	0.00205093	0.000103559	1516.81	1050	105	980.175	43.1639	43.1639	172.656	172.656	0 19903.5 8531.91 	28435.4	6.62385	6.55445	1005	670	0.0116733	0	1.122	1.02
33.9	0.00205095	0.000103551	1516.71	1050	105	980.185	43.1524	43.1524	172.609	172.609	0 19905.3 8530.83 	28436.1	6.62365	6.55445	1005	670	0.011671	0	1.122	1.02
34	0.00205096	0.000103562	1516.9	1050	105	980.312	43.1584	43.1584	172.634	172.634	0 19903.2 8527.97 	28431.1	6.62351	6.55445	1005	670	0.0116685	0	1.122	1.02
34.1	0.00205099	0.000103554	1516.79	1050	105	980.322	43.1469	43.1469	172.587	172.587	0 19904.9 8526.89 	28431.8	6.62331	6.55445	1005	670	0.0116662	0	1.122	1.02
34.2	0.002051	0.000103566	1516.98	1050	105	980.447	43.1529	43.1529	172.612	172.612	0 19902.8 8524.04 	28426.8	6.62317	6.55445	1005	670	0.0116637	0	1.122	1.02
34.3	0.00205102	0.000103558	1516.87	1050	105	980.457	43.1414	43.1414	172.566	172.566	0 19904.5 8522.96 	28427.5	6.62297	6.55445	1005	670	0.0116615	0	1.122	1.02
34.4	0.00205103	0.00010357	1517.06	1050	105	980.583	43.1474	43.1474	172.59	172.59	0 19902.4 8520.11 	28422.5	6.62283	6.55445	1005	670	0.011659	0	1.122	1.02
34.5	0.00205106	0.000103562	1516.95	1050	105	980.592	43.136	43.136	172.544	172.544	0 19904.1 8519.04 	28423.2	6.62263	6.55445	1005	670	0.0116567	0	1.122	1.02
34.6	0.00205107	0.000103574	1517.14	1050	105	980.718	43.142	43.142	172.568	172.568	0 19902 8516.2 	28418.2	6.6225	6.55445	1005	670	0.0116542	0	1.122	1.02
34.7	0.00205109	0.000103566	1517.03	1050	105	980.727	43.1306	43.1306	172.522	172.522	0 19903.8 8515.13 	28418.9	6.6223	6.55445	1005	670	0.011652	0	1.122	1.02
34.8	0.0020511	0.000103577	1517.22	1050	105	980.852	43.1367	43.1367	172.547	172.547	0 19901.7 8512.3 	28414	6.62216	6.55445	1005	670	0.0116495	0	1.122	1.02
34.9	0.00205113	0.000103569	1517.11	1050	105	980.861	43.1253	43.1253	172.501	172.501	0 19903.4 8511.23 	28414.6	6.62196	6.55445	1005	670	0.0116473	0	1.122	1.02
35	0.00205114	0.000103581	1517.3	1050	105	980.985	43.1313	43.1313	172.525	172.525	0 19901.3 8508.4 	28409.7	6.62182	6.55445	1005	670	0.0116448	0	1.122	1.02
35.1	0.00205116	0.000103573	1517.19	1050	105	980.994	43.12	43.12	172.48	172.48	0 19903 8507.34 	28410.4	6.62162	6.55445	1005	670	0.0116426	0	1.122	1.02
35.2	0.00205117	0.000103585	1517.38	1050	105	981.118	43.1261	43.1261	172.504	172.504	0 19900.9 8504.52 	28405.4	6.62149	6.55445	1005	670	0.0116401	0	1.122	1.02
35.3	0.00205119	0.000103577	1517.28	1050	105	981.127	43.1148	43.1148	172.459	172.459	0 19902.6 8503.46 	28406.1	6.62129	6.55445	1005	670	0.0116379	0	1.122	1.02
35.4	0.00205121	0.000103588	1517.46	1050	105	981.251	43.1209	43.1209	172.483	172.483	0 19900.5 8500.64 	28401.2	6.62115	6.55445	1005	670	0.0116354	0	1.122	1.02
35.5	0.00205123	0.00010358	1517.36	1050	105	981.26	43.1096	43.1096	172.438	172.438	0 19902.3 8499.58 	28401.9	6.62095	6.55445	1005	670	0.0116332	0	1.122	1.02
35.6	0.00205124	0.000103592	1517.54	1050	105	981.383	43.1157	43.1157	172.463	172.463	0 19900.2 8496.77 	28396.9	6.62082	6.55445	1005	670	0.0116307	0	1.122	1.02
35.7	0.00205126	0.000103584	1517.44	1050	105	981.391	43.1045	43.1045	172.418	172.418	0 19901.9 8495.72 	28397.6	6.62062	6.55445	1005	670	0.0116285	0	1.122	1.02
35.8	0.00205128	0.000103596	1517.62	1050	105	981.514	43.1106	43.1106	172.442	172.442	0 19899.8 8492.92 	28392.7	6.62049	6.55445	1005	670	0.0116261	0	1.122	1.02
35.9	0.0020513	0.000103588	1517.52	1050	105	981.523	43.0994	43.0994	172.398	172.398	0 19901.5 8491.86 	28393.4	6.62029	6.55445	1005	670	0.0116238	0	1.122	1.02
36	0.00205131	0.000103599	1517.7	1050	105	981.645	43.1055	43.1055	172.422	172.422	0 19899.4 8489.07 	28388.5	6.62015	6.55445	1005	670	0.0116214	0	1.122	1.02
36.1	0.00205133	0.000103591	1517.6	1050	105	981.653	43.0943	43.0943	172.377	172.377	0 19901.1 8488.02 	28389.2	6.61996	6.55445	1005	670	0.0116192	0	1.122	1.02
36.2	0.00205135	0.000103603	1517.78	1050	105	981.775	43.1004	43.1004	172.402	172.402	0 19899.1 8485.23 	28384.3	6.61982	6.55445	1005	670	0.0116168	0	1.122	1.02
36.3	0.00205137	0.000103595	1517.68	1050	105	981.783	43.0893	43.0893	172.357	172.357	0 19900.8 8484.18 	28384.9	6.61962	6.55445	1005	670	0.0116146	0	1.122	1.02
36.4	0.00205138	0.000103607	1517.86	1050	105	981.905	43.0954	43.0954	172.382	172.382	0 19898.7 8481.4 	28380.1	6.61949	6.55445	1005	670	0.0116121	0	1.122	1.02
36.5	0.0020514	0.000103599	1517.76	1050	105	981.913	43.0844	43.0844	172.338	172.338	0 19900.4 8480.35 	28380.7	6.61929	6.55445	1005	670	0.0116099	0	1.122	1.02
36.6	0.00205141	0.00010361	1517.94	1050	105	982.034	43.0905	43.0905	172.362	172.362	0 19898.3 8477.58 	28375.9	6.61916	6.55445	1005	670	0.0116075	0	1.122	1.02
36.7	0.00205143	0.000103603	1517.84	1050	105	982.042	43.0795	43.0795	172.318	172.318	0 19900 8476.53 	28376.5	6.61896	6.55445	1005	670	0.0116053	0	1.122	1.02
36.8	0.00205145	0.000103614	1518.02	1050	105	982.163	43.0856	43.0856	172.342	172.342	0 19897.9 8473.77 	28371.7	6.61883	6.55445	1005	670	0.0116029	0	1.122	1.02
36.9	0.00205147	0.000103606	1517.92	1050	105	982.17	43.0746	43.0746	172.298	172.298	0 19899.6 8472.73 	28372.4	6.61863	6.55445	1005	670	0.0116007	0	1.122	1.02
37	0.00205148	0.000103618	1518.1	1050	105	982.291	43.0807	43.0807	172.323	172.323	0 19897.6 8469.96 	28367.5	6.6185	6.55445	1005	670	0.0115983	0	1.122	1.02
37.1	0.0020515	0.00010361	1518	1050	105	982.298	43.0698	43.0698	172.279	172.279	0 19899.3 8468.93 	28368.2	6.6183	6.55445	1005	670	0.0115961	0	1.122	1.02
37.2	0.00205152	0.000103621	1518.18	1050	105	982.418	43.0759	43.0759	172.304	172.304	0 19897.2 8466.17 	28363.4	6.61817	6.55445	1005	670	0.0115937	0	1.122	1.02
37.3	0.00205154	0.000103614	1518.08	1050	105	982.425	43.065	43.065	172.26	172.26	0 19898.9 8465.13 	28364	6.61798	6.55445	1005	670	0.0115915	0	1.122	1.02
37.4	0.00205155	0.000103625	1518.26	1050	105	982.545	43.0712	43.0712	172.285	172.285	0 19896.8 8462.39 	28359.2	6.61785	6.55445	1005	670	0.0115891	0	1.122	1.02
37.5	0.00205157	0.000103617	1518.16	1050	105	982.552	43.0603	43.0603	172.241	172.241	0 19898.5 8461.35 	28359.9	6.61765	6.55445	1005	670	0.011587	0	1.122	1.02
37.6	0.00205158	0.000103629	1518.34	1050	105	982.672	43.0664	43.0664	172.266	172.266	0 19896.4 8458.61 	28355	6.61752	6.55445	1005	670	0.0115846	0	1.122	1.02
37.7	0.0020516	0.000103621	1518.23	1050	105	982.679	43.0556	43.0556	172.222	172.222	0 19898.1 8457.58 	28355.7	6.61732	6.55445	1005	670	0.0115824	0	1.122	1.02
37.8	0.00205162	0.000103632	1518.42	1050	105	982.798	43.0618	43.0618	172.247	172.247	0 19896.1 8454.84 	28350.9	6.61719	6.55445	1005	670	0.01158	0	1.122	1.02
37.9	0.00205164	0.000103625	1518.31	1050	105	982.804	43.051	43.051	172.204	172.204	0 19897.7 8453.82 	28351.6	6.617	6.55445	1005	670	0.0115778	0	1.122	1.02
38	0.00205165	0.000103636	1518.49	1050	105	982.923	43.0571	43.0571	172.229	172.229	0 19895.7 8451.09 	28346.8	6.61687	6.55445	1005	670	0.0115755	0	1.122	1.02
38.1	0.00205167	0.000103628	1518.39	1050	105	982.93	43.0464	43.0464	172.186	172.186	0 19897.4 8450.06 	28347.4	6.61667	6.55445	1005	670	0.0115733	0	1.122	1.02
38.2	0.00205168	0.00010364	1518.57	1050	105	983.048	43.0525	43.0525	172.21	172.21	0 19895.3 8447.34 	28342.7	6.61654	6.55445	1005	670	0.0115709	0	1.122	1.02
38.3	0.0020517	0.000103632	1518.47	1050	105	983.054	43.0418	43.0418	172.167	172.167	0 19897 8446.31 	28343.3	6.61635	6.55445	1005	670	0.0115688	0	1.122	1.02
38.4	0.00205172	0.000103643	1518.65	1050	105	983.172	43.048	43.048	172.192	172.192	0 19894.9 8443.6 	28338.5	6.61622	6.55445	1005	670	0.0115664	0	1.122	1.02
38.5	0.00205174	0.000103636	1518.55	1050	105	983.178	43.0373	43.0373	172.149	172.149	0 19896.6 8442.58 	28339.2	6.61602	6.55445	1005	670	0.0115643	0	1.122	1.02
38.6	0.00205175	0.000103647	1518.73	1050	105	983.296	43.0435	43.0435	172.174	172.174	0 19894.6 8439.87 	28334.4	6.61589	6.55445	1005	670	0.0115619	0	1.122	1.02
38.7	0.00205177	0.000103639	1518.63	1050	105	983.302	43.0329	43.0329	172.131	172.131	0 19896.2 8438.85 	28335.1	6.6157	6.55445	1005	670	0.0115598	0	1.122	1.02
38.8	0.00205179	0.000103651	1518.81	1050	105	983.42	43.039	43.039	172.156	172.156	0 19894.2 8436.15 	28330.3	6.61557	6.55445	1005	670	0.0115574	0	1.122	1.02
38.9	0.00205181	0.000103643	1518.71	1050	105	983.425	43.0284	43.0284	172.114	172.114	0 19895.9 8435.13 	28331	6.61538	6.55445	1005	670	0.0115553	0	1.122	1.02
39	0.00205182	0.000103654	1518.89	1050	105	983.542	43.0346	43.0346	172.138	172.138	0 19893.8 8432.43 	28326.3	6.61525	6.55445	1005	670	0.0115529	0	1.122	1.02
39.1	0.00205184	0.000103647	1518.79	1050	105	983.548	43.0241	43.0241	172.096	172.096	0 19895.5 8431.42 	28326.9	6.61506	6.55445	1005	670	0.0115508	0	1.122	1.02
39.2	0.00205185	0.000103658	1518.97	1050	105	983.665	43.0303	43.0303	172.121	172.121	0 19893.4 8428.73 	28322.2	6.61493	6.55445	1005	670	0.0115485	0	1.122	1.02
39.3	0.00205187	0.00010365	1518.87	1050	105	983.67	43.0197	43.0197	172.079	172.079	0 19895.1 8427.72 	28322.8	6.61474	6.55445	1005	670	0.0115463	0	1.122	1.02
39.4	0.00205188	0.000103661	1519.05	1050	105	983.786	43.0259	43.0259	172.104	172.104	0 19893.1 8425.04 	28318.1	6.61461	6.55445	1005	670	0.011544	0	1.122	1.02
39.5	0.0020519	0.000103654	1518.95	1050	105	983.791	43.0154	43.0154	172.062	172.062	0 19894.7 8424.03 	28318.7	6.61441	6.55445	1005	670	0.0115418	0	1.122	1.02
39.6	0.00205192	0.000103665	1519.12	1050	105	983.908	43.0216	43.0216	172.087	172.087	0 19892.7 8421.35 	28314	6.61429	6.55445	1005	670	0.0115395	0	1.122	1.02
39.7	0.00205194	0.000103657	1519.02	1050	105	983.913	43.0112	43.0112	172.045	172.045	0 19894.3 8420.34 	28314.7	6.61409	6.55445	1005	670	0.0115374	0	1.122	1.02
39.8	0.00205195	0.000103669	1519.2	1050	105	984.028	43.0174	43.0174	172.07	172.07	0 19892.3 8417.67 	28310	6.61397	6.55445	1005	670	0.0115351	0	1.122	1.02
39.9	0.00205197	0.000103661	1519.1	1050	105	984.033	43.007	43.007	172.028	172.028	0 19894 8416.67 	28310.6	6.61378	6.55445	1005	670	0.011533	0	1.122	1.02
40	0.00205198	0.000103672	1519.28	1050	105	984.149	43.0132	43.0132	172.053	172.053	0 19891.9 8414 	28305.9	6.61365	6.55445	1005	670	0.0115307	0	1.122	1.02
40.1	0.002052	0.000103665	1519.18	1050	105	984.153	43.0028	43.0028	172.011	172.011	0 19893.6 8413 	28306.6	6.61346	6.55445	1005	670	0.0115285	0	1.122	1.02
40.2	0.00205202	0.000103676	1519.36	1050	105	984.268	43.009	43.009	172.036	172.036	0 19891.6 8410.34 	28301.9	6.61333	6.55445	1005	670	0.0115262	0	1.122	1.02
40.3	0.00205204	0.000103668	1519.26	1050	105	984.273	42.9987	42.9987	171.995	171.995	0 19893.2 8409.35 	28302.5	6.61314	6.55445	1005	670	0.0115241	0	1.122	1.02
40.4	0.00205205	0.00010368	1519.44	1050	105	984.388	43.0049	43.0049	172.02	172.02	0 19891.2 8406.69 	28297.9	6.61301	6.55445	1005	670	0.0115218	0	1.122	1.02
40.5	0.00205207	0.000103672	1519.34	1050	105	984.392	42.9946	42.9946	171.979	171.979	0 19892.8 8405.7 	28298.5	6.61282	6.55445	1005	670	0.0115197	0	1.122	1.02
40.6	0.00205208	0.000103683	1519.51	1050	105	984.506	43.0009	43.0009	172.003	172.003	0 19890.8 8403.05 	28293.9	6.6127	6.55445	1005	670	0.0115174	0	1.122	1.02
40.7	0.0020521	0.000103676	1519.42	1050	105	984.51	42.9906	42.9906	171.962	171.962	0 19892.4 8402.06 	28294.5	6.61251	6.55445	1005	670	0.0115153	0	1.122	1.02
40.8	0.00205211	0.000103687	1519.59	1050	105	984.624	42.9968	42.9968	171.987	171.987	0 19890.4 8399.42 	28289.9	6.61238	6.55445	1005	670	0.011513	0	1.122	1.02
40.9	0.00205213	0.000103679	1519.49	1050	105	984.628	42.9866	42.9866	171.946	171.946	0 19892.1 8398.43 	28290.5	6.61219	6.55445	1005	670	0.0115109	0	1.122	1.02
41	0.00205215	0.00010369	1519.67	1050	105	984.742	42.9928	42.9928	171.971	171.971	0 19890.1 8395.79 	28285.9	6.61207	6.55445	1005	670	0.0115087	0	1.122	1.02
41.1	0.00205217	0.000103683	1519.57	1050	105	984.746	42.9826	42.9826	171.931	171.931	0 19891.7 8394.8 	28286.5	6.61188	6.55445	1005	670	0.0115066	0	1.122	1.02
41.2	0.00205218	0.000103694	1519.75	1050	105	984.859	42.9889	42.9889	171.956	171.956	0 19889.7 8392.18 	28281.9	6.61175	6.55445	1005	670	0.0115043	0	1.122	1.02
41.3	0.0020522	0.000103687	1519.65	1050	105	984.863	42.9787	42.9787	171.915	171.915	0 19891.3 8391.19 	28282.5	6.61156	6.55445	1005	670	0.0115022	0	1.122	1.02
41.4	0.00205221	0.000103698	1519.83	1050	105	984.976	42.985	42.985	171.94	171.94	0 19889.3 8388.57 	28277.9	6.61144	6.55445	1005	670	0.0114999	0	1.122	1.02
41.5	0.00205223	0.00010369	1519.73	1050	105	984.979	42.9749	42.9749	171.899	171.899	0 19890.9 8387.59 	28278.5	6.61125	6.55445	1005	670	0.0114978	0	1.122	1.02
41.6	0.00205225	0.000103701	1519.9	1050	105	985.092	42.9811	42.9811	171.925	171.925	0 19888.9 8384.97 	28273.9	6.61112	6.55445	1005	670	0.0114956	0	1.122	1.02
41.7	0.00205226	0.000103694	1519.81	1050	105	985.096	42.971	42.971	171.884	171.884	0 19890.5 8383.99 	28274.5	6.61093	6.55445	1005	670	0.0114935	0	1.122	1.02
41.8	0.00205228	0.000103705	1519.98	1050	105	985.208	42.9773	42.9773	171.909	171.909	0 19888.5 8381.38 	28269.9	6.61081	6.55445	1005	670	0.0114912	0	1.122	1.02
41.9	0.0020523	0.000103697	1519.88	1050	105	985.211	42.9673	42.9673	171.869	171.869	0 19890.2 8380.4 	28270.6	6.61062	6.55445	1005	670	0.0114892	0	1.122	1.02
42	0.00205231	0.000103708	1520.06	1050	105	985.323	42.9735	42.9735	171.894	171.894	0 19888.2 8377.8 	28266	6.6105	6.55445	1005	670	0.0114869	0	1.122	1.02
42.1	0.00205233	0.000103701	1519.96	1050	105	985.326	42.9635	42.9635	171.854	171.854	0 19889.8 8376.82 	28266.6	6.61031	6.55445	1005	670	0.0114848	0	1.122	1.02
42.2	0.00205234	0.000103712	1520.14	1050	105	985.438	42.9698	42.9698	171.879	171.879	0 19887.8 8374.23 	28262	6.61019	6.55445	1005	670	0.0114826	0	1.122	1.02
42.3	0.00205236	0.000103705	1520.04	1050	105	985.441	42.9598	42.9598	171.839	171.839	0 19889.4 8373.25 	28262.7	6.61	6.55445	1005	670	0.0114805	0	1.122	1.02
42.4	0.00205237	0.000103716	1520.21	1050	105	985.552	42.9661	42.9661	171.864	171.864	0 19887.4 8370.66 	28258.1	6.60988	6.55445	1005	670	0.0114783	0	1.122	1.02
42.5	0.00205239	0.000103708	1520.12	1050	105	985.555	42.9561	42.9561	171.825	171.825	0 19889 8369.69 	28258.7	6.60969	6.55445	1005	670	0.0114762	0	1.122	1.02
42.6	0.00205241	0.000103719	1520.29	1050	105	985.666	42.9624	42.9624	171.85	171.85	0 19887 8367.11 	28254.1	6.60957	6.55445	1005	670	0.011474	0	1.122	1.02
42.7	0.00205243	0.000103712	1520.19	1050	105	985.669	42.9525	42.9525	171.81	171.81	0 19888.6 8366.14 	28254.8	6.60938	6.55445	1005	670	0.0114719	0	1.122	1.02
42.8	0.00205244	0.000103723	1520.37	1050	105	985.779	42.9588	42.9588	171.835	171.835	0 19886.7 8363.56 	28250.2	6.60926	6.55445	1005	670	0.0114697	0	1.122	1.02
42.9	0.00205246	0.000103715	1520.27	1050	105	985.782	42.9489	42.9489	171.796	171.796	0 19888.3 8362.59 	28250.8	6.60907	6.55445	1005	670	0.0114677	0	1.122	1.02
43	0.00205247	0.000103726	1520.44	1050	105	985.892	42.9552	42.9552	171.821	171.821	0 19886.3 8360.02 	28246.3	6.60895	6.55445	1005	670	0.0114655	0	1.122	1.02
43.1	0.00205249	0.000103719	1520.35	1050	105	985.894	42.9454	42.9454	171.782	171.782	0 19887.9 8359.05 	28246.9	6.60876	6.55445	1005	670	0.0114634	0	1.122	1.02
43.2	0.0020525	0.00010373	1520.52	1050	105	986.005	42.9517	42.9517	171.807	171.807	0 19885.9 8356.49 	28242.4	6.60864	6.55445	1005	670	0.0114612	0	1.122	1.02
43.3	0.00205252	0.000103723	1520.43	1050	105	986.007	42.9419	42.9419	171.768	171.768	0 19887.5 8355.53 	28243	6.60845	6.55445	1005	670	0.0114591	0	1.122	1.02
43.4	0.00205253	0.000103734	1520.6	1050	105	986.116	42.9482	42.9482	171.793	171.793	0 19885.5 8352.97 	28238.5	6.60833	6.55445	1005	670	0.0114569	0	1.122	1.02
43.5	0.00205255	0.000103726	1520.5	1050	105	986.118	42.9384	42.9384	171.754	171.754	0 19887.1 8352.01 	28239.1	6.60815	6.55445	1005	670	0.0114549	0	1.122	1.02
43.6	0.00205257	0.000103737	1520.68	1050	105	986.228	42.9447	42.9447	171.779	171.779	0 19885.1 8349.45 	28234.6	6.60803	6.55445	1005	670	0.0114527	0	1.122	1.02
43.7	0.00205259	0.00010373	1520.58	1050	105	986.23	42.935	42.935	171.74	171.74	0 19886.7 8348.5 	28235.2	6.60784	6.55445	1005	670	0.0114507	0	1.122	1.02
43.8	0.0020526	0.000103741	1520.75	1050	105	986.339	42.9413	42.9413	171.765	171.765	0 19884.8 8345.95 	28230.7	6.60772	6.55445	1005	670	0.0114485	0	1.122	1.02
43.9	0.00205262	0.000103734	1520.66	1050	105	986.34	42.9316	42.9316	171.726	171.726	0 19886.3 8344.99 	28231.3	6.60753	6.55445	1005	670	0.0114464	0	1.122	1.02
44	0.00205263	0.000103744	1520.83	1050	105	986.449	42.9379	42.9379	171.752	171.752	0 19884.4 8342.45 	28226.8	6.60741	6.55445	1005	670	0.0114443	0	1.122	1.02
44.1	0.00205265	0.000103737	1520.73	1050	105	986.451	42.9283	42.9283	171.713	171.713	0 19886 8341.5 	28227.5	6.60723	6.55445	1005	670	0.0114422	0	1.122	1.02
44.2	0.00205266	0.000103748	1520.91	1050	105	986.559	42.9346	42.9346	171.738	171.738	0 19884 8338.96 	28223	6.60711	6.55445	1005	670	0.01144	0	1.122	1.02
44.3	0.00205268	0.000103741	1520.81	1050	105	986.561	42.925	42.925	171.7	171.7	0 19885.6 8338.01 	28223.6	6.60692	6.55445	1005	670	0.011438	0	1.122	1.02
44.4	0.00205269	0.000103752	1520.98	1050	105	986.669	42.9313	42.9313	171.725	171.725	0 19883.6 8335.48 	28219.1	6.6068	6.55445	1005	670	0.0114358	0	1.122	1.02
44.5	0.00205271	0.000103744	1520.89	1050	105	986.67	42.9217	42.9217	171.687	171.687	0 19885.2 8334.54 	28219.7	6.60662	6.55445	1005	670	0.0114338	0	1.122	1.02
44.6	0.00205272	0.000103755	1521.06	1050	105	986.778	42.9281	42.9281	171.712	171.712	0 19883.2 8332.01 	28215.3	6.6065	6.55445	1005	670	0.0114317	0	1.122	1.02
44.7	0.00205274	0.000103748	1520.96	1050	105	986.779	42.9185	42.9185	171.674	171.674	0 19884.8 8331.07 	28215.9	6.60632	6.55445	1005	670	0.0114296	0	1.122	1.02
44.8	0.00205276	0.000103759	1521.13	1050	105	986.886	42.9248	42.9248	171.699	171.699	0 19882.9 8328.55 	28211.4	6.6062	6.55445	1005	670	0.0114275	0	1.122	1.02
44.9	0.00205277	0.000103751	1521.04	1050	105	986.887	42.9153	42.9153	171.661	171.661	0 19884.4 8327.6 	28212	6.60601	6.55445	1005	670	0.0114255	0	1.122	1.02
45	0.00205279	0.000103762	1521.21	1050	105	986.995	42.9216	42.9216	171.687	171.687	0 19882.5 8325.09 	28207.6	6.60589	6.55445	1005	670	0.0114233	0	1.122	1.02
45.1	0.00205281	0.000103755	1521.12	1050	105	986.995	42.9122	42.9122	171.649	171.649	0 19884 8324.15 	28208.2	6.60571	6.55445	1005	670	0.0114213	0	1.122	1.02
45.2	0.00205282	0.000103766	1521.29	1050	105	987.102	42.9185	42.9185	171.674	171.674	0 19882.1 8321.65 	28203.7	6.60559	6.55445	1005	670	0.0114192	0	1.122	1.02
45.3	0.00205284	0.000103759	1521.19	1050	105	987.103	42.909	42.909	171.636	171.636	0 19883.7 8320.71 	28204.4	6.60541	6.55445	1005	670	0.0114172	0	1.122	1.02
45.4	0.00205285	0.000103769	1521.36	1050	105	987.21	42.9154	42.9154	171.662	171.662	0 19881.7 8318.21 	28199.9	6.60529	6.55445	1005	670	0.011415	0	1.122	1.02
45.5	0.00205287	0.000103762	1521.27	1050	105	987.21	42.906	42.906	171.624	171.624	0 19883.3 8317.27 	28200.5	6.60511	6.55445	1005	670	0.011413	0	1.122	1.02
45.6	0.00205288	0.000103773	1521.44	1050	105	987.316	42.9123	42.9123	171.649	171.649	0 19881.3 8314.78 	28196.1	6.60499	6.55445	1005	670	0.0114109	0	1.122	1.02
45.7	0.0020529	0.000103766	1521.35	1050	105	987.317	42.9029	42.9029	171.612	171.612	0 19882.9 8313.84 	28196.7	6.60481	6.55445	1005	670	0.0114089	0	1.122	1.02
45.8	0.00205291	0.000103777	1521.52	1050	105	987.423	42.9093	42.9093	171.637	171.637	0 19880.9 8311.36 	28192.3	6.60469	6.55445	1005	670	0.0114067	0	1.122	1.02
45.9	0.00205293	0.000103769	1521.42	1050	105	987.423	42.9	42.9	171.6	171.6	0 19882.5 8310.42 	28192.9	6.60451	6.55445	1005	670	0.0114048	0	1.122	1.02
46	0.00205294	0.00010378	1521.59	1050	105	987.529	42.9063	42.9063	171.625	171.625	0 19880.6 8307.94 	28188.5	6.60439	6.55445	1005	670	0.0114026	0	1.122	1.02
46.1	0.00205296	0.000103773	1521.5	1050	105	987.529	42.897	42.897	171.588	171.588	0 19882.1 8307.01 	28189.1	6.60421	6.55445	1005	670	0.0114007	0	1.122	1.02
46.2	0.00205297	0.000103784	1521.67	1050	105	987.634	42.9034	42.9034	171.613	171.613	0 19880.2 8304.54 	28184.7	6.60409	6.55445	1005	670	0.0113985	0	1.122	1.02
46.3	0.00205299	0.000103777	1521.57	1050	105	987.634	42.8941	42.8941	171.576	171.576	0 19881.7 8303.61 	28185.3	6.60391	6.55445	1005	670	0.0113966	0	1.122	1.02
46.4	0.002053	0.000103787	1521.74	1050	105	987.739	42.9005	42.9005	171.602	171.602	0 19879.8 8301.14 	28180.9	6.60379	6.55445	1005	670	0.0113944	0	1.122	1.02
46.5	0.00205302	0.00010378	1521.65	1050	105	987.739	42.8912	42.8912	171.565	171.565	0 19881.3 8300.21 	28181.6	6.60361	6.55445	1005	670	0.0113925	0	1.122	1.02
46.6	0.00205303	0.000103791	1521.82	1050	105	987.844	42.8976	42.8976	171.59	171.59	0 19879.4 8297.75 	28177.2	6.6035	6.55445	1005	670	0.0113903	0	1.122	1.02
46.7	0.00205305	0.000103784	1521.73	1050	105	987.843	42.8884	42.8884	171.553	171.553	0 19881 8296.83 	28177.8	6.60331	6.55445	1005	670	0.0113884	0	1.122	1.02
46.8	0.00205307	0.000103794	1521.9	1050	105	987.948	42.8947	42.8947	171.579	171.579	0 19879 8294.37 	28173.4	6.6032	6.55445	1005	670	0.0113863	0	1.122	1.02
46.9	0.00205308	0.000103787	1521.8	1050	105	987.947	42.8856	42.8856	171.542	171.542	0 19880.6 8293.45 	28174	6.60302	6.55445	1005	670	0.0113843	0	1.122	1.02
47	0.0020531	0.000103798	1521.97	1050	105	988.051	42.8919	42.8919	171.568	171.568	0 19878.6 8291 	28169.6	6.6029	6.55445	1005	670	0.0113822	0	1.122	1.02
47.1	0.00205312	0.000103791	1521.88	1050	105	988.051	42.8828	42.8828	171.531	171.531	0 19880.2 8290.08 	28170.3	6.60272	6.55445	1005	670	0.0113803	0	1.122	1.02
47.2	0.00205313	0.000103801	1522.05	1050	105	988.155	42.8892	42.8892	171.557	171.557	0 19878.3 8287.63 	28165.9	6.60261	6.55445	1005	670	0.0113782	0	1.122	1.02
47.3	0.00205315	0.000103794	1521.95	1050	105	988.154	42.8801	42.8801	171.52	171.52	0 19879.8 8286.71 	28166.5	6.60243	6.55445	1005	670	0.0113762	0	1.122	1.02
47.4	0.00205316	0.000103805	1522.12	1050	105	988.257	42.8865	42.8865	171.546	171.546	0 19877.9 8284.28 	28162.2	6.60231	6.55445	1005	670	0.0113741	0	1.122	1.02
47.5	0.00205318	0.000103798	1522.03	1050	105	988.256	42.8774	42.8774	171.509	171.509	0 19879.4 8283.36 	28162.8	6.60213	6.55445	1005	670	0.0113722	0	1.122	1.02
47.6	0.00205319	0.000103809	1522.2	1050	105	988.36	42.8838	42.8838	171.535	171.535	0 19877.5 8280.93 	28158.4	6.60202	6.55445	1005	670	0.0113701	0	1.122	1.02
47.7	0.00205321	0.000103802	1522.11	1050	105	988.359	42.8747	42.8747	171.499	171.499	0 19879 8280.01 	28159	6.60184	6.55445	1005	670	0.0113681	0	1.122	1.02
47.8	0.00205322	0.000103812	1522.27	1050	105	988.462	42.8811	42.8811	171.524	171.524	0 19877.1 8277.59 	28154.7	6.60172	6.55445	1005	670	0.011366	0	1.122	1.02
47.9	0.00205324	0.000103805	1522.18	1050	105	988.461	42.8721	42.8721	171.488	171.488	0 19878.6 8276.67 	28155.3	6.60154	6.55445	1005	670	0.0113641	0	1.122	1.02
48	0.00205325	0.000103816	1522.35	1050	105	988.563	42.8785	42.8785	171.514	171.514	0 19876.7 8274.25 	28151	6.60143	6.55445	1005	670	0.011362	0	1.122	1.02
48.1	0.00205327	0.000103809	1522.26	1050	105	988.562	42.8695	42.8695	171.478	171.478	0 19878.2 8273.34 	28151.6	6.60125	6.55445	1005	670	0.0113601	0	1.122	1.02
48.2	0.00205328	0.000103819	1522.42	1050	105	988.664	42.8759	42.8759	171.504	171.504	0 19876.3 8270.93 	28147.3	6.60114	6.55445	1005	670	0.011358	0	1.122	1.02
48.3	0.0020533	0.000103812	1522.33	1050	105	988.663	42.867	42.867	171.468	171.468	0 19877.8 8270.02 	28147.9	6.60096	6.55445	1005	670	0.0113561	0	1.122	1.02
48.4	0.00205331	0.000103823	1522.5	1050	105	988.765	42.8734	42.8734	171.494	171.494	0 19875.9 8267.61 	28143.6	6.60085	6.55445	1005	670	0.011354	0	1.122	1.02
48.5	0.00205333	0.000103816	1522.41	1050	105	988.763	42.8644	42.8644	171.458	171.458	0 19877.5 8266.71 	28144.2	6.60067	6.55445	1005	670	0.0113521	0	1.122	1.02
48.6	0.00205334	0.000103826	1522.57	1050	105	988.865	42.8709	42.8709	171.483	171.483	0 19875.6 8264.3 	28139.9	6.60055	6.55445	1005	670	0.0113501	0	1.122	1.02
48.7	0.00205336	0.000103819	1522.48	1050	105	988.863	42.862	42.862	171.448	171.448	0 19877.1 8263.4 	28140.5	6.60038	6.55445	1005	670	0.0113481	0	1.122	1.02
48.8	0.00205337	0.00010383	1522.65	1050	105	988.965	42.8684	42.8684	171.474	171.474	0 19875.2 8261 	28136.2	6.60026	6.55445	1005	670	0.0113461	0	1.122	1.02
48.9	0.00205339	0.000103823	1522.56	1050	105	988.963	42.8595	42.8595	171.438	171.438	0 19876.7 8260.1 	28136.8	6.60009	6.55445	1005	670	0.0113442	0	1.122	1.02
49	0.0020534	0.000103833	1522.72	1050	105	989.064	42.866	42.866	171.464	171.464	0 19874.8 8257.71 	28132.5	6.59997	6.55445	1005	670	0.0113421	0	1.122	1.02
49.1	0.00205342	0.000103827	1522.63	1050	105	989.062	42.8571	42.8571	171.429	171.429	0 19876.3 8256.81 	28133.1	6.59979	6.55445	1005	670	0.0113402	0	1.122	1.02
49.2	0.00205343	0.000103837	1522.8	1050	105	989.163	42.8636	42.8636	171.454	171.454	0 19874.4 8254.42 	28128.8	6.59968	6.55445	1005	670	0.0113382	0	1.122	1.02
49.3	0.00205345	0.00010383	1522.71	1050	105	989.161	42.8548	42.8548	171.419	171.419	0 19875.9 8253.53 	28129.4	6.59951	6.55445	1005	670	0.0113363	0	1.122	1.02
49.4	0.00205346	0.000103841	1522.87	1050	105	989.262	42.8612	42.8612	171.445	171.445	0 19874 8251.15 	28125.2	6.59939	6.55445	1005	670	0.0113342	0	1.122	1.02
49.5	0.00205348	0.000103834	1522.78	1050	105	989.26	42.8524	42.8524	171.41	171.41	0 19875.5 8250.25 	28125.8	6.59922	6.55445	1005	670	0.0113323	0	1.122	1.02
49.6	0.00205349	0.000103844	1522.95	1050	105	989.36	42.8589	42.8589	171.436	171.436	0 19873.6 8247.88 	28121.5	6.59911	6.55445	1005	670	0.0113303	0	1.122	1.02
49.7	0.00205351	0.000103837	1522.86	1050	105	989.358	42.8501	42.8501	171.401	171.401	0 19875.1 8246.98 	28122.1	6.59893	6.55445	1005	670	0.0113284	0	1.122	1.02
49.8	0.00205352	0.000103848	1523.02	1050	105	989.458	42.8566	42.8566	171.426	171.426	0 19873.2 8244.61 	28117.9	6.59882	6.55445	1005	670	0.0113264	0	1.122	1.02
49.9	0.00205354	0.000103841	1522.93	1050	105	989.455	42.8479	42.8479	171.392	171.392	0 19874.7 8243.72 	28118.4	6.59864	6.55445	1005	670	0.0113245	0	1.122	1.02
50	0.00205355	0.000103851	1523.1	1050	105	989.555	42.8543	42.8543	171.417	171.417	0 19872.8 8241.36 	28114.2	6.59853	6.55445	1005	670	0.0113224	0	1.122	1.02
50.1	0.00205357	0.000103844	1523.01	1050	105	989.552	42.8457	42.8457	171.383	171.383	0 19874.3 8240.47 	28114.8	6.59835	6.55445	1005	670	0.0113206	0	1.122	1.02
50.2	0.00205358	0.000103855	1523.17	1050	105	989.652	42.8521	42.8521	171.408	171.408	0 19872.5 8238.11 	28110.6	6.59824	6.55445	1005	670	0.0113185	0	1.122	1.02
50.3	0.0020536	0.000103848	1523.08	1050	105	989.649	42.8435	42.8435	171.374	171.374	0 19873.9 8237.23 	28111.2	6.59807	6.55445	1005	670	0.0113167	0	1.122	1.02
50.4	0.00205361	0.000103858	1523.25	1050	105	989.748	42.8499	42.8499	171.4	171.4	0 19872.1 8234.88 	28106.9	6.59796	6.55445	1005	670	0.0113146	0	1.122	1.02
50.5	0.00205363	0.000103851	1523.16	1050	105	989.745	42.8413	42.8413	171.365	171.365	0 19873.5 8233.99 	28107.5	6.59778	6.55445	1005	670	0.0113128	0	1.122	1.02
50.6	0.00205364	0.000103862	1523.32	1050	105	989.844	42.8478	42.8478	171.391	171.391	0 19871.7 8231.65 	28103.3	6.59767	6.55445	1005	670	0.0113108	0	1.122	1.02
50.7	0.00205366	0.000103855	1523.23	1050	105	989.841	42.8392	42.8392	171.357	171.357	0 19873.2 8230.76 	28103.9	6.5975	6.55445	1005	670	0.0113089	0	1.122	1.02
50.8	0.00205367	0.000103865	1523.4	1050	105	989.94	42.8457	42.8457	171.383	171.383	0 19871.3 8228.42 	28099.7	6.59739	6.55445	1005	670	0.0113069	0	1.122	1.02
50.9	0.00205369	0.000103859	1523.31	1050	105	989.937	42.8371	42.8371	171.348	171.348	0 19872.8 8227.54 	28100.3	6.59721	6.55445	1005	670	0.011305	0	1.122	1.02
51	0.0020537	0.000103869	1523.47	1050	105	990.035	42.8436	42.8436	171.374	171.374	0 19870.9 8225.21 	28096.1	6.5971	6.55445	1005	670	0.011303	0	1.122	1.02
51.1	0.00205372	0.000103862	1523.38	1050	105	990.032	42.8351	42.8351	171.34	171.34	0 19872.4 8224.33 	28096.7	6.59693	6.55445	1005	670	0.0113012	0	1.122	1.02
51.2	0.00205373	0.000103872	1523.55	1050	105	990.13	42.8415	42.8415	171.366	171.366	0 19870.5 8222 	28092.5	6.59682	6.55445	1005	670	0.0112992	0	1.122	1.02
51.3	0.00205375	0.000103866	1523.46	1050	105	990.127	42.8331	42.8331	171.332	171.332	0 19872 8221.13 	28093.1	6.59664	6.55445	1005	670	0.0112973	0	1.122	1.02
51.4	0.00205376	0.000103876	1523.62	1050	105	990.225	42.8395	42.8395	171.358	171.358	0 19870.1 8218.8 	28088.9	6.59653	6.55445	1005	670	0.0112953	0	1.122	1.02
51.5	0.00205378	0.000103869	1523.53	1050	105	990.221	42.8311	42.8311	171.324	171.324	0 19871.6 8217.93 	28089.5	6.59636	6.55445	1005	670	0.0112935	0	1.122	1.02
51.6	0.00205379	0.000103879	1523.69	1050	105	990.319	42.8376	42.8376	171.35	171.35	0 19869.7 8215.61 	28085.3	6.59625	6.55445	1005	670	0.0112915	0	1.122	1.02
51.7	0.0020538	0.000103873	1523.61	1050	105	990.315	42.8291	42.8291	171.317	171.317	0 19871.2 8214.74 	28085.9	6.59608	6.55445	1005	670	0.0112896	0	1.122	1.02
51.8	0.00205382	0.000103883	1523.77	1050	105	990.412	42.8356	42.8356	171.342	171.342	0 19869.3 8212.43 	28081.8	6.59597	6.55445	1005	670	0.0112877	0	1.122	1.02
51.9	0.00205383	0.000103876	1523.68	1050	105	990.409	42.8272	42.8272	171.309	171.309	0 19870.8 8211.56 	28082.3	6.5958	6.55445	1005	670	0.0112858	0	1.122	1.02
52	0.00205384	0.000103886	1523.84	1050	105	990.506	42.8337	42.8337	171.335	171.335	0 19868.9 8209.25 	28078.2	6.59569	6.55445	1005	670	0.0112838	0	1.122	1.02
52.1	0.00205386	0.00010388	1523.76	1050	105	990.502	42.8253	42.8253	171.301	171.301	0 19870.4 8208.38 	28078.8	6.59551	6.55445	1005	670	0.011282	0	1.122	1.02
52.2	0.00205387	0.00010389	1523.92	1050	105	990.598	42.8318	42.8318	171.327	171.327	0 19868.6 8206.08 	28074.6	6.59541	6.55445	1005	670	0.01128	0	1.122	1.02
52.3	0.00205389	0.000103883	1523.83	1050	105	990.595	42.8235	42.8235	171.294	171.294	0 19870 8205.21 	28075.2	6.59523	6.55445	1005	670	0.0112782	0	1.122	1.02
52.4	0.0020539	0.000103894	1523.99	1050	105	990.691	42.83	42.83	171.32	171.32	0 19868.2 8202.92 	28071.1	6.59513	6.55445	1005	670	0.0112762	0	1.122	1.02
52.5	0.00205392	0.000103887	1523.9	1050	105	990.687	42.8217	42.8217	171.287	171.287	0 19869.6 8202.06 	28071.7	6.59495	6.55445	1005	670	0.0112744	0	1.122	1.02
52.6	0.00205393	0.000103897	1524.06	1050	105	990.783	42.8282	42.8282	171.313	171.313	0 19867.8 8199.76 	28067.5	6.59485	6.55445	1005	670	0.0112724	0	1.122	1.02
52.7	0.00205395	0.00010389	1523.98	1050	105	990.779	42.8199	42.8199	171.28	171.28	0 19869.2 8198.9 	28068.1	6.59467	6.55445	1005	670	0.0112706	0	1.122	1.02
52.8	0.00205396	0.000103901	1524.14	1050	105	990.875	42.8264	42.8264	171.306	171.306	0 19867.4 8196.62 	28064	6.59457	6.55445	1005	670	0.0112687	0	1.122	1.02
52.9	0.00205398	0.000103894	1524.05	1050	105	990.87	42.8182	42.8182	171.273	171.273	0 19868.8 8195.76 	28064.6	6.5944	6.55445	1005	670	0.0112668	0	1.122	1.02
53	0.00205399	0.000103904	1524.21	1050	105	990.966	42.8247	42.8247	171.299	171.299	0 19867 8193.48 	28060.5	6.59429	6.55445	1005	670	0.0112649	0	1.122	1.02
53.1	0.00205401	0.000103897	1524.13	1050	105	990.962	42.8165	42.8165	171.266	171.266	0 19868.4 8192.62 	28061	6.59412	6.55445	1005	670	0.0112631	0	1.122	1.02
53.2	0.00205402	0.000103908	1524.29	1050	105	991.057	42.823	42.823	171.292	171.292	0 19866.6 8190.35 	28056.9	6.59401	6.55445	1005	670	0.0112611	0	1.122	1.02
53.3	0.00205404	0.000103901	1524.2	1050	105	991.052	42.8148	42.8148	171.259	171.259	0 19868 8189.49 	28057.5	6.59384	6.55445	1005	670	0.0112593	0	1.122	1.02
53.4	0.00205405	0.000103911	1524.36	1050	105	991.147	42.8213	42.8213	171.285	171.285	0 19866.2 8187.22 	28053.4	6.59373	6.55445	1005	670	0.0112574	0	1.122	1.02
53.5	0.00205407	0.000103905	1524.27	1050	105	991.143	42.8131	42.8131	171.253	171.253	0 19867.6 8186.37 	28054	6.59356	6.55445	1005	670	0.0112556	0	1.122	1.02
53.6	0.00205408	0.000103915	1524.43	1050	105	991.238	42.8197	42.8197	171.279	171.279	0 19865.8 8184.11 	28049.9	6.59346	6.55445	1005	670	0.0112536	0	1.122	1.02
53.7	0.00205409	0.000103908	1524.35	1050	105	991.233	42.8115	42.8115	171.246	171.246	0 19867.2 8183.26 	28050.5	6.59328	6.55445	1005	670	0.0112518	0	1.122	1.02
53.8	0.00205411	0.000103918	1524.51	1050	105	991.327	42.8181	42.8181	171.272	171.272	0 19865.4 8181 	28046.4	6.59318	6.55445	1005	670	0.0112499	0	1.122	1.02
53.9	0.00205412	0.000103912	1524.42	1050	105	991.322	42.81	42.81	171.24	171.24	0 19866.8 8180.15 	28047	6.59301	6.55445	1005	670	0.0112481	0	1.122	1.02
54	0.00205413	0.000103922	1524.58	1050	105	991.417	42.8165	42.8165	171.266	171.266	0 19865 8177.9 	28042.9	6.5929	6.55445	1005	670	0.0112462	0	1.122	1.02
54.1	0.00205415	0.000103915	1524.5	1050	105	991.412	42.8084	42.8084	171.234	171.234	0 19866.4 8177.05 	28043.5	6.59273	6.55445	1005	670	0.0112444	0	1.122	1.02
54.2	0.00205416	0.000103925	1524.66	1050	105	991.506	42.8149	42.8149	171.26	171.26	0 19864.6 8174.81 	28039.4	6.59263	6.55445	1005	670	0.0112425	0	1.122	1.02
54.3	0.00205418	0.000103919	1524.57	1050	105	991.501	42.8069	42.8069	171.228	171.228	0 19866 8173.96 	28040	6.59246	6.55445	1005	670	0.0112407	0	1.122	1.02
54.4	0.00205419	0.000103929	1524.73	1050	105	991.594	42.8134	42.8134	171.254	171.254	0 19864.2 8171.72 	28035.9	6.59235	6.55445	1005	670	0.0112388	0	1.122	1.02
54.5	0.00205421	0.000103922	1524.64	1050	105	991.589	42.8054	42.8054	171.222	171.222	0 19865.6 8170.88 	28036.5	6.59218	6.55445	1005	670	0.011237	0	1.122	1.02
54.6	0.00205422	0.000103932	1524.8	1050	105	991.682	42.812	42.812	171.248	171.248	0 19863.8 8168.64 	28032.5	6.59208	6.55445	1005	670	0.0112351	0	1.122	1.02
54.7	0.00205424	0.000103926	1524.72	1050	105	991.677	42.804	42.804	171.216	171.216	0 19865.2 8167.8 	28033	6.59191	6.55445	1005	670	0.0112333	0	1.122	1.02
54.8	0.00205425	0.000103936	1524.88	1050	105	991.77	42.8105	42.8105	171.242	171.242	0 19863.4 8165.57 	28029	6.5918	6.55445	1005	670	0.0112314	0	1.122	1.02
54.9	0.00205427	0.000103929	1524.79	1050	105	991.765	42.8026	42.8026	171.21	171.21	0 19864.8 8164.73 	28029.6	6.59164	6.55445	1005	670	0.0112296	0	1.122	1.02
55	0.00205428	0.000103939	1524.95	1050	105	991.858	42.8091	42.8091	171.236	171.236	0 19863 8162.5 	28025.5	6.59153	6.55445	1005	670	0.0112277	0	1.122	1.02
55.1	0.00205429	0.000103933	1524.86	1050	105	991.852	42.8012	42.8012	171.205	171.205	0 19864.4 8161.67 	28026.1	6.59136	6.55445	1005	670	0.011226	0	1.122	1.02
55.2	0.0020543	0.000103943	1525.02	1050	105	991.945	42.8077	42.8077	171.231	171.231	0 19862.6 8159.45 	28022.1	6.59126	6.55445	1005	670	0.0112241	0	1.122	1.02
55.3	0.00205432	0.000103936	1524.94	1050	105	991.939	42.7998	42.7998	171.199	171.199	0 19864 8158.61 	28022.6	6.59109	6.55445	1005	670	0.0112223	0	1.122	1.02
55.4	0.00205433	0.000103946	1525.1	1050	105	992.032	42.8064	42.8064	171.225	171.225	0 19862.2 8156.4 	28018.6	6.59099	6.55445	1005	670	0.0112204	0	1.122	1.02
55.5	0.00205435	0.00010394	1525.01	1050	105	992.026	42.7985	42.7985	171.194	171.194	0 19863.6 8155.57 	28019.2	6.59082	6.55445	1005	670	0.0112186	0	1.122	1.02
55.6	0.00205436	0.00010395	1525.17	1050	105	992.118	42.8051	42.8051	171.22	171.22	0 19861.8 8153.36 	28015.2	6.59071	6.55445	1005	670	0.0112168	0	1.122	1.02
55.7	0.00205438	0.000103943	1525.08	1050	105	992.112	42.7972	42.7972	171.189	171.189	0 19863.2 8152.53 	28015.8	6.59055	6.55445	1005	670	0.011215	0	1.122	1.02
55.8	0.00205439	0.000103953	1525.24	1050	105	992.204	42.8038	42.8038	171.215	171.215	0 19861.4 8150.32 	28011.8	6.59044	6.55445	1005	670	0.0112131	0	1.122	1.02
55.9	0.00205441	0.000103947	1525.16	1050	105	992.198	42.796	42.796	171.184	171.184	0 19862.8 8149.49 	28012.3	6.59028	6.55445	1005	670	0.0112114	0	1.122	1.02
56	0.00205442	0.000103957	1525.31	1050	105	992.29	42.8025	42.8025	171.21	171.21	0 19861 8147.29 	28008.3	6.59017	6.55445	1005	670	0.0112095	0	1.122	1.02
56.1	0.00205443	0.00010395	1525.23	1050	105	992.284	42.7948	42.7948	171.179	171.179	0 19862.4 8146.47 	28008.9	6.59001	6.55445	1005	670	0.0112077	0	1.122	1.02
56.2	0.00205445	0.00010396	1525.39	1050	105	992.375	42.8013	42.8013	171.205	171.205	0 19860.6 8144.27 	28004.9	6.5899	6.55445	1005	670	0.0112059	0	1.122	1.02
56.3	0.00205446	0.000103954	1525.3	1050	105	992.369	42.7936	42.7936	171.174	171.174	0 19862 8143.45 	28005.5	6.58974	6.55445	1005	670	0.0112041	0	1.122	1.02
56.4	0.00205447	0.000103964	1525.46	1050	105	992.46	42.8001	42.8001	171.2	171.2	0 19860.2 8141.26 	28001.5	6.58963	6.55445	1005	670	0.0112023	0	1.122	1.02
56.5	0.00205449	0.000103957	1525.38	1050	105	992.454	42.7924	42.7924	171.17	171.17	0 19861.6 8140.44 	28002.1	6.58947	6.55445	1005	670	0.0112005	0	1.122	1.02
56.6	0.0020545	0.000103967	1525.53	1050	105	992.545	42.799	42.799	171.196	171.196	0 19859.8 8138.26 	27998.1	6.58936	6.55445	1005	670	0.0111987	0	1.122	1.02
56.7	0.00205452	0.000103961	1525.45	1050	105	992.538	42.7913	42.7913	171.165	171.165	0 19861.2 8137.43 	27998.6	6.5892	6.55445	1005	670	0.0111969	0	1.122	1.02
56.8	0.00205453	0.000103971	1525.61	1050	105	992.629	42.7978	42.7978	171.191	171.191	0 19859.4 8135.26 	27994.7	6.5891	6.55445	1005	670	0.0111951	0	1.122	1.02
56.9	0.00205455	0.000103965	1525.52	1050	105	992.622	42.7902	42.7902	171.161	171.161	0 19860.8 8134.44 	27995.2	6.58893	6.55445	1005	670	0.0111933	0	1.122	1.02
57	0.00205456	0.000103974	1525.68	1050	105	992.713	42.7967	42.7967	171.187	171.187	0 19859 8132.27 	27991.3	6.58883	6.55445	1005	670	0.0111915	0	1.122	1.02
57.1	0.00205457	0.000103968	1525.6	1050	105	992.706	42.7891	42.7891	171.156	171.156	0 19860.4 8131.45 	27991.9	6.58866	6.55445	1005	670	0.0111898	0	1.122	1.02
57.2	0.00205459	0.000103978	1525.75	1050	105	992.796	42.7957	42.7957	171.183	171.183	0 19858.6 8129.28 	27987.9	6.58856	6.55445	1005	670	0.0111879	0	1.122	1.02
57.3	0.0020546	0.000103972	1525.67	1050	105	992.79	42.7881	42.7881	171.152	171.152	0 19860 8128.47 	27988.5	6.5884	6.55445	1005	670	0.0111862	0	1.122	1.02
57.4	0.00205461	0.000103981	1525.83	1050	105	992.879	42.7946	42.7946	171.179	171.179	0 19858.2 8126.3 	27984.5	6.58829	6.55445	1005	670	0.0111844	0	1.122	1.02
57.5	0.00205463	0.000103975	1525.74	1050	105	992.873	42.7871	42.7871	171.148	171.148	0 19859.6 8125.49 	27985.1	6.58813	6.55445	1005	670	0.0111826	0	1.122	1.02
57.6	0.00205464	0.000103985	1525.9	1050	105	992.962	42.7936	42.7936	171.174	171.174	0 19857.8 8123.33 	27981.2	6.58803	6.55445	1005	670	0.0111808	0	1.122	1.02
57.7	0.00205466	0.000103979	1525.82	1050	105	992.955	42.7861	42.7861	171.144	171.144	0 19859.2 8122.52 	27981.7	6.58786	6.55445	1005	670	0.0111791	0	1.122	1.02
57.8	0.00205467	0.000103988	1525.97	1050	105	993.044	42.7927	42.7927	171.171	171.171	0 19857.4 8120.37 	27977.8	6.58776	6.55445	1005	670	0.0111773	0	1.122	1.02
57.9	0.00205469	0.000103982	1525.89	1050	105	993.038	42.7851	42.7851	171.141	171.141	0 19858.8 8119.56 	27978.4	6.5876	6.55445	1005	670	0.0111755	0	1.122	1.02
58	0.0020547	0.000103992	1526.04	1050	105	993.127	42.7917	42.7917	171.167	171.167	0 19857 8117.42 	27974.4	6.5875	6.55445	1005	670	0.0111737	0	1.122	1.02
58.1	0.00205471	0.000103986	1525.96	1050	105	993.12	42.7842	42.7842	171.137	171.137	0 19858.4 8116.61 	27975	6.58733	6.55445	1005	670	0.011172	0	1.122	1.02
58.2	0.00205472	0.000103995	1526.12	1050	105	993.208	42.7908	42.7908	171.163	171.163	0 19856.6 8114.47 	27971.1	6.58723	6.55445	1005	670	0.0111702	0	1.122	1.02
58.3	0.00205474	0.000103989	1526.03	1050	105	993.201	42.7833	42.7833	171.133	171.133	0 19858 8113.66 	27971.6	6.58707	6.55445	1005	670	0.0111685	0	1.122	1.02
58.4	0.00205475	0.000103999	1526.19	1050	105	993.29	42.7899	42.7899	171.16	171.16	0 19856.2 8111.53 	27967.7	6.58697	6.55445	1005	670	0.0111667	0	1.122	1.02
58.5	0.00205477	0.000103993	1526.11	1050	105	993.283	42.7825	42.7825	171.13	171.13	0 19857.6 8110.72 	27968.3	6.5868	6.55445	1005	670	0.011165	0	1.122	1.02
58.6	0.00205478	0.000104002	1526.26	1050	105	993.371	42.7891	42.7891	171.156	171.156	0 19855.8 8108.59 	27964.4	6.58671	6.55445	1005	670	0.0111632	0	1.122	1.02
58.7	0.0020548	0.000103996	1526.18	1050	105	993.363	42.7817	42.7817	171.127	171.127	0 19857.2 8107.79 	27965	6.58654	6.55445	1005	670	0.0111615	0	1.122	1.02
58.8	0.00205481	0.000104006	1526.33	1050	105	993.451	42.7882	42.7882	171.153	171.153	0 19855.4 8105.67 	27961.1	6.58644	6.55445	1005	670	0.0111597	0	1.122	1.02
58.9	0.00205482	0.000104	1526.25	1050	105	993.444	42.7809	42.7809	171.123	171.123	0 19856.8 8104.87 	27961.6	6.58628	6.55445	1005	670	0.011158	0	1.122	1.02
59	0.00205483	0.000104009	1526.41	1050	105	993.532	42.7874	42.7874	171.15	171.15	0 19855 8102.74 	27957.7	6.58618	6.55445	1005	670	0.0111562	0	1.122	1.02
59.1	0.00205485	0.000104003	1526.33	1050	105	993.524	42.7801	42.7801	171.12	171.12	0 19856.4 8101.95 	27958.3	6.58602	6.55445	1005	670	0.0111545	0	1.122	1.02
59.2	0.00205486	0.000104013	1526.48	1050	105	993.612	42.7867	42.7867	171.147	171.147	0 19854.6 8099.83 	27954.4	6.58592	6.55445	1005	670	0.0111527	0	1.122	1.02
59.3	0.00205488	0.000104007	1526.4	1050	105	993.604	42.7794	42.7794	171.117	171.117	0 19855.9 8099.04 	27955	6.58575	6.55445	1005	670	0.011151	0	1.122	1.02
59.4	0.00205489	0.000104016	1526.55	1050	105	993.691	42.7859	42.7859	171.144	171.144	0 19854.2 8096.93 	27951.1	6.58566	6.55445	1005	670	0.0111492	0	1.122	1.02
59.5	0.0020549	0.00010401	1526.47	1050	105	993.684	42.7787	42.7787	171.115	171.115	0 19855.5 8096.13 	27951.7	6.58549	6.55445	1005	670	0.0111475	0	1.122	1.02
59.6	0.00205491	0.00010402	1526.62	1050	105	993.771	42.7852	42.7852	171.141	171.141	0 19853.8 8094.03 	27947.8	6.5854	6.55445	1005	670	0.0111458	0	1.122	1.02
59.7	0.00205493	0.000104014	1526.54	1050	105	993.763	42.778	42.778	171.112	171.112	0 19855.1 8093.23 	27948.4	6.58523	6.55445	1005	670	0.0111441	0	1.122	1.02
59.8	0.00205494	0.000104023	1526.7	1050	105	993.85	42.7846	42.7846	171.138	171.138	0 19853.4 8091.13 	27944.5	6.58513	6.55445	1005	670	0.0111423	0	1.122	1.02
59.9	0.00205496	0.000104017	1526.62	1050	105	993.842	42.7773	42.7773	171.109	171.109	0 19854.7 8090.34 	27945.1	6.58497	6.55445	1005	670	0.0111406	0	1.122	1.02
60	0.00205497	0.000104027	1526.77	1050	105	993.928	42.7839	42.7839	171.136	171.136	0 19853 8088.25 	27941.2	6.58487	6.55445	1005	670	0.0111389	0	1.122	1.02
60.1	0.00205499	0.000104021	1526.69	1050	105	993.92	42.7767	42.7767	171.107	171.107	0 19854.3 8087.46 	27941.8	6.58471	6.55445	1005	670	0.0111372	0	1.122	1.02
60.2	0.002055	0.00010403	1526.84	1050	105	994.007	42.7833	42.7833	171.133	171.133	0 19852.6 8085.37 	27937.9	6.58462	6.55445	1005	670	0.0111354	0	1.122	1.02
60.3	0.00205501	0.000104024	1526.76	1050	105	993.999	42.7761	42.7761	171.105	171.105	0 19853.9 8084.58 	27938.5	6.58445	6.55445	1005	670	0.0111338	0	1.122	1.02
60.4	0.00205502	0.000104034	1526.91	1050	105	994.085	42.7827	42.7827	171.131	171.131	0 19852.2 8082.5 	27934.7	6.58436	6.55445	1005	670	0.011132	0	1.122	1.02
60.5	0.00205504	0.000104028	1526.83	1050	105	994.077	42.7756	42.7756	171.102	171.102	0 19853.5 8081.71 	27935.2	6.5842	6.55445	1005	670	0.0111303	0	1.122	1.02
60.6	0.00205505	0.000104037	1526.98	1050	105	994.162	42.7822	42.7822	171.129	171.129	0 19851.8 8079.63 	27931.4	6.5841	6.55445	1005	670	0.0111286	0	1.122	1.02
60.7	0.00205507	0.000104031	1526.9	1050	105	994.154	42.775	42.775	171.1	171.1	0 19853.1 8078.85 	27931.9	6.58394	6.55445	1005	670	0.0111269	0	1.122	1.02
60.8	0.00205508	0.000104041	1527.06	1050	105	994.239	42.7816	42.7816	171.127	171.127	0 19851.3 8076.78 	27928.1	6.58384	6.55445	1005	670	0.0111252	0	1.122	1.02
60.9	0.00205509	0.000104035	1526.98	1050	105	994.231	42.7745	42.7745	171.098	171.098	0 19852.7 8076 	27928.7	6.58368	6.55445	1005	670	0.0111235	0	1.122	1.02
61	0.0020551	0.000104044	1527.13	1050	105	994.316	42.7811	42.7811	171.125	171.125	0 19850.9 8073.93 	27924.9	6.58358	6.55445	1005	670	0.0111218	0	1.122	1.02
61.1	0.00205512	0.000104038	1527.05	1050	105	994.308	42.7741	42.7741	171.096	171.096	0 19852.3 8073.15 	27925.4	6.58342	6.55445	1005	670	0.0111201	0	1.122	1.02
61.2	0.00205513	0.000104048	1527.2	1050	105	994.393	42.7807	42.7807	171.123	171.123	0 19850.5 8071.08 	27921.6	6.58333	6.55445	1005	670	0.0111184	0	1.122	1.02
61.3	0.00205515	0.000104042	1527.12	1050	105	994.385	42.7736	42.7736	171.094	171.094	0 19851.8 8070.31 	27922.2	6.58317	6.55445	1005	670	0.0111167	0	1.122	1.02
61.4	0.00205516	0.000104051	1527.27	1050	105	994.469	42.7802	42.7802	171.121	171.121	0 19850.1 8068.25 	27918.4	6.58307	6.55445	1005	670	0.011115	0	1.122	1.02
61.5	0.00205517	0.000104045	1527.19	1050	105	994.461	42.7732	42.7732	171.093	171.093	0 19851.4 8067.47 	27918.9	6.58291	6.55445	1005	670	0.0111133	0	1.122	1.02
61.6	0.00205518	0.000104055	1527.34	1050	105	994.545	42.7798	42.7798	171.119	171.119	0 19849.7 8065.42 	27915.1	6.58281	6.55445	1005	670	0.0111116	0	1.122	1.02
61.7	0.0020552	0.000104049	1527.27	1050	105	994.537	42.7728	42.7728	171.091	171.091	0 19851 8064.64 	27915.7	6.58265	6.55445	1005	670	0.01111	0	1.122	1.02
61.8	0.00205521	0.000104058	1527.42	1050	105	994.621	42.7794	42.7794	171.118	171.118	0 19849.3 8062.59 	27911.9	6.58256	6.55445	1005	670	0.0111082	0	1.122	1.02
61.9	0.00205523	0.000104052	1527.34	1050	105	994.613	42.7724	42.7724	171.09	171.09	0 19850.6 8061.82 	27912.4	6.5824	6.55445	1005	670	0.0111066	0	1.122	1.02
62	0.00205524	0.000104062	1527.49	1050	105	994.696	42.7791	42.7791	171.116	171.116	0 19848.9 8059.78 	27908.7	6.5823	6.55445	1005	670	0.0111049	0	1.122	1.02
62.1	0.00205525	0.000104056	1527.41	1050	105	994.688	42.7721	42.7721	171.088	171.088	0 19850.2 8059.01 	27909.2	6.58214	6.55445	1005	670	0.0111033	0	1.122	1.02
62.2	0.00205526	0.000104065	1527.56	1050	105	994.771	42.7787	42.7787	171.115	171.115	0 19848.5 8056.97 	27905.5	6.58205	6.55445	1005	670	0.0111015	0	1.122	1.02
62.3	0.00205528	0.000104059	1527.48	1050	105	994.763	42.7718	42.7718	171.087	171.087	0 19849.8 8056.2 	27906	6.58189	6.55445	1005	670	0.0110999	0	1.122	1.02
62.4	0.00205529	0.000104069	1527.63	1050	105	994.846	42.7784	42.7784	171.114	171.114	0 19848.1 8054.16 	27902.2	6.5818	6.55445	1005	670	0.0110982	0	1.122	1.02
62.5	0.00205531	0.000104063	1527.55	1050	105	994.837	42.7715	42.7715	171.086	171.086	0 19849.4 8053.4 	27902.8	6.58164	6.55445	1005	670	0.0110966	0	1.122	1.02
62.6	0.00205532	0.000104072	1527.7	1050	105	994.921	42.7781	42.7781	171.113	171.113	0 19847.7 8051.37 	27899	6.58154	6.55445	1005	670	0.0110949	0	1.122	1.02
62.7	0.00205533	0.000104066	1527.62	1050	105	994.912	42.7713	42.7713	171.085	171.085	0 19849 8050.6 	27899.6	6.58138	6.55445	1005	670	0.0110932	0	1.122	1.02
62.8	0.00205534	0.000104076	1527.77	1050	105	994.995	42.7779	42.7779	171.112	171.112	0 19847.3 8048.58 	27895.8	6.58129	6.55445	1005	670	0.0110915	0	1.122	1.02
62.9	0.00205536	0.00010407	1527.7	1050	105	994.986	42.7711	42.7711	171.084	171.084	0 19848.5 8047.81 	27896.4	6.58113	6.55445	1005	670	0.0110899	0	1.122	1.02
63	0.00205537	0.000104079	1527.85	1050	105	995.068	42.7777	42.7777	171.111	171.111	0 19846.8 8045.79 	27892.6	6.58104	6.55445	1005	670	0.0110882	0	1.122	1.02
63.1	0.00205538	0.000104073	1527.77	1050	105	995.059	42.7709	42.7709	171.083	171.083	0 19848.1 8045.03 	27893.2	6.58088	6.55445	1005	670	0.0110866	0	1.122	1.02
63.2	0.00205539	0.000104083	1527.92	1050	105	995.142	42.7775	42.7775	171.11	171.11	0 19846.4 8043.02 	27889.4	6.58078	6.55445	1005	670	0.0110849	0	1.122	1.02
63.3	0.00205541	0.000104077	1527.84	1050	105	995.133	42.7707	42.7707	171.083	171.083	0 19847.7 8042.26 	27890	6.58063	6.55445	1005	670	0.0110833	0	1.122	1.02
63.4	0.00205542	0.000104086	1527.99	1050	105	995.215	42.7773	42.7773	171.109	171.109	0 19846 8040.25 	27886.3	6.58053	6.55445	1005	670	0.0110816	0	1.122	1.02
63.5	0.00205544	0.00010408	1527.91	1050	105	995.206	42.7706	42.7706	171.082	171.082	0 19847.3 8039.49 	27886.8	6.58038	6.55445	1005	670	0.01108	0	1.122	1.02
63.6	0.00205545	0.00010409	1528.06	1050	105	995.288	42.7772	42.7772	171.109	171.109	0 19845.6 8037.49 	27883.1	6.58028	6.55445	1005	670	0.0110783	0	1.122	1.02
63.7	0.00205546	0.000104084	1527.98	1050	105	995.278	42.7704	42.7704	171.082	171.082	0 19846.9 8036.73 	27883.6	6.58013	6.55445	1005	670	0.0110767	0	1.122	1.02
63.8	0.00205547	0.000104093	1528.13	1050	105	995.36	42.7771	42.7771	171.108	171.108	0 19845.2 8034.73 	27879.9	6.58003	6.55445	1005	670	0.011075	0	1.122	1.02
63.9	0.00205549	0.000104087	1528.05	1050	105	995.351	42.7704	42.7704	171.081	171.081	0 19846.5 8033.98 	27880.4	6.57988	6.55445	1005	670	0.0110734	0	1.122	1.02
64	0.0020555	0.000104097	1528.2	1050	105	995.432	42.777	42.777	171.108	171.108	0 19844.8 8031.98 	27876.8	6.57978	6.55445	1005	670	0.0110718	0	1.122	1.02
64.1	0.00205551	0.000104091	1528.13	1050	105	995.423	42.7703	42.7703	171.081	171.081	0 19846 8031.23 	27877.3	6.57963	6.55445	1005	670	0.0110702	0	1.122	1.02
64.2	0.00205552	0.0001041	1528.27	1050	105	995.504	42.7769	42.7769	171.108	171.108	0 19844.4 8029.24 	27873.6	6.57953	6.55445	1005	670	0.0110685	0	1.122	1.02
64.3	0.00205554	0.000104094	1528.2	1050	105	995.495	42.7703	42.7703	171.081	171.081	0 19845.6 8028.49 	27874.1	6.57938	6.55445	1005	670	0.0110669	0	1.122	1.02
64.4	0.00205555	0.000104104	1528.34	1050	105	995.576	42.7769	42.7769	171.108	171.108	0 19843.9 8026.5 	27870.4	6.57928	6.55445	1005	670	0.0110652	0	1.122	1.02
64.5	0.00205557	0.000104098	1528.27	1050	105	995.566	42.7703	42.7703	171.081	171.081	0 19845.2 8025.75 	27871	6.57913	6.55445	1005	670	0.0110637	0	1.122	1.02
64.6	0.00205558	0.000104107	1528.42	1050	105	995.647	42.7769	42.7769	171.108	171.108	0 19843.5 8023.77 	27867.3	6.57904	6.55445	1005	670	0.011062	0	1.122	1.02
64.7	0.00205559	0.000104101	1528.34	1050	105	995.637	42.7703	42.7703	171.081	171.081	0 19844.8 8023.02 	27867.8	6.57888	6.55445	1005	670	0.0110604	0	1.122	1.02
64.8	0.0020556	0.000104111	1528.49	1050	105	995.718	42.7769	42.7769	171.108	171.108	0 19843.1 8021.05 	27864.2	6.57879	6.55445	1005	670	0.0110588	0	1.122	1.02
64.9	0.00205562	0.000104105	1528.41	1050	105	995.708	42.7703	42.7703	171.081	171.081	0 19844.4 8020.3 	27864.7	6.57863	6.55445	1005	670	0.0110572	0	1.122	1.02
65	0.00205563	0.000104114	1528.56	1050	105	995.789	42.777	42.777	171.108	171.108	0 19842.7 8018.33 	27861	6.57854	6.55445	1005	670	0.0110555	0	1.122	1.02
65.1	0.00205564	0.000104108	1528.48	1050	105	995.779	42.7704	42.7704	171.082	171.082	0 19844 8017.59 	27861.5	6.57838	6.55445	1005	670	0.011054	0	1.122	1.02
65.2	0.00205565	0.000104118	1528.63	1050	105	995.859	42.777	42.777	171.108	171.108	0 19842.3 8015.62 	27857.9	6.57829	6.55445	1005	670	0.0110523	0	1.122	1.02
65.3	0.00205567	0.000104112	1528.55	1050	105	995.849	42.7705	42.7705	171.082	171.082	0 19843.5 8014.88 	27858.4	6.57814	6.55445	1005	670	0.0110507	0	1.122	1.02
65.4	0.00205568	0.000104121	1528.7	1050	105	995.929	42.7771	42.7771	171.109	171.109	0 19841.9 8012.92 	27854.8	6.57805	6.55445	1005	670	0.0110491	0	1.122	1.02
65.5	0.0020557	0.000104115	1528.63	1050	105	995.919	42.7706	42.7706	171.083	171.083	0 19843.1 8012.18 	27855.3	6.57789	6.55445	1005	670	0.0110475	0	1.122	1.02
65.6	0.0020557	0.000104125	1528.77	1050	105	995.999	42.7773	42.7773	171.109	171.109	0 19841.5 8010.22 	27851.7	6.5778	6.55445	1005	670	0.0110459	0	1.122	1.02
65.7	0.00205572	0.000104119	1528.7	1050	105	995.989	42.7708	42.7708	171.083	171.083	0 19842.7 8009.48 	27852.2	6.57765	6.55445	1005	670	0.0110443	0	1.122	1.02
65.8	0.00205573	0.000104128	1528.84	1050	105	996.068	42.7774	42.7774	171.11	171.11	0 19841 8007.53 	27848.6	6.57755	6.55445	1005	670	0.0110427	0	1.122	1.02
65.9	0.00205575	0.000104122	1528.77	1050	105	996.058	42.771	42.771	171.084	171.084	0 19842.3 8006.79 	27849.1	6.5774	6.55445	1005	670	0.0110411	0	1.122	1.02
66	0.00205576	0.000104132	1528.91	1050	105	996.137	42.7776	42.7776	171.11	171.11	0 19840.6 8004.85 	27845.5	6.57731	6.55445	1005	670	0.0110395	0	1.122	1.02
66.1	0.00205577	0.000104126	1528.84	1050	105	996.127	42.7712	42.7712	171.085	171.085	0 19841.9 8004.11 	27846	6.57716	6.55445	1005	670	0.0110379	0	1.122	1.02
66.2	0.00205578	0.000104135	1528.98	1050	105	996.206	42.7778	42.7778	171.111	171.111	0 19840.2 8002.17 	27842.4	6.57707	6.55445	1005	670	0.0110363	0	1.122	1.02
66.3	0.0020558	0.000104129	1528.91	1050	105	996.196	42.7714	42.7714	171.086	171.086	0 19841.4 8001.44 	27842.9	6.57691	6.55445	1005	670	0.0110348	0	1.122	1.02
66.4	0.00205581	0.000104139	1529.06	1050	105	996.275	42.7781	42.7781	171.112	171.112	0 19839.8 7999.5 	27839.3	6.57682	6.55445	1005	670	0.0110331	0	1.122	1.02
66.5	0.00205582	0.000104133	1528.98	1050	105	996.264	42.7717	42.7717	171.087	171.087	0 19841 7998.77 	27839.8	6.57667	6.55445	1005	670	0.0110316	0	1.122	1.02
66.6	0.00205583	0.000104142	1529.13	1050	105	996.343	42.7783	42.7783	171.113	171.113	0 19839.4 7996.83 	27836.2	6.57658	6.55445	1005	670	0.01103	0	1.122	1.02
66.7	0.00205585	0.000104136	1529.05	1050	105	996.332	42.772	42.772	171.088	171.088	0 19840.6 7996.1 	27836.7	6.57642	6.55445	1005	670	0.0110284	0	1.122	1.02
66.8	0.00205586	0.000104146	1529.2	1050	105	996.411	42.7786	42.7786	171.114	171.114	0 19838.9 7994.17 	27833.1	6.57633	6.55445	1005	670	0.0110268	0	1.122	1.02
66.9	0.00205587	0.00010414	1529.12	1050	105	996.4	42.7723	42.7723	171.089	171.089	0 19840.2 7993.45 	27833.6	6.57618	6.55445	1005	670	0.0110253	0	1.122	1.02
67	0.00205588	0.000104149	1529.27	1050	105	996.478	42.7789	42.7789	171.116	171.116	0 19838.5 7991.52 	27830	6.57609	6.55445	1005	670	0.0110237	0	1.122	1.02
67.1	0.0020559	0.000104143	1529.19	1050	105	996.468	42.7726	42.7726	171.09	171.09	0 19839.8 7990.8 	27830.6	6.57594	6.55445	1005	670	0.0110221	0	1.122	1.02
67.2	0.00205591	0.000104152	1529.34	1050	105	996.546	42.7792	42.7792	171.117	171.117	0 19838.1 7988.88 	27827	6.57585	6.55445	1005	670	0.0110205	0	1.122	1.02
67.3	0.00205592	0.000104147	1529.26	1050	105	996.535	42.773	42.773	171.092	171.092	0 19839.3 7988.15 	27827.5	6.5757	6.55445	1005	670	0.011019	0	1.122	1.02
67.4	0.00205593	0.000104156	1529.41	1050	105	996.613	42.7796	42.7796	171.118	171.118	0 19837.7 7986.24 	27823.9	6.57561	6.55445	1005	670	0.0110174	0	1.122	1.02
67.5	0.00205595	0.00010415	1529.34	1050	105	996.602	42.7733	42.7733	171.093	171.093	0 19838.9 7985.52 	27824.4	6.57546	6.55445	1005	670	0.0110159	0	1.122	1.02
67.6	0.00205596	0.000104159	1529.48	1050	105	996.68	42.78	42.78	171.12	171.12	0 19837.3 7983.61 	27820.9	6.57537	6.55445	1005	670	0.0110143	0	1.122	1.02
67.7	0.00205597	0.000104154	1529.41	1050	105	996.669	42.7737	42.7737	171.095	171.095	0 19838.5 7982.89 	27821.4	6.57521	6.55445	1005	670	0.0110128	0	1.122	1.02
67.8	0.00205598	0.000104163	1529.55	1050	105	996.746	42.7804	42.7804	171.122	171.122	0 19836.8 7980.98 	27817.8	6.57513	6.55445	1005	670	0.0110112	0	1.122	1.02
67.9	0.002056	0.000104157	1529.48	1050	105	996.735	42.7742	42.7742	171.097	171.097	0 19838.1 7980.26 	27818.3	6.57497	6.55445	1005	670	0.0110096	0	1.122	1.02
68	0.00205601	0.000104166	1529.62	1050	105	996.812	42.7808	42.7808	171.123	171.123	0 19836.4 7978.36 	27814.8	6.57488	6.55445	1005	670	0.0110081	0	1.122	1.02
68.1	0.00205602	0.000104161	1529.55	1050	105	996.801	42.7746	42.7746	171.099	171.099	0 19837.6 7977.64 	27815.3	6.57473	6.55445	1005	670	0.0110065	0	1.122	1.02
68.2	0.00205603	0.00010417	1529.69	1050	105	996.878	42.7813	42.7813	171.125	171.125	0 19836 7975.74 	27811.7	6.57465	6.55445	1005	670	0.011005	0	1.122	1.02
68.3	0.00205605	0.000104164	1529.62	1050	105	996.867	42.7751	42.7751	171.101	171.101	0 19837.2 7975.03 	27812.2	6.57449	6.55445	1005	670	0.0110034	0	1.122	1.02
68.4	0.00205606	0.000104173	1529.76	1050	105	996.944	42.7818	42.7818	171.127	171.127	0 19835.6 7973.14 	27808.7	6.57441	6.55445	1005	670	0.0110019	0	1.122	1.02
68.5	0.00205607	0.000104168	1529.69	1050	105	996.933	42.7756	42.7756	171.103	171.103	0 19836.8 7972.42 	27809.2	6.57426	6.55445	1005	670	0.0110004	0	1.122	1.02
68.6	0.00205608	0.000104177	1529.83	1050	105	997.009	42.7823	42.7823	171.129	171.129	0 19835.2 7970.54 	27805.7	6.57417	6.55445	1005	670	0.0109988	0	1.122	1.02
68.7	0.0020561	0.000104171	1529.76	1050	105	996.998	42.7762	42.7762	171.105	171.105	0 19836.4 7969.83 	27806.2	6.57402	6.55445	1005	670	0.0109973	0	1.122	1.02
68.8	0.00205611	0.00010418	1529.9	1050	105	997.074	42.7828	42.7828	171.131	171.131	0 19834.7 7967.94 	27802.7	6.57393	6.55445	1005	670	0.0109957	0	1.122	1.02
68.9	0.00205612	0.000104175	1529.83	1050	105	997.063	42.7767	42.7767	171.107	171.107	0 19835.9 7967.23 	27803.2	6.57378	6.55445	1005	670	0.0109942	0	1.122	1.02
69	0.00205613	0.000104184	1529.97	1050	105	997.139	42.7834	42.7834	171.133	171.133	0 19834.3 7965.35 	27799.7	6.57369	6.55445	1005	670	0.0109926	0	1.122	1.02
69.1	0.00205615	0.000104178	1529.9	1050	105	997.128	42.7773	42.7773	171.109	171.109	0 19835.5 7964.65 	27800.2	6.57354	6.55445	1005	670	0.0109911	0	1.122	1.02
69.2	0.00205616	0.000104187	1530.04	1050	105	997.204	42.784	42.784	171.136	171.136	0 19833.9 7962.77 	27796.7	6.57345	6.55445	1005	670	0.0109896	0	1.122	1.02
69.3	0.00205617	0.000104182	1529.97	1050	105	997.192	42.7779	42.7779	171.112	171.112	0 19835.1 7962.06 	27797.2	6.5733	6.55445	1005	670	0.0109881	0	1.122	1.02
69.4	0.00205618	0.000104191	1530.11	1050	105	997.268	42.7846	42.7846	171.138	171.138	0 19833.5 7960.19 	27793.7	6.57322	6.55445	1005	670	0.0109865	0	1.122	1.02
69.5	0.0020562	0.000104185	1530.04	1050	105	997.256	42.7785	42.7785	171.114	171.114	0 19834.7 7959.49 	27794.2	6.57307	6.55445	1005	670	0.010985	0	1.122	1.02
69.6	0.00205621	0.000104194	1530.18	1050	105	997.332	42.7852	42.7852	171.141	171.141	0 19833 7957.62 	27790.7	6.57298	6.55445	1005	670	0.0109835	0	1.122	1.02
69.7	0.00205622	0.000104189	1530.11	1050	105	997.32	42.7792	42.7792	171.117	171.117	0 19834.2 7956.92 	27791.2	6.57283	6.55445	1005	670	0.010982	0	1.122	1.02
69.8	0.00205623	0.000104198	1530.25	1050	105	997.395	42.7859	42.7859	171.143	171.143	0 19832.6 7955.06 	27787.7	6.57274	6.55445	1005	670	0.0109805	0	1.122	1.02
69.9	0.00205625	0.000104192	1530.18	1050	105	997.384	42.7799	42.7799	171.12	171.12	0 19833.8 7954.36 	27788.2	6.57259	6.55445	1005	670	0.010979	0	1.122	1.02
70	0.00205626	0.000104201	1530.32	1050	105	997.459	42.7865	42.7865	171.146	171.146	0 19832.2 7952.5 	27784.7	6.57251	6.55445	1005	670	0.0109774	0	1.122	1.02
70.1	0.00205627	0.000104196	1530.25	1050	105	997.447	42.7806	42.7806	171.122	171.122	0 19833.4 7951.8 	27785.2	6.57236	6.55445	1005	670	0.010976	0	1.122	1.02
70.2	0.00205628	0.000104205	1530.39	1050	105	997.522	42.7872	42.7872	171.149	171.149	0 19831.8 7949.95 	27781.7	6.57227	6.55445	1005	670	0.0109744	0	1.122	1.02
70.3	0.0020563	0.000104199	1530.32	1050	105	997.51	42.7813	42.7813	171.125	171.125	0 19833 7949.25 	27782.2	6.57212	6.55445	1005	670	0.0109729	0	1.122	1.02
70.4	0.00205631	0.000104208	1530.46	1050	105	997.585	42.788	42.788	171.152	171.152	0 19831.3 7947.41 	27778.7	6.57204	6.55445	1005	670	0.0109714	0	1.122	1.02
70.5	0.00205632	0.000104203	1530.39	1050	105	997.573	42.7821	42.7821	171.128	171.128	0 19832.5 7946.71 	27779.2	6.57189	6.55445	1005	670	0.0109699	0	1.122	1.02
70.6	0.00205633	0.000104212	1530.53	1050	105	997.647	42.7887	42.7887	171.155	171.155	0 19830.9 7944.87 	27775.8	6.5718	6.55445	1005	670	0.0109684	0	1.122	1.02
70.7	0.00205635	0.000104206	1530.46	1050	105	997.636	42.7828	42.7828	171.131	171.131	0 19832.1 7944.17 	27776.3	6.57165	6.55445	1005	670	0.0109669	0	1.122	1.02
70.8	0.00205635	0.000104215	1530.6	1050	105	997.71	42.7895	42.7895	171.158	171.158	0 19830.5 7942.33 	27772.8	6.57157	6.55445	1005	670	0.0109654	0	1.122	1.02
70.9	0.00205637	0.00010421	1530.53	1050	105	997.698	42.7836	42.7836	171.135	171.135	0 19831.7 7941.64 	27773.3	6.57142	6.55445	1005	670	0.0109639	0	1.122	1.02
71	0.00205638	0.000104219	1530.67	1050	105	997.772	42.7903	42.7903	171.161	171.161	0 19830.1 7939.81 	27769.9	6.57134	6.55445	1005	670	0.0109624	0	1.122	1.02
71.1	0.00205639	0.000104213	1530.6	1050	105	997.76	42.7845	42.7845	171.138	171.138	0 19831.2 7939.12 	27770.4	6.57119	6.55445	1005	670	0.010961	0	1.122	1.02
71.2	0.0020564	0.000104222	1530.74	1050	105	997.833	42.7911	42.7911	171.164	171.164	0 19829.6 7937.29 	27766.9	6.5711	6.55445	1005	670	0.0109594	0	1.122	1.02
71.3	0.00205642	0.000104217	1530.67	1050	105	997.821	42.7853	42.7853	171.141	171.141	0 19830.8 7936.6 	27767.4	6.57096	6.55445	1005	670	0.010958	0	1.122	1.02
71.4	0.00205643	0.000104226	1530.81	1050	105	997.895	42.7919	42.7919	171.168	171.168	0 19829.2 7934.77 	27764	6.57087	6.55445	1005	670	0.0109565	0	1.122	1.02
71.5	0.00205644	0.00010422	1530.74	1050	105	997.883	42.7862	42.7862	171.145	171.145	0 19830.4 7934.08 	27764.5	6.57072	6.55445	1005	670	0.010955	0	1.122	1.02
71.6	0.00205645	0.000104229	1530.88	1050	105	997.956	42.7928	42.7928	171.171	171.171	0 19828.8 7932.26 	27761	6.57064	6.55445	1005	670	0.0109535	0	1.122	1.02
71.7	0.00205647	0.000104224	1530.81	1050	105	997.944	42.7871	42.7871	171.148	171.148	0 19829.9 7931.58 	27761.5	6.57049	6.55445	1005	670	0.0109521	0	1.122	1.02
71.8	0.00205648	0.000104232	1530.95	1050	105	998.017	42.7937	42.7937	171.175	171.175	0 19828.4 7929.76 	27758.1	6.57041	6.55445	1005	670	0.0109505	0	1.122	1.02
71.9	0.00205649	0.000104227	1530.88	1050	105	998.005	42.788	42.788	171.152	171.152	0 19829.5 7929.08 	27758.6	6.57026	6.55445	1005	670	0.0109491	0	1.122	1.02
72	0.0020565	0.000104236	1531.02	1050	105	998.078	42.7946	42.7946	171.178	171.178	0 19827.9 7927.26 	27755.2	6.57017	6.55445	1005	670	0.0109476	0	1.122	1.02
72.1	0.00205652	0.000104231	1530.95	1050	105	998.066	42.7889	42.7889	171.156	171.156	0 19829.1 7926.58 	27755.7	6.57003	6.55445	1005	670	0.0109462	0	1.122	1.02
72.2	0.00205652	0.000104239	1531.09	1050	105	998.138	42.7956	42.7956	171.182	171.182	0 19827.5 7924.77 	27752.3	6.56994	6.55445	1005	670	0.0109447	0	1.122	1.02
72.3	0.00205654	0.000104234	1531.02	1050	105	998.126	42.7899	42.7899	171.159	171.159	0 19828.7 7924.09 	27752.7	6.5698	6.55445	1005	670	0.0109432	0	1.122	1.02
72.4	0.00205655	0.000104243	1531.16	1050	105	998.198	42.7965	42.7965	171.186	171.186	0 19827.1 7922.29 	27749.4	6.56971	6.55445	1005	670	0.0109417	0	1.122	1.02
72.5	0.00205656	0.000104238	1531.09	1050	105	998.186	42.7908	42.7908	171.163	171.163	0 19828.2 7921.61 	27749.8	6.56957	6.55445	1005	670	0.0109403	0	1.122	1.02
72.6	0.00205657	0.000104246	1531.23	1050	105	998.258	42.7975	42.7975	171.19	171.19	0 19826.6 7919.81 	27746.4	6.56948	6.55445	1005	670	0.0109388	0	1.122	1.02
72.7	0.00205659	0.000104241	1531.16	1050	105	998.246	42.7919	42.7919	171.167	171.167	0 19827.8 7919.13 	27746.9	6.56934	6.55445	1005	670	0.0109374	0	1.122	1.02
72.8	0.0020566	0.00010425	1531.3	1050	105	998.318	42.7985	42.7985	171.194	171.194	0 19826.2 7917.34 	27743.5	6.56925	6.55445	1005	670	0.0109359	0	1.122	1.02
72.9	0.00205661	0.000104245	1531.23	1050	105	998.305	42.7929	42.7929	171.172	171.172	0 19827.4 7916.66 	27744	6.56911	6.55445	1005	670	0.0109345	0	1.122	1.02
73	0.00205662	0.000104253	1531.37	1050	105	998.377	42.7995	42.7995	171.198	171.198	0 19825.8 7914.87 	27740.6	6.56902	6.55445	1005	670	0.010933	0	1.122	1.02
73.1	0.00205663	0.000104248	1531.3	1050	105	998.365	42.7939	42.7939	171.176	171.176	0 19826.9 7914.2 	27741.1	6.56888	6.55445	1005	670	0.0109315	0	1.122	1.02
73.2	0.00205664	0.000104257	1531.44	1050	105	998.436	42.8006	42.8006	171.202	171.202	0 19825.3 7912.41 	27737.8	6.5688	6.55445	1005	670	0.0109301	0	1.122	1.02
73.3	0.00205666	0.000104252	1531.37	1050	105	998.424	42.795	42.795	171.18	171.18	0 19826.5 7911.74 	27738.2	6.56865	6.55445	1005	670	0.0109286	0	1.122	1.02
73.4	0.00205667	0.00010426	1531.51	1050	105	998.495	42.8017	42.8017	171.207	171.207	0 19824.9 7909.96 	27734.9	6.56857	6.55445	1005	670	0.0109272	0	1.122	1.02
73.5	0.00205668	0.000104255	1531.44	1050	105	998.483	42.7961	42.7961	171.184	171.184	0 19826.1 7909.28 	27735.3	6.56842	6.55445	1005	670	0.0109258	0	1.122	1.02
73.6	0.00205669	0.000104264	1531.58	1050	105	998.554	42.8028	42.8028	171.211	171.211	0 19824.5 7907.51 	27732	6.56834	6.55445	1005	670	0.0109243	0	1.122	1.02
73.7	0.00205671	0.000104259	1531.51	1050	105	998.541	42.7972	42.7972	171.189	171.189	0 19825.6 7906.84 	27732.5	6.5682	6.55445	1005	670	0.0109229	0	1.122	1.02
73.8	0.00205671	0.000104267	1531.65	1050	105	998.612	42.8039	42.8039	171.215	171.215	0 19824.1 7905.06 	27729.1	6.56811	6.55445	1005	670	0.0109214	0	1.122	1.02
73.9	0.00205673	0.000104262	1531.58	1050	105	998.599	42.7984	42.7984	171.193	171.193	0 19825.2 7904.4 	27729.6	6.56797	6.55445	1005	670	0.01092	0	1.122	1.02
74	0.00205674	0.000104271	1531.72	1050	105	998.67	42.805	42.805	171.22	171.22	0 19823.6 7902.63 	27726.2	6.56789	6.55445	1005	670	0.0109185	0	1.122	1.02
74.1	0.00205675	0.000104265	1531.65	1050	105	998.657	42.7995	42.7995	171.198	171.198	0 19824.8 7901.96 	27726.7	6.56774	6.55445	1005	670	0.0109171	0	1.122	1.02
74.2	0.00205676	0.000104274	1531.79	1050	105	998.728	42.8062	42.8062	171.225	171.225	0 19823.2 7900.2 	27723.4	6.56766	6.55445	1005	670	0.0109157	0	1.122	1.02
74.3	0.00205678	0.000104269	1531.72	1050	105	998.715	42.8007	42.8007	171.203	171.203	0 19824.3 7899.53 	27723.9	6.56752	6.55445	1005	670	0.0109143	0	1.122	1.02
74.4	0.00205679	0.000104278	1531.86	1050	105	998.785	42.8074	42.8074	171.229	171.229	0 19822.8 7897.77 	27720.5	6.56743	6.55445	1005	670	0.0109128	0	1.122	1.02
74.5	0.0020568	0.000104272	1531.79	1050	105	998.773	42.8019	42.8019	171.208	171.208	0 19823.9 7897.11 	27721	6.56729	6.55445	1005	670	0.0109114	0	1.122	1.02
74.6	0.00205681	0.000104281	1531.93	1050	105	998.843	42.8086	42.8086	171.234	171.234	0 19822.3 7895.35 	27717.7	6.56721	6.55445	1005	670	0.01091	0	1.122	1.02
74.7	0.00205682	0.000104276	1531.86	1050	105	998.83	42.8031	42.8031	171.213	171.213	0 19823.4 7894.69 	27718.1	6.56707	6.55445	1005	670	0.0109086	0	1.122	1.02
74.8	0.00205683	0.000104285	1532	1050	105	998.9	42.8098	42.8098	171.239	171.239	0 19821.9 7892.94 	27714.8	6.56698	6.55445	1005	670	0.0109071	0	1.122	1.02
74.9	0.00205685	0.000104279	1531.93	1050	105	998.887	42.8044	42.8044	171.218	171.218	0 19823 7892.28 	27715.3	6.56684	6.55445	1005	670	0.0109057	0	1.122	1.02
75	0.00205686	0.000104288	1532.07	1050	105	998.957	42.811	42.811	171.244	171.244	0 19821.5 7890.53 	27712	6.56676	6.55445	1005	670	0.0109043	0	1.122	1.02
75.1	0.00205687	0.000104283	1532	1050	105	998.944	42.8056	42.8056	171.223	171.223	0 19822.6 7889.87 	27712.4	6.56662	6.55445	1005	670	0.0109029	0	1.122	1.02
75.2	0.00205688	0.000104292	1532.14	1050	105	999.013	42.8123	42.8123	171.249	171.249	0 19821 7888.13 	27709.1	6.56653	6.55445	1005	670	0.0109015	0	1.122	1.02
75.3	0.00205689	0.000104286	1532.07	1050	105	999	42.8069	42.8069	171.228	171.228	0 19822.1 7887.47 	27709.6	6.56639	6.55445	1005	670	0.0109001	0	1.122	1.02
75.4	0.0020569	0.000104295	1532.21	1050	105	999.069	42.8136	42.8136	171.254	171.254	0 19820.6 7885.73 	27706.3	6.56631	6.55445	1005	670	0.0108986	0	1.122	1.02
75.5	0.00205692	0.00010429	1532.14	1050	105	999.056	42.8083	42.8083	171.233	171.233	0 19821.7 7885.08 	27706.8	6.56617	6.55445	1005	670	0.0108973	0	1.122	1.02
75.6	0.00205693	0.000104298	1532.27	1050	105	999.126	42.8149	42.8149	171.26	171.26	0 19820.2 7883.34 	27703.5	6.56609	6.55445	1005	670	0.0108958	0	1.122	1.02
75.7	0.00205694	0.000104293	1532.21	1050	105	999.112	42.8096	42.8096	171.238	171.238	0 19821.3 7882.69 	27704	6.56595	6.55445	1005	670	0.0108945	0	1.122	1.02
75.8	0.00205695	0.000104302	1532.34	1050	105	999.181	42.8162	42.8162	171.265	171.265	0 19819.7 7880.96 	27700.7	6.56586	6.55445	1005	670	0.010893	0	1.122	1.02
75.9	0.00205696	0.000104297	1532.28	1050	105	999.168	42.8109	42.8109	171.244	171.244	0 19820.8 7880.31 	27701.1	6.56572	6.55445	1005	670	0.0108917	0	1.122	1.02
76	0.00205697	0.000104305	1532.41	1050	105	999.237	42.8176	42.8176	171.27	171.27	0 19819.3 7878.58 	27697.9	6.56564	6.55445	1005	670	0.0108902	0	1.122	1.02
76.1	0.00205699	0.0001043	1532.35	1050	105	999.224	42.8123	42.8123	171.249	171.249	0 19820.4 7877.93 	27698.3	6.5655	6.55445	1005	670	0.0108889	0	1.122	1.02
76.2	0.002057	0.000104309	1532.48	1050	105	999.292	42.819	42.819	171.276	171.276	0 19818.8 7876.21 	27695.1	6.56542	6.55445	1005	670	0.0108874	0	1.122	1.02
76.3	0.00205701	0.000104304	1532.42	1050	105	999.279	42.8137	42.8137	171.255	171.255	0 19820 7875.56 	27695.5	6.56528	6.55445	1005	670	0.0108861	0	1.122	1.02
76.4	0.00205702	0.000104312	1532.55	1050	105	999.347	42.8204	42.8204	171.281	171.281	0 19818.4 7873.84 	27692.2	6.5652	6.55445	1005	670	0.0108847	0	1.122	1.02
76.5	0.00205703	0.000104307	1532.49	1050	105	999.334	42.8151	42.8151	171.261	171.261	0 19819.5 7873.19 	27692.7	6.56506	6.55445	1005	670	0.0108833	0	1.122	1.02
76.6	0.00205704	0.000104316	1532.62	1050	105	999.402	42.8218	42.8218	171.287	171.287	0 19818 7871.48 	27689.4	6.56498	6.55445	1005	670	0.0108819	0	1.122	1.02
76.7	0.00205706	0.000104311	1532.55	1050	105	999.389	42.8166	42.8166	171.266	171.266	0 19819.1 7870.83 	27689.9	6.56484	6.55445	1005	670	0.0108805	0	1.122	1.02
76.8	0.00205707	0.000104319	1532.69	1050	105	999.457	42.8232	42.8232	171.293	171.293	0 19817.5 7869.12 	27686.7	6.56476	6.55445	1005	670	0.0108791	0	1.122	1.02
76.9	0.00205708	0.000104314	1532.62	1050	105	999.443	42.818	42.818	171.272	171.272	0 19818.6 7868.48 	27687.1	6.56462	6.55445	1005	670	0.0108778	0	1.122	1.02
77	0.00205709	0.000104323	1532.76	1050	105	999.511	42.8247	42.8247	171.299	171.299	0 19817.1 7866.77 	27683.9	6.56454	6.55445	1005	670	0.0108764	0	1.122	1.02
77.1	0.0020571	0.000104318	1532.69	1050	105	999.498	42.8195	42.8195	171.278	171.278	0 19818.2 7866.13 	27684.3	6.5644	6.55445	1005	670	0.010875	0	1.122	1.02
77.2	0.00205711	0.000104326	1532.83	1050	105	999.565	42.8262	42.8262	171.305	171.305	0 19816.7 7864.43 	27681.1	6.56432	6.55445	1005	670	0.0108736	0	1.122	1.02
77.3	0.00205713	0.000104321	1532.76	1050	105	999.552	42.821	42.821	171.284	171.284	0 19817.8 7863.79 	27681.5	6.56418	6.55445	1005	670	0.0108723	0	1.122	1.02
77.4	0.00205713	0.00010433	1532.9	1050	105	999.619	42.8277	42.8277	171.311	171.311	0 19816.2 7862.09 	27678.3	6.5641	6.55445	1005	670	0.0108709	0	1.122	1.02
77.5	0.00205715	0.000104325	1532.83	1050	105	999.606	42.8225	42.8225	171.29	171.29	0 19817.3 7861.45 	27678.8	6.56396	6.55445	1005	670	0.0108695	0	1.122	1.02
77.6	0.00205716	0.000104333	1532.96	1050	105	999.673	42.8292	42.8292	171.317	171.317	0 19815.8 7859.76 	27675.5	6.56388	6.55445	1005	670	0.0108681	0	1.122	1.02
77.7	0.00205717	0.000104328	1532.9	1050	105	999.659	42.8241	42.8241	171.296	171.296	0 19816.9 7859.12 	27676	6.56374	6.55445	1005	670	0.0108668	0	1.122	1.02
77.8	0.00205718	0.000104337	1533.03	1050	105	999.726	42.8307	42.8307	171.323	171.323	0 19815.3 7857.43 	27672.8	6.56366	6.55445	1005	670	0.0108654	0	1.122	1.02
77.9	0.00205719	0.000104332	1532.97	1050	105	999.712	42.8256	42.8256	171.303	171.303	0 19816.4 7856.79 	27673.2	6.56352	6.55445	1005	670	0.0108641	0	1.122	1.02
78	0.0020572	0.00010434	1533.1	1050	105	999.779	42.8323	42.8323	171.329	171.329	0 19814.9 7855.11 	27670	6.56344	6.55445	1005	670	0.0108627	0	1.122	1.02
78.1	0.00205722	0.000104335	1533.04	1050	105	999.766	42.8272	42.8272	171.309	171.309	0 19816 7854.47 	27670.5	6.5633	6.55445	1005	670	0.0108613	0	1.122	1.02
78.2	0.00205723	0.000104344	1533.17	1050	105	999.832	42.8339	42.8339	171.336	171.336	0 19814.5 7852.79 	27667.3	6.56322	6.55445	1005	670	0.01086	0	1.122	1.02
78.3	0.00205724	0.000104339	1533.11	1050	105	999.818	42.8288	42.8288	171.315	171.315	0 19815.5 7852.16 	27667.7	6.56308	6.55445	1005	670	0.0108586	0	1.122	1.02
78.4	0.00205725	0.000104347	1533.24	1050	105	999.885	42.8355	42.8355	171.342	171.342	0 19814 7850.48 	27664.5	6.563	6.55445	1005	670	0.0108572	0	1.122	1.02
78.5	0.00205726	0.000104342	1533.18	1050	105	999.871	42.8305	42.8305	171.322	171.322	0 19815.1 7849.85 	27665	6.56287	6.55445	1005	670	0.0108559	0	1.122	1.02
78.6	0.00205727	0.00010435	1533.31	1050	105	999.937	42.8371	42.8371	171.348	171.348	0 19813.6 7848.17 	27661.8	6.56279	6.55445	1005	670	0.0108545	0	1.122	1.02
78.7	0.00205729	0.000104346	1533.24	1050	105	999.924	42.8321	42.8321	171.328	171.328	0 19814.7 7847.54 	27662.2	6.56265	6.55445	1005	670	0.0108532	0	1.122	1.02
78.8	0.00205729	0.000104354	1533.38	1050	105	999.99	42.8388	42.8388	171.355	171.355	0 19813.1 7845.87 	27659	6.56257	6.55445	1005	670	0.0108518	0	1.122	1.02
78.9	0.00205731	0.000104349	1533.31	1050	105	999.976	42.8338	42.8338	171.335	171.335	0 19814.2 7845.25 	27659.5	6.56243	6.55445	1005	670	0.0108505	0	1.122	1.02
79	0.00205732	0.000104357	1533.45	1050	105	1000.04	42.8404	42.8404	171.362	171.362	0 19812.7 7843.58 	27656.3	6.56235	6.55445	1005	670	0.0108492	0	1.122	1.02
79.1	0.00205733	0.000104353	1533.38	1050	105	1000.03	42.8355	42.8355	171.342	171.342	0 19813.8 7842.95 	27656.7	6.56222	6.55445	1005	670	0.0108478	0	1.122	1.02
79.2	0.00205734	0.000104361	1533.51	1050	105	1000.09	42.8421	42.8421	171.368	171.368	0 19812.3 7841.29 	27653.6	6.56214	6.55445	1005	670	0.0108465	0	1.122	1.02
79.3	0.00205735	0.000104356	1533.45	1050	105	1000.08	42.8372	42.8372	171.349	171.349	0 19813.3 7840.67 	27654	6.562	6.55445	1005	670	0.0108452	0	1.122	1.02
79.4	0.00205736	0.000104364	1533.58	1050	105	1000.14	42.8438	42.8438	171.375	171.375	0 19811.8 7839.01 	27650.8	6.56192	6.55445	1005	670	0.0108438	0	1.122	1.02
79.5	0.00205738	0.000104359	1533.52	1050	105	1000.13	42.8389	42.8389	171.356	171.356	0 19812.9 7838.39 	27651.3	6.56179	6.55445	1005	670	0.0108425	0	1.122	1.02
79.6	0.00205738	0.000104368	1533.65	1050	105	1000.2	42.8455	42.8455	171.382	171.382	0 19811.4 7836.73 	27648.1	6.56171	6.55445	1005	670	0.0108411	0	1.122	1.02
79.7	0.0020574	0.000104363	1533.59	1050	105	1000.18	42.8406	42.8406	171.362	171.362	0 19812.4 7836.11 	27648.6	6.56157	6.55445	1005	670	0.0108398	0	1.122	1.02
79.8	0.00205741	0.000104371	1533.72	1050	105	1000.25	42.8473	42.8473	171.389	171.389	0 19810.9 7834.46 	27645.4	6.56149	6.55445	1005	670	0.0108385	0	1.122	1.02
79.9	0.00205742	0.000104366	1533.66	1050	105	1000.23	42.8424	42.8424	171.37	171.37	0 19812 7833.84 	27645.8	6.56136	6.55445	1005	670	0.0108372	0	1.122	1.02
80	0.00205743	0.000104375	1533.79	1050	105	1000.3	42.849	42.849	171.396	171.396	0 19810.5 7832.19 	27642.7	6.56128	6.55445	1005	670	0.0108358	0	1.122	1.02
80.1	0.00205744	0.00010437	1533.73	1050	105	1000.28	42.8442	42.8442	171.377	171.377	0 19811.6 7831.57 	27643.1	6.56114	6.55445	1005	670	0.0108345	0	1.122	1.02
80.2	0.00205745	0.000104378	1533.86	1050	105	1000.35	42.8508	42.8508	171.403	171.403	0 19810.1 7829.93 	27640	6.56106	6.55445	1005	670	0.0108332	0	1.122	1.02
80.3	0.00205747	0.000104373	1533.79	1050	105	1000.33	42.846	42.846	171.384	171.384	0 19811.1 7829.31 	27640.4	6.56093	6.55445	1005	670	0.0108319	0	1.122	1.02
80.4	0.00205747	0.000104382	1533.93	1050	105	1000.4	42.8526	42.8526	171.41	171.41	0 19809.6 7827.68 	27637.3	6.56085	6.55445	1005	670	0.0108305	0	1.122	1.02
80.5	0.00205749	0.000104377	1533.86	1050	105	1000.38	42.8478	42.8478	171.391	171.391	0 19810.7 7827.06 	27637.7	6.56072	6.55445	1005	670	0.0108293	0	1.122	1.02
80.6	0.0020575	0.000104385	1533.99	1050	105	1000.45	42.8544	42.8544	171.418	171.418	0 19809.2 7825.43 	27634.6	6.56064	6.55445	1005	670	0.0108279	0	1.122	1.02
80.7	0.00205751	0.00010438	1533.93	1050	105	1000.43	42.8496	42.8496	171.399	171.399	0 19810.2 7824.81 	27635	6.5605	6.55445	1005	670	0.0108266	0	1.122	1.02
80.8	0.00205752	0.000104389	1534.06	1050	105	1000.5	42.8563	42.8563	171.425	171.425	0 19808.7 7823.18 	27631.9	6.56043	6.55445	1005	670	0.0108253	0	1.122	1.02
80.9	0.00205753	0.000104384	1534	1050	105	1000.48	42.8515	42.8515	171.406	171.406	0 19809.8 7822.57 	27632.3	6.56029	6.55445	1005	670	0.010824	0	1.122	1.02
81	0.00205754	0.000104392	1534.13	1050	105	1000.55	42.8581	42.8581	171.432	171.432	0 19808.3 7820.94 	27629.2	6.56021	6.55445	1005	670	0.0108227	0	1.122	1.02
81.1	0.00205755	0.000104387	1534.07	1050	105	1000.53	42.8534	42.8534	171.413	171.413	0 19809.3 7820.33 	27629.7	6.56008	6.55445	1005	670	0.0108214	0	1.122	1.02
81.2	0.00205756	0.000104396	1534.2	1050	105	1000.6	42.86	42.86	171.44	171.44	0 19807.8 7818.71 	27626.6	6.56	6.55445	1005	670	0.0108201	0	1.122	1.02
81.3	0.00205758	0.000104391	1534.14	1050	105	1000.58	42.8553	42.8553	171.421	171.421	0 19808.9 7818.1 	27627	6.55987	6.55445	1005	670	0.0108188	0	1.122	1.02
81.4	0.00205758	0.000104399	1534.27	1050	105	1000.65	42.8619	42.8619	171.448	171.448	0 19807.4 7816.48 	27623.9	6.55979	6.55445	1005	670	0.0108175	0	1.122	1.02
81.5	0.0020576	0.000104394	1534.2	1050	105	1000.63	42.8572	42.8572	171.429	171.429	0 19808.4 7815.87 	27624.3	6.55966	6.55445	1005	670	0.0108162	0	1.122	1.02
81.6	0.00205761	0.000104402	1534.33	1050	105	1000.7	42.8638	42.8638	171.455	171.455	0 19807 7814.26 	27621.2	6.55958	6.55445	1005	670	0.0108149	0	1.122	1.02
81.7	0.00205762	0.000104398	1534.27	1050	105	1000.68	42.8591	42.8591	171.436	171.436	0 19808 7813.65 	27621.6	6.55945	6.55445	1005	670	0.0108136	0	1.122	1.02
81.8	0.00205763	0.000104406	1534.4	1050	105	1000.75	42.8657	42.8657	171.463	171.463	0 19806.5 7812.04 	27618.6	6.55937	6.55445	1005	670	0.0108123	0	1.122	1.02
81.9	0.00205764	0.000104401	1534.34	1050	105	1000.73	42.8611	42.8611	171.444	171.444	0 19807.5 7811.44 	27619	6.55923	6.55445	1005	670	0.010811	0	1.122	1.02
82	0.00205765	0.000104409	1534.47	1050	105	1000.79	42.8677	42.8677	171.471	171.471	0 19806.1 7809.83 	27615.9	6.55916	6.55445	1005	670	0.0108097	0	1.122	1.02
82.1	0.00205766	0.000104405	1534.41	1050	105	1000.78	42.863	42.863	171.452	171.452	0 19807.1 7809.22 	27616.3	6.55902	6.55445	1005	670	0.0108084	0	1.122	1.02
82.2	0.00205767	0.000104413	1534.54	1050	105	1000.84	42.8697	42.8697	171.479	171.479	0 19805.6 7807.62 	27613.2	6.55895	6.55445	1005	670	0.0108071	0	1.122	1.02
82.3	0.00205769	0.000104408	1534.48	1050	105	1000.83	42.865	42.865	171.46	171.46	0 19806.6 7807.02 	27613.7	6.55882	6.55445	1005	670	0.0108059	0	1.122	1.02
