1	0.00199693	7.50814e-05	1064.02	1050	105	518.076	44.0946	44.0946	176.379	176.379	0 17729.8 9353.42 	27083.2	0.002074	1.85e-05	1050	1050	1050	0 1.81918e+07 8.27526e+06 	2.6467e+07	6.5235	6.5039	666.612	666.612	0.00897707	0	1.02	1.02
2	0.00199655	7.52359e-05	1066.05	1050	105	520.22	44.083	44.083	176.332	176.332	0 17690 9318.67 	27008.6	0.002074	1.85e-05	1050	1050	1050	0 1.81678e+07 8.26544e+06 	2.64333e+07	6.52728	6.5039	666.612	666.612	0.00896076	0	1.02	1.02
3	0.00200601	8.12887e-05	1158.89	1050	105	612.934	44.0955	44.0955	176.382	176.382	0 19341.4 9140.8 	28482.2	0.0020873	1.83831e-05	1050	1050	1050	0 1.26748e+06 629725 	1.89721e+06	6.4353	6.5039	12399	666.612	0.162046	0	1.02	1.02
4	0.0020012	8.6054e-05	1225.37	1050	105	679.165	44.1201	44.1201	176.481	176.481	0 18630.3 8528.99 	27159.3	0.00208725	1.83836e-05	1050	1050	1050	0 1.26252e+06 627274 	1.88979e+06	6.48188	6.5039	12399	666.612	0.161324	0	1.02	1.02
5	0.00199978	8.74544e-05	1244.87	1050	105	698.59	44.1283	44.1283	176.513	176.513	0 18428 8359.76 	26787.8	0.00208724	1.83837e-05	1050	1050	1050	0 1.2611e+06 626572 	1.88767e+06	6.49566	6.5039	12399	666.612	0.161115	0	1.02	1.02
6	0.0019994	8.78298e-05	1250.1	1050	105	703.781	44.1316	44.1316	176.526	176.526	0 18375.9 8313.27 	26689.2	0.00208723	1.83838e-05	1050	1050	1050	0 1.26071e+06 626382 	1.88709e+06	6.49936	6.5039	12399	666.612	0.161055	0	1.02	1.02
7	0.00199931	8.79239e-05	1251.41	1050	105	705.072	44.1337	44.1337	176.535	176.535	0 18362.3 8299.62 	26661.9	0.00208723	1.83838e-05	1050	1050	1050	0 1.26062e+06 626336 	1.88695e+06	6.50028	6.5039	12399	666.612	0.161039	0	1.02	1.02
8	0.00199929	8.79407e-05	1251.64	1050	105	705.287	44.1354	44.1354	176.542	176.542	0 18358 8294.96 	26653	0.00208723	1.83838e-05	1050	1050	1050	0 1.26061e+06 626332 	1.88694e+06	6.50045	6.5039	12399	666.612	0.161034	0	1.02	1.02
9	0.0019993	8.7935e-05	1251.56	1050	105	705.191	44.1372	44.1372	176.549	176.549	0 18356 8292.94 	26649	0.00208723	1.83838e-05	1050	1050	1050	0 1.26063e+06 626341 	1.88697e+06	6.50039	6.5039	12399	666.612	0.161034	0	1.02	1.02
10	0.00199931	8.79224e-05	1251.39	1050	105	704.998	44.139	44.139	176.556	176.556	0 18354.5 8291.76 	26646.3	0.00208723	1.83838e-05	1050	1050	1050	0 1.26066e+06 626355 	1.88701e+06	6.50027	6.5039	12399	666.612	0.161034	0	1.02	1.02
11	0.00199932	8.79076e-05	1251.18	1050	105	704.773	44.1409	44.1409	176.563	176.563	0 18353.2 8290.87 	26644.1	0.00208723	1.83838e-05	1050	1050	1050	0 1.26069e+06 626371 	1.88706e+06	6.50012	6.5039	12399	666.612	0.161036	0	1.02	1.02
12	0.00199934	8.7892e-05	1250.96	1050	105	704.537	44.1428	44.1428	176.571	176.571	0 18351.9 8290.1 	26642	0.00208723	1.83838e-05	1050	1050	1050	0 1.26072e+06 626387 	1.88711e+06	6.49996	6.5039	12399	666.612	0.161037	0	1.02	1.02
13	0.00199936	8.78763e-05	1250.75	1050	105	704.297	44.1449	44.1449	176.579	176.579	0 18350.5 8289.4 	26639.9	0.00208723	1.83838e-05	1050	1050	1050	0 1.26075e+06 626404 	1.88716e+06	6.49981	6.5039	12399	666.612	0.161039	0	1.02	1.02
14	0.00199937	8.78606e-05	1250.53	1050	105	704.057	44.147	44.147	176.588	176.588	0 18349.2 8288.72 	26638	0.00208723	1.83837e-05	1050	1050	1050	0 1.26079e+06 626420 	1.88721e+06	6.49965	6.5039	12399	666.612	0.16104	0	1.02	1.02
15	0.00199939	8.7845e-05	1250.31	1050	105	703.818	44.1492	44.1492	176.597	176.597	0 18347.9 8288.08 	26636	0.00208723	1.83837e-05	1050	1050	1050	0 1.26082e+06 626436 	1.88726e+06	6.49949	6.5039	12399	666.612	0.161042	0	1.02	1.02
16	0.0019994	8.78295e-05	1250.09	1050	105	703.58	44.1515	44.1515	176.606	176.606	0 18346.6 8287.45 	26634.1	0.00208723	1.83837e-05	1050	1050	1050	0 1.26085e+06 626452 	1.8873e+06	6.49934	6.5039	12399	666.612	0.161043	0	1.02	1.02
17	0.00199942	8.78142e-05	1249.88	1050	105	703.343	44.1538	44.1538	176.615	176.615	0 18345.3 8286.83 	26632.2	0.00208723	1.83837e-05	1050	1050	1050	0 1.26088e+06 626468 	1.88735e+06	6.49919	6.5039	12399	666.612	0.161045	0	1.02	1.02
18	0.00199943	8.77991e-05	1249.67	1050	105	703.108	44.1563	44.1563	176.625	176.625	0 18344 8286.24 	26630.3	0.00208723	1.83837e-05	1050	1050	1050	0 1.26092e+06 626484 	1.8874e+06	6.49904	6.5039	12399	666.612	0.161046	0	1.02	1.02
19	0.00199945	8.77841e-05	1249.46	1050	105	702.874	44.1588	44.1588	176.635	176.635	0 18342.8 8285.66 	26628.4	0.00208723	1.83837e-05	1050	1050	1050	0 1.26095e+06 626499 	1.88745e+06	6.49889	6.5039	12399	666.612	0.161048	0	1.02	1.02
20	0.00199946	8.77693e-05	1249.26	1050	105	702.642	44.1615	44.1615	176.646	176.646	0 18341.5 8285.1 	26626.6	0.00208723	1.83837e-05	1050	1050	1050	0 1.26098e+06 626515 	1.88749e+06	6.49874	6.5039	12399	666.612	0.16105	0	1.02	1.02
21	0.00199948	8.77546e-05	1249.05	1050	105	702.411	44.1642	44.1642	176.657	176.657	0 18340.2 8284.55 	26624.7	0.00208723	1.83837e-05	1050	1050	1050	0 1.26101e+06 626530 	1.88754e+06	6.49859	6.5039	12399	666.612	0.161051	0	1.02	1.02
22	0.00199949	8.77402e-05	1248.85	1050	105	702.182	44.1669	44.1669	176.668	176.668	0 18338.9 8284.02 	26622.9	0.00208723	1.83837e-05	1050	1050	1050	0 1.26104e+06 626545 	1.88759e+06	6.49845	6.5039	12399	666.612	0.161053	0	1.02	1.02
23	0.00199951	8.77258e-05	1248.65	1050	105	701.954	44.1698	44.1698	176.679	176.679	0 18337.7 8283.5 	26621.2	0.00208723	1.83837e-05	1050	1050	1050	0 1.26107e+06 626560 	1.88763e+06	6.49831	6.5039	12399	666.612	0.161054	0	1.02	1.02
24	0.00199952	8.77117e-05	1248.46	1050	105	701.728	44.1727	44.1727	176.691	176.691	0 18336.4 8283 	26619.4	0.00208724	1.83837e-05	1050	1050	1050	0 1.2611e+06 626575 	1.88768e+06	6.49816	6.5039	12399	666.612	0.161056	0	1.02	1.02
25	0.00199954	8.76977e-05	1248.26	1050	105	701.503	44.1757	44.1757	176.703	176.703	0 18335.1 8282.52 	26617.7	0.00208724	1.83837e-05	1050	1050	1050	0 1.26113e+06 626590 	1.88772e+06	6.49803	6.5039	12399	666.612	0.161057	0	1.02	1.02
26	0.00199955	8.76839e-05	1248.07	1050	105	701.28	44.1788	44.1788	176.715	176.715	0 18333.9 8282.05 	26615.9	0.00208724	1.83837e-05	1050	1050	1050	0 1.26116e+06 626604 	1.88777e+06	6.49789	6.5039	12399	666.612	0.161059	0	1.02	1.02
27	0.00199957	8.76702e-05	1247.88	1050	105	701.058	44.182	44.182	176.728	176.728	0 18332.6 8281.59 	26614.2	0.00208724	1.83837e-05	1050	1050	1050	0 1.26119e+06 626619 	1.88781e+06	6.49775	6.5039	12399	666.612	0.161061	0	1.02	1.02
28	0.00199958	8.76567e-05	1247.69	1050	105	700.838	44.1852	44.1852	176.741	176.741	0 18331.4 8281.15 	26612.5	0.00208724	1.83837e-05	1050	1050	1050	0 1.26122e+06 626633 	1.88785e+06	6.49762	6.5039	12399	666.612	0.161062	0	1.02	1.02
29	0.00199959	8.76433e-05	1247.5	1050	105	700.618	44.1885	44.1885	176.754	176.754	0 18330.2 8280.72 	26610.9	0.00208724	1.83837e-05	1050	1050	1050	0 1.26125e+06 626647 	1.8879e+06	6.49748	6.5039	12399	666.612	0.161064	0	1.02	1.02
30	0.00199961	8.76301e-05	1247.32	1050	105	700.401	44.1919	44.1919	176.768	176.768	0 18328.9 8280.31 	26609.2	0.00208724	1.83837e-05	1050	1050	1050	0 1.26128e+06 626661 	1.88794e+06	6.49735	6.5039	12399	666.612	0.161065	0	1.02	1.02
31	0.00199962	8.7617e-05	1247.14	1050	105	700.185	44.1953	44.1953	176.781	176.781	0 18327.7 8279.91 	26607.6	0.00208724	1.83837e-05	1050	1050	1050	0 1.2613e+06 626675 	1.88798e+06	6.49722	6.5039	12399	666.612	0.161067	0	1.02	1.02
32	0.00199963	8.76041e-05	1246.96	1050	105	699.97	44.1989	44.1989	176.795	176.795	0 18326.5 8279.52 	26606	0.00208724	1.83837e-05	1050	1050	1050	0 1.26133e+06 626689 	1.88802e+06	6.49709	6.5039	12399	666.612	0.161068	0	1.02	1.02
33	0.00199965	8.75913e-05	1246.78	1050	105	699.756	44.2024	44.2024	176.81	176.81	0 18325.3 8279.15 	26604.4	0.00208724	1.83837e-05	1050	1050	1050	0 1.26136e+06 626702 	1.88806e+06	6.49697	6.5039	12399	666.612	0.16107	0	1.02	1.02
34	0.00199966	8.75787e-05	1246.61	1050	105	699.544	44.2061	44.2061	176.824	176.824	0 18324.1 8278.8 	26602.9	0.00208724	1.83837e-05	1050	1050	1050	0 1.26139e+06 626716 	1.8881e+06	6.49684	6.5039	12399	666.612	0.161071	0	1.02	1.02
35	0.00199967	8.75663e-05	1246.43	1050	105	699.334	44.2098	44.2098	176.839	176.839	0 18322.8 8278.45 	26601.3	0.00208724	1.83837e-05	1050	1050	1050	0 1.26141e+06 626729 	1.88814e+06	6.49672	6.5039	12399	666.612	0.161073	0	1.02	1.02
36	0.00199968	8.7554e-05	1246.26	1050	105	699.124	44.2136	44.2136	176.854	176.854	0 18321.6 8278.12 	26599.8	0.00208724	1.83837e-05	1050	1050	1050	0 1.26144e+06 626742 	1.88818e+06	6.49659	6.5039	12399	666.612	0.161074	0	1.02	1.02
37	0.0019997	8.75418e-05	1246.09	1050	105	698.916	44.2175	44.2175	176.87	176.87	0 18320.4 8277.81 	26598.3	0.00208724	1.83837e-05	1050	1050	1050	0 1.26147e+06 626755 	1.88822e+06	6.49647	6.5039	12399	666.612	0.161076	0	1.02	1.02
38	0.00199971	8.75298e-05	1245.92	1050	105	698.71	44.2214	44.2214	176.886	176.886	0 18319.3 8277.5 	26596.8	0.00208724	1.83837e-05	1050	1050	1050	0 1.26149e+06 626768 	1.88826e+06	6.49635	6.5039	12399	666.612	0.161077	0	1.02	1.02
39	0.00199972	8.75179e-05	1245.76	1050	105	698.504	44.2254	44.2254	176.902	176.902	0 18318.1 8277.21 	26595.3	0.00208724	1.83837e-05	1050	1050	1050	0 1.26152e+06 626781 	1.8883e+06	6.49623	6.5039	12399	666.612	0.161079	0	1.02	1.02
40	0.00199973	8.75061e-05	1245.59	1050	105	698.3	44.2295	44.2295	176.918	176.918	0 18316.9 8276.93 	26593.8	0.00208724	1.83837e-05	1050	1050	1050	0 1.26154e+06 626794 	1.88834e+06	6.49612	6.5039	12399	666.612	0.161081	0	1.02	1.02
41	0.00199975	8.74945e-05	1245.43	1050	105	698.098	44.2336	44.2336	176.934	176.934	0 18315.7 8276.67 	26592.4	0.00208724	1.83837e-05	1050	1050	1050	0 1.26157e+06 626806 	1.88838e+06	6.496	6.5039	12399	666.612	0.161082	0	1.02	1.02
42	0.00199976	8.74831e-05	1245.27	1050	105	697.896	44.2377	44.2377	176.951	176.951	0 18314.5 8276.42 	26591	0.00208724	1.83837e-05	1050	1050	1050	0 1.26159e+06 626819 	1.88841e+06	6.49589	6.5039	12399	666.612	0.161084	0	1.02	1.02
43	0.00199977	8.74717e-05	1245.12	1050	105	697.696	44.242	44.242	176.968	176.968	0 18313.4 8276.18 	26589.5	0.00208724	1.83837e-05	1050	1050	1050	0 1.26162e+06 626831 	1.88845e+06	6.49577	6.5039	12399	666.612	0.161085	0	1.02	1.02
44	0.00199978	8.74605e-05	1244.96	1050	105	697.498	44.2463	44.2463	176.985	176.985	0 18312.2 8275.95 	26588.2	0.00208724	1.83837e-05	1050	1050	1050	0 1.26164e+06 626843 	1.88849e+06	6.49566	6.5039	12399	666.612	0.161087	0	1.02	1.02
45	0.00199979	8.74495e-05	1244.81	1050	105	697.3	44.2507	44.2507	177.003	177.003	0 18311 8275.73 	26586.8	0.00208724	1.83837e-05	1050	1050	1050	0 1.26167e+06 626855 	1.88852e+06	6.49555	6.5039	12399	666.612	0.161088	0	1.02	1.02
46	0.0019998	8.74386e-05	1244.65	1050	105	697.104	44.2551	44.2551	177.02	177.02	0 18309.9 8275.53 	26585.4	0.00208724	1.83837e-05	1050	1050	1050	0 1.26169e+06 626867 	1.88856e+06	6.49544	6.5039	12399	666.612	0.16109	0	1.02	1.02
47	0.00199981	8.74278e-05	1244.5	1050	105	696.909	44.2596	44.2596	177.038	177.038	0 18308.7 8275.34 	26584.1	0.00208724	1.83837e-05	1050	1050	1050	0 1.26172e+06 626879 	1.88859e+06	6.49533	6.5039	12399	666.612	0.161091	0	1.02	1.02
48	0.00199982	8.74171e-05	1244.36	1050	105	696.715	44.2641	44.2641	177.056	177.056	0 18307.6 8275.16 	26582.8	0.00208724	1.83837e-05	1050	1050	1050	0 1.26174e+06 626890 	1.88863e+06	6.49523	6.5039	12399	666.612	0.161093	0	1.02	1.02
49	0.00199984	8.74066e-05	1244.21	1050	105	696.523	44.2687	44.2687	177.075	177.075	0 18306.5 8274.99 	26581.4	0.00208724	1.83837e-05	1050	1050	1050	0 1.26176e+06 626902 	1.88866e+06	6.49512	6.5039	12399	666.612	0.161094	0	1.02	1.02
50	0.00199985	8.73962e-05	1244.07	1050	105	696.332	44.2734	44.2734	177.093	177.093	0 18305.3 8274.84 	26580.2	0.00208724	1.83837e-05	1050	1050	1050	0 1.26179e+06 626913 	1.8887e+06	6.49502	6.5039	12399	666.612	0.161096	0	1.02	1.02
51	0.00199986	8.73859e-05	1243.92	1050	105	696.142	44.2781	44.2781	177.112	177.112	0 18304.2 8274.69 	26578.9	0.00208724	1.83837e-05	1050	1050	1050	0 1.26181e+06 626924 	1.88873e+06	6.49492	6.5039	12399	666.612	0.161097	0	1.02	1.02
52	0.00199987	8.73758e-05	1243.78	1050	105	695.953	44.2828	44.2828	177.131	177.131	0 18303.1 8274.56 	26577.6	0.00208724	1.83837e-05	1050	1050	1050	0 1.26183e+06 626935 	1.88877e+06	6.49482	6.5039	12399	666.612	0.161099	0	1.02	1.02
53	0.00199988	8.73658e-05	1243.64	1050	105	695.765	44.2877	44.2877	177.151	177.151	0 18301.9 8274.44 	26576.4	0.00208724	1.83836e-05	1050	1050	1050	0 1.26185e+06 626947 	1.8888e+06	6.49472	6.5039	12399	666.612	0.1611	0	1.02	1.02
54	0.00199989	8.73559e-05	1243.5	1050	105	695.579	44.2925	44.2925	177.17	177.17	0 18300.8 8274.33 	26575.1	0.00208724	1.83836e-05	1050	1050	1050	0 1.26188e+06 626957 	1.88883e+06	6.49462	6.5039	12399	666.612	0.161102	0	1.02	1.02
55	0.0019999	8.73462e-05	1243.37	1050	105	695.394	44.2975	44.2975	177.19	177.19	0 18299.7 8274.23 	26573.9	0.00208724	1.83836e-05	1050	1050	1050	0 1.2619e+06 626968 	1.88887e+06	6.49452	6.5039	12399	666.612	0.161103	0	1.02	1.02
56	0.00199991	8.73365e-05	1243.23	1050	105	695.21	44.3025	44.3025	177.21	177.21	0 18298.6 8274.14 	26572.7	0.00208724	1.83836e-05	1050	1050	1050	0 1.26192e+06 626979 	1.8889e+06	6.49442	6.5039	12399	666.612	0.161105	0	1.02	1.02
57	0.00199992	8.7327e-05	1243.1	1050	105	695.027	44.3075	44.3075	177.23	177.23	0 18297.5 8274.06 	26571.6	0.00208724	1.83836e-05	1050	1050	1050	0 1.26194e+06 626989 	1.88893e+06	6.49433	6.5039	12399	666.612	0.161106	0	1.02	1.02
58	0.00199993	8.73176e-05	1242.97	1050	105	694.846	44.3126	44.3126	177.25	177.25	0 18296.4 8273.99 	26570.4	0.00208724	1.83836e-05	1050	1050	1050	0 1.26196e+06 627000 	1.88896e+06	6.49424	6.5039	12399	666.612	0.161108	0	1.02	1.02
59	0.00199994	8.73083e-05	1242.84	1050	105	694.665	44.3177	44.3177	177.271	177.271	0 18295.3 8273.94 	26569.2	0.00208724	1.83836e-05	1050	1050	1050	0 1.26198e+06 627010 	1.88899e+06	6.49414	6.5039	12399	666.612	0.161109	0	1.02	1.02
60	0.00199995	8.72992e-05	1242.72	1050	105	694.486	44.3229	44.3229	177.292	177.292	0 18294.2 8273.89 	26568.1	0.00208724	1.83836e-05	1050	1050	1050	0 1.262e+06 627021 	1.88902e+06	6.49405	6.5039	12399	666.612	0.161111	0	1.02	1.02
61	0.00199995	8.72901e-05	1242.59	1050	105	694.308	44.3282	44.3282	177.313	177.313	0 18293.1 8273.86 	26567	0.00208724	1.83836e-05	1050	1050	1050	0 1.26202e+06 627031 	1.88906e+06	6.49396	6.5039	12399	666.612	0.161112	0	1.02	1.02
62	0.00199996	8.72812e-05	1242.47	1050	105	694.131	44.3335	44.3335	177.334	177.334	0 18292 8273.83 	26565.9	0.00208725	1.83836e-05	1050	1050	1050	0 1.26204e+06 627041 	1.88909e+06	6.49387	6.5039	12399	666.612	0.161114	0	1.02	1.02
63	0.00199997	8.72724e-05	1242.34	1050	105	693.955	44.3388	44.3388	177.355	177.355	0 18291 8273.82 	26564.8	0.00208725	1.83836e-05	1050	1050	1050	0 1.26206e+06 627051 	1.88912e+06	6.49379	6.5039	12399	666.612	0.161115	0	1.02	1.02
64	0.00199998	8.72637e-05	1242.22	1050	105	693.78	44.3442	44.3442	177.377	177.377	0 18289.9 8273.81 	26563.7	0.00208725	1.83836e-05	1050	1050	1050	0 1.26208e+06 627060 	1.88915e+06	6.4937	6.5039	12399	666.612	0.161116	0	1.02	1.02
65	0.00199999	8.72552e-05	1242.1	1050	105	693.606	44.3496	44.3496	177.398	177.398	0 18288.8 8273.81 	26562.6	0.00208725	1.83836e-05	1050	1050	1050	0 1.2621e+06 627070 	1.88917e+06	6.49361	6.5039	12399	666.612	0.161118	0	1.02	1.02
66	0.002	8.72467e-05	1241.98	1050	105	693.434	44.3551	44.3551	177.42	177.42	0 18287.8 8273.83 	26561.6	0.00208725	1.83836e-05	1050	1050	1050	0 1.26212e+06 627080 	1.8892e+06	6.49353	6.5039	12399	666.612	0.161119	0	1.02	1.02
67	0.00200001	8.72384e-05	1241.87	1050	105	693.262	44.3606	44.3606	177.443	177.443	0 18286.7 8273.85 	26560.6	0.00208725	1.83836e-05	1050	1050	1050	0 1.26214e+06 627089 	1.88923e+06	6.49345	6.5039	12399	666.612	0.161121	0	1.02	1.02
68	0.00200002	8.72301e-05	1241.75	1050	105	693.092	44.3662	44.3662	177.465	177.465	0 18285.6 8273.89 	26559.5	0.00208725	1.83836e-05	1050	1050	1050	0 1.26216e+06 627099 	1.88926e+06	6.49336	6.5039	12399	666.612	0.161122	0	1.02	1.02
69	0.00200002	8.7222e-05	1241.64	1050	105	692.923	44.3718	44.3718	177.487	177.487	0 18284.6 8273.93 	26558.5	0.00208725	1.83836e-05	1050	1050	1050	0 1.26218e+06 627108 	1.88929e+06	6.49328	6.5039	12399	666.612	0.161124	0	1.02	1.02
70	0.00200003	8.7214e-05	1241.53	1050	105	692.755	44.3775	44.3775	177.51	177.51	0 18283.5 8273.98 	26557.5	0.00208725	1.83836e-05	1050	1050	1050	0 1.2622e+06 627117 	1.88932e+06	6.4932	6.5039	12399	666.612	0.161125	0	1.02	1.02
71	0.00200004	8.72061e-05	1241.42	1050	105	692.587	44.3832	44.3832	177.533	177.533	0 18282.5 8274.04 	26556.5	0.00208725	1.83836e-05	1050	1050	1050	0 1.26222e+06 627126 	1.88934e+06	6.49312	6.5039	12399	666.612	0.161127	0	1.02	1.02
72	0.00200005	8.71983e-05	1241.31	1050	105	692.421	44.3889	44.3889	177.556	177.556	0 18281.5 8274.11 	26555.6	0.00208725	1.83836e-05	1050	1050	1050	0 1.26224e+06 627135 	1.88937e+06	6.49305	6.5039	12399	666.612	0.161128	0	1.02	1.02
73	0.00200006	8.71906e-05	1241.2	1050	105	692.256	44.3947	44.3947	177.579	177.579	0 18280.4 8274.19 	26554.6	0.00208725	1.83836e-05	1050	1050	1050	0 1.26225e+06 627144 	1.8894e+06	6.49297	6.5039	12399	666.612	0.16113	0	1.02	1.02
74	0.00200006	8.7183e-05	1241.1	1050	105	692.092	44.4006	44.4006	177.602	177.602	0 18279.4 8274.28 	26553.7	0.00208725	1.83836e-05	1050	1050	1050	0 1.26227e+06 627153 	1.88942e+06	6.49289	6.5039	12399	666.612	0.161131	0	1.02	1.02
75	0.00200007	8.71755e-05	1240.99	1050	105	691.93	44.4064	44.4064	177.626	177.626	0 18278.4 8274.38 	26552.8	0.00208725	1.83836e-05	1050	1050	1050	0 1.26229e+06 627161 	1.88945e+06	6.49282	6.5039	12399	666.612	0.161132	0	1.02	1.02
76	0.00200008	8.71681e-05	1240.89	1050	105	691.768	44.4124	44.4124	177.649	177.649	0 18277.4 8274.49 	26551.8	0.00208725	1.83836e-05	1050	1050	1050	0 1.26231e+06 627170 	1.88948e+06	6.49274	6.5039	12399	666.612	0.161134	0	1.02	1.02
77	0.00200009	8.71608e-05	1240.79	1050	105	691.607	44.4183	44.4183	177.673	177.673	0 18276.3 8274.6 	26550.9	0.00208725	1.83836e-05	1050	1050	1050	0 1.26232e+06 627179 	1.8895e+06	6.49267	6.5039	12399	666.612	0.161135	0	1.02	1.02
78	0.00200009	8.71537e-05	1240.69	1050	105	691.447	44.4243	44.4243	177.697	177.697	0 18275.3 8274.73 	26550.1	0.00208725	1.83836e-05	1050	1050	1050	0 1.26234e+06 627187 	1.88953e+06	6.4926	6.5039	12399	666.612	0.161137	0	1.02	1.02
79	0.0020001	8.71466e-05	1240.59	1050	105	691.288	44.4304	44.4304	177.721	177.721	0 18274.3 8274.86 	26549.2	0.00208725	1.83836e-05	1050	1050	1050	0 1.26236e+06 627195 	1.88955e+06	6.49253	6.5039	12399	666.612	0.161138	0	1.02	1.02
80	0.00200011	8.71396e-05	1240.49	1050	105	691.13	44.4364	44.4364	177.746	177.746	0 18273.3 8275 	26548.3	0.00208725	1.83836e-05	1050	1050	1050	0 1.26237e+06 627203 	1.88958e+06	6.49246	6.5039	12399	666.612	0.16114	0	1.02	1.02
81	0.00200012	8.71327e-05	1240.4	1050	105	690.973	44.4426	44.4426	177.77	177.77	0 18272.3 8275.15 	26547.5	0.00208725	1.83836e-05	1050	1050	1050	0 1.26239e+06 627212 	1.8896e+06	6.49239	6.5039	12399	666.612	0.161141	0	1.02	1.02
82	0.00200012	8.7126e-05	1240.3	1050	105	690.818	44.4487	44.4487	177.795	177.795	0 18271.3 8275.31 	26546.6	0.00208725	1.83836e-05	1050	1050	1050	0 1.26241e+06 627220 	1.88963e+06	6.49232	6.5039	12399	666.612	0.161142	0	1.02	1.02
83	0.00200013	8.71193e-05	1240.21	1050	105	690.663	44.4549	44.4549	177.82	177.82	0 18270.3 8275.47 	26545.8	0.00208725	1.83836e-05	1050	1050	1050	0 1.26242e+06 627227 	1.88965e+06	6.49226	6.5039	12399	666.612	0.161144	0	1.02	1.02
84	0.00200014	8.71127e-05	1240.12	1050	105	690.509	44.4611	44.4611	177.845	177.845	0 18269.3 8275.65 	26545	0.00208725	1.83836e-05	1050	1050	1050	0 1.26244e+06 627235 	1.88967e+06	6.49219	6.5039	12399	666.612	0.161145	0	1.02	1.02
85	0.00200014	8.71062e-05	1240.03	1050	105	690.356	44.4674	44.4674	177.87	177.87	0 18268.3 8275.83 	26544.2	0.00208725	1.83836e-05	1050	1050	1050	0 1.26245e+06 627243 	1.8897e+06	6.49213	6.5039	12399	666.612	0.161147	0	1.02	1.02
86	0.00200015	8.70998e-05	1239.94	1050	105	690.204	44.4737	44.4737	177.895	177.895	0 18267.4 8276.02 	26543.4	0.00208725	1.83836e-05	1050	1050	1050	0 1.26247e+06 627251 	1.88972e+06	6.49206	6.5039	12399	666.612	0.161148	0	1.02	1.02
87	0.00200016	8.70935e-05	1239.85	1050	105	690.053	44.48	44.48	177.92	177.92	0 18266.4 8276.21 	26542.6	0.00208725	1.83836e-05	1050	1050	1050	0 1.26249e+06 627258 	1.88974e+06	6.492	6.5039	12399	666.612	0.161149	0	1.02	1.02
88	0.00200016	8.70873e-05	1239.77	1050	105	689.903	44.4864	44.4864	177.946	177.946	0 18265.4 8276.42 	26541.8	0.00208725	1.83836e-05	1050	1050	1050	0 1.2625e+06 627266 	1.88977e+06	6.49194	6.5039	12399	666.612	0.161151	0	1.02	1.02
89	0.00200017	8.70812e-05	1239.68	1050	105	689.754	44.4928	44.4928	177.971	177.971	0 18264.4 8276.63 	26541.1	0.00208725	1.83836e-05	1050	1050	1050	0 1.26252e+06 627273 	1.88979e+06	6.49188	6.5039	12399	666.612	0.161152	0	1.02	1.02
90	0.00200018	8.70752e-05	1239.6	1050	105	689.605	44.4993	44.4993	177.997	177.997	0 18263.5 8276.85 	26540.3	0.00208725	1.83836e-05	1050	1050	1050	0 1.26253e+06 627281 	1.88981e+06	6.49182	6.5039	12399	666.612	0.161154	0	1.02	1.02
91	0.00200018	8.70693e-05	1239.52	1050	105	689.458	44.5057	44.5057	178.023	178.023	0 18262.5 8277.08 	26539.6	0.00208725	1.83836e-05	1050	1050	1050	0 1.26255e+06 627288 	1.88983e+06	6.49176	6.5039	12399	666.612	0.161155	0	1.02	1.02
92	0.00200019	8.70634e-05	1239.43	1050	105	689.312	44.5122	44.5122	178.049	178.049	0 18261.6 8277.31 	26538.9	0.00208725	1.83836e-05	1050	1050	1050	0 1.26256e+06 627295 	1.88985e+06	6.4917	6.5039	12399	666.612	0.161156	0	1.02	1.02
93	0.00200019	8.70577e-05	1239.35	1050	105	689.166	44.5188	44.5188	178.075	178.075	0 18260.6 8277.56 	26538.2	0.00208725	1.83836e-05	1050	1050	1050	0 1.26257e+06 627302 	1.88988e+06	6.49164	6.5039	12399	666.612	0.161158	0	1.02	1.02
94	0.0020002	8.7052e-05	1239.28	1050	105	689.022	44.5253	44.5253	178.101	178.101	0 18259.7 8277.81 	26537.5	0.00208725	1.83836e-05	1050	1050	1050	0 1.26259e+06 627309 	1.8899e+06	6.49158	6.5039	12399	666.612	0.161159	0	1.02	1.02
95	0.0020002	8.70464e-05	1239.2	1050	105	688.878	44.5319	44.5319	178.128	178.128	0 18258.7 8278.06 	26536.8	0.00208725	1.83836e-05	1050	1050	1050	0 1.2626e+06 627316 	1.88992e+06	6.49153	6.5039	12399	666.612	0.161161	0	1.02	1.02
96	0.00200021	8.70409e-05	1239.12	1050	105	688.735	44.5386	44.5386	178.154	178.154	0 18257.8 8278.33 	26536.1	0.00208725	1.83836e-05	1050	1050	1050	0 1.26262e+06 627323 	1.88994e+06	6.49147	6.5039	12399	666.612	0.161162	0	1.02	1.02
97	0.00200022	8.70355e-05	1239.05	1050	105	688.594	44.5452	44.5452	178.181	178.181	0 18256.8 8278.6 	26535.4	0.00208725	1.83836e-05	1050	1050	1050	0 1.26263e+06 627329 	1.88996e+06	6.49142	6.5039	12399	666.612	0.161163	0	1.02	1.02
98	0.00200022	8.70302e-05	1238.97	1050	105	688.453	44.5519	44.5519	178.208	178.208	0 18255.9 8278.87 	26534.8	0.00208725	1.83836e-05	1050	1050	1050	0 1.26264e+06 627336 	1.88998e+06	6.49137	6.5039	12399	666.612	0.161165	0	1.02	1.02
99	0.00200023	8.7025e-05	1238.9	1050	105	688.313	44.5587	44.5587	178.235	178.235	0 18255 8279.16 	26534.1	0.00208725	1.83836e-05	1050	1050	1050	0 1.26266e+06 627343 	1.89e+06	6.49131	6.5039	12399	666.612	0.161166	0	1.02	1.02
100	0.00200023	8.70198e-05	1238.83	1050	105	688.173	44.5654	44.5654	178.262	178.262	0 18254 8279.45 	26533.5	0.00208725	1.83836e-05	1050	1050	1050	0 1.26267e+06 627349 	1.89002e+06	6.49126	6.5039	12399	666.612	0.161167	0	1.02	1.02
101	0.00200024	8.70148e-05	1238.76	1050	105	688.035	44.5722	44.5722	178.289	178.289	0 18253.1 8279.74 	26532.9	0.00208725	1.83836e-05	1050	1050	1050	0 1.26268e+06 627356 	1.89004e+06	6.49121	6.5039	12399	666.612	0.161169	0	1.02	1.02
102	0.00200024	8.70098e-05	1238.69	1050	105	687.898	44.579	44.579	178.316	178.316	0 18252.2 8280.05 	26532.2	0.00208725	1.83836e-05	1050	1050	1050	0 1.2627e+06 627362 	1.89006e+06	6.49116	6.5039	12399	666.612	0.16117	0	1.02	1.02
103	0.00200025	8.70049e-05	1238.62	1050	105	687.761	44.5859	44.5859	178.343	178.343	0 18251.3 8280.36 	26531.6	0.00208725	1.83836e-05	1050	1050	1050	0 1.26271e+06 627368 	1.89008e+06	6.49111	6.5039	12399	666.612	0.161171	0	1.02	1.02
104	0.00200025	8.70001e-05	1238.55	1050	105	687.625	44.5927	44.5927	178.371	178.371	0 18250.4 8280.68 	26531	0.00208725	1.83836e-05	1050	1050	1050	0 1.26272e+06 627374 	1.89009e+06	6.49107	6.5039	12399	666.612	0.161173	0	1.02	1.02
105	0.00200026	8.69953e-05	1238.49	1050	105	687.49	44.5996	44.5996	178.398	178.398	0 18249.4 8281 	26530.4	0.00208725	1.83836e-05	1050	1050	1050	0 1.26273e+06 627380 	1.89011e+06	6.49102	6.5039	12399	666.612	0.161174	0	1.02	1.02
106	0.00200026	8.69907e-05	1238.42	1050	105	687.356	44.6065	44.6065	178.426	178.426	0 18248.5 8281.33 	26529.9	0.00208725	1.83836e-05	1050	1050	1050	0 1.26275e+06 627386 	1.89013e+06	6.49097	6.5039	12399	666.612	0.161175	0	1.02	1.02
107	0.00200027	8.69861e-05	1238.36	1050	105	687.223	44.6135	44.6135	178.454	178.454	0 18247.6 8281.66 	26529.3	0.00208725	1.83836e-05	1050	1050	1050	0 1.26276e+06 627392 	1.89015e+06	6.49093	6.5039	12399	666.612	0.161177	0	1.02	1.02
108	0.00200027	8.69816e-05	1238.29	1050	105	687.09	44.6205	44.6205	178.482	178.482	0 18246.7 8282 	26528.7	0.00208725	1.83836e-05	1050	1050	1050	0 1.26277e+06 627398 	1.89017e+06	6.49088	6.5039	12399	666.612	0.161178	0	1.02	1.02
109	0.00200028	8.69771e-05	1238.23	1050	105	686.959	44.6275	44.6275	178.51	178.51	0 18245.8 8282.35 	26528.2	0.00208725	1.83836e-05	1050	1050	1050	0 1.26278e+06 627404 	1.89019e+06	6.49084	6.5039	12399	666.612	0.161179	0	1.02	1.02
110	0.00200028	8.69728e-05	1238.17	1050	105	686.828	44.6345	44.6345	178.538	178.538	0 18245 8282.7 	26527.7	0.00208725	1.83836e-05	1050	1050	1050	0 1.26279e+06 627410 	1.8902e+06	6.49079	6.5039	12399	666.612	0.161181	0	1.02	1.02
111	0.00200028	8.69685e-05	1238.11	1050	105	686.698	44.6415	44.6415	178.566	178.566	0 18244.1 8283.06 	26527.1	0.00208725	1.83836e-05	1050	1050	1050	0 1.2628e+06 627416 	1.89022e+06	6.49075	6.5039	12399	666.612	0.161182	0	1.02	1.02
112	0.00200029	8.69643e-05	1238.05	1050	105	686.568	44.6486	44.6486	178.594	178.594	0 18243.2 8283.43 	26526.6	0.00208725	1.83836e-05	1050	1050	1050	0 1.26282e+06 627421 	1.89024e+06	6.49071	6.5039	12399	666.612	0.161183	0	1.02	1.02
113	0.00200029	8.69602e-05	1238	1050	105	686.44	44.6557	44.6557	178.623	178.623	0 18242.3 8283.8 	26526.1	0.00208725	1.83836e-05	1050	1050	1050	0 1.26283e+06 627427 	1.89025e+06	6.49067	6.5039	12399	666.612	0.161185	0	1.02	1.02
114	0.0020003	8.69561e-05	1237.94	1050	105	686.312	44.6628	44.6628	178.651	178.651	0 18241.4 8284.18 	26525.6	0.00208725	1.83836e-05	1050	1050	1050	0 1.26284e+06 627432 	1.89027e+06	6.49063	6.5039	12399	666.612	0.161186	0	1.02	1.02
115	0.0020003	8.69521e-05	1237.89	1050	105	686.185	44.67	44.67	178.68	178.68	0 18240.6 8284.56 	26525.1	0.00208725	1.83836e-05	1050	1050	1050	0 1.26285e+06 627437 	1.89029e+06	6.49059	6.5039	12399	666.612	0.161187	0	1.02	1.02
116	0.00200031	8.69482e-05	1237.83	1050	105	686.059	44.6771	44.6771	178.709	178.709	0 18239.7 8284.95 	26524.6	0.00208725	1.83836e-05	1050	1050	1050	0 1.26286e+06 627443 	1.8903e+06	6.49055	6.5039	12399	666.612	0.161189	0	1.02	1.02
117	0.00200031	8.69444e-05	1237.78	1050	105	685.934	44.6843	44.6843	178.737	178.737	0 18238.8 8285.34 	26524.2	0.00208725	1.83836e-05	1050	1050	1050	0 1.26287e+06 627448 	1.89032e+06	6.49051	6.5039	12399	666.612	0.16119	0	1.02	1.02
118	0.00200031	8.69406e-05	1237.72	1050	105	685.809	44.6915	44.6915	178.766	178.766	0 18238 8285.74 	26523.7	0.00208725	1.83836e-05	1050	1050	1050	0 1.26288e+06 627453 	1.89033e+06	6.49047	6.5039	12399	666.612	0.161191	0	1.02	1.02
119	0.00200032	8.69369e-05	1237.67	1050	105	685.686	44.6988	44.6988	178.795	178.795	0 18237.1 8286.14 	26523.2	0.00208725	1.83836e-05	1050	1050	1050	0 1.26289e+06 627458 	1.89035e+06	6.49043	6.5039	12399	666.612	0.161193	0	1.02	1.02
120	0.00200032	8.69333e-05	1237.62	1050	105	685.563	44.706	44.706	178.824	178.824	0 18236.2 8286.55 	26522.8	0.00208725	1.83836e-05	1050	1050	1050	0 1.2629e+06 627463 	1.89036e+06	6.4904	6.5039	12399	666.612	0.161194	0	1.02	1.02
121	0.00200032	8.69297e-05	1237.57	1050	105	685.44	44.7133	44.7133	178.853	178.853	0 18235.4 8286.96 	26522.3	0.00208725	1.83836e-05	1050	1050	1050	0 1.26291e+06 627468 	1.89038e+06	6.49036	6.5039	12399	666.612	0.161195	0	1.02	1.02
122	0.00200033	8.69262e-05	1237.52	1050	105	685.319	44.7206	44.7206	178.882	178.882	0 18234.5 8287.38 	26521.9	0.00208725	1.83836e-05	1050	1050	1050	0 1.26292e+06 627473 	1.89039e+06	6.49033	6.5039	12399	666.612	0.161197	0	1.02	1.02
123	0.00200033	8.69228e-05	1237.48	1050	105	685.198	44.7279	44.7279	178.912	178.912	0 18233.7 8287.81 	26521.5	0.00208725	1.83836e-05	1050	1050	1050	0 1.26293e+06 627478 	1.89041e+06	6.49029	6.5039	12399	666.612	0.161198	0	1.02	1.02
124	0.00200034	8.69194e-05	1237.43	1050	105	685.078	44.7353	44.7353	178.941	178.941	0 18232.8 8288.24 	26521.1	0.00208725	1.83835e-05	1050	1050	1050	0 1.26294e+06 627483 	1.89042e+06	6.49026	6.5039	12399	666.612	0.161199	0	1.02	1.02
125	0.00200034	8.69161e-05	1237.38	1050	105	684.958	44.7426	44.7426	178.97	178.97	0 18232 8288.67 	26520.7	0.00208725	1.83835e-05	1050	1050	1050	0 1.26295e+06 627488 	1.89044e+06	6.49023	6.5039	12399	666.612	0.1612	0	1.02	1.02
126	0.00200034	8.69129e-05	1237.34	1050	105	684.84	44.75	44.75	179	179	0 18231.2 8289.11 	26520.3	0.00208725	1.83835e-05	1050	1050	1050	0 1.26296e+06 627492 	1.89045e+06	6.49019	6.5039	12399	666.612	0.161202	0	1.02	1.02
127	0.00200035	8.69098e-05	1237.3	1050	105	684.722	44.7574	44.7574	179.03	179.03	0 18230.3 8289.56 	26519.9	0.00208725	1.83835e-05	1050	1050	1050	0 1.26297e+06 627497 	1.89047e+06	6.49016	6.5039	12399	666.612	0.161203	0	1.02	1.02
128	0.00200035	8.69067e-05	1237.25	1050	105	684.605	44.7648	44.7648	179.059	179.059	0 18229.5 8290 	26519.5	0.00208725	1.83835e-05	1050	1050	1050	0 1.26298e+06 627502 	1.89048e+06	6.49013	6.5039	12399	666.612	0.161204	0	1.02	1.02
129	0.00200035	8.69036e-05	1237.21	1050	105	684.488	44.7722	44.7722	179.089	179.089	0 18228.7 8290.46 	26519.1	0.00208726	1.83835e-05	1050	1050	1050	0 1.26299e+06 627506 	1.89049e+06	6.4901	6.5039	12399	666.612	0.161206	0	1.02	1.02
130	0.00200035	8.69007e-05	1237.17	1050	105	684.372	44.7797	44.7797	179.119	179.119	0 18227.9 8290.92 	26518.8	0.00208726	1.83835e-05	1050	1050	1050	0 1.263e+06 627510 	1.89051e+06	6.49007	6.5039	12399	666.612	0.161207	0	1.02	1.02
131	0.00200036	8.68978e-05	1237.13	1050	105	684.257	44.7871	44.7871	179.149	179.149	0 18227 8291.38 	26518.4	0.00208726	1.83835e-05	1050	1050	1050	0 1.26301e+06 627515 	1.89052e+06	6.49004	6.5039	12399	666.612	0.161208	0	1.02	1.02
132	0.00200036	8.68949e-05	1237.09	1050	105	684.143	44.7946	44.7946	179.178	179.178	0 18226.2 8291.85 	26518.1	0.00208726	1.83835e-05	1050	1050	1050	0 1.26301e+06 627519 	1.89053e+06	6.49001	6.5039	12399	666.612	0.161209	0	1.02	1.02
133	0.00200036	8.68921e-05	1237.05	1050	105	684.029	44.8021	44.8021	179.208	179.208	0 18225.4 8292.32 	26517.7	0.00208726	1.83835e-05	1050	1050	1050	0 1.26302e+06 627523 	1.89055e+06	6.48998	6.5039	12399	666.612	0.161211	0	1.02	1.02
134	0.00200037	8.68894e-05	1237.01	1050	105	683.916	44.8096	44.8096	179.239	179.239	0 18224.6 8292.79 	26517.4	0.00208726	1.83835e-05	1050	1050	1050	0 1.26303e+06 627528 	1.89056e+06	6.48996	6.5039	12399	666.612	0.161212	0	1.02	1.02
135	0.00200037	8.68868e-05	1236.98	1050	105	683.804	44.8172	44.8172	179.269	179.269	0 18223.8 8293.27 	26517.1	0.00208726	1.83835e-05	1050	1050	1050	0 1.26304e+06 627532 	1.89057e+06	6.48993	6.5039	12399	666.612	0.161213	0	1.02	1.02
136	0.00200037	8.68841e-05	1236.94	1050	105	683.692	44.8247	44.8247	179.299	179.299	0 18223 8293.76 	26516.7	0.00208726	1.83835e-05	1050	1050	1050	0 1.26305e+06 627536 	1.89058e+06	6.4899	6.5039	12399	666.612	0.161214	0	1.02	1.02
137	0.00200037	8.68816e-05	1236.9	1050	105	683.581	44.8323	44.8323	179.329	179.329	0 18222.2 8294.25 	26516.4	0.00208726	1.83835e-05	1050	1050	1050	0 1.26306e+06 627540 	1.8906e+06	6.48988	6.5039	12399	666.612	0.161216	0	1.02	1.02
138	0.00200038	8.68791e-05	1236.87	1050	105	683.471	44.8399	44.8399	179.359	179.359	0 18221.4 8294.74 	26516.1	0.00208726	1.83835e-05	1050	1050	1050	0 1.26306e+06 627544 	1.89061e+06	6.48985	6.5039	12399	666.612	0.161217	0	1.02	1.02
139	0.00200038	8.68767e-05	1236.84	1050	105	683.361	44.8475	44.8475	179.39	179.39	0 18220.6 8295.24 	26515.8	0.00208726	1.83835e-05	1050	1050	1050	0 1.26307e+06 627548 	1.89062e+06	6.48983	6.5039	12399	666.612	0.161218	0	1.02	1.02
140	0.00200038	8.68743e-05	1236.8	1050	105	683.252	44.8551	44.8551	179.42	179.42	0 18219.8 8295.74 	26515.5	0.00208726	1.83835e-05	1050	1050	1050	0 1.26308e+06 627551 	1.89063e+06	6.4898	6.5039	12399	666.612	0.161219	0	1.02	1.02
141	0.00200038	8.6872e-05	1236.77	1050	105	683.144	44.8627	44.8627	179.451	179.451	0 18219 8296.24 	26515.3	0.00208726	1.83835e-05	1050	1050	1050	0 1.26309e+06 627555 	1.89064e+06	6.48978	6.5039	12399	666.612	0.161221	0	1.02	1.02
142	0.00200039	8.68698e-05	1236.74	1050	105	683.036	44.8703	44.8703	179.481	179.481	0 18218.2 8296.75 	26515	0.00208726	1.83835e-05	1050	1050	1050	0 1.26309e+06 627559 	1.89065e+06	6.48976	6.5039	12399	666.612	0.161222	0	1.02	1.02
143	0.00200039	8.68676e-05	1236.71	1050	105	682.929	44.878	44.878	179.512	179.512	0 18217.4 8297.27 	26514.7	0.00208726	1.83835e-05	1050	1050	1050	0 1.2631e+06 627563 	1.89066e+06	6.48974	6.5039	12399	666.612	0.161223	0	1.02	1.02
144	0.00200039	8.68654e-05	1236.68	1050	105	682.822	44.8856	44.8856	179.543	179.543	0 18216.7 8297.78 	26514.4	0.00208726	1.83835e-05	1050	1050	1050	0 1.26311e+06 627566 	1.89068e+06	6.48972	6.5039	12399	666.612	0.161224	0	1.02	1.02
145	0.00200039	8.68633e-05	1236.65	1050	105	682.717	44.8933	44.8933	179.573	179.573	0 18215.9 8298.3 	26514.2	0.00208726	1.83835e-05	1050	1050	1050	0 1.26312e+06 627570 	1.89069e+06	6.48969	6.5039	12399	666.612	0.161226	0	1.02	1.02
146	0.0020004	8.68613e-05	1236.62	1050	105	682.611	44.901	44.901	179.604	179.604	0 18215.1 8298.83 	26513.9	0.00208726	1.83835e-05	1050	1050	1050	0 1.26312e+06 627573 	1.8907e+06	6.48967	6.5039	12399	666.612	0.161227	0	1.02	1.02
147	0.0020004	8.68593e-05	1236.59	1050	105	682.507	44.9087	44.9087	179.635	179.635	0 18214.3 8299.36 	26513.7	0.00208726	1.83835e-05	1050	1050	1050	0 1.26313e+06 627577 	1.89071e+06	6.48965	6.5039	12399	666.612	0.161228	0	1.02	1.02
148	0.0020004	8.68574e-05	1236.57	1050	105	682.403	44.9164	44.9164	179.666	179.666	0 18213.6 8299.89 	26513.5	0.00208726	1.83835e-05	1050	1050	1050	0 1.26314e+06 627580 	1.89072e+06	6.48963	6.5039	12399	666.612	0.161229	0	1.02	1.02
149	0.0020004	8.68555e-05	1236.54	1050	105	682.299	44.9241	44.9241	179.697	179.697	0 18212.8 8300.42 	26513.2	0.00208726	1.83835e-05	1050	1050	1050	0 1.26314e+06 627584 	1.89073e+06	6.48962	6.5039	12399	666.612	0.16123	0	1.02	1.02
150	0.0020004	8.68537e-05	1236.52	1050	105	682.197	44.9319	44.9319	179.728	179.728	0 18212 8300.96 	26513	0.00208726	1.83835e-05	1050	1050	1050	0 1.26315e+06 627587 	1.89074e+06	6.4896	6.5039	12399	666.612	0.161232	0	1.02	1.02
151	0.0020004	8.68519e-05	1236.49	1050	105	682.095	44.9396	44.9396	179.759	179.759	0 18211.3 8301.5 	26512.8	0.00208726	1.83835e-05	1050	1050	1050	0 1.26316e+06 627590 	1.89075e+06	6.48958	6.5039	12399	666.612	0.161233	0	1.02	1.02
152	0.00200041	8.68502e-05	1236.47	1050	105	681.993	44.9474	44.9474	179.79	179.79	0 18210.5 8302.05 	26512.6	0.00208726	1.83835e-05	1050	1050	1050	0 1.26316e+06 627593 	1.89076e+06	6.48956	6.5039	12399	666.612	0.161234	0	1.02	1.02
153	0.00200041	8.68485e-05	1236.44	1050	105	681.892	44.9552	44.9552	179.821	179.821	0 18209.8 8302.6 	26512.4	0.00208726	1.83835e-05	1050	1050	1050	0 1.26317e+06 627597 	1.89077e+06	6.48954	6.5039	12399	666.612	0.161235	0	1.02	1.02
154	0.00200041	8.68469e-05	1236.42	1050	105	681.792	44.9629	44.9629	179.852	179.852	0 18209 8303.15 	26512.2	0.00208726	1.83835e-05	1050	1050	1050	0 1.26318e+06 627600 	1.89078e+06	6.48953	6.5039	12399	666.612	0.161237	0	1.02	1.02
155	0.00200041	8.68453e-05	1236.4	1050	105	681.692	44.9707	44.9707	179.883	179.883	0 18208.3 8303.71 	26512	0.00208726	1.83835e-05	1050	1050	1050	0 1.26318e+06 627603 	1.89079e+06	6.48951	6.5039	12399	666.612	0.161238	0	1.02	1.02
156	0.00200041	8.68438e-05	1236.38	1050	105	681.593	44.9785	44.9785	179.914	179.914	0 18207.5 8304.27 	26511.8	0.00208726	1.83835e-05	1050	1050	1050	0 1.26319e+06 627606 	1.8908e+06	6.4895	6.5039	12399	666.612	0.161239	0	1.02	1.02
157	0.00200041	8.68423e-05	1236.36	1050	105	681.494	44.9863	44.9863	179.945	179.945	0 18206.8 8304.83 	26511.6	0.00208726	1.83835e-05	1050	1050	1050	0 1.2632e+06 627609 	1.8908e+06	6.48948	6.5039	12399	666.612	0.16124	0	1.02	1.02
158	0.00200042	8.68409e-05	1236.34	1050	105	681.396	44.9942	44.9942	179.977	179.977	0 18206.1 8305.39 	26511.5	0.00208726	1.83835e-05	1050	1050	1050	0 1.2632e+06 627612 	1.89081e+06	6.48947	6.5039	12399	666.612	0.161241	0	1.02	1.02
159	0.00200042	8.68395e-05	1236.32	1050	105	681.299	45.002	45.002	180.008	180.008	0 18205.3 8305.96 	26511.3	0.00208726	1.83835e-05	1050	1050	1050	0 1.26321e+06 627615 	1.89082e+06	6.48945	6.5039	12399	666.612	0.161242	0	1.02	1.02
160	0.00200042	8.68382e-05	1236.3	1050	105	681.202	45.0098	45.0098	180.039	180.039	0 18204.6 8306.53 	26511.1	0.00208726	1.83835e-05	1050	1050	1050	0 1.26321e+06 627617 	1.89083e+06	6.48944	6.5039	12399	666.612	0.161244	0	1.02	1.02
161	0.00200042	8.68369e-05	1236.28	1050	105	681.106	45.0177	45.0177	180.071	180.071	0 18203.9 8307.11 	26511	0.00208726	1.83835e-05	1050	1050	1050	0 1.26322e+06 627620 	1.89084e+06	6.48943	6.5039	12399	666.612	0.161245	0	1.02	1.02
162	0.00200042	8.68357e-05	1236.27	1050	105	681.01	45.0255	45.0255	180.102	180.102	0 18203.1 8307.69 	26510.8	0.00208726	1.83835e-05	1050	1050	1050	0 1.26322e+06 627623 	1.89085e+06	6.48941	6.5039	12399	666.612	0.161246	0	1.02	1.02
163	0.00200042	8.68345e-05	1236.25	1050	105	680.915	45.0334	45.0334	180.134	180.134	0 18202.4 8308.27 	26510.7	0.00208726	1.83835e-05	1050	1050	1050	0 1.26323e+06 627626 	1.89086e+06	6.4894	6.5039	12399	666.612	0.161247	0	1.02	1.02
164	0.00200042	8.68334e-05	1236.23	1050	105	680.82	45.0413	45.0413	180.165	180.165	0 18201.7 8308.85 	26510.5	0.00208726	1.83835e-05	1050	1050	1050	0 1.26324e+06 627628 	1.89086e+06	6.48939	6.5039	12399	666.612	0.161248	0	1.02	1.02
165	0.00200043	8.68323e-05	1236.22	1050	105	680.726	45.0492	45.0492	180.197	180.197	0 18201 8309.44 	26510.4	0.00208726	1.83835e-05	1050	1050	1050	0 1.26324e+06 627631 	1.89087e+06	6.48938	6.5039	12399	666.612	0.16125	0	1.02	1.02
166	0.00200043	8.68312e-05	1236.2	1050	105	680.633	45.057	45.057	180.228	180.228	0 18200.3 8310.03 	26510.3	0.00208726	1.83835e-05	1050	1050	1050	0 1.26325e+06 627634 	1.89088e+06	6.48937	6.5039	12399	666.612	0.161251	0	1.02	1.02
167	0.00200043	8.68302e-05	1236.19	1050	105	680.54	45.0649	45.0649	180.26	180.26	0 18199.5 8310.62 	26510.2	0.00208726	1.83835e-05	1050	1050	1050	0 1.26325e+06 627636 	1.89089e+06	6.48936	6.5039	12399	666.612	0.161252	0	1.02	1.02
168	0.00200043	8.68292e-05	1236.18	1050	105	680.447	45.0728	45.0728	180.291	180.291	0 18198.8 8311.21 	26510	0.00208726	1.83835e-05	1050	1050	1050	0 1.26326e+06 627639 	1.89089e+06	6.48935	6.5039	12399	666.612	0.161253	0	1.02	1.02
169	0.00200043	8.68283e-05	1236.16	1050	105	680.355	45.0807	45.0807	180.323	180.323	0 18198.1 8311.81 	26509.9	0.00208726	1.83835e-05	1050	1050	1050	0 1.26326e+06 627641 	1.8909e+06	6.48934	6.5039	12399	666.612	0.161254	0	1.02	1.02
170	0.00200043	8.68274e-05	1236.15	1050	105	680.264	45.0887	45.0887	180.355	180.355	0 18197.4 8312.41 	26509.8	0.00208726	1.83835e-05	1050	1050	1050	0 1.26327e+06 627643 	1.89091e+06	6.48933	6.5039	12399	666.612	0.161255	0	1.02	1.02
171	0.00200043	8.68266e-05	1236.14	1050	105	680.173	45.0966	45.0966	180.386	180.386	0 18196.7 8313.01 	26509.7	0.00208726	1.83835e-05	1050	1050	1050	0 1.26327e+06 627646 	1.89092e+06	6.48932	6.5039	12399	666.612	0.161257	0	1.02	1.02
172	0.00200043	8.68258e-05	1236.13	1050	105	680.083	45.1045	45.1045	180.418	180.418	0 18196 8313.62 	26509.6	0.00208726	1.83835e-05	1050	1050	1050	0 1.26328e+06 627648 	1.89092e+06	6.48931	6.5039	12399	666.612	0.161258	0	1.02	1.02
173	0.00200043	8.6825e-05	1236.12	1050	105	679.993	45.1124	45.1124	180.45	180.45	0 18195.3 8314.22 	26509.5	0.00208726	1.83835e-05	1050	1050	1050	0 1.26328e+06 627650 	1.89093e+06	6.4893	6.5039	12399	666.612	0.161259	0	1.02	1.02
174	0.00200043	8.68243e-05	1236.11	1050	105	679.903	45.1204	45.1204	180.482	180.482	0 18194.6 8314.83 	26509.5	0.00208726	1.83835e-05	1050	1050	1050	0 1.26328e+06 627653 	1.89094e+06	6.4893	6.5039	12399	666.612	0.16126	0	1.02	1.02
175	0.00200043	8.68237e-05	1236.1	1050	105	679.815	45.1283	45.1283	180.513	180.513	0 18193.9 8315.45 	26509.4	0.00208726	1.83835e-05	1050	1050	1050	0 1.26329e+06 627655 	1.89094e+06	6.48929	6.5039	12399	666.612	0.161261	0	1.02	1.02
176	0.00200044	8.6823e-05	1236.09	1050	105	679.726	45.1363	45.1363	180.545	180.545	0 18193.2 8316.06 	26509.3	0.00208726	1.83835e-05	1050	1050	1050	0 1.26329e+06 627657 	1.89095e+06	6.48928	6.5039	12399	666.612	0.161262	0	1.02	1.02
177	0.00200044	8.68224e-05	1236.08	1050	105	679.639	45.1442	45.1442	180.577	180.577	0 18192.6 8316.68 	26509.2	0.00208726	1.83835e-05	1050	1050	1050	0 1.2633e+06 627659 	1.89096e+06	6.48928	6.5039	12399	666.612	0.161263	0	1.02	1.02
178	0.00200044	8.68219e-05	1236.07	1050	105	679.551	45.1522	45.1522	180.609	180.609	0 18191.9 8317.3 	26509.2	0.00208726	1.83835e-05	1050	1050	1050	0 1.2633e+06 627661 	1.89096e+06	6.48927	6.5039	12399	666.612	0.161265	0	1.02	1.02
179	0.00200044	8.68214e-05	1236.07	1050	105	679.464	45.1601	45.1601	180.641	180.641	0 18191.2 8317.92 	26509.1	0.00208726	1.83835e-05	1050	1050	1050	0 1.26331e+06 627663 	1.89097e+06	6.48927	6.5039	12399	666.612	0.161266	0	1.02	1.02
180	0.00200044	8.68209e-05	1236.06	1050	105	679.378	45.1681	45.1681	180.672	180.672	0 18190.5 8318.54 	26509.1	0.00208726	1.83835e-05	1050	1050	1050	0 1.26331e+06 627665 	1.89098e+06	6.48926	6.5039	12399	666.612	0.161267	0	1.02	1.02
181	0.00200044	8.68204e-05	1236.05	1050	105	679.292	45.1761	45.1761	180.704	180.704	0 18189.8 8319.17 	26509	0.00208726	1.83835e-05	1050	1050	1050	0 1.26331e+06 627667 	1.89098e+06	6.48926	6.5039	12399	666.612	0.161268	0	1.02	1.02
182	0.00200044	8.682e-05	1236.05	1050	105	679.207	45.1841	45.1841	180.736	180.736	0 18189.2 8319.8 	26509	0.00208726	1.83835e-05	1050	1050	1050	0 1.26332e+06 627669 	1.89099e+06	6.48925	6.5039	12399	666.612	0.161269	0	1.02	1.02
183	0.00200044	8.68197e-05	1236.04	1050	105	679.122	45.192	45.192	180.768	180.768	0 18188.5 8320.43 	26508.9	0.00208726	1.83835e-05	1050	1050	1050	0 1.26332e+06 627671 	1.89099e+06	6.48925	6.5039	12399	666.612	0.16127	0	1.02	1.02
184	0.00200044	8.68193e-05	1236.04	1050	105	679.038	45.2	45.2	180.8	180.8	0 18187.8 8321.06 	26508.9	0.00208726	1.83835e-05	1050	1050	1050	0 1.26333e+06 627673 	1.891e+06	6.48924	6.5039	12399	666.612	0.161271	0	1.02	1.02
185	0.00200044	8.68191e-05	1236.03	1050	105	678.954	45.208	45.208	180.832	180.832	0 18187.2 8321.69 	26508.8	0.00208726	1.83835e-05	1050	1050	1050	0 1.26333e+06 627675 	1.891e+06	6.48924	6.5039	12399	666.612	0.161272	0	1.02	1.02
186	0.00200044	8.68188e-05	1236.03	1050	105	678.871	45.216	45.216	180.864	180.864	0 18186.5 8322.33 	26508.8	0.00208726	1.83835e-05	1050	1050	1050	0 1.26333e+06 627676 	1.89101e+06	6.48924	6.5039	12399	666.612	0.161274	0	1.02	1.02
187	0.00200044	8.68186e-05	1236.03	1050	105	678.788	45.224	45.224	180.896	180.896	0 18185.8 8322.97 	26508.8	0.00208726	1.83835e-05	1050	1050	1050	0 1.26334e+06 627678 	1.89101e+06	6.48924	6.5039	12399	666.612	0.161275	0	1.02	1.02
188	0.00200044	8.68184e-05	1236.03	1050	105	678.705	45.232	45.232	180.928	180.928	0 18185.2 8323.61 	26508.8	0.00208726	1.83835e-05	1050	1050	1050	0 1.26334e+06 627680 	1.89102e+06	6.48923	6.5039	12399	666.612	0.161276	0	1.02	1.02
189	0.00200044	8.68183e-05	1236.02	1050	105	678.623	45.24	45.24	180.96	180.96	0 18184.5 8324.25 	26508.8	0.00208726	1.83835e-05	1050	1050	1050	0 1.26334e+06 627682 	1.89102e+06	6.48923	6.5039	12399	666.612	0.161277	0	1.02	1.02
190	0.00200044	8.68181e-05	1236.02	1050	105	678.542	45.248	45.248	180.992	180.992	0 18183.9 8324.89 	26508.8	0.00208726	1.83835e-05	1050	1050	1050	0 1.26335e+06 627683 	1.89103e+06	6.48923	6.5039	12399	666.612	0.161278	0	1.02	1.02
191	0.00200044	8.68181e-05	1236.02	1050	105	678.461	45.256	45.256	181.024	181.024	0 18183.2 8325.54 	26508.7	0.00208726	1.83835e-05	1050	1050	1050	0 1.26335e+06 627685 	1.89103e+06	6.48923	6.5039	12399	666.612	0.161279	0	1.02	1.02
192	0.00200044	8.6818e-05	1236.02	1050	105	678.38	45.264	45.264	181.056	181.056	0 18182.6 8326.19 	26508.7	0.00208726	1.83835e-05	1050	1050	1050	0 1.26335e+06 627686 	1.89104e+06	6.48923	6.5039	12399	666.612	0.16128	0	1.02	1.02
193	0.00200044	8.6818e-05	1236.02	1050	105	678.3	45.272	45.272	181.088	181.088	0 18181.9 8326.84 	26508.8	0.00208726	1.83835e-05	1050	1050	1050	0 1.26336e+06 627688 	1.89104e+06	6.48923	6.5039	12399	666.612	0.161281	0	1.02	1.02
194	0.00200044	8.6818e-05	1236.02	1050	105	678.22	45.28	45.28	181.12	181.12	0 18181.3 8327.49 	26508.8	0.00208726	1.83835e-05	1050	1050	1050	0 1.26336e+06 627689 	1.89105e+06	6.48923	6.5039	12399	666.612	0.161282	0	1.02	1.02
195	0.00200044	8.68181e-05	1236.02	1050	105	678.141	45.288	45.288	181.152	181.152	0 18180.6 8328.14 	26508.8	0.00208726	1.83835e-05	1050	1050	1050	0 1.26336e+06 627691 	1.89105e+06	6.48923	6.5039	12399	666.612	0.161283	0	1.02	1.02
196	0.00200044	8.68182e-05	1236.02	1050	105	678.062	45.296	45.296	181.184	181.184	0 18180 8328.79 	26508.8	0.00208726	1.83835e-05	1050	1050	1050	0 1.26336e+06 627692 	1.89106e+06	6.48923	6.5039	12399	666.612	0.161285	0	1.02	1.02
197	0.00200044	8.68183e-05	1236.02	1050	105	677.984	45.304	45.304	181.216	181.216	0 18179.4 8329.45 	26508.8	0.00208726	1.83835e-05	1050	1050	1050	0 1.26337e+06 627694 	1.89106e+06	6.48923	6.5039	12399	666.612	0.161286	0	1.02	1.02
198	0.00200044	8.68185e-05	1236.03	1050	105	677.906	45.312	45.312	181.248	181.248	0 18178.7 8330.11 	26508.8	0.00208726	1.83835e-05	1050	1050	1050	0 1.26337e+06 627695 	1.89107e+06	6.48923	6.5039	12399	666.612	0.161287	0	1.02	1.02
199	0.00200044	8.68186e-05	1236.03	1050	105	677.828	45.3201	45.3201	181.28	181.28	0 18178.1 8330.77 	26508.9	0.00208726	1.83835e-05	1050	1050	1050	0 1.26337e+06 627696 	1.89107e+06	6.48923	6.5039	12399	666.612	0.161288	0	1.02	1.02
200	0.00200044	8.68189e-05	1236.03	1050	105	677.751	45.3281	45.3281	181.312	181.312	0 18177.5 8331.43 	26508.9	0.00208726	1.83835e-05	1050	1050	1050	0 1.26338e+06 627698 	1.89107e+06	6.48923	6.5039	12399	666.612	0.161289	0	1.02	1.02
201	0.00200044	8.68191e-05	1236.04	1050	105	677.674	45.3361	45.3361	181.344	181.344	0 18176.8 8332.09 	26508.9	0.00208726	1.83835e-05	1050	1050	1050	0 1.26338e+06 627699 	1.89108e+06	6.48924	6.5039	12399	666.612	0.16129	0	1.02	1.02
202	0.00200044	8.68194e-05	1236.04	1050	105	677.598	45.3441	45.3441	181.376	181.376	0 18176.2 8332.75 	26509	0.00208726	1.83835e-05	1050	1050	1050	0 1.26338e+06 627700 	1.89108e+06	6.48924	6.5039	12399	666.612	0.161291	0	1.02	1.02
203	0.00200044	8.68197e-05	1236.04	1050	105	677.522	45.3521	45.3521	181.408	181.408	0 18175.6 8333.42 	26509	0.00208726	1.83835e-05	1050	1050	1050	0 1.26338e+06 627701 	1.89108e+06	6.48924	6.5039	12399	666.612	0.161292	0	1.02	1.02
204	0.00200044	8.682e-05	1236.05	1050	105	677.447	45.3601	45.3601	181.44	181.44	0 18175 8334.08 	26509	0.00208726	1.83835e-05	1050	1050	1050	0 1.26339e+06 627703 	1.89109e+06	6.48925	6.5039	12399	666.612	0.161293	0	1.02	1.02
205	0.00200044	8.68204e-05	1236.05	1050	105	677.372	45.3681	45.3681	181.473	181.473	0 18174.3 8334.75 	26509.1	0.00208726	1.83835e-05	1050	1050	1050	0 1.26339e+06 627704 	1.89109e+06	6.48925	6.5039	12399	666.612	0.161294	0	1.02	1.02
206	0.00200044	8.68208e-05	1236.06	1050	105	677.297	45.3761	45.3761	181.505	181.505	0 18173.7 8335.42 	26509.1	0.00208726	1.83835e-05	1050	1050	1050	0 1.26339e+06 627705 	1.8911e+06	6.48925	6.5039	12399	666.612	0.161295	0	1.02	1.02
207	0.00200044	8.68212e-05	1236.06	1050	105	677.223	45.3842	45.3842	181.537	181.537	0 18173.1 8336.09 	26509.2	0.00208726	1.83835e-05	1050	1050	1050	0 1.26339e+06 627706 	1.8911e+06	6.48926	6.5039	12399	666.612	0.161296	0	1.02	1.02
208	0.00200044	8.68217e-05	1236.07	1050	105	677.149	45.3922	45.3922	181.569	181.569	0 18172.5 8336.76 	26509.3	0.00208726	1.83835e-05	1050	1050	1050	0 1.26339e+06 627707 	1.8911e+06	6.48926	6.5039	12399	666.612	0.161297	0	1.02	1.02
209	0.00200044	8.68222e-05	1236.08	1050	105	677.076	45.4002	45.4002	181.601	181.601	0 18171.9 8337.44 	26509.3	0.00208726	1.83835e-05	1050	1050	1050	0 1.2634e+06 627708 	1.8911e+06	6.48926	6.5039	12399	666.612	0.161298	0	1.02	1.02
210	0.00200044	8.68227e-05	1236.08	1050	105	677.003	45.4082	45.4082	181.633	181.633	0 18171.3 8338.11 	26509.4	0.00208726	1.83835e-05	1050	1050	1050	0 1.2634e+06 627709 	1.89111e+06	6.48927	6.5039	12399	666.612	0.161299	0	1.02	1.02
211	0.00200044	8.68232e-05	1236.09	1050	105	676.93	45.4162	45.4162	181.665	181.665	0 18170.7 8338.79 	26509.5	0.00208726	1.83835e-05	1050	1050	1050	0 1.2634e+06 627710 	1.89111e+06	6.48927	6.5039	12399	666.612	0.161301	0	1.02	1.02
212	0.00200044	8.68238e-05	1236.1	1050	105	676.858	45.4242	45.4242	181.697	181.697	0 18170.1 8339.46 	26509.5	0.00208726	1.83835e-05	1050	1050	1050	0 1.2634e+06 627711 	1.89111e+06	6.48928	6.5039	12399	666.612	0.161302	0	1.02	1.02
213	0.00200044	8.68244e-05	1236.11	1050	105	676.787	45.4322	45.4322	181.729	181.729	0 18169.5 8340.14 	26509.6	0.00208726	1.83835e-05	1050	1050	1050	0 1.2634e+06 627712 	1.89112e+06	6.48929	6.5039	12399	666.612	0.161303	0	1.02	1.02
214	0.00200043	8.6825e-05	1236.12	1050	105	676.715	45.4402	45.4402	181.761	181.761	0 18168.9 8340.82 	26509.7	0.00208726	1.83835e-05	1050	1050	1050	0 1.26341e+06 627713 	1.89112e+06	6.48929	6.5039	12399	666.612	0.161304	0	1.02	1.02
215	0.00200043	8.68256e-05	1236.13	1050	105	676.644	45.4482	45.4482	181.793	181.793	0 18168.3 8341.5 	26509.8	0.00208726	1.83835e-05	1050	1050	1050	0 1.26341e+06 627714 	1.89112e+06	6.4893	6.5039	12399	666.612	0.161305	0	1.02	1.02
216	0.00200043	8.68263e-05	1236.14	1050	105	676.574	45.4562	45.4562	181.825	181.825	0 18167.7 8342.18 	26509.9	0.00208726	1.83835e-05	1050	1050	1050	0 1.26341e+06 627715 	1.89112e+06	6.4893	6.5039	12399	666.612	0.161306	0	1.02	1.02
217	0.00200043	8.6827e-05	1236.15	1050	105	676.503	45.4642	45.4642	181.857	181.857	0 18167.1 8342.87 	26510	0.00208726	1.83835e-05	1050	1050	1050	0 1.26341e+06 627715 	1.89113e+06	6.48931	6.5039	12399	666.612	0.161307	0	1.02	1.02
218	0.00200043	8.68277e-05	1236.16	1050	105	676.434	45.4722	45.4722	181.889	181.889	0 18166.5 8343.55 	26510.1	0.00208726	1.83835e-05	1050	1050	1050	0 1.26341e+06 627716 	1.89113e+06	6.48932	6.5039	12399	666.612	0.161308	0	1.02	1.02
219	0.00200043	8.68285e-05	1236.17	1050	105	676.364	45.4802	45.4802	181.921	181.921	0 18165.9 8344.23 	26510.2	0.00208726	1.83835e-05	1050	1050	1050	0 1.26341e+06 627717 	1.89113e+06	6.48932	6.5039	12399	666.612	0.161309	0	1.02	1.02
220	0.00200043	8.68292e-05	1236.18	1050	105	676.295	45.4882	45.4882	181.953	181.953	0 18165.3 8344.92 	26510.3	0.00208726	1.83835e-05	1050	1050	1050	0 1.26342e+06 627718 	1.89113e+06	6.48933	6.5039	12399	666.612	0.16131	0	1.02	1.02
221	0.00200043	8.683e-05	1236.19	1050	105	676.226	45.4962	45.4962	181.985	181.985	0 18164.8 8345.6 	26510.4	0.00208726	1.83835e-05	1050	1050	1050	0 1.26342e+06 627718 	1.89114e+06	6.48934	6.5039	12399	666.612	0.161311	0	1.02	1.02
222	0.00200043	8.68309e-05	1236.2	1050	105	676.158	45.5041	45.5041	182.017	182.017	0 18164.2 8346.29 	26510.5	0.00208726	1.83835e-05	1050	1050	1050	0 1.26342e+06 627719 	1.89114e+06	6.48935	6.5039	12399	666.612	0.161312	0	1.02	1.02
223	0.00200043	8.68317e-05	1236.21	1050	105	676.09	45.5121	45.5121	182.048	182.048	0 18163.6 8346.98 	26510.6	0.00208726	1.83835e-05	1050	1050	1050	0 1.26342e+06 627720 	1.89114e+06	6.48936	6.5039	12399	666.612	0.161313	0	1.02	1.02
224	0.00200043	8.68326e-05	1236.22	1050	105	676.022	45.5201	45.5201	182.08	182.08	0 18163 8347.67 	26510.7	0.00208726	1.83835e-05	1050	1050	1050	0 1.26342e+06 627720 	1.89114e+06	6.48936	6.5039	12399	666.612	0.161314	0	1.02	1.02
225	0.00200043	8.68335e-05	1236.24	1050	105	675.955	45.5281	45.5281	182.112	182.112	0 18162.4 8348.36 	26510.8	0.00208726	1.83835e-05	1050	1050	1050	0 1.26342e+06 627721 	1.89114e+06	6.48937	6.5039	12399	666.612	0.161315	0	1.02	1.02
226	0.00200043	8.68344e-05	1236.25	1050	105	675.888	45.536	45.536	182.144	182.144	0 18161.9 8349.05 	26510.9	0.00208726	1.83835e-05	1050	1050	1050	0 1.26342e+06 627722 	1.89115e+06	6.48938	6.5039	12399	666.612	0.161316	0	1.02	1.02
227	0.00200042	8.68353e-05	1236.26	1050	105	675.822	45.544	45.544	182.176	182.176	0 18161.3 8349.74 	26511	0.00208726	1.83835e-05	1050	1050	1050	0 1.26343e+06 627722 	1.89115e+06	6.48939	6.5039	12399	666.612	0.161317	0	1.02	1.02
228	0.00200042	8.68363e-05	1236.28	1050	105	675.756	45.552	45.552	182.208	182.208	0 18160.7 8350.43 	26511.2	0.00208726	1.83835e-05	1050	1050	1050	0 1.26343e+06 627723 	1.89115e+06	6.4894	6.5039	12399	666.612	0.161318	0	1.02	1.02
229	0.00200042	8.68373e-05	1236.29	1050	105	675.69	45.5599	45.5599	182.24	182.24	0 18160.2 8351.13 	26511.3	0.00208726	1.83835e-05	1050	1050	1050	0 1.26343e+06 627723 	1.89115e+06	6.48941	6.5039	12399	666.612	0.161319	0	1.02	1.02
230	0.00200042	8.68383e-05	1236.3	1050	105	675.624	45.5679	45.5679	182.271	182.271	0 18159.6 8351.82 	26511.4	0.00208726	1.83835e-05	1050	1050	1050	0 1.26343e+06 627724 	1.89115e+06	6.48942	6.5039	12399	666.612	0.16132	0	1.02	1.02
231	0.00200042	8.68393e-05	1236.32	1050	105	675.559	45.5758	45.5758	182.303	182.303	0 18159 8352.51 	26511.6	0.00208726	1.83835e-05	1050	1050	1050	0 1.26343e+06 627724 	1.89115e+06	6.48943	6.5039	12399	666.612	0.161321	0	1.02	1.02
232	0.00200042	8.68404e-05	1236.33	1050	105	675.494	45.5838	45.5838	182.335	182.335	0 18158.5 8353.21 	26511.7	0.00208726	1.83835e-05	1050	1050	1050	0 1.26343e+06 627725 	1.89115e+06	6.48944	6.5039	12399	666.612	0.161322	0	1.02	1.02
233	0.00200042	8.68415e-05	1236.35	1050	105	675.43	45.5917	45.5917	182.367	182.367	0 18157.9 8353.9 	26511.8	0.00208726	1.83835e-05	1050	1050	1050	0 1.26343e+06 627725 	1.89116e+06	6.48945	6.5039	12399	666.612	0.161323	0	1.02	1.02
234	0.00200042	8.68426e-05	1236.36	1050	105	675.366	45.5996	45.5996	182.399	182.399	0 18157.4 8354.6 	26512	0.00208726	1.83835e-05	1050	1050	1050	0 1.26343e+06 627725 	1.89116e+06	6.48946	6.5039	12399	666.612	0.161324	0	1.02	1.02
235	0.00200042	8.68437e-05	1236.38	1050	105	675.302	45.6076	45.6076	182.43	182.43	0 18156.8 8355.3 	26512.1	0.00208726	1.83835e-05	1050	1050	1050	0 1.26343e+06 627726 	1.89116e+06	6.48947	6.5039	12399	666.612	0.161325	0	1.02	1.02
236	0.00200041	8.68448e-05	1236.39	1050	105	675.239	45.6155	45.6155	182.462	182.462	0 18156.3 8355.99 	26512.3	0.00208726	1.83835e-05	1050	1050	1050	0 1.26343e+06 627726 	1.89116e+06	6.48948	6.5039	12399	666.612	0.161326	0	1.02	1.02
237	0.00200041	8.6846e-05	1236.41	1050	105	675.176	45.6234	45.6234	182.494	182.494	0 18155.7 8356.69 	26512.4	0.00208726	1.83835e-05	1050	1050	1050	0 1.26343e+06 627727 	1.89116e+06	6.48949	6.5039	12399	666.612	0.161327	0	1.02	1.02
238	0.00200041	8.68472e-05	1236.43	1050	105	675.113	45.6313	45.6313	182.525	182.525	0 18155.2 8357.39 	26512.6	0.00208726	1.83835e-05	1050	1050	1050	0 1.26343e+06 627727 	1.89116e+06	6.4895	6.5039	12399	666.612	0.161328	0	1.02	1.02
239	0.00200041	8.68484e-05	1236.44	1050	105	675.05	45.6393	45.6393	182.557	182.557	0 18154.6 8358.09 	26512.7	0.00208726	1.83835e-05	1050	1050	1050	0 1.26344e+06 627727 	1.89116e+06	6.48952	6.5039	12399	666.612	0.161329	0	1.02	1.02
240	0.00200041	8.68496e-05	1236.46	1050	105	674.988	45.6472	45.6472	182.589	182.589	0 18154.1 8358.79 	26512.9	0.00208726	1.83835e-05	1050	1050	1050	0 1.26344e+06 627727 	1.89116e+06	6.48953	6.5039	12399	666.612	0.16133	0	1.02	1.02
241	0.00200041	8.68508e-05	1236.48	1050	105	674.927	45.6551	45.6551	182.62	182.62	0 18153.5 8359.49 	26513	0.00208726	1.83835e-05	1050	1050	1050	0 1.26344e+06 627728 	1.89116e+06	6.48954	6.5039	12399	666.612	0.161331	0	1.02	1.02
242	0.00200041	8.68521e-05	1236.49	1050	105	674.865	45.663	45.663	182.652	182.652	0 18153 8360.19 	26513.2	0.00208726	1.83835e-05	1050	1050	1050	0 1.26344e+06 627728 	1.89116e+06	6.48955	6.5039	12399	666.612	0.161332	0	1.02	1.02
243	0.00200041	8.68534e-05	1236.51	1050	105	674.804	45.6709	45.6709	182.683	182.683	0 18152.5 8360.89 	26513.3	0.00208726	1.83835e-05	1050	1050	1050	0 1.26344e+06 627728 	1.89117e+06	6.48956	6.5039	12399	666.612	0.161333	0	1.02	1.02
244	0.00200041	8.68547e-05	1236.53	1050	105	674.743	45.6787	45.6787	182.715	182.715	0 18151.9 8361.59 	26513.5	0.00208726	1.83835e-05	1050	1050	1050	0 1.26344e+06 627728 	1.89117e+06	6.48958	6.5039	12399	666.612	0.161334	0	1.02	1.02
245	0.0020004	8.6856e-05	1236.55	1050	105	674.683	45.6866	45.6866	182.747	182.747	0 18151.4 8362.29 	26513.7	0.00208726	1.83835e-05	1050	1050	1050	0 1.26344e+06 627728 	1.89117e+06	6.48959	6.5039	12399	666.612	0.161335	0	1.02	1.02
246	0.0020004	8.68573e-05	1236.57	1050	105	674.623	45.6945	45.6945	182.778	182.778	0 18150.9 8363 	26513.8	0.00208726	1.83835e-05	1050	1050	1050	0 1.26344e+06 627729 	1.89117e+06	6.4896	6.5039	12399	666.612	0.161336	0	1.02	1.02
247	0.0020004	8.68587e-05	1236.59	1050	105	674.563	45.7024	45.7024	182.809	182.809	0 18150.3 8363.7 	26514	0.00208726	1.83835e-05	1050	1050	1050	0 1.26344e+06 627729 	1.89117e+06	6.48962	6.5039	12399	666.612	0.161337	0	1.02	1.02
248	0.0020004	8.686e-05	1236.61	1050	105	674.503	45.7102	45.7102	182.841	182.841	0 18149.8 8364.4 	26514.2	0.00208726	1.83835e-05	1050	1050	1050	0 1.26344e+06 627729 	1.89117e+06	6.48963	6.5039	12399	666.612	0.161337	0	1.02	1.02
249	0.0020004	8.68614e-05	1236.62	1050	105	674.444	45.7181	45.7181	182.872	182.872	0 18149.3 8365.1 	26514.4	0.00208726	1.83835e-05	1050	1050	1050	0 1.26344e+06 627729 	1.89117e+06	6.48964	6.5039	12399	666.612	0.161338	0	1.02	1.02
250	0.0020004	8.68628e-05	1236.64	1050	105	674.385	45.7259	45.7259	182.904	182.904	0 18148.7 8365.81 	26514.6	0.00208726	1.83835e-05	1050	1050	1050	0 1.26344e+06 627729 	1.89117e+06	6.48966	6.5039	12399	666.612	0.161339	0	1.02	1.02
251	0.0020004	8.68642e-05	1236.66	1050	105	674.327	45.7338	45.7338	182.935	182.935	0 18148.2 8366.51 	26514.7	0.00208726	1.83835e-05	1050	1050	1050	0 1.26344e+06 627729 	1.89117e+06	6.48967	6.5039	12399	666.612	0.16134	0	1.02	1.02
252	0.00200039	8.68657e-05	1236.68	1050	105	674.268	45.7416	45.7416	182.966	182.966	0 18147.7 8367.21 	26514.9	0.00208726	1.83835e-05	1050	1050	1050	0 1.26344e+06 627729 	1.89117e+06	6.48968	6.5039	12399	666.612	0.161341	0	1.02	1.02
253	0.00200039	8.68671e-05	1236.7	1050	105	674.21	45.7495	45.7495	182.998	182.998	0 18147.2 8367.92 	26515.1	0.00208726	1.83835e-05	1050	1050	1050	0 1.26344e+06 627729 	1.89117e+06	6.4897	6.5039	12399	666.612	0.161342	0	1.02	1.02
254	0.00200039	8.68686e-05	1236.73	1050	105	674.152	45.7573	45.7573	183.029	183.029	0 18146.7 8368.62 	26515.3	0.00208726	1.83835e-05	1050	1050	1050	0 1.26344e+06 627729 	1.89117e+06	6.48971	6.5039	12399	666.612	0.161343	0	1.02	1.02
255	0.00200039	8.68701e-05	1236.75	1050	105	674.095	45.7651	45.7651	183.06	183.06	0 18146.1 8369.33 	26515.5	0.00208726	1.83835e-05	1050	1050	1050	0 1.26344e+06 627729 	1.89117e+06	6.48973	6.5039	12399	666.612	0.161344	0	1.02	1.02
256	0.00200039	8.68716e-05	1236.77	1050	105	674.038	45.7729	45.7729	183.092	183.092	0 18145.6 8370.03 	26515.7	0.00208726	1.83835e-05	1050	1050	1050	0 1.26344e+06 627729 	1.89117e+06	6.48974	6.5039	12399	666.612	0.161345	0	1.02	1.02
257	0.00200039	8.68731e-05	1236.79	1050	105	673.981	45.7807	45.7807	183.123	183.123	0 18145.1 8370.74 	26515.9	0.00208726	1.83835e-05	1050	1050	1050	0 1.26344e+06 627729 	1.89117e+06	6.48976	6.5039	12399	666.612	0.161346	0	1.02	1.02
258	0.00200039	8.68747e-05	1236.81	1050	105	673.925	45.7885	45.7885	183.154	183.154	0 18144.6 8371.44 	26516.1	0.00208726	1.83835e-05	1050	1050	1050	0 1.26344e+06 627729 	1.89117e+06	6.48977	6.5039	12399	666.612	0.161347	0	1.02	1.02
259	0.00200038	8.68762e-05	1236.83	1050	105	673.868	45.7963	45.7963	183.185	183.185	0 18144.1 8372.15 	26516.3	0.00208726	1.83835e-05	1050	1050	1050	0 1.26344e+06 627729 	1.89117e+06	6.48979	6.5039	12399	666.612	0.161348	0	1.02	1.02
260	0.00200038	8.68778e-05	1236.85	1050	105	673.812	45.8041	45.8041	183.216	183.216	0 18143.6 8372.85 	26516.5	0.00208726	1.83835e-05	1050	1050	1050	0 1.26344e+06 627729 	1.89117e+06	6.4898	6.5039	12399	666.612	0.161349	0	1.02	1.02
261	0.00200038	8.68794e-05	1236.88	1050	105	673.757	45.8118	45.8118	183.247	183.247	0 18143.1 8373.56 	26516.7	0.00208726	1.83835e-05	1050	1050	1050	0 1.26344e+06 627729 	1.89117e+06	6.48982	6.5039	12399	666.612	0.16135	0	1.02	1.02
262	0.00200038	8.6881e-05	1236.9	1050	105	673.701	45.8196	45.8196	183.278	183.278	0 18142.6 8374.26 	26516.9	0.00208726	1.83835e-05	1050	1050	1050	0 1.26344e+06 627729 	1.89117e+06	6.48983	6.5039	12399	666.612	0.161351	0	1.02	1.02
263	0.00200038	8.68826e-05	1236.92	1050	105	673.646	45.8274	45.8274	183.31	183.31	0 18142.1 8374.97 	26517.1	0.00208726	1.83835e-05	1050	1050	1050	0 1.26344e+06 627728 	1.89117e+06	6.48985	6.5039	12399	666.612	0.161352	0	1.02	1.02
264	0.00200038	8.68842e-05	1236.94	1050	105	673.591	45.8351	45.8351	183.341	183.341	0 18141.6 8375.68 	26517.3	0.00208726	1.83835e-05	1050	1050	1050	0 1.26344e+06 627728 	1.89117e+06	6.48986	6.5039	12399	666.612	0.161352	0	1.02	1.02
265	0.00200037	8.68859e-05	1236.97	1050	105	673.537	45.8429	45.8429	183.371	183.371	0 18141.1 8376.38 	26517.5	0.00208726	1.83835e-05	1050	1050	1050	0 1.26344e+06 627728 	1.89117e+06	6.48988	6.5039	12399	666.612	0.161353	0	1.02	1.02
266	0.00200037	8.68875e-05	1236.99	1050	105	673.483	45.8506	45.8506	183.402	183.402	0 18140.6 8377.09 	26517.7	0.00208726	1.83835e-05	1050	1050	1050	0 1.26344e+06 627728 	1.89116e+06	6.4899	6.5039	12399	666.612	0.161354	0	1.02	1.02
267	0.00200037	8.68892e-05	1237.01	1050	105	673.429	45.8583	45.8583	183.433	183.433	0 18140.1 8377.79 	26517.9	0.00208726	1.83835e-05	1050	1050	1050	0 1.26344e+06 627728 	1.89116e+06	6.48991	6.5039	12399	666.612	0.161355	0	1.02	1.02
268	0.00200037	8.68909e-05	1237.04	1050	105	673.375	45.8661	45.8661	183.464	183.464	0 18139.6 8378.5 	26518.1	0.00208726	1.83835e-05	1050	1050	1050	0 1.26344e+06 627727 	1.89116e+06	6.48993	6.5039	12399	666.612	0.161356	0	1.02	1.02
269	0.00200037	8.68926e-05	1237.06	1050	105	673.321	45.8738	45.8738	183.495	183.495	0 18139.1 8379.2 	26518.3	0.00208726	1.83835e-05	1050	1050	1050	0 1.26344e+06 627727 	1.89116e+06	6.48995	6.5039	12399	666.612	0.161357	0	1.02	1.02
270	0.00200037	8.68943e-05	1237.08	1050	105	673.268	45.8815	45.8815	183.526	183.526	0 18138.6 8379.91 	26518.5	0.00208726	1.83835e-05	1050	1050	1050	0 1.26343e+06 627727 	1.89116e+06	6.48996	6.5039	12399	666.612	0.161358	0	1.02	1.02
271	0.00200036	8.6896e-05	1237.11	1050	105	673.215	45.8892	45.8892	183.557	183.557	0 18138.1 8380.61 	26518.8	0.00208726	1.83835e-05	1050	1050	1050	0 1.26343e+06 627727 	1.89116e+06	6.48998	6.5039	12399	666.612	0.161359	0	1.02	1.02
272	0.00200036	8.68977e-05	1237.13	1050	105	673.163	45.8969	45.8969	183.587	183.587	0 18137.7 8381.32 	26519	0.00208726	1.83835e-05	1050	1050	1050	0 1.26343e+06 627726 	1.89116e+06	6.49	6.5039	12399	666.612	0.16136	0	1.02	1.02
273	0.00200036	8.68995e-05	1237.16	1050	105	673.11	45.9045	45.9045	183.618	183.618	0 18137.2 8382.03 	26519.2	0.00208726	1.83835e-05	1050	1050	1050	0 1.26343e+06 627726 	1.89116e+06	6.49001	6.5039	12399	666.612	0.161361	0	1.02	1.02
274	0.00200036	8.69013e-05	1237.18	1050	105	673.058	45.9122	45.9122	183.649	183.649	0 18136.7 8382.73 	26519.4	0.00208726	1.83835e-05	1050	1050	1050	0 1.26343e+06 627726 	1.89116e+06	6.49003	6.5039	12399	666.612	0.161361	0	1.02	1.02
275	0.00200036	8.6903e-05	1237.2	1050	105	673.006	45.9199	45.9199	183.68	183.68	0 18136.2 8383.44 	26519.6	0.00208726	1.83835e-05	1050	1050	1050	0 1.26343e+06 627725 	1.89116e+06	6.49005	6.5039	12399	666.612	0.161362	0	1.02	1.02
276	0.00200035	8.69048e-05	1237.23	1050	105	672.955	45.9275	45.9275	183.71	183.71	0 18135.7 8384.14 	26519.9	0.00208726	1.83835e-05	1050	1050	1050	0 1.26343e+06 627725 	1.89116e+06	6.49007	6.5039	12399	666.612	0.161363	0	1.02	1.02
277	0.00200035	8.69066e-05	1237.26	1050	105	672.903	45.9352	45.9352	183.741	183.741	0 18135.3 8384.85 	26520.1	0.00208726	1.83835e-05	1050	1050	1050	0 1.26343e+06 627725 	1.89115e+06	6.49008	6.5039	12399	666.612	0.161364	0	1.02	1.02
278	0.00200035	8.69084e-05	1237.28	1050	105	672.852	45.9428	45.9428	183.771	183.771	0 18134.8 8385.55 	26520.3	0.00208726	1.83835e-05	1050	1050	1050	0 1.26343e+06 627724 	1.89115e+06	6.4901	6.5039	12399	666.612	0.161365	0	1.02	1.02
279	0.00200035	8.69103e-05	1237.31	1050	105	672.801	45.9504	45.9504	183.802	183.802	0 18134.3 8386.25 	26520.6	0.00208726	1.83835e-05	1050	1050	1050	0 1.26343e+06 627724 	1.89115e+06	6.49012	6.5039	12399	666.612	0.161366	0	1.02	1.02
280	0.00200035	8.69121e-05	1237.33	1050	105	672.751	45.9581	45.9581	183.832	183.832	0 18133.8 8386.96 	26520.8	0.00208726	1.83835e-05	1050	1050	1050	0 1.26343e+06 627723 	1.89115e+06	6.49014	6.5039	12399	666.612	0.161367	0	1.02	1.02
281	0.00200035	8.6914e-05	1237.36	1050	105	672.7	45.9657	45.9657	183.863	183.863	0 18133.4 8387.66 	26521	0.00208726	1.83835e-05	1050	1050	1050	0 1.26343e+06 627723 	1.89115e+06	6.49016	6.5039	12399	666.612	0.161368	0	1.02	1.02
282	0.00200034	8.69158e-05	1237.38	1050	105	672.65	45.9733	45.9733	183.893	183.893	0 18132.9 8388.37 	26521.3	0.00208726	1.83835e-05	1050	1050	1050	0 1.26343e+06 627722 	1.89115e+06	6.49017	6.5039	12399	666.612	0.161369	0	1.02	1.02
283	0.00200034	8.69177e-05	1237.41	1050	105	672.6	45.9809	45.9809	183.923	183.923	0 18132.4 8389.07 	26521.5	0.00208726	1.83835e-05	1050	1050	1050	0 1.26342e+06 627722 	1.89115e+06	6.49019	6.5039	12399	666.612	0.161369	0	1.02	1.02
284	0.00200034	8.69196e-05	1237.44	1050	105	672.551	45.9885	45.9885	183.954	183.954	0 18132 8389.77 	26521.7	0.00208726	1.83835e-05	1050	1050	1050	0 1.26342e+06 627722 	1.89115e+06	6.49021	6.5039	12399	666.612	0.16137	0	1.02	1.02
285	0.00200034	8.69215e-05	1237.46	1050	105	672.502	45.996	45.996	183.984	183.984	0 18131.5 8390.48 	26522	0.00208726	1.83835e-05	1050	1050	1050	0 1.26342e+06 627721 	1.89114e+06	6.49023	6.5039	12399	666.612	0.161371	0	1.02	1.02
286	0.00200034	8.69234e-05	1237.49	1050	105	672.452	46.0036	46.0036	184.014	184.014	0 18131 8391.18 	26522.2	0.00208726	1.83835e-05	1050	1050	1050	0 1.26342e+06 627721 	1.89114e+06	6.49025	6.5039	12399	666.612	0.161372	0	1.02	1.02
287	0.00200033	8.69253e-05	1237.52	1050	105	672.404	46.0112	46.0112	184.045	184.045	0 18130.6 8391.88 	26522.5	0.00208726	1.83835e-05	1050	1050	1050	0 1.26342e+06 627720 	1.89114e+06	6.49027	6.5039	12399	666.612	0.161373	0	1.02	1.02
288	0.00200033	8.69272e-05	1237.54	1050	105	672.355	46.0187	46.0187	184.075	184.075	0 18130.1 8392.58 	26522.7	0.00208726	1.83835e-05	1050	1050	1050	0 1.26342e+06 627720 	1.89114e+06	6.49028	6.5039	12399	666.612	0.161374	0	1.02	1.02
289	0.00200033	8.69292e-05	1237.57	1050	105	672.307	46.0262	46.0262	184.105	184.105	0 18129.7 8393.29 	26522.9	0.00208726	1.83835e-05	1050	1050	1050	0 1.26342e+06 627719 	1.89114e+06	6.4903	6.5039	12399	666.612	0.161375	0	1.02	1.02
290	0.00200033	8.69311e-05	1237.6	1050	105	672.258	46.0338	46.0338	184.135	184.135	0 18129.2 8393.99 	26523.2	0.00208726	1.83835e-05	1050	1050	1050	0 1.26342e+06 627718 	1.89114e+06	6.49032	6.5039	12399	666.612	0.161375	0	1.02	1.02
291	0.00200033	8.69331e-05	1237.62	1050	105	672.211	46.0413	46.0413	184.165	184.165	0 18128.8 8394.69 	26523.4	0.00208726	1.83835e-05	1050	1050	1050	0 1.26342e+06 627718 	1.89113e+06	6.49034	6.5039	12399	666.612	0.161376	0	1.02	1.02
292	0.00200032	8.6935e-05	1237.65	1050	105	672.163	46.0488	46.0488	184.195	184.195	0 18128.3 8395.39 	26523.7	0.00208726	1.83835e-05	1050	1050	1050	0 1.26342e+06 627717 	1.89113e+06	6.49036	6.5039	12399	666.612	0.161377	0	1.02	1.02
293	0.00200032	8.6937e-05	1237.68	1050	105	672.115	46.0563	46.0563	184.225	184.225	0 18127.8 8396.09 	26523.9	0.00208726	1.83835e-05	1050	1050	1050	0 1.26341e+06 627717 	1.89113e+06	6.49038	6.5039	12399	666.612	0.161378	0	1.02	1.02
294	0.00200032	8.6939e-05	1237.71	1050	105	672.068	46.0638	46.0638	184.255	184.255	0 18127.4 8396.79 	26524.2	0.00208726	1.83835e-05	1050	1050	1050	0 1.26341e+06 627716 	1.89113e+06	6.4904	6.5039	12399	666.612	0.161379	0	1.02	1.02
295	0.00200032	8.6941e-05	1237.73	1050	105	672.021	46.0713	46.0713	184.285	184.285	0 18127 8397.49 	26524.4	0.00208726	1.83835e-05	1050	1050	1050	0 1.26341e+06 627716 	1.89113e+06	6.49042	6.5039	12399	666.612	0.16138	0	1.02	1.02
296	0.00200032	8.6943e-05	1237.76	1050	105	671.974	46.0787	46.0787	184.315	184.315	0 18126.5 8398.19 	26524.7	0.00208726	1.83835e-05	1050	1050	1050	0 1.26341e+06 627715 	1.89113e+06	6.49044	6.5039	12399	666.612	0.161381	0	1.02	1.02
297	0.00200031	8.6945e-05	1237.79	1050	105	671.928	46.0862	46.0862	184.345	184.345	0 18126.1 8398.89 	26525	0.00208726	1.83835e-05	1050	1050	1050	0 1.26341e+06 627714 	1.89112e+06	6.49046	6.5039	12399	666.612	0.161381	0	1.02	1.02
298	0.00200031	8.6947e-05	1237.82	1050	105	671.882	46.0936	46.0936	184.375	184.375	0 18125.6 8399.59 	26525.2	0.00208726	1.83835e-05	1050	1050	1050	0 1.26341e+06 627714 	1.89112e+06	6.49048	6.5039	12399	666.612	0.161382	0	1.02	1.02
299	0.00200031	8.69491e-05	1237.85	1050	105	671.836	46.1011	46.1011	184.404	184.404	0 18125.2 8400.29 	26525.5	0.00208726	1.83835e-05	1050	1050	1050	0 1.26341e+06 627713 	1.89112e+06	6.4905	6.5039	12399	666.612	0.161383	0	1.02	1.02
300	0.00200031	8.69511e-05	1237.87	1050	105	671.79	46.1085	46.1085	184.434	184.434	0 18124.7 8400.98 	26525.7	0.00208726	1.83835e-05	1050	1050	1050	0 1.26341e+06 627712 	1.89112e+06	6.49052	6.5039	12399	666.612	0.161384	0	1.02	1.02
301	0.00200031	8.69532e-05	1237.9	1050	105	671.744	46.1159	46.1159	184.464	184.464	0 18124.3 8401.68 	26526	0.00208726	1.83835e-05	1050	1050	1050	0 1.2634e+06 627712 	1.89112e+06	6.49054	6.5039	12399	666.612	0.161385	0	1.02	1.02
302	0.0020003	8.69552e-05	1237.93	1050	105	671.699	46.1233	46.1233	184.493	184.493	0 18123.9 8402.38 	26526.2	0.00208726	1.83835e-05	1050	1050	1050	0 1.2634e+06 627711 	1.89111e+06	6.49056	6.5039	12399	666.612	0.161386	0	1.02	1.02
303	0.0020003	8.69573e-05	1237.96	1050	105	671.653	46.1307	46.1307	184.523	184.523	0 18123.4 8403.07 	26526.5	0.00208726	1.83835e-05	1050	1050	1050	0 1.2634e+06 627710 	1.89111e+06	6.49058	6.5039	12399	666.612	0.161386	0	1.02	1.02
304	0.0020003	8.69594e-05	1237.99	1050	105	671.608	46.1381	46.1381	184.552	184.552	0 18123 8403.77 	26526.8	0.00208726	1.83835e-05	1050	1050	1050	0 1.2634e+06 627710 	1.89111e+06	6.4906	6.5039	12399	666.612	0.161387	0	1.02	1.02
305	0.0020003	8.69615e-05	1238.02	1050	105	671.564	46.1455	46.1455	184.582	184.582	0 18122.6 8404.47 	26527	0.00208726	1.83835e-05	1050	1050	1050	0 1.2634e+06 627709 	1.89111e+06	6.49062	6.5039	12399	666.612	0.161388	0	1.02	1.02
306	0.0020003	8.69635e-05	1238.05	1050	105	671.519	46.1529	46.1529	184.611	184.611	0 18122.1 8405.16 	26527.3	0.00208726	1.83835e-05	1050	1050	1050	0 1.2634e+06 627708 	1.89111e+06	6.49064	6.5039	12399	666.612	0.161389	0	1.02	1.02
307	0.00200029	8.69656e-05	1238.08	1050	105	671.475	46.1602	46.1602	184.641	184.641	0 18121.7 8405.85 	26527.6	0.00208726	1.83835e-05	1050	1050	1050	0 1.2634e+06 627708 	1.8911e+06	6.49066	6.5039	12399	666.612	0.16139	0	1.02	1.02
308	0.00200029	8.69677e-05	1238.11	1050	105	671.431	46.1676	46.1676	184.67	184.67	0 18121.3 8406.55 	26527.8	0.00208726	1.83835e-05	1050	1050	1050	0 1.26339e+06 627707 	1.8911e+06	6.49068	6.5039	12399	666.612	0.161391	0	1.02	1.02
309	0.00200029	8.69699e-05	1238.14	1050	105	671.387	46.1749	46.1749	184.7	184.7	0 18120.8 8407.24 	26528.1	0.00208726	1.83835e-05	1050	1050	1050	0 1.26339e+06 627706 	1.8911e+06	6.4907	6.5039	12399	666.612	0.161391	0	1.02	1.02
310	0.00200029	8.6972e-05	1238.17	1050	105	671.343	46.1822	46.1822	184.729	184.729	0 18120.4 8407.93 	26528.4	0.00208726	1.83835e-05	1050	1050	1050	0 1.26339e+06 627705 	1.8911e+06	6.49072	6.5039	12399	666.612	0.161392	0	1.02	1.02
311	0.00200029	8.69741e-05	1238.2	1050	105	671.3	46.1896	46.1896	184.758	184.758	0 18120 8408.63 	26528.6	0.00208726	1.83835e-05	1050	1050	1050	0 1.26339e+06 627705 	1.89109e+06	6.49074	6.5039	12399	666.612	0.161393	0	1.02	1.02
312	0.00200028	8.69762e-05	1238.22	1050	105	671.256	46.1969	46.1969	184.787	184.787	0 18119.6 8409.32 	26528.9	0.00208726	1.83835e-05	1050	1050	1050	0 1.26339e+06 627704 	1.89109e+06	6.49077	6.5039	12399	666.612	0.161394	0	1.02	1.02
313	0.00200028	8.69784e-05	1238.25	1050	105	671.213	46.2042	46.2042	184.817	184.817	0 18119.1 8410.01 	26529.2	0.00208726	1.83835e-05	1050	1050	1050	0 1.26339e+06 627703 	1.89109e+06	6.49079	6.5039	12399	666.612	0.161395	0	1.02	1.02
314	0.00200028	8.69805e-05	1238.28	1050	105	671.17	46.2114	46.2114	184.846	184.846	0 18118.7 8410.7 	26529.4	0.00208726	1.83835e-05	1050	1050	1050	0 1.26338e+06 627702 	1.89109e+06	6.49081	6.5039	12399	666.612	0.161395	0	1.02	1.02
315	0.00200028	8.69827e-05	1238.31	1050	105	671.128	46.2187	46.2187	184.875	184.875	0 18118.3 8411.39 	26529.7	0.00208726	1.83835e-05	1050	1050	1050	0 1.26338e+06 627701 	1.89108e+06	6.49083	6.5039	12399	666.612	0.161396	0	1.02	1.02
316	0.00200027	8.69849e-05	1238.34	1050	105	671.085	46.226	46.226	184.904	184.904	0 18117.9 8412.08 	26530	0.00208726	1.83835e-05	1050	1050	1050	0 1.26338e+06 627701 	1.89108e+06	6.49085	6.5039	12399	666.612	0.161397	0	1.02	1.02
317	0.00200027	8.6987e-05	1238.37	1050	105	671.043	46.2332	46.2332	184.933	184.933	0 18117.5 8412.77 	26530.2	0.00208726	1.83835e-05	1050	1050	1050	0 1.26338e+06 627700 	1.89108e+06	6.49087	6.5039	12399	666.612	0.161398	0	1.02	1.02
318	0.00200027	8.69892e-05	1238.41	1050	105	671.001	46.2405	46.2405	184.962	184.962	0 18117.1 8413.46 	26530.5	0.00208726	1.83835e-05	1050	1050	1050	0 1.26338e+06 627699 	1.89108e+06	6.49089	6.5039	12399	666.612	0.161399	0	1.02	1.02
319	0.00200027	8.69914e-05	1238.44	1050	105	670.959	46.2477	46.2477	184.991	184.991	0 18116.7 8414.14 	26530.8	0.00208726	1.83835e-05	1050	1050	1050	0 1.26338e+06 627698 	1.89107e+06	6.49091	6.5039	12399	666.612	0.161399	0	1.02	1.02
320	0.00200027	8.69936e-05	1238.47	1050	105	670.917	46.2549	46.2549	185.02	185.02	0 18116.2 8414.83 	26531.1	0.00208726	1.83835e-05	1050	1050	1050	0 1.26337e+06 627697 	1.89107e+06	6.49094	6.5039	12399	666.612	0.1614	0	1.02	1.02
321	0.00200026	8.69958e-05	1238.5	1050	105	670.876	46.2621	46.2621	185.048	185.048	0 18115.8 8415.52 	26531.3	0.00208726	1.83835e-05	1050	1050	1050	0 1.26337e+06 627696 	1.89107e+06	6.49096	6.5039	12399	666.612	0.161401	0	1.02	1.02
322	0.00200026	8.6998e-05	1238.53	1050	105	670.834	46.2693	46.2693	185.077	185.077	0 18115.4 8416.2 	26531.6	0.00208726	1.83835e-05	1050	1050	1050	0 1.26337e+06 627696 	1.89107e+06	6.49098	6.5039	12399	666.612	0.161402	0	1.02	1.02
323	0.00200026	8.70002e-05	1238.56	1050	105	670.793	46.2765	46.2765	185.106	185.106	0 18115 8416.89 	26531.9	0.00208726	1.83835e-05	1050	1050	1050	0 1.26337e+06 627695 	1.89106e+06	6.491	6.5039	12399	666.612	0.161403	0	1.02	1.02
324	0.00200026	8.70024e-05	1238.59	1050	105	670.752	46.2837	46.2837	185.135	185.135	0 18114.6 8417.57 	26532.2	0.00208726	1.83835e-05	1050	1050	1050	0 1.26337e+06 627694 	1.89106e+06	6.49102	6.5039	12399	666.612	0.161403	0	1.02	1.02
325	0.00200025	8.70046e-05	1238.62	1050	105	670.712	46.2908	46.2908	185.163	185.163	0 18114.2 8418.25 	26532.5	0.00208726	1.83835e-05	1050	1050	1050	0 1.26337e+06 627693 	1.89106e+06	6.49104	6.5039	12399	666.612	0.161404	0	1.02	1.02
326	0.00200025	8.70068e-05	1238.65	1050	105	670.671	46.298	46.298	185.192	185.192	0 18113.8 8418.94 	26532.7	0.00208726	1.83835e-05	1050	1050	1050	0 1.26336e+06 627692 	1.89106e+06	6.49107	6.5039	12399	666.612	0.161405	0	1.02	1.02
327	0.00200025	8.70091e-05	1238.68	1050	105	670.631	46.3051	46.3051	185.22	185.22	0 18113.4 8419.62 	26533	0.00208726	1.83835e-05	1050	1050	1050	0 1.26336e+06 627691 	1.89105e+06	6.49109	6.5039	12399	666.612	0.161406	0	1.02	1.02
328	0.00200025	8.70113e-05	1238.71	1050	105	670.591	46.3122	46.3122	185.249	185.249	0 18113 8420.3 	26533.3	0.00208726	1.83835e-05	1050	1050	1050	0 1.26336e+06 627690 	1.89105e+06	6.49111	6.5039	12399	666.612	0.161406	0	1.02	1.02
329	0.00200025	8.70135e-05	1238.74	1050	105	670.551	46.3194	46.3194	185.277	185.277	0 18112.6 8420.98 	26533.6	0.00208726	1.83835e-05	1050	1050	1050	0 1.26336e+06 627689 	1.89105e+06	6.49113	6.5039	12399	666.612	0.161407	0	1.02	1.02
330	0.00200024	8.70158e-05	1238.78	1050	105	670.511	46.3265	46.3265	185.306	185.306	0 18112.2 8421.66 	26533.9	0.00208726	1.83835e-05	1050	1050	1050	0 1.26336e+06 627688 	1.89105e+06	6.49115	6.5039	12399	666.612	0.161408	0	1.02	1.02
331	0.00200024	8.7018e-05	1238.81	1050	105	670.471	46.3336	46.3336	185.334	185.334	0 18111.8 8422.34 	26534.2	0.00208726	1.83835e-05	1050	1050	1050	0 1.26335e+06 627687 	1.89104e+06	6.49118	6.5039	12399	666.612	0.161409	0	1.02	1.02
332	0.00200024	8.70203e-05	1238.84	1050	105	670.432	46.3406	46.3406	185.363	185.363	0 18111.4 8423.02 	26534.4	0.00208726	1.83835e-05	1050	1050	1050	0 1.26335e+06 627687 	1.89104e+06	6.4912	6.5039	12399	666.612	0.16141	0	1.02	1.02
333	0.00200024	8.70225e-05	1238.87	1050	105	670.393	46.3477	46.3477	185.391	185.391	0 18111 8423.7 	26534.7	0.00208726	1.83835e-05	1050	1050	1050	0 1.26335e+06 627686 	1.89104e+06	6.49122	6.5039	12399	666.612	0.16141	0	1.02	1.02
334	0.00200023	8.70248e-05	1238.9	1050	105	670.354	46.3548	46.3548	185.419	185.419	0 18110.6 8424.37 	26535	0.00208726	1.83835e-05	1050	1050	1050	0 1.26335e+06 627685 	1.89103e+06	6.49124	6.5039	12399	666.612	0.161411	0	1.02	1.02
335	0.00200023	8.70271e-05	1238.93	1050	105	670.315	46.3618	46.3618	185.447	185.447	0 18110.2 8425.05 	26535.3	0.00208726	1.83835e-05	1050	1050	1050	0 1.26335e+06 627684 	1.89103e+06	6.49126	6.5039	12399	666.612	0.161412	0	1.02	1.02
336	0.00200023	8.70294e-05	1238.96	1050	105	670.276	46.3688	46.3688	185.475	185.475	0 18109.9 8425.72 	26535.6	0.00208726	1.83835e-05	1050	1050	1050	0 1.26335e+06 627683 	1.89103e+06	6.49129	6.5039	12399	666.612	0.161413	0	1.02	1.02
337	0.00200023	8.70316e-05	1239	1050	105	670.237	46.3759	46.3759	185.503	185.503	0 18109.5 8426.4 	26535.9	0.00208726	1.83835e-05	1050	1050	1050	0 1.26334e+06 627682 	1.89103e+06	6.49131	6.5039	12399	666.612	0.161413	0	1.02	1.02
338	0.00200022	8.70339e-05	1239.03	1050	105	670.199	46.3829	46.3829	185.532	185.532	0 18109.1 8427.07 	26536.2	0.00208726	1.83835e-05	1050	1050	1050	0 1.26334e+06 627681 	1.89102e+06	6.49133	6.5039	12399	666.612	0.161414	0	1.02	1.02
339	0.00200022	8.70362e-05	1239.06	1050	105	670.161	46.3899	46.3899	185.56	185.56	0 18108.7 8427.75 	26536.4	0.00208726	1.83835e-05	1050	1050	1050	0 1.26334e+06 627680 	1.89102e+06	6.49135	6.5039	12399	666.612	0.161415	0	1.02	1.02
340	0.00200022	8.70385e-05	1239.09	1050	105	670.123	46.3969	46.3969	185.587	185.587	0 18108.3 8428.42 	26536.7	0.00208726	1.83835e-05	1050	1050	1050	0 1.26334e+06 627679 	1.89102e+06	6.49138	6.5039	12399	666.612	0.161416	0	1.02	1.02
341	0.00200022	8.70408e-05	1239.12	1050	105	670.085	46.4039	46.4039	185.615	185.615	0 18107.9 8429.09 	26537	0.00208726	1.83835e-05	1050	1050	1050	0 1.26334e+06 627678 	1.89101e+06	6.4914	6.5039	12399	666.612	0.161416	0	1.02	1.02
342	0.00200022	8.70431e-05	1239.16	1050	105	670.047	46.4108	46.4108	185.643	185.643	0 18107.5 8429.76 	26537.3	0.00208726	1.83835e-05	1050	1050	1050	0 1.26333e+06 627677 	1.89101e+06	6.49142	6.5039	12399	666.612	0.161417	0	1.02	1.02
343	0.00200021	8.70454e-05	1239.19	1050	105	670.01	46.4178	46.4178	185.671	185.671	0 18107.2 8430.43 	26537.6	0.00208726	1.83835e-05	1050	1050	1050	0 1.26333e+06 627676 	1.89101e+06	6.49144	6.5039	12399	666.612	0.161418	0	1.02	1.02
344	0.00200021	8.70477e-05	1239.22	1050	105	669.973	46.4247	46.4247	185.699	185.699	0 18106.8 8431.1 	26537.9	0.00208726	1.83835e-05	1050	1050	1050	0 1.26333e+06 627675 	1.891e+06	6.49147	6.5039	12399	666.612	0.161419	0	1.02	1.02
345	0.00200021	8.705e-05	1239.25	1050	105	669.936	46.4316	46.4316	185.727	185.727	0 18106.4 8431.77 	26538.2	0.00208726	1.83835e-05	1050	1050	1050	0 1.26333e+06 627674 	1.891e+06	6.49149	6.5039	12399	666.612	0.161419	0	1.02	1.02
346	0.00200021	8.70523e-05	1239.28	1050	105	669.899	46.4386	46.4386	185.754	185.754	0 18106 8432.43 	26538.5	0.00208726	1.83835e-05	1050	1050	1050	0 1.26333e+06 627673 	1.891e+06	6.49151	6.5039	12399	666.612	0.16142	0	1.02	1.02
347	0.0020002	8.70546e-05	1239.32	1050	105	669.862	46.4455	46.4455	185.782	185.782	0 18105.7 8433.1 	26538.8	0.00208726	1.83835e-05	1050	1050	1050	0 1.26332e+06 627672 	1.89099e+06	6.49154	6.5039	12399	666.612	0.161421	0	1.02	1.02
348	0.0020002	8.70569e-05	1239.35	1050	105	669.825	46.4524	46.4524	185.809	185.809	0 18105.3 8433.77 	26539.1	0.00208726	1.83835e-05	1050	1050	1050	0 1.26332e+06 627671 	1.89099e+06	6.49156	6.5039	12399	666.612	0.161422	0	1.02	1.02
349	0.0020002	8.70593e-05	1239.38	1050	105	669.789	46.4592	46.4592	185.837	185.837	0 18104.9 8434.43 	26539.3	0.00208726	1.83835e-05	1050	1050	1050	0 1.26332e+06 627670 	1.89099e+06	6.49158	6.5039	12399	666.612	0.161422	0	1.02	1.02
350	0.0020002	8.70616e-05	1239.41	1050	105	669.752	46.4661	46.4661	185.864	185.864	0 18104.5 8435.1 	26539.6	0.00208726	1.83835e-05	1050	1050	1050	0 1.26332e+06 627669 	1.89099e+06	6.4916	6.5039	12399	666.612	0.161423	0	1.02	1.02
351	0.00200019	8.70639e-05	1239.45	1050	105	669.716	46.473	46.473	185.892	185.892	0 18104.2 8435.76 	26539.9	0.00208726	1.83835e-05	1050	1050	1050	0 1.26331e+06 627667 	1.89098e+06	6.49163	6.5039	12399	666.612	0.161424	0	1.02	1.02
352	0.00200019	8.70663e-05	1239.48	1050	105	669.68	46.4798	46.4798	185.919	185.919	0 18103.8 8436.42 	26540.2	0.00208726	1.83835e-05	1050	1050	1050	0 1.26331e+06 627666 	1.89098e+06	6.49165	6.5039	12399	666.612	0.161425	0	1.02	1.02
353	0.00200019	8.70686e-05	1239.51	1050	105	669.644	46.4866	46.4866	185.947	185.947	0 18103.4 8437.08 	26540.5	0.00208726	1.83835e-05	1050	1050	1050	0 1.26331e+06 627665 	1.89098e+06	6.49167	6.5039	12399	666.612	0.161425	0	1.02	1.02
354	0.00200019	8.70709e-05	1239.54	1050	105	669.609	46.4935	46.4935	185.974	185.974	0 18103.1 8437.74 	26540.8	0.00208726	1.83835e-05	1050	1050	1050	0 1.26331e+06 627664 	1.89097e+06	6.4917	6.5039	12399	666.612	0.161426	0	1.02	1.02
355	0.00200019	8.70733e-05	1239.58	1050	105	669.573	46.5003	46.5003	186.001	186.001	0 18102.7 8438.4 	26541.1	0.00208726	1.83835e-05	1050	1050	1050	0 1.26331e+06 627663 	1.89097e+06	6.49172	6.5039	12399	666.612	0.161427	0	1.02	1.02
356	0.00200018	8.70756e-05	1239.61	1050	105	669.538	46.5071	46.5071	186.028	186.028	0 18102.3 8439.06 	26541.4	0.00208726	1.83835e-05	1050	1050	1050	0 1.2633e+06 627662 	1.89097e+06	6.49174	6.5039	12399	666.612	0.161427	0	1.02	1.02
357	0.00200018	8.7078e-05	1239.64	1050	105	669.503	46.5139	46.5139	186.055	186.055	0 18102 8439.72 	26541.7	0.00208726	1.83835e-05	1050	1050	1050	0 1.2633e+06 627661 	1.89096e+06	6.49176	6.5039	12399	666.612	0.161428	0	1.02	1.02
358	0.00200018	8.70803e-05	1239.67	1050	105	669.468	46.5206	46.5206	186.083	186.083	0 18101.6 8440.38 	26542	0.00208726	1.83835e-05	1050	1050	1050	0 1.2633e+06 627660 	1.89096e+06	6.49179	6.5039	12399	666.612	0.161429	0	1.02	1.02
359	0.00200018	8.70827e-05	1239.71	1050	105	669.433	46.5274	46.5274	186.11	186.11	0 18101.3 8441.03 	26542.3	0.00208726	1.83835e-05	1050	1050	1050	0 1.2633e+06 627659 	1.89096e+06	6.49181	6.5039	12399	666.612	0.16143	0	1.02	1.02
360	0.00200017	8.7085e-05	1239.74	1050	105	669.398	46.5341	46.5341	186.137	186.137	0 18100.9 8441.69 	26542.6	0.00208726	1.83835e-05	1050	1050	1050	0 1.26329e+06 627658 	1.89095e+06	6.49183	6.5039	12399	666.612	0.16143	0	1.02	1.02
361	0.00200017	8.70874e-05	1239.77	1050	105	669.364	46.5409	46.5409	186.164	186.164	0 18100.5 8442.34 	26542.9	0.00208726	1.83835e-05	1050	1050	1050	0 1.26329e+06 627657 	1.89095e+06	6.49186	6.5039	12399	666.612	0.161431	0	1.02	1.02
362	0.00200017	8.70897e-05	1239.81	1050	105	669.329	46.5476	46.5476	186.19	186.19	0 18100.2 8442.99 	26543.2	0.00208726	1.83835e-05	1050	1050	1050	0 1.26329e+06 627655 	1.89095e+06	6.49188	6.5039	12399	666.612	0.161432	0	1.02	1.02
363	0.00200017	8.70921e-05	1239.84	1050	105	669.295	46.5543	46.5543	186.217	186.217	0 18099.8 8443.65 	26543.5	0.00208726	1.83835e-05	1050	1050	1050	0 1.26329e+06 627654 	1.89094e+06	6.4919	6.5039	12399	666.612	0.161432	0	1.02	1.02
364	0.00200016	8.70944e-05	1239.87	1050	105	669.261	46.561	46.561	186.244	186.244	0 18099.5 8444.3 	26543.8	0.00208726	1.83835e-05	1050	1050	1050	0 1.26329e+06 627653 	1.89094e+06	6.49193	6.5039	12399	666.612	0.161433	0	1.02	1.02
365	0.00200016	8.70968e-05	1239.9	1050	105	669.227	46.5677	46.5677	186.271	186.271	0 18099.1 8444.95 	26544.1	0.00208726	1.83835e-05	1050	1050	1050	0 1.26328e+06 627652 	1.89094e+06	6.49195	6.5039	12399	666.612	0.161434	0	1.02	1.02
366	0.00200016	8.70992e-05	1239.94	1050	105	669.193	46.5744	46.5744	186.298	186.298	0 18098.8 8445.6 	26544.4	0.00208726	1.83835e-05	1050	1050	1050	0 1.26328e+06 627651 	1.89093e+06	6.49197	6.5039	12399	666.612	0.161435	0	1.02	1.02
367	0.00200016	8.71015e-05	1239.97	1050	105	669.159	46.581	46.581	186.324	186.324	0 18098.4 8446.25 	26544.7	0.00208726	1.83835e-05	1050	1050	1050	0 1.26328e+06 627650 	1.89093e+06	6.492	6.5039	12399	666.612	0.161435	0	1.02	1.02
368	0.00200015	8.71039e-05	1240	1050	105	669.126	46.5877	46.5877	186.351	186.351	0 18098.1 8446.89 	26545	0.00208726	1.83835e-05	1050	1050	1050	0 1.26328e+06 627649 	1.89093e+06	6.49202	6.5039	12399	666.612	0.161436	0	1.02	1.02
369	0.00200015	8.71063e-05	1240.04	1050	105	669.093	46.5943	46.5943	186.377	186.377	0 18097.7 8447.54 	26545.3	0.00208726	1.83835e-05	1050	1050	1050	0 1.26327e+06 627648 	1.89092e+06	6.49204	6.5039	12399	666.612	0.161437	0	1.02	1.02
370	0.00200015	8.71087e-05	1240.07	1050	105	669.059	46.601	46.601	186.404	186.404	0 18097.4 8448.19 	26545.6	0.00208726	1.83835e-05	1050	1050	1050	0 1.26327e+06 627646 	1.89092e+06	6.49207	6.5039	12399	666.612	0.161437	0	1.02	1.02
371	0.00200015	8.7111e-05	1240.1	1050	105	669.026	46.6076	46.6076	186.43	186.43	0 18097 8448.83 	26545.9	0.00208726	1.83835e-05	1050	1050	1050	0 1.26327e+06 627645 	1.89091e+06	6.49209	6.5039	12399	666.612	0.161438	0	1.02	1.02
372	0.00200014	8.71134e-05	1240.14	1050	105	668.993	46.6142	46.6142	186.457	186.457	0 18096.7 8449.48 	26546.2	0.00208726	1.83835e-05	1050	1050	1050	0 1.26327e+06 627644 	1.89091e+06	6.49211	6.5039	12399	666.612	0.161439	0	1.02	1.02
373	0.00200014	8.71158e-05	1240.17	1050	105	668.961	46.6208	46.6208	186.483	186.483	0 18096.3 8450.12 	26546.5	0.00208726	1.83835e-05	1050	1050	1050	0 1.26326e+06 627643 	1.89091e+06	6.49214	6.5039	12399	666.612	0.161439	0	1.02	1.02
374	0.00200014	8.71182e-05	1240.2	1050	105	668.928	46.6273	46.6273	186.509	186.509	0 18096 8450.76 	26546.8	0.00208726	1.83835e-05	1050	1050	1050	0 1.26326e+06 627642 	1.8909e+06	6.49216	6.5039	12399	666.612	0.16144	0	1.02	1.02
375	0.00200014	8.71205e-05	1240.23	1050	105	668.895	46.6339	46.6339	186.536	186.536	0 18095.6 8451.4 	26547	0.00208726	1.83835e-05	1050	1050	1050	0 1.26326e+06 627641 	1.8909e+06	6.49218	6.5039	12399	666.612	0.161441	0	1.02	1.02
376	0.00200014	8.71229e-05	1240.27	1050	105	668.863	46.6405	46.6405	186.562	186.562	0 18095.3 8452.04 	26547.3	0.00208726	1.83835e-05	1050	1050	1050	0 1.26326e+06 627639 	1.8909e+06	6.49221	6.5039	12399	666.612	0.161442	0	1.02	1.02
377	0.00200013	8.71253e-05	1240.3	1050	105	668.831	46.647	46.647	186.588	186.588	0 18095 8452.68 	26547.6	0.00208726	1.83835e-05	1050	1050	1050	0 1.26326e+06 627638 	1.89089e+06	6.49223	6.5039	12399	666.612	0.161442	0	1.02	1.02
378	0.00200013	8.71277e-05	1240.33	1050	105	668.799	46.6535	46.6535	186.614	186.614	0 18094.6 8453.32 	26547.9	0.00208726	1.83835e-05	1050	1050	1050	0 1.26325e+06 627637 	1.89089e+06	6.49225	6.5039	12399	666.612	0.161443	0	1.02	1.02
379	0.00200013	8.71301e-05	1240.37	1050	105	668.767	46.66	46.66	186.64	186.64	0 18094.3 8453.95 	26548.2	0.00208726	1.83835e-05	1050	1050	1050	0 1.26325e+06 627636 	1.89089e+06	6.49228	6.5039	12399	666.612	0.161444	0	1.02	1.02
380	0.00200013	8.71325e-05	1240.4	1050	105	668.735	46.6665	46.6665	186.666	186.666	0 18094 8454.59 	26548.5	0.00208726	1.83835e-05	1050	1050	1050	0 1.26325e+06 627635 	1.89088e+06	6.4923	6.5039	12399	666.612	0.161444	0	1.02	1.02
381	0.00200012	8.71348e-05	1240.43	1050	105	668.703	46.673	46.673	186.692	186.692	0 18093.6 8455.22 	26548.8	0.00208726	1.83835e-05	1050	1050	1050	0 1.26325e+06 627634 	1.89088e+06	6.49232	6.5039	12399	666.612	0.161445	0	1.02	1.02
382	0.00200012	8.71372e-05	1240.47	1050	105	668.672	46.6795	46.6795	186.718	186.718	0 18093.3 8455.86 	26549.1	0.00208726	1.83835e-05	1050	1050	1050	0 1.26324e+06 627632 	1.89088e+06	6.49235	6.5039	12399	666.612	0.161446	0	1.02	1.02
383	0.00200012	8.71396e-05	1240.5	1050	105	668.64	46.686	46.686	186.744	186.744	0 18093 8456.49 	26549.4	0.00208726	1.83835e-05	1050	1050	1050	0 1.26324e+06 627631 	1.89087e+06	6.49237	6.5039	12399	666.612	0.161446	0	1.02	1.02
384	0.00200012	8.7142e-05	1240.53	1050	105	668.609	46.6924	46.6924	186.77	186.77	0 18092.6 8457.12 	26549.7	0.00208726	1.83835e-05	1050	1050	1050	0 1.26324e+06 627630 	1.89087e+06	6.49239	6.5039	12399	666.612	0.161447	0	1.02	1.02
385	0.00200011	8.71444e-05	1240.57	1050	105	668.578	46.6988	46.6988	186.795	186.795	0 18092.3 8457.75 	26550	0.00208726	1.83835e-05	1050	1050	1050	0 1.26324e+06 627629 	1.89086e+06	6.49242	6.5039	12399	666.612	0.161448	0	1.02	1.02
386	0.00200011	8.71468e-05	1240.6	1050	105	668.547	46.7053	46.7053	186.821	186.821	0 18092 8458.38 	26550.3	0.00208726	1.83835e-05	1050	1050	1050	0 1.26323e+06 627628 	1.89086e+06	6.49244	6.5039	12399	666.612	0.161448	0	1.02	1.02
387	0.00200011	8.71492e-05	1240.63	1050	105	668.516	46.7117	46.7117	186.847	186.847	0 18091.6 8459.01 	26550.6	0.00208726	1.83835e-05	1050	1050	1050	0 1.26323e+06 627626 	1.89086e+06	6.49247	6.5039	12399	666.612	0.161449	0	1.02	1.02
388	0.00200011	8.71516e-05	1240.67	1050	105	668.486	46.7181	46.7181	186.872	186.872	0 18091.3 8459.64 	26550.9	0.00208726	1.83835e-05	1050	1050	1050	0 1.26323e+06 627625 	1.89085e+06	6.49249	6.5039	12399	666.612	0.16145	0	1.02	1.02
389	0.0020001	8.7154e-05	1240.7	1050	105	668.455	46.7245	46.7245	186.898	186.898	0 18091 8460.27 	26551.3	0.00208726	1.83835e-05	1050	1050	1050	0 1.26323e+06 627624 	1.89085e+06	6.49251	6.5039	12399	666.612	0.16145	0	1.02	1.02
390	0.0020001	8.71563e-05	1240.73	1050	105	668.424	46.7309	46.7309	186.923	186.923	0 18090.7 8460.89 	26551.6	0.00208726	1.83835e-05	1050	1050	1050	0 1.26322e+06 627623 	1.89085e+06	6.49254	6.5039	12399	666.612	0.161451	0	1.02	1.02
391	0.0020001	8.71587e-05	1240.77	1050	105	668.394	46.7372	46.7372	186.949	186.949	0 18090.3 8461.52 	26551.9	0.00208726	1.83835e-05	1050	1050	1050	0 1.26322e+06 627622 	1.89084e+06	6.49256	6.5039	12399	666.612	0.161452	0	1.02	1.02
392	0.0020001	8.71611e-05	1240.8	1050	105	668.364	46.7436	46.7436	186.974	186.974	0 18090 8462.14 	26552.2	0.00208726	1.83835e-05	1050	1050	1050	0 1.26322e+06 627620 	1.89084e+06	6.49258	6.5039	12399	666.612	0.161452	0	1.02	1.02
393	0.00200009	8.71635e-05	1240.83	1050	105	668.334	46.7499	46.7499	187	187	0 18089.7 8462.76 	26552.5	0.00208726	1.83835e-05	1050	1050	1050	0 1.26322e+06 627619 	1.89084e+06	6.49261	6.5039	12399	666.612	0.161453	0	1.02	1.02
394	0.00200009	8.71659e-05	1240.87	1050	105	668.304	46.7562	46.7562	187.025	187.025	0 18089.4 8463.39 	26552.8	0.00208726	1.83835e-05	1050	1050	1050	0 1.26321e+06 627618 	1.89083e+06	6.49263	6.5039	12399	666.612	0.161454	0	1.02	1.02
395	0.00200009	8.71683e-05	1240.9	1050	105	668.274	46.7625	46.7625	187.05	187.05	0 18089 8464.01 	26553.1	0.00208726	1.83835e-05	1050	1050	1050	0 1.26321e+06 627617 	1.89083e+06	6.49265	6.5039	12399	666.612	0.161454	0	1.02	1.02
396	0.00200009	8.71707e-05	1240.93	1050	105	668.244	46.7688	46.7688	187.075	187.075	0 18088.7 8464.63 	26553.4	0.00208726	1.83835e-05	1050	1050	1050	0 1.26321e+06 627615 	1.89082e+06	6.49268	6.5039	12399	666.612	0.161455	0	1.02	1.02
397	0.00200008	8.71731e-05	1240.97	1050	105	668.215	46.7751	46.7751	187.1	187.1	0 18088.4 8465.24 	26553.7	0.00208726	1.83835e-05	1050	1050	1050	0 1.26321e+06 627614 	1.89082e+06	6.4927	6.5039	12399	666.612	0.161455	0	1.02	1.02
398	0.00200008	8.71755e-05	1241	1050	105	668.185	46.7814	46.7814	187.126	187.126	0 18088.1 8465.86 	26554	0.00208726	1.83835e-05	1050	1050	1050	0 1.2632e+06 627613 	1.89082e+06	6.49272	6.5039	12399	666.612	0.161456	0	1.02	1.02
399	0.00200008	8.71779e-05	1241.03	1050	105	668.156	46.7877	46.7877	187.151	187.151	0 18087.8 8466.48 	26554.3	0.00208726	1.83835e-05	1050	1050	1050	0 1.2632e+06 627612 	1.89081e+06	6.49275	6.5039	12399	666.612	0.161457	0	1.02	1.02
400	0.00200008	8.71803e-05	1241.07	1050	105	668.127	46.7939	46.7939	187.176	187.176	0 18087.5 8467.09 	26554.6	0.00208726	1.83835e-05	1050	1050	1050	0 1.2632e+06 627611 	1.89081e+06	6.49277	6.5039	12399	666.612	0.161457	0	1.02	1.02
401	0.00200007	8.71827e-05	1241.1	1050	105	668.098	46.8001	46.8001	187.201	187.201	0 18087.2 8467.71 	26554.9	0.00208726	1.83835e-05	1050	1050	1050	0 1.2632e+06 627609 	1.89081e+06	6.49279	6.5039	12399	666.612	0.161458	0	1.02	1.02
402	0.00200007	8.7185e-05	1241.13	1050	105	668.069	46.8064	46.8064	187.225	187.225	0 18086.8 8468.32 	26555.2	0.00208726	1.83835e-05	1050	1050	1050	0 1.26319e+06 627608 	1.8908e+06	6.49282	6.5039	12399	666.612	0.161459	0	1.02	1.02
403	0.00200007	8.71874e-05	1241.17	1050	105	668.04	46.8126	46.8126	187.25	187.25	0 18086.5 8468.93 	26555.5	0.00208726	1.83835e-05	1050	1050	1050	0 1.26319e+06 627607 	1.8908e+06	6.49284	6.5039	12399	666.612	0.161459	0	1.02	1.02
404	0.00200007	8.71898e-05	1241.2	1050	105	668.011	46.8188	46.8188	187.275	187.275	0 18086.2 8469.54 	26555.8	0.00208726	1.83835e-05	1050	1050	1050	0 1.26319e+06 627606 	1.89079e+06	6.49287	6.5039	12399	666.612	0.16146	0	1.02	1.02
405	0.00200006	8.71922e-05	1241.23	1050	105	667.983	46.825	46.825	187.3	187.3	0 18085.9 8470.15 	26556.1	0.00208726	1.83835e-05	1050	1050	1050	0 1.26319e+06 627604 	1.89079e+06	6.49289	6.5039	12399	666.612	0.161461	0	1.02	1.02
406	0.00200006	8.71946e-05	1241.27	1050	105	667.954	46.8311	46.8311	187.325	187.325	0 18085.6 8470.76 	26556.4	0.00208726	1.83835e-05	1050	1050	1050	0 1.26318e+06 627603 	1.89079e+06	6.49291	6.5039	12399	666.612	0.161461	0	1.02	1.02
407	0.00200006	8.7197e-05	1241.3	1050	105	667.926	46.8373	46.8373	187.349	187.349	0 18085.3 8471.37 	26556.7	0.00208726	1.83835e-05	1050	1050	1050	0 1.26318e+06 627602 	1.89078e+06	6.49294	6.5039	12399	666.612	0.161462	0	1.02	1.02
408	0.00200006	8.71994e-05	1241.33	1050	105	667.898	46.8434	46.8434	187.374	187.374	0 18085 8471.98 	26557	0.00208726	1.83835e-05	1050	1050	1050	0 1.26318e+06 627601 	1.89078e+06	6.49296	6.5039	12399	666.612	0.161463	0	1.02	1.02
409	0.00200006	8.72018e-05	1241.37	1050	105	667.87	46.8496	46.8496	187.398	187.398	0 18084.7 8472.58 	26557.3	0.00208726	1.83835e-05	1050	1050	1050	0 1.26318e+06 627599 	1.89078e+06	6.49298	6.5039	12399	666.612	0.161463	0	1.02	1.02
410	0.00200005	8.72041e-05	1241.4	1050	105	667.842	46.8557	46.8557	187.423	187.423	0 18084.4 8473.19 	26557.6	0.00208726	1.83835e-05	1050	1050	1050	0 1.26317e+06 627598 	1.89077e+06	6.49301	6.5039	12399	666.612	0.161464	0	1.02	1.02
411	0.00200005	8.72065e-05	1241.43	1050	105	667.814	46.8618	46.8618	187.447	187.447	0 18084.1 8473.79 	26557.9	0.00208726	1.83835e-05	1050	1050	1050	0 1.26317e+06 627597 	1.89077e+06	6.49303	6.5039	12399	666.612	0.161464	0	1.02	1.02
412	0.00200005	8.72089e-05	1241.47	1050	105	667.786	46.8679	46.8679	187.472	187.472	0 18083.8 8474.39 	26558.2	0.00208726	1.83835e-05	1050	1050	1050	0 1.26317e+06 627596 	1.89076e+06	6.49305	6.5039	12399	666.612	0.161465	0	1.02	1.02
413	0.00200005	8.72113e-05	1241.5	1050	105	667.758	46.874	46.874	187.496	187.496	0 18083.5 8474.99 	26558.5	0.00208726	1.83835e-05	1050	1050	1050	0 1.26317e+06 627594 	1.89076e+06	6.49308	6.5039	12399	666.612	0.161466	0	1.02	1.02
414	0.00200004	8.72137e-05	1241.53	1050	105	667.731	46.8801	46.8801	187.52	187.52	0 18083.2 8475.59 	26558.8	0.00208726	1.83835e-05	1050	1050	1050	0 1.26316e+06 627593 	1.89076e+06	6.4931	6.5039	12399	666.612	0.161466	0	1.02	1.02
415	0.00200004	8.72161e-05	1241.56	1050	105	667.703	46.8861	46.8861	187.544	187.544	0 18082.9 8476.19 	26559.1	0.00208726	1.83835e-05	1050	1050	1050	0 1.26316e+06 627592 	1.89075e+06	6.49312	6.5039	12399	666.612	0.161467	0	1.02	1.02
416	0.00200004	8.72184e-05	1241.6	1050	105	667.676	46.8922	46.8922	187.569	187.569	0 18082.6 8476.79 	26559.4	0.00208726	1.83835e-05	1050	1050	1050	0 1.26316e+06 627590 	1.89075e+06	6.49315	6.5039	12399	666.612	0.161467	0	1.02	1.02
417	0.00200004	8.72208e-05	1241.63	1050	105	667.649	46.8982	46.8982	187.593	187.593	0 18082.3 8477.39 	26559.7	0.00208726	1.83835e-05	1050	1050	1050	0 1.26316e+06 627589 	1.89075e+06	6.49317	6.5039	12399	666.612	0.161468	0	1.02	1.02
418	0.00200003	8.72232e-05	1241.66	1050	105	667.622	46.9042	46.9042	187.617	187.617	0 18082 8477.98 	26560	0.00208726	1.83835e-05	1050	1050	1050	0 1.26315e+06 627588 	1.89074e+06	6.49319	6.5039	12399	666.612	0.161469	0	1.02	1.02
419	0.00200003	8.72256e-05	1241.7	1050	105	667.595	46.9102	46.9102	187.641	187.641	0 18081.7 8478.58 	26560.3	0.00208726	1.83835e-05	1050	1050	1050	0 1.26315e+06 627587 	1.89074e+06	6.49322	6.5039	12399	666.612	0.161469	0	1.02	1.02
420	0.00200003	8.7228e-05	1241.73	1050	105	667.568	46.9162	46.9162	187.665	187.665	0 18081.4 8479.17 	26560.6	0.00208726	1.83835e-05	1050	1050	1050	0 1.26315e+06 627585 	1.89073e+06	6.49324	6.5039	12399	666.612	0.16147	0	1.02	1.02
421	0.00200003	8.72303e-05	1241.76	1050	105	667.541	46.9222	46.9222	187.689	187.689	0 18081.1 8479.76 	26560.8	0.00208726	1.83835e-05	1050	1050	1050	0 1.26315e+06 627584 	1.89073e+06	6.49326	6.5039	12399	666.612	0.161471	0	1.02	1.02
422	0.00200002	8.72327e-05	1241.8	1050	105	667.515	46.9282	46.9282	187.713	187.713	0 18080.8 8480.35 	26561.1	0.00208726	1.83835e-05	1050	1050	1050	0 1.26314e+06 627583 	1.89073e+06	6.49329	6.5039	12399	666.612	0.161471	0	1.02	1.02
423	0.00200002	8.72351e-05	1241.83	1050	105	667.488	46.9341	46.9341	187.737	187.737	0 18080.5 8480.94 	26561.4	0.00208726	1.83835e-05	1050	1050	1050	0 1.26314e+06 627582 	1.89072e+06	6.49331	6.5039	12399	666.612	0.161472	0	1.02	1.02
424	0.00200002	8.72375e-05	1241.86	1050	105	667.462	46.9401	46.9401	187.76	187.76	0 18080.2 8481.53 	26561.7	0.00208726	1.83835e-05	1050	1050	1050	0 1.26314e+06 627580 	1.89072e+06	6.49333	6.5039	12399	666.612	0.161472	0	1.02	1.02
425	0.00200002	8.72398e-05	1241.9	1050	105	667.435	46.946	46.946	187.784	187.784	0 18079.9 8482.12 	26562	0.00208726	1.83835e-05	1050	1050	1050	0 1.26314e+06 627579 	1.89071e+06	6.49336	6.5039	12399	666.612	0.161473	0	1.02	1.02
426	0.00200001	8.72422e-05	1241.93	1050	105	667.409	46.9519	46.9519	187.808	187.808	0 18079.6 8482.71 	26562.3	0.00208726	1.83835e-05	1050	1050	1050	0 1.26313e+06 627578 	1.89071e+06	6.49338	6.5039	12399	666.612	0.161474	0	1.02	1.02
427	0.00200001	8.72446e-05	1241.96	1050	105	667.383	46.9578	46.9578	187.831	187.831	0 18079.3 8483.29 	26562.6	0.00208726	1.83835e-05	1050	1050	1050	0 1.26313e+06 627576 	1.89071e+06	6.4934	6.5039	12399	666.612	0.161474	0	1.02	1.02
428	0.00200001	8.72469e-05	1241.99	1050	105	667.357	46.9637	46.9637	187.855	187.855	0 18079.1 8483.88 	26562.9	0.00208726	1.83835e-05	1050	1050	1050	0 1.26313e+06 627575 	1.8907e+06	6.49343	6.5039	12399	666.612	0.161475	0	1.02	1.02
429	0.00200001	8.72493e-05	1242.03	1050	105	667.331	46.9696	46.9696	187.878	187.878	0 18078.8 8484.46 	26563.2	0.00208726	1.83835e-05	1050	1050	1050	0 1.26312e+06 627574 	1.8907e+06	6.49345	6.5039	12399	666.612	0.161475	0	1.02	1.02
430	0.002	8.72517e-05	1242.06	1050	105	667.306	46.9755	46.9755	187.902	187.902	0 18078.5 8485.04 	26563.5	0.00208726	1.83835e-05	1050	1050	1050	0 1.26312e+06 627573 	1.89069e+06	6.49347	6.5039	12399	666.612	0.161476	0	1.02	1.02
431	0.002	8.7254e-05	1242.09	1050	105	667.28	46.9813	46.9813	187.925	187.925	0 18078.2 8485.62 	26563.8	0.00208726	1.83835e-05	1050	1050	1050	0 1.26312e+06 627571 	1.89069e+06	6.4935	6.5039	12399	666.612	0.161477	0	1.02	1.02
432	0.002	8.72564e-05	1242.13	1050	105	667.254	46.9872	46.9872	187.949	187.949	0 18077.9 8486.2 	26564.1	0.00208726	1.83835e-05	1050	1050	1050	0 1.26312e+06 627570 	1.89069e+06	6.49352	6.5039	12399	666.612	0.161477	0	1.02	1.02
433	0.002	8.72587e-05	1242.16	1050	105	667.229	46.993	46.993	187.972	187.972	0 18077.6 8486.78 	26564.4	0.00208726	1.83835e-05	1050	1050	1050	0 1.26311e+06 627569 	1.89068e+06	6.49354	6.5039	12399	666.612	0.161478	0	1.02	1.02
434	0.002	8.72611e-05	1242.19	1050	105	667.203	46.9988	46.9988	187.995	187.995	0 18077.4 8487.36 	26564.7	0.00208726	1.83835e-05	1050	1050	1050	0 1.26311e+06 627567 	1.89068e+06	6.49357	6.5039	12399	666.612	0.161478	0	1.02	1.02
435	0.00199999	8.72634e-05	1242.22	1050	105	667.178	47.0046	47.0046	188.018	188.018	0 18077.1 8487.94 	26565	0.00208726	1.83835e-05	1050	1050	1050	0 1.26311e+06 627566 	1.89068e+06	6.49359	6.5039	12399	666.612	0.161479	0	1.02	1.02
436	0.00199999	8.72658e-05	1242.26	1050	105	667.153	47.0104	47.0104	188.042	188.042	0 18076.8 8488.51 	26565.3	0.00208726	1.83835e-05	1050	1050	1050	0 1.26311e+06 627565 	1.89067e+06	6.49361	6.5039	12399	666.612	0.161479	0	1.02	1.02
437	0.00199999	8.72682e-05	1242.29	1050	105	667.128	47.0162	47.0162	188.065	188.065	0 18076.5 8489.09 	26565.6	0.00208726	1.83835e-05	1050	1050	1050	0 1.2631e+06 627564 	1.89067e+06	6.49364	6.5039	12399	666.612	0.16148	0	1.02	1.02
438	0.00199999	8.72705e-05	1242.32	1050	105	667.103	47.022	47.022	188.088	188.088	0 18076.2 8489.66 	26565.9	0.00208726	1.83835e-05	1050	1050	1050	0 1.2631e+06 627562 	1.89066e+06	6.49366	6.5039	12399	666.612	0.161481	0	1.02	1.02
439	0.00199998	8.72728e-05	1242.36	1050	105	667.078	47.0277	47.0277	188.111	188.111	0 18076 8490.23 	26566.2	0.00208726	1.83835e-05	1050	1050	1050	0 1.2631e+06 627561 	1.89066e+06	6.49368	6.5039	12399	666.612	0.161481	0	1.02	1.02
440	0.00199998	8.72752e-05	1242.39	1050	105	667.053	47.0335	47.0335	188.134	188.134	0 18075.7 8490.8 	26566.5	0.00208726	1.83835e-05	1050	1050	1050	0 1.2631e+06 627560 	1.89066e+06	6.49371	6.5039	12399	666.612	0.161482	0	1.02	1.02
441	0.00199998	8.72775e-05	1242.42	1050	105	667.029	47.0392	47.0392	188.157	188.157	0 18075.4 8491.37 	26566.8	0.00208726	1.83835e-05	1050	1050	1050	0 1.26309e+06 627558 	1.89065e+06	6.49373	6.5039	12399	666.612	0.161482	0	1.02	1.02
442	0.00199998	8.72799e-05	1242.45	1050	105	667.004	47.0449	47.0449	188.18	188.18	0 18075.1 8491.94 	26567.1	0.00208726	1.83835e-05	1050	1050	1050	0 1.26309e+06 627557 	1.89065e+06	6.49375	6.5039	12399	666.612	0.161483	0	1.02	1.02
443	0.00199997	8.72822e-05	1242.49	1050	105	666.98	47.0506	47.0506	188.202	188.202	0 18074.9 8492.51 	26567.4	0.00208726	1.83835e-05	1050	1050	1050	0 1.26309e+06 627556 	1.89064e+06	6.49378	6.5039	12399	666.612	0.161484	0	1.02	1.02
444	0.00199997	8.72846e-05	1242.52	1050	105	666.955	47.0563	47.0563	188.225	188.225	0 18074.6 8493.07 	26567.7	0.00208726	1.83835e-05	1050	1050	1050	0 1.26309e+06 627555 	1.89064e+06	6.4938	6.5039	12399	666.612	0.161484	0	1.02	1.02
445	0.00199997	8.72869e-05	1242.55	1050	105	666.931	47.062	47.062	188.248	188.248	0 18074.3 8493.64 	26568	0.00208726	1.83835e-05	1050	1050	1050	0 1.26308e+06 627553 	1.89064e+06	6.49382	6.5039	12399	666.612	0.161485	0	1.02	1.02
446	0.00199997	8.72892e-05	1242.58	1050	105	666.907	47.0676	47.0676	188.271	188.271	0 18074 8494.2 	26568.2	0.00208726	1.83835e-05	1050	1050	1050	0 1.26308e+06 627552 	1.89063e+06	6.49384	6.5039	12399	666.612	0.161485	0	1.02	1.02
447	0.00199996	8.72916e-05	1242.62	1050	105	666.883	47.0733	47.0733	188.293	188.293	0 18073.8 8494.77 	26568.5	0.00208726	1.83835e-05	1050	1050	1050	0 1.26308e+06 627551 	1.89063e+06	6.49387	6.5039	12399	666.612	0.161486	0	1.02	1.02
448	0.00199996	8.72939e-05	1242.65	1050	105	666.859	47.0789	47.0789	188.316	188.316	0 18073.5 8495.33 	26568.8	0.00208726	1.83835e-05	1050	1050	1050	0 1.26308e+06 627549 	1.89062e+06	6.49389	6.5039	12399	666.612	0.161486	0	1.02	1.02
449	0.00199996	8.72962e-05	1242.68	1050	105	666.835	47.0846	47.0846	188.338	188.338	0 18073.2 8495.89 	26569.1	0.00208726	1.83835e-05	1050	1050	1050	0 1.26307e+06 627548 	1.89062e+06	6.49391	6.5039	12399	666.612	0.161487	0	1.02	1.02
450	0.00199996	8.72985e-05	1242.71	1050	105	666.811	47.0902	47.0902	188.361	188.361	0 18073 8496.45 	26569.4	0.00208726	1.83835e-05	1050	1050	1050	0 1.26307e+06 627547 	1.89062e+06	6.49394	6.5039	12399	666.612	0.161487	0	1.02	1.02
451	0.00199996	8.73009e-05	1242.75	1050	105	666.788	47.0958	47.0958	188.383	188.383	0 18072.7 8497.01 	26569.7	0.00208726	1.83835e-05	1050	1050	1050	0 1.26307e+06 627546 	1.89061e+06	6.49396	6.5039	12399	666.612	0.161488	0	1.02	1.02
452	0.00199995	8.73032e-05	1242.78	1050	105	666.764	47.1014	47.1014	188.405	188.405	0 18072.4 8497.57 	26570	0.00208726	1.83835e-05	1050	1050	1050	0 1.26306e+06 627544 	1.89061e+06	6.49398	6.5039	12399	666.612	0.161489	0	1.02	1.02
453	0.00199995	8.73055e-05	1242.81	1050	105	666.741	47.1069	47.1069	188.428	188.428	0 18072.2 8498.12 	26570.3	0.00208726	1.83835e-05	1050	1050	1050	0 1.26306e+06 627543 	1.89061e+06	6.49401	6.5039	12399	666.612	0.161489	0	1.02	1.02
454	0.00199995	8.73078e-05	1242.84	1050	105	666.717	47.1125	47.1125	188.45	188.45	0 18071.9 8498.68 	26570.6	0.00208726	1.83835e-05	1050	1050	1050	0 1.26306e+06 627542 	1.8906e+06	6.49403	6.5039	12399	666.612	0.16149	0	1.02	1.02
455	0.00199995	8.73101e-05	1242.87	1050	105	666.694	47.1181	47.1181	188.472	188.472	0 18071.6 8499.23 	26570.9	0.00208726	1.83835e-05	1050	1050	1050	0 1.26306e+06 627540 	1.8906e+06	6.49405	6.5039	12399	666.612	0.16149	0	1.02	1.02
456	0.00199994	8.73124e-05	1242.91	1050	105	666.671	47.1236	47.1236	188.494	188.494	0 18071.4 8499.78 	26571.2	0.00208726	1.83835e-05	1050	1050	1050	0 1.26305e+06 627539 	1.89059e+06	6.49407	6.5039	12399	666.612	0.161491	0	1.02	1.02
457	0.00199994	8.73147e-05	1242.94	1050	105	666.647	47.1291	47.1291	188.517	188.517	0 18071.1 8500.33 	26571.5	0.00208726	1.83835e-05	1050	1050	1050	0 1.26305e+06 627538 	1.89059e+06	6.4941	6.5039	12399	666.612	0.161491	0	1.02	1.02
458	0.00199994	8.73171e-05	1242.97	1050	105	666.624	47.1346	47.1346	188.539	188.539	0 18070.9 8500.89 	26571.7	0.00208726	1.83835e-05	1050	1050	1050	0 1.26305e+06 627536 	1.89059e+06	6.49412	6.5039	12399	666.612	0.161492	0	1.02	1.02
459	0.00199994	8.73194e-05	1243	1050	105	666.601	47.1401	47.1401	188.561	188.561	0 18070.6 8501.43 	26572	0.00208726	1.83835e-05	1050	1050	1050	0 1.26305e+06 627535 	1.89058e+06	6.49414	6.5039	12399	666.612	0.161492	0	1.02	1.02
460	0.00199993	8.73217e-05	1243.03	1050	105	666.579	47.1456	47.1456	188.583	188.583	0 18070.3 8501.98 	26572.3	0.00208726	1.83835e-05	1050	1050	1050	0 1.26304e+06 627534 	1.89058e+06	6.49416	6.5039	12399	666.612	0.161493	0	1.02	1.02
461	0.00199993	8.7324e-05	1243.07	1050	105	666.556	47.1511	47.1511	188.604	188.604	0 18070.1 8502.53 	26572.6	0.00208726	1.83835e-05	1050	1050	1050	0 1.26304e+06 627533 	1.89057e+06	6.49419	6.5039	12399	666.612	0.161494	0	1.02	1.02
462	0.00199993	8.73263e-05	1243.1	1050	105	666.533	47.1566	47.1566	188.626	188.626	0 18069.8 8503.08 	26572.9	0.00208726	1.83835e-05	1050	1050	1050	0 1.26304e+06 627531 	1.89057e+06	6.49421	6.5039	12399	666.612	0.161494	0	1.02	1.02
463	0.00199993	8.73285e-05	1243.13	1050	105	666.511	47.162	47.162	188.648	188.648	0 18069.6 8503.62 	26573.2	0.00208726	1.83835e-05	1050	1050	1050	0 1.26304e+06 627530 	1.89057e+06	6.49423	6.5039	12399	666.612	0.161495	0	1.02	1.02
464	0.00199992	8.73308e-05	1243.16	1050	105	666.488	47.1675	47.1675	188.67	188.67	0 18069.3 8504.16 	26573.5	0.00208726	1.83835e-05	1050	1050	1050	0 1.26303e+06 627529 	1.89056e+06	6.49425	6.5039	12399	666.612	0.161495	0	1.02	1.02
465	0.00199992	8.73331e-05	1243.19	1050	105	666.466	47.1729	47.1729	188.692	188.692	0 18069.1 8504.71 	26573.8	0.00208726	1.83835e-05	1050	1050	1050	0 1.26303e+06 627527 	1.89056e+06	6.49428	6.5039	12399	666.612	0.161496	0	1.02	1.02
466	0.00199992	8.73354e-05	1243.23	1050	105	666.443	47.1783	47.1783	188.713	188.713	0 18068.8 8505.25 	26574.1	0.00208726	1.83835e-05	1050	1050	1050	0 1.26303e+06 627526 	1.89055e+06	6.4943	6.5039	12399	666.612	0.161496	0	1.02	1.02
467	0.00199992	8.73377e-05	1243.26	1050	105	666.421	47.1837	47.1837	188.735	188.735	0 18068.5 8505.79 	26574.3	0.00208726	1.83835e-05	1050	1050	1050	0 1.26303e+06 627525 	1.89055e+06	6.49432	6.5039	12399	666.612	0.161497	0	1.02	1.02
468	0.00199992	8.734e-05	1243.29	1050	105	666.399	47.1891	47.1891	188.756	188.756	0 18068.3 8506.33 	26574.6	0.00208726	1.83835e-05	1050	1050	1050	0 1.26302e+06 627524 	1.89055e+06	6.49434	6.5039	12399	666.612	0.161497	0	1.02	1.02
469	0.00199991	8.73423e-05	1243.32	1050	105	666.377	47.1945	47.1945	188.778	188.778	0 18068 8506.86 	26574.9	0.00208726	1.83835e-05	1050	1050	1050	0 1.26302e+06 627522 	1.89054e+06	6.49437	6.5039	12399	666.612	0.161498	0	1.02	1.02
470	0.00199991	8.73445e-05	1243.35	1050	105	666.355	47.1999	47.1999	188.799	188.799	0 18067.8 8507.4 	26575.2	0.00208726	1.83835e-05	1050	1050	1050	0 1.26302e+06 627521 	1.89054e+06	6.49439	6.5039	12399	666.612	0.161498	0	1.02	1.02
471	0.00199991	8.73468e-05	1243.39	1050	105	666.333	47.2052	47.2052	188.821	188.821	0 18067.5 8507.94 	26575.5	0.00208726	1.83835e-05	1050	1050	1050	0 1.26302e+06 627520 	1.89053e+06	6.49441	6.5039	12399	666.612	0.161499	0	1.02	1.02
472	0.00199991	8.73491e-05	1243.42	1050	105	666.311	47.2105	47.2105	188.842	188.842	0 18067.3 8508.47 	26575.8	0.00208726	1.83835e-05	1050	1050	1050	0 1.26301e+06 627518 	1.89053e+06	6.49443	6.5039	12399	666.612	0.161499	0	1.02	1.02
473	0.0019999	8.73513e-05	1243.45	1050	105	666.289	47.2159	47.2159	188.864	188.864	0 18067 8509 	26576.1	0.00208726	1.83835e-05	1050	1050	1050	0 1.26301e+06 627517 	1.89053e+06	6.49446	6.5039	12399	666.612	0.1615	0	1.02	1.02
474	0.0019999	8.73536e-05	1243.48	1050	105	666.268	47.2212	47.2212	188.885	188.885	0 18066.8 8509.54 	26576.3	0.00208726	1.83835e-05	1050	1050	1050	0 1.26301e+06 627516 	1.89052e+06	6.49448	6.5039	12399	666.612	0.161501	0	1.02	1.02
475	0.0019999	8.73559e-05	1243.51	1050	105	666.246	47.2265	47.2265	188.906	188.906	0 18066.6 8510.07 	26576.6	0.00208726	1.83835e-05	1050	1050	1050	0 1.263e+06 627515 	1.89052e+06	6.4945	6.5039	12399	666.612	0.161501	0	1.02	1.02
476	0.0019999	8.73581e-05	1243.54	1050	105	666.225	47.2318	47.2318	188.927	188.927	0 18066.3 8510.6 	26576.9	0.00208726	1.83835e-05	1050	1050	1050	0 1.263e+06 627513 	1.89052e+06	6.49452	6.5039	12399	666.612	0.161502	0	1.02	1.02
477	0.00199989	8.73604e-05	1243.57	1050	105	666.203	47.2371	47.2371	188.948	188.948	0 18066.1 8511.13 	26577.2	0.00208726	1.83835e-05	1050	1050	1050	0 1.263e+06 627512 	1.89051e+06	6.49455	6.5039	12399	666.612	0.161502	0	1.02	1.02
478	0.00199989	8.73626e-05	1243.61	1050	105	666.182	47.2423	47.2423	188.969	188.969	0 18065.8 8511.65 	26577.5	0.00208726	1.83835e-05	1050	1050	1050	0 1.263e+06 627511 	1.89051e+06	6.49457	6.5039	12399	666.612	0.161503	0	1.02	1.02
479	0.00199989	8.73649e-05	1243.64	1050	105	666.161	47.2476	47.2476	188.99	188.99	0 18065.6 8512.18 	26577.8	0.00208726	1.83835e-05	1050	1050	1050	0 1.26299e+06 627509 	1.8905e+06	6.49459	6.5039	12399	666.612	0.161503	0	1.02	1.02
480	0.00199989	8.73671e-05	1243.67	1050	105	666.14	47.2528	47.2528	189.011	189.011	0 18065.3 8512.71 	26578	0.00208726	1.83835e-05	1050	1050	1050	0 1.26299e+06 627508 	1.8905e+06	6.49461	6.5039	12399	666.612	0.161504	0	1.02	1.02
481	0.00199989	8.73694e-05	1243.7	1050	105	666.119	47.2581	47.2581	189.032	189.032	0 18065.1 8513.23 	26578.3	0.00208726	1.83835e-05	1050	1050	1050	0 1.26299e+06 627507 	1.8905e+06	6.49463	6.5039	12399	666.612	0.161504	0	1.02	1.02
482	0.00199988	8.73716e-05	1243.73	1050	105	666.098	47.2633	47.2633	189.053	189.053	0 18064.8 8513.75 	26578.6	0.00208726	1.83835e-05	1050	1050	1050	0 1.26299e+06 627506 	1.89049e+06	6.49466	6.5039	12399	666.612	0.161505	0	1.02	1.02
483	0.00199988	8.73739e-05	1243.76	1050	105	666.077	47.2685	47.2685	189.074	189.074	0 18064.6 8514.27 	26578.9	0.00208726	1.83835e-05	1050	1050	1050	0 1.26298e+06 627504 	1.89049e+06	6.49468	6.5039	12399	666.612	0.161505	0	1.02	1.02
484	0.00199988	8.73761e-05	1243.79	1050	105	666.056	47.2737	47.2737	189.095	189.095	0 18064.4 8514.79 	26579.2	0.00208726	1.83835e-05	1050	1050	1050	0 1.26298e+06 627503 	1.89048e+06	6.4947	6.5039	12399	666.612	0.161506	0	1.02	1.02
485	0.00199988	8.73783e-05	1243.82	1050	105	666.035	47.2789	47.2789	189.115	189.115	0 18064.1 8515.31 	26579.4	0.00208726	1.83835e-05	1050	1050	1050	0 1.26298e+06 627502 	1.89048e+06	6.49472	6.5039	12399	666.612	0.161506	0	1.02	1.02
486	0.00199987	8.73805e-05	1243.85	1050	105	666.015	47.284	47.284	189.136	189.136	0 18063.9 8515.83 	26579.7	0.00208725	1.83835e-05	1050	1050	1050	0 1.26298e+06 627500 	1.89048e+06	6.49474	6.5039	12399	666.612	0.161507	0	1.02	1.02
487	0.00199987	8.73828e-05	1243.89	1050	105	665.994	47.2892	47.2892	189.157	189.157	0 18063.6 8516.35 	26580	0.00208725	1.83835e-05	1050	1050	1050	0 1.26297e+06 627499 	1.89047e+06	6.49477	6.5039	12399	666.612	0.161507	0	1.02	1.02
488	0.00199987	8.7385e-05	1243.92	1050	105	665.973	47.2943	47.2943	189.177	189.177	0 18063.4 8516.87 	26580.3	0.00208725	1.83835e-05	1050	1050	1050	0 1.26297e+06 627498 	1.89047e+06	6.49479	6.5039	12399	666.612	0.161508	0	1.02	1.02
489	0.00199987	8.73872e-05	1243.95	1050	105	665.953	47.2995	47.2995	189.198	189.198	0 18063.2 8517.38 	26580.6	0.00208725	1.83835e-05	1050	1050	1050	0 1.26297e+06 627497 	1.89046e+06	6.49481	6.5039	12399	666.612	0.161508	0	1.02	1.02
490	0.00199987	8.73894e-05	1243.98	1050	105	665.933	47.3046	47.3046	189.218	189.218	0 18062.9 8517.89 	26580.8	0.00208725	1.83835e-05	1050	1050	1050	0 1.26297e+06 627495 	1.89046e+06	6.49483	6.5039	12399	666.612	0.161509	0	1.02	1.02
491	0.00199986	8.73916e-05	1244.01	1050	105	665.912	47.3097	47.3097	189.239	189.239	0 18062.7 8518.41 	26581.1	0.00208725	1.83835e-05	1050	1050	1050	0 1.26296e+06 627494 	1.89046e+06	6.49485	6.5039	12399	666.612	0.161509	0	1.02	1.02
492	0.00199986	8.73939e-05	1244.04	1050	105	665.892	47.3148	47.3148	189.259	189.259	0 18062.5 8518.92 	26581.4	0.00208725	1.83835e-05	1050	1050	1050	0 1.26296e+06 627493 	1.89045e+06	6.49488	6.5039	12399	666.612	0.16151	0	1.02	1.02
493	0.00199986	8.73961e-05	1244.07	1050	105	665.872	47.3199	47.3199	189.28	189.28	0 18062.2 8519.43 	26581.7	0.00208725	1.83835e-05	1050	1050	1050	0 1.26296e+06 627491 	1.89045e+06	6.4949	6.5039	12399	666.612	0.16151	0	1.02	1.02
494	0.00199986	8.73983e-05	1244.1	1050	105	665.852	47.3249	47.3249	189.3	189.3	0 18062 8519.94 	26581.9	0.00208725	1.83835e-05	1050	1050	1050	0 1.26296e+06 627490 	1.89045e+06	6.49492	6.5039	12399	666.612	0.161511	0	1.02	1.02
495	0.00199985	8.74005e-05	1244.13	1050	105	665.832	47.33	47.33	189.32	189.32	0 18061.8 8520.45 	26582.2	0.00208725	1.83835e-05	1050	1050	1050	0 1.26295e+06 627489 	1.89044e+06	6.49494	6.5039	12399	666.612	0.161511	0	1.02	1.02
496	0.00199985	8.74027e-05	1244.16	1050	105	665.812	47.3351	47.3351	189.34	189.34	0 18061.5 8520.95 	26582.5	0.00208725	1.83835e-05	1050	1050	1050	0 1.26295e+06 627488 	1.89044e+06	6.49496	6.5039	12399	666.612	0.161512	0	1.02	1.02
497	0.00199985	8.74049e-05	1244.19	1050	105	665.792	47.3401	47.3401	189.36	189.36	0 18061.3 8521.46 	26582.8	0.00208725	1.83835e-05	1050	1050	1050	0 1.26295e+06 627486 	1.89043e+06	6.49498	6.5039	12399	666.612	0.161512	0	1.02	1.02
498	0.00199985	8.7407e-05	1244.22	1050	105	665.773	47.3451	47.3451	189.38	189.38	0 18061.1 8521.96 	26583	0.00208725	1.83835e-05	1050	1050	1050	0 1.26294e+06 627485 	1.89043e+06	6.49501	6.5039	12399	666.612	0.161513	0	1.02	1.02
499	0.00199985	8.74092e-05	1244.25	1050	105	665.753	47.3501	47.3501	189.401	189.401	0 18060.9 8522.47 	26583.3	0.00208725	1.83835e-05	1050	1050	1050	0 1.26294e+06 627484 	1.89043e+06	6.49503	6.5039	12399	666.612	0.161513	0	1.02	1.02
500	0.00199984	8.74114e-05	1244.28	1050	105	665.733	47.3551	47.3551	189.421	189.421	0 18060.6 8522.97 	26583.6	0.00208725	1.83835e-05	1050	1050	1050	0 1.26294e+06 627483 	1.89042e+06	6.49505	6.5039	12399	666.612	0.161514	0	1.02	1.02
501	0.00199984	8.74136e-05	1244.32	1050	105	665.714	47.3601	47.3601	189.44	189.44	0 18060.4 8523.47 	26583.9	0.00208725	1.83835e-05	1050	1050	1050	0 1.26294e+06 627481 	1.89042e+06	6.49507	6.5039	12399	666.612	0.161514	0	1.02	1.02
502	0.00199984	8.74158e-05	1244.35	1050	105	665.694	47.3651	47.3651	189.46	189.46	0 18060.2 8523.97 	26584.1	0.00208725	1.83835e-05	1050	1050	1050	0 1.26293e+06 627480 	1.89041e+06	6.49509	6.5039	12399	666.612	0.161515	0	1.02	1.02
503	0.00199984	8.7418e-05	1244.38	1050	105	665.675	47.3701	47.3701	189.48	189.48	0 18059.9 8524.47 	26584.4	0.00208725	1.83835e-05	1050	1050	1050	0 1.26293e+06 627479 	1.89041e+06	6.49511	6.5039	12399	666.612	0.161515	0	1.02	1.02
504	0.00199983	8.74201e-05	1244.41	1050	105	665.656	47.375	47.375	189.5	189.5	0 18059.7 8524.97 	26584.7	0.00208725	1.83836e-05	1050	1050	1050	0 1.26293e+06 627477 	1.89041e+06	6.49514	6.5039	12399	666.612	0.161516	0	1.02	1.02
505	0.00199983	8.74223e-05	1244.44	1050	105	665.637	47.38	47.38	189.52	189.52	0 18059.5 8525.47 	26585	0.00208725	1.83836e-05	1050	1050	1050	0 1.26293e+06 627476 	1.8904e+06	6.49516	6.5039	12399	666.612	0.161516	0	1.02	1.02
506	0.00199983	8.74245e-05	1244.47	1050	105	665.617	47.3849	47.3849	189.54	189.54	0 18059.3 8525.96 	26585.2	0.00208725	1.83836e-05	1050	1050	1050	0 1.26292e+06 627475 	1.8904e+06	6.49518	6.5039	12399	666.612	0.161517	0	1.02	1.02
507	0.00199983	8.74266e-05	1244.5	1050	105	665.598	47.3898	47.3898	189.559	189.559	0 18059 8526.46 	26585.5	0.00208725	1.83836e-05	1050	1050	1050	0 1.26292e+06 627474 	1.8904e+06	6.4952	6.5039	12399	666.612	0.161517	0	1.02	1.02
508	0.00199983	8.74288e-05	1244.53	1050	105	665.579	47.3947	47.3947	189.579	189.579	0 18058.8 8526.95 	26585.8	0.00208725	1.83836e-05	1050	1050	1050	0 1.26292e+06 627472 	1.89039e+06	6.49522	6.5039	12399	666.612	0.161518	0	1.02	1.02
509	0.00199982	8.74309e-05	1244.56	1050	105	665.56	47.3996	47.3996	189.598	189.598	0 18058.6 8527.44 	26586	0.00208725	1.83836e-05	1050	1050	1050	0 1.26292e+06 627471 	1.89039e+06	6.49524	6.5039	12399	666.612	0.161518	0	1.02	1.02
510	0.00199982	8.74331e-05	1244.59	1050	105	665.541	47.4045	47.4045	189.618	189.618	0 18058.4 8527.93 	26586.3	0.00208725	1.83836e-05	1050	1050	1050	0 1.26291e+06 627470 	1.89038e+06	6.49526	6.5039	12399	666.612	0.161519	0	1.02	1.02
511	0.00199982	8.74352e-05	1244.62	1050	105	665.523	47.4093	47.4093	189.637	189.637	0 18058.2 8528.42 	26586.6	0.00208725	1.83836e-05	1050	1050	1050	0 1.26291e+06 627469 	1.89038e+06	6.49528	6.5039	12399	666.612	0.161519	0	1.02	1.02
512	0.00199982	8.74374e-05	1244.65	1050	105	665.504	47.4142	47.4142	189.657	189.657	0 18057.9 8528.91 	26586.9	0.00208725	1.83836e-05	1050	1050	1050	0 1.26291e+06 627467 	1.89038e+06	6.49531	6.5039	12399	666.612	0.16152	0	1.02	1.02
513	0.00199981	8.74395e-05	1244.68	1050	105	665.485	47.419	47.419	189.676	189.676	0 18057.7 8529.4 	26587.1	0.00208725	1.83836e-05	1050	1050	1050	0 1.26291e+06 627466 	1.89037e+06	6.49533	6.5039	12399	666.612	0.16152	0	1.02	1.02
514	0.00199981	8.74416e-05	1244.71	1050	105	665.467	47.4239	47.4239	189.696	189.696	0 18057.5 8529.89 	26587.4	0.00208725	1.83836e-05	1050	1050	1050	0 1.2629e+06 627465 	1.89037e+06	6.49535	6.5039	12399	666.612	0.16152	0	1.02	1.02
515	0.00199981	8.74438e-05	1244.74	1050	105	665.448	47.4287	47.4287	189.715	189.715	0 18057.3 8530.37 	26587.7	0.00208725	1.83836e-05	1050	1050	1050	0 1.2629e+06 627464 	1.89037e+06	6.49537	6.5039	12399	666.612	0.161521	0	1.02	1.02
516	0.00199981	8.74459e-05	1244.76	1050	105	665.43	47.4335	47.4335	189.734	189.734	0 18057.1 8530.85 	26587.9	0.00208725	1.83836e-05	1050	1050	1050	0 1.2629e+06 627462 	1.89036e+06	6.49539	6.5039	12399	666.612	0.161521	0	1.02	1.02
517	0.00199981	8.7448e-05	1244.79	1050	105	665.411	47.4383	47.4383	189.753	189.753	0 18056.9 8531.34 	26588.2	0.00208725	1.83836e-05	1050	1050	1050	0 1.2629e+06 627461 	1.89036e+06	6.49541	6.5039	12399	666.612	0.161522	0	1.02	1.02
518	0.0019998	8.74502e-05	1244.82	1050	105	665.393	47.4431	47.4431	189.772	189.772	0 18056.6 8531.82 	26588.5	0.00208725	1.83836e-05	1050	1050	1050	0 1.26289e+06 627460 	1.89035e+06	6.49543	6.5039	12399	666.612	0.161522	0	1.02	1.02
519	0.0019998	8.74523e-05	1244.85	1050	105	665.375	47.4479	47.4479	189.792	189.792	0 18056.4 8532.3 	26588.7	0.00208725	1.83836e-05	1050	1050	1050	0 1.26289e+06 627459 	1.89035e+06	6.49545	6.5039	12399	666.612	0.161523	0	1.02	1.02
520	0.0019998	8.74544e-05	1244.88	1050	105	665.357	47.4526	47.4526	189.811	189.811	0 18056.2 8532.78 	26589	0.00208725	1.83836e-05	1050	1050	1050	0 1.26289e+06 627457 	1.89035e+06	6.49547	6.5039	12399	666.612	0.161523	0	1.02	1.02
521	0.0019998	8.74565e-05	1244.91	1050	105	665.339	47.4574	47.4574	189.83	189.83	0 18056 8533.26 	26589.3	0.00208725	1.83836e-05	1050	1050	1050	0 1.26289e+06 627456 	1.89034e+06	6.49549	6.5039	12399	666.612	0.161524	0	1.02	1.02
522	0.0019998	8.74586e-05	1244.94	1050	105	665.32	47.4621	47.4621	189.849	189.849	0 18055.8 8533.74 	26589.5	0.00208725	1.83836e-05	1050	1050	1050	0 1.26288e+06 627455 	1.89034e+06	6.49552	6.5039	12399	666.612	0.161524	0	1.02	1.02
523	0.00199979	8.74607e-05	1244.97	1050	105	665.302	47.4669	47.4669	189.867	189.867	0 18055.6 8534.21 	26589.8	0.00208725	1.83836e-05	1050	1050	1050	0 1.26288e+06 627454 	1.89034e+06	6.49554	6.5039	12399	666.612	0.161525	0	1.02	1.02
524	0.00199979	8.74628e-05	1245	1050	105	665.285	47.4716	47.4716	189.886	189.886	0 18055.4 8534.69 	26590.1	0.00208725	1.83836e-05	1050	1050	1050	0 1.26288e+06 627452 	1.89033e+06	6.49556	6.5039	12399	666.612	0.161525	0	1.02	1.02
525	0.00199979	8.74649e-05	1245.03	1050	105	665.267	47.4763	47.4763	189.905	189.905	0 18055.2 8535.16 	26590.3	0.00208725	1.83836e-05	1050	1050	1050	0 1.26288e+06 627451 	1.89033e+06	6.49558	6.5039	12399	666.612	0.161526	0	1.02	1.02
526	0.00199979	8.7467e-05	1245.06	1050	105	665.249	47.481	47.481	189.924	189.924	0 18054.9 8535.64 	26590.6	0.00208725	1.83836e-05	1050	1050	1050	0 1.26287e+06 627450 	1.89032e+06	6.4956	6.5039	12399	666.612	0.161526	0	1.02	1.02
527	0.00199978	8.74691e-05	1245.09	1050	105	665.231	47.4857	47.4857	189.943	189.943	0 18054.7 8536.11 	26590.8	0.00208725	1.83836e-05	1050	1050	1050	0 1.26287e+06 627449 	1.89032e+06	6.49562	6.5039	12399	666.612	0.161526	0	1.02	1.02
528	0.00199978	8.74712e-05	1245.12	1050	105	665.214	47.4903	47.4903	189.961	189.961	0 18054.5 8536.58 	26591.1	0.00208725	1.83836e-05	1050	1050	1050	0 1.26287e+06 627448 	1.89032e+06	6.49564	6.5039	12399	666.612	0.161527	0	1.02	1.02
529	0.00199978	8.74733e-05	1245.15	1050	105	665.196	47.495	47.495	189.98	189.98	0 18054.3 8537.05 	26591.4	0.00208725	1.83836e-05	1050	1050	1050	0 1.26287e+06 627446 	1.89031e+06	6.49566	6.5039	12399	666.612	0.161527	0	1.02	1.02
530	0.00199978	8.74754e-05	1245.17	1050	105	665.178	47.4996	47.4996	189.999	189.999	0 18054.1 8537.52 	26591.6	0.00208725	1.83836e-05	1050	1050	1050	0 1.26286e+06 627445 	1.89031e+06	6.49568	6.5039	12399	666.612	0.161528	0	1.02	1.02
531	0.00199978	8.74774e-05	1245.2	1050	105	665.161	47.5043	47.5043	190.017	190.017	0 18053.9 8537.99 	26591.9	0.00208725	1.83836e-05	1050	1050	1050	0 1.26286e+06 627444 	1.89031e+06	6.4957	6.5039	12399	666.612	0.161528	0	1.02	1.02
532	0.00199977	8.74795e-05	1245.23	1050	105	665.144	47.5089	47.5089	190.036	190.036	0 18053.7 8538.45 	26592.1	0.00208725	1.83836e-05	1050	1050	1050	0 1.26286e+06 627443 	1.8903e+06	6.49572	6.5039	12399	666.612	0.161529	0	1.02	1.02
533	0.00199977	8.74816e-05	1245.26	1050	105	665.126	47.5135	47.5135	190.054	190.054	0 18053.5 8538.92 	26592.4	0.00208725	1.83836e-05	1050	1050	1050	0 1.26286e+06 627441 	1.8903e+06	6.49574	6.5039	12399	666.612	0.161529	0	1.02	1.02
534	0.00199977	8.74836e-05	1245.29	1050	105	665.109	47.5181	47.5181	190.072	190.072	0 18053.3 8539.38 	26592.7	0.00208725	1.83836e-05	1050	1050	1050	0 1.26285e+06 627440 	1.89029e+06	6.49576	6.5039	12399	666.612	0.16153	0	1.02	1.02
535	0.00199977	8.74857e-05	1245.32	1050	105	665.092	47.5227	47.5227	190.091	190.091	0 18053.1 8539.85 	26592.9	0.00208725	1.83836e-05	1050	1050	1050	0 1.26285e+06 627439 	1.89029e+06	6.49578	6.5039	12399	666.612	0.16153	0	1.02	1.02
536	0.00199977	8.74878e-05	1245.35	1050	105	665.075	47.5273	47.5273	190.109	190.109	0 18052.9 8540.31 	26593.2	0.00208725	1.83836e-05	1050	1050	1050	0 1.26285e+06 627438 	1.89029e+06	6.4958	6.5039	12399	666.612	0.161531	0	1.02	1.02
537	0.00199976	8.74898e-05	1245.38	1050	105	665.058	47.5319	47.5319	190.127	190.127	0 18052.7 8540.77 	26593.4	0.00208725	1.83836e-05	1050	1050	1050	0 1.26285e+06 627436 	1.89028e+06	6.49582	6.5039	12399	666.612	0.161531	0	1.02	1.02
538	0.00199976	8.74919e-05	1245.4	1050	105	665.041	47.5364	47.5364	190.146	190.146	0 18052.5 8541.23 	26593.7	0.00208725	1.83836e-05	1050	1050	1050	0 1.26284e+06 627435 	1.89028e+06	6.49584	6.5039	12399	666.612	0.161531	0	1.02	1.02
539	0.00199976	8.74939e-05	1245.43	1050	105	665.024	47.541	47.541	190.164	190.164	0 18052.3 8541.69 	26594	0.00208725	1.83836e-05	1050	1050	1050	0 1.26284e+06 627434 	1.89028e+06	6.49586	6.5039	12399	666.612	0.161532	0	1.02	1.02
540	0.00199976	8.7496e-05	1245.46	1050	105	665.007	47.5455	47.5455	190.182	190.182	0 18052.1 8542.14 	26594.2	0.00208725	1.83836e-05	1050	1050	1050	0 1.26284e+06 627433 	1.89027e+06	6.49588	6.5039	12399	666.612	0.161532	0	1.02	1.02
541	0.00199976	8.7498e-05	1245.49	1050	105	664.99	47.55	47.55	190.2	190.2	0 18051.9 8542.6 	26594.5	0.00208725	1.83836e-05	1050	1050	1050	0 1.26284e+06 627432 	1.89027e+06	6.4959	6.5039	12399	666.612	0.161533	0	1.02	1.02
542	0.00199975	8.75e-05	1245.52	1050	105	664.973	47.5545	47.5545	190.218	190.218	0 18051.7 8543.06 	26594.7	0.00208725	1.83836e-05	1050	1050	1050	0 1.26283e+06 627430 	1.89026e+06	6.49592	6.5039	12399	666.612	0.161533	0	1.02	1.02
543	0.00199975	8.75021e-05	1245.55	1050	105	664.956	47.559	47.559	190.236	190.236	0 18051.5 8543.51 	26595	0.00208725	1.83836e-05	1050	1050	1050	0 1.26283e+06 627429 	1.89026e+06	6.49594	6.5039	12399	666.612	0.161534	0	1.02	1.02
544	0.00199975	8.75041e-05	1245.57	1050	105	664.94	47.5635	47.5635	190.254	190.254	0 18051.3 8543.96 	26595.2	0.00208725	1.83836e-05	1050	1050	1050	0 1.26283e+06 627428 	1.89026e+06	6.49596	6.5039	12399	666.612	0.161534	0	1.02	1.02
545	0.00199975	8.75061e-05	1245.6	1050	105	664.923	47.568	47.568	190.272	190.272	0 18051.1 8544.42 	26595.5	0.00208725	1.83836e-05	1050	1050	1050	0 1.26283e+06 627427 	1.89025e+06	6.49598	6.5039	12399	666.612	0.161534	0	1.02	1.02
546	0.00199975	8.75081e-05	1245.63	1050	105	664.907	47.5725	47.5725	190.29	190.29	0 18050.9 8544.87 	26595.7	0.00208725	1.83836e-05	1050	1050	1050	0 1.26282e+06 627426 	1.89025e+06	6.496	6.5039	12399	666.612	0.161535	0	1.02	1.02
547	0.00199974	8.75102e-05	1245.66	1050	105	664.89	47.5769	47.5769	190.308	190.308	0 18050.7 8545.32 	26596	0.00208725	1.83836e-05	1050	1050	1050	0 1.26282e+06 627424 	1.89025e+06	6.49602	6.5039	12399	666.612	0.161535	0	1.02	1.02
548	0.00199974	8.75122e-05	1245.69	1050	105	664.874	47.5813	47.5813	190.325	190.325	0 18050.5 8545.77 	26596.2	0.00208725	1.83836e-05	1050	1050	1050	0 1.26282e+06 627423 	1.89024e+06	6.49604	6.5039	12399	666.612	0.161536	0	1.02	1.02
549	0.00199974	8.75142e-05	1245.72	1050	105	664.858	47.5858	47.5858	190.343	190.343	0 18050.3 8546.21 	26596.5	0.00208725	1.83836e-05	1050	1050	1050	0 1.26282e+06 627422 	1.89024e+06	6.49606	6.5039	12399	666.612	0.161536	0	1.02	1.02
550	0.00199974	8.75162e-05	1245.74	1050	105	664.841	47.5902	47.5902	190.361	190.361	0 18050.1 8546.66 	26596.8	0.00208725	1.83836e-05	1050	1050	1050	0 1.26281e+06 627421 	1.89024e+06	6.49608	6.5039	12399	666.612	0.161537	0	1.02	1.02
551	0.00199974	8.75182e-05	1245.77	1050	105	664.825	47.5946	47.5946	190.378	190.378	0 18049.9 8547.11 	26597	0.00208725	1.83836e-05	1050	1050	1050	0 1.26281e+06 627420 	1.89023e+06	6.4961	6.5039	12399	666.612	0.161537	0	1.02	1.02
552	0.00199973	8.75202e-05	1245.8	1050	105	664.809	47.599	47.599	190.396	190.396	0 18049.7 8547.55 	26597.3	0.00208725	1.83836e-05	1050	1050	1050	0 1.26281e+06 627418 	1.89023e+06	6.49612	6.5039	12399	666.612	0.161537	0	1.02	1.02
553	0.00199973	8.75222e-05	1245.83	1050	105	664.793	47.6034	47.6034	190.414	190.414	0 18049.5 8547.99 	26597.5	0.00208725	1.83836e-05	1050	1050	1050	0 1.26281e+06 627417 	1.89022e+06	6.49614	6.5039	12399	666.612	0.161538	0	1.02	1.02
554	0.00199973	8.75242e-05	1245.85	1050	105	664.777	47.6078	47.6078	190.431	190.431	0 18049.3 8548.44 	26597.8	0.00208725	1.83836e-05	1050	1050	1050	0 1.26281e+06 627416 	1.89022e+06	6.49616	6.5039	12399	666.612	0.161538	0	1.02	1.02
555	0.00199973	8.75262e-05	1245.88	1050	105	664.761	47.6121	47.6121	190.449	190.449	0 18049.1 8548.88 	26598	0.00208725	1.83836e-05	1050	1050	1050	0 1.2628e+06 627415 	1.89022e+06	6.49618	6.5039	12399	666.612	0.161539	0	1.02	1.02
556	0.00199972	8.75281e-05	1245.91	1050	105	664.745	47.6165	47.6165	190.466	190.466	0 18048.9 8549.32 	26598.3	0.00208725	1.83836e-05	1050	1050	1050	0 1.2628e+06 627414 	1.89021e+06	6.4962	6.5039	12399	666.612	0.161539	0	1.02	1.02
557	0.00199972	8.75301e-05	1245.94	1050	105	664.729	47.6208	47.6208	190.483	190.483	0 18048.7 8549.76 	26598.5	0.00208725	1.83836e-05	1050	1050	1050	0 1.2628e+06 627412 	1.89021e+06	6.49622	6.5039	12399	666.612	0.16154	0	1.02	1.02
558	0.00199972	8.75321e-05	1245.96	1050	105	664.713	47.6252	47.6252	190.501	190.501	0 18048.6 8550.2 	26598.7	0.00208725	1.83836e-05	1050	1050	1050	0 1.2628e+06 627411 	1.89021e+06	6.49624	6.5039	12399	666.612	0.16154	0	1.02	1.02
559	0.00199972	8.75341e-05	1245.99	1050	105	664.697	47.6295	47.6295	190.518	190.518	0 18048.4 8550.63 	26599	0.00208725	1.83836e-05	1050	1050	1050	0 1.26279e+06 627410 	1.8902e+06	6.49626	6.5039	12399	666.612	0.16154	0	1.02	1.02
560	0.00199972	8.7536e-05	1246.02	1050	105	664.682	47.6338	47.6338	190.535	190.535	0 18048.2 8551.07 	26599.2	0.00208725	1.83836e-05	1050	1050	1050	0 1.26279e+06 627409 	1.8902e+06	6.49628	6.5039	12399	666.612	0.161541	0	1.02	1.02
561	0.00199971	8.7538e-05	1246.05	1050	105	664.666	47.6381	47.6381	190.552	190.552	0 18048 8551.5 	26599.5	0.00208725	1.83836e-05	1050	1050	1050	0 1.26279e+06 627408 	1.8902e+06	6.4963	6.5039	12399	666.612	0.161541	0	1.02	1.02
562	0.00199971	8.754e-05	1246.07	1050	105	664.65	47.6424	47.6424	190.57	190.57	0 18047.8 8551.94 	26599.7	0.00208725	1.83836e-05	1050	1050	1050	0 1.26279e+06 627407 	1.89019e+06	6.49632	6.5039	12399	666.612	0.161542	0	1.02	1.02
563	0.00199971	8.75419e-05	1246.1	1050	105	664.635	47.6467	47.6467	190.587	190.587	0 18047.6 8552.37 	26600	0.00208725	1.83836e-05	1050	1050	1050	0 1.26278e+06 627405 	1.89019e+06	6.49634	6.5039	12399	666.612	0.161542	0	1.02	1.02
564	0.00199971	8.75439e-05	1246.13	1050	105	664.619	47.6509	47.6509	190.604	190.604	0 18047.4 8552.8 	26600.2	0.00208725	1.83836e-05	1050	1050	1050	0 1.26278e+06 627404 	1.89019e+06	6.49636	6.5039	12399	666.612	0.161542	0	1.02	1.02
565	0.00199971	8.75458e-05	1246.16	1050	105	664.604	47.6552	47.6552	190.621	190.621	0 18047.2 8553.23 	26600.5	0.00208725	1.83836e-05	1050	1050	1050	0 1.26278e+06 627403 	1.89018e+06	6.49638	6.5039	12399	666.612	0.161543	0	1.02	1.02
566	0.00199971	8.75478e-05	1246.18	1050	105	664.588	47.6594	47.6594	190.638	190.638	0 18047.1 8553.66 	26600.7	0.00208725	1.83836e-05	1050	1050	1050	0 1.26278e+06 627402 	1.89018e+06	6.49639	6.5039	12399	666.612	0.161543	0	1.02	1.02
567	0.0019997	8.75497e-05	1246.21	1050	105	664.573	47.6637	47.6637	190.655	190.655	0 18046.9 8554.09 	26601	0.00208725	1.83836e-05	1050	1050	1050	0 1.26277e+06 627401 	1.89017e+06	6.49641	6.5039	12399	666.612	0.161544	0	1.02	1.02
568	0.0019997	8.75516e-05	1246.24	1050	105	664.558	47.6679	47.6679	190.672	190.672	0 18046.7 8554.52 	26601.2	0.00208725	1.83836e-05	1050	1050	1050	0 1.26277e+06 627400 	1.89017e+06	6.49643	6.5039	12399	666.612	0.161544	0	1.02	1.02
569	0.0019997	8.75536e-05	1246.26	1050	105	664.543	47.6721	47.6721	190.688	190.688	0 18046.5 8554.95 	26601.4	0.00208725	1.83836e-05	1050	1050	1050	0 1.26277e+06 627398 	1.89017e+06	6.49645	6.5039	12399	666.612	0.161545	0	1.02	1.02
570	0.0019997	8.75555e-05	1246.29	1050	105	664.528	47.6763	47.6763	190.705	190.705	0 18046.3 8555.37 	26601.7	0.00208725	1.83836e-05	1050	1050	1050	0 1.26277e+06 627397 	1.89016e+06	6.49647	6.5039	12399	666.612	0.161545	0	1.02	1.02
571	0.0019997	8.75574e-05	1246.32	1050	105	664.512	47.6805	47.6805	190.722	190.722	0 18046.1 8555.79 	26601.9	0.00208725	1.83836e-05	1050	1050	1050	0 1.26276e+06 627396 	1.89016e+06	6.49649	6.5039	12399	666.612	0.161545	0	1.02	1.02
572	0.00199969	8.75594e-05	1246.34	1050	105	664.497	47.6847	47.6847	190.739	190.739	0 18046 8556.22 	26602.2	0.00208725	1.83836e-05	1050	1050	1050	0 1.26276e+06 627395 	1.89016e+06	6.49651	6.5039	12399	666.612	0.161546	0	1.02	1.02
573	0.00199969	8.75613e-05	1246.37	1050	105	664.482	47.6889	47.6889	190.755	190.755	0 18045.8 8556.64 	26602.4	0.00208725	1.83836e-05	1050	1050	1050	0 1.26276e+06 627394 	1.89015e+06	6.49653	6.5039	12399	666.612	0.161546	0	1.02	1.02
574	0.00199969	8.75632e-05	1246.4	1050	105	664.467	47.693	47.693	190.772	190.772	0 18045.6 8557.06 	26602.7	0.00208725	1.83836e-05	1050	1050	1050	0 1.26276e+06 627393 	1.89015e+06	6.49655	6.5039	12399	666.612	0.161547	0	1.02	1.02
575	0.00199969	8.75651e-05	1246.42	1050	105	664.453	47.6972	47.6972	190.789	190.789	0 18045.4 8557.48 	26602.9	0.00208725	1.83836e-05	1050	1050	1050	0 1.26276e+06 627391 	1.89015e+06	6.49657	6.5039	12399	666.612	0.161547	0	1.02	1.02
576	0.00199969	8.7567e-05	1246.45	1050	105	664.438	47.7013	47.7013	190.805	190.805	0 18045.2 8557.9 	26603.1	0.00208725	1.83836e-05	1050	1050	1050	0 1.26275e+06 627390 	1.89014e+06	6.49658	6.5039	12399	666.612	0.161547	0	1.02	1.02
577	0.00199968	8.75689e-05	1246.48	1050	105	664.423	47.7054	47.7054	190.822	190.822	0 18045.1 8558.32 	26603.4	0.00208725	1.83836e-05	1050	1050	1050	0 1.26275e+06 627389 	1.89014e+06	6.4966	6.5039	12399	666.612	0.161548	0	1.02	1.02
578	0.00199968	8.75708e-05	1246.5	1050	105	664.408	47.7095	47.7095	190.838	190.838	0 18044.9 8558.74 	26603.6	0.00208725	1.83836e-05	1050	1050	1050	0 1.26275e+06 627388 	1.89014e+06	6.49662	6.5039	12399	666.612	0.161548	0	1.02	1.02
579	0.00199968	8.75727e-05	1246.53	1050	105	664.393	47.7137	47.7137	190.855	190.855	0 18044.7 8559.15 	26603.8	0.00208725	1.83836e-05	1050	1050	1050	0 1.26275e+06 627387 	1.89013e+06	6.49664	6.5039	12399	666.612	0.161548	0	1.02	1.02
580	0.00199968	8.75746e-05	1246.56	1050	105	664.379	47.7177	47.7177	190.871	190.871	0 18044.5 8559.57 	26604.1	0.00208725	1.83836e-05	1050	1050	1050	0 1.26274e+06 627386 	1.89013e+06	6.49666	6.5039	12399	666.612	0.161549	0	1.02	1.02
581	0.00199968	8.75765e-05	1246.58	1050	105	664.364	47.7218	47.7218	190.887	190.887	0 18044.3 8559.98 	26604.3	0.00208725	1.83836e-05	1050	1050	1050	0 1.26274e+06 627385 	1.89013e+06	6.49668	6.5039	12399	666.612	0.161549	0	1.02	1.02
582	0.00199967	8.75784e-05	1246.61	1050	105	664.35	47.7259	47.7259	190.904	190.904	0 18044.2 8560.39 	26604.6	0.00208725	1.83836e-05	1050	1050	1050	0 1.26274e+06 627383 	1.89012e+06	6.4967	6.5039	12399	666.612	0.16155	0	1.02	1.02
583	0.00199967	8.75802e-05	1246.63	1050	105	664.335	47.73	47.73	190.92	190.92	0 18044 8560.8 	26604.8	0.00208725	1.83836e-05	1050	1050	1050	0 1.26274e+06 627382 	1.89012e+06	6.49672	6.5039	12399	666.612	0.16155	0	1.02	1.02
584	0.00199967	8.75821e-05	1246.66	1050	105	664.321	47.734	47.734	190.936	190.936	0 18043.8 8561.22 	26605	0.00208725	1.83836e-05	1050	1050	1050	0 1.26273e+06 627381 	1.89012e+06	6.49673	6.5039	12399	666.612	0.16155	0	1.02	1.02
585	0.00199967	8.7584e-05	1246.69	1050	105	664.306	47.7381	47.7381	190.952	190.952	0 18043.6 8561.63 	26605.3	0.00208725	1.83836e-05	1050	1050	1050	0 1.26273e+06 627380 	1.89011e+06	6.49675	6.5039	12399	666.612	0.161551	0	1.02	1.02
586	0.00199967	8.75859e-05	1246.71	1050	105	664.292	47.7421	47.7421	190.968	190.968	0 18043.5 8562.03 	26605.5	0.00208725	1.83836e-05	1050	1050	1050	0 1.26273e+06 627379 	1.89011e+06	6.49677	6.5039	12399	666.612	0.161551	0	1.02	1.02
587	0.00199966	8.75877e-05	1246.74	1050	105	664.278	47.7461	47.7461	190.984	190.984	0 18043.3 8562.44 	26605.7	0.00208725	1.83836e-05	1050	1050	1050	0 1.26273e+06 627378 	1.89011e+06	6.49679	6.5039	12399	666.612	0.161552	0	1.02	1.02
588	0.00199966	8.75896e-05	1246.76	1050	105	664.264	47.7501	47.7501	191.001	191.001	0 18043.1 8562.85 	26606	0.00208725	1.83836e-05	1050	1050	1050	0 1.26273e+06 627377 	1.8901e+06	6.49681	6.5039	12399	666.612	0.161552	0	1.02	1.02
589	0.00199966	8.75914e-05	1246.79	1050	105	664.249	47.7541	47.7541	191.017	191.017	0 18042.9 8563.25 	26606.2	0.00208725	1.83836e-05	1050	1050	1050	0 1.26272e+06 627375 	1.8901e+06	6.49683	6.5039	12399	666.612	0.161552	0	1.02	1.02
590	0.00199966	8.75933e-05	1246.82	1050	105	664.235	47.7581	47.7581	191.032	191.032	0 18042.8 8563.66 	26606.4	0.00208725	1.83836e-05	1050	1050	1050	0 1.26272e+06 627374 	1.89009e+06	6.49684	6.5039	12399	666.612	0.161553	0	1.02	1.02
591	0.00199966	8.75951e-05	1246.84	1050	105	664.221	47.7621	47.7621	191.048	191.048	0 18042.6 8564.06 	26606.7	0.00208725	1.83836e-05	1050	1050	1050	0 1.26272e+06 627373 	1.89009e+06	6.49686	6.5039	12399	666.612	0.161553	0	1.02	1.02
592	0.00199966	8.7597e-05	1246.87	1050	105	664.207	47.7661	47.7661	191.064	191.064	0 18042.4 8564.46 	26606.9	0.00208725	1.83836e-05	1050	1050	1050	0 1.26272e+06 627372 	1.89009e+06	6.49688	6.5039	12399	666.612	0.161554	0	1.02	1.02
593	0.00199965	8.75988e-05	1246.89	1050	105	664.193	47.77	47.77	191.08	191.08	0 18042.3 8564.87 	26607.1	0.00208725	1.83836e-05	1050	1050	1050	0 1.26271e+06 627371 	1.89008e+06	6.4969	6.5039	12399	666.612	0.161554	0	1.02	1.02
594	0.00199965	8.76007e-05	1246.92	1050	105	664.179	47.774	47.774	191.096	191.096	0 18042.1 8565.27 	26607.4	0.00208725	1.83836e-05	1050	1050	1050	0 1.26271e+06 627370 	1.89008e+06	6.49692	6.5039	12399	666.612	0.161554	0	1.02	1.02
595	0.00199965	8.76025e-05	1246.94	1050	105	664.165	47.7779	47.7779	191.112	191.112	0 18041.9 8565.67 	26607.6	0.00208725	1.83836e-05	1050	1050	1050	0 1.26271e+06 627369 	1.89008e+06	6.49694	6.5039	12399	666.612	0.161555	0	1.02	1.02
596	0.00199965	8.76043e-05	1246.97	1050	105	664.152	47.7819	47.7819	191.127	191.127	0 18041.8 8566.06 	26607.8	0.00208725	1.83836e-05	1050	1050	1050	0 1.26271e+06 627368 	1.89007e+06	6.49695	6.5039	12399	666.612	0.161555	0	1.02	1.02
597	0.00199965	8.76061e-05	1247	1050	105	664.138	47.7858	47.7858	191.143	191.143	0 18041.6 8566.46 	26608	0.00208725	1.83836e-05	1050	1050	1050	0 1.2627e+06 627367 	1.89007e+06	6.49697	6.5039	12399	666.612	0.161555	0	1.02	1.02
598	0.00199964	8.7608e-05	1247.02	1050	105	664.124	47.7897	47.7897	191.159	191.159	0 18041.4 8566.86 	26608.3	0.00208725	1.83836e-05	1050	1050	1050	0 1.2627e+06 627365 	1.89007e+06	6.49699	6.5039	12399	666.612	0.161556	0	1.02	1.02
599	0.00199964	8.76098e-05	1247.05	1050	105	664.11	47.7936	47.7936	191.174	191.174	0 18041.3 8567.25 	26608.5	0.00208725	1.83836e-05	1050	1050	1050	0 1.2627e+06 627364 	1.89006e+06	6.49701	6.5039	12399	666.612	0.161556	0	1.02	1.02
600	0.00199964	8.76116e-05	1247.07	1050	105	664.097	47.7975	47.7975	191.19	191.19	0 18041.1 8567.65 	26608.7	0.00208725	1.83836e-05	1050	1050	1050	0 1.2627e+06 627363 	1.89006e+06	6.49702	6.5039	12399	666.612	0.161557	0	1.02	1.02
601	0.00199964	8.76134e-05	1247.1	1050	105	664.083	47.8013	47.8013	191.205	191.205	0 18040.9 8568.04 	26609	0.00208725	1.83836e-05	1050	1050	1050	0 1.2627e+06 627362 	1.89006e+06	6.49704	6.5039	12399	666.612	0.161557	0	1.02	1.02
602	0.00199964	8.76152e-05	1247.12	1050	105	664.07	47.8052	47.8052	191.221	191.221	0 18040.8 8568.43 	26609.2	0.00208725	1.83836e-05	1050	1050	1050	0 1.26269e+06 627361 	1.89005e+06	6.49706	6.5039	12399	666.612	0.161557	0	1.02	1.02
603	0.00199963	8.7617e-05	1247.15	1050	105	664.056	47.8091	47.8091	191.236	191.236	0 18040.6 8568.83 	26609.4	0.00208725	1.83836e-05	1050	1050	1050	0 1.26269e+06 627360 	1.89005e+06	6.49708	6.5039	12399	666.612	0.161558	0	1.02	1.02
604	0.00199963	8.76188e-05	1247.17	1050	105	664.043	47.8129	47.8129	191.252	191.252	0 18040.4 8569.22 	26609.6	0.00208725	1.83836e-05	1050	1050	1050	0 1.26269e+06 627359 	1.89005e+06	6.4971	6.5039	12399	666.612	0.161558	0	1.02	1.02
605	0.00199963	8.76206e-05	1247.2	1050	105	664.029	47.8168	47.8168	191.267	191.267	0 18040.3 8569.61 	26609.9	0.00208725	1.83836e-05	1050	1050	1050	0 1.26269e+06 627358 	1.89004e+06	6.49711	6.5039	12399	666.612	0.161558	0	1.02	1.02
606	0.00199963	8.76224e-05	1247.22	1050	105	664.016	47.8206	47.8206	191.282	191.282	0 18040.1 8569.99 	26610.1	0.00208725	1.83836e-05	1050	1050	1050	0 1.26268e+06 627357 	1.89004e+06	6.49713	6.5039	12399	666.612	0.161559	0	1.02	1.02
607	0.00199963	8.76242e-05	1247.25	1050	105	664.003	47.8244	47.8244	191.298	191.298	0 18039.9 8570.38 	26610.3	0.00208725	1.83836e-05	1050	1050	1050	0 1.26268e+06 627356 	1.89004e+06	6.49715	6.5039	12399	666.612	0.161559	0	1.02	1.02
608	0.00199963	8.7626e-05	1247.27	1050	105	663.989	47.8282	47.8282	191.313	191.313	0 18039.8 8570.77 	26610.5	0.00208725	1.83836e-05	1050	1050	1050	0 1.26268e+06 627354 	1.89003e+06	6.49717	6.5039	12399	666.612	0.161559	0	1.02	1.02
609	0.00199962	8.76277e-05	1247.3	1050	105	663.976	47.832	47.832	191.328	191.328	0 18039.6 8571.15 	26610.8	0.00208725	1.83836e-05	1050	1050	1050	0 1.26268e+06 627353 	1.89003e+06	6.49718	6.5039	12399	666.612	0.16156	0	1.02	1.02
610	0.00199962	8.76295e-05	1247.32	1050	105	663.963	47.8358	47.8358	191.343	191.343	0 18039.4 8571.54 	26611	0.00208725	1.83836e-05	1050	1050	1050	0 1.26268e+06 627352 	1.89003e+06	6.4972	6.5039	12399	666.612	0.16156	0	1.02	1.02
611	0.00199962	8.76313e-05	1247.35	1050	105	663.95	47.8396	47.8396	191.358	191.358	0 18039.3 8571.92 	26611.2	0.00208725	1.83836e-05	1050	1050	1050	0 1.26267e+06 627351 	1.89002e+06	6.49722	6.5039	12399	666.612	0.161561	0	1.02	1.02
612	0.00199962	8.7633e-05	1247.37	1050	105	663.937	47.8433	47.8433	191.373	191.373	0 18039.1 8572.3 	26611.4	0.00208725	1.83836e-05	1050	1050	1050	0 1.26267e+06 627350 	1.89002e+06	6.49724	6.5039	12399	666.612	0.161561	0	1.02	1.02
613	0.00199962	8.76348e-05	1247.39	1050	105	663.924	47.8471	47.8471	191.388	191.388	0 18039 8572.68 	26611.6	0.00208725	1.83836e-05	1050	1050	1050	0 1.26267e+06 627349 	1.89002e+06	6.49725	6.5039	12399	666.612	0.161561	0	1.02	1.02
614	0.00199962	8.76366e-05	1247.42	1050	105	663.911	47.8508	47.8508	191.403	191.403	0 18038.8 8573.07 	26611.9	0.00208725	1.83836e-05	1050	1050	1050	0 1.26267e+06 627348 	1.89002e+06	6.49727	6.5039	12399	666.612	0.161562	0	1.02	1.02
615	0.00199961	8.76383e-05	1247.44	1050	105	663.898	47.8546	47.8546	191.418	191.418	0 18038.6 8573.44 	26612.1	0.00208725	1.83836e-05	1050	1050	1050	0 1.26267e+06 627347 	1.89001e+06	6.49729	6.5039	12399	666.612	0.161562	0	1.02	1.02
616	0.00199961	8.76401e-05	1247.47	1050	105	663.885	47.8583	47.8583	191.433	191.433	0 18038.5 8573.82 	26612.3	0.00208725	1.83836e-05	1050	1050	1050	0 1.26266e+06 627346 	1.89001e+06	6.49731	6.5039	12399	666.612	0.161562	0	1.02	1.02
617	0.00199961	8.76418e-05	1247.49	1050	105	663.872	47.862	47.862	191.448	191.448	0 18038.3 8574.2 	26612.5	0.00208725	1.83836e-05	1050	1050	1050	0 1.26266e+06 627345 	1.89001e+06	6.49732	6.5039	12399	666.612	0.161563	0	1.02	1.02
618	0.00199961	8.76436e-05	1247.52	1050	105	663.859	47.8657	47.8657	191.463	191.463	0 18038.2 8574.58 	26612.7	0.00208725	1.83836e-05	1050	1050	1050	0 1.26266e+06 627344 	1.89e+06	6.49734	6.5039	12399	666.612	0.161563	0	1.02	1.02
619	0.00199961	8.76453e-05	1247.54	1050	105	663.846	47.8694	47.8694	191.478	191.478	0 18038 8574.95 	26613	0.00208725	1.83836e-05	1050	1050	1050	0 1.26266e+06 627343 	1.89e+06	6.49736	6.5039	12399	666.612	0.161563	0	1.02	1.02
620	0.0019996	8.7647e-05	1247.56	1050	105	663.834	47.8731	47.8731	191.492	191.492	0 18037.9 8575.33 	26613.2	0.00208725	1.83836e-05	1050	1050	1050	0 1.26265e+06 627342 	1.89e+06	6.49738	6.5039	12399	666.612	0.161564	0	1.02	1.02
621	0.0019996	8.76488e-05	1247.59	1050	105	663.821	47.8768	47.8768	191.507	191.507	0 18037.7 8575.7 	26613.4	0.00208725	1.83836e-05	1050	1050	1050	0 1.26265e+06 627340 	1.88999e+06	6.49739	6.5039	12399	666.612	0.161564	0	1.02	1.02
622	0.0019996	8.76505e-05	1247.61	1050	105	663.808	47.8805	47.8805	191.522	191.522	0 18037.5 8576.07 	26613.6	0.00208725	1.83836e-05	1050	1050	1050	0 1.26265e+06 627339 	1.88999e+06	6.49741	6.5039	12399	666.612	0.161564	0	1.02	1.02
623	0.0019996	8.76522e-05	1247.64	1050	105	663.796	47.8841	47.8841	191.536	191.536	0 18037.4 8576.45 	26613.8	0.00208725	1.83836e-05	1050	1050	1050	0 1.26265e+06 627338 	1.88999e+06	6.49743	6.5039	12399	666.612	0.161565	0	1.02	1.02
624	0.0019996	8.76539e-05	1247.66	1050	105	663.783	47.8878	47.8878	191.551	191.551	0 18037.2 8576.82 	26614	0.00208725	1.83836e-05	1050	1050	1050	0 1.26265e+06 627337 	1.88998e+06	6.49744	6.5039	12399	666.612	0.161565	0	1.02	1.02
625	0.0019996	8.76557e-05	1247.68	1050	105	663.771	47.8914	47.8914	191.566	191.566	0 18037.1 8577.19 	26614.3	0.00208725	1.83836e-05	1050	1050	1050	0 1.26264e+06 627336 	1.88998e+06	6.49746	6.5039	12399	666.612	0.161565	0	1.02	1.02
626	0.00199959	8.76574e-05	1247.71	1050	105	663.758	47.895	47.895	191.58	191.58	0 18036.9 8577.55 	26614.5	0.00208725	1.83836e-05	1050	1050	1050	0 1.26264e+06 627335 	1.88998e+06	6.49748	6.5039	12399	666.612	0.161566	0	1.02	1.02
627	0.00199959	8.76591e-05	1247.73	1050	105	663.746	47.8987	47.8987	191.595	191.595	0 18036.8 8577.92 	26614.7	0.00208725	1.83836e-05	1050	1050	1050	0 1.26264e+06 627334 	1.88997e+06	6.49749	6.5039	12399	666.612	0.161566	0	1.02	1.02
628	0.00199959	8.76608e-05	1247.76	1050	105	663.734	47.9023	47.9023	191.609	191.609	0 18036.6 8578.29 	26614.9	0.00208725	1.83836e-05	1050	1050	1050	0 1.26264e+06 627333 	1.88997e+06	6.49751	6.5039	12399	666.612	0.161566	0	1.02	1.02
629	0.00199959	8.76625e-05	1247.78	1050	105	663.721	47.9059	47.9059	191.623	191.623	0 18036.5 8578.66 	26615.1	0.00208725	1.83836e-05	1050	1050	1050	0 1.26263e+06 627332 	1.88997e+06	6.49753	6.5039	12399	666.612	0.161567	0	1.02	1.02
630	0.00199959	8.76642e-05	1247.8	1050	105	663.709	47.9095	47.9095	191.638	191.638	0 18036.3 8579.02 	26615.3	0.00208725	1.83836e-05	1050	1050	1050	0 1.26263e+06 627331 	1.88996e+06	6.49754	6.5039	12399	666.612	0.161567	0	1.02	1.02
631	0.00199959	8.76659e-05	1247.83	1050	105	663.697	47.913	47.913	191.652	191.652	0 18036.2 8579.38 	26615.5	0.00208725	1.83836e-05	1050	1050	1050	0 1.26263e+06 627330 	1.88996e+06	6.49756	6.5039	12399	666.612	0.161568	0	1.02	1.02
632	0.00199958	8.76676e-05	1247.85	1050	105	663.684	47.9166	47.9166	191.666	191.666	0 18036 8579.75 	26615.8	0.00208725	1.83836e-05	1050	1050	1050	0 1.26263e+06 627329 	1.88996e+06	6.49758	6.5039	12399	666.612	0.161568	0	1.02	1.02
633	0.00199958	8.76692e-05	1247.87	1050	105	663.672	47.9202	47.9202	191.681	191.681	0 18035.9 8580.11 	26616	0.00208725	1.83836e-05	1050	1050	1050	0 1.26263e+06 627328 	1.88995e+06	6.49759	6.5039	12399	666.612	0.161568	0	1.02	1.02
634	0.00199958	8.76709e-05	1247.9	1050	105	663.66	47.9237	47.9237	191.695	191.695	0 18035.7 8580.47 	26616.2	0.00208725	1.83836e-05	1050	1050	1050	0 1.26262e+06 627327 	1.88995e+06	6.49761	6.5039	12399	666.612	0.161569	0	1.02	1.02
635	0.00199958	8.76726e-05	1247.92	1050	105	663.648	47.9273	47.9273	191.709	191.709	0 18035.6 8580.83 	26616.4	0.00208725	1.83836e-05	1050	1050	1050	0 1.26262e+06 627326 	1.88995e+06	6.49763	6.5039	12399	666.612	0.161569	0	1.02	1.02
636	0.00199958	8.76743e-05	1247.94	1050	105	663.636	47.9308	47.9308	191.723	191.723	0 18035.4 8581.19 	26616.6	0.00208725	1.83836e-05	1050	1050	1050	0 1.26262e+06 627325 	1.88995e+06	6.49764	6.5039	12399	666.612	0.161569	0	1.02	1.02
637	0.00199958	8.7676e-05	1247.97	1050	105	663.624	47.9343	47.9343	191.737	191.737	0 18035.3 8581.55 	26616.8	0.00208725	1.83836e-05	1050	1050	1050	0 1.26262e+06 627324 	1.88994e+06	6.49766	6.5039	12399	666.612	0.16157	0	1.02	1.02
638	0.00199957	8.76776e-05	1247.99	1050	105	663.612	47.9379	47.9379	191.751	191.751	0 18035.1 8581.91 	26617	0.00208725	1.83836e-05	1050	1050	1050	0 1.26262e+06 627323 	1.88994e+06	6.49768	6.5039	12399	666.612	0.16157	0	1.02	1.02
639	0.00199957	8.76793e-05	1248.01	1050	105	663.6	47.9414	47.9414	191.765	191.765	0 18035 8582.26 	26617.2	0.00208725	1.83836e-05	1050	1050	1050	0 1.26261e+06 627322 	1.88994e+06	6.49769	6.5039	12399	666.612	0.16157	0	1.02	1.02
640	0.00199957	8.76809e-05	1248.04	1050	105	663.588	47.9449	47.9449	191.779	191.779	0 18034.8 8582.62 	26617.4	0.00208725	1.83836e-05	1050	1050	1050	0 1.26261e+06 627321 	1.88993e+06	6.49771	6.5039	12399	666.612	0.161571	0	1.02	1.02
641	0.00199957	8.76826e-05	1248.06	1050	105	663.576	47.9483	47.9483	191.793	191.793	0 18034.7 8582.97 	26617.6	0.00208725	1.83836e-05	1050	1050	1050	0 1.26261e+06 627320 	1.88993e+06	6.49773	6.5039	12399	666.612	0.161571	0	1.02	1.02
642	0.00199957	8.76842e-05	1248.08	1050	105	663.565	47.9518	47.9518	191.807	191.807	0 18034.5 8583.33 	26617.9	0.00208725	1.83836e-05	1050	1050	1050	0 1.26261e+06 627319 	1.88993e+06	6.49774	6.5039	12399	666.612	0.161571	0	1.02	1.02
643	0.00199957	8.76859e-05	1248.11	1050	105	663.553	47.9553	47.9553	191.821	191.821	0 18034.4 8583.68 	26618.1	0.00208725	1.83836e-05	1050	1050	1050	0 1.26261e+06 627318 	1.88992e+06	6.49776	6.5039	12399	666.612	0.161572	0	1.02	1.02
644	0.00199956	8.76875e-05	1248.13	1050	105	663.541	47.9588	47.9588	191.835	191.835	0 18034.2 8584.03 	26618.3	0.00208725	1.83836e-05	1050	1050	1050	0 1.2626e+06 627317 	1.88992e+06	6.49777	6.5039	12399	666.612	0.161572	0	1.02	1.02
645	0.00199956	8.76892e-05	1248.15	1050	105	663.529	47.9622	47.9622	191.849	191.849	0 18034.1 8584.38 	26618.5	0.00208725	1.83836e-05	1050	1050	1050	0 1.2626e+06 627316 	1.88992e+06	6.49779	6.5039	12399	666.612	0.161572	0	1.02	1.02
646	0.00199956	8.76908e-05	1248.17	1050	105	663.518	47.9656	47.9656	191.863	191.863	0 18033.9 8584.73 	26618.7	0.00208725	1.83836e-05	1050	1050	1050	0 1.2626e+06 627315 	1.88991e+06	6.49781	6.5039	12399	666.612	0.161573	0	1.02	1.02
647	0.00199956	8.76924e-05	1248.2	1050	105	663.506	47.9691	47.9691	191.876	191.876	0 18033.8 8585.08 	26618.9	0.00208725	1.83836e-05	1050	1050	1050	0 1.2626e+06 627314 	1.88991e+06	6.49782	6.5039	12399	666.612	0.161573	0	1.02	1.02
648	0.00199956	8.76941e-05	1248.22	1050	105	663.495	47.9725	47.9725	191.89	191.89	0 18033.7 8585.43 	26619.1	0.00208725	1.83836e-05	1050	1050	1050	0 1.2626e+06 627313 	1.88991e+06	6.49784	6.5039	12399	666.612	0.161573	0	1.02	1.02
649	0.00199956	8.76957e-05	1248.24	1050	105	663.483	47.9759	47.9759	191.904	191.904	0 18033.5 8585.78 	26619.3	0.00208725	1.83836e-05	1050	1050	1050	0 1.26259e+06 627312 	1.88991e+06	6.49786	6.5039	12399	666.612	0.161573	0	1.02	1.02
650	0.00199955	8.76973e-05	1248.26	1050	105	663.472	47.9793	47.9793	191.917	191.917	0 18033.4 8586.12 	26619.5	0.00208725	1.83836e-05	1050	1050	1050	0 1.26259e+06 627311 	1.8899e+06	6.49787	6.5039	12399	666.612	0.161574	0	1.02	1.02
651	0.00199955	8.76989e-05	1248.29	1050	105	663.46	47.9827	47.9827	191.931	191.931	0 18033.2 8586.47 	26619.7	0.00208725	1.83836e-05	1050	1050	1050	0 1.26259e+06 627310 	1.8899e+06	6.49789	6.5039	12399	666.612	0.161574	0	1.02	1.02
652	0.00199955	8.77005e-05	1248.31	1050	105	663.449	47.9861	47.9861	191.944	191.944	0 18033.1 8586.81 	26619.9	0.00208725	1.83836e-05	1050	1050	1050	0 1.26259e+06 627309 	1.8899e+06	6.4979	6.5039	12399	666.612	0.161574	0	1.02	1.02
653	0.00199955	8.77021e-05	1248.33	1050	105	663.437	47.9895	47.9895	191.958	191.958	0 18032.9 8587.16 	26620.1	0.00208725	1.83836e-05	1050	1050	1050	0 1.26259e+06 627308 	1.88989e+06	6.49792	6.5039	12399	666.612	0.161575	0	1.02	1.02
654	0.00199955	8.77038e-05	1248.35	1050	105	663.426	47.9928	47.9928	191.971	191.971	0 18032.8 8587.5 	26620.3	0.00208725	1.83836e-05	1050	1050	1050	0 1.26258e+06 627307 	1.88989e+06	6.49794	6.5039	12399	666.612	0.161575	0	1.02	1.02
655	0.00199955	8.77054e-05	1248.38	1050	105	663.415	47.9962	47.9962	191.985	191.985	0 18032.7 8587.84 	26620.5	0.00208725	1.83836e-05	1050	1050	1050	0 1.26258e+06 627306 	1.88989e+06	6.49795	6.5039	12399	666.612	0.161575	0	1.02	1.02
656	0.00199954	8.7707e-05	1248.4	1050	105	663.403	47.9995	47.9995	191.998	191.998	0 18032.5 8588.18 	26620.7	0.00208725	1.83836e-05	1050	1050	1050	0 1.26258e+06 627305 	1.88988e+06	6.49797	6.5039	12399	666.612	0.161576	0	1.02	1.02
657	0.00199954	8.77085e-05	1248.42	1050	105	663.392	48.0029	48.0029	192.012	192.012	0 18032.4 8588.52 	26620.9	0.00208725	1.83836e-05	1050	1050	1050	0 1.26258e+06 627304 	1.88988e+06	6.49798	6.5039	12399	666.612	0.161576	0	1.02	1.02
658	0.00199954	8.77101e-05	1248.44	1050	105	663.381	48.0062	48.0062	192.025	192.025	0 18032.2 8588.86 	26621.1	0.00208725	1.83836e-05	1050	1050	1050	0 1.26258e+06 627303 	1.88988e+06	6.498	6.5039	12399	666.612	0.161576	0	1.02	1.02
659	0.00199954	8.77117e-05	1248.47	1050	105	663.37	48.0095	48.0095	192.038	192.038	0 18032.1 8589.2 	26621.3	0.00208725	1.83836e-05	1050	1050	1050	0 1.26257e+06 627302 	1.88988e+06	6.49801	6.5039	12399	666.612	0.161577	0	1.02	1.02
660	0.00199954	8.77133e-05	1248.49	1050	105	663.359	48.0129	48.0129	192.051	192.051	0 18032 8589.53 	26621.5	0.00208725	1.83836e-05	1050	1050	1050	0 1.26257e+06 627301 	1.88987e+06	6.49803	6.5039	12399	666.612	0.161577	0	1.02	1.02
661	0.00199954	8.77149e-05	1248.51	1050	105	663.348	48.0162	48.0162	192.065	192.065	0 18031.8 8589.87 	26621.7	0.00208725	1.83836e-05	1050	1050	1050	0 1.26257e+06 627300 	1.88987e+06	6.49805	6.5039	12399	666.612	0.161577	0	1.02	1.02
662	0.00199953	8.77165e-05	1248.53	1050	105	663.337	48.0195	48.0195	192.078	192.078	0 18031.7 8590.21 	26621.9	0.00208725	1.83836e-05	1050	1050	1050	0 1.26257e+06 627299 	1.88987e+06	6.49806	6.5039	12399	666.612	0.161578	0	1.02	1.02
663	0.00199953	8.7718e-05	1248.55	1050	105	663.326	48.0227	48.0227	192.091	192.091	0 18031.6 8590.54 	26622.1	0.00208725	1.83836e-05	1050	1050	1050	0 1.26257e+06 627298 	1.88986e+06	6.49808	6.5039	12399	666.612	0.161578	0	1.02	1.02
664	0.00199953	8.77196e-05	1248.57	1050	105	663.315	48.026	48.026	192.104	192.104	0 18031.4 8590.87 	26622.3	0.00208725	1.83836e-05	1050	1050	1050	0 1.26256e+06 627297 	1.88986e+06	6.49809	6.5039	12399	666.612	0.161578	0	1.02	1.02
665	0.00199953	8.77212e-05	1248.6	1050	105	663.304	48.0293	48.0293	192.117	192.117	0 18031.3 8591.21 	26622.5	0.00208725	1.83836e-05	1050	1050	1050	0 1.26256e+06 627296 	1.88986e+06	6.49811	6.5039	12399	666.612	0.161579	0	1.02	1.02
666	0.00199953	8.77227e-05	1248.62	1050	105	663.293	48.0325	48.0325	192.13	192.13	0 18031.1 8591.54 	26622.7	0.00208725	1.83836e-05	1050	1050	1050	0 1.26256e+06 627295 	1.88985e+06	6.49812	6.5039	12399	666.612	0.161579	0	1.02	1.02
667	0.00199953	8.77243e-05	1248.64	1050	105	663.282	48.0358	48.0358	192.143	192.143	0 18031 8591.87 	26622.9	0.00208725	1.83836e-05	1050	1050	1050	0 1.26256e+06 627294 	1.88985e+06	6.49814	6.5039	12399	666.612	0.161579	0	1.02	1.02
668	0.00199952	8.77258e-05	1248.66	1050	105	663.271	48.039	48.039	192.156	192.156	0 18030.9 8592.2 	26623.1	0.00208725	1.83836e-05	1050	1050	1050	0 1.26256e+06 627293 	1.88985e+06	6.49815	6.5039	12399	666.612	0.161579	0	1.02	1.02
669	0.00199952	8.77274e-05	1248.68	1050	105	663.261	48.0423	48.0423	192.169	192.169	0 18030.7 8592.53 	26623.3	0.00208725	1.83836e-05	1050	1050	1050	0 1.26255e+06 627292 	1.88985e+06	6.49817	6.5039	12399	666.612	0.16158	0	1.02	1.02
670	0.00199952	8.77289e-05	1248.7	1050	105	663.25	48.0455	48.0455	192.182	192.182	0 18030.6 8592.86 	26623.5	0.00208725	1.83836e-05	1050	1050	1050	0 1.26255e+06 627291 	1.88984e+06	6.49818	6.5039	12399	666.612	0.16158	0	1.02	1.02
671	0.00199952	8.77305e-05	1248.73	1050	105	663.239	48.0487	48.0487	192.195	192.195	0 18030.5 8593.19 	26623.7	0.00208725	1.83836e-05	1050	1050	1050	0 1.26255e+06 627290 	1.88984e+06	6.4982	6.5039	12399	666.612	0.16158	0	1.02	1.02
672	0.00199952	8.7732e-05	1248.75	1050	105	663.228	48.0519	48.0519	192.208	192.208	0 18030.3 8593.51 	26623.9	0.00208725	1.83836e-05	1050	1050	1050	0 1.26255e+06 627289 	1.88984e+06	6.49821	6.5039	12399	666.612	0.161581	0	1.02	1.02
673	0.00199952	8.77335e-05	1248.77	1050	105	663.218	48.0551	48.0551	192.22	192.22	0 18030.2 8593.84 	26624	0.00208725	1.83836e-05	1050	1050	1050	0 1.26255e+06 627288 	1.88983e+06	6.49823	6.5039	12399	666.612	0.161581	0	1.02	1.02
674	0.00199952	8.77351e-05	1248.79	1050	105	663.207	48.0583	48.0583	192.233	192.233	0 18030.1 8594.16 	26624.2	0.00208725	1.83836e-05	1050	1050	1050	0 1.26254e+06 627287 	1.88983e+06	6.49824	6.5039	12399	666.612	0.161581	0	1.02	1.02
675	0.00199951	8.77366e-05	1248.81	1050	105	663.197	48.0615	48.0615	192.246	192.246	0 18029.9 8594.49 	26624.4	0.00208725	1.83836e-05	1050	1050	1050	0 1.26254e+06 627286 	1.88983e+06	6.49826	6.5039	12399	666.612	0.161582	0	1.02	1.02
676	0.00199951	8.77381e-05	1248.83	1050	105	663.186	48.0647	48.0647	192.259	192.259	0 18029.8 8594.81 	26624.6	0.00208725	1.83836e-05	1050	1050	1050	0 1.26254e+06 627285 	1.88983e+06	6.49827	6.5039	12399	666.612	0.161582	0	1.02	1.02
677	0.00199951	8.77396e-05	1248.85	1050	105	663.176	48.0678	48.0678	192.271	192.271	0 18029.7 8595.13 	26624.8	0.00208725	1.83836e-05	1050	1050	1050	0 1.26254e+06 627284 	1.88982e+06	6.49829	6.5039	12399	666.612	0.161582	0	1.02	1.02
678	0.00199951	8.77412e-05	1248.87	1050	105	663.165	48.071	48.071	192.284	192.284	0 18029.5 8595.45 	26625	0.00208725	1.83836e-05	1050	1050	1050	0 1.26254e+06 627283 	1.88982e+06	6.4983	6.5039	12399	666.612	0.161582	0	1.02	1.02
679	0.00199951	8.77427e-05	1248.9	1050	105	663.155	48.0741	48.0741	192.297	192.297	0 18029.4 8595.77 	26625.2	0.00208725	1.83836e-05	1050	1050	1050	0 1.26253e+06 627282 	1.88982e+06	6.49832	6.5039	12399	666.612	0.161583	0	1.02	1.02
680	0.00199951	8.77442e-05	1248.92	1050	105	663.144	48.0773	48.0773	192.309	192.309	0 18029.3 8596.09 	26625.4	0.00208725	1.83836e-05	1050	1050	1050	0 1.26253e+06 627282 	1.88981e+06	6.49833	6.5039	12399	666.612	0.161583	0	1.02	1.02
681	0.0019995	8.77457e-05	1248.94	1050	105	663.134	48.0804	48.0804	192.322	192.322	0 18029.2 8596.41 	26625.6	0.00208725	1.83836e-05	1050	1050	1050	0 1.26253e+06 627281 	1.88981e+06	6.49835	6.5039	12399	666.612	0.161583	0	1.02	1.02
682	0.0019995	8.77472e-05	1248.96	1050	105	663.124	48.0835	48.0835	192.334	192.334	0 18029 8596.73 	26625.8	0.00208725	1.83836e-05	1050	1050	1050	0 1.26253e+06 627280 	1.88981e+06	6.49836	6.5039	12399	666.612	0.161584	0	1.02	1.02
683	0.0019995	8.77487e-05	1248.98	1050	105	663.113	48.0866	48.0866	192.347	192.347	0 18028.9 8597.05 	26625.9	0.00208725	1.83836e-05	1050	1050	1050	0 1.26253e+06 627279 	1.88981e+06	6.49838	6.5039	12399	666.612	0.161584	0	1.02	1.02
684	0.0019995	8.77502e-05	1249	1050	105	663.103	48.0897	48.0897	192.359	192.359	0 18028.8 8597.36 	26626.1	0.00208725	1.83836e-05	1050	1050	1050	0 1.26253e+06 627278 	1.8898e+06	6.49839	6.5039	12399	666.612	0.161584	0	1.02	1.02
685	0.0019995	8.77517e-05	1249.02	1050	105	663.093	48.0928	48.0928	192.371	192.371	0 18028.6 8597.68 	26626.3	0.00208725	1.83836e-05	1050	1050	1050	0 1.26252e+06 627277 	1.8898e+06	6.49841	6.5039	12399	666.612	0.161585	0	1.02	1.02
686	0.0019995	8.77531e-05	1249.04	1050	105	663.083	48.0959	48.0959	192.384	192.384	0 18028.5 8597.99 	26626.5	0.00208725	1.83836e-05	1050	1050	1050	0 1.26252e+06 627276 	1.8898e+06	6.49842	6.5039	12399	666.612	0.161585	0	1.02	1.02
687	0.0019995	8.77546e-05	1249.06	1050	105	663.073	48.099	48.099	192.396	192.396	0 18028.4 8598.31 	26626.7	0.00208725	1.83836e-05	1050	1050	1050	0 1.26252e+06 627275 	1.88979e+06	6.49844	6.5039	12399	666.612	0.161585	0	1.02	1.02
688	0.00199949	8.77561e-05	1249.08	1050	105	663.063	48.1021	48.1021	192.408	192.408	0 18028.3 8598.62 	26626.9	0.00208725	1.83836e-05	1050	1050	1050	0 1.26252e+06 627274 	1.88979e+06	6.49845	6.5039	12399	666.612	0.161585	0	1.02	1.02
689	0.00199949	8.77576e-05	1249.1	1050	105	663.052	48.1051	48.1051	192.42	192.42	0 18028.1 8598.93 	26627.1	0.00208725	1.83836e-05	1050	1050	1050	0 1.26252e+06 627273 	1.88979e+06	6.49847	6.5039	12399	666.612	0.161586	0	1.02	1.02
690	0.00199949	8.77591e-05	1249.12	1050	105	663.042	48.1082	48.1082	192.433	192.433	0 18028 8599.24 	26627.2	0.00208725	1.83836e-05	1050	1050	1050	0 1.26251e+06 627272 	1.88979e+06	6.49848	6.5039	12399	666.612	0.161586	0	1.02	1.02
691	0.00199949	8.77605e-05	1249.14	1050	105	663.032	48.1112	48.1112	192.445	192.445	0 18027.9 8599.55 	26627.4	0.00208725	1.83836e-05	1050	1050	1050	0 1.26251e+06 627271 	1.88978e+06	6.4985	6.5039	12399	666.612	0.161586	0	1.02	1.02
692	0.00199949	8.7762e-05	1249.16	1050	105	663.022	48.1143	48.1143	192.457	192.457	0 18027.8 8599.86 	26627.6	0.00208725	1.83836e-05	1050	1050	1050	0 1.26251e+06 627270 	1.88978e+06	6.49851	6.5039	12399	666.612	0.161587	0	1.02	1.02
693	0.00199949	8.77634e-05	1249.19	1050	105	663.012	48.1173	48.1173	192.469	192.469	0 18027.6 8600.17 	26627.8	0.00208725	1.83836e-05	1050	1050	1050	0 1.26251e+06 627269 	1.88978e+06	6.49852	6.5039	12399	666.612	0.161587	0	1.02	1.02
694	0.00199949	8.77649e-05	1249.21	1050	105	663.003	48.1203	48.1203	192.481	192.481	0 18027.5 8600.48 	26628	0.00208725	1.83836e-05	1050	1050	1050	0 1.26251e+06 627269 	1.88978e+06	6.49854	6.5039	12399	666.612	0.161587	0	1.02	1.02
695	0.00199948	8.77664e-05	1249.23	1050	105	662.993	48.1233	48.1233	192.493	192.493	0 18027.4 8600.78 	26628.2	0.00208725	1.83836e-05	1050	1050	1050	0 1.2625e+06 627268 	1.88977e+06	6.49855	6.5039	12399	666.612	0.161587	0	1.02	1.02
696	0.00199948	8.77678e-05	1249.25	1050	105	662.983	48.1263	48.1263	192.505	192.505	0 18027.3 8601.09 	26628.3	0.00208725	1.83836e-05	1050	1050	1050	0 1.2625e+06 627267 	1.88977e+06	6.49857	6.5039	12399	666.612	0.161588	0	1.02	1.02
697	0.00199948	8.77693e-05	1249.27	1050	105	662.973	48.1293	48.1293	192.517	192.517	0 18027.1 8601.39 	26628.5	0.00208725	1.83836e-05	1050	1050	1050	0 1.2625e+06 627266 	1.88977e+06	6.49858	6.5039	12399	666.612	0.161588	0	1.02	1.02
698	0.00199948	8.77707e-05	1249.29	1050	105	662.963	48.1323	48.1323	192.529	192.529	0 18027 8601.7 	26628.7	0.00208725	1.83836e-05	1050	1050	1050	0 1.2625e+06 627265 	1.88976e+06	6.4986	6.5039	12399	666.612	0.161588	0	1.02	1.02
699	0.00199948	8.77721e-05	1249.31	1050	105	662.953	48.1353	48.1353	192.541	192.541	0 18026.9 8602 	26628.9	0.00208725	1.83836e-05	1050	1050	1050	0 1.2625e+06 627264 	1.88976e+06	6.49861	6.5039	12399	666.612	0.161589	0	1.02	1.02
700	0.00199948	8.77736e-05	1249.33	1050	105	662.944	48.1382	48.1382	192.553	192.553	0 18026.8 8602.31 	26629.1	0.00208725	1.83836e-05	1050	1050	1050	0 1.2625e+06 627263 	1.88976e+06	6.49862	6.5039	12399	666.612	0.161589	0	1.02	1.02
701	0.00199947	8.7775e-05	1249.35	1050	105	662.934	48.1412	48.1412	192.565	192.565	0 18026.6 8602.61 	26629.3	0.00208725	1.83836e-05	1050	1050	1050	0 1.26249e+06 627262 	1.88976e+06	6.49864	6.5039	12399	666.612	0.161589	0	1.02	1.02
702	0.00199947	8.77764e-05	1249.37	1050	105	662.924	48.1442	48.1442	192.577	192.577	0 18026.5 8602.91 	26629.4	0.00208725	1.83836e-05	1050	1050	1050	0 1.26249e+06 627261 	1.88975e+06	6.49865	6.5039	12399	666.612	0.161589	0	1.02	1.02
703	0.00199947	8.77779e-05	1249.39	1050	105	662.915	48.1471	48.1471	192.588	192.588	0 18026.4 8603.21 	26629.6	0.00208725	1.83836e-05	1050	1050	1050	0 1.26249e+06 627261 	1.88975e+06	6.49867	6.5039	12399	666.612	0.16159	0	1.02	1.02
704	0.00199947	8.77793e-05	1249.41	1050	105	662.905	48.15	48.15	192.6	192.6	0 18026.3 8603.51 	26629.8	0.00208725	1.83836e-05	1050	1050	1050	0 1.26249e+06 627260 	1.88975e+06	6.49868	6.5039	12399	666.612	0.16159	0	1.02	1.02
705	0.00199947	8.77807e-05	1249.43	1050	105	662.896	48.153	48.153	192.612	192.612	0 18026.2 8603.81 	26630	0.00208725	1.83836e-05	1050	1050	1050	0 1.26249e+06 627259 	1.88975e+06	6.4987	6.5039	12399	666.612	0.16159	0	1.02	1.02
706	0.00199947	8.77821e-05	1249.45	1050	105	662.886	48.1559	48.1559	192.624	192.624	0 18026 8604.1 	26630.1	0.00208725	1.83836e-05	1050	1050	1050	0 1.26248e+06 627258 	1.88974e+06	6.49871	6.5039	12399	666.612	0.16159	0	1.02	1.02
707	0.00199947	8.77835e-05	1249.46	1050	105	662.877	48.1588	48.1588	192.635	192.635	0 18025.9 8604.4 	26630.3	0.00208725	1.83836e-05	1050	1050	1050	0 1.26248e+06 627257 	1.88974e+06	6.49872	6.5039	12399	666.612	0.161591	0	1.02	1.02
708	0.00199946	8.77849e-05	1249.48	1050	105	662.867	48.1617	48.1617	192.647	192.647	0 18025.8 8604.7 	26630.5	0.00208725	1.83836e-05	1050	1050	1050	0 1.26248e+06 627256 	1.88974e+06	6.49874	6.5039	12399	666.612	0.161591	0	1.02	1.02
709	0.00199946	8.77863e-05	1249.5	1050	105	662.858	48.1646	48.1646	192.658	192.658	0 18025.7 8604.99 	26630.7	0.00208725	1.83836e-05	1050	1050	1050	0 1.26248e+06 627255 	1.88973e+06	6.49875	6.5039	12399	666.612	0.161591	0	1.02	1.02
710	0.00199946	8.77877e-05	1249.52	1050	105	662.848	48.1675	48.1675	192.67	192.67	0 18025.6 8605.29 	26630.9	0.00208725	1.83836e-05	1050	1050	1050	0 1.26248e+06 627254 	1.88973e+06	6.49876	6.5039	12399	666.612	0.161592	0	1.02	1.02
711	0.00199946	8.77891e-05	1249.54	1050	105	662.839	48.1704	48.1704	192.682	192.682	0 18025.4 8605.58 	26631	0.00208725	1.83836e-05	1050	1050	1050	0 1.26248e+06 627253 	1.88973e+06	6.49878	6.5039	12399	666.612	0.161592	0	1.02	1.02
712	0.00199946	8.77905e-05	1249.56	1050	105	662.83	48.1733	48.1733	192.693	192.693	0 18025.3 8605.87 	26631.2	0.00208725	1.83836e-05	1050	1050	1050	0 1.26247e+06 627253 	1.88973e+06	6.49879	6.5039	12399	666.612	0.161592	0	1.02	1.02
713	0.00199946	8.77919e-05	1249.58	1050	105	662.82	48.1761	48.1761	192.704	192.704	0 18025.2 8606.17 	26631.4	0.00208725	1.83836e-05	1050	1050	1050	0 1.26247e+06 627252 	1.88972e+06	6.49881	6.5039	12399	666.612	0.161592	0	1.02	1.02
714	0.00199946	8.77933e-05	1249.6	1050	105	662.811	48.179	48.179	192.716	192.716	0 18025.1 8606.46 	26631.5	0.00208725	1.83836e-05	1050	1050	1050	0 1.26247e+06 627251 	1.88972e+06	6.49882	6.5039	12399	666.612	0.161593	0	1.02	1.02
715	0.00199945	8.77947e-05	1249.62	1050	105	662.802	48.1818	48.1818	192.727	192.727	0 18025 8606.75 	26631.7	0.00208725	1.83836e-05	1050	1050	1050	0 1.26247e+06 627250 	1.88972e+06	6.49883	6.5039	12399	666.612	0.161593	0	1.02	1.02
716	0.00199945	8.77961e-05	1249.64	1050	105	662.793	48.1847	48.1847	192.739	192.739	0 18024.9 8607.04 	26631.9	0.00208725	1.83836e-05	1050	1050	1050	0 1.26247e+06 627249 	1.88972e+06	6.49885	6.5039	12399	666.612	0.161593	0	1.02	1.02
717	0.00199945	8.77974e-05	1249.66	1050	105	662.783	48.1875	48.1875	192.75	192.75	0 18024.7 8607.33 	26632.1	0.00208725	1.83836e-05	1050	1050	1050	0 1.26247e+06 627248 	1.88971e+06	6.49886	6.5039	12399	666.612	0.161593	0	1.02	1.02
718	0.00199945	8.77988e-05	1249.68	1050	105	662.774	48.1903	48.1903	192.761	192.761	0 18024.6 8607.61 	26632.2	0.00208725	1.83836e-05	1050	1050	1050	0 1.26246e+06 627247 	1.88971e+06	6.49887	6.5039	12399	666.612	0.161594	0	1.02	1.02
719	0.00199945	8.78002e-05	1249.7	1050	105	662.765	48.1931	48.1931	192.773	192.773	0 18024.5 8607.9 	26632.4	0.00208725	1.83836e-05	1050	1050	1050	0 1.26246e+06 627247 	1.88971e+06	6.49889	6.5039	12399	666.612	0.161594	0	1.02	1.02
720	0.00199945	8.78015e-05	1249.72	1050	105	662.756	48.196	48.196	192.784	192.784	0 18024.4 8608.19 	26632.6	0.00208725	1.83836e-05	1050	1050	1050	0 1.26246e+06 627246 	1.88971e+06	6.4989	6.5039	12399	666.612	0.161594	0	1.02	1.02
721	0.00199945	8.78029e-05	1249.73	1050	105	662.747	48.1988	48.1988	192.795	192.795	0 18024.3 8608.47 	26632.8	0.00208725	1.83836e-05	1050	1050	1050	0 1.26246e+06 627245 	1.8897e+06	6.49891	6.5039	12399	666.612	0.161594	0	1.02	1.02
722	0.00199945	8.78043e-05	1249.75	1050	105	662.738	48.2016	48.2016	192.806	192.806	0 18024.2 8608.76 	26632.9	0.00208725	1.83836e-05	1050	1050	1050	0 1.26246e+06 627244 	1.8897e+06	6.49893	6.5039	12399	666.612	0.161595	0	1.02	1.02
723	0.00199944	8.78056e-05	1249.77	1050	105	662.729	48.2043	48.2043	192.817	192.817	0 18024.1 8609.04 	26633.1	0.00208725	1.83836e-05	1050	1050	1050	0 1.26245e+06 627243 	1.8897e+06	6.49894	6.5039	12399	666.612	0.161595	0	1.02	1.02
724	0.00199944	8.7807e-05	1249.79	1050	105	662.72	48.2071	48.2071	192.828	192.828	0 18023.9 8609.33 	26633.3	0.00208725	1.83836e-05	1050	1050	1050	0 1.26245e+06 627242 	1.8897e+06	6.49895	6.5039	12399	666.612	0.161595	0	1.02	1.02
725	0.00199944	8.78083e-05	1249.81	1050	105	662.711	48.2099	48.2099	192.84	192.84	0 18023.8 8609.61 	26633.4	0.00208725	1.83836e-05	1050	1050	1050	0 1.26245e+06 627241 	1.88969e+06	6.49897	6.5039	12399	666.612	0.161596	0	1.02	1.02
726	0.00199944	8.78097e-05	1249.83	1050	105	662.702	48.2127	48.2127	192.851	192.851	0 18023.7 8609.89 	26633.6	0.00208725	1.83836e-05	1050	1050	1050	0 1.26245e+06 627241 	1.88969e+06	6.49898	6.5039	12399	666.612	0.161596	0	1.02	1.02
727	0.00199944	8.7811e-05	1249.85	1050	105	662.693	48.2154	48.2154	192.862	192.862	0 18023.6 8610.17 	26633.8	0.00208725	1.83836e-05	1050	1050	1050	0 1.26245e+06 627240 	1.88969e+06	6.49899	6.5039	12399	666.612	0.161596	0	1.02	1.02
728	0.00199944	8.78123e-05	1249.87	1050	105	662.684	48.2182	48.2182	192.873	192.873	0 18023.5 8610.45 	26633.9	0.00208725	1.83836e-05	1050	1050	1050	0 1.26245e+06 627239 	1.88969e+06	6.49901	6.5039	12399	666.612	0.161596	0	1.02	1.02
729	0.00199944	8.78137e-05	1249.88	1050	105	662.675	48.2209	48.2209	192.884	192.884	0 18023.4 8610.73 	26634.1	0.00208725	1.83836e-05	1050	1050	1050	0 1.26244e+06 627238 	1.88968e+06	6.49902	6.5039	12399	666.612	0.161597	0	1.02	1.02
730	0.00199943	8.7815e-05	1249.9	1050	105	662.667	48.2236	48.2236	192.895	192.895	0 18023.3 8611.01 	26634.3	0.00208725	1.83836e-05	1050	1050	1050	0 1.26244e+06 627237 	1.88968e+06	6.49903	6.5039	12399	666.612	0.161597	0	1.02	1.02
731	0.00199943	8.78163e-05	1249.92	1050	105	662.658	48.2264	48.2264	192.905	192.905	0 18023.2 8611.29 	26634.4	0.00208725	1.83836e-05	1050	1050	1050	0 1.26244e+06 627236 	1.88968e+06	6.49905	6.5039	12399	666.612	0.161597	0	1.02	1.02
732	0.00199943	8.78177e-05	1249.94	1050	105	662.649	48.2291	48.2291	192.916	192.916	0 18023 8611.57 	26634.6	0.00208725	1.83836e-05	1050	1050	1050	0 1.26244e+06 627236 	1.88968e+06	6.49906	6.5039	12399	666.612	0.161597	0	1.02	1.02
733	0.00199943	8.7819e-05	1249.96	1050	105	662.64	48.2318	48.2318	192.927	192.927	0 18022.9 8611.84 	26634.8	0.00208725	1.83836e-05	1050	1050	1050	0 1.26244e+06 627235 	1.88967e+06	6.49907	6.5039	12399	666.612	0.161598	0	1.02	1.02
734	0.00199943	8.78203e-05	1249.98	1050	105	662.632	48.2345	48.2345	192.938	192.938	0 18022.8 8612.12 	26634.9	0.00208725	1.83836e-05	1050	1050	1050	0 1.26244e+06 627234 	1.88967e+06	6.49909	6.5039	12399	666.612	0.161598	0	1.02	1.02
735	0.00199943	8.78216e-05	1249.99	1050	105	662.623	48.2372	48.2372	192.949	192.949	0 18022.7 8612.39 	26635.1	0.00208725	1.83836e-05	1050	1050	1050	0 1.26243e+06 627233 	1.88967e+06	6.4991	6.5039	12399	666.612	0.161598	0	1.02	1.02
736	0.00199943	8.78229e-05	1250.01	1050	105	662.614	48.2399	48.2399	192.959	192.959	0 18022.6 8612.67 	26635.3	0.00208725	1.83836e-05	1050	1050	1050	0 1.26243e+06 627232 	1.88967e+06	6.49911	6.5039	12399	666.612	0.161598	0	1.02	1.02
737	0.00199943	8.78242e-05	1250.03	1050	105	662.606	48.2426	48.2426	192.97	192.97	0 18022.5 8612.94 	26635.4	0.00208725	1.83836e-05	1050	1050	1050	0 1.26243e+06 627231 	1.88966e+06	6.49913	6.5039	12399	666.612	0.161599	0	1.02	1.02
738	0.00199942	8.78255e-05	1250.05	1050	105	662.597	48.2452	48.2452	192.981	192.981	0 18022.4 8613.21 	26635.6	0.00208725	1.83836e-05	1050	1050	1050	0 1.26243e+06 627231 	1.88966e+06	6.49914	6.5039	12399	666.612	0.161599	0	1.02	1.02
739	0.00199942	8.78268e-05	1250.07	1050	105	662.589	48.2479	48.2479	192.992	192.992	0 18022.3 8613.49 	26635.8	0.00208725	1.83836e-05	1050	1050	1050	0 1.26243e+06 627230 	1.88966e+06	6.49915	6.5039	12399	666.612	0.161599	0	1.02	1.02
740	0.00199942	8.78281e-05	1250.09	1050	105	662.58	48.2505	48.2505	193.002	193.002	0 18022.2 8613.76 	26635.9	0.00208725	1.83836e-05	1050	1050	1050	0 1.26243e+06 627229 	1.88966e+06	6.49916	6.5039	12399	666.612	0.161599	0	1.02	1.02
741	0.00199942	8.78294e-05	1250.1	1050	105	662.572	48.2532	48.2532	193.013	193.013	0 18022.1 8614.03 	26636.1	0.00208725	1.83836e-05	1050	1050	1050	0 1.26242e+06 627228 	1.88965e+06	6.49918	6.5039	12399	666.612	0.1616	0	1.02	1.02
742	0.00199942	8.78307e-05	1250.12	1050	105	662.563	48.2558	48.2558	193.023	193.023	0 18022 8614.3 	26636.2	0.00208725	1.83836e-05	1050	1050	1050	0 1.26242e+06 627227 	1.88965e+06	6.49919	6.5039	12399	666.612	0.1616	0	1.02	1.02
743	0.00199942	8.7832e-05	1250.14	1050	105	662.555	48.2585	48.2585	193.034	193.034	0 18021.8 8614.57 	26636.4	0.00208725	1.83836e-05	1050	1050	1050	0 1.26242e+06 627227 	1.88965e+06	6.4992	6.5039	12399	666.612	0.1616	0	1.02	1.02
744	0.00199942	8.78333e-05	1250.16	1050	105	662.546	48.2611	48.2611	193.044	193.044	0 18021.7 8614.83 	26636.6	0.00208725	1.83836e-05	1050	1050	1050	0 1.26242e+06 627226 	1.88965e+06	6.49921	6.5039	12399	666.612	0.1616	0	1.02	1.02
745	0.00199941	8.78346e-05	1250.18	1050	105	662.538	48.2637	48.2637	193.055	193.055	0 18021.6 8615.1 	26636.7	0.00208725	1.83836e-05	1050	1050	1050	0 1.26242e+06 627225 	1.88964e+06	6.49923	6.5039	12399	666.612	0.161601	0	1.02	1.02
746	0.00199941	8.78358e-05	1250.19	1050	105	662.53	48.2663	48.2663	193.065	193.065	0 18021.5 8615.37 	26636.9	0.00208725	1.83836e-05	1050	1050	1050	0 1.26242e+06 627224 	1.88964e+06	6.49924	6.5039	12399	666.612	0.161601	0	1.02	1.02
747	0.00199941	8.78371e-05	1250.21	1050	105	662.521	48.2689	48.2689	193.076	193.076	0 18021.4 8615.63 	26637.1	0.00208725	1.83836e-05	1050	1050	1050	0 1.26241e+06 627223 	1.88964e+06	6.49925	6.5039	12399	666.612	0.161601	0	1.02	1.02
748	0.00199941	8.78384e-05	1250.23	1050	105	662.513	48.2715	48.2715	193.086	193.086	0 18021.3 8615.9 	26637.2	0.00208725	1.83836e-05	1050	1050	1050	0 1.26241e+06 627223 	1.88964e+06	6.49927	6.5039	12399	666.612	0.161601	0	1.02	1.02
749	0.00199941	8.78396e-05	1250.25	1050	105	662.505	48.2741	48.2741	193.097	193.097	0 18021.2 8616.16 	26637.4	0.00208725	1.83836e-05	1050	1050	1050	0 1.26241e+06 627222 	1.88963e+06	6.49928	6.5039	12399	666.612	0.161602	0	1.02	1.02
750	0.00199941	8.78409e-05	1250.26	1050	105	662.496	48.2767	48.2767	193.107	193.107	0 18021.1 8616.43 	26637.5	0.00208725	1.83836e-05	1050	1050	1050	0 1.26241e+06 627221 	1.88963e+06	6.49929	6.5039	12399	666.612	0.161602	0	1.02	1.02
751	0.00199941	8.78422e-05	1250.28	1050	105	662.488	48.2793	48.2793	193.117	193.117	0 18021 8616.69 	26637.7	0.00208725	1.83836e-05	1050	1050	1050	0 1.26241e+06 627220 	1.88963e+06	6.4993	6.5039	12399	666.612	0.161602	0	1.02	1.02
752	0.00199941	8.78434e-05	1250.3	1050	105	662.48	48.2819	48.2819	193.127	193.127	0 18020.9 8616.95 	26637.8	0.00208725	1.83836e-05	1050	1050	1050	0 1.26241e+06 627219 	1.88963e+06	6.49932	6.5039	12399	666.612	0.161602	0	1.02	1.02
753	0.0019994	8.78447e-05	1250.32	1050	105	662.472	48.2844	48.2844	193.138	193.138	0 18020.8 8617.21 	26638	0.00208725	1.83836e-05	1050	1050	1050	0 1.26241e+06 627219 	1.88962e+06	6.49933	6.5039	12399	666.612	0.161602	0	1.02	1.02
754	0.0019994	8.78459e-05	1250.33	1050	105	662.464	48.287	48.287	193.148	193.148	0 18020.7 8617.47 	26638.2	0.00208725	1.83836e-05	1050	1050	1050	0 1.2624e+06 627218 	1.88962e+06	6.49934	6.5039	12399	666.612	0.161603	0	1.02	1.02
755	0.0019994	8.78472e-05	1250.35	1050	105	662.456	48.2895	48.2895	193.158	193.158	0 18020.6 8617.73 	26638.3	0.00208725	1.83836e-05	1050	1050	1050	0 1.2624e+06 627217 	1.88962e+06	6.49935	6.5039	12399	666.612	0.161603	0	1.02	1.02
756	0.0019994	8.78484e-05	1250.37	1050	105	662.447	48.2921	48.2921	193.168	193.168	0 18020.5 8617.99 	26638.5	0.00208725	1.83836e-05	1050	1050	1050	0 1.2624e+06 627216 	1.88962e+06	6.49936	6.5039	12399	666.612	0.161603	0	1.02	1.02
757	0.0019994	8.78497e-05	1250.39	1050	105	662.439	48.2946	48.2946	193.178	193.178	0 18020.4 8618.25 	26638.6	0.00208725	1.83836e-05	1050	1050	1050	0 1.2624e+06 627215 	1.88961e+06	6.49938	6.5039	12399	666.612	0.161603	0	1.02	1.02
758	0.0019994	8.78509e-05	1250.4	1050	105	662.431	48.2971	48.2971	193.189	193.189	0 18020.3 8618.51 	26638.8	0.00208725	1.83836e-05	1050	1050	1050	0 1.2624e+06 627215 	1.88961e+06	6.49939	6.5039	12399	666.612	0.161604	0	1.02	1.02
759	0.0019994	8.78521e-05	1250.42	1050	105	662.423	48.2997	48.2997	193.199	193.199	0 18020.2 8618.77 	26638.9	0.00208725	1.83836e-05	1050	1050	1050	0 1.2624e+06 627214 	1.88961e+06	6.4994	6.5039	12399	666.612	0.161604	0	1.02	1.02
760	0.0019994	8.78534e-05	1250.44	1050	105	662.415	48.3022	48.3022	193.209	193.209	0 18020.1 8619.02 	26639.1	0.00208725	1.83836e-05	1050	1050	1050	0 1.26239e+06 627213 	1.88961e+06	6.49941	6.5039	12399	666.612	0.161604	0	1.02	1.02
761	0.00199939	8.78546e-05	1250.45	1050	105	662.407	48.3047	48.3047	193.219	193.219	0 18020 8619.28 	26639.2	0.00208725	1.83836e-05	1050	1050	1050	0 1.26239e+06 627212 	1.8896e+06	6.49943	6.5039	12399	666.612	0.161604	0	1.02	1.02
762	0.00199939	8.78558e-05	1250.47	1050	105	662.399	48.3072	48.3072	193.229	193.229	0 18019.9 8619.54 	26639.4	0.00208725	1.83836e-05	1050	1050	1050	0 1.26239e+06 627212 	1.8896e+06	6.49944	6.5039	12399	666.612	0.161605	0	1.02	1.02
763	0.00199939	8.7857e-05	1250.49	1050	105	662.392	48.3097	48.3097	193.239	193.239	0 18019.8 8619.79 	26639.6	0.00208725	1.83836e-05	1050	1050	1050	0 1.26239e+06 627211 	1.8896e+06	6.49945	6.5039	12399	666.612	0.161605	0	1.02	1.02
764	0.00199939	8.78583e-05	1250.51	1050	105	662.384	48.3121	48.3121	193.249	193.249	0 18019.7 8620.04 	26639.7	0.00208725	1.83836e-05	1050	1050	1050	0 1.26239e+06 627210 	1.8896e+06	6.49946	6.5039	12399	666.612	0.161605	0	1.02	1.02
765	0.00199939	8.78595e-05	1250.52	1050	105	662.376	48.3146	48.3146	193.258	193.258	0 18019.6 8620.3 	26639.9	0.00208725	1.83836e-05	1050	1050	1050	0 1.26239e+06 627209 	1.8896e+06	6.49947	6.5039	12399	666.612	0.161605	0	1.02	1.02
766	0.00199939	8.78607e-05	1250.54	1050	105	662.368	48.3171	48.3171	193.268	193.268	0 18019.5 8620.55 	26640	0.00208725	1.83836e-05	1050	1050	1050	0 1.26238e+06 627208 	1.88959e+06	6.49949	6.5039	12399	666.612	0.161606	0	1.02	1.02
767	0.00199939	8.78619e-05	1250.56	1050	105	662.36	48.3196	48.3196	193.278	193.278	0 18019.4 8620.8 	26640.2	0.00208725	1.83836e-05	1050	1050	1050	0 1.26238e+06 627208 	1.88959e+06	6.4995	6.5039	12399	666.612	0.161606	0	1.02	1.02
768	0.00199939	8.78631e-05	1250.57	1050	105	662.352	48.322	48.322	193.288	193.288	0 18019.3 8621.05 	26640.3	0.00208725	1.83836e-05	1050	1050	1050	0 1.26238e+06 627207 	1.88959e+06	6.49951	6.5039	12399	666.612	0.161606	0	1.02	1.02
769	0.00199938	8.78643e-05	1250.59	1050	105	662.345	48.3245	48.3245	193.298	193.298	0 18019.2 8621.3 	26640.5	0.00208725	1.83836e-05	1050	1050	1050	0 1.26238e+06 627206 	1.88959e+06	6.49952	6.5039	12399	666.612	0.161606	0	1.02	1.02
770	0.00199938	8.78655e-05	1250.61	1050	105	662.337	48.3269	48.3269	193.308	193.308	0 18019.1 8621.55 	26640.6	0.00208725	1.83836e-05	1050	1050	1050	0 1.26238e+06 627205 	1.88958e+06	6.49953	6.5039	12399	666.612	0.161606	0	1.02	1.02
771	0.00199938	8.78667e-05	1250.62	1050	105	662.329	48.3293	48.3293	193.317	193.317	0 18019 8621.8 	26640.8	0.00208725	1.83836e-05	1050	1050	1050	0 1.26238e+06 627205 	1.88958e+06	6.49955	6.5039	12399	666.612	0.161607	0	1.02	1.02
772	0.00199938	8.78679e-05	1250.64	1050	105	662.321	48.3318	48.3318	193.327	193.327	0 18018.9 8622.05 	26640.9	0.00208725	1.83836e-05	1050	1050	1050	0 1.26238e+06 627204 	1.88958e+06	6.49956	6.5039	12399	666.612	0.161607	0	1.02	1.02
773	0.00199938	8.78691e-05	1250.66	1050	105	662.314	48.3342	48.3342	193.337	193.337	0 18018.8 8622.29 	26641.1	0.00208725	1.83836e-05	1050	1050	1050	0 1.26237e+06 627203 	1.88958e+06	6.49957	6.5039	12399	666.612	0.161607	0	1.02	1.02
774	0.00199938	8.78703e-05	1250.67	1050	105	662.306	48.3366	48.3366	193.346	193.346	0 18018.7 8622.54 	26641.2	0.00208725	1.83836e-05	1050	1050	1050	0 1.26237e+06 627202 	1.88957e+06	6.49958	6.5039	12399	666.612	0.161607	0	1.02	1.02
775	0.00199938	8.78715e-05	1250.69	1050	105	662.299	48.339	48.339	193.356	193.356	0 18018.6 8622.79 	26641.4	0.00208725	1.83836e-05	1050	1050	1050	0 1.26237e+06 627202 	1.88957e+06	6.49959	6.5039	12399	666.612	0.161608	0	1.02	1.02
776	0.00199938	8.78726e-05	1250.71	1050	105	662.291	48.3414	48.3414	193.366	193.366	0 18018.5 8623.03 	26641.5	0.00208725	1.83836e-05	1050	1050	1050	0 1.26237e+06 627201 	1.88957e+06	6.4996	6.5039	12399	666.612	0.161608	0	1.02	1.02
777	0.00199937	8.78738e-05	1250.72	1050	105	662.283	48.3438	48.3438	193.375	193.375	0 18018.4 8623.28 	26641.7	0.00208725	1.83836e-05	1050	1050	1050	0 1.26237e+06 627200 	1.88957e+06	6.49962	6.5039	12399	666.612	0.161608	0	1.02	1.02
778	0.00199937	8.7875e-05	1250.74	1050	105	662.276	48.3462	48.3462	193.385	193.385	0 18018.3 8623.52 	26641.8	0.00208725	1.83836e-05	1050	1050	1050	0 1.26237e+06 627199 	1.88957e+06	6.49963	6.5039	12399	666.612	0.161608	0	1.02	1.02
779	0.00199937	8.78762e-05	1250.75	1050	105	662.268	48.3486	48.3486	193.394	193.394	0 18018.2 8623.76 	26642	0.00208725	1.83836e-05	1050	1050	1050	0 1.26236e+06 627199 	1.88956e+06	6.49964	6.5039	12399	666.612	0.161608	0	1.02	1.02
780	0.00199937	8.78773e-05	1250.77	1050	105	662.261	48.351	48.351	193.404	193.404	0 18018.1 8624.01 	26642.1	0.00208725	1.83836e-05	1050	1050	1050	0 1.26236e+06 627198 	1.88956e+06	6.49965	6.5039	12399	666.612	0.161609	0	1.02	1.02
781	0.00199937	8.78785e-05	1250.79	1050	105	662.253	48.3533	48.3533	193.413	193.413	0 18018 8624.25 	26642.2	0.00208725	1.83836e-05	1050	1050	1050	0 1.26236e+06 627197 	1.88956e+06	6.49966	6.5039	12399	666.612	0.161609	0	1.02	1.02
782	0.00199937	8.78797e-05	1250.8	1050	105	662.246	48.3557	48.3557	193.423	193.423	0 18017.9 8624.49 	26642.4	0.00208725	1.83836e-05	1050	1050	1050	0 1.26236e+06 627197 	1.88956e+06	6.49967	6.5039	12399	666.612	0.161609	0	1.02	1.02
783	0.00199937	8.78808e-05	1250.82	1050	105	662.239	48.358	48.358	193.432	193.432	0 18017.8 8624.73 	26642.5	0.00208725	1.83836e-05	1050	1050	1050	0 1.26236e+06 627196 	1.88955e+06	6.49968	6.5039	12399	666.612	0.161609	0	1.02	1.02
784	0.00199937	8.7882e-05	1250.84	1050	105	662.231	48.3604	48.3604	193.442	193.442	0 18017.7 8624.97 	26642.7	0.00208725	1.83836e-05	1050	1050	1050	0 1.26236e+06 627195 	1.88955e+06	6.4997	6.5039	12399	666.612	0.16161	0	1.02	1.02
785	0.00199937	8.78831e-05	1250.85	1050	105	662.224	48.3627	48.3627	193.451	193.451	0 18017.6 8625.21 	26642.8	0.00208725	1.83836e-05	1050	1050	1050	0 1.26236e+06 627194 	1.88955e+06	6.49971	6.5039	12399	666.612	0.16161	0	1.02	1.02
786	0.00199936	8.78843e-05	1250.87	1050	105	662.216	48.3651	48.3651	193.46	193.46	0 18017.5 8625.45 	26643	0.00208725	1.83836e-05	1050	1050	1050	0 1.26235e+06 627194 	1.88955e+06	6.49972	6.5039	12399	666.612	0.16161	0	1.02	1.02
787	0.00199936	8.78854e-05	1250.88	1050	105	662.209	48.3674	48.3674	193.47	193.47	0 18017.4 8625.68 	26643.1	0.00208725	1.83836e-05	1050	1050	1050	0 1.26235e+06 627193 	1.88955e+06	6.49973	6.5039	12399	666.612	0.16161	0	1.02	1.02
788	0.00199936	8.78866e-05	1250.9	1050	105	662.202	48.3697	48.3697	193.479	193.479	0 18017.3 8625.92 	26643.3	0.00208725	1.83836e-05	1050	1050	1050	0 1.26235e+06 627192 	1.88954e+06	6.49974	6.5039	12399	666.612	0.16161	0	1.02	1.02
789	0.00199936	8.78877e-05	1250.91	1050	105	662.195	48.372	48.372	193.488	193.488	0 18017.2 8626.16 	26643.4	0.00208725	1.83836e-05	1050	1050	1050	0 1.26235e+06 627191 	1.88954e+06	6.49975	6.5039	12399	666.612	0.161611	0	1.02	1.02
790	0.00199936	8.78888e-05	1250.93	1050	105	662.187	48.3743	48.3743	193.497	193.497	0 18017.2 8626.39 	26643.5	0.00208725	1.83836e-05	1050	1050	1050	0 1.26235e+06 627191 	1.88954e+06	6.49976	6.5039	12399	666.612	0.161611	0	1.02	1.02
791	0.00199936	8.789e-05	1250.95	1050	105	662.18	48.3766	48.3766	193.507	193.507	0 18017.1 8626.63 	26643.7	0.00208725	1.83836e-05	1050	1050	1050	0 1.26235e+06 627190 	1.88954e+06	6.49978	6.5039	12399	666.612	0.161611	0	1.02	1.02
792	0.00199936	8.78911e-05	1250.96	1050	105	662.173	48.3789	48.3789	193.516	193.516	0 18017 8626.86 	26643.8	0.00208725	1.83836e-05	1050	1050	1050	0 1.26235e+06 627189 	1.88954e+06	6.49979	6.5039	12399	666.612	0.161611	0	1.02	1.02
793	0.00199936	8.78922e-05	1250.98	1050	105	662.166	48.3812	48.3812	193.525	193.525	0 18016.9 8627.1 	26644	0.00208725	1.83836e-05	1050	1050	1050	0 1.26234e+06 627189 	1.88953e+06	6.4998	6.5039	12399	666.612	0.161611	0	1.02	1.02
794	0.00199935	8.78934e-05	1250.99	1050	105	662.159	48.3835	48.3835	193.534	193.534	0 18016.8 8627.33 	26644.1	0.00208725	1.83836e-05	1050	1050	1050	0 1.26234e+06 627188 	1.88953e+06	6.49981	6.5039	12399	666.612	0.161612	0	1.02	1.02
795	0.00199935	8.78945e-05	1251.01	1050	105	662.151	48.3858	48.3858	193.543	193.543	0 18016.7 8627.56 	26644.3	0.00208725	1.83836e-05	1050	1050	1050	0 1.26234e+06 627187 	1.88953e+06	6.49982	6.5039	12399	666.612	0.161612	0	1.02	1.02
796	0.00199935	8.78956e-05	1251.02	1050	105	662.144	48.388	48.388	193.552	193.552	0 18016.6 8627.79 	26644.4	0.00208725	1.83836e-05	1050	1050	1050	0 1.26234e+06 627186 	1.88953e+06	6.49983	6.5039	12399	666.612	0.161612	0	1.02	1.02
797	0.00199935	8.78967e-05	1251.04	1050	105	662.137	48.3903	48.3903	193.561	193.561	0 18016.5 8628.02 	26644.5	0.00208725	1.83836e-05	1050	1050	1050	0 1.26234e+06 627186 	1.88952e+06	6.49984	6.5039	12399	666.612	0.161612	0	1.02	1.02
798	0.00199935	8.78978e-05	1251.06	1050	105	662.13	48.3926	48.3926	193.57	193.57	0 18016.4 8628.25 	26644.7	0.00208725	1.83836e-05	1050	1050	1050	0 1.26234e+06 627185 	1.88952e+06	6.49985	6.5039	12399	666.612	0.161613	0	1.02	1.02
799	0.00199935	8.78989e-05	1251.07	1050	105	662.123	48.3948	48.3948	193.579	193.579	0 18016.3 8628.48 	26644.8	0.00208725	1.83836e-05	1050	1050	1050	0 1.26234e+06 627184 	1.88952e+06	6.49986	6.5039	12399	666.612	0.161613	0	1.02	1.02
800	0.00199935	8.79e-05	1251.09	1050	105	662.116	48.3971	48.3971	193.588	193.588	0 18016.2 8628.71 	26645	0.00208725	1.83836e-05	1050	1050	1050	0 1.26233e+06 627184 	1.88952e+06	6.49987	6.5039	12399	666.612	0.161613	0	1.02	1.02
801	0.00199935	8.79011e-05	1251.1	1050	105	662.109	48.3993	48.3993	193.597	193.597	0 18016.2 8628.94 	26645.1	0.00208725	1.83836e-05	1050	1050	1050	0 1.26233e+06 627183 	1.88952e+06	6.49989	6.5039	12399	666.612	0.161613	0	1.02	1.02
802	0.00199935	8.79022e-05	1251.12	1050	105	662.102	48.4015	48.4015	193.606	193.606	0 18016.1 8629.17 	26645.2	0.00208725	1.83836e-05	1050	1050	1050	0 1.26233e+06 627182 	1.88951e+06	6.4999	6.5039	12399	666.612	0.161613	0	1.02	1.02
803	0.00199934	8.79033e-05	1251.13	1050	105	662.095	48.4038	48.4038	193.615	193.615	0 18016 8629.4 	26645.4	0.00208725	1.83836e-05	1050	1050	1050	0 1.26233e+06 627182 	1.88951e+06	6.49991	6.5039	12399	666.612	0.161614	0	1.02	1.02
804	0.00199934	8.79044e-05	1251.15	1050	105	662.088	48.406	48.406	193.624	193.624	0 18015.9 8629.62 	26645.5	0.00208725	1.83836e-05	1050	1050	1050	0 1.26233e+06 627181 	1.88951e+06	6.49992	6.5039	12399	666.612	0.161614	0	1.02	1.02
805	0.00199934	8.79055e-05	1251.16	1050	105	662.081	48.4082	48.4082	193.633	193.633	0 18015.8 8629.85 	26645.6	0.00208725	1.83836e-05	1050	1050	1050	0 1.26233e+06 627180 	1.88951e+06	6.49993	6.5039	12399	666.612	0.161614	0	1.02	1.02
806	0.00199934	8.79066e-05	1251.18	1050	105	662.074	48.4104	48.4104	193.642	193.642	0 18015.7 8630.07 	26645.8	0.00208725	1.83836e-05	1050	1050	1050	0 1.26233e+06 627179 	1.88951e+06	6.49994	6.5039	12399	666.612	0.161614	0	1.02	1.02
807	0.00199934	8.79077e-05	1251.19	1050	105	662.068	48.4126	48.4126	193.65	193.65	0 18015.6 8630.3 	26645.9	0.00208725	1.83836e-05	1050	1050	1050	0 1.26232e+06 627179 	1.8895e+06	6.49995	6.5039	12399	666.612	0.161614	0	1.02	1.02
808	0.00199934	8.79088e-05	1251.21	1050	105	662.061	48.4148	48.4148	193.659	193.659	0 18015.5 8630.52 	26646.1	0.00208725	1.83836e-05	1050	1050	1050	0 1.26232e+06 627178 	1.8895e+06	6.49996	6.5039	12399	666.612	0.161615	0	1.02	1.02
809	0.00199934	8.79099e-05	1251.22	1050	105	662.054	48.417	48.417	193.668	193.668	0 18015.4 8630.75 	26646.2	0.00208725	1.83836e-05	1050	1050	1050	0 1.26232e+06 627177 	1.8895e+06	6.49997	6.5039	12399	666.612	0.161615	0	1.02	1.02
810	0.00199934	8.7911e-05	1251.24	1050	105	662.047	48.4191	48.4191	193.677	193.677	0 18015.4 8630.97 	26646.3	0.00208725	1.83836e-05	1050	1050	1050	0 1.26232e+06 627177 	1.8895e+06	6.49998	6.5039	12399	666.612	0.161615	0	1.02	1.02
811	0.00199934	8.7912e-05	1251.25	1050	105	662.04	48.4213	48.4213	193.685	193.685	0 18015.3 8631.19 	26646.5	0.00208725	1.83836e-05	1050	1050	1050	0 1.26232e+06 627176 	1.88949e+06	6.49999	6.5039	12399	666.612	0.161615	0	1.02	1.02
812	0.00199933	8.79131e-05	1251.27	1050	105	662.033	48.4235	48.4235	193.694	193.694	0 18015.2 8631.41 	26646.6	0.00208725	1.83836e-05	1050	1050	1050	0 1.26232e+06 627175 	1.88949e+06	6.5	6.5039	12399	666.612	0.161615	0	1.02	1.02
813	0.00199933	8.79142e-05	1251.28	1050	105	662.027	48.4256	48.4256	193.703	193.703	0 18015.1 8631.63 	26646.7	0.00208725	1.83836e-05	1050	1050	1050	0 1.26232e+06 627175 	1.88949e+06	6.50001	6.5039	12399	666.612	0.161616	0	1.02	1.02
814	0.00199933	8.79152e-05	1251.3	1050	105	662.02	48.4278	48.4278	193.711	193.711	0 18015 8631.85 	26646.9	0.00208725	1.83836e-05	1050	1050	1050	0 1.26231e+06 627174 	1.88949e+06	6.50002	6.5039	12399	666.612	0.161616	0	1.02	1.02
815	0.00199933	8.79163e-05	1251.31	1050	105	662.013	48.43	48.43	193.72	193.72	0 18014.9 8632.07 	26647	0.00208725	1.83836e-05	1050	1050	1050	0 1.26231e+06 627173 	1.88949e+06	6.50004	6.5039	12399	666.612	0.161616	0	1.02	1.02
816	0.00199933	8.79174e-05	1251.33	1050	105	662.007	48.4321	48.4321	193.728	193.728	0 18014.8 8632.29 	26647.1	0.00208725	1.83836e-05	1050	1050	1050	0 1.26231e+06 627173 	1.88948e+06	6.50005	6.5039	12399	666.612	0.161616	0	1.02	1.02
817	0.00199933	8.79184e-05	1251.34	1050	105	662	48.4342	48.4342	193.737	193.737	0 18014.8 8632.51 	26647.3	0.00208725	1.83836e-05	1050	1050	1050	0 1.26231e+06 627172 	1.88948e+06	6.50006	6.5039	12399	666.612	0.161616	0	1.02	1.02
818	0.00199933	8.79195e-05	1251.36	1050	105	661.993	48.4364	48.4364	193.745	193.745	0 18014.7 8632.73 	26647.4	0.00208725	1.83836e-05	1050	1050	1050	0 1.26231e+06 627171 	1.88948e+06	6.50007	6.5039	12399	666.612	0.161617	0	1.02	1.02
819	0.00199933	8.79205e-05	1251.37	1050	105	661.987	48.4385	48.4385	193.754	193.754	0 18014.6 8632.95 	26647.5	0.00208725	1.83836e-05	1050	1050	1050	0 1.26231e+06 627171 	1.88948e+06	6.50008	6.5039	12399	666.612	0.161617	0	1.02	1.02
820	0.00199933	8.79216e-05	1251.39	1050	105	661.98	48.4406	48.4406	193.762	193.762	0 18014.5 8633.16 	26647.7	0.00208725	1.83836e-05	1050	1050	1050	0 1.26231e+06 627170 	1.88948e+06	6.50009	6.5039	12399	666.612	0.161617	0	1.02	1.02
821	0.00199933	8.79226e-05	1251.4	1050	105	661.974	48.4427	48.4427	193.771	193.771	0 18014.4 8633.38 	26647.8	0.00208725	1.83836e-05	1050	1050	1050	0 1.26231e+06 627169 	1.88947e+06	6.5001	6.5039	12399	666.612	0.161617	0	1.02	1.02
822	0.00199932	8.79237e-05	1251.42	1050	105	661.967	48.4448	48.4448	193.779	193.779	0 18014.3 8633.59 	26647.9	0.00208725	1.83836e-05	1050	1050	1050	0 1.2623e+06 627169 	1.88947e+06	6.50011	6.5039	12399	666.612	0.161617	0	1.02	1.02
823	0.00199932	8.79247e-05	1251.43	1050	105	661.961	48.4469	48.4469	193.788	193.788	0 18014.2 8633.81 	26648.1	0.00208725	1.83836e-05	1050	1050	1050	0 1.2623e+06 627168 	1.88947e+06	6.50012	6.5039	12399	666.612	0.161618	0	1.02	1.02
824	0.00199932	8.79257e-05	1251.44	1050	105	661.954	48.449	48.449	193.796	193.796	0 18014.2 8634.02 	26648.2	0.00208725	1.83836e-05	1050	1050	1050	0 1.2623e+06 627167 	1.88947e+06	6.50013	6.5039	12399	666.612	0.161618	0	1.02	1.02
825	0.00199932	8.79268e-05	1251.46	1050	105	661.948	48.4511	48.4511	193.804	193.804	0 18014.1 8634.24 	26648.3	0.00208725	1.83836e-05	1050	1050	1050	0 1.2623e+06 627167 	1.88947e+06	6.50014	6.5039	12399	666.612	0.161618	0	1.02	1.02
826	0.00199932	8.79278e-05	1251.47	1050	105	661.941	48.4532	48.4532	193.813	193.813	0 18014 8634.45 	26648.4	0.00208725	1.83836e-05	1050	1050	1050	0 1.2623e+06 627166 	1.88946e+06	6.50015	6.5039	12399	666.612	0.161618	0	1.02	1.02
827	0.00199932	8.79288e-05	1251.49	1050	105	661.935	48.4553	48.4553	193.821	193.821	0 18013.9 8634.66 	26648.6	0.00208725	1.83836e-05	1050	1050	1050	0 1.2623e+06 627165 	1.88946e+06	6.50016	6.5039	12399	666.612	0.161618	0	1.02	1.02
828	0.00199932	8.79299e-05	1251.5	1050	105	661.928	48.4573	48.4573	193.829	193.829	0 18013.8 8634.87 	26648.7	0.00208725	1.83836e-05	1050	1050	1050	0 1.2623e+06 627165 	1.88946e+06	6.50017	6.5039	12399	666.612	0.161619	0	1.02	1.02
829	0.00199932	8.79309e-05	1251.52	1050	105	661.922	48.4594	48.4594	193.838	193.838	0 18013.7 8635.08 	26648.8	0.00208725	1.83836e-05	1050	1050	1050	0 1.26229e+06 627164 	1.88946e+06	6.50018	6.5039	12399	666.612	0.161619	0	1.02	1.02
830	0.00199932	8.79319e-05	1251.53	1050	105	661.915	48.4615	48.4615	193.846	193.846	0 18013.7 8635.29 	26649	0.00208725	1.83836e-05	1050	1050	1050	0 1.26229e+06 627163 	1.88946e+06	6.50019	6.5039	12399	666.612	0.161619	0	1.02	1.02
831	0.00199931	8.79329e-05	1251.54	1050	105	661.909	48.4635	48.4635	193.854	193.854	0 18013.6 8635.5 	26649.1	0.00208725	1.83836e-05	1050	1050	1050	0 1.26229e+06 627163 	1.88945e+06	6.5002	6.5039	12399	666.612	0.161619	0	1.02	1.02
832	0.00199931	8.79339e-05	1251.56	1050	105	661.903	48.4656	48.4656	193.862	193.862	0 18013.5 8635.71 	26649.2	0.00208725	1.83836e-05	1050	1050	1050	0 1.26229e+06 627162 	1.88945e+06	6.50021	6.5039	12399	666.612	0.161619	0	1.02	1.02
833	0.00199931	8.79349e-05	1251.57	1050	105	661.896	48.4676	48.4676	193.87	193.87	0 18013.4 8635.92 	26649.3	0.00208725	1.83836e-05	1050	1050	1050	0 1.26229e+06 627161 	1.88945e+06	6.50022	6.5039	12399	666.612	0.16162	0	1.02	1.02
834	0.00199931	8.7936e-05	1251.59	1050	105	661.89	48.4696	48.4696	193.879	193.879	0 18013.3 8636.13 	26649.5	0.00208725	1.83836e-05	1050	1050	1050	0 1.26229e+06 627161 	1.88945e+06	6.50023	6.5039	12399	666.612	0.16162	0	1.02	1.02
835	0.00199931	8.7937e-05	1251.6	1050	105	661.884	48.4717	48.4717	193.887	193.887	0 18013.3 8636.34 	26649.6	0.00208725	1.83836e-05	1050	1050	1050	0 1.26229e+06 627160 	1.88945e+06	6.50024	6.5039	12399	666.612	0.16162	0	1.02	1.02
836	0.00199931	8.7938e-05	1251.61	1050	105	661.878	48.4737	48.4737	193.895	193.895	0 18013.2 8636.54 	26649.7	0.00208725	1.83836e-05	1050	1050	1050	0 1.26229e+06 627160 	1.88945e+06	6.50025	6.5039	12399	666.612	0.16162	0	1.02	1.02
837	0.00199931	8.7939e-05	1251.63	1050	105	661.871	48.4757	48.4757	193.903	193.903	0 18013.1 8636.75 	26649.8	0.00208725	1.83836e-05	1050	1050	1050	0 1.26228e+06 627159 	1.88944e+06	6.50026	6.5039	12399	666.612	0.16162	0	1.02	1.02
838	0.00199931	8.794e-05	1251.64	1050	105	661.865	48.4777	48.4777	193.911	193.911	0 18013 8636.95 	26650	0.00208725	1.83836e-05	1050	1050	1050	0 1.26228e+06 627158 	1.88944e+06	6.50027	6.5039	12399	666.612	0.16162	0	1.02	1.02
839	0.00199931	8.7941e-05	1251.66	1050	105	661.859	48.4797	48.4797	193.919	193.919	0 18012.9 8637.16 	26650.1	0.00208725	1.83836e-05	1050	1050	1050	0 1.26228e+06 627158 	1.88944e+06	6.50028	6.5039	12399	666.612	0.161621	0	1.02	1.02
840	0.00199931	8.7942e-05	1251.67	1050	105	661.853	48.4817	48.4817	193.927	193.927	0 18012.9 8637.36 	26650.2	0.00208725	1.83836e-05	1050	1050	1050	0 1.26228e+06 627157 	1.88944e+06	6.50029	6.5039	12399	666.612	0.161621	0	1.02	1.02
841	0.0019993	8.79429e-05	1251.68	1050	105	661.847	48.4837	48.4837	193.935	193.935	0 18012.8 8637.57 	26650.3	0.00208725	1.83836e-05	1050	1050	1050	0 1.26228e+06 627156 	1.88944e+06	6.5003	6.5039	12399	666.612	0.161621	0	1.02	1.02
842	0.0019993	8.79439e-05	1251.7	1050	105	661.84	48.4857	48.4857	193.943	193.943	0 18012.7 8637.77 	26650.5	0.00208725	1.83836e-05	1050	1050	1050	0 1.26228e+06 627156 	1.88943e+06	6.50031	6.5039	12399	666.612	0.161621	0	1.02	1.02
843	0.0019993	8.79449e-05	1251.71	1050	105	661.834	48.4877	48.4877	193.951	193.951	0 18012.6 8637.97 	26650.6	0.00208725	1.83836e-05	1050	1050	1050	0 1.26228e+06 627155 	1.88943e+06	6.50032	6.5039	12399	666.612	0.161621	0	1.02	1.02
844	0.0019993	8.79459e-05	1251.72	1050	105	661.828	48.4897	48.4897	193.959	193.959	0 18012.5 8638.18 	26650.7	0.00208725	1.83836e-05	1050	1050	1050	0 1.26228e+06 627155 	1.88943e+06	6.50033	6.5039	12399	666.612	0.161622	0	1.02	1.02
845	0.0019993	8.79469e-05	1251.74	1050	105	661.822	48.4916	48.4916	193.967	193.967	0 18012.5 8638.38 	26650.8	0.00208725	1.83836e-05	1050	1050	1050	0 1.26227e+06 627154 	1.88943e+06	6.50034	6.5039	12399	666.612	0.161622	0	1.02	1.02
846	0.0019993	8.79479e-05	1251.75	1050	105	661.816	48.4936	48.4936	193.974	193.974	0 18012.4 8638.58 	26651	0.00208725	1.83836e-05	1050	1050	1050	0 1.26227e+06 627153 	1.88943e+06	6.50035	6.5039	12399	666.612	0.161622	0	1.02	1.02
847	0.0019993	8.79488e-05	1251.77	1050	105	661.81	48.4956	48.4956	193.982	193.982	0 18012.3 8638.78 	26651.1	0.00208725	1.83836e-05	1050	1050	1050	0 1.26227e+06 627153 	1.88942e+06	6.50036	6.5039	12399	666.612	0.161622	0	1.02	1.02
848	0.0019993	8.79498e-05	1251.78	1050	105	661.804	48.4975	48.4975	193.99	193.99	0 18012.2 8638.98 	26651.2	0.00208725	1.83836e-05	1050	1050	1050	0 1.26227e+06 627152 	1.88942e+06	6.50037	6.5039	12399	666.612	0.161622	0	1.02	1.02
849	0.0019993	8.79508e-05	1251.79	1050	105	661.798	48.4995	48.4995	193.998	193.998	0 18012.1 8639.18 	26651.3	0.00208725	1.83836e-05	1050	1050	1050	0 1.26227e+06 627151 	1.88942e+06	6.50038	6.5039	12399	666.612	0.161622	0	1.02	1.02
850	0.0019993	8.79517e-05	1251.81	1050	105	661.792	48.5014	48.5014	194.006	194.006	0 18012.1 8639.38 	26651.4	0.00208725	1.83836e-05	1050	1050	1050	0 1.26227e+06 627151 	1.88942e+06	6.50039	6.5039	12399	666.612	0.161623	0	1.02	1.02
851	0.00199929	8.79527e-05	1251.82	1050	105	661.786	48.5034	48.5034	194.013	194.013	0 18012 8639.57 	26651.6	0.00208725	1.83836e-05	1050	1050	1050	0 1.26227e+06 627150 	1.88942e+06	6.5004	6.5039	12399	666.612	0.161623	0	1.02	1.02
852	0.00199929	8.79537e-05	1251.83	1050	105	661.78	48.5053	48.5053	194.021	194.021	0 18011.9 8639.77 	26651.7	0.00208725	1.83836e-05	1050	1050	1050	0 1.26227e+06 627150 	1.88941e+06	6.5004	6.5039	12399	666.612	0.161623	0	1.02	1.02
853	0.00199929	8.79546e-05	1251.85	1050	105	661.774	48.5072	48.5072	194.029	194.029	0 18011.8 8639.97 	26651.8	0.00208725	1.83836e-05	1050	1050	1050	0 1.26226e+06 627149 	1.88941e+06	6.50041	6.5039	12399	666.612	0.161623	0	1.02	1.02
854	0.00199929	8.79556e-05	1251.86	1050	105	661.768	48.5091	48.5091	194.037	194.037	0 18011.8 8640.17 	26651.9	0.00208725	1.83836e-05	1050	1050	1050	0 1.26226e+06 627148 	1.88941e+06	6.50042	6.5039	12399	666.612	0.161623	0	1.02	1.02
855	0.00199929	8.79565e-05	1251.87	1050	105	661.762	48.5111	48.5111	194.044	194.044	0 18011.7 8640.36 	26652.1	0.00208725	1.83836e-05	1050	1050	1050	0 1.26226e+06 627148 	1.88941e+06	6.50043	6.5039	12399	666.612	0.161624	0	1.02	1.02
856	0.00199929	8.79575e-05	1251.89	1050	105	661.756	48.513	48.513	194.052	194.052	0 18011.6 8640.56 	26652.2	0.00208725	1.83836e-05	1050	1050	1050	0 1.26226e+06 627147 	1.88941e+06	6.50044	6.5039	12399	666.612	0.161624	0	1.02	1.02
857	0.00199929	8.79584e-05	1251.9	1050	105	661.751	48.5149	48.5149	194.06	194.06	0 18011.5 8640.75 	26652.3	0.00208725	1.83836e-05	1050	1050	1050	0 1.26226e+06 627147 	1.88941e+06	6.50045	6.5039	12399	666.612	0.161624	0	1.02	1.02
858	0.00199929	8.79594e-05	1251.91	1050	105	661.745	48.5168	48.5168	194.067	194.067	0 18011.5 8640.95 	26652.4	0.00208725	1.83836e-05	1050	1050	1050	0 1.26226e+06 627146 	1.8894e+06	6.50046	6.5039	12399	666.612	0.161624	0	1.02	1.02
859	0.00199929	8.79603e-05	1251.93	1050	105	661.739	48.5187	48.5187	194.075	194.075	0 18011.4 8641.14 	26652.5	0.00208725	1.83836e-05	1050	1050	1050	0 1.26226e+06 627145 	1.8894e+06	6.50047	6.5039	12399	666.612	0.161624	0	1.02	1.02
860	0.00199929	8.79613e-05	1251.94	1050	105	661.733	48.5206	48.5206	194.082	194.082	0 18011.3 8641.33 	26652.6	0.00208725	1.83836e-05	1050	1050	1050	0 1.26226e+06 627145 	1.8894e+06	6.50048	6.5039	12399	666.612	0.161624	0	1.02	1.02
861	0.00199929	8.79622e-05	1251.95	1050	105	661.727	48.5224	48.5224	194.09	194.09	0 18011.2 8641.52 	26652.8	0.00208725	1.83836e-05	1050	1050	1050	0 1.26225e+06 627144 	1.8894e+06	6.50049	6.5039	12399	666.612	0.161625	0	1.02	1.02
862	0.00199928	8.79631e-05	1251.96	1050	105	661.721	48.5243	48.5243	194.097	194.097	0 18011.2 8641.72 	26652.9	0.00208725	1.83836e-05	1050	1050	1050	0 1.26225e+06 627144 	1.8894e+06	6.5005	6.5039	12399	666.612	0.161625	0	1.02	1.02
863	0.00199928	8.79641e-05	1251.98	1050	105	661.716	48.5262	48.5262	194.105	194.105	0 18011.1 8641.91 	26653	0.00208725	1.83836e-05	1050	1050	1050	0 1.26225e+06 627143 	1.88939e+06	6.50051	6.5039	12399	666.612	0.161625	0	1.02	1.02
864	0.00199928	8.7965e-05	1251.99	1050	105	661.71	48.5281	48.5281	194.112	194.112	0 18011 8642.1 	26653.1	0.00208725	1.83836e-05	1050	1050	1050	0 1.26225e+06 627142 	1.88939e+06	6.50052	6.5039	12399	666.612	0.161625	0	1.02	1.02
865	0.00199928	8.79659e-05	1252	1050	105	661.704	48.5299	48.5299	194.12	194.12	0 18010.9 8642.29 	26653.2	0.00208725	1.83836e-05	1050	1050	1050	0 1.26225e+06 627142 	1.88939e+06	6.50053	6.5039	12399	666.612	0.161625	0	1.02	1.02
866	0.00199928	8.79668e-05	1252.02	1050	105	661.699	48.5318	48.5318	194.127	194.127	0 18010.9 8642.48 	26653.3	0.00208725	1.83836e-05	1050	1050	1050	0 1.26225e+06 627141 	1.88939e+06	6.50054	6.5039	12399	666.612	0.161625	0	1.02	1.02
867	0.00199928	8.79678e-05	1252.03	1050	105	661.693	48.5336	48.5336	194.135	194.135	0 18010.8 8642.67 	26653.5	0.00208725	1.83836e-05	1050	1050	1050	0 1.26225e+06 627141 	1.88939e+06	6.50054	6.5039	12399	666.612	0.161626	0	1.02	1.02
868	0.00199928	8.79687e-05	1252.04	1050	105	661.687	48.5355	48.5355	194.142	194.142	0 18010.7 8642.86 	26653.6	0.00208725	1.83836e-05	1050	1050	1050	0 1.26225e+06 627140 	1.88939e+06	6.50055	6.5039	12399	666.612	0.161626	0	1.02	1.02
869	0.00199928	8.79696e-05	1252.05	1050	105	661.682	48.5373	48.5373	194.149	194.149	0 18010.6 8643.04 	26653.7	0.00208725	1.83836e-05	1050	1050	1050	0 1.26224e+06 627139 	1.88938e+06	6.50056	6.5039	12399	666.612	0.161626	0	1.02	1.02
870	0.00199928	8.79705e-05	1252.07	1050	105	661.676	48.5391	48.5391	194.157	194.157	0 18010.6 8643.23 	26653.8	0.00208725	1.83836e-05	1050	1050	1050	0 1.26224e+06 627139 	1.88938e+06	6.50057	6.5039	12399	666.612	0.161626	0	1.02	1.02
871	0.00199928	8.79714e-05	1252.08	1050	105	661.67	48.541	48.541	194.164	194.164	0 18010.5 8643.42 	26653.9	0.00208725	1.83836e-05	1050	1050	1050	0 1.26224e+06 627138 	1.88938e+06	6.50058	6.5039	12399	666.612	0.161626	0	1.02	1.02
872	0.00199927	8.79723e-05	1252.09	1050	105	661.665	48.5428	48.5428	194.171	194.171	0 18010.4 8643.61 	26654	0.00208725	1.83836e-05	1050	1050	1050	0 1.26224e+06 627138 	1.88938e+06	6.50059	6.5039	12399	666.612	0.161627	0	1.02	1.02
873	0.00199927	8.79732e-05	1252.11	1050	105	661.659	48.5446	48.5446	194.178	194.178	0 18010.4 8643.79 	26654.1	0.00208725	1.83836e-05	1050	1050	1050	0 1.26224e+06 627137 	1.88938e+06	6.5006	6.5039	12399	666.612	0.161627	0	1.02	1.02
874	0.00199927	8.79741e-05	1252.12	1050	105	661.654	48.5464	48.5464	194.186	194.186	0 18010.3 8643.98 	26654.3	0.00208725	1.83836e-05	1050	1050	1050	0 1.26224e+06 627137 	1.88938e+06	6.50061	6.5039	12399	666.612	0.161627	0	1.02	1.02
875	0.00199927	8.7975e-05	1252.13	1050	105	661.648	48.5482	48.5482	194.193	194.193	0 18010.2 8644.16 	26654.4	0.00208725	1.83836e-05	1050	1050	1050	0 1.26224e+06 627136 	1.88937e+06	6.50062	6.5039	12399	666.612	0.161627	0	1.02	1.02
876	0.00199927	8.79759e-05	1252.14	1050	105	661.643	48.55	48.55	194.2	194.2	0 18010.1 8644.35 	26654.5	0.00208725	1.83836e-05	1050	1050	1050	0 1.26224e+06 627135 	1.88937e+06	6.50063	6.5039	12399	666.612	0.161627	0	1.02	1.02
877	0.00199927	8.79768e-05	1252.16	1050	105	661.637	48.5518	48.5518	194.207	194.207	0 18010.1 8644.53 	26654.6	0.00208725	1.83836e-05	1050	1050	1050	0 1.26224e+06 627135 	1.88937e+06	6.50063	6.5039	12399	666.612	0.161627	0	1.02	1.02
878	0.00199927	8.79777e-05	1252.17	1050	105	661.632	48.5536	48.5536	194.215	194.215	0 18010 8644.71 	26654.7	0.00208725	1.83836e-05	1050	1050	1050	0 1.26223e+06 627134 	1.88937e+06	6.50064	6.5039	12399	666.612	0.161628	0	1.02	1.02
879	0.00199927	8.79786e-05	1252.18	1050	105	661.626	48.5554	48.5554	194.222	194.222	0 18009.9 8644.9 	26654.8	0.00208725	1.83836e-05	1050	1050	1050	0 1.26223e+06 627134 	1.88937e+06	6.50065	6.5039	12399	666.612	0.161628	0	1.02	1.02
880	0.00199927	8.79795e-05	1252.19	1050	105	661.621	48.5572	48.5572	194.229	194.229	0 18009.9 8645.08 	26654.9	0.00208725	1.83836e-05	1050	1050	1050	0 1.26223e+06 627133 	1.88937e+06	6.50066	6.5039	12399	666.612	0.161628	0	1.02	1.02
881	0.00199927	8.79804e-05	1252.21	1050	105	661.615	48.559	48.559	194.236	194.236	0 18009.8 8645.26 	26655	0.00208725	1.83836e-05	1050	1050	1050	0 1.26223e+06 627133 	1.88936e+06	6.50067	6.5039	12399	666.612	0.161628	0	1.02	1.02
882	0.00199927	8.79813e-05	1252.22	1050	105	661.61	48.5608	48.5608	194.243	194.243	0 18009.7 8645.44 	26655.2	0.00208725	1.83836e-05	1050	1050	1050	0 1.26223e+06 627132 	1.88936e+06	6.50068	6.5039	12399	666.612	0.161628	0	1.02	1.02
883	0.00199926	8.79822e-05	1252.23	1050	105	661.604	48.5625	48.5625	194.25	194.25	0 18009.6 8645.62 	26655.3	0.00208725	1.83836e-05	1050	1050	1050	0 1.26223e+06 627131 	1.88936e+06	6.50069	6.5039	12399	666.612	0.161628	0	1.02	1.02
884	0.00199926	8.7983e-05	1252.24	1050	105	661.599	48.5643	48.5643	194.257	194.257	0 18009.6 8645.8 	26655.4	0.00208725	1.83836e-05	1050	1050	1050	0 1.26223e+06 627131 	1.88936e+06	6.5007	6.5039	12399	666.612	0.161628	0	1.02	1.02
885	0.00199926	8.79839e-05	1252.25	1050	105	661.594	48.566	48.566	194.264	194.264	0 18009.5 8645.98 	26655.5	0.00208725	1.83836e-05	1050	1050	1050	0 1.26223e+06 627130 	1.88936e+06	6.5007	6.5039	12399	666.612	0.161629	0	1.02	1.02
886	0.00199926	8.79848e-05	1252.27	1050	105	661.588	48.5678	48.5678	194.271	194.271	0 18009.4 8646.16 	26655.6	0.00208725	1.83836e-05	1050	1050	1050	0 1.26223e+06 627130 	1.88935e+06	6.50071	6.5039	12399	666.612	0.161629	0	1.02	1.02
887	0.00199926	8.79857e-05	1252.28	1050	105	661.583	48.5695	48.5695	194.278	194.278	0 18009.4 8646.34 	26655.7	0.00208725	1.83836e-05	1050	1050	1050	0 1.26222e+06 627129 	1.88935e+06	6.50072	6.5039	12399	666.612	0.161629	0	1.02	1.02
888	0.00199926	8.79865e-05	1252.29	1050	105	661.578	48.5713	48.5713	194.285	194.285	0 18009.3 8646.52 	26655.8	0.00208725	1.83836e-05	1050	1050	1050	0 1.26222e+06 627129 	1.88935e+06	6.50073	6.5039	12399	666.612	0.161629	0	1.02	1.02
889	0.00199926	8.79874e-05	1252.3	1050	105	661.572	48.573	48.573	194.292	194.292	0 18009.2 8646.69 	26655.9	0.00208725	1.83836e-05	1050	1050	1050	0 1.26222e+06 627128 	1.88935e+06	6.50074	6.5039	12399	666.612	0.161629	0	1.02	1.02
890	0.00199926	8.79883e-05	1252.31	1050	105	661.567	48.5747	48.5747	194.299	194.299	0 18009.2 8646.87 	26656	0.00208725	1.83836e-05	1050	1050	1050	0 1.26222e+06 627128 	1.88935e+06	6.50075	6.5039	12399	666.612	0.161629	0	1.02	1.02
891	0.00199926	8.79891e-05	1252.33	1050	105	661.562	48.5765	48.5765	194.306	194.306	0 18009.1 8647.05 	26656.1	0.00208725	1.83836e-05	1050	1050	1050	0 1.26222e+06 627127 	1.88935e+06	6.50076	6.5039	12399	666.612	0.16163	0	1.02	1.02
892	0.00199926	8.799e-05	1252.34	1050	105	661.557	48.5782	48.5782	194.313	194.313	0 18009 8647.22 	26656.3	0.00208725	1.83836e-05	1050	1050	1050	0 1.26222e+06 627126 	1.88934e+06	6.50076	6.5039	12399	666.612	0.16163	0	1.02	1.02
893	0.00199926	8.79908e-05	1252.35	1050	105	661.551	48.5799	48.5799	194.32	194.32	0 18009 8647.4 	26656.4	0.00208725	1.83836e-05	1050	1050	1050	0 1.26222e+06 627126 	1.88934e+06	6.50077	6.5039	12399	666.612	0.16163	0	1.02	1.02
894	0.00199926	8.79917e-05	1252.36	1050	105	661.546	48.5816	48.5816	194.326	194.326	0 18008.9 8647.57 	26656.5	0.00208725	1.83836e-05	1050	1050	1050	0 1.26222e+06 627125 	1.88934e+06	6.50078	6.5039	12399	666.612	0.16163	0	1.02	1.02
895	0.00199925	8.79926e-05	1252.37	1050	105	661.541	48.5833	48.5833	194.333	194.333	0 18008.8 8647.75 	26656.6	0.00208725	1.83836e-05	1050	1050	1050	0 1.26222e+06 627125 	1.88934e+06	6.50079	6.5039	12399	666.612	0.16163	0	1.02	1.02
896	0.00199925	8.79934e-05	1252.39	1050	105	661.536	48.585	48.585	194.34	194.34	0 18008.8 8647.92 	26656.7	0.00208725	1.83836e-05	1050	1050	1050	0 1.26221e+06 627124 	1.88934e+06	6.5008	6.5039	12399	666.612	0.16163	0	1.02	1.02
897	0.00199925	8.79943e-05	1252.4	1050	105	661.531	48.5867	48.5867	194.347	194.347	0 18008.7 8648.1 	26656.8	0.00208725	1.83836e-05	1050	1050	1050	0 1.26221e+06 627124 	1.88934e+06	6.50081	6.5039	12399	666.612	0.161631	0	1.02	1.02
898	0.00199925	8.79951e-05	1252.41	1050	105	661.525	48.5884	48.5884	194.354	194.354	0 18008.6 8648.27 	26656.9	0.00208725	1.83836e-05	1050	1050	1050	0 1.26221e+06 627123 	1.88934e+06	6.50081	6.5039	12399	666.612	0.161631	0	1.02	1.02
899	0.00199925	8.79959e-05	1252.42	1050	105	661.52	48.5901	48.5901	194.36	194.36	0 18008.6 8648.44 	26657	0.00208725	1.83836e-05	1050	1050	1050	0 1.26221e+06 627123 	1.88933e+06	6.50082	6.5039	12399	666.612	0.161631	0	1.02	1.02
900	0.00199925	8.79968e-05	1252.43	1050	105	661.515	48.5918	48.5918	194.367	194.367	0 18008.5 8648.61 	26657.1	0.00208725	1.83836e-05	1050	1050	1050	0 1.26221e+06 627122 	1.88933e+06	6.50083	6.5039	12399	666.612	0.161631	0	1.02	1.02
901	0.00199925	8.79976e-05	1252.44	1050	105	661.51	48.5935	48.5935	194.374	194.374	0 18008.4 8648.78 	26657.2	0.00208725	1.83836e-05	1050	1050	1050	0 1.26221e+06 627122 	1.88933e+06	6.50084	6.5039	12399	666.612	0.161631	0	1.02	1.02
902	0.00199925	8.79985e-05	1252.46	1050	105	661.505	48.5951	48.5951	194.381	194.381	0 18008.4 8648.96 	26657.3	0.00208725	1.83836e-05	1050	1050	1050	0 1.26221e+06 627121 	1.88933e+06	6.50085	6.5039	12399	666.612	0.161631	0	1.02	1.02
903	0.00199925	8.79993e-05	1252.47	1050	105	661.5	48.5968	48.5968	194.387	194.387	0 18008.3 8649.13 	26657.4	0.00208725	1.83836e-05	1050	1050	1050	0 1.26221e+06 627120 	1.88933e+06	6.50086	6.5039	12399	666.612	0.161631	0	1.02	1.02
904	0.00199925	8.80001e-05	1252.48	1050	105	661.495	48.5985	48.5985	194.394	194.394	0 18008.2 8649.3 	26657.5	0.00208725	1.83836e-05	1050	1050	1050	0 1.26221e+06 627120 	1.88933e+06	6.50086	6.5039	12399	666.612	0.161632	0	1.02	1.02
905	0.00199925	8.80009e-05	1252.49	1050	105	661.49	48.6001	48.6001	194.4	194.4	0 18008.2 8649.47 	26657.6	0.00208725	1.83836e-05	1050	1050	1050	0 1.2622e+06 627119 	1.88932e+06	6.50087	6.5039	12399	666.612	0.161632	0	1.02	1.02
906	0.00199925	8.80018e-05	1252.5	1050	105	661.485	48.6018	48.6018	194.407	194.407	0 18008.1 8649.63 	26657.7	0.00208725	1.83836e-05	1050	1050	1050	0 1.2622e+06 627119 	1.88932e+06	6.50088	6.5039	12399	666.612	0.161632	0	1.02	1.02
907	0.00199924	8.80026e-05	1252.51	1050	105	661.48	48.6034	48.6034	194.414	194.414	0 18008 8649.8 	26657.8	0.00208725	1.83836e-05	1050	1050	1050	0 1.2622e+06 627118 	1.88932e+06	6.50089	6.5039	12399	666.612	0.161632	0	1.02	1.02
908	0.00199924	8.80034e-05	1252.53	1050	105	661.475	48.6051	48.6051	194.42	194.42	0 18008 8649.97 	26657.9	0.00208725	1.83836e-05	1050	1050	1050	0 1.2622e+06 627118 	1.88932e+06	6.5009	6.5039	12399	666.612	0.161632	0	1.02	1.02
909	0.00199924	8.80042e-05	1252.54	1050	105	661.47	48.6067	48.6067	194.427	194.427	0 18007.9 8650.14 	26658	0.00208725	1.83836e-05	1050	1050	1050	0 1.2622e+06 627117 	1.88932e+06	6.5009	6.5039	12399	666.612	0.161632	0	1.02	1.02
910	0.00199924	8.80051e-05	1252.55	1050	105	661.465	48.6083	48.6083	194.433	194.433	0 18007.8 8650.31 	26658.1	0.00208725	1.83836e-05	1050	1050	1050	0 1.2622e+06 627117 	1.88932e+06	6.50091	6.5039	12399	666.612	0.161633	0	1.02	1.02
911	0.00199924	8.80059e-05	1252.56	1050	105	661.46	48.61	48.61	194.44	194.44	0 18007.8 8650.47 	26658.2	0.00208725	1.83836e-05	1050	1050	1050	0 1.2622e+06 627116 	1.88931e+06	6.50092	6.5039	12399	666.612	0.161633	0	1.02	1.02
912	0.00199924	8.80067e-05	1252.57	1050	105	661.455	48.6116	48.6116	194.446	194.446	0 18007.7 8650.64 	26658.3	0.00208725	1.83836e-05	1050	1050	1050	0 1.2622e+06 627116 	1.88931e+06	6.50093	6.5039	12399	666.612	0.161633	0	1.02	1.02
913	0.00199924	8.80075e-05	1252.58	1050	105	661.45	48.6132	48.6132	194.453	194.453	0 18007.6 8650.8 	26658.5	0.00208725	1.83836e-05	1050	1050	1050	0 1.2622e+06 627115 	1.88931e+06	6.50094	6.5039	12399	666.612	0.161633	0	1.02	1.02
914	0.00199924	8.80083e-05	1252.59	1050	105	661.445	48.6148	48.6148	194.459	194.459	0 18007.6 8650.97 	26658.6	0.00208725	1.83836e-05	1050	1050	1050	0 1.26219e+06 627115 	1.88931e+06	6.50095	6.5039	12399	666.612	0.161633	0	1.02	1.02
915	0.00199924	8.80091e-05	1252.6	1050	105	661.44	48.6164	48.6164	194.466	194.466	0 18007.5 8651.13 	26658.7	0.00208725	1.83836e-05	1050	1050	1050	0 1.26219e+06 627114 	1.88931e+06	6.50095	6.5039	12399	666.612	0.161633	0	1.02	1.02
916	0.00199924	8.80099e-05	1252.62	1050	105	661.435	48.618	48.618	194.472	194.472	0 18007.5 8651.3 	26658.8	0.00208725	1.83836e-05	1050	1050	1050	0 1.26219e+06 627114 	1.88931e+06	6.50096	6.5039	12399	666.612	0.161633	0	1.02	1.02
917	0.00199924	8.80107e-05	1252.63	1050	105	661.431	48.6196	48.6196	194.479	194.479	0 18007.4 8651.46 	26658.9	0.00208725	1.83836e-05	1050	1050	1050	0 1.26219e+06 627113 	1.8893e+06	6.50097	6.5039	12399	666.612	0.161634	0	1.02	1.02
918	0.00199924	8.80115e-05	1252.64	1050	105	661.426	48.6212	48.6212	194.485	194.485	0 18007.3 8651.62 	26659	0.00208725	1.83836e-05	1050	1050	1050	0 1.26219e+06 627113 	1.8893e+06	6.50098	6.5039	12399	666.612	0.161634	0	1.02	1.02
919	0.00199923	8.80123e-05	1252.65	1050	105	661.421	48.6228	48.6228	194.491	194.491	0 18007.3 8651.79 	26659.1	0.00208725	1.83836e-05	1050	1050	1050	0 1.26219e+06 627112 	1.8893e+06	6.50098	6.5039	12399	666.612	0.161634	0	1.02	1.02
920	0.00199923	8.80131e-05	1252.66	1050	105	661.416	48.6244	48.6244	194.498	194.498	0 18007.2 8651.95 	26659.2	0.00208725	1.83836e-05	1050	1050	1050	0 1.26219e+06 627112 	1.8893e+06	6.50099	6.5039	12399	666.612	0.161634	0	1.02	1.02
921	0.00199923	8.80139e-05	1252.67	1050	105	661.411	48.626	48.626	194.504	194.504	0 18007.1 8652.11 	26659.3	0.00208725	1.83836e-05	1050	1050	1050	0 1.26219e+06 627111 	1.8893e+06	6.501	6.5039	12399	666.612	0.161634	0	1.02	1.02
922	0.00199923	8.80147e-05	1252.68	1050	105	661.407	48.6276	48.6276	194.51	194.51	0 18007.1 8652.27 	26659.4	0.00208725	1.83836e-05	1050	1050	1050	0 1.26219e+06 627111 	1.8893e+06	6.50101	6.5039	12399	666.612	0.161634	0	1.02	1.02
923	0.00199923	8.80155e-05	1252.69	1050	105	661.402	48.6291	48.6291	194.517	194.517	0 18007 8652.43 	26659.5	0.00208725	1.83836e-05	1050	1050	1050	0 1.26219e+06 627110 	1.8893e+06	6.50102	6.5039	12399	666.612	0.161634	0	1.02	1.02
924	0.00199923	8.80163e-05	1252.7	1050	105	661.397	48.6307	48.6307	194.523	194.523	0 18007 8652.59 	26659.6	0.00208725	1.83836e-05	1050	1050	1050	0 1.26218e+06 627110 	1.88929e+06	6.50102	6.5039	12399	666.612	0.161635	0	1.02	1.02
925	0.00199923	8.8017e-05	1252.72	1050	105	661.392	48.6323	48.6323	194.529	194.529	0 18006.9 8652.75 	26659.7	0.00208725	1.83836e-05	1050	1050	1050	0 1.26218e+06 627109 	1.88929e+06	6.50103	6.5039	12399	666.612	0.161635	0	1.02	1.02
926	0.00199923	8.80178e-05	1252.73	1050	105	661.388	48.6338	48.6338	194.535	194.535	0 18006.8 8652.91 	26659.7	0.00208725	1.83836e-05	1050	1050	1050	0 1.26218e+06 627109 	1.88929e+06	6.50104	6.5039	12399	666.612	0.161635	0	1.02	1.02
927	0.00199923	8.80186e-05	1252.74	1050	105	661.383	48.6354	48.6354	194.542	194.542	0 18006.8 8653.07 	26659.8	0.00208725	1.83836e-05	1050	1050	1050	0 1.26218e+06 627108 	1.88929e+06	6.50105	6.5039	12399	666.612	0.161635	0	1.02	1.02
928	0.00199923	8.80194e-05	1252.75	1050	105	661.378	48.6369	48.6369	194.548	194.548	0 18006.7 8653.23 	26659.9	0.00208725	1.83836e-05	1050	1050	1050	0 1.26218e+06 627108 	1.88929e+06	6.50105	6.5039	12399	666.612	0.161635	0	1.02	1.02
929	0.00199923	8.80202e-05	1252.76	1050	105	661.374	48.6385	48.6385	194.554	194.554	0 18006.7 8653.39 	26660	0.00208725	1.83836e-05	1050	1050	1050	0 1.26218e+06 627107 	1.88929e+06	6.50106	6.5039	12399	666.612	0.161635	0	1.02	1.02
930	0.00199923	8.80209e-05	1252.77	1050	105	661.369	48.64	48.64	194.56	194.56	0 18006.6 8653.55 	26660.1	0.00208725	1.83836e-05	1050	1050	1050	0 1.26218e+06 627107 	1.88929e+06	6.50107	6.5039	12399	666.612	0.161635	0	1.02	1.02
931	0.00199922	8.80217e-05	1252.78	1050	105	661.364	48.6416	48.6416	194.566	194.566	0 18006.5 8653.7 	26660.2	0.00208725	1.83836e-05	1050	1050	1050	0 1.26218e+06 627106 	1.88928e+06	6.50108	6.5039	12399	666.612	0.161636	0	1.02	1.02
932	0.00199922	8.80225e-05	1252.79	1050	105	661.36	48.6431	48.6431	194.572	194.572	0 18006.5 8653.86 	26660.3	0.00208725	1.83836e-05	1050	1050	1050	0 1.26218e+06 627106 	1.88928e+06	6.50109	6.5039	12399	666.612	0.161636	0	1.02	1.02
933	0.00199922	8.80232e-05	1252.8	1050	105	661.355	48.6446	48.6446	194.578	194.578	0 18006.4 8654.02 	26660.4	0.00208725	1.83836e-05	1050	1050	1050	0 1.26218e+06 627105 	1.88928e+06	6.50109	6.5039	12399	666.612	0.161636	0	1.02	1.02
934	0.00199922	8.8024e-05	1252.81	1050	105	661.35	48.6461	48.6461	194.585	194.585	0 18006.4 8654.17 	26660.5	0.00208725	1.83836e-05	1050	1050	1050	0 1.26217e+06 627105 	1.88928e+06	6.5011	6.5039	12399	666.612	0.161636	0	1.02	1.02
935	0.00199922	8.80248e-05	1252.82	1050	105	661.346	48.6477	48.6477	194.591	194.591	0 18006.3 8654.33 	26660.6	0.00208725	1.83836e-05	1050	1050	1050	0 1.26217e+06 627104 	1.88928e+06	6.50111	6.5039	12399	666.612	0.161636	0	1.02	1.02
936	0.00199922	8.80255e-05	1252.83	1050	105	661.341	48.6492	48.6492	194.597	194.597	0 18006.2 8654.48 	26660.7	0.00208725	1.83836e-05	1050	1050	1050	0 1.26217e+06 627104 	1.88928e+06	6.50112	6.5039	12399	666.612	0.161636	0	1.02	1.02
937	0.00199922	8.80263e-05	1252.84	1050	105	661.337	48.6507	48.6507	194.603	194.603	0 18006.2 8654.64 	26660.8	0.00208725	1.83836e-05	1050	1050	1050	0 1.26217e+06 627103 	1.88927e+06	6.50112	6.5039	12399	666.612	0.161636	0	1.02	1.02
938	0.00199922	8.8027e-05	1252.85	1050	105	661.332	48.6522	48.6522	194.609	194.609	0 18006.1 8654.79 	26660.9	0.00208725	1.83836e-05	1050	1050	1050	0 1.26217e+06 627103 	1.88927e+06	6.50113	6.5039	12399	666.612	0.161637	0	1.02	1.02
939	0.00199922	8.80278e-05	1252.86	1050	105	661.328	48.6537	48.6537	194.615	194.615	0 18006.1 8654.94 	26661	0.00208725	1.83836e-05	1050	1050	1050	0 1.26217e+06 627102 	1.88927e+06	6.50114	6.5039	12399	666.612	0.161637	0	1.02	1.02
940	0.00199922	8.80285e-05	1252.87	1050	105	661.323	48.6552	48.6552	194.621	194.621	0 18006 8655.1 	26661.1	0.00208725	1.83836e-05	1050	1050	1050	0 1.26217e+06 627102 	1.88927e+06	6.50115	6.5039	12399	666.612	0.161637	0	1.02	1.02
941	0.00199922	8.80293e-05	1252.89	1050	105	661.319	48.6567	48.6567	194.627	194.627	0 18005.9 8655.25 	26661.2	0.00208725	1.83836e-05	1050	1050	1050	0 1.26217e+06 627101 	1.88927e+06	6.50115	6.5039	12399	666.612	0.161637	0	1.02	1.02
942	0.00199922	8.803e-05	1252.9	1050	105	661.314	48.6582	48.6582	194.633	194.633	0 18005.9 8655.4 	26661.3	0.00208725	1.83836e-05	1050	1050	1050	0 1.26217e+06 627101 	1.88927e+06	6.50116	6.5039	12399	666.612	0.161637	0	1.02	1.02
943	0.00199922	8.80308e-05	1252.91	1050	105	661.31	48.6596	48.6596	194.639	194.639	0 18005.8 8655.55 	26661.4	0.00208725	1.83836e-05	1050	1050	1050	0 1.26217e+06 627100 	1.88927e+06	6.50117	6.5039	12399	666.612	0.161637	0	1.02	1.02
944	0.00199921	8.80315e-05	1252.92	1050	105	661.305	48.6611	48.6611	194.645	194.645	0 18005.8 8655.7 	26661.5	0.00208725	1.83836e-05	1050	1050	1050	0 1.26216e+06 627100 	1.88926e+06	6.50117	6.5039	12399	666.612	0.161637	0	1.02	1.02
945	0.00199921	8.80322e-05	1252.93	1050	105	661.301	48.6626	48.6626	194.65	194.65	0 18005.7 8655.85 	26661.6	0.00208725	1.83836e-05	1050	1050	1050	0 1.26216e+06 627099 	1.88926e+06	6.50118	6.5039	12399	666.612	0.161638	0	1.02	1.02
946	0.00199921	8.8033e-05	1252.94	1050	105	661.296	48.6641	48.6641	194.656	194.656	0 18005.6 8656.01 	26661.7	0.00208725	1.83836e-05	1050	1050	1050	0 1.26216e+06 627099 	1.88926e+06	6.50119	6.5039	12399	666.612	0.161638	0	1.02	1.02
947	0.00199921	8.80337e-05	1252.95	1050	105	661.292	48.6655	48.6655	194.662	194.662	0 18005.6 8656.16 	26661.7	0.00208725	1.83836e-05	1050	1050	1050	0 1.26216e+06 627098 	1.88926e+06	6.5012	6.5039	12399	666.612	0.161638	0	1.02	1.02
948	0.00199921	8.80345e-05	1252.96	1050	105	661.287	48.667	48.667	194.668	194.668	0 18005.5 8656.3 	26661.8	0.00208725	1.83836e-05	1050	1050	1050	0 1.26216e+06 627098 	1.88926e+06	6.5012	6.5039	12399	666.612	0.161638	0	1.02	1.02
949	0.00199921	8.80352e-05	1252.97	1050	105	661.283	48.6685	48.6685	194.674	194.674	0 18005.5 8656.45 	26661.9	0.00208725	1.83836e-05	1050	1050	1050	0 1.26216e+06 627098 	1.88926e+06	6.50121	6.5039	12399	666.612	0.161638	0	1.02	1.02
950	0.00199921	8.80359e-05	1252.98	1050	105	661.279	48.6699	48.6699	194.68	194.68	0 18005.4 8656.6 	26662	0.00208725	1.83836e-05	1050	1050	1050	0 1.26216e+06 627097 	1.88926e+06	6.50122	6.5039	12399	666.612	0.161638	0	1.02	1.02
951	0.00199921	8.80366e-05	1252.99	1050	105	661.274	48.6714	48.6714	194.685	194.685	0 18005.4 8656.75 	26662.1	0.00208725	1.83836e-05	1050	1050	1050	0 1.26216e+06 627097 	1.88925e+06	6.50123	6.5039	12399	666.612	0.161638	0	1.02	1.02
952	0.00199921	8.80374e-05	1253	1050	105	661.27	48.6728	48.6728	194.691	194.691	0 18005.3 8656.9 	26662.2	0.00208725	1.83836e-05	1050	1050	1050	0 1.26216e+06 627096 	1.88925e+06	6.50123	6.5039	12399	666.612	0.161639	0	1.02	1.02
953	0.00199921	8.80381e-05	1253.01	1050	105	661.266	48.6742	48.6742	194.697	194.697	0 18005.2 8657.05 	26662.3	0.00208725	1.83836e-05	1050	1050	1050	0 1.26216e+06 627096 	1.88925e+06	6.50124	6.5039	12399	666.612	0.161639	0	1.02	1.02
954	0.00199921	8.80388e-05	1253.02	1050	105	661.261	48.6757	48.6757	194.703	194.703	0 18005.2 8657.19 	26662.4	0.00208725	1.83836e-05	1050	1050	1050	0 1.26216e+06 627095 	1.88925e+06	6.50125	6.5039	12399	666.612	0.161639	0	1.02	1.02
955	0.00199921	8.80395e-05	1253.03	1050	105	661.257	48.6771	48.6771	194.708	194.708	0 18005.1 8657.34 	26662.5	0.00208725	1.83836e-05	1050	1050	1050	0 1.26215e+06 627095 	1.88925e+06	6.50125	6.5039	12399	666.612	0.161639	0	1.02	1.02
956	0.00199921	8.80402e-05	1253.04	1050	105	661.253	48.6785	48.6785	194.714	194.714	0 18005.1 8657.48 	26662.6	0.00208725	1.83836e-05	1050	1050	1050	0 1.26215e+06 627094 	1.88925e+06	6.50126	6.5039	12399	666.612	0.161639	0	1.02	1.02
957	0.00199921	8.8041e-05	1253.05	1050	105	661.248	48.68	48.68	194.72	194.72	0 18005 8657.63 	26662.7	0.00208725	1.83836e-05	1050	1050	1050	0 1.26215e+06 627094 	1.88925e+06	6.50127	6.5039	12399	666.612	0.161639	0	1.02	1.02
958	0.0019992	8.80417e-05	1253.06	1050	105	661.244	48.6814	48.6814	194.726	194.726	0 18005 8657.78 	26662.7	0.00208725	1.83836e-05	1050	1050	1050	0 1.26215e+06 627093 	1.88924e+06	6.50128	6.5039	12399	666.612	0.161639	0	1.02	1.02
959	0.0019992	8.80424e-05	1253.07	1050	105	661.24	48.6828	48.6828	194.731	194.731	0 18004.9 8657.92 	26662.8	0.00208725	1.83836e-05	1050	1050	1050	0 1.26215e+06 627093 	1.88924e+06	6.50128	6.5039	12399	666.612	0.161639	0	1.02	1.02
960	0.0019992	8.80431e-05	1253.08	1050	105	661.236	48.6842	48.6842	194.737	194.737	0 18004.9 8658.06 	26662.9	0.00208725	1.83836e-05	1050	1050	1050	0 1.26215e+06 627092 	1.88924e+06	6.50129	6.5039	12399	666.612	0.16164	0	1.02	1.02
961	0.0019992	8.80438e-05	1253.09	1050	105	661.231	48.6856	48.6856	194.742	194.742	0 18004.8 8658.21 	26663	0.00208725	1.83836e-05	1050	1050	1050	0 1.26215e+06 627092 	1.88924e+06	6.5013	6.5039	12399	666.612	0.16164	0	1.02	1.02
962	0.0019992	8.80445e-05	1253.1	1050	105	661.227	48.687	48.687	194.748	194.748	0 18004.7 8658.35 	26663.1	0.00208725	1.83836e-05	1050	1050	1050	0 1.26215e+06 627092 	1.88924e+06	6.5013	6.5039	12399	666.612	0.16164	0	1.02	1.02
963	0.0019992	8.80452e-05	1253.11	1050	105	661.223	48.6884	48.6884	194.754	194.754	0 18004.7 8658.5 	26663.2	0.00208725	1.83836e-05	1050	1050	1050	0 1.26215e+06 627091 	1.88924e+06	6.50131	6.5039	12399	666.612	0.16164	0	1.02	1.02
964	0.0019992	8.80459e-05	1253.12	1050	105	661.219	48.6898	48.6898	194.759	194.759	0 18004.6 8658.64 	26663.3	0.00208725	1.83836e-05	1050	1050	1050	0 1.26215e+06 627091 	1.88924e+06	6.50132	6.5039	12399	666.612	0.16164	0	1.02	1.02
965	0.0019992	8.80466e-05	1253.13	1050	105	661.215	48.6912	48.6912	194.765	194.765	0 18004.6 8658.78 	26663.4	0.00208725	1.83836e-05	1050	1050	1050	0 1.26215e+06 627090 	1.88924e+06	6.50132	6.5039	12399	666.612	0.16164	0	1.02	1.02
966	0.0019992	8.80473e-05	1253.14	1050	105	661.21	48.6926	48.6926	194.77	194.77	0 18004.5 8658.92 	26663.5	0.00208725	1.83836e-05	1050	1050	1050	0 1.26214e+06 627090 	1.88923e+06	6.50133	6.5039	12399	666.612	0.16164	0	1.02	1.02
967	0.0019992	8.8048e-05	1253.15	1050	105	661.206	48.694	48.694	194.776	194.776	0 18004.5 8659.06 	26663.5	0.00208725	1.83836e-05	1050	1050	1050	0 1.26214e+06 627089 	1.88923e+06	6.50134	6.5039	12399	666.612	0.16164	0	1.02	1.02
968	0.0019992	8.80487e-05	1253.16	1050	105	661.202	48.6953	48.6953	194.781	194.781	0 18004.4 8659.2 	26663.6	0.00208725	1.83836e-05	1050	1050	1050	0 1.26214e+06 627089 	1.88923e+06	6.50134	6.5039	12399	666.612	0.161641	0	1.02	1.02
969	0.0019992	8.80494e-05	1253.17	1050	105	661.198	48.6967	48.6967	194.787	194.787	0 18004.4 8659.34 	26663.7	0.00208725	1.83836e-05	1050	1050	1050	0 1.26214e+06 627088 	1.88923e+06	6.50135	6.5039	12399	666.612	0.161641	0	1.02	1.02
970	0.0019992	8.80501e-05	1253.17	1050	105	661.194	48.6981	48.6981	194.792	194.792	0 18004.3 8659.48 	26663.8	0.00208725	1.83836e-05	1050	1050	1050	0 1.26214e+06 627088 	1.88923e+06	6.50136	6.5039	12399	666.612	0.161641	0	1.02	1.02
971	0.0019992	8.80508e-05	1253.18	1050	105	661.19	48.6995	48.6995	194.798	194.798	0 18004.3 8659.62 	26663.9	0.00208725	1.83836e-05	1050	1050	1050	0 1.26214e+06 627088 	1.88923e+06	6.50136	6.5039	12399	666.612	0.161641	0	1.02	1.02
972	0.00199919	8.80514e-05	1253.19	1050	105	661.186	48.7008	48.7008	194.803	194.803	0 18004.2 8659.76 	26664	0.00208725	1.83836e-05	1050	1050	1050	0 1.26214e+06 627087 	1.88923e+06	6.50137	6.5039	12399	666.612	0.161641	0	1.02	1.02
973	0.00199919	8.80521e-05	1253.2	1050	105	661.182	48.7022	48.7022	194.809	194.809	0 18004.2 8659.9 	26664.1	0.00208725	1.83836e-05	1050	1050	1050	0 1.26214e+06 627087 	1.88922e+06	6.50138	6.5039	12399	666.612	0.161641	0	1.02	1.02
974	0.00199919	8.80528e-05	1253.21	1050	105	661.178	48.7035	48.7035	194.814	194.814	0 18004.1 8660.04 	26664.1	0.00208725	1.83836e-05	1050	1050	1050	0 1.26214e+06 627086 	1.88922e+06	6.50139	6.5039	12399	666.612	0.161641	0	1.02	1.02
975	0.00199919	8.80535e-05	1253.22	1050	105	661.173	48.7049	48.7049	194.82	194.82	0 18004.1 8660.18 	26664.2	0.00208725	1.83836e-05	1050	1050	1050	0 1.26214e+06 627086 	1.88922e+06	6.50139	6.5039	12399	666.612	0.161641	0	1.02	1.02
976	0.00199919	8.80542e-05	1253.23	1050	105	661.169	48.7062	48.7062	194.825	194.825	0 18004 8660.32 	26664.3	0.00208725	1.83836e-05	1050	1050	1050	0 1.26214e+06 627085 	1.88922e+06	6.5014	6.5039	12399	666.612	0.161642	0	1.02	1.02
977	0.00199919	8.80548e-05	1253.24	1050	105	661.165	48.7076	48.7076	194.83	194.83	0 18003.9 8660.45 	26664.4	0.00208725	1.83836e-05	1050	1050	1050	0 1.26213e+06 627085 	1.88922e+06	6.50141	6.5039	12399	666.612	0.161642	0	1.02	1.02
978	0.00199919	8.80555e-05	1253.25	1050	105	661.161	48.7089	48.7089	194.836	194.836	0 18003.9 8660.59 	26664.5	0.00208725	1.83836e-05	1050	1050	1050	0 1.26213e+06 627084 	1.88922e+06	6.50141	6.5039	12399	666.612	0.161642	0	1.02	1.02
979	0.00199919	8.80562e-05	1253.26	1050	105	661.157	48.7102	48.7102	194.841	194.841	0 18003.8 8660.73 	26664.6	0.00208725	1.83836e-05	1050	1050	1050	0 1.26213e+06 627084 	1.88922e+06	6.50142	6.5039	12399	666.612	0.161642	0	1.02	1.02
980	0.00199919	8.80569e-05	1253.27	1050	105	661.153	48.7116	48.7116	194.846	194.846	0 18003.8 8660.86 	26664.7	0.00208725	1.83836e-05	1050	1050	1050	0 1.26213e+06 627084 	1.88922e+06	6.50143	6.5039	12399	666.612	0.161642	0	1.02	1.02
981	0.00199919	8.80575e-05	1253.28	1050	105	661.149	48.7129	48.7129	194.852	194.852	0 18003.7 8661 	26664.7	0.00208725	1.83836e-05	1050	1050	1050	0 1.26213e+06 627083 	1.88921e+06	6.50143	6.5039	12399	666.612	0.161642	0	1.02	1.02
982	0.00199919	8.80582e-05	1253.29	1050	105	661.145	48.7142	48.7142	194.857	194.857	0 18003.7 8661.13 	26664.8	0.00208725	1.83836e-05	1050	1050	1050	0 1.26213e+06 627083 	1.88921e+06	6.50144	6.5039	12399	666.612	0.161642	0	1.02	1.02
983	0.00199919	8.80589e-05	1253.3	1050	105	661.142	48.7155	48.7155	194.862	194.862	0 18003.6 8661.27 	26664.9	0.00208725	1.83836e-05	1050	1050	1050	0 1.26213e+06 627082 	1.88921e+06	6.50144	6.5039	12399	666.612	0.161642	0	1.02	1.02
984	0.00199919	8.80595e-05	1253.31	1050	105	661.138	48.7169	48.7169	194.867	194.867	0 18003.6 8661.4 	26665	0.00208725	1.83836e-05	1050	1050	1050	0 1.26213e+06 627082 	1.88921e+06	6.50145	6.5039	12399	666.612	0.161643	0	1.02	1.02
985	0.00199919	8.80602e-05	1253.32	1050	105	661.134	48.7182	48.7182	194.873	194.873	0 18003.5 8661.54 	26665.1	0.00208725	1.83836e-05	1050	1050	1050	0 1.26213e+06 627082 	1.88921e+06	6.50146	6.5039	12399	666.612	0.161643	0	1.02	1.02
986	0.00199919	8.80608e-05	1253.32	1050	105	661.13	48.7195	48.7195	194.878	194.878	0 18003.5 8661.67 	26665.2	0.00208725	1.83836e-05	1050	1050	1050	0 1.26213e+06 627081 	1.88921e+06	6.50146	6.5039	12399	666.612	0.161643	0	1.02	1.02
987	0.00199918	8.80615e-05	1253.33	1050	105	661.126	48.7208	48.7208	194.883	194.883	0 18003.4 8661.81 	26665.2	0.00208725	1.83836e-05	1050	1050	1050	0 1.26213e+06 627081 	1.88921e+06	6.50147	6.5039	12399	666.612	0.161643	0	1.02	1.02
988	0.00199918	8.80621e-05	1253.34	1050	105	661.122	48.7221	48.7221	194.888	194.888	0 18003.4 8661.94 	26665.3	0.00208725	1.83836e-05	1050	1050	1050	0 1.26212e+06 627080 	1.88921e+06	6.50148	6.5039	12399	666.612	0.161643	0	1.02	1.02
989	0.00199918	8.80628e-05	1253.35	1050	105	661.118	48.7234	48.7234	194.893	194.893	0 18003.3 8662.07 	26665.4	0.00208725	1.83836e-05	1050	1050	1050	0 1.26212e+06 627080 	1.8892e+06	6.50148	6.5039	12399	666.612	0.161643	0	1.02	1.02
990	0.00199918	8.80634e-05	1253.36	1050	105	661.114	48.7247	48.7247	194.899	194.899	0 18003.3 8662.2 	26665.5	0.00208725	1.83836e-05	1050	1050	1050	0 1.26212e+06 627079 	1.8892e+06	6.50149	6.5039	12399	666.612	0.161643	0	1.02	1.02
991	0.00199918	8.80641e-05	1253.37	1050	105	661.11	48.726	48.726	194.904	194.904	0 18003.2 8662.33 	26665.6	0.00208725	1.83836e-05	1050	1050	1050	0 1.26212e+06 627079 	1.8892e+06	6.5015	6.5039	12399	666.612	0.161643	0	1.02	1.02
992	0.00199918	8.80647e-05	1253.38	1050	105	661.107	48.7272	48.7272	194.909	194.909	0 18003.2 8662.47 	26665.6	0.00208725	1.83836e-05	1050	1050	1050	0 1.26212e+06 627079 	1.8892e+06	6.5015	6.5039	12399	666.612	0.161644	0	1.02	1.02
993	0.00199918	8.80654e-05	1253.39	1050	105	661.103	48.7285	48.7285	194.914	194.914	0 18003.1 8662.6 	26665.7	0.00208725	1.83836e-05	1050	1050	1050	0 1.26212e+06 627078 	1.8892e+06	6.50151	6.5039	12399	666.612	0.161644	0	1.02	1.02
994	0.00199918	8.8066e-05	1253.4	1050	105	661.099	48.7298	48.7298	194.919	194.919	0 18003.1 8662.73 	26665.8	0.00208725	1.83836e-05	1050	1050	1050	0 1.26212e+06 627078 	1.8892e+06	6.50152	6.5039	12399	666.612	0.161644	0	1.02	1.02
995	0.00199918	8.80667e-05	1253.41	1050	105	661.095	48.7311	48.7311	194.924	194.924	0 18003 8662.86 	26665.9	0.00208725	1.83836e-05	1050	1050	1050	0 1.26212e+06 627077 	1.8892e+06	6.50152	6.5039	12399	666.612	0.161644	0	1.02	1.02
996	0.00199918	8.80673e-05	1253.41	1050	105	661.091	48.7323	48.7323	194.929	194.929	0 18003 8662.99 	26666	0.00208725	1.83836e-05	1050	1050	1050	0 1.26212e+06 627077 	1.8892e+06	6.50153	6.5039	12399	666.612	0.161644	0	1.02	1.02
997	0.00199918	8.80679e-05	1253.42	1050	105	661.087	48.7336	48.7336	194.934	194.934	0 18002.9 8663.12 	26666	0.00208725	1.83836e-05	1050	1050	1050	0 1.26212e+06 627077 	1.88919e+06	6.50153	6.5039	12399	666.612	0.161644	0	1.02	1.02
998	0.00199918	8.80686e-05	1253.43	1050	105	661.084	48.7349	48.7349	194.939	194.939	0 18002.9 8663.25 	26666.1	0.00208725	1.83836e-05	1050	1050	1050	0 1.26212e+06 627076 	1.88919e+06	6.50154	6.5039	12399	666.612	0.161644	0	1.02	1.02
999	0.00199918	8.80692e-05	1253.44	1050	105	661.08	48.7361	48.7361	194.944	194.944	0 18002.8 8663.37 	26666.2	0.00208725	1.83836e-05	1050	1050	1050	0 1.26212e+06 627076 	1.88919e+06	6.50155	6.5039	12399	666.612	0.161644	0	1.02	1.02
1000	0.00199918	8.80698e-05	1253.45	1050	105	661.076	48.7374	48.7374	194.95	194.95	0 18002.8 8663.5 	26666.3	0.00208725	1.83836e-05	1050	1050	1050	0 1.26211e+06 627075 	1.88919e+06	6.50155	6.5039	12399	666.612	0.161644	0	1.02	1.02
