0.25	0.00199373	7.42515e-05	1050.39	1050	105	504.392	44.1	44.1	176.4	176.4	0 17990.2 9550.78 	27541	6.55498	6.55445	670	670	0.00904906	0	1.02	1.02
0.5	0.00199369	7.42706e-05	1050.65	1050	105	504.649	44.0999	44.0999	176.399	176.399	0 17985.2 9547.06 	27532.3	6.55533	6.55445	670	670	0.00904774	0	1.02	1.02
0.75	0.00199367	7.42831e-05	1050.81	1050	105	504.817	44.0997	44.0997	176.399	176.399	0 17982 9544.6 	27526.6	6.55557	6.55445	670	670	0.00904684	0	1.02	1.02
1	0.00199365	7.42911e-05	1050.92	1050	105	504.926	44.0996	44.0996	176.398	176.398	0 17979.9 9542.97 	27522.9	6.55573	6.55445	670	670	0.00904622	0	1.02	1.02
1.25	0.00199364	7.42963e-05	1050.99	1050	105	504.997	44.0994	44.0994	176.398	176.398	0 17978.6 9541.9 	27520.5	6.55583	6.55445	670	670	0.0090458	0	1.02	1.02
1.5	0.00199364	7.42995e-05	1051.03	1050	105	505.041	44.0992	44.0992	176.397	176.397	0 17977.7 9541.2 	27518.9	6.5559	6.55445	670	670	0.0090455	0	1.02	1.02
1.75	0.00199363	7.43015e-05	1051.06	1050	105	505.07	44.099	44.099	176.396	176.396	0 17977.2 9540.74 	27517.9	6.55595	6.55445	670	670	0.00904529	0	1.02	1.02
2	0.00199363	7.43027e-05	1051.08	1050	105	505.087	44.0988	44.0988	176.395	176.395	0 17976.9 9540.44 	27517.3	6.55598	6.55445	670	670	0.00904515	0	1.02	1.02
2.25	0.00310001	0.000375676	8603.83	1050	105	8058.05	44.0784	44.0784	176.313	176.313	0 104824 28218.6 	133043	6.88779	6.55445	12703.2	670	0.218998	0	4.029	1.02
2.5	0.00282679	0.000606526	13224.1	1050	105	12679.1	44.0085	44.0085	176.034	176.034	0 59204.9 12153.3 	71358.2	9.08418	6.55445	12703.2	670	0.144969	0	4.029	1.02
2.75	0.00295294	0.000492621	10978.1	1050	105	10434	43.9097	43.9097	175.639	175.639	0 76147.2 17465.5 	93612.7	7.96902	6.55445	12703.2	670	0.17295	0	4.029	1.02
3	0.00311646	0.000398221	9197.06	1050	105	8653.95	43.811	43.811	175.244	175.244	0 99414.5 28152.4 	127567	6.77928	6.55445	12703.2	670	0.233549	0	4.029	1.02
3.25	0.00315375	0.000335838	7770.55	1050	105	7228.43	43.7126	43.7126	174.851	174.851	0 119292 33853 	153145	6.54164	6.55445	12703.2	670	0.237281	0	4.029	1.02
3.5	0.00315541	0.000343173	7953.01	1050	105	7411.87	43.6145	43.6145	174.458	174.458	0 116803 33455.7 	150259	6.53132	6.55445	12703.2	670	0.240002	0	4.029	1.02
3.75	0.00316294	0.000337488	7832.29	1050	105	7292.13	43.5166	43.5166	174.067	174.067	0 119055 34318.6 	153373	6.48476	6.55445	12703.2	670	0.242455	0	4.029	1.02
4	0.00314839	0.000374033	8690.12	1050	105	8150.93	43.419	43.419	173.676	173.676	0 106928 31124.2 	138052	6.57507	6.55445	12703.2	670	0.24397	0	4.029	1.02
4.25	0.00314567	0.000386118	8979.81	1050	105	8441.59	43.3216	43.3216	173.286	173.286	0 103492 30300 	133792	6.59217	6.55445	12703.2	670	0.245427	0	4.029	1.02
4.5	0.00315144	0.000380078	8846.63	1050	105	8309.39	43.2244	43.2244	172.898	172.898	0 105330 30913.7 	136243	6.55599	6.55445	12703.2	670	0.246685	0	4.029	1.02
4.75	0.00315988	0.000368344	8580.13	1050	105	8043.86	43.1275	43.1275	172.51	172.51	0 108976 32027.8 	141004	6.50361	6.55445	12703.2	670	0.247876	0	4.029	1.02
5	0.00314376	0.000404963	9439.27	1050	105	8903.96	43.0308	43.0308	172.123	172.123	0 98616 29173.3 	127789	6.60421	6.55445	12703.2	670	0.248392	0	4.029	1.02
5.25	0.00314142	0.000413439	9642.33	1050	105	9107.99	42.9344	42.9344	171.738	171.738	0 96522.3 28625.2 	125148	6.61894	6.55445	12703.2	670	0.248968	0	4.029	1.02
5.5	0.00314632	0.000406848	9493.15	1050	105	8959.77	42.8382	42.8382	171.353	171.353	0 98239 29135.5 	127375	6.58807	6.55445	12703.2	670	0.249486	0	4.029	1.02
5.75	0.00315581	0.000390964	9126.73	1050	105	8594.31	42.7423	42.7423	170.969	170.969	0 102538 30373.7 	132912	6.52884	6.55445	12703.2	670	0.250049	0	4.029	1.02
6	0.0031395	0.000426368	9957.36	1050	105	9425.89	42.6466	42.6466	170.586	170.586	0 93538.1 27838.7 	121377	6.63111	6.55445	12703.2	670	0.250038	0	4.029	1.02
6.25	0.00313638	0.000435045	10163.7	1050	105	9633.18	42.5511	42.5511	170.204	170.204	0 91581.6 27286.4 	118868	6.65089	6.55445	12703.2	670	0.250157	0	4.029	1.02
6.5	0.00314311	0.000423777	9903.68	1050	105	9374.12	42.4558	42.4558	169.823	169.823	0 94218.2 28028 	122246	6.60829	6.55445	12703.2	670	0.250381	0	4.029	1.02
6.75	0.00315147	0.000409212	9566.36	1050	105	9037.76	42.3609	42.3609	169.443	169.443	0 97831.5 29045.1 	126877	6.55581	6.55445	12703.2	670	0.25063	0	4.029	1.02
7	0.00313759	0.000438901	10263.4	1050	105	9735.71	42.2661	42.2661	169.064	169.064	0 90811.8 27044.5 	117856	6.64323	6.55445	12703.2	670	0.25037	0	4.029	1.02
7.25	0.00313783	0.00044023	10297.2	1050	105	9770.49	42.1716	42.1716	168.686	168.686	0 90544.7 26953.1 	117498	6.6417	6.55445	12703.2	670	0.250346	0	4.029	1.02
7.5	0.00313919	0.000439262	10277.3	1050	105	9751.5	42.0773	42.0773	168.309	168.309	0 90783.5 27003.5 	117787	6.63306	6.55445	12703.2	670	0.250329	0	4.029	1.02
7.75	0.00314738	0.000424634	9937.61	1050	105	9412.78	41.9832	41.9832	167.933	167.933	0 94156 27939.4 	122095	6.5814	6.55445	12703.2	670	0.250445	0	4.029	1.02
8	0.00313545	0.00044995	10532.4	1050	105	10008.5	41.8894	41.8894	167.558	167.558	0 88521.7 26321.6 	114843	6.6568	6.55445	12703.2	670	0.250063	0	4.029	1.02
8.25	0.00313522	0.000451937	10581.3	1050	105	10058.3	41.7958	41.7958	167.183	167.183	0 88125.7 26186.2 	114312	6.65832	6.55445	12703.2	670	0.249932	0	4.029	1.02
8.5	0.0031379	0.000448129	10494.5	1050	105	9972.5	41.7025	41.7025	166.81	166.81	0 88950.8 26397 	115348	6.64124	6.55445	12703.2	670	0.24988	0	4.029	1.02
8.75	0.00314713	0.000431319	10103.3	1050	105	9582.25	41.6094	41.6094	166.437	166.437	0 92689.1 27430.4 	120120	6.583	6.55445	12703.2	670	0.249983	0	4.029	1.02
9	0.00313413	0.000458456	10740.8	1050	105	10220.7	41.5165	41.5165	166.066	166.066	0 86842.6 25749.9 	112592	6.66522	6.55445	12703.2	670	0.249475	0	4.029	1.02
9.25	0.00313339	0.000461292	10809.4	1050	105	10290.2	41.4238	41.4238	165.695	165.695	0 86288.2 25566.5 	111855	6.66997	6.55445	12703.2	670	0.24928	0	4.029	1.02
9.5	0.00313729	0.000455005	10664.5	1050	105	10146.2	41.3314	41.3314	165.326	165.326	0 87589.4 25909.6 	113499	6.64512	6.55445	12703.2	670	0.249238	0	4.029	1.02
9.75	0.00314744	0.000436327	10229.2	1050	105	9711.79	41.2392	41.2392	164.957	164.957	0 91634.3 27024.7 	118659	6.58108	6.55445	12703.2	670	0.249353	0	4.029	1.02
10	0.00313344	0.000465286	10909.7	1050	105	10393.2	41.1473	41.1473	164.589	164.589	0 85548.9 25279 	110828	6.66966	6.55445	12703.2	670	0.248762	0	4.029	1.02
10.25	0.00313219	0.000469036	10999.6	1050	105	10484.1	41.0555	41.0555	164.222	164.222	0 84831.1 25048.3 	109879	6.67766	6.55445	12703.2	670	0.248524	0	4.029	1.02
10.5	0.00313717	0.000460583	10803.8	1050	105	10289.2	40.964	40.964	163.856	163.856	0 86525.3 25500.6 	112026	6.64587	6.55445	12703.2	670	0.248509	0	4.029	1.02
10.75	0.00314812	0.00044029	10330.3	1050	105	9816.53	40.8728	40.8728	163.491	163.491	0 90829.3 26683.7 	117513	6.57678	6.55445	12703.2	670	0.24864	0	4.029	1.02
11	0.00313321	0.000470981	11051.8	1050	105	10539	40.7817	40.7817	163.127	163.127	0 84508.2 24877 	109385	6.67113	6.55445	12703.2	670	0.247996	0	4.029	1.02
11.25	0.00313147	0.000475632	11162.9	1050	105	10651	40.6909	40.6909	162.764	162.764	0 83635.5 24602.7 	108238	6.68223	6.55445	12703.2	670	0.247726	0	4.029	1.02
11.5	0.0031374	0.000465307	10923	1050	105	10412	40.6003	40.6003	162.401	162.401	0 85653.3 25144.1 	110797	6.64441	6.55445	12703.2	670	0.247738	0	4.029	1.02
11.75	0.00314829	0.000445099	10451.1	1050	105	9940.97	40.51	40.51	162.04	162.04	0 89852.6 26292.3 	116145	6.57574	6.55445	12703.2	670	0.247858	0	4.029	1.02
12	0.0031336	0.000475346	11162.7	1050	105	10653.5	40.4198	40.4198	161.679	161.679	0 83742.6 24552.5 	108295	6.66865	6.55445	12703.2	670	0.247217	0	4.029	1.02
12.25	0.00313257	0.000478596	11241	1050	105	10732.7	40.3299	40.3299	161.32	161.32	0 83146.7 24357.1 	107504	6.67519	6.55445	12703.2	670	0.246971	0	4.029	1.02
12.5	0.00313745	0.000470296	11048.5	1050	105	10541.1	40.2402	40.2402	160.961	160.961	0 84745.9 24778 	109524	6.64412	6.55445	12703.2	670	0.246935	0	4.029	1.02
12.75	0.00314849	0.000449727	10567.6	1050	105	10061.1	40.1508	40.1508	160.603	160.603	0 88933.7 25917.3 	114851	6.57445	6.55445	12703.2	670	0.247047	0	4.029	1.02
13	0.00313396	0.000479699	11273.4	1050	105	10767.8	40.0615	40.0615	160.246	160.246	0 82992.1 24232.8 	107225	6.66636	6.55445	12703.2	670	0.246418	0	4.029	1.02
13.25	0.00313262	0.000483546	11365.8	1050	105	10861.1	39.9725	39.9725	159.89	159.89	0 82296.9 24010.5 	106307	6.67488	6.55445	12703.2	670	0.246158	0	4.029	1.02
13.5	0.00313805	0.00047413	11146.9	1050	105	10643	39.8837	39.8837	159.535	159.535	0 84076.5 24479.4 	108556	6.64032	6.55445	12703.2	670	0.246131	0	4.029	1.02
13.75	0.00314951	0.000452694	10645.2	1050	105	10142.3	39.7951	39.7951	159.181	159.181	0 88379.4 25644.7 	114024	6.56811	6.55445	12703.2	670	0.246243	0	4.029	1.02
14	0.00313448	0.000483672	11375.2	1050	105	10873.2	39.7068	39.7068	158.827	158.827	0 82324.4 23937.4 	106262	6.663	6.55445	12703.2	670	0.245613	0	4.029	1.02
14.25	0.00313289	0.000488017	11479.4	1050	105	10978.2	39.6187	39.6187	158.475	158.475	0 81550 23694.3 	105244	6.67314	6.55445	12703.2	670	0.245345	0	4.029	1.02
14.5	0.00313874	0.000477723	11239.6	1050	105	10739.3	39.5307	39.5307	158.123	158.123	0 83462.8 24197.4 	107660	6.6359	6.55445	12703.2	670	0.24532	0	4.029	1.02
14.75	0.00314999	0.000456647	10746	1050	105	10246.6	39.4431	39.4431	157.772	157.772	0 87627.9 25318.3 	112946	6.56506	6.55445	12703.2	670	0.245411	0	4.029	1.02
15	0.00313532	0.000487	11462	1050	105	10963.4	39.3556	39.3556	157.422	157.422	0 81783.4 23678.6 	105462	6.65768	6.55445	12703.2	670	0.24481	0	4.029	1.02
15.25	0.00313435	0.000490133	11537.8	1050	105	11040.1	39.2683	39.2683	157.073	157.073	0 81235.6 23499.6 	104735	6.66387	6.55445	12703.2	670	0.244566	0	4.029	1.02
15.5	0.00313922	0.000481722	11342	1050	105	10845.2	39.1813	39.1813	156.725	156.725	0 82782.4 23898.4 	106681	6.63289	6.55445	12703.2	670	0.244496	0	4.029	1.02
15.75	0.00315044	0.000460644	10847.9	1050	105	10352	39.0945	39.0945	156.378	156.378	0 86879.7 24994.4 	111874	6.56228	6.55445	12703.2	670	0.24457	0	4.029	1.02
16	0.00313605	0.000490502	11552.9	1050	105	11057.8	39.0079	39.0079	156.031	156.031	0 81218.4 23414.3 	104633	6.65304	6.55445	12703.2	670	0.243998	0	4.029	1.02
16.25	0.00313496	0.000493861	11634	1050	105	11139.8	38.9215	38.9215	155.686	155.686	0 80638.3 23227.6 	103866	6.65994	6.55445	12703.2	670	0.243752	0	4.029	1.02
16.5	0.00314	0.000485078	11429.3	1050	105	10936	38.8353	38.8353	155.341	155.341	0 82230.2 23636.1 	105866	6.62794	6.55445	12703.2	670	0.243675	0	4.029	1.02
16.75	0.00315138	0.00046363	10926.1	1050	105	10433.6	38.7493	38.7493	154.997	154.997	0 86346 24731.2 	111077	6.5564	6.55445	12703.2	670	0.243738	0	4.029	1.02
17	0.00313683	0.000493864	11640.6	1050	105	11148.9	38.6636	38.6636	154.654	154.654	0 80685.7 23160.3 	103846	6.64804	6.55445	12703.2	670	0.243183	0	4.029	1.02
17.25	0.00313569	0.000497337	11724.5	1050	105	11233.7	38.5781	38.5781	154.312	154.312	0 80093.2 22971.3 	103065	6.65529	6.55445	12703.2	670	0.242937	0	4.029	1.02
17.5	0.0031408	0.00048838	11515.5	1050	105	11025.5	38.4928	38.4928	153.971	153.971	0 81694.9 23379.9 	105075	6.6229	6.55445	12703.2	670	0.24285	0	4.029	1.02
17.75	0.00315227	0.000466692	11006.1	1050	105	10517	38.4077	38.4077	153.631	153.631	0 85803.7 24467 	110271	6.55086	6.55445	12703.2	670	0.2429	0	4.029	1.02
18	0.00313765	0.000497123	11725.9	1050	105	11237.6	38.3228	38.3228	153.291	153.291	0 80177.9 22914.5 	103092	6.64281	6.55445	12703.2	670	0.242364	0	4.029	1.02
18.25	0.00313652	0.000500599	11809.9	1050	105	11322.6	38.2381	38.2381	152.952	152.952	0 79592.3 22728.6 	102321	6.65004	6.55445	12703.2	670	0.242122	0	4.029	1.02
18.5	0.00314159	0.000491656	11601	1050	105	11114.5	38.1536	38.1536	152.615	152.615	0 81171.1 23128.3 	104299	6.61787	6.55445	12703.2	670	0.242021	0	4.029	1.02
18.75	0.00315309	0.000469851	11088.5	1050	105	10602.8	38.0694	38.0694	152.278	152.278	0 85249.1 24200.9 	109450	6.54571	6.55445	12703.2	670	0.242057	0	4.029	1.02
19	0.0031385	0.000500304	11809.4	1050	105	11324.6	37.9853	37.9853	151.941	151.941	0 79689.6 22675.3 	102365	6.63742	6.55445	12703.2	670	0.241543	0	4.029	1.02
19.25	0.00313742	0.000503673	11891	1050	105	11407	37.9015	37.9015	151.606	151.606	0 79129.4 22497.4 	101627	6.64429	6.55445	12703.2	670	0.241304	0	4.029	1.02
19.5	0.00314238	0.000494925	11686.5	1050	105	11203.3	37.8179	37.8179	151.272	151.272	0 80655.2 22880.2 	103535	6.6129	6.55445	12703.2	670	0.241189	0	4.029	1.02
19.75	0.00315385	0.00047312	11173.5	1050	105	10691.2	37.7345	37.7345	150.938	150.938	0 84680.4 23932.7 	108613	6.54098	6.55445	12703.2	670	0.241211	0	4.029	1.02
20	0.00313937	0.000503428	11891.7	1050	105	11410.1	37.6513	37.6513	150.605	150.605	0 79217 22441.6 	101659	6.63193	6.55445	12703.2	670	0.240719	0	4.029	1.02
20.25	0.0031384	0.000506584	11968.3	1050	105	11487.6	37.5683	37.5683	150.273	150.273	0 78699.1 22276.2 	100975	6.6381	6.55445	12703.2	670	0.240485	0	4.029	1.02
20.5	0.00314315	0.000498198	11772.2	1050	105	11292.3	37.4855	37.4855	149.942	149.942	0 80145.1 22635.2 	102780	6.60802	6.55445	12703.2	670	0.240355	0	4.029	1.02
20.75	0.00315455	0.000476502	11261.3	1050	105	10782.3	37.4029	37.4029	149.612	149.612	0 84098 23662.5 	107761	6.53666	6.55445	12703.2	670	0.240361	0	4.029	1.02
21	0.00314024	0.000506508	11972.9	1050	105	11494.7	37.3205	37.3205	149.282	149.282	0 78757.1 22212.7 	100970	6.62639	6.55445	12703.2	670	0.239892	0	4.029	1.02
21.25	0.00313943	0.000509352	12042.3	1050	105	11564.9	37.2383	37.2383	148.953	148.953	0 78297.2 22063.7 	100361	6.63156	6.55445	12703.2	670	0.239663	0	4.029	1.02
21.5	0.00314391	0.000501481	11858.1	1050	105	11381.6	37.1564	37.1564	148.625	148.625	0 79639.6 22392.9 	102032	6.60324	6.55445	12703.2	670	0.239519	0	4.029	1.02
21.75	0.00315518	0.000479993	11351.8	1050	105	10876	37.0746	37.0746	148.298	148.298	0 83503 23390.8 	106894	6.53275	6.55445	12703.2	670	0.239509	0	4.029	1.02
22	0.00314113	0.000509556	12053.5	1050	105	11578.6	36.993	36.993	147.972	147.972	0 78308.1 21988 	100296	6.62082	6.55445	12703.2	670	0.239063	0	4.029	1.02
22.25	0.00314051	0.000511996	12113.4	1050	105	11639.3	36.9117	36.9117	147.647	147.647	0 77919.6 21858.7 	99778.3	6.62472	6.55445	12703.2	670	0.238838	0	4.029	1.02
22.5	0.00314465	0.000504777	11944.5	1050	105	11471.2	36.8305	36.8305	147.322	147.322	0 79138.2 22153.2 	101291	6.59856	6.55445	12703.2	670	0.238681	0	4.029	1.02
22.75	0.00315575	0.000483585	11444.7	1050	105	10972.2	36.7496	36.7496	146.998	146.998	0 82897.7 23118.1 	106016	6.52921	6.55445	12703.2	670	0.238654	0	4.029	1.02
23	0.00314201	0.000512578	12133.6	1050	105	11661.9	36.6688	36.6688	146.675	146.675	0 77868.2 21767 	99635.1	6.61525	6.55445	12703.2	670	0.238232	0	4.029	1.02
23.25	0.00314163	0.000514535	12182	1050	105	11711.1	36.5883	36.5883	146.353	146.353	0 77562.7 21660.3 	99223	6.61764	6.55445	12703.2	670	0.238011	0	4.029	1.02
23.5	0.00314538	0.000508087	12031.2	1050	105	11561.1	36.5079	36.5079	146.032	146.032	0 78640.8 21916.1 	100557	6.59399	6.55445	12703.2	670	0.237841	0	4.029	1.02
23.75	0.00315626	0.000487268	11539.9	1050	105	11070.6	36.4278	36.4278	145.711	145.711	0 82284.6 22845.2 	105130	6.526	6.55445	12703.2	670	0.237799	0	4.029	1.02
24	0.00314289	0.000515583	12213.2	1050	105	11744.7	36.3479	36.3479	145.391	145.391	0 77436.1 21549.3 	98985.5	6.60969	6.55445	12703.2	670	0.237398	0	4.029	1.02
24.25	0.00314278	0.000516986	12248.6	1050	105	11780.9	36.2681	36.2681	145.072	145.072	0 77223.3 21467.4 	98690.7	6.61038	6.55445	12703.2	670	0.237181	0	4.029	1.02
24.5	0.00314609	0.00051141	12118.4	1050	105	11651.5	36.1886	36.1886	144.754	144.754	0 78147.5 21681.6 	99829.2	6.58952	6.55445	12703.2	670	0.237001	0	4.029	1.02
24.75	0.00315674	0.000491029	11637	1050	105	11170.9	36.1092	36.1092	144.437	144.437	0 81666.6 22573 	104240	6.52308	6.55445	12703.2	670	0.236942	0	4.029	1.02
25	0.00314376	0.000518574	12292.6	1050	105	11827.3	36.0301	36.0301	144.12	144.12	0 77011 21334.8 	98345.7	6.60416	6.55445	12703.2	670	0.236563	0	4.029	1.02
25.25	0.00314395	0.000519365	12313.5	1050	105	11849	35.9511	35.9511	143.804	143.804	0 76898.2 21279.3 	98177.4	6.60298	6.55445	12703.2	670	0.236348	0	4.029	1.02
25.5	0.00314679	0.000514743	12205.8	1050	105	11742.1	35.8724	35.8724	143.489	143.489	0 77658.8 21449.9 	99108.6	6.58514	6.55445	12703.2	670	0.236159	0	4.029	1.02
25.75	0.00315717	0.000494853	11735.7	1050	105	11272.7	35.7938	35.7938	143.175	143.175	0 81046.7 22302.2 	103349	6.52039	6.55445	12703.2	670	0.236085	0	4.029	1.02
26	0.00314463	0.000521556	12371.9	1050	105	11909.8	35.7154	35.7154	142.862	142.862	0 76591.9 21123.1 	97714.9	6.59867	6.55445	12703.2	670	0.235726	0	4.029	1.02
26.25	0.00314514	0.00052169	12377.2	1050	105	11915.8	35.6373	35.6373	142.549	142.549	0 76584.4 21095 	97679.4	6.5955	6.55445	12703.2	670	0.235513	0	4.029	1.02
26.5	0.00314747	0.000518083	12293.5	1050	105	11832.9	35.5593	35.5593	142.237	142.237	0 77174.9 21220.9 	98395.8	6.58083	6.55445	12703.2	670	0.235317	0	4.029	1.02
26.75	0.00315757	0.000498724	11835.6	1050	105	11375.8	35.4815	35.4815	141.926	141.926	0 80427.8 22033.6 	102461	6.5179	6.55445	12703.2	670	0.235228	0	4.029	1.02
27	0.0031455	0.000524533	12451.1	1050	105	11992.1	35.4039	35.4039	141.616	141.616	0 76178.1 20914.1 	97092.2	6.59324	6.55445	12703.2	670	0.234888	0	4.029	1.02
27.25	0.00314634	0.000523976	12440	1050	105	11981.7	35.3266	35.3266	141.306	141.306	0 76279.4 20913.9 	97193.3	6.58797	6.55445	12703.2	670	0.234676	0	4.029	1.02
27.5	0.00314815	0.000521428	12381.4	1050	105	11923.9	35.2494	35.2494	140.997	140.997	0 76696.3 20994.8 	97691.1	6.5766	6.55445	12703.2	670	0.234474	0	4.029	1.02
27.75	0.00315795	0.000502628	11936.4	1050	105	11479.7	35.1724	35.1724	140.689	140.689	0 79812.7 21767.9 	101581	6.51555	6.55445	12703.2	670	0.234371	0	4.029	1.02
28	0.00314635	0.000527508	12530.4	1050	105	12074.4	35.0956	35.0956	140.382	140.382	0 75769 20707.6 	96476.6	6.58786	6.55445	12703.2	670	0.234049	0	4.029	1.02
28.25	0.00314753	0.000526237	12502.2	1050	105	12047	35.0189	35.0189	140.076	140.076	0 75980.4 20735.4 	96715.9	6.58046	6.55445	12703.2	670	0.233837	0	4.029	1.02
28.5	0.00314882	0.000524774	12469.4	1050	105	12015	34.9425	34.9425	139.77	139.77	0 76223.4 20771.7 	96995	6.57242	6.55445	12703.2	670	0.233632	0	4.029	1.02
28.75	0.00315832	0.00050655	12037.8	1050	105	11584.1	34.8663	34.8663	139.465	139.465	0 79203.9 21505.8 	100710	6.51329	6.55445	12703.2	670	0.233515	0	4.029	1.02
29	0.0031472	0.000530484	12609.7	1050	105	12156.8	34.7902	34.7902	139.161	139.161	0 75364.2 20503.5 	95867.7	6.58254	6.55445	12703.2	670	0.233209	0	4.029	1.02
29.25	0.00314873	0.000528489	12564.2	1050	105	12112.1	34.7144	34.7144	138.857	138.857	0 75685.4 20558.9 	96244.4	6.57298	6.55445	12703.2	670	0.232996	0	4.029	1.02
29.5	0.00314948	0.000528119	12557.5	1050	105	12106.1	34.6387	34.6387	138.555	138.555	0 75756.5 20551.6 	96308	6.56828	6.55445	12703.2	670	0.232788	0	4.029	1.02
29.75	0.00315867	0.000510477	12139.3	1050	105	11688.7	34.5632	34.5632	138.253	138.253	0 78603.5 21247.8 	99851.3	6.51109	6.55445	12703.2	670	0.23266	0	4.029	1.02
30	0.00314804	0.000533464	12689.2	1050	105	12239.3	34.4879	34.4879	137.952	137.952	0 74963.2 20301.6 	95264.8	6.5773	6.55445	12703.2	670	0.232368	0	4.029	1.02
30.25	0.00314991	0.000530743	12626.3	1050	105	12177.2	34.4128	34.4128	137.651	137.651	0 75392.3 20383.8 	95776.2	6.56558	6.55445	12703.2	670	0.232154	0	4.029	1.02
30.5	0.00315013	0.00053146	12645.5	1050	105	12197.2	34.3379	34.3379	137.352	137.352	0 75295.9 20334.6 	95630.4	6.56419	6.55445	12703.2	670	0.231945	0	4.029	1.02
30.75	0.00315903	0.000514395	12240.8	1050	105	11793.2	34.2632	34.2632	137.053	137.053	0 78013.5 20994.3 	99007.7	6.50889	6.55445	12703.2	670	0.231806	0	4.029	1.02
31	0.00314886	0.000536448	12768.8	1050	105	12321.9	34.1887	34.1887	136.755	136.755	0 74565.7 20101.9 	94667.6	6.57212	6.55445	12703.2	670	0.231526	0	4.029	1.02
31.25	0.00315108	0.00053301	12688.8	1050	105	12242.7	34.1143	34.1143	136.457	136.457	0 75099.4 20209.8 	95309.2	6.55829	6.55445	12703.2	670	0.231311	0	4.029	1.02
31.5	0.00315078	0.000534795	12733.5	1050	105	12288.1	34.0401	34.0401	136.161	136.161	0 74841.8 20120.6 	94962.4	6.56012	6.55445	12703.2	670	0.231102	0	4.029	1.02
31.75	0.00315939	0.000518295	12341.9	1050	105	11897.3	33.9662	33.9662	135.865	135.865	0 77435.2 20745.6 	98180.8	6.50668	6.55445	12703.2	670	0.230952	0	4.029	1.02
32	0.00314968	0.000539441	12848.7	1050	105	12404.8	33.8924	33.8924	135.569	135.569	0 74171.3 19904.2 	94075.5	6.56703	6.55445	12703.2	670	0.230684	0	4.029	1.02
32.25	0.00315222	0.000535302	12751.9	1050	105	12308.7	33.8187	33.8187	135.275	135.275	0 74805.2 20036.5 	94841.7	6.55113	6.55445	12703.2	670	0.230468	0	4.029	1.02
32.5	0.00315143	0.000538122	12821.4	1050	105	12379	33.7453	33.7453	134.981	134.981	0 74394.3 19909.8 	94304.2	6.55608	6.55445	12703.2	670	0.230259	0	4.029	1.02
32.75	0.00315975	0.000522167	12442.5	1050	105	12000.8	33.6721	33.6721	134.688	134.688	0 76870 20502 	97372	6.50442	6.55445	12703.2	670	0.2301	0	4.029	1.02
33	0.00315048	0.000542441	12928.9	1050	105	12487.9	33.599	33.599	134.396	134.396	0 73779.7 19708.6 	93488.3	6.56202	6.55445	12703.2	670	0.229842	0	4.029	1.02
33.25	0.00315335	0.000537625	12815.8	1050	105	12375.6	33.5261	33.5261	134.104	134.104	0 74508.4 19863.7 	94372.1	6.54413	6.55445	12703.2	670	0.229625	0	4.029	1.02
33.5	0.00315207	0.00054144	12909.1	1050	105	12469.6	33.4534	33.4534	133.814	133.814	0 73953.6 19702.1 	93655.7	6.55206	6.55445	12703.2	670	0.229416	0	4.029	1.02
33.75	0.00316013	0.000526003	12542.3	1050	105	12103.5	33.3809	33.3809	133.524	133.524	0 76318.6 20263.6 	96582.2	6.50208	6.55445	12703.2	670	0.229249	0	4.029	1.02
34	0.00315127	0.000545452	13009.4	1050	105	12571.3	33.3086	33.3086	133.234	133.234	0 73390.9 19514.9 	92905.7	6.55708	6.55445	12703.2	670	0.229	0	4.029	1.02
34.25	0.00315444	0.000539988	12880.7	1050	105	12443.3	33.2364	33.2364	132.946	132.946	0 74208.2 19691 	93899.2	6.53731	6.55445	12703.2	670	0.228781	0	4.029	1.02
34.5	0.00315272	0.000544747	12996.7	1050	105	12560.1	33.1644	33.1644	132.658	132.658	0 73519.6 19497.5 	93017.1	6.54806	6.55445	12703.2	670	0.228574	0	4.029	1.02
34.75	0.00316052	0.000529797	12641.2	1050	105	12205.3	33.0926	33.0926	132.371	132.371	0 75781.4 20030.5 	95812	6.49965	6.55445	12703.2	670	0.2284	0	4.029	1.02
35	0.00315205	0.000548474	13090.2	1050	105	12655	33.021	33.021	132.084	132.084	0 73004.6 19323.1 	92327.6	6.55223	6.55445	12703.2	670	0.228158	0	4.029	1.02
35.25	0.00315551	0.000542394	12946.7	1050	105	12512.2	32.9496	32.9496	131.798	131.798	0 73904 19518.4 	93422.4	6.53067	6.55445	12703.2	670	0.227938	0	4.029	1.02
35.5	0.00315336	0.000548044	13084.1	1050	105	12650.3	32.8783	32.8783	131.513	131.513	0 73092.2 19295.9 	92388.1	6.54407	6.55445	12703.2	670	0.227732	0	4.029	1.02
35.75	0.00316093	0.000533545	12739.2	1050	105	12306.1	32.8072	32.8072	131.229	131.229	0 75258.9 19802.7 	95061.6	6.49712	6.55445	12703.2	670	0.227551	0	4.029	1.02
36	0.00315281	0.000551507	13171.3	1050	105	12739	32.7363	32.7363	130.945	130.945	0 72620.7 19133.1 	91753.8	6.54747	6.55445	12703.2	670	0.227316	0	4.029	1.02
36.25	0.00315655	0.000544849	13013.9	1050	105	12582.2	32.6656	32.6656	130.662	130.662	0 73595.3 19345.9 	92941.1	6.52422	6.55445	12703.2	670	0.227095	0	4.029	1.02
36.5	0.003154	0.00055133	13171.3	1050	105	12740.4	32.5951	32.5951	130.38	130.38	0 72671.3 19097.3 	91768.6	6.54009	6.55445	12703.2	670	0.22689	0	4.029	1.02
36.75	0.00316136	0.000537244	12836	1050	105	12405.8	32.5247	32.5247	130.099	130.099	0 74750.8 19580.2 	94331	6.49448	6.55445	12703.2	670	0.226704	0	4.029	1.02
37	0.00315356	0.000554551	13252.8	1050	105	12823.3	32.4545	32.4545	129.818	129.818	0 72239.2 18945.1 	91184.3	6.54279	6.55445	12703.2	670	0.226474	0	4.029	1.02
37.25	0.00315756	0.000547354	13082.3	1050	105	12653.5	32.3845	32.3845	129.538	129.538	0 73281.9 19173.3 	92455.2	6.51798	6.55445	12703.2	670	0.226253	0	4.029	1.02
37.5	0.00315464	0.000554605	13258.3	1050	105	12830.2	32.3146	32.3146	129.258	129.258	0 72256.8 18901.6 	91158.4	6.53612	6.55445	12703.2	670	0.226048	0	4.029	1.02
37.75	0.00316181	0.000540892	12931.7	1050	105	12504.3	32.2449	32.2449	128.98	128.98	0 74257.1 19362.7 	93619.9	6.49172	6.55445	12703.2	670	0.225859	0	4.029	1.02
38	0.0031543	0.000557607	13334.7	1050	105	12907.9	32.1754	32.1754	128.702	128.702	0 71860.2 18758.8 	90619	6.53818	6.55445	12703.2	670	0.225632	0	4.029	1.02
38.25	0.00315854	0.00054991	13152.1	1050	105	12726	32.1061	32.1061	128.424	128.424	0 72963.8 19000.7 	91964.5	6.51193	6.55445	12703.2	670	0.225412	0	4.029	1.02
38.5	0.00315527	0.000557869	13345.2	1050	105	12919.8	32.037	32.037	128.148	128.148	0 71848.6 18708.7 	90557.3	6.53216	6.55445	12703.2	670	0.225207	0	4.029	1.02
38.75	0.00316228	0.00054449	13026.4	1050	105	12601.7	31.968	31.968	127.872	127.872	0 73777.3 19150.2 	92927.6	6.48885	6.55445	12703.2	670	0.225015	0	4.029	1.02
39	0.00315503	0.000560675	13416.9	1050	105	12992.9	31.8992	31.8992	127.597	127.597	0 71483.5 18574.4 	90057.9	6.53366	6.55445	12703.2	670	0.224791	0	4.029	1.02
39.25	0.00315948	0.000552517	13223.1	1050	105	12799.8	31.8305	31.8305	127.322	127.322	0 72641.3 18828.2 	91469.4	6.50608	6.55445	12703.2	670	0.224571	0	4.029	1.02
39.5	0.00315591	0.000561122	13431.9	1050	105	13009.2	31.7621	31.7621	127.048	127.048	0 71446.3 18518.7 	89965	6.52822	6.55445	12703.2	670	0.224367	0	4.029	1.02
39.75	0.00316276	0.000548039	13119.9	1050	105	12697.9	31.6938	31.6938	126.775	126.775	0 73310.9 18942.5 	92253.4	6.48586	6.55445	12703.2	670	0.224172	0	4.029	1.02
40	0.00315575	0.000563754	13499.4	1050	105	13078.1	31.6256	31.6256	126.503	126.503	0 71109.2 18391.9 	89501	6.52922	6.55445	12703.2	670	0.223951	0	4.029	1.02
40.25	0.0031604	0.000555175	13295.4	1050	105	12874.8	31.5577	31.5577	126.231	126.231	0 72314.5 18655.8 	90970.3	6.50043	6.55445	12703.2	670	0.223731	0	4.029	1.02
40.5	0.00315654	0.000564366	13518.4	1050	105	13098.5	31.4899	31.4899	125.96	125.96	0 71049.9 18331.3 	89381.2	6.52429	6.55445	12703.2	670	0.223528	0	4.029	1.02
40.75	0.00316327	0.000551538	13212.3	1050	105	12793.1	31.4223	31.4223	125.689	125.689	0 72857.3 18739.4 	91596.7	6.48276	6.55445	12703.2	670	0.22333	0	4.029	1.02
41	0.00315645	0.000566844	13582.3	1050	105	13163.7	31.3548	31.3548	125.419	125.419	0 70737.4 18211.1 	88948.5	6.52485	6.55445	12703.2	670	0.223111	0	4.029	1.02
41.25	0.00316128	0.00055788	13368.9	1050	105	12951	31.2876	31.2876	125.15	125.15	0 71983.9 18483.6 	90467.6	6.49496	6.55445	12703.2	670	0.222893	0	4.029	1.02
41.5	0.00315717	0.000567601	13604.8	1050	105	13187.6	31.2205	31.2205	124.882	124.882	0 70659.1 18146.5 	88805.6	6.52037	6.55445	12703.2	670	0.222689	0	4.029	1.02
41.75	0.00316379	0.000554993	13303.8	1050	105	12887.2	31.1535	31.1535	124.614	124.614	0 72415.8 18540.5 	90956.3	6.47956	6.55445	12703.2	670	0.22249	0	4.029	1.02
42	0.00315714	0.000569943	13665.4	1050	105	13249.6	31.0867	31.0867	124.347	124.347	0 70368.1 18032.2 	88400.3	6.52055	6.55445	12703.2	670	0.222273	0	4.029	1.02
42.25	0.00316214	0.000560632	13443.5	1050	105	13028.3	31.0201	31.0201	124.081	124.081	0 71650.1 18311.9 	89962	6.48967	6.55445	12703.2	670	0.222055	0	4.029	1.02
42.5	0.0031578	0.000570828	13691	1050	105	13276.5	30.9537	30.9537	123.815	123.815	0 70273.6 17964.3 	88238	6.51647	6.55445	12703.2	670	0.221851	0	4.029	1.02
42.75	0.00316432	0.000558404	13394.2	1050	105	12980.4	30.8874	30.8874	123.55	123.55	0 71985.6 18345.8 	90331.4	6.47627	6.55445	12703.2	670	0.221651	0	4.029	1.02
43	0.00315783	0.000573053	13748.9	1050	105	13335.7	30.8213	30.8213	123.285	123.285	0 70001.4 17855.1 	87856.5	6.51633	6.55445	12703.2	670	0.221435	0	4.029	1.02
43.25	0.00316298	0.000563427	13519.3	1050	105	13106.7	30.7554	30.7554	123.021	123.021	0 71313.4 18140.7 	89454.1	6.48455	6.55445	12703.2	670	0.221218	0	4.029	1.02
43.5	0.00315843	0.000574048	13777.2	1050	105	13365.3	30.6896	30.6896	122.758	122.758	0 69893.4 17784.6 	87678	6.51259	6.55445	12703.2	670	0.221013	0	4.029	1.02
43.75	0.00316487	0.000561775	13483.9	1050	105	13072.6	30.624	30.624	122.496	122.496	0 71566 18155 	89721	6.4729	6.55445	12703.2	670	0.220813	0	4.029	1.02
44	0.0031585	0.000576171	13832.7	1050	105	13422.1	30.5585	30.5585	122.234	122.234	0 69637.4 17679.9 	87317.3	6.51217	6.55445	12703.2	670	0.220597	0	4.029	1.02
44.25	0.00316378	0.000566261	13596.1	1050	105	13186.2	30.4932	30.4932	121.973	121.973	0 70974.6 17970.1 	88944.7	6.47959	6.55445	12703.2	670	0.220383	0	4.029	1.02
44.5	0.00315905	0.000577261	13863.3	1050	105	13454	30.4281	30.4281	121.712	121.712	0 69518 17607.3 	87125.3	6.50873	6.55445	12703.2	670	0.220177	0	4.029	1.02
44.75	0.00316543	0.000565111	13572.7	1050	105	13164.1	30.3631	30.3631	121.452	121.452	0 71156.2 17967.9 	89124.1	6.46945	6.55445	12703.2	670	0.219977	0	4.029	1.02
45	0.00315916	0.000579297	13916.7	1050	105	13508.7	30.2983	30.2983	121.193	121.193	0 69276.1 17506.5 	86782.7	6.50807	6.55445	12703.2	670	0.219761	0	4.029	1.02
45.25	0.00316457	0.000569132	13673.8	1050	105	13266.5	30.2337	30.2337	120.935	120.935	0 70634.1 17800.3 	88434.5	6.47477	6.55445	12703.2	670	0.219549	0	4.029	1.02
45.5	0.00315967	0.000580469	13949.3	1050	105	13542.6	30.1692	30.1692	120.677	120.677	0 69147.5 17432.3 	86579.8	6.5049	6.55445	12703.2	670	0.219342	0	4.029	1.02
45.75	0.00316601	0.000568414	13660.8	1050	105	13254.8	30.1049	30.1049	120.42	120.42	0 70755.5 17784.2 	88539.8	6.46594	6.55445	12703.2	670	0.219142	0	4.029	1.02
46	0.00315981	0.000582431	14001	1050	105	13595.6	30.0407	30.0407	120.163	120.163	0 68917.6 17335 	86252.7	6.50404	6.55445	12703.2	670	0.218926	0	4.029	1.02
46.25	0.00316533	0.000572036	13752.4	1050	105	13347.6	29.9767	29.9767	119.907	119.907	0 70292.5 17631.5 	87924	6.47008	6.55445	12703.2	670	0.218716	0	4.029	1.02
46.5	0.00316035	0.000583558	14032.6	1050	105	13628.4	29.9129	29.9129	119.652	119.652	0 68796.1 17262.9 	86059	6.50075	6.55445	12703.2	670	0.218507	0	4.029	1.02
46.75	0.00316668	0.000571504	13743.9	1050	105	13340.4	29.8492	29.8492	119.397	119.397	0 70387.9 17609.6 	87997.5	6.46184	6.55445	12703.2	670	0.218309	0	4.029	1.02
47	0.00316044	0.000585602	14086.3	1050	105	13683.4	29.7857	29.7857	119.143	119.143	0 68558.1 17164.4 	85722.6	6.50015	6.55445	12703.2	670	0.218092	0	4.029	1.02
47.25	0.00316599	0.000575137	13835.8	1050	105	13433.6	29.7223	29.7223	118.889	118.889	0 69928.1 17458.4 	87386.5	6.46602	6.55445	12703.2	670	0.217883	0	4.029	1.02
47.5	0.00316092	0.000586844	14120.6	1050	105	13719	29.6591	29.6591	118.637	118.637	0 68423.3 17089.9 	85513.1	6.49722	6.55445	12703.2	670	0.217674	0	4.029	1.02
47.75	0.00316725	0.000574783	13831.6	1050	105	13430.7	29.5961	29.5961	118.384	118.384	0 69999 17431.2 	87430.2	6.45833	6.55445	12703.2	670	0.217477	0	4.029	1.02
48	0.00316108	0.000588743	14170.9	1050	105	13770.6	29.5332	29.5332	118.133	118.133	0 68206.1 16996.8 	85202.8	6.49621	6.55445	12703.2	670	0.217259	0	4.029	1.02
48.25	0.00316673	0.000578068	13915.2	1050	105	13515.5	29.4705	29.4705	117.882	117.882	0 69589.8 17292.7 	86882.4	6.46149	6.55445	12703.2	670	0.217053	0	4.029	1.02
48.5	0.00316153	0.000590045	14206.7	1050	105	13807.7	29.4079	29.4079	117.632	117.632	0 68065.1 16921.3 	84986.5	6.49348	6.55445	12703.2	670	0.216841	0	4.029	1.02
48.75	0.00316783	0.000578035	13918.8	1050	105	13520.3	29.3455	29.3455	117.382	117.382	0 69617.9 17255.9 	86873.8	6.45477	6.55445	12703.2	670	0.216647	0	4.029	1.02
49	0.00316171	0.000591891	14255.8	1050	105	13857.9	29.2832	29.2832	117.133	117.133	0 67856.8 16830.9 	84687.7	6.49233	6.55445	12703.2	670	0.216427	0	4.029	1.02
49.25	0.00316745	0.000581028	13995.4	1050	105	13598.2	29.2211	29.2211	116.884	116.884	0 69251.1 17128 	86379.1	6.45708	6.55445	12703.2	670	0.216224	0	4.029	1.02
49.5	0.00316213	0.000593243	14292.8	1050	105	13896.2	29.1592	29.1592	116.637	116.637	0 67711.1 16754.9 	84466.1	6.48976	6.55445	12703.2	670	0.21601	0	4.029	1.02
49.75	0.00316842	0.000581265	14005.5	1050	105	13609.5	29.0974	29.0974	116.389	116.389	0 69243.9 17083.5 	86327.4	6.45119	6.55445	12703.2	670	0.215817	0	4.029	1.02
50	0.00316233	0.000595045	14340.8	1050	105	13945.5	29.0357	29.0357	116.143	116.143	0 67510.4 16666.8 	84177.3	6.48851	6.55445	12703.2	670	0.215596	0	4.029	1.02
50.25	0.00316816	0.000584011	14076.2	1050	105	13681.4	28.9742	28.9742	115.897	115.897	0 68912.6 16964.5 	85877.1	6.45278	6.55445	12703.2	670	0.215397	0	4.029	1.02
50.5	0.00316273	0.000596439	14378.9	1050	105	13984.8	28.9129	28.9129	115.652	115.652	0 67361.1 16590.6 	83951.7	6.48608	6.55445	12703.2	670	0.21518	0	4.029	1.02
50.75	0.00316901	0.000584475	14091.8	1050	105	13698.2	28.8517	28.8517	115.407	115.407	0 68876.5 16913.7 	85790.2	6.44757	6.55445	12703.2	670	0.21499	0	4.029	1.02
51	0.00316294	0.000598211	14426.3	1050	105	14033.3	28.7907	28.7907	115.163	115.163	0 67165.7 16504.3 	83670	6.48476	6.55445	12703.2	670	0.214766	0	4.029	1.02
51.25	0.00316884	0.000587026	14157.8	1050	105	13765.5	28.7298	28.7298	114.919	114.919	0 68573.5 16802 	85375.5	6.4486	6.55445	12703.2	670	0.214571	0	4.029	1.02
51.5	0.00316332	0.000599631	14465.1	1050	105	14073.4	28.6691	28.6691	114.676	114.676	0 67015.1 16428.3 	83443.4	6.48242	6.55445	12703.2	670	0.214352	0	4.029	1.02
51.75	0.00316961	0.000587659	14177.5	1050	105	13786.4	28.6085	28.6085	114.434	114.434	0 68516.2 16746.8 	85263	6.44392	6.55445	12703.2	670	0.214164	0	4.029	1.02
52	0.00316355	0.000601371	14511.6	1050	105	14121.1	28.5481	28.5481	114.192	114.192	0 66826 16344 	83170	6.48102	6.55445	12703.2	670	0.213938	0	4.029	1.02
52.25	0.00316952	0.000590049	14239.7	1050	105	13849.8	28.4878	28.4878	113.951	113.951	0 68236.8 16641.2 	84878	6.44448	6.55445	12703.2	670	0.213746	0	4.029	1.02
52.5	0.00316391	0.000602825	14551.3	1050	105	14162	28.4277	28.4277	113.711	113.711	0 66672.4 16267.9 	82940.3	6.4788	6.55445	12703.2	670	0.213524	0	4.029	1.02
52.75	0.0031702	0.000590842	14263.3	1050	105	13874.6	28.3678	28.3678	113.471	113.471	0 68160 16582 	84742	6.44029	6.55445	12703.2	670	0.213339	0	4.029	1.02
53	0.00316415	0.00060454	14597.3	1050	105	14209.2	28.3079	28.3079	113.232	113.232	0 66488.2 16185.3 	82673.5	6.47735	6.55445	12703.2	670	0.213111	0	4.029	1.02
53.25	0.00317018	0.000593088	14322	1050	105	13934.6	28.2483	28.2483	112.993	112.993	0 67901.3 16481.8 	84383.1	6.44044	6.55445	12703.2	670	0.212923	0	4.029	1.02
53.5	0.00316449	0.00060602	14637.6	1050	105	14250.7	28.1887	28.1887	112.755	112.755	0 66333.2 16109.4 	82442.6	6.47522	6.55445	12703.2	670	0.212698	0	4.029	1.02
53.75	0.0031708	0.000594013	14348.9	1050	105	13962.6	28.1294	28.1294	112.517	112.517	0 67808.8 16419.5 	84228.3	6.43666	6.55445	12703.2	670	0.212516	0	4.029	1.02
54	0.00316474	0.000607715	14683.2	1050	105	14297.5	28.0701	28.0701	112.281	112.281	0 66153.2 16028.3 	82181.5	6.47372	6.55445	12703.2	670	0.212286	0	4.029	1.02
54.25	0.00317083	0.000596142	14404.8	1050	105	14019.7	28.0111	28.0111	112.044	112.044	0 67567.2 16323.8 	83891.1	6.43648	6.55445	12703.2	670	0.212101	0	4.029	1.02
54.5	0.00316507	0.000609215	14724	1050	105	14339.5	27.9521	27.9521	111.809	111.809	0 65997.3 15952.8 	81950.1	6.47167	6.55445	12703.2	670	0.211873	0	4.029	1.02
54.75	0.0031714	0.000597177	14434.3	1050	105	14050.4	27.8934	27.8934	111.573	111.573	0 67462.2 16259.2 	83721.5	6.43304	6.55445	12703.2	670	0.211695	0	4.029	1.02
55	0.00316532	0.000610895	14769.3	1050	105	14385.9	27.8347	27.8347	111.339	111.339	0 65821 15873 	81694	6.47015	6.55445	12703.2	670	0.211462	0	4.029	1.02
55.25	0.00317147	0.00059921	14488	1050	105	14105.3	27.7762	27.7762	111.105	111.105	0 67234.9 16167.3 	83402.2	6.43259	6.55445	12703.2	670	0.211281	0	4.029	1.02
55.5	0.00316564	0.000612412	14810.6	1050	105	14428.4	27.7179	27.7179	110.872	110.872	0 65664.6 15797.9 	81462.6	6.46817	6.55445	12703.2	670	0.21105	0	4.029	1.02
55.75	0.00317199	0.000600334	14519.7	1050	105	14138.1	27.6597	27.6597	110.639	110.639	0 67120 16101 	83221	6.42943	6.55445	12703.2	670	0.210875	0	4.029	1.02
56	0.0031659	0.00061408	14855.5	1050	105	14474.5	27.6016	27.6016	110.407	110.407	0 65491.5 15719.4 	81210.9	6.46663	6.55445	12703.2	670	0.210639	0	4.029	1.02
56.25	0.0031721	0.00060229	14571.6	1050	105	14191.2	27.5437	27.5437	110.175	110.175	0 66904.3 16012.3 	82916.6	6.42877	6.55445	12703.2	670	0.210463	0	4.029	1.02
56.5	0.00316625	0.000615531	14895.3	1050	105	14515.4	27.486	27.486	109.944	109.944	0 65344.4 15646.9 	80991.3	6.46446	6.55445	12703.2	670	0.210228	0	4.029	1.02
56.75	0.00317264	0.000603357	14602	1050	105	14222.7	27.4284	27.4284	109.713	109.713	0 66797.4 15948.3 	82745.8	6.42546	6.55445	12703.2	670	0.210058	0	4.029	1.02
57	0.00316645	0.000617293	14942.6	1050	105	14563.9	27.3709	27.3709	109.484	109.484	0 65162 15567 	80729	6.46321	6.55445	12703.2	670	0.209818	0	4.029	1.02
57.25	0.00317266	0.000605502	14658.4	1050	105	14280.3	27.3136	27.3136	109.254	109.254	0 66561.1 15855.6 	82416.8	6.42537	6.55445	12703.2	670	0.209645	0	4.029	1.02
57.5	0.00316678	0.000618795	14983.6	1050	105	14606	27.2564	27.2564	109.025	109.025	0 65010.6 15494 	80504.5	6.46122	6.55445	12703.2	670	0.209407	0	4.029	1.02
57.75	0.00317322	0.00060653	14687.9	1050	105	14310.9	27.1993	27.1993	108.797	108.797	0 66460.1 15793.4 	82253.5	6.42196	6.55445	12703.2	670	0.209242	0	4.029	1.02
58	0.00316701	0.000620486	15029.2	1050	105	14652.8	27.1424	27.1424	108.57	108.57	0 64838.2 15416.8 	80254.9	6.45978	6.55445	12703.2	670	0.208998	0	4.029	1.02
58.25	0.00317327	0.000608585	14742.2	1050	105	14366.4	27.0857	27.0857	108.343	108.343	0 66236.8 15704.2 	81941	6.42162	6.55445	12703.2	670	0.20883	0	4.029	1.02
58.5	0.00316733	0.000622005	15070.6	1050	105	14695.4	27.029	27.029	108.116	108.116	0 64686.3 15344.2 	80030.5	6.45785	6.55445	12703.2	670	0.208588	0	4.029	1.02
58.75	0.00317379	0.000609698	14773.8	1050	105	14399	26.9726	26.9726	107.89	107.89	0 66126.7 15640.4 	81767.1	6.41847	6.55445	12703.2	670	0.208427	0	4.029	1.02
59	0.00316757	0.000623687	15116.1	1050	105	14741.9	26.9162	26.9162	107.665	107.665	0 64516.8 15268.1 	79784.9	6.45639	6.55445	12703.2	670	0.208179	0	4.029	1.02
59.25	0.00317388	0.000611682	14826.4	1050	105	14452.8	26.86	26.86	107.44	107.44	0 65914 15554.2 	81468.2	6.41794	6.55445	12703.2	670	0.208016	0	4.029	1.02
59.5	0.00316787	0.00062522	15157.9	1050	105	14784.9	26.804	26.804	107.216	107.216	0 64364.7 15196.1 	79560.8	6.45452	6.55445	12703.2	670	0.207771	0	4.029	1.02
59.75	0.00317436	0.000612865	14859.7	1050	105	14487.2	26.7481	26.7481	106.992	106.992	0 65796.8 15489.3 	81286.1	6.41502	6.55445	12703.2	670	0.207613	0	4.029	1.02
60	0.00316811	0.000626894	15203.2	1050	105	14831.3	26.6923	26.6923	106.769	106.769	0 64197.7 15121.1 	79318.7	6.45307	6.55445	12703.2	670	0.207363	0	4.029	1.02
60.25	0.00317448	0.000614793	14911	1050	105	14539.7	26.6366	26.6366	106.547	106.547	0 65592.8 15405.5 	80998.4	6.41433	6.55445	12703.2	670	0.207204	0	4.029	1.02
60.5	0.00316841	0.000628441	15245.4	1050	105	14874.6	26.5812	26.5812	106.325	106.325	0 64045.7 15049.5 	79095.2	6.45125	6.55445	12703.2	670	0.206954	0	4.029	1.02
60.75	0.00317493	0.000616032	14945.7	1050	105	14575.5	26.5258	26.5258	106.103	106.103	0 65470.1 15340 	80810.1	6.4116	6.55445	12703.2	670	0.206802	0	4.029	1.02
61	0.00316865	0.000630111	15290.6	1050	105	14920.9	26.4706	26.4706	105.882	105.882	0 63880.8 14975.5 	78856.3	6.44979	6.55445	12703.2	670	0.206547	0	4.029	1.02
61.25	0.00317506	0.000617916	14996	1050	105	14626.9	26.4155	26.4155	105.662	105.662	0 65273.3 15258.3 	80531.6	6.41079	6.55445	12703.2	670	0.206394	0	4.029	1.02
61.5	0.00316894	0.000631668	15333.1	1050	105	14964.5	26.3605	26.3605	105.442	105.442	0 63729.1 14904.6 	78633.6	6.44802	6.55445	12703.2	670	0.20614	0	4.029	1.02
61.75	0.00317549	0.000619202	15031.9	1050	105	14663.8	26.3057	26.3057	105.223	105.223	0 65146.5 15192.3 	80338.8	6.40821	6.55445	12703.2	670	0.205992	0	4.029	1.02
62	0.00316917	0.000633336	15378.3	1050	105	15010.8	26.2511	26.2511	105.004	105.004	0 63566 14831.4 	78397.4	6.44658	6.55445	12703.2	670	0.205733	0	4.029	1.02
62.25	0.00317563	0.000621053	15081.4	1050	105	14714.5	26.1965	26.1965	104.786	104.786	0 64955.3 15112.5 	80067.8	6.40732	6.55445	12703.2	670	0.205585	0	4.029	1.02
62.5	0.00316946	0.000634904	15421.1	1050	105	15054.7	26.1421	26.1421	104.569	104.569	0 63414.7 14761.1 	78175.8	6.44485	6.55445	12703.2	670	0.205327	0	4.029	1.02
62.75	0.00317604	0.000622376	15118.2	1050	105	14752.3	26.0879	26.0879	104.351	104.351	0 64825.5 15046.3 	79871.8	6.40486	6.55445	12703.2	670	0.205183	0	4.029	1.02
63	0.00316969	0.000636571	15466.3	1050	105	15101	26.0337	26.0337	104.135	104.135	0 63253.3 14688.8 	77942.1	6.44342	6.55445	12703.2	670	0.204921	0	4.029	1.02
63.25	0.0031762	0.000624203	15167.2	1050	105	14802.4	25.9798	25.9798	103.919	103.919	0 64639 14968 	79607	6.40392	6.55445	12703.2	670	0.204777	0	4.029	1.02
63.5	0.00316997	0.000638148	15509.4	1050	105	15145.1	25.9259	25.9259	103.704	103.704	0 63102.5 14619 	77721.5	6.44174	6.55445	12703.2	670	0.204515	0	4.029	1.02
63.75	0.00317658	0.000625557	15204.8	1050	105	14841	25.8722	25.8722	103.489	103.489	0 64507 14901.8 	79408.8	6.40157	6.55445	12703.2	670	0.204377	0	4.029	1.02
64	0.0031702	0.000639818	15554.7	1050	105	15191.5	25.8186	25.8186	103.274	103.274	0 62942.4 14547.5 	77489.9	6.44033	6.55445	12703.2	670	0.20411	0	4.029	1.02
64.25	0.00317675	0.000627367	15253.4	1050	105	14890.8	25.7651	25.7651	103.061	103.061	0 64324.1 14824.8 	79149	6.40059	6.55445	12703.2	670	0.203972	0	4.029	1.02
64.5	0.00317047	0.000641403	15598	1050	105	15235.9	25.7118	25.7118	102.847	102.847	0 62792.1 14478.4 	77270.5	6.43869	6.55445	12703.2	670	0.203705	0	4.029	1.02
64.75	0.00317712	0.000628745	15291.6	1050	105	14930	25.6586	25.6586	102.634	102.634	0 64190.7 14758.8 	78949.5	6.39833	6.55445	12703.2	670	0.203572	0	4.029	1.02
65	0.00317069	0.000643077	15643.5	1050	105	15282.4	25.6056	25.6056	102.422	102.422	0 62633.2 14407.7 	77040.8	6.4373	6.55445	12703.2	670	0.203301	0	4.029	1.02
65.25	0.00317728	0.000630546	15340.1	1050	105	14979.5	25.5526	25.5526	102.211	102.211	0 64010.7 14683 	78693.6	6.39733	6.55445	12703.2	670	0.203167	0	4.029	1.02
65.5	0.00317096	0.000644671	15687	1050	105	15327	25.4999	25.4999	101.999	101.999	0 62483.6 14339.1 	76822.7	6.4357	6.55445	12703.2	670	0.202897	0	4.029	1.02
65.75	0.00317765	0.000631943	15378.7	1050	105	15019.3	25.4472	25.4472	101.789	101.789	0 63876.4 14617.3 	78493.7	6.39514	6.55445	12703.2	670	0.202768	0	4.029	1.02
66	0.00317118	0.00064635	15732.6	1050	105	15373.7	25.3947	25.3947	101.579	101.579	0 62325.5 14269.1 	76594.6	6.43435	6.55445	12703.2	670	0.202494	0	4.029	1.02
66.25	0.00317781	0.000633741	15427.2	1050	105	15068.7	25.3423	25.3423	101.369	101.369	0 63698.5 14542.4 	78240.8	6.39415	6.55445	12703.2	670	0.202365	0	4.029	1.02
66.5	0.00317169	0.000647431	15763.7	1050	105	15405.8	25.29	25.29	101.16	101.16	0 62231.5 14212.7 	76444.1	6.43128	6.55445	12703.2	670	0.20209	0	4.029	1.02
66.75	0.00317858	0.000634312	15445.7	1050	105	15088.4	25.2379	25.2379	100.951	100.951	0 63656.7 14497.1 	78153.7	6.38949	6.55445	12703.2	670	0.201977	0	4.029	1.02
67	0.00317156	0.000649827	15826.9	1050	105	15470	25.1859	25.1859	100.743	100.743	0 61999.6 14127.7 	76127.4	6.43201	6.55445	12703.2	670	0.201688	0	4.029	1.02
67.25	0.00317791	0.000637801	15535.4	1050	105	15179.1	25.134	25.134	100.536	100.536	0 63294.9 14383.1 	77678.1	6.39359	6.55445	12703.2	670	0.201553	0	4.029	1.02
67.5	0.00317199	0.000651063	15861.7	1050	105	15505.9	25.0822	25.0822	100.329	100.329	0 61890.3 14068.5 	75958.8	6.4294	6.55445	12703.2	670	0.201285	0	4.029	1.02
67.75	0.00317909	0.000637529	15533.5	1050	105	15178.2	25.0306	25.0306	100.123	100.123	0 63345.6 14358.1 	77703.6	6.38642	6.55445	12703.2	670	0.201177	0	4.029	1.02
68	0.00317202	0.000653143	15917.3	1050	105	15562.5	24.9791	24.9791	99.9166	99.9166	0 61693.7 13991.4 	75685.1	6.42924	6.55445	12703.2	670	0.200883	0	4.029	1.02
68.25	0.00317839	0.000641054	15624.1	1050	105	15269.8	24.9278	24.9278	99.7111	99.7111	0 62983.5 14244.7 	77228.2	6.39064	6.55445	12703.2	670	0.200753	0	4.029	1.02
68.5	0.00317245	0.000654361	15951.7	1050	105	15597.9	24.8766	24.8766	99.5062	99.5062	0 61587.3 13933.3 	75520.6	6.4266	6.55445	12703.2	670	0.200481	0	4.029	1.02
68.75	0.00317961	0.00064073	15620.9	1050	105	15267.7	24.8255	24.8255	99.3018	99.3018	0 63039.3 14221.1 	77260.3	6.38333	6.55445	12703.2	670	0.200379	0	4.029	1.02
69	0.00317246	0.000656488	16008.4	1050	105	15655.7	24.7745	24.7745	99.0979	99.0979	0 61387.8 13856.1 	75243.9	6.42658	6.55445	12703.2	670	0.20008	0	4.029	1.02
69.25	0.00317885	0.000644364	15714.2	1050	105	15362	24.7236	24.7236	98.8945	98.8945	0 62668.9 14106.6 	76775.5	6.38789	6.55445	12703.2	670	0.199954	0	4.029	1.02
69.5	0.00317291	0.000657668	16042	1050	105	15690.2	24.6729	24.6729	98.6916	98.6916	0 61286.3 13799.4 	75085.8	6.42385	6.55445	12703.2	670	0.199679	0	4.029	1.02
69.75	0.00318013	0.000643908	15707.8	1050	105	15356.6	24.6223	24.6223	98.4893	98.4893	0 62738.4 14086.2 	76824.6	6.3802	6.55445	12703.2	670	0.199583	0	4.029	1.02
70	0.00317287	0.000659869	16100.6	1050	105	15749.8	24.5718	24.5718	98.2874	98.2874	0 61081.2 13721.7 	74802.9	6.42406	6.55445	12703.2	670	0.199279	0	4.029	1.02
70.25	0.00317927	0.000647746	15806.2	1050	105	15456	24.5215	24.5215	98.086	98.086	0 62349.8 13968.5 	76318.3	6.38539	6.55445	12703.2	670	0.199155	0	4.029	1.02
70.5	0.00317335	0.000660981	16132.5	1050	105	15782.7	24.4713	24.4713	97.8852	97.8852	0 60987.7 13667 	74654.8	6.42114	6.55445	12703.2	670	0.198879	0	4.029	1.02
70.75	0.00318066	0.000647048	15793.9	1050	105	15444.7	24.4212	24.4212	97.6848	97.6848	0 62444.5 13953.7 	76398.1	6.37698	6.55445	12703.2	670	0.198789	0	4.029	1.02
71	0.00317326	0.000663296	16193.9	1050	105	15845.2	24.3712	24.3712	97.4849	97.4849	0 60773.2 13587.9 	74361	6.42169	6.55445	12703.2	670	0.198479	0	4.029	1.02
71.25	0.00317963	0.000651226	15900.7	1050	105	15552.5	24.3214	24.3214	97.2856	97.2856	0 62023.7 13829.8 	75853.5	6.3832	6.55445	12703.2	670	0.198356	0	4.029	1.02
71.5	0.00317379	0.000664293	16223	1050	105	15875.3	24.2717	24.2717	97.0867	97.0867	0 60692.1 13536.2 	74228.3	6.41846	6.55445	12703.2	670	0.19808	0	4.029	1.02
71.75	0.00318122	0.000650123	15878.5	1050	105	15531.3	24.2221	24.2221	96.8883	96.8883	0 62160.2 13824.1 	75984.3	6.37359	6.55445	12703.2	670	0.197998	0	4.029	1.02
72	0.00317362	0.000666784	16288.8	1050	105	15942.1	24.1726	24.1726	96.6905	96.6905	0 60462 13454.3 	73916.4	6.41954	6.55445	12703.2	670	0.197681	0	4.029	1.02
72.25	0.00317991	0.000654849	15998.7	1050	105	15652.5	24.1233	24.1233	96.4931	96.4931	0 61686.2 13689.8 	75375.9	6.38147	6.55445	12703.2	670	0.197558	0	4.029	1.02
72.5	0.00317424	0.000667589	16313.2	1050	105	15967.5	24.074	24.074	96.2962	96.2962	0 60400.9 13407.1 	73808	6.41577	6.55445	12703.2	670	0.197282	0	4.029	1.02
72.75	0.00318184	0.00065308	15960.3	1050	105	15615	24.0249	24.0249	96.0998	96.0998	0 61890.7 13698.6 	75589.3	6.36988	6.55445	12703.2	670	0.19721	0	4.029	1.02
73	0.00317392	0.000670364	16386	1050	105	16041.3	23.976	23.976	95.9039	95.9039	0 60144.9 13320.6 	73465.5	6.41767	6.55445	12703.2	670	0.196884	0	4.029	1.02
73.25	0.00318009	0.000658695	16102.3	1050	105	15758	23.9271	23.9271	95.7085	95.7085	0 61329.3 13546.6 	74875.9	6.38044	6.55445	12703.2	670	0.196758	0	4.029	1.02
73.5	0.0031747	0.000670841	16402.4	1050	105	16058.6	23.8784	23.8784	95.5135	95.5135	0 60116.9 13280.4 	73397.3	6.41297	6.55445	12703.2	670	0.196486	0	4.029	1.02
73.75	0.00318257	0.000655821	16036.8	1050	105	15693.5	23.8298	23.8298	95.3191	95.3191	0 61646.1 13579.2 	75225.2	6.36554	6.55445	12703.2	670	0.196428	0	4.029	1.02
74	0.00317416	0.000674095	16487.1	1050	105	16144.3	23.7813	23.7813	95.1252	95.1252	0 59816.4 13185.5 	73001.9	6.41627	6.55445	12703.2	670	0.196089	0	4.029	1.02
74.25	0.00318006	0.000662925	16215.4	1050	105	15873	23.7329	23.7329	94.9317	94.9317	0 60937.5 13397.3 	74334.8	6.38057	6.55445	12703.2	670	0.195955	0	4.029	1.02
74.5	0.00317521	0.000673987	16489.1	1050	105	16147.3	23.6847	23.6847	94.7387	94.7387	0 59845.8 13157.2 	73003	6.4099	6.55445	12703.2	670	0.195692	0	4.029	1.02
74.75	0.0031835	0.000658142	16103.1	1050	105	15761.8	23.6365	23.6365	94.5462	94.5462	0 61446.7 13470.1 	74916.7	6.35995	6.55445	12703.2	670	0.195657	0	4.029	1.02
75	0.00317425	0.000678109	16595.2	1050	105	16254.3	23.5885	23.5885	94.3542	94.3542	0 59464.1 13046.6 	72510.7	6.4157	6.55445	12703.2	670	0.195295	0	4.029	1.02
75.25	0.00317968	0.000667881	16346.3	1050	105	16005.9	23.5407	23.5407	94.1626	94.1626	0 60478 13235.1 	73713.1	6.38288	6.55445	12703.2	670	0.195147	0	4.029	1.02
75.5	0.00317582	0.000676896	16570	1050	105	16230.1	23.4929	23.4929	93.9715	93.9715	0 59600.1 13039.9 	72640	6.40618	6.55445	12703.2	670	0.1949	0	4.029	1.02
75.75	0.00318486	0.000659608	16148.7	1050	105	15809.2	23.4452	23.4452	93.781	93.781	0 61336.3 13380.5 	74716.9	6.35178	6.55445	12703.2	670	0.194905	0	4.029	1.02
76	0.00317404	0.000682751	16718.8	1050	105	16379.9	23.3977	23.3977	93.5908	93.5908	0 59055.9 12897.6 	71953.5	6.41696	6.55445	12703.2	670	0.194504	0	4.029	1.02
76.25	0.00317853	0.000674402	16515.9	1050	105	16177.4	23.3503	23.3503	93.4012	93.4012	0 59871.7 13044.4 	72916	6.38979	6.55445	12703.2	670	0.194329	0	4.029	1.02
76.5	0.00317669	0.000679271	16637.9	1050	105	16299.9	23.303	23.303	93.212	93.212	0 59408 12934.2 	72342.2	6.40093	6.55445	12703.2	670	0.194111	0	4.029	1.02
76.75	0.0031872	0.00065919	16148.2	1050	105	15810.7	23.2558	23.2558	93.0233	93.0233	0 61420.4 13333 	74753.4	6.33779	6.55445	12703.2	670	0.194207	0	4.029	1.02
77	0.00317291	0.000689357	16891	1050	105	16553.9	23.2088	23.2088	92.8351	92.8351	0 58467.7 12714.6 	71182.3	6.42384	6.55445	12703.2	670	0.193719	0	4.029	1.02
77.25	0.00317531	0.000685292	16793.2	1050	105	16456.5	23.1618	23.1618	92.6474	92.6474	0 58860.5 12775 	71635.5	6.40926	6.55445	12703.2	670	0.193511	0	4.029	1.02
77.5	0.00317822	0.000680258	16671.7	1050	105	16335.5	23.115	23.115	92.4601	92.4601	0 59350.4 12856.1 	72206.5	6.39168	6.55445	12703.2	670	0.193332	0	4.029	1.02
77.75	0.00319229	0.000653658	16023.3	1050	105	15687.6	23.0683	23.0683	92.2733	92.2733	0 62039 13402 	75441	6.30753	6.55445	12703.2	670	0.193702	0	4.029	1.02
78	0.0031199	0.000815386	20035.9	1050	105	19700.3	23.0584	23.0584	92.2334	92.2334	0 48606.1 10822.5 	59428.6	6.75687	6.55445	12703.2	670	0.195591	0	4.029	1.02
78.25	0.0029749	0.000915834	21899.5	1050	105	21564	23.0483	23.0483	92.1933	92.1933	0 41263.7 7305.97 	48569.7	7.79384	6.55445	12703.2	670	0.144319	0	4.029	1.02
78.5	0.0031551	0.000735737	18055	1050	105	17720	23.0018	23.0018	92.0071	92.0071	0 54475.8 11864.6 	66340.5	6.53323	6.55445	12703.2	670	0.193226	0	4.029	1.02
78.75	0.00318711	0.0006672	16362.6	1050	105	16028.1	22.9554	22.9554	91.8214	91.8214	0 60681.2 13042.2 	73723.4	6.33835	6.55445	12703.2	670	0.192494	0	4.029	1.02
79	0.00318464	0.000673088	16509.2	1050	105	16175.1	22.9091	22.9091	91.6362	91.6362	0 60103.7 12906.2 	73009.9	6.35313	6.55445	12703.2	670	0.192194	0	4.029	1.02
79.25	0.00318863	0.000666317	16346	1050	105	16012.3	22.8629	22.8629	91.4515	91.4515	0 60790.6 13033.4 	73824	6.32929	6.55445	12703.2	670	0.192168	0	4.029	1.02
79.5	0.00318303	0.00067837	16643.7	1050	105	16310.5	22.8168	22.8168	91.2672	91.2672	0 59605.7 12772.4 	72378.2	6.36273	6.55445	12703.2	670	0.191751	0	4.029	1.02
79.75	0.00319251	0.000661041	16222.3	1050	105	15889.6	22.7708	22.7708	91.0833	91.0833	0 61350.4 13121.8 	74472.2	6.30623	6.55445	12703.2	670	0.192007	0	4.029	1.02
80	0.00317915	0.000688406	16895.4	1050	105	16563.1	22.725	22.725	90.8999	90.8999	0 58665.1 12552 	71217.1	6.38606	6.55445	12703.2	670	0.191291	0	4.029	1.02
80.25	0.00319213	0.000663848	16295.9	1050	105	15964.1	22.6793	22.6793	90.717	90.717	0 61083.7 13034.5 	74118.2	6.30849	6.55445	12703.2	670	0.191596	0	4.029	1.02
80.5	0.00312164	0.000822934	20253	1050	105	19921.3	22.671	22.671	90.684	90.684	0 48187.2 10609.6 	58796.8	6.74555	6.55445	12703.2	670	0.193821	0	4.029	1.02
80.75	0.00297854	0.000921363	22072.8	1050	105	21741.2	22.6627	22.6627	90.6508	90.6508	0 41066.4 7192.54 	48258.9	7.76527	6.55445	12703.2	670	0.143203	0	4.029	1.02
81	0.00315757	0.000740477	18196.3	1050	105	17865.1	22.6171	22.6171	90.4685	90.4685	0 54169.5 11645.2 	65814.7	6.51791	6.55445	12703.2	670	0.191137	0	4.029	1.02
81.25	0.00318818	0.000675161	16581.6	1050	105	16250.9	22.5717	22.5717	90.2866	90.2866	0 59985.9 12736.7 	72722.6	6.33196	6.55445	12703.2	670	0.190501	0	4.029	1.02
81.5	0.00318694	0.000678611	16668.6	1050	105	16338.4	22.5263	22.5263	90.1052	90.1052	0 59657.7 12653.5 	72311.2	6.33935	6.55445	12703.2	670	0.190249	0	4.029	1.02
81.75	0.00318891	0.000675822	16602.8	1050	105	16273	22.4811	22.4811	89.9243	89.9243	0 59940.8 12696.6 	72637.4	6.32764	6.55445	12703.2	670	0.190144	0	4.029	1.02
82	0.00318607	0.000682413	16766.9	1050	105	16437.6	22.436	22.436	89.7438	89.7438	0 59309.1 12551.5 	71860.7	6.34455	6.55445	12703.2	670	0.189829	0	4.029	1.02
82.25	0.00319067	0.000674533	16576.4	1050	105	16247.5	22.3909	22.3909	89.5638	89.5638	0 60088.6 12697.5 	72786.2	6.31715	6.55445	12703.2	670	0.189856	0	4.029	1.02
82.5	0.00318423	0.000688201	16914.2	1050	105	16585.7	22.346	22.346	89.3842	89.3842	0 58776.3 12413.5 	71189.8	6.35558	6.55445	12703.2	670	0.18939	0	4.029	1.02
82.75	0.00319536	0.00066787	16419	1050	105	16091	22.3013	22.3013	89.205	89.205	0 60777.2 12814.7 	73591.9	6.2894	6.55445	12703.2	670	0.189788	0	4.029	1.02
83	0.00317815	0.00070283	17279.7	1050	105	16952.2	22.2566	22.2566	89.0264	89.0264	0 57443 12120.5 	69563.5	6.39213	6.55445	12703.2	670	0.188918	0	4.029	1.02
83.25	0.00318722	0.000685432	16853.8	1050	105	16526.7	22.212	22.212	88.8481	88.8481	0 59069.2 12427.9 	71497.1	6.33767	6.55445	12703.2	670	0.188934	0	4.029	1.02
83.5	0.0031212	0.000837183	20642.6	1050	105	20315.6	22.2047	22.2047	88.8189	88.8189	0 47360.3 10293.6 	57654	6.74841	6.55445	12703.2	670	0.191667	0	4.029	1.02
83.75	0.00298117	0.000930519	22338.9	1050	105	22011.9	22.1974	22.1974	88.7895	88.7895	0 40698.2 7028.62 	47726.8	7.74471	6.55445	12703.2	670	0.141627	0	4.029	1.02
84	0.00315977	0.000748016	18412.6	1050	105	18086.1	22.153	22.153	88.6118	88.6118	0 53660.8 11363.3 	65024.1	6.50433	6.55445	12703.2	670	0.188727	0	4.029	1.02
84.25	0.00318932	0.000685167	16856.7	1050	105	16530.6	22.1086	22.1086	88.4346	88.4346	0 59130.9 12376.4 	71507.3	6.32517	6.55445	12703.2	670	0.188182	0	4.029	1.02
84.5	0.00318925	0.000686338	16887.9	1050	105	16562.3	22.0645	22.0645	88.2578	88.2578	0 59028.7 12340.4 	71369.1	6.32562	6.55445	12703.2	670	0.187983	0	4.029	1.02
84.75	0.00318939	0.000687087	16908.9	1050	105	16583.6	22.0204	22.0204	88.0815	88.0815	0 58967 12312.9 	71280	6.32475	6.55445	12703.2	670	0.187797	0	4.029	1.02
85	0.00318922	0.000688458	16945.1	1050	105	16620.3	21.9764	21.9764	87.9056	87.9056	0 58846.5 12273.7 	71120.2	6.32576	6.55445	12703.2	670	0.187599	0	4.029	1.02
85.25	0.00318956	0.00068885	16957.3	1050	105	16633	21.9325	21.9325	87.7302	87.7302	0 58819.3 12253.6 	71072.9	6.32374	6.55445	12703.2	670	0.187428	0	4.029	1.02
85.5	0.00318915	0.000690712	17005.6	1050	105	16681.7	21.8888	21.8888	87.5552	87.5552	0 58653.1 12205.3 	70858.4	6.32622	6.55445	12703.2	670	0.187221	0	4.029	1.02
85.75	0.00318991	0.000690289	16997.8	1050	105	16674.4	21.8452	21.8452	87.3806	87.3806	0 58703 12201.2 	70904.2	6.32168	6.55445	12703.2	670	0.187072	0	4.029	1.02
86	0.00318888	0.000693335	17075.2	1050	105	16752.2	21.8016	21.8016	87.2065	87.2065	0 58426.4 12130.7 	70557.1	6.32778	6.55445	12703.2	670	0.186838	0	4.029	1.02
86.25	0.00319063	0.000691004	17020.6	1050	105	16698.1	21.7582	21.7582	87.0328	87.0328	0 58655.6 12163.2 	70818.8	6.31737	6.55445	12703.2	670	0.18674	0	4.029	1.02
86.5	0.00318816	0.000696865	17167.2	1050	105	16845.1	21.7149	21.7149	86.8595	86.8595	0 58117.2 12039.8 	70157	6.33209	6.55445	12703.2	670	0.186437	0	4.029	1.02
86.75	0.00319229	0.000689951	17000.1	1050	105	16678.4	21.6717	21.6717	86.6867	86.6867	0 58775.6 12159.8 	70935.4	6.30754	6.55445	12703.2	670	0.186463	0	4.029	1.02
87	0.00318632	0.000702618	17314	1050	105	16992.7	21.6286	21.6286	86.5143	86.5143	0 57608.1 11909.6 	69517.6	6.34307	6.55445	12703.2	670	0.185998	0	4.029	1.02
87.25	0.00319674	0.000683755	16853.9	1050	105	16533	21.5856	21.5856	86.3423	86.3423	0 59390.9 12260.8 	71651.6	6.28126	6.55445	12703.2	670	0.186394	0	4.029	1.02
87.5	0.00312082	0.000855691	21151.9	1050	105	20831.1	21.5797	21.5797	86.3186	86.3186	0 46330.4 9896.95 	56227.3	6.75086	6.55445	12703.2	670	0.188827	0	4.029	1.02
87.75	0.00298584	0.000942236	22689.3	1050	105	22368.5	21.5736	21.5736	86.2946	86.2946	0 40255 6838.73 	47093.7	7.70847	6.55445	12703.2	670	0.139962	0	4.029	1.02
88	0.00316279	0.000757893	18697.8	1050	105	18377.5	21.5308	21.5308	86.1232	86.1232	0 53012.2 11003.3 	64015.5	6.48569	6.55445	12703.2	670	0.185579	0	4.029	1.02
88.25	0.00319037	0.000699566	17251.1	1050	105	16931.2	21.488	21.488	85.9522	85.9522	0 57932.9 11899 	69831.9	6.31896	6.55445	12703.2	670	0.185157	0	4.029	1.02
88.5	0.00319251	0.000696441	17176.9	1050	105	16857.4	21.4454	21.4454	85.7816	85.7816	0 58231.9 11944.9 	70176.8	6.30623	6.55445	12703.2	670	0.185072	0	4.029	1.02
88.75	0.00318937	0.000703521	17353.4	1050	105	17034.4	21.4029	21.4029	85.6115	85.6115	0 57589.1 11800.7 	69389.9	6.3249	6.55445	12703.2	670	0.184717	0	4.029	1.02
89	0.00319456	0.000694604	17137	1050	105	16818.4	21.3604	21.3604	85.4418	85.4418	0 58423.4 11955.9 	70379.3	6.29411	6.55445	12703.2	670	0.184812	0	4.029	1.02
89.25	0.00318664	0.000710972	17542.2	1050	105	17224	21.3181	21.3181	85.2725	85.2725	0 56936.8 11643.1 	68579.9	6.34117	6.55445	12703.2	670	0.184232	0	4.029	1.02
89.5	0.00320108	0.000684737	16901.2	1050	105	16583.4	21.2759	21.2759	85.1036	85.1036	0 59386.4 12131.5 	71517.8	6.2557	6.55445	12703.2	670	0.184945	0	4.029	1.02
89.75	0.00312717	0.000851684	21078.6	1050	105	20760.9	21.2735	21.2735	85.0941	85.0941	0 46642.9 9843.3 	56486.2	6.70986	6.55445	12703.2	670	0.187153	0	4.029	1.02
90	0.00308459	0.000921064	22745.1	1050	105	22427.4	21.271	21.271	85.0841	85.0841	0 42542.3 8805.51 	51347.9	6.99154	6.55445	12703.2	670	0.180658	0	4.029	1.02
90.25	0.0031664	0.000759667	18765.4	1050	105	18448.1	21.2289	21.2289	84.9157	84.9157	0 52948.8 10865.7 	63814.5	6.46353	6.55445	12703.2	670	0.18392	0	4.029	1.02
90.5	0.00319017	0.000709705	17525.2	1050	105	17208.4	21.1869	21.1869	84.7478	84.7478	0 57101.8 11613.9 	68715.7	6.3201	6.55445	12703.2	670	0.183593	0	4.029	1.02
90.75	0.00319598	0.000699531	17277.5	1050	105	16961	21.1451	21.1451	84.5802	84.5802	0 58037.7 11787.4 	69825.1	6.28573	6.55445	12703.2	670	0.183702	0	4.029	1.02
91	0.00318674	0.000718296	17741.7	1050	105	17425.7	21.1033	21.1033	84.4131	84.4131	0 56358.2 11436.2 	67794.4	6.34054	6.55445	12703.2	670	0.183016	0	4.029	1.02
91.25	0.00320425	0.000686485	16963.6	1050	105	16648	21.0616	21.0616	84.2463	84.2463	0 59293.7 12023.5 	71317.2	6.23718	6.55445	12703.2	670	0.183978	0	4.029	1.02
91.5	0.00313147	0.000849666	21048.1	1050	105	20732.5	21.0616	21.0616	84.2464	84.2464	0 46818 9786.17 	56604.2	6.68227	6.55445	12703.2	670	0.185797	0	4.029	1.02
91.75	0.00309408	0.000920089	22778.7	1050	105	22463.1	21.0615	21.0615	84.246	84.246	0 42718.3 8888.1 	51606.4	6.92747	6.55445	12703.2	670	0.182621	0	4.029	1.02
92	0.00316944	0.000760148	18794.6	1050	105	18479.4	21.0199	21.0199	84.0797	84.0797	0 52966.1 10767.4 	63733.5	6.44494	6.55445	12703.2	670	0.18254	0	4.029	1.02
92.25	0.00318965	0.000717957	17747	1050	105	17432.2	20.9785	20.9785	83.9138	83.9138	0 56436.2 11386.5 	67822.7	6.32322	6.55445	12703.2	670	0.182276	0	4.029	1.02
92.5	0.00319964	0.000699948	17306.7	1050	105	16992.3	20.9371	20.9371	83.7483	83.7483	0 58069.5 11701.2 	69770.7	6.2642	6.55445	12703.2	670	0.182665	0	4.029	1.02
92.75	0.00312465	0.000871257	21607.1	1050	105	21292.8	20.9344	20.9344	83.7377	83.7377	0 45558.3 9510.17 	55068.5	6.72613	6.55445	12703.2	670	0.185352	0	4.029	1.02
93	0.00308764	0.00093255	23085.9	1050	105	22771.5	20.9317	20.9317	83.7267	83.7267	0 42059.9 8638.95 	50698.9	6.97086	6.55445	12703.2	670	0.179896	0	4.029	1.02
93.25	0.00316768	0.000769552	19042.9	1050	105	18729	20.8904	20.8904	83.5617	83.5617	0 52289.8 10581.1 	62871	6.45567	6.55445	12703.2	670	0.181751	0	4.029	1.02
93.5	0.00319148	0.000719517	17798.7	1050	105	17485.2	20.8493	20.8493	83.3971	83.3971	0 56346.1 11301.2 	67647.2	6.31237	6.55445	12703.2	670	0.181436	0	4.029	1.02
93.75	0.00319818	0.00070764	17508.6	1050	105	17195.6	20.8082	20.8082	83.2329	83.2329	0 57412.2 11499.1 	68911.2	6.27274	6.55445	12703.2	670	0.181606	0	4.029	1.02
94	0.00312203	0.000882681	21909.5	1050	105	21596.4	20.8047	20.8047	83.2189	83.2189	0 44931.1 9340.27 	54271.4	6.74302	6.55445	12703.2	670	0.184588	0	4.029	1.02
94.25	0.0030866	0.000939123	23263.3	1050	105	22950.2	20.8011	20.8011	83.2046	83.2046	0 41751.4 8517.47 	50268.9	6.97793	6.55445	12703.2	670	0.178729	0	4.029	1.02
94.5	0.00316766	0.000774801	19186.9	1050	105	18874.3	20.7602	20.7602	83.0409	83.0409	0 51935.2 10449.2 	62384.4	6.45582	6.55445	12703.2	670	0.180843	0	4.029	1.02
94.75	0.00319243	0.000722656	17889	1050	105	17576.8	20.7194	20.7194	82.8776	82.8776	0 56118.1 11187.8 	67305.9	6.30671	6.55445	12703.2	670	0.180528	0	4.029	1.02
95	0.0031985	0.000711998	17628.8	1050	105	17317	20.6787	20.6787	82.7147	82.7147	0 57066.4 11361.4 	68427.8	6.27089	6.55445	12703.2	670	0.180663	0	4.029	1.02
95.25	0.00312234	0.000887531	22046.8	1050	105	21735	20.6756	20.6756	82.7025	82.7025	0 44690 9239.62 	53929.6	6.74102	6.55445	12703.2	670	0.183744	0	4.029	1.02
95.5	0.00308967	0.000941991	23363.8	1050	105	23052.1	20.6725	20.6725	82.69	82.69	0 41665.7 8491.36 	50157	6.95716	6.55445	12703.2	670	0.178951	0	4.029	1.02
95.75	0.00316867	0.000777601	19269.3	1050	105	18957.9	20.6319	20.6319	82.5276	82.5276	0 51764.6 10348.9 	62113.5	6.44965	6.55445	12703.2	670	0.179875	0	4.029	1.02
96	0.00319274	0.000727025	18009.8	1050	105	17698.9	20.5914	20.5914	82.3656	82.3656	0 55786.2 11055 	66841.2	6.30489	6.55445	12703.2	670	0.179589	0	4.029	1.02
96.25	0.0031999	0.000714351	17699.9	1050	105	17389.4	20.551	20.551	82.2039	82.2039	0 56903.3 11262.1 	68165.5	6.26265	6.55445	12703.2	670	0.179807	0	4.029	1.02
96.5	0.00312449	0.000888212	22079.1	1050	105	21768.6	20.5492	20.5492	82.1968	82.1968	0 44686.4 9180.95 	53867.4	6.72712	6.55445	12703.2	670	0.182844	0	4.029	1.02
96.75	0.00309421	0.000942764	23415.4	1050	105	23104.9	20.5473	20.5473	82.1893	82.1893	0 41692.7 8497.61 	50190.4	6.92655	6.55445	12703.2	670	0.179478	0	4.029	1.02
97	0.00317036	0.000778828	19312.1	1050	105	19002.1	20.507	20.507	82.0281	82.0281	0 51710.6 10268.7 	61979.3	6.43935	6.55445	12703.2	670	0.17888	0	4.029	1.02
97.25	0.00319251	0.000732434	18156.4	1050	105	17846.7	20.4668	20.4668	81.8673	81.8673	0 55370.4 10907.1 	66277.5	6.30623	6.55445	12703.2	670	0.17863	0	4.029	1.02
97.5	0.00320224	0.000715043	17730.5	1050	105	17421.2	20.4267	20.4267	81.707	81.707	0 56889.8 11195.1 	68085	6.24894	6.55445	12703.2	670	0.179045	0	4.029	1.02
97.75	0.00312802	0.000885525	22025.7	1050	105	21716.4	20.4268	20.4268	81.7072	81.7072	0 44872.6 9152.5 	54025.1	6.70441	6.55445	12703.2	670	0.181837	0	4.029	1.02
98	0.00309926	0.000941891	23424	1050	105	23114.7	20.4267	20.4267	81.707	81.707	0 41799.4 8512.77 	50312.2	6.89276	6.55445	12703.2	670	0.179864	0	4.029	1.02
98.25	0.00317265	0.00077867	19320.2	1050	105	19011.4	20.3868	20.3868	81.547	81.547	0 51758.6 10206.4 	61965	6.42539	6.55445	12703.2	670	0.177868	0	4.029	1.02
98.5	0.00319164	0.000739101	18334.3	1050	105	18025.9	20.3469	20.3469	81.3874	81.3874	0 54855.9 10741.8 	65597.7	6.31141	6.55445	12703.2	670	0.177647	0	4.029	1.02
98.75	0.00320595	0.000713392	17703.8	1050	105	17395.8	20.3071	20.3071	81.2283	81.2283	0 57087.5 11174 	68261.6	6.22728	6.55445	12703.2	670	0.17844	0	4.029	1.02
99	0.00313319	0.000878492	21860.9	1050	105	21552.8	20.3097	20.3097	81.2386	81.2386	0 45306.6 9159.77 	54466.4	6.67126	6.55445	12703.2	670	0.18062	0	4.029	1.02
99.25	0.00310496	0.000938762	23373.2	1050	105	23065.1	20.3121	20.3121	81.2486	81.2486	0 42015.9 8539.02 	50554.9	6.85488	6.55445	12703.2	670	0.180028	0	4.029	1.02
99.5	0.0031758	0.000776595	19280.2	1050	105	18972.4	20.2724	20.2724	81.0897	81.0897	0 51948.4 10168.5 	62116.9	6.4063	6.55445	12703.2	670	0.17684	0	4.029	1.02
99.75	0.00312552	0.00090054	22430.6	1050	105	22122.9	20.2718	20.2718	81.0871	81.0871	0 44089.2 8933.5 	53022.7	6.7205	6.55445	12703.2	670	0.180749	0	4.029	1.02
100	0.00309958	0.000950786	23676.8	1050	105	23369.1	20.271	20.271	81.084	81.084	0 41412.7 8369.79 	49782.5	6.89061	6.55445	12703.2	670	0.178752	0	4.029	1.02
100.25	0.00317311	0.000786044	19525.9	1050	105	19218.6	20.2314	20.2314	80.9256	80.9256	0 51280.3 10019.6 	61299.9	6.42264	6.55445	12703.2	670	0.176471	0	4.029	1.02
100.5	0.00312451	0.000906523	22592.2	1050	105	22284.9	20.2304	20.2304	80.9216	80.9216	0 43784.1 8852.63 	52636.8	6.72698	6.55445	12703.2	670	0.180403	0	4.029	1.02
100.75	0.0030997	0.000954339	23777.8	1050	105	23470.5	20.2293	20.2293	80.9172	80.9172	0 41260 8317.55 	49577.6	6.88986	6.55445	12703.2	670	0.178394	0	4.029	1.02
101	0.00317321	0.000789003	19608.1	1050	105	19301.2	20.1898	20.1898	80.7592	80.7592	0 51089.7 9949.07 	61038.8	6.422	6.55445	12703.2	670	0.175967	0	4.029	1.02
101.25	0.00312505	0.000908786	22659.2	1050	105	22352.3	20.1891	20.1891	80.7565	80.7565	0 43682.6 8804.18 	52486.8	6.72351	6.55445	12703.2	670	0.179948	0	4.029	1.02
101.5	0.00310104	0.000955964	23832.6	1050	105	23525.7	20.1884	20.1884	80.7535	80.7535	0 41207.7 8291.01 	49498.7	6.88093	6.55445	12703.2	670	0.178235	0	4.029	1.02
101.75	0.00317391	0.000790491	19653	1050	105	19346.5	20.149	20.149	80.5959	80.5959	0 51004.9 9895.14 	60900	6.41774	6.55445	12703.2	670	0.175414	0	4.029	1.02
102	0.0031259	0.000910181	22703.8	1050	105	22397.3	20.1488	20.1488	80.5951	80.5951	0 43627.6 8762.23 	52389.8	6.71801	6.55445	12703.2	670	0.179443	0	4.029	1.02
102.25	0.00310255	0.000957127	23875.6	1050	105	23569.1	20.1485	20.1485	80.5939	80.5939	0 41177.7 8267.75 	49445.5	6.87084	6.55445	12703.2	670	0.178055	0	4.029	1.02
102.5	0.00317476	0.000791602	19688.4	1050	105	19382.3	20.1092	20.1092	80.4367	80.4367	0 50946.8 9845.28 	60792.1	6.41263	6.55445	12703.2	670	0.174844	0	4.029	1.02
102.75	0.00312682	0.000911339	22742.1	1050	105	22436	20.1095	20.1095	80.4378	80.4378	0 43584.8 8721.47 	52306.3	6.71213	6.55445	12703.2	670	0.17891	0	4.029	1.02
103	0.00310404	0.000958158	23914.7	1050	105	23608.6	20.1097	20.1097	80.4386	80.4386	0 41153.2 8243.63 	49396.8	6.86095	6.55445	12703.2	670	0.177827	0	4.029	1.02
103.25	0.00317564	0.000792589	19720.5	1050	105	19414.8	20.0705	20.0705	80.2818	80.2818	0 50897.6 9796.87 	60694.4	6.40725	6.55445	12703.2	670	0.174269	0	4.029	1.02
103.5	0.00312773	0.000912411	22778.1	1050	105	22472.4	20.0712	20.0712	80.285	80.285	0 43546.4 8680.91 	52227.3	6.70623	6.55445	12703.2	670	0.17836	0	4.029	1.02
103.75	0.00310548	0.000959139	23952.1	1050	105	23646.3	20.0719	20.0719	80.2877	80.2877	0 41130.1 8218.12 	49348.2	6.85146	6.55445	12703.2	670	0.177553	0	4.029	1.02
104	0.00317655	0.000793518	19751.2	1050	105	19445.9	20.0328	20.0328	80.1313	80.1313	0 50852.5 9749.32 	60601.8	6.40175	6.55445	12703.2	670	0.173693	0	4.029	1.02
104.25	0.00312865	0.00091344	22812.9	1050	105	22507.5	20.0341	20.0341	80.1363	80.1363	0 43510.1 8640.37 	52150.4	6.70036	6.55445	12703.2	670	0.177797	0	4.029	1.02
104.5	0.00310685	0.000960095	23988.3	1050	105	23683	20.0353	20.0353	80.141	80.141	0 41107.4 8191.31 	49298.7	6.84235	6.55445	12703.2	670	0.177242	0	4.029	1.02
104.75	0.00317748	0.000794412	19781.1	1050	105	19476.1	19.9962	19.9962	79.985	79.985	0 50810.1 9702.46 	60512.5	6.39617	6.55445	12703.2	670	0.173119	0	4.029	1.02
105	0.00312955	0.000914441	22846.8	1050	105	22541.9	19.998	19.998	79.992	79.992	0 43475 8599.84 	52074.9	6.69453	6.55445	12703.2	670	0.177227	0	4.029	1.02
105.25	0.00310818	0.000961036	24023.9	1050	105	23718.9	19.9996	19.9996	79.9986	79.9986	0 41084.7 8163.39 	49248.1	6.83359	6.55445	12703.2	670	0.1769	0	4.029	1.02
105.5	0.00317842	0.000795281	19810.3	1050	105	19505.7	19.9607	19.9607	79.8429	79.8429	0 50769.5 9656.23 	60425.8	6.39051	6.55445	12703.2	670	0.172549	0	4.029	1.02
105.75	0.00313045	0.000915421	22880.2	1050	105	22575.6	19.9629	19.9629	79.8518	79.8518	0 43441 8559.33 	52000.3	6.68875	6.55445	12703.2	670	0.17665	0	4.029	1.02
106	0.00310946	0.000961966	24058.8	1050	105	23754.2	19.9651	19.9651	79.8603	79.8603	0 41061.9 8134.51 	49196.4	6.82513	6.55445	12703.2	670	0.17653	0	4.029	1.02
106.25	0.00317937	0.00079613	19839.1	1050	105	19534.8	19.9262	19.9262	79.7049	79.7049	0 50730.6 9610.6 	60341.2	6.38478	6.55445	12703.2	670	0.171983	0	4.029	1.02
106.5	0.00313135	0.000916384	22913.1	1050	105	22608.8	19.9289	19.9289	79.7157	79.7157	0 43407.7 8518.87 	51926.6	6.68302	6.55445	12703.2	670	0.176067	0	4.029	1.02
106.75	0.00311071	0.000962887	24093.3	1050	105	23789	19.9315	19.9315	79.7261	79.7261	0 41039 8104.8 	49143.8	6.81695	6.55445	12703.2	670	0.176138	0	4.029	1.02
107	0.00318033	0.000796961	19867.4	1050	105	19563.5	19.8928	19.8928	79.5711	79.5711	0 50693 9565.52 	60258.5	6.379	6.55445	12703.2	670	0.171421	0	4.029	1.02
107.25	0.00313224	0.000917334	22945.5	1050	105	22641.6	19.8959	19.8959	79.5837	79.5837	0 43375.1 8478.46 	51853.6	6.67733	6.55445	12703.2	670	0.17548	0	4.029	1.02
107.5	0.00311191	0.000963801	24127.3	1050	105	23823.4	19.899	19.899	79.5959	79.5959	0 41016 8074.38 	49090.4	6.80902	6.55445	12703.2	670	0.175724	0	4.029	1.02
107.75	0.0031813	0.000797777	19895.5	1050	105	19591.9	19.8603	19.8603	79.4413	79.4413	0 50656.6 9520.99 	60177.5	6.37316	6.55445	12703.2	670	0.170863	0	4.029	1.02
108	0.00313312	0.000918271	22977.6	1050	105	22674	19.8639	19.8639	79.4558	79.4558	0 43343.1 8438.11 	51781.2	6.67169	6.55445	12703.2	670	0.174889	0	4.029	1.02
108.25	0.00311309	0.000964708	24161	1050	105	23857.3	19.8675	19.8675	79.4698	79.4698	0 40992.9 8043.33 	49036.3	6.8013	6.55445	12703.2	670	0.175293	0	4.029	1.02
108.5	0.00318228	0.00079858	19923.1	1050	105	19619.9	19.8289	19.8289	79.3154	79.3154	0 50621.3 9476.97 	60098.2	6.36726	6.55445	12703.2	670	0.17031	0	4.029	1.02
108.75	0.003134	0.000919196	23009.3	1050	105	22706	19.8329	19.8329	79.3317	79.3317	0 43311.6 8397.83 	51709.4	6.66608	6.55445	12703.2	670	0.174295	0	4.029	1.02
109	0.00311424	0.000965609	24194.3	1050	105	23890.9	19.8369	19.8369	79.3476	79.3476	0 40969.8 8011.73 	48981.5	6.79379	6.55445	12703.2	670	0.174845	0	4.029	1.02
109.25	0.00318327	0.000799369	19950.5	1050	105	19647.6	19.7984	19.7984	79.1935	79.1935	0 50587 9433.45 	60020.5	6.36133	6.55445	12703.2	670	0.169761	0	4.029	1.02
109.5	0.00313487	0.000920111	23040.8	1050	105	22737.7	19.8029	19.8029	79.2116	79.2116	0 43280.6 8357.62 	51638.2	6.66051	6.55445	12703.2	670	0.173697	0	4.029	1.02
109.75	0.00311536	0.000966504	24227.3	1050	105	23924.2	19.8073	19.8073	79.2293	79.2293	0 40946.6 7979.64 	48926.2	6.78646	6.55445	12703.2	670	0.174382	0	4.029	1.02
110	0.00318427	0.000800146	19977.7	1050	105	19675	19.7689	19.7689	79.0755	79.0755	0 50553.8 9390.42 	59944.2	6.35534	6.55445	12703.2	670	0.169217	0	4.029	1.02
110.25	0.00313574	0.000921016	23071.9	1050	105	22769.2	19.7739	19.7739	79.0954	79.0954	0 43250 8317.49 	51567.5	6.65499	6.55445	12703.2	670	0.173097	0	4.029	1.02
110.5	0.00311645	0.000967393	24260	1050	105	23957.2	19.7787	19.7787	79.1148	79.1148	0 40923.3 7947.13 	48870.5	6.77931	6.55445	12703.2	670	0.173906	0	4.029	1.02
110.75	0.00318528	0.000800912	20004.6	1050	105	19702.2	19.7403	19.7403	78.9613	78.9613	0 50521.4 9347.88 	59869.3	6.34931	6.55445	12703.2	670	0.168677	0	4.029	1.02
111	0.0031366	0.000921911	23102.7	1050	105	22800.3	19.7457	19.7457	78.983	78.983	0 43219.9 8277.46 	51497.3	6.64949	6.55445	12703.2	670	0.172494	0	4.029	1.02
111.25	0.00311753	0.000968276	24292.3	1050	105	23989.8	19.751	19.751	79.0041	79.0041	0 40900.1 7914.24 	48814.3	6.7723	6.55445	12703.2	670	0.173417	0	4.029	1.02
111.5	0.00318629	0.000801667	20031.2	1050	105	19729.1	19.7127	19.7127	78.8509	78.8509	0 50490.1 9305.82 	59795.9	6.34323	6.55445	12703.2	670	0.168141	0	4.029	1.02
111.75	0.00313746	0.000922798	23133.3	1050	105	22831.2	19.7186	19.7186	78.8743	78.8743	0 43190.2 8237.51 	51427.7	6.64404	6.55445	12703.2	670	0.171889	0	4.029	1.02
112	0.00311858	0.000969155	24324.4	1050	105	24022.2	19.7243	19.7243	78.8972	78.8972	0 40876.8 7881.02 	48757.8	6.76545	6.55445	12703.2	670	0.172917	0	4.029	1.02
112.25	0.00318732	0.000802411	20057.6	1050	105	19755.8	19.6861	19.6861	78.7443	78.7443	0 50459.3 9264.19 	59723.5	6.33711	6.55445	12703.2	670	0.16761	0	4.029	1.02
112.5	0.00313832	0.000923677	23163.7	1050	105	22861.8	19.6923	19.6923	78.7694	78.7694	0 43160.8 8197.66 	51358.5	6.63862	6.55445	12703.2	670	0.171282	0	4.029	1.02
112.75	0.00311961	0.000970028	24356.3	1050	105	24054.3	19.6985	19.6985	78.794	78.794	0 40853.5 7847.5 	48701	6.75873	6.55445	12703.2	670	0.172407	0	4.029	1.02
113	0.00318835	0.000803146	20083.8	1050	105	19782.2	19.6603	19.6603	78.6413	78.6413	0 50429.5 9223.04 	59652.5	6.33095	6.55445	12703.2	670	0.167084	0	4.029	1.02
113.25	0.00313916	0.000924548	23193.8	1050	105	22892.1	19.667	19.667	78.6681	78.6681	0 43131.8 8157.92 	51289.7	6.63323	6.55445	12703.2	670	0.170673	0	4.029	1.02
113.5	0.00312063	0.000970896	24387.9	1050	105	24086.2	19.6736	19.6736	78.6944	78.6944	0 40830.3 7813.73 	48644	6.75213	6.55445	12703.2	670	0.171888	0	4.029	1.02
113.75	0.00318939	0.000803872	20109.8	1050	105	19808.5	19.6355	19.6355	78.542	78.542	0 50400.4 9182.34 	59582.8	6.32475	6.55445	12703.2	670	0.166562	0	4.029	1.02
114	0.00314001	0.000925411	23223.7	1050	105	22922.3	19.6426	19.6426	78.5705	78.5705	0 43103.2 8118.28 	51221.5	6.62788	6.55445	12703.2	670	0.170063	0	4.029	1.02
114.25	0.00312163	0.00097176	24419.3	1050	105	24117.8	19.6496	19.6496	78.5985	78.5985	0 40807 7779.73 	48586.8	6.74565	6.55445	12703.2	670	0.17136	0	4.029	1.02
114.5	0.00319044	0.000804589	20135.7	1050	105	19834.5	19.6116	19.6116	78.4463	78.4463	0 50372.1 9142.1 	59514.2	6.3185	6.55445	12703.2	670	0.166045	0	4.029	1.02
114.75	0.00314085	0.000926268	23253.4	1050	105	22952.2	19.6191	19.6191	78.4764	78.4764	0 43074.8 8078.75 	51153.6	6.62255	6.55445	12703.2	670	0.169451	0	4.029	1.02
115	0.00312261	0.00097262	24450.4	1050	105	24149.2	19.6265	19.6265	78.5061	78.5061	0 40783.8 7745.52 	48529.3	6.73929	6.55445	12703.2	670	0.170825	0	4.029	1.02
115.25	0.0031915	0.000805297	20161.3	1050	105	19860.4	19.5885	19.5885	78.3541	78.3541	0 50344.5 9102.3 	59446.8	6.31221	6.55445	12703.2	670	0.165533	0	4.029	1.02
115.5	0.00314169	0.000927119	23282.9	1050	105	22981.9	19.5965	19.5965	78.3859	78.3859	0 43046.8 8039.34 	51086.1	6.61726	6.55445	12703.2	670	0.168838	0	4.029	1.02
115.75	0.00312358	0.000973475	24481.4	1050	105	24180.4	19.6043	19.6043	78.4172	78.4172	0 40760.6 7711.15 	48471.8	6.73303	6.55445	12703.2	670	0.170282	0	4.029	1.02
116	0.00319257	0.000805997	20186.8	1050	105	19886.1	19.5664	19.5664	78.2654	78.2654	0 50317.6 9062.96 	59380.6	6.30588	6.55445	12703.2	670	0.165025	0	4.029	1.02
116.25	0.00314252	0.000927963	23312.2	1050	105	23011.5	19.5747	19.5747	78.2989	78.2989	0 43019 8000.05 	51019.1	6.61199	6.55445	12703.2	670	0.168225	0	4.029	1.02
116.5	0.00312453	0.000974327	24512.2	1050	105	24211.4	19.583	19.583	78.3318	78.3318	0 40737.4 7676.62 	48414	6.72686	6.55445	12703.2	670	0.169733	0	4.029	1.02
116.75	0.00319365	0.00080669	20212.1	1050	105	19911.7	19.5451	19.5451	78.1803	78.1803	0 50291.4 9024.05 	59315.4	6.29951	6.55445	12703.2	670	0.164523	0	4.029	1.02
117	0.00314335	0.000928802	23341.4	1050	105	23040.8	19.5538	19.5538	78.2153	78.2153	0 42991.5 7960.89 	50952.4	6.60676	6.55445	12703.2	670	0.167611	0	4.029	1.02
117.25	0.00312547	0.000975175	24542.8	1050	105	24242.2	19.5625	19.5625	78.2499	78.2499	0 40714.2 7641.97 	48356.2	6.72079	6.55445	12703.2	670	0.169178	0	4.029	1.02
117.5	0.00319473	0.000807375	20237.3	1050	105	19937.1	19.5246	19.5246	78.0985	78.0985	0 50265.7 8985.59 	59251.3	6.2931	6.55445	12703.2	670	0.164026	0	4.029	1.02
117.75	0.00314418	0.000929636	23370.4	1050	105	23070.1	19.5338	19.5338	78.1352	78.1352	0 42964.3 7921.85 	50886.1	6.60155	6.55445	12703.2	670	0.166996	0	4.029	1.02
118	0.0031264	0.00097602	24573.3	1050	105	24272.8	19.5428	19.5428	78.1713	78.1713	0 40691.1 7607.21 	48298.3	6.71481	6.55445	12703.2	670	0.168617	0	4.029	1.02
118.25	0.00319582	0.000808054	20262.4	1050	105	19962.4	19.505	19.505	78.0202	78.0202	0 50240.7 8947.57 	59188.3	6.28664	6.55445	12703.2	670	0.163535	0	4.029	1.02
118.5	0.003145	0.000930465	23399.3	1050	105	23099.1	19.5146	19.5146	78.0584	78.0584	0 42937.2 7882.95 	50820.2	6.59637	6.55445	12703.2	670	0.166381	0	4.029	1.02
118.75	0.00312732	0.000976862	24603.6	1050	105	24303.3	19.524	19.524	78.0961	78.0961	0 40667.9 7572.35 	48240.3	6.70891	6.55445	12703.2	670	0.168051	0	4.029	1.02
119	0.00319693	0.000808726	20287.4	1050	105	19987.5	19.4863	19.4863	77.9452	77.9452	0 50216.3 8909.99 	59126.3	6.28014	6.55445	12703.2	670	0.163048	0	4.029	1.02
119.25	0.00314582	0.00093129	23428	1050	105	23128	19.4963	19.4963	77.985	77.985	0 42910.4 7844.18 	50754.6	6.59121	6.55445	12703.2	670	0.165766	0	4.029	1.02
119.5	0.00312822	0.000977701	24633.7	1050	105	24333.7	19.5061	19.5061	78.0243	78.0243	0 40644.8 7537.43 	48182.2	6.70308	6.55445	12703.2	670	0.167481	0	4.029	1.02
119.75	0.00319804	0.000809391	20312.2	1050	105	20012.5	19.4684	19.4684	77.8735	77.8735	0 50192.4 8872.85 	59065.3	6.27359	6.55445	12703.2	670	0.162567	0	4.029	1.02
120	0.00314664	0.000932111	23456.6	1050	105	23156.8	19.4787	19.4787	77.9149	77.9149	0 42883.7 7805.55 	50689.3	6.58607	6.55445	12703.2	670	0.165151	0	4.029	1.02
120.25	0.00312912	0.000978538	24663.8	1050	105	24363.9	19.4889	19.4889	77.9557	77.9557	0 40621.6 7502.44 	48124	6.69734	6.55445	12703.2	670	0.166907	0	4.029	1.02
120.5	0.00319916	0.000810051	20337	1050	105	20037.4	19.4513	19.4513	77.8051	77.8051	0 50169.1 8836.15 	59005.2	6.26701	6.55445	12703.2	670	0.162092	0	4.029	1.02
120.75	0.00314745	0.000932928	23485.1	1050	105	23185.5	19.462	19.462	77.848	77.848	0 42857.3 7767.07 	50624.3	6.58096	6.55445	12703.2	670	0.164537	0	4.029	1.02
121	0.00313	0.000979373	24693.7	1050	105	24394	19.4726	19.4726	77.8904	77.8904	0 40598.4 7467.41 	48065.9	6.69166	6.55445	12703.2	670	0.166329	0	4.029	1.02
121.25	0.00320029	0.000810706	20361.6	1050	105	20062.3	19.435	19.435	77.7399	77.7399	0 50146.3 8799.88 	58946.2	6.26038	6.55445	12703.2	670	0.161623	0	4.029	1.02
121.5	0.00314826	0.000933742	23513.5	1050	105	23214.1	19.4461	19.4461	77.7844	77.7844	0 42830.9 7728.73 	50559.7	6.57588	6.55445	12703.2	670	0.163923	0	4.029	1.02
121.75	0.00313088	0.000980206	24723.5	1050	105	24423.9	19.4571	19.4571	77.8282	77.8282	0 40575.3 7432.34 	48007.6	6.68606	6.55445	12703.2	670	0.165748	0	4.029	1.02
122	0.00320142	0.000811355	20386.2	1050	105	20087	19.4195	19.4195	77.678	77.678	0 50124 8764.05 	58888	6.25371	6.55445	12703.2	670	0.161159	0	4.029	1.02
122.25	0.00314907	0.000934553	23541.9	1050	105	23242.6	19.431	19.431	77.7239	77.7239	0 42804.8 7690.54 	50495.3	6.57081	6.55445	12703.2	670	0.163309	0	4.029	1.02
122.5	0.00313174	0.000981038	24753.2	1050	105	24453.8	19.4423	19.4423	77.7693	77.7693	0 40552.1 7397.26 	47949.3	6.68051	6.55445	12703.2	670	0.165164	0	4.029	1.02
122.75	0.00320257	0.000811999	20410.7	1050	105	20111.6	19.4048	19.4048	77.6192	77.6192	0 50102.2 8728.65 	58830.8	6.24699	6.55445	12703.2	670	0.160701	0	4.029	1.02
123	0.00314986	0.000935361	23570	1050	105	23270.8	19.4167	19.4167	77.6666	77.6666	0 42774.8 7652.05 	50426.8	6.56589	6.55445	12703.2	670	0.162686	0	4.029	1.02
123.25	0.0031326	0.000981861	24782.7	1050	105	24483.4	19.4284	19.4284	77.7135	77.7135	0 40529.2 7362.18 	47891.4	6.67503	6.55445	12703.2	670	0.164577	0	4.029	1.02
123.5	0.00320373	0.000812633	20435	1050	105	20136	19.3909	19.3909	77.5635	77.5635	0 50081.2 8693.72 	58774.9	6.24022	6.55445	12703.2	670	0.160248	0	4.029	1.02
123.75	0.00315068	0.000936163	23598.2	1050	105	23299.1	19.4031	19.4031	77.6124	77.6124	0 42753 7614.62 	50367.6	6.56074	6.55445	12703.2	670	0.162084	0	4.029	1.02
124	0.00313345	0.000982695	24812.4	1050	105	24513.2	19.4152	19.4152	77.6608	77.6608	0 40505.8 7327.08 	47832.8	6.66961	6.55445	12703.2	670	0.163988	0	4.029	1.02
124.25	0.00320489	0.000813272	20459.4	1050	105	20160.6	19.3777	19.3777	77.5109	77.5109	0 50060 8659.16 	58719.2	6.23342	6.55445	12703.2	670	0.159802	0	4.029	1.02
124.5	0.00315149	0.000936969	23626.4	1050	105	23327.5	19.3903	19.3903	77.5614	77.5614	0 42727.1 7576.89 	50304	6.55574	6.55445	12703.2	670	0.161473	0	4.029	1.02
124.75	0.00313429	0.000983525	24841.9	1050	105	24542.9	19.4028	19.4028	77.6112	77.6112	0 40482.4 7292 	47774.4	6.66425	6.55445	12703.2	670	0.163398	0	4.029	1.02
125	0.00320609	0.000813901	20483.8	1050	105	20185.1	19.3654	19.3654	77.4614	77.4614	0 50042.4 8625.48 	58667.8	6.22647	6.55445	12703.2	670	0.15937	0	4.029	1.02
125.25	0.00315228	0.000937773	23654.5	1050	105	23355.7	19.3783	19.3783	77.5133	77.5133	0 42701.3 7539.32 	50240.6	6.55075	6.55445	12703.2	670	0.160864	0	4.029	1.02
125.5	0.00313512	0.000984354	24871.4	1050	105	24572.5	19.3911	19.3911	77.5646	77.5646	0 40459.1 7256.94 	47716	6.65895	6.55445	12703.2	670	0.162805	0	4.029	1.02
125.75	0.00320718	0.000814546	20508.1	1050	105	20209.5	19.3537	19.3537	77.415	77.415	0 50006.8 8589.47 	58596.3	6.22011	6.55445	12703.2	670	0.158893	0	4.029	1.02
126	0.00315308	0.000938572	23682.5	1050	105	23383.8	19.3671	19.3671	77.4683	77.4683	0 42675.7 7501.93 	50177.6	6.54578	6.55445	12703.2	670	0.160255	0	4.029	1.02
126.25	0.00313594	0.000985181	24900.8	1050	105	24602	19.3803	19.3803	77.521	77.521	0 40435.7 7221.92 	47657.7	6.65369	6.55445	12703.2	670	0.162211	0	4.029	1.02
126.5	0.00320845	0.000815156	20532.3	1050	105	20233.9	19.3429	19.3429	77.3715	77.3715	0 49999.7 8558.13 	58557.8	6.21274	6.55445	12703.2	670	0.1585	0	4.029	1.02
126.75	0.00315388	0.000939373	23710.5	1050	105	23411.9	19.3566	19.3566	77.4263	77.4263	0 42650.1 7464.69 	50114.8	6.54083	6.55445	12703.2	670	0.159649	0	4.029	1.02
127	0.00313676	0.00098601	24930.2	1050	105	24631.5	19.3701	19.3701	77.4804	77.4804	0 40412.3 7186.93 	47599.2	6.64848	6.55445	12703.2	670	0.161616	0	4.029	1.02
127.25	0.00320965	0.000815777	20556.6	1050	105	20258.3	19.3327	19.3327	77.331	77.331	0 49980.3 8525.3 	58505.6	6.20576	6.55445	12703.2	670	0.158079	0	4.029	1.02
127.5	0.00315467	0.000940172	23738.5	1050	105	23440	19.3468	19.3468	77.3872	77.3872	0 42624.5 7427.62 	50052.2	6.5359	6.55445	12703.2	670	0.159043	0	4.029	1.02
127.75	0.00313757	0.000986838	24959.6	1050	105	24661	19.3607	19.3607	77.4428	77.4428	0 40388.8 7151.99 	47540.8	6.64333	6.55445	12703.2	670	0.161019	0	4.029	1.02
128	0.00321086	0.000816395	20580.8	1050	105	20282.6	19.3234	19.3234	77.2934	77.2934	0 49961.4 8492.9 	58454.3	6.19873	6.55445	12703.2	670	0.157664	0	4.029	1.02
128.25	0.00315546	0.000940971	23766.4	1050	105	23468.1	19.3378	19.3378	77.3511	77.3511	0 42599 7390.72 	49989.8	6.53099	6.55445	12703.2	670	0.15844	0	4.029	1.02
128.5	0.00313838	0.000987667	24989	1050	105	24690.5	19.352	19.352	77.408	77.408	0 40365.3 7117.1 	47482.4	6.63822	6.55445	12703.2	670	0.160422	0	4.029	1.02
128.75	0.00321208	0.00081701	20605	1050	105	20306.9	19.3147	19.3147	77.2588	77.2588	0 49942.7 8460.92 	58403.7	6.19166	6.55445	12703.2	670	0.157255	0	4.029	1.02
129	0.00315625	0.000941769	23794.4	1050	105	23496.1	19.3294	19.3294	77.3178	77.3178	0 42573.6 7353.99 	49927.6	6.52608	6.55445	12703.2	670	0.157838	0	4.029	1.02
129.25	0.00313918	0.000988497	25018.3	1050	105	24719.9	19.344	19.344	77.3761	77.3761	0 40341.6 7082.27 	47423.9	6.63316	6.55445	12703.2	670	0.159825	0	4.029	1.02
129.5	0.00321331	0.000817623	20629.2	1050	105	20331.2	19.3067	19.3067	77.227	77.227	0 49924.5 8429.36 	58353.8	6.18455	6.55445	12703.2	670	0.156852	0	4.029	1.02
129.75	0.00315704	0.000942567	23822.4	1050	105	23524.1	19.3219	19.3219	77.2874	77.2874	0 42548.2 7317.44 	49865.6	6.5212	6.55445	12703.2	670	0.157238	0	4.029	1.02
130	0.00313997	0.000989328	25047.7	1050	105	24749.3	19.3368	19.3368	77.3471	77.3471	0 40317.9 7047.51 	47365.5	6.62814	6.55445	12703.2	670	0.159227	0	4.029	1.02
130.25	0.00321455	0.000818233	20653.4	1050	105	20355.4	19.2995	19.2995	77.1981	77.1981	0 49906.5 8398.22 	58304.7	6.17739	6.55445	12703.2	670	0.156456	0	4.029	1.02
130.5	0.00315783	0.000943365	23850.3	1050	105	23552.2	19.315	19.315	77.2599	77.2599	0 42522.8 7281.06 	49803.8	6.51632	6.55445	12703.2	670	0.15664	0	4.029	1.02
130.75	0.00314076	0.000990159	25077	1050	105	24778.7	19.3302	19.3302	77.321	77.321	0 40294.2 7012.82 	47307	6.62316	6.55445	12703.2	670	0.158629	0	4.029	1.02
131	0.0032158	0.000818841	20677.6	1050	105	20379.7	19.293	19.293	77.1719	77.1719	0 49888.8 8367.49 	58256.3	6.17019	6.55445	12703.2	670	0.156066	0	4.029	1.02
131.25	0.00315861	0.000944163	23878.3	1050	105	23580.2	19.3088	19.3088	77.2351	77.2351	0 42497.4 7244.85 	49742.2	6.51147	6.55445	12703.2	670	0.156044	0	4.029	1.02
131.5	0.00314154	0.000990992	25106.4	1050	105	24808.1	19.3244	19.3244	77.2976	77.2976	0 40270.3 6978.21 	47248.5	6.61822	6.55445	12703.2	670	0.158031	0	4.029	1.02
131.75	0.00321706	0.000819448	20701.9	1050	105	20404	19.2872	19.2872	77.1486	77.1486	0 49871.4 8337.16 	58208.6	6.16295	6.55445	12703.2	670	0.155683	0	4.029	1.02
132	0.0031594	0.000944962	23906.3	1050	105	23608.3	19.3033	19.3033	77.2131	77.2131	0 42472 7208.83 	49680.8	6.50662	6.55445	12703.2	670	0.15545	0	4.029	1.02
132.25	0.00314231	0.000991827	25135.8	1050	105	24837.6	19.3192	19.3192	77.277	77.277	0 40246.3 6943.68 	47190	6.61332	6.55445	12703.2	670	0.157433	0	4.029	1.02
132.5	0.00321833	0.000820052	20726.1	1050	105	20428.3	19.282	19.282	77.1281	77.1281	0 49854.3 8307.25 	58161.5	6.15566	6.55445	12703.2	670	0.155306	0	4.029	1.02
132.75	0.00316018	0.000945762	23934.3	1050	105	23636.3	19.2985	19.2985	77.1939	77.1939	0 42446.6 7172.98 	49619.6	6.50179	6.55445	12703.2	670	0.154858	0	4.029	1.02
133	0.00314308	0.000992664	25165.2	1050	105	24867	19.3148	19.3148	77.2591	77.2591	0 40222.3 6909.23 	47131.5	6.60846	6.55445	12703.2	670	0.156835	0	4.029	1.02
133.25	0.00321961	0.000820656	20750.4	1050	105	20452.6	19.2776	19.2776	77.1102	77.1102	0 49837.4 8277.73 	58115.1	6.14833	6.55445	12703.2	670	0.154936	0	4.029	1.02
133.5	0.00316096	0.000946563	23962.4	1050	105	23664.4	19.2944	19.2944	77.1774	77.1774	0 42421.1 7137.32 	49558.5	6.49697	6.55445	12703.2	670	0.154269	0	4.029	1.02
133.75	0.00314385	0.000993502	25194.6	1050	105	24896.5	19.311	19.311	77.2439	77.2439	0 40198.1 6874.88 	47073	6.60363	6.55445	12703.2	670	0.156238	0	4.029	1.02
134	0.0032209	0.000821258	20774.7	1050	105	20477	19.2738	19.2738	77.0951	77.0951	0 49820.8 8248.61 	58069.4	6.14097	6.55445	12703.2	670	0.154571	0	4.029	1.02
134.25	0.00316174	0.000947366	23990.5	1050	105	23692.6	19.2909	19.2909	77.1636	77.1636	0 42395.7 7101.84 	49497.5	6.49216	6.55445	12703.2	670	0.153682	0	4.029	1.02
134.5	0.00314461	0.000994343	25224.1	1050	105	24926.1	19.3079	19.3079	77.2315	77.2315	0 40173.8 6840.63 	47014.5	6.59884	6.55445	12703.2	670	0.155642	0	4.029	1.02
134.75	0.00322219	0.000821859	20799.1	1050	105	20501.4	19.2707	19.2707	77.0827	77.0827	0 49804.3 8219.88 	58024.2	6.13356	6.55445	12703.2	670	0.154214	0	4.029	1.02
135	0.00316252	0.000948169	24018.6	1050	105	23720.8	19.2881	19.2881	77.1525	77.1525	0 42370.2 7066.55 	49436.7	6.48736	6.55445	12703.2	670	0.153098	0	4.029	1.02
135.25	0.00314536	0.000995186	25253.7	1050	105	24955.6	19.3054	19.3054	77.2216	77.2216	0 40149.5 6806.47 	46955.9	6.59409	6.55445	12703.2	670	0.155046	0	4.029	1.02
135.5	0.0032235	0.00082246	20823.5	1050	105	20525.8	19.2682	19.2682	77.0729	77.0729	0 49788.1 8191.54 	57979.7	6.12611	6.55445	12703.2	670	0.153862	0	4.029	1.02
135.75	0.0031633	0.000948975	24046.9	1050	105	23749	19.286	19.286	77.144	77.144	0 42344.6 7031.44 	49376.1	6.48257	6.55445	12703.2	670	0.152516	0	4.029	1.02
136	0.00314612	0.000996032	25283.3	1050	105	24985.3	19.3036	19.3036	77.2145	77.2145	0 40124.9 6772.42 	46897.4	6.58937	6.55445	12703.2	670	0.154451	0	4.029	1.02
136.25	0.00322481	0.00082306	20847.9	1050	105	20550.3	19.2664	19.2664	77.0657	77.0657	0 49772.1 8163.58 	57935.7	6.11863	6.55445	12703.2	670	0.153517	0	4.029	1.02
136.5	0.00316407	0.000949782	24075.1	1050	105	23777.3	19.2845	19.2845	77.1382	77.1382	0 42319.1 6996.51 	49315.6	6.47779	6.55445	12703.2	670	0.151937	0	4.029	1.02
136.75	0.00314686	0.000996881	25313	1050	105	25015	19.3025	19.3025	77.2099	77.2099	0 40100.3 6738.48 	46838.8	6.58467	6.55445	12703.2	670	0.153857	0	4.029	1.02
137	0.00322614	0.00082366	20872.4	1050	105	20574.8	19.2653	19.2653	77.0612	77.0612	0 49756.3 8136 	57892.3	6.1111	6.55445	12703.2	670	0.153178	0	4.029	1.02
137.25	0.00316485	0.000950591	24103.5	1050	105	23805.6	19.2837	19.2837	77.1349	77.1349	0 42293.4 6961.78 	49255.2	6.47303	6.55445	12703.2	670	0.151361	0	4.029	1.02
137.5	0.0031476	0.000997732	25342.7	1050	105	25044.7	19.302	19.302	77.2079	77.2079	0 40075.5 6704.65 	46780.2	6.58002	6.55445	12703.2	670	0.153265	0	4.029	1.02
137.75	0.00322747	0.00082426	20897	1050	105	20599.3	19.2648	19.2648	77.0592	77.0592	0 49740.6 8108.79 	57849.4	6.10355	6.55445	12703.2	670	0.152846	0	4.029	1.02
138	0.00316563	0.000951403	24131.9	1050	105	23834	19.2836	19.2836	77.1342	77.1342	0 42267.7 6927.23 	49194.9	6.46827	6.55445	12703.2	670	0.150787	0	4.029	1.02
138.25	0.00314834	0.000998587	25372.5	1050	105	25074.5	19.3021	19.3021	77.2085	77.2085	0 40050.6 6670.93 	46721.5	6.57539	6.55445	12703.2	670	0.152674	0	4.029	1.02
138.5	0.00322881	0.00082486	20921.6	1050	105	20624	19.2649	19.2649	77.0598	77.0598	0 49725 8081.95 	57807	6.09595	6.55445	12703.2	670	0.152519	0	4.029	1.02
138.75	0.0031664	0.000952217	24160.4	1050	105	23862.5	19.284	19.284	77.1361	77.1361	0 42241.9 6892.87 	49134.8	6.46352	6.55445	12703.2	670	0.150216	0	4.029	1.02
139	0.00314908	0.000999445	25402.5	1050	105	25104.4	19.3029	19.3029	77.2116	77.2116	0 40025.6 6637.33 	46662.9	6.57079	6.55445	12703.2	670	0.152084	0	4.029	1.02
139.25	0.00323015	0.00082546	20946.3	1050	105	20648.7	19.2657	19.2657	77.0629	77.0629	0 49709.6 8055.46 	57765.1	6.08833	6.55445	12703.2	670	0.152199	0	4.029	1.02
139.5	0.00316718	0.000953034	24188.9	1050	105	23891.1	19.2851	19.2851	77.1405	77.1405	0 42216 6858.71 	49074.7	6.45878	6.55445	12703.2	670	0.149648	0	4.029	1.02
139.75	0.00314981	0.00100031	25432.4	1050	105	25134.4	19.3043	19.3043	77.2173	77.2173	0 40000.4 6603.85 	46604.2	6.56622	6.55445	12703.2	670	0.151495	0	4.029	1.02
140	0.00323151	0.000826061	20971.1	1050	105	20673.4	19.2671	19.2671	77.0685	77.0685	0 49694.3 8029.32 	57723.6	6.08067	6.55445	12703.2	670	0.151884	0	4.029	1.02
140.25	0.00316795	0.000953853	24217.6	1050	105	23919.7	19.2868	19.2868	77.1473	77.1473	0 42190.1 6824.73 	49014.8	6.45404	6.55445	12703.2	670	0.149084	0	4.029	1.02
140.5	0.00315053	0.00100117	25462.5	1050	105	25164.5	19.3063	19.3063	77.2254	77.2254	0 39975 6570.5 	46545.5	6.56167	6.55445	12703.2	670	0.150908	0	4.029	1.02
140.75	0.00323287	0.000826662	20996	1050	105	20698.3	19.2692	19.2692	77.0766	77.0766	0 49679.1 8003.53 	57682.6	6.07298	6.55445	12703.2	670	0.151576	0	4.029	1.02
141	0.00316873	0.000954675	24246.4	1050	105	23948.5	19.2892	19.2892	77.1567	77.1567	0 42164 6790.95 	48955	6.44932	6.55445	12703.2	670	0.148522	0	4.029	1.02
141.25	0.00315126	0.00100204	25492.7	1050	105	25194.6	19.309	19.309	77.236	77.236	0 39949.5 6537.27 	46486.8	6.55716	6.55445	12703.2	670	0.150323	0	4.029	1.02
141.5	0.00323424	0.000827265	21020.9	1050	105	20723.2	19.2718	19.2718	77.0872	77.0872	0 49663.9 7978.07 	57642	6.06526	6.55445	12703.2	670	0.151273	0	4.029	1.02
141.75	0.0031695	0.000955501	24275.2	1050	105	23977.3	19.2921	19.2921	77.1685	77.1685	0 42137.9 6757.36 	48895.2	6.4446	6.55445	12703.2	670	0.147963	0	4.029	1.02
142	0.00315198	0.00100291	25523	1050	105	25224.9	19.3123	19.3123	77.249	77.249	0 39923.8 6504.17 	46428	6.55267	6.55445	12703.2	670	0.14974	0	4.029	1.02
142.25	0.00323562	0.000827868	21045.9	1050	105	20748.2	19.2751	19.2751	77.1002	77.1002	0 49648.9 7952.94 	57601.8	6.05752	6.55445	12703.2	670	0.150976	0	4.029	1.02
142.5	0.00317027	0.000956329	24304.2	1050	105	24006.2	19.2957	19.2957	77.1827	77.1827	0 42111.6 6723.96 	48835.6	6.43988	6.55445	12703.2	670	0.147407	0	4.029	1.02
142.75	0.00315269	0.00100379	25553.4	1050	105	25255.2	19.3161	19.3161	77.2645	77.2645	0 39898 6471.2 	46369.2	6.5482	6.55445	12703.2	670	0.149158	0	4.029	1.02
143	0.003237	0.000828473	21071	1050	105	20773.2	19.2789	19.2789	77.1156	77.1156	0 49633.8 7928.13 	57562	6.04975	6.55445	12703.2	670	0.150685	0	4.029	1.02
143.25	0.00317104	0.000957161	24333.2	1050	105	24035.2	19.2999	19.2999	77.1994	77.1994	0 42085.3 6690.75 	48776	6.43518	6.55445	12703.2	670	0.146855	0	4.029	1.02
143.5	0.00315341	0.00100467	25583.9	1050	105	25285.7	19.3206	19.3206	77.2824	77.2824	0 39872 6438.36 	46310.4	6.54376	6.55445	12703.2	670	0.148578	0	4.029	1.02
143.75	0.0032384	0.00082908	21096.2	1050	105	20798.4	19.2834	19.2834	77.1335	77.1335	0 49618.8 7903.63 	57522.5	6.04196	6.55445	12703.2	670	0.150399	0	4.029	1.02
144	0.00317182	0.000957997	24362.4	1050	105	24064.4	19.3046	19.3046	77.2185	77.2185	0 42058.8 6657.75 	48716.6	6.43048	6.55445	12703.2	670	0.146306	0	4.029	1.02
144.25	0.00315412	0.00100556	25614.5	1050	105	25316.3	19.3257	19.3257	77.3026	77.3026	0 39845.9 6405.66 	46251.5	6.53935	6.55445	12703.2	670	0.148001	0	4.029	1.02
144.5	0.00323979	0.000829688	21121.5	1050	105	20823.7	19.2884	19.2884	77.1537	77.1537	0 49603.9 7879.44 	57483.3	6.03414	6.55445	12703.2	670	0.150119	0	4.029	1.02
144.75	0.00317259	0.000958836	24391.7	1050	105	24093.6	19.31	19.31	77.2399	77.2399	0 42032.2 6624.93 	48657.2	6.42578	6.55445	12703.2	670	0.14576	0	4.029	1.02
145	0.00315482	0.00100645	25645.3	1050	105	25347	19.3313	19.3313	77.3253	77.3253	0 39819.5 6373.09 	46192.6	6.53496	6.55445	12703.2	670	0.147425	0	4.029	1.02
145.25	0.0032412	0.000830298	21147	1050	105	20849	19.2941	19.2941	77.1762	77.1762	0 49588.9 7855.54 	57444.4	6.0263	6.55445	12703.2	670	0.149843	0	4.029	1.02
145.5	0.00317336	0.000959679	24421.1	1050	105	24123	19.3159	19.3159	77.2636	77.2636	0 42005.5 6592.31 	48597.9	6.42109	6.55445	12703.2	670	0.145217	0	4.029	1.02
145.75	0.00315553	0.00100734	25676.2	1050	105	25377.8	19.3376	19.3376	77.3502	77.3502	0 39793 6340.66 	46133.7	6.53059	6.55445	12703.2	670	0.146851	0	4.029	1.02
146	0.00324261	0.000830911	21172.5	1050	105	20874.5	19.3003	19.3003	77.2011	77.2011	0 49573.9 7831.92 	57405.8	6.01845	6.55445	12703.2	670	0.149573	0	4.029	1.02
146.25	0.00317413	0.000960526	24450.7	1050	105	24152.5	19.3224	19.3224	77.2897	77.2897	0 41978.7 6559.89 	48538.6	6.41641	6.55445	12703.2	670	0.144677	0	4.029	1.02
146.5	0.00315623	0.00100824	25707.2	1050	105	25408.7	19.3444	19.3444	77.3775	77.3775	0 39766.3 6308.37 	46074.7	6.52624	6.55445	12703.2	670	0.14628	0	4.029	1.02
146.75	0.00324402	0.000831525	21198.1	1050	105	20900	19.3071	19.3071	77.2283	77.2283	0 49558.9 7808.58 	57367.5	6.01058	6.55445	12703.2	670	0.149308	0	4.029	1.02
147	0.0031749	0.000961377	24480.4	1050	105	24182.1	19.3295	19.3295	77.3181	77.3181	0 41951.8 6527.66 	48479.4	6.41173	6.55445	12703.2	670	0.144141	0	4.029	1.02
147.25	0.00315692	0.00100915	25738.3	1050	105	25439.8	19.3518	19.3518	77.4071	77.4071	0 39739.5 6276.22 	46015.7	6.52192	6.55445	12703.2	670	0.145711	0	4.029	1.02
147.5	0.00324544	0.000832142	21223.9	1050	105	20925.7	19.3145	19.3145	77.2578	77.2578	0 49543.8 7785.51 	57329.3	6.0027	6.55445	12703.2	670	0.149047	0	4.029	1.02
147.75	0.00317568	0.000962232	24510.2	1050	105	24211.8	19.3372	19.3372	77.3488	77.3488	0 41924.7 6495.63 	48420.3	6.40706	6.55445	12703.2	670	0.143609	0	4.029	1.02
148	0.00315762	0.00101006	25769.6	1050	105	25471	19.3597	19.3597	77.4389	77.4389	0 39712.4 6244.21 	45956.6	6.51762	6.55445	12703.2	670	0.145144	0	4.029	1.02
148.25	0.00324686	0.000832762	21249.7	1050	105	20951.5	19.3224	19.3224	77.2896	77.2896	0 49528.7 7762.69 	57291.3	5.9948	6.55445	12703.2	670	0.148792	0	4.029	1.02
148.5	0.00317645	0.000963091	24540.1	1050	105	24241.7	19.3454	19.3454	77.3818	77.3818	0 41897.5 6463.79 	48361.2	6.40239	6.55445	12703.2	670	0.14308	0	4.029	1.02
148.75	0.00315831	0.00101097	25801.1	1050	105	25502.4	19.3683	19.3683	77.4731	77.4731	0 39685.1 6212.35 	45897.5	6.51333	6.55445	12703.2	670	0.14458	0	4.029	1.02
149	0.00324829	0.000833384	21275.7	1050	105	20977.4	19.3309	19.3309	77.3237	77.3237	0 49513.4 7740.12 	57253.6	5.9869	6.55445	12703.2	670	0.148541	0	4.029	1.02
149.25	0.00317722	0.000963955	24570.2	1050	105	24271.7	19.3542	19.3542	77.417	77.417	0 41870.1 6432.15 	48302.2	6.39772	6.55445	12703.2	670	0.142554	0	4.029	1.02
149.5	0.003159	0.00101189	25832.7	1050	105	25533.9	19.3774	19.3774	77.5094	77.5094	0 39657.7 6180.63 	45838.3	6.50907	6.55445	12703.2	670	0.144018	0	4.029	1.02
149.75	0.00324973	0.00083401	21301.8	1050	105	21003.4	19.34	19.34	77.3599	77.3599	0 49498.1 7717.79 	57215.9	5.97898	6.55445	12703.2	670	0.148294	0	4.029	1.02
150	0.00317799	0.000964823	24600.5	1050	105	24301.8	19.3636	19.3636	77.4544	77.4544	0 41842.6 6400.71 	48243.3	6.39305	6.55445	12703.2	670	0.142031	0	4.029	1.02
150.25	0.00315969	0.00101282	25864.4	1050	105	25565.5	19.387	19.387	77.548	77.548	0 39630.1 6149.06 	45779.1	6.50483	6.55445	12703.2	670	0.143458	0	4.029	1.02
150.5	0.00325116	0.000834639	21328.1	1050	105	21029.6	19.3496	19.3496	77.3984	77.3984	0 49482.7 7695.68 	57178.4	5.97106	6.55445	12703.2	670	0.148051	0	4.029	1.02
150.75	0.00317877	0.000965696	24630.9	1050	105	24332.1	19.3735	19.3735	77.4941	77.4941	0 41814.9 6369.46 	48184.4	6.38839	6.55445	12703.2	670	0.141513	0	4.029	1.02
151	0.00316037	0.00101375	25896.3	1050	105	25597.3	19.3972	19.3972	77.5888	77.5888	0 39602.2 6117.64 	45719.9	6.50061	6.55445	12703.2	670	0.142901	0	4.029	1.02
151.25	0.0032523	0.000835694	21364.7	1050	105	21066.1	19.3598	19.3598	77.4391	77.4391	0 49437.4 7667.19 	57104.6	5.96482	6.55445	12703.2	670	0.147756	0	4.029	1.02
151.5	0.00317935	0.000967036	24673.5	1050	105	24374.6	19.3839	19.3839	77.5356	77.5356	0 41764.6 6335.74 	48100.3	6.38489	6.55445	12703.2	670	0.141007	0	4.029	1.02
151.75	0.00316097	0.00101492	25934.6	1050	105	25635.5	19.4078	19.4078	77.6312	77.6312	0 39564 6085.38 	45649.4	6.49692	6.55445	12703.2	670	0.142358	0	4.029	1.02
152	0.00325081	0.000840393	21489.9	1050	105	21191.2	19.3703	19.3703	77.4814	77.4814	0 49138.6 7582.74 	56721.3	5.97299	6.55445	12703.2	670	0.146985	0	4.029	1.02
152.25	0.00317833	0.000972247	24817.2	1050	105	24518.3	19.394	19.394	77.5761	77.5761	0 41527.5 6280.27 	47807.8	6.39101	6.55445	12703.2	670	0.140587	0	4.029	1.02
152.5	0.00316086	0.00101806	26025.1	1050	105	25725.9	19.4175	19.4175	77.6699	77.6699	0 39440.7 6045.22 	45485.9	6.49759	6.55445	12703.2	670	0.141912	0	4.029	1.02
152.75	0.00325344	0.000839406	21477.1	1050	105	21178.3	19.38	19.38	77.52	77.52	0 49236 7586.62 	56822.7	5.95855	6.55445	12703.2	670	0.146973	0	4.029	1.02
153	0.00318028	0.000970308	24774.3	1050	105	24475.2	19.4044	19.4044	77.6177	77.6177	0 41635.9 6265.76 	47901.7	6.3793	6.55445	12703.2	670	0.14002	0	4.029	1.02
153.25	0.00316206	0.00101758	26019.6	1050	105	25720.3	19.4287	19.4287	77.7146	77.7146	0 39474.4 6020.29 	45494.7	6.49022	6.55445	12703.2	670	0.141296	0	4.029	1.02
153.5	0.00314302	0.00107249	27486.7	1050	105	27187.3	19.4374	19.4374	77.7497	77.7497	0 37227.6 5805.47 	43033.1	6.60887	6.55445	12703.2	670	0.143937	0	4.029	1.02
153.75	0.00314403	0.00107128	27458.5	1050	105	27159	19.446	19.446	77.7841	77.7841	0 37281.9 5805.82 	43087.7	6.60249	6.55445	12703.2	670	0.143798	0	4.029	1.02
154	0.00322606	0.000885149	22619.7	1050	105	22320.7	19.4085	19.4085	77.634	77.634	0 46298.8 6957.43 	53256.2	6.11153	6.55445	12703.2	670	0.141955	0	4.029	1.02
154.25	0.00317198	0.000996371	25472.6	1050	105	25173.3	19.4294	19.4294	77.7178	77.7178	0 40441 6091.77 	46532.8	6.4295	6.55445	12703.2	670	0.139968	0	4.029	1.02
154.5	0.00315887	0.00103197	26416.4	1050	105	26116.8	19.4502	19.4502	77.8008	77.8008	0 38884.7 5923.43 	44808.2	6.50985	6.55445	12703.2	670	0.141143	0	4.029	1.02
154.75	0.00325085	0.000850472	21777.7	1050	105	21478.6	19.4127	19.4127	77.6506	77.6506	0 48556.8 7396.01 	55952.8	5.97278	6.55445	12703.2	670	0.145286	0	4.029	1.02
155	0.00318048	0.000977551	24985.2	1050	105	24685.9	19.4371	19.4371	77.7483	77.7483	0 41330.1 6161.01 	47491.1	6.37807	6.55445	12703.2	670	0.138851	0	4.029	1.02
155.25	0.00316307	0.0010227	26175.9	1050	105	25876.3	19.4613	19.4613	77.8452	77.8452	0 39289.4 5930.91 	45220.3	6.48396	6.55445	12703.2	670	0.140035	0	4.029	1.02
155.5	0.00314438	0.00107672	27621.1	1050	105	27321.4	19.4705	19.4705	77.8822	77.8822	0 37097.5 5724.31 	42821.8	6.60031	6.55445	12703.2	670	0.142619	0	4.029	1.02
155.75	0.00314558	0.0010748	27573.8	1050	105	27274	19.4797	19.4797	77.9186	77.9186	0 37177.9 5726.14 	42904.1	6.5927	6.55445	12703.2	670	0.14242	0	4.029	1.02
156	0.00322874	0.000887876	22714.4	1050	105	22415	19.442	19.442	77.7681	77.7681	0 46194.9 6882.02 	53076.9	6.09632	6.55445	12703.2	670	0.141004	0	4.029	1.02
156.25	0.00317374	0.000999216	25567.4	1050	105	25267.8	19.4636	19.4636	77.8545	77.8545	0 40348.3 6008.93 	46357.2	6.41882	6.55445	12703.2	670	0.138579	0	4.029	1.02
156.5	0.00316059	0.00103467	26507.7	1050	105	26207.9	19.485	19.485	77.94	77.94	0 38804.1 5842.1 	44646.2	6.49925	6.55445	12703.2	670	0.139687	0	4.029	1.02
156.75	0.00325438	0.000852376	21853.1	1050	105	21553.6	19.4474	19.4474	77.7894	77.7894	0 48501 7334.32 	55835.3	5.95334	6.55445	12703.2	670	0.144573	0	4.029	1.02
157	0.00318244	0.000979987	25069.2	1050	105	24769.5	19.4725	19.4725	77.89	77.89	0 41252.8 6079.96 	47332.7	6.36628	6.55445	12703.2	670	0.137485	0	4.029	1.02
157.25	0.00316483	0.00102522	26262.2	1050	105	25962.2	19.4974	19.4974	77.9896	77.9896	0 39214.3 5849.64 	45063.9	6.47317	6.55445	12703.2	670	0.138571	0	4.029	1.02
157.5	0.00314611	0.00107929	27709.6	1050	105	27409.5	19.5073	19.5073	78.0292	78.0292	0 37029.7 5646.15 	42675.8	6.58939	6.55445	12703.2	670	0.141122	0	4.029	1.02
157.75	0.00314732	0.00107731	27660.5	1050	105	27360.4	19.517	19.517	78.0682	78.0682	0 37111.8 5647.77 	42759.6	6.5818	6.55445	12703.2	670	0.140913	0	4.029	1.02
158	0.00323191	0.000889687	22786	1050	105	22486.2	19.4793	19.4793	77.9173	77.9173	0 46146.2 6816.43 	52962.6	6.07839	6.55445	12703.2	670	0.1401	0	4.029	1.02
158.25	0.00317563	0.0010015	25647.2	1050	105	25347.2	19.5016	19.5016	78.0064	78.0064	0 40280.2 5928.46 	46208.6	6.40732	6.55445	12703.2	670	0.13715	0	4.029	1.02
158.5	0.00316235	0.00103704	26589.7	1050	105	26289.5	19.5236	19.5236	78.0946	78.0946	0 38737.1 5761.82 	44498.9	6.4884	6.55445	12703.2	670	0.138193	0	4.029	1.02
158.75	0.00325813	0.000853967	21920.9	1050	105	21621.1	19.4859	19.4859	77.9436	77.9436	0 48466.4 7277.9 	55744.3	5.93283	6.55445	12703.2	670	0.143906	0	4.029	1.02
159	0.00318446	0.000982249	25148.7	1050	105	24848.5	19.5118	19.5118	78.047	78.047	0 41183.9 6000.79 	47184.7	6.35418	6.55445	12703.2	670	0.136125	0	4.029	1.02
159.25	0.00316659	0.00102767	26346.1	1050	105	26045.7	19.5374	19.5374	78.1495	78.1495	0 39142.9 5769.4 	44912.3	6.46238	6.55445	12703.2	670	0.137107	0	4.029	1.02
159.5	0.00314782	0.00108178	27795.8	1050	105	27495.3	19.5479	19.5479	78.1916	78.1916	0 36964.6 5568.46 	42533	6.57866	6.55445	12703.2	670	0.139613	0	4.029	1.02
159.75	0.00314904	0.00107975	27745.1	1050	105	27444.5	19.5583	19.5583	78.233	78.233	0 37048.4 5570.01 	42618.4	6.57104	6.55445	12703.2	670	0.139398	0	4.029	1.02
160	0.00323521	0.000891406	22855.9	1050	105	22555.6	19.5204	19.5204	78.0817	78.0817	0 46104.1 6754.27 	52858.4	6.05984	6.55445	12703.2	670	0.139248	0	4.029	1.02
160.25	0.00317755	0.00100376	25726.3	1050	105	25425.9	19.5434	19.5434	78.1735	78.1735	0 40213.8 5849.53 	46063.4	6.39573	6.55445	12703.2	670	0.135741	0	4.029	1.02
160.5	0.0031641	0.00103941	26671.8	1050	105	26371.2	19.5661	19.5661	78.2644	78.2644	0 38670.1 5682.65 	44352.7	6.47761	6.55445	12703.2	670	0.136715	0	4.029	1.02
160.75	0.00314692	0.0010895	28016.7	1050	105	27716	19.5762	19.5762	78.3047	78.3047	0 36692 5504.07 	42196.1	6.58429	6.55445	12703.2	670	0.139096	0	4.029	1.02
161	0.0031491	0.00108465	27890	1050	105	27589.1	19.5861	19.5861	78.3443	78.3443	0 36881.8 5514.24 	42396.1	6.57063	6.55445	12703.2	670	0.138723	0	4.029	1.02
161.25	0.00323549	0.000895453	22974	1050	105	22673.5	19.5482	19.5482	78.1927	78.1927	0 45899.8 6684.36 	52584.2	6.05824	6.55445	12703.2	670	0.138519	0	4.029	1.02
161.5	0.00317816	0.0010069	25822	1050	105	25521.3	19.5713	19.5713	78.2852	78.2852	0 40096.2 5794.46 	45890.7	6.39204	6.55445	12703.2	670	0.134964	0	4.029	1.02
161.75	0.00316493	0.00104186	26749.5	1050	105	26448.5	19.5942	19.5942	78.3768	78.3768	0 38589.4 5631.66 	44221.1	6.47252	6.55445	12703.2	670	0.135883	0	4.029	1.02
162	0.00314785	0.00109165	28087.3	1050	105	27786.2	19.6046	19.6046	78.4183	78.4183	0 36630.5 5456 	42086.5	6.57849	6.55445	12703.2	670	0.138228	0	4.029	1.02
162.25	0.00315009	0.00108654	27953.3	1050	105	27652.2	19.6148	19.6148	78.4592	78.4592	0 36829.1 5466.41 	42295.5	6.56445	6.55445	12703.2	670	0.137832	0	4.029	1.02
162.5	0.00323739	0.000896854	23026.2	1050	105	22725.4	19.5768	19.5768	78.3073	78.3073	0 45854.9 6643.74 	52498.7	6.0476	6.55445	12703.2	670	0.13799	0	4.029	1.02
162.75	0.0031793	0.00100852	25877.2	1050	105	25576.2	19.6003	19.6003	78.4014	78.4014	0 40046.2 5745.72 	45791.9	6.38517	6.55445	12703.2	670	0.134115	0	4.029	1.02
163	0.003166	0.00104348	26804.6	1050	105	26503.3	19.6236	19.6236	78.4945	78.4945	0 38542.6 5583.03 	44125.6	6.46601	6.55445	12703.2	670	0.134987	0	4.029	1.02
163.25	0.00314889	0.00109327	28142.9	1050	105	27841.6	19.6344	19.6344	78.5375	78.5375	0 36588.4 5408.81 	41997.2	6.57197	6.55445	12703.2	670	0.137304	0	4.029	1.02
163.5	0.00315114	0.0010881	28007.4	1050	105	27705.9	19.645	19.645	78.5798	78.5798	0 36788.4 5419.02 	42207.4	6.55791	6.55445	12703.2	670	0.136901	0	4.029	1.02
163.75	0.00323945	0.000897956	23070.8	1050	105	22769.7	19.6069	19.6069	78.4277	78.4277	0 45827.9 6606.42 	52434.3	6.03605	6.55445	12703.2	670	0.137481	0	4.029	1.02
164	0.00318049	0.00100996	25927.6	1050	105	25626.3	19.6308	19.6308	78.5233	78.5233	0 40004.1 5697.84 	45701.9	6.37801	6.55445	12703.2	670	0.133256	0	4.029	1.02
164.25	0.00316707	0.00104499	26856.7	1050	105	26555.2	19.6545	19.6545	78.6181	78.6181	0 38500.1 5534.83 	44034.9	6.45941	6.55445	12703.2	670	0.134082	0	4.029	1.02
164.5	0.00314993	0.00109481	28196.3	1050	105	27894.7	19.6656	19.6656	78.6625	78.6625	0 36549.1 5361.78 	41910.8	6.56547	6.55445	12703.2	670	0.136369	0	4.029	1.02
164.75	0.00315218	0.0010896	28059.7	1050	105	27757.9	19.6766	19.6766	78.7062	78.7062	0 36749.9 5371.85 	42121.7	6.5514	6.55445	12703.2	670	0.135963	0	4.029	1.02
165	0.00324157	0.000898994	23114	1050	105	22812.6	19.6384	19.6384	78.5538	78.5538	0 45804.9 6570.44 	52375.3	6.02423	6.55445	12703.2	670	0.136988	0	4.029	1.02
165.25	0.00318169	0.00101137	25977.2	1050	105	25675.5	19.6628	19.6628	78.651	78.651	0 39963.4 5650.54 	45614	6.3708	6.55445	12703.2	670	0.132402	0	4.029	1.02
165.5	0.00316815	0.00104649	26908.5	1050	105	26606.7	19.6869	19.6869	78.7474	78.7474	0 38457.9 5487.02 	43944.9	6.45283	6.55445	12703.2	670	0.13318	0	4.029	1.02
165.75	0.00315096	0.00109633	28249.3	1050	105	27947.3	19.6983	19.6983	78.7932	78.7932	0 36510.1 5315.02 	41825.2	6.55902	6.55445	12703.2	670	0.135434	0	4.029	1.02
166	0.00315322	0.00109109	28111.5	1050	105	27809.4	19.7096	19.7096	78.8384	78.8384	0 36711.8 5324.99 	42036.8	6.54493	6.55445	12703.2	670	0.135026	0	4.029	1.02
166.25	0.00324372	0.000900013	23156.9	1050	105	22855.2	19.6714	19.6714	78.6856	78.6856	0 45783.5 6535.56 	52319	6.01223	6.55445	12703.2	670	0.136514	0	4.029	1.02
166.5	0.0031829	0.00101277	26026.8	1050	105	25724.8	19.6961	19.6961	78.7845	78.7845	0 39923 5603.84 	45526.9	6.36356	6.55445	12703.2	670	0.131559	0	4.029	1.02
166.75	0.00316923	0.00104799	26960.6	1050	105	26658.4	19.7206	19.7206	78.8825	78.8825	0 38415.7 5439.68 	43855.3	6.44626	6.55445	12703.2	670	0.132287	0	4.029	1.02
167	0.00315198	0.00109786	28302.5	1050	105	28000.1	19.7324	19.7324	78.9296	78.9296	0 36471.1 5268.58 	41739.7	6.55263	6.55445	12703.2	670	0.134503	0	4.029	1.02
167.25	0.00315425	0.00109258	28163.5	1050	105	27861	19.744	19.744	78.9762	78.9762	0 36673.8 5278.49 	41952.3	6.5385	6.55445	12703.2	670	0.134094	0	4.029	1.02
167.5	0.00324591	0.000901024	23199.8	1050	105	22897.8	19.7058	19.7058	78.823	78.823	0 45762.9 6501.64 	52264.5	6.00009	6.55445	12703.2	670	0.136057	0	4.029	1.02
167.75	0.00318411	0.00101419	26076.7	1050	105	25774.4	19.7309	19.7309	78.9235	78.9235	0 39882.6 5557.71 	45440.3	6.35628	6.55445	12703.2	670	0.130726	0	4.029	1.02
168	0.0031703	0.00104951	27013.1	1050	105	26710.6	19.7558	19.7558	79.0231	79.0231	0 38373 5392.79 	43765.8	6.43972	6.55445	12703.2	670	0.131402	0	4.029	1.02
168.25	0.003153	0.0010994	28355.9	1050	105	28053.2	19.7679	19.7679	79.0716	79.0716	0 36431.7 5222.48 	41654.2	6.54629	6.55445	12703.2	670	0.133577	0	4.029	1.02
168.5	0.00315528	0.00109408	28215.5	1050	105	27912.7	19.7799	19.7799	79.1195	79.1195	0 36635.7 5232.36 	41868	6.5321	6.55445	12703.2	670	0.133168	0	4.029	1.02
168.75	0.00324812	0.000902033	23242.9	1050	105	22940.5	19.7415	19.7415	78.966	78.966	0 45742.8 6468.59 	52211.4	5.98785	6.55445	12703.2	670	0.135617	0	4.029	1.02
169	0.00318533	0.00101561	26127	1050	105	25824.3	19.767	19.767	79.0681	79.0681	0 39841.9 5512.15 	45354	6.34898	6.55445	12703.2	670	0.129904	0	4.029	1.02
169.25	0.00317137	0.00105105	27066.2	1050	105	26763.2	19.7923	19.7923	79.1693	79.1693	0 38329.9 5346.37 	43676.2	6.4332	6.55445	12703.2	670	0.130527	0	4.029	1.02
169.5	0.00315401	0.00110096	28409.6	1050	105	28106.5	19.8048	19.8048	79.2191	79.2191	0 36392 5176.73 	41568.7	6.54001	6.55445	12703.2	670	0.132658	0	4.029	1.02
169.75	0.00315631	0.00109558	28267.7	1050	105	27964.6	19.8171	19.8171	79.2683	79.2683	0 36597.4 5186.6 	41784	6.52574	6.55445	12703.2	670	0.132247	0	4.029	1.02
170	0.00325035	0.000903042	23286.1	1050	105	22983.3	19.7786	19.7786	79.1145	79.1145	0 45723.1 6436.32 	52159.4	5.97552	6.55445	12703.2	670	0.135191	0	4.029	1.02
170.25	0.00318655	0.00101705	26177.6	1050	105	25874.6	19.8045	19.8045	79.2181	79.2181	0 39801 5467.14 	45268.2	6.34167	6.55445	12703.2	670	0.129093	0	4.029	1.02
170.5	0.00317244	0.0010526	27119.7	1050	105	26816.4	19.8302	19.8302	79.3209	79.3209	0 38286.2 5300.38 	43586.6	6.4267	6.55445	12703.2	670	0.12966	0	4.029	1.02
170.75	0.00315501	0.00110252	28463.6	1050	105	28160.2	19.843	19.843	79.372	79.372	0 36352 5131.33 	41483.3	6.53377	6.55445	12703.2	670	0.131745	0	4.029	1.02
171	0.00315733	0.00109708	28320.2	1050	105	28016.6	19.8556	19.8556	79.4225	79.4225	0 36558.9 5141.22 	41700.1	6.51942	6.55445	12703.2	670	0.131333	0	4.029	1.02
171.25	0.0031468	0.00112936	29197.7	1050	105	28894	19.8649	19.8649	79.4595	79.4595	0 35395.5 5047.81 	40443.3	6.58507	6.55445	12703.2	670	0.132943	0	4.029	1.02
171.5	0.00315328	0.00111176	28724.5	1050	105	28420.8	19.874	19.874	79.4959	79.4959	0 36030 5090.13 	41120.2	6.54455	6.55445	12703.2	670	0.131885	0	4.029	1.02
171.75	0.00324515	0.000916982	23656.8	1050	105	23353.5	19.8354	19.8354	79.3415	79.3415	0 44956 6248.83 	51204.8	6.00428	6.55445	12703.2	670	0.133343	0	4.029	1.02
172	0.00318556	0.00102605	26434.6	1050	105	26130.9	19.8607	19.8607	79.4429	79.4429	0 39439.3 5375.58 	44814.9	6.3476	6.55445	12703.2	670	0.128177	0	4.029	1.02
172.25	0.00317277	0.00105842	27293.6	1050	105	26989.7	19.8859	19.8859	79.5435	79.5435	0 38079.6 5226.97 	43306.6	6.42467	6.55445	12703.2	670	0.128684	0	4.029	1.02
172.5	0.00315581	0.001107	28602.8	1050	105	28298.8	19.8989	19.8989	79.5954	79.5954	0 36213.9 5065.21 	41279.1	6.52883	6.55445	12703.2	670	0.130683	0	4.029	1.02
172.75	0.00315843	0.00110056	28431.7	1050	105	28127.6	19.9117	19.9117	79.6467	79.6467	0 36456.2 5077.08 	41533.3	6.51258	6.55445	12703.2	670	0.130206	0	4.029	1.02
173	0.00314803	0.00113242	29298.5	1050	105	28994.3	19.9213	19.9213	79.6851	79.6851	0 35313.8 4986.12 	40299.9	6.57732	6.55445	12703.2	670	0.131771	0	4.029	1.02
173.25	0.00315459	0.00111445	28814.8	1050	105	28510.5	19.9308	19.9308	79.723	79.723	0 35957.9 5027.9 	40985.8	6.5364	6.55445	12703.2	670	0.130682	0	4.029	1.02
173.5	0.003146	0.00114114	29542.6	1050	105	29238.2	19.9395	19.9395	79.7579	79.7579	0 35021.3 4953.52 	39974.8	6.59009	6.55445	12703.2	670	0.132001	0	4.029	1.02
173.75	0.00315374	0.00111955	28959.8	1050	105	28655.3	19.948	19.948	79.7921	79.7921	0 35784.5 5003.01 	40787.5	6.5417	6.55445	12703.2	670	0.130689	0	4.029	1.02
174	0.00324632	0.000923346	23849	1050	105	23544.9	19.9092	19.9092	79.637	79.637	0 44662.1 6146.3 	50808.4	5.99785	6.55445	12703.2	670	0.13222	0	4.029	1.02
174.25	0.00318684	0.00103126	26596.7	1050	105	26292.3	19.9349	19.9349	79.7397	79.7397	0 39256 5288.11 	44544.1	6.33993	6.55445	12703.2	670	0.126865	0	4.029	1.02
174.5	0.0031743	0.00106267	27430.2	1050	105	27125.6	19.9604	19.9604	79.8416	79.8416	0 37945.6 5143.95 	43089.6	6.41538	6.55445	12703.2	670	0.127274	0	4.029	1.02
174.75	0.0031574	0.00111078	28727.4	1050	105	28422.7	19.9739	19.9739	79.8954	79.8954	0 36108.9 4985.12 	41094	6.51893	6.55445	12703.2	670	0.129177	0	4.029	1.02
175	0.00316014	0.0011039	28544	1050	105	28239.1	19.9871	19.9871	79.9486	79.9486	0 36365.5 4997.3 	41362.8	6.50203	6.55445	12703.2	670	0.128666	0	4.029	1.02
175.25	0.00314977	0.00113562	29407.6	1050	105	29102.7	19.9973	19.9973	79.9892	79.9892	0 35233.8 4908.14 	40141.9	6.56645	6.55445	12703.2	670	0.130194	0	4.029	1.02
175.5	0.00315635	0.00111746	28917.9	1050	105	28612.9	20.0073	20.0073	80.0293	80.0293	0 35881 4948.83 	40829.9	6.52549	6.55445	12703.2	670	0.129087	0	4.029	1.02
175.75	0.00314777	0.00114411	29645.5	1050	105	29340.3	20.0166	20.0166	80.0663	80.0663	0 34949.9 4875.97 	39825.9	6.57899	6.55445	12703.2	670	0.130387	0	4.029	1.02
176	0.0031555	0.00112241	29058.8	1050	105	28753.5	20.0257	20.0257	80.1028	80.1028	0 35713.2 4924.03 	40637.2	6.53075	6.55445	12703.2	670	0.129066	0	4.029	1.02
176.25	0.00314745	0.00114746	29743.1	1050	105	29437.7	20.0348	20.0348	80.1391	80.1391	0 34844.5 4855.79 	39700.3	6.58097	6.55445	12703.2	670	0.130274	0	4.029	1.02
176.5	0.00315552	0.00112462	29124.7	1050	105	28819.3	20.0437	20.0437	80.1748	80.1748	0 35643.4 4905.45 	40548.8	6.53061	6.55445	12703.2	670	0.128871	0	4.029	1.02
176.75	0.00314764	0.00114914	29794.7	1050	105	29489.2	20.0528	20.0528	80.2113	80.2113	0 34795.7 4838.66 	39634.4	6.57981	6.55445	12703.2	670	0.13004	0	4.029	1.02
177	0.0031558	0.0011259	29165.1	1050	105	28859.5	20.0618	20.0618	80.2472	80.2472	0 35606 4888.33 	40494.3	6.52887	6.55445	12703.2	670	0.128599	0	4.029	1.02
177.25	0.00314797	0.00115022	29829.9	1050	105	29524.2	20.071	20.071	80.284	80.284	0 34766.5 4822.12 	39588.6	6.57773	6.55445	12703.2	670	0.129749	0	4.029	1.02
177.5	0.00315616	0.00112683	29195.7	1050	105	28889.9	20.0801	20.0801	80.3202	80.3202	0 35580.6 4871.43 	40452	6.52666	6.55445	12703.2	670	0.128289	0	4.029	1.02
177.75	0.00314834	0.00115108	29858.4	1050	105	29552.5	20.0894	20.0894	80.3575	80.3575	0 34744.9 4805.55 	39550.4	6.5754	6.55445	12703.2	670	0.129426	0	4.029	1.02
178	0.00315653	0.00112761	29221.8	1050	105	28915.8	20.0985	20.0985	80.3942	80.3942	0 35560.3 4854.45 	40414.8	6.52433	6.55445	12703.2	670	0.127956	0	4.029	1.02
178.25	0.00314872	0.00115182	29883.6	1050	105	29577.6	20.108	20.108	80.4319	80.4319	0 34726.8 4788.84 	39515.6	6.573	6.55445	12703.2	670	0.129086	0	4.029	1.02
178.5	0.00315692	0.0011283	29245.6	1050	105	28939.4	20.1173	20.1173	80.469	80.469	0 35542.7 4837.37 	40380.1	6.52196	6.55445	12703.2	670	0.12761	0	4.029	1.02
178.75	0.00314911	0.0011525	29907.1	1050	105	29600.8	20.1268	20.1268	80.5072	80.5072	0 34710.5 4772.03 	39482.5	6.57059	6.55445	12703.2	670	0.128733	0	4.029	1.02
179	0.0031573	0.00112895	29267.9	1050	105	28961.6	20.1362	20.1362	80.5448	80.5448	0 35526.6 4820.23 	40346.8	6.51958	6.55445	12703.2	670	0.127254	0	4.029	1.02
179.25	0.00314949	0.00115314	29929.4	1050	105	29623	20.1459	20.1459	80.5835	80.5835	0 34695.4 4755.14 	39450.5	6.56819	6.55445	12703.2	670	0.128373	0	4.029	1.02
179.5	0.00315768	0.00112957	29289.4	1050	105	28982.9	20.1554	20.1554	80.6215	80.6215	0 35511.5 4803.05 	40314.5	6.51721	6.55445	12703.2	670	0.126894	0	4.029	1.02
179.75	0.00314987	0.00115376	29951	1050	105	29644.4	20.1651	20.1651	80.6606	80.6606	0 34681 4738.22 	39419.3	6.5658	6.55445	12703.2	670	0.128009	0	4.029	1.02
180	0.00315807	0.00113017	29310.3	1050	105	29003.6	20.1748	20.1748	80.6991	80.6991	0 35497 4785.87 	40282.8	6.51483	6.55445	12703.2	670	0.126531	0	4.029	1.02
180.25	0.00315026	0.00115436	29972.1	1050	105	29665.3	20.1847	20.1847	80.7386	80.7386	0 34667.2 4721.29 	39388.4	6.56341	6.55445	12703.2	670	0.127641	0	4.029	1.02
180.5	0.00315845	0.00113075	29330.8	1050	105	29023.9	20.1944	20.1944	80.7776	80.7776	0 35482.9 4768.72 	40251.6	6.51246	6.55445	12703.2	670	0.126165	0	4.029	1.02
180.75	0.00315064	0.00115495	29992.9	1050	105	29685.9	20.2044	20.2044	80.8175	80.8175	0 34653.6 4704.38 	39358	6.56103	6.55445	12703.2	670	0.127272	0	4.029	1.02
181	0.00315884	0.00113133	29351.1	1050	105	29043.9	20.2142	20.2142	80.8569	80.8569	0 35469.1 4751.6 	40220.7	6.51008	6.55445	12703.2	670	0.125799	0	4.029	1.02
181.25	0.00315102	0.00115553	30013.5	1050	105	29706.3	20.2243	20.2243	80.8973	80.8973	0 34640.3 4687.49 	39327.8	6.55866	6.55445	12703.2	670	0.126903	0	4.029	1.02
181.5	0.00315922	0.0011319	29371.1	1050	105	29063.8	20.2343	20.2343	80.9372	80.9372	0 35455.6 4734.53 	40190.1	6.50771	6.55445	12703.2	670	0.125433	0	4.029	1.02
181.75	0.0031514	0.00115611	30033.9	1050	105	29726.5	20.2445	20.2445	80.978	80.978	0 34627.1 4670.65 	39297.7	6.55629	6.55445	12703.2	670	0.126533	0	4.029	1.02
182	0.0031596	0.00113247	29391.1	1050	105	29083.5	20.2546	20.2546	81.0183	81.0183	0 35442.2 4717.52 	40159.7	6.50534	6.55445	12703.2	670	0.125067	0	4.029	1.02
182.25	0.00315178	0.00115669	30054.3	1050	105	29746.6	20.2649	20.2649	81.0595	81.0595	0 34614 4653.84 	39267.8	6.55392	6.55445	12703.2	670	0.126163	0	4.029	1.02
182.5	0.00315999	0.00113303	29410.9	1050	105	29103.2	20.2751	20.2751	81.1002	81.1002	0 35428.9 4700.56 	40129.4	6.50297	6.55445	12703.2	670	0.124702	0	4.029	1.02
182.75	0.00315215	0.00115726	30074.6	1050	105	29766.7	20.2855	20.2855	81.1419	81.1419	0 34601 4637.08 	39238.1	6.55157	6.55445	12703.2	670	0.125793	0	4.029	1.02
183	0.00316037	0.00113359	29430.8	1050	105	29122.8	20.2958	20.2958	81.183	81.183	0 35415.6 4683.66 	40099.3	6.5006	6.55445	12703.2	670	0.124337	0	4.029	1.02
183.25	0.00315253	0.00115784	30094.8	1050	105	29786.7	20.3063	20.3063	81.2252	81.2252	0 34588 4620.38 	39208.4	6.54921	6.55445	12703.2	670	0.125424	0	4.029	1.02
183.5	0.00316075	0.00113415	29450.6	1050	105	29142.4	20.3167	20.3167	81.2667	81.2667	0 35402.4 4666.82 	40069.2	6.49823	6.55445	12703.2	670	0.123973	0	4.029	1.02
183.75	0.00315291	0.00115841	30115	1050	105	29806.7	20.3273	20.3273	81.3093	81.3093	0 34575.1 4603.72 	39178.8	6.54686	6.55445	12703.2	670	0.125056	0	4.029	1.02
184	0.00316114	0.00113471	29470.3	1050	105	29162	20.3378	20.3378	81.3512	81.3512	0 35389.3 4650.04 	40039.3	6.49586	6.55445	12703.2	670	0.12361	0	4.029	1.02
184.25	0.00315329	0.00115898	30135.2	1050	105	29826.7	20.3485	20.3485	81.3942	81.3942	0 34562.1 4587.12 	39149.3	6.54452	6.55445	12703.2	670	0.124689	0	4.029	1.02
184.5	0.00316152	0.00113527	29490.1	1050	105	29181.5	20.3591	20.3591	81.4365	81.4365	0 35376.2 4633.32 	40009.5	6.4935	6.55445	12703.2	670	0.123249	0	4.029	1.02
184.75	0.00315366	0.00115955	30155.4	1050	105	29846.7	20.37	20.37	81.4799	81.4799	0 34549.2 4570.57 	39119.8	6.54218	6.55445	12703.2	670	0.124322	0	4.029	1.02
185	0.00316191	0.00113583	29509.8	1050	105	29201	20.3807	20.3807	81.5227	81.5227	0 35363.1 4616.67 	39979.7	6.49113	6.55445	12703.2	670	0.122888	0	4.029	1.02
185.25	0.00315404	0.00116012	30175.6	1050	105	29866.7	20.3916	20.3916	81.5665	81.5665	0 34536.3 4554.07 	39090.4	6.53984	6.55445	12703.2	670	0.123956	0	4.029	1.02
185.5	0.00316229	0.00113639	29529.6	1050	105	29220.5	20.4024	20.4024	81.6097	81.6097	0 35350 4600.07 	39950.1	6.48877	6.55445	12703.2	670	0.122528	0	4.029	1.02
185.75	0.00315441	0.00116069	30195.7	1050	105	29886.6	20.4135	20.4135	81.6539	81.6539	0 34523.5 4537.62 	39061.1	6.53751	6.55445	12703.2	670	0.123591	0	4.029	1.02
186	0.00316267	0.00113694	29549.3	1050	105	29240.1	20.4244	20.4244	81.6975	81.6975	0 35336.9 4583.54 	39920.5	6.48641	6.55445	12703.2	670	0.122169	0	4.029	1.02
186.25	0.00315478	0.00116126	30215.9	1050	105	29906.6	20.4355	20.4355	81.7421	81.7421	0 34510.6 4521.22 	39031.8	6.53519	6.55445	12703.2	670	0.123227	0	4.029	1.02
186.5	0.00316306	0.0011375	29569	1050	105	29259.6	20.4465	20.4465	81.7861	81.7861	0 35323.9 4567.06 	39891	6.48405	6.55445	12703.2	670	0.121811	0	4.029	1.02
186.75	0.00315516	0.00116183	30236.1	1050	105	29926.5	20.4578	20.4578	81.8311	81.8311	0 34497.7 4504.88 	39002.6	6.53287	6.55445	12703.2	670	0.122863	0	4.029	1.02
187	0.00316344	0.00113806	29588.8	1050	105	29279.1	20.4689	20.4689	81.8755	81.8755	0 35310.9 4550.65 	39861.5	6.48169	6.55445	12703.2	670	0.121454	0	4.029	1.02
187.25	0.00315553	0.0011624	30256.2	1050	105	29946.4	20.4802	20.4802	81.9209	81.9209	0 34484.9 4488.59 	38973.5	6.53055	6.55445	12703.2	670	0.122501	0	4.029	1.02
187.5	0.00316382	0.00113861	29608.5	1050	105	29298.6	20.4914	20.4914	81.9657	81.9657	0 35297.9 4534.29 	39832.2	6.47934	6.55445	12703.2	670	0.121099	0	4.029	1.02
187.75	0.0031559	0.00116297	30276.4	1050	105	29966.4	20.5029	20.5029	82.0115	82.0115	0 34472.1 4472.35 	38944.4	6.52824	6.55445	12703.2	670	0.122139	0	4.029	1.02
188	0.00316421	0.00113917	29628.2	1050	105	29318.1	20.5142	20.5142	82.0567	82.0567	0 35284.9 4518 	39802.9	6.47699	6.55445	12703.2	670	0.120744	0	4.029	1.02
188.25	0.00315627	0.00116354	30296.6	1050	105	29986.3	20.5257	20.5257	82.1029	82.1029	0 34459.2 4456.17 	38915.4	6.52594	6.55445	12703.2	670	0.121778	0	4.029	1.02
188.5	0.00316459	0.00113973	29647.9	1050	105	29337.6	20.5371	20.5371	82.1484	82.1484	0 35271.9 4501.76 	39773.7	6.47464	6.55445	12703.2	670	0.12039	0	4.029	1.02
188.75	0.00315665	0.00116411	30316.7	1050	105	30006.2	20.5488	20.5488	82.195	82.195	0 34446.4 4440.03 	38886.5	6.52364	6.55445	12703.2	670	0.121418	0	4.029	1.02
189	0.00316497	0.00114028	29667.7	1050	105	29357.1	20.5602	20.5602	82.241	82.241	0 35259 4485.58 	39744.6	6.47229	6.55445	12703.2	670	0.120037	0	4.029	1.02
189.25	0.00315702	0.00116468	30336.9	1050	105	30026.1	20.572	20.572	82.2879	82.2879	0 34433.6 4423.95 	38857.6	6.52134	6.55445	12703.2	670	0.121058	0	4.029	1.02
189.5	0.00316535	0.00114084	29687.4	1050	105	29376.5	20.5836	20.5836	82.3343	82.3343	0 35246.1 4469.46 	39715.5	6.46995	6.55445	12703.2	670	0.119685	0	4.029	1.02
189.75	0.00315739	0.00116525	30357	1050	105	30046.1	20.5954	20.5954	82.3816	82.3816	0 34420.8 4407.92 	38828.7	6.51905	6.55445	12703.2	670	0.1207	0	4.029	1.02
190	0.00316574	0.0011414	29707.1	1050	105	29396	20.6071	20.6071	82.4283	82.4283	0 35233.2 4453.4 	39686.6	6.4676	6.55445	12703.2	670	0.119334	0	4.029	1.02
190.25	0.00315775	0.00116582	30377.2	1050	105	30066	20.619	20.619	82.4761	82.4761	0 34408 4391.94 	38800	6.51677	6.55445	12703.2	670	0.120342	0	4.029	1.02
190.5	0.00316612	0.00114195	29726.8	1050	105	29415.5	20.6308	20.6308	82.5232	82.5232	0 35220.3 4437.39 	39657.7	6.46526	6.55445	12703.2	670	0.118984	0	4.029	1.02
190.75	0.00315812	0.00116639	30397.3	1050	105	30085.9	20.6428	20.6428	82.5713	82.5713	0 34395.2 4376.01 	38771.2	6.51449	6.55445	12703.2	670	0.119985	0	4.029	1.02
191	0.0031665	0.00114251	29746.5	1050	105	29434.9	20.6547	20.6547	82.6187	82.6187	0 35207.4 4421.45 	39628.8	6.46292	6.55445	12703.2	670	0.118635	0	4.029	1.02
191.25	0.00315849	0.00116696	30417.4	1050	105	30105.8	20.6668	20.6668	82.6672	82.6672	0 34382.5 4360.13 	38742.6	6.51221	6.55445	12703.2	670	0.119629	0	4.029	1.02
191.5	0.00316688	0.00114306	29766.2	1050	105	29454.4	20.6788	20.6788	82.715	82.715	0 35194.5 4405.55 	39600.1	6.46059	6.55445	12703.2	670	0.118287	0	4.029	1.02
191.75	0.00315886	0.00116753	30437.6	1050	105	30125.7	20.691	20.691	82.7639	82.7639	0 34369.7 4344.3 	38714	6.50994	6.55445	12703.2	670	0.119273	0	4.029	1.02
192	0.00316726	0.00114362	29785.9	1050	105	29473.9	20.703	20.703	82.8121	82.8121	0 35181.7 4389.72 	39571.4	6.45825	6.55445	12703.2	670	0.11794	0	4.029	1.02
192.25	0.00315923	0.0011681	30457.7	1050	105	30145.6	20.7153	20.7153	82.8613	82.8613	0 34356.9 4328.52 	38685.5	6.50767	6.55445	12703.2	670	0.118919	0	4.029	1.02
192.5	0.00316764	0.00114417	29805.6	1050	105	29493.3	20.7275	20.7275	82.9099	82.9099	0 35168.9 4373.95 	39542.8	6.45592	6.55445	12703.2	670	0.117594	0	4.029	1.02
192.75	0.00315959	0.00116867	30477.9	1050	105	30165.5	20.7399	20.7399	82.9594	82.9594	0 34344.2 4312.8 	38657	6.50541	6.55445	12703.2	670	0.118565	0	4.029	1.02
193	0.00316803	0.00114473	29825.3	1050	105	29512.8	20.7521	20.7521	83.0083	83.0083	0 35156.1 4358.23 	39514.3	6.45359	6.55445	12703.2	670	0.117249	0	4.029	1.02
193.25	0.00315996	0.00116924	30498	1050	105	30185.3	20.7646	20.7646	83.0583	83.0583	0 34331.5 4297.13 	38628.6	6.50315	6.55445	12703.2	670	0.118212	0	4.029	1.02
193.5	0.00316841	0.00114528	29845	1050	105	29532.2	20.7769	20.7769	83.1076	83.1076	0 35143.3 4342.56 	39485.8	6.45126	6.55445	12703.2	670	0.116904	0	4.029	1.02
193.75	0.00316032	0.0011698	30518.1	1050	105	30205.2	20.7895	20.7895	83.1579	83.1579	0 34318.7 4281.5 	38600.2	6.5009	6.55445	12703.2	670	0.11786	0	4.029	1.02
194	0.00316879	0.00114584	29864.7	1050	105	29551.7	20.8019	20.8019	83.2075	83.2075	0 35130.5 4326.96 	39457.4	6.44894	6.55445	12703.2	670	0.116561	0	4.029	1.02
194.25	0.00316069	0.00117037	30538.3	1050	105	30225.1	20.8145	20.8145	83.2581	83.2581	0 34306 4265.93 	38571.9	6.49865	6.55445	12703.2	670	0.117509	0	4.029	1.02
194.5	0.00316917	0.00114639	29884.4	1050	105	29571.1	20.827	20.827	83.3081	83.3081	0 35117.7 4311.41 	39429.1	6.44661	6.55445	12703.2	670	0.116219	0	4.029	1.02
194.75	0.00316105	0.00117094	30558.4	1050	105	30245	20.8398	20.8398	83.3591	83.3591	0 34293.3 4250.41 	38543.7	6.4964	6.55445	12703.2	670	0.117159	0	4.029	1.02
195	0.00316955	0.00114694	29904.1	1050	105	29590.6	20.8524	20.8524	83.4095	83.4095	0 35104.9 4295.92 	39400.9	6.44429	6.55445	12703.2	670	0.115878	0	4.029	1.02
195.25	0.00316141	0.00117151	30578.6	1050	105	30264.9	20.8652	20.8652	83.4608	83.4608	0 34280.5 4234.94 	38515.5	6.49416	6.55445	12703.2	670	0.116809	0	4.029	1.02
195.5	0.00316993	0.0011475	29923.8	1050	105	29610.1	20.8779	20.8779	83.5115	83.5115	0 35092.2 4280.48 	39372.7	6.44197	6.55445	12703.2	670	0.115538	0	4.029	1.02
195.75	0.00316178	0.00117208	30598.7	1050	105	30284.8	20.8908	20.8908	83.5632	83.5632	0 34267.8 4219.53 	38487.3	6.49193	6.55445	12703.2	670	0.116461	0	4.029	1.02
196	0.00317031	0.00114805	29943.5	1050	105	29629.5	20.9035	20.9035	83.6142	83.6142	0 35079.4 4265.1 	39344.6	6.43966	6.55445	12703.2	670	0.115198	0	4.029	1.02
196.25	0.00316214	0.00117265	30618.9	1050	105	30304.7	20.9166	20.9166	83.6662	83.6662	0 34255.1 4204.16 	38459.3	6.4897	6.55445	12703.2	670	0.116113	0	4.029	1.02
196.5	0.00317069	0.00114861	29963.3	1050	105	29649	20.9294	20.9294	83.7176	83.7176	0 35066.7 4249.78 	39316.5	6.43734	6.55445	12703.2	670	0.11486	0	4.029	1.02
196.75	0.0031625	0.00117322	30639	1050	105	30324.6	20.9425	20.9425	83.77	83.77	0 34242.4 4188.84 	38431.2	6.48747	6.55445	12703.2	670	0.115766	0	4.029	1.02
197	0.00317107	0.00114916	29983	1050	105	29668.4	20.9554	20.9554	83.8217	83.8217	0 35054 4234.52 	39288.5	6.43503	6.55445	12703.2	670	0.114523	0	4.029	1.02
197.25	0.00316286	0.00117379	30659.2	1050	105	30344.5	20.9686	20.9686	83.8744	83.8744	0 34229.7 4173.58 	38403.3	6.48525	6.55445	12703.2	670	0.11542	0	4.029	1.02
197.5	0.00317145	0.00114972	30002.7	1050	105	29687.9	20.9816	20.9816	83.9264	83.9264	0 35041.3 4219.31 	39260.6	6.43272	6.55445	12703.2	670	0.114187	0	4.029	1.02
197.75	0.00316322	0.00117436	30679.3	1050	105	30364.4	20.9949	20.9949	83.9794	83.9794	0 34217 4158.37 	38375.3	6.48303	6.55445	12703.2	670	0.115075	0	4.029	1.02
198	0.00317183	0.00115027	30022.5	1050	105	29707.4	21.008	21.008	84.0318	84.0318	0 35028.6 4204.15 	39232.7	6.43041	6.55445	12703.2	670	0.113851	0	4.029	1.02
198.25	0.00316358	0.00117493	30699.5	1050	105	30384.3	21.0213	21.0213	84.0852	84.0852	0 34204.3 4143.2 	38347.5	6.48081	6.55445	12703.2	670	0.114731	0	4.029	1.02
198.5	0.00317221	0.00115083	30042.2	1050	105	29726.9	21.0345	21.0345	84.1379	84.1379	0 35015.9 4189.06 	39204.9	6.4281	6.55445	12703.2	670	0.113517	0	4.029	1.02
198.75	0.00316394	0.0011755	30719.7	1050	105	30404.2	21.0479	21.0479	84.1916	84.1916	0 34191.5 4128.09 	38319.6	6.4786	6.55445	12703.2	670	0.114388	0	4.029	1.02
199	0.00317259	0.00115138	30062	1050	105	29746.3	21.0612	21.0612	84.2446	84.2446	0 35003.2 4174.01 	39177.2	6.42579	6.55445	12703.2	670	0.113184	0	4.029	1.02
199.25	0.0031643	0.00117607	30739.9	1050	105	30424.2	21.0747	21.0747	84.2986	84.2986	0 34178.8 4113.03 	38291.9	6.47639	6.55445	12703.2	670	0.114045	0	4.029	1.02
199.5	0.00317297	0.00115194	30081.7	1050	105	29765.8	21.088	21.088	84.352	84.352	0 34990.5 4159.03 	39149.5	6.42349	6.55445	12703.2	670	0.112852	0	4.029	1.02
199.75	0.00316466	0.00117664	30760.1	1050	105	30444.1	21.1016	21.1016	84.4063	84.4063	0 34166.1 4098.03 	38264.2	6.47419	6.55445	12703.2	670	0.113704	0	4.029	1.02
200	0.00317335	0.00115249	30101.5	1050	105	29785.3	21.115	21.115	84.46	84.46	0 34977.8 4144.1 	39121.9	6.42118	6.55445	12703.2	670	0.112521	0	4.029	1.02
200.25	0.00316502	0.00117721	30780.3	1050	105	30464	21.1287	21.1287	84.5147	84.5147	0 34153.4 4083.07 	38236.5	6.47199	6.55445	12703.2	670	0.113363	0	4.029	1.02
200.5	0.00317372	0.00115305	30121.3	1050	105	29804.9	21.1422	21.1422	84.5687	84.5687	0 34965.2 4129.23 	39094.4	6.41888	6.55445	12703.2	670	0.11219	0	4.029	1.02
200.75	0.00316538	0.00117779	30800.6	1050	105	30484	21.1559	21.1559	84.6236	84.6236	0 34140.7 4068.16 	38208.9	6.46979	6.55445	12703.2	670	0.113024	0	4.029	1.02
201	0.0031741	0.0011536	30141.1	1050	105	29824.4	21.1695	21.1695	84.6779	84.6779	0 34952.5 4114.41 	39066.9	6.41658	6.55445	12703.2	670	0.111861	0	4.029	1.02
201.25	0.00316574	0.00117836	30820.8	1050	105	30504	21.1833	21.1833	84.7333	84.7333	0 34128 4053.31 	38181.3	6.4676	6.55445	12703.2	670	0.112685	0	4.029	1.02
201.5	0.00317448	0.00115416	30160.9	1050	105	29843.9	21.197	21.197	84.7879	84.7879	0 34939.8 4099.65 	39039.5	6.41429	6.55445	12703.2	670	0.111533	0	4.029	1.02
201.75	0.00316609	0.00117893	30841	1050	105	30523.9	21.2109	21.2109	84.8435	84.8435	0 34115.3 4038.5 	38153.8	6.46541	6.55445	12703.2	670	0.112347	0	4.029	1.02
202	0.00317486	0.00115471	30180.7	1050	105	29863.5	21.2246	21.2246	84.8984	84.8984	0 34927.2 4084.95 	39012.1	6.41199	6.55445	12703.2	670	0.111206	0	4.029	1.02
202.25	0.00316645	0.0011795	30861.3	1050	105	30543.9	21.2386	21.2386	84.9543	84.9543	0 34102.5 4023.75 	38126.3	6.46323	6.55445	12703.2	670	0.112011	0	4.029	1.02
202.5	0.00317524	0.00115527	30200.5	1050	105	29883	21.2524	21.2524	85.0096	85.0096	0 34914.5 4070.3 	38984.8	6.40969	6.55445	12703.2	670	0.11088	0	4.029	1.02
202.75	0.00316681	0.00118008	30881.6	1050	105	30563.9	21.2665	21.2665	85.0658	85.0658	0 34089.8 4009.05 	38098.9	6.46105	6.55445	12703.2	670	0.111675	0	4.029	1.02
203	0.00317562	0.00115583	30220.4	1050	105	29902.6	21.2803	21.2803	85.1213	85.1213	0 34901.8 4055.7 	38957.5	6.4074	6.55445	12703.2	670	0.110555	0	4.029	1.02
203.25	0.00316716	0.00118065	30901.9	1050	105	30583.9	21.2945	21.2945	85.1779	85.1779	0 34077.1 3994.4 	38071.5	6.45887	6.55445	12703.2	670	0.11134	0	4.029	1.02
203.5	0.003176	0.00115639	30240.3	1050	105	29922.2	21.3084	21.3084	85.2337	85.2337	0 34889.2 4041.17 	38930.3	6.40511	6.55445	12703.2	670	0.110231	0	4.029	1.02
203.75	0.00316752	0.00118122	30922.2	1050	105	30604	21.3226	21.3226	85.2906	85.2906	0 34064.3 3979.8 	38044.1	6.4567	6.55445	12703.2	670	0.111006	0	4.029	1.02
204	0.00317638	0.00115694	30260.1	1050	105	29941.8	21.3367	21.3367	85.3467	85.3467	0 34876.5 4026.68 	38903.2	6.40282	6.55445	12703.2	670	0.109909	0	4.029	1.02
204.25	0.00316787	0.0011818	30942.5	1050	105	30624	21.351	21.351	85.4038	85.4038	0 34051.6 3965.25 	38016.8	6.45453	6.55445	12703.2	670	0.110673	0	4.029	1.02
204.5	0.00317676	0.0011575	30280	1050	105	29961.4	21.3651	21.3651	85.4603	85.4603	0 34863.9 4012.26 	38876.1	6.40053	6.55445	12703.2	670	0.109587	0	4.029	1.02
204.75	0.00316823	0.00118237	30962.9	1050	105	30644.1	21.3794	21.3794	85.5177	85.5177	0 34038.9 3950.76 	37989.6	6.45236	6.55445	12703.2	670	0.110341	0	4.029	1.02
205	0.00317713	0.00115806	30300	1050	105	29981	21.3936	21.3936	85.5745	85.5745	0 34851.2 3997.88 	38849.1	6.39824	6.55445	12703.2	670	0.109266	0	4.029	1.02
205.25	0.00316858	0.00118295	30983.3	1050	105	30664.2	21.408	21.408	85.6322	85.6322	0 34026.1 3936.31 	37962.4	6.4502	6.55445	12703.2	670	0.110009	0	4.029	1.02
205.5	0.00317751	0.00115862	30319.9	1050	105	30000.7	21.4223	21.4223	85.6892	85.6892	0 34838.5 3983.57 	38822.1	6.39595	6.55445	12703.2	670	0.108947	0	4.029	1.02
205.75	0.00316893	0.00118353	31003.6	1050	105	30684.3	21.4368	21.4368	85.7473	85.7473	0 34013.3 3921.92 	37935.2	6.44804	6.55445	12703.2	670	0.109679	0	4.029	1.02
206	0.00317789	0.00115918	30339.9	1050	105	30020.3	21.4511	21.4511	85.8046	85.8046	0 34825.9 3969.31 	38795.2	6.39367	6.55445	12703.2	670	0.108628	0	4.029	1.02
206.25	0.00316929	0.0011841	31024	1050	105	30704.4	21.4657	21.4657	85.8629	85.8629	0 34000.5 3907.57 	37908.1	6.44588	6.55445	12703.2	670	0.10935	0	4.029	1.02
206.5	0.00317827	0.00115974	30359.8	1050	105	30040	21.4801	21.4801	85.9205	85.9205	0 34813.2 3955.1 	38768.3	6.39138	6.55445	12703.2	670	0.10831	0	4.029	1.02
206.75	0.00316964	0.00118468	31044.5	1050	105	30724.5	21.4948	21.4948	85.9791	85.9791	0 33987.7 3893.28 	37881	6.44373	6.55445	12703.2	670	0.109022	0	4.029	1.02
207	0.00317865	0.0011603	30379.8	1050	105	30059.7	21.5093	21.5093	86.037	86.037	0 34800.5 3940.95 	38741.5	6.3891	6.55445	12703.2	670	0.107994	0	4.029	1.02
207.25	0.00316999	0.00118526	31064.9	1050	105	30744.7	21.524	21.524	86.0959	86.0959	0 33974.9 3879.04 	37854	6.44157	6.55445	12703.2	670	0.108694	0	4.029	1.02
207.5	0.00317903	0.00116086	30399.8	1050	105	30079.4	21.5385	21.5385	86.1541	86.1541	0 34787.9 3926.86 	38714.7	6.38682	6.55445	12703.2	670	0.107679	0	4.029	1.02
207.75	0.00317035	0.00118584	31085.4	1050	105	30764.8	21.5533	21.5533	86.2133	86.2133	0 33962.1 3864.85 	37827	6.43943	6.55445	12703.2	670	0.108368	0	4.029	1.02
208	0.0031793	0.00116145	30419.9	1050	105	30099.2	21.5679	21.5679	86.2717	86.2717	0 34758.7 3911.38 	38670.1	6.38516	6.55445	12703.2	670	0.107325	0	4.029	1.02
208.25	0.0031707	0.00118642	31105.9	1050	105	30785	21.5828	21.5828	86.3312	86.3312	0 33949.3 3850.7 	37800	6.43729	6.55445	12703.2	670	0.108043	0	4.029	1.02
208.5	0.00317978	0.00116198	30439.9	1050	105	30118.9	21.5975	21.5975	86.3899	86.3899	0 34762.5 3898.82 	38661.4	6.38226	6.55445	12703.2	670	0.107051	0	4.029	1.02
208.75	0.00317105	0.001187	31126.4	1050	105	30805.2	21.6124	21.6124	86.4496	86.4496	0 33936.5 3836.61 	37773.1	6.43514	6.55445	12703.2	670	0.107718	0	4.029	1.02
209	0.00318016	0.00116254	30460	1050	105	30138.7	21.6272	21.6272	86.5087	86.5087	0 34749.9 3884.9 	38634.8	6.37998	6.55445	12703.2	670	0.106739	0	4.029	1.02
209.25	0.0031714	0.00118758	31146.9	1050	105	30825.5	21.6422	21.6422	86.5687	86.5687	0 33923.7 3822.57 	37746.2	6.43301	6.55445	12703.2	670	0.107395	0	4.029	1.02
209.5	0.00318054	0.00116311	30480.1	1050	105	30158.5	21.657	21.657	86.628	86.628	0 34737.2 3871.02 	38608.2	6.3777	6.55445	12703.2	670	0.106428	0	4.029	1.02
209.75	0.00317175	0.00118816	31167.5	1050	105	30845.7	21.6721	21.6721	86.6883	86.6883	0 33910.8 3808.59 	37719.4	6.43087	6.55445	12703.2	670	0.107073	0	4.029	1.02
210	0.00318092	0.00116367	30500.2	1050	105	30178.4	21.687	21.687	86.7478	86.7478	0 34724.5 3857.2 	38581.7	6.37542	6.55445	12703.2	670	0.106118	0	4.029	1.02
210.25	0.0031721	0.00118874	31188	1050	105	30866	21.7021	21.7021	86.8084	86.8084	0 33898 3794.65 	37692.6	6.42874	6.55445	12703.2	670	0.106751	0	4.029	1.02
210.5	0.0031813	0.00116424	30520.4	1050	105	30198.2	21.7171	21.7171	86.8682	86.8682	0 34711.8 3843.43 	38555.2	6.37315	6.55445	12703.2	670	0.105809	0	4.029	1.02
210.75	0.00317245	0.00118932	31208.7	1050	105	30886.3	21.7323	21.7323	86.9291	86.9291	0 33885.1 3780.76 	37665.8	6.42661	6.55445	12703.2	670	0.106431	0	4.029	1.02
211	0.00318168	0.0011648	30540.6	1050	105	30218.1	21.7473	21.7473	86.9892	86.9892	0 34699.1 3829.72 	38528.8	6.37087	6.55445	12703.2	670	0.105501	0	4.029	1.02
211.25	0.0031728	0.00118991	31229.3	1050	105	30906.7	21.7626	21.7626	87.0503	87.0503	0 33872.2 3766.93 	37639.1	6.42448	6.55445	12703.2	670	0.106112	0	4.029	1.02
211.5	0.00318206	0.00116537	30560.8	1050	105	30238	21.7777	21.7777	87.1106	87.1106	0 34686.3 3816.06 	38502.4	6.36859	6.55445	12703.2	670	0.105195	0	4.029	1.02
211.75	0.00317315	0.00119049	31250	1050	105	30927	21.793	21.793	87.172	87.172	0 33859.3 3753.14 	37612.4	6.42236	6.55445	12703.2	670	0.105793	0	4.029	1.02
212	0.00318244	0.00116593	30581	1050	105	30257.9	21.8082	21.8082	87.2326	87.2326	0 34673.6 3802.46 	38476.1	6.36632	6.55445	12703.2	670	0.104889	0	4.029	1.02
212.25	0.0031735	0.00119108	31270.7	1050	105	30947.4	21.8236	21.8236	87.2943	87.2943	0 33846.4 3739.4 	37585.8	6.42024	6.55445	12703.2	670	0.105476	0	4.029	1.02
212.5	0.00318281	0.0011665	30601.3	1050	105	30277.9	21.8388	21.8388	87.3552	87.3552	0 34660.9 3788.91 	38449.8	6.36405	6.55445	12703.2	670	0.104584	0	4.029	1.02
212.75	0.00317385	0.00119166	31291.4	1050	105	30967.8	21.8543	21.8543	87.4171	87.4171	0 33833.5 3725.72 	37559.2	6.41812	6.55445	12703.2	670	0.105159	0	4.029	1.02
213	0.00318319	0.00116707	30621.5	1050	105	30297.8	21.8696	21.8696	87.4782	87.4782	0 34648.1 3775.42 	38423.5	6.36178	6.55445	12703.2	670	0.104281	0	4.029	1.02
213.25	0.0031742	0.00119225	31312.1	1050	105	30988.3	21.8851	21.8851	87.5404	87.5404	0 33820.5 3712.08 	37532.6	6.41601	6.55445	12703.2	670	0.104844	0	4.029	1.02
213.5	0.00318357	0.00116764	30641.9	1050	105	30317.8	21.9004	21.9004	87.6018	87.6018	0 34635.4 3761.97 	38397.4	6.3595	6.55445	12703.2	670	0.103979	0	4.029	1.02
213.75	0.00317455	0.00119284	31332.9	1050	105	31008.7	21.9161	21.9161	87.6642	87.6642	0 33807.5 3698.5 	37506	6.4139	6.55445	12703.2	670	0.10453	0	4.029	1.02
214	0.00318395	0.00116821	30662.2	1050	105	30337.9	21.9315	21.9315	87.7259	87.7259	0 34622.6 3748.59 	38371.2	6.35723	6.55445	12703.2	670	0.103677	0	4.029	1.02
214.25	0.0031749	0.00119343	31353.7	1050	105	31029.2	21.9471	21.9471	87.7885	87.7885	0 33794.6 3684.96 	37479.5	6.41179	6.55445	12703.2	670	0.104216	0	4.029	1.02
214.5	0.00318433	0.00116878	30682.6	1050	105	30357.9	21.9626	21.9626	87.8505	87.8505	0 34609.9 3735.25 	38345.1	6.35496	6.55445	12703.2	670	0.103377	0	4.029	1.02
214.75	0.00317524	0.00119402	31374.5	1050	105	31049.8	21.9783	21.9783	87.9134	87.9134	0 33781.6 3671.48 	37453.1	6.40968	6.55445	12703.2	670	0.103904	0	4.029	1.02
215	0.00318471	0.00116935	30703	1050	105	30378	21.9939	21.9939	87.9756	87.9756	0 34597.1 3721.97 	38319.1	6.35269	6.55445	12703.2	670	0.103078	0	4.029	1.02
215.25	0.00317559	0.00119461	31395.4	1050	105	31070.3	22.0097	22.0097	88.0387	88.0387	0 33768.6 3658.04 	37426.6	6.40758	6.55445	12703.2	670	0.103592	0	4.029	1.02
215.5	0.00318509	0.00116992	30723.4	1050	105	30398.1	22.0253	22.0253	88.1012	88.1012	0 34584.3 3708.74 	38293.1	6.35042	6.55445	12703.2	670	0.10278	0	4.029	1.02
215.75	0.00317594	0.0011952	31416.3	1050	105	31090.9	22.0411	22.0411	88.1646	88.1646	0 33755.6 3644.65 	37400.2	6.40548	6.55445	12703.2	670	0.103282	0	4.029	1.02
216	0.00318547	0.00117049	30743.8	1050	105	30418.3	22.0568	22.0568	88.2273	88.2273	0 34571.5 3695.57 	38267.1	6.34815	6.55445	12703.2	670	0.102483	0	4.029	1.02
216.25	0.00317628	0.00119579	31437.2	1050	105	31111.5	22.0727	22.0727	88.2909	88.2909	0 33742.5 3631.32 	37373.8	6.40338	6.55445	12703.2	670	0.102973	0	4.029	1.02
216.5	0.00318585	0.00117106	30764.3	1050	105	30438.4	22.0885	22.0885	88.3539	88.3539	0 34558.7 3682.45 	38241.2	6.34589	6.55445	12703.2	670	0.102187	0	4.029	1.02
216.75	0.00317663	0.00119638	31458.2	1050	105	31132.1	22.1044	22.1044	88.4178	88.4178	0 33729.5 3618.03 	37347.5	6.40128	6.55445	12703.2	670	0.102664	0	4.029	1.02
217	0.00318623	0.00117164	30784.9	1050	105	30458.6	22.1202	22.1202	88.481	88.481	0 34545.9 3669.38 	38215.3	6.34362	6.55445	12703.2	670	0.101893	0	4.029	1.02
217.25	0.00317698	0.00119698	31479.2	1050	105	31152.8	22.1363	22.1363	88.5451	88.5451	0 33716.4 3604.79 	37321.2	6.39919	6.55445	12703.2	670	0.102357	0	4.029	1.02
217.5	0.00318661	0.00117221	30805.4	1050	105	30478.9	22.1521	22.1521	88.6085	88.6085	0 34533.1 3656.37 	38189.4	6.34135	6.55445	12703.2	670	0.101599	0	4.029	1.02
217.75	0.00317732	0.00119757	31500.2	1050	105	31173.5	22.1682	22.1682	88.6729	88.6729	0 33703.3 3591.61 	37294.9	6.3971	6.55445	12703.2	670	0.102051	0	4.029	1.02
218	0.00318699	0.00117279	30826	1050	105	30499.1	22.1841	22.1841	88.7366	88.7366	0 34520.2 3643.41 	38163.6	6.33908	6.55445	12703.2	670	0.101307	0	4.029	1.02
218.25	0.00317767	0.00119817	31521.3	1050	105	31194.3	22.2003	22.2003	88.8012	88.8012	0 33690.2 3578.47 	37268.7	6.39501	6.55445	12703.2	670	0.101745	0	4.029	1.02
218.5	0.00318737	0.00117337	30846.6	1050	105	30519.4	22.2163	22.2163	88.8651	88.8651	0 34507.4 3630.5 	38137.9	6.33682	6.55445	12703.2	670	0.101015	0	4.029	1.02
218.75	0.00317802	0.00119877	31542.3	1050	105	31215	22.2325	22.2325	88.93	88.93	0 33677.1 3565.38 	37242.5	6.39292	6.55445	12703.2	670	0.101441	0	4.029	1.02
219	0.00318775	0.00117394	30867.3	1050	105	30539.8	22.2485	22.2485	88.9941	88.9941	0 34494.5 3617.64 	38112.2	6.33455	6.55445	12703.2	670	0.100725	0	4.029	1.02
219.25	0.00317836	0.00119936	31563.5	1050	105	31235.8	22.2648	22.2648	89.0593	89.0593	0 33663.9 3552.34 	37216.3	6.39084	6.55445	12703.2	670	0.101138	0	4.029	1.02
219.5	0.00318813	0.00117452	30887.9	1050	105	30560.1	22.2809	22.2809	89.1236	89.1236	0 34481.6 3604.84 	38086.5	6.33228	6.55445	12703.2	670	0.100436	0	4.029	1.02
219.75	0.00317871	0.00119996	31584.6	1050	105	31256.7	22.2972	22.2972	89.189	89.189	0 33650.8 3539.35 	37190.1	6.38876	6.55445	12703.2	670	0.100835	0	4.029	1.02
220	0.00318851	0.0011751	30908.7	1050	105	30580.5	22.3134	22.3134	89.2536	89.2536	0 34468.7 3592.09 	38060.8	6.33002	6.55445	12703.2	670	0.100148	0	4.029	1.02
220.25	0.00317905	0.00120056	31605.8	1050	105	31277.5	22.3298	22.3298	89.3192	89.3192	0 33637.6 3526.41 	37164	6.38668	6.55445	12703.2	670	0.100534	0	4.029	1.02
220.5	0.00318889	0.00117568	30929.4	1050	105	30601	22.346	22.346	89.384	89.384	0 34455.8 3579.39 	38035.2	6.32775	6.55445	12703.2	670	0.0998606	0	4.029	1.02
220.75	0.00317939	0.00120117	31627.1	1050	105	31298.4	22.3625	22.3625	89.4498	89.4498	0 33624.4 3513.51 	37137.9	6.3846	6.55445	12703.2	670	0.100234	0	4.029	1.02
221	0.00318927	0.00117626	30950.2	1050	105	30621.4	22.3787	22.3787	89.5149	89.5149	0 34442.9 3566.74 	38009.7	6.32549	6.55445	12703.2	670	0.0995747	0	4.029	1.02
221.25	0.00317974	0.00120177	31648.3	1050	105	31319.4	22.3952	22.3952	89.5809	89.5809	0 33611.2 3500.67 	37111.9	6.38253	6.55445	12703.2	670	0.0999344	0	4.029	1.02
221.5	0.00318965	0.00117684	30971	1050	105	30641.9	22.4115	22.4115	89.6462	89.6462	0 34430 3554.15 	37984.1	6.32322	6.55445	12703.2	670	0.0992898	0	4.029	1.02
221.75	0.00318008	0.00120237	31669.6	1050	105	31340.4	22.4281	22.4281	89.7125	89.7125	0 33597.9 3487.87 	37085.8	6.38046	6.55445	12703.2	670	0.0996361	0	4.029	1.02
222	0.00319003	0.00117743	30991.9	1050	105	30662.5	22.4445	22.4445	89.778	89.778	0 34417.1 3541.61 	37958.7	6.32096	6.55445	12703.2	670	0.0990061	0	4.029	1.02
222.25	0.00318043	0.00120298	31691	1050	105	31361.4	22.4611	22.4611	89.8445	89.8445	0 33584.7 3475.12 	37059.8	6.37839	6.55445	12703.2	670	0.0993389	0	4.029	1.02
222.5	0.00319041	0.00117801	31012.8	1050	105	30683	22.4776	22.4776	89.9102	89.9102	0 34404.1 3529.12 	37933.2	6.3187	6.55445	12703.2	670	0.0987234	0	4.029	1.02
222.75	0.00318077	0.00120358	31712.4	1050	105	31382.4	22.4942	22.4942	89.9769	89.9769	0 33571.4 3462.42 	37033.8	6.37632	6.55445	12703.2	670	0.0990426	0	4.029	1.02
223	0.00319079	0.0011786	31033.7	1050	105	30703.6	22.5107	22.5107	90.0429	90.0429	0 34391.1 3516.68 	37907.8	6.31643	6.55445	12703.2	670	0.0984419	0	4.029	1.02
223.25	0.00318111	0.00120419	31733.8	1050	105	31403.5	22.5275	22.5275	90.1099	90.1099	0 33558.1 3449.77 	37007.9	6.37426	6.55445	12703.2	670	0.0987474	0	4.029	1.02
223.5	0.00319117	0.00117918	31054.7	1050	105	30724.3	22.544	22.544	90.176	90.176	0 34378.1 3504.29 	37882.4	6.31417	6.55445	12703.2	670	0.0981614	0	4.029	1.02
223.75	0.00318146	0.0012048	31755.2	1050	105	31424.6	22.5608	22.5608	90.2432	90.2432	0 33544.8 3437.17 	36982	6.37219	6.55445	12703.2	670	0.0984532	0	4.029	1.02
224	0.00319156	0.00117977	31075.7	1050	105	30744.9	22.5774	22.5774	90.3096	90.3096	0 34365.1 3491.95 	37857.1	6.3119	6.55445	12703.2	670	0.097882	0	4.029	1.02
224.25	0.0031818	0.00120541	31776.7	1050	105	31445.8	22.5942	22.5942	90.377	90.377	0 33531.5 3424.62 	36956.1	6.37013	6.55445	12703.2	670	0.09816	0	4.029	1.02
224.5	0.00319194	0.00118036	31096.8	1050	105	30765.7	22.6109	22.6109	90.4436	90.4436	0 34352.1 3479.67 	37831.8	6.30964	6.55445	12703.2	670	0.0976037	0	4.029	1.02
224.75	0.00318214	0.00120602	31798.3	1050	105	31467	22.6278	22.6278	90.5112	90.5112	0 33518.1 3412.11 	36930.2	6.36807	6.55445	12703.2	670	0.0978678	0	4.029	1.02
225	0.00319232	0.00118095	31117.9	1050	105	30786.4	22.6445	22.6445	90.578	90.578	0 34339.1 3467.43 	37806.5	6.30738	6.55445	12703.2	670	0.0973265	0	4.029	1.02
225.25	0.00318249	0.00120663	31819.8	1050	105	31488.2	22.6615	22.6615	90.6459	90.6459	0 33504.7 3399.65 	36904.4	6.36602	6.55445	12703.2	670	0.0975766	0	4.029	1.02
225.5	0.0031927	0.00118154	31139	1050	105	30807.2	22.6782	22.6782	90.7129	90.7129	0 34326 3455.25 	37781.3	6.30511	6.55445	12703.2	670	0.0970504	0	4.029	1.02
225.75	0.00318283	0.00120724	31841.4	1050	105	31509.5	22.6952	22.6952	90.781	90.781	0 33491.3 3387.24 	36878.6	6.36396	6.55445	12703.2	670	0.0972864	0	4.029	1.02
226	0.00319308	0.00118213	31160.1	1050	105	30828	22.7121	22.7121	90.8482	90.8482	0 34313 3443.12 	37756.1	6.30285	6.55445	12703.2	670	0.0967754	0	4.029	1.02
226.25	0.00318317	0.00120786	31863.1	1050	105	31530.8	22.7291	22.7291	90.9165	90.9165	0 33477.9 3374.88 	36852.8	6.36191	6.55445	12703.2	670	0.0969972	0	4.029	1.02
226.5	0.00319347	0.00118272	31181.3	1050	105	30848.9	22.746	22.746	90.9839	90.9839	0 34299.9 3431.04 	37730.9	6.30058	6.55445	12703.2	670	0.0965014	0	4.029	1.02
226.75	0.00318351	0.00120847	31884.8	1050	105	31552.2	22.7631	22.7631	91.0524	91.0524	0 33464.5 3362.56 	36827	6.35986	6.55445	12703.2	670	0.096709	0	4.029	1.02
227	0.00319385	0.00118331	31202.6	1050	105	30869.8	22.78	22.78	91.1201	91.1201	0 34286.8 3419.01 	37705.8	6.29832	6.55445	12703.2	670	0.0962285	0	4.029	1.02
227.25	0.00318385	0.00120909	31906.5	1050	105	31573.5	22.7972	22.7972	91.1888	91.1888	0 33451 3350.29 	36801.3	6.35781	6.55445	12703.2	670	0.0964218	0	4.029	1.02
227.5	0.00319423	0.00118391	31223.9	1050	105	30890.7	22.8142	22.8142	91.2566	91.2566	0 34273.7 3407.03 	37680.7	6.29606	6.55445	12703.2	670	0.0959568	0	4.029	1.02
227.75	0.0031842	0.0012097	31928.3	1050	105	31595	22.8314	22.8314	91.3255	91.3255	0 33437.5 3338.07 	36775.6	6.35577	6.55445	12703.2	670	0.0961357	0	4.029	1.02
228	0.00319461	0.0011845	31245.2	1050	105	30911.7	22.8484	22.8484	91.3936	91.3936	0 34260.6 3395.1 	37655.7	6.29379	6.55445	12703.2	670	0.0956861	0	4.029	1.02
228.25	0.00318454	0.00121032	31950.1	1050	105	31616.5	22.8657	22.8657	91.4627	91.4627	0 33424 3325.9 	36749.9	6.35372	6.55445	12703.2	670	0.0958505	0	4.029	1.02
228.5	0.003195	0.0011851	31266.6	1050	105	30932.7	22.8827	22.8827	91.531	91.531	0 34247.4 3383.22 	37630.6	6.29153	6.55445	12703.2	670	0.0954164	0	4.029	1.02
228.75	0.00318488	0.00121094	31972	1050	105	31638	22.9001	22.9001	91.6003	91.6003	0 33410.5 3313.77 	36724.2	6.35168	6.55445	12703.2	670	0.0955663	0	4.029	1.02
229	0.00319538	0.0011857	31288	1050	105	30953.8	22.9172	22.9172	91.6688	91.6688	0 34234.3 3371.39 	37605.7	6.28927	6.55445	12703.2	670	0.0951479	0	4.029	1.02
229.25	0.00318522	0.00121156	31993.9	1050	105	31659.5	22.9346	22.9346	91.7383	91.7383	0 33396.9 3301.69 	36698.6	6.34964	6.55445	12703.2	670	0.0952831	0	4.029	1.02
229.5	0.00319576	0.0011863	31309.4	1050	105	30974.9	22.9517	22.9517	91.807	91.807	0 34221.1 3359.61 	37580.7	6.287	6.55445	12703.2	670	0.0948804	0	4.029	1.02
229.75	0.00318556	0.00121219	32015.8	1050	105	31681.1	22.9692	22.9692	91.8767	91.8767	0 33383.3 3289.65 	36673	6.3476	6.55445	12703.2	670	0.095001	0	4.029	1.02
230	0.00319615	0.0011869	31330.9	1050	105	30996	22.9864	22.9864	91.9456	91.9456	0 34207.9 3347.88 	37555.8	6.28474	6.55445	12703.2	670	0.094614	0	4.029	1.02
230.25	0.0031859	0.00121281	32037.8	1050	105	31702.8	23.0039	23.0039	92.0155	92.0155	0 33369.8 3277.67 	36647.5	6.34556	6.55445	12703.2	670	0.0947201	0	4.029	1.02
230.5	0.00319653	0.0011875	31352.5	1050	105	31017.3	23.0211	23.0211	92.0846	92.0846	0 34194.6 3336.19 	37530.8	6.28248	6.55445	12703.2	670	0.0943487	0	4.029	1.02
230.75	0.00318624	0.00121344	32059.8	1050	105	31724.5	23.0387	23.0387	92.1547	92.1547	0 33356.1 3265.72 	36621.8	6.34353	6.55445	12703.2	670	0.0944396	0	4.029	1.02
231	0.00319692	0.0011881	31374	1050	105	31038.5	23.056	23.056	92.224	92.224	0 34181.5 3324.56 	37506	6.28021	6.55445	12703.2	670	0.0940844	0	4.029	1.02
231.25	0.00318658	0.00121406	32081.9	1050	105	31746.2	23.0736	23.0736	92.2943	92.2943	0 33342.5 3253.83 	36596.3	6.3415	6.55445	12703.2	670	0.0941604	0	4.029	1.02
231.5	0.0031973	0.0011887	31395.6	1050	105	31059.7	23.0909	23.0909	92.3638	92.3638	0 34168.2 3312.98 	37481.2	6.27794	6.55445	12703.2	670	0.0938212	0	4.029	1.02
231.75	0.00318692	0.00121469	32104	1050	105	31767.9	23.1086	23.1086	92.4343	92.4343	0 33328.8 3241.98 	36570.8	6.33947	6.55445	12703.2	670	0.0938822	0	4.029	1.02
232	0.00319768	0.00118931	31417.3	1050	105	31081	23.126	23.126	92.5039	92.5039	0 34155 3301.45 	37456.4	6.27568	6.55445	12703.2	670	0.0935591	0	4.029	1.02
232.25	0.00318726	0.00121532	32126.2	1050	105	31789.7	23.1437	23.1437	92.5746	92.5746	0 33315.1 3230.18 	36545.3	6.33744	6.55445	12703.2	670	0.093605	0	4.029	1.02
232.5	0.00319807	0.00118992	31439	1050	105	31102.4	23.1611	23.1611	92.6445	92.6445	0 34141.7 3289.96 	37431.6	6.27341	6.55445	12703.2	670	0.093298	0	4.029	1.02
232.75	0.0031876	0.00121595	32148.4	1050	105	31811.6	23.1788	23.1788	92.7154	92.7154	0 33301.4 3218.43 	36519.8	6.33541	6.55445	12703.2	670	0.0933288	0	4.029	1.02
233	0.00319845	0.00119052	31460.7	1050	105	31123.8	23.1964	23.1964	92.7854	92.7854	0 34128.4 3278.53 	37406.9	6.27115	6.55445	12703.2	670	0.093038	0	4.029	1.02
233.25	0.00318794	0.00121658	32170.6	1050	105	31833.5	23.2141	23.2141	92.8565	92.8565	0 33287.7 3206.71 	36494.4	6.33339	6.55445	12703.2	670	0.0930536	0	4.029	1.02
233.5	0.00319884	0.00119113	31482.5	1050	105	31145.2	23.2317	23.2317	92.9268	92.9268	0 34115.1 3267.14 	37382.2	6.26888	6.55445	12703.2	670	0.0927791	0	4.029	1.02
233.75	0.00318828	0.00121721	32192.9	1050	105	31855.4	23.2495	23.2495	92.998	92.998	0 33273.9 3195.05 	36469	6.33136	6.55445	12703.2	670	0.0927793	0	4.029	1.02
234	0.00319922	0.00119174	31504.3	1050	105	31166.7	23.2671	23.2671	93.0685	93.0685	0 34101.7 3255.8 	37357.5	6.26662	6.55445	12703.2	670	0.0925212	0	4.029	1.02
234.25	0.00318862	0.00121785	32215.2	1050	105	31877.4	23.285	23.285	93.1399	93.1399	0 33260.1 3183.43 	36443.6	6.32934	6.55445	12703.2	670	0.092506	0	4.029	1.02
234.5	0.00319961	0.00119235	31526.2	1050	105	31188.2	23.3026	23.3026	93.2106	93.2106	0 34088.4 3244.51 	37332.9	6.26435	6.55445	12703.2	670	0.0922644	0	4.029	1.02
234.75	0.00318896	0.00121848	32237.6	1050	105	31899.4	23.3206	23.3206	93.2822	93.2822	0 33246.3 3171.86 	36418.2	6.32732	6.55445	12703.2	670	0.0922338	0	4.029	1.02
235	0.0032	0.00119296	31548.1	1050	105	31209.8	23.3383	23.3383	93.353	93.353	0 34075 3233.27 	37308.3	6.26208	6.55445	12703.2	670	0.0920086	0	4.029	1.02
235.25	0.0031893	0.00121912	32260.1	1050	105	31921.5	23.3562	23.3562	93.4248	93.4248	0 33232.5 3160.33 	36392.8	6.3253	6.55445	12703.2	670	0.0919625	0	4.029	1.02
235.5	0.00320038	0.00119357	31570.1	1050	105	31231.4	23.374	23.374	93.4958	93.4958	0 34061.6 3222.07 	37283.7	6.25982	6.55445	12703.2	670	0.0917539	0	4.029	1.02
235.75	0.00318978	0.0012194	32272.7	1050	105	31933.8	23.3919	23.3919	93.5676	93.5676	0 33229.9 3149.64 	36379.5	6.32244	6.55445	12703.2	670	0.0916875	0	4.029	1.02
236	0.00320103	0.0011936	31576.4	1050	105	31237.3	23.4096	23.4096	93.6385	93.6385	0 34067.7 3212.67 	37280.4	6.25601	6.55445	12703.2	670	0.0915042	0	4.029	1.02
236.25	0.00319011	0.00122006	32296	1050	105	31956.7	23.4277	23.4277	93.7109	93.7109	0 33215.1 3138.13 	36353.3	6.3205	6.55445	12703.2	670	0.0914182	0	4.029	1.02
236.5	0.00320123	0.00119464	31609.7	1050	105	31270.3	23.4456	23.4456	93.7824	93.7824	0 34040.2 3200.28 	37240.5	6.25486	6.55445	12703.2	670	0.0912479	0	4.029	1.02
236.75	0.00319035	0.00122094	32325	1050	105	31985.4	23.4637	23.4637	93.8549	93.8549	0 33193.8 3126.2 	36320	6.31905	6.55445	12703.2	670	0.0911525	0	4.029	1.02
237	0.00320156	0.00119537	31635	1050	105	31295.2	23.4816	23.4816	93.9265	93.9265	0 34022.9 3188.89 	37211.8	6.2529	6.55445	12703.2	670	0.0909956	0	4.029	1.02
237.25	0.00319066	0.00122165	32349.4	1050	105	32009.4	23.4998	23.4998	93.999	93.999	0 33177.8 3114.71 	36292.5	6.31719	6.55445	12703.2	670	0.0908861	0	4.029	1.02
237.5	0.00320194	0.00119602	31658	1050	105	31317.8	23.5177	23.5177	94.0708	94.0708	0 34008.4 3177.8 	37186.2	6.25071	6.55445	12703.2	670	0.0907451	0	4.029	1.02
237.75	0.003191	0.00122231	32372.6	1050	105	32032.3	23.5359	23.5359	94.1435	94.1435	0 33163.3 3103.37 	36266.6	6.31522	6.55445	12703.2	670	0.0906201	0	4.029	1.02
238	0.00320232	0.00119665	31680.5	1050	105	31339.9	23.5539	23.5539	94.2154	94.2154	0 33994.6 3166.82 	37161.4	6.24847	6.55445	12703.2	670	0.0904957	0	4.029	1.02
238.25	0.00319133	0.00122296	32395.5	1050	105	32054.8	23.5721	23.5721	94.2883	94.2883	0 33149.1 3092.1 	36241.2	6.31322	6.55445	12703.2	670	0.0903549	0	4.029	1.02
238.5	0.00320271	0.00119727	31702.8	1050	105	31361.9	23.5901	23.5901	94.3604	94.3604	0 33981 3155.9 	37136.9	6.2462	6.55445	12703.2	670	0.0902473	0	4.029	1.02
238.75	0.00319167	0.00122361	32418.3	1050	105	32077.2	23.6084	23.6084	94.4335	94.4335	0 33135.1 3080.88 	36216	6.31122	6.55445	12703.2	670	0.0900905	0	4.029	1.02
239	0.00320309	0.0011979	31725.1	1050	105	31383.8	23.6264	23.6264	94.5057	94.5057	0 33967.5 3145.04 	37112.5	6.24394	6.55445	12703.2	670	0.09	0	4.029	1.02
239.25	0.00319201	0.00122426	32441.1	1050	105	32099.7	23.6448	23.6448	94.579	94.579	0 33121 3069.71 	36190.7	6.30922	6.55445	12703.2	670	0.089827	0	4.029	1.02
239.5	0.00320348	0.00119852	31747.5	1050	105	31405.8	23.6629	23.6629	94.6514	94.6514	0 33953.9 3134.22 	37088.1	6.24167	6.55445	12703.2	670	0.0897536	0	4.029	1.02
239.75	0.00319235	0.00122491	32464	1050	105	32122.2	23.6812	23.6812	94.7249	94.7249	0 33107 3058.59 	36165.6	6.30721	6.55445	12703.2	670	0.0895645	0	4.029	1.02
240	0.00320387	0.00119914	31769.8	1050	105	31427.8	23.6994	23.6994	94.7975	94.7975	0 33940.4 3123.45 	37063.8	6.2394	6.55445	12703.2	670	0.0895082	0	4.029	1.02
240.25	0.00319268	0.00122556	32486.9	1050	105	32144.7	23.7178	23.7178	94.8711	94.8711	0 33092.9 3047.5 	36140.4	6.30521	6.55445	12703.2	670	0.0893029	0	4.029	1.02
240.5	0.00320426	0.00119977	31792.3	1050	105	31449.9	23.736	23.736	94.9438	94.9438	0 33926.8 3112.73 	37039.5	6.23713	6.55445	12703.2	670	0.0892639	0	4.029	1.02
240.75	0.00319302	0.00122621	32509.8	1050	105	32167.3	23.7544	23.7544	95.0176	95.0176	0 33078.8 3036.46 	36115.3	6.30321	6.55445	12703.2	670	0.0890422	0	4.029	1.02
241	0.00320465	0.0012004	31814.7	1050	105	31472	23.7726	23.7726	95.0906	95.0906	0 33913.2 3102.05 	37015.2	6.23486	6.55445	12703.2	670	0.0890205	0	4.029	1.02
241.25	0.00319336	0.00122686	32532.8	1050	105	32189.9	23.7911	23.7911	95.1645	95.1645	0 33064.7 3025.46 	36090.2	6.30121	6.55445	12703.2	670	0.0887825	0	4.029	1.02
241.5	0.00320504	0.00120102	31837.3	1050	105	31494.2	23.8094	23.8094	95.2376	95.2376	0 33899.6 3091.42 	36991	6.23259	6.55445	12703.2	670	0.0887782	0	4.029	1.02
241.75	0.0031937	0.00122752	32555.9	1050	105	32212.6	23.8279	23.8279	95.3117	95.3117	0 33050.6 3014.51 	36065.1	6.29922	6.55445	12703.2	670	0.0885237	0	4.029	1.02
242	0.00320543	0.00120165	31859.8	1050	105	31516.4	23.8463	23.8463	95.385	95.385	0 33886 3080.83 	36966.8	6.23031	6.55445	12703.2	670	0.0885368	0	4.029	1.02
242.25	0.00319403	0.00122817	32579	1050	105	32235.3	23.8648	23.8648	95.4593	95.4593	0 33036.4 3003.6 	36040	6.29722	6.55445	12703.2	670	0.0882658	0	4.029	1.02
242.5	0.00320582	0.00120228	31882.4	1050	105	31538.6	23.8832	23.8832	95.5327	95.5327	0 33872.3 3070.29 	36942.6	6.22804	6.55445	12703.2	670	0.0882965	0	4.029	1.02
242.75	0.00319437	0.00122883	32602.1	1050	105	32258.1	23.9018	23.9018	95.6072	95.6072	0 33022.2 2992.73 	36015	6.29523	6.55445	12703.2	670	0.0880089	0	4.029	1.02
243	0.00320621	0.00120291	31905.1	1050	105	31560.9	23.9202	23.9202	95.6808	95.6808	0 33858.7 3059.79 	36918.5	6.22577	6.55445	12703.2	670	0.0880572	0	4.029	1.02
243.25	0.00319471	0.00122949	32625.3	1050	105	32280.9	23.9389	23.9389	95.7554	95.7554	0 33008 2981.91 	35989.9	6.29323	6.55445	12703.2	670	0.0877529	0	4.029	1.02
243.5	0.0032066	0.00120355	31927.8	1050	105	31583.2	23.9573	23.9573	95.8292	95.8292	0 33845 3049.34 	36894.3	6.2235	6.55445	12703.2	670	0.0878189	0	4.029	1.02
243.75	0.00319504	0.00123015	32648.5	1050	105	32303.7	23.976	23.976	95.904	95.904	0 32993.8 2971.13 	35964.9	6.29124	6.55445	12703.2	670	0.0874979	0	4.029	1.02
244	0.00320699	0.00120418	31950.5	1050	105	31605.6	23.9945	23.9945	95.9779	95.9779	0 33831.3 3038.93 	36870.2	6.22122	6.55445	12703.2	670	0.0875815	0	4.029	1.02
244.25	0.00319538	0.00123081	32671.8	1050	105	32326.6	24.0132	24.0132	96.0528	96.0528	0 32979.5 2960.39 	35939.9	6.28925	6.55445	12703.2	670	0.0872438	0	4.029	1.02
244.5	0.00320738	0.00120482	31973.3	1050	105	31628	24.0317	24.0317	96.1269	96.1269	0 33817.6 3028.57 	36846.1	6.21895	6.55445	12703.2	670	0.0873452	0	4.029	1.02
244.75	0.00319572	0.00123147	32695.1	1050	105	32349.6	24.0505	24.0505	96.202	96.202	0 32965.2 2949.69 	35914.9	6.28727	6.55445	12703.2	670	0.0869906	0	4.029	1.02
245	0.00320777	0.00120545	31996.2	1050	105	31650.5	24.0691	24.0691	96.2763	96.2763	0 33803.8 3018.26 	36822.1	6.21668	6.55445	12703.2	670	0.0871099	0	4.029	1.02
245.25	0.00319605	0.00123214	32718.5	1050	105	32372.6	24.0879	24.0879	96.3515	96.3515	0 32950.9 2939.03 	35890	6.28528	6.55445	12703.2	670	0.0867384	0	4.029	1.02
245.5	0.00320816	0.00120609	32019.1	1050	105	31673	24.1065	24.1065	96.4259	96.4259	0 33790.1 3007.98 	36798.1	6.2144	6.55445	12703.2	670	0.0868756	0	4.029	1.02
245.75	0.00319639	0.0012328	32741.9	1050	105	32395.7	24.1253	24.1253	96.5014	96.5014	0 32936.6 2928.42 	35865	6.2833	6.55445	12703.2	670	0.086487	0	4.029	1.02
246	0.00320855	0.00120673	32042	1050	105	31695.6	24.144	24.144	96.5759	96.5759	0 33776.3 2997.76 	36774.1	6.21213	6.55445	12703.2	670	0.0866422	0	4.029	1.02
246.25	0.00319673	0.00123347	32765.4	1050	105	32418.8	24.1629	24.1629	96.6515	96.6515	0 32922.3 2917.85 	35840.1	6.28131	6.55445	12703.2	670	0.0862366	0	4.029	1.02
246.5	0.00320894	0.00120737	32065	1050	105	31718.2	24.1816	24.1816	96.7262	96.7262	0 33762.5 2987.57 	36750.1	6.20985	6.55445	12703.2	670	0.0864098	0	4.029	1.02
246.75	0.00319706	0.00123414	32788.9	1050	105	32441.9	24.2005	24.2005	96.802	96.802	0 32907.9 2907.32 	35815.2	6.27933	6.55445	12703.2	670	0.0859872	0	4.029	1.02
247	0.00320934	0.00120801	32088.1	1050	105	31740.9	24.2192	24.2192	96.8768	96.8768	0 33749 2977.47 	36726.5	6.20756	6.55445	12703.2	670	0.0861794	0	4.029	1.02
247.25	0.0031974	0.00123481	32812.5	1050	105	32465.1	24.2382	24.2382	96.9527	96.9527	0 32893.5 2896.84 	35790.3	6.27735	6.55445	12703.2	670	0.0857386	0	4.029	1.02
247.5	0.00320973	0.00120865	32111.2	1050	105	31763.6	24.2569	24.2569	97.0277	97.0277	0 33734.9 2967.34 	36702.2	6.2053	6.55445	12703.2	670	0.0859481	0	4.029	1.02
247.75	0.00319774	0.00123548	32836.1	1050	105	32488.4	24.2759	24.2759	97.1038	97.1038	0 32879.1 2886.39 	35765.5	6.27537	6.55445	12703.2	670	0.085491	0	4.029	1.02
248	0.00321012	0.0012093	32134.3	1050	105	31786.3	24.2947	24.2947	97.179	97.179	0 33721 2957.28 	36678.3	6.20302	6.55445	12703.2	670	0.0857186	0	4.029	1.02
248.25	0.00319807	0.00123615	32859.8	1050	105	32511.6	24.3138	24.3138	97.2552	97.2552	0 32864.6 2875.99 	35740.6	6.27339	6.55445	12703.2	670	0.0852442	0	4.029	1.02
248.5	0.00321051	0.00120994	32157.5	1050	105	31809.1	24.3326	24.3326	97.3305	97.3305	0 33707.2 2947.28 	36654.4	6.20075	6.55445	12703.2	670	0.0854901	0	4.029	1.02
248.75	0.00319841	0.00123683	32883.5	1050	105	32535	24.3517	24.3517	97.4069	97.4069	0 32850.2 2865.62 	35715.8	6.27142	6.55445	12703.2	670	0.0849984	0	4.029	1.02
249	0.00321091	0.00121059	32180.7	1050	105	31832	24.3706	24.3706	97.4823	97.4823	0 33693.3 2937.31 	36630.6	6.19847	6.55445	12703.2	670	0.0852626	0	4.029	1.02
249.25	0.00319874	0.0012375	32907.3	1050	105	32558.4	24.3897	24.3897	97.5588	97.5588	0 32835.7 2855.3 	35691	6.26944	6.55445	12703.2	670	0.0847535	0	4.029	1.02
249.5	0.0032113	0.00121124	32204	1050	105	31854.9	24.4086	24.4086	97.6345	97.6345	0 33679.4 2927.39 	36606.8	6.19619	6.55445	12703.2	670	0.0850361	0	4.029	1.02
249.75	0.00319908	0.00123818	32931.1	1050	105	32581.8	24.4278	24.4278	97.7111	97.7111	0 32821.1 2845.02 	35666.2	6.26747	6.55445	12703.2	670	0.0845095	0	4.029	1.02
250	0.00321169	0.00121189	32227.3	1050	105	31877.9	24.4467	24.4467	97.7869	97.7869	0 33665.4 2917.51 	36582.9	6.19391	6.55445	12703.2	670	0.0848105	0	4.029	1.02
250.25	0.00319942	0.00123886	32955	1050	105	32605.3	24.4659	24.4659	97.8637	97.8637	0 32806.6 2834.78 	35641.4	6.2655	6.55445	12703.2	670	0.0842664	0	4.029	1.02
250.5	0.00321209	0.00121254	32250.7	1050	105	31900.9	24.4849	24.4849	97.9396	97.9396	0 33651.5 2907.67 	36559.2	6.19163	6.55445	12703.2	670	0.0845859	0	4.029	1.02
250.75	0.00319975	0.00123954	32978.9	1050	105	32628.9	24.5041	24.5041	98.0166	98.0166	0 32792.1 2824.58 	35616.6	6.26353	6.55445	12703.2	670	0.0840242	0	4.029	1.02
251	0.00321248	0.00121319	32274.2	1050	105	31923.9	24.5232	24.5232	98.0926	98.0926	0 33637.5 2897.87 	36535.4	6.18935	6.55445	12703.2	670	0.0843622	0	4.029	1.02
251.25	0.00320009	0.00124022	33002.9	1050	105	32652.5	24.5424	24.5424	98.1697	98.1697	0 32777.5 2814.43 	35591.9	6.26156	6.55445	12703.2	670	0.0837828	0	4.029	1.02
251.5	0.00321288	0.00121385	32297.6	1050	105	31947	24.5615	24.5615	98.246	98.246	0 33623.5 2888.12 	36511.7	6.18708	6.55445	12703.2	670	0.0841394	0	4.029	1.02
251.75	0.00320042	0.00124091	33026.9	1050	105	32676.1	24.5808	24.5808	98.3232	98.3232	0 32762.8 2804.3 	35567.1	6.25959	6.55445	12703.2	670	0.0835423	0	4.029	1.02
252	0.00321327	0.0012145	32321.2	1050	105	31970.2	24.5999	24.5999	98.3996	98.3996	0 33609.6 2878.41 	36488	6.18479	6.55445	12703.2	670	0.0839176	0	4.029	1.02
252.25	0.00320076	0.00124159	33051	1050	105	32699.8	24.6192	24.6192	98.4769	98.4769	0 32748.2 2794.23 	35542.4	6.25762	6.55445	12703.2	670	0.0833027	0	4.029	1.02
252.5	0.00321367	0.00121516	32344.7	1050	105	31993.4	24.6384	24.6384	98.5534	98.5534	0 33595.5 2868.74 	36464.3	6.18251	6.55445	12703.2	670	0.0836968	0	4.029	1.02
252.75	0.00320109	0.00124228	33075.1	1050	105	32723.5	24.6577	24.6577	98.631	98.631	0 32733.6 2784.19 	35517.7	6.25566	6.55445	12703.2	670	0.083064	0	4.029	1.02
253	0.0031508	0.00138978	37229.4	1050	105	36877.2	24.7262	24.7262	98.9049	98.9049	0 28799.7 2603.5 	31403.2	6.56004	6.55445	12703.2	670	0.0874295	0	4.029	1.02
253.25	0.0031826	0.00129249	34471.6	1050	105	34119.4	24.7247	24.7247	98.8987	98.8987	0 31280.2 2688.59 	33968.8	6.36531	6.55445	12703.2	670	0.0835987	0	4.029	1.02
253.5	0.00318484	0.00128695	34319	1050	105	33966.6	24.7373	24.7373	98.9493	98.9493	0 31436.9 2691.55 	34128.4	6.35194	6.55445	12703.2	670	0.0833202	0	4.029	1.02
253.75	0.00320498	0.00123858	32994.2	1050	105	32641.7	24.7498	24.7498	98.9992	98.9992	0 32871.2 2788.22 	35659.5	6.23293	6.55445	12703.2	670	0.0829809	0	4.029	1.02
254	0.00319723	0.00125644	33480.4	1050	105	33127.7	24.7674	24.7674	99.0695	99.0695	0 32325.4 2737.49 	35062.9	6.27838	6.55445	12703.2	670	0.0826717	0	4.029	1.02
254.25	0.00321248	0.00122378	32600.8	1050	105	32247.9	24.7847	24.7847	99.1389	99.1389	0 33346.6 2821.39 	36168	6.18937	6.55445	12703.2	670	0.0829669	0	4.029	1.02
254.5	0.00320105	0.00124845	33265.9	1050	105	32912.8	24.8037	24.8037	99.2149	99.2149	0 32571.3 2745.07 	35316.4	6.25592	6.55445	12703.2	670	0.0823693	0	4.029	1.02
254.75	0.00315147	0.00139404	37370.6	1050	105	37016.9	24.8721	24.8721	99.4883	99.4883	0 28717.9 2570.52 	31288.4	6.55585	6.55445	12703.2	670	0.0866492	0	4.029	1.02
255	0.00318346	0.00129594	34586.9	1050	105	34233.2	24.8705	24.8705	99.4818	99.4818	0 31205.3 2654.05 	33859.4	6.36016	6.55445	12703.2	670	0.0828008	0	4.029	1.02
255.25	0.00318577	0.00129003	34423.3	1050	105	34069.5	24.8831	24.8831	99.5325	99.5325	0 31371.1 2656.86 	34027.9	6.34634	6.55445	12703.2	670	0.0824963	0	4.029	1.02
255.5	0.00320619	0.00124126	33087.6	1050	105	32733.7	24.8956	24.8956	99.5824	99.5824	0 32812.7 2754.54 	35567.2	6.22585	6.55445	12703.2	670	0.0822106	0	4.029	1.02
255.75	0.00319833	0.00125908	33571.9	1050	105	33217.8	24.9132	24.9132	99.653	99.653	0 32268.8 2702.97 	34971.8	6.2719	6.55445	12703.2	670	0.0818524	0	4.029	1.02
256	0.00315139	0.00139904	37528.4	1050	105	37173.6	24.9802	24.9802	99.9209	99.9209	0 28614.4 2546.51 	31160.9	6.55636	6.55445	12703.2	670	0.0862021	0	4.029	1.02
256.25	0.00318371	0.00129947	34699.6	1050	105	34344.8	24.9783	24.9783	99.9131	99.9131	0 31122.8 2628.37 	33751.2	6.35867	6.55445	12703.2	670	0.0822667	0	4.029	1.02
256.5	0.00318622	0.00129286	34515.8	1050	105	34160.9	24.9909	24.9909	99.9635	99.9635	0 31306.7 2631.58 	33938.3	6.34365	6.55445	12703.2	670	0.0819312	0	4.029	1.02
256.75	0.00320692	0.00124351	33163.9	1050	105	32808.8	25.0032	25.0032	100.013	100.013	0 32760.6 2730.02 	35490.6	6.22161	6.55445	12703.2	670	0.0816666	0	4.029	1.02
257	0.00319904	0.00126117	33643	1050	105	33287.8	25.0209	25.0209	100.084	100.084	0 32222.6 2678.28 	34900.9	6.2677	6.55445	12703.2	670	0.0812764	0	4.029	1.02
257.25	0.00315199	0.00140107	37598.6	1050	105	37242.7	25.0881	25.0881	100.353	100.353	0 28578.5 2521.98 	31100.4	6.55258	6.55445	12703.2	670	0.0855314	0	4.029	1.02
257.5	0.00318441	0.00130125	34761.2	1050	105	34405.4	25.0862	25.0862	100.345	100.345	0 31087.3 2603.38 	33690.7	6.35447	6.55445	12703.2	670	0.0816293	0	4.029	1.02
257.75	0.00318694	0.00129456	34575.4	1050	105	34219.4	25.0988	25.0988	100.395	100.395	0 31272.6 2606.55 	33879.2	6.33937	6.55445	12703.2	670	0.0812918	0	4.029	1.02
258	0.00320783	0.00124507	33219.9	1050	105	32863.8	25.1112	25.1112	100.445	100.445	0 32728.9 2705.98 	35434.9	6.21634	6.55445	12703.2	670	0.0810841	0	4.029	1.02
258.25	0.00319984	0.00126278	33700.4	1050	105	33344.1	25.1289	25.1289	100.516	100.516	0 32189.4 2653.61 	34843	6.26298	6.55445	12703.2	670	0.080665	0	4.029	1.02
258.5	0.00315259	0.00140282	37660	1050	105	37303	25.1964	25.1964	100.786	100.786	0 28548.2 2496.85 	31045.1	6.54884	6.55445	12703.2	670	0.0848178	0	4.029	1.02
258.75	0.00318513	0.00130279	34816	1050	105	34459.1	25.1945	25.1945	100.778	100.778	0 31057.4 2578.2 	33635.6	6.35019	6.55445	12703.2	670	0.0809671	0	4.029	1.02
259	0.00318767	0.00129609	34629.7	1050	105	34272.6	25.2071	25.2071	100.828	100.828	0 31242.8 2581.43 	33824.2	6.33503	6.55445	12703.2	670	0.0806347	0	4.029	1.02
259.25	0.00320875	0.00124649	33272.1	1050	105	32914.9	25.2195	25.2195	100.878	100.878	0 32701 2682.03 	35383	6.21096	6.55445	12703.2	670	0.0804929	0	4.029	1.02
259.5	0.00320065	0.00126431	33754.9	1050	105	33397.6	25.2372	25.2372	100.949	100.949	0 32158.7 2629.03 	34787.7	6.25822	6.55445	12703.2	670	0.0800473	0	4.029	1.02
259.75	0.00315318	0.0014045	37719.2	1050	105	37361.2	25.3051	25.3051	101.22	101.22	0 28519.3 2471.65 	30991	6.54517	6.55445	12703.2	670	0.0840936	0	4.029	1.02
260	0.00318585	0.00130427	34868.8	1050	105	34510.8	25.3031	25.3031	101.212	101.212	0 31029.2 2553.15 	33582.4	6.34587	6.55445	12703.2	670	0.0803021	0	4.029	1.02
260.25	0.0031884	0.00129758	34682.7	1050	105	34324.6	25.3157	25.3157	101.263	101.263	0 31214.2 2556.48 	33770.7	6.33066	6.55445	12703.2	670	0.0799777	0	4.029	1.02
260.5	0.00320969	0.00124788	33323.4	1050	105	32965.1	25.3282	25.3282	101.313	101.313	0 32674.1 2658.38 	35332.5	6.2055	6.55445	12703.2	670	0.079906	0	4.029	1.02
260.75	0.00320147	0.00126582	33809.1	1050	105	33450.6	25.346	25.346	101.384	101.384	0 32128.6 2604.72 	34733.3	6.25342	6.55445	12703.2	670	0.0794343	0	4.029	1.02
261	0.00315376	0.00140618	37778.1	1050	105	37419	25.4141	25.4141	101.656	101.656	0 28490.5 2446.57 	30937.1	6.54155	6.55445	12703.2	670	0.0833703	0	4.029	1.02
261.25	0.00318658	0.00130573	34921.3	1050	105	34562.1	25.4121	25.4121	101.648	101.648	0 31001.5 2528.36 	33529.9	6.34151	6.55445	12703.2	670	0.0796421	0	4.029	1.02
261.5	0.00318914	0.00129906	34735.6	1050	105	34376.4	25.4247	25.4247	101.699	101.699	0 31185.9 2531.8 	33717.7	6.32627	6.55445	12703.2	670	0.0793266	0	4.029	1.02
261.75	0.00321064	0.00124927	33374.8	1050	105	33015.4	25.4372	25.4372	101.749	101.749	0 32647.5 2635.07 	35282.6	6.19999	6.55445	12703.2	670	0.0793276	0	4.029	1.02
262	0.0032023	0.00126733	33863.5	1050	105	33504	25.455	25.455	101.82	101.82	0 32098.4 2580.72 	34679.1	6.2486	6.55445	12703.2	670	0.078829	0	4.029	1.02
262.25	0.00315434	0.00140787	37837.4	1050	105	37477.1	25.5235	25.5235	102.094	102.094	0 28461.6 2421.69 	30883.3	6.53798	6.55445	12703.2	670	0.0826518	0	4.029	1.02
262.5	0.00318731	0.0013072	34973.8	1050	105	34613.6	25.5214	25.5214	102.086	102.086	0 30973.9 2503.87 	33477.8	6.33714	6.55445	12703.2	670	0.0789893	0	4.029	1.02
262.75	0.00318988	0.00130054	34788.8	1050	105	34428.5	25.5341	25.5341	102.136	102.136	0 31157.5 2507.42 	33664.9	6.32186	6.55445	12703.2	670	0.078683	0	4.029	1.02
263	0.00321162	0.00125066	33426.6	1050	105	33066.2	25.5466	25.5466	102.186	102.186	0 32622 2612.23 	35234.3	6.19435	6.55445	12703.2	670	0.078762	0	4.029	1.02
263.25	0.00320313	0.00126886	33918.5	1050	105	33557.9	25.5645	25.5645	102.258	102.258	0 32068 2557.03 	34625	6.24375	6.55445	12703.2	670	0.0782321	0	4.029	1.02
263.5	0.0031549	0.00140957	37897.1	1050	105	37535.8	25.6332	25.6332	102.533	102.533	0 28432.3 2397.02 	30829.3	6.53445	6.55445	12703.2	670	0.081939	0	4.029	1.02
263.75	0.00318805	0.00130867	35026.7	1050	105	34665.4	25.6311	25.6311	102.524	102.524	0 30946.2 2479.67 	33425.8	6.33274	6.55445	12703.2	670	0.078344	0	4.029	1.02
264	0.00319062	0.00130204	34842.5	1050	105	34481	25.6438	25.6438	102.575	102.575	0 31128.9 2483.33 	33612.2	6.31744	6.55445	12703.2	670	0.078047	0	4.029	1.02
264.25	0.00315242	0.00142143	38250.1	1050	105	37888	25.7063	25.7063	102.825	102.825	0 28173 2381.82 	30554.8	6.54988	6.55445	12703.2	670	0.0821777	0	4.029	1.02
264.5	0.00318658	0.00131571	35233.8	1050	105	34871.8	25.703	25.703	102.812	102.812	0 30766.4 2460.37 	33226.8	6.34152	6.55445	12703.2	670	0.0781939	0	4.029	1.02
264.75	0.00318994	0.00130672	34982.6	1050	105	34620.5	25.7152	25.7152	102.861	102.861	0 31010.9 2466.43 	33477.3	6.32148	6.55445	12703.2	670	0.0778276	0	4.029	1.02
265	0.00315254	0.00142407	38335.3	1050	105	37972.5	25.7773	25.7773	103.109	103.109	0 28121.8 2369.21 	30491	6.54918	6.55445	12703.2	670	0.0819246	0	4.029	1.02
265.25	0.00318683	0.00131769	35298.3	1050	105	34935.5	25.7738	25.7738	103.095	103.095	0 30722.6 2446.82 	33169.5	6.34001	6.55445	12703.2	670	0.0779055	0	4.029	1.02
265.5	0.00319028	0.00130838	35037.8	1050	105	34674.9	25.786	25.786	103.144	103.144	0 30974.7 2452.88 	33427.6	6.3195	6.55445	12703.2	670	0.0775221	0	4.029	1.02
265.75	0.00315289	0.00142552	38385	1050	105	38021.5	25.8482	25.8482	103.393	103.393	0 28096.2 2355.95 	30452.2	6.547	6.55445	12703.2	670	0.081572	0	4.029	1.02
266	0.00318725	0.00131894	35341.2	1050	105	34977.8	25.8447	25.8447	103.379	103.379	0 30697.6 2433.21 	33130.8	6.33752	6.55445	12703.2	670	0.0775665	0	4.029	1.02
266.25	0.0031907	0.00130956	35078.5	1050	105	34714.9	25.8569	25.8569	103.428	103.428	0 30951.1 2439.18 	33390.3	6.31696	6.55445	12703.2	670	0.0771787	0	4.029	1.02
266.5	0.00315325	0.0014267	38426.2	1050	105	38062	25.9193	25.9193	103.677	103.677	0 28076.3 2342.14 	30418.4	6.54475	6.55445	12703.2	670	0.0811809	0	4.029	1.02
266.75	0.00318768	0.00131998	35377.7	1050	105	35013.6	25.9158	25.9158	103.663	103.663	0 30677.6 2419.3 	33096.9	6.33496	6.55445	12703.2	670	0.0772028	0	4.029	1.02
267	0.00319114	0.00131057	35114.3	1050	105	34750.1	25.928	25.928	103.712	103.712	0 30931.3 2425.24 	33356.5	6.31438	6.55445	12703.2	670	0.076816	0	4.029	1.02
267.25	0.0031536	0.00142776	38463.6	1050	105	38098.7	25.9904	25.9904	103.962	103.962	0 28058.5 2328.03 	30386.6	6.54254	6.55445	12703.2	670	0.0807704	0	4.029	1.02
267.5	0.00318811	0.00132092	35411.2	1050	105	35046.4	25.9869	25.9869	103.948	103.948	0 30659.9 2405.23 	33065.2	6.33239	6.55445	12703.2	670	0.0768265	0	4.029	1.02
267.75	0.00319157	0.00131151	35147.8	1050	105	34782.8	25.9991	25.9991	103.996	103.996	0 30913.4 2411.19 	33324.6	6.31179	6.55445	12703.2	670	0.0764438	0	4.029	1.02
268	0.00315395	0.00142876	38499.1	1050	105	38133.5	26.0617	26.0617	104.247	104.247	0 28042 2313.78 	30355.7	6.54036	6.55445	12703.2	670	0.08035	0	4.029	1.02
268.25	0.00318854	0.0013218	35443.1	1050	105	35077.5	26.0581	26.0581	104.233	104.233	0 30643.5 2391.12 	33034.6	6.32981	6.55445	12703.2	670	0.0764445	0	4.029	1.02
268.5	0.00319201	0.00131241	35179.9	1050	105	34814.2	26.0703	26.0703	104.281	104.281	0 30896.5 2397.13 	33293.6	6.30919	6.55445	12703.2	670	0.0760677	0	4.029	1.02
268.75	0.0031543	0.00142973	38533.6	1050	105	38167.2	26.1331	26.1331	104.532	104.532	0 28026 2299.48 	30325.5	6.53821	6.55445	12703.2	670	0.0799249	0	4.029	1.02
269	0.00318898	0.00132266	35474	1050	105	35107.7	26.1295	26.1295	104.518	104.518	0 30627.8 2377.04 	33004.9	6.32723	6.55445	12703.2	670	0.0760606	0	4.029	1.02
269.25	0.00319245	0.00131329	35211.5	1050	105	34845	26.1417	26.1417	104.567	104.567	0 30880.1 2383.12 	33263.2	6.30659	6.55445	12703.2	670	0.0756908	0	4.029	1.02
269.5	0.00315464	0.00143069	38567.5	1050	105	38200.5	26.2045	26.2045	104.818	104.818	0 28010.3 2285.19 	30295.5	6.53608	6.55445	12703.2	670	0.0794982	0	4.029	1.02
269.75	0.00318941	0.0013235	35504.5	1050	105	35137.5	26.2009	26.2009	104.804	104.804	0 30612.5 2363.02 	32975.6	6.32463	6.55445	12703.2	670	0.075677	0	4.029	1.02
270	0.00319289	0.00131415	35242.7	1050	105	34875.6	26.2131	26.2131	104.852	104.852	0 30864 2369.18 	33233.1	6.30398	6.55445	12703.2	670	0.0753148	0	4.029	1.02
270.25	0.00315498	0.00143164	38601.3	1050	105	38233.5	26.2761	26.2761	105.104	105.104	0 27994.7 2270.94 	30265.7	6.53396	6.55445	12703.2	670	0.0790716	0	4.029	1.02
270.5	0.00318985	0.00132434	35534.8	1050	105	35167	26.2724	26.2724	105.09	105.09	0 30597.5 2349.09 	32946.5	6.32202	6.55445	12703.2	670	0.0752949	0	4.029	1.02
270.75	0.00319333	0.00131502	35273.9	1050	105	34906	26.2846	26.2846	105.138	105.138	0 30848 2355.32 	33203.3	6.30136	6.55445	12703.2	670	0.0749405	0	4.029	1.02
271	0.00315532	0.00143259	38635	1050	105	38266.5	26.3478	26.3478	105.391	105.391	0 27979.2 2256.75 	30235.9	6.53186	6.55445	12703.2	670	0.078646	0	4.029	1.02
271.25	0.00319029	0.00132517	35565	1050	105	35196.5	26.3441	26.3441	105.376	105.376	0 30582.5 2335.24 	32917.7	6.3194	6.55445	12703.2	670	0.0749148	0	4.029	1.02
271.5	0.00319378	0.00131588	35305	1050	105	34936.5	26.3563	26.3563	105.425	105.425	0 30832 2341.56 	33173.6	6.29874	6.55445	12703.2	670	0.0745684	0	4.029	1.02
271.75	0.00315566	0.00143354	38668.7	1050	105	38299.5	26.4196	26.4196	105.678	105.678	0 27963.6 2242.62 	30206.2	6.52977	6.55445	12703.2	670	0.078222	0	4.029	1.02
272	0.00319073	0.001326	35595.2	1050	105	35226.1	26.4158	26.4158	105.663	105.663	0 30567.5 2321.49 	32889	6.31678	6.55445	12703.2	670	0.0745369	0	4.029	1.02
272.25	0.00319422	0.00131674	35336.3	1050	105	34967	26.428	26.428	105.712	105.712	0 30816.1 2327.89 	33144	6.29611	6.55445	12703.2	670	0.0741987	0	4.029	1.02
272.5	0.00315599	0.00143449	38702.5	1050	105	38332.6	26.4914	26.4914	105.966	105.966	0 27948 2228.57 	30176.6	6.52769	6.55445	12703.2	670	0.0777996	0	4.029	1.02
272.75	0.00319118	0.00132683	35625.5	1050	105	35255.6	26.4876	26.4876	105.95	105.95	0 30552.6 2307.83 	32860.4	6.31414	6.55445	12703.2	670	0.0741614	0	4.029	1.02
273	0.00319467	0.00131761	35367.6	1050	105	34997.6	26.4998	26.4998	105.999	105.999	0 30800.1 2314.31 	33114.4	6.29347	6.55445	12703.2	670	0.0738313	0	4.029	1.02
273.25	0.00315633	0.00143545	38736.4	1050	105	38365.7	26.5634	26.5634	106.253	106.253	0 27932.4 2214.58 	30146.9	6.52562	6.55445	12703.2	670	0.0773792	0	4.029	1.02
273.5	0.00319162	0.00132766	35655.8	1050	105	35285.2	26.5595	26.5595	106.238	106.238	0 30537.7 2294.26 	32832	6.3115	6.55445	12703.2	670	0.0737882	0	4.029	1.02
273.75	0.00319511	0.00131848	35399	1050	105	35028.3	26.5717	26.5717	106.287	106.287	0 30784.1 2300.83 	33084.9	6.29083	6.55445	12703.2	670	0.0734664	0	4.029	1.02
274	0.00315666	0.00143641	38770.4	1050	105	38399	26.6354	26.6354	106.542	106.542	0 27916.6 2200.67 	30117.3	6.52357	6.55445	12703.2	670	0.0769605	0	4.029	1.02
274.25	0.00319207	0.0013285	35686.2	1050	105	35314.9	26.6315	26.6315	106.526	106.526	0 30522.8 2280.79 	32803.6	6.30886	6.55445	12703.2	670	0.0734174	0	4.029	1.02
274.5	0.00319556	0.00131935	35430.5	1050	105	35059.1	26.6437	26.6437	106.575	106.575	0 30768.1 2287.43 	33055.5	6.28819	6.55445	12703.2	670	0.0731037	0	4.029	1.02
274.75	0.00315699	0.00143737	38804.4	1050	105	38432.4	26.7075	26.7075	106.83	106.83	0 27900.9 2186.83 	30087.7	6.52152	6.55445	12703.2	670	0.0765437	0	4.029	1.02
275	0.00319252	0.00132933	35716.6	1050	105	35344.6	26.7036	26.7036	106.814	106.814	0 30507.9 2267.41 	32775.3	6.30621	6.55445	12703.2	670	0.0730487	0	4.029	1.02
275.25	0.00319601	0.00132022	35462.1	1050	105	35090	26.7158	26.7158	106.863	106.863	0 30752 2274.12 	33026.1	6.28555	6.55445	12703.2	670	0.0727432	0	4.029	1.02
275.5	0.00315732	0.00143833	38838.6	1050	105	38465.8	26.7798	26.7798	107.119	107.119	0 27885.1 2173.06 	30058.2	6.51948	6.55445	12703.2	670	0.0761287	0	4.029	1.02
275.75	0.00319296	0.00133017	35747.1	1050	105	35374.3	26.7758	26.7758	107.103	107.103	0 30493 2254.11 	32747.1	6.30356	6.55445	12703.2	670	0.0726823	0	4.029	1.02
276	0.00319646	0.0013211	35493.8	1050	105	35120.9	26.788	26.788	107.152	107.152	0 30736 2260.9 	32996.9	6.2829	6.55445	12703.2	670	0.0723848	0	4.029	1.02
276.25	0.00315764	0.0014393	38872.8	1050	105	38499.3	26.8521	26.8521	107.408	107.408	0 27869.2 2159.36 	30028.6	6.51745	6.55445	12703.2	670	0.0757155	0	4.029	1.02
276.5	0.00319341	0.001331	35777.6	1050	105	35404.1	26.8481	26.8481	107.392	107.392	0 30478.1 2240.9 	32719	6.3009	6.55445	12703.2	670	0.072318	0	4.029	1.02
276.75	0.00319691	0.00132198	35525.6	1050	105	35152	26.8602	26.8602	107.441	107.441	0 30719.9 2247.76 	32967.6	6.28025	6.55445	12703.2	670	0.0720286	0	4.029	1.02
277	0.00315797	0.00144027	38907.1	1050	105	38532.9	26.9245	26.9245	107.698	107.698	0 27853.4 2145.73 	29999.1	6.51543	6.55445	12703.2	670	0.075304	0	4.029	1.02
277.25	0.00319386	0.00133184	35808.2	1050	105	35434	26.9204	26.9204	107.682	107.682	0 30463.3 2227.77 	32691	6.29824	6.55445	12703.2	670	0.0719557	0	4.029	1.02
277.5	0.00319736	0.00132286	35557.4	1050	105	35183.1	26.9326	26.9326	107.73	107.73	0 30703.8 2234.71 	32938.5	6.2776	6.55445	12703.2	670	0.0716744	0	4.029	1.02
277.75	0.00315829	0.00144124	38941.5	1050	105	38566.6	26.9969	26.9969	107.988	107.988	0 27837.4 2132.17 	29969.6	6.51343	6.55445	12703.2	670	0.0748942	0	4.029	1.02
278	0.00319431	0.00133268	35838.8	1050	105	35463.8	26.9928	26.9928	107.971	107.971	0 30448.4 2214.72 	32663.1	6.29558	6.55445	12703.2	670	0.0715954	0	4.029	1.02
278.25	0.00319781	0.00132374	35589.3	1050	105	35214.3	27.005	27.005	108.02	108.02	0 30687.6 2221.73 	32909.4	6.27496	6.55445	12703.2	670	0.071322	0	4.029	1.02
278.5	0.00315862	0.00144221	38975.9	1050	105	38600.3	27.0695	27.0695	108.278	108.278	0 27821.5 2118.68 	29940.2	6.51143	6.55445	12703.2	670	0.074486	0	4.029	1.02
278.75	0.00319476	0.00133352	35869.4	1050	105	35493.7	27.0653	27.0653	108.261	108.261	0 30433.5 2201.75 	32635.3	6.29291	6.55445	12703.2	670	0.0712371	0	4.029	1.02
279	0.00319826	0.00132462	35621.3	1050	105	35245.5	27.0775	27.0775	108.31	108.31	0 30671.5 2208.83 	32880.3	6.27231	6.55445	12703.2	670	0.0709717	0	4.029	1.02
279.25	0.00315894	0.00144319	39010.4	1050	105	38634	27.1421	27.1421	108.569	108.569	0 27805.6 2105.25 	29910.8	6.50944	6.55445	12703.2	670	0.0740794	0	4.029	1.02
279.5	0.00319521	0.00133436	35900.1	1050	105	35523.7	27.1379	27.1379	108.552	108.552	0 30418.7 2188.87 	32607.6	6.29024	6.55445	12703.2	670	0.0708807	0	4.029	1.02
279.75	0.00319871	0.0013255	35653.3	1050	105	35276.8	27.1501	27.1501	108.6	108.6	0 30655.4 2196.01 	32851.4	6.26966	6.55445	12703.2	670	0.0706232	0	4.029	1.02
280	0.00315926	0.00144416	39045	1050	105	38667.8	27.2148	27.2148	108.859	108.859	0 27789.6 2091.89 	29881.5	6.50746	6.55445	12703.2	670	0.0736745	0	4.029	1.02
280.25	0.00319567	0.0013352	35930.7	1050	105	35553.6	27.2106	27.2106	108.842	108.842	0 30403.9 2176.06 	32580	6.28758	6.55445	12703.2	670	0.0705262	0	4.029	1.02
280.5	0.00319916	0.00132639	35685.3	1050	105	35308.1	27.2227	27.2227	108.891	108.891	0 30639.2 2183.27 	32822.5	6.26701	6.55445	12703.2	670	0.0702766	0	4.029	1.02
280.75	0.00315958	0.00144514	39079.6	1050	105	38701.7	27.2876	27.2876	109.151	109.151	0 27773.6 2078.6 	29852.1	6.50549	6.55445	12703.2	670	0.0732712	0	4.029	1.02
281	0.00319612	0.00133604	35961.4	1050	105	35583.6	27.2833	27.2833	109.133	109.133	0 30389.1 2163.33 	32552.4	6.2849	6.55445	12703.2	670	0.0701736	0	4.029	1.02
281.25	0.00319961	0.00132728	35717.4	1050	105	35339.5	27.2955	27.2955	109.182	109.182	0 30623.1 2170.61 	32793.7	6.26436	6.55445	12703.2	670	0.0699318	0	4.029	1.02
281.5	0.0031599	0.00144612	39114.2	1050	105	38735.6	27.3605	27.3605	109.442	109.442	0 27757.5 2065.37 	29822.9	6.50353	6.55445	12703.2	670	0.0728694	0	4.029	1.02
281.75	0.00319657	0.00133688	35992.2	1050	105	35613.6	27.3561	27.3561	109.425	109.425	0 30374.3 2150.68 	32525	6.28223	6.55445	12703.2	670	0.0698229	0	4.029	1.02
282	0.00320006	0.00132816	35749.6	1050	105	35370.9	27.3683	27.3683	109.473	109.473	0 30606.9 2158.02 	32764.9	6.26171	6.55445	12703.2	670	0.0695888	0	4.029	1.02
282.25	0.00316021	0.0014471	39148.9	1050	105	38769.5	27.4334	27.4334	109.734	109.734	0 27741.5 2052.21 	29793.7	6.50158	6.55445	12703.2	670	0.0724693	0	4.029	1.02
282.5	0.00319703	0.00133772	36022.9	1050	105	35643.6	27.429	27.429	109.716	109.716	0 30359.6 2138.11 	32497.7	6.27955	6.55445	12703.2	670	0.069474	0	4.029	1.02
282.75	0.00320051	0.00132905	35781.8	1050	105	35402.4	27.4412	27.4412	109.765	109.765	0 30590.8 2145.5 	32736.3	6.25906	6.55445	12703.2	670	0.0692477	0	4.029	1.02
283	0.00316053	0.00144809	39183.6	1050	105	38803.5	27.5064	27.5064	110.026	110.026	0 27725.4 2039.11 	29764.5	6.49964	6.55445	12703.2	670	0.0720706	0	4.029	1.02
283.25	0.00319748	0.00133856	36053.7	1050	105	35673.7	27.502	27.502	110.008	110.008	0 30344.8 2125.61 	32470.4	6.27688	6.55445	12703.2	670	0.0691269	0	4.029	1.02
283.5	0.00320096	0.00132994	35814.1	1050	105	35434	27.5141	27.5141	110.056	110.056	0 30574.6 2133.06 	32707.7	6.25641	6.55445	12703.2	670	0.0689083	0	4.029	1.02
283.75	0.00316084	0.00144907	39218.4	1050	105	38837.6	27.5795	27.5795	110.318	110.318	0 27709.3 2026.08 	29735.4	6.49771	6.55445	12703.2	670	0.0716736	0	4.029	1.02
284	0.00319794	0.0013394	36084.5	1050	105	35703.7	27.575	27.575	110.3	110.3	0 30330.1 2113.19 	32443.3	6.2742	6.55445	12703.2	670	0.0687817	0	4.029	1.02
284.25	0.00320141	0.00133083	35846.4	1050	105	35465.5	27.5871	27.5871	110.348	110.348	0 30558.4 2120.7 	32679.1	6.25377	6.55445	12703.2	670	0.0685706	0	4.029	1.02
284.5	0.00316115	0.00145006	39253.2	1050	105	38871.6	27.6526	27.6526	110.611	110.611	0 27693.2 2013.11 	29706.3	6.49579	6.55445	12703.2	670	0.071278	0	4.029	1.02
284.75	0.00319839	0.00134024	36115.3	1050	105	35733.8	27.6481	27.6481	110.592	110.592	0 30315.4 2100.85 	32416.3	6.27151	6.55445	12703.2	670	0.0684382	0	4.029	1.02
285	0.00320187	0.00133173	35878.8	1050	105	35497.2	27.6602	27.6602	110.641	110.641	0 30542.3 2108.41 	32650.7	6.25112	6.55445	12703.2	670	0.0682348	0	4.029	1.02
285.25	0.00316146	0.00145105	39288	1050	105	38905.8	27.7258	27.7258	110.903	110.903	0 27677.1 2000.21 	29677.3	6.49388	6.55445	12703.2	670	0.0708841	0	4.029	1.02
285.5	0.00319885	0.00134108	36146.1	1050	105	35763.9	27.7212	27.7212	110.885	110.885	0 30300.8 2088.58 	32389.3	6.26883	6.55445	12703.2	670	0.0680966	0	4.029	1.02
285.75	0.00320232	0.00133262	35911.2	1050	105	35528.9	27.7333	27.7333	110.933	110.933	0 30526.1 2096.19 	32622.3	6.24847	6.55445	12703.2	670	0.0679006	0	4.029	1.02
286	0.00316177	0.00145203	39322.9	1050	105	38939.9	27.7991	27.7991	111.196	111.196	0 27660.9 1987.37 	29648.3	6.49197	6.55445	12703.2	670	0.0704916	0	4.029	1.02
286.25	0.00319931	0.00134192	36177	1050	105	35794.1	27.7944	27.7944	111.178	111.178	0 30286.1 2076.38 	32362.5	6.26614	6.55445	12703.2	670	0.0677568	0	4.029	1.02
286.5	0.00320277	0.00133351	35943.6	1050	105	35560.6	27.8065	27.8065	111.226	111.226	0 30509.9 2084.04 	32594	6.24582	6.55445	12703.2	670	0.0675682	0	4.029	1.02
286.75	0.00316208	0.00145302	39357.9	1050	105	38974.2	27.8724	27.8724	111.49	111.49	0 27644.7 1974.59 	29619.3	6.49008	6.55445	12703.2	670	0.0701007	0	4.029	1.02
287	0.00319976	0.00134276	36207.9	1050	105	35824.2	27.8677	27.8677	111.471	111.471	0 30271.5 2064.26 	32335.7	6.26346	6.55445	12703.2	670	0.0674186	0	4.029	1.02
287.25	0.00320322	0.00133441	35976.1	1050	105	35592.4	27.8798	27.8798	111.519	111.519	0 30493.8 2071.97 	32565.8	6.24318	6.55445	12703.2	670	0.0672375	0	4.029	1.02
287.5	0.00316238	0.00145402	39392.9	1050	105	39008.4	27.9458	27.9458	111.783	111.783	0 27628.6 1961.88 	29590.4	6.48819	6.55445	12703.2	670	0.0697113	0	4.029	1.02
287.75	0.00320022	0.0013436	36238.8	1050	105	35854.4	27.941	27.941	111.764	111.764	0 30256.8 2052.21 	32309.1	6.26077	6.55445	12703.2	670	0.0670823	0	4.029	1.02
288	0.00320368	0.00133531	36008.7	1050	105	35624.2	27.9531	27.9531	111.812	111.812	0 30477.6 2059.97 	32537.6	6.24053	6.55445	12703.2	670	0.0669085	0	4.029	1.02
288.25	0.00316269	0.00145501	39427.9	1050	105	39042.7	28.0192	28.0192	112.077	112.077	0 27612.4 1949.23 	29561.6	6.48632	6.55445	12703.2	670	0.0693234	0	4.029	1.02
288.5	0.00320068	0.00134444	36269.7	1050	105	35884.5	28.0144	28.0144	112.058	112.058	0 30242.3 2040.23 	32282.5	6.25808	6.55445	12703.2	670	0.0667478	0	4.029	1.02
288.75	0.00320413	0.0013362	36041.3	1050	105	35656	28.0265	28.0265	112.106	112.106	0 30461.4 2048.04 	32509.5	6.23788	6.55445	12703.2	670	0.0665812	0	4.029	1.02
289	0.00316299	0.001456	39463	1050	105	39077	28.0927	28.0927	112.371	112.371	0 27596.2 1936.64 	29532.8	6.48445	6.55445	12703.2	670	0.068937	0	4.029	1.02
289.25	0.00320114	0.00134528	36300.6	1050	105	35914.8	28.0878	28.0878	112.351	112.351	0 30227.7 2028.33 	32256	6.25538	6.55445	12703.2	670	0.066415	0	4.029	1.02
289.5	0.00320458	0.0013371	36074	1050	105	35688	28.0999	28.0999	112.4	112.4	0 30445.3 2036.18 	32481.4	6.23524	6.55445	12703.2	670	0.0662556	0	4.029	1.02
289.75	0.00316329	0.001457	39498.1	1050	105	39111.4	28.1663	28.1663	112.665	112.665	0 27579.9 1924.12 	29504	6.48259	6.55445	12703.2	670	0.0685522	0	4.029	1.02
290	0.0032016	0.00134612	36331.6	1050	105	35945	28.1613	28.1613	112.645	112.645	0 30213.1 2016.5 	32229.6	6.25269	6.55445	12703.2	670	0.066084	0	4.029	1.02
290.25	0.00320504	0.001338	36106.7	1050	105	35719.9	28.1734	28.1734	112.694	112.694	0 30429.1 2024.39 	32453.5	6.23259	6.55445	12703.2	670	0.0659317	0	4.029	1.02
290.5	0.0031636	0.001458	39533.3	1050	105	39145.9	28.2399	28.2399	112.959	112.959	0 27563.7 1911.66 	29475.3	6.48074	6.55445	12703.2	670	0.0681689	0	4.029	1.02
290.75	0.00320206	0.00134696	36362.6	1050	105	35975.2	28.2348	28.2348	112.939	112.939	0 30198.6 2004.74 	32203.3	6.24999	6.55445	12703.2	670	0.0657547	0	4.029	1.02
291	0.00320549	0.0013389	36139.4	1050	105	35751.9	28.2469	28.2469	112.988	112.988	0 30412.9 2012.67 	32425.6	6.22995	6.55445	12703.2	670	0.0656094	0	4.029	1.02
291.25	0.00316389	0.001459	39568.5	1050	105	39180.3	28.3135	28.3135	113.254	113.254	0 27547.4 1899.26 	29446.7	6.4789	6.55445	12703.2	670	0.067787	0	4.029	1.02
291.5	0.00320252	0.00134781	36393.6	1050	105	36005.5	28.3084	28.3084	113.234	113.234	0 30184.1 1993.06 	32177.1	6.24729	6.55445	12703.2	670	0.0654272	0	4.029	1.02
291.75	0.00320594	0.00133981	36172.2	1050	105	35784	28.3205	28.3205	113.282	113.282	0 30396.7 2001.02 	32397.7	6.2273	6.55445	12703.2	670	0.0652888	0	4.029	1.02
292	0.00316419	0.00146	39603.7	1050	105	39214.9	28.3872	28.3872	113.549	113.549	0 27531.1 1886.92 	29418	6.47707	6.55445	12703.2	670	0.0674067	0	4.029	1.02
292.25	0.00320298	0.00134865	36424.6	1050	105	36035.8	28.3821	28.3821	113.528	113.528	0 30169.6 1981.45 	32151	6.24458	6.55445	12703.2	670	0.0651014	0	4.029	1.02
292.5	0.0032064	0.00134071	36205.1	1050	105	35816.1	28.3941	28.3941	113.577	113.577	0 30380.6 1989.43 	32370	6.22466	6.55445	12703.2	670	0.0649699	0	4.029	1.02
292.75	0.00316449	0.001461	39639	1050	105	39249.4	28.461	28.461	113.844	113.844	0 27514.8 1874.65 	29389.5	6.47524	6.55445	12703.2	670	0.0670279	0	4.029	1.02
293	0.00320345	0.00134949	36455.7	1050	105	36066.1	28.4558	28.4558	113.823	113.823	0 30155.1 1969.9 	32125	6.24188	6.55445	12703.2	670	0.0647774	0	4.029	1.02
293.25	0.00320685	0.00134161	36238	1050	105	35848.3	28.4678	28.4678	113.871	113.871	0 30364.4 1977.92 	32342.3	6.22202	6.55445	12703.2	670	0.0646526	0	4.029	1.02
293.5	0.00316479	0.001462	39674.4	1050	105	39284.1	28.5348	28.5348	114.139	114.139	0 27498.5 1862.43 	29360.9	6.47343	6.55445	12703.2	670	0.0666506	0	4.029	1.02
293.75	0.00320391	0.00135033	36486.8	1050	105	36096.5	28.5295	28.5295	114.118	114.118	0 30140.7 1958.43 	32099.1	6.23917	6.55445	12703.2	670	0.064455	0	4.029	1.02
294	0.00320731	0.00134252	36270.9	1050	105	35880.5	28.5415	28.5415	114.166	114.166	0 30348.2 1966.48 	32314.7	6.21937	6.55445	12703.2	670	0.0643369	0	4.029	1.02
294.25	0.00316508	0.00146301	39709.8	1050	105	39318.7	28.6086	28.6086	114.434	114.434	0 27482.2 1850.28 	29332.4	6.47162	6.55445	12703.2	670	0.0662747	0	4.029	1.02
294.5	0.00320437	0.00135117	36517.9	1050	105	36126.8	28.6033	28.6033	114.413	114.413	0 30126.2 1947.03 	32073.3	6.23646	6.55445	12703.2	670	0.0641344	0	4.029	1.02
294.75	0.00320776	0.00134343	36303.9	1050	105	35912.8	28.6153	28.6153	114.461	114.461	0 30332 1955.1 	32287.1	6.21673	6.55445	12703.2	670	0.0640229	0	4.029	1.02
295	0.00316537	0.00146402	39745.2	1050	105	39353.4	28.6825	28.6825	114.73	114.73	0 27465.8 1838.19 	29304	6.46982	6.55445	12703.2	670	0.0659004	0	4.029	1.02
295.25	0.00320484	0.00135202	36549	1050	105	36157.2	28.6771	28.6771	114.708	114.708	0 30111.8 1935.7 	32047.5	6.23374	6.55445	12703.2	670	0.0638155	0	4.029	1.02
295.5	0.00320821	0.00134434	36337	1050	105	35945.1	28.6891	28.6891	114.756	114.756	0 30315.8 1943.79 	32259.6	6.21409	6.55445	12703.2	670	0.0637105	0	4.029	1.02
295.75	0.00316567	0.00146502	39780.7	1050	105	39388.2	28.7564	28.7564	115.026	115.026	0 27449.4 1826.15 	29275.6	6.46803	6.55445	12703.2	670	0.0655275	0	4.029	1.02
296	0.0032053	0.00135286	36580.1	1050	105	36187.6	28.7509	28.7509	115.004	115.004	0 30097.4 1924.44 	32021.9	6.23103	6.55445	12703.2	670	0.0634983	0	4.029	1.02
296.25	0.00320867	0.00134524	36370.1	1050	105	35977.4	28.763	28.763	115.052	115.052	0 30299.6 1932.55 	32232.1	6.21144	6.55445	12703.2	670	0.0633998	0	4.029	1.02
296.5	0.00316596	0.00146603	39816.3	1050	105	39423	28.8304	28.8304	115.321	115.321	0 27433 1814.18 	29247.2	6.46625	6.55445	12703.2	670	0.0651562	0	4.029	1.02
296.75	0.00320577	0.0013537	36611.3	1050	105	36218.1	28.8248	28.8248	115.299	115.299	0 30083 1913.24 	31996.3	6.22831	6.55445	12703.2	670	0.0631829	0	4.029	1.02
297	0.00320912	0.00134615	36403.2	1050	105	36009.8	28.8368	28.8368	115.347	115.347	0 30283.4 1921.37 	32204.8	6.2088	6.55445	12703.2	670	0.0630906	0	4.029	1.02
297.25	0.00316625	0.00146705	39851.9	1050	105	39457.8	28.9043	28.9043	115.617	115.617	0 27416.6 1802.27 	29218.9	6.46448	6.55445	12703.2	670	0.0647863	0	4.029	1.02
297.5	0.00320624	0.00135455	36642.5	1050	105	36248.5	28.8988	28.8988	115.595	115.595	0 30068.7 1902.12 	31970.8	6.22559	6.55445	12703.2	670	0.0628691	0	4.029	1.02
297.75	0.00320958	0.00134707	36436.4	1050	105	36042.3	28.9108	28.9108	115.643	115.643	0 30267.2 1910.26 	32177.5	6.20616	6.55445	12703.2	670	0.062783	0	4.029	1.02
298	0.00316653	0.00146806	39887.5	1050	105	39492.7	28.9784	28.9784	115.914	115.914	0 27400.2 1790.42 	29190.6	6.46272	6.55445	12703.2	670	0.0644178	0	4.029	1.02
298.25	0.00320671	0.00135539	36673.8	1050	105	36279	28.9727	28.9727	115.891	115.891	0 30054.3 1891.07 	31945.4	6.22286	6.55445	12703.2	670	0.062557	0	4.029	1.02
298.5	0.00321004	0.00134798	36469.7	1050	105	36074.8	28.9847	28.9847	115.939	115.939	0 30251 1899.22 	32150.2	6.20352	6.55445	12703.2	670	0.062477	0	4.029	1.02
298.75	0.00316682	0.00146907	39923.2	1050	105	39527.7	29.0525	29.0525	116.21	116.21	0 27383.8 1778.63 	29162.4	6.46096	6.55445	12703.2	670	0.0640509	0	4.029	1.02
299	0.00320717	0.00135624	36705	1050	105	36309.6	29.0467	29.0467	116.187	116.187	0 30040 1880.08 	31920.1	6.22014	6.55445	12703.2	670	0.0622466	0	4.029	1.02
299.25	0.00321054	0.00134893	36504.7	1050	105	36109.1	29.0587	29.0587	116.235	116.235	0 30240.8 1888.78 	32129.6	6.20058	6.55445	12703.2	670	0.0621932	0	4.029	1.02
299.5	0.00316709	0.00147016	39961.1	1050	105	39564.8	29.1266	29.1266	116.506	116.506	0 27365.9 1766.91 	29132.8	6.45931	6.55445	12703.2	670	0.0636892	0	4.029	1.02
299.75	0.00320763	0.00135712	36737.5	1050	105	36341.3	29.1208	29.1208	116.483	116.483	0 30024.7 1869.13 	31893.8	6.21749	6.55445	12703.2	670	0.0619388	0	4.029	1.02
300	0.00321094	0.00134984	36537.1	1050	105	36140.8	29.1327	29.1327	116.531	116.531	0 30217.9 1877.32 	32095.2	6.19828	6.55445	12703.2	670	0.0618707	0	4.029	1.02
300.25	0.00316739	0.00147112	39995.1	1050	105	39598.1	29.2007	29.2007	116.803	116.803	0 27350.6 1755.25 	29105.9	6.45748	6.55445	12703.2	670	0.0633226	0	4.029	1.02
300.5	0.00320811	0.00135793	36767.9	1050	105	36371	29.1948	29.1948	116.779	116.779	0 30011.2 1858.33 	31869.6	6.21468	6.55445	12703.2	670	0.0616317	0	4.029	1.02
300.75	0.0032114	0.00135073	36570	1050	105	36172.9	29.2068	29.2068	116.827	116.827	0 30202.2 1866.49 	32068.7	6.1956	6.55445	12703.2	670	0.0615693	0	4.029	1.02
301	0.00316767	0.00147213	40030.8	1050	105	39633	29.2749	29.2749	117.099	117.099	0 27334.3 1743.63 	29077.9	6.45574	6.55445	12703.2	670	0.0629594	0	4.029	1.02
301.25	0.00320858	0.00135878	36799.1	1050	105	36401.4	29.2689	29.2689	117.076	117.076	0 29997.1 1847.54 	31844.6	6.21194	6.55445	12703.2	670	0.061326	0	4.029	1.02
301.5	0.00321186	0.00135165	36603.3	1050	105	36205.5	29.2809	29.2809	117.124	117.124	0 30186.1 1855.7 	32041.8	6.19295	6.55445	12703.2	670	0.0612693	0	4.029	1.02
301.75	0.00316796	0.00147315	40066.6	1050	105	39668.1	29.3491	29.3491	117.396	117.396	0 27317.8 1732.07 	29049.9	6.45401	6.55445	12703.2	670	0.062598	0	4.029	1.02
302	0.00315674	0.00151494	41305.2	1050	105	40906.3	29.3948	29.3948	117.579	117.579	0 26470.2 1724.92 	28195.1	6.52307	6.55445	12703.2	670	0.0642671	0	4.029	1.02
302.25	0.00319988	0.00138323	37495.5	1050	105	37096.6	29.384	29.384	117.536	117.536	0 29386.8 1801.27 	31188	6.26276	6.55445	12703.2	670	0.0609214	0	4.029	1.02
302.5	0.00320706	0.00136603	37015.7	1050	105	36616.8	29.3938	29.3938	117.575	117.575	0 29823.5 1821.84 	31645.4	6.22079	6.55445	12703.2	670	0.0608289	0	4.029	1.02
302.75	0.00316745	0.00147896	40249.3	1050	105	39849.7	29.4596	29.4596	117.838	117.838	0 27206.1 1719.19 	28925.3	6.45711	6.55445	12703.2	670	0.0624159	0	4.029	1.02
303	0.00315687	0.00151846	41421.1	1050	105	41021.1	29.5049	29.5049	118.02	118.02	0 26409.9 1712.59 	28122.5	6.52226	6.55445	12703.2	670	0.0639864	0	4.029	1.02
303.25	0.0032002	0.00138589	37583.5	1050	105	37183.5	29.4939	29.4939	117.976	117.976	0 29333.3 1787.84 	31121.1	6.26089	6.55445	12703.2	670	0.0606093	0	4.029	1.02
303.5	0.00320749	0.00136831	37092.2	1050	105	36692.2	29.5036	29.5036	118.014	118.014	0 29777.9 1808.4 	31586.3	6.21831	6.55445	12703.2	670	0.060505	0	4.029	1.02
303.75	0.00316784	0.00148096	40318.1	1050	105	39917.4	29.5695	29.5695	118.278	118.278	0 27172.7 1705.52 	28878.2	6.45475	6.55445	12703.2	670	0.0620253	0	4.029	1.02
304	0.00315728	0.00152023	41483.3	1050	105	41082.1	29.6148	29.6148	118.459	118.459	0 26382.6 1698.73 	28081.3	6.5197	6.55445	12703.2	670	0.063564	0	4.029	1.02
304.25	0.00320075	0.00138742	37637.5	1050	105	37236.4	29.6037	29.6037	118.415	118.415	0 29306.2 1774.12 	31080.3	6.25765	6.55445	12703.2	670	0.0602305	0	4.029	1.02
304.5	0.00320805	0.00136981	37145.5	1050	105	36744.4	29.6134	29.6134	118.453	118.453	0 29750.5 1794.63 	31545.1	6.21502	6.55445	12703.2	670	0.0601305	0	4.029	1.02
304.75	0.00316823	0.00148251	40372.4	1050	105	39970.6	29.6793	29.6793	118.717	118.717	0 27147.6 1690.98 	28838.5	6.45236	6.55445	12703.2	670	0.0615795	0	4.029	1.02
305	0.00315768	0.00152167	41534.4	1050	105	41132.2	29.7247	29.7247	118.899	118.899	0 26361 1684.1 	28045.1	6.5172	6.55445	12703.2	670	0.0630941	0	4.029	1.02
305.25	0.00320131	0.00138866	37682.6	1050	105	37280.5	29.7135	29.7135	118.854	118.854	0 29285 1759.93 	31044.9	6.25438	6.55445	12703.2	670	0.0598205	0	4.029	1.02
305.5	0.00320862	0.00137109	37191.9	1050	105	36789.7	29.7231	29.7231	118.892	118.892	0 29727.9 1780.5 	31508.4	6.21173	6.55445	12703.2	670	0.0597316	0	4.029	1.02
305.75	0.00316861	0.0014839	40421.1	1050	105	40018.2	29.7891	29.7891	119.157	119.157	0 27125.5 1676.07 	28801.6	6.45003	6.55445	12703.2	670	0.0611103	0	4.029	1.02
306	0.00315808	0.00152296	41580.8	1050	105	41177.5	29.8346	29.8346	119.338	119.338	0 26341.8 1669.14 	28011	6.51478	6.55445	12703.2	670	0.0626036	0	4.029	1.02
306.25	0.00320187	0.00138978	37723.8	1050	105	37320.6	29.8233	29.8233	119.293	119.293	0 29266.5 1745.6 	31012.1	6.2511	6.55445	12703.2	670	0.0593981	0	4.029	1.02
306.5	0.00320919	0.00137228	37235.2	1050	105	36831.8	29.8328	29.8328	119.331	119.331	0 29707.5 1766.29 	31473.8	6.20842	6.55445	12703.2	670	0.0593239	0	4.029	1.02
306.75	0.00316898	0.0014852	40467.4	1050	105	40063.4	29.899	29.899	119.596	119.596	0 27104.9 1661.05 	28765.9	6.44774	6.55445	12703.2	670	0.0606321	0	4.029	1.02
307	0.00315846	0.0015242	41625.1	1050	105	41220.7	29.9445	29.9445	119.778	119.778	0 26323.8 1654.09 	27977.8	6.51239	6.55445	12703.2	670	0.0621053	0	4.029	1.02
307.25	0.00320243	0.00139084	37763.2	1050	105	37358.9	29.933	29.933	119.732	119.732	0 29249.3 1731.29 	30980.6	6.2478	6.55445	12703.2	670	0.0589727	0	4.029	1.02
307.5	0.00320976	0.00137342	37277.1	1050	105	36872.7	29.9425	29.9425	119.77	119.77	0 29688.1 1752.14 	31440.2	6.20509	6.55445	12703.2	670	0.0589147	0	4.029	1.02
307.75	0.00316935	0.00148648	40512.7	1050	105	40107.6	30.0088	30.0088	120.035	120.035	0 27084.7 1646.05 	28730.8	6.44548	6.55445	12703.2	670	0.0601518	0	4.029	1.02
308	0.00315884	0.0015254	41668.5	1050	105	41263	30.0543	30.0543	120.217	120.217	0 26306.1 1639.07 	27945.2	6.51004	6.55445	12703.2	670	0.0616052	0	4.029	1.02
308.25	0.003203	0.00139188	37801.9	1050	105	37396.5	30.0427	30.0427	120.171	120.171	0 29232.8 1717.07 	30949.8	6.24447	6.55445	12703.2	670	0.0585484	0	4.029	1.02
308.5	0.00321034	0.00137455	37318.7	1050	105	36913.1	30.0522	30.0522	120.209	120.209	0 29669.1 1738.09 	31407.2	6.20174	6.55445	12703.2	670	0.0585074	0	4.029	1.02
308.75	0.00316972	0.00148775	40557.8	1050	105	40151.6	30.1185	30.1185	120.474	120.474	0 27064.7 1631.13 	28695.8	6.44323	6.55445	12703.2	670	0.0596726	0	4.029	1.02
309	0.00315922	0.0015266	41711.7	1050	105	41305	30.1641	30.1641	120.656	120.656	0 26288.6 1624.11 	27912.7	6.5077	6.55445	12703.2	670	0.0611063	0	4.029	1.02
309.25	0.00320358	0.0013929	37840.3	1050	105	37433.8	30.1524	30.1524	120.61	120.61	0 29216.5 1702.99 	30919.5	6.24111	6.55445	12703.2	670	0.0581272	0	4.029	1.02
309.5	0.00321092	0.00137567	37360.2	1050	105	36953.5	30.1618	30.1618	120.647	120.647	0 29650.2 1724.17 	31374.3	6.19838	6.55445	12703.2	670	0.0581033	0	4.029	1.02
309.75	0.00317009	0.00148903	40602.9	1050	105	40195.6	30.2283	30.2283	120.913	120.913	0 27044.7 1616.3 	28661	6.441	6.55445	12703.2	670	0.059196	0	4.029	1.02
310	0.0031596	0.0015278	41754.8	1050	105	41347.1	30.2738	30.2738	121.095	121.095	0 26271.1 1609.25 	27880.4	6.50537	6.55445	12703.2	670	0.0606098	0	4.029	1.02
310.25	0.00320416	0.00139392	37878.7	1050	105	37471	30.2621	30.2621	121.048	121.048	0 29200.3 1689.04 	30889.4	6.23773	6.55445	12703.2	670	0.0577096	0	4.029	1.02
310.5	0.00321151	0.0013768	37401.8	1050	105	36994	30.2714	30.2714	121.086	121.086	0 29631.3 1710.38 	31341.7	6.19499	6.55445	12703.2	670	0.057703	0	4.029	1.02
310.75	0.00317045	0.00149031	40648.1	1050	105	40239.8	30.338	30.338	121.352	121.352	0 27024.6 1601.59 	28626.2	6.43878	6.55445	12703.2	670	0.0587225	0	4.029	1.02
311	0.00315997	0.001529	41798	1050	105	41389.2	30.3836	30.3836	121.534	121.534	0 26253.6 1594.49 	27848.1	6.50306	6.55445	12703.2	670	0.0601162	0	4.029	1.02
311.25	0.00320474	0.00139495	37917.1	1050	105	37508.4	30.3717	30.3717	121.487	121.487	0 29184.2 1675.23 	30859.4	6.23433	6.55445	12703.2	670	0.0572958	0	4.029	1.02
311.5	0.00321209	0.00137793	37443.5	1050	105	37034.7	30.381	30.381	121.524	121.524	0 29612.4 1696.73 	31309.2	6.19159	6.55445	12703.2	670	0.0573063	0	4.029	1.02
311.75	0.00317081	0.00149159	40693.6	1050	105	40284.2	30.4476	30.4476	121.79	121.79	0 27004.4 1586.98 	28591.4	6.43658	6.55445	12703.2	670	0.0582521	0	4.029	1.02
312	0.00316034	0.00153021	41841.4	1050	105	41431.4	30.4933	30.4933	121.973	121.973	0 26236 1579.84 	27815.8	6.50076	6.55445	12703.2	670	0.0596256	0	4.029	1.02
312.25	0.00320532	0.00139597	37955.6	1050	105	37545.8	30.4812	30.4812	121.925	121.925	0 29168.1 1661.55 	30829.7	6.23091	6.55445	12703.2	670	0.0568858	0	4.029	1.02
312.5	0.00321268	0.00137907	37485.5	1050	105	37075.6	30.4905	30.4905	121.962	121.962	0 29593.5 1683.21 	31276.7	6.18818	6.55445	12703.2	670	0.0569133	0	4.029	1.02
312.75	0.00317117	0.00149288	40739.3	1050	105	40328.8	30.5573	30.5573	122.229	122.229	0 26984.1 1572.49 	28556.6	6.43438	6.55445	12703.2	670	0.0577848	0	4.029	1.02
313	0.00316072	0.00153142	41884.8	1050	105	41473.8	30.6029	30.6029	122.412	122.412	0 26218.3 1565.3 	27783.6	6.49847	6.55445	12703.2	670	0.059138	0	4.029	1.02
313.25	0.00320591	0.001397	37994.2	1050	105	37583.3	30.5908	30.5908	122.363	122.363	0 29152.1 1648.01 	30800.1	6.22748	6.55445	12703.2	670	0.0564794	0	4.029	1.02
313.5	0.00321328	0.0013802	37527.6	1050	105	37116.6	30.6	30.6	122.4	122.4	0 29574.5 1669.81 	31244.3	6.18477	6.55445	12703.2	670	0.0565237	0	4.029	1.02
313.75	0.00317153	0.00149418	40785.2	1050	105	40373.5	30.6669	30.6669	122.667	122.667	0 26963.7 1558.1 	28521.8	6.4322	6.55445	12703.2	670	0.0573206	0	4.029	1.02
314	0.00316108	0.00153263	41928.4	1050	105	41516.3	30.7125	30.7125	122.85	122.85	0 26200.7 1550.85 	27751.5	6.4962	6.55445	12703.2	670	0.0586533	0	4.029	1.02
314.25	0.0032065	0.00139802	38032.9	1050	105	37620.9	30.7003	30.7003	122.801	122.801	0 29136.1 1634.58 	30770.7	6.22403	6.55445	12703.2	670	0.0560763	0	4.029	1.02
314.5	0.00321387	0.00138135	37569.8	1050	105	37157.7	30.7094	30.7094	122.838	122.838	0 29555.5 1656.53 	31212.1	6.18134	6.55445	12703.2	670	0.0561373	0	4.029	1.02
314.75	0.00317189	0.00149548	40831.2	1050	105	40418.5	30.7764	30.7764	123.106	123.106	0 26943.3 1543.81 	28487.1	6.43003	6.55445	12703.2	670	0.0568592	0	4.029	1.02
315	0.00316145	0.00153384	41972.1	1050	105	41558.9	30.8221	30.8221	123.289	123.289	0 26182.9 1536.51 	27719.5	6.49393	6.55445	12703.2	670	0.0581714	0	4.029	1.02
315.25	0.0032071	0.00139905	38071.6	1050	105	37658.5	30.8097	30.8097	123.239	123.239	0 29120.1 1621.28 	30741.4	6.22057	6.55445	12703.2	670	0.0556766	0	4.029	1.02
315.5	0.00321446	0.00138249	37612.2	1050	105	37199	30.8189	30.8189	123.275	123.275	0 29536.5 1643.36 	31179.9	6.17792	6.55445	12703.2	670	0.0557539	0	4.029	1.02
315.75	0.00317225	0.00149679	40877.4	1050	105	40463.6	30.8859	30.8859	123.544	123.544	0 26922.8 1529.63 	28452.4	6.42787	6.55445	12703.2	670	0.0564007	0	4.029	1.02
316	0.00316182	0.00153506	42015.8	1050	105	41601.5	30.9317	30.9317	123.727	123.727	0 26165.2 1522.27 	27687.5	6.49168	6.55445	12703.2	670	0.0576922	0	4.029	1.02
316.25	0.00320769	0.00140008	38110.4	1050	105	37696.2	30.9192	30.9192	123.677	123.677	0 29104.1 1608.1 	30712.2	6.2171	6.55445	12703.2	670	0.0552801	0	4.029	1.02
316.5	0.00321506	0.00138364	37654.7	1050	105	37240.4	30.9282	30.9282	123.713	123.713	0 29517.5 1630.31 	31147.8	6.17449	6.55445	12703.2	670	0.0553736	0	4.029	1.02
316.75	0.0031726	0.0014981	40923.7	1050	105	40508.8	30.9954	30.9954	123.982	123.982	0 26902.2 1515.56 	28417.8	6.42572	6.55445	12703.2	670	0.0559448	0	4.029	1.02
317	0.00316218	0.00153628	42059.6	1050	105	41644.2	31.0412	31.0412	124.165	124.165	0 26147.4 1508.12 	27655.6	6.48944	6.55445	12703.2	670	0.0572157	0	4.029	1.02
317.25	0.00315862	0.00155153	42521.1	1050	105	42105.2	31.081	31.081	124.324	124.324	0 25861.2 1507.6 	27368.8	6.51143	6.55445	12703.2	670	0.0578234	0	4.029	1.02
317.5	0.00320523	0.0014101	38408.2	1050	105	37992.6	31.0668	31.0668	124.267	124.267	0 28875 1583.24 	30458.2	6.23148	6.55445	12703.2	670	0.0548511	0	4.029	1.02
317.75	0.0032139	0.00139015	37852	1050	105	37436.3	31.0751	31.0751	124.3	124.3	0 29368.9 1608.72 	30977.6	6.18118	6.55445	12703.2	670	0.0549266	0	4.029	1.02
318	0.00317278	0.00150166	41041.6	1050	105	40625.2	31.1415	31.1415	124.566	124.566	0 26839.9 1500.07 	28340	6.42462	6.55445	12703.2	670	0.0555329	0	4.029	1.02
318.25	0.00316258	0.00153894	42151	1050	105	41734.1	31.1871	31.1871	124.748	124.748	0 26105.5 1492.58 	27598.1	6.48701	6.55445	12703.2	670	0.0567492	0	4.029	1.02
318.5	0.00315908	0.00155378	42599.9	1050	105	42182.6	31.227	31.227	124.908	124.908	0 25827.6 1491.76 	27319.4	6.50855	6.55445	12703.2	670	0.057322	0	4.029	1.02
318.75	0.00320592	0.00141199	38475.8	1050	105	38058.7	31.2126	31.2126	124.85	124.85	0 28842.6 1567.93 	30410.6	6.22741	6.55445	12703.2	670	0.054416	0	4.029	1.02
319	0.00321461	0.00139204	37919.7	1050	105	37502.5	31.2207	31.2207	124.883	124.883	0 29335.3 1593.39 	30928.7	6.17706	6.55445	12703.2	670	0.0545003	0	4.029	1.02
319.25	0.00317319	0.00150401	41122.4	1050	105	40704.6	31.2874	31.2874	125.15	125.15	0 26809.7 1484 	28293.7	6.42215	6.55445	12703.2	670	0.0550459	0	4.029	1.02
319.5	0.00316292	0.00154122	42229.2	1050	105	41810.9	31.3331	31.3331	125.333	125.333	0 26069.8 1475.94 	27545.7	6.48488	6.55445	12703.2	670	0.0562205	0	4.029	1.02
319.75	0.00315951	0.00155567	42666.7	1050	105	42247.9	31.3729	31.3729	125.492	125.492	0 25799.7 1475 	27274.7	6.50589	6.55445	12703.2	670	0.0567667	0	4.029	1.02
320	0.0032066	0.00141356	38533.1	1050	105	38114.5	31.3584	31.3584	125.433	125.433	0 28816.7 1551.97 	30368.6	6.22345	6.55445	12703.2	670	0.0539424	0	4.029	1.02
320.25	0.00321531	0.00139367	37978.9	1050	105	37560.2	31.3664	31.3664	125.466	125.466	0 29307.3 1577.58 	30884.9	6.17301	6.55445	12703.2	670	0.0540438	0	4.029	1.02
320.5	0.00317368	0.00150539	41172.6	1050	105	40753.3	31.433	31.433	125.732	125.732	0 26780.9 1466.68 	28247.6	6.41919	6.55445	12703.2	670	0.05447	0	4.029	1.02
320.75	0.0031635	0.00154237	42273.1	1050	105	41853.3	31.4787	31.4787	125.915	125.915	0 26055.1 1458.88 	27514	6.48134	6.55445	12703.2	670	0.0556285	0	4.029	1.02
321	0.00316002	0.00155702	42716.5	1050	105	42296.3	31.5186	31.5186	126.074	126.074	0 25781.5 1457.82 	27239.3	6.50276	6.55445	12703.2	670	0.056171	0	4.029	1.02
321.25	0.00320736	0.00141477	38579.3	1050	105	38159.3	31.5039	31.5039	126.015	126.015	0 28798.9 1536.05 	30335	6.21904	6.55445	12703.2	670	0.0534533	0	4.029	1.02
321.5	0.00321606	0.00139506	38030.6	1050	105	37610.5	31.5119	31.5119	126.047	126.047	0 29285.1 1561.8 	30846.9	6.1687	6.55445	12703.2	670	0.0535762	0	4.029	1.02
321.75	0.00317411	0.00150701	41229.8	1050	105	40809.1	31.5786	31.5786	126.314	126.314	0 26755.9 1449.62 	28205.5	6.41653	6.55445	12703.2	670	0.0539111	0	4.029	1.02
322	0.00316394	0.00154388	42327.5	1050	105	41906.2	31.6242	31.6242	126.497	126.497	0 26033.3 1441.72 	27475	6.4786	6.55445	12703.2	670	0.0550449	0	4.029	1.02
322.25	0.00316048	0.00155847	42769.1	1050	105	42347.5	31.6641	31.6641	126.656	126.656	0 25761.2 1440.61 	27201.8	6.49995	6.55445	12703.2	670	0.0555765	0	4.029	1.02
322.5	0.0031593	0.0015648	42964.4	1050	105	42542.3	31.702	31.702	126.808	126.808	0 25647.5 1440.12 	27087.6	6.50722	6.55445	12703.2	670	0.0558111	0	4.029	1.02
322.75	0.00320708	0.00141996	38743.9	1050	105	38322.1	31.6865	31.6865	126.746	126.746	0 28691 1515.11 	30206.1	6.22068	6.55445	12703.2	670	0.0529495	0	4.029	1.02
323	0.00321625	0.00139901	38159.4	1050	105	37737.5	31.6941	31.6941	126.776	126.776	0 29204.1 1541.89 	30746	6.16761	6.55445	12703.2	670	0.0530723	0	4.029	1.02
323.25	0.00317456	0.00150998	41331.4	1050	105	40908.8	31.7606	31.7606	127.042	127.042	0 26707 1430.84 	28137.8	6.41384	6.55445	12703.2	670	0.0533438	0	4.029	1.02
323.5	0.00316447	0.00154638	42415.1	1050	105	41992.1	31.8062	31.8062	127.225	127.225	0 25995.5 1422.74 	27418.2	6.47535	6.55445	12703.2	670	0.0544326	0	4.029	1.02
323.75	0.00316103	0.00156073	42849.4	1050	105	42425.9	31.8461	31.8461	127.384	127.384	0 25728.5 1421.37 	27149.9	6.49651	6.55445	12703.2	670	0.054937	0	4.029	1.02
324	0.00315986	0.00156691	43040	1050	105	42616.2	31.884	31.884	127.536	127.536	0 25617.5 1420.65 	27038.2	6.50372	6.55445	12703.2	670	0.0551533	0	4.029	1.02
324.25	0.00315952	0.00156994	43136.1	1050	105	42711.9	31.9211	31.9211	127.685	127.685	0 25565.3 1419.72 	26985	6.50585	6.55445	12703.2	670	0.0552404	0	4.029	1.02
324.5	0.00315948	0.00157171	43193.8	1050	105	42769.3	31.9581	31.9581	127.832	127.832	0 25536.2 1418.46 	26954.7	6.50612	6.55445	12703.2	670	0.0552653	0	4.029	1.02
324.75	0.00315954	0.00157293	43234.7	1050	105	42809.7	31.9949	31.9949	127.979	127.979	0 25516.9 1416.88 	26933.8	6.50573	6.55445	12703.2	670	0.0552558	0	4.029	1.02
325	0.00315964	0.00157388	43267.1	1050	105	42841.8	32.0317	32.0317	128.127	128.127	0 25502.3 1415 	26917.4	6.50511	6.55445	12703.2	670	0.0552241	0	4.029	1.02
325.25	0.00315975	0.00157467	43294.6	1050	105	42868.9	32.0685	32.0685	128.274	128.274	0 25490.3 1412.88 	26903.2	6.50443	6.55445	12703.2	670	0.0551762	0	4.029	1.02
325.5	0.00315986	0.00157537	43318.7	1050	105	42892.6	32.1052	32.1052	128.421	128.421	0 25480 1410.55 	26890.5	6.50375	6.55445	12703.2	670	0.0551158	0	4.029	1.02
325.75	0.00315997	0.00157598	43340.3	1050	105	42913.8	32.142	32.142	128.568	128.568	0 25470.9 1408.04 	26878.9	6.50307	6.55445	12703.2	670	0.0550451	0	4.029	1.02
326	0.00316008	0.00157654	43359.8	1050	105	42933	32.1788	32.1788	128.715	128.715	0 25462.7 1405.37 	26868.1	6.50242	6.55445	12703.2	670	0.0549658	0	4.029	1.02
326.25	0.00316018	0.00157705	43377.7	1050	105	42950.6	32.2156	32.2156	128.862	128.862	0 25455.4 1402.59 	26857.9	6.50178	6.55445	12703.2	670	0.0548794	0	4.029	1.02
326.5	0.00316028	0.00157752	43394.2	1050	105	42966.7	32.2524	32.2524	129.009	129.009	0 25448.6 1399.69 	26848.3	6.50116	6.55445	12703.2	670	0.0547871	0	4.029	1.02
326.75	0.00316038	0.00157795	43409.6	1050	105	42981.7	32.2891	32.2891	129.157	129.157	0 25442.5 1396.72 	26839.2	6.50055	6.55445	12703.2	670	0.0546899	0	4.029	1.02
327	0.00316047	0.00157835	43423.9	1050	105	42995.7	32.3259	32.3259	129.304	129.304	0 25436.8 1393.66 	26830.4	6.49996	6.55445	12703.2	670	0.0545884	0	4.029	1.02
327.25	0.00316057	0.00157873	43437.4	1050	105	43008.8	32.3626	32.3626	129.45	129.45	0 25431.4 1390.55 	26822	6.49937	6.55445	12703.2	670	0.0544835	0	4.029	1.02
327.5	0.00316066	0.00157909	43450.3	1050	105	43021.3	32.3993	32.3993	129.597	129.597	0 25426.4 1387.39 	26813.8	6.49879	6.55445	12703.2	670	0.0543758	0	4.029	1.02
327.75	0.00316076	0.00157943	43462.5	1050	105	43033.2	32.4361	32.4361	129.744	129.744	0 25421.7 1384.19 	26805.9	6.49822	6.55445	12703.2	670	0.0542656	0	4.029	1.02
328	0.00316085	0.00157975	43474.3	1050	105	43044.6	32.4727	32.4727	129.891	129.891	0 25417.2 1380.96 	26798.1	6.49766	6.55445	12703.2	670	0.0541536	0	4.029	1.02
328.25	0.00316094	0.00158007	43485.7	1050	105	43055.6	32.5094	32.5094	130.038	130.038	0 25412.9 1377.7 	26790.6	6.49709	6.55445	12703.2	670	0.0540399	0	4.029	1.02
328.5	0.00316103	0.00158037	43496.7	1050	105	43066.2	32.5461	32.5461	130.184	130.184	0 25408.7 1374.42 	26783.1	6.49654	6.55445	12703.2	670	0.0539249	0	4.029	1.02
328.75	0.00316112	0.00158067	43507.4	1050	105	43076.6	32.5827	32.5827	130.331	130.331	0 25404.7 1371.13 	26775.8	6.49599	6.55445	12703.2	670	0.0538089	0	4.029	1.02
329	0.00316121	0.00158095	43517.9	1050	105	43086.7	32.6194	32.6194	130.477	130.477	0 25400.8 1367.82 	26768.6	6.49544	6.55445	12703.2	670	0.053692	0	4.029	1.02
329.25	0.0031613	0.00158124	43528.2	1050	105	43096.6	32.656	32.656	130.624	130.624	0 25397 1364.5 	26761.5	6.49489	6.55445	12703.2	670	0.0535745	0	4.029	1.02
329.5	0.00316139	0.00158151	43538.3	1050	105	43106.4	32.6926	32.6926	130.77	130.77	0 25393.2 1361.18 	26754.4	6.49434	6.55445	12703.2	670	0.0534564	0	4.029	1.02
329.75	0.00316147	0.00158179	43548.3	1050	105	43116	32.7291	32.7291	130.917	130.917	0 25389.5 1357.85 	26747.4	6.4938	6.55445	12703.2	670	0.053338	0	4.029	1.02
330	0.00316156	0.00158206	43558.2	1050	105	43125.6	32.7657	32.7657	131.063	131.063	0 25385.9 1354.52 	26740.4	6.49326	6.55445	12703.2	670	0.0532193	0	4.029	1.02
330.25	0.00316165	0.00158232	43568	1050	105	43135	32.8022	32.8022	131.209	131.209	0 25382.3 1351.19 	26733.5	6.49272	6.55445	12703.2	670	0.0531003	0	4.029	1.02
330.5	0.00316174	0.00158259	43577.8	1050	105	43144.4	32.8387	32.8387	131.355	131.355	0 25378.8 1347.86 	26726.6	6.49218	6.55445	12703.2	670	0.0529813	0	4.029	1.02
330.75	0.00316182	0.00158285	43587.4	1050	105	43153.7	32.8752	32.8752	131.501	131.501	0 25375.3 1344.53 	26719.8	6.49164	6.55445	12703.2	670	0.0528621	0	4.029	1.02
331	0.00316191	0.00158311	43597	1050	105	43162.9	32.9117	32.9117	131.647	131.647	0 25371.8 1341.2 	26713	6.4911	6.55445	12703.2	670	0.052743	0	4.029	1.02
331.25	0.003162	0.00158337	43606.6	1050	105	43172.1	32.9482	32.9482	131.793	131.793	0 25368.3 1337.88 	26706.2	6.49056	6.55445	12703.2	670	0.0526239	0	4.029	1.02
331.5	0.00316209	0.00158363	43616.2	1050	105	43181.3	32.9846	32.9846	131.938	131.938	0 25364.8 1334.56 	26699.4	6.49003	6.55445	12703.2	670	0.0525048	0	4.029	1.02
331.75	0.00316217	0.00158389	43625.7	1050	105	43190.5	33.021	33.021	132.084	132.084	0 25361.4 1331.25 	26692.6	6.48949	6.55445	12703.2	670	0.0523858	0	4.029	1.02
332	0.00316226	0.00158415	43635.2	1050	105	43199.6	33.0574	33.0574	132.23	132.23	0 25357.9 1327.93 	26685.9	6.48896	6.55445	12703.2	670	0.0522669	0	4.029	1.02
332.25	0.00316235	0.00158441	43644.7	1050	105	43208.8	33.0938	33.0938	132.375	132.375	0 25354.5 1324.63 	26679.1	6.48842	6.55445	12703.2	670	0.0521482	0	4.029	1.02
332.5	0.00316243	0.00158467	43654.2	1050	105	43217.9	33.1302	33.1302	132.521	132.521	0 25351.1 1321.33 	26672.4	6.48789	6.55445	12703.2	670	0.0520296	0	4.029	1.02
332.75	0.00316252	0.00158493	43663.7	1050	105	43227	33.1665	33.1665	132.666	132.666	0 25347.6 1318.03 	26665.7	6.48735	6.55445	12703.2	670	0.0519111	0	4.029	1.02
333	0.00316261	0.00158518	43673.1	1050	105	43236.1	33.2028	33.2028	132.811	132.811	0 25344.2 1314.74 	26659	6.48682	6.55445	12703.2	670	0.0517928	0	4.029	1.02
333.25	0.00316269	0.00158544	43682.6	1050	105	43245.2	33.2391	33.2391	132.957	132.957	0 25340.8 1311.46 	26652.3	6.48629	6.55445	12703.2	670	0.0516746	0	4.029	1.02
333.5	0.00316278	0.0015857	43692	1050	105	43254.3	33.2754	33.2754	133.102	133.102	0 25337.4 1308.18 	26645.6	6.48576	6.55445	12703.2	670	0.0515566	0	4.029	1.02
333.75	0.00316287	0.00158595	43701.5	1050	105	43263.4	33.3117	33.3117	133.247	133.247	0 25334 1304.91 	26638.9	6.48522	6.55445	12703.2	670	0.0514388	0	4.029	1.02
334	0.00316295	0.00158621	43711	1050	105	43272.5	33.3479	33.3479	133.392	133.392	0 25330.6 1301.65 	26632.2	6.48469	6.55445	12703.2	670	0.0513212	0	4.029	1.02
334.25	0.00316304	0.00158647	43720.4	1050	105	43281.6	33.3842	33.3842	133.537	133.537	0 25327.1 1298.39 	26625.5	6.48416	6.55445	12703.2	670	0.0512037	0	4.029	1.02
334.5	0.00316313	0.00158673	43729.9	1050	105	43290.7	33.4204	33.4204	133.682	133.682	0 25323.7 1295.13 	26618.9	6.48363	6.55445	12703.2	670	0.0510864	0	4.029	1.02
334.75	0.00316321	0.00158698	43739.3	1050	105	43299.8	33.4566	33.4566	133.826	133.826	0 25320.3 1291.88 	26612.2	6.4831	6.55445	12703.2	670	0.0509693	0	4.029	1.02
335	0.0031633	0.00158724	43748.8	1050	105	43308.9	33.4927	33.4927	133.971	133.971	0 25316.9 1288.64 	26605.5	6.48257	6.55445	12703.2	670	0.0508524	0	4.029	1.02
335.25	0.00316338	0.0015875	43758.3	1050	105	43318	33.5289	33.5289	134.116	134.116	0 25313.5 1285.4 	26598.9	6.48204	6.55445	12703.2	670	0.0507357	0	4.029	1.02
335.5	0.00316347	0.00158775	43767.7	1050	105	43327.1	33.565	33.565	134.26	134.26	0 25310.1 1282.17 	26592.2	6.48151	6.55445	12703.2	670	0.0506191	0	4.029	1.02
335.75	0.00316356	0.00158801	43777.2	1050	105	43336.2	33.6011	33.6011	134.405	134.405	0 25306.7 1278.95 	26585.6	6.48099	6.55445	12703.2	670	0.0505027	0	4.029	1.02
336	0.00316364	0.00158827	43786.7	1050	105	43345.3	33.6372	33.6372	134.549	134.549	0 25303.2 1275.73 	26579	6.48046	6.55445	12703.2	670	0.0503865	0	4.029	1.02
336.25	0.00316373	0.00158853	43796.1	1050	105	43354.4	33.6733	33.6733	134.693	134.693	0 25299.8 1272.52 	26572.4	6.47993	6.55445	12703.2	670	0.0502704	0	4.029	1.02
336.5	0.00316381	0.00158878	43805.6	1050	105	43363.5	33.7094	33.7094	134.837	134.837	0 25296.4 1269.31 	26565.7	6.47941	6.55445	12703.2	670	0.0501546	0	4.029	1.02
336.75	0.0031639	0.00158904	43815.1	1050	105	43372.6	33.7454	33.7454	134.982	134.982	0 25293 1266.11 	26559.1	6.47888	6.55445	12703.2	670	0.0500389	0	4.029	1.02
337	0.00316398	0.0015893	43824.5	1050	105	43381.7	33.7814	33.7814	135.126	135.126	0 25289.6 1262.91 	26552.5	6.47835	6.55445	12703.2	670	0.0499233	0	4.029	1.02
337.25	0.00316407	0.00158956	43834	1050	105	43390.8	33.8174	33.8174	135.27	135.27	0 25286.2 1259.72 	26545.9	6.47783	6.55445	12703.2	670	0.049808	0	4.029	1.02
337.5	0.00316415	0.00158981	43843.4	1050	105	43399.9	33.8534	33.8534	135.413	135.413	0 25282.8 1256.54 	26539.3	6.47731	6.55445	12703.2	670	0.0496928	0	4.029	1.02
337.75	0.00316424	0.00159007	43852.9	1050	105	43409	33.8893	33.8893	135.557	135.557	0 25279.4 1253.36 	26532.7	6.47678	6.55445	12703.2	670	0.0495778	0	4.029	1.02
338	0.00316432	0.00159033	43862.4	1050	105	43418.1	33.9253	33.9253	135.701	135.701	0 25276 1250.19 	26526.2	6.47626	6.55445	12703.2	670	0.0494629	0	4.029	1.02
338.25	0.00316441	0.00159058	43871.8	1050	105	43427.2	33.9612	33.9612	135.845	135.845	0 25272.6 1247.02 	26519.6	6.47574	6.55445	12703.2	670	0.0493482	0	4.029	1.02
338.5	0.0031645	0.00159084	43881.3	1050	105	43436.3	33.9971	33.9971	135.988	135.988	0 25269.2 1243.86 	26513	6.47521	6.55445	12703.2	670	0.0492337	0	4.029	1.02
338.75	0.00316458	0.0015911	43890.7	1050	105	43445.4	34.0329	34.0329	136.132	136.132	0 25265.7 1240.7 	26506.4	6.47469	6.55445	12703.2	670	0.0491194	0	4.029	1.02
339	0.00316466	0.00159136	43900.2	1050	105	43454.5	34.0688	34.0688	136.275	136.275	0 25262.3 1237.55 	26499.9	6.47417	6.55445	12703.2	670	0.0490052	0	4.029	1.02
339.25	0.00316475	0.00159161	43909.7	1050	105	43463.6	34.1046	34.1046	136.419	136.419	0 25258.9 1234.4 	26493.3	6.47365	6.55445	12703.2	670	0.0488911	0	4.029	1.02
339.5	0.00316483	0.00159187	43919.1	1050	105	43472.7	34.1405	34.1405	136.562	136.562	0 25255.5 1231.26 	26486.8	6.47313	6.55445	12703.2	670	0.0487772	0	4.029	1.02
339.75	0.00316492	0.00159213	43928.6	1050	105	43481.8	34.1763	34.1763	136.705	136.705	0 25252.1 1228.13 	26480.3	6.47261	6.55445	12703.2	670	0.0486635	0	4.029	1.02
340	0.003165	0.00159238	43938	1050	105	43490.9	34.212	34.212	136.848	136.848	0 25248.7 1225 	26473.7	6.47209	6.55445	12703.2	670	0.0485499	0	4.029	1.02
340.25	0.00316509	0.00159264	43947.4	1050	105	43500	34.2478	34.2478	136.991	136.991	0 25245.4 1221.87 	26467.2	6.47157	6.55445	12703.2	670	0.0484365	0	4.029	1.02
340.5	0.00316517	0.0015929	43956.9	1050	105	43509	34.2835	34.2835	137.134	137.134	0 25242 1218.75 	26460.7	6.47106	6.55445	12703.2	670	0.0483233	0	4.029	1.02
340.75	0.00316526	0.00159315	43966.3	1050	105	43518.1	34.3192	34.3192	137.277	137.277	0 25238.6 1215.64 	26454.2	6.47054	6.55445	12703.2	670	0.0482102	0	4.029	1.02
341	0.00316534	0.00159341	43975.8	1050	105	43527.2	34.3549	34.3549	137.42	137.42	0 25235.2 1212.53 	26447.7	6.47002	6.55445	12703.2	670	0.0480972	0	4.029	1.02
341.25	0.00316543	0.00159367	43985.2	1050	105	43536.3	34.3906	34.3906	137.562	137.562	0 25231.8 1209.43 	26441.2	6.46951	6.55445	12703.2	670	0.0479844	0	4.029	1.02
341.5	0.00316551	0.00159392	43994.6	1050	105	43545.3	34.4263	34.4263	137.705	137.705	0 25228.4 1206.33 	26434.7	6.46899	6.55445	12703.2	670	0.0478718	0	4.029	1.02
341.75	0.00316559	0.00159418	44004	1050	105	43554.4	34.4619	34.4619	137.848	137.848	0 25225 1203.24 	26428.3	6.46848	6.55445	12703.2	670	0.0477593	0	4.029	1.02
342	0.00316568	0.00159443	44013.5	1050	105	43563.5	34.4975	34.4975	137.99	137.99	0 25221.6 1200.15 	26421.8	6.46796	6.55445	12703.2	670	0.047647	0	4.029	1.02
342.25	0.00316576	0.00159469	44022.9	1050	105	43572.5	34.5331	34.5331	138.133	138.133	0 25218.3 1197.07 	26415.3	6.46745	6.55445	12703.2	670	0.0475348	0	4.029	1.02
342.5	0.00316584	0.00159495	44032.3	1050	105	43581.6	34.5687	34.5687	138.275	138.275	0 25214.9 1193.99 	26408.9	6.46694	6.55445	12703.2	670	0.0474228	0	4.029	1.02
342.75	0.00316593	0.0015952	44041.7	1050	105	43590.6	34.6043	34.6043	138.417	138.417	0 25211.5 1190.92 	26402.4	6.46642	6.55445	12703.2	670	0.0473109	0	4.029	1.02
343	0.00316601	0.00159546	44051.1	1050	105	43599.7	34.6398	34.6398	138.559	138.559	0 25208.1 1187.86 	26396	6.46591	6.55445	12703.2	670	0.0471991	0	4.029	1.02
343.25	0.0031661	0.00159571	44060.5	1050	105	43608.7	34.6753	34.6753	138.701	138.701	0 25204.8 1184.8 	26389.6	6.4654	6.55445	12703.2	670	0.0470876	0	4.029	1.02
343.5	0.00316618	0.00159597	44069.9	1050	105	43617.8	34.7108	34.7108	138.843	138.843	0 25201.4 1181.74 	26383.1	6.46489	6.55445	12703.2	670	0.0469761	0	4.029	1.02
343.75	0.00316627	0.00159624	44080	1050	105	43627.6	34.7463	34.7463	138.985	138.985	0 25199.3 1178.77 	26378.1	6.46435	6.55445	12703.2	670	0.0468689	0	4.029	1.02
344	0.00316634	0.00159651	44089.6	1050	105	43636.8	34.7818	34.7818	139.127	139.127	0 25194.1 1175.65 	26369.8	6.46392	6.55445	12703.2	670	0.0467549	0	4.029	1.02
344.25	0.00316643	0.00159675	44098.4	1050	105	43645.3	34.8172	34.8172	139.269	139.269	0 25191.1 1172.61 	26363.7	6.46338	6.55445	12703.2	670	0.0466433	0	4.029	1.02
344.5	0.00316651	0.00159699	44107.6	1050	105	43654.1	34.8526	34.8526	139.41	139.41	0 25187.8 1169.57 	26357.4	6.46286	6.55445	12703.2	670	0.0465323	0	4.029	1.02
344.75	0.00316659	0.00159725	44116.9	1050	105	43663	34.888	34.888	139.552	139.552	0 25184.5 1166.54 	26351.1	6.46235	6.55445	12703.2	670	0.0464215	0	4.029	1.02
345	0.00316668	0.0015975	44126.3	1050	105	43672	34.9234	34.9234	139.693	139.693	0 25181.2 1163.52 	26344.7	6.46184	6.55445	12703.2	670	0.0463109	0	4.029	1.02
345.25	0.00316676	0.00159775	44135.6	1050	105	43681	34.9587	34.9587	139.835	139.835	0 25177.8 1160.5 	26338.3	6.46133	6.55445	12703.2	670	0.0462004	0	4.029	1.02
345.5	0.00316684	0.00159801	44145	1050	105	43690	34.9941	34.9941	139.976	139.976	0 25174.5 1157.48 	26332	6.46083	6.55445	12703.2	670	0.0460901	0	4.029	1.02
345.75	0.00316692	0.00159826	44154.3	1050	105	43699	35.0294	35.0294	140.117	140.117	0 25171.1 1154.47 	26325.6	6.46032	6.55445	12703.2	670	0.04598	0	4.029	1.02
346	0.00316701	0.00159852	44163.7	1050	105	43708	35.0647	35.0647	140.259	140.259	0 25167.8 1151.46 	26319.3	6.45982	6.55445	12703.2	670	0.04587	0	4.029	1.02
346.25	0.00316709	0.00159877	44173	1050	105	43717	35.0999	35.0999	140.4	140.4	0 25164.5 1148.46 	26312.9	6.45931	6.55445	12703.2	670	0.0457602	0	4.029	1.02
346.5	0.00316717	0.00159902	44182.4	1050	105	43726	35.1352	35.1352	140.541	140.541	0 25161.1 1145.47 	26306.6	6.45881	6.55445	12703.2	670	0.0456505	0	4.029	1.02
346.75	0.00316725	0.00159928	44191.7	1050	105	43735	35.1704	35.1704	140.682	140.682	0 25157.8 1142.48 	26300.3	6.45831	6.55445	12703.2	670	0.045541	0	4.029	1.02
347	0.00316734	0.00159953	44201	1050	105	43744	35.2056	35.2056	140.823	140.823	0 25154.4 1139.49 	26293.9	6.4578	6.55445	12703.2	670	0.0454316	0	4.029	1.02
347.25	0.00316742	0.00159978	44210.4	1050	105	43753	35.2408	35.2408	140.963	140.963	0 25151.1 1136.51 	26287.6	6.4573	6.55445	12703.2	670	0.0453224	0	4.029	1.02
347.5	0.0031675	0.00160004	44219.7	1050	105	43761.9	35.276	35.276	141.104	141.104	0 25147.8 1133.54 	26281.3	6.4568	6.55445	12703.2	670	0.0452133	0	4.029	1.02
347.75	0.00316758	0.00160029	44229	1050	105	43770.9	35.3111	35.3111	141.245	141.245	0 25144.4 1130.57 	26275	6.4563	6.55445	12703.2	670	0.0451043	0	4.029	1.02
348	0.00316766	0.00160054	44238.3	1050	105	43779.9	35.3463	35.3463	141.385	141.385	0 25141.1 1127.61 	26268.7	6.4558	6.55445	12703.2	670	0.0449955	0	4.029	1.02
348.25	0.00316775	0.0016008	44247.7	1050	105	43788.8	35.3814	35.3814	141.526	141.526	0 25137.8 1124.65 	26262.4	6.4553	6.55445	12703.2	670	0.0448869	0	4.029	1.02
348.5	0.00316783	0.00160105	44257	1050	105	43797.8	35.4165	35.4165	141.666	141.666	0 25134.5 1121.69 	26256.2	6.4548	6.55445	12703.2	670	0.0447783	0	4.029	1.02
348.75	0.00316791	0.0016013	44266.3	1050	105	43806.8	35.4515	35.4515	141.806	141.806	0 25131.1 1118.74 	26249.9	6.4543	6.55445	12703.2	670	0.04467	0	4.029	1.02
349	0.00316799	0.00160156	44275.6	1050	105	43815.7	35.4866	35.4866	141.946	141.946	0 25127.8 1115.8 	26243.6	6.45381	6.55445	12703.2	670	0.0445618	0	4.029	1.02
349.25	0.00316807	0.00160181	44284.9	1050	105	43824.7	35.5216	35.5216	142.086	142.086	0 25124.5 1112.86 	26237.4	6.45331	6.55445	12703.2	670	0.0444537	0	4.029	1.02
349.5	0.00316815	0.00160206	44294.2	1050	105	43833.6	35.5566	35.5566	142.226	142.226	0 25121.2 1109.92 	26231.1	6.45281	6.55445	12703.2	670	0.0443457	0	4.029	1.02
349.75	0.00316823	0.00160231	44303.5	1050	105	43842.6	35.5916	35.5916	142.366	142.366	0 25117.9 1106.99 	26224.9	6.45232	6.55445	12703.2	670	0.044238	0	4.029	1.02
350	0.00316831	0.00160257	44312.8	1050	105	43851.5	35.6265	35.6265	142.506	142.506	0 25114.6 1104.07 	26218.6	6.45182	6.55445	12703.2	670	0.0441303	0	4.029	1.02
350.25	0.0031684	0.00160282	44322	1050	105	43860.4	35.6615	35.6615	142.646	142.646	0 25111.3 1101.15 	26212.4	6.45133	6.55445	12703.2	670	0.0440228	0	4.029	1.02
350.5	0.00316848	0.00160307	44331.3	1050	105	43869.3	35.6964	35.6964	142.786	142.786	0 25108 1098.23 	26206.2	6.45083	6.55445	12703.2	670	0.0439155	0	4.029	1.02
350.75	0.00316856	0.00160332	44340.6	1050	105	43878.3	35.7313	35.7313	142.925	142.925	0 25104.7 1095.32 	26200	6.45034	6.55445	12703.2	670	0.0438082	0	4.029	1.02
351	0.00316864	0.00160357	44349.9	1050	105	43887.2	35.7662	35.7662	143.065	143.065	0 25101.4 1092.41 	26193.8	6.44985	6.55445	12703.2	670	0.0437012	0	4.029	1.02
351.25	0.00316872	0.00160382	44359.1	1050	105	43896.1	35.801	35.801	143.204	143.204	0 25098.1 1089.51 	26187.6	6.44935	6.55445	12703.2	670	0.0435942	0	4.029	1.02
351.5	0.0031688	0.00160408	44368.4	1050	105	43905	35.8359	35.8359	143.343	143.343	0 25094.8 1086.62 	26181.4	6.44886	6.55445	12703.2	670	0.0434874	0	4.029	1.02
351.75	0.00316888	0.00160433	44377.6	1050	105	43913.9	35.8707	35.8707	143.483	143.483	0 25091.5 1083.73 	26175.2	6.44837	6.55445	12703.2	670	0.0433808	0	4.029	1.02
352	0.00316896	0.00160458	44386.9	1050	105	43922.8	35.9055	35.9055	143.622	143.622	0 25088.2 1080.84 	26169	6.44788	6.55445	12703.2	670	0.0432743	0	4.029	1.02
352.25	0.00316904	0.00160483	44396.1	1050	105	43931.7	35.9403	35.9403	143.761	143.761	0 25084.9 1077.96 	26162.8	6.44739	6.55445	12703.2	670	0.0431679	0	4.029	1.02
352.5	0.00316912	0.00160508	44405.4	1050	105	43940.6	35.975	35.975	143.9	143.9	0 25081.6 1075.08 	26156.7	6.4469	6.55445	12703.2	670	0.0430617	0	4.029	1.02
352.75	0.0031692	0.00160533	44414.6	1050	105	43949.5	36.0097	36.0097	144.039	144.039	0 25078.3 1072.21 	26150.5	6.44641	6.55445	12703.2	670	0.0429556	0	4.029	1.02
353	0.00316928	0.00160558	44423.8	1050	105	43958.4	36.0444	36.0444	144.178	144.178	0 25075 1069.35 	26144.4	6.44592	6.55445	12703.2	670	0.0428497	0	4.029	1.02
353.25	0.00316936	0.00160583	44433.1	1050	105	43967.3	36.0791	36.0791	144.317	144.317	0 25071.7 1066.48 	26138.2	6.44543	6.55445	12703.2	670	0.0427439	0	4.029	1.02
353.5	0.00316944	0.00160608	44442.3	1050	105	43976.2	36.1138	36.1138	144.455	144.455	0 25068.5 1063.63 	26132.1	6.44495	6.55445	12703.2	670	0.0426383	0	4.029	1.02
353.75	0.00316952	0.00160633	44451.5	1050	105	43985	36.1484	36.1484	144.594	144.594	0 25065.2 1060.78 	26126	6.44446	6.55445	12703.2	670	0.0425328	0	4.029	1.02
354	0.0031696	0.00160658	44460.7	1050	105	43993.9	36.1831	36.1831	144.732	144.732	0 25061.9 1057.93 	26119.9	6.44397	6.55445	12703.2	670	0.0424274	0	4.029	1.02
354.25	0.00316968	0.00160683	44469.9	1050	105	44002.8	36.2177	36.2177	144.871	144.871	0 25058.7 1055.09 	26113.7	6.44349	6.55445	12703.2	670	0.0423222	0	4.029	1.02
354.5	0.00316976	0.00160708	44479.2	1050	105	44011.6	36.2522	36.2522	145.009	145.009	0 25055.4 1052.25 	26107.6	6.443	6.55445	12703.2	670	0.0422171	0	4.029	1.02
354.75	0.00316984	0.00160733	44488.4	1050	105	44020.5	36.2868	36.2868	145.147	145.147	0 25052.1 1049.42 	26101.5	6.44252	6.55445	12703.2	670	0.0421121	0	4.029	1.02
355	0.00316992	0.00160758	44497.6	1050	105	44029.3	36.3213	36.3213	145.285	145.285	0 25048.9 1046.59 	26095.4	6.44203	6.55445	12703.2	670	0.0420073	0	4.029	1.02
355.25	0.00317	0.00160783	44506.8	1050	105	44038.2	36.3559	36.3559	145.423	145.423	0 25045.6 1043.76 	26089.4	6.44155	6.55445	12703.2	670	0.0419027	0	4.029	1.02
355.5	0.00317008	0.00160808	44515.9	1050	105	44047	36.3904	36.3904	145.561	145.561	0 25042.3 1040.95 	26083.3	6.44107	6.55445	12703.2	670	0.0417982	0	4.029	1.02
355.75	0.00317016	0.00160833	44525.1	1050	105	44055.9	36.4248	36.4248	145.699	145.699	0 25039.1 1038.13 	26077.2	6.44059	6.55445	12703.2	670	0.0416938	0	4.029	1.02
356	0.00317024	0.00160858	44534.3	1050	105	44064.7	36.4593	36.4593	145.837	145.837	0 25035.8 1035.32 	26071.1	6.4401	6.55445	12703.2	670	0.0415895	0	4.029	1.02
356.25	0.00317031	0.00160883	44543.5	1050	105	44073.6	36.4937	36.4937	145.975	145.975	0 25032.6 1032.52 	26065.1	6.43962	6.55445	12703.2	670	0.0414854	0	4.029	1.02
356.5	0.00317039	0.00160908	44552.7	1050	105	44082.4	36.5281	36.5281	146.112	146.112	0 25029.3 1029.72 	26059	6.43914	6.55445	12703.2	670	0.0413815	0	4.029	1.02
356.75	0.00317047	0.00160933	44561.8	1050	105	44091.2	36.5625	36.5625	146.25	146.25	0 25026.1 1026.93 	26053	6.43866	6.55445	12703.2	670	0.0412777	0	4.029	1.02
357	0.00317055	0.00160958	44571	1050	105	44100	36.5969	36.5969	146.387	146.387	0 25022.8 1024.14 	26047	6.43818	6.55445	12703.2	670	0.041174	0	4.029	1.02
357.25	0.00317063	0.00160983	44580.2	1050	105	44108.8	36.6312	36.6312	146.525	146.525	0 25019.6 1021.35 	26040.9	6.4377	6.55445	12703.2	670	0.0410704	0	4.029	1.02
357.5	0.00317071	0.00161007	44589.3	1050	105	44117.7	36.6655	36.6655	146.662	146.662	0 25016.3 1018.57 	26034.9	6.43722	6.55445	12703.2	670	0.040967	0	4.029	1.02
357.75	0.00317079	0.00161032	44598.5	1050	105	44126.5	36.6998	36.6998	146.799	146.799	0 25013.1 1015.79 	26028.9	6.43675	6.55445	12703.2	670	0.0408638	0	4.029	1.02
358	0.00317086	0.00161057	44607.6	1050	105	44135.3	36.7341	36.7341	146.936	146.936	0 25009.9 1013.02 	26022.9	6.43627	6.55445	12703.2	670	0.0407607	0	4.029	1.02
358.25	0.00317094	0.00161082	44616.8	1050	105	44144.1	36.7684	36.7684	147.074	147.074	0 25006.6 1010.26 	26016.9	6.43579	6.55445	12703.2	670	0.0406577	0	4.029	1.02
358.5	0.00317102	0.00161107	44625.9	1050	105	44152.9	36.8026	36.8026	147.21	147.21	0 25003.4 1007.49 	26010.9	6.43532	6.55445	12703.2	670	0.0405548	0	4.029	1.02
358.75	0.0031711	0.00161131	44635	1050	105	44161.7	36.8368	36.8368	147.347	147.347	0 25000.2 1004.74 	26004.9	6.43484	6.55445	12703.2	670	0.0404521	0	4.029	1.02
359	0.00317118	0.00161156	44644.2	1050	105	44170.5	36.871	36.871	147.484	147.484	0 24996.9 1001.98 	25998.9	6.43436	6.55445	12703.2	670	0.0403496	0	4.029	1.02
359.25	0.00317126	0.00161181	44653.3	1050	105	44179.2	36.9052	36.9052	147.621	147.621	0 24993.7 999.237 	25992.9	6.43389	6.55445	12703.2	670	0.0402472	0	4.029	1.02
359.5	0.00317133	0.00161206	44662.4	1050	105	44188	36.9393	36.9393	147.757	147.757	0 24990.5 996.494 	25987	6.43342	6.55445	12703.2	670	0.0401449	0	4.029	1.02
359.75	0.00317141	0.0016123	44671.5	1050	105	44196.8	36.9735	36.9735	147.894	147.894	0 24987.3 993.755 	25981	6.43294	6.55445	12703.2	670	0.0400427	0	4.029	1.02
360	0.00317149	0.00161255	44680.6	1050	105	44205.6	37.0076	37.0076	148.03	148.03	0 24984 991.022 	25975.1	6.43247	6.55445	12703.2	670	0.0399407	0	4.029	1.02
360.25	0.00317157	0.0016128	44689.8	1050	105	44214.3	37.0417	37.0417	148.167	148.167	0 24980.8 988.292 	25969.1	6.432	6.55445	12703.2	670	0.0398388	0	4.029	1.02
360.5	0.00317164	0.00161305	44698.9	1050	105	44223.1	37.0757	37.0757	148.303	148.303	0 24977.6 985.568 	25963.2	6.43153	6.55445	12703.2	670	0.0397371	0	4.029	1.02
360.75	0.00317172	0.00161329	44708	1050	105	44231.9	37.1098	37.1098	148.439	148.439	0 24974.4 982.848 	25957.2	6.43105	6.55445	12703.2	670	0.0396355	0	4.029	1.02
361	0.0031718	0.00161354	44717.1	1050	105	44240.6	37.1438	37.1438	148.575	148.575	0 24971.2 980.133 	25951.3	6.43058	6.55445	12703.2	670	0.0395341	0	4.029	1.02
361.25	0.00317188	0.00161379	44726.1	1050	105	44249.4	37.1778	37.1778	148.711	148.711	0 24968 977.422 	25945.4	6.43011	6.55445	12703.2	670	0.0394327	0	4.029	1.02
361.5	0.00317195	0.00161403	44735.2	1050	105	44258.1	37.2117	37.2117	148.847	148.847	0 24964.8 974.716 	25939.5	6.42964	6.55445	12703.2	670	0.0393316	0	4.029	1.02
361.75	0.00317203	0.00161428	44744.3	1050	105	44266.9	37.2457	37.2457	148.983	148.983	0 24961.6 972.015 	25933.6	6.42917	6.55445	12703.2	670	0.0392305	0	4.029	1.02
362	0.00317211	0.00161453	44753.4	1050	105	44275.6	37.2796	37.2796	149.119	149.119	0 24958.4 969.318 	25927.7	6.4287	6.55445	12703.2	670	0.0391296	0	4.029	1.02
362.25	0.00317218	0.00161477	44762.5	1050	105	44284.3	37.3135	37.3135	149.254	149.254	0 24955.2 966.626 	25921.8	6.42824	6.55445	12703.2	670	0.0390288	0	4.029	1.02
362.5	0.00317226	0.00161502	44771.6	1050	105	44293.1	37.3474	37.3474	149.39	149.39	0 24952 963.938 	25915.9	6.42777	6.55445	12703.2	670	0.0389282	0	4.029	1.02
362.75	0.00317234	0.00161526	44780.6	1050	105	44301.8	37.3813	37.3813	149.525	149.525	0 24948.8 961.255 	25910	6.4273	6.55445	12703.2	670	0.0388277	0	4.029	1.02
363	0.00317242	0.00161551	44789.7	1050	105	44310.5	37.4151	37.4151	149.661	149.661	0 24945.6 958.576 	25904.1	6.42684	6.55445	12703.2	670	0.0387274	0	4.029	1.02
363.25	0.00317249	0.00161576	44798.7	1050	105	44319.3	37.449	37.449	149.796	149.796	0 24942.4 955.902 	25898.3	6.42637	6.55445	12703.2	670	0.0386271	0	4.029	1.02
363.5	0.00317257	0.001616	44807.8	1050	105	44328	37.4828	37.4828	149.931	149.931	0 24939.2 953.233 	25892.4	6.4259	6.55445	12703.2	670	0.0385271	0	4.029	1.02
363.75	0.00317265	0.00161625	44816.8	1050	105	44336.7	37.5165	37.5165	150.066	150.066	0 24936 950.568 	25886.6	6.42544	6.55445	12703.2	670	0.0384271	0	4.029	1.02
364	0.00317272	0.00161649	44825.9	1050	105	44345.4	37.5503	37.5503	150.201	150.201	0 24932.8 947.908 	25880.7	6.42497	6.55445	12703.2	670	0.0383273	0	4.029	1.02
364.25	0.0031728	0.00161674	44834.9	1050	105	44354.1	37.584	37.584	150.336	150.336	0 24929.6 945.252 	25874.9	6.42451	6.55445	12703.2	670	0.0382276	0	4.029	1.02
364.5	0.00317287	0.00161698	44844	1050	105	44362.8	37.6177	37.6177	150.471	150.471	0 24926.5 942.6 	25869.1	6.42405	6.55445	12703.2	670	0.0381281	0	4.029	1.02
364.75	0.00317295	0.00161723	44853	1050	105	44371.5	37.6514	37.6514	150.606	150.606	0 24923.3 939.954 	25863.2	6.42358	6.55445	12703.2	670	0.0380287	0	4.029	1.02
365	0.00317303	0.00161747	44862	1050	105	44380.2	37.6851	37.6851	150.74	150.74	0 24920.1 937.311 	25857.4	6.42312	6.55445	12703.2	670	0.0379294	0	4.029	1.02
365.25	0.0031731	0.00161772	44871.1	1050	105	44388.9	37.7187	37.7187	150.875	150.875	0 24916.9 934.674 	25851.6	6.42266	6.55445	12703.2	670	0.0378303	0	4.029	1.02
365.5	0.00317318	0.00161796	44880.1	1050	105	44397.6	37.7523	37.7523	151.009	151.009	0 24913.8 932.04 	25845.8	6.4222	6.55445	12703.2	670	0.0377313	0	4.029	1.02
365.75	0.00317325	0.00161821	44889.1	1050	105	44406.3	37.7859	37.7859	151.144	151.144	0 24910.6 929.412 	25840	6.42174	6.55445	12703.2	670	0.0376324	0	4.029	1.02
366	0.00317333	0.00161845	44898.1	1050	105	44414.9	37.8195	37.8195	151.278	151.278	0 24907.4 926.787 	25834.2	6.42128	6.55445	12703.2	670	0.0375337	0	4.029	1.02
366.25	0.00317341	0.0016187	44907.1	1050	105	44423.6	37.8531	37.8531	151.412	151.412	0 24904.3 924.167 	25828.4	6.42082	6.55445	12703.2	670	0.0374351	0	4.029	1.02
366.5	0.00317348	0.00161894	44916.1	1050	105	44432.3	37.8866	37.8866	151.546	151.546	0 24901.1 921.552 	25822.6	6.42036	6.55445	12703.2	670	0.0373367	0	4.029	1.02
366.75	0.00317356	0.00161918	44925.1	1050	105	44440.9	37.9201	37.9201	151.68	151.68	0 24897.9 918.941 	25816.9	6.4199	6.55445	12703.2	670	0.0372384	0	4.029	1.02
367	0.00317363	0.00161943	44934.1	1050	105	44449.6	37.9536	37.9536	151.814	151.814	0 24894.8 916.335 	25811.1	6.41944	6.55445	12703.2	670	0.0371402	0	4.029	1.02
367.25	0.00317371	0.00161967	44943.1	1050	105	44458.3	37.9871	37.9871	151.948	151.948	0 24891.6 913.733 	25805.3	6.41899	6.55445	12703.2	670	0.0370421	0	4.029	1.02
367.5	0.00317378	0.00161992	44952.1	1050	105	44466.9	38.0205	38.0205	152.082	152.082	0 24888.5 911.135 	25799.6	6.41853	6.55445	12703.2	670	0.0369442	0	4.029	1.02
367.75	0.00317386	0.00162016	44961.1	1050	105	44475.6	38.0539	38.0539	152.216	152.216	0 24885.3 908.542 	25793.8	6.41807	6.55445	12703.2	670	0.0368464	0	4.029	1.02
368	0.00317393	0.0016204	44970.1	1050	105	44484.2	38.0873	38.0873	152.349	152.349	0 24882.1 905.953 	25788.1	6.41762	6.55445	12703.2	670	0.0367488	0	4.029	1.02
368.25	0.00317401	0.00162065	44979.1	1050	105	44492.9	38.1207	38.1207	152.483	152.483	0 24879 903.369 	25782.4	6.41716	6.55445	12703.2	670	0.0366513	0	4.029	1.02
368.5	0.00317408	0.00162089	44988	1050	105	44501.5	38.1541	38.1541	152.616	152.616	0 24875.9 900.789 	25776.6	6.4167	6.55445	12703.2	670	0.0365539	0	4.029	1.02
368.75	0.00317416	0.00162113	44997	1050	105	44510.1	38.1874	38.1874	152.75	152.75	0 24872.7 898.214 	25770.9	6.41625	6.55445	12703.2	670	0.0364567	0	4.029	1.02
369	0.00317423	0.00162138	45006	1050	105	44518.8	38.2207	38.2207	152.883	152.883	0 24869.6 895.643 	25765.2	6.4158	6.55445	12703.2	670	0.0363595	0	4.029	1.02
369.25	0.00317431	0.00162162	45014.9	1050	105	44527.4	38.254	38.254	153.016	153.016	0 24866.4 893.076 	25759.5	6.41534	6.55445	12703.2	670	0.0362626	0	4.029	1.02
369.5	0.00317438	0.00162186	45023.9	1050	105	44536	38.2873	38.2873	153.149	153.149	0 24863.3 890.514 	25753.8	6.41489	6.55445	12703.2	670	0.0361657	0	4.029	1.02
369.75	0.00317446	0.0016221	45032.9	1050	105	44544.6	38.3205	38.3205	153.282	153.282	0 24860.2 887.956 	25748.1	6.41444	6.55445	12703.2	670	0.036069	0	4.029	1.02
370	0.00317453	0.00162235	45041.8	1050	105	44553.3	38.3537	38.3537	153.415	153.415	0 24857 885.403 	25742.4	6.41399	6.55445	12703.2	670	0.0359724	0	4.029	1.02
370.25	0.00317461	0.00162259	45050.7	1050	105	44561.9	38.3869	38.3869	153.548	153.548	0 24853.9 882.853 	25736.7	6.41353	6.55445	12703.2	670	0.035876	0	4.029	1.02
370.5	0.00317468	0.00162283	45059.7	1050	105	44570.5	38.4201	38.4201	153.68	153.68	0 24850.8 880.309 	25731.1	6.41308	6.55445	12703.2	670	0.0357797	0	4.029	1.02
370.75	0.00317476	0.00162307	45068.6	1050	105	44579.1	38.4533	38.4533	153.813	153.813	0 24847.6 877.768 	25725.4	6.41263	6.55445	12703.2	670	0.0356835	0	4.029	1.02
371	0.00317483	0.00162332	45077.6	1050	105	44587.7	38.4864	38.4864	153.946	153.946	0 24844.5 875.232 	25719.7	6.41218	6.55445	12703.2	670	0.0355875	0	4.029	1.02
371.25	0.0031749	0.00162356	45086.5	1050	105	44596.3	38.5195	38.5195	154.078	154.078	0 24841.4 872.701 	25714.1	6.41173	6.55445	12703.2	670	0.0354915	0	4.029	1.02
371.5	0.00317498	0.0016238	45095.4	1050	105	44604.9	38.5526	38.5526	154.21	154.21	0 24838.3 870.173 	25708.4	6.41129	6.55445	12703.2	670	0.0353958	0	4.029	1.02
371.75	0.00317505	0.00162404	45104.3	1050	105	44613.5	38.5856	38.5856	154.343	154.343	0 24835.1 867.65 	25702.8	6.41084	6.55445	12703.2	670	0.0353001	0	4.029	1.02
372	0.00317513	0.00162428	45113.3	1050	105	44622.1	38.6187	38.6187	154.475	154.475	0 24832 865.131 	25697.2	6.41039	6.55445	12703.2	670	0.0352046	0	4.029	1.02
372.25	0.0031752	0.00162453	45122.2	1050	105	44630.6	38.6517	38.6517	154.607	154.607	0 24828.9 862.617 	25691.5	6.40994	6.55445	12703.2	670	0.0351092	0	4.029	1.02
372.5	0.00317527	0.00162477	45131.1	1050	105	44639.2	38.6847	38.6847	154.739	154.739	0 24825.8 860.107 	25685.9	6.4095	6.55445	12703.2	670	0.035014	0	4.029	1.02
372.75	0.00317535	0.00162501	45140	1050	105	44647.8	38.7177	38.7177	154.871	154.871	0 24822.7 857.601 	25680.3	6.40905	6.55445	12703.2	670	0.0349188	0	4.029	1.02
373	0.00317542	0.00162525	45148.9	1050	105	44656.4	38.7506	38.7506	155.002	155.002	0 24819.6 855.099 	25674.7	6.4086	6.55445	12703.2	670	0.0348239	0	4.029	1.02
373.25	0.00317549	0.00162549	45157.8	1050	105	44664.9	38.7836	38.7836	155.134	155.134	0 24816.5 852.602 	25669.1	6.40816	6.55445	12703.2	670	0.034729	0	4.029	1.02
373.5	0.00317557	0.00162573	45166.7	1050	105	44673.5	38.8165	38.8165	155.266	155.266	0 24813.4 850.109 	25663.5	6.40771	6.55445	12703.2	670	0.0346343	0	4.029	1.02
373.75	0.00317564	0.00162597	45175.6	1050	105	44682.1	38.8493	38.8493	155.397	155.397	0 24810.3 847.621 	25657.9	6.40727	6.55445	12703.2	670	0.0345397	0	4.029	1.02
374	0.00317571	0.00162621	45184.4	1050	105	44690.6	38.8822	38.8822	155.529	155.529	0 24807.2 845.136 	25652.3	6.40682	6.55445	12703.2	670	0.0344452	0	4.029	1.02
374.25	0.00317579	0.00162645	45193.3	1050	105	44699.2	38.915	38.915	155.66	155.66	0 24804.1 842.656 	25646.7	6.40638	6.55445	12703.2	670	0.0343509	0	4.029	1.02
374.5	0.00317586	0.0016267	45202.2	1050	105	44707.7	38.9479	38.9479	155.791	155.791	0 24801 840.18 	25641.1	6.40594	6.55445	12703.2	670	0.0342567	0	4.029	1.02
374.75	0.00317593	0.00162694	45211.1	1050	105	44716.3	38.9806	38.9806	155.923	155.923	0 24797.9 837.708 	25635.6	6.4055	6.55445	12703.2	670	0.0341626	0	4.029	1.02
375	0.00317601	0.00162718	45219.9	1050	105	44724.8	39.0134	39.0134	156.054	156.054	0 24794.8 835.241 	25630	6.40505	6.55445	12703.2	670	0.0340687	0	4.029	1.02
375.25	0.00317608	0.00162742	45228.8	1050	105	44733.3	39.0462	39.0462	156.185	156.185	0 24791.7 832.778 	25624.5	6.40461	6.55445	12703.2	670	0.0339749	0	4.029	1.02
375.5	0.00317615	0.00162766	45237.7	1050	105	44741.9	39.0789	39.0789	156.316	156.316	0 24788.6 830.319 	25618.9	6.40417	6.55445	12703.2	670	0.0338812	0	4.029	1.02
375.75	0.00317623	0.0016279	45246.5	1050	105	44750.4	39.1116	39.1116	156.446	156.446	0 24785.5 827.864 	25613.4	6.40373	6.55445	12703.2	670	0.0337876	0	4.029	1.02
376	0.0031763	0.00162814	45255.4	1050	105	44758.9	39.1443	39.1443	156.577	156.577	0 24782.4 825.414 	25607.8	6.40329	6.55445	12703.2	670	0.0336942	0	4.029	1.02
376.25	0.00317637	0.00162838	45264.2	1050	105	44767.5	39.1769	39.1769	156.708	156.708	0 24779.3 822.967 	25602.3	6.40285	6.55445	12703.2	670	0.0336009	0	4.029	1.02
376.5	0.00317644	0.00162862	45273.1	1050	105	44776	39.2096	39.2096	156.838	156.838	0 24776.3 820.525 	25596.8	6.40241	6.55445	12703.2	670	0.0335077	0	4.029	1.02
376.75	0.00317652	0.00162886	45281.9	1050	105	44784.5	39.2422	39.2422	156.969	156.969	0 24773.2 818.087 	25591.3	6.40198	6.55445	12703.2	670	0.0334147	0	4.029	1.02
377	0.00317659	0.00162909	45290.7	1050	105	44793	39.2748	39.2748	157.099	157.099	0 24770.1 815.654 	25585.8	6.40154	6.55445	12703.2	670	0.0333218	0	4.029	1.02
377.25	0.00317666	0.00162933	45299.6	1050	105	44801.5	39.3073	39.3073	157.229	157.229	0 24767 813.224 	25580.3	6.4011	6.55445	12703.2	670	0.033229	0	4.029	1.02
377.5	0.00317673	0.00162957	45308.4	1050	105	44810	39.3399	39.3399	157.359	157.359	0 24764 810.799 	25574.8	6.40066	6.55445	12703.2	670	0.0331364	0	4.029	1.02
377.75	0.00317681	0.00162981	45317.2	1050	105	44818.5	39.3724	39.3724	157.49	157.49	0 24760.9 808.377 	25569.3	6.40023	6.55445	12703.2	670	0.0330439	0	4.029	1.02
378	0.00317688	0.00163005	45326	1050	105	44827	39.4049	39.4049	157.62	157.62	0 24757.8 805.96 	25563.8	6.39979	6.55445	12703.2	670	0.0329515	0	4.029	1.02
378.25	0.00317695	0.00163029	45334.9	1050	105	44835.5	39.4373	39.4373	157.749	157.749	0 24754.8 803.547 	25558.3	6.39936	6.55445	12703.2	670	0.0328592	0	4.029	1.02
378.5	0.00317702	0.00163053	45343.7	1050	105	44844	39.4698	39.4698	157.879	157.879	0 24751.7 801.139 	25552.8	6.39892	6.55445	12703.2	670	0.0327671	0	4.029	1.02
378.75	0.00317709	0.00163077	45352.5	1050	105	44852.5	39.5022	39.5022	158.009	158.009	0 24748.6 798.734 	25547.4	6.39849	6.55445	12703.2	670	0.0326751	0	4.029	1.02
379	0.00317717	0.00163101	45361.3	1050	105	44860.9	39.5346	39.5346	158.139	158.139	0 24745.6 796.334 	25541.9	6.39805	6.55445	12703.2	670	0.0325832	0	4.029	1.02
379.25	0.00317724	0.00163124	45370.1	1050	105	44869.4	39.567	39.567	158.268	158.268	0 24742.5 793.937 	25536.4	6.39762	6.55445	12703.2	670	0.0324915	0	4.029	1.02
379.5	0.00317731	0.00163148	45378.9	1050	105	44877.9	39.5994	39.5994	158.398	158.398	0 24739.5 791.545 	25531	6.39719	6.55445	12703.2	670	0.0323998	0	4.029	1.02
379.75	0.00317738	0.00163172	45387.7	1050	105	44886.4	39.6317	39.6317	158.527	158.527	0 24736.4 789.157 	25525.6	6.39676	6.55445	12703.2	670	0.0323083	0	4.029	1.02
380	0.00317745	0.00163196	45396.5	1050	105	44894.8	39.664	39.664	158.656	158.656	0 24733.3 786.773 	25520.1	6.39632	6.55445	12703.2	670	0.032217	0	4.029	1.02
380.25	0.00317752	0.0016322	45405.3	1050	105	44903.3	39.6963	39.6963	158.785	158.785	0 24730.3 784.393 	25514.7	6.39589	6.55445	12703.2	670	0.0321257	0	4.029	1.02
380.5	0.00317759	0.00163243	45414	1050	105	44911.7	39.7286	39.7286	158.914	158.914	0 24727.2 782.017 	25509.3	6.39546	6.55445	12703.2	670	0.0320346	0	4.029	1.02
380.75	0.00317767	0.00163267	45422.8	1050	105	44920.2	39.7608	39.7608	159.043	159.043	0 24724.2 779.645 	25503.8	6.39503	6.55445	12703.2	670	0.0319436	0	4.029	1.02
381	0.00317774	0.00163291	45431.6	1050	105	44928.6	39.7931	39.7931	159.172	159.172	0 24721.2 777.278 	25498.4	6.3946	6.55445	12703.2	670	0.0318528	0	4.029	1.02
381.25	0.00317781	0.00163315	45440.3	1050	105	44937.1	39.8253	39.8253	159.301	159.301	0 24718.1 774.914 	25493	6.39417	6.55445	12703.2	670	0.0317621	0	4.029	1.02
381.5	0.00317788	0.00163339	45449.1	1050	105	44945.5	39.8574	39.8574	159.43	159.43	0 24715.1 772.555 	25487.6	6.39374	6.55445	12703.2	670	0.0316715	0	4.029	1.02
381.75	0.00317795	0.00163362	45457.9	1050	105	44954	39.8896	39.8896	159.558	159.558	0 24712 770.199 	25482.2	6.39331	6.55445	12703.2	670	0.031581	0	4.029	1.02
382	0.00317802	0.00163386	45466.6	1050	105	44962.4	39.9217	39.9217	159.687	159.687	0 24709 767.848 	25476.9	6.39289	6.55445	12703.2	670	0.0314906	0	4.029	1.02
382.25	0.00317809	0.0016341	45475.4	1050	105	44970.8	39.9538	39.9538	159.815	159.815	0 24706 765.501 	25471.5	6.39246	6.55445	12703.2	670	0.0314004	0	4.029	1.02
382.5	0.00317816	0.00163433	45484.1	1050	105	44979.3	39.9859	39.9859	159.944	159.944	0 24702.9 763.157 	25466.1	6.39203	6.55445	12703.2	670	0.0313103	0	4.029	1.02
382.75	0.00317823	0.00163457	45492.9	1050	105	44987.7	40.018	40.018	160.072	160.072	0 24699.9 760.818 	25460.7	6.3916	6.55445	12703.2	670	0.0312203	0	4.029	1.02
383	0.0031783	0.00163481	45501.6	1050	105	44996.1	40.05	40.05	160.2	160.2	0 24696.9 758.483 	25455.4	6.39118	6.55445	12703.2	670	0.0311305	0	4.029	1.02
383.25	0.00317837	0.00163504	45510.3	1050	105	45004.5	40.082	40.082	160.328	160.328	0 24693.9 756.152 	25450	6.39075	6.55445	12703.2	670	0.0310408	0	4.029	1.02
383.5	0.00317845	0.00163528	45519.1	1050	105	45012.9	40.114	40.114	160.456	160.456	0 24690.8 753.824 	25444.7	6.39033	6.55445	12703.2	670	0.0309512	0	4.029	1.02
383.75	0.00317852	0.00163552	45527.8	1050	105	45021.3	40.146	40.146	160.584	160.584	0 24687.8 751.501 	25439.3	6.3899	6.55445	12703.2	670	0.0308617	0	4.029	1.02
384	0.00317859	0.00163575	45536.5	1050	105	45029.8	40.1779	40.1779	160.712	160.712	0 24684.8 749.182 	25434	6.38948	6.55445	12703.2	670	0.0307724	0	4.029	1.02
384.25	0.00317866	0.00163599	45545.3	1050	105	45038.2	40.2099	40.2099	160.839	160.839	0 24681.8 746.867 	25428.6	6.38906	6.55445	12703.2	670	0.0306831	0	4.029	1.02
384.5	0.00317873	0.00163622	45554	1050	105	45046.6	40.2418	40.2418	160.967	160.967	0 24678.8 744.556 	25423.3	6.38863	6.55445	12703.2	670	0.030594	0	4.029	1.02
384.75	0.0031788	0.00163646	45562.7	1050	105	45054.9	40.2737	40.2737	161.095	161.095	0 24675.7 742.249 	25418	6.38821	6.55445	12703.2	670	0.0305051	0	4.029	1.02
385	0.00317887	0.0016367	45571.4	1050	105	45063.3	40.3055	40.3055	161.222	161.222	0 24672.7 739.945 	25412.7	6.38779	6.55445	12703.2	670	0.0304162	0	4.029	1.02
385.25	0.00317894	0.00163693	45580.1	1050	105	45071.7	40.3373	40.3373	161.349	161.349	0 24669.7 737.646 	25407.4	6.38737	6.55445	12703.2	670	0.0303275	0	4.029	1.02
385.5	0.00317901	0.00163717	45588.8	1050	105	45080.1	40.3692	40.3692	161.477	161.477	0 24666.7 735.351 	25402.1	6.38694	6.55445	12703.2	670	0.0302389	0	4.029	1.02
385.75	0.00317908	0.0016374	45597.5	1050	105	45088.5	40.4009	40.4009	161.604	161.604	0 24663.7 733.06 	25396.8	6.38652	6.55445	12703.2	670	0.0301504	0	4.029	1.02
386	0.00317915	0.00163764	45606.2	1050	105	45096.9	40.4327	40.4327	161.731	161.731	0 24660.7 730.772 	25391.5	6.3861	6.55445	12703.2	670	0.0300621	0	4.029	1.02
386.25	0.00317922	0.00163787	45614.9	1050	105	45105.2	40.4644	40.4644	161.858	161.858	0 24657.7 728.489 	25386.2	6.38568	6.55445	12703.2	670	0.0299739	0	4.029	1.02
386.5	0.00317929	0.00163811	45623.6	1050	105	45113.6	40.4962	40.4962	161.985	161.985	0 24654.7 726.209 	25380.9	6.38526	6.55445	12703.2	670	0.0298858	0	4.029	1.02
386.75	0.00317935	0.00163834	45632.2	1050	105	45122	40.5279	40.5279	162.111	162.111	0 24651.7 723.934 	25375.6	6.38485	6.55445	12703.2	670	0.0297978	0	4.029	1.02
387	0.00317942	0.00163858	45640.9	1050	105	45130.3	40.5595	40.5595	162.238	162.238	0 24648.7 721.662 	25370.4	6.38443	6.55445	12703.2	670	0.0297099	0	4.029	1.02
387.25	0.00317949	0.00163881	45649.6	1050	105	45138.7	40.5912	40.5912	162.365	162.365	0 24645.7 719.394 	25365.1	6.38401	6.55445	12703.2	670	0.0296222	0	4.029	1.02
387.5	0.00317956	0.00163905	45658.2	1050	105	45147	40.6228	40.6228	162.491	162.491	0 24642.7 717.131 	25359.9	6.38359	6.55445	12703.2	670	0.0295346	0	4.029	1.02
387.75	0.00317963	0.00163928	45666.9	1050	105	45155.4	40.6544	40.6544	162.618	162.618	0 24639.7 714.871 	25354.6	6.38317	6.55445	12703.2	670	0.0294471	0	4.029	1.02
388	0.0031797	0.00163952	45675.6	1050	105	45163.7	40.686	40.686	162.744	162.744	0 24636.8 712.615 	25349.4	6.38276	6.55445	12703.2	670	0.0293597	0	4.029	1.02
388.25	0.00317977	0.00163975	45684.2	1050	105	45172	40.7175	40.7175	162.87	162.87	0 24633.8 710.363 	25344.1	6.38234	6.55445	12703.2	670	0.0292725	0	4.029	1.02
388.5	0.00317984	0.00163999	45692.9	1050	105	45180.4	40.7491	40.7491	162.996	162.996	0 24630.8 708.114 	25338.9	6.38193	6.55445	12703.2	670	0.0291854	0	4.029	1.02
388.75	0.00317991	0.00164022	45701.5	1050	105	45188.7	40.7806	40.7806	163.122	163.122	0 24627.8 705.87 	25333.7	6.38151	6.55445	12703.2	670	0.0290984	0	4.029	1.02
389	0.00317998	0.00164045	45710.2	1050	105	45197	40.8121	40.8121	163.248	163.248	0 24624.8 703.63 	25328.5	6.3811	6.55445	12703.2	670	0.0290115	0	4.029	1.02
389.25	0.00318005	0.00164069	45718.8	1050	105	45205.4	40.8435	40.8435	163.374	163.374	0 24621.8 701.393 	25323.2	6.38068	6.55445	12703.2	670	0.0289248	0	4.029	1.02
389.5	0.00318011	0.00164092	45727.4	1050	105	45213.7	40.875	40.875	163.5	163.5	0 24618.9 699.16 	25318	6.38027	6.55445	12703.2	670	0.0288381	0	4.029	1.02
389.75	0.00318018	0.00164116	45736.1	1050	105	45222	40.9064	40.9064	163.626	163.626	0 24615.9 696.931 	25312.8	6.37985	6.55445	12703.2	670	0.0287516	0	4.029	1.02
390	0.00318025	0.00164139	45744.7	1050	105	45230.3	40.9378	40.9378	163.751	163.751	0 24612.9 694.706 	25307.6	6.37944	6.55445	12703.2	670	0.0286652	0	4.029	1.02
390.25	0.00318032	0.00164162	45753.3	1050	105	45238.6	40.9692	40.9692	163.877	163.877	0 24610 692.485 	25302.4	6.37903	6.55445	12703.2	670	0.028579	0	4.029	1.02
390.5	0.00318039	0.00164186	45761.9	1050	105	45246.9	41.0005	41.0005	164.002	164.002	0 24607 690.268 	25297.3	6.37862	6.55445	12703.2	670	0.0284928	0	4.029	1.02
390.75	0.00318046	0.00164209	45770.6	1050	105	45255.2	41.0318	41.0318	164.127	164.127	0 24604 688.054 	25292.1	6.37821	6.55445	12703.2	670	0.0284068	0	4.029	1.02
391	0.00318053	0.00164232	45779.2	1050	105	45263.5	41.0631	41.0631	164.253	164.253	0 24601.1 685.845 	25286.9	6.3778	6.55445	12703.2	670	0.0283209	0	4.029	1.02
391.25	0.00318059	0.00164255	45787.8	1050	105	45271.8	41.0944	41.0944	164.378	164.378	0 24598.1 683.639 	25281.7	6.37738	6.55445	12703.2	670	0.0282351	0	4.029	1.02
391.5	0.00318066	0.00164279	45796.4	1050	105	45280.1	41.1257	41.1257	164.503	164.503	0 24595.1 681.437 	25276.6	6.37697	6.55445	12703.2	670	0.0281495	0	4.029	1.02
391.75	0.00318073	0.00164302	45805	1050	105	45288.4	41.1569	41.1569	164.628	164.628	0 24592.2 679.239 	25271.4	6.37657	6.55445	12703.2	670	0.0280639	0	4.029	1.02
392	0.0031808	0.00164325	45813.6	1050	105	45296.7	41.1881	41.1881	164.752	164.752	0 24589.2 677.044 	25266.3	6.37616	6.55445	12703.2	670	0.0279785	0	4.029	1.02
392.25	0.00318087	0.00164349	45822.2	1050	105	45305	41.2193	41.2193	164.877	164.877	0 24586.3 674.853 	25261.1	6.37575	6.55445	12703.2	670	0.0278932	0	4.029	1.02
392.5	0.00318093	0.00164372	45830.7	1050	105	45313.2	41.2505	41.2505	165.002	165.002	0 24583.3 672.667 	25256	6.37534	6.55445	12703.2	670	0.027808	0	4.029	1.02
392.75	0.003181	0.00164395	45839.3	1050	105	45321.5	41.2816	41.2816	165.126	165.126	0 24580.4 670.484 	25250.9	6.37493	6.55445	12703.2	670	0.027723	0	4.029	1.02
393	0.00318107	0.00164418	45847.9	1050	105	45329.8	41.3127	41.3127	165.251	165.251	0 24577.4 668.304 	25245.7	6.37452	6.55445	12703.2	670	0.027638	0	4.029	1.02
393.25	0.00318114	0.00164441	45856.5	1050	105	45338	41.3438	41.3438	165.375	165.375	0 24574.5 666.129 	25240.6	6.37412	6.55445	12703.2	670	0.0275532	0	4.029	1.02
393.5	0.00318121	0.00164465	45865.1	1050	105	45346.3	41.3749	41.3749	165.5	165.5	0 24571.5 663.957 	25235.5	6.37371	6.55445	12703.2	670	0.0274685	0	4.029	1.02
393.75	0.00318127	0.00164488	45873.6	1050	105	45354.6	41.4059	41.4059	165.624	165.624	0 24568.6 661.789 	25230.4	6.3733	6.55445	12703.2	670	0.0273839	0	4.029	1.02
394	0.00318134	0.00164511	45882.2	1050	105	45362.8	41.437	41.437	165.748	165.748	0 24565.7 659.625 	25225.3	6.3729	6.55445	12703.2	670	0.0272995	0	4.029	1.02
394.25	0.00318141	0.00164534	45890.7	1050	105	45371.1	41.468	41.468	165.872	165.872	0 24562.7 657.464 	25220.2	6.37249	6.55445	12703.2	670	0.0272151	0	4.029	1.02
394.5	0.00318147	0.00164557	45899.3	1050	105	45379.3	41.4989	41.4989	165.996	165.996	0 24559.8 655.307 	25215.1	6.37209	6.55445	12703.2	670	0.0271309	0	4.029	1.02
394.75	0.00318154	0.0016458	45907.8	1050	105	45387.5	41.5299	41.5299	166.12	166.12	0 24556.9 653.154 	25210	6.37169	6.55445	12703.2	670	0.0270468	0	4.029	1.02
395	0.00318161	0.00164604	45916.4	1050	105	45395.8	41.5608	41.5608	166.243	166.243	0 24553.9 651.005 	25204.9	6.37128	6.55445	12703.2	670	0.0269628	0	4.029	1.02
395.25	0.00318168	0.00164627	45924.9	1050	105	45404	41.5917	41.5917	166.367	166.367	0 24551 648.859 	25199.9	6.37088	6.55445	12703.2	670	0.026879	0	4.029	1.02
395.5	0.00318174	0.0016465	45933.5	1050	105	45412.2	41.6226	41.6226	166.491	166.491	0 24548.1 646.717 	25194.8	6.37048	6.55445	12703.2	670	0.0267952	0	4.029	1.02
395.75	0.00318181	0.00164673	45942	1050	105	45420.5	41.6535	41.6535	166.614	166.614	0 24545.1 644.579 	25189.7	6.37007	6.55445	12703.2	670	0.0267116	0	4.029	1.02
396	0.00318188	0.00164696	45950.5	1050	105	45428.7	41.6843	41.6843	166.737	166.737	0 24542.2 642.445 	25184.7	6.36967	6.55445	12703.2	670	0.0266281	0	4.029	1.02
396.25	0.00318194	0.00164719	45959.1	1050	105	45436.9	41.7151	41.7151	166.861	166.861	0 24539.3 640.314 	25179.6	6.36927	6.55445	12703.2	670	0.0265447	0	4.029	1.02
396.5	0.00318201	0.00164742	45967.6	1050	105	45445.1	41.7459	41.7459	166.984	166.984	0 24536.4 638.187 	25174.6	6.36887	6.55445	12703.2	670	0.0264614	0	4.029	1.02
396.75	0.00318208	0.00164765	45976.1	1050	105	45453.3	41.7767	41.7767	167.107	167.107	0 24533.5 636.063 	25169.5	6.36847	6.55445	12703.2	670	0.0263782	0	4.029	1.02
397	0.00318214	0.00164788	45984.6	1050	105	45461.5	41.8075	41.8075	167.23	167.23	0 24530.5 633.944 	25164.5	6.36807	6.55445	12703.2	670	0.0262952	0	4.029	1.02
397.25	0.00318221	0.00164811	45993.1	1050	105	45469.7	41.8382	41.8382	167.353	167.353	0 24527.6 631.828 	25159.5	6.36767	6.55445	12703.2	670	0.0262123	0	4.029	1.02
397.5	0.00318228	0.00164834	46001.6	1050	105	45477.9	41.8689	41.8689	167.476	167.476	0 24524.7 629.715 	25154.4	6.36727	6.55445	12703.2	670	0.0261295	0	4.029	1.02
397.75	0.00318234	0.00164857	46010.1	1050	105	45486.1	41.8996	41.8996	167.598	167.598	0 24521.8 627.606 	25149.4	6.36687	6.55445	12703.2	670	0.0260468	0	4.029	1.02
398	0.00318241	0.0016488	46018.6	1050	105	45494.3	41.9302	41.9302	167.721	167.721	0 24518.9 625.501 	25144.4	6.36647	6.55445	12703.2	670	0.0259642	0	4.029	1.02
398.25	0.00318248	0.00164903	46027.1	1050	105	45502.5	41.9608	41.9608	167.843	167.843	0 24516 623.4 	25139.4	6.36608	6.55445	12703.2	670	0.0258818	0	4.029	1.02
398.5	0.00318254	0.00164926	46035.6	1050	105	45510.7	41.9915	41.9915	167.966	167.966	0 24513.1 621.302 	25134.4	6.36568	6.55445	12703.2	670	0.0257994	0	4.029	1.02
398.75	0.00318261	0.00164949	46044.1	1050	105	45518.9	42.022	42.022	168.088	168.088	0 24510.2 619.208 	25129.4	6.36528	6.55445	12703.2	670	0.0257172	0	4.029	1.02
399	0.00318267	0.00164972	46052.6	1050	105	45527	42.0526	42.0526	168.21	168.21	0 24507.3 617.117 	25124.4	6.36489	6.55445	12703.2	670	0.0256351	0	4.029	1.02
399.25	0.00318274	0.00164995	46061	1050	105	45535.2	42.0831	42.0831	168.333	168.333	0 24504.4 615.03 	25119.4	6.36449	6.55445	12703.2	670	0.0255531	0	4.029	1.02
399.5	0.00318281	0.00165018	46069.5	1050	105	45543.4	42.1136	42.1136	168.455	168.455	0 24501.5 612.947 	25114.5	6.36409	6.55445	12703.2	670	0.0254712	0	4.029	1.02
399.75	0.00318287	0.00165041	46078	1050	105	45551.5	42.1441	42.1441	168.577	168.577	0 24498.6 610.867 	25109.5	6.3637	6.55445	12703.2	670	0.0253895	0	4.029	1.02
400	0.00318294	0.00165064	46086.4	1050	105	45559.7	42.1746	42.1746	168.698	168.698	0 24495.7 608.791 	25104.5	6.36331	6.55445	12703.2	670	0.0253078	0	4.029	1.02
400.25	0.003183	0.00165086	46094.9	1050	105	45567.8	42.2051	42.2051	168.82	168.82	0 24492.8 606.719 	25099.6	6.36291	6.55445	12703.2	670	0.0252263	0	4.029	1.02
400.5	0.00318307	0.00165109	46103.3	1050	105	45576	42.2355	42.2355	168.942	168.942	0 24489.9 604.65 	25094.6	6.36252	6.55445	12703.2	670	0.0251449	0	4.029	1.02
400.75	0.00318314	0.00165132	46111.8	1050	105	45584.1	42.2659	42.2659	169.063	169.063	0 24487.1 602.584 	25089.6	6.36212	6.55445	12703.2	670	0.0250636	0	4.029	1.02
401	0.0031832	0.00165155	46120.2	1050	105	45592.3	42.2962	42.2962	169.185	169.185	0 24484.2 600.523 	25084.7	6.36173	6.55445	12703.2	670	0.0249824	0	4.029	1.02
401.25	0.00318327	0.00165178	46128.7	1050	105	45600.4	42.3266	42.3266	169.306	169.306	0 24481.3 598.464 	25079.8	6.36134	6.55445	12703.2	670	0.0249013	0	4.029	1.02
401.5	0.00318333	0.00165201	46137.1	1050	105	45608.6	42.3569	42.3569	169.428	169.428	0 24478.4 596.41 	25074.8	6.36095	6.55445	12703.2	670	0.0248204	0	4.029	1.02
401.75	0.0031834	0.00165223	46145.6	1050	105	45616.7	42.3872	42.3872	169.549	169.549	0 24475.5 594.359 	25069.9	6.36056	6.55445	12703.2	670	0.0247396	0	4.029	1.02
402	0.00318346	0.00165246	46154	1050	105	45624.8	42.4175	42.4175	169.67	169.67	0 24472.7 592.311 	25065	6.36016	6.55445	12703.2	670	0.0246588	0	4.029	1.02
402.25	0.00318353	0.00165269	46162.4	1050	105	45632.9	42.4478	42.4478	169.791	169.791	0 24469.8 590.267 	25060.1	6.35977	6.55445	12703.2	670	0.0245782	0	4.029	1.02
402.5	0.00318359	0.00165292	46170.8	1050	105	45641.1	42.478	42.478	169.912	169.912	0 24466.9 588.227 	25055.1	6.35938	6.55445	12703.2	670	0.0244977	0	4.029	1.02
402.75	0.00318366	0.00165315	46179.3	1050	105	45649.2	42.5082	42.5082	170.033	170.033	0 24464.1 586.19 	25050.2	6.35899	6.55445	12703.2	670	0.0244174	0	4.029	1.02
403	0.00318372	0.00165337	46187.7	1050	105	45657.3	42.5384	42.5384	170.154	170.154	0 24461.2 584.157 	25045.3	6.3586	6.55445	12703.2	670	0.0243371	0	4.029	1.02
403.25	0.00318379	0.0016536	46196.1	1050	105	45665.4	42.5686	42.5686	170.274	170.274	0 24458.3 582.127 	25040.4	6.35822	6.55445	12703.2	670	0.0242569	0	4.029	1.02
403.5	0.00318385	0.00165383	46204.5	1050	105	45673.5	42.5987	42.5987	170.395	170.395	0 24455.5 580.1 	25035.6	6.35783	6.55445	12703.2	670	0.0241769	0	4.029	1.02
403.75	0.00318392	0.00165405	46212.9	1050	105	45681.6	42.6288	42.6288	170.515	170.515	0 24452.6 578.078 	25030.7	6.35744	6.55445	12703.2	670	0.024097	0	4.029	1.02
404	0.00318398	0.00165428	46221.3	1050	105	45689.7	42.6589	42.6589	170.636	170.636	0 24449.7 576.058 	25025.8	6.35705	6.55445	12703.2	670	0.0240172	0	4.029	1.02
404.25	0.00318405	0.00165451	46229.7	1050	105	45697.8	42.689	42.689	170.756	170.756	0 24446.9 574.043 	25020.9	6.35666	6.55445	12703.2	670	0.0239375	0	4.029	1.02
404.5	0.00318411	0.00165474	46238.1	1050	105	45705.9	42.7191	42.7191	170.876	170.876	0 24444 572.03 	25016.1	6.35628	6.55445	12703.2	670	0.0238579	0	4.029	1.02
404.75	0.00318418	0.00165496	46246.4	1050	105	45713.9	42.7491	42.7491	170.996	170.996	0 24441.2 570.022 	25011.2	6.35589	6.55445	12703.2	670	0.0237784	0	4.029	1.02
405	0.00318424	0.00165519	46254.8	1050	105	45722	42.7791	42.7791	171.116	171.116	0 24438.3 568.016 	25006.3	6.35551	6.55445	12703.2	670	0.0236991	0	4.029	1.02
405.25	0.0031843	0.00165541	46263.2	1050	105	45730.1	42.8091	42.8091	171.236	171.236	0 24435.5 566.014 	25001.5	6.35512	6.55445	12703.2	670	0.0236198	0	4.029	1.02
405.5	0.00318437	0.00165564	46271.6	1050	105	45738.2	42.839	42.839	171.356	171.356	0 24432.6 564.016 	24996.6	6.35474	6.55445	12703.2	670	0.0235407	0	4.029	1.02
405.75	0.00318443	0.00165587	46279.9	1050	105	45746.2	42.869	42.869	171.476	171.476	0 24429.8 562.021 	24991.8	6.35435	6.55445	12703.2	670	0.0234617	0	4.029	1.02
406	0.0031845	0.00165609	46288.3	1050	105	45754.3	42.8989	42.8989	171.595	171.595	0 24426.9 560.03 	24987	6.35397	6.55445	12703.2	670	0.0233827	0	4.029	1.02
406.25	0.00318456	0.00165632	46296.6	1050	105	45762.4	42.9288	42.9288	171.715	171.715	0 24424.1 558.042 	24982.1	6.35358	6.55445	12703.2	670	0.0233039	0	4.029	1.02
406.5	0.00318462	0.00165655	46305	1050	105	45770.4	42.9586	42.9586	171.834	171.834	0 24421.3 556.057 	24977.3	6.3532	6.55445	12703.2	670	0.0232253	0	4.029	1.02
406.75	0.00318469	0.00165677	46313.3	1050	105	45778.5	42.9885	42.9885	171.954	171.954	0 24418.4 554.076 	24972.5	6.35282	6.55445	12703.2	670	0.0231467	0	4.029	1.02
407	0.00318475	0.001657	46321.7	1050	105	45786.5	43.0183	43.0183	172.073	172.073	0 24415.6 552.099 	24967.7	6.35244	6.55445	12703.2	670	0.0230682	0	4.029	1.02
407.25	0.00318482	0.00165722	46330	1050	105	45794.6	43.0481	43.0481	172.192	172.192	0 24412.8 550.124 	24962.9	6.35205	6.55445	12703.2	670	0.0229899	0	4.029	1.02
407.5	0.00318488	0.00165745	46338.4	1050	105	45802.6	43.0778	43.0778	172.311	172.311	0 24409.9 548.154 	24958.1	6.35167	6.55445	12703.2	670	0.0229116	0	4.029	1.02
407.75	0.00318494	0.00165767	46346.7	1050	105	45810.6	43.1076	43.1076	172.43	172.43	0 24407.1 546.186 	24953.3	6.35129	6.55445	12703.2	670	0.0228335	0	4.029	1.02
408	0.00318501	0.0016579	46355	1050	105	45818.7	43.1373	43.1373	172.549	172.549	0 24404.3 544.222 	24948.5	6.35091	6.55445	12703.2	670	0.0227555	0	4.029	1.02
408.25	0.00318507	0.00165812	46363.4	1050	105	45826.7	43.167	43.167	172.668	172.668	0 24401.4 542.262 	24943.7	6.35053	6.55445	12703.2	670	0.0226776	0	4.029	1.02
408.5	0.00318513	0.00165835	46371.7	1050	105	45834.7	43.1967	43.1967	172.787	172.787	0 24398.6 540.305 	24938.9	6.35015	6.55445	12703.2	670	0.0225998	0	4.029	1.02
408.75	0.0031852	0.00165857	46380	1050	105	45842.7	43.2263	43.2263	172.905	172.905	0 24395.8 538.351 	24934.2	6.34977	6.55445	12703.2	670	0.0225221	0	4.029	1.02
409	0.00318526	0.0016588	46388.3	1050	105	45850.7	43.256	43.256	173.024	173.024	0 24393 536.4 	24929.4	6.34939	6.55445	12703.2	670	0.0224445	0	4.029	1.02
409.25	0.00318532	0.00165902	46396.6	1050	105	45858.7	43.2856	43.2856	173.142	173.142	0 24390.2 534.453 	24924.6	6.34902	6.55445	12703.2	670	0.0223671	0	4.029	1.02
409.5	0.00318539	0.00165925	46404.9	1050	105	45866.8	43.3152	43.3152	173.261	173.261	0 24387.4 532.51 	24919.9	6.34864	6.55445	12703.2	670	0.0222897	0	4.029	1.02
409.75	0.00318545	0.00165947	46413.2	1050	105	45874.8	43.3447	43.3447	173.379	173.379	0 24384.5 530.57 	24915.1	6.34826	6.55445	12703.2	670	0.0222125	0	4.029	1.02
410	0.00318551	0.00165969	46421.5	1050	105	45882.8	43.3743	43.3743	173.497	173.497	0 24381.7 528.633 	24910.4	6.34788	6.55445	12703.2	670	0.0221354	0	4.029	1.02
410.25	0.00318558	0.00165992	46429.8	1050	105	45890.7	43.4038	43.4038	173.615	173.615	0 24378.9 526.699 	24905.6	6.34751	6.55445	12703.2	670	0.0220583	0	4.029	1.02
410.5	0.00318564	0.00166014	46438.1	1050	105	45898.7	43.4333	43.4333	173.733	173.733	0 24376.1 524.769 	24900.9	6.34713	6.55445	12703.2	670	0.0219814	0	4.029	1.02
410.75	0.0031857	0.00166037	46446.4	1050	105	45906.7	43.4627	43.4627	173.851	173.851	0 24373.3 522.842 	24896.2	6.34675	6.55445	12703.2	670	0.0219046	0	4.029	1.02
411	0.00318577	0.00166059	46454.6	1050	105	45914.7	43.4922	43.4922	173.969	173.969	0 24370.5 520.919 	24891.4	6.34638	6.55445	12703.2	670	0.0218279	0	4.029	1.02
411.25	0.00318583	0.00166081	46462.9	1050	105	45922.7	43.5216	43.5216	174.086	174.086	0 24367.7 518.999 	24886.7	6.346	6.55445	12703.2	670	0.0217513	0	4.029	1.02
411.5	0.00318589	0.00166104	46471.2	1050	105	45930.7	43.551	43.551	174.204	174.204	0 24364.9 517.082 	24882	6.34563	6.55445	12703.2	670	0.0216749	0	4.029	1.02
411.75	0.00318595	0.00166126	46479.4	1050	105	45938.6	43.5804	43.5804	174.322	174.322	0 24362.1 515.169 	24877.3	6.34525	6.55445	12703.2	670	0.0215985	0	4.029	1.02
412	0.00318602	0.00166148	46487.7	1050	105	45946.6	43.6097	43.6097	174.439	174.439	0 24359.3 513.259 	24872.6	6.34488	6.55445	12703.2	670	0.0215222	0	4.029	1.02
412.25	0.00318608	0.00166171	46495.9	1050	105	45954.6	43.6391	43.6391	174.556	174.556	0 24356.5 511.352 	24867.9	6.34451	6.55445	12703.2	670	0.0214461	0	4.029	1.02
412.5	0.00318614	0.00166193	46504.2	1050	105	45962.5	43.6684	43.6684	174.673	174.673	0 24353.7 509.448 	24863.2	6.34414	6.55445	12703.2	670	0.0213701	0	4.029	1.02
412.75	0.0031862	0.00166215	46512.4	1050	105	45970.5	43.6976	43.6976	174.791	174.791	0 24351 507.548 	24858.5	6.34376	6.55445	12703.2	670	0.0212941	0	4.029	1.02
413	0.00318627	0.00166237	46520.7	1050	105	45978.4	43.7269	43.7269	174.908	174.908	0 24348.2 505.651 	24853.8	6.34339	6.55445	12703.2	670	0.0212183	0	4.029	1.02
413.25	0.00318633	0.0016626	46528.9	1050	105	45986.4	43.7561	43.7561	175.025	175.025	0 24345.4 503.758 	24849.1	6.34302	6.55445	12703.2	670	0.0211426	0	4.029	1.02
413.5	0.00318639	0.00166282	46537.2	1050	105	45994.3	43.7854	43.7854	175.141	175.141	0 24342.6 501.868 	24844.5	6.34265	6.55445	12703.2	670	0.021067	0	4.029	1.02
413.75	0.00318645	0.00166304	46545.4	1050	105	46002.2	43.8145	43.8145	175.258	175.258	0 24339.8 499.981 	24839.8	6.34228	6.55445	12703.2	670	0.0209915	0	4.029	1.02
414	0.00318651	0.00166326	46553.6	1050	105	46010.2	43.8437	43.8437	175.375	175.375	0 24337 498.097 	24835.1	6.34191	6.55445	12703.2	670	0.0209161	0	4.029	1.02
414.25	0.00318658	0.00166349	46561.8	1050	105	46018.1	43.8729	43.8729	175.491	175.491	0 24334.3 496.216 	24830.5	6.34154	6.55445	12703.2	670	0.0208408	0	4.029	1.02
414.5	0.00318664	0.00166371	46570	1050	105	46026	43.902	43.902	175.608	175.608	0 24331.5 494.339 	24825.8	6.34117	6.55445	12703.2	670	0.0207656	0	4.029	1.02
414.75	0.0031867	0.00166393	46578.2	1050	105	46033.9	43.9311	43.9311	175.724	175.724	0 24328.7 492.465 	24821.2	6.3408	6.55445	12703.2	670	0.0206906	0	4.029	1.02
415	0.00318676	0.00166415	46586.5	1050	105	46041.9	43.9601	43.9601	175.841	175.841	0 24326 490.595 	24816.6	6.34043	6.55445	12703.2	670	0.0206156	0	4.029	1.02
415.25	0.00318682	0.00166437	46594.7	1050	105	46049.8	43.9892	43.9892	175.957	175.957	0 24323.2 488.727 	24811.9	6.34006	6.55445	12703.2	670	0.0205407	0	4.029	1.02
415.5	0.00318688	0.00166459	46602.9	1050	105	46057.7	44.0182	44.0182	176.073	176.073	0 24320.4 486.863 	24807.3	6.33969	6.55445	12703.2	670	0.020466	0	4.029	1.02
415.75	0.00318695	0.00166482	46611	1050	105	46065.6	44.0472	44.0472	176.189	176.189	0 24317.7 485.002 	24802.7	6.33933	6.55445	12703.2	670	0.0203913	0	4.029	1.02
416	0.00318701	0.00166504	46619.2	1050	105	46073.5	44.0762	44.0762	176.305	176.305	0 24314.9 483.145 	24798	6.33896	6.55445	12703.2	670	0.0203168	0	4.029	1.02
416.25	0.00318707	0.00166526	46627.4	1050	105	46081.4	44.1052	44.1052	176.421	176.421	0 24312.1 481.29 	24793.4	6.33859	6.55445	12703.2	670	0.0202424	0	4.029	1.02
416.5	0.00318713	0.00166548	46635.6	1050	105	46089.3	44.1342	44.1342	176.537	176.537	0 24309.4 479.439 	24788.8	6.33823	6.55445	12703.2	670	0.0201681	0	4.029	1.02
416.75	0.00318719	0.0016657	46643.8	1050	105	46097.1	44.1632	44.1632	176.653	176.653	0 24306.6 477.592 	24784.2	6.33786	6.55445	12703.2	670	0.0200939	0	4.029	1.02
417	0.00318725	0.00166592	46651.9	1050	105	46105	44.1924	44.1924	176.769	176.769	0 24303.9 475.748 	24779.6	6.3375	6.55445	12703.2	670	0.0200198	0	4.029	1.02
417.25	0.00318731	0.00166614	46660.1	1050	105	46112.9	44.2216	44.2216	176.886	176.886	0 24301.1 473.908 	24775	6.33713	6.55445	12703.2	670	0.0199459	0	4.029	1.02
417.5	0.00318738	0.00166636	46668.3	1050	105	46120.8	44.2508	44.2508	177.003	177.003	0 24298.4 472.071 	24770.4	6.33677	6.55445	12703.2	670	0.019872	0	4.029	1.02
417.75	0.00318744	0.00166658	46676.4	1050	105	46128.6	44.2802	44.2802	177.121	177.121	0 24295.6 470.238 	24765.9	6.3364	6.55445	12703.2	670	0.0197983	0	4.029	1.02
418	0.0031875	0.0016668	46684.6	1050	105	46136.5	44.3096	44.3096	177.238	177.238	0 24292.9 468.408 	24761.3	6.33604	6.55445	12703.2	670	0.0197247	0	4.029	1.02
418.25	0.00318756	0.00166702	46692.7	1050	105	46144.4	44.339	44.339	177.356	177.356	0 24290.1 466.582 	24756.7	6.33568	6.55445	12703.2	670	0.0196513	0	4.029	1.02
418.5	0.00318762	0.00166724	46700.9	1050	105	46152.2	44.3686	44.3686	177.474	177.474	0 24287.4 464.76 	24752.2	6.33532	6.55445	12703.2	670	0.0195779	0	4.029	1.02
418.75	0.00318768	0.00166746	46709	1050	105	46160.1	44.3982	44.3982	177.593	177.593	0 24284.7 462.941 	24747.6	6.33495	6.55445	12703.2	670	0.0195047	0	4.029	1.02
419	0.00318774	0.00166768	46717.2	1050	105	46167.9	44.4279	44.4279	177.712	177.712	0 24281.9 461.126 	24743	6.33459	6.55445	12703.2	670	0.0194316	0	4.029	1.02
419.25	0.0031878	0.0016679	46725.3	1050	105	46175.7	44.4576	44.4576	177.831	177.831	0 24279.2 459.314 	24738.5	6.33423	6.55445	12703.2	670	0.0193586	0	4.029	1.02
419.5	0.00318786	0.00166812	46733.4	1050	105	46183.6	44.4874	44.4874	177.95	177.95	0 24276.4 457.505 	24733.9	6.33387	6.55445	12703.2	670	0.0192858	0	4.029	1.02
419.75	0.00318792	0.00166834	46741.6	1050	105	46191.4	44.5173	44.5173	178.069	178.069	0 24273.7 455.701 	24729.4	6.33351	6.55445	12703.2	670	0.019213	0	4.029	1.02
420	0.00318798	0.00166856	46749.7	1050	105	46199.2	44.5473	44.5473	178.189	178.189	0 24271 453.899 	24724.9	6.33315	6.55445	12703.2	670	0.0191404	0	4.029	1.02
420.25	0.00318804	0.00166878	46757.8	1050	105	46207	44.5773	44.5773	178.309	178.309	0 24268.2 452.101 	24720.3	6.33279	6.55445	12703.2	670	0.0190679	0	4.029	1.02
420.5	0.0031881	0.001669	46765.9	1050	105	46214.8	44.6074	44.6074	178.43	178.43	0 24265.5 450.307 	24715.8	6.33243	6.55445	12703.2	670	0.0189955	0	4.029	1.02
420.75	0.00318816	0.00166922	46774	1050	105	46222.7	44.6376	44.6376	178.55	178.55	0 24262.8 448.516 	24711.3	6.33207	6.55445	12703.2	670	0.0189233	0	4.029	1.02
421	0.00318822	0.00166944	46782.1	1050	105	46230.5	44.6678	44.6678	178.671	178.671	0 24260.1 446.729 	24706.8	6.33171	6.55445	12703.2	670	0.0188511	0	4.029	1.02
421.25	0.00318828	0.00166966	46790.2	1050	105	46238.3	44.6981	44.6981	178.792	178.792	0 24257.3 444.945 	24702.3	6.33136	6.55445	12703.2	670	0.0187791	0	4.029	1.02
421.5	0.00318834	0.00166987	46798.3	1050	105	46246.1	44.7285	44.7285	178.914	178.914	0 24254.6 443.165 	24697.8	6.331	6.55445	12703.2	670	0.0187072	0	4.029	1.02
421.75	0.0031884	0.00167009	46806.4	1050	105	46253.8	44.7589	44.7589	179.036	179.036	0 24251.9 441.388 	24693.3	6.33064	6.55445	12703.2	670	0.0186354	0	4.029	1.02
422	0.00318846	0.00167031	46814.5	1050	105	46261.6	44.7894	44.7894	179.158	179.158	0 24249.2 439.615 	24688.8	6.33028	6.55445	12703.2	670	0.0185638	0	4.029	1.02
422.25	0.00318852	0.00167053	46822.6	1050	105	46269.4	44.82	44.82	179.28	179.28	0 24246.5 437.845 	24684.3	6.32993	6.55445	12703.2	670	0.0184922	0	4.029	1.02
422.5	0.00318858	0.00167075	46830.7	1050	105	46277.2	44.8506	44.8506	179.403	179.403	0 24243.8 436.079 	24679.8	6.32957	6.55445	12703.2	670	0.0184208	0	4.029	1.02
422.75	0.00318864	0.00167097	46838.8	1050	105	46285	44.8814	44.8814	179.525	179.525	0 24241.1 434.316 	24675.4	6.32922	6.55445	12703.2	670	0.0183495	0	4.029	1.02
423	0.0031887	0.00167118	46846.8	1050	105	46292.7	44.9121	44.9121	179.649	179.649	0 24238.3 432.556 	24670.9	6.32886	6.55445	12703.2	670	0.0182783	0	4.029	1.02
423.25	0.00318876	0.0016714	46854.9	1050	105	46300.5	44.943	44.943	179.772	179.772	0 24235.6 430.8 	24666.4	6.32851	6.55445	12703.2	670	0.0182072	0	4.029	1.02
423.5	0.00318882	0.00167162	46863	1050	105	46308.2	44.9739	44.9739	179.896	179.896	0 24232.9 429.048 	24662	6.32815	6.55445	12703.2	670	0.0181363	0	4.029	1.02
423.75	0.00318888	0.00167184	46871	1050	105	46316	45.0049	45.0049	180.02	180.02	0 24230.2 427.298 	24657.5	6.3278	6.55445	12703.2	670	0.0180655	0	4.029	1.02
424	0.00318894	0.00167205	46879.1	1050	105	46323.7	45.036	45.036	180.144	180.144	0 24227.5 425.553 	24653.1	6.32745	6.55445	12703.2	670	0.0179948	0	4.029	1.02
424.25	0.003189	0.00167227	46887.1	1050	105	46331.5	45.0671	45.0671	180.269	180.269	0 24224.8 423.81 	24648.6	6.3271	6.55445	12703.2	670	0.0179242	0	4.029	1.02
424.5	0.00318906	0.00167249	46895.2	1050	105	46339.2	45.0983	45.0983	180.393	180.393	0 24222.1 422.072 	24644.2	6.32674	6.55445	12703.2	670	0.0178537	0	4.029	1.02
424.75	0.00318912	0.00167271	46903.2	1050	105	46346.9	45.1296	45.1296	180.518	180.518	0 24219.4 420.336 	24639.8	6.32639	6.55445	12703.2	670	0.0177833	0	4.029	1.02
425	0.00318918	0.00167292	46911.3	1050	105	46354.7	45.161	45.161	180.644	180.644	0 24216.7 418.604 	24635.3	6.32604	6.55445	12703.2	670	0.0177131	0	4.029	1.02
425.25	0.00318924	0.00167314	46919.3	1050	105	46362.4	45.1924	45.1924	180.769	180.769	0 24214 416.876 	24630.9	6.32569	6.55445	12703.2	670	0.017643	0	4.029	1.02
425.5	0.00318929	0.00167336	46927.3	1050	105	46370.1	45.2239	45.2239	180.895	180.895	0 24211.4 415.15 	24626.5	6.32534	6.55445	12703.2	670	0.0175729	0	4.029	1.02
425.75	0.00318935	0.00167357	46935.4	1050	105	46377.8	45.2554	45.2554	181.022	181.022	0 24208.7 413.429 	24622.1	6.32499	6.55445	12703.2	670	0.0175031	0	4.029	1.02
426	0.00318941	0.00167379	46943.4	1050	105	46385.5	45.287	45.287	181.148	181.148	0 24206 411.71 	24617.7	6.32464	6.55445	12703.2	670	0.0174333	0	4.029	1.02
426.25	0.00318947	0.00167401	46951.4	1050	105	46393.2	45.3187	45.3187	181.275	181.275	0 24203.3 409.995 	24613.3	6.32429	6.55445	12703.2	670	0.0173636	0	4.029	1.02
426.5	0.00318953	0.00167422	46959.4	1050	105	46400.9	45.3505	45.3505	181.402	181.402	0 24200.6 408.284 	24608.9	6.32394	6.55445	12703.2	670	0.0172941	0	4.029	1.02
426.75	0.00318959	0.00167444	46967.4	1050	105	46408.6	45.3823	45.3823	181.529	181.529	0 24197.9 406.575 	24604.5	6.32359	6.55445	12703.2	670	0.0172247	0	4.029	1.02
427	0.00318965	0.00167466	46975.4	1050	105	46416.3	45.4142	45.4142	181.657	181.657	0 24195.3 404.87 	24600.1	6.32324	6.55445	12703.2	670	0.0171554	0	4.029	1.02
427.25	0.0031897	0.00167487	46983.4	1050	105	46424	45.4462	45.4462	181.785	181.785	0 24192.6 403.169 	24595.7	6.3229	6.55445	12703.2	670	0.0170862	0	4.029	1.02
427.5	0.00318976	0.00167509	46991.4	1050	105	46431.6	45.4783	45.4783	181.913	181.913	0 24189.9 401.471 	24591.4	6.32255	6.55445	12703.2	670	0.0170171	0	4.029	1.02
427.75	0.00318982	0.0016753	46999.4	1050	105	46439.3	45.5104	45.5104	182.042	182.042	0 24187.2 399.776 	24587	6.3222	6.55445	12703.2	670	0.0169482	0	4.029	1.02
428	0.00318988	0.00167552	47007.4	1050	105	46447	45.5426	45.5426	182.17	182.17	0 24184.6 398.085 	24582.6	6.32185	6.55445	12703.2	670	0.0168793	0	4.029	1.02
428.25	0.00318994	0.00167573	47015.4	1050	105	46454.6	45.5748	45.5748	182.299	182.299	0 24181.9 396.397 	24578.3	6.32151	6.55445	12703.2	670	0.0168106	0	4.029	1.02
428.5	0.00319	0.00167595	47023.4	1050	105	46462.3	45.6072	45.6072	182.429	182.429	0 24179.2 394.712 	24573.9	6.32116	6.55445	12703.2	670	0.016742	0	4.029	1.02
428.75	0.00319005	0.00167616	47031.3	1050	105	46469.9	45.6396	45.6396	182.558	182.558	0 24176.6 393.031 	24569.6	6.32082	6.55445	12703.2	670	0.0166735	0	4.029	1.02
429	0.00319011	0.00167638	47039.3	1050	105	46477.6	45.672	45.672	182.688	182.688	0 24173.9 391.353 	24565.2	6.32047	6.55445	12703.2	670	0.0166051	0	4.029	1.02
429.25	0.00319017	0.00167659	47047.3	1050	105	46485.2	45.7046	45.7046	182.818	182.818	0 24171.2 389.678 	24560.9	6.32013	6.55445	12703.2	670	0.0165369	0	4.029	1.02
429.5	0.00319023	0.00167681	47055.2	1050	105	46492.9	45.7372	45.7372	182.949	182.949	0 24168.6 388.007 	24556.6	6.31978	6.55445	12703.2	670	0.0164687	0	4.029	1.02
429.75	0.00319029	0.00167702	47063.2	1050	105	46500.5	45.7699	45.7699	183.08	183.08	0 24165.9 386.339 	24552.3	6.31944	6.55445	12703.2	670	0.0164007	0	4.029	1.02
430	0.00319034	0.00167724	47071.2	1050	105	46508.1	45.8026	45.8026	183.211	183.211	0 24163.3 384.674 	24547.9	6.3191	6.55445	12703.2	670	0.0163328	0	4.029	1.02
430.25	0.0031904	0.00167745	47079.1	1050	105	46515.7	45.8355	45.8355	183.342	183.342	0 24160.6 383.012 	24543.6	6.31876	6.55445	12703.2	670	0.016265	0	4.029	1.02
430.5	0.00319046	0.00167767	47087	1050	105	46523.4	45.8684	45.8684	183.473	183.473	0 24158 381.354 	24539.3	6.31841	6.55445	12703.2	670	0.0161973	0	4.029	1.02
430.75	0.00319052	0.00167788	47095	1050	105	46531	45.9013	45.9013	183.605	183.605	0 24155.3 379.7 	24535	6.31807	6.55445	12703.2	670	0.0161298	0	4.029	1.02
431	0.00319057	0.0016781	47102.9	1050	105	46538.6	45.9344	45.9344	183.738	183.738	0 24152.7 378.048 	24530.7	6.31773	6.55445	12703.2	670	0.0160623	0	4.029	1.02
431.25	0.00319063	0.00167831	47110.9	1050	105	46546.2	45.9675	45.9675	183.87	183.87	0 24150 376.4 	24526.4	6.31739	6.55445	12703.2	670	0.015995	0	4.029	1.02
431.5	0.00319069	0.00167852	47118.8	1050	105	46553.8	46.0007	46.0007	184.003	184.003	0 24147.4 374.755 	24522.1	6.31705	6.55445	12703.2	670	0.0159278	0	4.029	1.02
431.75	0.00319075	0.00167874	47126.7	1050	105	46561.4	46.0339	46.0339	184.136	184.136	0 24144.7 373.113 	24517.8	6.31671	6.55445	12703.2	670	0.0158607	0	4.029	1.02
432	0.0031908	0.00167895	47134.6	1050	105	46568.9	46.0673	46.0673	184.269	184.269	0 24142.1 371.475 	24513.6	6.31637	6.55445	12703.2	670	0.0157937	0	4.029	1.02
432.25	0.00319086	0.00167917	47142.5	1050	105	46576.5	46.1007	46.1007	184.403	184.403	0 24139.4 369.84 	24509.3	6.31603	6.55445	12703.2	670	0.0157268	0	4.029	1.02
432.5	0.00319092	0.00167938	47150.4	1050	105	46584.1	46.1341	46.1341	184.537	184.537	0 24136.8 368.208 	24505	6.31569	6.55445	12703.2	670	0.01566	0	4.029	1.02
432.75	0.00319097	0.00167959	47158.4	1050	105	46591.7	46.1677	46.1677	184.671	184.671	0 24134.2 366.58 	24500.8	6.31535	6.55445	12703.2	670	0.0155934	0	4.029	1.02
433	0.00319103	0.00167981	47166.3	1050	105	46599.2	46.2013	46.2013	184.805	184.805	0 24131.5 364.955 	24496.5	6.31501	6.55445	12703.2	670	0.0155269	0	4.029	1.02
433.25	0.00319109	0.00168002	47174.1	1050	105	46606.8	46.235	46.235	184.94	184.94	0 24128.9 363.333 	24492.2	6.31468	6.55445	12703.2	670	0.0154604	0	4.029	1.02
433.5	0.00319114	0.00168023	47182	1050	105	46614.4	46.2687	46.2687	185.075	185.075	0 24126.3 361.714 	24488	6.31434	6.55445	12703.2	670	0.0153941	0	4.029	1.02
433.75	0.0031912	0.00168044	47189.9	1050	105	46621.9	46.3026	46.3026	185.21	185.21	0 24123.7 360.098 	24483.8	6.314	6.55445	12703.2	670	0.0153279	0	4.029	1.02
434	0.00319126	0.00168066	47197.8	1050	105	46629.4	46.3365	46.3365	185.346	185.346	0 24121 358.486 	24479.5	6.31367	6.55445	12703.2	670	0.0152619	0	4.029	1.02
434.25	0.00319131	0.00168087	47205.7	1050	105	46637	46.3705	46.3705	185.482	185.482	0 24118.4 356.877 	24475.3	6.31333	6.55445	12703.2	670	0.0151959	0	4.029	1.02
434.5	0.00319137	0.00168108	47213.6	1050	105	46644.5	46.4045	46.4045	185.618	185.618	0 24115.8 355.271 	24471.1	6.31299	6.55445	12703.2	670	0.01513	0	4.029	1.02
434.75	0.00319143	0.0016813	47221.4	1050	105	46652	46.4386	46.4386	185.755	185.755	0 24113.2 353.669 	24466.8	6.31266	6.55445	12703.2	670	0.0150643	0	4.029	1.02
435	0.00319148	0.00168151	47229.3	1050	105	46659.6	46.4728	46.4728	185.891	185.891	0 24110.5 352.07 	24462.6	6.31232	6.55445	12703.2	670	0.0149987	0	4.029	1.02
435.25	0.00319154	0.00168172	47237.2	1050	105	46667.1	46.5071	46.5071	186.028	186.028	0 24107.9 350.473 	24458.4	6.31199	6.55445	12703.2	670	0.0149332	0	4.029	1.02
435.5	0.0031916	0.00168193	47245	1050	105	46674.6	46.5414	46.5414	186.166	186.166	0 24105.3 348.881 	24454.2	6.31166	6.55445	12703.2	670	0.0148678	0	4.029	1.02
435.75	0.00319165	0.00168214	47252.9	1050	105	46682.1	46.5758	46.5758	186.303	186.303	0 24102.7 347.291 	24450	6.31132	6.55445	12703.2	670	0.0148025	0	4.029	1.02
436	0.00319171	0.00168236	47260.7	1050	105	46689.6	46.6103	46.6103	186.441	186.441	0 24100.1 345.704 	24445.8	6.31099	6.55445	12703.2	670	0.0147373	0	4.029	1.02
436.25	0.00319177	0.00168257	47268.6	1050	105	46697.1	46.6449	46.6449	186.58	186.58	0 24097.5 344.121 	24441.6	6.31066	6.55445	12703.2	670	0.0146723	0	4.029	1.02
436.5	0.00319182	0.00168278	47276.4	1050	105	46704.6	46.6795	46.6795	186.718	186.718	0 24094.9 342.541 	24437.4	6.31032	6.55445	12703.2	670	0.0146073	0	4.029	1.02
436.75	0.00319188	0.00168299	47284.2	1050	105	46712.1	46.7142	46.7142	186.857	186.857	0 24092.3 340.964 	24433.2	6.30999	6.55445	12703.2	670	0.0145425	0	4.029	1.02
437	0.00319193	0.0016832	47292.1	1050	105	46719.6	46.749	46.749	186.996	186.996	0 24089.7 339.391 	24429.1	6.30966	6.55445	12703.2	670	0.0144778	0	4.029	1.02
437.25	0.00319199	0.00168341	47299.9	1050	105	46727	46.7838	46.7838	187.135	187.135	0 24087.1 337.82 	24424.9	6.30933	6.55445	12703.2	670	0.0144131	0	4.029	1.02
437.5	0.00319204	0.00168362	47307.7	1050	105	46734.5	46.8188	46.8188	187.275	187.275	0 24084.5 336.253 	24420.7	6.309	6.55445	12703.2	670	0.0143487	0	4.029	1.02
437.75	0.0031921	0.00168383	47315.5	1050	105	46742	46.8538	46.8538	187.415	187.415	0 24081.9 334.689 	24416.6	6.30867	6.55445	12703.2	670	0.0142843	0	4.029	1.02
438	0.00319216	0.00168404	47323.3	1050	105	46749.4	46.8888	46.8888	187.555	187.555	0 24079.3 333.128 	24412.4	6.30834	6.55445	12703.2	670	0.01422	0	4.029	1.02
438.25	0.00319221	0.00168426	47331.1	1050	105	46756.9	46.924	46.924	187.696	187.696	0 24076.7 331.57 	24408.3	6.30801	6.55445	12703.2	670	0.0141558	0	4.029	1.02
438.5	0.00319227	0.00168447	47338.9	1050	105	46764.3	46.9592	46.9592	187.837	187.837	0 24074.1 330.015 	24404.1	6.30768	6.55445	12703.2	670	0.0140918	0	4.029	1.02
438.75	0.00319232	0.00168468	47346.7	1050	105	46771.8	46.9945	46.9945	187.978	187.978	0 24071.5 328.464 	24400	6.30735	6.55445	12703.2	670	0.0140278	0	4.029	1.02
439	0.00319238	0.00168489	47354.5	1050	105	46779.2	47.0298	47.0298	188.119	188.119	0 24068.9 326.915 	24395.8	6.30702	6.55445	12703.2	670	0.013964	0	4.029	1.02
439.25	0.00319243	0.0016851	47362.3	1050	105	46786.7	47.0653	47.0653	188.261	188.261	0 24066.3 325.37 	24391.7	6.30669	6.55445	12703.2	670	0.0139003	0	4.029	1.02
439.5	0.00319249	0.00168531	47370.1	1050	105	46794.1	47.1008	47.1008	188.403	188.403	0 24063.8 323.828 	24387.6	6.30637	6.55445	12703.2	670	0.0138367	0	4.029	1.02
439.75	0.00319254	0.00168552	47377.9	1050	105	46801.5	47.1364	47.1364	188.545	188.545	0 24061.2 322.289 	24383.5	6.30604	6.55445	12703.2	670	0.0137732	0	4.029	1.02
440	0.0031926	0.00168573	47385.7	1050	105	46808.9	47.172	47.172	188.688	188.688	0 24058.6 320.754 	24379.4	6.30571	6.55445	12703.2	670	0.0137098	0	4.029	1.02
440.25	0.00319265	0.00168594	47393.4	1050	105	46816.4	47.2078	47.2078	188.831	188.831	0 24056 319.221 	24375.2	6.30539	6.55445	12703.2	670	0.0136466	0	4.029	1.02
440.5	0.00319271	0.00168615	47401.2	1050	105	46823.8	47.2436	47.2436	188.974	188.974	0 24053.5 317.691 	24371.1	6.30506	6.55445	12703.2	670	0.0135834	0	4.029	1.02
440.75	0.00319276	0.00168635	47409	1050	105	46831.2	47.2794	47.2794	189.118	189.118	0 24050.9 316.165 	24367	6.30474	6.55445	12703.2	670	0.0135203	0	4.029	1.02
441	0.00319282	0.00168656	47416.7	1050	105	46838.6	47.3154	47.3154	189.262	189.262	0 24048.3 314.642 	24363	6.30441	6.55445	12703.2	670	0.0134574	0	4.029	1.02
441.25	0.00319287	0.00168677	47424.5	1050	105	46846	47.3514	47.3514	189.406	189.406	0 24045.7 313.122 	24358.9	6.30409	6.55445	12703.2	670	0.0133946	0	4.029	1.02
441.5	0.00319293	0.00168698	47432.2	1050	105	46853.3	47.3875	47.3875	189.55	189.55	0 24043.2 311.605 	24354.8	6.30376	6.55445	12703.2	670	0.0133319	0	4.029	1.02
441.75	0.00319298	0.00168719	47440	1050	105	46860.7	47.4237	47.4237	189.695	189.695	0 24040.6 310.091 	24350.7	6.30344	6.55445	12703.2	670	0.0132692	0	4.029	1.02
442	0.00319304	0.0016874	47447.7	1050	105	46868.1	47.46	47.46	189.84	189.84	0 24038 308.58 	24346.6	6.30311	6.55445	12703.2	670	0.0132068	0	4.029	1.02
442.25	0.00319309	0.00168761	47455.4	1050	105	46875.5	47.4963	47.4963	189.985	189.985	0 24035.5 307.072 	24342.6	6.30279	6.55445	12703.2	670	0.0131444	0	4.029	1.02
442.5	0.00319315	0.00168782	47463.2	1050	105	46882.8	47.5327	47.5327	190.131	190.131	0 24032.9 305.567 	24338.5	6.30247	6.55445	12703.2	670	0.0130821	0	4.029	1.02
442.75	0.0031932	0.00168803	47470.9	1050	105	46890.2	47.5692	47.5692	190.277	190.277	0 24030.4 304.066 	24334.4	6.30215	6.55445	12703.2	670	0.0130199	0	4.029	1.02
443	0.00319326	0.00168823	47478.6	1050	105	46897.5	47.6057	47.6057	190.423	190.423	0 24027.8 302.567 	24330.4	6.30182	6.55445	12703.2	670	0.0129579	0	4.029	1.02
443.25	0.00319331	0.00168844	47486.3	1050	105	46904.9	47.6423	47.6423	190.569	190.569	0 24025.3 301.072 	24326.3	6.3015	6.55445	12703.2	670	0.0128959	0	4.029	1.02
443.5	0.00319336	0.00168865	47494	1050	105	46912.2	47.679	47.679	190.716	190.716	0 24022.7 299.58 	24322.3	6.30118	6.55445	12703.2	670	0.0128341	0	4.029	1.02
443.75	0.00319342	0.00168886	47501.7	1050	105	46919.6	47.7158	47.7158	190.863	190.863	0 24020.2 298.09 	24318.2	6.30086	6.55445	12703.2	670	0.0127723	0	4.029	1.02
444	0.00319347	0.00168907	47509.4	1050	105	46926.9	47.7526	47.7526	191.011	191.011	0 24017.6 296.604 	24314.2	6.30054	6.55445	12703.2	670	0.0127107	0	4.029	1.02
444.25	0.00319353	0.00168927	47517.1	1050	105	46934.2	47.7896	47.7896	191.158	191.158	0 24015.1 295.121 	24310.2	6.30022	6.55445	12703.2	670	0.0126492	0	4.029	1.02
444.5	0.00319358	0.00168948	47524.8	1050	105	46941.6	47.8266	47.8266	191.306	191.306	0 24012.5 293.641 	24306.2	6.2999	6.55445	12703.2	670	0.0125878	0	4.029	1.02
444.75	0.00319363	0.00168969	47532.5	1050	105	46948.9	47.8636	47.8636	191.455	191.455	0 24010 292.164 	24302.1	6.29958	6.55445	12703.2	670	0.0125265	0	4.029	1.02
445	0.00319369	0.0016899	47540.2	1050	105	46956.2	47.9008	47.9008	191.603	191.603	0 24007.4 290.69 	24298.1	6.29926	6.55445	12703.2	670	0.0124653	0	4.029	1.02
445.25	0.00319374	0.0016901	47547.9	1050	105	46963.5	47.938	47.938	191.752	191.752	0 24004.9 289.219 	24294.1	6.29895	6.55445	12703.2	670	0.0124043	0	4.029	1.02
445.5	0.0031938	0.00169031	47555.5	1050	105	46970.8	47.9753	47.9753	191.901	191.901	0 24002.4 287.751 	24290.1	6.29863	6.55445	12703.2	670	0.0123433	0	4.029	1.02
445.75	0.00319385	0.00169052	47563.2	1050	105	46978.1	48.0127	48.0127	192.051	192.051	0 23999.8 286.286 	24286.1	6.29831	6.55445	12703.2	670	0.0122824	0	4.029	1.02
446	0.0031939	0.00169072	47570.9	1050	105	46985.4	48.0501	48.0501	192.2	192.2	0 23997.3 284.824 	24282.1	6.29799	6.55445	12703.2	670	0.0122217	0	4.029	1.02
446.25	0.00319396	0.00169093	47578.5	1050	105	46992.7	48.0876	48.0876	192.351	192.351	0 23994.8 283.365 	24278.1	6.29768	6.55445	12703.2	670	0.0121611	0	4.029	1.02
446.5	0.00319401	0.00169114	47586.2	1050	105	46999.9	48.1252	48.1252	192.501	192.501	0 23992.2 281.91 	24274.2	6.29736	6.55445	12703.2	670	0.0121005	0	4.029	1.02
446.75	0.00319406	0.00169134	47593.8	1050	105	47007.2	48.1629	48.1629	192.652	192.652	0 23989.7 280.457 	24270.2	6.29705	6.55445	12703.2	670	0.0120401	0	4.029	1.02
447	0.00319412	0.00169155	47601.5	1050	105	47014.5	48.2007	48.2007	192.803	192.803	0 23987.2 279.007 	24266.2	6.29673	6.55445	12703.2	670	0.0119798	0	4.029	1.02
447.25	0.00319417	0.00169175	47609.1	1050	105	47021.7	48.2385	48.2385	192.954	192.954	0 23984.7 277.56 	24262.2	6.29642	6.55445	12703.2	670	0.0119196	0	4.029	1.02
447.5	0.00319422	0.00169196	47616.8	1050	105	47029	48.2764	48.2764	193.106	193.106	0 23982.2 276.116 	24258.3	6.2961	6.55445	12703.2	670	0.0118595	0	4.029	1.02
447.75	0.00319428	0.00169217	47624.4	1050	105	47036.3	48.3144	48.3144	193.258	193.258	0 23979.6 274.676 	24254.3	6.29579	6.55445	12703.2	670	0.0117995	0	4.029	1.02
448	0.00319433	0.00169237	47632	1050	105	47043.5	48.3524	48.3524	193.41	193.41	0 23977.1 273.238 	24250.4	6.29547	6.55445	12703.2	670	0.0117396	0	4.029	1.02
448.25	0.00319438	0.00169258	47639.6	1050	105	47050.7	48.3906	48.3906	193.562	193.562	0 23974.6 271.803 	24246.4	6.29516	6.55445	12703.2	670	0.0116798	0	4.029	1.02
448.5	0.00319444	0.00169278	47647.3	1050	105	47058	48.4288	48.4288	193.715	193.715	0 23972.1 270.371 	24242.5	6.29485	6.55445	12703.2	670	0.0116202	0	4.029	1.02
448.75	0.00319449	0.00169299	47654.9	1050	105	47065.2	48.4671	48.4671	193.868	193.868	0 23969.6 268.943 	24238.5	6.29453	6.55445	12703.2	670	0.0115606	0	4.029	1.02
449	0.00319454	0.00169319	47662.5	1050	105	47072.4	48.5054	48.5054	194.022	194.022	0 23967.1 267.517 	24234.6	6.29422	6.55445	12703.2	670	0.0115011	0	4.029	1.02
449.25	0.00319459	0.0016934	47670.1	1050	105	47079.6	48.5439	48.5439	194.175	194.175	0 23964.6 266.094 	24230.7	6.29391	6.55445	12703.2	670	0.0114418	0	4.029	1.02
449.5	0.00319465	0.0016936	47677.7	1050	105	47086.9	48.5824	48.5824	194.33	194.33	0 23962.1 264.674 	24226.7	6.2936	6.55445	12703.2	670	0.0113826	0	4.029	1.02
449.75	0.0031947	0.00169381	47685.3	1050	105	47094.1	48.621	48.621	194.484	194.484	0 23959.6 263.257 	24222.8	6.29329	6.55445	12703.2	670	0.0113234	0	4.029	1.02
450	0.00319475	0.00169401	47692.9	1050	105	47101.3	48.6596	48.6596	194.639	194.639	0 23957.1 261.843 	24218.9	6.29298	6.55445	12703.2	670	0.0112644	0	4.029	1.02
450.25	0.0031948	0.00169422	47700.4	1050	105	47108.5	48.6984	48.6984	194.794	194.794	0 23954.6 260.432 	24215	6.29267	6.55445	12703.2	670	0.0112055	0	4.029	1.02
450.5	0.00319486	0.00169442	47708	1050	105	47115.6	48.7372	48.7372	194.949	194.949	0 23952.1 259.024 	24211.1	6.29236	6.55445	12703.2	670	0.0111467	0	4.029	1.02
450.75	0.00319491	0.00169463	47715.6	1050	105	47122.8	48.7761	48.7761	195.104	195.104	0 23949.6 257.619 	24207.2	6.29205	6.55445	12703.2	670	0.011088	0	4.029	1.02
451	0.00319496	0.00169483	47723.2	1050	105	47130	48.8151	48.8151	195.26	195.26	0 23947.1 256.217 	24203.3	6.29174	6.55445	12703.2	670	0.0110294	0	4.029	1.02
451.25	0.00319501	0.00169503	47730.7	1050	105	47137.2	48.8541	48.8541	195.416	195.416	0 23944.6 254.818 	24199.4	6.29143	6.55445	12703.2	670	0.0109709	0	4.029	1.02
451.5	0.00319507	0.00169524	47738.3	1050	105	47144.4	48.8933	48.8933	195.573	195.573	0 23942.1 253.421 	24195.5	6.29112	6.55445	12703.2	670	0.0109125	0	4.029	1.02
451.75	0.00319512	0.00169544	47745.8	1050	105	47151.5	48.9325	48.9325	195.73	195.73	0 23939.6 252.028 	24191.7	6.29081	6.55445	12703.2	670	0.0108542	0	4.029	1.02
452	0.00319517	0.00169564	47753.4	1050	105	47158.7	48.9717	48.9717	195.887	195.887	0 23937.1 250.638 	24187.8	6.2905	6.55445	12703.2	670	0.010796	0	4.029	1.02
452.25	0.00319522	0.00169585	47760.9	1050	105	47165.8	49.0111	49.0111	196.044	196.044	0 23934.7 249.25 	24183.9	6.2902	6.55445	12703.2	670	0.010738	0	4.029	1.02
452.5	0.00319527	0.00169605	47768.5	1050	105	47173	49.0505	49.0505	196.202	196.202	0 23932.2 247.866 	24180	6.28989	6.55445	12703.2	670	0.01068	0	4.029	1.02
452.75	0.00319533	0.00169625	47776	1050	105	47180.1	49.0901	49.0901	196.36	196.36	0 23929.7 246.484 	24176.2	6.28958	6.55445	12703.2	670	0.0106221	0	4.029	1.02
453	0.00319538	0.00169646	47783.5	1050	105	47187.2	49.1296	49.1296	196.519	196.519	0 23927.2 245.105 	24172.3	6.28928	6.55445	12703.2	670	0.0105644	0	4.029	1.02
453.25	0.00319543	0.00169666	47791.1	1050	105	47194.4	49.1693	49.1693	196.677	196.677	0 23924.8 243.729 	24168.5	6.28897	6.55445	12703.2	670	0.0105067	0	4.029	1.02
453.5	0.00319548	0.00169686	47798.6	1050	105	47201.5	49.2091	49.2091	196.836	196.836	0 23922.3 242.356 	24164.6	6.28867	6.55445	12703.2	670	0.0104492	0	4.029	1.02
453.75	0.00319553	0.00169707	47806.1	1050	105	47208.6	49.2489	49.2489	196.996	196.996	0 23919.8 240.986 	24160.8	6.28836	6.55445	12703.2	670	0.0103918	0	4.029	1.02
454	0.00319558	0.00169727	47813.6	1050	105	47215.7	49.2888	49.2888	197.155	197.155	0 23917.3 239.619 	24157	6.28806	6.55445	12703.2	670	0.0103344	0	4.029	1.02
454.25	0.00319564	0.00169747	47821.1	1050	105	47222.8	49.3288	49.3288	197.315	197.315	0 23914.9 238.255 	24153.1	6.28775	6.55445	12703.2	670	0.0102772	0	4.029	1.02
454.5	0.00319569	0.00169767	47828.6	1050	105	47229.9	49.3688	49.3688	197.475	197.475	0 23912.4 236.894 	24149.3	6.28745	6.55445	12703.2	670	0.0102201	0	4.029	1.02
454.75	0.00319574	0.00169787	47836.1	1050	105	47237	49.409	49.409	197.636	197.636	0 23910 235.535 	24145.5	6.28715	6.55445	12703.2	670	0.0101631	0	4.029	1.02
455	0.00319579	0.00169808	47843.6	1050	105	47244.1	49.4492	49.4492	197.797	197.797	0 23907.5 234.18 	24141.7	6.28684	6.55445	12703.2	670	0.0101062	0	4.029	1.02
455.25	0.00319584	0.00169828	47851.1	1050	105	47251.2	49.4895	49.4895	197.958	197.958	0 23905 232.827 	24137.9	6.28654	6.55445	12703.2	670	0.0100494	0	4.029	1.02
455.5	0.00319589	0.00169848	47858.6	1050	105	47258.3	49.5299	49.5299	198.119	198.119	0 23902.6 231.477 	24134.1	6.28624	6.55445	12703.2	670	0.00999266	0	4.029	1.02
455.75	0.00319594	0.00169868	47866	1050	105	47265.3	49.5703	49.5703	198.281	198.281	0 23900.1 230.13 	24130.3	6.28594	6.55445	12703.2	670	0.00993607	0	4.029	1.02
456	0.00319599	0.00169888	47873.5	1050	105	47272.4	49.6108	49.6108	198.443	198.443	0 23897.7 228.786 	24126.5	6.28564	6.55445	12703.2	670	0.00987958	0	4.029	1.02
456.25	0.00319605	0.00169908	47881	1050	105	47279.5	49.6515	49.6515	198.606	198.606	0 23895.2 227.445 	24122.7	6.28534	6.55445	12703.2	670	0.00982319	0	4.029	1.02
456.5	0.0031961	0.00169929	47888.4	1050	105	47286.5	49.6921	49.6921	198.769	198.769	0 23892.8 226.106 	24118.9	6.28504	6.55445	12703.2	670	0.00976691	0	4.029	1.02
456.75	0.00319615	0.00169949	47895.9	1050	105	47293.6	49.7329	49.7329	198.932	198.932	0 23890.3 224.771 	24115.1	6.28474	6.55445	12703.2	670	0.00971073	0	4.029	1.02
457	0.0031962	0.00169969	47903.4	1050	105	47300.6	49.7738	49.7738	199.095	199.095	0 23887.9 223.438 	24111.3	6.28444	6.55445	12703.2	670	0.00965466	0	4.029	1.02
457.25	0.00319625	0.00169989	47910.8	1050	105	47307.7	49.8147	49.8147	199.259	199.259	0 23885.5 222.108 	24107.6	6.28414	6.55445	12703.2	670	0.00959869	0	4.029	1.02
457.5	0.0031963	0.00170009	47918.2	1050	105	47314.7	49.8557	49.8557	199.423	199.423	0 23883 220.781 	24103.8	6.28384	6.55445	12703.2	670	0.00954282	0	4.029	1.02
457.75	0.00319635	0.00170029	47925.7	1050	105	47321.7	49.8968	49.8968	199.587	199.587	0 23880.6 219.457 	24100	6.28354	6.55445	12703.2	670	0.00948706	0	4.029	1.02
458	0.0031964	0.00170049	47933.1	1050	105	47328.7	49.9379	49.9379	199.752	199.752	0 23878.1 218.136 	24096.3	6.28324	6.55445	12703.2	670	0.0094314	0	4.029	1.02
458.25	0.00319645	0.00170069	47940.5	1050	105	47335.7	49.9792	49.9792	199.917	199.917	0 23875.7 216.817 	24092.5	6.28294	6.55445	12703.2	670	0.00937585	0	4.029	1.02
458.5	0.0031965	0.00170089	47948	1050	105	47342.8	50.0205	50.0205	200.082	200.082	0 23873.3 215.502 	24088.8	6.28265	6.55445	12703.2	670	0.0093204	0	4.029	1.02
458.75	0.00319655	0.00170109	47955.4	1050	105	47349.8	50.0619	50.0619	200.248	200.248	0 23870.8 214.189 	24085	6.28235	6.55445	12703.2	670	0.00926505	0	4.029	1.02
459	0.0031966	0.00170129	47962.8	1050	105	47356.8	50.1034	50.1034	200.413	200.413	0 23868.4 212.879 	24081.3	6.28205	6.55445	12703.2	670	0.0092098	0	4.029	1.02
459.25	0.00319665	0.00170149	47970.2	1050	105	47363.7	50.1449	50.1449	200.58	200.58	0 23866 211.572 	24077.6	6.28176	6.55445	12703.2	670	0.00915466	0	4.029	1.02
459.5	0.0031967	0.00170169	47977.6	1050	105	47370.7	50.1866	50.1866	200.746	200.746	0 23863.6 210.267 	24073.8	6.28146	6.55445	12703.2	670	0.00909963	0	4.029	1.02
459.75	0.00319675	0.00170189	47985	1050	105	47377.7	50.2283	50.2283	200.913	200.913	0 23861.1 208.966 	24070.1	6.28116	6.55445	12703.2	670	0.00904469	0	4.029	1.02
460	0.0031968	0.00170209	47992.4	1050	105	47384.7	50.2701	50.2701	201.08	201.08	0 23858.7 207.667 	24066.4	6.28087	6.55445	12703.2	670	0.00898986	0	4.029	1.02
460.25	0.00319685	0.00170229	47999.8	1050	105	47391.6	50.312	50.312	201.248	201.248	0 23856.3 206.371 	24062.7	6.28057	6.55445	12703.2	670	0.00893513	0	4.029	1.02
460.5	0.0031969	0.00170248	48007.2	1050	105	47398.6	50.3539	50.3539	201.416	201.416	0 23853.9 205.078 	24059	6.28028	6.55445	12703.2	670	0.0088805	0	4.029	1.02
460.75	0.00319695	0.00170268	48014.5	1050	105	47405.6	50.396	50.396	201.584	201.584	0 23851.5 203.787 	24055.3	6.27999	6.55445	12703.2	670	0.00882598	0	4.029	1.02
461	0.003197	0.00170288	48021.9	1050	105	47412.5	50.4381	50.4381	201.752	201.752	0 23849.1 202.5 	24051.6	6.27969	6.55445	12703.2	670	0.00877156	0	4.029	1.02
461.25	0.00319705	0.00170308	48029.3	1050	105	47419.5	50.4803	50.4803	201.921	201.921	0 23846.7 201.215 	24047.9	6.2794	6.55445	12703.2	670	0.00871724	0	4.029	1.02
461.5	0.0031971	0.00170328	48036.6	1050	105	47426.4	50.5225	50.5225	202.09	202.09	0 23844.3 199.933 	24044.2	6.27911	6.55445	12703.2	670	0.00866303	0	4.029	1.02
461.75	0.00319715	0.00170348	48044	1050	105	47433.3	50.5649	50.5649	202.26	202.26	0 23841.9 198.653 	24040.5	6.27881	6.55445	12703.2	670	0.00860891	0	4.029	1.02
462	0.0031972	0.00170368	48051.3	1050	105	47440.3	50.6073	50.6073	202.429	202.429	0 23839.4 197.377 	24036.8	6.27852	6.55445	12703.2	670	0.0085549	0	4.029	1.02
462.25	0.00319725	0.00170387	48058.7	1050	105	47447.2	50.6499	50.6499	202.599	202.599	0 23837 196.103 	24033.1	6.27823	6.55445	12703.2	670	0.00850099	0	4.029	1.02
462.5	0.0031973	0.00170407	48066	1050	105	47454.1	50.6925	50.6925	202.77	202.77	0 23834.6 194.832 	24029.5	6.27794	6.55445	12703.2	670	0.00844719	0	4.029	1.02
462.75	0.00319735	0.00170427	48073.4	1050	105	47461	50.7351	50.7351	202.941	202.941	0 23832.3 193.564 	24025.8	6.27765	6.55445	12703.2	670	0.00839348	0	4.029	1.02
463	0.0031974	0.00170447	48080.7	1050	105	47467.9	50.7779	50.7779	203.112	203.112	0 23829.9 192.298 	24022.2	6.27736	6.55445	12703.2	670	0.00833988	0	4.029	1.02
463.25	0.00319745	0.00170466	48088	1050	105	47474.8	50.8208	50.8208	203.283	203.283	0 23827.5 191.036 	24018.5	6.27707	6.55445	12703.2	670	0.00828638	0	4.029	1.02
463.5	0.0031975	0.00170486	48095.3	1050	105	47481.7	50.8637	50.8637	203.455	203.455	0 23825.1 189.776 	24014.8	6.27678	6.55445	12703.2	670	0.00823298	0	4.029	1.02
463.75	0.00319755	0.00170506	48102.7	1050	105	47488.6	50.9067	50.9067	203.627	203.627	0 23822.7 188.518 	24011.2	6.27649	6.55445	12703.2	670	0.00817968	0	4.029	1.02
464	0.0031976	0.00170526	48110	1050	105	47495.5	50.9498	50.9498	203.799	203.799	0 23820.3 187.264 	24007.6	6.2762	6.55445	12703.2	670	0.00812648	0	4.029	1.02
464.25	0.00319764	0.00170545	48117.3	1050	105	47502.3	50.9929	50.9929	203.972	203.972	0 23817.9 186.012 	24003.9	6.27591	6.55445	12703.2	670	0.00807339	0	4.029	1.02
464.5	0.00319769	0.00170565	48124.6	1050	105	47509.2	51.0362	51.0362	204.145	204.145	0 23815.5 184.763 	24000.3	6.27562	6.55445	12703.2	670	0.00802039	0	4.029	1.02
464.75	0.00319774	0.00170585	48131.9	1050	105	47516.1	51.0795	51.0795	204.318	204.318	0 23813.1 183.517 	23996.7	6.27534	6.55445	12703.2	670	0.0079675	0	4.029	1.02
465	0.00319779	0.00170604	48139.2	1050	105	47522.9	51.1229	51.1229	204.492	204.492	0 23810.8 182.273 	23993	6.27505	6.55445	12703.2	670	0.00791471	0	4.029	1.02
465.25	0.00319784	0.00170624	48146.4	1050	105	47529.8	51.1664	51.1664	204.666	204.666	0 23808.4 181.032 	23989.4	6.27476	6.55445	12703.2	670	0.00786202	0	4.029	1.02
465.5	0.00319789	0.00170643	48153.7	1050	105	47536.6	51.21	51.21	204.84	204.84	0 23806 179.794 	23985.8	6.27447	6.55445	12703.2	670	0.00780943	0	4.029	1.02
465.75	0.00319794	0.00170663	48161	1050	105	47543.5	51.2537	51.2537	205.015	205.015	0 23803.6 178.559 	23982.2	6.27419	6.55445	12703.2	670	0.00775694	0	4.029	1.02
466	0.00319799	0.00170683	48168.3	1050	105	47550.3	51.2974	51.2974	205.19	205.19	0 23801.3 177.326 	23978.6	6.2739	6.55445	12703.2	670	0.00770455	0	4.029	1.02
466.25	0.00319803	0.00170702	48175.5	1050	105	47557.1	51.3412	51.3412	205.365	205.365	0 23798.9 176.096 	23975	6.27362	6.55445	12703.2	670	0.00765226	0	4.029	1.02
466.5	0.00319808	0.00170722	48182.8	1050	105	47563.9	51.3851	51.3851	205.54	205.54	0 23796.5 174.869 	23971.4	6.27333	6.55445	12703.2	670	0.00760008	0	4.029	1.02
466.75	0.00319813	0.00170741	48190	1050	105	47570.8	51.4291	51.4291	205.716	205.716	0 23794.2 173.644 	23967.8	6.27305	6.55445	12703.2	670	0.00754799	0	4.029	1.02
467	0.00319818	0.00170761	48197.3	1050	105	47577.6	51.4732	51.4732	205.893	205.893	0 23791.8 172.422 	23964.2	6.27276	6.55445	12703.2	670	0.007496	0	4.029	1.02
467.25	0.00319823	0.0017078	48204.5	1050	105	47584.4	51.5173	51.5173	206.069	206.069	0 23789.5 171.203 	23960.7	6.27248	6.55445	12703.2	670	0.00744412	0	4.029	1.02
467.5	0.00319828	0.001708	48211.8	1050	105	47591.2	51.5616	51.5616	206.246	206.246	0 23787.1 169.987 	23957.1	6.27219	6.55445	12703.2	670	0.00739233	0	4.029	1.02
467.75	0.00319832	0.00170819	48219	1050	105	47598	51.6059	51.6059	206.423	206.423	0 23784.7 168.773 	23953.5	6.27191	6.55445	12703.2	670	0.00734065	0	4.029	1.02
468	0.00319837	0.00170839	48226.2	1050	105	47604.7	51.6503	51.6503	206.601	206.601	0 23782.4 167.562 	23950	6.27163	6.55445	12703.2	670	0.00728906	0	4.029	1.02
468.25	0.00319842	0.00170858	48233.5	1050	105	47611.5	51.6947	51.6947	206.779	206.779	0 23780 166.353 	23946.4	6.27135	6.55445	12703.2	670	0.00723758	0	4.029	1.02
468.5	0.00319847	0.00170878	48240.7	1050	105	47618.3	51.7393	51.7393	206.957	206.957	0 23777.7 165.147 	23942.8	6.27106	6.55445	12703.2	670	0.00718619	0	4.029	1.02
468.75	0.00319852	0.00170897	48247.9	1050	105	47625.1	51.784	51.784	207.136	207.136	0 23775.3 163.944 	23939.3	6.27078	6.55445	12703.2	670	0.0071349	0	4.029	1.02
469	0.00319856	0.00170917	48255.1	1050	105	47631.8	51.8287	51.8287	207.315	207.315	0 23773 162.744 	23935.7	6.2705	6.55445	12703.2	670	0.00708372	0	4.029	1.02
469.25	0.00319861	0.00170936	48262.3	1050	105	47638.6	51.8735	51.8735	207.494	207.494	0 23770.7 161.546 	23932.2	6.27022	6.55445	12703.2	670	0.00703263	0	4.029	1.02
469.5	0.00319866	0.00170955	48269.5	1050	105	47645.3	51.9184	51.9184	207.674	207.674	0 23768.3 160.351 	23928.7	6.26994	6.55445	12703.2	670	0.00698165	0	4.029	1.02
469.75	0.00319871	0.00170975	48276.7	1050	105	47652.1	51.9634	51.9634	207.853	207.853	0 23766 159.159 	23925.1	6.26966	6.55445	12703.2	670	0.00693076	0	4.029	1.02
470	0.00319875	0.00170994	48283.9	1050	105	47658.8	52.0084	52.0084	208.034	208.034	0 23763.6 157.969 	23921.6	6.26938	6.55445	12703.2	670	0.00687997	0	4.029	1.02
470.25	0.0031988	0.00171013	48291.1	1050	105	47665.5	52.0536	52.0536	208.214	208.214	0 23761.3 156.782 	23918.1	6.2691	6.55445	12703.2	670	0.00682928	0	4.029	1.02
470.5	0.00319885	0.00171033	48298.2	1050	105	47672.2	52.0988	52.0988	208.395	208.395	0 23759 155.597 	23914.6	6.26882	6.55445	12703.2	670	0.00677869	0	4.029	1.02
470.75	0.0031989	0.00171052	48305.4	1050	105	47679	52.1441	52.1441	208.576	208.576	0 23756.6 154.415 	23911	6.26854	6.55445	12703.2	670	0.0067282	0	4.029	1.02
471	0.00319894	0.00171071	48312.6	1050	105	47685.7	52.1895	52.1895	208.758	208.758	0 23754.3 153.236 	23907.5	6.26826	6.55445	12703.2	670	0.00667781	0	4.029	1.02
471.25	0.00319899	0.00171091	48319.7	1050	105	47692.4	52.235	52.235	208.94	208.94	0 23752 152.059 	23904	6.26798	6.55445	12703.2	670	0.00662752	0	4.029	1.02
471.5	0.00319904	0.0017111	48326.9	1050	105	47699.1	52.2806	52.2806	209.122	209.122	0 23749.7 150.885 	23900.5	6.26771	6.55445	12703.2	670	0.00657732	0	4.029	1.02
471.75	0.00319909	0.00171129	48334	1050	105	47705.8	52.3262	52.3262	209.305	209.305	0 23747.3 149.714 	23897	6.26743	6.55445	12703.2	670	0.00652723	0	4.029	1.02
472	0.00319913	0.00171149	48341.2	1050	105	47712.5	52.3719	52.3719	209.488	209.488	0 23745 148.545 	23893.6	6.26715	6.55445	12703.2	670	0.00647723	0	4.029	1.02
472.25	0.00319918	0.00171168	48348.3	1050	105	47719.1	52.4177	52.4177	209.671	209.671	0 23742.7 147.379 	23890.1	6.26688	6.55445	12703.2	670	0.00642733	0	4.029	1.02
472.5	0.00319923	0.00171187	48355.5	1050	105	47725.8	52.4636	52.4636	209.855	209.855	0 23740.4 146.216 	23886.6	6.2666	6.55445	12703.2	670	0.00637753	0	4.029	1.02
472.75	0.00319927	0.00171206	48362.6	1050	105	47732.5	52.5096	52.5096	210.039	210.039	0 23738.1 145.055 	23883.1	6.26632	6.55445	12703.2	670	0.00632783	0	4.029	1.02
473	0.00319932	0.00171225	48369.7	1050	105	47739.2	52.5557	52.5557	210.223	210.223	0 23735.7 143.896 	23879.6	6.26605	6.55445	12703.2	670	0.00627823	0	4.029	1.02
473.25	0.00319937	0.00171245	48376.8	1050	105	47745.8	52.6018	52.6018	210.407	210.407	0 23733.4 142.741 	23876.2	6.26577	6.55445	12703.2	670	0.00622872	0	4.029	1.02
473.5	0.00319941	0.00171264	48383.9	1050	105	47752.5	52.6481	52.6481	210.592	210.592	0 23731.1 141.588 	23872.7	6.2655	6.55445	12703.2	670	0.00617931	0	4.029	1.02
473.75	0.00319946	0.00171283	48391.1	1050	105	47759.1	52.6944	52.6944	210.778	210.778	0 23728.8 140.437 	23869.3	6.26522	6.55445	12703.2	670	0.00613001	0	4.029	1.02
474	0.00319951	0.00171302	48398.2	1050	105	47765.7	52.7408	52.7408	210.963	210.963	0 23726.5 139.289 	23865.8	6.26495	6.55445	12703.2	670	0.00608079	0	4.029	1.02
474.25	0.00319955	0.00171321	48405.3	1050	105	47772.4	52.7873	52.7873	211.149	211.149	0 23724.2 138.144 	23862.4	6.26468	6.55445	12703.2	670	0.00603168	0	4.029	1.02
474.5	0.0031996	0.0017134	48412.3	1050	105	47779	52.8339	52.8339	211.335	211.335	0 23721.9 137.002 	23858.9	6.2644	6.55445	12703.2	670	0.00598267	0	4.029	1.02
474.75	0.00319965	0.00171359	48419.4	1050	105	47785.6	52.8805	52.8805	211.522	211.522	0 23719.6 135.861 	23855.5	6.26413	6.55445	12703.2	670	0.00593375	0	4.029	1.02
475	0.00319969	0.00171378	48426.5	1050	105	47792.2	52.9273	52.9273	211.709	211.709	0 23717.3 134.724 	23852	6.26386	6.55445	12703.2	670	0.00588493	0	4.029	1.02
475.25	0.00319974	0.00171397	48433.6	1050	105	47798.8	52.9741	52.9741	211.896	211.896	0 23715 133.589 	23848.6	6.26359	6.55445	12703.2	670	0.00583621	0	4.029	1.02
475.5	0.00319979	0.00171416	48440.7	1050	105	47805.4	53.021	53.021	212.084	212.084	0 23712.7 132.457 	23845.2	6.26331	6.55445	12703.2	670	0.00578758	0	4.029	1.02
475.75	0.00319983	0.00171435	48447.7	1050	105	47812	53.068	53.068	212.272	212.272	0 23710.4 131.327 	23841.8	6.26304	6.55445	12703.2	670	0.00573905	0	4.029	1.02
476	0.00319988	0.00171454	48454.8	1050	105	47818.6	53.1151	53.1151	212.46	212.46	0 23708.2 130.2 	23838.4	6.26277	6.55445	12703.2	670	0.00569062	0	4.029	1.02
476.25	0.00319993	0.00171473	48461.8	1050	105	47825.2	53.1623	53.1623	212.649	212.649	0 23705.9 129.075 	23834.9	6.2625	6.55445	12703.2	670	0.00564229	0	4.029	1.02
476.5	0.00319997	0.00171492	48468.9	1050	105	47831.8	53.2095	53.2095	212.838	212.838	0 23703.6 127.953 	23831.5	6.26223	6.55445	12703.2	670	0.00559405	0	4.029	1.02
476.75	0.00320002	0.00171511	48475.9	1050	105	47838.4	53.2569	53.2569	213.028	213.028	0 23701.3 126.833 	23828.1	6.26196	6.55445	12703.2	670	0.00554591	0	4.029	1.02
477	0.00320006	0.0017153	48483	1050	105	47844.9	53.3043	53.3043	213.217	213.217	0 23699 125.716 	23824.7	6.26169	6.55445	12703.2	670	0.00549787	0	4.029	1.02
477.25	0.00320011	0.00171549	48490	1050	105	47851.5	53.3518	53.3518	213.407	213.407	0 23696.8 124.602 	23821.4	6.26142	6.55445	12703.2	670	0.00544993	0	4.029	1.02
477.5	0.00320015	0.00171568	48497	1050	105	47858	53.3994	53.3994	213.598	213.598	0 23694.5 123.49 	23818	6.26115	6.55445	12703.2	670	0.00540208	0	4.029	1.02
477.75	0.0032002	0.00171587	48504.1	1050	105	47864.6	53.4471	53.4471	213.789	213.789	0 23692.2 122.381 	23814.6	6.26089	6.55445	12703.2	670	0.00535433	0	4.029	1.02
478	0.00320025	0.00171606	48511.1	1050	105	47871.1	53.4949	53.4949	213.98	213.98	0 23689.9 121.274 	23811.2	6.26062	6.55445	12703.2	670	0.00530667	0	4.029	1.02
478.25	0.00320029	0.00171625	48518.1	1050	105	47877.7	53.5428	53.5428	214.171	214.171	0 23687.7 120.17 	23807.8	6.26035	6.55445	12703.2	670	0.00525911	0	4.029	1.02
478.5	0.00320034	0.00171644	48525.1	1050	105	47884.2	53.5907	53.5907	214.363	214.363	0 23685.4 119.068 	23804.5	6.26008	6.55445	12703.2	670	0.00521165	0	4.029	1.02
478.75	0.00320038	0.00171663	48532.1	1050	105	47890.7	53.6387	53.6387	214.555	214.555	0 23683.1 117.969 	23801.1	6.25982	6.55445	12703.2	670	0.00516428	0	4.029	1.02
479	0.00320043	0.00171682	48539.1	1050	105	47897.2	53.6869	53.6869	214.747	214.747	0 23680.9 116.872 	23797.7	6.25955	6.55445	12703.2	670	0.00511701	0	4.029	1.02
479.25	0.00320047	0.001717	48546.1	1050	105	47903.7	53.7351	53.7351	214.94	214.94	0 23678.6 115.778 	23794.4	6.25928	6.55445	12703.2	670	0.00506984	0	4.029	1.02
479.5	0.00320052	0.00171719	48553.1	1050	105	47910.2	53.7834	53.7834	215.133	215.133	0 23676.4 114.687 	23791	6.25902	6.55445	12703.2	670	0.00502276	0	4.029	1.02
479.75	0.00320056	0.00171738	48560	1050	105	47916.7	53.8317	53.8317	215.327	215.327	0 23674.1 113.597 	23787.7	6.25875	6.55445	12703.2	670	0.00497578	0	4.029	1.02
480	0.00320061	0.00171757	48567	1050	105	47923.2	53.8802	53.8802	215.521	215.521	0 23671.8 112.511 	23784.4	6.25849	6.55445	12703.2	670	0.00492889	0	4.029	1.02
480.25	0.00320065	0.00171775	48574	1050	105	47929.7	53.9288	53.9288	215.715	215.715	0 23669.6 111.427 	23781	6.25822	6.55445	12703.2	670	0.0048821	0	4.029	1.02
480.5	0.0032007	0.00171794	48580.9	1050	105	47936.2	53.9774	53.9774	215.91	215.91	0 23667.3 110.345 	23777.7	6.25796	6.55445	12703.2	670	0.00483541	0	4.029	1.02
480.75	0.00320074	0.00171813	48587.9	1050	105	47942.6	54.0261	54.0261	216.105	216.105	0 23665.1 109.266 	23774.4	6.25769	6.55445	12703.2	670	0.00478881	0	4.029	1.02
481	0.00320079	0.00171832	48594.9	1050	105	47949.1	54.075	54.075	216.3	216.3	0 23662.8 108.19 	23771	6.25743	6.55445	12703.2	670	0.00474231	0	4.029	1.02
481.25	0.00320083	0.0017185	48601.8	1050	105	47955.6	54.1239	54.1239	216.495	216.495	0 23660.6 107.116 	23767.7	6.25717	6.55445	12703.2	670	0.0046959	0	4.029	1.02
481.5	0.00320088	0.00171869	48608.7	1050	105	47962	54.1729	54.1729	216.691	216.691	0 23658.4 106.044 	23764.4	6.2569	6.55445	12703.2	670	0.00464959	0	4.029	1.02
481.75	0.00320092	0.00171888	48615.7	1050	105	47968.5	54.2219	54.2219	216.888	216.888	0 23656.1 104.975 	23761.1	6.25664	6.55445	12703.2	670	0.00460337	0	4.029	1.02
482	0.00320097	0.00171906	48622.6	1050	105	47974.9	54.2711	54.2711	217.084	217.084	0 23653.9 103.909 	23757.8	6.25638	6.55445	12703.2	670	0.00455725	0	4.029	1.02
482.25	0.00320101	0.00171925	48629.5	1050	105	47981.3	54.3204	54.3204	217.281	217.281	0 23651.6 102.844 	23754.5	6.25612	6.55445	12703.2	670	0.00451122	0	4.029	1.02
482.5	0.00320106	0.00171944	48636.5	1050	105	47987.8	54.3697	54.3697	217.479	217.479	0 23649.4 101.783 	23751.2	6.25586	6.55445	12703.2	670	0.00446529	0	4.029	1.02
482.75	0.0032011	0.00171962	48643.4	1050	105	47994.2	54.4191	54.4191	217.677	217.677	0 23647.2 100.724 	23747.9	6.2556	6.55445	12703.2	670	0.00441946	0	4.029	1.02
483	0.00320115	0.00171981	48650.3	1050	105	48000.6	54.4686	54.4686	217.875	217.875	0 23645 99.6671 	23744.6	6.25534	6.55445	12703.2	670	0.00437372	0	4.029	1.02
483.25	0.00320119	0.00172	48657.2	1050	105	48007	54.5183	54.5183	218.073	218.073	0 23642.7 98.613 	23741.3	6.25507	6.55445	12703.2	670	0.00432807	0	4.029	1.02
483.5	0.00320124	0.00172018	48664.1	1050	105	48013.4	54.5679	54.5679	218.272	218.272	0 23640.5 97.5613 	23738.1	6.25481	6.55445	12703.2	670	0.00428252	0	4.029	1.02
483.75	0.00320128	0.00172037	48671	1050	105	48019.8	54.6177	54.6177	218.471	218.471	0 23638.3 96.512 	23734.8	6.25456	6.55445	12703.2	670	0.00423706	0	4.029	1.02
484	0.00320132	0.00172055	48677.9	1050	105	48026.2	54.6676	54.6676	218.67	218.67	0 23636.1 95.4653 	23731.5	6.2543	6.55445	12703.2	670	0.0041917	0	4.029	1.02
484.25	0.00320137	0.00172074	48684.7	1050	105	48032.6	54.7176	54.7176	218.87	218.87	0 23633.8 94.4209 	23728.3	6.25404	6.55445	12703.2	670	0.00414643	0	4.029	1.02
484.5	0.00320141	0.00172092	48691.6	1050	105	48038.9	54.7676	54.7676	219.07	219.07	0 23631.6 93.3791 	23725	6.25378	6.55445	12703.2	670	0.00410126	0	4.029	1.02
484.75	0.00320146	0.00172111	48698.5	1050	105	48045.3	54.8178	54.8178	219.271	219.271	0 23629.4 92.3397 	23721.7	6.25352	6.55445	12703.2	670	0.00405618	0	4.029	1.02
485	0.0032015	0.00172129	48705.3	1050	105	48051.7	54.868	54.868	219.472	219.472	0 23627.2 91.3028 	23718.5	6.25326	6.55445	12703.2	670	0.0040112	0	4.029	1.02
485.25	0.00320154	0.00172148	48712.2	1050	105	48058	54.9183	54.9183	219.673	219.673	0 23625 90.2682 	23715.3	6.25301	6.55445	12703.2	670	0.00396631	0	4.029	1.02
485.5	0.00320159	0.00172166	48719.1	1050	105	48064.4	54.9687	54.9687	219.875	219.875	0 23622.8 89.2362 	23712	6.25275	6.55445	12703.2	670	0.00392151	0	4.029	1.02
485.75	0.00320163	0.00172185	48725.9	1050	105	48070.7	55.0192	55.0192	220.077	220.077	0 23620.6 88.2066 	23708.8	6.25249	6.55445	12703.2	670	0.00387681	0	4.029	1.02
486	0.00320168	0.00172203	48732.8	1050	105	48077.1	55.0698	55.0698	220.279	220.279	0 23618.4 87.1794 	23705.5	6.25224	6.55445	12703.2	670	0.0038322	0	4.029	1.02
486.25	0.00320172	0.00172221	48739.6	1050	105	48083.4	55.1205	55.1205	220.482	220.482	0 23616.2 86.1547 	23702.3	6.25198	6.55445	12703.2	670	0.00378769	0	4.029	1.02
486.5	0.00320176	0.0017224	48746.4	1050	105	48089.7	55.1712	55.1712	220.685	220.685	0 23614 85.1323 	23699.1	6.25172	6.55445	12703.2	670	0.00374327	0	4.029	1.02
486.75	0.00320181	0.00172258	48753.2	1050	105	48096	55.2221	55.2221	220.888	220.888	0 23611.8 84.1125 	23695.9	6.25147	6.55445	12703.2	670	0.00369894	0	4.029	1.02
487	0.00320185	0.00172276	48760.1	1050	105	48102.3	55.273	55.273	221.092	221.092	0 23609.6 83.095 	23692.7	6.25121	6.55445	12703.2	670	0.00365471	0	4.029	1.02
487.25	0.00320189	0.00172295	48766.9	1050	105	48108.6	55.3241	55.3241	221.296	221.296	0 23607.4 82.08 	23689.5	6.25096	6.55445	12703.2	670	0.00361057	0	4.029	1.02
487.5	0.00320194	0.00172313	48773.7	1050	105	48114.9	55.3752	55.3752	221.501	221.501	0 23605.2 81.0673 	23686.3	6.2507	6.55445	12703.2	670	0.00356652	0	4.029	1.02
487.75	0.00320198	0.00172331	48780.5	1050	105	48121.2	55.4264	55.4264	221.706	221.706	0 23603 80.0571 	23683.1	6.25045	6.55445	12703.2	670	0.00352257	0	4.029	1.02
488	0.00320202	0.0017235	48787.3	1050	105	48127.5	55.4777	55.4777	221.911	221.911	0 23600.8 79.0493 	23679.9	6.2502	6.55445	12703.2	670	0.00347871	0	4.029	1.02
488.25	0.00320207	0.00172368	48794.1	1050	105	48133.8	55.5291	55.5291	222.116	222.116	0 23598.6 78.044 	23676.7	6.24994	6.55445	12703.2	670	0.00343495	0	4.029	1.02
488.5	0.00320211	0.00172386	48800.9	1050	105	48140.1	55.5806	55.5806	222.322	222.322	0 23596.4 77.041 	23673.5	6.24969	6.55445	12703.2	670	0.00339127	0	4.029	1.02
488.75	0.00320215	0.00172405	48807.7	1050	105	48146.3	55.6322	55.6322	222.529	222.529	0 23594.3 76.0404 	23670.3	6.24944	6.55445	12703.2	670	0.00334769	0	4.029	1.02
489	0.0032022	0.00172423	48814.4	1050	105	48152.6	55.6838	55.6838	222.735	222.735	0 23592.1 75.0422 	23667.1	6.24919	6.55445	12703.2	670	0.00330421	0	4.029	1.02
489.25	0.00320224	0.00172441	48821.2	1050	105	48158.8	55.7356	55.7356	222.942	222.942	0 23589.9 74.0465 	23664	6.24894	6.55445	12703.2	670	0.00326081	0	4.029	1.02
489.5	0.00320228	0.00172459	48828	1050	105	48165.1	55.7874	55.7874	223.15	223.15	0 23587.7 73.0531 	23660.8	6.24868	6.55445	12703.2	670	0.00321751	0	4.029	1.02
489.75	0.00320233	0.00172477	48834.7	1050	105	48171.3	55.8394	55.8394	223.357	223.357	0 23585.6 72.0621 	23657.6	6.24843	6.55445	12703.2	670	0.00317431	0	4.029	1.02
490	0.00320237	0.00172496	48841.5	1050	105	48177.6	55.8914	55.8914	223.566	223.566	0 23583.4 71.0735 	23654.5	6.24818	6.55445	12703.2	670	0.00313119	0	4.029	1.02
490.25	0.00320241	0.00172514	48848.2	1050	105	48183.8	55.9435	55.9435	223.774	223.774	0 23581.2 70.0873 	23651.3	6.24793	6.55445	12703.2	670	0.00308817	0	4.029	1.02
490.5	0.00320245	0.00172532	48855	1050	105	48190	55.9957	55.9957	223.983	223.983	0 23579.1 69.1034 	23648.2	6.24768	6.55445	12703.2	670	0.00304524	0	4.029	1.02
490.75	0.0032025	0.0017255	48861.7	1050	105	48196.2	56.048	56.048	224.192	224.192	0 23576.9 68.122 	23645	6.24743	6.55445	12703.2	670	0.0030024	0	4.029	1.02
491	0.00320254	0.00172568	48868.4	1050	105	48202.4	56.1004	56.1004	224.402	224.402	0 23574.7 67.1429 	23641.9	6.24718	6.55445	12703.2	670	0.00295966	0	4.029	1.02
491.25	0.00320258	0.00172586	48875.2	1050	105	48208.6	56.1529	56.1529	224.612	224.612	0 23572.6 66.1662 	23638.7	6.24694	6.55445	12703.2	670	0.00291701	0	4.029	1.02
491.5	0.00320262	0.00172604	48881.9	1050	105	48214.8	56.2055	56.2055	224.822	224.822	0 23570.4 65.1919 	23635.6	6.24669	6.55445	12703.2	670	0.00287445	0	4.029	1.02
491.75	0.00320267	0.00172622	48888.6	1050	105	48221	56.2581	56.2581	225.033	225.033	0 23568.3 64.2199 	23632.5	6.24644	6.55445	12703.2	670	0.00283198	0	4.029	1.02
492	0.00320271	0.00172641	48895.3	1050	105	48227.2	56.3109	56.3109	225.244	225.244	0 23566.1 63.2503 	23629.4	6.24619	6.55445	12703.2	670	0.00278961	0	4.029	1.02
492.25	0.00320275	0.00172659	48902	1050	105	48233.4	56.3638	56.3638	225.455	225.455	0 23564 62.283 	23626.2	6.24594	6.55445	12703.2	670	0.00274732	0	4.029	1.02
492.5	0.00320279	0.00172677	48908.7	1050	105	48239.5	56.4167	56.4167	225.667	225.667	0 23561.8 61.3181 	23623.1	6.2457	6.55445	12703.2	670	0.00270513	0	4.029	1.02
492.75	0.00320283	0.00172695	48915.4	1050	105	48245.7	56.4697	56.4697	225.879	225.879	0 23559.7 60.3556 	23620	6.24545	6.55445	12703.2	670	0.00266303	0	4.029	1.02
493	0.00320288	0.00172713	48922.1	1050	105	48251.9	56.5229	56.5229	226.091	226.091	0 23557.5 59.3954 	23616.9	6.2452	6.55445	12703.2	670	0.00262103	0	4.029	1.02
493.25	0.00320292	0.00172731	48928.8	1050	105	48258	56.5761	56.5761	226.304	226.304	0 23555.4 58.4376 	23613.8	6.24496	6.55445	12703.2	670	0.00257911	0	4.029	1.02
493.5	0.00320296	0.00172749	48935.4	1050	105	48264.1	56.6294	56.6294	226.518	226.518	0 23553.2 57.4821 	23610.7	6.24471	6.55445	12703.2	670	0.00253729	0	4.029	1.02
493.75	0.003203	0.00172766	48942.1	1050	105	48270.3	56.6828	56.6828	226.731	226.731	0 23551.1 56.5289 	23607.6	6.24447	6.55445	12703.2	670	0.00249555	0	4.029	1.02
494	0.00320304	0.00172784	48948.8	1050	105	48276.4	56.7363	56.7363	226.945	226.945	0 23548.9 55.5781 	23604.5	6.24422	6.55445	12703.2	670	0.00245391	0	4.029	1.02
494.25	0.00320309	0.00172802	48955.4	1050	105	48282.5	56.7899	56.7899	227.16	227.16	0 23546.8 54.6297 	23601.4	6.24398	6.55445	12703.2	670	0.00241236	0	4.029	1.02
494.5	0.00320313	0.0017282	48962.1	1050	105	48288.6	56.8436	56.8436	227.374	227.374	0 23544.7 53.6835 	23598.4	6.24373	6.55445	12703.2	670	0.00237091	0	4.029	1.02
494.75	0.00320317	0.00172838	48968.7	1050	105	48294.8	56.8974	56.8974	227.589	227.589	0 23542.6 52.7397 	23595.3	6.24349	6.55445	12703.2	670	0.00232954	0	4.029	1.02
495	0.00320321	0.00172856	48975.4	1050	105	48300.9	56.9512	56.9512	227.805	227.805	0 23540.4 51.7982 	23592.2	6.24325	6.55445	12703.2	670	0.00228826	0	4.029	1.02
495.25	0.00320325	0.00172874	48982	1050	105	48307	57.0052	57.0052	228.021	228.021	0 23538.3 50.8591 	23589.2	6.243	6.55445	12703.2	670	0.00224708	0	4.029	1.02
495.5	0.00320329	0.00172892	48988.6	1050	105	48313	57.0592	57.0592	228.237	228.237	0 23536.2 49.9223 	23586.1	6.24276	6.55445	12703.2	670	0.00220599	0	4.029	1.02
495.75	0.00320334	0.0017291	48995.3	1050	105	48319.1	57.1134	57.1134	228.454	228.454	0 23534.1 48.9877 	23583	6.24252	6.55445	12703.2	670	0.00216498	0	4.029	1.02
496	0.00320338	0.00172927	49001.9	1050	105	48325.2	57.1676	57.1676	228.671	228.671	0 23531.9 48.0555 	23580	6.24228	6.55445	12703.2	670	0.00212407	0	4.029	1.02
496.25	0.00320342	0.00172945	49008.5	1050	105	48331.3	57.222	57.222	228.888	228.888	0 23529.8 47.1257 	23576.9	6.24203	6.55445	12703.2	670	0.00208325	0	4.029	1.02
496.5	0.00320346	0.00172963	49015.1	1050	105	48337.3	57.2764	57.2764	229.106	229.106	0 23527.7 46.1981 	23573.9	6.24179	6.55445	12703.2	670	0.00204252	0	4.029	1.02
496.75	0.0032035	0.00172981	49021.7	1050	105	48343.4	57.3309	57.3309	229.324	229.324	0 23525.6 45.2728 	23570.9	6.24155	6.55445	12703.2	670	0.00200189	0	4.029	1.02
497	0.00320354	0.00172998	49028.3	1050	105	48349.4	57.3856	57.3856	229.542	229.542	0 23523.5 44.3499 	23567.8	6.24131	6.55445	12703.2	670	0.00196134	0	4.029	1.02
497.25	0.00320358	0.00173016	49034.9	1050	105	48355.5	57.4403	57.4403	229.761	229.761	0 23521.4 43.4292 	23564.8	6.24107	6.55445	12703.2	670	0.00192088	0	4.029	1.02
497.5	0.00320362	0.00173034	49041.5	1050	105	48361.5	57.4951	57.4951	229.98	229.98	0 23519.3 42.5108 	23561.8	6.24083	6.55445	12703.2	670	0.00188051	0	4.029	1.02
497.75	0.00320367	0.00173052	49048.1	1050	105	48367.6	57.55	57.55	230.2	230.2	0 23517.2 41.5948 	23558.7	6.24059	6.55445	12703.2	670	0.00184024	0	4.029	1.02
498	0.00320371	0.00173069	49054.6	1050	105	48373.6	57.605	57.605	230.42	230.42	0 23515 40.681 	23555.7	6.24035	6.55445	12703.2	670	0.00180005	0	4.029	1.02
498.25	0.00320375	0.00173087	49061.2	1050	105	48379.6	57.6601	57.6601	230.64	230.64	0 23512.9 39.7695 	23552.7	6.24011	6.55445	12703.2	670	0.00175996	0	4.029	1.02
498.5	0.00320379	0.00173105	49067.8	1050	105	48385.6	57.7152	57.7152	230.861	230.861	0 23510.9 38.8603 	23549.7	6.23987	6.55445	12703.2	670	0.00171995	0	4.029	1.02
498.75	0.00320383	0.00173122	49074.3	1050	105	48391.6	57.7705	57.7705	231.082	231.082	0 23508.8 37.9534 	23546.7	6.23964	6.55445	12703.2	670	0.00168004	0	4.029	1.02
499	0.00320387	0.0017314	49080.9	1050	105	48397.6	57.8259	57.8259	231.304	231.304	0 23506.7 37.0488 	23543.7	6.2394	6.55445	12703.2	670	0.00164021	0	4.029	1.02
499.25	0.00320391	0.00173157	49087.4	1050	105	48403.6	57.8814	57.8814	231.525	231.525	0 23504.6 36.1464 	23540.7	6.23916	6.55445	12703.2	670	0.00160047	0	4.029	1.02
499.5	0.00320395	0.00173175	49093.9	1050	105	48409.6	57.9369	57.9369	231.748	231.748	0 23502.5 35.2464 	23537.7	6.23892	6.55445	12703.2	670	0.00156083	0	4.029	1.02
499.75	0.00320399	0.00173193	49100.5	1050	105	48415.5	57.9926	57.9926	231.97	231.97	0 23500.4 34.3486 	23534.7	6.23869	6.55445	12703.2	670	0.00152127	0	4.029	1.02
500	0.00320403	0.0017321	49107	1050	105	48421.5	58.0483	58.0483	232.193	232.193	0 23498.3 33.453 	23531.8	6.23845	6.55445	12703.2	670	0.00148181	0	4.029	1.02
500.25	0.00320407	0.00173228	49113.5	1050	105	48427.5	58.1042	58.1042	232.417	232.417	0 23496.2 32.5598 	23528.8	6.23821	6.55445	12703.2	670	0.00144243	0	4.029	1.02
500.5	0.00320411	0.00173245	49120	1050	105	48433.4	58.1601	58.1601	232.641	232.641	0 23494.1 31.6688 	23525.8	6.23798	6.55445	12703.2	670	0.00140315	0	4.029	1.02
500.75	0.00333011	0.00154879	44281.3	1050	105	43595	58.1227	58.1227	232.491	232.491	0 27313.6 338.554 	27652.2	5.55637	6.55445	12703.2	670	0.0135226	0	4.029	1.02
501	0.00343668	0.00144741	41946.1	1050	105	41260.2	58.0933	58.0933	232.373	232.373	0 30162 718.395 	30880.4	5.05535	6.55445	12703.2	670	0.0271812	0	4.029	1.02
501.25	0.0033539	0.00154799	44510.7	1050	105	43824.1	58.167	58.167	232.668	232.668	0 27522.9 434.058 	27956.9	5.43898	6.55445	12703.2	670	0.0174271	0	4.029	1.02
501.5	0.00325004	0.00167159	47574.9	1050	105	46887.4	58.2561	58.2561	233.024	233.024	0 24698.5 135.896 	24834.4	5.97726	6.55445	12703.2	670	0.00583174	0	4.029	1.02
501.75	0.0032126	0.00173901	49448.3	1050	105	48759.9	58.3398	58.3398	233.359	233.359	0 23467.6 58.0503 	23525.6	6.18869	6.55445	12703.2	670	0.00258922	0	4.029	1.02
502	0.00320778	0.0017486	49720.9	1050	105	49031.8	58.4023	58.4023	233.609	233.609	0 23303.8 47.9691 	23351.8	6.2166	6.55445	12703.2	670	0.00215136	0	4.029	1.02
502.25	0.00320652	0.00174986	49748.9	1050	105	49059.3	58.4617	58.4617	233.847	233.847	0 23277.9 43.485 	23321.4	6.22396	6.55445	12703.2	670	0.00195135	0	4.029	1.02
502.5	0.0032061	0.00174917	49720.1	1050	105	49029.9	58.5203	58.5203	234.081	234.081	0 23284 40.3881 	23324.4	6.22637	6.55445	12703.2	670	0.00181134	0	4.029	1.02
502.75	0.00320592	0.00174808	49680.4	1050	105	48989.6	58.5786	58.5786	234.314	234.314	0 23297.2 37.7818 	23335	6.22742	6.55445	12703.2	670	0.0016931	0	4.029	1.02
503	0.00320582	0.00174699	49641.3	1050	105	48950	58.6369	58.6369	234.547	234.547	0 23311 35.4252 	23346.5	6.22804	6.55445	12703.2	670	0.00158624	0	4.029	1.02
503.25	0.00320574	0.00174599	49605.8	1050	105	48913.8	58.6951	58.6951	234.78	234.78	0 23323.8 33.2411 	23357.1	6.22851	6.55445	12703.2	670	0.00148738	0	4.029	1.02
503.5	0.00320567	0.00174509	49574.1	1050	105	48881.6	58.7533	58.7533	235.013	235.013	0 23335.3 31.1974 	23366.5	6.22888	6.55445	12703.2	670	0.00139504	0	4.029	1.02
503.75	0.00320562	0.0017443	49546.1	1050	105	48853	58.8115	58.8115	235.246	235.246	0 23345.6 29.2754 	23374.8	6.2292	6.55445	12703.2	670	0.00130836	0	4.029	1.02
504	0.00320557	0.0017436	49521.5	1050	105	48827.8	58.8697	58.8697	235.479	235.479	0 23354.6 27.4612 	23382	6.22946	6.55445	12703.2	670	0.00122667	0	4.029	1.02
504.25	0.00320554	0.00174299	49499.9	1050	105	48805.6	58.9279	58.9279	235.711	235.711	0 23362.5 25.7433 	23388.3	6.22968	6.55445	12703.2	670	0.00114943	0	4.029	1.02
504.5	0.00320551	0.00174245	49480.9	1050	105	48786.1	58.9861	58.9861	235.944	235.944	0 23369.5 24.1116 	23393.7	6.22985	6.55445	12703.2	670	0.00107616	0	4.029	1.02
504.75	0.00320548	0.00174198	49464.4	1050	105	48769	59.0444	59.0444	236.177	236.177	0 23375.7 22.5572 	23398.2	6.22999	6.55445	12703.2	670	0.00100645	0	4.029	1.02
505	0.00320546	0.00174157	49450.1	1050	105	48754.1	59.1027	59.1027	236.411	236.411	0 23381 21.0725 	23402.1	6.2301	6.55445	12703.2	670	0.000939933	0	4.029	1.02
505.25	0.00320545	0.00174121	49437.7	1050	105	48741.1	59.161	59.161	236.644	236.644	0 23385.7 19.6504 	23405.4	6.23017	6.55445	12703.2	670	0.000876282	0	4.029	1.02
505.5	0.00320544	0.00174091	49427.1	1050	105	48729.9	59.2194	59.2194	236.878	236.878	0 23389.7 18.2848 	23408	6.23022	6.55445	12703.2	670	0.000815209	0	4.029	1.02
505.75	0.00320544	0.00174065	49418.1	1050	105	48720.3	59.2778	59.2778	237.111	237.111	0 23393.2 16.9702 	23410.2	6.23025	6.55445	12703.2	670	0.00075646	0	4.029	1.02
506	0.00320544	0.00174043	49410.4	1050	105	48712.1	59.3363	59.3363	237.345	237.345	0 23396.2 15.7017 	23411.9	6.23025	6.55445	12703.2	670	0.000699808	0	4.029	1.02
506.25	0.00333469	0.00155492	44539.3	1050	105	43841.3	59.2988	59.2988	237.195	237.195	0 27243.4 329.648 	27573.1	5.5335	6.55445	12703.2	670	0.0132436	0	4.029	1.02
506.5	0.00344523	0.00144951	42104	1050	105	41406.3	59.2683	59.2683	237.073	237.073	0 30193.3 721.803 	30915.1	5.01777	6.55445	12703.2	670	0.0274129	0	4.029	1.02
506.75	0.00337091	0.00154164	44476.6	1050	105	43778.2	59.3417	59.3417	237.367	237.367	0 27776.5 466.052 	28242.5	5.35706	6.55445	12703.2	670	0.0186973	0	4.029	1.02
507	0.00326138	0.00166855	47602.3	1050	105	46902.9	59.4336	59.4336	237.734	237.734	0 24829.9 145.078 	24975	5.91513	6.55445	12703.2	670	0.00622937	0	4.029	1.02
507.25	0.00321562	0.00174459	49677.8	1050	105	48977.5	59.5231	59.5231	238.092	238.092	0 23414.4 45.5551 	23460	6.17126	6.55445	12703.2	670	0.00204132	0	4.029	1.02
507.5	0.00320944	0.00175647	50013.2	1050	105	49312.3	59.5893	59.5893	238.357	238.357	0 23211.4 32.8026 	23244.2	6.20698	6.55445	12703.2	670	0.00147981	0	4.029	1.02
507.75	0.0032079	0.00175784	50041.4	1050	105	49339.9	59.6515	59.6515	238.606	238.606	0 23182.2 27.5676 	23209.8	6.21594	6.55445	12703.2	670	0.00124435	0	4.029	1.02
508	0.00320745	0.00175681	50000.4	1050	105	49298.3	59.7127	59.7127	238.851	238.851	0 23195 24.1938 	23219.2	6.21853	6.55445	12703.2	670	0.00109117	0	4.029	1.02
508.25	0.00320719	0.0017554	49948.6	1050	105	49245.8	59.7735	59.7735	239.094	239.094	0 23209.3 21.1618 	23230.4	6.22004	6.55445	12703.2	670	0.000953432	0	4.029	1.02
508.5	0.00320703	0.00175403	49899.3	1050	105	49195.9	59.8343	59.8343	239.337	239.337	0 23226.3 18.5142 	23244.8	6.22096	6.55445	12703.2	670	0.000833323	0	4.029	1.02
508.75	0.00320692	0.00175275	49853.6	1050	105	49149.6	59.895	59.895	239.58	239.58	0 23242.4 16.0881 	23258.5	6.22162	6.55445	12703.2	670	0.000723459	0	4.029	1.02
509	0.00320683	0.00175159	49812.5	1050	105	49107.9	59.9556	59.9556	239.822	239.822	0 23257.1 13.8352 	23271	6.22215	6.55445	12703.2	670	0.000621636	0	4.029	1.02
509.25	0.00320675	0.00175056	49775.9	1050	105	49070.7	60.0162	60.0162	240.065	240.065	0 23270.3 11.7298 	23282	6.22261	6.55445	12703.2	670	0.00052665	0	4.029	1.02
509.5	0.00320668	0.00174964	49743.4	1050	105	49037.6	60.0768	60.0768	240.307	240.307	0 23282 9.75461 	23291.7	6.223	6.55445	12703.2	670	0.000437682	0	4.029	1.02
509.75	0.00320662	0.00174883	49714.6	1050	105	49008.2	60.1373	60.1373	240.549	240.549	0 23292.4 7.89554 	23300.3	6.22334	6.55445	12703.2	670	0.000354062	0	4.029	1.02
510	0.00320657	0.00174811	49689.2	1050	105	48982.2	60.1979	60.1979	240.792	240.792	0 23301.6 6.14051 	23307.8	6.22362	6.55445	12703.2	670	0.00027522	0	4.029	1.02
510.25	0.00320653	0.00174747	49666.8	1050	105	48959.2	60.2585	60.2585	241.034	241.034	0 23309.8 4.47886 	23314.3	6.22386	6.55445	12703.2	670	0.000200654	0	4.029	1.02
510.5	0.0032065	0.00174691	49647	1050	105	48938.9	60.3191	60.3191	241.276	241.276	0 23317 2.90119 	23319.9	6.22406	6.55445	12703.2	670	0.000129922	0	4.029	1.02
510.75	0.00333832	0.00155992	44749.2	1050	105	44041.4	60.2815	60.2815	241.126	241.126	0 27185.5 322.146 	27507.6	5.5155	6.55445	12703.2	670	0.0130032	0	4.029	1.02
511	0.00345211	0.00145124	42232.3	1050	105	41524.8	60.2502	60.2502	241.001	241.001	0 30217.7 724.21 	30941.9	4.98787	6.55445	12703.2	670	0.0275882	0	4.029	1.02
511.25	0.00338392	0.00153722	44464.6	1050	105	43756.4	60.3234	60.3234	241.294	241.294	0 27963.9 489.605 	28453.5	5.29551	6.55445	12703.2	670	0.0196369	0	4.029	1.02
511.5	0.00330205	0.00163161	46801.1	1050	105	46092	60.4052	60.4052	241.621	241.621	0 25708.7 239.558 	25948.2	5.69921	6.55445	12703.2	670	0.010113	0	4.029	1.02
511.75	0.00323367	0.0017212	49088	1050	105	48378	60.4949	60.4949	241.98	241.98	0 23865.8 66.4604 	23932.3	6.06851	6.55445	12703.2	670	0.00294273	0	4.029	1.02
512	0.00321323	0.00175958	50167.1	1050	105	49456.3	60.5737	60.5737	242.295	242.295	0 23197.8 26.1655 	23223.9	6.18504	6.55445	12703.2	670	0.00118402	0	4.029	1.02
512.25	0.00320971	0.0017649	50308.2	1050	105	49596.8	60.64	60.64	242.56	242.56	0 23102.5 17.4546 	23120	6.2054	6.55445	12703.2	670	0.000792068	0	4.029	1.02
512.5	0.00320873	0.0017645	50282.2	1050	105	49570.1	60.7039	60.7039	242.816	242.816	0 23100.7 12.8472 	23113.6	6.2111	6.55445	12703.2	670	0.000582687	0	4.029	1.02
512.75	0.00320835	0.00176289	50221.9	1050	105	49509.2	60.7671	60.7671	243.068	243.068	0 23119.1 9.35796 	23128.4	6.21328	6.55445	12703.2	670	0.000423923	0	4.029	1.02
513	0.00320815	0.00176113	50158.7	1050	105	49445.4	60.8301	60.8301	243.32	243.32	0 23140.6 6.32645 	23146.9	6.21448	6.55445	12703.2	670	0.000286233	0	4.029	1.02
513.25	0.003208	0.00175949	50099.8	1050	105	49385.9	60.893	60.893	243.572	243.572	0 23161.2 3.57095 	23164.7	6.21536	6.55445	12703.2	670	0.000161374	0	4.029	1.02
513.5	0.00320787	0.001758	50046.7	1050	105	49332.2	60.9557	60.9557	243.823	243.823	0 23179.9 1.02794 	23180.9	6.21609	6.55445	12703.2	670	4.64041e-05	0	4.029	1.02
513.75	0.00320776	0.00175666	49999.2	1050	105	49284	61.0184	61.0184	244.074	244.074	0 23196.7 -1.33411 	23195.4	6.21672	6.55445	12703.2	670	-6.01682e-05	0	4.029	1.02
514	0.00320767	0.00175547	49956.9	1050	105	49241.1	61.0811	61.0811	244.324	244.324	0 23211.8 -3.53666 	23208.3	6.21727	6.55445	12703.2	670	-0.000159368	0	4.029	1.02
514.25	0.00320758	0.00175441	49919.2	1050	105	49202.7	61.1438	61.1438	244.575	244.575	0 23225.2 -5.59703 	23219.6	6.21774	6.55445	12703.2	670	-0.000252022	0	4.029	1.02
514.5	0.00320751	0.00175347	49885.6	1050	105	49168.6	61.2064	61.2064	244.825	244.825	0 23237.2 -7.53013 	23229.7	6.21816	6.55445	12703.2	670	-0.000338837	0	4.029	1.02
514.75	0.00334167	0.00156503	44960.2	1050	105	44243.5	61.1688	61.1688	244.675	244.675	0 27124 316.702 	27440.7	5.49892	6.55445	12703.2	670	0.0128438	0	4.029	1.02
515	0.00345821	0.0014534	42368.2	1050	105	41651.8	61.1367	61.1367	244.547	244.547	0 30225.8 727.248 	30953.1	4.96149	6.55445	12703.2	670	0.027793	0	4.029	1.02
515.25	0.00339518	0.0015342	44481.5	1050	105	43764.4	61.21	61.21	244.84	244.84	0 28112.2 510.456 	28622.6	5.24298	6.55445	12703.2	670	0.020481	0	4.029	1.02
515.5	0.00332847	0.00161291	46456.2	1050	105	45738.3	61.288	61.288	245.152	245.152	0 26214.9 302.703 	26517.6	5.56458	6.55445	12703.2	670	0.0126845	0	4.029	1.02
515.75	0.00324532	0.00171335	48956.3	1050	105	48237.5	61.3808	61.3808	245.523	245.523	0 24061.6 80.3215 	24141.9	6.00335	6.55445	12703.2	670	0.00354694	0	4.029	1.02
516	0.00321508	0.00176633	50423.9	1050	105	49704.2	61.4678	61.4678	245.871	245.871	0 23122.9 18.3731 	23141.3	6.17434	6.55445	12703.2	670	0.000835665	0	4.029	1.02
516.25	0.00321093	0.00177233	50581	1050	105	49860.7	61.5367	61.5367	246.147	246.147	0 23014.4 8.18722 	23022.6	6.19831	6.55445	12703.2	670	0.00037354	0	4.029	1.02
516.5	0.00321011	0.0017709	50521.2	1050	105	49800.2	61.6025	61.6025	246.41	246.41	0 23027.2 3.41475 	23030.6	6.20306	6.55445	12703.2	670	0.000155613	0	4.029	1.02
516.75	0.0032097	0.00176886	50445.2	1050	105	49723.6	61.6677	61.6677	246.671	246.671	0 23050.7 -0.477173 	23050.2	6.20549	6.55445	12703.2	670	-2.17125e-05	0	4.029	1.02
517	0.00320921	0.00176733	50386.2	1050	105	49663.9	61.7329	61.7329	246.932	246.932	0 23067.2 -4.18135 	23063	6.20829	6.55445	12703.2	670	-0.000190038	0	4.029	1.02
517.25	0.00320897	0.00176549	50319.6	1050	105	49596.6	61.7978	61.7978	247.191	247.191	0 23089.4 -7.31579 	23082.1	6.20971	6.55445	12703.2	670	-0.000332056	0	4.029	1.02
517.5	0.0032088	0.00176373	50256.5	1050	105	49532.9	61.8625	61.8625	247.45	247.45	0 23111.3 -10.1405 	23101.1	6.2107	6.55445	12703.2	670	-0.000459691	0	4.029	1.02
517.75	0.00320866	0.00176213	50199.2	1050	105	49475	61.9272	61.9272	247.709	247.709	0 23131.3 -12.7384 	23118.5	6.2115	6.55445	12703.2	670	-0.000576799	0	4.029	1.02
518	0.00320854	0.00176068	50147.9	1050	105	49423	61.9918	61.9918	247.967	247.967	0 23149.4 -15.1461 	23134.2	6.2122	6.55445	12703.2	670	-0.000685121	0	4.029	1.02
518.25	0.00320843	0.00175939	50102	1050	105	49376.4	62.0563	62.0563	248.225	248.225	0 23165.6 -17.387 	23148.2	6.21281	6.55445	12703.2	670	-0.000785767	0	4.029	1.02
518.5	0.00334469	0.00156966	45151.5	1050	105	44426.3	62.0186	62.0186	248.075	248.075	0 27068.5 311.128 	27379.6	5.48401	6.55445	12703.2	670	0.0126714	0	4.029	1.02
518.75	0.00346384	0.0014553	42490.1	1050	105	41765.2	61.9858	61.9858	247.943	247.943	0 30235.6 729.552 	30965.1	4.93736	6.55445	12703.2	670	0.0279613	0	4.029	1.02
519	0.00340531	0.00153156	44498.9	1050	105	43773.3	62.0594	62.0594	248.237	248.237	0 28244.7 528.566 	28773.3	5.19633	6.55445	12703.2	670	0.0212159	0	4.029	1.02
519.25	0.00334796	0.00160092	46261.3	1050	105	45535	62.1356	62.1356	248.542	248.542	0 26565.9 347.94 	26913.8	5.46799	6.55445	12703.2	670	0.014519	0	4.029	1.02
519.5	0.00325434	0.00171001	48948.3	1050	105	48221	62.2319	62.2319	248.928	248.928	0 24175.6 90.0524 	24265.6	5.9536	6.55445	12703.2	670	0.003976	0	4.029	1.02
519.75	0.00321641	0.00177306	50674.1	1050	105	49945.8	62.3254	62.3254	249.302	249.302	0 23044.1 10.1665 	23054.3	6.16671	6.55445	12703.2	670	0.0004647	0	4.029	1.02
520	0.00321196	0.00177909	50828.5	1050	105	50099.5	62.3966	62.3966	249.586	249.586	0 22934.3 -0.88031 	22933.4	6.19238	6.55445	12703.2	670	-4.03604e-05	0	4.029	1.02
520.25	0.00321076	0.00177808	50778.5	1050	105	50048.9	62.4647	62.4647	249.859	249.859	0 22938.8 -6.49314 	22932.3	6.1993	6.55445	12703.2	670	-0.000297405	0	4.029	1.02
520.5	0.00321087	0.00177427	50647.6	1050	105	49917.3	62.5316	62.5316	250.126	250.126	0 22988.8 -9.91086 	22978.9	6.19868	6.55445	12703.2	670	-0.000452776	0	4.029	1.02
520.75	0.00321123	0.0017702	50510.8	1050	105	49779.9	62.5981	62.5981	250.392	250.392	0 23044.2 -12.6927 	23031.5	6.19661	6.55445	12703.2	670	-0.000578299	0	4.029	1.02
521	0.00321059	0.00176895	50459.4	1050	105	49727.7	62.6652	62.6652	250.661	250.661	0 23055.9 -16.6194 	23039.3	6.20033	6.55445	12703.2	670	-0.000756435	0	4.029	1.02
521.25	0.00320982	0.00176834	50428.9	1050	105	49696.6	62.7323	62.7323	250.929	250.929	0 23058.3 -20.4578 	23037.9	6.20477	6.55445	12703.2	670	-0.000930575	0	4.029	1.02
521.5	0.00320952	0.00176686	50373.8	1050	105	49640.8	62.7989	62.7989	251.196	251.196	0 23075.5 -23.4371 	23052	6.20653	6.55445	12703.2	670	-0.00106493	0	4.029	1.02
521.75	0.00320934	0.0017653	50317.4	1050	105	49583.8	62.8653	62.8653	251.461	251.461	0 23094.6 -26.0559 	23068.6	6.20756	6.55445	12703.2	670	-0.0011826	0	4.029	1.02
522	0.00334757	0.00157431	45342.2	1050	105	44608.9	62.8277	62.8277	251.311	251.311	0 27011.8 306.549 	27318.4	5.46987	6.55445	12703.2	670	0.0125376	0	4.029	1.02
522.25	0.00346909	0.00145737	42614.5	1050	105	41881.5	62.7942	62.7942	251.177	251.177	0 30238.3 732.224 	30970.6	4.91496	6.55445	12703.2	670	0.0281459	0	4.029	1.02
522.5	0.00341461	0.00152953	44528.4	1050	105	43794.7	62.868	62.868	251.472	251.472	0 28359.3 545.468 	28904.7	5.15401	6.55445	12703.2	670	0.0219089	0	4.029	1.02
522.75	0.00336417	0.00159207	46136.3	1050	105	45401.9	62.9433	62.9433	251.773	251.773	0 26842.9 385.411 	27228.3	5.3893	6.55445	12703.2	670	0.0160391	0	4.029	1.02
523	0.00329043	0.00167542	48177.5	1050	105	47442.2	63.0306	63.0306	252.122	252.122	0 24948.3 171.512 	25119.8	5.75985	6.55445	12703.2	670	0.00745337	0	4.029	1.02
523.25	0.0032322	0.00175261	50157.5	1050	105	49421.2	63.1252	63.1252	252.501	252.501	0 23427.5 30.2362 	23457.8	6.07676	6.55445	12703.2	670	0.00136797	0	4.029	1.02
523.5	0.00321533	0.00178211	50975.2	1050	105	50238.2	63.2078	63.2078	252.831	252.831	0 22919.5 -3.95281 	22915.5	6.17295	6.55445	12703.2	670	-0.000181752	0	4.029	1.02
523.75	0.00321232	0.0017846	51024.8	1050	105	50287	63.2795	63.2795	253.118	253.118	0 22866 -12.7969 	22853.2	6.19031	6.55445	12703.2	670	-0.000588978	0	4.029	1.02
524	0.00321142	0.00178266	50946.1	1050	105	50207.6	63.3492	63.3492	253.397	253.397	0 22884.5 -18.0426 	22866.4	6.19551	6.55445	12703.2	670	-0.000829129	0	4.029	1.02
524.25	0.00321185	0.00177788	50785.2	1050	105	50046	63.4175	63.4175	253.67	253.67	0 22949.1 -21.051 	22928.1	6.19301	6.55445	12703.2	670	-0.000964323	0	4.029	1.02
524.5	0.00321188	0.00177447	50666.9	1050	105	49927	63.4858	63.4858	253.943	253.943	0 22993.4 -24.3464 	22969.1	6.19285	6.55445	12703.2	670	-0.00111269	0	4.029	1.02
524.75	0.00321101	0.00177362	50626.8	1050	105	49886.3	63.5548	63.5548	254.219	254.219	0 22998.1 -28.6335 	22969.5	6.1979	6.55445	12703.2	670	-0.00130758	0	4.029	1.02
525	0.00321045	0.00177235	50575.6	1050	105	49834.4	63.6234	63.6234	254.494	254.494	0 23010.7 -32.2146 	22978.5	6.20112	6.55445	12703.2	670	-0.00146963	0	4.029	1.02
525.25	0.00321019	0.00177061	50512.2	1050	105	49770.3	63.6917	63.6917	254.767	254.767	0 23031.4 -35.1642 	22996.2	6.20263	6.55445	12703.2	670	-0.00160218	0	4.029	1.02
525.5	0.00335029	0.00157848	45515.3	1050	105	44773.8	63.6541	63.6541	254.616	254.616	0 26962.3 301.049 	27263.3	5.45655	6.55445	12703.2	670	0.0123597	0	4.029	1.02
525.75	0.00347471	0.00145869	42716.8	1050	105	41975.6	63.6198	63.6198	254.479	254.479	0 30266.1 736.036 	31002.2	4.89114	6.55445	12703.2	670	0.0283604	0	4.029	1.02
526	0.00342406	0.00152688	44537.6	1050	105	43795.7	63.6937	63.6937	254.775	254.775	0 28487.2 562.689 	29049.9	5.11142	6.55445	12703.2	670	0.0226052	0	4.029	1.02
526.25	0.00337932	0.00158391	46022.2	1050	105	45279.5	63.7685	63.7685	255.074	255.074	0 27102.6 419.963 	27522.6	5.31715	6.55445	12703.2	670	0.0174338	0	4.029	1.02
526.5	0.00332657	0.00164516	47548.3	1050	105	46804.8	63.849	63.849	255.396	255.396	0 25686.3 261.669 	25947.9	5.57413	6.55445	12703.2	670	0.0112228	0	4.029	1.02
526.75	0.00324832	0.00173769	49835.2	1050	105	49090.7	63.9467	63.9467	255.787	255.787	0 23746.5 55.8036 	23802.3	5.98677	6.55445	12703.2	670	0.00250849	0	4.029	1.02
527	0.0032175	0.00178847	51223.9	1050	105	50478.5	64.0404	64.0404	256.162	256.162	0 22853.4 -8.36323 	22845	6.16046	6.55445	12703.2	670	-0.00038642	0	4.029	1.02
527.25	0.00321357	0.00179219	51304.6	1050	105	50558.4	64.115	64.115	256.46	256.46	0 22778.2 -19.1876 	22759	6.18305	6.55445	12703.2	670	-0.000887952	0	4.029	1.02
527.5	0.00321247	0.00179005	51216.3	1050	105	50469.4	64.1868	64.1868	256.747	256.747	0 22797.6 -25.168 	22772.4	6.18941	6.55445	12703.2	670	-0.00116271	0	4.029	1.02
527.75	0.00321199	0.00178693	51101.8	1050	105	50354.2	64.2579	64.2579	257.031	257.031	0 22833.9 -29.8423 	22804	6.1922	6.55445	12703.2	670	-0.00137556	0	4.029	1.02
528	0.00321123	0.00178495	51023.5	1050	105	50275.2	64.329	64.329	257.316	257.316	0 22853.8 -34.5419 	22819.2	6.19658	6.55445	12703.2	670	-0.00158975	0	4.029	1.02
528.25	0.00321096	0.00178219	50924	1050	105	50175	64.3997	64.3997	257.599	257.599	0 22887.2 -38.2486 	22849	6.19816	6.55445	12703.2	670	-0.00175692	0	4.029	1.02
528.5	0.00321108	0.00177879	50807.3	1050	105	50057.6	64.4696	64.4696	257.878	257.878	0 22931.8 -41.1431 	22890.7	6.19746	6.55445	12703.2	670	-0.00188554	0	4.029	1.02
528.75	0.00321097	0.00177629	50718.8	1050	105	49968.4	64.5395	64.5395	258.158	258.158	0 22963.4 -44.1271 	22919.2	6.19813	6.55445	12703.2	670	-0.00201878	0	4.029	1.02
529	0.00335289	0.0015829	45695.7	1050	105	44945.6	64.5018	64.5018	258.007	258.007	0 26907.9 295.395 	27203.3	5.44388	6.55445	12703.2	670	0.0121756	0	4.029	1.02
529.25	0.0034792	0.00146095	42840.1	1050	105	42090.4	64.4669	64.4669	257.868	257.868	0 30252.3 735.199 	30987.5	4.87224	6.55445	12703.2	670	0.0284098	0	4.029	1.02
529.5	0.00343219	0.00152556	44578.4	1050	105	43828	64.5414	64.5414	258.165	258.165	0 28579.6 575.362 	29154.9	5.07519	6.55445	12703.2	670	0.0231355	0	4.029	1.02
529.75	0.00339231	0.00157784	45955.1	1050	105	45204	64.616	64.616	258.464	258.464	0 27311.5 448.013 	27759.5	5.25631	6.55445	12703.2	670	0.0185711	0	4.029	1.02
530	0.00335021	0.00162851	47240.9	1050	105	46488.9	64.6939	64.6939	258.776	258.776	0 26133.3 319.634 	26452.9	5.45694	6.55445	12703.2	670	0.0136202	0	4.029	1.02
530.25	0.0032749	0.00171282	49290.6	1050	105	48537.7	64.7881	64.7881	259.153	259.153	0 24288.5 109.942 	24398.4	5.84217	6.55445	12703.2	670	0.00488812	0	4.029	1.02
530.5	0.00322728	0.00177929	51025.2	1050	105	50271.4	64.8866	64.8866	259.546	259.546	0 23041.1 0.411334 	23041.5	6.10462	6.55445	12703.2	670	1.89318e-05	0	4.029	1.02
530.75	0.00321607	0.00179694	51501.8	1050	105	50747.1	64.9691	64.9691	259.876	259.876	0 22735.5 -23.5616 	22712	6.16864	6.55445	12703.2	670	-0.00109456	0	4.029	1.02
531	0.00321379	0.00179683	51469.3	1050	105	50713.9	65.0441	65.0441	260.176	260.176	0 22720.8 -31.7726 	22689.1	6.18177	6.55445	12703.2	670	-0.00147508	0	4.029	1.02
531.25	0.00321303	0.00179379	51353.6	1050	105	50597.4	65.1175	65.1175	260.47	260.47	0 22754 -37.2355 	22716.7	6.18619	6.55445	12703.2	670	-0.00172481	0	4.029	1.02
531.5	0.00321262	0.0017904	51230.4	1050	105	50473.5	65.1902	65.1902	260.761	260.761	0 22794.1 -41.7859 	22752.3	6.18856	6.55445	12703.2	670	-0.00193095	0	4.029	1.02
531.75	0.00321308	0.00178534	51059.8	1050	105	50302.2	65.2621	65.2621	261.048	261.048	0 22862 -44.7558 	22817.3	6.18589	6.55445	12703.2	670	-0.0020613	0	4.029	1.02
532	0.00321359	0.00178055	50899.4	1050	105	50141.1	65.3336	65.3336	261.334	261.334	0 22927.2 -47.3602 	22879.8	6.18296	6.55445	12703.2	670	-0.0021744	0	4.029	1.02
532.25	0.00336021	0.0015849	45845.2	1050	105	45087.2	65.2959	65.2959	261.184	261.184	0 26932.6 307.341 	27240	5.40838	6.55445	12703.2	670	0.0127095	0	4.029	1.02
532.5	0.00348749	0.0014616	42946.7	1050	105	42189	65.2606	65.2606	261.042	261.042	0 30310.9 754.187 	31065.1	4.8376	6.55445	12703.2	670	0.0292161	0	4.029	1.02
532.75	0.00344346	0.00152325	44618.2	1050	105	43859.9	65.3357	65.3357	261.343	261.343	0 28716.9 603.781 	29320.7	5.02552	6.55445	12703.2	670	0.0242999	0	4.029	1.02
533	0.003408	0.00157126	45899.2	1050	105	45140.1	65.4103	65.4103	261.641	261.641	0 27552.7 489.631 	28042.3	5.18405	6.55445	12703.2	670	0.0202716	0	4.029	1.02
533.25	0.00337425	0.00161384	47002.9	1050	105	46243	65.4866	65.4866	261.947	261.947	0 26560.2 384.82 	26945	5.34114	6.55445	12703.2	670	0.0163153	0	4.029	1.02
533.5	0.00333354	0.00166063	48165.3	1050	105	47404.6	65.5676	65.5676	262.27	262.27	0 25500.4 263.222 	25763.6	5.53925	6.55445	12703.2	670	0.0114359	0	4.029	1.02
533.75	0.00325434	0.00175143	50386.8	1050	105	49625.1	65.6695	65.6695	262.678	262.678	0 23603.8 52.8422 	23656.7	5.95357	6.55445	12703.2	670	0.00240165	0	4.029	1.02
534	0.00321966	0.00180523	51836.6	1050	105	51073.9	65.7697	65.7697	263.079	263.079	0 22656.3 -21.1763 	22635.2	6.14806	6.55445	12703.2	670	-0.000990145	0	4.029	1.02
534.25	0.00321557	0.00180776	51873.6	1050	105	51110.1	65.8487	65.8487	263.395	263.395	0 22596 -33.2089 	22562.8	6.17152	6.55445	12703.2	670	-0.00155387	0	4.029	1.02
534.5	0.00321442	0.0018045	51745	1050	105	50980.7	65.9248	65.9248	263.699	263.699	0 22628.7 -40.0519 	22588.6	6.17818	6.55445	12703.2	670	-0.00186941	0	4.029	1.02
534.75	0.00321387	0.00180043	51596	1050	105	50831	66	66	264	264	0 22676 -45.4931 	22630.5	6.18133	6.55445	12703.2	670	-0.00211726	0	4.029	1.02
535	0.00321349	0.00179652	51454.8	1050	105	50689	66.0747	66.0747	264.299	264.299	0 22722.6 -50.27 	22672.3	6.18355	6.55445	12703.2	670	-0.00233318	0	4.029	1.02
535.25	0.00321316	0.00179295	51326.3	1050	105	50559.8	66.1491	66.1491	264.596	264.596	0 22765.5 -54.5806 	22710.9	6.18541	6.55445	12703.2	670	-0.00252692	0	4.029	1.02
535.5	0.00321331	0.00178868	51179.2	1050	105	50412	66.223	66.223	264.892	264.892	0 22820.9 -57.8931 	22763	6.18456	6.55445	12703.2	670	-0.0026726	0	4.029	1.02
535.75	0.00321275	0.00178651	51096.7	1050	105	50328.7	66.2972	66.2972	265.189	265.189	0 22844.6 -61.9192 	22782.7	6.18781	6.55445	12703.2	670	-0.00285385	0	4.029	1.02
536	0.00335711	0.00159225	46064.2	1050	105	45296.6	66.26	66.26	265.04	265.04	0 26783.5 280.918 	27064.4	5.4234	6.55445	12703.2	670	0.0116723	0	4.029	1.02
536.25	0.00348835	0.00146512	43077.2	1050	105	42310	66.2236	66.2236	264.895	264.895	0 30245.4 734.238 	30979.6	4.834	6.55445	12703.2	670	0.0285297	0	4.029	1.02
536.5	0.0034484	0.00152257	44647.2	1050	105	43879.2	66.2989	66.2989	265.196	265.196	0 28770.9 600.472 	29371.4	5.00395	6.55445	12703.2	670	0.0241825	0	4.029	1.02
536.75	0.00341676	0.00156693	45844.5	1050	105	45075.8	66.3737	66.3737	265.495	265.495	0 27699.9 500.029 	28200	5.14428	6.55445	12703.2	670	0.0206774	0	4.029	1.02
537	0.00338803	0.00160482	46843.8	1050	105	46074.3	66.4496	66.4496	265.798	265.798	0 26818.5 411.356 	27229.9	5.27624	6.55445	12703.2	670	0.0173813	0	4.029	1.02
537.25	0.00335713	0.00164213	47792.9	1050	105	47022.7	66.5282	66.5282	266.113	266.113	0 25970.1 318.076 	26288.2	5.42327	6.55445	12703.2	670	0.0137122	0	4.029	1.02
537.5	0.00331425	0.00168952	48946.5	1050	105	48175.4	66.6134	66.6134	266.454	266.454	0 24919.2 194.2 	25113.4	5.63651	6.55445	12703.2	670	0.00857401	0	4.029	1.02
537.75	0.00324725	0.0017681	50881.5	1050	105	50109.4	66.7155	66.7155	266.862	266.862	0 23330.4 23.4216 	23353.8	5.99266	6.55445	12703.2	670	0.00107495	0	4.029	1.02
538	0.00321969	0.00181103	52040.1	1050	105	51267	66.8139	66.8139	267.255	267.255	0 22584.1 -34.5364 	22549.5	6.14785	6.55445	12703.2	670	-0.00162117	0	4.029	1.02
538.25	0.00321615	0.00181218	52035.7	1050	105	51261.7	66.8945	66.8945	267.578	267.578	0 22544.9 -45.688 	22499.2	6.16819	6.55445	12703.2	670	-0.00214445	0	4.029	1.02
538.5	0.0032151	0.00180852	51894.4	1050	105	51119.7	66.9725	66.9725	267.89	267.89	0 22583.1 -52.3708 	22530.7	6.17426	6.55445	12703.2	670	-0.00245145	0	4.029	1.02
538.75	0.00321457	0.00180428	51739.4	1050	105	50963.9	67.0497	67.0497	268.199	268.199	0 22632.5 -57.7823 	22574.7	6.17731	6.55445	12703.2	670	-0.00269668	0	4.029	1.02
539	0.00321418	0.00180026	51593.9	1050	105	50817.6	67.1264	67.1264	268.506	268.506	0 22680.3 -62.5579 	22617.7	6.17955	6.55445	12703.2	670	-0.00291134	0	4.029	1.02
539.25	0.00321385	0.00179659	51461.7	1050	105	50684.7	67.2028	67.2028	268.811	268.811	0 22724.2 -66.8726 	22657.4	6.18145	6.55445	12703.2	670	-0.00310417	0	4.029	1.02
539.5	0.00321312	0.00179433	51373.8	1050	105	50596	67.2794	67.2794	269.118	269.118	0 22747.7 -71.4066 	22676.3	6.18564	6.55445	12703.2	670	-0.00330897	0	4.029	1.02
539.75	0.00335897	0.00159842	46297.8	1050	105	45520.4	67.2421	67.2421	268.969	268.969	0 26694.8 272.933 	26967.8	5.4144	6.55445	12703.2	670	0.011398	0	4.029	1.02
540	0.00349291	0.00146829	43233.1	1050	105	42456.1	67.2049	67.2049	268.82	268.82	0 30219.6 733.406 	30953	4.81509	6.55445	12703.2	670	0.0286005	0	4.029	1.02
540.25	0.00345673	0.00152182	44709.5	1050	105	43931.7	67.2807	67.2807	269.123	269.123	0 28854.7 613.598 	29468.3	4.96787	6.55445	12703.2	670	0.0247455	0	4.029	1.02
540.5	0.00342902	0.00156234	45818.8	1050	105	45040.2	67.3558	67.3558	269.423	269.423	0 27881 526.335 	28407.3	5.08929	6.55445	12703.2	670	0.021753	0	4.029	1.02
540.75	0.00340541	0.0015954	46709.7	1050	105	45930.4	67.4315	67.4315	269.726	269.726	0 27115.2 453.698 	27568.9	5.19587	6.55445	12703.2	670	0.0191156	0	4.029	1.02
541	0.00338282	0.00162486	47483.1	1050	105	46703	67.5085	67.5085	270.034	270.034	0 26447 384.863 	26831.9	5.30067	6.55445	12703.2	670	0.0164838	0	4.029	1.02
541.25	0.00335775	0.00165471	48238.6	1050	105	47457.8	67.588	67.588	270.352	270.352	0 25777.4 309.36 	26086.8	5.42028	6.55445	12703.2	670	0.0134608	0	4.029	1.02
541.5	0.00332243	0.00169332	49175.3	1050	105	48393.6	67.673	67.673	270.692	270.692	0 24924.6 206.546 	25131.2	5.59501	6.55445	12703.2	670	0.00916172	0	4.029	1.02
541.75	0.00325202	0.00177375	51138.1	1050	105	50355.3	67.7782	67.7782	271.113	271.113	0 23290.2 24.6827 	23314.9	5.96632	6.55445	12703.2	670	0.00113855	0	4.029	1.02
542	0.00322093	0.00182058	52390.8	1050	105	51607	67.8815	67.8815	271.526	271.526	0 22474.2 -41.5643 	22432.6	6.1408	6.55445	12703.2	670	-0.00196421	0	4.029	1.02
542.25	0.00321729	0.00182109	52362.3	1050	105	51577.6	67.9648	67.9648	271.859	271.859	0 22442.6 -53.3935 	22389.2	6.16166	6.55445	12703.2	670	-0.00252186	0	4.029	1.02
542.5	0.0032162	0.0018168	52198.3	1050	105	51412.8	68.0454	68.0454	272.181	272.181	0 22487.9 -60.5608 	22427.3	6.16792	6.55445	12703.2	670	-0.00285142	0	4.029	1.02
542.75	0.00321563	0.00181202	52023.5	1050	105	51237.2	68.1251	68.1251	272.5	272.5	0 22543.3 -66.4044 	22476.9	6.17119	6.55445	12703.2	670	-0.00311609	0	4.029	1.02
543	0.0032152	0.00180752	51860.5	1050	105	51073.4	68.2043	68.2043	272.817	272.817	0 22596.4 -71.5661 	22524.8	6.17365	6.55445	12703.2	670	-0.00334778	0	4.029	1.02
543.25	0.00321484	0.00180342	51712.6	1050	105	50924.8	68.2831	68.2831	273.132	273.132	0 22645.1 -76.2251 	22568.9	6.17577	6.55445	12703.2	670	-0.00355556	0	4.029	1.02
543.5	0.00321451	0.00179972	51579.3	1050	105	50790.7	68.3616	68.3616	273.446	273.446	0 22689.3 -80.4588 	22608.9	6.17766	6.55445	12703.2	670	-0.00374337	0	4.029	1.02
543.75	0.00336386	0.00160146	46457.4	1050	105	45669.1	68.3238	68.3238	273.295	273.295	0 26683 272.51 	26955.5	5.39081	6.55445	12703.2	670	0.0114196	0	4.029	1.02
544	0.00349996	0.00146913	43334.3	1050	105	42546.5	68.2858	68.2858	273.143	273.143	0 30263.2 740.848 	31004.1	4.78607	6.55445	12703.2	670	0.0289584	0	4.029	1.02
544.25	0.00346716	0.00151933	44733.6	1050	105	43945	68.3623	68.3623	273.449	273.449	0 28989 633.331 	29622.3	4.9232	6.55445	12703.2	670	0.0255551	0	4.029	1.02
544.5	0.00344304	0.0015565	45767.8	1050	105	44978.5	68.438	68.438	273.752	273.752	0 28100 558.242 	28658.2	5.02739	6.55445	12703.2	670	0.0230461	0	4.029	1.02
544.75	0.00342384	0.00158555	46570.5	1050	105	45780.4	68.5138	68.5138	274.055	274.055	0 27431.3 499.877 	27931.2	5.11242	6.55445	12703.2	670	0.0209985	0	4.029	1.02
545	0.00340735	0.00160947	47222.4	1050	105	46431.4	68.5902	68.5902	274.361	274.361	0 26893.4 449.989 	27343.4	5.18701	6.55445	12703.2	670	0.0191674	0	4.029	1.02
545.25	0.00339195	0.00163039	47780	1050	105	46988.3	68.6674	68.6674	274.67	274.67	0 26428.4 403.201 	26831.6	5.25797	6.55445	12703.2	670	0.0173772	0	4.029	1.02
545.5	0.00337612	0.0016502	48292.3	1050	105	47499.8	68.746	68.746	274.984	274.984	0 25989.3 354.842 	26344.2	5.3323	6.55445	12703.2	670	0.015457	0	4.029	1.02
545.75	0.00335773	0.00167126	48817.3	1050	105	48024	68.8267	68.8267	275.307	275.307	0 25521.9 298.937 	25820.9	5.4204	6.55445	12703.2	670	0.0131634	0	4.029	1.02
546	0.00333218	0.00169846	49470.3	1050	105	48676.1	68.9113	68.9113	275.645	275.645	0 24922.2 223.303 	25145.5	5.54605	6.55445	12703.2	670	0.00996442	0	4.029	1.02
546.25	0.00327498	0.00175968	50927.6	1050	105	50132.5	69.0113	69.0113	276.045	276.045	0 23642.2 68.7955 	23711	5.84172	6.55445	12703.2	670	0.00316029	0	4.029	1.02
546.5	0.00323193	0.00181523	52341.9	1050	105	51545.8	69.1178	69.1178	276.471	276.471	0 22617.5 -31.0165 	22586.5	6.07829	6.55445	12703.2	670	-0.00146439	0	4.029	1.02
546.75	0.00322014	0.0018303	52722.2	1050	105	51925.1	69.2109	69.2109	276.844	276.844	0 22349.4 -57.962 	22291.4	6.14531	6.55445	12703.2	670	-0.00275645	0	4.029	1.02
547	0.00321789	0.00182752	52596.1	1050	105	51798.1	69.2958	69.2958	277.183	277.183	0 22367.7 -67.6037 	22300.1	6.15819	6.55445	12703.2	670	-0.00320728	0	4.029	1.02
547.25	0.00321706	0.00182244	52406.8	1050	105	51608	69.3788	69.3788	277.515	277.515	0 22424.4 -74.4266 	22350	6.16299	6.55445	12703.2	670	-0.00351827	0	4.029	1.02
547.5	0.00321653	0.00181734	52221.3	1050	105	51421.7	69.4612	69.4612	277.845	277.845	0 22483.5 -80.2517 	22403.3	6.16603	6.55445	12703.2	670	-0.0037802	0	4.029	1.02
547.75	0.0032161	0.00181264	52051.2	1050	105	51250.8	69.543	69.543	278.172	278.172	0 22538.8 -85.4537 	22453.3	6.1685	6.55445	12703.2	670	-0.00401213	0	4.029	1.02
548	0.00321572	0.00180838	51897.3	1050	105	51096.1	69.6245	69.6245	278.498	278.498	0 22589.2 -90.1634 	22499	6.1707	6.55445	12703.2	670	-0.00422074	0	4.029	1.02
548.25	0.00336736	0.00160842	46737.5	1050	105	45936.6	69.5867	69.5867	278.347	278.347	0 26595.3 267.254 	26862.5	5.37399	6.55445	12703.2	670	0.0112668	0	4.029	1.02
548.5	0.00350626	0.00147281	43526.5	1050	105	42726	69.5477	69.5477	278.191	278.191	0 30241.9 744.017 	30986	4.76029	6.55445	12703.2	670	0.0292113	0	4.029	1.02
548.75	0.00347745	0.00151883	44825.1	1050	105	44023.8	69.6252	69.6252	278.501	278.501	0 29083.4 651.251 	29734.7	4.87959	6.55445	12703.2	670	0.0263319	0	4.029	1.02
549	0.00345726	0.00155221	45772.2	1050	105	44970.2	69.7018	69.7018	278.807	278.807	0 28294.3 589.871 	28884.2	4.96561	6.55445	12703.2	670	0.0243541	0	4.029	1.02
549.25	0.00344226	0.00157735	46487.1	1050	105	45684.3	69.7782	69.7782	279.113	279.113	0 27722.2 545.658 	28267.9	5.03079	6.55445	12703.2	670	0.0228805	0	4.029	1.02
549.5	0.00343066	0.00159687	47041.9	1050	105	46238.4	69.8547	69.8547	279.419	279.419	0 27291 511.906 	27803	5.08199	6.55445	12703.2	670	0.0217214	0	4.029	1.02
549.75	0.00342137	0.00161237	47481.2	1050	105	46676.9	69.9315	69.9315	279.726	279.726	0 26955.5 484.837 	27440.3	5.12352	6.55445	12703.2	670	0.0207649	0	4.029	1.02
550	0.00341367	0.00162494	47835.3	1050	105	47030.2	70.0087	70.0087	280.035	280.035	0 26686.8 462.148 	27148.9	5.15826	6.55445	12703.2	670	0.0199408	0	4.029	1.02
550.25	0.00340708	0.00163535	48125.8	1050	105	47319.9	70.0862	70.0862	280.345	280.345	0 26465.8 442.334 	26908.1	5.18826	6.55445	12703.2	670	0.0192018	0	4.029	1.02
550.5	0.00340123	0.00164416	48368.7	1050	105	47562.1	70.1642	70.1642	280.657	280.657	0 26278.8 424.338 	26703.1	5.21504	6.55445	12703.2	670	0.0185136	0	4.029	1.02
550.75	0.00339586	0.00165182	48576.4	1050	105	47768.9	70.2425	70.2425	280.97	280.97	0 26115.5 407.352 	26522.9	5.23985	6.55445	12703.2	670	0.0178488	0	4.029	1.02
551	0.00339071	0.0016587	48758.8	1050	105	47950.6	70.3213	70.3213	281.285	281.285	0 25967.8 390.685 	26358.5	5.26377	6.55445	12703.2	670	0.0171828	0	4.029	1.02
551.25	0.00338554	0.00166512	48924.7	1050	105	48115.7	70.4006	70.4006	281.602	281.602	0 25828.3 373.671 	26202	5.28792	6.55445	12703.2	670	0.0164904	0	4.029	1.02
551.5	0.00338009	0.0016714	49082.5	1050	105	48272.7	70.4804	70.4804	281.921	281.921	0 25689.8 355.567 	26045.4	5.31351	6.55445	12703.2	670	0.015742	0	4.029	1.02
551.75	0.00337404	0.00167793	49241.7	1050	105	48431	70.5609	70.5609	282.243	282.243	0 25544 335.423 	25879.5	5.34215	6.55445	12703.2	670	0.0148984	0	4.029	1.02
552	0.00336689	0.00168522	49414.3	1050	105	48602.9	70.6422	70.6422	282.569	282.569	0 25379.7 311.861 	25691.6	5.37626	6.55445	12703.2	670	0.0139004	0	4.029	1.02
552.25	0.00335783	0.00169409	49619.8	1050	105	48807.5	70.7248	70.7248	282.899	282.899	0 25178.9 282.604 	25461.5	5.4199	6.55445	12703.2	670	0.0126487	0	4.029	1.02
552.5	0.00334524	0.00170616	49895.5	1050	105	49082.4	70.8093	70.8093	283.237	283.237	0 24907 243.267 	25150.2	5.48133	6.55445	12703.2	670	0.0109486	0	4.029	1.02
552.75	0.00332494	0.00172572	50341.1	1050	105	49527.1	70.8976	70.8976	283.59	283.59	0 24475.3 182.979 	24658.3	5.58232	6.55445	12703.2	670	0.0083088	0	4.029	1.02
553	0.00327404	0.00177897	51593.8	1050	105	50778.8	71.0009	71.0009	284.003	284.003	0 23379.1 47.1285 	23426.2	5.84676	6.55445	12703.2	670	0.00219328	0	4.029	1.02
553.25	0.0032334	0.00182991	52877.8	1050	105	52061.7	71.1111	71.1111	284.445	284.445	0 22446.2 -47.0099 	22399.2	6.06998	6.55445	12703.2	670	-0.00224221	0	4.029	1.02
553.5	0.00322175	0.00184346	53206.5	1050	105	52389.4	71.2089	71.2089	284.835	284.835	0 22201 -74.2539 	22126.7	6.13609	6.55445	12703.2	670	-0.00356367	0	4.029	1.02
553.75	0.00321957	0.00183967	53045.2	1050	105	52227.2	71.2982	71.2982	285.193	285.193	0 22231.6 -84.2383 	22147.3	6.14855	6.55445	12703.2	670	-0.00403059	0	4.029	1.02
554	0.00321872	0.00183387	52830	1050	105	52011.2	71.3857	71.3857	285.543	285.543	0 22296 -91.476 	22204.5	6.15343	6.55445	12703.2	670	-0.00435914	0	4.029	1.02
554.25	0.00321815	0.00182819	52622.9	1050	105	51803.1	71.4725	71.4725	285.89	285.89	0 22361.4 -97.7035 	22263.7	6.15669	6.55445	12703.2	670	-0.00463765	0	4.029	1.02
554.5	0.00321768	0.00182297	52433.3	1050	105	51612.7	71.5587	71.5587	286.235	286.235	0 22422.1 -103.284 	22318.8	6.15943	6.55445	12703.2	670	-0.00488488	0	4.029	1.02
554.75	0.00321725	0.00181823	52261.7	1050	105	51440.2	71.6445	71.6445	286.578	286.578	0 22477.5 -108.338 	22369.2	6.16188	6.55445	12703.2	670	-0.00510712	0	4.029	1.02
555	0.00337203	0.00161624	47061.3	1050	105	46240.3	71.6066	71.6066	286.426	286.426	0 26503.2 254.049 	26757.2	5.35174	6.55445	12703.2	670	0.0107844	0	4.029	1.02
555.25	0.00351526	0.00147618	43736	1050	105	42915.3	71.566	71.566	286.264	286.264	0 30250.4 742.905 	30993.3	4.72382	6.55445	12703.2	670	0.0293079	0	4.029	1.02
555.5	0.00349227	0.00151642	44897.7	1050	105	44076.2	71.6449	71.6449	286.58	286.58	0 29255 672.495 	29927.5	4.81776	6.55445	12703.2	670	0.0272349	0	4.029	1.02
555.75	0.00347706	0.00154513	45738.4	1050	105	44916.2	71.723	71.723	286.892	286.892	0 28586.5 629.415 	29216	4.88124	6.55445	12703.2	670	0.0259676	0	4.029	1.02
556	0.00346689	0.00156607	46361.7	1050	105	45538.7	71.8009	71.8009	287.204	287.204	0 28121.7 602.659 	28724.4	4.92432	6.55445	12703.2	670	0.0252025	0	4.029	1.02
556.25	0.0034602	0.00158151	46830	1050	105	46006.2	71.8787	71.8787	287.515	287.515	0 27793.8 586.621 	28380.4	4.95293	6.55445	12703.2	670	0.0247796	0	4.029	1.02
556.5	0.00345597	0.00159294	47184.9	1050	105	46360.3	71.9566	71.9566	287.826	287.826	0 27560.4 577.836 	28138.2	4.97114	6.55445	12703.2	670	0.0245936	0	4.029	1.02
556.75	0.00345357	0.00160138	47455.2	1050	105	46629.9	72.0347	72.0347	288.139	288.139	0 27396.1 574.365 	27970.4	4.98152	6.55445	12703.2	670	0.0245859	0	4.029	1.02
557	0.00345255	0.00160755	47661.2	1050	105	46835.1	72.1129	72.1129	288.452	288.452	0 27282.8 574.851 	27857.6	4.98596	6.55445	12703.2	670	0.0247135	0	4.029	1.02
557.25	0.00345256	0.001612	47818.3	1050	105	46991.4	72.1913	72.1913	288.765	288.765	0 27207.6 578.318 	27785.9	4.98589	6.55445	12703.2	670	0.0249445	0	4.029	1.02
557.5	0.00345336	0.00161515	47938.4	1050	105	47110.7	72.2698	72.2698	289.079	289.079	0 27160.8 584.026 	27744.9	4.98244	6.55445	12703.2	670	0.0252539	0	4.029	1.02
557.75	0.00345473	0.00161732	48030.6	1050	105	47202.1	72.3486	72.3486	289.394	289.394	0 27135.1 591.388 	27726.5	4.97651	6.55445	12703.2	670	0.0256214	0	4.029	1.02
558	0.00345651	0.00161878	48102.2	1050	105	47272.9	72.4276	72.4276	289.71	289.71	0 27124.6 599.921 	27724.5	4.96884	6.55445	12703.2	670	0.0260299	0	4.029	1.02
558.25	0.00345855	0.00161973	48158.9	1050	105	47328.9	72.5068	72.5068	290.027	290.027	0 27124.6 609.207 	27733.8	4.96003	6.55445	12703.2	670	0.026464	0	4.029	1.02
558.5	0.00346076	0.00162034	48205.3	1050	105	47374.4	72.5863	72.5863	290.345	290.345	0 27131.8 618.935 	27750.7	4.95054	6.55445	12703.2	670	0.0269124	0	4.029	1.02
558.75	0.00346307	0.0016207	48244	1050	105	47412.4	72.666	72.666	290.664	290.664	0 27144.2 628.931 	27773.1	4.94063	6.55445	12703.2	670	0.0273691	0	4.029	1.02
559	0.00346538	0.00162093	48278.2	1050	105	47445.8	72.7461	72.7461	290.984	290.984	0 27158.2 638.817 	27797.1	4.93077	6.55445	12703.2	670	0.027819	0	4.029	1.02
559.25	0.00346764	0.0016211	48310	1050	105	47476.8	72.8264	72.8264	291.305	291.305	0 27173 648.464 	27821.4	4.92113	6.55445	12703.2	670	0.0282577	0	4.029	1.02
559.5	0.00346983	0.00162126	48340.4	1050	105	47506.3	72.907	72.907	291.628	291.628	0 27187.5 657.779 	27845.3	4.91182	6.55445	12703.2	670	0.0286816	0	4.029	1.02
559.75	0.00347193	0.00162143	48370	1050	105	47535.1	72.9879	72.9879	291.952	291.952	0 27201.1 666.68 	27867.8	4.90292	6.55445	12703.2	670	0.0290875	0	4.029	1.02
560	0.00347392	0.00162162	48399.3	1050	105	47563.6	73.0691	73.0691	292.276	292.276	0 27213.4 675.116 	27888.6	4.8945	6.55445	12703.2	670	0.0294735	0	4.029	1.02
560.25	0.0034758	0.00162185	48428.7	1050	105	47592.2	73.1506	73.1506	292.603	292.603	0 27224.3 683.064 	27907.4	4.88657	6.55445	12703.2	670	0.0298385	0	4.029	1.02
560.5	0.00347757	0.00162212	48458.1	1050	105	47620.8	73.2325	73.2325	292.93	292.93	0 27233.7 690.517 	27924.2	4.87912	6.55445	12703.2	670	0.0301824	0	4.029	1.02
560.75	0.00347923	0.00162242	48487.6	1050	105	47649.4	73.3146	73.3146	293.258	293.258	0 27241.6 697.486 	27939.1	4.87213	6.55445	12703.2	670	0.0305056	0	4.029	1.02
561	0.00348079	0.00162275	48517	1050	105	47678	73.3971	73.3971	293.588	293.588	0 27248.3 703.991 	27952.3	4.86558	6.55445	12703.2	670	0.0308088	0	4.029	1.02
561.25	0.00348226	0.0016231	48546.1	1050	105	47706.3	73.4798	73.4798	293.919	293.919	0 27253.9 710.06 	27963.9	4.85943	6.55445	12703.2	670	0.031093	0	4.029	1.02
561.5	0.00348364	0.00162347	48574.9	1050	105	47734.3	73.5628	73.5628	294.251	294.251	0 27258.5 715.722 	27974.2	4.85364	6.55445	12703.2	670	0.0313596	0	4.029	1.02
561.75	0.00348495	0.00162385	48603.2	1050	105	47761.8	73.6461	73.6461	294.584	294.584	0 27262.4 721.011 	27983.4	4.84817	6.55445	12703.2	670	0.0316097	0	4.029	1.02
562	0.00348619	0.00162423	48630.9	1050	105	47788.6	73.7297	73.7297	294.919	294.919	0 27265.6 725.957 	27991.6	4.84299	6.55445	12703.2	670	0.0318447	0	4.029	1.02
562.25	0.00348737	0.00162462	48657.9	1050	105	47814.8	73.8135	73.8135	295.254	295.254	0 27268.5 730.593 	27999.1	4.83807	6.55445	12703.2	670	0.0320658	0	4.029	1.02
562.5	0.0034885	0.00162499	48684.1	1050	105	47840.1	73.8976	73.8976	295.59	295.59	0 27271 734.946 	28005.9	4.83337	6.55445	12703.2	670	0.0322742	0	4.029	1.02
562.75	0.00348951	0.00162542	48710.6	1050	105	47865.8	73.982	73.982	295.928	295.928	0 27270.9 738.729 	28009.6	4.82918	6.55445	12703.2	670	0.032458	0	4.029	1.02
563	0.00349064	0.00162572	48734.2	1050	105	47888.5	74.0666	74.0666	296.266	296.266	0 27276.4 742.985 	28019.4	4.8245	6.55445	12703.2	670	0.0326608	0	4.029	1.02
563.25	0.00349166	0.00162602	48756.5	1050	105	47910	74.1514	74.1514	296.606	296.606	0 27278.4 746.67 	28025.1	4.82027	6.55445	12703.2	670	0.0328378	0	4.029	1.02
563.5	0.00349263	0.00162636	48779.5	1050	105	47932.1	74.2365	74.2365	296.946	296.946	0 27280.3 750.112 	28030.4	4.81627	6.55445	12703.2	670	0.0330047	0	4.029	1.02
563.75	0.00349357	0.00162668	48801.5	1050	105	47953.2	74.3219	74.3219	297.287	297.287	0 27282.3 753.395 	28035.7	4.81238	6.55445	12703.2	670	0.0331642	0	4.029	1.02
564	0.00349449	0.00162697	48822.5	1050	105	47973.4	74.4074	74.4074	297.63	297.63	0 27284.5 756.533 	28041	4.80858	6.55445	12703.2	670	0.0333166	0	4.029	1.02
564.25	0.00349539	0.00162725	48842.7	1050	105	47992.7	74.4932	74.4932	297.973	297.973	0 27286.9 759.537 	28046.4	4.80487	6.55445	12703.2	670	0.0334628	0	4.029	1.02
564.5	0.00349627	0.00162751	48862	1050	105	48011.2	74.5792	74.5792	298.317	298.317	0 27289.3 762.42 	28051.8	4.80124	6.55445	12703.2	670	0.033603	0	4.029	1.02
564.75	0.00349713	0.00162776	48880.5	1050	105	48028.9	74.6655	74.6655	298.662	298.662	0 27292 765.19 	28057.2	4.79768	6.55445	12703.2	670	0.0337379	0	4.029	1.02
565	0.00349798	0.00162799	48898.4	1050	105	48045.8	74.7519	74.7519	299.008	299.008	0 27294.8 767.857 	28062.6	4.79419	6.55445	12703.2	670	0.0338679	0	4.029	1.02
565.25	0.00349882	0.0016282	48915.5	1050	105	48062.1	74.8386	74.8386	299.354	299.354	0 27297.7 770.432 	28068.1	4.79075	6.55445	12703.2	670	0.0339933	0	4.029	1.02
565.5	0.00349964	0.0016284	48932	1050	105	48077.7	74.9255	74.9255	299.702	299.702	0 27300.7 772.92 	28073.7	4.78737	6.55445	12703.2	670	0.0341146	0	4.029	1.02
565.75	0.00350045	0.00162859	48947.9	1050	105	48092.7	75.0126	75.0126	300.05	300.05	0 27303.9 775.329 	28079.3	4.78404	6.55445	12703.2	670	0.0342321	0	4.029	1.02
566	0.00350125	0.00162876	48963.2	1050	105	48107.2	75.0999	75.0999	300.4	300.4	0 27307.3 777.665 	28084.9	4.78076	6.55445	12703.2	670	0.034346	0	4.029	1.02
566.25	0.00350205	0.00162893	48978	1050	105	48121.1	75.1875	75.1875	300.75	300.75	0 27310.7 779.935 	28090.6	4.77751	6.55445	12703.2	670	0.0344566	0	4.029	1.02
566.5	0.00350283	0.00162908	48992.4	1050	105	48134.6	75.2752	75.2752	301.101	301.101	0 27314.3 782.142 	28096.4	4.77431	6.55445	12703.2	670	0.0345643	0	4.029	1.02
566.75	0.0035036	0.00162922	49006.3	1050	105	48147.6	75.3631	75.3631	301.453	301.453	0 27317.9 784.292 	28102.2	4.77114	6.55445	12703.2	670	0.0346691	0	4.029	1.02
567	0.00350437	0.00162936	49019.7	1050	105	48160.2	75.4513	75.4513	301.805	301.805	0 27321.7 786.388 	28108	4.76801	6.55445	12703.2	670	0.0347713	0	4.029	1.02
567.25	0.00350513	0.00162948	49032.8	1050	105	48172.5	75.5396	75.5396	302.158	302.158	0 27325.5 788.435 	28113.9	4.76491	6.55445	12703.2	670	0.0348712	0	4.029	1.02
567.5	0.00350589	0.0016296	49045.6	1050	105	48184.3	75.6282	75.6282	302.513	302.513	0 27329.4 790.435 	28119.8	4.76183	6.55445	12703.2	670	0.0349687	0	4.029	1.02
567.75	0.00350663	0.00162971	49058	1050	105	48195.9	75.7169	75.7169	302.868	302.868	0 27333.4 792.392 	28125.7	4.75879	6.55445	12703.2	670	0.0350642	0	4.029	1.02
568	0.00350737	0.00162981	49070.2	1050	105	48207.1	75.8058	75.8058	303.223	303.223	0 27337.4 794.308 	28131.7	4.75578	6.55445	12703.2	670	0.0351576	0	4.029	1.02
568.25	0.00350811	0.00162991	49082.1	1050	105	48218.1	75.895	75.895	303.58	303.58	0 27341.5 796.185 	28137.6	4.75279	6.55445	12703.2	670	0.0352493	0	4.029	1.02
568.5	0.00350884	0.00163001	49093.7	1050	105	48228.9	75.9843	75.9843	303.937	303.937	0 27345.6 798.026 	28143.6	4.74982	6.55445	12703.2	670	0.0353391	0	4.029	1.02
568.75	0.00350956	0.0016301	49105.1	1050	105	48239.4	76.0739	76.0739	304.296	304.296	0 27349.7 799.832 	28149.6	4.74688	6.55445	12703.2	670	0.0354274	0	4.029	1.02
569	0.00351028	0.00163018	49116.3	1050	105	48249.7	76.1636	76.1636	304.654	304.654	0 27353.9 801.607 	28155.5	4.74396	6.55445	12703.2	670	0.035514	0	4.029	1.02
569.25	0.003511	0.00163026	49127.3	1050	105	48259.8	76.2536	76.2536	305.014	305.014	0 27358.1 803.35 	28161.5	4.74107	6.55445	12703.2	670	0.0355992	0	4.029	1.02
569.5	0.00351171	0.00163034	49138.1	1050	105	48269.7	76.3437	76.3437	305.375	305.375	0 27362.4 805.063 	28167.4	4.73819	6.55445	12703.2	670	0.035683	0	4.029	1.02
569.75	0.00351241	0.00163041	49148.8	1050	105	48279.4	76.434	76.434	305.736	305.736	0 27366.6 806.749 	28173.4	4.73534	6.55445	12703.2	670	0.0357655	0	4.029	1.02
570	0.00351311	0.00163048	49159.3	1050	105	48289.1	76.5246	76.5246	306.098	306.098	0 27370.9 808.408 	28179.3	4.73251	6.55445	12703.2	670	0.0358467	0	4.029	1.02
570.25	0.00351381	0.00163055	49169.7	1050	105	48298.5	76.6153	76.6153	306.461	306.461	0 27375.1 810.04 	28185.2	4.72969	6.55445	12703.2	670	0.0359267	0	4.029	1.02
570.5	0.0035145	0.00163062	49180	1050	105	48307.9	76.7062	76.7062	306.825	306.825	0 27379.4 811.649 	28191.1	4.7269	6.55445	12703.2	670	0.0360056	0	4.029	1.02
570.75	0.00351519	0.00163069	49190.1	1050	105	48317.2	76.7973	76.7973	307.189	307.189	0 27383.7 813.233 	28196.9	4.72413	6.55445	12703.2	670	0.0360833	0	4.029	1.02
571	0.00351587	0.00163075	49200.2	1050	105	48326.3	76.8886	76.8886	307.554	307.554	0 27387.9 814.794 	28202.7	4.72137	6.55445	12703.2	670	0.03616	0	4.029	1.02
571.25	0.00351655	0.00163081	49210.2	1050	105	48335.4	76.9801	76.9801	307.92	307.92	0 27392.2 816.334 	28208.5	4.71863	6.55445	12703.2	670	0.0362356	0	4.029	1.02
571.5	0.00351723	0.00163087	49220	1050	105	48344.3	77.0718	77.0718	308.287	308.287	0 27396.4 817.852 	28214.3	4.71591	6.55445	12703.2	670	0.0363103	0	4.029	1.02
571.75	0.0035179	0.00163093	49229.8	1050	105	48353.2	77.1637	77.1637	308.655	308.655	0 27400.6 819.349 	28220	4.71321	6.55445	12703.2	670	0.036384	0	4.029	1.02
572	0.00351857	0.00163099	49239.6	1050	105	48362	77.2558	77.2558	309.023	309.023	0 27404.8 820.826 	28225.7	4.71052	6.55445	12703.2	670	0.0364568	0	4.029	1.02
572.25	0.00351923	0.00163105	49249.3	1050	105	48370.8	77.3481	77.3481	309.392	309.392	0 27409 822.284 	28231.3	4.70785	6.55445	12703.2	670	0.0365288	0	4.029	1.02
572.5	0.0035199	0.00163111	49258.9	1050	105	48379.5	77.4406	77.4406	309.762	309.762	0 27413.2 823.723 	28236.9	4.7052	6.55445	12703.2	670	0.0365998	0	4.029	1.02
572.75	0.00352055	0.00163117	49268.5	1050	105	48388.1	77.5333	77.5333	310.133	310.133	0 27417.3 825.144 	28242.5	4.70256	6.55445	12703.2	670	0.0366701	0	4.029	1.02
573	0.00352121	0.00163123	49278	1050	105	48396.7	77.6261	77.6261	310.505	310.505	0 27421.4 826.547 	28248	4.69994	6.55445	12703.2	670	0.0367395	0	4.029	1.02
573.25	0.00352186	0.00163129	49287.5	1050	105	48405.3	77.7192	77.7192	310.877	310.877	0 27425.5 827.933 	28253.5	4.69733	6.55445	12703.2	670	0.0368082	0	4.029	1.02
573.5	0.00352251	0.00163134	49296.9	1050	105	48413.8	77.8125	77.8125	311.25	311.25	0 27429.6 829.301 	28258.9	4.69474	6.55445	12703.2	670	0.0368761	0	4.029	1.02
573.75	0.0035228	0.00163169	49312.7	1050	105	48428.6	77.9061	77.9061	311.624	311.624	0 27421.8 829.039 	28250.8	4.69356	6.55445	12703.2	670	0.0368763	0	4.029	1.02
574	0.00352293	0.00163225	49334.1	1050	105	48449.1	77.9999	77.9999	312	312	0 27410.6 828.093 	28238.7	4.69307	6.55445	12703.2	670	0.0368501	0	4.029	1.02
574.25	0.00352304	0.00163279	49355	1050	105	48469	78.0941	78.0941	312.376	312.376	0 27400.1 827.088 	28227.2	4.69261	6.55445	12703.2	670	0.036821	0	4.029	1.02
574.5	0.00352317	0.00163329	49374.4	1050	105	48487.5	78.1884	78.1884	312.754	312.754	0 27390.5 826.085 	28216.6	4.6921	6.55445	12703.2	670	0.0367909	0	4.029	1.02
574.75	0.00352331	0.00163376	49392.6	1050	105	48504.8	78.283	78.283	313.132	313.132	0 27381.6 825.083 	28206.7	4.69155	6.55445	12703.2	670	0.0367598	0	4.029	1.02
575	0.00352345	0.00163419	49409.8	1050	105	48521	78.3777	78.3777	313.511	313.511	0 27373.3 824.083 	28197.4	4.69097	6.55445	12703.2	670	0.036728	0	4.029	1.02
575.25	0.0035236	0.00163459	49426.1	1050	105	48536.3	78.4727	78.4727	313.891	313.891	0 27365.6 823.084 	28188.7	4.69036	6.55445	12703.2	670	0.0366956	0	4.029	1.02
575.5	0.00352376	0.00163497	49441.5	1050	105	48550.9	78.5678	78.5678	314.271	314.271	0 27358.4 822.086 	28180.5	4.68972	6.55445	12703.2	670	0.0366626	0	4.029	1.02
575.75	0.00352393	0.00163533	49456.3	1050	105	48564.7	78.6632	78.6632	314.653	314.653	0 27351.5 821.091 	28172.6	4.68906	6.55445	12703.2	670	0.0366291	0	4.029	1.02
576	0.0035241	0.00163567	49470.5	1050	105	48578	78.7588	78.7588	315.035	315.035	0 27345 820.097 	28165.1	4.68839	6.55445	12703.2	670	0.0365953	0	4.029	1.02
576.25	0.00352427	0.001636	49484.3	1050	105	48590.7	78.8545	78.8545	315.418	315.418	0 27338.8 819.105 	28158	4.68769	6.55445	12703.2	670	0.0365611	0	4.029	1.02
576.5	0.00352445	0.00163631	49497.5	1050	105	48603	78.9505	78.9505	315.802	315.802	0 27332.9 818.115 	28151	4.68699	6.55445	12703.2	670	0.0365267	0	4.029	1.02
576.75	0.00352463	0.00163661	49510.4	1050	105	48614.9	79.0467	79.0467	316.187	316.187	0 27327.2 817.127 	28144.3	4.68627	6.55445	12703.2	670	0.0364921	0	4.029	1.02
577	0.00352481	0.00163691	49523	1050	105	48626.5	79.143	79.143	316.572	316.572	0 27321.7 816.142 	28137.8	4.68554	6.55445	12703.2	670	0.0364574	0	4.029	1.02
577.25	0.003525	0.00163719	49535.2	1050	105	48637.8	79.2396	79.2396	316.958	316.958	0 27316.4 815.159 	28131.5	4.6848	6.55445	12703.2	670	0.0364225	0	4.029	1.02
577.5	0.00352519	0.00163746	49547.2	1050	105	48648.9	79.3364	79.3364	317.345	317.345	0 27311.2 814.178 	28125.4	4.68405	6.55445	12703.2	670	0.0363875	0	4.029	1.02
577.75	0.00352537	0.00163773	49559	1050	105	48659.7	79.4333	79.4333	317.733	317.733	0 27306.1 813.2 	28119.3	4.6833	6.55445	12703.2	670	0.0363524	0	4.029	1.02
578	0.00352556	0.00163799	49570.6	1050	105	48670.3	79.5305	79.5305	318.122	318.122	0 27301.2 812.225 	28113.4	4.68254	6.55445	12703.2	670	0.0363173	0	4.029	1.02
578.25	0.00352576	0.00163825	49582	1050	105	48680.7	79.6278	79.6278	318.511	318.511	0 27296.4 811.252 	28107.6	4.68177	6.55445	12703.2	670	0.0362822	0	4.029	1.02
578.5	0.00352595	0.0016385	49593.3	1050	105	48691	79.7254	79.7254	318.902	318.902	0 27291.7 810.282 	28101.9	4.681	6.55445	12703.2	670	0.036247	0	4.029	1.02
578.75	0.00352614	0.00163875	49604.4	1050	105	48701.2	79.8232	79.8232	319.293	319.293	0 27287 809.315 	28096.3	4.68023	6.55445	12703.2	670	0.0362119	0	4.029	1.02
579	0.00352634	0.00163899	49615.4	1050	105	48711.2	79.9211	79.9211	319.684	319.684	0 27282.4 808.351 	28090.8	4.67945	6.55445	12703.2	670	0.0361767	0	4.029	1.02
579.25	0.00352654	0.00163923	49626.3	1050	105	48721.1	80.0193	80.0193	320.077	320.077	0 27277.9 807.389 	28085.3	4.67867	6.55445	12703.2	670	0.0361417	0	4.029	1.02
579.5	0.00352673	0.00163947	49637.1	1050	105	48730.9	80.1176	80.1176	320.47	320.47	0 27273.5 806.43 	28079.9	4.67789	6.55445	12703.2	670	0.0361066	0	4.029	1.02
579.75	0.00352693	0.0016397	49647.8	1050	105	48740.7	80.2161	80.2161	320.865	320.865	0 27269.1 805.475 	28074.5	4.6771	6.55445	12703.2	670	0.0360716	0	4.029	1.02
580	0.00352713	0.00163994	49658.5	1050	105	48750.3	80.3149	80.3149	321.26	321.26	0 27264.7 804.522 	28069.2	4.67631	6.55445	12703.2	670	0.0360367	0	4.029	1.02
580.25	0.00352733	0.00164017	49669.1	1050	105	48759.9	80.4138	80.4138	321.655	321.655	0 27260.4 803.572 	28064	4.67552	6.55445	12703.2	670	0.0360018	0	4.029	1.02
580.5	0.00353256	0.00163624	49587.3	1050	105	48677.2	80.5115	80.5115	322.046	322.046	0 27425.5 825.774 	28251.3	4.65479	6.55445	12703.2	670	0.0369356	0	4.029	1.02
580.75	0.00353704	0.00163192	49482.8	1050	105	48571.7	80.6083	80.6083	322.433	322.433	0 27533.1 843.087 	28376.2	4.6371	6.55445	12703.2	670	0.0376305	0	4.029	1.02
581	0.00353959	0.00163007	49445.3	1050	105	48533.2	80.7062	80.7062	322.825	322.825	0 27584.1 852.868 	28436.9	4.62711	6.55445	12703.2	670	0.0380382	0	4.029	1.02
581.25	0.00354111	0.00162949	49441.5	1050	105	48528.5	80.8048	80.8048	323.219	323.219	0 27605.8 858.572 	28464.3	4.62116	6.55445	12703.2	670	0.0382897	0	4.029	1.02
581.5	0.0035421	0.00162952	49453.7	1050	105	48539.7	80.9038	80.9038	323.615	323.615	0 27613.1 862.129 	28475.3	4.61725	6.55445	12703.2	670	0.0384578	0	4.029	1.02
581.75	0.00354284	0.00162981	49472.7	1050	105	48557.7	81.0032	81.0032	324.013	324.013	0 27613.9 864.563 	28478.5	4.61437	6.55445	12703.2	670	0.0385812	0	4.029	1.02
582	0.00354345	0.00163021	49494.1	1050	105	48578	81.1029	81.1029	324.412	324.412	0 27611.9 866.403 	28478.3	4.61198	6.55445	12703.2	670	0.03868	0	4.029	1.02
582.25	0.00354401	0.00163063	49515.6	1050	105	48598.6	81.2029	81.2029	324.812	324.812	0 27609 867.918 	28476.9	4.60982	6.55445	12703.2	670	0.0387645	0	4.029	1.02
582.5	0.00354453	0.00163105	49536.5	1050	105	48618.5	81.3032	81.3032	325.213	325.213	0 27606.1 869.246 	28475.3	4.60778	6.55445	12703.2	670	0.0388402	0	4.029	1.02
582.75	0.00354504	0.00163144	49556.4	1050	105	48637.4	81.4036	81.4036	325.615	325.615	0 27603.5 870.459 	28473.9	4.60578	6.55445	12703.2	670	0.03891	0	4.029	1.02
583	0.00354555	0.0016318	49575.2	1050	105	48655.1	81.5044	81.5044	326.017	326.017	0 27601.3 871.594 	28472.9	4.6038	6.55445	12703.2	670	0.0389755	0	4.029	1.02
583.25	0.00354606	0.00163213	49592.9	1050	105	48671.8	81.6053	81.6053	326.421	326.421	0 27599.7 872.675 	28472.3	4.60183	6.55445	12703.2	670	0.0390378	0	4.029	1.02
583.5	0.00354656	0.00163243	49609.6	1050	105	48687.5	81.7065	81.7065	326.826	326.826	0 27598.5 873.712 	28472.2	4.59986	6.55445	12703.2	670	0.0390973	0	4.029	1.02
583.75	0.00354707	0.00163271	49625.4	1050	105	48702.3	81.8079	81.8079	327.232	327.232	0 27597.7 874.714 	28472.4	4.59789	6.55445	12703.2	670	0.0391547	0	4.029	1.02
584	0.00354758	0.00163297	49640.5	1050	105	48716.4	81.9095	81.9095	327.638	327.638	0 27597.3 875.688 	28473	4.59591	6.55445	12703.2	670	0.0392101	0	4.029	1.02
584.25	0.00354809	0.00163321	49654.8	1050	105	48729.7	82.0114	82.0114	328.046	328.046	0 27597.2 876.636 	28473.9	4.59394	6.55445	12703.2	670	0.039264	0	4.029	1.02
584.5	0.0035486	0.00163343	49668.6	1050	105	48742.5	82.1135	82.1135	328.454	328.454	0 27597.5 877.563 	28475	4.59195	6.55445	12703.2	670	0.0393164	0	4.029	1.02
584.75	0.00354911	0.00163363	49681.8	1050	105	48754.7	82.2158	82.2158	328.863	328.863	0 27598 878.471 	28476.4	4.58997	6.55445	12703.2	670	0.0393675	0	4.029	1.02
585	0.00354962	0.00163383	49694.6	1050	105	48766.4	82.3183	82.3183	329.273	329.273	0 27598.7 879.361 	28478.1	4.58799	6.55445	12703.2	670	0.0394176	0	4.029	1.02
585.25	0.00355013	0.00163401	49707	1050	105	48777.8	82.421	82.421	329.684	329.684	0 27599.6 880.237 	28479.8	4.58601	6.55445	12703.2	670	0.0394667	0	4.029	1.02
585.5	0.00355064	0.00163418	49719	1050	105	48788.8	82.524	82.524	330.096	330.096	0 27600.7 881.099 	28481.8	4.58402	6.55445	12703.2	670	0.0395149	0	4.029	1.02
585.75	0.00355115	0.00163434	49730.8	1050	105	48799.5	82.6272	82.6272	330.509	330.509	0 27601.9 881.949 	28483.9	4.58204	6.55445	12703.2	670	0.0395623	0	4.029	1.02
586	0.00355167	0.0016345	49742.2	1050	105	48809.9	82.7306	82.7306	330.922	330.922	0 27603.3 882.788 	28486.1	4.58006	6.55445	12703.2	670	0.0396091	0	4.029	1.02
586.25	0.00355218	0.00163465	49753.4	1050	105	48820.1	82.8342	82.8342	331.337	331.337	0 27604.7 883.616 	28488.3	4.57808	6.55445	12703.2	670	0.0396552	0	4.029	1.02
586.5	0.00355269	0.00163479	49764.4	1050	105	48830	82.938	82.938	331.752	331.752	0 27606.3 884.434 	28490.7	4.5761	6.55445	12703.2	670	0.0397007	0	4.029	1.02
586.75	0.0035532	0.00163493	49775.3	1050	105	48839.8	83.0421	83.0421	332.168	332.168	0 27607.9 885.243 	28493.1	4.57413	6.55445	12703.2	670	0.0397456	0	4.029	1.02
587	0.00355371	0.00163507	49785.9	1050	105	48849.5	83.1463	83.1463	332.585	332.585	0 27609.6 886.044 	28495.6	4.57216	6.55445	12703.2	670	0.0397901	0	4.029	1.02
587.25	0.00355422	0.0016352	49796.5	1050	105	48859	83.2508	83.2508	333.003	333.003	0 27611.3 886.837 	28498.2	4.5702	6.55445	12703.2	670	0.0398342	0	4.029	1.02
587.5	0.00355473	0.00163532	49806.9	1050	105	48868.3	83.3555	83.3555	333.422	333.422	0 27613.1 887.623 	28500.8	4.56823	6.55445	12703.2	670	0.0398778	0	4.029	1.02
587.75	0.00355524	0.00163545	49817.2	1050	105	48877.6	83.4605	83.4605	333.842	333.842	0 27615 888.401 	28503.4	4.56627	6.55445	12703.2	670	0.039921	0	4.029	1.02
588	0.00355574	0.00163557	49827.4	1050	105	48886.7	83.5656	83.5656	334.262	334.262	0 27616.8 889.172 	28506	4.56432	6.55445	12703.2	670	0.0399638	0	4.029	1.02
588.25	0.00355625	0.00163569	49837.5	1050	105	48895.8	83.671	83.671	334.684	334.684	0 27618.7 889.936 	28508.7	4.56237	6.55445	12703.2	670	0.0400063	0	4.029	1.02
588.5	0.00355676	0.00163581	49847.6	1050	105	48904.8	83.7765	83.7765	335.106	335.106	0 27620.6 890.694 	28511.3	4.56043	6.55445	12703.2	670	0.0400485	0	4.029	1.02
588.75	0.00355726	0.00163593	49857.6	1050	105	48913.8	83.8823	83.8823	335.529	335.529	0 27622.6 891.445 	28514	4.55849	6.55445	12703.2	670	0.0400903	0	4.029	1.02
589	0.00355776	0.00163605	49867.5	1050	105	48922.7	83.9884	83.9884	335.953	335.953	0 27624.5 892.191 	28516.7	4.55655	6.55445	12703.2	670	0.0401318	0	4.029	1.02
589.25	0.00355827	0.00163616	49877.4	1050	105	48931.5	84.0946	84.0946	336.378	336.378	0 27626.5 892.93 	28519.4	4.55462	6.55445	12703.2	670	0.0401731	0	4.029	1.02
589.5	0.00355877	0.00163628	49887.3	1050	105	48940.3	84.201	84.201	336.804	336.804	0 27628.4 893.663 	28522.1	4.5527	6.55445	12703.2	670	0.040214	0	4.029	1.02
589.75	0.00355927	0.00163639	49897.1	1050	105	48949	84.3077	84.3077	337.231	337.231	0 27630.4 894.391 	28524.8	4.55078	6.55445	12703.2	670	0.0402547	0	4.029	1.02
590	0.00355977	0.0016365	49906.9	1050	105	48957.8	84.4146	84.4146	337.658	337.658	0 27632.3 895.113 	28527.5	4.54887	6.55445	12703.2	670	0.0402951	0	4.029	1.02
590.25	0.00356026	0.00163662	49916.7	1050	105	48966.5	84.5217	84.5217	338.087	338.087	0 27634.3 895.829 	28530.1	4.54696	6.55445	12703.2	670	0.0403352	0	4.029	1.02
590.5	0.00356076	0.00163673	49926.4	1050	105	48975.1	84.6291	84.6291	338.516	338.516	0 27636.3 896.54 	28532.8	4.54506	6.55445	12703.2	670	0.0403751	0	4.029	1.02
590.75	0.00356126	0.00163684	49936.1	1050	105	48983.8	84.7366	84.7366	338.947	338.947	0 27638.2 897.245 	28535.4	4.54316	6.55445	12703.2	670	0.0404147	0	4.029	1.02
591	0.00356175	0.00163695	49945.9	1050	105	48992.4	84.8444	84.8444	339.378	339.378	0 27640.1 897.945 	28538.1	4.54127	6.55445	12703.2	670	0.0404541	0	4.029	1.02
591.25	0.00356224	0.00163707	49955.6	1050	105	49001	84.9524	84.9524	339.81	339.81	0 27642.1 898.64 	28540.7	4.53938	6.55445	12703.2	670	0.0404933	0	4.029	1.02
591.5	0.00356273	0.00163718	49965.2	1050	105	49009.6	85.0606	85.0606	340.243	340.243	0 27644 899.329 	28543.3	4.5375	6.55445	12703.2	670	0.0405322	0	4.029	1.02
591.75	0.00356323	0.00163729	49974.9	1050	105	49018.2	85.1691	85.1691	340.676	340.676	0 27645.9 900.013 	28545.9	4.53563	6.55445	12703.2	670	0.0405709	0	4.029	1.02
592	0.00356371	0.0016374	49984.6	1050	105	49026.8	85.2778	85.2778	341.111	341.111	0 27647.8 900.693 	28548.5	4.53376	6.55445	12703.2	670	0.0406093	0	4.029	1.02
592.25	0.0035642	0.00163752	49994.2	1050	105	49035.4	85.3866	85.3866	341.547	341.547	0 27649.7 901.367 	28551	4.5319	6.55445	12703.2	670	0.0406476	0	4.029	1.02
592.5	0.00356469	0.00163763	50003.9	1050	105	49043.9	85.4958	85.4958	341.983	341.983	0 27651.5 902.036 	28553.6	4.53004	6.55445	12703.2	670	0.0406856	0	4.029	1.02
592.75	0.00356518	0.00163774	50013.5	1050	105	49052.5	85.6051	85.6051	342.42	342.42	0 27653.4 902.7 	28556.1	4.52819	6.55445	12703.2	670	0.0407234	0	4.029	1.02
593	0.00356566	0.00163786	50023.2	1050	105	49061	85.7147	85.7147	342.859	342.859	0 27655.2 903.359 	28558.6	4.52634	6.55445	12703.2	670	0.040761	0	4.029	1.02
593.25	0.00356614	0.00163797	50032.8	1050	105	49069.6	85.8245	85.8245	343.298	343.298	0 27657 904.013 	28561.1	4.52451	6.55445	12703.2	670	0.0407984	0	4.029	1.02
593.5	0.00356663	0.00163808	50042.5	1050	105	49078.1	85.9345	85.9345	343.738	343.738	0 27658.9 904.663 	28563.5	4.52267	6.55445	12703.2	670	0.0408356	0	4.029	1.02
593.75	0.00356711	0.0016382	50052.1	1050	105	49086.7	86.0447	86.0447	344.179	344.179	0 27660.6 905.307 	28565.9	4.52084	6.55445	12703.2	670	0.0408725	0	4.029	1.02
594	0.00356759	0.00163831	50061.8	1050	105	49095.2	86.1552	86.1552	344.621	344.621	0 27662.4 905.947 	28568.4	4.51902	6.55445	12703.2	670	0.0409093	0	4.029	1.02
594.25	0.00356806	0.00163843	50071.4	1050	105	49103.7	86.2659	86.2659	345.064	345.064	0 27664.2 906.583 	28570.8	4.5172	6.55445	12703.2	670	0.0409459	0	4.029	1.02
594.5	0.00356854	0.00163855	50081	1050	105	49112.3	86.3768	86.3768	345.507	345.507	0 27665.9 907.214 	28573.1	4.51539	6.55445	12703.2	670	0.0409823	0	4.029	1.02
594.75	0.00356902	0.00163866	50090.7	1050	105	49120.8	86.488	86.488	345.952	345.952	0 27667.7 907.84 	28575.5	4.51358	6.55445	12703.2	670	0.0410185	0	4.029	1.02
595	0.00356949	0.00163878	50100.3	1050	105	49129.3	86.5994	86.5994	346.397	346.397	0 27669.4 908.462 	28577.8	4.51178	6.55445	12703.2	670	0.0410545	0	4.029	1.02
595.25	0.00356997	0.0016389	50110	1050	105	49137.9	86.711	86.711	346.844	346.844	0 27671.1 909.08 	28580.1	4.50999	6.55445	12703.2	670	0.0410903	0	4.029	1.02
595.5	0.00357044	0.00163901	50119.7	1050	105	49146.4	86.8228	86.8228	347.291	347.291	0 27672.7 909.692 	28582.4	4.5082	6.55445	12703.2	670	0.041126	0	4.029	1.02
595.75	0.00357091	0.00163913	50129.3	1050	105	49155	86.9349	86.9349	347.74	347.74	0 27674.4 910.301 	28584.7	4.50641	6.55445	12703.2	670	0.0411614	0	4.029	1.02
596	0.00357138	0.00163925	50139	1050	105	49163.5	87.0472	87.0472	348.189	348.189	0 27676 910.905 	28586.9	4.50463	6.55445	12703.2	670	0.0411967	0	4.029	1.02
596.25	0.00357185	0.00163937	50148.7	1050	105	49172.1	87.1597	87.1597	348.639	348.639	0 27677.7 911.505 	28589.2	4.50286	6.55445	12703.2	670	0.0412317	0	4.029	1.02
596.5	0.00357232	0.00163949	50158.3	1050	105	49180.6	87.2725	87.2725	349.09	349.09	0 27679.3 912.101 	28591.4	4.50109	6.55445	12703.2	670	0.0412666	0	4.029	1.02
596.75	0.00357278	0.00163961	50168	1050	105	49189.2	87.3855	87.3855	349.542	349.542	0 27680.9 912.692 	28593.6	4.49933	6.55445	12703.2	670	0.0413014	0	4.029	1.02
597	0.00357325	0.00163973	50177.7	1050	105	49197.7	87.4987	87.4987	349.995	349.995	0 27682.4 913.28 	28595.7	4.49757	6.55445	12703.2	670	0.0413359	0	4.029	1.02
597.25	0.00357371	0.00163985	50187.4	1050	105	49206.3	87.6121	87.6121	350.449	350.449	0 27684 913.863 	28597.9	4.49582	6.55445	12703.2	670	0.0413703	0	4.029	1.02
597.5	0.00357417	0.00163997	50197.1	1050	105	49214.8	87.7258	87.7258	350.903	350.903	0 27685.5 914.442 	28600	4.49407	6.55445	12703.2	670	0.0414045	0	4.029	1.02
597.75	0.00357464	0.00164009	50206.8	1050	105	49223.4	87.8397	87.8397	351.359	351.359	0 27687 915.015 	28602.1	4.49233	6.55445	12703.2	670	0.0414385	0	4.029	1.02
598	0.0035751	0.00164022	50216.5	1050	105	49232	87.9539	87.9539	351.816	351.816	0 27688.5 915.587 	28604.1	4.49059	6.55445	12703.2	670	0.0414724	0	4.029	1.02
598.25	0.00357556	0.00164034	50226.2	1050	105	49240.5	88.0683	88.0683	352.273	352.273	0 27690 916.155 	28606.2	4.48886	6.55445	12703.2	670	0.0415062	0	4.029	1.02
598.5	0.00357602	0.00164046	50235.9	1050	105	49249.1	88.1829	88.1829	352.732	352.732	0 27691.5 916.719 	28608.2	4.48713	6.55445	12703.2	670	0.0415397	0	4.029	1.02
598.75	0.00357557	0.00164166	50274.4	1050	105	49286.4	88.2982	88.2982	353.193	353.193	0 27667.8 913.418 	28581.3	4.48881	6.55445	12703.2	670	0.0414219	0	4.029	1.02
599	0.0035759	0.00164188	50286.3	1050	105	49297.2	88.4134	88.4134	353.654	353.654	0 27666.6 913.338 	28580	4.48757	6.55445	12703.2	670	0.0414281	0	4.029	1.02
599.25	0.00357669	0.00164156	50283.6	1050	105	49293.3	88.5286	88.5286	354.114	354.114	0 27678.1 915.213 	28593.4	4.48461	6.55445	12703.2	670	0.0415109	0	4.029	1.02
599.5	0.00357675	0.00164213	50305	1050	105	49313.6	88.6444	88.6444	354.578	354.578	0 27669 914.016 	28583	4.48439	6.55445	12703.2	670	0.0414743	0	4.029	1.02
599.75	0.00357685	0.00164262	50324.1	1050	105	49331.5	88.7604	88.7604	355.042	355.042	0 27661.5 913.001 	28574.5	4.48398	6.55445	12703.2	670	0.0414439	0	4.029	1.02
600	0.00357711	0.00164292	50337.8	1050	105	49344.1	88.8765	88.8765	355.506	355.506	0 27658.6 912.61 	28571.2	4.483	6.55445	12703.2	670	0.0414374	0	4.029	1.02
600.25	0.0035778	0.0016427	50337.7	1050	105	49342.7	88.9927	88.9927	355.971	355.971	0 27667.6 914.05 	28581.7	4.48041	6.55445	12703.2	670	0.0415027	0	4.029	1.02
600.5	0.00357897	0.00164193	50323.1	1050	105	49327	89.1089	89.1089	356.436	356.436	0 27689.6 917.56 	28607.1	4.47604	6.55445	12703.2	670	0.04165	0	4.029	1.02
600.75	0.00357994	0.00164143	50316.2	1050	105	49318.9	89.2253	89.2253	356.901	356.901	0 27705.5 920.348 	28625.8	4.47239	6.55445	12703.2	670	0.0417708	0	4.029	1.02
601	0.00358056	0.00164139	50321.5	1050	105	49323.1	89.3422	89.3422	357.369	357.369	0 27711.1 921.687 	28632.8	4.47006	6.55445	12703.2	670	0.041836	0	4.029	1.02
601.25	0.00358106	0.00164149	50331	1050	105	49331.4	89.4593	89.4593	357.837	357.837	0 27713.3 922.507 	28635.8	4.46818	6.55445	12703.2	670	0.0418811	0	4.029	1.02
601.5	0.00358152	0.00164164	50341.7	1050	105	49340.9	89.5768	89.5768	358.307	358.307	0 27714.2 923.141 	28637.4	4.46648	6.55445	12703.2	670	0.0419188	0	4.029	1.02
601.75	0.00358196	0.0016418	50352.8	1050	105	49350.8	89.6945	89.6945	358.778	358.778	0 27714.9 923.705 	28638.6	4.46482	6.55445	12703.2	670	0.0419536	0	4.029	1.02
602	0.0035824	0.00164197	50363.8	1050	105	49360.7	89.8124	89.8124	359.25	359.25	0 27715.5 924.241 	28639.7	4.46319	6.55445	12703.2	670	0.0419872	0	4.029	1.02
602.25	0.00358283	0.00164213	50374.7	1050	105	49370.4	89.9306	89.9306	359.722	359.722	0 27716.1 924.762 	28640.8	4.46156	6.55445	12703.2	670	0.04202	0	4.029	1.02
602.5	0.00358327	0.00164229	50385.5	1050	105	49380	90.049	90.049	360.196	360.196	0 27716.7 925.277 	28642	4.45994	6.55445	12703.2	670	0.0420524	0	4.029	1.02
602.75	0.00358369	0.00164247	50396.6	1050	105	49390	90.1677	90.1677	360.671	360.671	0 27717 925.722 	28642.8	4.45837	6.55445	12703.2	670	0.0420819	0	4.029	1.02
603	0.00358412	0.00164262	50407.2	1050	105	49399.4	90.2866	90.2866	361.146	361.146	0 27717.8 926.217 	28644	4.45676	6.55445	12703.2	670	0.0421133	0	4.029	1.02
603.25	0.00358457	0.00164276	50417.3	1050	105	49408.2	90.4057	90.4057	361.623	361.623	0 27718.9 926.765 	28645.7	4.4551	6.55445	12703.2	670	0.0421466	0	4.029	1.02
603.5	0.003585	0.0016429	50427.6	1050	105	49417.3	90.5251	90.5251	362.101	362.101	0 27719.8 927.276 	28647.1	4.45347	6.55445	12703.2	670	0.0421784	0	4.029	1.02
603.75	0.00358544	0.00164305	50437.9	1050	105	49426.4	90.6448	90.6448	362.579	362.579	0 27720.7 927.773 	28648.5	4.45185	6.55445	12703.2	670	0.0422096	0	4.029	1.02
604	0.00358587	0.0016432	50448.1	1050	105	49435.5	90.7647	90.7647	363.059	363.059	0 27721.6 928.262 	28649.9	4.45024	6.55445	12703.2	670	0.0422405	0	4.029	1.02
604.25	0.0035863	0.00164334	50458.3	1050	105	49444.5	90.8848	90.8848	363.539	363.539	0 27722.5 928.747 	28651.2	4.44864	6.55445	12703.2	670	0.0422711	0	4.029	1.02
604.5	0.00358673	0.00164348	50468.5	1050	105	49453.5	91.0052	91.0052	364.021	364.021	0 27723.4 929.228 	28652.6	4.44703	6.55445	12703.2	670	0.0423016	0	4.029	1.02
604.75	0.00358716	0.00164363	50478.7	1050	105	49462.4	91.1259	91.1259	364.503	364.503	0 27724.3 929.706 	28654	4.44543	6.55445	12703.2	670	0.0423318	0	4.029	1.02
605	0.00358759	0.00164377	50488.8	1050	105	49471.3	91.2467	91.2467	364.987	364.987	0 27725.2 930.181 	28655.4	4.44383	6.55445	12703.2	670	0.0423619	0	4.029	1.02
605.25	0.00358787	0.00164396	50499	1050	105	49480.3	91.3679	91.3679	365.472	365.472	0 27719 929.714 	28648.7	4.44282	6.55445	12703.2	670	0.0423492	0	4.029	1.02
605.5	0.00358809	0.00164435	50515.7	1050	105	49495.8	91.4894	91.4894	365.958	365.958	0 27715 929.326 	28644.4	4.44197	6.55445	12703.2	670	0.0423455	0	4.029	1.02
605.75	0.00358837	0.00164468	50530.7	1050	105	49509.6	91.6111	91.6111	366.445	366.445	0 27712.6 929.129 	28641.7	4.44096	6.55445	12703.2	670	0.0423491	0	4.029	1.02
606	0.00358898	0.00164463	50536.1	1050	105	49513.8	91.733	91.733	366.932	366.932	0 27720.5 930.468 	28650.9	4.43868	6.55445	12703.2	670	0.0424147	0	4.029	1.02
606.25	0.00358962	0.00164453	50539.8	1050	105	49516.2	91.855	91.855	367.42	367.42	0 27728 931.882 	28659.9	4.43631	6.55445	12703.2	670	0.0424823	0	4.029	1.02
606.5	0.00359014	0.00164456	50546.9	1050	105	49522.1	91.9773	91.9773	367.909	367.909	0 27731.6 932.759 	28664.3	4.43438	6.55445	12703.2	670	0.0425282	0	4.029	1.02
