0.1	0.00199378	7.42246e-05	1050.03	1050	105	504.028	44.1	44.1	176.4	176.4	0 17997.2 9555.97 	27553.1	6.55449	6.55445	670	670	0.00905084	0	1.02	1.02
0.2	0.00199378	7.42263e-05	1050.05	1050	105	504.052	44.1	44.1	176.4	176.4	0 17996.7 9555.62 	27552.3	6.55452	6.55445	670	670	0.00905072	0	1.02	1.02
0.3	0.00199377	7.42278e-05	1050.07	1050	105	504.072	44.1	44.1	176.4	176.4	0 17996.3 9555.33 	27551.7	6.55455	6.55445	670	670	0.00905062	0	1.02	1.02
0.4	0.00199377	7.42291e-05	1050.09	1050	105	504.089	44.1	44.1	176.4	176.4	0 17996 9555.08 	27551.1	6.55457	6.55445	670	670	0.00905053	0	1.02	1.02
0.5	0.00199377	7.42302e-05	1050.1	1050	105	504.104	44.1	44.1	176.4	176.4	0 17995.7 9554.87 	27550.6	6.55459	6.55445	670	670	0.00905045	0	1.02	1.02
0.6	0.00199377	7.42311e-05	1050.12	1050	105	504.116	44.1	44.1	176.4	176.4	0 17995.5 9554.69 	27550.2	6.55461	6.55445	670	670	0.00905038	0	1.02	1.02
0.7	0.00199377	7.42318e-05	1050.13	1050	105	504.126	44.1	44.1	176.4	176.4	0 17995.3 9554.54 	27549.8	6.55463	6.55445	670	670	0.00905032	0	1.02	1.02
0.8	0.00199376	7.42324e-05	1050.13	1050	105	504.134	44.1	44.1	176.4	176.4	0 17995.1 9554.41 	27549.5	6.55464	6.55445	670	670	0.00905027	0	1.02	1.02
0.9	0.00199376	7.4233e-05	1050.14	1050	105	504.141	44.0999	44.0999	176.4	176.4	0 17995 9554.3 	27549.3	6.55465	6.55445	670	670	0.00905023	0	1.02	1.02
1	0.00199376	7.42334e-05	1050.15	1050	105	504.147	44.0999	44.0999	176.4	176.4	0 17994.9 9554.21 	27549.1	6.55466	6.55445	670	670	0.00905019	0	1.02	1.02
1.1	0.00199376	7.42338e-05	1050.15	1050	105	504.152	44.0999	44.0999	176.4	176.4	0 17994.8 9554.13 	27548.9	6.55467	6.55445	670	670	0.00905016	0	1.02	1.02
1.2	0.00199376	7.42341e-05	1050.16	1050	105	504.156	44.0999	44.0999	176.4	176.4	0 17994.7 9554.06 	27548.8	6.55467	6.55445	670	670	0.00905013	0	1.02	1.02
1.3	0.00199376	7.42343e-05	1050.16	1050	105	504.16	44.0999	44.0999	176.4	176.4	0 17994.6 9554.01 	27548.6	6.55468	6.55445	670	670	0.00905011	0	1.02	1.02
1.4	0.00199376	7.42345e-05	1050.16	1050	105	504.163	44.0999	44.0999	176.4	176.4	0 17994.6 9553.96 	27548.5	6.55469	6.55445	670	670	0.00905009	0	1.02	1.02
1.5	0.00199376	7.42347e-05	1050.16	1050	105	504.165	44.0999	44.0999	176.399	176.399	0 17994.5 9553.92 	27548.5	6.55469	6.55445	670	670	0.00905007	0	1.02	1.02
1.6	0.00199376	7.42348e-05	1050.17	1050	105	504.167	44.0999	44.0999	176.399	176.399	0 17994.5 9553.89 	27548.4	6.55469	6.55445	670	670	0.00905006	0	1.02	1.02
1.7	0.00199376	7.42349e-05	1050.17	1050	105	504.168	44.0998	44.0998	176.399	176.399	0 17994.5 9553.86 	27548.3	6.5547	6.55445	670	670	0.00905004	0	1.02	1.02
1.8	0.00199376	7.4235e-05	1050.17	1050	105	504.17	44.0998	44.0998	176.399	176.399	0 17994.4 9553.84 	27548.3	6.5547	6.55445	670	670	0.00905003	0	1.02	1.02
1.9	0.00199376	7.42351e-05	1050.17	1050	105	504.171	44.0998	44.0998	176.399	176.399	0 17994.4 9553.82 	27548.2	6.5547	6.55445	670	670	0.00905002	0	1.02	1.02
2	0.00199376	7.42351e-05	1050.17	1050	105	504.171	44.0998	44.0998	176.399	176.399	0 17994.4 9553.8 	27548.2	6.5547	6.55445	670	670	0.00905001	0	1.02	1.02
2.1	0.00199753	7.26705e-05	1029.55	1050	105	483.747	44.08	44.08	176.32	176.32	0 20951 9900.26 	30851.3	25.7448	6.55445	762.202	670	0.00919403	0	4.029	1.02
2.2	0.00204871	6.83596e-05	991.82	1050	105	446.417	44.0403	44.0403	176.161	176.161	0 25606.2 12985.3 	38591.5	23.863	6.55445	854.405	670	0.0116171	0	4.029	1.02
2.3	0.00209884	6.4489e-05	957.309	1050	105	412.302	44.0007	44.0007	176.003	176.003	0 30807.9 16319.6 	47127.5	22.1938	6.55445	946.607	670	0.014092	0	4.029	1.02
2.4	0.00214764	6.10146e-05	925.738	1050	105	381.127	43.9611	43.9611	175.844	175.844	0 36564.9 19894.5 	56459.4	20.7148	6.55445	1038.81	670	0.0166124	0	4.029	1.02
2.5	0.00219492	5.78955e-05	896.853	1050	105	352.637	43.9216	43.9216	175.686	175.686	0 42878.7 23699.6 	66578.3	19.4048	6.55445	1131.01	670	0.0191724	0	4.029	1.02
2.6	0.00224052	5.50945e-05	870.423	1050	105	326.602	43.8821	43.8821	175.528	175.528	0 49744.3 27723 	77467.2	18.244	6.55445	1223.21	670	0.0217662	0	4.029	1.02
2.7	0.00228432	5.25774e-05	846.237	1050	105	302.81	43.8426	43.8426	175.371	175.371	0 57150.6 31950.9 	89101.5	17.2146	6.55445	1315.42	670	0.0243887	0	4.029	1.02
2.8	0.00232625	5.03136e-05	824.1	1050	105	281.068	43.8032	43.8032	175.213	175.213	0 65081.3 36368.8 	101450	16.3004	6.55445	1407.62	670	0.0270348	0	4.029	1.02
2.9	0.00236629	4.82753e-05	803.837	1050	105	261.198	43.7639	43.7639	175.055	175.055	0 73516.2 40961.2 	114477	15.4868	6.55445	1499.82	670	0.0296998	0	4.029	1.02
3	0.00240172	4.71583e-05	796.692	1050	105	254.447	43.7245	43.7245	174.898	174.898	0 81079.9 44810.8 	125891	14.8115	6.55445	1592.02	670	0.0322023	0	4.029	1.02
3.1	0.00242873	4.79984e-05	820.055	1050	105	278.203	43.6852	43.6852	174.741	174.741	0 85222.4 46307.4 	131530	14.3228	6.55445	1684.23	670	0.0342537	0	4.029	1.02
3.2	0.00244928	5.03536e-05	867.914	1050	105	326.455	43.646	43.646	174.584	174.584	0 86408.3 45895.6 	132304	13.9654	6.55445	1776.43	670	0.0359303	0	4.029	1.02
3.3	0.00246724	5.32266e-05	924.626	1050	105	383.558	43.6068	43.6068	174.427	174.427	0 86617.4 44927.3 	131545	13.6626	6.55445	1868.63	670	0.0374705	0	4.029	1.02
3.4	0.00248391	5.62804e-05	984.808	1050	105	444.132	43.5676	43.5676	174.27	174.27	0 86540.5 43854.3 	130395	13.3894	6.55445	1960.83	670	0.0389563	0	4.029	1.02
3.5	0.00249973	5.94092e-05	1046.75	1050	105	506.465	43.5284	43.5284	174.114	174.114	0 86384.4 42803.6 	129188	13.1368	6.55445	2053.03	670	0.0404144	0	4.029	1.02
3.6	0.00251379	6.29149e-05	1115.45	1050	105	575.557	43.4893	43.4893	173.957	173.957	0 85713.7 41517.8 	127231	12.9176	6.55445	2145.24	670	0.0417732	0	4.029	1.02
3.7	0.00252568	6.69583e-05	1193.62	1050	105	654.122	43.4503	43.4503	173.801	173.801	0 84396.5 39930.4 	124327	12.736	6.55445	2237.44	670	0.0429917	0	4.029	1.02
3.8	0.00253615	7.13269e-05	1277.79	1050	105	738.676	43.4113	43.4113	173.645	173.645	0 82834.4 38279.6 	121114	12.5789	6.55445	2329.64	670	0.0441204	0	4.029	1.02
3.9	0.0025457	7.58786e-05	1365.58	1050	105	826.859	43.3723	43.3723	173.489	173.489	0 81252 36689.9 	117942	12.4379	6.55445	2421.84	670	0.0451937	0	4.029	1.02
4	0.00255463	8.05279e-05	1455.57	1050	105	917.236	43.3333	43.3333	173.333	173.333	0 79754.6 35213 	114968	12.3078	6.55445	2514.05	670	0.0462327	0	4.029	1.02
4.1	0.00256311	8.52291e-05	1546.98	1050	105	1009.03	43.2944	43.2944	173.178	173.178	0 78378.3 33860.9 	112239	12.1861	6.55445	2606.25	670	0.0472493	0	4.029	1.02
4.2	0.00257123	8.99616e-05	1639.44	1050	105	1101.89	43.2556	43.2556	173.022	173.022	0 77125.6 32627.5 	109753	12.071	6.55445	2698.45	670	0.0482496	0	4.029	1.02
4.3	0.00257903	9.47178e-05	1732.83	1050	105	1195.66	43.2167	43.2167	172.867	172.867	0 75985.4 31500.5 	107486	11.9619	6.55445	2790.65	670	0.0492365	0	4.029	1.02
4.4	0.00258653	9.94969e-05	1827.12	1050	105	1290.34	43.178	43.178	172.712	172.712	0 74942.8 30466.4 	105409	11.8582	6.55445	2882.86	670	0.0502112	0	4.029	1.02
4.5	0.00259374	0.0001043	1922.32	1050	105	1385.92	43.1392	43.1392	172.557	172.557	0 73983.8 29513.1 	103497	11.7594	6.55445	2975.06	670	0.0511744	0	4.029	1.02
4.6	0.00260069	0.00010913	2018.45	1050	105	1482.44	43.1005	43.1005	172.402	172.402	0 73096.3 28630.3 	101727	11.6654	6.55445	3067.26	670	0.0521264	0	4.029	1.02
4.7	0.00260739	0.000113988	2115.54	1050	105	1579.92	43.0618	43.0618	172.247	172.247	0 72270.4 27809.6 	100080	11.5758	6.55445	3159.46	670	0.0530676	0	4.029	1.02
4.8	0.00261383	0.000118875	2213.6	1050	105	1678.37	43.0232	43.0232	172.093	172.093	0 71498 27043.8 	98541.9	11.4904	6.55445	3251.66	670	0.0539983	0	4.029	1.02
4.9	0.00262004	0.000123792	2312.63	1050	105	1777.79	42.9846	42.9846	171.938	171.938	0 70772.8 26327.1 	97099.9	11.4088	6.55445	3343.87	670	0.0549191	0	4.029	1.02
5	0.00262603	0.000128739	2412.64	1050	105	1878.18	42.946	42.946	171.784	171.784	0 70089.3 25654.5 	95743.8	11.331	6.55445	3436.07	670	0.0558302	0	4.029	1.02
5.1	0.0026318	0.000133717	2513.62	1050	105	1979.55	42.9075	42.9075	171.63	171.63	0 69443.3 25021.7 	94465	11.2566	6.55445	3528.27	670	0.0567322	0	4.029	1.02
5.2	0.00263737	0.000138724	2615.56	1050	105	2081.86	42.869	42.869	171.476	171.476	0 68831 24425.2 	93256.2	11.1855	6.55445	3620.47	670	0.0576255	0	4.029	1.02
5.3	0.00264274	0.000143762	2718.44	1050	105	2185.13	42.8306	42.8306	171.322	171.322	0 68249.4 23861.7 	92111.1	11.1174	6.55445	3712.68	670	0.0585105	0	4.029	1.02
5.4	0.00264793	0.000148828	2822.25	1050	105	2289.32	42.7922	42.7922	171.169	171.169	0 67695.8 23328.5 	91024.4	11.0522	6.55445	3804.88	670	0.0593876	0	4.029	1.02
5.5	0.00265294	0.000153923	2926.97	1050	105	2394.43	42.7538	42.7538	171.015	171.015	0 67168 22823.3 	89991.3	10.9897	6.55445	3897.08	670	0.0602573	0	4.029	1.02
5.6	0.00265778	0.000159046	3032.59	1050	105	2500.44	42.7155	42.7155	170.862	170.862	0 66663.9 22343.7 	89007.6	10.9297	6.55445	3989.28	670	0.0611199	0	4.029	1.02
5.7	0.00266247	0.000164197	3139.1	1050	105	2607.32	42.6772	42.6772	170.709	170.709	0 66181.7 21887.9 	88069.6	10.8721	6.55445	4081.49	670	0.0619759	0	4.029	1.02
5.8	0.002667	0.000169373	3246.46	1050	105	2715.07	42.639	42.639	170.556	170.556	0 65719.9 21454.2 	87174.2	10.8168	6.55445	4173.69	670	0.0628255	0	4.029	1.02
5.9	0.00267138	0.000174576	3354.67	1050	105	2823.66	42.6008	42.6008	170.403	170.403	0 65277.2 21041 	86318.2	10.7637	6.55445	4265.89	670	0.0636692	0	4.029	1.02
6	0.00267562	0.000179803	3463.7	1050	105	2933.07	42.5626	42.5626	170.25	170.25	0 64852.2 20646.9 	85499.1	10.7126	6.55445	4358.09	670	0.0645071	0	4.029	1.02
6.1	0.00267973	0.000185054	3573.53	1050	105	3043.29	42.5245	42.5245	170.098	170.098	0 64443.9 20270.6 	84714.5	10.6634	6.55445	4450.29	670	0.0653398	0	4.029	1.02
6.2	0.00268371	0.000190328	3684.16	1050	105	3154.3	42.4864	42.4864	169.945	169.945	0 64051.2 19910.9 	83962.1	10.616	6.55445	4542.5	670	0.0661673	0	4.029	1.02
6.3	0.00268757	0.000195625	3795.55	1050	105	3266.07	42.4483	42.4483	169.793	169.793	0 63673.2 19566.9 	83240.1	10.5703	6.55445	4634.7	670	0.0669901	0	4.029	1.02
6.4	0.00269131	0.000200943	3907.7	1050	105	3378.59	42.4103	42.4103	169.641	169.641	0 63309.1 19237.5 	82546.7	10.5263	6.55445	4726.9	670	0.0678084	0	4.029	1.02
6.5	0.00269493	0.000206282	4020.58	1050	105	3491.85	42.3723	42.3723	169.489	169.489	0 62958.2 18921.9 	81880	10.4839	6.55445	4819.1	670	0.0686223	0	4.029	1.02
6.6	0.00269845	0.000211642	4134.17	1050	105	3605.82	42.3344	42.3344	169.337	169.337	0 62619.6 18619.2 	81238.8	10.4429	6.55445	4911.31	670	0.0694323	0	4.029	1.02
6.7	0.00270187	0.00021702	4248.46	1050	105	3720.49	42.2965	42.2965	169.186	169.186	0 62292.9 18328.6 	80621.5	10.4034	6.55445	5003.51	670	0.0702384	0	4.029	1.02
6.8	0.00270518	0.000222417	4363.43	1050	105	3835.84	42.2586	42.2586	169.034	169.034	0 61977.3 18049.6 	80026.9	10.3652	6.55445	5095.71	670	0.071041	0	4.029	1.02
6.9	0.0027084	0.000227832	4479.06	1050	105	3951.86	42.2208	42.2208	168.883	168.883	0 61672.3 17781.4 	79453.7	10.3283	6.55445	5187.91	670	0.0718401	0	4.029	1.02
7	0.00271152	0.000233264	4595.34	1050	105	4068.52	42.183	42.183	168.732	168.732	0 61377.4 17523.5 	78900.9	10.2926	6.55445	5280.12	670	0.0726361	0	4.029	1.02
7.1	0.00271456	0.000238713	4712.26	1050	105	4185.8	42.1452	42.1452	168.581	168.581	0 61092.2 17275.3 	78367.5	10.2581	6.55445	5372.32	670	0.0734291	0	4.029	1.02
7.2	0.00271751	0.000244177	4829.78	1050	105	4303.71	42.1075	42.1075	168.43	168.43	0 60816.2 17036.3 	77852.5	10.2248	6.55445	5464.52	670	0.0742192	0	4.029	1.02
7.3	0.00272038	0.000249656	4947.91	1050	105	4422.21	42.0698	42.0698	168.279	168.279	0 60548.9 16806 	77355	10.1925	6.55445	5556.72	670	0.0750067	0	4.029	1.02
7.4	0.00272317	0.000255149	5066.62	1050	105	4541.3	42.0322	42.0322	168.129	168.129	0 60290.1 16584 	76874.1	10.1612	6.55445	5648.92	670	0.0757918	0	4.029	1.02
7.5	0.00272588	0.000260656	5185.9	1050	105	4660.95	41.9946	41.9946	167.978	167.978	0 60039.3 16369.9 	76409.2	10.1309	6.55445	5741.13	670	0.0765745	0	4.029	1.02
7.6	0.00272851	0.000266176	5305.73	1050	105	4781.16	41.957	41.957	167.828	167.828	0 59796.2 16163.3 	75959.5	10.1016	6.55445	5833.33	670	0.077355	0	4.029	1.02
7.7	0.00273108	0.000271709	5426.1	1050	105	4901.91	41.9195	41.9195	167.678	167.678	0 59560.4 15963.8 	75524.2	10.0731	6.55445	5925.53	670	0.0781335	0	4.029	1.02
7.8	0.00273358	0.000277253	5547	1050	105	5023.18	41.882	41.882	167.528	167.528	0 59331.8 15771.1 	75102.8	10.0456	6.55445	6017.73	670	0.0789102	0	4.029	1.02
7.9	0.002736	0.000282809	5668.41	1050	105	5144.97	41.8445	41.8445	167.378	167.378	0 59109.9 15584.8 	74694.7	10.0188	6.55445	6109.94	670	0.0796851	0	4.029	1.02
8	0.00273837	0.000288375	5790.32	1050	105	5267.25	41.8071	41.8071	167.229	167.229	0 58894.6 15404.8 	74299.3	9.9929	6.55445	6202.14	670	0.0804583	0	4.029	1.02
8.1	0.00274067	0.000293952	5912.71	1050	105	5390.01	41.7698	41.7698	167.079	167.079	0 58685.5 15230.6 	73916.1	9.96775	6.55445	6294.34	670	0.0812301	0	4.029	1.02
8.2	0.00274291	0.000299538	6035.58	1050	105	5513.25	41.7324	41.7324	166.93	166.93	0 58482.5 15062.1 	73544.6	9.94333	6.55445	6386.54	670	0.0820005	0	4.029	1.02
8.3	0.00274509	0.000305133	6158.9	1050	105	5636.95	41.6951	41.6951	166.78	166.78	0 58285.3 14898.9 	73184.2	9.91963	6.55445	6478.75	670	0.0827696	0	4.029	1.02
8.4	0.00274722	0.000310737	6282.67	1050	105	5761.09	41.6578	41.6578	166.631	166.631	0 58093.7 14740.9 	72834.6	9.89662	6.55445	6570.95	670	0.0835376	0	4.029	1.02
8.5	0.00274929	0.000316348	6406.88	1050	105	5885.67	41.6206	41.6206	166.482	166.482	0 57907.5 14587.8 	72495.4	9.87427	6.55445	6663.15	670	0.0843045	0	4.029	1.02
8.6	0.00275131	0.000321967	6531.51	1050	105	6010.67	41.5834	41.5834	166.334	166.334	0 57726.6 14439.5 	72166.1	9.85257	6.55445	6755.35	670	0.0850705	0	4.029	1.02
8.7	0.00275327	0.000327593	6656.55	1050	105	6136.08	41.5463	41.5463	166.185	166.185	0 57550.6 14295.7 	71846.3	9.83147	6.55445	6847.55	670	0.0858356	0	4.029	1.02
8.8	0.00275519	0.000333226	6781.99	1050	105	6261.89	41.5091	41.5091	166.037	166.037	0 57379.5 14156.2 	71535.7	9.81098	6.55445	6939.76	670	0.0866	0	4.029	1.02
8.9	0.00275706	0.000338865	6907.81	1050	105	6388.09	41.4721	41.4721	165.888	165.888	0 57213.1 14020.9 	71234	9.79105	6.55445	7031.96	670	0.0873637	0	4.029	1.02
9	0.00275888	0.00034451	7034.02	1050	105	6514.67	41.435	41.435	165.74	165.74	0 57051.2 13889.7 	70940.9	9.77169	6.55445	7124.16	670	0.0881269	0	4.029	1.02
9.1	0.00276065	0.00035016	7160.6	1050	105	6641.62	41.398	41.398	165.592	165.592	0 56893.7 13762.2 	70655.9	9.75285	6.55445	7216.36	670	0.0888896	0	4.029	1.02
9.2	0.00276238	0.000355814	7287.53	1050	105	6768.92	41.361	41.361	165.444	165.444	0 56740.5 13638.5 	70378.9	9.73454	6.55445	7308.57	670	0.0896519	0	4.029	1.02
9.3	0.00276407	0.000361473	7414.8	1050	105	6896.56	41.3241	41.3241	165.296	165.296	0 56591.3 13518.3 	70109.6	9.71673	6.55445	7400.77	670	0.0904138	0	4.029	1.02
9.4	0.00276572	0.000367136	7542.42	1050	105	7024.55	41.2872	41.2872	165.149	165.149	0 56446.1 13401.5 	69847.6	9.6994	6.55445	7492.97	670	0.0911755	0	4.029	1.02
9.5	0.00276732	0.000372803	7670.36	1050	105	7152.86	41.2504	41.2504	165.001	165.001	0 56304.8 13288.1 	69592.8	9.68254	6.55445	7585.17	670	0.0919371	0	4.029	1.02
9.6	0.00276888	0.000378473	7798.62	1050	105	7281.48	41.2135	41.2135	164.854	164.854	0 56167.2 13177.8 	69344.9	9.66613	6.55445	7677.38	670	0.0926986	0	4.029	1.02
9.7	0.00277041	0.000384146	7927.18	1050	105	7410.41	41.1768	41.1768	164.707	164.707	0 56033.2 13070.5 	69103.7	9.65017	6.55445	7769.58	670	0.09346	0	4.029	1.02
9.8	0.0027719	0.000389821	8056.05	1050	105	7539.65	41.14	41.14	164.56	164.56	0 55902.7 12966.3 	68868.9	9.63463	6.55445	7861.78	670	0.0942215	0	4.029	1.02
9.9	0.00277335	0.000395499	8185.2	1050	105	7669.17	41.1033	41.1033	164.413	164.413	0 55775.6 12864.8 	68640.4	9.6195	6.55445	7953.98	670	0.094983	0	4.029	1.02
10	0.00277477	0.000401178	8314.63	1050	105	7798.97	41.0666	41.0666	164.266	164.266	0 55651.8 12766.1 	68417.9	9.60478	6.55445	8046.18	670	0.0957448	0	4.029	1.02
10.1	0.00277615	0.000406859	8444.34	1050	105	7929.04	41.03	41.03	164.12	164.12	0 55531.2 12670.1 	68201.3	9.59044	6.55445	8138.39	670	0.0965068	0	4.029	1.02
10.2	0.0027775	0.000412541	8574.31	1050	105	8059.37	40.9934	40.9934	163.974	163.974	0 55413.8 12576.6 	67990.3	9.57648	6.55445	8230.59	670	0.0972691	0	4.029	1.02
10.3	0.00277881	0.000418224	8704.53	1050	105	8189.96	40.9568	40.9568	163.827	163.827	0 55299.3 12485.6 	67784.9	9.56288	6.55445	8322.79	670	0.0980317	0	4.029	1.02
10.4	0.0027801	0.000423907	8835	1050	105	8320.8	40.9203	40.9203	163.681	163.681	0 55187.8 12396.9 	67584.7	9.54964	6.55445	8414.99	670	0.0987947	0	4.029	1.02
10.5	0.00278135	0.000429591	8965.71	1050	105	8451.87	40.8838	40.8838	163.535	163.535	0 55079.2 12310.6 	67389.8	9.53674	6.55445	8507.2	670	0.0995582	0	4.029	1.02
10.6	0.00278257	0.000435274	9096.64	1050	105	8583.17	40.8473	40.8473	163.389	163.389	0 54973.3 12226.5 	67199.8	9.52418	6.55445	8599.4	670	0.100322	0	4.029	1.02
10.7	0.00278377	0.000440957	9227.8	1050	105	8714.7	40.8109	40.8109	163.244	163.244	0 54870.1 12144.6 	67014.7	9.51195	6.55445	8691.6	670	0.101087	0	4.029	1.02
10.8	0.00278493	0.00044664	9359.18	1050	105	8846.43	40.7745	40.7745	163.098	163.098	0 54769.6 12064.8 	66834.3	9.50003	6.55445	8783.8	670	0.101852	0	4.029	1.02
10.9	0.00278606	0.000452321	9490.76	1050	105	8978.38	40.7382	40.7382	162.953	162.953	0 54671.6 11986.9 	66658.5	9.48842	6.55445	8876.01	670	0.102618	0	4.029	1.02
11	0.00278717	0.000458002	9622.54	1050	105	9110.53	40.7019	40.7019	162.808	162.808	0 54576.1 11911.1 	66487.2	9.4771	6.55445	8968.21	670	0.103384	0	4.029	1.02
11.1	0.00278825	0.00046368	9754.52	1050	105	9242.86	40.6656	40.6656	162.662	162.662	0 54483 11837.1 	66320.2	9.46608	6.55445	9060.41	670	0.104152	0	4.029	1.02
11.2	0.00278931	0.000469358	9886.68	1050	105	9375.39	40.6294	40.6294	162.517	162.517	0 54392.4 11765 	66157.4	9.45534	6.55445	9152.61	670	0.10492	0	4.029	1.02
11.3	0.00279034	0.000475033	10019	1050	105	9508.09	40.5932	40.5932	162.373	162.373	0 54304 11694.7 	65998.7	9.44488	6.55445	9244.81	670	0.105689	0	4.029	1.02
11.4	0.00279134	0.000480706	10151.5	1050	105	9640.96	40.557	40.557	162.228	162.228	0 54217.8 11626.1 	65844	9.43469	6.55445	9337.02	670	0.106458	0	4.029	1.02
11.5	0.00279232	0.000486376	10284.2	1050	105	9773.99	40.5209	40.5209	162.083	162.083	0 54133.9 11559.2 	65693.1	9.42476	6.55445	9429.22	670	0.107229	0	4.029	1.02
11.6	0.00279328	0.000492044	10417	1050	105	9907.19	40.4848	40.4848	161.939	161.939	0 54052.1 11493.9 	65546	9.41508	6.55445	9521.42	670	0.108001	0	4.029	1.02
11.7	0.00279421	0.000497709	10550	1050	105	10040.5	40.4487	40.4487	161.795	161.795	0 53972.4 11430.2 	65402.6	9.40565	6.55445	9613.62	670	0.108773	0	4.029	1.02
11.8	0.00279512	0.00050337	10683.1	1050	105	10174	40.4127	40.4127	161.651	161.651	0 53894.7 11368.1 	65262.8	9.39647	6.55445	9705.83	670	0.109547	0	4.029	1.02
11.9	0.00279601	0.000509029	10816.4	1050	105	10307.6	40.3767	40.3767	161.507	161.507	0 53819 11307.4 	65126.4	9.38752	6.55445	9798.03	670	0.110321	0	4.029	1.02
12	0.00279688	0.000514683	10949.8	1050	105	10441.4	40.3408	40.3408	161.363	161.363	0 53745.2 11248.2 	64993.4	9.3788	6.55445	9890.23	670	0.111097	0	4.029	1.02
12.1	0.00279772	0.000520334	11083.3	1050	105	10575.3	40.3049	40.3049	161.219	161.219	0 53673.3 11190.4 	64863.7	9.3703	6.55445	9982.43	670	0.111874	0	4.029	1.02
12.2	0.00279855	0.000525981	11217	1050	105	10709.3	40.269	40.269	161.076	161.076	0 53603.3 11134 	64737.3	9.36202	6.55445	10074.6	670	0.112652	0	4.029	1.02
12.3	0.00279935	0.000531624	11350.7	1050	105	10843.4	40.2331	40.2331	160.933	160.933	0 53535.1 11078.9 	64614	9.35396	6.55445	10166.8	670	0.113431	0	4.029	1.02
12.4	0.00280013	0.000537262	11484.6	1050	105	10977.6	40.1973	40.1973	160.789	160.789	0 53468.7 11025 	64493.7	9.34611	6.55445	10259	670	0.114212	0	4.029	1.02
12.5	0.0028009	0.000542896	11618.6	1050	105	11112	40.1616	40.1616	160.646	160.646	0 53404 10972.5 	64376.5	9.33846	6.55445	10351.2	670	0.114993	0	4.029	1.02
12.6	0.00280164	0.000548525	11752.6	1050	105	11246.4	40.1258	40.1258	160.503	160.503	0 53340.9 10921.2 	64262.1	9.33101	6.55445	10443.4	670	0.115776	0	4.029	1.02
12.7	0.00280237	0.000554148	11886.8	1050	105	11380.9	40.0901	40.0901	160.361	160.361	0 53279.6 10871.1 	64150.6	9.32375	6.55445	10535.6	670	0.11656	0	4.029	1.02
12.8	0.00280308	0.000559767	12021	1050	105	11515.5	40.0545	40.0545	160.218	160.218	0 53219.8 10822.1 	64041.9	9.31669	6.55445	10627.8	670	0.117346	0	4.029	1.02
12.9	0.00280377	0.000565381	12155.4	1050	105	11650.2	40.0188	40.0188	160.075	160.075	0 53161.6 10774.3 	63935.9	9.30981	6.55445	10720.1	670	0.118132	0	4.029	1.02
13	0.00280444	0.000570989	12289.8	1050	105	11784.9	39.9833	39.9833	159.933	159.933	0 53105 10727.5 	63832.5	9.30311	6.55445	10812.3	670	0.11892	0	4.029	1.02
13.1	0.0028051	0.000576591	12424.2	1050	105	11919.8	39.9477	39.9477	159.791	159.791	0 53049.8 10681.9 	63731.7	9.29659	6.55445	10904.5	670	0.11971	0	4.029	1.02
13.2	0.00280574	0.000582187	12558.8	1050	105	12054.6	39.9122	39.9122	159.649	159.649	0 52996.2 10637.3 	63633.5	9.29024	6.55445	10996.7	670	0.120501	0	4.029	1.02
13.3	0.00280636	0.000587778	12693.3	1050	105	12189.6	39.8767	39.8767	159.507	159.507	0 52944 10593.7 	63537.7	9.28406	6.55445	11088.9	670	0.121293	0	4.029	1.02
13.4	0.00280696	0.000593362	12828	1050	105	12324.6	39.8412	39.8412	159.365	159.365	0 52893.2 10551.1 	63444.3	9.27805	6.55445	11181.1	670	0.122087	0	4.029	1.02
13.5	0.00280755	0.00059894	12962.7	1050	105	12459.6	39.8058	39.8058	159.223	159.223	0 52843.9 10509.4 	63353.3	9.2722	6.55445	11273.3	670	0.122882	0	4.029	1.02
13.6	0.00280813	0.000604512	13097.4	1050	105	12594.7	39.7705	39.7705	159.082	159.082	0 52795.8 10468.8 	63264.6	9.26651	6.55445	11365.5	670	0.123678	0	4.029	1.02
13.7	0.00280869	0.000610077	13232.2	1050	105	12729.8	39.7351	39.7351	158.94	158.94	0 52749.2 10429 	63178.2	9.26097	6.55445	11457.7	670	0.124477	0	4.029	1.02
13.8	0.00280923	0.000615635	13367	1050	105	12865	39.6998	39.6998	158.799	158.799	0 52703.8 10390.1 	63093.9	9.25559	6.55445	11549.9	670	0.125276	0	4.029	1.02
13.9	0.00280976	0.000621186	13501.8	1050	105	13000.2	39.6645	39.6645	158.658	158.658	0 52659.7 10352.2 	63011.8	9.25036	6.55445	11642.1	670	0.126077	0	4.029	1.02
14	0.00281028	0.00062673	13636.7	1050	105	13135.4	39.6293	39.6293	158.517	158.517	0 52616.8 10315 	62931.9	9.24527	6.55445	11734.3	670	0.12688	0	4.029	1.02
14.1	0.00281078	0.000632267	13771.6	1050	105	13270.6	39.5941	39.5941	158.376	158.376	0 52575.2 10278.7 	62854	9.24033	6.55445	11826.5	670	0.127684	0	4.029	1.02
14.2	0.00281127	0.000637797	13906.5	1050	105	13405.9	39.5589	39.5589	158.236	158.236	0 52534.9 10243.3 	62778.1	9.23552	6.55445	11918.7	670	0.12849	0	4.029	1.02
14.3	0.00281174	0.00064332	14041.4	1050	105	13541.1	39.5238	39.5238	158.095	158.095	0 52495.6 10208.6 	62704.2	9.23085	6.55445	12010.9	670	0.129297	0	4.029	1.02
14.4	0.0028122	0.000648835	14176.3	1050	105	13676.4	39.4887	39.4887	157.955	157.955	0 52457.6 10174.7 	62632.3	9.22632	6.55445	12103.1	670	0.130106	0	4.029	1.02
14.5	0.00281265	0.000654342	14311.2	1050	105	13811.7	39.4536	39.4536	157.815	157.815	0 52420.7 10141.6 	62562.3	9.22192	6.55445	12195.3	670	0.130916	0	4.029	1.02
14.6	0.00281308	0.000659841	14446.1	1050	105	13946.9	39.4186	39.4186	157.674	157.674	0 52384.9 10109.2 	62494.1	9.21765	6.55445	12287.5	670	0.131729	0	4.029	1.02
14.7	0.0028135	0.000665333	14581	1050	105	14082.2	39.3836	39.3836	157.534	157.534	0 52350.2 10077.5 	62427.7	9.2135	6.55445	12379.7	670	0.132542	0	4.029	1.02
14.8	0.00281391	0.000670816	14715.9	1050	105	14217.4	39.3487	39.3487	157.395	157.395	0 52316.6 10046.6 	62363.2	9.20948	6.55445	12471.9	670	0.133358	0	4.029	1.02
14.9	0.00281431	0.000676291	14850.8	1050	105	14352.6	39.3137	39.3137	157.255	157.255	0 52284.1 10016.3 	62300.4	9.20558	6.55445	12564.1	670	0.134175	0	4.029	1.02
15	0.0028147	0.000681758	14985.6	1050	105	14487.9	39.2789	39.2789	157.115	157.115	0 52252.6 9986.72 	62239.3	9.2018	6.55445	12656.3	670	0.134993	0	4.029	1.02
15.1	0.00281348	0.000686694	15100.1	1050	105	14602.7	39.244	39.244	156.976	156.976	0 52046.7 9926.03 	61972.7	9.21376	6.55445	12703.2	670	0.135198	0	4.029	1.02
15.2	0.00281181	0.000689853	15169.1	1050	105	14672	39.2092	39.2092	156.837	156.837	0 51777.6 9864.89 	61642.5	9.2302	6.55445	12703.2	670	0.134979	0	4.029	1.02
15.3	0.00281168	0.000691387	15206	1050	105	14709.2	39.1744	39.1744	156.698	156.698	0 51660.5 9844.96 	61505.5	9.2314	6.55445	12703.2	670	0.135033	0	4.029	1.02
15.4	0.00281197	0.000692455	15233.4	1050	105	14737	39.1397	39.1397	156.559	156.559	0 51586 9836.01 	61422.1	9.22858	6.55445	12703.2	670	0.135154	0	4.029	1.02
15.5	0.00281236	0.000693374	15257.7	1050	105	14761.7	39.1049	39.1049	156.42	156.42	0 51524.8 9829.94 	61354.7	9.22477	6.55445	12703.2	670	0.135286	0	4.029	1.02
15.6	0.00281276	0.00069423	15280.6	1050	105	14784.9	39.0703	39.0703	156.281	156.281	0 51468.7 9824.57 	61293.3	9.22079	6.55445	12703.2	670	0.135415	0	4.029	1.02
15.7	0.00281316	0.000695047	15302.5	1050	105	14807.1	39.0356	39.0356	156.142	156.142	0 51415.5 9819.32 	61234.8	9.21685	6.55445	12703.2	670	0.135537	0	4.029	1.02
15.8	0.00281355	0.000695833	15323.6	1050	105	14828.6	39.001	39.001	156.004	156.004	0 51364.5 9814.06 	61178.6	9.213	6.55445	12703.2	670	0.135651	0	4.029	1.02
15.9	0.00281394	0.000696593	15344	1050	105	14849.4	38.9664	38.9664	155.866	155.866	0 51315.5 9808.73 	61124.2	9.20925	6.55445	12703.2	670	0.135758	0	4.029	1.02
16	0.00281431	0.000697327	15363.8	1050	105	14869.5	38.9319	38.9319	155.728	155.728	0 51268.2 9803.34 	61071.6	9.20559	6.55445	12703.2	670	0.135858	0	4.029	1.02
16.1	0.00281467	0.000698039	15383	1050	105	14889	38.8974	38.8974	155.59	155.59	0 51222.6 9797.88 	61020.5	9.20202	6.55445	12703.2	670	0.135952	0	4.029	1.02
16.2	0.00281503	0.000698729	15401.6	1050	105	14908	38.8629	38.8629	155.452	155.452	0 51178.5 9792.35 	60970.9	9.19853	6.55445	12703.2	670	0.13604	0	4.029	1.02
16.3	0.00281538	0.000699398	15419.7	1050	105	14926.4	38.8285	38.8285	155.314	155.314	0 51135.8 9786.77 	60922.6	9.19513	6.55445	12703.2	670	0.136122	0	4.029	1.02
16.4	0.00281572	0.000700049	15437.3	1050	105	14944.3	38.7941	38.7941	155.176	155.176	0 51094.5 9781.14 	60875.6	9.19179	6.55445	12703.2	670	0.136199	0	4.029	1.02
16.5	0.00281605	0.000700681	15454.4	1050	105	14961.8	38.7597	38.7597	155.039	155.039	0 51054.4 9775.46 	60829.8	9.18853	6.55445	12703.2	670	0.136271	0	4.029	1.02
16.6	0.00281638	0.000701298	15471.1	1050	105	14978.8	38.7254	38.7254	154.902	154.902	0 51015.4 9769.72 	60785.2	9.18533	6.55445	12703.2	670	0.136338	0	4.029	1.02
16.7	0.0028167	0.000701898	15487.4	1050	105	14995.5	38.6911	38.6911	154.764	154.764	0 50977.6 9763.95 	60741.5	9.18219	6.55445	12703.2	670	0.136401	0	4.029	1.02
16.8	0.00281701	0.000702484	15503.3	1050	105	15011.7	38.6568	38.6568	154.627	154.627	0 50940.8 9758.13 	60698.9	9.17911	6.55445	12703.2	670	0.136459	0	4.029	1.02
16.9	0.00281732	0.000703057	15518.8	1050	105	15027.6	38.6226	38.6226	154.49	154.49	0 50904.9 9752.27 	60657.2	9.17608	6.55445	12703.2	670	0.136514	0	4.029	1.02
17	0.00281763	0.000703617	15534	1050	105	15043.2	38.5884	38.5884	154.354	154.354	0 50869.9 9746.38 	60616.3	9.1731	6.55445	12703.2	670	0.136566	0	4.029	1.02
17.1	0.00281793	0.000704164	15549	1050	105	15058.4	38.5542	38.5542	154.217	154.217	0 50835.7 9740.46 	60576.2	9.17017	6.55445	12703.2	670	0.136614	0	4.029	1.02
17.2	0.00281822	0.000704701	15563.6	1050	105	15073.4	38.5201	38.5201	154.08	154.08	0 50802.4 9734.5 	60536.9	9.16728	6.55445	12703.2	670	0.136658	0	4.029	1.02
17.3	0.00281852	0.000705227	15577.9	1050	105	15088.1	38.486	38.486	153.944	153.944	0 50769.7 9728.52 	60498.3	9.16443	6.55445	12703.2	670	0.1367	0	4.029	1.02
17.4	0.0028188	0.000705743	15592	1050	105	15102.5	38.452	38.452	153.808	153.808	0 50737.8 9722.5 	60460.3	9.16162	6.55445	12703.2	670	0.136739	0	4.029	1.02
17.5	0.00281909	0.00070625	15605.8	1050	105	15116.7	38.4179	38.4179	153.672	153.672	0 50706.5 9716.47 	60423	9.15885	6.55445	12703.2	670	0.136776	0	4.029	1.02
17.6	0.00281937	0.000706748	15619.5	1050	105	15130.6	38.3839	38.3839	153.536	153.536	0 50675.8 9710.41 	60386.2	9.15611	6.55445	12703.2	670	0.13681	0	4.029	1.02
17.7	0.00281965	0.000707238	15632.9	1050	105	15144.4	38.35	38.35	153.4	153.4	0 50645.7 9704.33 	60350	9.15341	6.55445	12703.2	670	0.136841	0	4.029	1.02
17.8	0.00281992	0.00070772	15646.1	1050	105	15157.9	38.3161	38.3161	153.264	153.264	0 50616.1 9698.23 	60314.3	9.15073	6.55445	12703.2	670	0.136871	0	4.029	1.02
17.9	0.00282019	0.000708196	15659.1	1050	105	15171.3	38.2822	38.2822	153.129	153.129	0 50587 9692.11 	60279.1	9.14808	6.55445	12703.2	670	0.136898	0	4.029	1.02
18	0.00282046	0.000708664	15671.9	1050	105	15184.5	38.2483	38.2483	152.993	152.993	0 50558.4 9685.97 	60244.4	9.14546	6.55445	12703.2	670	0.136924	0	4.029	1.02
18.1	0.00282073	0.000709126	15684.6	1050	105	15197.5	38.2145	38.2145	152.858	152.858	0 50530.2 9679.82 	60210	9.14287	6.55445	12703.2	670	0.136948	0	4.029	1.02
18.2	0.002821	0.000709583	15697.2	1050	105	15210.3	38.1807	38.1807	152.723	152.723	0 50502.5 9673.65 	60176.1	9.1403	6.55445	12703.2	670	0.13697	0	4.029	1.02
18.3	0.00282126	0.000710033	15709.5	1050	105	15223.1	38.147	38.147	152.588	152.588	0 50475.1 9667.47 	60142.6	9.13775	6.55445	12703.2	670	0.13699	0	4.029	1.02
18.4	0.00282152	0.000710479	15721.8	1050	105	15235.6	38.1132	38.1132	152.453	152.453	0 50448.1 9661.28 	60109.4	9.13522	6.55445	12703.2	670	0.137009	0	4.029	1.02
18.5	0.00282178	0.000710919	15733.9	1050	105	15248.1	38.0796	38.0796	152.318	152.318	0 50421.4 9655.08 	60076.5	9.13271	6.55445	12703.2	670	0.137027	0	4.029	1.02
18.6	0.00282203	0.000711355	15745.9	1050	105	15260.4	38.0459	38.0459	152.184	152.184	0 50395.1 9648.86 	60044	9.13023	6.55445	12703.2	670	0.137043	0	4.029	1.02
18.7	0.00282229	0.000711787	15757.8	1050	105	15272.7	38.0123	38.0123	152.049	152.049	0 50369.1 9642.64 	60011.7	9.12776	6.55445	12703.2	670	0.137058	0	4.029	1.02
18.8	0.00282254	0.000712214	15769.6	1050	105	15284.8	37.9787	37.9787	151.915	151.915	0 50343.4 9636.4 	59979.8	9.12531	6.55445	12703.2	670	0.137072	0	4.029	1.02
18.9	0.00282279	0.000712638	15781.2	1050	105	15296.8	37.9451	37.9451	151.781	151.781	0 50318 9630.16 	59948.1	9.12287	6.55445	12703.2	670	0.137084	0	4.029	1.02
19	0.00282304	0.000713058	15792.8	1050	105	15308.7	37.9116	37.9116	151.647	151.647	0 50292.8 9623.91 	59916.7	9.12045	6.55445	12703.2	670	0.137096	0	4.029	1.02
19.1	0.00282329	0.000713474	15804.3	1050	105	15320.5	37.8781	37.8781	151.513	151.513	0 50267.8 9617.66 	59885.5	9.11805	6.55445	12703.2	670	0.137106	0	4.029	1.02
19.2	0.00282353	0.000713887	15815.7	1050	105	15332.3	37.8447	37.8447	151.379	151.379	0 50243.1 9611.4 	59854.5	9.11566	6.55445	12703.2	670	0.137116	0	4.029	1.02
19.3	0.00282378	0.000714297	15827	1050	105	15343.9	37.8113	37.8113	151.245	151.245	0 50218.7 9605.13 	59823.8	9.11328	6.55445	12703.2	670	0.137125	0	4.029	1.02
19.4	0.00282402	0.000714704	15838.3	1050	105	15355.5	37.7779	37.7779	151.112	151.112	0 50194.4 9598.86 	59793.3	9.11092	6.55445	12703.2	670	0.137133	0	4.029	1.02
19.5	0.00282427	0.000715108	15849.5	1050	105	15367	37.7445	37.7445	150.978	150.978	0 50170.3 9592.58 	59762.9	9.10856	6.55445	12703.2	670	0.13714	0	4.029	1.02
19.6	0.00282451	0.00071551	15860.6	1050	105	15378.5	37.7112	37.7112	150.845	150.845	0 50146.5 9586.3 	59732.8	9.10622	6.55445	12703.2	670	0.137146	0	4.029	1.02
19.7	0.00282475	0.000715909	15871.6	1050	105	15389.8	37.6779	37.6779	150.712	150.712	0 50122.8 9580.02 	59702.8	9.10389	6.55445	12703.2	670	0.137152	0	4.029	1.02
19.8	0.00282499	0.000716306	15882.6	1050	105	15401.1	37.6447	37.6447	150.579	150.579	0 50099.3 9573.73 	59673	9.10158	6.55445	12703.2	670	0.137156	0	4.029	1.02
19.9	0.00282523	0.000716701	15893.5	1050	105	15412.4	37.6115	37.6115	150.446	150.446	0 50075.9 9567.44 	59643.3	9.09927	6.55445	12703.2	670	0.137161	0	4.029	1.02
20	0.00282547	0.000717093	15904.4	1050	105	15423.6	37.5783	37.5783	150.313	150.313	0 50052.7 9561.15 	59613.9	9.09697	6.55445	12703.2	670	0.137164	0	4.029	1.02
20.1	0.0028257	0.000717484	15915.2	1050	105	15434.8	37.5451	37.5451	150.181	150.181	0 50029.7 9554.85 	59584.5	9.09468	6.55445	12703.2	670	0.137167	0	4.029	1.02
20.2	0.00282594	0.000717873	15926	1050	105	15445.9	37.512	37.512	150.048	150.048	0 50006.8 9548.56 	59555.3	9.0924	6.55445	12703.2	670	0.137169	0	4.029	1.02
20.3	0.00282617	0.000718259	15936.7	1050	105	15456.9	37.4789	37.4789	149.916	149.916	0 49984 9542.26 	59526.3	9.09013	6.55445	12703.2	670	0.137171	0	4.029	1.02
20.4	0.00282641	0.000718644	15947.4	1050	105	15467.9	37.4459	37.4459	149.783	149.783	0 49961.4 9535.96 	59497.3	9.08787	6.55445	12703.2	670	0.137173	0	4.029	1.02
20.5	0.00282664	0.000719028	15958	1050	105	15478.9	37.4129	37.4129	149.651	149.651	0 49938.8 9529.66 	59468.5	9.08562	6.55445	12703.2	670	0.137173	0	4.029	1.02
20.6	0.00282688	0.000719409	15968.6	1050	105	15489.8	37.3799	37.3799	149.519	149.519	0 49916.5 9523.36 	59439.8	9.08338	6.55445	12703.2	670	0.137174	0	4.029	1.02
20.7	0.00282711	0.00071979	15979.2	1050	105	15500.7	37.3469	37.3469	149.388	149.388	0 49894.2 9517.06 	59411.2	9.08114	6.55445	12703.2	670	0.137174	0	4.029	1.02
20.8	0.00282734	0.000720168	15989.7	1050	105	15511.6	37.314	37.314	149.256	149.256	0 49872 9510.76 	59382.8	9.07891	6.55445	12703.2	670	0.137173	0	4.029	1.02
20.9	0.00282757	0.000720546	16000.2	1050	105	15522.4	37.2811	37.2811	149.124	149.124	0 49850 9504.46 	59354.4	9.07669	6.55445	12703.2	670	0.137172	0	4.029	1.02
21	0.0028278	0.000720922	16010.6	1050	105	15533.2	37.2483	37.2483	148.993	148.993	0 49828 9498.16 	59326.2	9.07447	6.55445	12703.2	670	0.137171	0	4.029	1.02
21.1	0.00282803	0.000721297	16021.1	1050	105	15543.9	37.2154	37.2154	148.862	148.862	0 49806.2 9491.86 	59298	9.07226	6.55445	12703.2	670	0.137169	0	4.029	1.02
21.2	0.00282826	0.00072167	16031.4	1050	105	15554.6	37.1826	37.1826	148.731	148.731	0 49784.4 9485.56 	59270	9.07006	6.55445	12703.2	670	0.137167	0	4.029	1.02
21.3	0.00282849	0.000722043	16041.8	1050	105	15565.3	37.1499	37.1499	148.6	148.6	0 49762.7 9479.26 	59242	9.06786	6.55445	12703.2	670	0.137164	0	4.029	1.02
21.4	0.00282871	0.000722414	16052.1	1050	105	15576	37.1172	37.1172	148.469	148.469	0 49741.2 9472.96 	59214.1	9.06568	6.55445	12703.2	670	0.137161	0	4.029	1.02
21.5	0.00282894	0.000722784	16062.4	1050	105	15586.6	37.0845	37.0845	148.338	148.338	0 49719.7 9466.66 	59186.4	9.06349	6.55445	12703.2	670	0.137158	0	4.029	1.02
21.6	0.00282917	0.000723153	16072.7	1050	105	15597.2	37.0518	37.0518	148.207	148.207	0 49698.3 9460.37 	59158.7	9.06132	6.55445	12703.2	670	0.137155	0	4.029	1.02
21.7	0.00282939	0.000723521	16082.9	1050	105	15607.8	37.0192	37.0192	148.077	148.077	0 49677 9454.07 	59131.1	9.05914	6.55445	12703.2	670	0.137151	0	4.029	1.02
21.8	0.00282962	0.000723888	16093.2	1050	105	15618.3	36.9866	36.9866	147.946	147.946	0 49655.8 9447.78 	59103.5	9.05698	6.55445	12703.2	670	0.137146	0	4.029	1.02
21.9	0.00282984	0.000724254	16103.4	1050	105	15628.8	36.954	36.954	147.816	147.816	0 49634.6 9441.48 	59076.1	9.05482	6.55445	12703.2	670	0.137142	0	4.029	1.02
22	0.00283007	0.00072462	16113.5	1050	105	15639.3	36.9215	36.9215	147.686	147.686	0 49613.5 9435.19 	59048.7	9.05267	6.55445	12703.2	670	0.137137	0	4.029	1.02
22.1	0.00283029	0.000724984	16123.7	1050	105	15649.8	36.889	36.889	147.556	147.556	0 49592.5 9428.9 	59021.4	9.05052	6.55445	12703.2	670	0.137132	0	4.029	1.02
22.2	0.00283052	0.000725347	16133.8	1050	105	15660.3	36.8565	36.8565	147.426	147.426	0 49571.6 9422.61 	58994.2	9.04837	6.55445	12703.2	670	0.137127	0	4.029	1.02
22.3	0.00283074	0.00072571	16143.9	1050	105	15670.7	36.8241	36.8241	147.296	147.296	0 49550.7 9416.33 	58967	9.04624	6.55445	12703.2	670	0.137121	0	4.029	1.02
22.4	0.00283096	0.000726072	16154	1050	105	15681.1	36.7917	36.7917	147.167	147.167	0 49529.9 9410.04 	58940	9.0441	6.55445	12703.2	670	0.137115	0	4.029	1.02
22.5	0.00283118	0.000726432	16164.1	1050	105	15691.5	36.7594	36.7594	147.037	147.037	0 49509.2 9403.76 	58913	9.04198	6.55445	12703.2	670	0.137109	0	4.029	1.02
22.6	0.00283141	0.000726793	16174.1	1050	105	15701.9	36.727	36.727	146.908	146.908	0 49488.5 9397.48 	58886	9.03985	6.55445	12703.2	670	0.137103	0	4.029	1.02
22.7	0.00283163	0.000727152	16184.2	1050	105	15712.2	36.6947	36.6947	146.779	146.779	0 49467.9 9391.2 	58859.1	9.03774	6.55445	12703.2	670	0.137096	0	4.029	1.02
22.8	0.00283185	0.000727511	16194.2	1050	105	15722.5	36.6624	36.6624	146.65	146.65	0 49447.4 9384.92 	58832.3	9.03562	6.55445	12703.2	670	0.137089	0	4.029	1.02
22.9	0.00283207	0.000727868	16204.2	1050	105	15732.9	36.6302	36.6302	146.521	146.521	0 49426.9 9378.64 	58805.6	9.03351	6.55445	12703.2	670	0.137082	0	4.029	1.02
23	0.00283229	0.000728226	16214.1	1050	105	15743.1	36.598	36.598	146.392	146.392	0 49406.5 9372.37 	58778.9	9.03141	6.55445	12703.2	670	0.137074	0	4.029	1.02
23.1	0.00283251	0.000728582	16224.1	1050	105	15753.4	36.5658	36.5658	146.263	146.263	0 49386.2 9366.1 	58752.3	9.02931	6.55445	12703.2	670	0.137067	0	4.029	1.02
23.2	0.00283273	0.000728938	16234	1050	105	15763.7	36.5337	36.5337	146.135	146.135	0 49365.9 9359.83 	58725.7	9.02722	6.55445	12703.2	670	0.137059	0	4.029	1.02
23.3	0.00283294	0.000729293	16243.9	1050	105	15773.9	36.5016	36.5016	146.006	146.006	0 49345.7 9353.57 	58699.2	9.02513	6.55445	12703.2	670	0.137051	0	4.029	1.02
23.4	0.00283316	0.000729647	16253.8	1050	105	15784.2	36.4695	36.4695	145.878	145.878	0 49325.5 9347.3 	58672.8	9.02304	6.55445	12703.2	670	0.137043	0	4.029	1.02
23.5	0.00283338	0.000730001	16263.7	1050	105	15794.4	36.4375	36.4375	145.75	145.75	0 49305.4 9341.04 	58646.4	9.02096	6.55445	12703.2	670	0.137034	0	4.029	1.02
23.6	0.0028336	0.000730354	16273.6	1050	105	15804.6	36.4055	36.4055	145.622	145.622	0 49285.3 9334.78 	58620.1	9.01888	6.55445	12703.2	670	0.137025	0	4.029	1.02
23.7	0.00283381	0.000730707	16283.5	1050	105	15814.7	36.3735	36.3735	145.494	145.494	0 49265.3 9328.52 	58593.8	9.01681	6.55445	12703.2	670	0.137017	0	4.029	1.02
23.8	0.00283403	0.000731059	16293.3	1050	105	15824.9	36.3415	36.3415	145.366	145.366	0 49245.4 9322.27 	58567.6	9.01474	6.55445	12703.2	670	0.137007	0	4.029	1.02
23.9	0.00283425	0.00073141	16303.1	1050	105	15835	36.3096	36.3096	145.238	145.238	0 49225.5 9316.02 	58541.5	9.01268	6.55445	12703.2	670	0.136998	0	4.029	1.02
24	0.00283446	0.000731761	16312.9	1050	105	15845.2	36.2777	36.2777	145.111	145.111	0 49205.6 9309.77 	58515.4	9.01062	6.55445	12703.2	670	0.136989	0	4.029	1.02
24.1	0.00283468	0.000732111	16322.7	1050	105	15855.3	36.2459	36.2459	144.984	144.984	0 49185.8 9303.52 	58489.4	9.00857	6.55445	12703.2	670	0.136979	0	4.029	1.02
24.2	0.00283489	0.000732461	16332.5	1050	105	15865.4	36.2141	36.2141	144.856	144.856	0 49166.1 9297.27 	58463.4	9.00651	6.55445	12703.2	670	0.136969	0	4.029	1.02
24.3	0.00283511	0.000732809	16342.3	1050	105	15875.5	36.1823	36.1823	144.729	144.729	0 49146.4 9291.03 	58437.4	9.00447	6.55445	12703.2	670	0.136959	0	4.029	1.02
24.4	0.00283532	0.000733158	16352	1050	105	15885.5	36.1505	36.1505	144.602	144.602	0 49126.8 9284.79 	58411.6	9.00242	6.55445	12703.2	670	0.136949	0	4.029	1.02
24.5	0.00283554	0.000733506	16361.8	1050	105	15895.6	36.1188	36.1188	144.475	144.475	0 49107.2 9278.55 	58385.7	9.00039	6.55445	12703.2	670	0.136938	0	4.029	1.02
24.6	0.00283575	0.000733853	16371.5	1050	105	15905.6	36.0871	36.0871	144.348	144.348	0 49087.6 9272.32 	58360	8.99835	6.55445	12703.2	670	0.136927	0	4.029	1.02
24.7	0.00283596	0.0007342	16381.2	1050	105	15915.7	36.0554	36.0554	144.222	144.222	0 49068.2 9266.09 	58334.2	8.99632	6.55445	12703.2	670	0.136917	0	4.029	1.02
24.8	0.00283618	0.000734546	16390.9	1050	105	15925.7	36.0238	36.0238	144.095	144.095	0 49048.7 9259.86 	58308.6	8.99429	6.55445	12703.2	670	0.136906	0	4.029	1.02
24.9	0.00283639	0.000734892	16400.6	1050	105	15935.7	35.9922	35.9922	143.969	143.969	0 49029.3 9253.63 	58283	8.99227	6.55445	12703.2	670	0.136894	0	4.029	1.02
25	0.0028366	0.000735237	16410.3	1050	105	15945.7	35.9606	35.9606	143.843	143.843	0 49010 9247.41 	58257.4	8.99025	6.55445	12703.2	670	0.136883	0	4.029	1.02
25.1	0.00283681	0.000735581	16419.9	1050	105	15955.7	35.9291	35.9291	143.716	143.716	0 48990.7 9241.19 	58231.9	8.98823	6.55445	12703.2	670	0.136871	0	4.029	1.02
25.2	0.00283703	0.000735925	16429.6	1050	105	15965.6	35.8976	35.8976	143.59	143.59	0 48971.4 9234.97 	58206.4	8.98622	6.55445	12703.2	670	0.13686	0	4.029	1.02
25.3	0.00283724	0.000736269	16439.2	1050	105	15975.6	35.8661	35.8661	143.465	143.465	0 48952.2 9228.75 	58181	8.98422	6.55445	12703.2	670	0.136848	0	4.029	1.02
25.4	0.00283745	0.000736612	16448.9	1050	105	15985.5	35.8347	35.8347	143.339	143.339	0 48933.1 9222.54 	58155.6	8.98221	6.55445	12703.2	670	0.136836	0	4.029	1.02
25.5	0.00283766	0.000736955	16458.5	1050	105	15995.4	35.8033	35.8033	143.213	143.213	0 48913.9 9216.33 	58130.3	8.98021	6.55445	12703.2	670	0.136823	0	4.029	1.02
25.6	0.00283787	0.000737297	16468.1	1050	105	16005.3	35.7719	35.7719	143.088	143.088	0 48894.9 9210.12 	58105	8.97821	6.55445	12703.2	670	0.136811	0	4.029	1.02
25.7	0.00283808	0.000737638	16477.6	1050	105	16015.2	35.7406	35.7406	142.962	142.962	0 48875.9 9203.92 	58079.8	8.97622	6.55445	12703.2	670	0.136798	0	4.029	1.02
25.8	0.00283829	0.000737979	16487.2	1050	105	16025.1	35.7092	35.7092	142.837	142.837	0 48856.9 9197.72 	58054.6	8.97423	6.55445	12703.2	670	0.136786	0	4.029	1.02
25.9	0.0028385	0.00073832	16496.8	1050	105	16035	35.678	35.678	142.712	142.712	0 48837.9 9191.52 	58029.5	8.97225	6.55445	12703.2	670	0.136773	0	4.029	1.02
26	0.00283871	0.00073866	16506.3	1050	105	16044.9	35.6467	35.6467	142.587	142.587	0 48819.1 9185.32 	58004.4	8.97026	6.55445	12703.2	670	0.13676	0	4.029	1.02
26.1	0.00283892	0.000738999	16515.9	1050	105	16054.7	35.6155	35.6155	142.462	142.462	0 48800.2 9179.13 	57979.3	8.96829	6.55445	12703.2	670	0.136746	0	4.029	1.02
26.2	0.00283913	0.000739339	16525.4	1050	105	16064.6	35.5843	35.5843	142.337	142.337	0 48781.4 9172.94 	57954.3	8.96631	6.55445	12703.2	670	0.136733	0	4.029	1.02
26.3	0.00283933	0.000739677	16534.9	1050	105	16074.4	35.5531	35.5531	142.213	142.213	0 48762.6 9166.75 	57929.4	8.96434	6.55445	12703.2	670	0.136719	0	4.029	1.02
26.4	0.00283954	0.000740015	16544.4	1050	105	16084.2	35.522	35.522	142.088	142.088	0 48743.9 9160.56 	57904.5	8.96237	6.55445	12703.2	670	0.136706	0	4.029	1.02
26.5	0.00283975	0.000740353	16553.9	1050	105	16094	35.4909	35.4909	141.964	141.964	0 48725.3 9154.38 	57879.6	8.96041	6.55445	12703.2	670	0.136692	0	4.029	1.02
26.6	0.00283996	0.00074069	16563.4	1050	105	16103.8	35.4599	35.4599	141.839	141.839	0 48706.6 9148.2 	57854.8	8.95845	6.55445	12703.2	670	0.136678	0	4.029	1.02
26.7	0.00284016	0.000741027	16572.8	1050	105	16113.6	35.4288	35.4288	141.715	141.715	0 48688 9142.03 	57830.1	8.95649	6.55445	12703.2	670	0.136664	0	4.029	1.02
26.8	0.00284037	0.000741363	16582.3	1050	105	16123.3	35.3978	35.3978	141.591	141.591	0 48669.5 9135.85 	57805.3	8.95454	6.55445	12703.2	670	0.136649	0	4.029	1.02
26.9	0.00284058	0.000741699	16591.7	1050	105	16133.1	35.3668	35.3668	141.467	141.467	0 48651 9129.68 	57780.7	8.95259	6.55445	12703.2	670	0.136635	0	4.029	1.02
27	0.00284078	0.000742035	16601.2	1050	105	16142.8	35.3359	35.3359	141.344	141.344	0 48632.5 9123.51 	57756	8.95064	6.55445	12703.2	670	0.13662	0	4.029	1.02
27.1	0.00284099	0.00074237	16610.6	1050	105	16152.6	35.305	35.305	141.22	141.22	0 48614.1 9117.35 	57731.4	8.9487	6.55445	12703.2	670	0.136605	0	4.029	1.02
27.2	0.00284119	0.000742704	16620	1050	105	16162.3	35.2741	35.2741	141.096	141.096	0 48595.7 9111.19 	57706.9	8.94676	6.55445	12703.2	670	0.13659	0	4.029	1.02
27.3	0.0028414	0.000743038	16629.4	1050	105	16172	35.2433	35.2433	140.973	140.973	0 48577.4 9105.03 	57682.4	8.94482	6.55445	12703.2	670	0.136575	0	4.029	1.02
27.4	0.0028416	0.000743372	16638.8	1050	105	16181.7	35.2124	35.2124	140.85	140.85	0 48559.1 9098.87 	57657.9	8.94289	6.55445	12703.2	670	0.13656	0	4.029	1.02
27.5	0.00284181	0.000743705	16648.2	1050	105	16191.4	35.1817	35.1817	140.727	140.727	0 48540.8 9092.72 	57633.5	8.94096	6.55445	12703.2	670	0.136544	0	4.029	1.02
27.6	0.00284201	0.000744038	16657.6	1050	105	16201	35.1509	35.1509	140.604	140.604	0 48522.6 9086.57 	57609.1	8.93903	6.55445	12703.2	670	0.136529	0	4.029	1.02
27.7	0.00284221	0.00074437	16666.9	1050	105	16210.7	35.1202	35.1202	140.481	140.481	0 48504.4 9080.42 	57584.8	8.93711	6.55445	12703.2	670	0.136513	0	4.029	1.02
27.8	0.00284242	0.000744702	16676.3	1050	105	16220.4	35.0895	35.0895	140.358	140.358	0 48486.2 9074.27 	57560.5	8.93519	6.55445	12703.2	670	0.136497	0	4.029	1.02
27.9	0.00284262	0.000745033	16685.6	1050	105	16230	35.0588	35.0588	140.235	140.235	0 48468.1 9068.13 	57536.3	8.93327	6.55445	12703.2	670	0.136481	0	4.029	1.02
28	0.00284282	0.000745364	16694.9	1050	105	16239.6	35.0282	35.0282	140.113	140.113	0 48450.1 9061.99 	57512.1	8.93136	6.55445	12703.2	670	0.136465	0	4.029	1.02
28.1	0.00284303	0.000745695	16704.2	1050	105	16249.3	34.9976	34.9976	139.99	139.99	0 48432.1 9055.86 	57487.9	8.92945	6.55445	12703.2	670	0.136449	0	4.029	1.02
28.2	0.00284323	0.000746025	16713.5	1050	105	16258.9	34.967	34.967	139.868	139.868	0 48414.1 9049.72 	57463.8	8.92754	6.55445	12703.2	670	0.136432	0	4.029	1.02
28.3	0.00284343	0.000746355	16722.8	1050	105	16268.5	34.9365	34.9365	139.746	139.746	0 48396.1 9043.59 	57439.7	8.92564	6.55445	12703.2	670	0.136416	0	4.029	1.02
28.4	0.00284363	0.000746684	16732.1	1050	105	16278.1	34.906	34.906	139.624	139.624	0 48378.2 9037.47 	57415.7	8.92374	6.55445	12703.2	670	0.136399	0	4.029	1.02
28.5	0.00284383	0.000747013	16741.4	1050	105	16287.6	34.8755	34.8755	139.502	139.502	0 48360.3 9031.34 	57391.7	8.92184	6.55445	12703.2	670	0.136382	0	4.029	1.02
28.6	0.00284404	0.000747341	16750.7	1050	105	16297.2	34.845	34.845	139.38	139.38	0 48342.5 9025.22 	57367.7	8.91995	6.55445	12703.2	670	0.136365	0	4.029	1.02
28.7	0.00284424	0.00074767	16759.9	1050	105	16306.8	34.8146	34.8146	139.258	139.258	0 48324.7 9019.1 	57343.8	8.91806	6.55445	12703.2	670	0.136348	0	4.029	1.02
28.8	0.00284444	0.000747997	16769.2	1050	105	16316.3	34.7842	34.7842	139.137	139.137	0 48306.9 9012.99 	57319.9	8.91617	6.55445	12703.2	670	0.136331	0	4.029	1.02
28.9	0.00284464	0.000748324	16778.4	1050	105	16325.9	34.7539	34.7539	139.015	139.015	0 48289.2 9006.88 	57296.1	8.91428	6.55445	12703.2	670	0.136313	0	4.029	1.02
29	0.00284484	0.000748651	16787.6	1050	105	16335.4	34.7235	34.7235	138.894	138.894	0 48271.5 9000.77 	57272.3	8.9124	6.55445	12703.2	670	0.136296	0	4.029	1.02
29.1	0.00284504	0.000748978	16796.8	1050	105	16344.9	34.6932	34.6932	138.773	138.773	0 48253.9 8994.66 	57248.5	8.91052	6.55445	12703.2	670	0.136278	0	4.029	1.02
29.2	0.00284524	0.000749304	16806	1050	105	16354.4	34.663	34.663	138.652	138.652	0 48236.3 8988.56 	57224.8	8.90865	6.55445	12703.2	670	0.13626	0	4.029	1.02
29.3	0.00284544	0.000749629	16815.2	1050	105	16363.9	34.6327	34.6327	138.531	138.531	0 48218.7 8982.46 	57201.2	8.90678	6.55445	12703.2	670	0.136242	0	4.029	1.02
29.4	0.00284564	0.000749955	16824.4	1050	105	16373.4	34.6025	34.6025	138.41	138.41	0 48201.2 8976.36 	57177.5	8.90491	6.55445	12703.2	670	0.136224	0	4.029	1.02
29.5	0.00284583	0.000750279	16833.6	1050	105	16382.9	34.5723	34.5723	138.289	138.289	0 48183.7 8970.27 	57153.9	8.90304	6.55445	12703.2	670	0.136206	0	4.029	1.02
29.6	0.00284603	0.000750604	16842.8	1050	105	16392.3	34.5422	34.5422	138.169	138.169	0 48166.2 8964.17 	57130.4	8.90118	6.55445	12703.2	670	0.136187	0	4.029	1.02
29.7	0.00284623	0.000750928	16851.9	1050	105	16401.8	34.5121	34.5121	138.048	138.048	0 48148.8 8958.09 	57106.8	8.89932	6.55445	12703.2	670	0.136169	0	4.029	1.02
29.8	0.00284643	0.000751252	16861.1	1050	105	16411.2	34.482	34.482	137.928	137.928	0 48131.4 8952 	57083.4	8.89746	6.55445	12703.2	670	0.13615	0	4.029	1.02
29.9	0.00284663	0.000751575	16870.2	1050	105	16420.7	34.4519	34.4519	137.808	137.808	0 48114 8945.92 	57059.9	8.89561	6.55445	12703.2	670	0.136131	0	4.029	1.02
30	0.00284682	0.000751898	16879.3	1050	105	16430.1	34.4219	34.4219	137.688	137.688	0 48096.7 8939.84 	57036.5	8.89376	6.55445	12703.2	670	0.136113	0	4.029	1.02
30.1	0.00284702	0.00075222	16888.4	1050	105	16439.5	34.3919	34.3919	137.568	137.568	0 48079.4 8933.76 	57013.2	8.89191	6.55445	12703.2	670	0.136093	0	4.029	1.02
30.2	0.00284722	0.000752542	16897.5	1050	105	16448.9	34.3619	34.3619	137.448	137.448	0 48062.1 8927.69 	56989.8	8.89007	6.55445	12703.2	670	0.136074	0	4.029	1.02
30.3	0.00284742	0.000752864	16906.6	1050	105	16458.3	34.332	34.332	137.328	137.328	0 48044.9 8921.62 	56966.5	8.88822	6.55445	12703.2	670	0.136055	0	4.029	1.02
30.4	0.00284761	0.000753185	16915.7	1050	105	16467.7	34.3021	34.3021	137.208	137.208	0 48027.7 8915.55 	56943.3	8.88638	6.55445	12703.2	670	0.136036	0	4.029	1.02
30.5	0.00284781	0.000753506	16924.8	1050	105	16477.1	34.2722	34.2722	137.089	137.089	0 48010.6 8909.49 	56920.1	8.88455	6.55445	12703.2	670	0.136016	0	4.029	1.02
30.6	0.002848	0.000753827	16933.9	1050	105	16486.5	34.2424	34.2424	136.969	136.969	0 47993.5 8903.43 	56896.9	8.88272	6.55445	12703.2	670	0.135996	0	4.029	1.02
30.7	0.0028482	0.000754147	16942.9	1050	105	16495.8	34.2126	34.2126	136.85	136.85	0 47976.4 8897.37 	56873.7	8.88089	6.55445	12703.2	670	0.135977	0	4.029	1.02
30.8	0.00284839	0.000754467	16952	1050	105	16505.2	34.1828	34.1828	136.731	136.731	0 47959.3 8891.31 	56850.6	8.87906	6.55445	12703.2	670	0.135957	0	4.029	1.02
30.9	0.00284859	0.000754786	16961	1050	105	16514.5	34.153	34.153	136.612	136.612	0 47942.3 8885.26 	56827.6	8.87723	6.55445	12703.2	670	0.135937	0	4.029	1.02
31	0.00284878	0.000755105	16970.1	1050	105	16523.8	34.1233	34.1233	136.493	136.493	0 47925.3 8879.21 	56804.6	8.87541	6.55445	12703.2	670	0.135916	0	4.029	1.02
31.1	0.00284898	0.000755424	16979.1	1050	105	16533.2	34.0936	34.0936	136.374	136.374	0 47908.4 8873.17 	56781.6	8.87359	6.55445	12703.2	670	0.135896	0	4.029	1.02
31.2	0.00284917	0.000755742	16988.1	1050	105	16542.5	34.0639	34.0639	136.256	136.256	0 47891.5 8867.12 	56758.6	8.87178	6.55445	12703.2	670	0.135876	0	4.029	1.02
31.3	0.00284937	0.00075606	16997.1	1050	105	16551.8	34.0343	34.0343	136.137	136.137	0 47874.6 8861.08 	56735.7	8.86997	6.55445	12703.2	670	0.135855	0	4.029	1.02
31.4	0.00284956	0.000756378	17006.1	1050	105	16561.1	34.0047	34.0047	136.019	136.019	0 47857.7 8855.05 	56712.8	8.86816	6.55445	12703.2	670	0.135834	0	4.029	1.02
31.5	0.00284976	0.000756695	17015.1	1050	105	16570.4	33.9751	33.9751	135.9	135.9	0 47840.9 8849.01 	56689.9	8.86635	6.55445	12703.2	670	0.135814	0	4.029	1.02
31.6	0.00284995	0.000757012	17024.1	1050	105	16579.6	33.9455	33.9455	135.782	135.782	0 47824.1 8842.98 	56667.1	8.86454	6.55445	12703.2	670	0.135793	0	4.029	1.02
31.7	0.00285014	0.000757329	17033.1	1050	105	16588.9	33.916	33.916	135.664	135.664	0 47807.4 8836.96 	56644.4	8.86274	6.55445	12703.2	670	0.135772	0	4.029	1.02
31.8	0.00285033	0.000757645	17042	1050	105	16598.2	33.8865	33.8865	135.546	135.546	0 47790.7 8830.93 	56621.6	8.86094	6.55445	12703.2	670	0.13575	0	4.029	1.02
31.9	0.00285053	0.000757961	17051	1050	105	16607.4	33.8571	33.8571	135.428	135.428	0 47774 8824.91 	56598.9	8.85915	6.55445	12703.2	670	0.135729	0	4.029	1.02
32	0.00285072	0.000758276	17059.9	1050	105	16616.7	33.8276	33.8276	135.311	135.311	0 47757.3 8818.89 	56576.2	8.85735	6.55445	12703.2	670	0.135708	0	4.029	1.02
32.1	0.00285091	0.000758591	17068.9	1050	105	16625.9	33.7982	33.7982	135.193	135.193	0 47740.7 8812.88 	56553.6	8.85556	6.55445	12703.2	670	0.135686	0	4.029	1.02
32.2	0.0028511	0.000758906	17077.8	1050	105	16635.1	33.7688	33.7688	135.075	135.075	0 47724.1 8806.87 	56531	8.85377	6.55445	12703.2	670	0.135665	0	4.029	1.02
32.3	0.0028513	0.000759221	17086.7	1050	105	16644.3	33.7395	33.7395	134.958	134.958	0 47707.6 8800.86 	56508.4	8.85199	6.55445	12703.2	670	0.135643	0	4.029	1.02
32.4	0.00285149	0.000759535	17095.6	1050	105	16653.5	33.7102	33.7102	134.841	134.841	0 47691 8794.85 	56485.9	8.85021	6.55445	12703.2	670	0.135621	0	4.029	1.02
32.5	0.00285168	0.000759848	17104.5	1050	105	16662.7	33.6809	33.6809	134.724	134.724	0 47674.6 8788.85 	56463.4	8.84843	6.55445	12703.2	670	0.135599	0	4.029	1.02
32.6	0.00285187	0.000760162	17113.4	1050	105	16671.9	33.6516	33.6516	134.607	134.607	0 47658.1 8782.85 	56440.9	8.84665	6.55445	12703.2	670	0.135577	0	4.029	1.02
32.7	0.00285206	0.000760475	17122.3	1050	105	16681.1	33.6224	33.6224	134.49	134.49	0 47641.7 8776.85 	56418.5	8.84488	6.55445	12703.2	670	0.135555	0	4.029	1.02
32.8	0.00285225	0.000760788	17131.2	1050	105	16690.3	33.5932	33.5932	134.373	134.373	0 47625.3 8770.86 	56396.1	8.8431	6.55445	12703.2	670	0.135532	0	4.029	1.02
32.9	0.00285244	0.0007611	17140.1	1050	105	16699.4	33.5641	33.5641	134.256	134.256	0 47608.9 8764.87 	56373.8	8.84133	6.55445	12703.2	670	0.13551	0	4.029	1.02
33	0.00285263	0.000761412	17148.9	1050	105	16708.6	33.5349	33.5349	134.14	134.14	0 47592.5 8758.88 	56351.4	8.83957	6.55445	12703.2	670	0.135487	0	4.029	1.02
33.1	0.00285282	0.000761724	17157.8	1050	105	16717.7	33.5058	33.5058	134.023	134.023	0 47576.2 8752.9 	56329.1	8.8378	6.55445	12703.2	670	0.135465	0	4.029	1.02
33.2	0.00285301	0.000762035	17166.6	1050	105	16726.9	33.4767	33.4767	133.907	133.907	0 47560 8746.92 	56306.9	8.83604	6.55445	12703.2	670	0.135442	0	4.029	1.02
33.3	0.0028532	0.000762346	17175.5	1050	105	16736	33.4477	33.4477	133.791	133.791	0 47543.7 8740.94 	56284.6	8.83428	6.55445	12703.2	670	0.135419	0	4.029	1.02
33.4	0.00285339	0.000762657	17184.3	1050	105	16745.1	33.4186	33.4186	133.675	133.675	0 47527.5 8734.96 	56262.4	8.83253	6.55445	12703.2	670	0.135396	0	4.029	1.02
33.5	0.00285358	0.000762967	17193.1	1050	105	16754.2	33.3897	33.3897	133.559	133.559	0 47511.3 8728.99 	56240.3	8.83077	6.55445	12703.2	670	0.135373	0	4.029	1.02
33.6	0.00285377	0.000763277	17201.9	1050	105	16763.3	33.3607	33.3607	133.443	133.443	0 47495.1 8723.03 	56218.2	8.82902	6.55445	12703.2	670	0.13535	0	4.029	1.02
33.7	0.00285395	0.000763587	17210.7	1050	105	16772.4	33.3318	33.3318	133.327	133.327	0 47479 8717.06 	56196.1	8.82728	6.55445	12703.2	670	0.135327	0	4.029	1.02
33.8	0.00285414	0.000763896	17219.5	1050	105	16781.5	33.3028	33.3028	133.211	133.211	0 47462.9 8711.1 	56174	8.82553	6.55445	12703.2	670	0.135303	0	4.029	1.02
33.9	0.00285433	0.000764205	17228.3	1050	105	16790.6	33.274	33.274	133.096	133.096	0 47446.8 8705.14 	56152	8.82379	6.55445	12703.2	670	0.13528	0	4.029	1.02
34	0.00285452	0.000764514	17237.1	1050	105	16799.7	33.2451	33.2451	132.98	132.98	0 47430.8 8699.18 	56130	8.82205	6.55445	12703.2	670	0.135256	0	4.029	1.02
34.1	0.0028547	0.000764823	17245.9	1050	105	16808.7	33.2163	33.2163	132.865	132.865	0 47414.8 8693.23 	56108	8.82031	6.55445	12703.2	670	0.135232	0	4.029	1.02
34.2	0.00285489	0.000765131	17254.7	1050	105	16817.8	33.1875	33.1875	132.75	132.75	0 47398.8 8687.28 	56086.1	8.81857	6.55445	12703.2	670	0.135208	0	4.029	1.02
34.3	0.00285508	0.000765438	17263.4	1050	105	16826.8	33.1587	33.1587	132.635	132.635	0 47382.8 8681.33 	56064.2	8.81684	6.55445	12703.2	670	0.135184	0	4.029	1.02
34.4	0.00285527	0.000765746	17272.2	1050	105	16835.9	33.13	33.13	132.52	132.52	0 47366.9 8675.39 	56042.3	8.81511	6.55445	12703.2	670	0.13516	0	4.029	1.02
34.5	0.00285545	0.000766053	17280.9	1050	105	16844.9	33.1013	33.1013	132.405	132.405	0 47351 8669.45 	56020.5	8.81338	6.55445	12703.2	670	0.135136	0	4.029	1.02
34.6	0.00285564	0.00076636	17289.6	1050	105	16853.9	33.0726	33.0726	132.29	132.29	0 47335.1 8663.52 	55998.7	8.81165	6.55445	12703.2	670	0.135112	0	4.029	1.02
34.7	0.00285583	0.000766666	17298.4	1050	105	16862.9	33.044	33.044	132.176	132.176	0 47319.3 8657.58 	55976.9	8.80993	6.55445	12703.2	670	0.135087	0	4.029	1.02
34.8	0.00285601	0.000766973	17307.1	1050	105	16871.9	33.0154	33.0154	132.061	132.061	0 47303.5 8651.65 	55955.1	8.80821	6.55445	12703.2	670	0.135063	0	4.029	1.02
34.9	0.0028562	0.000767279	17315.8	1050	105	16880.9	32.9868	32.9868	131.947	131.947	0 47287.7 8645.72 	55933.4	8.80649	6.55445	12703.2	670	0.135038	0	4.029	1.02
35	0.00285638	0.000767584	17324.5	1050	105	16889.9	32.9582	32.9582	131.833	131.833	0 47271.9 8639.8 	55911.7	8.80478	6.55445	12703.2	670	0.135014	0	4.029	1.02
35.1	0.00285657	0.000767889	17333.2	1050	105	16898.9	32.9297	32.9297	131.719	131.719	0 47256.2 8633.88 	55890.1	8.80306	6.55445	12703.2	670	0.134989	0	4.029	1.02
35.2	0.00285675	0.000768194	17341.9	1050	105	16907.9	32.9012	32.9012	131.605	131.605	0 47240.5 8627.96 	55868.5	8.80135	6.55445	12703.2	670	0.134964	0	4.029	1.02
35.3	0.00285694	0.000768499	17350.6	1050	105	16916.9	32.8727	32.8727	131.491	131.491	0 47224.8 8622.05 	55846.9	8.79964	6.55445	12703.2	670	0.134939	0	4.029	1.02
35.4	0.00285712	0.000768804	17359.3	1050	105	16925.8	32.8442	32.8442	131.377	131.377	0 47209.2 8616.14 	55825.3	8.79794	6.55445	12703.2	670	0.134914	0	4.029	1.02
35.5	0.00285731	0.000769108	17367.9	1050	105	16934.8	32.8158	32.8158	131.263	131.263	0 47193.6 8610.23 	55803.8	8.79623	6.55445	12703.2	670	0.134889	0	4.029	1.02
35.6	0.00285749	0.000769411	17376.6	1050	105	16943.7	32.7874	32.7874	131.15	131.15	0 47178 8604.32 	55782.3	8.79453	6.55445	12703.2	670	0.134864	0	4.029	1.02
35.7	0.00285768	0.000769715	17385.2	1050	105	16952.7	32.7591	32.7591	131.036	131.036	0 47162.4 8598.42 	55760.8	8.79283	6.55445	12703.2	670	0.134838	0	4.029	1.02
35.8	0.00285786	0.000770018	17393.9	1050	105	16961.6	32.7307	32.7307	130.923	130.923	0 47146.9 8592.52 	55739.4	8.79114	6.55445	12703.2	670	0.134813	0	4.029	1.02
35.9	0.00285804	0.000770321	17402.5	1050	105	16970.5	32.7024	32.7024	130.81	130.81	0 47131.4 8586.63 	55718	8.78944	6.55445	12703.2	670	0.134787	0	4.029	1.02
36	0.00285823	0.000770624	17411.2	1050	105	16979.4	32.6741	32.6741	130.697	130.697	0 47115.9 8580.73 	55696.6	8.78775	6.55445	12703.2	670	0.134761	0	4.029	1.02
36.1	0.00285841	0.000770926	17419.8	1050	105	16988.3	32.6459	32.6459	130.584	130.584	0 47100.4 8574.85 	55675.3	8.78606	6.55445	12703.2	670	0.134736	0	4.029	1.02
36.2	0.00285859	0.000771228	17428.4	1050	105	16997.2	32.6177	32.6177	130.471	130.471	0 47085 8568.96 	55654	8.78437	6.55445	12703.2	670	0.13471	0	4.029	1.02
36.3	0.00285878	0.00077153	17437	1050	105	17006.1	32.5895	32.5895	130.358	130.358	0 47069.6 8563.08 	55632.7	8.78269	6.55445	12703.2	670	0.134684	0	4.029	1.02
36.4	0.00285896	0.000771831	17445.6	1050	105	17015	32.5613	32.5613	130.245	130.245	0 47054.2 8557.2 	55611.4	8.781	6.55445	12703.2	670	0.134658	0	4.029	1.02
36.5	0.00285914	0.000772132	17454.2	1050	105	17023.9	32.5332	32.5332	130.133	130.133	0 47038.9 8551.32 	55590.2	8.77932	6.55445	12703.2	670	0.134632	0	4.029	1.02
36.6	0.00285932	0.000772433	17462.8	1050	105	17032.8	32.5051	32.5051	130.02	130.02	0 47023.5 8545.45 	55569	8.77765	6.55445	12703.2	670	0.134605	0	4.029	1.02
36.7	0.0028595	0.000772734	17471.4	1050	105	17041.6	32.477	32.477	129.908	129.908	0 47008.2 8539.58 	55547.8	8.77597	6.55445	12703.2	670	0.134579	0	4.029	1.02
36.8	0.00285969	0.000773034	17480	1050	105	17050.5	32.4489	32.4489	129.796	129.796	0 46993 8533.71 	55526.7	8.7743	6.55445	12703.2	670	0.134553	0	4.029	1.02
36.9	0.00285987	0.000773334	17488.6	1050	105	17059.3	32.4209	32.4209	129.684	129.684	0 46977.7 8527.85 	55505.6	8.77262	6.55445	12703.2	670	0.134526	0	4.029	1.02
37	0.00286005	0.000773634	17497.1	1050	105	17068.2	32.3929	32.3929	129.572	129.572	0 46962.5 8521.99 	55484.5	8.77096	6.55445	12703.2	670	0.1345	0	4.029	1.02
37.1	0.00286023	0.000773933	17505.7	1050	105	17077	32.3649	32.3649	129.46	129.46	0 46947.3 8516.13 	55463.4	8.76929	6.55445	12703.2	670	0.134473	0	4.029	1.02
37.2	0.00286041	0.000774233	17514.2	1050	105	17085.9	32.337	32.337	129.348	129.348	0 46932.1 8510.28 	55442.4	8.76762	6.55445	12703.2	670	0.134446	0	4.029	1.02
37.3	0.00286059	0.000774532	17522.8	1050	105	17094.7	32.3091	32.3091	129.236	129.236	0 46917 8504.43 	55421.4	8.76596	6.55445	12703.2	670	0.134419	0	4.029	1.02
37.4	0.00286077	0.00077483	17531.3	1050	105	17103.5	32.2812	32.2812	129.125	129.125	0 46901.8 8498.58 	55400.4	8.7643	6.55445	12703.2	670	0.134392	0	4.029	1.02
37.5	0.00286095	0.000775129	17539.8	1050	105	17112.3	32.2533	32.2533	129.013	129.013	0 46886.7 8492.74 	55379.5	8.76264	6.55445	12703.2	670	0.134365	0	4.029	1.02
37.6	0.00286113	0.000775427	17548.4	1050	105	17121.1	32.2255	32.2255	128.902	128.902	0 46871.7 8486.9 	55358.6	8.76099	6.55445	12703.2	670	0.134338	0	4.029	1.02
37.7	0.00286131	0.000775725	17556.9	1050	105	17129.9	32.1977	32.1977	128.791	128.791	0 46856.6 8481.06 	55337.7	8.75933	6.55445	12703.2	670	0.134311	0	4.029	1.02
37.8	0.00286149	0.000776022	17565.4	1050	105	17138.7	32.1699	32.1699	128.68	128.68	0 46841.6 8475.23 	55316.8	8.75768	6.55445	12703.2	670	0.134283	0	4.029	1.02
37.9	0.00286167	0.000776319	17573.9	1050	105	17147.5	32.1422	32.1422	128.569	128.569	0 46826.6 8469.4 	55296	8.75603	6.55445	12703.2	670	0.134256	0	4.029	1.02
38	0.00286185	0.000776616	17582.4	1050	105	17156.2	32.1145	32.1145	128.458	128.458	0 46811.6 8463.57 	55275.2	8.75439	6.55445	12703.2	670	0.134229	0	4.029	1.02
38.1	0.00286203	0.000776913	17590.9	1050	105	17165	32.0868	32.0868	128.347	128.347	0 46796.7 8457.75 	55254.4	8.75274	6.55445	12703.2	670	0.134201	0	4.029	1.02
38.2	0.00286221	0.00077721	17599.4	1050	105	17173.8	32.0591	32.0591	128.236	128.236	0 46781.8 8451.92 	55233.7	8.7511	6.55445	12703.2	670	0.134173	0	4.029	1.02
38.3	0.00286239	0.000777506	17607.8	1050	105	17182.5	32.0315	32.0315	128.126	128.126	0 46766.9 8446.11 	55213	8.74946	6.55445	12703.2	670	0.134145	0	4.029	1.02
38.4	0.00286257	0.000777802	17616.3	1050	105	17191.3	32.0039	32.0039	128.016	128.016	0 46752 8440.29 	55192.3	8.74782	6.55445	12703.2	670	0.134118	0	4.029	1.02
38.5	0.00286275	0.000778098	17624.8	1050	105	17200	31.9763	31.9763	127.905	127.905	0 46737.1 8434.48 	55171.6	8.74618	6.55445	12703.2	670	0.13409	0	4.029	1.02
38.6	0.00286293	0.000778393	17633.2	1050	105	17208.8	31.9487	31.9487	127.795	127.795	0 46722.3 8428.67 	55151	8.74455	6.55445	12703.2	670	0.134062	0	4.029	1.02
38.7	0.0028631	0.000778688	17641.7	1050	105	17217.5	31.9212	31.9212	127.685	127.685	0 46707.5 8422.87 	55130.4	8.74292	6.55445	12703.2	670	0.134034	0	4.029	1.02
38.8	0.00286328	0.000778983	17650.1	1050	105	17226.2	31.8937	31.8937	127.575	127.575	0 46692.7 8417.07 	55109.8	8.74129	6.55445	12703.2	670	0.134005	0	4.029	1.02
38.9	0.00286346	0.000779278	17658.6	1050	105	17234.9	31.8663	31.8663	127.465	127.465	0 46677.9 8411.27 	55089.2	8.73966	6.55445	12703.2	670	0.133977	0	4.029	1.02
39	0.00286364	0.000779572	17667	1050	105	17243.6	31.8388	31.8388	127.355	127.355	0 46663.2 8405.47 	55068.7	8.73803	6.55445	12703.2	670	0.133949	0	4.029	1.02
39.1	0.00286381	0.000779866	17675.5	1050	105	17252.3	31.8114	31.8114	127.246	127.246	0 46648.5 8399.68 	55048.2	8.73641	6.55445	12703.2	670	0.13392	0	4.029	1.02
39.2	0.00286399	0.00078016	17683.9	1050	105	17261	31.784	31.784	127.136	127.136	0 46633.8 8393.89 	55027.7	8.73479	6.55445	12703.2	670	0.133892	0	4.029	1.02
39.3	0.00286417	0.000780454	17692.3	1050	105	17269.7	31.7566	31.7566	127.027	127.027	0 46619.1 8388.11 	55007.3	8.73317	6.55445	12703.2	670	0.133863	0	4.029	1.02
39.4	0.00286434	0.000780747	17700.7	1050	105	17278.4	31.7293	31.7293	126.917	126.917	0 46604.5 8382.33 	54986.8	8.73155	6.55445	12703.2	670	0.133835	0	4.029	1.02
39.5	0.00286452	0.000781041	17709.1	1050	105	17287.1	31.702	31.702	126.808	126.808	0 46589.9 8376.55 	54966.4	8.72994	6.55445	12703.2	670	0.133806	0	4.029	1.02
39.6	0.0028647	0.000781333	17717.5	1050	105	17295.8	31.6747	31.6747	126.699	126.699	0 46575.3 8370.77 	54946.1	8.72832	6.55445	12703.2	670	0.133777	0	4.029	1.02
39.7	0.00286487	0.000781626	17725.9	1050	105	17304.4	31.6475	31.6475	126.59	126.59	0 46560.7 8365 	54925.7	8.72671	6.55445	12703.2	670	0.133748	0	4.029	1.02
39.8	0.00286505	0.000781919	17734.3	1050	105	17313.1	31.6203	31.6203	126.481	126.481	0 46546.2 8359.23 	54905.4	8.7251	6.55445	12703.2	670	0.133719	0	4.029	1.02
39.9	0.00286523	0.000782211	17742.7	1050	105	17321.7	31.5931	31.5931	126.372	126.372	0 46531.6 8353.47 	54885.1	8.7235	6.55445	12703.2	670	0.13369	0	4.029	1.02
40	0.0028654	0.000782503	17751	1050	105	17330.4	31.5659	31.5659	126.264	126.264	0 46517.1 8347.71 	54864.8	8.72189	6.55445	12703.2	670	0.133661	0	4.029	1.02
40.1	0.00286558	0.000782794	17759.4	1050	105	17339	31.5387	31.5387	126.155	126.155	0 46502.6 8341.95 	54844.6	8.72029	6.55445	12703.2	670	0.133632	0	4.029	1.02
40.2	0.00286575	0.000783086	17767.8	1050	105	17347.7	31.5116	31.5116	126.047	126.047	0 46488.2 8336.19 	54824.4	8.71869	6.55445	12703.2	670	0.133602	0	4.029	1.02
40.3	0.00286593	0.000783377	17776.1	1050	105	17356.3	31.4845	31.4845	125.938	125.938	0 46473.7 8330.44 	54804.2	8.71709	6.55445	12703.2	670	0.133573	0	4.029	1.02
40.4	0.0028661	0.000783668	17784.5	1050	105	17364.9	31.4575	31.4575	125.83	125.83	0 46459.3 8324.69 	54784	8.71549	6.55445	12703.2	670	0.133544	0	4.029	1.02
40.5	0.00286628	0.000783959	17792.8	1050	105	17373.5	31.4305	31.4305	125.722	125.722	0 46444.9 8318.94 	54763.9	8.71389	6.55445	12703.2	670	0.133514	0	4.029	1.02
40.6	0.00286645	0.000784249	17801.2	1050	105	17382.1	31.4034	31.4034	125.614	125.614	0 46430.6 8313.2 	54743.8	8.7123	6.55445	12703.2	670	0.133484	0	4.029	1.02
40.7	0.00286663	0.00078454	17809.5	1050	105	17390.7	31.3765	31.3765	125.506	125.506	0 46416.2 8307.46 	54723.7	8.71071	6.55445	12703.2	670	0.133455	0	4.029	1.02
40.8	0.0028668	0.00078483	17817.8	1050	105	17399.3	31.3495	31.3495	125.398	125.398	0 46401.9 8301.73 	54703.6	8.70912	6.55445	12703.2	670	0.133425	0	4.029	1.02
40.9	0.00286698	0.000785119	17826.2	1050	105	17407.9	31.3226	31.3226	125.29	125.29	0 46387.6 8296 	54683.6	8.70753	6.55445	12703.2	670	0.133395	0	4.029	1.02
41	0.00286715	0.000785409	17834.5	1050	105	17416.5	31.2957	31.2957	125.183	125.183	0 46373.3 8290.27 	54663.5	8.70595	6.55445	12703.2	670	0.133365	0	4.029	1.02
41.1	0.00286732	0.000785698	17842.8	1050	105	17425.1	31.2688	31.2688	125.075	125.075	0 46359 8284.54 	54643.5	8.70436	6.55445	12703.2	670	0.133335	0	4.029	1.02
41.2	0.0028675	0.000785987	17851.1	1050	105	17433.7	31.242	31.242	124.968	124.968	0 46344.8 8278.82 	54623.6	8.70278	6.55445	12703.2	670	0.133305	0	4.029	1.02
41.3	0.00286767	0.000786276	17859.4	1050	105	17442.3	31.2151	31.2151	124.861	124.861	0 46330.5 8273.1 	54603.6	8.7012	6.55445	12703.2	670	0.133275	0	4.029	1.02
41.4	0.00286784	0.000786565	17867.7	1050	105	17450.8	31.1884	31.1884	124.753	124.753	0 46316.3 8267.38 	54583.7	8.69963	6.55445	12703.2	670	0.133245	0	4.029	1.02
41.5	0.00286802	0.000786853	17876	1050	105	17459.4	31.1616	31.1616	124.646	124.646	0 46302.2 8261.67 	54563.8	8.69805	6.55445	12703.2	670	0.133214	0	4.029	1.02
41.6	0.00286819	0.000787141	17884.3	1050	105	17467.9	31.1349	31.1349	124.539	124.539	0 46288 8255.96 	54544	8.69648	6.55445	12703.2	670	0.133184	0	4.029	1.02
41.7	0.00286836	0.000787429	17892.6	1050	105	17476.5	31.1081	31.1081	124.433	124.433	0 46273.9 8250.26 	54524.1	8.6949	6.55445	12703.2	670	0.133154	0	4.029	1.02
41.8	0.00286854	0.000787717	17900.8	1050	105	17485	31.0815	31.0815	124.326	124.326	0 46259.7 8244.55 	54504.3	8.69333	6.55445	12703.2	670	0.133123	0	4.029	1.02
41.9	0.00286871	0.000788005	17909.1	1050	105	17493.6	31.0548	31.0548	124.219	124.219	0 46245.6 8238.85 	54484.5	8.69177	6.55445	12703.2	670	0.133093	0	4.029	1.02
42	0.00286888	0.000788292	17917.4	1050	105	17502.1	31.0282	31.0282	124.113	124.113	0 46231.6 8233.16 	54464.7	8.6902	6.55445	12703.2	670	0.133062	0	4.029	1.02
42.1	0.00286905	0.000788579	17925.6	1050	105	17510.6	31.0016	31.0016	124.006	124.006	0 46217.5 8227.47 	54445	8.68863	6.55445	12703.2	670	0.133031	0	4.029	1.02
42.2	0.00286923	0.000788866	17933.9	1050	105	17519.1	30.975	30.975	123.9	123.9	0 46203.5 8221.78 	54425.2	8.68707	6.55445	12703.2	670	0.133001	0	4.029	1.02
42.3	0.0028694	0.000789153	17942.1	1050	105	17527.7	30.9484	30.9484	123.794	123.794	0 46189.5 8216.09 	54405.5	8.68551	6.55445	12703.2	670	0.13297	0	4.029	1.02
42.4	0.00286957	0.000789439	17950.4	1050	105	17536.2	30.9219	30.9219	123.688	123.688	0 46175.5 8210.41 	54385.9	8.68395	6.55445	12703.2	670	0.132939	0	4.029	1.02
42.5	0.00286974	0.000789725	17958.6	1050	105	17544.7	30.8954	30.8954	123.582	123.582	0 46161.5 8204.73 	54366.2	8.6824	6.55445	12703.2	670	0.132908	0	4.029	1.02
42.6	0.00286991	0.000790011	17966.8	1050	105	17553.2	30.8689	30.8689	123.476	123.476	0 46147.5 8199.05 	54346.6	8.68084	6.55445	12703.2	670	0.132877	0	4.029	1.02
42.7	0.00287008	0.000790297	17975.1	1050	105	17561.7	30.8425	30.8425	123.37	123.37	0 46133.6 8193.38 	54327	8.67929	6.55445	12703.2	670	0.132846	0	4.029	1.02
42.8	0.00287025	0.000790582	17983.3	1050	105	17570.1	30.8161	30.8161	123.264	123.264	0 46119.7 8187.71 	54307.4	8.67774	6.55445	12703.2	670	0.132814	0	4.029	1.02
42.9	0.00287042	0.000790868	17991.5	1050	105	17578.6	30.7897	30.7897	123.159	123.159	0 46105.8 8182.05 	54287.8	8.67619	6.55445	12703.2	670	0.132783	0	4.029	1.02
43	0.0028706	0.000791153	17999.7	1050	105	17587.1	30.7633	30.7633	123.053	123.053	0 46091.9 8176.38 	54268.3	8.67464	6.55445	12703.2	670	0.132752	0	4.029	1.02
43.1	0.00287077	0.000791438	18007.9	1050	105	17595.6	30.737	30.737	122.948	122.948	0 46078.1 8170.72 	54248.8	8.67309	6.55445	12703.2	670	0.13272	0	4.029	1.02
43.2	0.00287094	0.000791723	18016.1	1050	105	17604	30.7107	30.7107	122.843	122.843	0 46064.2 8165.07 	54229.3	8.67155	6.55445	12703.2	670	0.132689	0	4.029	1.02
43.3	0.00287111	0.000792007	18024.3	1050	105	17612.5	30.6844	30.6844	122.737	122.737	0 46050.4 8159.42 	54209.8	8.67	6.55445	12703.2	670	0.132657	0	4.029	1.02
43.4	0.00287128	0.000792291	18032.5	1050	105	17621	30.6581	30.6581	122.632	122.632	0 46036.6 8153.77 	54190.4	8.66846	6.55445	12703.2	670	0.132626	0	4.029	1.02
43.5	0.00287145	0.000792575	18040.7	1050	105	17629.4	30.6319	30.6319	122.528	122.528	0 46022.8 8148.12 	54171	8.66693	6.55445	12703.2	670	0.132594	0	4.029	1.02
43.6	0.00287162	0.000792859	18048.9	1050	105	17637.8	30.6057	30.6057	122.423	122.423	0 46009.1 8142.48 	54151.6	8.66539	6.55445	12703.2	670	0.132563	0	4.029	1.02
43.7	0.00287179	0.000793143	18057.1	1050	105	17646.3	30.5795	30.5795	122.318	122.318	0 45995.3 8136.84 	54132.2	8.66385	6.55445	12703.2	670	0.132531	0	4.029	1.02
43.8	0.00287196	0.000793426	18065.3	1050	105	17654.7	30.5533	30.5533	122.213	122.213	0 45981.6 8131.2 	54112.8	8.66232	6.55445	12703.2	670	0.132499	0	4.029	1.02
43.9	0.00287213	0.00079371	18073.4	1050	105	17663.2	30.5272	30.5272	122.109	122.109	0 45967.9 8125.57 	54093.5	8.66079	6.55445	12703.2	670	0.132467	0	4.029	1.02
44	0.00287229	0.000793993	18081.6	1050	105	17671.6	30.5011	30.5011	122.004	122.004	0 45954.2 8119.94 	54074.2	8.65926	6.55445	12703.2	670	0.132435	0	4.029	1.02
44.1	0.00287246	0.000794276	18089.7	1050	105	17680	30.475	30.475	121.9	121.9	0 45940.6 8114.32 	54054.9	8.65773	6.55445	12703.2	670	0.132403	0	4.029	1.02
44.2	0.00287263	0.000794558	18097.9	1050	105	17688.4	30.449	30.449	121.796	121.796	0 45926.9 8108.69 	54035.6	8.6562	6.55445	12703.2	670	0.132371	0	4.029	1.02
44.3	0.0028728	0.000794841	18106.1	1050	105	17696.8	30.4229	30.4229	121.692	121.692	0 45913.3 8103.07 	54016.4	8.65468	6.55445	12703.2	670	0.132339	0	4.029	1.02
44.4	0.00287297	0.000795123	18114.2	1050	105	17705.2	30.3969	30.3969	121.588	121.588	0 45899.7 8097.46 	53997.2	8.65315	6.55445	12703.2	670	0.132306	0	4.029	1.02
44.5	0.00287314	0.000795405	18122.3	1050	105	17713.6	30.371	30.371	121.484	121.484	0 45886.1 8091.85 	53978	8.65163	6.55445	12703.2	670	0.132274	0	4.029	1.02
44.6	0.00287331	0.000795687	18130.5	1050	105	17722	30.345	30.345	121.38	121.38	0 45872.5 8086.24 	53958.8	8.65011	6.55445	12703.2	670	0.132242	0	4.029	1.02
44.7	0.00287347	0.000795969	18138.6	1050	105	17730.4	30.3191	30.3191	121.276	121.276	0 45859 8080.63 	53939.6	8.6486	6.55445	12703.2	670	0.132209	0	4.029	1.02
44.8	0.00287364	0.00079625	18146.7	1050	105	17738.8	30.2932	30.2932	121.173	121.173	0 45845.5 8075.03 	53920.5	8.64708	6.55445	12703.2	670	0.132177	0	4.029	1.02
44.9	0.00287381	0.000796531	18154.9	1050	105	17747.2	30.2673	30.2673	121.069	121.069	0 45831.9 8069.43 	53901.4	8.64556	6.55445	12703.2	670	0.132144	0	4.029	1.02
45	0.00287398	0.000796812	18163	1050	105	17755.6	30.2415	30.2415	120.966	120.966	0 45818.4 8063.83 	53882.3	8.64405	6.55445	12703.2	670	0.132112	0	4.029	1.02
45.1	0.00287414	0.000797093	18171.1	1050	105	17763.9	30.2157	30.2157	120.863	120.863	0 45805 8058.24 	53863.2	8.64254	6.55445	12703.2	670	0.132079	0	4.029	1.02
45.2	0.00287431	0.000797374	18179.2	1050	105	17772.3	30.1899	30.1899	120.759	120.759	0 45791.5 8052.65 	53844.2	8.64103	6.55445	12703.2	670	0.132046	0	4.029	1.02
45.3	0.00287448	0.000797655	18187.3	1050	105	17780.7	30.1641	30.1641	120.656	120.656	0 45778.1 8047.07 	53825.1	8.63952	6.55445	12703.2	670	0.132014	0	4.029	1.02
45.4	0.00287465	0.000797935	18195.4	1050	105	17789	30.1384	30.1384	120.553	120.553	0 45764.6 8041.49 	53806.1	8.63802	6.55445	12703.2	670	0.131981	0	4.029	1.02
45.5	0.00287481	0.000798215	18203.5	1050	105	17797.4	30.1126	30.1126	120.451	120.451	0 45751.2 8035.91 	53787.2	8.63651	6.55445	12703.2	670	0.131948	0	4.029	1.02
45.6	0.00287498	0.000798495	18211.6	1050	105	17805.7	30.087	30.087	120.348	120.348	0 45737.9 8030.33 	53768.2	8.63501	6.55445	12703.2	670	0.131915	0	4.029	1.02
45.7	0.00287515	0.000798775	18219.7	1050	105	17814.1	30.0613	30.0613	120.245	120.245	0 45724.5 8024.76 	53749.2	8.63351	6.55445	12703.2	670	0.131882	0	4.029	1.02
45.8	0.00287531	0.000799054	18227.7	1050	105	17822.4	30.0357	30.0357	120.143	120.143	0 45711.1 8019.19 	53730.3	8.63201	6.55445	12703.2	670	0.131849	0	4.029	1.02
45.9	0.00287548	0.000799334	18235.8	1050	105	17830.7	30.01	30.01	120.04	120.04	0 45697.8 8013.62 	53711.4	8.63051	6.55445	12703.2	670	0.131816	0	4.029	1.02
46	0.00287565	0.000799613	18243.9	1050	105	17839.1	29.9845	29.9845	119.938	119.938	0 45684.5 8008.06 	53692.5	8.62902	6.55445	12703.2	670	0.131783	0	4.029	1.02
46.1	0.00287581	0.000799892	18252	1050	105	17847.4	29.9589	29.9589	119.836	119.836	0 45671.2 8002.5 	53673.7	8.62752	6.55445	12703.2	670	0.131749	0	4.029	1.02
46.2	0.00287598	0.000800171	18260	1050	105	17855.7	29.9334	29.9334	119.733	119.733	0 45657.9 7996.95 	53654.9	8.62603	6.55445	12703.2	670	0.131716	0	4.029	1.02
46.3	0.00287614	0.000800449	18268.1	1050	105	17864	29.9078	29.9078	119.631	119.631	0 45644.6 7991.4 	53636	8.62454	6.55445	12703.2	670	0.131683	0	4.029	1.02
46.4	0.00287631	0.000800728	18276.1	1050	105	17872.3	29.8824	29.8824	119.529	119.529	0 45631.4 7985.85 	53617.2	8.62305	6.55445	12703.2	670	0.131649	0	4.029	1.02
46.5	0.00287647	0.000801006	18284.2	1050	105	17880.6	29.8569	29.8569	119.428	119.428	0 45618.2 7980.3 	53598.5	8.62156	6.55445	12703.2	670	0.131616	0	4.029	1.02
46.6	0.00287664	0.000801284	18292.2	1050	105	17888.9	29.8315	29.8315	119.326	119.326	0 45605 7974.76 	53579.7	8.62007	6.55445	12703.2	670	0.131582	0	4.029	1.02
46.7	0.0028768	0.000801562	18300.3	1050	105	17897.2	29.8061	29.8061	119.224	119.224	0 45591.8 7969.22 	53561	8.61859	6.55445	12703.2	670	0.131549	0	4.029	1.02
46.8	0.00287697	0.00080184	18308.3	1050	105	17905.5	29.7807	29.7807	119.123	119.123	0 45578.6 7963.69 	53542.3	8.61711	6.55445	12703.2	670	0.131515	0	4.029	1.02
46.9	0.00287713	0.000802117	18316.4	1050	105	17913.8	29.7553	29.7553	119.021	119.021	0 45565.4 7958.16 	53523.6	8.61562	6.55445	12703.2	670	0.131482	0	4.029	1.02
47	0.0028773	0.000802395	18324.4	1050	105	17922.1	29.73	29.73	118.92	118.92	0 45552.3 7952.63 	53504.9	8.61414	6.55445	12703.2	670	0.131448	0	4.029	1.02
47.1	0.00287746	0.000802672	18332.4	1050	105	17930.4	29.7047	29.7047	118.819	118.819	0 45539.1 7947.1 	53486.3	8.61267	6.55445	12703.2	670	0.131414	0	4.029	1.02
47.2	0.00287763	0.000802949	18340.4	1050	105	17938.6	29.6794	29.6794	118.718	118.718	0 45526 7941.58 	53467.6	8.61119	6.55445	12703.2	670	0.13138	0	4.029	1.02
47.3	0.00287779	0.000803226	18348.5	1050	105	17946.9	29.6541	29.6541	118.617	118.617	0 45512.9 7936.06 	53449	8.60971	6.55445	12703.2	670	0.131346	0	4.029	1.02
47.4	0.00287796	0.000803503	18356.5	1050	105	17955.2	29.6289	29.6289	118.516	118.516	0 45499.9 7930.55 	53430.4	8.60824	6.55445	12703.2	670	0.131312	0	4.029	1.02
47.5	0.00287812	0.000803779	18364.5	1050	105	17963.4	29.6037	29.6037	118.415	118.415	0 45486.8 7925.04 	53411.8	8.60677	6.55445	12703.2	670	0.131278	0	4.029	1.02
47.6	0.00287829	0.000804056	18372.5	1050	105	17971.7	29.5785	29.5785	118.314	118.314	0 45473.8 7919.53 	53393.3	8.6053	6.55445	12703.2	670	0.131244	0	4.029	1.02
47.7	0.00287845	0.000804332	18380.5	1050	105	17980	29.5534	29.5534	118.213	118.213	0 45460.7 7914.02 	53374.8	8.60383	6.55445	12703.2	670	0.13121	0	4.029	1.02
47.8	0.00287861	0.000804608	18388.5	1050	105	17988.2	29.5282	29.5282	118.113	118.113	0 45447.7 7908.52 	53356.2	8.60236	6.55445	12703.2	670	0.131176	0	4.029	1.02
47.9	0.00287878	0.000804884	18396.5	1050	105	17996.4	29.5031	29.5031	118.013	118.013	0 45434.7 7903.03 	53337.8	8.6009	6.55445	12703.2	670	0.131142	0	4.029	1.02
48	0.00287894	0.000805159	18404.5	1050	105	18004.7	29.478	29.478	117.912	117.912	0 45421.8 7897.53 	53319.3	8.59943	6.55445	12703.2	670	0.131108	0	4.029	1.02
48.1	0.0028791	0.000805435	18412.5	1050	105	18012.9	29.453	29.453	117.812	117.812	0 45408.8 7892.04 	53300.8	8.59797	6.55445	12703.2	670	0.131073	0	4.029	1.02
48.2	0.00287927	0.00080571	18420.4	1050	105	18021.2	29.428	29.428	117.712	117.712	0 45395.8 7886.55 	53282.4	8.59651	6.55445	12703.2	670	0.131039	0	4.029	1.02
48.3	0.00287943	0.000805985	18428.4	1050	105	18029.4	29.403	29.403	117.612	117.612	0 45382.9 7881.07 	53264	8.59505	6.55445	12703.2	670	0.131005	0	4.029	1.02
48.4	0.00287959	0.00080626	18436.4	1050	105	18037.6	29.378	29.378	117.512	117.512	0 45370 7875.59 	53245.6	8.59359	6.55445	12703.2	670	0.13097	0	4.029	1.02
48.5	0.00287975	0.000806535	18444.4	1050	105	18045.8	29.353	29.353	117.412	117.412	0 45357.1 7870.11 	53227.2	8.59213	6.55445	12703.2	670	0.130936	0	4.029	1.02
48.6	0.00287992	0.00080681	18452.3	1050	105	18054	29.3281	29.3281	117.312	117.312	0 45344.2 7864.63 	53208.9	8.59068	6.55445	12703.2	670	0.130901	0	4.029	1.02
48.7	0.00288008	0.000807084	18460.3	1050	105	18062.3	29.3032	29.3032	117.213	117.213	0 45331.4 7859.16 	53190.5	8.58922	6.55445	12703.2	670	0.130866	0	4.029	1.02
48.8	0.00288024	0.000807359	18468.3	1050	105	18070.5	29.2783	29.2783	117.113	117.113	0 45318.5 7853.7 	53172.2	8.58777	6.55445	12703.2	670	0.130832	0	4.029	1.02
48.9	0.0028804	0.000807633	18476.2	1050	105	18078.7	29.2534	29.2534	117.014	117.014	0 45305.7 7848.23 	53153.9	8.58632	6.55445	12703.2	670	0.130797	0	4.029	1.02
49	0.00288057	0.000807907	18484.2	1050	105	18086.9	29.2286	29.2286	116.914	116.914	0 45292.9 7842.77 	53135.6	8.58487	6.55445	12703.2	670	0.130762	0	4.029	1.02
49.1	0.00288073	0.000808181	18492.1	1050	105	18095.1	29.2038	29.2038	116.815	116.815	0 45280 7837.31 	53117.4	8.58342	6.55445	12703.2	670	0.130728	0	4.029	1.02
49.2	0.00288089	0.000808454	18500.1	1050	105	18103.3	29.179	29.179	116.716	116.716	0 45267.3 7831.86 	53099.1	8.58198	6.55445	12703.2	670	0.130693	0	4.029	1.02
49.3	0.00288105	0.000808728	18508	1050	105	18111.5	29.1543	29.1543	116.617	116.617	0 45254.5 7826.41 	53080.9	8.58053	6.55445	12703.2	670	0.130658	0	4.029	1.02
49.4	0.00288121	0.000809001	18515.9	1050	105	18119.6	29.1295	29.1295	116.518	116.518	0 45241.7 7820.96 	53062.7	8.57909	6.55445	12703.2	670	0.130623	0	4.029	1.02
49.5	0.00288137	0.000809275	18523.9	1050	105	18127.8	29.1048	29.1048	116.419	116.419	0 45229 7815.52 	53044.5	8.57765	6.55445	12703.2	670	0.130588	0	4.029	1.02
49.6	0.00288154	0.000809548	18531.8	1050	105	18136	29.0801	29.0801	116.321	116.321	0 45216.3 7810.08 	53026.3	8.57621	6.55445	12703.2	670	0.130553	0	4.029	1.02
49.7	0.0028817	0.000809821	18539.7	1050	105	18144.2	29.0555	29.0555	116.222	116.222	0 45203.6 7804.64 	53008.2	8.57477	6.55445	12703.2	670	0.130518	0	4.029	1.02
49.8	0.00288186	0.000810093	18547.6	1050	105	18152.3	29.0309	29.0309	116.123	116.123	0 45190.9 7799.21 	52990.1	8.57333	6.55445	12703.2	670	0.130483	0	4.029	1.02
49.9	0.00288202	0.000810366	18555.6	1050	105	18160.5	29.0063	29.0063	116.025	116.025	0 45178.2 7793.78 	52972	8.5719	6.55445	12703.2	670	0.130447	0	4.029	1.02
50	0.00288218	0.000810638	18563.5	1050	105	18168.7	28.9817	28.9817	115.927	115.927	0 45165.5 7788.35 	52953.9	8.57046	6.55445	12703.2	670	0.130412	0	4.029	1.02
50.1	0.00288234	0.000810911	18571.4	1050	105	18176.8	28.9571	28.9571	115.828	115.828	0 45152.9 7782.93 	52935.8	8.56903	6.55445	12703.2	670	0.130377	0	4.029	1.02
50.2	0.0028825	0.000811183	18579.3	1050	105	18185	28.9326	28.9326	115.73	115.73	0 45140.2 7777.5 	52917.7	8.5676	6.55445	12703.2	670	0.130342	0	4.029	1.02
50.3	0.00288266	0.000811455	18587.2	1050	105	18193.1	28.9081	28.9081	115.632	115.632	0 45127.6 7772.09 	52899.7	8.56617	6.55445	12703.2	670	0.130306	0	4.029	1.02
50.4	0.00288282	0.000811727	18595.1	1050	105	18201.3	28.8836	28.8836	115.534	115.534	0 45115 7766.67 	52881.7	8.56474	6.55445	12703.2	670	0.130271	0	4.029	1.02
50.5	0.00288298	0.000811998	18603	1050	105	18209.4	28.8591	28.8591	115.436	115.436	0 45102.4 7761.26 	52863.7	8.56331	6.55445	12703.2	670	0.130235	0	4.029	1.02
50.6	0.00288314	0.00081227	18610.9	1050	105	18217.6	28.8347	28.8347	115.339	115.339	0 45089.8 7755.86 	52845.7	8.56189	6.55445	12703.2	670	0.1302	0	4.029	1.02
50.7	0.0028833	0.000812541	18618.8	1050	105	18225.7	28.8103	28.8103	115.241	115.241	0 45077.3 7750.45 	52827.7	8.56046	6.55445	12703.2	670	0.130164	0	4.029	1.02
50.8	0.00288346	0.000812813	18626.7	1050	105	18233.8	28.7859	28.7859	115.144	115.144	0 45064.7 7745.05 	52809.8	8.55904	6.55445	12703.2	670	0.130129	0	4.029	1.02
50.9	0.00288362	0.000813084	18634.6	1050	105	18241.9	28.7615	28.7615	115.046	115.046	0 45052.2 7739.66 	52791.9	8.55762	6.55445	12703.2	670	0.130093	0	4.029	1.02
51	0.00288378	0.000813355	18642.4	1050	105	18250.1	28.7372	28.7372	114.949	114.949	0 45039.7 7734.26 	52774	8.5562	6.55445	12703.2	670	0.130057	0	4.029	1.02
51.1	0.00288394	0.000813625	18650.3	1050	105	18258.2	28.7129	28.7129	114.851	114.851	0 45027.2 7728.88 	52756.1	8.55478	6.55445	12703.2	670	0.130022	0	4.029	1.02
51.2	0.0028841	0.000813896	18658.2	1050	105	18266.3	28.6886	28.6886	114.754	114.754	0 45014.7 7723.49 	52738.2	8.55336	6.55445	12703.2	670	0.129986	0	4.029	1.02
51.3	0.00288426	0.000814167	18666.1	1050	105	18274.4	28.6643	28.6643	114.657	114.657	0 45002.2 7718.11 	52720.3	8.55195	6.55445	12703.2	670	0.12995	0	4.029	1.02
51.4	0.00288442	0.000814437	18673.9	1050	105	18282.5	28.6401	28.6401	114.56	114.56	0 44989.8 7712.73 	52702.5	8.55053	6.55445	12703.2	670	0.129914	0	4.029	1.02
51.5	0.00288458	0.000814707	18681.8	1050	105	18290.6	28.6158	28.6158	114.463	114.463	0 44977.3 7707.35 	52684.7	8.54912	6.55445	12703.2	670	0.129878	0	4.029	1.02
51.6	0.00288473	0.000814977	18689.7	1050	105	18298.7	28.5916	28.5916	114.367	114.367	0 44964.9 7701.98 	52666.9	8.54771	6.55445	12703.2	670	0.129843	0	4.029	1.02
51.7	0.00288489	0.000815247	18697.5	1050	105	18306.8	28.5675	28.5675	114.27	114.27	0 44952.5 7696.61 	52649.1	8.5463	6.55445	12703.2	670	0.129807	0	4.029	1.02
51.8	0.00288505	0.000815517	18705.4	1050	105	18314.9	28.5433	28.5433	114.173	114.173	0 44940.1 7691.24 	52631.3	8.54489	6.55445	12703.2	670	0.129771	0	4.029	1.02
51.9	0.00288521	0.000815787	18713.2	1050	105	18323	28.5192	28.5192	114.077	114.077	0 44927.7 7685.88 	52613.6	8.54348	6.55445	12703.2	670	0.129734	0	4.029	1.02
52	0.00288537	0.000816056	18721.1	1050	105	18331.1	28.4951	28.4951	113.98	113.98	0 44915.3 7680.52 	52595.8	8.54207	6.55445	12703.2	670	0.129698	0	4.029	1.02
52.1	0.00288553	0.000816326	18728.9	1050	105	18339.2	28.471	28.471	113.884	113.884	0 44903 7675.16 	52578.1	8.54067	6.55445	12703.2	670	0.129662	0	4.029	1.02
52.2	0.00288569	0.000816595	18736.8	1050	105	18347.3	28.447	28.447	113.788	113.788	0 44890.6 7669.81 	52560.4	8.53927	6.55445	12703.2	670	0.129626	0	4.029	1.02
52.3	0.00288584	0.000816864	18744.6	1050	105	18355.4	28.423	28.423	113.692	113.692	0 44878.3 7664.46 	52542.7	8.53786	6.55445	12703.2	670	0.12959	0	4.029	1.02
52.4	0.002886	0.000817133	18752.4	1050	105	18363.4	28.399	28.399	113.596	113.596	0 44866 7659.12 	52525.1	8.53646	6.55445	12703.2	670	0.129554	0	4.029	1.02
52.5	0.00288616	0.000817402	18760.3	1050	105	18371.5	28.375	28.375	113.5	113.5	0 44853.7 7653.77 	52507.4	8.53506	6.55445	12703.2	670	0.129517	0	4.029	1.02
52.6	0.00288632	0.00081767	18768.1	1050	105	18379.6	28.351	28.351	113.404	113.404	0 44841.4 7648.43 	52489.8	8.53367	6.55445	12703.2	670	0.129481	0	4.029	1.02
52.7	0.00288647	0.000817939	18775.9	1050	105	18387.6	28.3271	28.3271	113.308	113.308	0 44829.1 7643.1 	52472.2	8.53227	6.55445	12703.2	670	0.129445	0	4.029	1.02
52.8	0.00288663	0.000818207	18783.7	1050	105	18395.7	28.3032	28.3032	113.213	113.213	0 44816.8 7637.77 	52454.6	8.53087	6.55445	12703.2	670	0.129408	0	4.029	1.02
52.9	0.00288679	0.000818475	18791.6	1050	105	18403.8	28.2793	28.2793	113.117	113.117	0 44804.6 7632.44 	52437	8.52948	6.55445	12703.2	670	0.129372	0	4.029	1.02
53	0.00288695	0.000818744	18799.4	1050	105	18411.8	28.2555	28.2555	113.022	113.022	0 44792.3 7627.11 	52419.5	8.52809	6.55445	12703.2	670	0.129335	0	4.029	1.02
53.1	0.0028871	0.000819012	18807.2	1050	105	18419.9	28.2316	28.2316	112.927	112.927	0 44780.1 7621.79 	52401.9	8.5267	6.55445	12703.2	670	0.129299	0	4.029	1.02
53.2	0.00288726	0.000819279	18815	1050	105	18427.9	28.2078	28.2078	112.831	112.831	0 44767.9 7616.47 	52384.4	8.52531	6.55445	12703.2	670	0.129262	0	4.029	1.02
53.3	0.00288742	0.000819547	18822.8	1050	105	18436	28.184	28.184	112.736	112.736	0 44755.7 7611.16 	52366.9	8.52392	6.55445	12703.2	670	0.129226	0	4.029	1.02
53.4	0.00288757	0.000819815	18830.6	1050	105	18444	28.1603	28.1603	112.641	112.641	0 44743.5 7605.84 	52349.4	8.52253	6.55445	12703.2	670	0.129189	0	4.029	1.02
53.5	0.00288773	0.000820082	18838.4	1050	105	18452.1	28.1365	28.1365	112.546	112.546	0 44731.4 7600.53 	52331.9	8.52115	6.55445	12703.2	670	0.129152	0	4.029	1.02
53.6	0.00288789	0.00082035	18846.2	1050	105	18460.1	28.1128	28.1128	112.451	112.451	0 44719.2 7595.23 	52314.4	8.51976	6.55445	12703.2	670	0.129115	0	4.029	1.02
53.7	0.00288804	0.000820617	18854	1050	105	18468.1	28.0891	28.0891	112.357	112.357	0 44707.1 7589.93 	52297	8.51838	6.55445	12703.2	670	0.129079	0	4.029	1.02
53.8	0.0028882	0.000820884	18861.8	1050	105	18476.1	28.0655	28.0655	112.262	112.262	0 44694.9 7584.63 	52279.6	8.517	6.55445	12703.2	670	0.129042	0	4.029	1.02
53.9	0.00288835	0.000821151	18869.6	1050	105	18484.2	28.0418	28.0418	112.167	112.167	0 44682.8 7579.33 	52262.2	8.51561	6.55445	12703.2	670	0.129005	0	4.029	1.02
54	0.00288851	0.000821418	18877.4	1050	105	18492.2	28.0182	28.0182	112.073	112.073	0 44670.7 7574.04 	52244.8	8.51423	6.55445	12703.2	670	0.128968	0	4.029	1.02
54.1	0.00288867	0.000821684	18885.2	1050	105	18500.2	27.9946	27.9946	111.978	111.978	0 44658.6 7568.75 	52227.4	8.51286	6.55445	12703.2	670	0.128931	0	4.029	1.02
54.2	0.00288882	0.000821951	18892.9	1050	105	18508.2	27.971	27.971	111.884	111.884	0 44646.6 7563.47 	52210	8.51148	6.55445	12703.2	670	0.128894	0	4.029	1.02
54.3	0.00288898	0.000822217	18900.7	1050	105	18516.2	27.9475	27.9475	111.79	111.79	0 44634.5 7558.19 	52192.7	8.5101	6.55445	12703.2	670	0.128857	0	4.029	1.02
54.4	0.00288913	0.000822484	18908.5	1050	105	18524.3	27.924	27.924	111.696	111.696	0 44622.5 7552.91 	52175.4	8.50873	6.55445	12703.2	670	0.12882	0	4.029	1.02
54.5	0.00288929	0.00082275	18916.3	1050	105	18532.3	27.9005	27.9005	111.602	111.602	0 44610.4 7547.63 	52158	8.50736	6.55445	12703.2	670	0.128783	0	4.029	1.02
54.6	0.00288944	0.000823016	18924	1050	105	18540.3	27.877	27.877	111.508	111.508	0 44598.4 7542.36 	52140.8	8.50599	6.55445	12703.2	670	0.128746	0	4.029	1.02
54.7	0.0028896	0.000823282	18931.8	1050	105	18548.3	27.8535	27.8535	111.414	111.414	0 44586.4 7537.09 	52123.5	8.50462	6.55445	12703.2	670	0.128709	0	4.029	1.02
54.8	0.00288975	0.000823548	18939.6	1050	105	18556.3	27.8301	27.8301	111.32	111.32	0 44574.4 7531.83 	52106.2	8.50325	6.55445	12703.2	670	0.128672	0	4.029	1.02
54.9	0.00288991	0.000823813	18947.3	1050	105	18564.3	27.8067	27.8067	111.227	111.227	0 44562.4 7526.57 	52089	8.50188	6.55445	12703.2	670	0.128635	0	4.029	1.02
55	0.00289006	0.000824079	18955.1	1050	105	18572.3	27.7833	27.7833	111.133	111.133	0 44550.4 7521.31 	52071.7	8.50051	6.55445	12703.2	670	0.128598	0	4.029	1.02
55.1	0.00289022	0.000824344	18962.8	1050	105	18580.3	27.7599	27.7599	111.04	111.04	0 44538.5 7516.06 	52054.5	8.49915	6.55445	12703.2	670	0.12856	0	4.029	1.02
55.2	0.00289037	0.00082461	18970.6	1050	105	18588.2	27.7366	27.7366	110.946	110.946	0 44526.5 7510.8 	52037.3	8.49778	6.55445	12703.2	670	0.128523	0	4.029	1.02
55.3	0.00289053	0.000824875	18978.4	1050	105	18596.2	27.7133	27.7133	110.853	110.853	0 44514.6 7505.56 	52020.1	8.49642	6.55445	12703.2	670	0.128486	0	4.029	1.02
55.4	0.00289068	0.00082514	18986.1	1050	105	18604.2	27.69	27.69	110.76	110.76	0 44502.7 7500.31 	52003	8.49506	6.55445	12703.2	670	0.128448	0	4.029	1.02
55.5	0.00289084	0.000825405	18993.8	1050	105	18612.2	27.6667	27.6667	110.667	110.667	0 44490.8 7495.07 	51985.8	8.4937	6.55445	12703.2	670	0.128411	0	4.029	1.02
55.6	0.00289099	0.00082567	19001.6	1050	105	18620.2	27.6435	27.6435	110.574	110.574	0 44478.9 7489.83 	51968.7	8.49234	6.55445	12703.2	670	0.128373	0	4.029	1.02
55.7	0.00289114	0.000825934	19009.3	1050	105	18628.1	27.6203	27.6203	110.481	110.481	0 44467 7484.6 	51951.6	8.49098	6.55445	12703.2	670	0.128336	0	4.029	1.02
55.8	0.0028913	0.000826199	19017.1	1050	105	18636.1	27.5971	27.5971	110.388	110.388	0 44455.1 7479.37 	51934.5	8.48962	6.55445	12703.2	670	0.128299	0	4.029	1.02
55.9	0.00289145	0.000826463	19024.8	1050	105	18644.1	27.5739	27.5739	110.296	110.296	0 44443.2 7474.14 	51917.4	8.48827	6.55445	12703.2	670	0.128261	0	4.029	1.02
56	0.00289161	0.000826728	19032.5	1050	105	18652	27.5507	27.5507	110.203	110.203	0 44431.4 7468.92 	51900.3	8.48691	6.55445	12703.2	670	0.128223	0	4.029	1.02
56.1	0.00289176	0.000826992	19040.3	1050	105	18660	27.5276	27.5276	110.11	110.11	0 44419.6 7463.7 	51883.2	8.48556	6.55445	12703.2	670	0.128186	0	4.029	1.02
56.2	0.00289191	0.000827256	19048	1050	105	18667.9	27.5045	27.5045	110.018	110.018	0 44407.7 7458.48 	51866.2	8.48421	6.55445	12703.2	670	0.128148	0	4.029	1.02
56.3	0.00289207	0.00082752	19055.7	1050	105	18675.9	27.4814	27.4814	109.926	109.926	0 44395.9 7453.26 	51849.2	8.48286	6.55445	12703.2	670	0.128111	0	4.029	1.02
56.4	0.00289222	0.000827784	19063.4	1050	105	18683.8	27.4583	27.4583	109.833	109.833	0 44384.1 7448.05 	51832.2	8.48151	6.55445	12703.2	670	0.128073	0	4.029	1.02
56.5	0.00289237	0.000828048	19071.2	1050	105	18691.8	27.4353	27.4353	109.741	109.741	0 44372.3 7442.84 	51815.2	8.48016	6.55445	12703.2	670	0.128035	0	4.029	1.02
56.6	0.00289253	0.000828311	19078.9	1050	105	18699.7	27.4123	27.4123	109.649	109.649	0 44360.6 7437.64 	51798.2	8.47882	6.55445	12703.2	670	0.127997	0	4.029	1.02
56.7	0.00289268	0.000828575	19086.6	1050	105	18707.7	27.3893	27.3893	109.557	109.557	0 44348.8 7432.44 	51781.2	8.47747	6.55445	12703.2	670	0.12796	0	4.029	1.02
56.8	0.00289283	0.000828838	19094.3	1050	105	18715.6	27.3663	27.3663	109.465	109.465	0 44337 7427.24 	51764.3	8.47613	6.55445	12703.2	670	0.127922	0	4.029	1.02
56.9	0.00289299	0.000829101	19102	1050	105	18723.6	27.3434	27.3434	109.374	109.374	0 44325.3 7422.05 	51747.4	8.47478	6.55445	12703.2	670	0.127884	0	4.029	1.02
57	0.00289314	0.000829365	19109.7	1050	105	18731.5	27.3205	27.3205	109.282	109.282	0 44313.6 7416.86 	51730.4	8.47344	6.55445	12703.2	670	0.127846	0	4.029	1.02
57.1	0.00289329	0.000829628	19117.4	1050	105	18739.4	27.2976	27.2976	109.19	109.19	0 44301.9 7411.67 	51713.5	8.4721	6.55445	12703.2	670	0.127808	0	4.029	1.02
57.2	0.00289344	0.000829891	19125.1	1050	105	18747.4	27.2747	27.2747	109.099	109.099	0 44290.2 7406.49 	51696.6	8.47076	6.55445	12703.2	670	0.12777	0	4.029	1.02
57.3	0.0028936	0.000830154	19132.8	1050	105	18755.3	27.2518	27.2518	109.007	109.007	0 44278.5 7401.31 	51679.8	8.46942	6.55445	12703.2	670	0.127732	0	4.029	1.02
57.4	0.00289375	0.000830416	19140.5	1050	105	18763.2	27.229	27.229	108.916	108.916	0 44266.8 7396.13 	51662.9	8.46808	6.55445	12703.2	670	0.127694	0	4.029	1.02
57.5	0.0028939	0.000830679	19148.2	1050	105	18771.1	27.2062	27.2062	108.825	108.825	0 44255.1 7390.96 	51646.1	8.46675	6.55445	12703.2	670	0.127656	0	4.029	1.02
57.6	0.00289405	0.000830941	19155.9	1050	105	18779.1	27.1834	27.1834	108.734	108.734	0 44243.5 7385.78 	51629.2	8.46541	6.55445	12703.2	670	0.127618	0	4.029	1.02
57.7	0.0028942	0.000831204	19163.6	1050	105	18787	27.1607	27.1607	108.643	108.643	0 44231.8 7380.62 	51612.4	8.46408	6.55445	12703.2	670	0.12758	0	4.029	1.02
57.8	0.00289436	0.000831466	19171.3	1050	105	18794.9	27.1379	27.1379	108.552	108.552	0 44220.2 7375.45 	51595.6	8.46275	6.55445	12703.2	670	0.127542	0	4.029	1.02
57.9	0.00289451	0.000831728	19179	1050	105	18802.8	27.1152	27.1152	108.461	108.461	0 44208.6 7370.29 	51578.9	8.46142	6.55445	12703.2	670	0.127504	0	4.029	1.02
58	0.00289466	0.00083199	19186.6	1050	105	18810.7	27.0925	27.0925	108.37	108.37	0 44197 7365.14 	51562.1	8.46009	6.55445	12703.2	670	0.127466	0	4.029	1.02
58.1	0.00289481	0.000832252	19194.3	1050	105	18818.6	27.0698	27.0698	108.279	108.279	0 44185.4 7359.98 	51545.3	8.45876	6.55445	12703.2	670	0.127427	0	4.029	1.02
58.2	0.00289496	0.000832514	19202	1050	105	18826.5	27.0472	27.0472	108.189	108.189	0 44173.8 7354.83 	51528.6	8.45743	6.55445	12703.2	670	0.127389	0	4.029	1.02
58.3	0.00289511	0.000832776	19209.7	1050	105	18834.4	27.0246	27.0246	108.098	108.098	0 44162.2 7349.69 	51511.9	8.4561	6.55445	12703.2	670	0.127351	0	4.029	1.02
58.4	0.00289527	0.000833038	19217.3	1050	105	18842.3	27.002	27.002	108.008	108.008	0 44150.6 7344.54 	51495.2	8.45478	6.55445	12703.2	670	0.127313	0	4.029	1.02
58.5	0.00289542	0.000833299	19225	1050	105	18850.2	26.9794	26.9794	107.918	107.918	0 44139.1 7339.4 	51478.5	8.45345	6.55445	12703.2	670	0.127274	0	4.029	1.02
58.6	0.00289557	0.000833561	19232.7	1050	105	18858.1	26.9568	26.9568	107.827	107.827	0 44127.5 7334.26 	51461.8	8.45213	6.55445	12703.2	670	0.127236	0	4.029	1.02
58.7	0.00289572	0.000833822	19240.3	1050	105	18866	26.9343	26.9343	107.737	107.737	0 44116 7329.13 	51445.1	8.45081	6.55445	12703.2	670	0.127198	0	4.029	1.02
58.8	0.00289587	0.000834083	19248	1050	105	18873.9	26.9118	26.9118	107.647	107.647	0 44104.5 7324 	51428.5	8.44949	6.55445	12703.2	670	0.127159	0	4.029	1.02
58.9	0.00289602	0.000834344	19255.7	1050	105	18881.8	26.8893	26.8893	107.557	107.557	0 44093 7318.87 	51411.8	8.44817	6.55445	12703.2	670	0.127121	0	4.029	1.02
59	0.00289617	0.000834605	19263.3	1050	105	18889.7	26.8668	26.8668	107.467	107.467	0 44081.5 7313.75 	51395.2	8.44685	6.55445	12703.2	670	0.127082	0	4.029	1.02
59.1	0.00289632	0.000834866	19271	1050	105	18897.5	26.8444	26.8444	107.377	107.377	0 44070 7308.63 	51378.6	8.44553	6.55445	12703.2	670	0.127044	0	4.029	1.02
59.2	0.00289647	0.000835127	19278.6	1050	105	18905.4	26.8219	26.8219	107.288	107.288	0 44058.5 7303.51 	51362	8.44421	6.55445	12703.2	670	0.127005	0	4.029	1.02
59.3	0.00289662	0.000835388	19286.3	1050	105	18913.3	26.7995	26.7995	107.198	107.198	0 44047.1 7298.4 	51345.5	8.4429	6.55445	12703.2	670	0.126967	0	4.029	1.02
59.4	0.00289677	0.000835649	19293.9	1050	105	18921.2	26.7772	26.7772	107.109	107.109	0 44035.6 7293.29 	51328.9	8.44159	6.55445	12703.2	670	0.126928	0	4.029	1.02
59.5	0.00289692	0.000835909	19301.6	1050	105	18929	26.7548	26.7548	107.019	107.019	0 44024.2 7288.18 	51312.3	8.44027	6.55445	12703.2	670	0.126889	0	4.029	1.02
59.6	0.00289707	0.000836169	19309.2	1050	105	18936.9	26.7325	26.7325	106.93	106.93	0 44012.7 7283.08 	51295.8	8.43896	6.55445	12703.2	670	0.126851	0	4.029	1.02
59.7	0.00289722	0.00083643	19316.9	1050	105	18944.8	26.7102	26.7102	106.841	106.841	0 44001.3 7277.98 	51279.3	8.43765	6.55445	12703.2	670	0.126812	0	4.029	1.02
59.8	0.00289737	0.00083669	19324.5	1050	105	18952.6	26.6879	26.6879	106.751	106.751	0 43989.9 7272.88 	51262.8	8.43634	6.55445	12703.2	670	0.126774	0	4.029	1.02
59.9	0.00289752	0.00083695	19332.2	1050	105	18960.5	26.6656	26.6656	106.662	106.662	0 43978.5 7267.79 	51246.3	8.43503	6.55445	12703.2	670	0.126735	0	4.029	1.02
60	0.00289767	0.00083721	19339.8	1050	105	18968.4	26.6434	26.6434	106.573	106.573	0 43967.1 7262.7 	51229.8	8.43372	6.55445	12703.2	670	0.126696	0	4.029	1.02
60.1	0.00289782	0.00083747	19347.4	1050	105	18976.2	26.6211	26.6211	106.485	106.485	0 43955.7 7257.61 	51213.4	8.43242	6.55445	12703.2	670	0.126657	0	4.029	1.02
60.2	0.00289797	0.00083773	19355.1	1050	105	18984.1	26.5989	26.5989	106.396	106.396	0 43944.4 7252.53 	51196.9	8.43111	6.55445	12703.2	670	0.126619	0	4.029	1.02
60.3	0.00289812	0.00083799	19362.7	1050	105	18991.9	26.5768	26.5768	106.307	106.307	0 43933 7247.45 	51180.5	8.42981	6.55445	12703.2	670	0.12658	0	4.029	1.02
60.4	0.00289827	0.000838249	19370.3	1050	105	18999.8	26.5546	26.5546	106.218	106.218	0 43921.7 7242.37 	51164	8.42851	6.55445	12703.2	670	0.126541	0	4.029	1.02
60.5	0.00289842	0.000838509	19378	1050	105	19007.6	26.5325	26.5325	106.13	106.13	0 43910.3 7237.3 	51147.6	8.42721	6.55445	12703.2	670	0.126502	0	4.029	1.02
60.6	0.00289857	0.000838768	19385.6	1050	105	19015.5	26.5104	26.5104	106.041	106.041	0 43899 7232.23 	51131.2	8.4259	6.55445	12703.2	670	0.126463	0	4.029	1.02
60.7	0.00289872	0.000839027	19393.2	1050	105	19023.3	26.4883	26.4883	105.953	105.953	0 43887.7 7227.16 	51114.9	8.4246	6.55445	12703.2	670	0.126424	0	4.029	1.02
60.8	0.00289887	0.000839287	19400.8	1050	105	19031.2	26.4662	26.4662	105.865	105.865	0 43876.4 7222.1 	51098.5	8.42331	6.55445	12703.2	670	0.126385	0	4.029	1.02
60.9	0.00289902	0.000839546	19408.4	1050	105	19039	26.4442	26.4442	105.777	105.777	0 43865.1 7217.04 	51082.2	8.42201	6.55445	12703.2	670	0.126346	0	4.029	1.02
61	0.00289916	0.000839805	19416.1	1050	105	19046.8	26.4221	26.4221	105.689	105.689	0 43853.8 7211.98 	51065.8	8.42071	6.55445	12703.2	670	0.126307	0	4.029	1.02
61.1	0.00289931	0.000840064	19423.7	1050	105	19054.7	26.4001	26.4001	105.601	105.601	0 43842.6 7206.93 	51049.5	8.41942	6.55445	12703.2	670	0.126268	0	4.029	1.02
61.2	0.00289946	0.000840323	19431.3	1050	105	19062.5	26.3782	26.3782	105.513	105.513	0 43831.3 7201.88 	51033.2	8.41812	6.55445	12703.2	670	0.126229	0	4.029	1.02
61.3	0.00289961	0.000840581	19438.9	1050	105	19070.3	26.3562	26.3562	105.425	105.425	0 43820.1 7196.83 	51016.9	8.41683	6.55445	12703.2	670	0.12619	0	4.029	1.02
61.4	0.00289976	0.00084084	19446.5	1050	105	19078.2	26.3343	26.3343	105.337	105.337	0 43808.8 7191.79 	51000.6	8.41554	6.55445	12703.2	670	0.126151	0	4.029	1.02
61.5	0.00289991	0.000841099	19454.1	1050	105	19086	26.3124	26.3124	105.249	105.249	0 43797.6 7186.75 	50984.3	8.41425	6.55445	12703.2	670	0.126112	0	4.029	1.02
61.6	0.00290005	0.000841357	19461.7	1050	105	19093.8	26.2905	26.2905	105.162	105.162	0 43786.4 7181.71 	50968.1	8.41296	6.55445	12703.2	670	0.126073	0	4.029	1.02
61.7	0.0029002	0.000841616	19469.3	1050	105	19101.6	26.2686	26.2686	105.074	105.074	0 43775.2 7176.68 	50951.8	8.41167	6.55445	12703.2	670	0.126034	0	4.029	1.02
61.8	0.00290035	0.000841874	19476.9	1050	105	19109.4	26.2467	26.2467	104.987	104.987	0 43764 7171.65 	50935.6	8.41038	6.55445	12703.2	670	0.125995	0	4.029	1.02
61.9	0.0029005	0.000842132	19484.5	1050	105	19117.3	26.2249	26.2249	104.9	104.9	0 43752.8 7166.62 	50919.4	8.4091	6.55445	12703.2	670	0.125956	0	4.029	1.02
62	0.00290065	0.00084239	19492.1	1050	105	19125.1	26.2031	26.2031	104.812	104.812	0 43741.6 7161.6 	50903.2	8.40781	6.55445	12703.2	670	0.125916	0	4.029	1.02
62.1	0.00290079	0.000842648	19499.7	1050	105	19132.9	26.1813	26.1813	104.725	104.725	0 43730.4 7156.58 	50887	8.40653	6.55445	12703.2	670	0.125877	0	4.029	1.02
62.2	0.00290094	0.000842906	19507.3	1050	105	19140.7	26.1596	26.1596	104.638	104.638	0 43719.3 7151.56 	50870.8	8.40524	6.55445	12703.2	670	0.125838	0	4.029	1.02
62.3	0.00290109	0.000843164	19514.9	1050	105	19148.5	26.1378	26.1378	104.551	104.551	0 43708.1 7146.55 	50854.7	8.40396	6.55445	12703.2	670	0.125799	0	4.029	1.02
62.4	0.00290124	0.000843422	19522.5	1050	105	19156.3	26.1161	26.1161	104.464	104.464	0 43697 7141.54 	50838.5	8.40268	6.55445	12703.2	670	0.125759	0	4.029	1.02
62.5	0.00290138	0.000843679	19530.1	1050	105	19164.1	26.0944	26.0944	104.378	104.378	0 43685.9 7136.53 	50822.4	8.4014	6.55445	12703.2	670	0.12572	0	4.029	1.02
62.6	0.00290153	0.000843937	19537.6	1050	105	19171.9	26.0727	26.0727	104.291	104.291	0 43674.7 7131.53 	50806.3	8.40012	6.55445	12703.2	670	0.125681	0	4.029	1.02
62.7	0.00290168	0.000844195	19545.2	1050	105	19179.7	26.0511	26.0511	104.204	104.204	0 43663.6 7126.53 	50790.2	8.39884	6.55445	12703.2	670	0.125641	0	4.029	1.02
62.8	0.00290183	0.000844452	19552.8	1050	105	19187.5	26.0295	26.0295	104.118	104.118	0 43652.5 7121.53 	50774.1	8.39756	6.55445	12703.2	670	0.125602	0	4.029	1.02
62.9	0.00290197	0.000844709	19560.4	1050	105	19195.3	26.0079	26.0079	104.031	104.031	0 43641.5 7116.54 	50758	8.39629	6.55445	12703.2	670	0.125562	0	4.029	1.02
63	0.00290212	0.000844966	19568	1050	105	19203.1	25.9863	25.9863	103.945	103.945	0 43630.4 7111.55 	50741.9	8.39501	6.55445	12703.2	670	0.125523	0	4.029	1.02
63.1	0.00290227	0.000845224	19575.5	1050	105	19210.9	25.9647	25.9647	103.859	103.859	0 43619.3 7106.56 	50725.9	8.39374	6.55445	12703.2	670	0.125483	0	4.029	1.02
63.2	0.00290241	0.000845481	19583.1	1050	105	19218.7	25.9432	25.9432	103.773	103.773	0 43608.3 7101.57 	50709.8	8.39247	6.55445	12703.2	670	0.125444	0	4.029	1.02
63.3	0.00290256	0.000845738	19590.7	1050	105	19226.5	25.9216	25.9216	103.687	103.687	0 43597.2 7096.59 	50693.8	8.39119	6.55445	12703.2	670	0.125405	0	4.029	1.02
63.4	0.00290271	0.000845994	19598.3	1050	105	19234.3	25.9001	25.9001	103.601	103.601	0 43586.2 7091.62 	50677.8	8.38992	6.55445	12703.2	670	0.125365	0	4.029	1.02
63.5	0.00290285	0.000846251	19605.8	1050	105	19242	25.8787	25.8787	103.515	103.515	0 43575.1 7086.64 	50661.8	8.38865	6.55445	12703.2	670	0.125325	0	4.029	1.02
63.6	0.002903	0.000846508	19613.4	1050	105	19249.8	25.8572	25.8572	103.429	103.429	0 43564.1 7081.67 	50645.8	8.38738	6.55445	12703.2	670	0.125286	0	4.029	1.02
63.7	0.00290315	0.000846765	19621	1050	105	19257.6	25.8358	25.8358	103.343	103.343	0 43553.1 7076.71 	50629.8	8.38612	6.55445	12703.2	670	0.125246	0	4.029	1.02
63.8	0.00290329	0.000847021	19628.5	1050	105	19265.4	25.8143	25.8143	103.257	103.257	0 43542.1 7071.74 	50613.9	8.38485	6.55445	12703.2	670	0.125207	0	4.029	1.02
63.9	0.00290344	0.000847278	19636.1	1050	105	19273.2	25.793	25.793	103.172	103.172	0 43531.1 7066.78 	50597.9	8.38358	6.55445	12703.2	670	0.125167	0	4.029	1.02
64	0.00290358	0.000847534	19643.7	1050	105	19280.9	25.7716	25.7716	103.086	103.086	0 43520.2 7061.82 	50582	8.38232	6.55445	12703.2	670	0.125127	0	4.029	1.02
64.1	0.00290373	0.00084779	19651.2	1050	105	19288.7	25.7502	25.7502	103.001	103.001	0 43509.2 7056.87 	50566.1	8.38106	6.55445	12703.2	670	0.125088	0	4.029	1.02
64.2	0.00290388	0.000848047	19658.8	1050	105	19296.5	25.7289	25.7289	102.916	102.916	0 43498.2 7051.92 	50550.1	8.37979	6.55445	12703.2	670	0.125048	0	4.029	1.02
64.3	0.00290402	0.000848303	19666.3	1050	105	19304.2	25.7076	25.7076	102.83	102.83	0 43487.3 7046.97 	50534.2	8.37853	6.55445	12703.2	670	0.125008	0	4.029	1.02
64.4	0.00290417	0.000848559	19673.9	1050	105	19312	25.6863	25.6863	102.745	102.745	0 43476.3 7042.03 	50518.4	8.37727	6.55445	12703.2	670	0.124969	0	4.029	1.02
64.5	0.00290431	0.000848815	19681.4	1050	105	19319.8	25.665	25.665	102.66	102.66	0 43465.4 7037.09 	50502.5	8.37601	6.55445	12703.2	670	0.124929	0	4.029	1.02
64.6	0.00290446	0.000849071	19689	1050	105	19327.5	25.6438	25.6438	102.575	102.575	0 43454.5 7032.15 	50486.6	8.37475	6.55445	12703.2	670	0.124889	0	4.029	1.02
64.7	0.0029046	0.000849326	19696.5	1050	105	19335.3	25.6226	25.6226	102.49	102.49	0 43443.6 7027.22 	50470.8	8.3735	6.55445	12703.2	670	0.124849	0	4.029	1.02
64.8	0.00290475	0.000849582	19704.1	1050	105	19343.1	25.6014	25.6014	102.405	102.405	0 43432.7 7022.28 	50454.9	8.37224	6.55445	12703.2	670	0.12481	0	4.029	1.02
64.9	0.00290489	0.000849838	19711.6	1050	105	19350.8	25.5802	25.5802	102.321	102.321	0 43421.8 7017.36 	50439.1	8.37098	6.55445	12703.2	670	0.12477	0	4.029	1.02
65	0.00290504	0.000850093	19719.2	1050	105	19358.6	25.559	25.559	102.236	102.236	0 43410.9 7012.43 	50423.3	8.36973	6.55445	12703.2	670	0.12473	0	4.029	1.02
65.1	0.00290518	0.000850349	19726.7	1050	105	19366.3	25.5379	25.5379	102.152	102.152	0 43400 7007.51 	50407.5	8.36847	6.55445	12703.2	670	0.12469	0	4.029	1.02
65.2	0.00290533	0.000850604	19734.2	1050	105	19374.1	25.5168	25.5168	102.067	102.067	0 43389.1 7002.59 	50391.7	8.36722	6.55445	12703.2	670	0.12465	0	4.029	1.02
65.3	0.00290547	0.000850859	19741.8	1050	105	19381.8	25.4957	25.4957	101.983	101.983	0 43378.3 6997.68 	50376	8.36597	6.55445	12703.2	670	0.12461	0	4.029	1.02
65.4	0.00290562	0.000851115	19749.3	1050	105	19389.6	25.4746	25.4746	101.898	101.898	0 43367.4 6992.77 	50360.2	8.36472	6.55445	12703.2	670	0.12457	0	4.029	1.02
65.5	0.00290576	0.00085137	19756.9	1050	105	19397.3	25.4535	25.4535	101.814	101.814	0 43356.6 6987.86 	50344.5	8.36347	6.55445	12703.2	670	0.12453	0	4.029	1.02
65.6	0.00290591	0.000851625	19764.4	1050	105	19405.1	25.4325	25.4325	101.73	101.73	0 43345.8 6982.96 	50328.7	8.36222	6.55445	12703.2	670	0.12449	0	4.029	1.02
65.7	0.00290605	0.00085188	19771.9	1050	105	19412.8	25.4115	25.4115	101.646	101.646	0 43334.9 6978.05 	50313	8.36097	6.55445	12703.2	670	0.124451	0	4.029	1.02
65.8	0.0029062	0.000852135	19779.5	1050	105	19420.6	25.3905	25.3905	101.562	101.562	0 43324.1 6973.16 	50297.3	8.35973	6.55445	12703.2	670	0.124411	0	4.029	1.02
65.9	0.00290634	0.00085239	19787	1050	105	19428.3	25.3695	25.3695	101.478	101.478	0 43313.3 6968.26 	50281.6	8.35848	6.55445	12703.2	670	0.124371	0	4.029	1.02
66	0.00290649	0.000852645	19794.5	1050	105	19436	25.3486	25.3486	101.394	101.394	0 43302.5 6963.37 	50265.9	8.35724	6.55445	12703.2	670	0.124331	0	4.029	1.02
66.1	0.00290663	0.000852899	19802	1050	105	19443.8	25.3277	25.3277	101.311	101.311	0 43291.8 6958.48 	50250.2	8.35599	6.55445	12703.2	670	0.12429	0	4.029	1.02
66.2	0.00290677	0.000853154	19809.6	1050	105	19451.5	25.3068	25.3068	101.227	101.227	0 43281 6953.6 	50234.6	8.35475	6.55445	12703.2	670	0.12425	0	4.029	1.02
66.3	0.00290692	0.000853408	19817.1	1050	105	19459.2	25.2859	25.2859	101.143	101.143	0 43270.2 6948.72 	50218.9	8.35351	6.55445	12703.2	670	0.12421	0	4.029	1.02
66.4	0.00290706	0.000853663	19824.6	1050	105	19467	25.265	25.265	101.06	101.06	0 43259.5 6943.84 	50203.3	8.35227	6.55445	12703.2	670	0.12417	0	4.029	1.02
66.5	0.00290721	0.000853917	19832.1	1050	105	19474.7	25.2442	25.2442	100.977	100.977	0 43248.7 6938.96 	50187.7	8.35103	6.55445	12703.2	670	0.12413	0	4.029	1.02
66.6	0.00290735	0.000854172	19839.7	1050	105	19482.4	25.2233	25.2233	100.893	100.893	0 43238 6934.09 	50172.1	8.34979	6.55445	12703.2	670	0.12409	0	4.029	1.02
66.7	0.00290749	0.000854426	19847.2	1050	105	19490.1	25.2025	25.2025	100.81	100.81	0 43227.2 6929.22 	50156.5	8.34855	6.55445	12703.2	670	0.12405	0	4.029	1.02
66.8	0.00290764	0.00085468	19854.7	1050	105	19497.9	25.1818	25.1818	100.727	100.727	0 43216.5 6924.36 	50140.9	8.34731	6.55445	12703.2	670	0.12401	0	4.029	1.02
66.9	0.00290778	0.000854934	19862.2	1050	105	19505.6	25.161	25.161	100.644	100.644	0 43205.8 6919.49 	50125.3	8.34608	6.55445	12703.2	670	0.12397	0	4.029	1.02
67	0.00290792	0.000855188	19869.7	1050	105	19513.3	25.1403	25.1403	100.561	100.561	0 43195.1 6914.63 	50109.7	8.34484	6.55445	12703.2	670	0.123929	0	4.029	1.02
67.1	0.00290807	0.000855442	19877.2	1050	105	19521	25.1195	25.1195	100.478	100.478	0 43184.4 6909.78 	50094.2	8.34361	6.55445	12703.2	670	0.123889	0	4.029	1.02
67.2	0.00290821	0.000855696	19884.7	1050	105	19528.7	25.0988	25.0988	100.395	100.395	0 43173.7 6904.93 	50078.6	8.34237	6.55445	12703.2	670	0.123849	0	4.029	1.02
67.3	0.00290835	0.00085595	19892.2	1050	105	19536.5	25.0782	25.0782	100.313	100.313	0 43163 6900.08 	50063.1	8.34114	6.55445	12703.2	670	0.123809	0	4.029	1.02
67.4	0.0029085	0.000856204	19899.7	1050	105	19544.2	25.0575	25.0575	100.23	100.23	0 43152.4 6895.23 	50047.6	8.33991	6.55445	12703.2	670	0.123768	0	4.029	1.02
67.5	0.00290864	0.000856457	19907.3	1050	105	19551.9	25.0369	25.0369	100.147	100.147	0 43141.7 6890.39 	50032.1	8.33868	6.55445	12703.2	670	0.123728	0	4.029	1.02
67.6	0.00290878	0.000856711	19914.8	1050	105	19559.6	25.0162	25.0162	100.065	100.065	0 43131.1 6885.55 	50016.6	8.33745	6.55445	12703.2	670	0.123688	0	4.029	1.02
67.7	0.00290893	0.000856964	19922.3	1050	105	19567.3	24.9956	24.9956	99.9826	99.9826	0 43120.4 6880.72 	50001.1	8.33622	6.55445	12703.2	670	0.123648	0	4.029	1.02
67.8	0.00290907	0.000857218	19929.8	1050	105	19575	24.9751	24.9751	99.9003	99.9003	0 43109.8 6875.88 	49985.7	8.33499	6.55445	12703.2	670	0.123607	0	4.029	1.02
67.9	0.00290921	0.000857471	19937.3	1050	105	19582.7	24.9545	24.9545	99.8181	99.8181	0 43099.2 6871.05 	49970.2	8.33377	6.55445	12703.2	670	0.123567	0	4.029	1.02
68	0.00290935	0.000857725	19944.8	1050	105	19590.4	24.934	24.934	99.7359	99.7359	0 43088.5 6866.23 	49954.8	8.33254	6.55445	12703.2	670	0.123527	0	4.029	1.02
68.1	0.0029095	0.000857978	19952.3	1050	105	19598.1	24.9135	24.9135	99.6539	99.6539	0 43077.9 6861.41 	49939.3	8.33132	6.55445	12703.2	670	0.123486	0	4.029	1.02
68.2	0.00290964	0.000858231	19959.8	1050	105	19605.8	24.893	24.893	99.5719	99.5719	0 43067.3 6856.59 	49923.9	8.33009	6.55445	12703.2	670	0.123446	0	4.029	1.02
68.3	0.00290978	0.000858484	19967.3	1050	105	19613.5	24.8725	24.8725	99.49	99.49	0 43056.7 6851.77 	49908.5	8.32887	6.55445	12703.2	670	0.123405	0	4.029	1.02
68.4	0.00290992	0.000858737	19974.7	1050	105	19621.2	24.852	24.852	99.4082	99.4082	0 43046.2 6846.96 	49893.1	8.32765	6.55445	12703.2	670	0.123365	0	4.029	1.02
68.5	0.00291007	0.00085899	19982.2	1050	105	19628.9	24.8316	24.8316	99.3265	99.3265	0 43035.6 6842.15 	49877.7	8.32643	6.55445	12703.2	670	0.123325	0	4.029	1.02
68.6	0.00291021	0.000859243	19989.7	1050	105	19636.6	24.8112	24.8112	99.2448	99.2448	0 43025 6837.34 	49862.4	8.32521	6.55445	12703.2	670	0.123284	0	4.029	1.02
68.7	0.00291035	0.000859496	19997.2	1050	105	19644.3	24.7908	24.7908	99.1633	99.1633	0 43014.5 6832.54 	49847	8.32399	6.55445	12703.2	670	0.123244	0	4.029	1.02
68.8	0.00291049	0.000859749	20004.7	1050	105	19652	24.7704	24.7704	99.0818	99.0818	0 43003.9 6827.74 	49831.7	8.32277	6.55445	12703.2	670	0.123203	0	4.029	1.02
68.9	0.00291063	0.000860001	20012.2	1050	105	19659.7	24.7501	24.7501	99.0004	99.0004	0 42993.4 6822.94 	49816.3	8.32155	6.55445	12703.2	670	0.123163	0	4.029	1.02
69	0.00291078	0.000860254	20019.7	1050	105	19667.4	24.7298	24.7298	98.9191	98.9191	0 42982.8 6818.15 	49801	8.32034	6.55445	12703.2	670	0.123122	0	4.029	1.02
69.1	0.00291092	0.000860507	20027.2	1050	105	19675.1	24.7095	24.7095	98.8378	98.8378	0 42972.3 6813.36 	49785.7	8.31912	6.55445	12703.2	670	0.123082	0	4.029	1.02
69.2	0.00291106	0.000860759	20034.7	1050	105	19682.8	24.6892	24.6892	98.7567	98.7567	0 42961.8 6808.57 	49770.4	8.31791	6.55445	12703.2	670	0.123041	0	4.029	1.02
69.3	0.0029112	0.000861012	20042.1	1050	105	19690.4	24.6689	24.6689	98.6756	98.6756	0 42951.3 6803.78 	49755.1	8.31669	6.55445	12703.2	670	0.123001	0	4.029	1.02
69.4	0.00291134	0.000861264	20049.6	1050	105	19698.1	24.6486	24.6486	98.5946	98.5946	0 42940.8 6799 	49739.8	8.31548	6.55445	12703.2	670	0.12296	0	4.029	1.02
69.5	0.00291148	0.000861516	20057.1	1050	105	19705.8	24.6284	24.6284	98.5137	98.5137	0 42930.3 6794.23 	49724.5	8.31427	6.55445	12703.2	670	0.12292	0	4.029	1.02
69.6	0.00291163	0.000861769	20064.6	1050	105	19713.5	24.6082	24.6082	98.4328	98.4328	0 42919.8 6789.45 	49709.3	8.31306	6.55445	12703.2	670	0.122879	0	4.029	1.02
69.7	0.00291177	0.000862021	20072	1050	105	19721.2	24.588	24.588	98.3521	98.3521	0 42909.4 6784.68 	49694	8.31185	6.55445	12703.2	670	0.122838	0	4.029	1.02
69.8	0.00291191	0.000862273	20079.5	1050	105	19728.8	24.5679	24.5679	98.2714	98.2714	0 42898.9 6779.91 	49678.8	8.31064	6.55445	12703.2	670	0.122798	0	4.029	1.02
69.9	0.00291205	0.000862525	20087	1050	105	19736.5	24.5477	24.5477	98.1908	98.1908	0 42888.4 6775.15 	49663.6	8.30943	6.55445	12703.2	670	0.122757	0	4.029	1.02
70	0.00291219	0.000862777	20094.5	1050	105	19744.2	24.5276	24.5276	98.1103	98.1103	0 42878 6770.39 	49648.4	8.30822	6.55445	12703.2	670	0.122717	0	4.029	1.02
70.1	0.00291233	0.000863029	20101.9	1050	105	19751.9	24.5075	24.5075	98.0299	98.0299	0 42867.5 6765.63 	49633.2	8.30701	6.55445	12703.2	670	0.122676	0	4.029	1.02
70.2	0.00291247	0.000863281	20109.4	1050	105	19759.5	24.4874	24.4874	97.9495	97.9495	0 42857.1 6760.87 	49618	8.30581	6.55445	12703.2	670	0.122635	0	4.029	1.02
70.3	0.00291261	0.000863533	20116.9	1050	105	19767.2	24.4673	24.4673	97.8693	97.8693	0 42846.7 6756.12 	49602.8	8.3046	6.55445	12703.2	670	0.122595	0	4.029	1.02
70.4	0.00291275	0.000863784	20124.4	1050	105	19774.9	24.4473	24.4473	97.7891	97.7891	0 42836.3 6751.37 	49587.6	8.3034	6.55445	12703.2	670	0.122554	0	4.029	1.02
70.5	0.00291289	0.000864036	20131.8	1050	105	19782.6	24.4272	24.4272	97.709	97.709	0 42825.9 6746.63 	49572.5	8.3022	6.55445	12703.2	670	0.122513	0	4.029	1.02
70.6	0.00291304	0.000864288	20139.3	1050	105	19790.2	24.4072	24.4072	97.6289	97.6289	0 42815.5 6741.89 	49557.3	8.301	6.55445	12703.2	670	0.122473	0	4.029	1.02
70.7	0.00291318	0.000864539	20146.8	1050	105	19797.9	24.3872	24.3872	97.549	97.549	0 42805.1 6737.15 	49542.2	8.29979	6.55445	12703.2	670	0.122432	0	4.029	1.02
70.8	0.00291332	0.000864791	20154.2	1050	105	19805.6	24.3673	24.3673	97.4691	97.4691	0 42794.7 6732.41 	49527.1	8.29859	6.55445	12703.2	670	0.122391	0	4.029	1.02
70.9	0.00291346	0.000865042	20161.7	1050	105	19813.2	24.3473	24.3473	97.3893	97.3893	0 42784.3 6727.68 	49512	8.29739	6.55445	12703.2	670	0.12235	0	4.029	1.02
71	0.0029136	0.000865294	20169.1	1050	105	19820.9	24.3274	24.3274	97.3096	97.3096	0 42773.9 6722.95 	49496.9	8.2962	6.55445	12703.2	670	0.12231	0	4.029	1.02
71.1	0.00291374	0.000865545	20176.6	1050	105	19828.5	24.3075	24.3075	97.23	97.23	0 42763.6 6718.23 	49481.8	8.295	6.55445	12703.2	670	0.122269	0	4.029	1.02
71.2	0.00291388	0.000865796	20184.1	1050	105	19836.2	24.2876	24.2876	97.1504	97.1504	0 42753.2 6713.5 	49466.7	8.2938	6.55445	12703.2	670	0.122228	0	4.029	1.02
71.3	0.00291402	0.000866047	20191.5	1050	105	19843.9	24.2677	24.2677	97.071	97.071	0 42742.9 6708.78 	49451.6	8.2926	6.55445	12703.2	670	0.122187	0	4.029	1.02
71.4	0.00291416	0.000866298	20199	1050	105	19851.5	24.2479	24.2479	96.9916	96.9916	0 42732.5 6704.07 	49436.6	8.29141	6.55445	12703.2	670	0.122147	0	4.029	1.02
71.5	0.0029143	0.00086655	20206.4	1050	105	19859.2	24.2281	24.2281	96.9123	96.9123	0 42722.2 6699.35 	49421.6	8.29022	6.55445	12703.2	670	0.122106	0	4.029	1.02
71.6	0.00291444	0.000866801	20213.9	1050	105	19866.8	24.2083	24.2083	96.833	96.833	0 42711.9 6694.64 	49406.5	8.28902	6.55445	12703.2	670	0.122065	0	4.029	1.02
71.7	0.00291458	0.000867052	20221.4	1050	105	19874.5	24.1885	24.1885	96.7539	96.7539	0 42701.6 6689.94 	49391.5	8.28783	6.55445	12703.2	670	0.122024	0	4.029	1.02
71.8	0.00291472	0.000867302	20228.8	1050	105	19882.1	24.1687	24.1687	96.6748	96.6748	0 42691.3 6685.23 	49376.5	8.28664	6.55445	12703.2	670	0.121983	0	4.029	1.02
71.9	0.00291486	0.000867553	20236.3	1050	105	19889.8	24.149	24.149	96.5958	96.5958	0 42681 6680.53 	49361.5	8.28545	6.55445	12703.2	670	0.121942	0	4.029	1.02
72	0.002915	0.000867804	20243.7	1050	105	19897.4	24.1292	24.1292	96.5169	96.5169	0 42670.7 6675.84 	49346.5	8.28426	6.55445	12703.2	670	0.121902	0	4.029	1.02
72.1	0.00291514	0.000868055	20251.2	1050	105	19905.1	24.1095	24.1095	96.4381	96.4381	0 42660.4 6671.14 	49331.5	8.28307	6.55445	12703.2	670	0.121861	0	4.029	1.02
72.2	0.00291527	0.000868305	20258.6	1050	105	19912.7	24.0898	24.0898	96.3593	96.3593	0 42650.1 6666.45 	49316.6	8.28188	6.55445	12703.2	670	0.12182	0	4.029	1.02
72.3	0.00291541	0.000868556	20266.1	1050	105	19920.4	24.0702	24.0702	96.2806	96.2806	0 42639.8 6661.77 	49301.6	8.28069	6.55445	12703.2	670	0.121779	0	4.029	1.02
72.4	0.00291555	0.000868807	20273.5	1050	105	19928	24.0505	24.0505	96.202	96.202	0 42629.6 6657.08 	49286.7	8.27951	6.55445	12703.2	670	0.121738	0	4.029	1.02
72.5	0.00291569	0.000869057	20281	1050	105	19935.6	24.0309	24.0309	96.1235	96.1235	0 42619.3 6652.4 	49271.7	8.27832	6.55445	12703.2	670	0.121697	0	4.029	1.02
72.6	0.00291583	0.000869308	20288.4	1050	105	19943.3	24.0113	24.0113	96.0451	96.0451	0 42609.1 6647.72 	49256.8	8.27714	6.55445	12703.2	670	0.121656	0	4.029	1.02
72.7	0.00291597	0.000869558	20295.8	1050	105	19950.9	23.9917	23.9917	95.9667	95.9667	0 42598.8 6643.05 	49241.9	8.27595	6.55445	12703.2	670	0.121615	0	4.029	1.02
72.8	0.00291611	0.000869808	20303.3	1050	105	19958.6	23.9721	23.9721	95.8884	95.8884	0 42588.6 6638.38 	49227	8.27477	6.55445	12703.2	670	0.121574	0	4.029	1.02
72.9	0.00291625	0.000870059	20310.7	1050	105	19966.2	23.9525	23.9525	95.8102	95.8102	0 42578.4 6633.71 	49212.1	8.27359	6.55445	12703.2	670	0.121533	0	4.029	1.02
73	0.00291639	0.000870309	20318.2	1050	105	19973.8	23.933	23.933	95.7321	95.7321	0 42568.2 6629.04 	49197.2	8.27241	6.55445	12703.2	670	0.121492	0	4.029	1.02
73.1	0.00291653	0.000870559	20325.6	1050	105	19981.5	23.9135	23.9135	95.654	95.654	0 42558 6624.38 	49182.3	8.27123	6.55445	12703.2	670	0.121451	0	4.029	1.02
73.2	0.00291666	0.000870809	20333	1050	105	19989.1	23.894	23.894	95.576	95.576	0 42547.8 6619.72 	49167.5	8.27005	6.55445	12703.2	670	0.12141	0	4.029	1.02
73.3	0.0029168	0.000871059	20340.5	1050	105	19996.7	23.8745	23.8745	95.4981	95.4981	0 42537.6 6615.07 	49152.6	8.26887	6.55445	12703.2	670	0.121369	0	4.029	1.02
73.4	0.00291694	0.000871309	20347.9	1050	105	20004.4	23.8551	23.8551	95.4203	95.4203	0 42527.4 6610.41 	49137.8	8.26769	6.55445	12703.2	670	0.121328	0	4.029	1.02
73.5	0.00291708	0.000871559	20355.4	1050	105	20012	23.8356	23.8356	95.3426	95.3426	0 42517.2 6605.77 	49123	8.26651	6.55445	12703.2	670	0.121287	0	4.029	1.02
73.6	0.00291722	0.000871809	20362.8	1050	105	20019.6	23.8162	23.8162	95.2649	95.2649	0 42507 6601.12 	49108.1	8.26534	6.55445	12703.2	670	0.121246	0	4.029	1.02
73.7	0.00291736	0.000872059	20370.2	1050	105	20027.3	23.7968	23.7968	95.1873	95.1873	0 42496.9 6596.48 	49093.3	8.26416	6.55445	12703.2	670	0.121205	0	4.029	1.02
73.8	0.0029175	0.000872309	20377.7	1050	105	20034.9	23.7775	23.7775	95.1098	95.1098	0 42486.7 6591.84 	49078.5	8.26298	6.55445	12703.2	670	0.121164	0	4.029	1.02
73.9	0.00291763	0.000872558	20385.1	1050	105	20042.5	23.7581	23.7581	95.0324	95.0324	0 42476.6 6587.2 	49063.8	8.26181	6.55445	12703.2	670	0.121123	0	4.029	1.02
74	0.00291777	0.000872808	20392.5	1050	105	20050.1	23.7388	23.7388	94.955	94.955	0 42466.4 6582.57 	49049	8.26064	6.55445	12703.2	670	0.121082	0	4.029	1.02
74.1	0.00291791	0.000873058	20400	1050	105	20057.8	23.7194	23.7194	94.8778	94.8778	0 42456.3 6577.94 	49034.2	8.25947	6.55445	12703.2	670	0.121041	0	4.029	1.02
74.2	0.00291805	0.000873307	20407.4	1050	105	20065.4	23.7001	23.7001	94.8006	94.8006	0 42446.2 6573.31 	49019.5	8.25829	6.55445	12703.2	670	0.121	0	4.029	1.02
74.3	0.00291819	0.000873557	20414.8	1050	105	20073	23.6809	23.6809	94.7234	94.7234	0 42436 6568.69 	49004.7	8.25712	6.55445	12703.2	670	0.120959	0	4.029	1.02
74.4	0.00291832	0.000873806	20422.2	1050	105	20080.6	23.6616	23.6616	94.6464	94.6464	0 42425.9 6564.07 	48990	8.25595	6.55445	12703.2	670	0.120918	0	4.029	1.02
74.5	0.00291846	0.000874056	20429.7	1050	105	20088.3	23.6424	23.6424	94.5694	94.5694	0 42415.8 6559.45 	48975.3	8.25479	6.55445	12703.2	670	0.120877	0	4.029	1.02
74.6	0.0029186	0.000874305	20437.1	1050	105	20095.9	23.6231	23.6231	94.4925	94.4925	0 42405.7 6554.84 	48960.6	8.25362	6.55445	12703.2	670	0.120835	0	4.029	1.02
74.7	0.00291874	0.000874554	20444.5	1050	105	20103.5	23.6039	23.6039	94.4157	94.4157	0 42395.6 6550.22 	48945.9	8.25245	6.55445	12703.2	670	0.120794	0	4.029	1.02
74.8	0.00291887	0.000874804	20452	1050	105	20111.1	23.5847	23.5847	94.339	94.339	0 42385.5 6545.62 	48931.2	8.25128	6.55445	12703.2	670	0.120753	0	4.029	1.02
74.9	0.00291901	0.000875053	20459.4	1050	105	20118.7	23.5656	23.5656	94.2623	94.2623	0 42375.5 6541.01 	48916.5	8.25012	6.55445	12703.2	670	0.120712	0	4.029	1.02
75	0.00291915	0.000875302	20466.8	1050	105	20126.3	23.5464	23.5464	94.1857	94.1857	0 42365.4 6536.41 	48901.8	8.24895	6.55445	12703.2	670	0.120671	0	4.029	1.02
75.1	0.00291929	0.000875551	20474.2	1050	105	20134	23.5273	23.5273	94.1092	94.1092	0 42355.3 6531.81 	48887.1	8.24779	6.55445	12703.2	670	0.12063	0	4.029	1.02
75.2	0.00291942	0.0008758	20481.6	1050	105	20141.6	23.5082	23.5082	94.0328	94.0328	0 42345.3 6527.22 	48872.5	8.24663	6.55445	12703.2	670	0.120589	0	4.029	1.02
75.3	0.00291956	0.000876049	20489.1	1050	105	20149.2	23.4891	23.4891	93.9564	93.9564	0 42335.2 6522.62 	48857.9	8.24546	6.55445	12703.2	670	0.120547	0	4.029	1.02
75.4	0.0029197	0.000876298	20496.5	1050	105	20156.8	23.47	23.47	93.8802	93.8802	0 42325.2 6518.04 	48843.2	8.2443	6.55445	12703.2	670	0.120506	0	4.029	1.02
75.5	0.00291983	0.000876547	20503.9	1050	105	20164.4	23.451	23.451	93.804	93.804	0 42315.2 6513.45 	48828.6	8.24314	6.55445	12703.2	670	0.120465	0	4.029	1.02
75.6	0.00291997	0.000876796	20511.3	1050	105	20172	23.432	23.432	93.7278	93.7278	0 42305.1 6508.87 	48814	8.24198	6.55445	12703.2	670	0.120424	0	4.029	1.02
75.7	0.00292011	0.000877045	20518.7	1050	105	20179.6	23.4129	23.4129	93.6518	93.6518	0 42295.1 6504.29 	48799.4	8.24082	6.55445	12703.2	670	0.120383	0	4.029	1.02
75.8	0.00292025	0.000877294	20526.2	1050	105	20187.2	23.394	23.394	93.5758	93.5758	0 42285.1 6499.71 	48784.8	8.23966	6.55445	12703.2	670	0.120341	0	4.029	1.02
75.9	0.00292038	0.000877543	20533.6	1050	105	20194.8	23.375	23.375	93.4999	93.4999	0 42275.1 6495.14 	48770.2	8.23851	6.55445	12703.2	670	0.1203	0	4.029	1.02
76	0.00292052	0.000877791	20541	1050	105	20202.4	23.356	23.356	93.4241	93.4241	0 42265.1 6490.57 	48755.7	8.23735	6.55445	12703.2	670	0.120259	0	4.029	1.02
76.1	0.00292066	0.00087804	20548.4	1050	105	20210	23.3371	23.3371	93.3483	93.3483	0 42255.1 6486 	48741.1	8.23619	6.55445	12703.2	670	0.120218	0	4.029	1.02
76.2	0.00292079	0.000878289	20555.8	1050	105	20217.6	23.3182	23.3182	93.2727	93.2727	0 42245.1 6481.44 	48726.6	8.23504	6.55445	12703.2	670	0.120177	0	4.029	1.02
76.3	0.00292093	0.000878537	20563.2	1050	105	20225.2	23.2993	23.2993	93.1971	93.1971	0 42235.1 6476.88 	48712	8.23388	6.55445	12703.2	670	0.120135	0	4.029	1.02
76.4	0.00292106	0.000878786	20570.6	1050	105	20232.8	23.2804	23.2804	93.1216	93.1216	0 42225.2 6472.32 	48697.5	8.23273	6.55445	12703.2	670	0.120094	0	4.029	1.02
76.5	0.0029212	0.000879034	20578.1	1050	105	20240.4	23.2615	23.2615	93.0461	93.0461	0 42215.2 6467.77 	48683	8.23158	6.55445	12703.2	670	0.120053	0	4.029	1.02
76.6	0.00292134	0.000879283	20585.5	1050	105	20248	23.2427	23.2427	92.9707	92.9707	0 42205.2 6463.22 	48668.5	8.23042	6.55445	12703.2	670	0.120011	0	4.029	1.02
76.7	0.00292147	0.000879531	20592.9	1050	105	20255.6	23.2239	23.2239	92.8955	92.8955	0 42195.3 6458.67 	48654	8.22927	6.55445	12703.2	670	0.11997	0	4.029	1.02
76.8	0.00292161	0.000879779	20600.3	1050	105	20263.2	23.2051	23.2051	92.8202	92.8202	0 42185.3 6454.12 	48639.5	8.22812	6.55445	12703.2	670	0.119929	0	4.029	1.02
76.9	0.00292175	0.000880028	20607.7	1050	105	20270.8	23.1863	23.1863	92.7451	92.7451	0 42175.4 6449.58 	48625	8.22697	6.55445	12703.2	670	0.119888	0	4.029	1.02
77	0.00292188	0.000880276	20615.1	1050	105	20278.4	23.1675	23.1675	92.67	92.67	0 42165.5 6445.04 	48610.5	8.22582	6.55445	12703.2	670	0.119846	0	4.029	1.02
77.1	0.00292202	0.000880524	20622.5	1050	105	20286	23.1488	23.1488	92.595	92.595	0 42155.5 6440.51 	48596.1	8.22468	6.55445	12703.2	670	0.119805	0	4.029	1.02
77.2	0.00292215	0.000880772	20629.9	1050	105	20293.6	23.13	23.13	92.5201	92.5201	0 42145.6 6435.98 	48581.6	8.22353	6.55445	12703.2	670	0.119764	0	4.029	1.02
77.3	0.00292229	0.00088102	20637.3	1050	105	20301.2	23.1113	23.1113	92.4453	92.4453	0 42135.7 6431.45 	48567.2	8.22238	6.55445	12703.2	670	0.119722	0	4.029	1.02
77.4	0.00292243	0.000881269	20644.7	1050	105	20308.8	23.0926	23.0926	92.3705	92.3705	0 42125.8 6426.92 	48552.7	8.22124	6.55445	12703.2	670	0.119681	0	4.029	1.02
77.5	0.00292256	0.000881517	20652.1	1050	105	20316.4	23.074	23.074	92.2958	92.2958	0 42115.9 6422.4 	48538.3	8.22009	6.55445	12703.2	670	0.11964	0	4.029	1.02
77.6	0.0029227	0.000881765	20659.5	1050	105	20324	23.0553	23.0553	92.2212	92.2212	0 42106 6417.88 	48523.9	8.21895	6.55445	12703.2	670	0.119598	0	4.029	1.02
77.7	0.00292283	0.000882012	20667	1050	105	20331.6	23.0367	23.0367	92.1466	92.1466	0 42096.1 6413.36 	48509.5	8.2178	6.55445	12703.2	670	0.119557	0	4.029	1.02
77.8	0.00292297	0.00088226	20674.4	1050	105	20339.2	23.018	23.018	92.0722	92.0722	0 42086.3 6408.85 	48495.1	8.21666	6.55445	12703.2	670	0.119516	0	4.029	1.02
77.9	0.0029231	0.000882508	20681.8	1050	105	20346.8	22.9994	22.9994	91.9978	91.9978	0 42076.4 6404.34 	48480.7	8.21552	6.55445	12703.2	670	0.119474	0	4.029	1.02
78	0.00292324	0.000882756	20689.2	1050	105	20354.4	22.9809	22.9809	91.9235	91.9235	0 42066.5 6399.83 	48466.4	8.21438	6.55445	12703.2	670	0.119433	0	4.029	1.02
78.1	0.00292337	0.000883004	20696.6	1050	105	20361.9	22.9623	22.9623	91.8492	91.8492	0 42056.7 6395.33 	48452	8.21324	6.55445	12703.2	670	0.119392	0	4.029	1.02
78.2	0.00292351	0.000883252	20704	1050	105	20369.5	22.9438	22.9438	91.775	91.775	0 42046.8 6390.83 	48437.6	8.2121	6.55445	12703.2	670	0.11935	0	4.029	1.02
78.3	0.00292364	0.000883499	20711.4	1050	105	20377.1	22.9252	22.9252	91.7009	91.7009	0 42037 6386.33 	48423.3	8.21096	6.55445	12703.2	670	0.119309	0	4.029	1.02
78.4	0.00292378	0.000883747	20718.8	1050	105	20384.7	22.9067	22.9067	91.6269	91.6269	0 42027.1 6381.83 	48409	8.20982	6.55445	12703.2	670	0.119268	0	4.029	1.02
78.5	0.00292391	0.000883995	20726.2	1050	105	20392.3	22.8882	22.8882	91.553	91.553	0 42017.3 6377.34 	48394.6	8.20868	6.55445	12703.2	670	0.119226	0	4.029	1.02
78.6	0.00292405	0.000884242	20733.6	1050	105	20399.9	22.8698	22.8698	91.4791	91.4791	0 42007.5 6372.85 	48380.3	8.20755	6.55445	12703.2	670	0.119185	0	4.029	1.02
78.7	0.00292418	0.00088449	20741	1050	105	20407.4	22.8513	22.8513	91.4053	91.4053	0 41997.7 6368.37 	48366	8.20641	6.55445	12703.2	670	0.119144	0	4.029	1.02
78.8	0.00292432	0.000884737	20748.4	1050	105	20415	22.8329	22.8329	91.3316	91.3316	0 41987.8 6363.89 	48351.7	8.20527	6.55445	12703.2	670	0.119102	0	4.029	1.02
78.9	0.00292445	0.000884985	20755.8	1050	105	20422.6	22.8145	22.8145	91.2579	91.2579	0 41978 6359.41 	48337.4	8.20414	6.55445	12703.2	670	0.119061	0	4.029	1.02
79	0.00292459	0.000885232	20763.2	1050	105	20430.2	22.7961	22.7961	91.1843	91.1843	0 41968.2 6354.93 	48323.2	8.20301	6.55445	12703.2	670	0.119019	0	4.029	1.02
79.1	0.00292472	0.00088548	20770.5	1050	105	20437.8	22.7777	22.7777	91.1108	91.1108	0 41958.4 6350.46 	48308.9	8.20187	6.55445	12703.2	670	0.118978	0	4.029	1.02
79.2	0.00292486	0.000885727	20777.9	1050	105	20445.3	22.7593	22.7593	91.0374	91.0374	0 41948.7 6345.99 	48294.6	8.20074	6.55445	12703.2	670	0.118937	0	4.029	1.02
79.3	0.00292499	0.000885974	20785.3	1050	105	20452.9	22.741	22.741	90.964	90.964	0 41938.9 6341.52 	48280.4	8.19961	6.55445	12703.2	670	0.118895	0	4.029	1.02
79.4	0.00292513	0.000886222	20792.7	1050	105	20460.5	22.7227	22.7227	90.8907	90.8907	0 41929.1 6337.06 	48266.2	8.19848	6.55445	12703.2	670	0.118854	0	4.029	1.02
79.5	0.00292526	0.000886469	20800.1	1050	105	20468.1	22.7044	22.7044	90.8175	90.8175	0 41919.3 6332.6 	48251.9	8.19735	6.55445	12703.2	670	0.118812	0	4.029	1.02
79.6	0.0029254	0.000886716	20807.5	1050	105	20475.7	22.6861	22.6861	90.7444	90.7444	0 41909.6 6328.14 	48237.7	8.19622	6.55445	12703.2	670	0.118771	0	4.029	1.02
79.7	0.00292553	0.000886963	20814.9	1050	105	20483.2	22.6678	22.6678	90.6713	90.6713	0 41899.8 6323.69 	48223.5	8.19509	6.55445	12703.2	670	0.118729	0	4.029	1.02
79.8	0.00292566	0.00088721	20822.3	1050	105	20490.8	22.6496	22.6496	90.5983	90.5983	0 41890.1 6319.24 	48209.3	8.19396	6.55445	12703.2	670	0.118688	0	4.029	1.02
79.9	0.0029258	0.000887457	20829.7	1050	105	20498.4	22.6314	22.6314	90.5254	90.5254	0 41880.3 6314.79 	48195.1	8.19284	6.55445	12703.2	670	0.118647	0	4.029	1.02
80	0.00292593	0.000887704	20837.1	1050	105	20506	22.6131	22.6131	90.4526	90.4526	0 41870.6 6310.34 	48180.9	8.19171	6.55445	12703.2	670	0.118605	0	4.029	1.02
80.1	0.00292607	0.000887952	20844.5	1050	105	20513.5	22.5949	22.5949	90.3798	90.3798	0 41860.8 6305.9 	48166.8	8.19059	6.55445	12703.2	670	0.118564	0	4.029	1.02
80.2	0.0029262	0.000888199	20851.9	1050	105	20521.1	22.5768	22.5768	90.3071	90.3071	0 41851.1 6301.46 	48152.6	8.18946	6.55445	12703.2	670	0.118522	0	4.029	1.02
80.3	0.00292633	0.000888445	20859.3	1050	105	20528.7	22.5586	22.5586	90.2344	90.2344	0 41841.4 6297.03 	48138.4	8.18834	6.55445	12703.2	670	0.118481	0	4.029	1.02
80.4	0.00292647	0.000888692	20866.7	1050	105	20536.2	22.5405	22.5405	90.1619	90.1619	0 41831.7 6292.59 	48124.3	8.18721	6.55445	12703.2	670	0.118439	0	4.029	1.02
80.5	0.0029266	0.000888939	20874	1050	105	20543.8	22.5223	22.5223	90.0894	90.0894	0 41822 6288.17 	48110.2	8.18609	6.55445	12703.2	670	0.118398	0	4.029	1.02
80.6	0.00292674	0.000889186	20881.4	1050	105	20551.4	22.5042	22.5042	90.017	90.017	0 41812.3 6283.74 	48096	8.18497	6.55445	12703.2	670	0.118356	0	4.029	1.02
80.7	0.00292687	0.000889433	20888.8	1050	105	20559	22.4862	22.4862	89.9446	89.9446	0 41802.6 6279.32 	48081.9	8.18385	6.55445	12703.2	670	0.118315	0	4.029	1.02
80.8	0.002927	0.00088968	20896.2	1050	105	20566.5	22.4681	22.4681	89.8724	89.8724	0 41792.9 6274.9 	48067.8	8.18273	6.55445	12703.2	670	0.118273	0	4.029	1.02
80.9	0.00292714	0.000889926	20903.6	1050	105	20574.1	22.45	22.45	89.8002	89.8002	0 41783.2 6270.48 	48053.7	8.18161	6.55445	12703.2	670	0.118232	0	4.029	1.02
81	0.00292727	0.000890173	20911	1050	105	20581.7	22.432	22.432	89.7281	89.7281	0 41773.5 6266.07 	48039.6	8.18049	6.55445	12703.2	670	0.118191	0	4.029	1.02
81.1	0.0029274	0.00089042	20918.4	1050	105	20589.2	22.414	22.414	89.656	89.656	0 41763.9 6261.65 	48025.5	8.17937	6.55445	12703.2	670	0.118149	0	4.029	1.02
81.2	0.00292754	0.000890667	20925.8	1050	105	20596.8	22.396	22.396	89.584	89.584	0 41754.2 6257.25 	48011.5	8.17825	6.55445	12703.2	670	0.118108	0	4.029	1.02
81.3	0.00292767	0.000890913	20933.1	1050	105	20604.4	22.378	22.378	89.5121	89.5121	0 41744.6 6252.84 	47997.4	8.17714	6.55445	12703.2	670	0.118066	0	4.029	1.02
81.4	0.0029278	0.00089116	20940.5	1050	105	20611.9	22.3601	22.3601	89.4403	89.4403	0 41734.9 6248.44 	47983.3	8.17602	6.55445	12703.2	670	0.118025	0	4.029	1.02
81.5	0.00292794	0.000891406	20947.9	1050	105	20619.5	22.3421	22.3421	89.3685	89.3685	0 41725.3 6244.04 	47969.3	8.1749	6.55445	12703.2	670	0.117983	0	4.029	1.02
81.6	0.00292807	0.000891653	20955.3	1050	105	20627.1	22.3242	22.3242	89.2968	89.2968	0 41715.6 6239.65 	47955.3	8.17379	6.55445	12703.2	670	0.117942	0	4.029	1.02
81.7	0.0029282	0.000891899	20962.7	1050	105	20634.6	22.3063	22.3063	89.2252	89.2252	0 41706 6235.25 	47941.2	8.17268	6.55445	12703.2	670	0.1179	0	4.029	1.02
81.8	0.00292834	0.000892146	20970.1	1050	105	20642.2	22.2884	22.2884	89.1537	89.1537	0 41696.4 6230.87 	47927.2	8.17156	6.55445	12703.2	670	0.117859	0	4.029	1.02
81.9	0.00292847	0.000892392	20977.5	1050	105	20649.8	22.2705	22.2705	89.0822	89.0822	0 41686.7 6226.48 	47913.2	8.17045	6.55445	12703.2	670	0.117817	0	4.029	1.02
82	0.0029286	0.000892639	20984.8	1050	105	20657.3	22.2527	22.2527	89.0108	89.0108	0 41677.1 6222.1 	47899.2	8.16934	6.55445	12703.2	670	0.117776	0	4.029	1.02
82.1	0.00292873	0.000892885	20992.2	1050	105	20664.9	22.2349	22.2349	88.9394	88.9394	0 41667.5 6217.72 	47885.2	8.16823	6.55445	12703.2	670	0.117734	0	4.029	1.02
82.2	0.00292887	0.000893131	20999.6	1050	105	20672.4	22.217	22.217	88.8682	88.8682	0 41657.9 6213.34 	47871.2	8.16712	6.55445	12703.2	670	0.117693	0	4.029	1.02
82.3	0.002929	0.000893378	21007	1050	105	20680	22.1992	22.1992	88.797	88.797	0 41648.3 6208.97 	47857.3	8.16601	6.55445	12703.2	670	0.117651	0	4.029	1.02
82.4	0.00292913	0.000893624	21014.4	1050	105	20687.6	22.1815	22.1815	88.7259	88.7259	0 41638.7 6204.59 	47843.3	8.1649	6.55445	12703.2	670	0.11761	0	4.029	1.02
82.5	0.00292926	0.00089387	21021.8	1050	105	20695.1	22.1637	22.1637	88.6548	88.6548	0 41629.1 6200.23 	47829.3	8.16379	6.55445	12703.2	670	0.117568	0	4.029	1.02
82.6	0.0029294	0.000894116	21029.1	1050	105	20702.7	22.146	22.146	88.5838	88.5838	0 41619.5 6195.86 	47815.4	8.16268	6.55445	12703.2	670	0.117527	0	4.029	1.02
82.7	0.00292953	0.000894363	21036.5	1050	105	20710.2	22.1282	22.1282	88.5129	88.5129	0 41610 6191.5 	47801.5	8.16157	6.55445	12703.2	670	0.117485	0	4.029	1.02
82.8	0.00292966	0.000894609	21043.9	1050	105	20717.8	22.1105	22.1105	88.4421	88.4421	0 41600.4 6187.14 	47787.5	8.16047	6.55445	12703.2	670	0.117444	0	4.029	1.02
82.9	0.00292979	0.000894855	21051.3	1050	105	20725.4	22.0928	22.0928	88.3713	88.3713	0 41590.8 6182.79 	47773.6	8.15936	6.55445	12703.2	670	0.117402	0	4.029	1.02
83	0.00292993	0.000895101	21058.7	1050	105	20732.9	22.0752	22.0752	88.3006	88.3006	0 41581.3 6178.43 	47759.7	8.15826	6.55445	12703.2	670	0.117361	0	4.029	1.02
83.1	0.00293006	0.000895347	21066.1	1050	105	20740.5	22.0575	22.0575	88.23	88.23	0 41571.7 6174.09 	47745.8	8.15715	6.55445	12703.2	670	0.117319	0	4.029	1.02
83.2	0.00293019	0.000895593	21073.4	1050	105	20748	22.0399	22.0399	88.1594	88.1594	0 41562.2 6169.74 	47731.9	8.15605	6.55445	12703.2	670	0.117278	0	4.029	1.02
83.3	0.00293032	0.000895839	21080.8	1050	105	20755.6	22.0222	22.0222	88.089	88.089	0 41552.6 6165.4 	47718	8.15495	6.55445	12703.2	670	0.117236	0	4.029	1.02
83.4	0.00293045	0.000896085	21088.2	1050	105	20763.2	22.0046	22.0046	88.0185	88.0185	0 41543.1 6161.06 	47704.1	8.15385	6.55445	12703.2	670	0.117195	0	4.029	1.02
83.5	0.00293059	0.000896331	21095.6	1050	105	20770.7	21.987	21.987	87.9482	87.9482	0 41533.6 6156.72 	47690.3	8.15274	6.55445	12703.2	670	0.117153	0	4.029	1.02
83.6	0.00293072	0.000896577	21103	1050	105	20778.3	21.9695	21.9695	87.8779	87.8779	0 41524 6152.38 	47676.4	8.15164	6.55445	12703.2	670	0.117112	0	4.029	1.02
83.7	0.00293085	0.000896823	21110.3	1050	105	20785.8	21.9519	21.9519	87.8077	87.8077	0 41514.5 6148.05 	47662.6	8.15054	6.55445	12703.2	670	0.11707	0	4.029	1.02
83.8	0.00293098	0.000897069	21117.7	1050	105	20793.4	21.9344	21.9344	87.7376	87.7376	0 41505 6143.73 	47648.7	8.14944	6.55445	12703.2	670	0.117029	0	4.029	1.02
83.9	0.00293111	0.000897315	21125.1	1050	105	20800.9	21.9169	21.9169	87.6675	87.6675	0 41495.5 6139.4 	47634.9	8.14834	6.55445	12703.2	670	0.116987	0	4.029	1.02
84	0.00293125	0.000897561	21132.5	1050	105	20808.5	21.8994	21.8994	87.5975	87.5975	0 41486 6135.08 	47621.1	8.14725	6.55445	12703.2	670	0.116946	0	4.029	1.02
84.1	0.00293138	0.000897807	21139.9	1050	105	20816	21.8819	21.8819	87.5276	87.5276	0 41476.5 6130.76 	47607.3	8.14615	6.55445	12703.2	670	0.116904	0	4.029	1.02
84.2	0.00293151	0.000898052	21147.2	1050	105	20823.6	21.8644	21.8644	87.4578	87.4578	0 41467 6126.45 	47593.4	8.14505	6.55445	12703.2	670	0.116863	0	4.029	1.02
84.3	0.00293164	0.000898298	21154.6	1050	105	20831.1	21.847	21.847	87.388	87.388	0 41457.5 6122.13 	47579.6	8.14396	6.55445	12703.2	670	0.116821	0	4.029	1.02
84.4	0.00293177	0.000898544	21162	1050	105	20838.7	21.8296	21.8296	87.3183	87.3183	0 41448 6117.82 	47565.9	8.14286	6.55445	12703.2	670	0.11678	0	4.029	1.02
84.5	0.0029319	0.00089879	21169.4	1050	105	20846.3	21.8122	21.8122	87.2486	87.2486	0 41438.6 6113.52 	47552.1	8.14177	6.55445	12703.2	670	0.116738	0	4.029	1.02
84.6	0.00293203	0.000899035	21176.8	1050	105	20853.8	21.7948	21.7948	87.179	87.179	0 41429.1 6109.21 	47538.3	8.14067	6.55445	12703.2	670	0.116697	0	4.029	1.02
84.7	0.00293217	0.000899281	21184.1	1050	105	20861.4	21.7774	21.7774	87.1095	87.1095	0 41419.6 6104.91 	47524.5	8.13958	6.55445	12703.2	670	0.116655	0	4.029	1.02
84.8	0.0029323	0.000899527	21191.5	1050	105	20868.9	21.76	21.76	87.0401	87.0401	0 41410.2 6100.62 	47510.8	8.13849	6.55445	12703.2	670	0.116614	0	4.029	1.02
84.9	0.00293243	0.000899772	21198.9	1050	105	20876.5	21.7427	21.7427	86.9707	86.9707	0 41400.7 6096.32 	47497	8.13739	6.55445	12703.2	670	0.116572	0	4.029	1.02
85	0.00293256	0.000900018	21206.3	1050	105	20884	21.7254	21.7254	86.9014	86.9014	0 41391.3 6092.03 	47483.3	8.1363	6.55445	12703.2	670	0.116531	0	4.029	1.02
85.1	0.00293269	0.000900264	21213.7	1050	105	20891.6	21.7081	21.7081	86.8322	86.8322	0 41381.8 6087.74 	47469.6	8.13521	6.55445	12703.2	670	0.116489	0	4.029	1.02
85.2	0.00293282	0.000900509	21221	1050	105	20899.1	21.6908	21.6908	86.7631	86.7631	0 41372.4 6083.46 	47455.8	8.13412	6.55445	12703.2	670	0.116448	0	4.029	1.02
85.3	0.00293295	0.000900755	21228.4	1050	105	20906.7	21.6735	21.6735	86.694	86.694	0 41362.9 6079.18 	47442.1	8.13303	6.55445	12703.2	670	0.116406	0	4.029	1.02
85.4	0.00293308	0.000901	21235.8	1050	105	20914.2	21.6562	21.6562	86.625	86.625	0 41353.5 6074.9 	47428.4	8.13194	6.55445	12703.2	670	0.116365	0	4.029	1.02
85.5	0.00293321	0.000901246	21243.2	1050	105	20921.8	21.639	21.639	86.556	86.556	0 41344.1 6070.62 	47414.7	8.13086	6.55445	12703.2	670	0.116323	0	4.029	1.02
85.6	0.00293334	0.000901491	21250.5	1050	105	20929.3	21.6218	21.6218	86.4871	86.4871	0 41334.7 6066.35 	47401	8.12977	6.55445	12703.2	670	0.116282	0	4.029	1.02
85.7	0.00293348	0.000901737	21257.9	1050	105	20936.9	21.6046	21.6046	86.4183	86.4183	0 41325.3 6062.08 	47387.3	8.12868	6.55445	12703.2	670	0.11624	0	4.029	1.02
85.8	0.00293361	0.000901982	21265.3	1050	105	20944.4	21.5874	21.5874	86.3496	86.3496	0 41315.9 6057.81 	47373.7	8.1276	6.55445	12703.2	670	0.116199	0	4.029	1.02
85.9	0.00293374	0.000902228	21272.7	1050	105	20952	21.5702	21.5702	86.2809	86.2809	0 41306.5 6053.55 	47360	8.12651	6.55445	12703.2	670	0.116157	0	4.029	1.02
86	0.00293387	0.000902473	21280.1	1050	105	20959.5	21.5531	21.5531	86.2123	86.2123	0 41297.1 6049.29 	47346.4	8.12543	6.55445	12703.2	670	0.116116	0	4.029	1.02
86.1	0.002934	0.000902719	21287.4	1050	105	20967.1	21.5359	21.5359	86.1437	86.1437	0 41287.7 6045.03 	47332.7	8.12434	6.55445	12703.2	670	0.116074	0	4.029	1.02
86.2	0.00293413	0.000902964	21294.8	1050	105	20974.6	21.5188	21.5188	86.0753	86.0753	0 41278.3 6040.77 	47319.1	8.12326	6.55445	12703.2	670	0.116033	0	4.029	1.02
86.3	0.00293426	0.000903209	21302.2	1050	105	20982.2	21.5017	21.5017	86.0069	86.0069	0 41268.9 6036.52 	47305.4	8.12218	6.55445	12703.2	670	0.115991	0	4.029	1.02
86.4	0.00293439	0.000903455	21309.6	1050	105	20989.7	21.4846	21.4846	85.9385	85.9385	0 41259.5 6032.27 	47291.8	8.12109	6.55445	12703.2	670	0.11595	0	4.029	1.02
86.5	0.00293452	0.0009037	21317	1050	105	20997.3	21.4676	21.4676	85.8703	85.8703	0 41250.2 6028.03 	47278.2	8.12001	6.55445	12703.2	670	0.115908	0	4.029	1.02
86.6	0.00293465	0.000903945	21324.3	1050	105	21004.8	21.4505	21.4505	85.8021	85.8021	0 41240.8 6023.79 	47264.6	8.11893	6.55445	12703.2	670	0.115867	0	4.029	1.02
86.7	0.00293478	0.000904191	21331.7	1050	105	21012.4	21.4335	21.4335	85.734	85.734	0 41231.4 6019.55 	47251	8.11785	6.55445	12703.2	670	0.115825	0	4.029	1.02
86.8	0.00293491	0.000904436	21339.1	1050	105	21019.9	21.4165	21.4165	85.6659	85.6659	0 41222.1 6015.31 	47237.4	8.11677	6.55445	12703.2	670	0.115784	0	4.029	1.02
86.9	0.00293504	0.000904681	21346.5	1050	105	21027.5	21.3995	21.3995	85.5979	85.5979	0 41212.7 6011.08 	47223.8	8.11569	6.55445	12703.2	670	0.115742	0	4.029	1.02
87	0.00293517	0.000904927	21353.8	1050	105	21035	21.3825	21.3825	85.53	85.53	0 41203.4 6006.85 	47210.2	8.11461	6.55445	12703.2	670	0.115701	0	4.029	1.02
87.1	0.0029353	0.000905172	21361.2	1050	105	21042.6	21.3655	21.3655	85.4621	85.4621	0 41194.1 6002.62 	47196.7	8.11354	6.55445	12703.2	670	0.115659	0	4.029	1.02
87.2	0.00293543	0.000905417	21368.6	1050	105	21050.1	21.3486	21.3486	85.3943	85.3943	0 41184.7 5998.39 	47183.1	8.11246	6.55445	12703.2	670	0.115618	0	4.029	1.02
87.3	0.00293556	0.000905662	21376	1050	105	21057.7	21.3317	21.3317	85.3266	85.3266	0 41175.4 5994.17 	47169.6	8.11138	6.55445	12703.2	670	0.115576	0	4.029	1.02
87.4	0.00293569	0.000905907	21383.4	1050	105	21065.2	21.3147	21.3147	85.259	85.259	0 41166.1 5989.95 	47156	8.11031	6.55445	12703.2	670	0.115535	0	4.029	1.02
87.5	0.00293582	0.000906153	21390.7	1050	105	21072.8	21.2978	21.2978	85.1914	85.1914	0 41156.7 5985.74 	47142.5	8.10923	6.55445	12703.2	670	0.115493	0	4.029	1.02
87.6	0.00293595	0.000906398	21398.1	1050	105	21080.3	21.281	21.281	85.1239	85.1239	0 41147.4 5981.53 	47129	8.10816	6.55445	12703.2	670	0.115452	0	4.029	1.02
87.7	0.00293608	0.000906643	21405.5	1050	105	21087.9	21.2641	21.2641	85.0564	85.0564	0 41138.1 5977.32 	47115.4	8.10708	6.55445	12703.2	670	0.11541	0	4.029	1.02
87.8	0.00293621	0.000906888	21412.9	1050	105	21095.4	21.2473	21.2473	84.989	84.989	0 41128.8 5973.11 	47101.9	8.10601	6.55445	12703.2	670	0.115369	0	4.029	1.02
87.9	0.00293634	0.000907133	21420.3	1050	105	21103	21.2304	21.2304	84.9217	84.9217	0 41119.5 5968.91 	47088.4	8.10494	6.55445	12703.2	670	0.115328	0	4.029	1.02
88	0.00293647	0.000907378	21427.7	1050	105	21110.5	21.2136	21.2136	84.8545	84.8545	0 41110.2 5964.71 	47074.9	8.10386	6.55445	12703.2	670	0.115286	0	4.029	1.02
88.1	0.0029366	0.000907623	21435	1050	105	21118.1	21.1968	21.1968	84.7873	84.7873	0 41100.9 5960.51 	47061.4	8.10279	6.55445	12703.2	670	0.115245	0	4.029	1.02
88.2	0.00293673	0.000907868	21442.4	1050	105	21125.6	21.18	21.18	84.7202	84.7202	0 41091.6 5956.32 	47048	8.10172	6.55445	12703.2	670	0.115203	0	4.029	1.02
88.3	0.00293685	0.000908114	21449.8	1050	105	21133.2	21.1633	21.1633	84.6531	84.6531	0 41082.4 5952.13 	47034.5	8.10065	6.55445	12703.2	670	0.115162	0	4.029	1.02
88.4	0.00293698	0.000908359	21457.2	1050	105	21140.7	21.1465	21.1465	84.5861	84.5861	0 41073.1 5947.94 	47021	8.09958	6.55445	12703.2	670	0.11512	0	4.029	1.02
88.5	0.00293711	0.000908604	21464.6	1050	105	21148.3	21.1298	21.1298	84.5192	84.5192	0 41063.8 5943.75 	47007.6	8.09851	6.55445	12703.2	670	0.115079	0	4.029	1.02
88.6	0.00293724	0.000908849	21471.9	1050	105	21155.8	21.1131	21.1131	84.4524	84.4524	0 41054.6 5939.57 	46994.1	8.09744	6.55445	12703.2	670	0.115038	0	4.029	1.02
88.7	0.00293737	0.000909094	21479.3	1050	105	21163.4	21.0964	21.0964	84.3856	84.3856	0 41045.3 5935.39 	46980.7	8.09638	6.55445	12703.2	670	0.114996	0	4.029	1.02
88.8	0.0029375	0.000909339	21486.7	1050	105	21170.9	21.0797	21.0797	84.3189	84.3189	0 41036 5931.22 	46967.3	8.09531	6.55445	12703.2	670	0.114955	0	4.029	1.02
88.9	0.00293763	0.000909584	21494.1	1050	105	21178.5	21.0631	21.0631	84.2522	84.2522	0 41026.8 5927.04 	46953.8	8.09424	6.55445	12703.2	670	0.114913	0	4.029	1.02
89	0.00293776	0.000909829	21501.5	1050	105	21186	21.0464	21.0464	84.1857	84.1857	0 41017.5 5922.87 	46940.4	8.09318	6.55445	12703.2	670	0.114872	0	4.029	1.02
89.1	0.00293789	0.000910074	21508.9	1050	105	21193.6	21.0298	21.0298	84.1192	84.1192	0 41008.3 5918.71 	46927	8.09211	6.55445	12703.2	670	0.114831	0	4.029	1.02
89.2	0.00293802	0.000910319	21516.2	1050	105	21201.1	21.0132	21.0132	84.0527	84.0527	0 40999.1 5914.54 	46913.6	8.09105	6.55445	12703.2	670	0.114789	0	4.029	1.02
89.3	0.00293815	0.000910564	21523.6	1050	105	21208.7	20.9966	20.9966	83.9863	83.9863	0 40989.8 5910.38 	46900.2	8.08998	6.55445	12703.2	670	0.114748	0	4.029	1.02
89.4	0.00293827	0.000910809	21531	1050	105	21216.2	20.98	20.98	83.92	83.92	0 40980.6 5906.22 	46886.8	8.08892	6.55445	12703.2	670	0.114706	0	4.029	1.02
89.5	0.0029384	0.000911054	21538.4	1050	105	21223.8	20.9634	20.9634	83.8538	83.8538	0 40971.4 5902.07 	46873.4	8.08786	6.55445	12703.2	670	0.114665	0	4.029	1.02
89.6	0.00293853	0.000911299	21545.8	1050	105	21231.3	20.9469	20.9469	83.7876	83.7876	0 40962.1 5897.92 	46860.1	8.08679	6.55445	12703.2	670	0.114624	0	4.029	1.02
89.7	0.00293866	0.000911544	21553.2	1050	105	21238.9	20.9304	20.9304	83.7215	83.7215	0 40952.9 5893.77 	46846.7	8.08573	6.55445	12703.2	670	0.114582	0	4.029	1.02
89.8	0.00293879	0.000911789	21560.6	1050	105	21246.4	20.9139	20.9139	83.6554	83.6554	0 40943.7 5889.62 	46833.3	8.08467	6.55445	12703.2	670	0.114541	0	4.029	1.02
89.9	0.00293892	0.000912034	21567.9	1050	105	21254	20.8974	20.8974	83.5894	83.5894	0 40934.5 5885.48 	46820	8.08361	6.55445	12703.2	670	0.1145	0	4.029	1.02
90	0.00293905	0.000912278	21575.3	1050	105	21261.5	20.8809	20.8809	83.5235	83.5235	0 40925.3 5881.34 	46806.7	8.08255	6.55445	12703.2	670	0.114458	0	4.029	1.02
90.1	0.00293917	0.000912523	21582.7	1050	105	21269.1	20.8644	20.8644	83.4577	83.4577	0 40916.1 5877.2 	46793.3	8.08149	6.55445	12703.2	670	0.114417	0	4.029	1.02
90.2	0.0029393	0.000912768	21590.1	1050	105	21276.6	20.848	20.848	83.3919	83.3919	0 40906.9 5873.07 	46780	8.08043	6.55445	12703.2	670	0.114376	0	4.029	1.02
90.3	0.00293943	0.000913013	21597.5	1050	105	21284.2	20.8315	20.8315	83.3262	83.3262	0 40897.7 5868.94 	46766.7	8.07937	6.55445	12703.2	670	0.114334	0	4.029	1.02
90.4	0.00293956	0.000913258	21604.9	1050	105	21291.7	20.8151	20.8151	83.2605	83.2605	0 40888.6 5864.81 	46753.4	8.07832	6.55445	12703.2	670	0.114293	0	4.029	1.02
90.5	0.00293969	0.000913503	21612.3	1050	105	21299.3	20.7987	20.7987	83.1949	83.1949	0 40879.4 5860.68 	46740.1	8.07726	6.55445	12703.2	670	0.114252	0	4.029	1.02
90.6	0.00293982	0.000913748	21619.7	1050	105	21306.8	20.7824	20.7824	83.1294	83.1294	0 40870.2 5856.56 	46726.8	8.0762	6.55445	12703.2	670	0.11421	0	4.029	1.02
90.7	0.00293994	0.000913993	21627	1050	105	21314.4	20.766	20.766	83.0639	83.0639	0 40861 5852.44 	46713.5	8.07515	6.55445	12703.2	670	0.114169	0	4.029	1.02
90.8	0.00294007	0.000914238	21634.4	1050	105	21321.9	20.7496	20.7496	82.9986	82.9986	0 40851.9 5848.33 	46700.2	8.07409	6.55445	12703.2	670	0.114128	0	4.029	1.02
90.9	0.0029402	0.000914483	21641.8	1050	105	21329.5	20.7333	20.7333	82.9332	82.9332	0 40842.7 5844.22 	46686.9	8.07304	6.55445	12703.2	670	0.114086	0	4.029	1.02
91	0.00294033	0.000914728	21649.2	1050	105	21337	20.717	20.717	82.868	82.868	0 40833.5 5840.11 	46673.7	8.07198	6.55445	12703.2	670	0.114045	0	4.029	1.02
91.1	0.00294046	0.000914972	21656.6	1050	105	21344.6	20.7007	20.7007	82.8028	82.8028	0 40824.4 5836 	46660.4	8.07093	6.55445	12703.2	670	0.114004	0	4.029	1.02
91.2	0.00294058	0.000915217	21664	1050	105	21352.2	20.6844	20.6844	82.7376	82.7376	0 40815.2 5831.89 	46647.1	8.06988	6.55445	12703.2	670	0.113962	0	4.029	1.02
91.3	0.00294071	0.000915462	21671.4	1050	105	21359.7	20.6681	20.6681	82.6726	82.6726	0 40806.1 5827.79 	46633.9	8.06882	6.55445	12703.2	670	0.113921	0	4.029	1.02
91.4	0.00294084	0.000915707	21678.8	1050	105	21367.3	20.6519	20.6519	82.6076	82.6076	0 40797 5823.7 	46620.7	8.06777	6.55445	12703.2	670	0.11388	0	4.029	1.02
91.5	0.00294097	0.000915952	21686.2	1050	105	21374.8	20.6357	20.6357	82.5426	82.5426	0 40787.8 5819.6 	46607.4	8.06672	6.55445	12703.2	670	0.113839	0	4.029	1.02
91.6	0.00294109	0.000916197	21693.6	1050	105	21382.4	20.6194	20.6194	82.4778	82.4778	0 40778.7 5815.51 	46594.2	8.06567	6.55445	12703.2	670	0.113797	0	4.029	1.02
91.7	0.00294122	0.000916442	21701	1050	105	21389.9	20.6032	20.6032	82.413	82.413	0 40769.6 5811.42 	46581	8.06462	6.55445	12703.2	670	0.113756	0	4.029	1.02
91.8	0.00294135	0.000916687	21708.4	1050	105	21397.5	20.5871	20.5871	82.3482	82.3482	0 40760.4 5807.33 	46567.8	8.06357	6.55445	12703.2	670	0.113715	0	4.029	1.02
91.9	0.00294148	0.000916932	21715.8	1050	105	21405.1	20.5709	20.5709	82.2836	82.2836	0 40751.3 5803.25 	46554.6	8.06252	6.55445	12703.2	670	0.113674	0	4.029	1.02
92	0.0029416	0.000917176	21723.2	1050	105	21412.6	20.5547	20.5547	82.2189	82.2189	0 40742.2 5799.17 	46541.4	8.06147	6.55445	12703.2	670	0.113632	0	4.029	1.02
92.1	0.00294173	0.000917421	21730.6	1050	105	21420.2	20.5386	20.5386	82.1544	82.1544	0 40733.1 5795.1 	46528.2	8.06043	6.55445	12703.2	670	0.113591	0	4.029	1.02
92.2	0.00294186	0.000917666	21738	1050	105	21427.7	20.5225	20.5225	82.0899	82.0899	0 40724 5791.02 	46515	8.05938	6.55445	12703.2	670	0.11355	0	4.029	1.02
92.3	0.00294199	0.000917911	21745.4	1050	105	21435.3	20.5064	20.5064	82.0255	82.0255	0 40714.9 5786.95 	46501.8	8.05833	6.55445	12703.2	670	0.113509	0	4.029	1.02
92.4	0.0031015	0.000851389	20918.2	1050	105	20608.3	20.4903	20.4903	81.9611	81.9611	0 46276 8921.99 	55198	6.87786	6.55445	12703.2	670	0.168344	0	4.029	1.02
92.5	0.00312157	0.000818597	20133.5	1050	105	19823.7	20.4742	20.4742	81.8969	81.8969	0 48441.4 9402.09 	57843.5	6.74601	6.55445	12703.2	670	0.170748	0	4.029	1.02
92.6	0.00312342	0.000818963	20154.1	1050	105	19844.5	20.4582	20.4582	81.8326	81.8326	0 48448.4 9442.32 	57890.7	6.73404	6.55445	12703.2	670	0.171654	0	4.029	1.02
92.7	0.00312392	0.000822101	20243.1	1050	105	19933.7	20.4421	20.4421	81.7685	81.7685	0 48271.1 9448.86 	57720	6.73084	6.55445	12703.2	670	0.172532	0	4.029	1.02
92.8	0.00312424	0.000825358	20334.5	1050	105	20025.2	20.4261	20.4261	81.7044	81.7044	0 48085.6 9451.06 	57536.6	6.72876	6.55445	12703.2	670	0.173351	0	4.029	1.02
92.9	0.00312452	0.000828449	20421.2	1050	105	20112.1	20.4101	20.4101	81.6403	81.6403	0 47910.5 9452.19 	57362.7	6.72696	6.55445	12703.2	670	0.174111	0	4.029	1.02
93	0.00312477	0.000831354	20502.7	1050	105	20193.8	20.3941	20.3941	81.5764	81.5764	0 47746.9 9452.67 	57199.6	6.72531	6.55445	12703.2	670	0.174815	0	4.029	1.02
93.1	0.00312501	0.000834083	20579.3	1050	105	20270.5	20.3781	20.3781	81.5125	81.5125	0 47594.3 9452.55 	57046.9	6.72379	6.55445	12703.2	670	0.175466	0	4.029	1.02
93.2	0.00312523	0.000836646	20651.3	1050	105	20342.6	20.3622	20.3622	81.4486	81.4486	0 47451.8 9451.9 	56903.7	6.72239	6.55445	12703.2	670	0.176067	0	4.029	1.02
93.3	0.00312543	0.000839056	20719	1050	105	20410.5	20.3462	20.3462	81.3848	81.3848	0 47318.5 9450.73 	56769.3	6.72109	6.55445	12703.2	670	0.176623	0	4.029	1.02
93.4	0.00312561	0.000841323	20782.7	1050	105	20474.4	20.3303	20.3303	81.3211	81.3211	0 47193.9 9449.09 	56643	6.71989	6.55445	12703.2	670	0.177135	0	4.029	1.02
93.5	0.00312578	0.000843456	20842.6	1050	105	20534.5	20.3144	20.3144	81.2575	81.2575	0 47077.1 9447.01 	56524.1	6.71878	6.55445	12703.2	670	0.177607	0	4.029	1.02
93.6	0.00312594	0.000845465	20899.1	1050	105	20591.2	20.2985	20.2985	81.1939	81.1939	0 46967.7 9444.51 	56412.2	6.71774	6.55445	12703.2	670	0.178042	0	4.029	1.02
93.7	0.00312609	0.000847358	20952.4	1050	105	20644.6	20.2826	20.2826	81.1304	81.1304	0 46865 9441.62 	56306.6	6.71678	6.55445	12703.2	670	0.178441	0	4.029	1.02
93.8	0.00312623	0.000849144	21002.7	1050	105	20695	20.2667	20.2667	81.0669	81.0669	0 46768.5 9438.38 	56206.9	6.71588	6.55445	12703.2	670	0.178807	0	4.029	1.02
93.9	0.00312636	0.00085083	21050.1	1050	105	20742.6	20.2509	20.2509	81.0035	81.0035	0 46677.8 9434.8 	56112.6	6.71504	6.55445	12703.2	670	0.179144	0	4.029	1.02
94	0.00312649	0.000852422	21095	1050	105	20787.7	20.235	20.235	80.9402	80.9402	0 46592.4 9430.91 	56023.3	6.71425	6.55445	12703.2	670	0.179451	0	4.029	1.02
94.1	0.0031266	0.000853928	21137.4	1050	105	20830.2	20.2192	20.2192	80.8769	80.8769	0 46511.9 9426.72 	55938.6	6.71351	6.55445	12703.2	670	0.179732	0	4.029	1.02
94.2	0.00312671	0.000855354	21177.6	1050	105	20870.6	20.2034	20.2034	80.8137	80.8137	0 46436 9422.26 	55858.3	6.71282	6.55445	12703.2	670	0.179989	0	4.029	1.02
94.3	0.00312681	0.000856704	21215.7	1050	105	20908.8	20.1876	20.1876	80.7506	80.7506	0 46364.3 9417.55 	55781.9	6.71216	6.55445	12703.2	670	0.180222	0	4.029	1.02
94.4	0.00312691	0.000857985	21251.8	1050	105	20945.1	20.1719	20.1719	80.6875	80.6875	0 46296.5 9412.61 	55709.1	6.71154	6.55445	12703.2	670	0.180434	0	4.029	1.02
94.5	0.003127	0.000859201	21286.1	1050	105	20979.5	20.1561	20.1561	80.6245	80.6245	0 46232.4 9407.45 	55639.8	6.71096	6.55445	12703.2	670	0.180626	0	4.029	1.02
94.6	0.00312708	0.000860357	21318.7	1050	105	21012.3	20.1404	20.1404	80.5615	80.5615	0 46171.5 9402.09 	55573.6	6.7104	6.55445	12703.2	670	0.1808	0	4.029	1.02
94.7	0.00312717	0.000861456	21349.8	1050	105	21043.5	20.1247	20.1247	80.4986	80.4986	0 46113.8 9396.54 	55510.3	6.70988	6.55445	12703.2	670	0.180956	0	4.029	1.02
94.8	0.00312724	0.000862504	21379.3	1050	105	21073.2	20.109	20.109	80.4358	80.4358	0 46058.9 9390.81 	55449.7	6.70938	6.55445	12703.2	670	0.181097	0	4.029	1.02
94.9	0.00312732	0.000863503	21407.6	1050	105	21101.6	20.0933	20.0933	80.373	80.373	0 46006.7 9384.92 	55391.6	6.7089	6.55445	12703.2	670	0.181222	0	4.029	1.02
95	0.00312739	0.000864457	21434.5	1050	105	21128.7	20.0776	20.0776	80.3103	80.3103	0 45957 9378.89 	55335.9	6.70844	6.55445	12703.2	670	0.181334	0	4.029	1.02
95.1	0.00312746	0.00086537	21460.3	1050	105	21154.7	20.0619	20.0619	80.2477	80.2477	0 45909.5 9372.71 	55282.2	6.70801	6.55445	12703.2	670	0.181432	0	4.029	1.02
95.2	0.00312752	0.000866243	21485	1050	105	21179.5	20.0463	20.0463	80.1851	80.1851	0 45864.2 9366.41 	55230.6	6.70759	6.55445	12703.2	670	0.181519	0	4.029	1.02
95.3	0.00312758	0.000867081	21508.6	1050	105	21203.3	20.0307	20.0307	80.1226	80.1226	0 45820.8 9359.99 	55180.8	6.70719	6.55445	12703.2	670	0.181594	0	4.029	1.02
95.4	0.00312764	0.000867884	21531.4	1050	105	21226.2	20.015	20.015	80.0602	80.0602	0 45779.2 9353.46 	55132.7	6.7068	6.55445	12703.2	670	0.181659	0	4.029	1.02
95.5	0.0031277	0.000868657	21553.2	1050	105	21248.2	19.9994	19.9994	79.9978	79.9978	0 45739.4 9346.83 	55086.2	6.70643	6.55445	12703.2	670	0.181715	0	4.029	1.02
95.6	0.00312776	0.0008694	21574.3	1050	105	21269.4	19.9839	19.9839	79.9354	79.9354	0 45701.1 9340.1 	55041.2	6.70607	6.55445	12703.2	670	0.181761	0	4.029	1.02
95.7	0.00312781	0.000870116	21594.5	1050	105	21289.9	19.9683	19.9683	79.8732	79.8732	0 45664.3 9333.29 	54997.6	6.70572	6.55445	12703.2	670	0.181799	0	4.029	1.02
95.8	0.00312786	0.000870808	21614.1	1050	105	21309.6	19.9527	19.9527	79.811	79.811	0 45628.8 9326.4 	54955.2	6.70538	6.55445	12703.2	670	0.18183	0	4.029	1.02
95.9	0.00312792	0.000871475	21633	1050	105	21328.6	19.9372	19.9372	79.7488	79.7488	0 45594.5 9319.44 	54914	6.70506	6.55445	12703.2	670	0.181853	0	4.029	1.02
96	0.00312796	0.000872122	21651.3	1050	105	21347.1	19.9217	19.9217	79.6868	79.6868	0 45561.5 9312.41 	54873.9	6.70474	6.55445	12703.2	670	0.18187	0	4.029	1.02
96.1	0.00312801	0.000872748	21669.1	1050	105	21365	19.9062	19.9062	79.6247	79.6247	0 45529.5 9305.32 	54834.8	6.70443	6.55445	12703.2	670	0.18188	0	4.029	1.02
96.2	0.00312806	0.000873355	21686.3	1050	105	21382.4	19.8907	19.8907	79.5628	79.5628	0 45498.5 9298.17 	54796.7	6.70413	6.55445	12703.2	670	0.181885	0	4.029	1.02
96.3	0.00312811	0.000873945	21703	1050	105	21399.2	19.8752	19.8752	79.5009	79.5009	0 45468.5 9290.98 	54759.5	6.70383	6.55445	12703.2	670	0.181884	0	4.029	1.02
96.4	0.00312815	0.000874518	21719.2	1050	105	21415.7	19.8598	19.8598	79.4391	79.4391	0 45439.3 9283.73 	54723.1	6.70354	6.55445	12703.2	670	0.181878	0	4.029	1.02
96.5	0.0031282	0.000875076	21735.1	1050	105	21431.6	19.8443	19.8443	79.3773	79.3773	0 45411 9276.44 	54687.4	6.70326	6.55445	12703.2	670	0.181868	0	4.029	1.02
96.6	0.00312824	0.000875621	21750.5	1050	105	21447.2	19.8289	19.8289	79.3156	79.3156	0 45383.4 9269.11 	54652.5	6.70298	6.55445	12703.2	670	0.181853	0	4.029	1.02
96.7	0.00312828	0.000876152	21765.6	1050	105	21462.5	19.8135	19.8135	79.254	79.254	0 45356.5 9261.75 	54618.2	6.70271	6.55445	12703.2	670	0.181835	0	4.029	1.02
96.8	0.00312832	0.000876671	21780.3	1050	105	21477.4	19.7981	19.7981	79.1924	79.1924	0 45330.2 9254.35 	54584.6	6.70244	6.55445	12703.2	670	0.181813	0	4.029	1.02
96.9	0.00312836	0.000877179	21794.8	1050	105	21491.9	19.7827	19.7827	79.1308	79.1308	0 45304.6 9246.92 	54551.5	6.70217	6.55445	12703.2	670	0.181787	0	4.029	1.02
97	0.0031284	0.000877676	21808.9	1050	105	21506.2	19.7673	19.7673	79.0694	79.0694	0 45279.5 9239.47 	54519	6.70191	6.55445	12703.2	670	0.181758	0	4.029	1.02
97.1	0.00312844	0.000878164	21822.7	1050	105	21520.2	19.752	19.752	79.008	79.008	0 45255 9231.99 	54486.9	6.70166	6.55445	12703.2	670	0.181726	0	4.029	1.02
97.2	0.00312848	0.000878642	21836.3	1050	105	21534	19.7367	19.7367	78.9467	78.9467	0 45230.9 9224.49 	54455.4	6.7014	6.55445	12703.2	670	0.181692	0	4.029	1.02
97.3	0.00312852	0.000879112	21849.7	1050	105	21547.5	19.7213	19.7213	78.8854	78.8854	0 45207.3 9216.97 	54424.3	6.70115	6.55445	12703.2	670	0.181655	0	4.029	1.02
97.4	0.00312856	0.000879574	21862.8	1050	105	21560.7	19.706	19.706	78.8242	78.8242	0 45184.1 9209.43 	54393.5	6.7009	6.55445	12703.2	670	0.181615	0	4.029	1.02
97.5	0.0031286	0.000880028	21875.7	1050	105	21573.8	19.6908	19.6908	78.763	78.763	0 45161.3 9201.88 	54363.2	6.70066	6.55445	12703.2	670	0.181573	0	4.029	1.02
97.6	0.00312864	0.000880476	21888.5	1050	105	21586.7	19.6755	19.6755	78.7019	78.7019	0 45138.9 9194.31 	54333.2	6.70041	6.55445	12703.2	670	0.18153	0	4.029	1.02
97.7	0.00312868	0.000880917	21901	1050	105	21599.4	19.6602	19.6602	78.6409	78.6409	0 45116.8 9186.73 	54303.6	6.70017	6.55445	12703.2	670	0.181484	0	4.029	1.02
97.8	0.00312871	0.000881352	21913.4	1050	105	21612	19.645	19.645	78.5799	78.5799	0 45095.1 9179.14 	54274.2	6.69993	6.55445	12703.2	670	0.181437	0	4.029	1.02
97.9	0.00312875	0.000881782	21925.6	1050	105	21624.3	19.6298	19.6298	78.519	78.519	0 45073.7 9171.55 	54245.2	6.69969	6.55445	12703.2	670	0.181388	0	4.029	1.02
98	0.00312879	0.000882206	21937.7	1050	105	21636.6	19.6145	19.6145	78.4582	78.4582	0 45052.5 9163.94 	54216.4	6.69945	6.55445	12703.2	670	0.181337	0	4.029	1.02
98.1	0.00312882	0.000882626	21949.7	1050	105	21648.7	19.5993	19.5993	78.3974	78.3974	0 45031.6 9156.33 	54187.9	6.69922	6.55445	12703.2	670	0.181285	0	4.029	1.02
98.2	0.00312886	0.000883041	21961.5	1050	105	21660.7	19.5842	19.5842	78.3366	78.3366	0 45011 9148.71 	54159.7	6.69898	6.55445	12703.2	670	0.181232	0	4.029	1.02
98.3	0.0031289	0.000883452	21973.2	1050	105	21672.5	19.569	19.569	78.276	78.276	0 44990.5 9141.09 	54131.6	6.69875	6.55445	12703.2	670	0.181178	0	4.029	1.02
98.4	0.00312893	0.000883859	21984.8	1050	105	21684.3	19.5538	19.5538	78.2154	78.2154	0 44970.3 9133.46 	54103.8	6.69852	6.55445	12703.2	670	0.181122	0	4.029	1.02
98.5	0.00312897	0.000884263	21996.3	1050	105	21695.9	19.5387	19.5387	78.1548	78.1548	0 44950.3 9125.83 	54076.2	6.69829	6.55445	12703.2	670	0.181066	0	4.029	1.02
98.6	0.003129	0.000884663	22007.7	1050	105	21707.5	19.5236	19.5236	78.0943	78.0943	0 44930.5 9118.21 	54048.7	6.69806	6.55445	12703.2	670	0.181008	0	4.029	1.02
98.7	0.00312904	0.000885059	22019	1050	105	21718.9	19.5085	19.5085	78.0339	78.0339	0 44910.9 9110.58 	54021.5	6.69783	6.55445	12703.2	670	0.180949	0	4.029	1.02
98.8	0.00312908	0.000885453	22030.3	1050	105	21730.3	19.4934	19.4934	77.9736	77.9736	0 44891.5 9102.95 	53994.4	6.6976	6.55445	12703.2	670	0.18089	0	4.029	1.02
98.9	0.00312911	0.000885844	22041.4	1050	105	21741.6	19.4783	19.4783	77.9132	77.9132	0 44872.2 9095.32 	53967.5	6.69737	6.55445	12703.2	670	0.18083	0	4.029	1.02
99	0.00312915	0.000886232	22052.5	1050	105	21752.9	19.4633	19.4633	77.853	77.853	0 44853 9087.69 	53940.7	6.69714	6.55445	12703.2	670	0.180769	0	4.029	1.02
99.1	0.00312918	0.000886618	22063.5	1050	105	21764	19.4482	19.4482	77.7928	77.7928	0 44834 9080.06 	53914.1	6.69691	6.55445	12703.2	670	0.180708	0	4.029	1.02
99.2	0.00312922	0.000887002	22074.5	1050	105	21775.1	19.4332	19.4332	77.7327	77.7327	0 44815.1 9072.44 	53887.5	6.69668	6.55445	12703.2	670	0.180645	0	4.029	1.02
99.3	0.00312925	0.000887383	22085.3	1050	105	21786.2	19.4182	19.4182	77.6726	77.6726	0 44796.4 9064.81 	53861.2	6.69646	6.55445	12703.2	670	0.180583	0	4.029	1.02
99.4	0.00312929	0.000887763	22096.2	1050	105	21797.1	19.4032	19.4032	77.6126	77.6126	0 44777.7 9057.19 	53834.9	6.69623	6.55445	12703.2	670	0.180519	0	4.029	1.02
99.5	0.00312932	0.00088814	22107	1050	105	21808.1	19.3882	19.3882	77.5527	77.5527	0 44759.2 9049.58 	53808.8	6.696	6.55445	12703.2	670	0.180456	0	4.029	1.02
99.6	0.00312936	0.000888516	22117.7	1050	105	21819	19.3732	19.3732	77.4928	77.4928	0 44740.8 9041.97 	53782.7	6.69578	6.55445	12703.2	670	0.180391	0	4.029	1.02
99.7	0.00312939	0.00088889	22128.4	1050	105	21829.8	19.3582	19.3582	77.433	77.433	0 44722.4 9034.36 	53756.8	6.69555	6.55445	12703.2	670	0.180327	0	4.029	1.02
99.8	0.00312943	0.000889262	22139	1050	105	21840.6	19.3433	19.3433	77.3732	77.3732	0 44704.2 9026.76 	53731	6.69533	6.55445	12703.2	670	0.180262	0	4.029	1.02
99.9	0.00312947	0.000889633	22149.6	1050	105	21851.3	19.3284	19.3284	77.3135	77.3135	0 44686.1 9019.16 	53705.2	6.6951	6.55445	12703.2	670	0.180196	0	4.029	1.02
100	0.0031295	0.000890003	22160.2	1050	105	21862.1	19.3135	19.3135	77.2539	77.2539	0 44668 9011.57 	53679.6	6.69487	6.55445	12703.2	670	0.180131	0	4.029	1.02
100.1	0.00312954	0.000890371	22170.7	1050	105	21872.7	19.2986	19.2986	77.1943	77.1943	0 44650 9003.98 	53654	6.69465	6.55445	12703.2	670	0.180064	0	4.029	1.02
100.2	0.00312957	0.000890738	22181.2	1050	105	21883.4	19.2837	19.2837	77.1348	77.1348	0 44632.1 8996.4 	53628.5	6.69442	6.55445	12703.2	670	0.179998	0	4.029	1.02
100.3	0.00312961	0.000891104	22191.7	1050	105	21894	19.2688	19.2688	77.0753	77.0753	0 44614.3 8988.83 	53603.1	6.6942	6.55445	12703.2	670	0.179931	0	4.029	1.02
100.4	0.00312964	0.000891469	22202.1	1050	105	21904.6	19.254	19.254	77.0159	77.0159	0 44596.6 8981.26 	53577.8	6.69397	6.55445	12703.2	670	0.179864	0	4.029	1.02
100.5	0.00312968	0.000891833	22212.5	1050	105	21915.1	19.2391	19.2391	76.9566	76.9566	0 44578.9 8973.69 	53552.6	6.69374	6.55445	12703.2	670	0.179797	0	4.029	1.02
100.6	0.00312971	0.000892196	22222.9	1050	105	21925.7	19.2243	19.2243	76.8973	76.8973	0 44561.2 8966.14 	53527.4	6.69352	6.55445	12703.2	670	0.17973	0	4.029	1.02
100.7	0.00312975	0.000892558	22233.3	1050	105	21936.2	19.2095	19.2095	76.838	76.838	0 44543.7 8958.59 	53502.3	6.69329	6.55445	12703.2	670	0.179662	0	4.029	1.02
100.8	0.00312978	0.000892919	22243.6	1050	105	21946.7	19.1947	19.1947	76.7789	76.7789	0 44526.2 8951.04 	53477.2	6.69307	6.55445	12703.2	670	0.179594	0	4.029	1.02
100.9	0.00312982	0.000893279	22253.9	1050	105	21957.1	19.1799	19.1799	76.7198	76.7198	0 44508.7 8943.51 	53452.2	6.69284	6.55445	12703.2	670	0.179526	0	4.029	1.02
101	0.00312985	0.000893639	22264.2	1050	105	21967.6	19.1652	19.1652	76.6607	76.6607	0 44491.3 8935.98 	53427.3	6.69262	6.55445	12703.2	670	0.179458	0	4.029	1.02
101.1	0.00312989	0.000893997	22274.5	1050	105	21978	19.1504	19.1504	76.6017	76.6017	0 44473.9 8928.45 	53402.4	6.69239	6.55445	12703.2	670	0.17939	0	4.029	1.02
101.2	0.00312992	0.000894355	22284.7	1050	105	21988.4	19.1357	19.1357	76.5428	76.5428	0 44456.6 8920.94 	53377.6	6.69216	6.55445	12703.2	670	0.179321	0	4.029	1.02
101.3	0.00312996	0.000894713	22295	1050	105	21998.8	19.121	19.121	76.4839	76.4839	0 44439.4 8913.43 	53352.8	6.69194	6.55445	12703.2	670	0.179253	0	4.029	1.02
101.4	0.00312999	0.000895069	22305.2	1050	105	22009.1	19.1063	19.1063	76.4251	76.4251	0 44422.2 8905.93 	53328.1	6.69171	6.55445	12703.2	670	0.179184	0	4.029	1.02
101.5	0.00313003	0.000895425	22315.4	1050	105	22019.5	19.0916	19.0916	76.3663	76.3663	0 44405 8898.43 	53303.4	6.69148	6.55445	12703.2	670	0.179115	0	4.029	1.02
101.6	0.00313006	0.000895781	22325.6	1050	105	22029.8	19.0769	19.0769	76.3076	76.3076	0 44387.9 8890.95 	53278.8	6.69126	6.55445	12703.2	670	0.179046	0	4.029	1.02
101.7	0.0031301	0.000896136	22335.8	1050	105	22040.2	19.0623	19.0623	76.249	76.249	0 44370.8 8883.47 	53254.3	6.69103	6.55445	12703.2	670	0.178977	0	4.029	1.02
101.8	0.00313013	0.00089649	22345.9	1050	105	22050.5	19.0476	19.0476	76.1904	76.1904	0 44353.8 8875.99 	53229.8	6.6908	6.55445	12703.2	670	0.178908	0	4.029	1.02
101.9	0.00313017	0.000896844	22356.1	1050	105	22060.8	19.033	19.033	76.1319	76.1319	0 44336.8 8868.53 	53205.3	6.69058	6.55445	12703.2	670	0.178838	0	4.029	1.02
102	0.00313021	0.000897198	22366.2	1050	105	22071	19.0184	19.0184	76.0734	76.0734	0 44319.8 8861.07 	53180.9	6.69035	6.55445	12703.2	670	0.178769	0	4.029	1.02
102.1	0.00313024	0.000897551	22376.4	1050	105	22081.3	19.0038	19.0038	76.015	76.015	0 44302.9 8853.62 	53156.5	6.69012	6.55445	12703.2	670	0.1787	0	4.029	1.02
102.2	0.00313028	0.000897903	22386.5	1050	105	22091.6	18.9892	18.9892	75.9567	75.9567	0 44286 8846.18 	53132.1	6.6899	6.55445	12703.2	670	0.17863	0	4.029	1.02
102.3	0.00313031	0.000898256	22396.6	1050	105	22101.8	18.9746	18.9746	75.8984	75.8984	0 44269.1 8838.74 	53107.9	6.68967	6.55445	12703.2	670	0.178561	0	4.029	1.02
102.4	0.00313035	0.000898607	22406.7	1050	105	22112.1	18.96	18.96	75.8402	75.8402	0 44252.3 8831.32 	53083.6	6.68944	6.55445	12703.2	670	0.178491	0	4.029	1.02
102.5	0.00313038	0.000898959	22416.7	1050	105	22122.3	18.9455	18.9455	75.782	75.782	0 44235.5 8823.9 	53059.4	6.68921	6.55445	12703.2	670	0.178421	0	4.029	1.02
102.6	0.00313042	0.00089931	22426.8	1050	105	22132.5	18.931	18.931	75.7239	75.7239	0 44218.7 8816.49 	53035.2	6.68899	6.55445	12703.2	670	0.178351	0	4.029	1.02
102.7	0.00313045	0.00089966	22436.9	1050	105	22142.7	18.9165	18.9165	75.6658	75.6658	0 44202 8809.08 	53011.1	6.68876	6.55445	12703.2	670	0.178282	0	4.029	1.02
102.8	0.00313049	0.000900011	22446.9	1050	105	22152.9	18.902	18.902	75.6078	75.6078	0 44185.3 8801.68 	52987	6.68853	6.55445	12703.2	670	0.178212	0	4.029	1.02
102.9	0.00313052	0.000900361	22457	1050	105	22163.1	18.8875	18.8875	75.5499	75.5499	0 44168.6 8794.29 	52962.9	6.6883	6.55445	12703.2	670	0.178142	0	4.029	1.02
103	0.00313056	0.00090071	22467	1050	105	22173.3	18.873	18.873	75.492	75.492	0 44152 8786.91 	52938.9	6.68808	6.55445	12703.2	670	0.178072	0	4.029	1.02
103.1	0.0031306	0.00090106	22477.1	1050	105	22183.5	18.8585	18.8585	75.4342	75.4342	0 44135.3 8779.54 	52914.9	6.68785	6.55445	12703.2	670	0.178002	0	4.029	1.02
103.2	0.00313063	0.000901409	22487.1	1050	105	22193.7	18.8441	18.8441	75.3764	75.3764	0 44118.8 8772.17 	52890.9	6.68762	6.55445	12703.2	670	0.177932	0	4.029	1.02
103.3	0.00313067	0.000901758	22497.1	1050	105	22203.8	18.8297	18.8297	75.3187	75.3187	0 44102.2 8764.81 	52867	6.68739	6.55445	12703.2	670	0.177862	0	4.029	1.02
103.4	0.0031307	0.000902106	22507.1	1050	105	22214	18.8153	18.8153	75.2611	75.2611	0 44085.7 8757.46 	52843.1	6.68716	6.55445	12703.2	670	0.177792	0	4.029	1.02
103.5	0.00313074	0.000902454	22517.1	1050	105	22224.1	18.8009	18.8009	75.2035	75.2035	0 44069.1 8750.12 	52819.3	6.68694	6.55445	12703.2	670	0.177722	0	4.029	1.02
103.6	0.00313077	0.000902802	22527.1	1050	105	22234.3	18.7865	18.7865	75.1459	75.1459	0 44052.7 8742.78 	52795.4	6.68671	6.55445	12703.2	670	0.177652	0	4.029	1.02
103.7	0.00313081	0.00090315	22537.1	1050	105	22244.4	18.7721	18.7721	75.0885	75.0885	0 44036.2 8735.45 	52771.7	6.68648	6.55445	12703.2	670	0.177581	0	4.029	1.02
103.8	0.00313084	0.000903497	22547.1	1050	105	22254.5	18.7578	18.7578	75.0311	75.0311	0 44019.8 8728.13 	52747.9	6.68625	6.55445	12703.2	670	0.177511	0	4.029	1.02
103.9	0.00313088	0.000903845	22557.1	1050	105	22264.7	18.7434	18.7434	74.9737	74.9737	0 44003.4 8720.82 	52724.2	6.68602	6.55445	12703.2	670	0.177441	0	4.029	1.02
104	0.00313092	0.000904192	22567.1	1050	105	22274.8	18.7291	18.7291	74.9164	74.9164	0 43987 8713.51 	52700.5	6.6858	6.55445	12703.2	670	0.177371	0	4.029	1.02
104.1	0.00313095	0.000904539	22577.1	1050	105	22284.9	18.7148	18.7148	74.8591	74.8591	0 43970.6 8706.21 	52676.8	6.68557	6.55445	12703.2	670	0.1773	0	4.029	1.02
104.2	0.00313099	0.000904885	22587	1050	105	22295	18.7005	18.7005	74.8019	74.8019	0 43954.3 8698.92 	52653.2	6.68534	6.55445	12703.2	670	0.17723	0	4.029	1.02
104.3	0.00313102	0.000905231	22597	1050	105	22305.1	18.6862	18.6862	74.7448	74.7448	0 43937.9 8691.64 	52629.6	6.68511	6.55445	12703.2	670	0.17716	0	4.029	1.02
104.4	0.00313106	0.000905578	22606.9	1050	105	22315.2	18.6719	18.6719	74.6877	74.6877	0 43921.7 8684.36 	52606	6.68488	6.55445	12703.2	670	0.17709	0	4.029	1.02
104.5	0.00313109	0.000905924	22616.9	1050	105	22325.3	18.6577	18.6577	74.6307	74.6307	0 43905.4 8677.09 	52582.5	6.68465	6.55445	12703.2	670	0.177019	0	4.029	1.02
104.6	0.00313113	0.000906269	22626.8	1050	105	22335.4	18.6434	18.6434	74.5738	74.5738	0 43889.1 8669.83 	52559	6.68443	6.55445	12703.2	670	0.176949	0	4.029	1.02
104.7	0.00313117	0.000906615	22636.8	1050	105	22345.5	18.6292	18.6292	74.5168	74.5168	0 43872.9 8662.57 	52535.5	6.6842	6.55445	12703.2	670	0.176879	0	4.029	1.02
104.8	0.0031312	0.00090696	22646.7	1050	105	22355.6	18.615	18.615	74.46	74.46	0 43856.7 8655.33 	52512	6.68397	6.55445	12703.2	670	0.176808	0	4.029	1.02
104.9	0.00313124	0.000907306	22656.7	1050	105	22365.7	18.6008	18.6008	74.4032	74.4032	0 43840.5 8648.09 	52488.6	6.68374	6.55445	12703.2	670	0.176738	0	4.029	1.02
105	0.00313127	0.000907651	22666.6	1050	105	22375.7	18.5866	18.5866	74.3465	74.3465	0 43824.3 8640.85 	52465.2	6.68351	6.55445	12703.2	670	0.176667	0	4.029	1.02
105.1	0.00313131	0.000907995	22676.5	1050	105	22385.8	18.5724	18.5724	74.2898	74.2898	0 43808.2 8633.63 	52441.8	6.68328	6.55445	12703.2	670	0.176597	0	4.029	1.02
105.2	0.00313134	0.00090834	22686.4	1050	105	22395.9	18.5583	18.5583	74.2332	74.2332	0 43792.1 8626.41 	52418.5	6.68306	6.55445	12703.2	670	0.176527	0	4.029	1.02
105.3	0.00313138	0.000908685	22696.4	1050	105	22405.9	18.5442	18.5442	74.1766	74.1766	0 43776 8619.2 	52395.2	6.68283	6.55445	12703.2	670	0.176456	0	4.029	1.02
105.4	0.00313142	0.000909029	22706.3	1050	105	22416	18.53	18.53	74.1201	74.1201	0 43759.9 8612 	52371.9	6.6826	6.55445	12703.2	670	0.176386	0	4.029	1.02
105.5	0.00313145	0.000909373	22716.2	1050	105	22426	18.5159	18.5159	74.0636	74.0636	0 43743.8 8604.8 	52348.6	6.68237	6.55445	12703.2	670	0.176315	0	4.029	1.02
105.6	0.00313149	0.000909718	22726.1	1050	105	22436.1	18.5018	18.5018	74.0073	74.0073	0 43727.7 8597.61 	52325.4	6.68214	6.55445	12703.2	670	0.176245	0	4.029	1.02
105.7	0.00313152	0.000910062	22736	1050	105	22446.1	18.4877	18.4877	73.9509	73.9509	0 43711.7 8590.43 	52302.1	6.68192	6.55445	12703.2	670	0.176174	0	4.029	1.02
105.8	0.00313156	0.000910405	22745.9	1050	105	22456.2	18.4737	18.4737	73.8946	73.8946	0 43695.7 8583.25 	52279	6.68169	6.55445	12703.2	670	0.176104	0	4.029	1.02
105.9	0.00313159	0.000910749	22755.8	1050	105	22466.2	18.4596	18.4596	73.8384	73.8384	0 43679.7 8576.08 	52255.8	6.68146	6.55445	12703.2	670	0.176033	0	4.029	1.02
106	0.00313163	0.000911093	22765.7	1050	105	22476.3	18.4456	18.4456	73.7822	73.7822	0 43663.7 8568.92 	52232.7	6.68123	6.55445	12703.2	670	0.175963	0	4.029	1.02
106.1	0.00313166	0.000911436	22775.6	1050	105	22486.3	18.4315	18.4315	73.7261	73.7261	0 43647.8 8561.77 	52209.5	6.681	6.55445	12703.2	670	0.175892	0	4.029	1.02
106.2	0.0031317	0.000911779	22785.5	1050	105	22496.3	18.4175	18.4175	73.6701	73.6701	0 43631.8 8554.62 	52186.5	6.68078	6.55445	12703.2	670	0.175822	0	4.029	1.02
106.3	0.00313174	0.000912123	22795.4	1050	105	22506.4	18.4035	18.4035	73.6141	73.6141	0 43615.9 8547.48 	52163.4	6.68055	6.55445	12703.2	670	0.175751	0	4.029	1.02
106.4	0.00313177	0.000912466	22805.3	1050	105	22516.4	18.3895	18.3895	73.5581	73.5581	0 43600 8540.34 	52140.4	6.68032	6.55445	12703.2	670	0.175681	0	4.029	1.02
106.5	0.00313181	0.000912809	22815.2	1050	105	22526.4	18.3756	18.3756	73.5022	73.5022	0 43584.1 8533.22 	52117.3	6.68009	6.55445	12703.2	670	0.17561	0	4.029	1.02
106.6	0.00313184	0.000913151	22825.1	1050	105	22536.5	18.3616	18.3616	73.4464	73.4464	0 43568.3 8526.1 	52094.4	6.67987	6.55445	12703.2	670	0.17554	0	4.029	1.02
106.7	0.00313188	0.000913494	22835	1050	105	22546.5	18.3477	18.3477	73.3906	73.3906	0 43552.4 8518.98 	52071.4	6.67964	6.55445	12703.2	670	0.175469	0	4.029	1.02
106.8	0.00313191	0.000913837	22844.8	1050	105	22556.5	18.3337	18.3337	73.3349	73.3349	0 43536.6 8511.88 	52048.4	6.67941	6.55445	12703.2	670	0.175399	0	4.029	1.02
106.9	0.00313195	0.000914179	22854.7	1050	105	22566.5	18.3198	18.3198	73.2792	73.2792	0 43520.7 8504.78 	52025.5	6.67919	6.55445	12703.2	670	0.175328	0	4.029	1.02
107	0.00313198	0.000914522	22864.6	1050	105	22576.5	18.3059	18.3059	73.2236	73.2236	0 43504.9 8497.68 	52002.6	6.67896	6.55445	12703.2	670	0.175258	0	4.029	1.02
107.1	0.00313202	0.000914864	22874.5	1050	105	22586.6	18.292	18.292	73.1681	73.1681	0 43489.2 8490.6 	51979.8	6.67873	6.55445	12703.2	670	0.175187	0	4.029	1.02
107.2	0.00313205	0.000915206	22884.3	1050	105	22596.6	18.2781	18.2781	73.1126	73.1126	0 43473.4 8483.52 	51956.9	6.67851	6.55445	12703.2	670	0.175117	0	4.029	1.02
107.3	0.00313209	0.000915548	22894.2	1050	105	22606.6	18.2643	18.2643	73.0571	73.0571	0 43457.6 8476.44 	51934.1	6.67828	6.55445	12703.2	670	0.175046	0	4.029	1.02
107.4	0.00313213	0.00091589	22904.1	1050	105	22616.6	18.2504	18.2504	73.0017	73.0017	0 43441.9 8469.38 	51911.3	6.67806	6.55445	12703.2	670	0.174976	0	4.029	1.02
107.5	0.00313216	0.000916232	22914	1050	105	22626.6	18.2366	18.2366	72.9464	72.9464	0 43426.2 8462.32 	51888.5	6.67783	6.55445	12703.2	670	0.174905	0	4.029	1.02
107.6	0.0031322	0.000916574	22923.8	1050	105	22636.6	18.2228	18.2228	72.8911	72.8911	0 43410.5 8455.27 	51865.7	6.67761	6.55445	12703.2	670	0.174835	0	4.029	1.02
107.7	0.00313223	0.000916916	22933.7	1050	105	22646.6	18.209	18.209	72.8359	72.8359	0 43394.8 8448.22 	51843	6.67738	6.55445	12703.2	670	0.174764	0	4.029	1.02
107.8	0.00313227	0.000917258	22943.6	1050	105	22656.6	18.1952	18.1952	72.7807	72.7807	0 43379.1 8441.18 	51820.3	6.67715	6.55445	12703.2	670	0.174694	0	4.029	1.02
107.9	0.0031323	0.0009176	22953.4	1050	105	22666.6	18.1814	18.1814	72.7256	72.7256	0 43363.4 8434.15 	51797.6	6.67693	6.55445	12703.2	670	0.174623	0	4.029	1.02
108	0.00313234	0.000917941	22963.3	1050	105	22676.6	18.1676	18.1676	72.6705	72.6705	0 43347.8 8427.12 	51774.9	6.6767	6.55445	12703.2	670	0.174553	0	4.029	1.02
108.1	0.00313237	0.000918283	22973.1	1050	105	22686.6	18.1539	18.1539	72.6155	72.6155	0 43332.1 8420.1 	51752.2	6.67648	6.55445	12703.2	670	0.174482	0	4.029	1.02
108.2	0.00313241	0.000918624	22983	1050	105	22696.6	18.1401	18.1401	72.5606	72.5606	0 43316.5 8413.08 	51729.6	6.67626	6.55445	12703.2	670	0.174412	0	4.029	1.02
108.3	0.00313244	0.000918966	22992.9	1050	105	22706.6	18.1264	18.1264	72.5057	72.5057	0 43300.9 8406.08 	51707	6.67603	6.55445	12703.2	670	0.174341	0	4.029	1.02
108.4	0.00313248	0.000919307	23002.7	1050	105	22716.6	18.1127	18.1127	72.4509	72.4509	0 43285.3 8399.08 	51684.4	6.67581	6.55445	12703.2	670	0.174271	0	4.029	1.02
108.5	0.00313251	0.000919648	23012.6	1050	105	22726.6	18.099	18.099	72.3961	72.3961	0 43269.7 8392.08 	51661.8	6.67558	6.55445	12703.2	670	0.1742	0	4.029	1.02
108.6	0.00313255	0.000919989	23022.4	1050	105	22736.6	18.0853	18.0853	72.3413	72.3413	0 43254.2 8385.09 	51639.2	6.67536	6.55445	12703.2	670	0.174129	0	4.029	1.02
108.7	0.00313258	0.000920331	23032.3	1050	105	22746.6	18.0717	18.0717	72.2867	72.2867	0 43238.6 8378.11 	51616.7	6.67514	6.55445	12703.2	670	0.174059	0	4.029	1.02
108.8	0.00313262	0.000920672	23042.1	1050	105	22756.6	18.058	18.058	72.2321	72.2321	0 43223.1 8371.13 	51594.2	6.67491	6.55445	12703.2	670	0.173988	0	4.029	1.02
108.9	0.00313265	0.000921013	23052	1050	105	22766.6	18.0444	18.0444	72.1775	72.1775	0 43207.5 8364.16 	51571.7	6.67469	6.55445	12703.2	670	0.173918	0	4.029	1.02
109	0.00313269	0.000921354	23061.8	1050	105	22776.5	18.0307	18.0307	72.123	72.123	0 43192 8357.2 	51549.2	6.67447	6.55445	12703.2	670	0.173847	0	4.029	1.02
109.1	0.00313272	0.000921695	23071.7	1050	105	22786.5	18.0171	18.0171	72.0685	72.0685	0 43176.5 8350.24 	51526.8	6.67425	6.55445	12703.2	670	0.173777	0	4.029	1.02
109.2	0.00313276	0.000922036	23081.6	1050	105	22796.5	18.0035	18.0035	72.0141	72.0141	0 43161 8343.29 	51504.3	6.67403	6.55445	12703.2	670	0.173706	0	4.029	1.02
109.3	0.00313279	0.000922377	23091.4	1050	105	22806.5	17.9899	17.9899	71.9598	71.9598	0 43145.6 8336.35 	51481.9	6.6738	6.55445	12703.2	670	0.173636	0	4.029	1.02
109.4	0.00313282	0.000922718	23101.3	1050	105	22816.5	17.9764	17.9764	71.9055	71.9055	0 43130.1 8329.41 	51459.5	6.67358	6.55445	12703.2	670	0.173565	0	4.029	1.02
109.5	0.00313286	0.000923059	23111.1	1050	105	22826.5	17.9628	17.9628	71.8512	71.8512	0 43114.6 8322.48 	51437.1	6.67336	6.55445	12703.2	670	0.173495	0	4.029	1.02
109.6	0.00313289	0.000923399	23121	1050	105	22836.5	17.9493	17.9493	71.7971	71.7971	0 43099.2 8315.55 	51414.8	6.67314	6.55445	12703.2	670	0.173424	0	4.029	1.02
109.7	0.00313293	0.00092374	23130.8	1050	105	22846.5	17.9357	17.9357	71.7429	71.7429	0 43083.8 8308.63 	51392.4	6.67292	6.55445	12703.2	670	0.173354	0	4.029	1.02
109.8	0.00313296	0.000924081	23140.7	1050	105	22856.4	17.9222	17.9222	71.6889	71.6889	0 43068.4 8301.72 	51370.1	6.6727	6.55445	12703.2	670	0.173283	0	4.029	1.02
109.9	0.003133	0.000924422	23150.5	1050	105	22866.4	17.9087	17.9087	71.6348	71.6348	0 43053 8294.81 	51347.8	6.67248	6.55445	12703.2	670	0.173213	0	4.029	1.02
110	0.00313303	0.000924763	23160.4	1050	105	22876.4	17.8952	17.8952	71.5809	71.5809	0 43037.6 8287.91 	51325.5	6.67226	6.55445	12703.2	670	0.173143	0	4.029	1.02
110.1	0.00313307	0.000925103	23170.2	1050	105	22886.4	17.8817	17.8817	71.527	71.527	0 43022.2 8281.01 	51303.2	6.67204	6.55445	12703.2	670	0.173072	0	4.029	1.02
110.2	0.0031331	0.000925444	23180.1	1050	105	22896.4	17.8683	17.8683	71.4731	71.4731	0 43006.8 8274.12 	51280.9	6.67182	6.55445	12703.2	670	0.173002	0	4.029	1.02
110.3	0.00313313	0.000925785	23189.9	1050	105	22906.4	17.8548	17.8548	71.4193	71.4193	0 42991.5 8267.24 	51258.7	6.6716	6.55445	12703.2	670	0.172931	0	4.029	1.02
110.4	0.00313317	0.000926125	23199.8	1050	105	22916.4	17.8414	17.8414	71.3655	71.3655	0 42976.1 8260.36 	51236.5	6.67139	6.55445	12703.2	670	0.172861	0	4.029	1.02
110.5	0.0031332	0.000926466	23209.6	1050	105	22926.4	17.828	17.828	71.3118	71.3118	0 42960.8 8253.48 	51214.3	6.67117	6.55445	12703.2	670	0.17279	0	4.029	1.02
110.6	0.00313324	0.000926807	23219.5	1050	105	22936.4	17.8145	17.8145	71.2582	71.2582	0 42945.4 8246.62 	51192.1	6.67095	6.55445	12703.2	670	0.17272	0	4.029	1.02
110.7	0.00313327	0.000927148	23229.4	1050	105	22946.3	17.8011	17.8011	71.2046	71.2046	0 42930.1 8239.76 	51169.9	6.67073	6.55445	12703.2	670	0.172649	0	4.029	1.02
110.8	0.0031333	0.000927488	23239.2	1050	105	22956.3	17.7878	17.7878	71.1511	71.1511	0 42914.8 8232.9 	51147.7	6.67052	6.55445	12703.2	670	0.172579	0	4.029	1.02
110.9	0.00313334	0.000927829	23249.1	1050	105	22966.3	17.7744	17.7744	71.0976	71.0976	0 42899.5 8226.05 	51125.6	6.6703	6.55445	12703.2	670	0.172508	0	4.029	1.02
111	0.00313337	0.00092817	23258.9	1050	105	22976.3	17.761	17.761	71.0441	71.0441	0 42884.3 8219.21 	51103.5	6.67008	6.55445	12703.2	670	0.172438	0	4.029	1.02
111.1	0.00313341	0.00092851	23268.8	1050	105	22986.3	17.7477	17.7477	70.9908	70.9908	0 42869 8212.37 	51081.4	6.66987	6.55445	12703.2	670	0.172368	0	4.029	1.02
111.2	0.00313344	0.000928851	23278.6	1050	105	22996.3	17.7344	17.7344	70.9374	70.9374	0 42853.7 8205.54 	51059.3	6.66965	6.55445	12703.2	670	0.172297	0	4.029	1.02
111.3	0.00313347	0.000929192	23288.5	1050	105	23006.3	17.721	17.721	70.8842	70.8842	0 42838.5 8198.72 	51037.2	6.66944	6.55445	12703.2	670	0.172227	0	4.029	1.02
111.4	0.00313351	0.000929533	23298.4	1050	105	23016.3	17.7077	17.7077	70.831	70.831	0 42823.2 8191.9 	51015.1	6.66922	6.55445	12703.2	670	0.172156	0	4.029	1.02
111.5	0.00313354	0.000929873	23308.2	1050	105	23026.3	17.6944	17.6944	70.7778	70.7778	0 42808 8185.08 	50993.1	6.66901	6.55445	12703.2	670	0.172086	0	4.029	1.02
111.6	0.00313357	0.000930214	23318.1	1050	105	23036.3	17.6812	17.6812	70.7247	70.7247	0 42792.7 8178.27 	50971	6.66879	6.55445	12703.2	670	0.172016	0	4.029	1.02
111.7	0.00313361	0.000930555	23328	1050	105	23046.3	17.6679	17.6679	70.6716	70.6716	0 42777.5 8171.47 	50949	6.66858	6.55445	12703.2	670	0.171945	0	4.029	1.02
111.8	0.00313364	0.000930896	23337.8	1050	105	23056.3	17.6547	17.6547	70.6186	70.6186	0 42762.3 8164.67 	50927	6.66837	6.55445	12703.2	670	0.171875	0	4.029	1.02
111.9	0.00313367	0.000931237	23347.7	1050	105	23066.3	17.6414	17.6414	70.5657	70.5657	0 42747.1 8157.88 	50905	6.66815	6.55445	12703.2	670	0.171804	0	4.029	1.02
112	0.00313371	0.000931578	23357.6	1050	105	23076.3	17.6282	17.6282	70.5128	70.5128	0 42731.9 8151.09 	50883	6.66794	6.55445	12703.2	670	0.171734	0	4.029	1.02
112.1	0.00313374	0.000931919	23367.4	1050	105	23086.3	17.615	17.615	70.4599	70.4599	0 42716.8 8144.31 	50861.1	6.66773	6.55445	12703.2	670	0.171664	0	4.029	1.02
112.2	0.00313377	0.00093226	23377.3	1050	105	23096.3	17.6018	17.6018	70.4071	70.4071	0 42701.6 8137.54 	50839.1	6.66752	6.55445	12703.2	670	0.171593	0	4.029	1.02
112.3	0.00313381	0.000932601	23387.2	1050	105	23106.3	17.5886	17.5886	70.3544	70.3544	0 42686.4 8130.77 	50817.2	6.66731	6.55445	12703.2	670	0.171523	0	4.029	1.02
112.4	0.00313384	0.000932942	23397.1	1050	105	23116.3	17.5754	17.5754	70.3017	70.3017	0 42671.3 8124 	50795.3	6.6671	6.55445	12703.2	670	0.171453	0	4.029	1.02
112.5	0.00313387	0.000933283	23406.9	1050	105	23126.3	17.5623	17.5623	70.2491	70.2491	0 42656.1 8117.24 	50773.4	6.66689	6.55445	12703.2	670	0.171382	0	4.029	1.02
112.6	0.00313391	0.000933624	23416.8	1050	105	23136.3	17.5491	17.5491	70.1965	70.1965	0 42641 8110.49 	50751.5	6.66668	6.55445	12703.2	670	0.171312	0	4.029	1.02
112.7	0.00311	0.00098907	24833.8	1050	105	24553.3	17.5488	17.5488	70.1952	70.1952	0 39943.6 7683.23 	47626.8	6.82157	6.55445	12703.2	670	0.172108	0	4.029	1.02
112.8	0.00310457	0.000999108	25083	1050	105	24802.5	17.5485	17.5485	70.1939	70.1939	0 39473.2 7578.47 	47051.7	6.85744	6.55445	12703.2	670	0.171464	0	4.029	1.02
112.9	0.00312919	0.000947234	23772	1050	105	23491.6	17.5353	17.5353	70.1413	70.1413	0 41965.1 8006.52 	49971.6	6.69684	6.55445	12703.2	670	0.171681	0	4.029	1.02
113	0.00311044	0.000989791	24857.4	1050	105	24577.1	17.5351	17.5351	70.1404	70.1404	0 39920.1 7671.77 	47591.9	6.81869	6.55445	12703.2	670	0.172014	0	4.029	1.02
113.1	0.00310507	0.000999824	25106.9	1050	105	24826.6	17.5349	17.5349	70.1394	70.1394	0 39451.3 7568.62 	47019.9	6.85412	6.55445	12703.2	670	0.171405	0	4.029	1.02
113.2	0.00312943	0.000948144	23799.4	1050	105	23519.1	17.5217	17.5217	70.087	70.087	0 41928 7989.87 	49917.9	6.69534	6.55445	12703.2	670	0.171521	0	4.029	1.02
113.3	0.0031107	0.000990797	24887.9	1050	105	24607.7	17.5216	17.5216	70.0863	70.0863	0 39882.9 7657 	47539.9	6.81698	6.55445	12703.2	670	0.171894	0	4.029	1.02
113.4	0.00310542	0.00100074	25135.5	1050	105	24855.3	17.5214	17.5214	70.0855	70.0855	0 39419.6 7555.84 	46975.5	6.85183	6.55445	12703.2	670	0.17131	0	4.029	1.02
113.5	0.00312962	0.000949125	23828.5	1050	105	23548.4	17.5083	17.5083	70.0331	70.0331	0 41887.2 7972.37 	49859.5	6.69412	6.55445	12703.2	670	0.171355	0	4.029	1.02
113.6	0.00311095	0.000991779	24917.7	1050	105	24637.6	17.5082	17.5082	70.0327	70.0327	0 39846.7 7641.99 	47488.7	6.81533	6.55445	12703.2	670	0.171763	0	4.029	1.02
113.7	0.00310576	0.00100163	25163.3	1050	105	24883.2	17.508	17.508	70.0322	70.0322	0 39388.9 7542.79 	46931.7	6.8496	6.55445	12703.2	670	0.171204	0	4.029	1.02
113.8	0.0031298	0.00095008	23856.9	1050	105	23576.9	17.495	17.495	69.9798	69.9798	0 41847.5 7954.77 	49802.3	6.69293	6.55445	12703.2	670	0.171181	0	4.029	1.02
113.9	0.0031112	0.000992734	24946.7	1050	105	24666.8	17.4949	17.4949	69.9796	69.9796	0 39811.5 7626.85 	47438.3	6.81371	6.55445	12703.2	670	0.171622	0	4.029	1.02
114	0.00310609	0.00100249	25190.4	1050	105	24910.4	17.4948	17.4948	69.9793	69.9793	0 39359.1 7529.57 	46888.6	6.84741	6.55445	12703.2	670	0.171087	0	4.029	1.02
114.1	0.00312999	0.000951012	23884.6	1050	105	23604.7	17.4817	17.4817	69.927	69.927	0 41809 7937.12 	49746.1	6.69175	6.55445	12703.2	670	0.170999	0	4.029	1.02
114.2	0.00311144	0.000993668	24975.1	1050	105	24695.3	17.4817	17.4817	69.927	69.927	0 39777.2 7611.61 	47388.8	6.81211	6.55445	12703.2	670	0.171474	0	4.029	1.02
114.3	0.00310641	0.00100334	25216.9	1050	105	24937	17.4817	17.4817	69.9269	69.9269	0 39330 7516.19 	46846.2	6.84526	6.55445	12703.2	670	0.170963	0	4.029	1.02
114.4	0.00313017	0.000951925	23911.7	1050	105	23632	17.4687	17.4687	69.8747	69.8747	0 41771.3 7919.43 	49690.7	6.69058	6.55445	12703.2	670	0.170812	0	4.029	1.02
114.5	0.00311168	0.000994584	25003	1050	105	24723.3	17.4687	17.4687	69.8749	69.8749	0 39743.6 7596.3 	47339.9	6.81053	6.55445	12703.2	670	0.17132	0	4.029	1.02
114.6	0.00310673	0.00100417	25242.8	1050	105	24963.1	17.4688	17.4688	69.875	69.875	0 39301.6 7502.7 	46804.3	6.84314	6.55445	12703.2	670	0.170832	0	4.029	1.02
114.7	0.00313035	0.000952823	23938.5	1050	105	23658.9	17.4557	17.4557	69.8228	69.8228	0 41734.4 7901.72 	49636.1	6.68942	6.55445	12703.2	670	0.170621	0	4.029	1.02
114.8	0.00311192	0.000995487	25030.5	1050	105	24750.9	17.4558	17.4558	69.8233	69.8233	0 39710.6 7580.91 	47291.5	6.80897	6.55445	12703.2	670	0.171161	0	4.029	1.02
114.9	0.00310705	0.00100498	25268.4	1050	105	24988.9	17.4559	17.4559	69.8237	69.8237	0 39273.7 7489.1 	46762.8	6.84105	6.55445	12703.2	670	0.170695	0	4.029	1.02
115	0.00313053	0.000953709	23964.8	1050	105	23685.4	17.4429	17.4429	69.7715	69.7715	0 41698 7883.99 	49582	6.68827	6.55445	12703.2	670	0.170425	0	4.029	1.02
115.1	0.00311216	0.000996378	25057.6	1050	105	24778.2	17.443	17.443	69.7721	69.7721	0 39678.1 7565.48 	47243.6	6.80742	6.55445	12703.2	670	0.170997	0	4.029	1.02
115.2	0.00310736	0.00100579	25293.7	1050	105	25014.2	17.4432	17.4432	69.7727	69.7727	0 39246.2 7475.42 	46721.6	6.83899	6.55445	12703.2	670	0.170553	0	4.029	1.02
115.3	0.00313071	0.000954584	23990.9	1050	105	23711.6	17.4302	17.4302	69.7206	69.7206	0 41662.2 7866.26 	49528.4	6.68713	6.55445	12703.2	670	0.170227	0	4.029	1.02
115.4	0.00311239	0.00099726	25084.5	1050	105	24805.2	17.4304	17.4304	69.7215	69.7215	0 39646 7550.01 	47196	6.8059	6.55445	12703.2	670	0.17083	0	4.029	1.02
115.5	0.00310767	0.00100659	25318.7	1050	105	25039.3	17.4306	17.4306	69.7223	69.7223	0 39219.1 7461.65 	46680.7	6.83695	6.55445	12703.2	670	0.170408	0	4.029	1.02
115.6	0.00313089	0.000955451	24016.8	1050	105	23737.6	17.4176	17.4176	69.6703	69.6703	0 41626.7 7848.54 	49475.2	6.68599	6.55445	12703.2	670	0.170027	0	4.029	1.02
115.7	0.00311262	0.000998134	25111.1	1050	105	24831.9	17.4178	17.4178	69.6713	69.6713	0 39614.2 7534.5 	47148.7	6.80438	6.55445	12703.2	670	0.170661	0	4.029	1.02
115.8	0.00310798	0.00100738	25343.4	1050	105	25064.2	17.4181	17.4181	69.6724	69.6724	0 39192.2 7447.82 	46640	6.83494	6.55445	12703.2	670	0.170258	0	4.029	1.02
115.9	0.00313106	0.000956311	24042.5	1050	105	23763.4	17.4051	17.4051	69.6204	69.6204	0 41591.6 7830.82 	49422.4	6.68486	6.55445	12703.2	670	0.169824	0	4.029	1.02
116	0.00311285	0.000999003	25137.6	1050	105	24858.5	17.4054	17.4054	69.6216	69.6216	0 39582.6 7518.97 	47101.6	6.80288	6.55445	12703.2	670	0.170489	0	4.029	1.02
116.1	0.00310828	0.00100816	25368	1050	105	25089	17.4057	17.4057	69.6229	69.6229	0 39165.5 7433.93 	46599.4	6.83295	6.55445	12703.2	670	0.170106	0	4.029	1.02
116.2	0.00313124	0.000957166	24068	1050	105	23789.1	17.3927	17.3927	69.5709	69.5709	0 41556.8 7813.11 	49369.9	6.68373	6.55445	12703.2	670	0.16962	0	4.029	1.02
116.3	0.00311308	0.000999867	25163.9	1050	105	24885	17.3931	17.3931	69.5724	69.5724	0 39551.3 7503.43 	47054.7	6.8014	6.55445	12703.2	670	0.170314	0	4.029	1.02
116.4	0.00310858	0.00100894	25392.5	1050	105	25113.5	17.3935	17.3935	69.5738	69.5738	0 39139 7420 	46559	6.83098	6.55445	12703.2	670	0.16995	0	4.029	1.02
116.5	0.00313141	0.000958017	24093.4	1050	105	23814.6	17.3805	17.3805	69.5219	69.5219	0 41522.2 7795.42 	49317.6	6.68261	6.55445	12703.2	670	0.169415	0	4.029	1.02
116.6	0.0031133	0.00100073	25190.1	1050	105	24911.3	17.3809	17.3809	69.5236	69.5236	0 39520.2 7487.87 	47008	6.79993	6.55445	12703.2	670	0.170138	0	4.029	1.02
116.7	0.00310887	0.00100971	25416.8	1050	105	25138	17.3813	17.3813	69.5253	69.5253	0 39112.7 7406.01 	46518.7	6.82903	6.55445	12703.2	670	0.169792	0	4.029	1.02
116.8	0.00313159	0.000958864	24118.7	1050	105	23840	17.3684	17.3684	69.4734	69.4734	0 41487.8 7777.75 	49265.6	6.6815	6.55445	12703.2	670	0.169208	0	4.029	1.02
116.9	0.00311352	0.00100158	25216.2	1050	105	24937.5	17.3688	17.3688	69.4753	69.4753	0 39489.2 7472.3 	46961.5	6.79847	6.55445	12703.2	670	0.16996	0	4.029	1.02
117	0.00310916	0.00101049	25441	1050	105	25162.3	17.3693	17.3693	69.4772	69.4772	0 39086.4 7391.99 	46478.4	6.82711	6.55445	12703.2	670	0.169632	0	4.029	1.02
117.1	0.00313176	0.000959709	24143.9	1050	105	23865.3	17.3563	17.3563	69.4254	69.4254	0 41453.6 7760.1 	49213.7	6.68039	6.55445	12703.2	670	0.169001	0	4.029	1.02
117.2	0.00311374	0.00100244	25242.2	1050	105	24963.7	17.3569	17.3569	69.4275	69.4275	0 39458.3 7456.73 	46915.1	6.79702	6.55445	12703.2	670	0.169781	0	4.029	1.02
117.3	0.00310945	0.00101126	25465.1	1050	105	25186.6	17.3574	17.3574	69.4295	69.4295	0 39060.3 7377.92 	46438.2	6.8252	6.55445	12703.2	670	0.16947	0	4.029	1.02
117.4	0.00313193	0.000960551	24169.1	1050	105	23890.6	17.3444	17.3444	69.3778	69.3778	0 41419.5 7742.48 	49162	6.67929	6.55445	12703.2	670	0.168792	0	4.029	1.02
117.5	0.00311396	0.00100329	25268.2	1050	105	24989.8	17.345	17.345	69.3801	69.3801	0 39427.6 7441.15 	46868.7	6.79559	6.55445	12703.2	670	0.169601	0	4.029	1.02
117.6	0.00310974	0.00101202	25489.2	1050	105	25210.8	17.3456	17.3456	69.3823	69.3823	0 39034.3 7363.83 	46398.1	6.82331	6.55445	12703.2	670	0.169306	0	4.029	1.02
117.7	0.0031321	0.000961391	24194.2	1050	105	23915.8	17.3327	17.3327	69.3306	69.3306	0 41385.6 7724.88 	49110.5	6.6782	6.55445	12703.2	670	0.168584	0	4.029	1.02
117.8	0.00311418	0.00100414	25294.1	1050	105	25015.8	17.3333	17.3333	69.3331	69.3331	0 39396.9 7425.57 	46822.5	6.79417	6.55445	12703.2	670	0.169419	0	4.029	1.02
117.9	0.00311002	0.00101279	25513.2	1050	105	25234.9	17.3339	17.3339	69.3356	69.3356	0 39008.3 7349.71 	46358	6.82145	6.55445	12703.2	670	0.169141	0	4.029	1.02
118	0.00313227	0.00096223	24219.2	1050	105	23941	17.321	17.321	69.2839	69.2839	0 41351.7 7707.3 	49059	6.67711	6.55445	12703.2	670	0.168374	0	4.029	1.02
118.1	0.0031144	0.00100499	25320	1050	105	25041.8	17.3217	17.3217	69.2866	69.2866	0 39366.3 7409.99 	46776.3	6.79276	6.55445	12703.2	670	0.169237	0	4.029	1.02
118.2	0.0031103	0.00101356	25537.2	1050	105	25259	17.3223	17.3223	69.2892	69.2892	0 38982.4 7335.55 	46317.9	6.8196	6.55445	12703.2	670	0.168974	0	4.029	1.02
118.3	0.00313244	0.000963068	24244.3	1050	105	23966.2	17.3094	17.3094	69.2376	69.2376	0 41318 7689.76 	49007.7	6.67602	6.55445	12703.2	670	0.168165	0	4.029	1.02
118.4	0.00311461	0.00100584	25345.9	1050	105	25067.8	17.3101	17.3101	69.2405	69.2405	0 39335.8 7394.41 	46730.2	6.79136	6.55445	12703.2	670	0.169054	0	4.029	1.02
118.5	0.00311058	0.00101432	25561.1	1050	105	25283	17.3108	17.3108	69.2434	69.2434	0 38956.5 7321.38 	46277.8	6.81776	6.55445	12703.2	670	0.168805	0	4.029	1.02
118.6	0.00313261	0.000963906	24269.3	1050	105	23991.3	17.2979	17.2979	69.1918	69.1918	0 41284.3 7672.23 	48956.6	6.67494	6.55445	12703.2	670	0.167955	0	4.029	1.02
118.7	0.00311482	0.00100669	25371.7	1050	105	25093.8	17.2987	17.2987	69.1949	69.1949	0 39305.3 7378.83 	46684.1	6.78997	6.55445	12703.2	670	0.168869	0	4.029	1.02
118.8	0.00311086	0.00101508	25585	1050	105	25307	17.2995	17.2995	69.1979	69.1979	0 38930.6 7307.18 	46237.8	6.81595	6.55445	12703.2	670	0.168635	0	4.029	1.02
118.9	0.00313278	0.000964742	24294.3	1050	105	24016.4	17.2866	17.2866	69.1464	69.1464	0 41250.7 7654.74 	48905.5	6.67387	6.55445	12703.2	670	0.167744	0	4.029	1.02
119	0.00311503	0.00100754	25397.6	1050	105	25119.7	17.2874	17.2874	69.1497	69.1497	0 39274.9 7363.26 	46638.1	6.78859	6.55445	12703.2	670	0.168685	0	4.029	1.02
119.1	0.00311113	0.00101585	25608.9	1050	105	25331	17.2882	17.2882	69.1529	69.1529	0 38904.8 7292.96 	46197.7	6.81415	6.55445	12703.2	670	0.168464	0	4.029	1.02
119.2	0.00313295	0.000965579	24319.3	1050	105	24041.5	17.2754	17.2754	69.1014	69.1014	0 41217.2 7637.27 	48854.5	6.6728	6.55445	12703.2	670	0.167534	0	4.029	1.02
119.3	0.00311524	0.00100839	25423.4	1050	105	25145.6	17.2762	17.2762	69.1049	69.1049	0 39244.4 7347.68 	46592.1	6.78723	6.55445	12703.2	670	0.168499	0	4.029	1.02
119.4	0.0031114	0.00101661	25632.7	1050	105	25355	17.2771	17.2771	69.1083	69.1083	0 38879 7278.72 	46157.7	6.81237	6.55445	12703.2	670	0.168292	0	4.029	1.02
119.5	0.00313311	0.000966415	24344.3	1050	105	24066.7	17.2642	17.2642	69.0569	69.0569	0 41183.7 7619.84 	48803.5	6.67174	6.55445	12703.2	670	0.167323	0	4.029	1.02
119.6	0.00311545	0.00100923	25449.2	1050	105	25171.6	17.2651	17.2651	69.0605	69.0605	0 39214.1 7332.12 	46546.2	6.78588	6.55445	12703.2	670	0.168313	0	4.029	1.02
119.7	0.00311167	0.00101737	25656.6	1050	105	25378.9	17.266	17.266	69.0641	69.0641	0 38853.2 7264.46 	46117.6	6.81061	6.55445	12703.2	670	0.168118	0	4.029	1.02
119.8	0.00313328	0.000967252	24369.3	1050	105	24091.8	17.2532	17.2532	69.0127	69.0127	0 41150.2 7602.42 	48752.7	6.67069	6.55445	12703.2	670	0.167112	0	4.029	1.02
119.9	0.00311565	0.00101008	25475.1	1050	105	25197.5	17.2541	17.2541	69.0166	69.0166	0 39183.7 7316.56 	46500.3	6.78454	6.55445	12703.2	670	0.168126	0	4.029	1.02
120	0.00311194	0.00101814	25680.4	1050	105	25402.8	17.2551	17.2551	69.0204	69.0204	0 38827.4 7250.18 	46077.6	6.80886	6.55445	12703.2	670	0.167944	0	4.029	1.02
120.1	0.00313344	0.000968088	24394.3	1050	105	24116.9	17.2423	17.2423	68.969	68.969	0 41116.8 7585.04 	48701.9	6.66964	6.55445	12703.2	670	0.166901	0	4.029	1.02
120.2	0.00311586	0.00101093	25500.9	1050	105	25223.5	17.2433	17.2433	68.9731	68.9731	0 39153.3 7301 	46454.3	6.78321	6.55445	12703.2	670	0.167939	0	4.029	1.02
120.3	0.0031122	0.0010189	25704.2	1050	105	25426.8	17.2443	17.2443	68.977	68.977	0 38801.6 7235.89 	46037.5	6.80713	6.55445	12703.2	670	0.167768	0	4.029	1.02
120.4	0.0031336	0.000968925	24419.3	1050	105	24142	17.2314	17.2314	68.9257	68.9257	0 41083.5 7567.68 	48651.1	6.6686	6.55445	12703.2	670	0.16669	0	4.029	1.02
120.5	0.00311606	0.00101178	25526.7	1050	105	25249.4	17.2325	17.2325	68.9299	68.9299	0 39123 7285.45 	46408.5	6.78189	6.55445	12703.2	670	0.167751	0	4.029	1.02
120.6	0.00311246	0.00101966	25728	1050	105	25450.7	17.2335	17.2335	68.9341	68.9341	0 38775.8 7221.58 	45997.4	6.80541	6.55445	12703.2	670	0.167592	0	4.029	1.02
120.7	0.00313377	0.000969763	24444.4	1050	105	24167.1	17.2207	17.2207	68.8828	68.8828	0 41050.1 7550.36 	48600.5	6.66757	6.55445	12703.2	670	0.166479	0	4.029	1.02
120.8	0.00311626	0.00101263	25552.6	1050	105	25275.4	17.2218	17.2218	68.8872	68.8872	0 39092.7 7269.9 	46362.6	6.78059	6.55445	12703.2	670	0.167562	0	4.029	1.02
120.9	0.00311272	0.00102042	25751.8	1050	105	25474.6	17.2229	17.2229	68.8916	68.8916	0 38750.1 7207.26 	45957.3	6.80372	6.55445	12703.2	670	0.167414	0	4.029	1.02
121	0.00313393	0.000970601	24469.4	1050	105	24192.3	17.2101	17.2101	68.8404	68.8404	0 41016.8 7533.05 	48549.8	6.66654	6.55445	12703.2	670	0.166268	0	4.029	1.02
121.1	0.00311646	0.00101348	25578.5	1050	105	25301.3	17.2112	17.2112	68.8449	68.8449	0 39062.3 7254.36 	46316.7	6.77929	6.55445	12703.2	670	0.167374	0	4.029	1.02
121.2	0.00311298	0.00102119	25775.6	1050	105	25498.5	17.2124	17.2124	68.8495	68.8495	0 38724.3 7192.93 	45917.2	6.80203	6.55445	12703.2	670	0.167235	0	4.029	1.02
121.3	0.00313409	0.00097144	24494.5	1050	105	24217.5	17.1996	17.1996	68.7983	68.7983	0 40983.4 7515.78 	48499.2	6.66552	6.55445	12703.2	670	0.166056	0	4.029	1.02
121.4	0.00311665	0.00101433	25604.4	1050	105	25327.3	17.2008	17.2008	68.803	68.803	0 39032 7238.83 	46270.8	6.77801	6.55445	12703.2	670	0.167184	0	4.029	1.02
121.5	0.00311323	0.00102195	25799.5	1050	105	25522.4	17.2019	17.2019	68.8077	68.8077	0 38698.5 7178.58 	45877.1	6.80037	6.55445	12703.2	670	0.167056	0	4.029	1.02
121.6	0.00313425	0.000972279	24519.6	1050	105	24242.7	17.1892	17.1892	68.7566	68.7566	0 40950.1 7498.53 	48448.7	6.6645	6.55445	12703.2	670	0.165845	0	4.029	1.02
121.7	0.00311685	0.00101519	25630.3	1050	105	25353.4	17.1904	17.1904	68.7615	68.7615	0 39001.6 7223.3 	46224.9	6.77674	6.55445	12703.2	670	0.166994	0	4.029	1.02
121.8	0.00311349	0.00102272	25823.3	1050	105	25546.4	17.1916	17.1916	68.7664	68.7664	0 38672.7 7164.22 	45836.9	6.79871	6.55445	12703.2	670	0.166876	0	4.029	1.02
121.9	0.00313441	0.00097312	24544.7	1050	105	24267.9	17.1788	17.1788	68.7153	68.7153	0 40916.8 7481.31 	48398.1	6.66349	6.55445	12703.2	670	0.165634	0	4.029	1.02
122	0.00311704	0.00101604	25656.2	1050	105	25379.4	17.1801	17.1801	68.7204	68.7204	0 38971.3 7207.77 	46179.1	6.77548	6.55445	12703.2	670	0.166804	0	4.029	1.02
122.1	0.00311374	0.00102348	25847.1	1050	105	25570.3	17.1814	17.1814	68.7255	68.7255	0 38646.9 7149.85 	45796.7	6.79708	6.55445	12703.2	670	0.166695	0	4.029	1.02
122.2	0.00313456	0.000973962	24569.8	1050	105	24293.1	17.1686	17.1686	68.6744	68.6744	0 40883.5 7464.12 	48347.6	6.66249	6.55445	12703.2	670	0.165422	0	4.029	1.02
122.3	0.00311723	0.0010169	25682.2	1050	105	25405.5	17.1699	17.1699	68.6797	68.6797	0 38940.9 7192.26 	46133.2	6.77424	6.55445	12703.2	670	0.166614	0	4.029	1.02
122.4	0.00311398	0.00102425	25871	1050	105	25594.3	17.1712	17.1712	68.6849	68.6849	0 38621 7135.47 	45756.5	6.79546	6.55445	12703.2	670	0.166513	0	4.029	1.02
122.5	0.00313472	0.000974804	24595	1050	105	24318.4	17.1585	17.1585	68.6339	68.6339	0 40850.2 7446.95 	48297.1	6.6615	6.55445	12703.2	670	0.165211	0	4.029	1.02
122.6	0.00311742	0.00101775	25708.2	1050	105	25431.6	17.1598	17.1598	68.6394	68.6394	0 38910.5 7176.75 	46087.2	6.773	6.55445	12703.2	670	0.166423	0	4.029	1.02
122.7	0.00311423	0.00102502	25894.8	1050	105	25618.2	17.1612	17.1612	68.6448	68.6448	0 38595.2 7121.08 	45716.3	6.79385	6.55445	12703.2	670	0.166331	0	4.029	1.02
122.8	0.00313487	0.000975648	24620.2	1050	105	24343.7	17.1484	17.1484	68.5938	68.5938	0 40816.9 7429.8 	48246.7	6.66052	6.55445	12703.2	670	0.164999	0	4.029	1.02
122.9	0.00311761	0.00101861	25734.2	1050	105	25457.7	17.1499	17.1499	68.5994	68.5994	0 38880.1 7161.25 	46041.3	6.77178	6.55445	12703.2	670	0.166231	0	4.029	1.02
123	0.00311447	0.00102578	25918.7	1050	105	25642.2	17.1512	17.1512	68.605	68.605	0 38569.3 7106.68 	45676	6.79226	6.55445	12703.2	670	0.166147	0	4.029	1.02
123.1	0.00313503	0.000976494	24645.5	1050	105	24369.1	17.1385	17.1385	68.5541	68.5541	0 40783.5 7412.68 	48196.2	6.65954	6.55445	12703.2	670	0.164788	0	4.029	1.02
123.2	0.00311779	0.00101947	25760.3	1050	105	25483.9	17.14	17.14	68.5599	68.5599	0 38849.6 7145.75 	45995.4	6.77057	6.55445	12703.2	670	0.16604	0	4.029	1.02
123.3	0.00311471	0.00102655	25942.6	1050	105	25666.2	17.1414	17.1414	68.5656	68.5656	0 38543.4 7092.27 	45635.7	6.79069	6.55445	12703.2	670	0.165963	0	4.029	1.02
123.4	0.00313518	0.000977341	24670.8	1050	105	24394.5	17.1287	17.1287	68.5147	68.5147	0 40750.2 7395.59 	48145.7	6.65857	6.55445	12703.2	670	0.164577	0	4.029	1.02
123.5	0.00311798	0.00102033	25786.4	1050	105	25510.1	17.1302	17.1302	68.5207	68.5207	0 38819.1 7130.26 	45949.4	6.76937	6.55445	12703.2	670	0.165848	0	4.029	1.02
123.6	0.00311495	0.00102732	25966.5	1050	105	25690.2	17.1316	17.1316	68.5266	68.5266	0 38517.5 7077.85 	45595.3	6.78913	6.55445	12703.2	670	0.165779	0	4.029	1.02
123.7	0.00313533	0.000978189	24696.1	1050	105	24419.9	17.1189	17.1189	68.4757	68.4757	0 40716.8 7378.52 	48095.3	6.65761	6.55445	12703.2	670	0.164366	0	4.029	1.02
123.8	0.00311816	0.00102119	25812.6	1050	105	25536.4	17.1205	17.1205	68.4818	68.4818	0 38788.6 7114.77 	45903.3	6.76819	6.55445	12703.2	670	0.165656	0	4.029	1.02
123.9	0.00311519	0.00102809	25990.5	1050	105	25714.2	17.122	17.122	68.4879	68.4879	0 38491.5 7063.43 	45554.9	6.78758	6.55445	12703.2	670	0.165593	0	4.029	1.02
124	0.00313548	0.00097904	24721.5	1050	105	24445.4	17.1093	17.1093	68.4371	68.4371	0 40683.3 7361.48 	48044.8	6.65665	6.55445	12703.2	670	0.164155	0	4.029	1.02
124.1	0.00311834	0.00102206	25838.8	1050	105	25562.7	17.1108	17.1108	68.4434	68.4434	0 38758 7099.29 	45857.3	6.76702	6.55445	12703.2	670	0.165463	0	4.029	1.02
124.2	0.00311542	0.00102887	26014.4	1050	105	25738.3	17.1124	17.1124	68.4496	68.4496	0 38465.5 7049 	45514.5	6.78605	6.55445	12703.2	670	0.165407	0	4.029	1.02
124.3	0.00313563	0.000979892	24746.9	1050	105	24470.9	17.0997	17.0997	68.3988	68.3988	0 40649.9 7344.46 	47994.4	6.65571	6.55445	12703.2	670	0.163943	0	4.029	1.02
124.4	0.00311852	0.00102292	25865.1	1050	105	25589.1	17.1013	17.1013	68.4053	68.4053	0 38727.4 7083.82 	45811.2	6.76586	6.55445	12703.2	670	0.16527	0	4.029	1.02
124.5	0.00311565	0.00102964	26038.4	1050	105	25762.4	17.1029	17.1029	68.4117	68.4117	0 38439.4 7034.56 	45474	6.78454	6.55445	12703.2	670	0.165221	0	4.029	1.02
124.6	0.00313577	0.000980746	24772.4	1050	105	24496.5	17.0902	17.0902	68.3609	68.3609	0 40616.4 7327.46 	47943.9	6.65477	6.55445	12703.2	670	0.163732	0	4.029	1.02
124.7	0.00311869	0.00102379	25891.4	1050	105	25615.5	17.0919	17.0919	68.3675	68.3675	0 38696.7 7068.35 	45765	6.76472	6.55445	12703.2	670	0.165077	0	4.029	1.02
124.8	0.00311588	0.00103042	26062.5	1050	105	25786.5	17.0935	17.0935	68.3741	68.3741	0 38413.3 7020.11 	45433.4	6.78304	6.55445	12703.2	670	0.165034	0	4.029	1.02
124.9	0.00313592	0.000981602	24798	1050	105	24522.1	17.0808	17.0808	68.3234	68.3234	0 40582.9 7310.48 	47893.3	6.65385	6.55445	12703.2	670	0.163522	0	4.029	1.02
125	0.00311887	0.00102466	25917.8	1050	105	25642	17.0825	17.0825	68.3301	68.3301	0 38666 7052.88 	45718.8	6.76358	6.55445	12703.2	670	0.164884	0	4.029	1.02
125.1	0.00311611	0.00103119	26086.6	1050	105	25810.7	17.0842	17.0842	68.3369	68.3369	0 38387.2 7005.66 	45392.8	6.78156	6.55445	12703.2	670	0.164846	0	4.029	1.02
125.2	0.00313606	0.00098246	24823.6	1050	105	24547.8	17.0715	17.0715	68.2862	68.2862	0 40549.3 7293.53 	47842.8	6.65293	6.55445	12703.2	670	0.163311	0	4.029	1.02
125.3	0.00311904	0.00102554	25944.2	1050	105	25668.5	17.0733	17.0733	68.2931	68.2931	0 38635.1 7037.43 	45672.6	6.76247	6.55445	12703.2	670	0.16469	0	4.029	1.02
125.4	0.00311633	0.00103197	26110.7	1050	105	25834.9	17.075	17.075	68.3	68.3	0 38361 6991.2 	45352.2	6.78009	6.55445	12703.2	670	0.164658	0	4.029	1.02
125.5	0.00313621	0.000983321	24849.2	1050	105	24573.6	17.0623	17.0623	68.2493	68.2493	0 40515.6 7276.6 	47792.2	6.65202	6.55445	12703.2	670	0.1631	0	4.029	1.02
125.6	0.00311921	0.00102641	25970.7	1050	105	25695.1	17.0641	17.0641	68.2564	68.2564	0 38604.3 7021.97 	45626.3	6.76136	6.55445	12703.2	670	0.164496	0	4.029	1.02
125.7	0.00311656	0.00103275	26134.8	1050	105	25859.2	17.0659	17.0659	68.2634	68.2634	0 38334.7 6976.73 	45311.5	6.77863	6.55445	12703.2	670	0.164469	0	4.029	1.02
125.8	0.00313635	0.000984184	24875	1050	105	24599.4	17.0532	17.0532	68.2128	68.2128	0 40481.9 7259.69 	47741.6	6.65112	6.55445	12703.2	670	0.16289	0	4.029	1.02
125.9	0.00311938	0.00102729	25997.3	1050	105	25721.7	17.055	17.055	68.2201	68.2201	0 38573.3 7006.52 	45579.9	6.76027	6.55445	12703.2	670	0.164303	0	4.029	1.02
126	0.00311678	0.00103353	26159	1050	105	25883.5	17.0568	17.0568	68.2272	68.2272	0 38308.4 6962.26 	45270.7	6.7772	6.55445	12703.2	670	0.16428	0	4.029	1.02
126.1	0.00313649	0.00098505	24900.8	1050	105	24625.3	17.0442	17.0442	68.1767	68.1767	0 40448.1 7242.8 	47690.9	6.65024	6.55445	12703.2	670	0.162679	0	4.029	1.02
126.2	0.00311954	0.00102817	26023.9	1050	105	25748.5	17.046	17.046	68.1841	68.1841	0 38542.3 6991.08 	45533.4	6.7592	6.55445	12703.2	670	0.164108	0	4.029	1.02
126.3	0.003117	0.00103432	26183.3	1050	105	25907.8	17.0478	17.0478	68.1914	68.1914	0 38282.1 6947.78 	45229.8	6.77577	6.55445	12703.2	670	0.16409	0	4.029	1.02
126.4	0.00313662	0.000985918	24926.7	1050	105	24651.3	17.0352	17.0352	68.1409	68.1409	0 40414.3 7225.93 	47640.2	6.64936	6.55445	12703.2	670	0.162469	0	4.029	1.02
126.5	0.0031197	0.00102906	26050.7	1050	105	25775.3	17.0371	17.0371	68.1484	68.1484	0 38511.2 6975.64 	45486.8	6.75814	6.55445	12703.2	670	0.163914	0	4.029	1.02
126.6	0.00311721	0.0010351	26207.6	1050	105	25932.2	17.039	17.039	68.1559	68.1559	0 38255.6 6933.3 	45188.9	6.77437	6.55445	12703.2	670	0.1639	0	4.029	1.02
126.7	0.00311253	0.00104542	26472.3	1050	105	26196.9	17.0396	17.0396	68.1583	68.1583	0 37821.3 6857.92 	44679.2	6.80496	6.55445	12703.2	670	0.163756	0	4.029	1.02
126.8	0.00311183	0.00104728	26521	1050	105	26245.6	17.0402	17.0402	68.1607	68.1607	0 37745.7 6841.75 	44587.4	6.80954	6.55445	12703.2	670	0.163671	0	4.029	1.02
126.9	0.00313516	0.000992049	25092.7	1050	105	24817.4	17.0276	17.0276	68.1102	68.1102	0 40145.7 7173.86 	47319.6	6.6587	6.55445	12703.2	670	0.162373	0	4.029	1.02
127	0.00312037	0.00102973	26075	1050	105	25799.7	17.0296	17.0296	68.1183	68.1183	0 38494.3 6956.21 	45450.5	6.75378	6.55445	12703.2	670	0.16361	0	4.029	1.02
127.1	0.00311788	0.00103583	26233.4	1050	105	25958.1	17.0316	17.0316	68.1262	68.1262	0 38237 6914.19 	45151.2	6.77	6.55445	12703.2	670	0.16361	0	4.029	1.02
127.2	0.00311323	0.00104621	26500.3	1050	105	26225	17.0323	17.0323	68.1292	68.1292	0 37801.2 6839.95 	44641.1	6.80036	6.55445	12703.2	670	0.163499	0	4.029	1.02
127.3	0.00311251	0.00104813	26550.6	1050	105	26275.3	17.033	17.033	68.1321	68.1321	0 37723.3 6823.55 	44546.8	6.80509	6.55445	12703.2	670	0.163417	0	4.029	1.02
127.4	0.0031355	0.00099329	25130.8	1050	105	24855.5	17.0204	17.0204	68.0816	68.0816	0 40100 7148.06 	47248	6.65652	6.55445	12703.2	670	0.162034	0	4.029	1.02
127.5	0.00312068	0.0010312	26119.6	1050	105	25844.3	17.0225	17.0225	68.0899	68.0899	0 38443.3 6931.44 	45374.7	6.75179	6.55445	12703.2	670	0.163306	0	4.029	1.02
127.6	0.00311827	0.00103715	26274.3	1050	105	25999.1	17.0245	17.0245	68.0981	68.0981	0 38193.1 6890.83 	45083.9	6.7675	6.55445	12703.2	670	0.163311	0	4.029	1.02
127.7	0.00311369	0.00104745	26539.4	1050	105	26264.2	17.0254	17.0254	68.1014	68.1014	0 37762.2 6818.26 	44580.5	6.79735	6.55445	12703.2	670	0.163222	0	4.029	1.02
127.8	0.00311301	0.00104929	26588	1050	105	26312.8	17.0262	17.0262	68.1047	68.1047	0 37687.4 6802.57 	44490	6.80181	6.55445	12703.2	670	0.163144	0	4.029	1.02
127.9	0.00313578	0.000994653	25171.9	1050	105	24896.8	17.0136	17.0136	68.0543	68.0543	0 40048.6 7121.47 	47170.1	6.65471	6.55445	12703.2	670	0.161696	0	4.029	1.02
128	0.00312099	0.00103264	26163.4	1050	105	25888.3	17.0157	17.0157	68.0628	68.0628	0 38393.4 6906.66 	45300.1	6.74982	6.55445	12703.2	670	0.162996	0	4.029	1.02
128.1	0.00311865	0.00103844	26314.6	1050	105	26039.4	17.0178	17.0178	68.0712	68.0712	0 38150.2 6867.42 	45017.6	6.76502	6.55445	12703.2	670	0.163006	0	4.029	1.02
128.2	0.00311415	0.00104866	26577.9	1050	105	26302.7	17.0187	17.0187	68.0749	68.0749	0 37724 6796.49 	44520.5	6.79438	6.55445	12703.2	670	0.162937	0	4.029	1.02
128.3	0.00311351	0.00105044	26624.8	1050	105	26349.6	17.0196	17.0196	68.0785	68.0785	0 37652.4 6781.48 	44433.9	6.79858	6.55445	12703.2	670	0.162863	0	4.029	1.02
128.4	0.00313606	0.000996003	25212.7	1050	105	24937.7	17.007	17.007	68.0281	68.0281	0 39997.9 7094.88 	47092.8	6.65292	6.55445	12703.2	670	0.161353	0	4.029	1.02
128.5	0.00312128	0.00103407	26207	1050	105	25931.9	17.0092	17.0092	68.0368	68.0368	0 38343.9 6881.83 	45225.7	6.74789	6.55445	12703.2	670	0.16268	0	4.029	1.02
128.6	0.00311902	0.00103973	26354.5	1050	105	26079.4	17.0114	17.0114	68.0455	68.0455	0 38107.6 6843.94 	44951.5	6.76259	6.55445	12703.2	670	0.162695	0	4.029	1.02
128.7	0.00311459	0.00104986	26616	1050	105	26340.9	17.0124	17.0124	68.0495	68.0495	0 37686.2 6774.61 	44460.8	6.79146	6.55445	12703.2	670	0.162645	0	4.029	1.02
128.8	0.00311399	0.00105157	26661.1	1050	105	26386	17.0134	17.0134	68.0535	68.0535	0 37617.8 6760.28 	44378.1	6.79539	6.55445	12703.2	670	0.162576	0	4.029	1.02
128.9	0.00313634	0.000997345	25253.3	1050	105	24978.3	17.0008	17.0008	68.0031	68.0031	0 39947.6 7068.31 	47016	6.65115	6.55445	12703.2	670	0.161008	0	4.029	1.02
129	0.00312158	0.0010355	26250.5	1050	105	25975.5	17.003	17.003	68.0121	68.0121	0 38294.5 6856.97 	45151.5	6.74599	6.55445	12703.2	670	0.162361	0	4.029	1.02
129.1	0.00311939	0.00104101	26394.2	1050	105	26119.2	17.0052	17.0052	68.021	68.021	0 38065.2 6820.41 	44885.6	6.7602	6.55445	12703.2	670	0.16238	0	4.029	1.02
129.2	0.00311503	0.00105106	26653.9	1050	105	26378.9	17.0063	17.0063	68.0253	68.0253	0 37648.7 6752.64 	44401.3	6.78859	6.55445	12703.2	670	0.162349	0	4.029	1.02
129.3	0.00311447	0.00105269	26697.3	1050	105	26422.2	17.0074	17.0074	68.0296	68.0296	0 37583.4 6738.98 	44322.4	6.79226	6.55445	12703.2	670	0.162283	0	4.029	1.02
129.4	0.00313662	0.000998684	25293.8	1050	105	25018.8	16.9948	16.9948	67.9792	67.9792	0 39897.6 7041.76 	46939.3	6.64941	6.55445	12703.2	670	0.16066	0	4.029	1.02
129.5	0.00312186	0.00103693	26293.9	1050	105	26019	16.9971	16.9971	67.9884	67.9884	0 38245.3 6832.08 	45077.3	6.74414	6.55445	12703.2	670	0.16204	0	4.029	1.02
129.6	0.00311975	0.00104229	26433.9	1050	105	26158.9	16.9994	16.9994	67.9975	67.9975	0 38022.9 6796.83 	44819.7	6.75786	6.55445	12703.2	670	0.162062	0	4.029	1.02
129.7	0.00311547	0.00105225	26691.7	1050	105	26416.7	17.0005	17.0005	68.0022	68.0022	0 37611.2 6730.6 	44341.8	6.78576	6.55445	12703.2	670	0.162048	0	4.029	1.02
129.8	0.00311494	0.00105381	26733.2	1050	105	26458.2	17.0017	17.0017	68.0068	68.0068	0 37549.2 6717.6 	44266.8	6.78917	6.55445	12703.2	670	0.161986	0	4.029	1.02
129.9	0.00313689	0.00100002	25334.2	1050	105	25059.3	16.9891	16.9891	67.9565	67.9565	0 39847.5 7015.25 	46862.8	6.6477	6.55445	12703.2	670	0.160311	0	4.029	1.02
130	0.00312214	0.00103836	26337.5	1050	105	26062.6	16.9915	16.9915	67.9659	67.9659	0 38195.9 6807.18 	45003.1	6.74234	6.55445	12703.2	670	0.161717	0	4.029	1.02
130.1	0.0031201	0.00104357	26473.6	1050	105	26198.7	16.9938	16.9938	67.9752	67.9752	0 37980.6 6773.22 	44753.8	6.75555	6.55445	12703.2	670	0.161742	0	4.029	1.02
130.2	0.00311589	0.00105344	26729.4	1050	105	26454.5	16.995	16.995	67.9802	67.9802	0 37573.8 6708.5 	44282.3	6.78299	6.55445	12703.2	670	0.161744	0	4.029	1.02
130.3	0.00311541	0.00105492	26769	1050	105	26494	16.9963	16.9963	67.9851	67.9851	0 37515.1 6696.16 	44211.3	6.78613	6.55445	12703.2	670	0.161685	0	4.029	1.02
130.4	0.00313715	0.00100137	25374.8	1050	105	25099.9	16.9837	16.9837	67.9348	67.9348	0 39797.5 6988.77 	46786.3	6.64601	6.55445	12703.2	670	0.159962	0	4.029	1.02
130.5	0.00312241	0.0010398	26381.1	1050	105	26106.3	16.9861	16.9861	67.9444	67.9444	0 38146.4 6782.27 	44928.7	6.74057	6.55445	12703.2	670	0.161392	0	4.029	1.02
130.6	0.00312045	0.00104485	26513.4	1050	105	26238.5	16.9885	16.9885	67.9539	67.9539	0 37938.1 6749.59 	44687.7	6.75329	6.55445	12703.2	670	0.16142	0	4.029	1.02
130.7	0.00311631	0.00105463	26767.2	1050	105	26492.3	16.9898	16.9898	67.9592	67.9592	0 37536.3 6686.34 	44222.6	6.78026	6.55445	12703.2	670	0.161437	0	4.029	1.02
130.8	0.00311587	0.00105604	26804.7	1050	105	26529.8	16.9911	16.9911	67.9645	67.9645	0 37481.1 6674.65 	44155.7	6.78314	6.55445	12703.2	670	0.161381	0	4.029	1.02
130.9	0.00313741	0.00100271	25415.4	1050	105	25140.6	16.9785	16.9785	67.9142	67.9142	0 39747.4 6962.32 	46709.7	6.64436	6.55445	12703.2	670	0.159612	0	4.029	1.02
131	0.00312268	0.00104125	26425	1050	105	26150.2	16.981	16.981	67.924	67.924	0 38096.6 6757.35 	44854	6.73885	6.55445	12703.2	670	0.161066	0	4.029	1.02
131.1	0.00312079	0.00104614	26553.3	1050	105	26278.5	16.9834	16.9834	67.9337	67.9337	0 37895.5 6725.93 	44621.5	6.75108	6.55445	12703.2	670	0.161096	0	4.029	1.02
131.2	0.00311672	0.00105583	26804.9	1050	105	26530.1	16.9848	16.9848	67.9394	67.9394	0 37498.7 6664.13 	44162.8	6.77759	6.55445	12703.2	670	0.161128	0	4.029	1.02
131.3	0.00311632	0.00105715	26840.4	1050	105	26565.6	16.9862	16.9862	67.9449	67.9449	0 37447 6653.09 	44100.1	6.7802	6.55445	12703.2	670	0.161074	0	4.029	1.02
131.4	0.00313767	0.00100406	25456.2	1050	105	25181.4	16.9737	16.9737	67.8946	67.8946	0 39697.1 6935.91 	46633	6.64273	6.55445	12703.2	670	0.159261	0	4.029	1.02
131.5	0.00312294	0.0010427	26469.1	1050	105	26194.4	16.9762	16.9762	67.9046	67.9046	0 38046.6 6732.42 	44779	6.73718	6.55445	12703.2	670	0.16074	0	4.029	1.02
131.6	0.00312113	0.00104744	26593.3	1050	105	26318.6	16.9786	16.9786	67.9146	67.9146	0 37852.7 6702.26 	44554.9	6.74891	6.55445	12703.2	670	0.160771	0	4.029	1.02
131.7	0.00311712	0.00105703	26842.8	1050	105	26568	16.9801	16.9801	67.9205	67.9205	0 37461 6641.87 	44102.9	6.77496	6.55445	12703.2	670	0.160817	0	4.029	1.02
131.8	0.00311676	0.00105827	26876.2	1050	105	26601.3	16.9816	16.9816	67.9263	67.9263	0 37412.8 6631.47 	44044.3	6.7773	6.55445	12703.2	670	0.160765	0	4.029	1.02
131.9	0.00311361	0.00106544	27061.6	1050	105	26786.7	16.9824	16.9824	67.9297	67.9297	0 37123.3 6581.99 	43705.3	6.79791	6.55445	12703.2	670	0.160666	0	4.029	1.02
132	0.00311427	0.00106452	27039.6	1050	105	26764.8	16.9833	16.9833	67.9331	67.9331	0 37163.4 6585.99 	43749.4	6.79356	6.55445	12703.2	670	0.160633	0	4.029	1.02
132.1	0.00313723	0.0010082	25572.5	1050	105	25297.8	16.9707	16.9707	67.8828	67.8828	0 39528.8 6888.84 	46417.6	6.64548	6.55445	12703.2	670	0.158903	0	4.029	1.02
132.2	0.00312355	0.00104419	26516.9	1050	105	26242.2	16.9733	16.9733	67.8933	67.8933	0 37999.7 6701.43 	44701.2	6.73318	6.55445	12703.2	670	0.160289	0	4.029	1.02
132.3	0.00312179	0.00104885	26639.2	1050	105	26364.4	16.9759	16.9759	67.9037	67.9037	0 37809.8 6672.19 	44482	6.74459	6.55445	12703.2	670	0.160326	0	4.029	1.02
132.4	0.00311785	0.00105841	26888.1	1050	105	26613.4	16.9775	16.9775	67.9101	67.9101	0 37421 6613.29 	44034.3	6.77023	6.55445	12703.2	670	0.160395	0	4.029	1.02
132.5	0.0031175	0.00105962	26920.9	1050	105	26646.1	16.9791	16.9791	67.9164	67.9164	0 37374 6603.17 	43977.2	6.77247	6.55445	12703.2	670	0.160345	0	4.029	1.02
132.6	0.0031144	0.00106679	27106.6	1050	105	26831.8	16.9801	16.9801	67.9204	67.9204	0 37085.9 6554.94 	43640.8	6.79275	6.55445	12703.2	670	0.160272	0	4.029	1.02
132.7	0.00311505	0.00106587	27084.6	1050	105	26809.8	16.9811	16.9811	67.9243	67.9243	0 37125.6 6558.63 	43684.2	6.78851	6.55445	12703.2	670	0.160232	0	4.029	1.02
132.8	0.00313764	0.00101	25627.4	1050	105	25352.7	16.9685	16.9685	67.8741	67.8741	0 39463.5 6853.2 	46316.7	6.64289	6.55445	12703.2	670	0.15842	0	4.029	1.02
132.9	0.00312393	0.00104623	26578.9	1050	105	26304.1	16.9712	16.9712	67.8848	67.8848	0 37930.2 6667.18 	44597.4	6.73077	6.55445	12703.2	670	0.159842	0	4.029	1.02
133	0.00312226	0.00105067	26695.6	1050	105	26420.8	16.9739	16.9739	67.8954	67.8954	0 37750 6639.54 	44389.6	6.74153	6.55445	12703.2	670	0.159879	0	4.029	1.02
133.1	0.00311841	0.00106009	26941.4	1050	105	26666.6	16.9756	16.9756	67.9023	67.9023	0 37368.2 6582.48 	43950.6	6.76657	6.55445	12703.2	670	0.159964	0	4.029	1.02
133.2	0.00311812	0.00106119	26971.1	1050	105	26696.4	16.9773	16.9773	67.909	67.909	0 37326.1 6573.16 	43899.2	6.76846	6.55445	12703.2	670	0.159914	0	4.029	1.02
133.3	0.00311508	0.0010683	27155.6	1050	105	26880.8	16.9784	16.9784	67.9135	67.9135	0 37041.6 6526.4 	43568	6.78828	6.55445	12703.2	670	0.159863	0	4.029	1.02
133.4	0.00311574	0.00106733	27132.3	1050	105	26857.5	16.9795	16.9795	67.9179	67.9179	0 37083.2 6530.2 	43613.4	6.78395	6.55445	12703.2	670	0.159818	0	4.029	1.02
133.5	0.00313802	0.00101184	25683.4	1050	105	25408.7	16.9669	16.9669	67.8676	67.8676	0 39396.3 6817.33 	46213.6	6.64047	6.55445	12703.2	670	0.157935	0	4.029	1.02
133.6	0.00312429	0.00104827	26640.6	1050	105	26365.9	16.9696	16.9696	67.8786	67.8786	0 37861 6632.91 	44493.9	6.72844	6.55445	12703.2	670	0.15939	0	4.029	1.02
133.7	0.00312272	0.00105248	26751.7	1050	105	26476.9	16.9724	16.9724	67.8895	67.8895	0 37690.5 6606.84 	44297.4	6.73855	6.55445	12703.2	670	0.159425	0	4.029	1.02
133.8	0.00311896	0.00106177	26994.3	1050	105	26719.6	16.9742	16.9742	67.8967	67.8967	0 37315.7 6551.57 	43867.3	6.76299	6.55445	12703.2	670	0.159526	0	4.029	1.02
133.9	0.00311872	0.00106275	27021	1050	105	26746.3	16.976	16.976	67.9039	67.9039	0 37278.6 6543.04 	43821.6	6.76452	6.55445	12703.2	670	0.159476	0	4.029	1.02
134	0.00311575	0.00106979	27204.1	1050	105	26929.4	16.9772	16.9772	67.9088	67.9088	0 36997.9 6497.72 	43495.6	6.7839	6.55445	12703.2	670	0.159444	0	4.029	1.02
134.1	0.00311643	0.00106877	27179.3	1050	105	26904.6	16.9784	16.9784	67.9137	67.9137	0 37041.4 6501.62 	43543	6.77947	6.55445	12703.2	670	0.159395	0	4.029	1.02
134.2	0.00313839	0.00101369	25739.4	1050	105	25464.8	16.9659	16.9659	67.8634	67.8634	0 39329.1 6781.49 	46110.6	6.63812	6.55445	12703.2	670	0.157448	0	4.029	1.02
134.3	0.00312463	0.00105032	26702.8	1050	105	26428.1	16.9687	16.9687	67.8746	67.8746	0 37791.2 6598.57 	44389.8	6.72621	6.55445	12703.2	670	0.158935	0	4.029	1.02
134.4	0.00312317	0.00105431	26808	1050	105	26533.3	16.9714	16.9714	67.8858	67.8858	0 37630.7 6574.06 	44204.8	6.73566	6.55445	12703.2	670	0.158968	0	4.029	1.02
134.5	0.00311949	0.00106345	27047.3	1050	105	26772.5	16.9733	16.9733	67.8934	67.8934	0 37263.1 6520.54 	43783.6	6.7595	6.55445	12703.2	670	0.159082	0	4.029	1.02
134.6	0.00311931	0.00106431	27070.8	1050	105	26796.1	16.9752	16.9752	67.9009	67.9009	0 37231 6512.81 	43743.8	6.76068	6.55445	12703.2	670	0.159032	0	4.029	1.02
134.7	0.00311641	0.00107128	27252.5	1050	105	26977.7	16.9766	16.9766	67.9063	67.9063	0 36954.3 6468.88 	43423.1	6.77961	6.55445	12703.2	670	0.159019	0	4.029	1.02
134.8	0.0031171	0.0010702	27226.1	1050	105	26951.3	16.9779	16.9779	67.9116	67.9116	0 36999.9 6472.93 	43472.8	6.77507	6.55445	12703.2	670	0.158964	0	4.029	1.02
134.9	0.00311468	0.00107589	27374.1	1050	105	27099.3	16.9789	16.9789	67.9158	67.9158	0 36775.6 6435.2 	43210.8	6.79087	6.55445	12703.2	670	0.158897	0	4.029	1.02
135	0.00311593	0.00107367	27318.6	1050	105	27043.8	16.98	16.98	67.9199	67.9199	0 36866.4 6446.79 	43313.2	6.78272	6.55445	12703.2	670	0.15886	0	4.029	1.02
135.1	0.00313847	0.00101721	25841.8	1050	105	25567.1	16.9674	16.9674	67.8696	67.8696	0 39194.1 6730.84 	45925	6.63761	6.55445	12703.2	670	0.156893	0	4.029	1.02
135.2	0.00312523	0.00105261	26773.8	1050	105	26499.1	16.9703	16.9703	67.8813	67.8813	0 37716.2 6556.92 	44273.2	6.72232	6.55445	12703.2	670	0.158352	0	4.029	1.02
135.3	0.00312386	0.00105639	26873.9	1050	105	26599.1	16.9732	16.9732	67.8928	67.8928	0 37564.7 6533.87 	44098.6	6.73117	6.55445	12703.2	670	0.158385	0	4.029	1.02
135.4	0.00312028	0.00106542	27110.5	1050	105	26835.7	16.9752	16.9752	67.9009	67.9009	0 37203.6 6482.26 	43685.8	6.75441	6.55445	12703.2	670	0.158517	0	4.029	1.02
135.5	0.00312014	0.00106617	27131.3	1050	105	26856.5	16.9772	16.9772	67.909	67.909	0 37175.8 6475.16 	43650.9	6.7553	6.55445	12703.2	670	0.158465	0	4.029	1.02
135.6	0.0031173	0.00107309	27311.9	1050	105	27037.2	16.9788	16.9788	67.915	67.915	0 36902.5 6432.75 	43335.3	6.77378	6.55445	12703.2	670	0.158476	0	4.029	1.02
135.7	0.003118	0.00107196	27284.3	1050	105	27009.5	16.9802	16.9802	67.921	67.921	0 36949.6 6436.75 	43386.3	6.76921	6.55445	12703.2	670	0.158414	0	4.029	1.02
135.8	0.00311564	0.00107763	27432.2	1050	105	27157.3	16.9814	16.9814	67.9258	67.9258	0 36727.3 6400.28 	43127.6	6.78464	6.55445	12703.2	670	0.15837	0	4.029	1.02
135.9	0.00311686	0.0010754	27376.1	1050	105	27101.3	16.9826	16.9826	67.9305	67.9305	0 36818.1 6411.36 	43229.5	6.77663	6.55445	12703.2	670	0.15832	0	4.029	1.02
136	0.00311478	0.00108036	27505.3	1050	105	27230.5	16.9837	16.9837	67.9347	67.9347	0 36624.7 6378.55 	43003.2	6.79022	6.55445	12703.2	670	0.158253	0	4.029	1.02
136.1	0.00311632	0.00107749	27433.1	1050	105	27158.2	16.9847	16.9847	67.9389	67.9389	0 36740.3 6393.8 	43134.1	6.78018	6.55445	12703.2	670	0.158215	0	4.029	1.02
136.2	0.00313886	0.00102071	25946	1050	105	25671.3	16.9722	16.9722	67.8886	67.8886	0 39064.4 6673.17 	45737.5	6.63518	6.55445	12703.2	670	0.156176	0	4.029	1.02
136.3	0.00312585	0.00105568	26867.8	1050	105	26593.1	16.9752	16.9752	67.9007	67.9007	0 37613.8 6504.89 	44118.7	6.71835	6.55445	12703.2	670	0.157647	0	4.029	1.02
136.4	0.00312461	0.00105915	26959.8	1050	105	26685	16.9782	16.9782	67.9126	67.9126	0 37475.8 6483.85 	43959.6	6.72633	6.55445	12703.2	670	0.157675	0	4.029	1.02
136.5	0.00312115	0.00106799	27191.8	1050	105	26917	16.9803	16.9803	67.9213	67.9213	0 37124.6 6434.63 	43559.2	6.74875	6.55445	12703.2	670	0.157825	0	4.029	1.02
136.6	0.00312108	0.00106857	27208.2	1050	105	26933.3	16.9825	16.9825	67.93	67.93	0 37103.7 6428.5 	43532.2	6.74918	6.55445	12703.2	670	0.157769	0	4.029	1.02
136.7	0.00311833	0.00107538	27386.7	1050	105	27111.8	16.9842	16.9842	67.9367	67.9367	0 36836 6387.98 	43224	6.76705	6.55445	12703.2	670	0.157803	0	4.029	1.02
136.8	0.00311906	0.00107418	27356.8	1050	105	27081.9	16.9858	16.9858	67.9433	67.9433	0 36885.9 6392.08 	43278	6.76236	6.55445	12703.2	670	0.157732	0	4.029	1.02
136.9	0.00311676	0.0010798	27503.9	1050	105	27229	16.9872	16.9872	67.9489	67.9489	0 36666.8 6357.14 	43023.9	6.77734	6.55445	12703.2	670	0.157713	0	4.029	1.02
137	0.00311797	0.00107753	27446.7	1050	105	27171.8	16.9886	16.9886	67.9544	67.9544	0 36758.3 6367.75 	43126	6.76942	6.55445	12703.2	670	0.157648	0	4.029	1.02
137.1	0.00311594	0.00108247	27575.7	1050	105	27300.8	16.9899	16.9899	67.9594	67.9594	0 36566.9 6336.25 	42903.1	6.78264	6.55445	12703.2	670	0.157606	0	4.029	1.02
137.2	0.00311745	0.00107959	27502.9	1050	105	27228	16.9911	16.9911	67.9644	67.9644	0 36682.1 6350.7 	43032.8	6.77282	6.55445	12703.2	670	0.157548	0	4.029	1.02
137.3	0.00311558	0.00108414	27621.8	1050	105	27346.9	16.9923	16.9923	67.9691	67.9691	0 36506.3 6321.27 	42827.6	6.78501	6.55445	12703.2	670	0.157496	0	4.029	1.02
137.4	0.00311725	0.00108092	27540.2	1050	105	27265.3	16.9934	16.9934	67.9738	67.9738	0 36634.7 6337.84 	42972.6	6.77411	6.55445	12703.2	670	0.157442	0	4.029	1.02
137.5	0.00311548	0.00108524	27653.5	1050	105	27378.5	16.9946	16.9946	67.9784	67.9784	0 36467.8 6309.65 	42777.5	6.7857	6.55445	12703.2	670	0.157387	0	4.029	1.02
137.6	0.00311723	0.00108183	27566.9	1050	105	27291.9	16.9958	16.9958	67.983	67.983	0 36603.5 6327.33 	42930.8	6.77423	6.55445	12703.2	670	0.157333	0	4.029	1.02
137.7	0.00311551	0.00108604	27677	1050	105	27402	16.9969	16.9969	67.9877	67.9877	0 36441.6 6299.92 	42741.5	6.78545	6.55445	12703.2	670	0.157278	0	4.029	1.02
137.8	0.00311732	0.00108252	27587.6	1050	105	27312.6	16.9981	16.9981	67.9923	67.9923	0 36581.3 6318.11 	42899.4	6.77369	6.55445	12703.2	670	0.157222	0	4.029	1.02
137.9	0.00311563	0.00108666	27695.9	1050	105	27420.9	16.9993	16.9993	67.997	67.997	0 36422.2 6291.2 	42713.5	6.78469	6.55445	12703.2	670	0.157168	0	4.029	1.02
138	0.00311745	0.00108308	27604.9	1050	105	27329.9	17.0004	17.0004	68.0017	68.0017	0 36564 6309.59 	42873.6	6.77279	6.55445	12703.2	670	0.157109	0	4.029	1.02
138.1	0.00311579	0.00108717	27712.3	1050	105	27437.3	17.0016	17.0016	68.0065	68.0065	0 36406.7 6283.04 	42689.8	6.78365	6.55445	12703.2	670	0.157056	0	4.029	1.02
138.2	0.00311762	0.00108356	27620.4	1050	105	27345.4	17.0028	17.0028	68.0113	68.0113	0 36549.6 6301.45 	42851.1	6.7717	6.55445	12703.2	670	0.156994	0	4.029	1.02
138.3	0.00311597	0.00108764	27727.2	1050	105	27452.2	17.0041	17.0041	68.0162	68.0162	0 36393.4 6275.17 	42668.6	6.78246	6.55445	12703.2	670	0.156944	0	4.029	1.02
138.4	0.0031178	0.001084	27634.7	1050	105	27359.7	17.0053	17.0053	68.0211	68.0211	0 36536.9 6293.5 	42830.4	6.7705	6.55445	12703.2	670	0.156878	0	4.029	1.02
138.5	0.00311617	0.00108806	27741.2	1050	105	27466.2	17.0066	17.0066	68.0262	68.0262	0 36381.4 6267.45 	42648.8	6.78118	6.55445	12703.2	670	0.15683	0	4.029	1.02
138.6	0.003118	0.00108442	27648.4	1050	105	27373.3	17.0078	17.0078	68.0312	68.0312	0 36525.1 6285.66 	42810.7	6.76925	6.55445	12703.2	670	0.15676	0	4.029	1.02
138.7	0.00311637	0.00108847	27754.7	1050	105	27479.6	17.0091	17.0091	68.0365	68.0365	0 36370.1 6259.81 	42629.9	6.77986	6.55445	12703.2	670	0.156715	0	4.029	1.02
138.8	0.00311819	0.00108482	27661.6	1050	105	27386.5	17.0104	17.0104	68.0416	68.0416	0 36513.9 6277.87 	42791.7	6.76797	6.55445	12703.2	670	0.15664	0	4.029	1.02
138.9	0.00311657	0.00108887	27767.9	1050	105	27492.7	17.0117	17.0117	68.0469	68.0469	0 36359.3 6252.21 	42611.5	6.77853	6.55445	12703.2	670	0.156599	0	4.029	1.02
139	0.00311839	0.00108521	27674.6	1050	105	27399.4	17.0131	17.0131	68.0522	68.0522	0 36503 6270.11 	42773.2	6.76667	6.55445	12703.2	670	0.15652	0	4.029	1.02
139.1	0.00311678	0.00108925	27780.7	1050	105	27505.6	17.0144	17.0144	68.0577	68.0577	0 36348.8 6244.62 	42593.4	6.77718	6.55445	12703.2	670	0.156482	0	4.029	1.02
139.2	0.00311859	0.0010856	27687.3	1050	105	27412.2	17.0158	17.0158	68.0631	68.0631	0 36492.5 6262.35 	42754.8	6.76537	6.55445	12703.2	670	0.156398	0	4.029	1.02
139.3	0.00311699	0.00108963	27793.5	1050	105	27518.3	17.0172	17.0172	68.0687	68.0687	0 36338.5 6237.03 	42575.6	6.77583	6.55445	12703.2	670	0.156363	0	4.029	1.02
139.4	0.00311879	0.00108597	27699.9	1050	105	27424.7	17.0186	17.0186	68.0743	68.0743	0 36482.1 6254.59 	42736.7	6.76406	6.55445	12703.2	670	0.156275	0	4.029	1.02
139.5	0.00311719	0.00109001	27806	1050	105	27530.8	17.02	17.02	68.08	68.08	0 36328.4 6229.44 	42557.9	6.77447	6.55445	12703.2	670	0.156243	0	4.029	1.02
139.6	0.00311899	0.00108635	27712.4	1050	105	27437.2	17.0214	17.0214	68.0857	68.0857	0 36471.9 6246.83 	42718.7	6.76276	6.55445	12703.2	670	0.156152	0	4.029	1.02
139.7	0.0031174	0.00109038	27818.5	1050	105	27543.3	17.0229	17.0229	68.0916	68.0916	0 36318.4 6221.84 	42540.3	6.77312	6.55445	12703.2	670	0.156123	0	4.029	1.02
139.8	0.00311919	0.00108672	27724.8	1050	105	27449.5	17.0244	17.0244	68.0974	68.0974	0 36461.8 6239.06 	42700.9	6.76145	6.55445	12703.2	670	0.156027	0	4.029	1.02
139.9	0.00311761	0.00109075	27830.9	1050	105	27555.6	17.0259	17.0259	68.1034	68.1034	0 36308.6 6214.24 	42522.8	6.77178	6.55445	12703.2	670	0.156001	0	4.029	1.02
140	0.00311939	0.00108709	27737.1	1050	105	27461.8	17.0273	17.0273	68.1094	68.1094	0 36451.8 6231.29 	42683.1	6.76015	6.55445	12703.2	670	0.155902	0	4.029	1.02
140.1	0.00311781	0.00109112	27843.2	1050	105	27567.9	17.0289	17.0289	68.1155	68.1155	0 36298.8 6206.63 	42505.4	6.77043	6.55445	12703.2	670	0.155879	0	4.029	1.02
140.2	0.00311959	0.00108745	27749.3	1050	105	27474	17.0304	17.0304	68.1216	68.1216	0 36441.9 6223.52 	42665.4	6.75886	6.55445	12703.2	670	0.155776	0	4.029	1.02
140.3	0.00311802	0.00109148	27855.4	1050	105	27580	17.032	17.032	68.1279	68.1279	0 36289.2 6199.01 	42488.2	6.76909	6.55445	12703.2	670	0.155756	0	4.029	1.02
140.4	0.00311979	0.00108781	27761.4	1050	105	27486.1	17.0335	17.0335	68.1341	68.1341	0 36432.1 6215.74 	42647.8	6.75756	6.55445	12703.2	670	0.155649	0	4.029	1.02
140.5	0.00311823	0.00109184	27867.5	1050	105	27592.1	17.0351	17.0351	68.1405	68.1405	0 36279.6 6191.38 	42470.9	6.76776	6.55445	12703.2	670	0.155632	0	4.029	1.02
140.6	0.00311999	0.00108817	27773.5	1050	105	27498.1	17.0367	17.0367	68.1469	68.1469	0 36422.4 6207.96 	42630.3	6.75627	6.55445	12703.2	670	0.155522	0	4.029	1.02
140.7	0.00311843	0.0010922	27879.6	1050	105	27604.2	17.0384	17.0384	68.1534	68.1534	0 36270 6183.75 	42453.8	6.76642	6.55445	12703.2	670	0.155507	0	4.029	1.02
140.8	0.00312019	0.00108853	27785.4	1050	105	27510	17.04	17.04	68.1599	68.1599	0 36412.7 6200.17 	42612.9	6.75498	6.55445	12703.2	670	0.155394	0	4.029	1.02
140.9	0.00311863	0.00109255	27891.6	1050	105	27616.1	17.0416	17.0416	68.1666	68.1666	0 36260.6 6176.11 	42436.7	6.76509	6.55445	12703.2	670	0.155382	0	4.029	1.02
141	0.00312039	0.00108889	27797.4	1050	105	27521.9	17.0433	17.0433	68.1732	68.1732	0 36403.1 6192.38 	42595.5	6.7537	6.55445	12703.2	670	0.155265	0	4.029	1.02
141.1	0.00311884	0.00109291	27903.5	1050	105	27628	17.045	17.045	68.18	68.18	0 36251.2 6168.47 	42419.7	6.76377	6.55445	12703.2	670	0.155256	0	4.029	1.02
141.2	0.00312059	0.00108924	27809.2	1050	105	27533.8	17.0467	17.0467	68.1867	68.1867	0 36393.6 6184.58 	42578.2	6.75241	6.55445	12703.2	670	0.155136	0	4.029	1.02
141.3	0.00311904	0.00109326	27915.4	1050	105	27639.9	17.0484	17.0484	68.1936	68.1936	0 36241.9 6160.82 	42402.7	6.76245	6.55445	12703.2	670	0.15513	0	4.029	1.02
141.4	0.00312078	0.00108959	27821	1050	105	27545.5	17.0501	17.0501	68.2005	68.2005	0 36384.2 6176.78 	42561	6.75113	6.55445	12703.2	670	0.155006	0	4.029	1.02
141.5	0.00311924	0.00109361	27927.2	1050	105	27651.7	17.0519	17.0519	68.2075	68.2075	0 36232.7 6153.17 	42385.8	6.76113	6.55445	12703.2	670	0.155003	0	4.029	1.02
141.6	0.00312098	0.00108994	27832.8	1050	105	27557.3	17.0536	17.0536	68.2145	68.2145	0 36374.8 6168.98 	42543.8	6.74986	6.55445	12703.2	670	0.154876	0	4.029	1.02
141.7	0.00311945	0.00109396	27939	1050	105	27663.4	17.0554	17.0554	68.2217	68.2217	0 36223.5 6145.51 	42369	6.75981	6.55445	12703.2	670	0.154875	0	4.029	1.02
141.8	0.00312118	0.00109029	27844.5	1050	105	27568.9	17.0572	17.0572	68.2288	68.2288	0 36365.5 6161.18 	42526.7	6.74858	6.55445	12703.2	670	0.154745	0	4.029	1.02
141.9	0.00311965	0.0010943	27950.7	1050	105	27675.1	17.059	17.059	68.2361	68.2361	0 36214.3 6137.85 	42352.2	6.7585	6.55445	12703.2	670	0.154747	0	4.029	1.02
142	0.00312137	0.00109064	27856.1	1050	105	27580.5	17.0608	17.0608	68.2434	68.2434	0 36356.2 6153.38 	42509.6	6.74731	6.55445	12703.2	670	0.154614	0	4.029	1.02
142.1	0.00311985	0.00109465	27962.3	1050	105	27686.7	17.0627	17.0627	68.2508	68.2508	0 36205.3 6130.19 	42335.4	6.75719	6.55445	12703.2	670	0.154618	0	4.029	1.02
142.2	0.00312157	0.00109098	27867.7	1050	105	27592.1	17.0645	17.0645	68.2582	68.2582	0 36347 6145.57 	42492.6	6.74604	6.55445	12703.2	670	0.154482	0	4.029	1.02
142.3	0.00312005	0.00109499	27973.9	1050	105	27698.3	17.0664	17.0664	68.2657	68.2657	0 36196.2 6122.52 	42318.8	6.75589	6.55445	12703.2	670	0.154489	0	4.029	1.02
142.4	0.00312176	0.00109132	27879.3	1050	105	27603.6	17.0683	17.0683	68.2732	68.2732	0 36337.8 6137.77 	42475.6	6.74478	6.55445	12703.2	670	0.154349	0	4.029	1.02
142.5	0.00312025	0.00109533	27985.5	1050	105	27709.8	17.0702	17.0702	68.2809	68.2809	0 36187.3 6114.85 	42302.1	6.75459	6.55445	12703.2	670	0.154359	0	4.029	1.02
142.6	0.00312196	0.00109167	27890.8	1050	105	27615.1	17.0721	17.0721	68.2885	68.2885	0 36328.8 6129.96 	42458.7	6.74352	6.55445	12703.2	670	0.154217	0	4.029	1.02
142.7	0.00312045	0.00109568	27997	1050	105	27721.3	17.0741	17.0741	68.2963	68.2963	0 36178.3 6107.18 	42285.5	6.75329	6.55445	12703.2	670	0.154229	0	4.029	1.02
142.8	0.00312215	0.00109201	27902.2	1050	105	27626.5	17.076	17.076	68.3041	68.3041	0 36319.7 6122.15 	42441.9	6.74226	6.55445	12703.2	670	0.154084	0	4.029	1.02
142.9	0.00312065	0.00109601	28008.5	1050	105	27732.7	17.078	17.078	68.312	68.312	0 36169.5 6099.5 	42269	6.75199	6.55445	12703.2	670	0.154098	0	4.029	1.02
143	0.00312235	0.00109234	27913.6	1050	105	27637.8	17.08	17.08	68.3199	68.3199	0 36310.7 6114.34 	42425.1	6.741	6.55445	12703.2	670	0.15395	0	4.029	1.02
143.1	0.00312085	0.00109635	28019.9	1050	105	27744.1	17.082	17.082	68.3279	68.3279	0 36160.7 6091.82 	42252.5	6.7507	6.55445	12703.2	670	0.153967	0	4.029	1.02
143.2	0.00312254	0.00109268	27925	1050	105	27649.2	17.084	17.084	68.3359	68.3359	0 36301.8 6106.53 	42408.3	6.73975	6.55445	12703.2	670	0.153816	0	4.029	1.02
143.3	0.00312105	0.00109669	28031.3	1050	105	27755.4	17.086	17.086	68.3441	68.3441	0 36151.9 6084.14 	42236	6.74942	6.55445	12703.2	670	0.153835	0	4.029	1.02
143.4	0.00312273	0.00109302	27936.3	1050	105	27660.4	17.088	17.088	68.3522	68.3522	0 36292.9 6098.72 	42391.6	6.7385	6.55445	12703.2	670	0.153681	0	4.029	1.02
143.5	0.00312125	0.00109702	28042.6	1050	105	27766.7	17.0901	17.0901	68.3605	68.3605	0 36143.2 6076.46 	42219.6	6.74813	6.55445	12703.2	670	0.153703	0	4.029	1.02
143.6	0.00312293	0.00109335	27947.6	1050	105	27671.7	17.0922	17.0922	68.3687	68.3687	0 36284 6090.91 	42374.9	6.73725	6.55445	12703.2	670	0.153547	0	4.029	1.02
143.7	0.00312144	0.00109735	28053.9	1050	105	27778	17.0943	17.0943	68.3771	68.3771	0 36134.5 6068.78 	42203.3	6.74685	6.55445	12703.2	670	0.153571	0	4.029	1.02
143.8	0.00312312	0.00109368	27958.8	1050	105	27682.9	17.0964	17.0964	68.3855	68.3855	0 36275.2 6083.1 	42358.3	6.736	6.55445	12703.2	670	0.153411	0	4.029	1.02
143.9	0.00312164	0.00109769	28065.2	1050	105	27789.2	17.0985	17.0985	68.394	68.394	0 36125.8 6061.09 	42186.9	6.74557	6.55445	12703.2	670	0.153438	0	4.029	1.02
144	0.00312331	0.00109401	27970	1050	105	27694	17.1006	17.1006	68.4025	68.4025	0 36266.5 6075.3 	42341.8	6.73476	6.55445	12703.2	670	0.153276	0	4.029	1.02
144.1	0.00312184	0.00109802	28076.4	1050	105	27800.4	17.1028	17.1028	68.4111	68.4111	0 36117.3 6053.41 	42170.7	6.7443	6.55445	12703.2	670	0.153304	0	4.029	1.02
144.2	0.0031235	0.00109434	27981.2	1050	105	27705.1	17.1049	17.1049	68.4197	68.4197	0 36257.8 6067.49 	42325.3	6.73352	6.55445	12703.2	670	0.15314	0	4.029	1.02
144.3	0.00312203	0.00109834	28087.6	1050	105	27811.5	17.1071	17.1071	68.4285	68.4285	0 36108.7 6045.72 	42154.4	6.74302	6.55445	12703.2	670	0.153171	0	4.029	1.02
144.4	0.00312369	0.00109467	27992.3	1050	105	27716.2	17.1093	17.1093	68.4372	68.4372	0 36249.1 6059.68 	42308.8	6.73228	6.55445	12703.2	670	0.153003	0	4.029	1.02
144.5	0.00312223	0.00109867	28098.7	1050	105	27822.6	17.1115	17.1115	68.4461	68.4461	0 36100.2 6038.03 	42138.2	6.74175	6.55445	12703.2	670	0.153036	0	4.029	1.02
144.6	0.00312388	0.001095	28003.4	1050	105	27727.2	17.1137	17.1137	68.4549	68.4549	0 36240.5 6051.87 	42292.4	6.73105	6.55445	12703.2	670	0.152867	0	4.029	1.02
144.7	0.00312242	0.001099	28109.8	1050	105	27833.6	17.116	17.116	68.464	68.464	0 36091.7 6030.34 	42122.1	6.74049	6.55445	12703.2	670	0.152902	0	4.029	1.02
144.8	0.00312408	0.00109533	28014.4	1050	105	27738.2	17.1182	17.1182	68.4729	68.4729	0 36231.9 6044.06 	42276	6.72981	6.55445	12703.2	670	0.15273	0	4.029	1.02
144.9	0.00312262	0.00109932	28120.8	1050	105	27844.6	17.1205	17.1205	68.482	68.482	0 36083.3 6022.65 	42106	6.73923	6.55445	12703.2	670	0.152767	0	4.029	1.02
145	0.00312427	0.00109565	28025.4	1050	105	27749.2	17.1228	17.1228	68.4911	68.4911	0 36223.4 6036.26 	42259.7	6.72858	6.55445	12703.2	670	0.152592	0	4.029	1.02
145.1	0.00312281	0.00109965	28131.9	1050	105	27855.6	17.1251	17.1251	68.5004	68.5004	0 36075 6014.96 	42089.9	6.73797	6.55445	12703.2	670	0.152632	0	4.029	1.02
145.2	0.00312446	0.00109597	28036.4	1050	105	27760.1	17.1274	17.1274	68.5095	68.5095	0 36214.9 6028.45 	42243.4	6.72736	6.55445	12703.2	670	0.152455	0	4.029	1.02
145.3	0.00312301	0.00109997	28142.8	1050	105	27866.5	17.1297	17.1297	68.5189	68.5189	0 36066.6 6007.27 	42073.9	6.73671	6.55445	12703.2	670	0.152496	0	4.029	1.02
145.4	0.00312465	0.0010963	28047.3	1050	105	27771	17.132	17.132	68.5282	68.5282	0 36206.5 6020.65 	42227.1	6.72613	6.55445	12703.2	670	0.152317	0	4.029	1.02
145.5	0.0031232	0.00110029	28153.8	1050	105	27877.4	17.1344	17.1344	68.5377	68.5377	0 36058.3 5999.58 	42057.9	6.73545	6.55445	12703.2	670	0.15236	0	4.029	1.02
145.6	0.00312483	0.00109662	28058.2	1050	105	27781.8	17.1368	17.1368	68.5471	68.5471	0 36198.1 6012.84 	42210.9	6.72491	6.55445	12703.2	670	0.152178	0	4.029	1.02
145.7	0.0031234	0.00110061	28164.7	1050	105	27888.3	17.1392	17.1392	68.5567	68.5567	0 36050.1 5991.89 	42041.9	6.7342	6.55445	12703.2	670	0.152223	0	4.029	1.02
145.8	0.00312502	0.00109694	28069	1050	105	27792.6	17.1416	17.1416	68.5662	68.5662	0 36189.7 6005.04 	42194.7	6.72369	6.55445	12703.2	670	0.152039	0	4.029	1.02
145.9	0.00312359	0.00110093	28175.5	1050	105	27899.1	17.144	17.144	68.5759	68.5759	0 36041.8 5984.19 	42026	6.73295	6.55445	12703.2	670	0.152087	0	4.029	1.02
146	0.00312521	0.00109725	28079.8	1050	105	27803.3	17.1464	17.1464	68.5856	68.5856	0 36181.4 5997.24 	42178.6	6.72247	6.55445	12703.2	670	0.1519	0	4.029	1.02
146.1	0.00312378	0.00110125	28186.4	1050	105	27909.9	17.1488	17.1488	68.5954	68.5954	0 36033.7 5976.5 	42010.2	6.73171	6.55445	12703.2	670	0.15195	0	4.029	1.02
146.2	0.0031254	0.00109757	28090.6	1050	105	27814.1	17.1513	17.1513	68.6051	68.6051	0 36173.1 5989.44 	42162.5	6.72126	6.55445	12703.2	670	0.151761	0	4.029	1.02
146.3	0.00312397	0.00110157	28197.2	1050	105	27920.6	17.1538	17.1538	68.6151	68.6151	0 36025.5 5968.81 	41994.3	6.73047	6.55445	12703.2	670	0.151812	0	4.029	1.02
146.4	0.00312559	0.00109789	28101.3	1050	105	27824.8	17.1562	17.1562	68.625	68.625	0 36164.9 5981.64 	42146.5	6.72004	6.55445	12703.2	670	0.151621	0	4.029	1.02
146.5	0.00312417	0.00110188	28207.9	1050	105	27931.3	17.1588	17.1588	68.635	68.635	0 36017.4 5961.12 	41978.5	6.72923	6.55445	12703.2	670	0.151674	0	4.029	1.02
146.6	0.00312578	0.0010982	28112	1050	105	27835.4	17.1612	17.1612	68.645	68.645	0 36156.7 5973.84 	42130.5	6.71883	6.55445	12703.2	670	0.151481	0	4.029	1.02
146.7	0.00312436	0.0011022	28218.6	1050	105	27942	17.1638	17.1638	68.6552	68.6552	0 36009.4 5953.43 	41962.8	6.72799	6.55445	12703.2	670	0.151536	0	4.029	1.02
146.8	0.00312596	0.00109852	28122.7	1050	105	27846	17.1663	17.1663	68.6653	68.6653	0 36148.5 5966.05 	42114.5	6.71762	6.55445	12703.2	670	0.151341	0	4.029	1.02
146.9	0.00312455	0.00110251	28229.3	1050	105	27952.6	17.1689	17.1689	68.6755	68.6755	0 36001.3 5945.74 	41947.1	6.72676	6.55445	12703.2	670	0.151398	0	4.029	1.02
147	0.00312615	0.00109883	28133.3	1050	105	27856.6	17.1714	17.1714	68.6857	68.6857	0 36140.4 5958.26 	42098.6	6.71642	6.55445	12703.2	670	0.151201	0	4.029	1.02
147.1	0.00312474	0.00110282	28240	1050	105	27963.2	17.174	17.174	68.6961	68.6961	0 35993.3 5938.05 	41931.4	6.72552	6.55445	12703.2	670	0.151259	0	4.029	1.02
147.2	0.00312634	0.00109914	28143.9	1050	105	27867.2	17.1766	17.1766	68.7064	68.7064	0 36132.3 5950.46 	42082.7	6.71522	6.55445	12703.2	670	0.15106	0	4.029	1.02
147.3	0.00312493	0.00110313	28250.6	1050	105	27973.8	17.1792	17.1792	68.7169	68.7169	0 35985.4 5930.36 	41915.7	6.7243	6.55445	12703.2	670	0.15112	0	4.029	1.02
147.4	0.00312652	0.00109945	28154.5	1050	105	27877.7	17.1818	17.1818	68.7274	68.7274	0 36124.2 5942.67 	42066.9	6.71402	6.55445	12703.2	670	0.150919	0	4.029	1.02
147.5	0.00312512	0.00110344	28261.2	1050	105	27984.4	17.1845	17.1845	68.738	68.738	0 35977.5 5922.67 	41900.1	6.72307	6.55445	12703.2	670	0.150981	0	4.029	1.02
147.6	0.00312671	0.00109976	28165	1050	105	27888.2	17.1871	17.1871	68.7485	68.7485	0 36116.2 5934.89 	42051.1	6.71282	6.55445	12703.2	670	0.150777	0	4.029	1.02
147.7	0.00312531	0.00110375	28271.8	1050	105	27994.9	17.1898	17.1898	68.7592	68.7592	0 35969.6 5914.98 	41884.5	6.72185	6.55445	12703.2	670	0.150841	0	4.029	1.02
147.8	0.0031269	0.00110007	28175.5	1050	105	27898.6	17.1925	17.1925	68.7699	68.7699	0 36108.2 5927.1 	42035.3	6.71162	6.55445	12703.2	670	0.150636	0	4.029	1.02
147.9	0.0031255	0.00110406	28282.3	1050	105	28005.3	17.1952	17.1952	68.7807	68.7807	0 35961.7 5907.29 	41869	6.72063	6.55445	12703.2	670	0.150701	0	4.029	1.02
148	0.00312708	0.00110038	28186	1050	105	27909	17.1979	17.1979	68.7915	68.7915	0 36100.3 5919.32 	42019.6	6.71043	6.55445	12703.2	670	0.150494	0	4.029	1.02
148.1	0.00312569	0.00110436	28292.8	1050	105	28015.8	17.2006	17.2006	68.8024	68.8024	0 35953.9 5899.61 	41853.5	6.71941	6.55445	12703.2	670	0.150561	0	4.029	1.02
148.2	0.00312727	0.00110068	28196.5	1050	105	27919.4	17.2033	17.2033	68.8133	68.8133	0 36092.4 5911.54 	42003.9	6.70924	6.55445	12703.2	670	0.150352	0	4.029	1.02
148.3	0.00312588	0.00110467	28303.2	1050	105	28026.2	17.2061	17.2061	68.8243	68.8243	0 35946.1 5891.92 	41838	6.71819	6.55445	12703.2	670	0.15042	0	4.029	1.02
148.4	0.00312745	0.00110099	28206.9	1050	105	27929.8	17.2088	17.2088	68.8353	68.8353	0 36084.5 5903.76 	41988.2	6.70805	6.55445	12703.2	670	0.150209	0	4.029	1.02
148.5	0.00312606	0.00110498	28313.7	1050	105	28036.5	17.2116	17.2116	68.8465	68.8465	0 35938.4 5884.24 	41822.6	6.71698	6.55445	12703.2	670	0.150279	0	4.029	1.02
148.6	0.00312763	0.00110129	28217.2	1050	105	27940.1	17.2144	17.2144	68.8576	68.8576	0 36076.7 5895.98 	41972.6	6.70686	6.55445	12703.2	670	0.150067	0	4.029	1.02
148.7	0.00312625	0.00110528	28324.1	1050	105	28046.9	17.2172	17.2172	68.8688	68.8688	0 35930.6 5876.55 	41807.2	6.71577	6.55445	12703.2	670	0.150138	0	4.029	1.02
148.8	0.00312782	0.0011016	28227.6	1050	105	27950.4	17.22	17.22	68.88	68.88	0 36068.8 5888.21 	41957.1	6.70568	6.55445	12703.2	670	0.149924	0	4.029	1.02
148.9	0.00312644	0.00110558	28334.4	1050	105	28057.2	17.2228	17.2228	68.8914	68.8914	0 35923 5868.87 	41791.8	6.71456	6.55445	12703.2	670	0.149997	0	4.029	1.02
149	0.003128	0.0011019	28237.9	1050	105	27960.6	17.2257	17.2257	68.9027	68.9027	0 36061.1 5880.44 	41941.5	6.70449	6.55445	12703.2	670	0.14978	0	4.029	1.02
149.1	0.00312663	0.00110588	28344.7	1050	105	28067.5	17.2285	17.2285	68.9142	68.9142	0 35915.3 5861.19 	41776.5	6.71336	6.55445	12703.2	670	0.149855	0	4.029	1.02
149.2	0.00312819	0.0011022	28248.2	1050	105	27970.9	17.2314	17.2314	68.9256	68.9256	0 36053.3 5872.67 	41926	6.70331	6.55445	12703.2	670	0.149637	0	4.029	1.02
149.3	0.00312681	0.00110618	28355.1	1050	105	28077.7	17.2343	17.2343	68.9372	68.9372	0 35907.7 5853.51 	41761.2	6.71215	6.55445	12703.2	670	0.149713	0	4.029	1.02
149.4	0.00312837	0.0011025	28258.4	1050	105	27981.1	17.2372	17.2372	68.9487	68.9487	0 36045.6 5864.9 	41910.5	6.70214	6.55445	12703.2	670	0.149493	0	4.029	1.02
149.5	0.003127	0.00110648	28365.3	1050	105	28087.9	17.2401	17.2401	68.9604	68.9604	0 35900.1 5845.84 	41745.9	6.71095	6.55445	12703.2	670	0.149571	0	4.029	1.02
149.6	0.00312855	0.0011028	28268.7	1050	105	27991.2	17.243	17.243	68.972	68.972	0 36038 5857.14 	41895.1	6.70096	6.55445	12703.2	670	0.14935	0	4.029	1.02
149.7	0.00312718	0.00110678	28375.6	1050	105	28098.1	17.2459	17.2459	68.9838	68.9838	0 35892.6 5838.16 	41730.7	6.70976	6.55445	12703.2	670	0.149429	0	4.029	1.02
149.8	0.00312874	0.0011031	28278.8	1050	105	28001.4	17.2489	17.2489	68.9955	68.9955	0 36030.3 5849.38 	41879.7	6.69979	6.55445	12703.2	670	0.149205	0	4.029	1.02
149.9	0.00312737	0.00110708	28385.8	1050	105	28108.3	17.2518	17.2518	69.0074	69.0074	0 35885 5830.49 	41715.5	6.70856	6.55445	12703.2	670	0.149286	0	4.029	1.02
150	0.00312892	0.00110339	28289	1050	105	28011.5	17.2548	17.2548	69.0192	69.0192	0 36022.7 5841.62 	41864.3	6.69861	6.55445	12703.2	670	0.149061	0	4.029	1.02
150.1	0.00312756	0.00110738	28396	1050	105	28118.4	17.2578	17.2578	69.0312	69.0312	0 35877.5 5822.82 	41700.4	6.70737	6.55445	12703.2	670	0.149143	0	4.029	1.02
150.2	0.0031291	0.00110369	28299.1	1050	105	28021.5	17.2608	17.2608	69.0431	69.0431	0 36015.1 5833.87 	41849	6.69745	6.55445	12703.2	670	0.148917	0	4.029	1.02
150.3	0.00312774	0.00110767	28406.1	1050	105	28128.5	17.2638	17.2638	69.0553	69.0553	0 35870.1 5815.15 	41685.2	6.70618	6.55445	12703.2	670	0.149	0	4.029	1.02
150.4	0.00312928	0.00110399	28309.3	1050	105	28031.6	17.2668	17.2668	69.0673	69.0673	0 36007.6 5826.11 	41833.7	6.69628	6.55445	12703.2	670	0.148772	0	4.029	1.02
150.5	0.00312793	0.00110797	28416.3	1050	105	28138.6	17.2699	17.2699	69.0795	69.0795	0 35862.6 5807.48 	41670.1	6.70499	6.55445	12703.2	670	0.148857	0	4.029	1.02
150.6	0.00312946	0.00110428	28319.3	1050	105	28041.6	17.2729	17.2729	69.0916	69.0916	0 36000.1 5818.37 	41818.4	6.69511	6.55445	12703.2	670	0.148627	0	4.029	1.02
150.7	0.00312811	0.00110826	28426.4	1050	105	28148.6	17.276	17.276	69.104	69.104	0 35855.2 5799.82 	41655.1	6.70381	6.55445	12703.2	670	0.148713	0	4.029	1.02
150.8	0.00312964	0.00110457	28329.4	1050	105	28051.6	17.279	17.279	69.1162	69.1162	0 35992.6 5810.62 	41803.2	6.69395	6.55445	12703.2	670	0.148482	0	4.029	1.02
150.9	0.00312829	0.00110856	28436.4	1050	105	28158.6	17.2822	17.2822	69.1286	69.1286	0 35847.9 5792.16 	41640	6.70262	6.55445	12703.2	670	0.148569	0	4.029	1.02
151	0.00312983	0.00110487	28339.4	1050	105	28061.5	17.2852	17.2852	69.141	69.141	0 35985.2 5802.88 	41788	6.69279	6.55445	12703.2	670	0.148336	0	4.029	1.02
151.1	0.00312848	0.00110885	28446.5	1050	105	28168.6	17.2884	17.2884	69.1535	69.1535	0 35840.5 5784.5 	41625	6.70144	6.55445	12703.2	670	0.148425	0	4.029	1.02
151.2	0.00313001	0.00110516	28349.4	1050	105	28071.5	17.2915	17.2915	69.1659	69.1659	0 35977.7 5795.14 	41772.9	6.69163	6.55445	12703.2	670	0.148191	0	4.029	1.02
151.3	0.00312866	0.00110914	28456.5	1050	105	28178.5	17.2946	17.2946	69.1785	69.1785	0 35833.2 5776.84 	41610	6.70027	6.55445	12703.2	670	0.148281	0	4.029	1.02
151.4	0.00313019	0.00110545	28359.4	1050	105	28081.4	17.2978	17.2978	69.1911	69.1911	0 35970.3 5787.4 	41757.7	6.69048	6.55445	12703.2	670	0.148045	0	4.029	1.02
151.5	0.00312884	0.00110943	28466.5	1050	105	28188.5	17.3009	17.3009	69.2038	69.2038	0 35825.9 5769.18 	41595.1	6.69909	6.55445	12703.2	670	0.148136	0	4.029	1.02
151.6	0.00313037	0.00110574	28369.3	1050	105	28091.3	17.3041	17.3041	69.2164	69.2164	0 35963 5779.67 	41742.6	6.68932	6.55445	12703.2	670	0.147899	0	4.029	1.02
151.7	0.00312903	0.00110972	28476.4	1050	105	28198.4	17.3073	17.3073	69.2293	69.2293	0 35818.7 5761.53 	41580.2	6.69792	6.55445	12703.2	670	0.147991	0	4.029	1.02
151.8	0.00313055	0.00110603	28379.2	1050	105	28101.1	17.3105	17.3105	69.242	69.242	0 35955.6 5771.94 	41727.6	6.68817	6.55445	12703.2	670	0.147753	0	4.029	1.02
151.9	0.00312921	0.00111001	28486.4	1050	105	28208.2	17.3137	17.3137	69.2549	69.2549	0 35811.4 5753.88 	41565.3	6.69675	6.55445	12703.2	670	0.147847	0	4.029	1.02
152	0.00313073	0.00110632	28389.1	1050	105	28110.9	17.3169	17.3169	69.2678	69.2678	0 35948.3 5764.22 	41712.6	6.68702	6.55445	12703.2	670	0.147606	0	4.029	1.02
152.1	0.00312939	0.0011103	28496.3	1050	105	28218.1	17.3202	17.3202	69.2808	69.2808	0 35804.2 5746.23 	41550.5	6.69558	6.55445	12703.2	670	0.147701	0	4.029	1.02
152.2	0.0031309	0.0011066	28399	1050	105	28120.7	17.3234	17.3234	69.2937	69.2937	0 35941.1 5756.5 	41697.6	6.68587	6.55445	12703.2	670	0.14746	0	4.029	1.02
152.3	0.00312957	0.00111058	28506.2	1050	105	28227.9	17.3267	17.3267	69.3069	69.3069	0 35797.1 5738.59 	41535.6	6.69441	6.55445	12703.2	670	0.147556	0	4.029	1.02
152.4	0.00313108	0.00110689	28408.8	1050	105	28130.5	17.33	17.33	69.3199	69.3199	0 35933.8 5748.78 	41682.6	6.68472	6.55445	12703.2	670	0.147313	0	4.029	1.02
152.5	0.00312975	0.00111087	28516	1050	105	28237.7	17.3333	17.3333	69.3331	69.3331	0 35789.9 5730.95 	41520.9	6.69325	6.55445	12703.2	670	0.147411	0	4.029	1.02
152.6	0.00313126	0.00110718	28418.6	1050	105	28140.2	17.3366	17.3366	69.3463	69.3463	0 35926.6 5741.07 	41667.7	6.68358	6.55445	12703.2	670	0.147166	0	4.029	1.02
152.7	0.00312993	0.00111115	28525.8	1050	105	28247.4	17.3399	17.3399	69.3596	69.3596	0 35782.8 5723.31 	41506.1	6.69209	6.55445	12703.2	670	0.147265	0	4.029	1.02
152.8	0.00313144	0.00110746	28428.4	1050	105	28150	17.3432	17.3432	69.3728	69.3728	0 35919.4 5733.36 	41652.8	6.68244	6.55445	12703.2	670	0.147019	0	4.029	1.02
152.9	0.00313012	0.00111144	28535.7	1050	105	28257.2	17.3466	17.3466	69.3862	69.3862	0 35775.7 5715.67 	41491.4	6.69093	6.55445	12703.2	670	0.147119	0	4.029	1.02
153	0.00313162	0.00110774	28438.2	1050	105	28159.7	17.3499	17.3499	69.3996	69.3996	0 35912.2 5725.65 	41637.9	6.6813	6.55445	12703.2	670	0.146872	0	4.029	1.02
153.1	0.0031303	0.00111172	28545.4	1050	105	28266.9	17.3533	17.3533	69.4131	69.4131	0 35768.6 5708.04 	41476.7	6.68977	6.55445	12703.2	670	0.146973	0	4.029	1.02
153.2	0.0031318	0.00110803	28447.9	1050	105	28169.3	17.3566	17.3566	69.4265	69.4265	0 35905.1 5717.95 	41623.1	6.68016	6.55445	12703.2	670	0.146725	0	4.029	1.02
153.3	0.00313048	0.001112	28555.2	1050	105	28276.6	17.36	17.36	69.4401	69.4401	0 35761.6 5700.41 	41462	6.68861	6.55445	12703.2	670	0.146826	0	4.029	1.02
153.4	0.00313197	0.00110831	28457.6	1050	105	28179	17.3634	17.3634	69.4537	69.4537	0 35898 5710.25 	41608.2	6.67902	6.55445	12703.2	670	0.146577	0	4.029	1.02
153.5	0.00313066	0.00111229	28564.9	1050	105	28286.2	17.3668	17.3668	69.4674	69.4674	0 35754.6 5692.78 	41447.4	6.68746	6.55445	12703.2	670	0.14668	0	4.029	1.02
153.6	0.00313215	0.00110859	28467.3	1050	105	28188.6	17.3703	17.3703	69.481	69.481	0 35890.9 5702.56 	41593.5	6.67789	6.55445	12703.2	670	0.14643	0	4.029	1.02
153.7	0.00313084	0.00111257	28574.6	1050	105	28295.9	17.3737	17.3737	69.4948	69.4948	0 35747.6 5685.16 	41432.7	6.68631	6.55445	12703.2	670	0.146533	0	4.029	1.02
153.8	0.00313233	0.00110887	28476.9	1050	105	28198.2	17.3771	17.3771	69.5085	69.5085	0 35883.9 5694.87 	41578.7	6.67675	6.55445	12703.2	670	0.146282	0	4.029	1.02
153.9	0.00313102	0.00111285	28584.3	1050	105	28305.5	17.3806	17.3806	69.5224	69.5224	0 35740.6 5677.54 	41418.2	6.68516	6.55445	12703.2	670	0.146387	0	4.029	1.02
154	0.00313251	0.00110915	28486.6	1050	105	28207.7	17.3841	17.3841	69.5363	69.5363	0 35876.8 5687.18 	41564	6.67562	6.55445	12703.2	670	0.146134	0	4.029	1.02
154.1	0.00313119	0.00111313	28594	1050	105	28315.1	17.3876	17.3876	69.5503	69.5503	0 35733.7 5669.92 	41403.6	6.68401	6.55445	12703.2	670	0.14624	0	4.029	1.02
154.2	0.00313268	0.00110943	28496.2	1050	105	28217.3	17.391	17.391	69.5642	69.5642	0 35869.8 5679.5 	41549.3	6.6745	6.55445	12703.2	670	0.145986	0	4.029	1.02
154.3	0.00313137	0.00111341	28603.6	1050	105	28324.7	17.3946	17.3946	69.5783	69.5783	0 35726.8 5662.31 	41389.1	6.68287	6.55445	12703.2	670	0.146092	0	4.029	1.02
154.4	0.00313286	0.00110971	28505.8	1050	105	28226.8	17.3981	17.3981	69.5923	69.5923	0 35862.8 5671.82 	41534.7	6.67337	6.55445	12703.2	670	0.145837	0	4.029	1.02
154.5	0.00313155	0.00111369	28613.2	1050	105	28334.2	17.4016	17.4016	69.6065	69.6065	0 35719.9 5654.7 	41374.6	6.68173	6.55445	12703.2	670	0.145945	0	4.029	1.02
154.6	0.00313303	0.00110999	28515.4	1050	105	28236.3	17.4051	17.4051	69.6206	69.6206	0 35855.9 5664.15 	41520	6.67224	6.55445	12703.2	670	0.145689	0	4.029	1.02
154.7	0.00313173	0.00111396	28622.8	1050	105	28343.7	17.4087	17.4087	69.6348	69.6348	0 35713 5647.1 	41360.1	6.68059	6.55445	12703.2	670	0.145798	0	4.029	1.02
154.8	0.00313321	0.00111026	28524.9	1050	105	28245.8	17.4123	17.4123	69.649	69.649	0 35848.9 5656.48 	41505.4	6.67112	6.55445	12703.2	670	0.14554	0	4.029	1.02
154.9	0.00313191	0.00111424	28632.4	1050	105	28353.2	17.4159	17.4159	69.6634	69.6634	0 35706.2 5639.49 	41345.7	6.67945	6.55445	12703.2	670	0.14565	0	4.029	1.02
155	0.00313339	0.00111054	28534.4	1050	105	28255.2	17.4194	17.4194	69.6777	69.6777	0 35842 5648.81 	41490.9	6.67	6.55445	12703.2	670	0.145392	0	4.029	1.02
155.1	0.00313208	0.00111452	28641.9	1050	105	28362.7	17.423	17.423	69.6922	69.6922	0 35699.3 5631.9 	41331.2	6.67831	6.55445	12703.2	670	0.145502	0	4.029	1.02
155.2	0.00313356	0.00111082	28543.9	1050	105	28264.6	17.4266	17.4266	69.7065	69.7065	0 35835.2 5641.15 	41476.3	6.66888	6.55445	12703.2	670	0.145243	0	4.029	1.02
155.3	0.00313226	0.00111479	28651.4	1050	105	28372.1	17.4303	17.4303	69.7211	69.7211	0 35692.5 5624.3 	41316.9	6.67718	6.55445	12703.2	670	0.145354	0	4.029	1.02
155.4	0.00313374	0.00111109	28553.4	1050	105	28274.1	17.4339	17.4339	69.7356	69.7356	0 35828.3 5633.5 	41461.8	6.66776	6.55445	12703.2	670	0.145094	0	4.029	1.02
155.5	0.00313244	0.00111507	28660.9	1050	105	28381.6	17.4376	17.4376	69.7502	69.7502	0 35685.8 5616.71 	41302.5	6.67605	6.55445	12703.2	670	0.145206	0	4.029	1.02
155.6	0.00313391	0.00111136	28562.8	1050	105	28283.4	17.4412	17.4412	69.7648	69.7648	0 35821.5 5625.85 	41447.3	6.66665	6.55445	12703.2	670	0.144945	0	4.029	1.02
155.7	0.00313262	0.00111534	28670.4	1050	105	28391	17.4449	17.4449	69.7795	69.7795	0 35679 5609.12 	41288.2	6.67492	6.55445	12703.2	670	0.145058	0	4.029	1.02
155.8	0.00313409	0.00111164	28572.3	1050	105	28292.8	17.4486	17.4486	69.7942	69.7942	0 35814.7 5618.2 	41432.9	6.66553	6.55445	12703.2	670	0.144796	0	4.029	1.02
155.9	0.00313279	0.00111561	28679.9	1050	105	28400.3	17.4523	17.4523	69.809	69.809	0 35672.3 5601.54 	41273.8	6.67379	6.55445	12703.2	670	0.14491	0	4.029	1.02
156	0.00313426	0.00111191	28581.7	1050	105	28302.1	17.4559	17.4559	69.8238	69.8238	0 35807.9 5610.56 	41418.4	6.66442	6.55445	12703.2	670	0.144646	0	4.029	1.02
156.1	0.00313297	0.00111589	28689.3	1050	105	28409.7	17.4597	17.4597	69.8387	69.8387	0 35665.6 5593.96 	41259.6	6.67266	6.55445	12703.2	670	0.144761	0	4.029	1.02
156.2	0.00313443	0.00111218	28591.1	1050	105	28311.4	17.4634	17.4634	69.8536	69.8536	0 35801.1 5602.93 	41404	6.66331	6.55445	12703.2	670	0.144497	0	4.029	1.02
156.3	0.00313314	0.00111616	28698.7	1050	105	28419	17.4671	17.4671	69.8686	69.8686	0 35658.9 5586.39 	41245.3	6.67154	6.55445	12703.2	670	0.144613	0	4.029	1.02
156.4	0.00313461	0.00111245	28600.5	1050	105	28320.7	17.4709	17.4709	69.8835	69.8835	0 35794.4 5595.29 	41389.7	6.6622	6.55445	12703.2	670	0.144347	0	4.029	1.02
156.5	0.00313332	0.00111643	28708.1	1050	105	28428.4	17.4747	17.4747	69.8986	69.8986	0 35652.3 5578.82 	41231.1	6.67042	6.55445	12703.2	670	0.144464	0	4.029	1.02
156.6	0.00313478	0.00111272	28609.8	1050	105	28330	17.4784	17.4784	69.9136	69.9136	0 35787.6 5587.67 	41375.3	6.66109	6.55445	12703.2	670	0.144198	0	4.029	1.02
156.7	0.0031335	0.0011167	28717.5	1050	105	28437.6	17.4822	17.4822	69.9288	69.9288	0 35645.6 5571.25 	41216.9	6.6693	6.55445	12703.2	670	0.144315	0	4.029	1.02
156.8	0.00313495	0.00111299	28619.1	1050	105	28339.3	17.486	17.486	69.944	69.944	0 35780.9 5580.05 	41361	6.65999	6.55445	12703.2	670	0.144048	0	4.029	1.02
156.9	0.00313367	0.00111697	28726.8	1050	105	28446.9	17.4898	17.4898	69.9592	69.9592	0 35639 5563.69 	41202.7	6.66818	6.55445	12703.2	670	0.144166	0	4.029	1.02
157	0.00313513	0.00111326	28628.4	1050	105	28348.5	17.4936	17.4936	69.9744	69.9744	0 35774.3 5572.43 	41346.7	6.65889	6.55445	12703.2	670	0.143898	0	4.029	1.02
157.1	0.00313385	0.00111724	28736.2	1050	105	28456.2	17.4975	17.4975	69.9898	69.9898	0 35632.4 5556.13 	41188.5	6.66706	6.55445	12703.2	670	0.144017	0	4.029	1.02
157.2	0.0031353	0.00111353	28637.7	1050	105	28357.7	17.5013	17.5013	70.0051	70.0051	0 35767.6 5564.82 	41332.4	6.65779	6.55445	12703.2	670	0.143748	0	4.029	1.02
157.3	0.00313402	0.00111751	28745.5	1050	105	28465.4	17.5051	17.5051	70.0206	70.0206	0 35625.8 5548.58 	41174.4	6.66595	6.55445	12703.2	670	0.143868	0	4.029	1.02
157.4	0.00313547	0.0011138	28647	1050	105	28366.9	17.509	17.509	70.036	70.036	0 35761 5557.21 	41318.2	6.65669	6.55445	12703.2	670	0.143598	0	4.029	1.02
157.5	0.00313419	0.00111777	28754.7	1050	105	28474.6	17.5129	17.5129	70.0515	70.0515	0 35619.3 5541.03 	41160.3	6.66484	6.55445	12703.2	670	0.143719	0	4.029	1.02
157.6	0.00313565	0.00111407	28656.2	1050	105	28376.1	17.5167	17.5167	70.067	70.067	0 35754.4 5549.61 	41304	6.65559	6.55445	12703.2	670	0.143448	0	4.029	1.02
157.7	0.00313437	0.00111804	28764	1050	105	28483.8	17.5207	17.5207	70.0826	70.0826	0 35612.7 5533.49 	41146.2	6.66373	6.55445	12703.2	670	0.143569	0	4.029	1.02
157.8	0.00313582	0.00111433	28665.5	1050	105	28385.2	17.5245	17.5245	70.0982	70.0982	0 35747.8 5542.01 	41289.8	6.65449	6.55445	12703.2	670	0.143298	0	4.029	1.02
157.9	0.00313454	0.00111831	28773.3	1050	105	28493	17.5285	17.5285	70.1139	70.1139	0 35606.2 5525.95 	41132.2	6.66262	6.55445	12703.2	670	0.14342	0	4.029	1.02
158	0.00313599	0.0011146	28674.7	1050	105	28394.3	17.5324	17.5324	70.1296	70.1296	0 35741.2 5534.42 	41275.6	6.6534	6.55445	12703.2	670	0.143148	0	4.029	1.02
158.1	0.00313472	0.00111857	28782.5	1050	105	28502.1	17.5363	17.5363	70.1454	70.1454	0 35599.7 5518.42 	41118.1	6.66151	6.55445	12703.2	670	0.14327	0	4.029	1.02
158.2	0.00313616	0.00111486	28683.9	1050	105	28403.5	17.5403	17.5403	70.1611	70.1611	0 35734.7 5526.84 	41261.5	6.6523	6.55445	12703.2	670	0.142997	0	4.029	1.02
158.3	0.00313489	0.00111884	28791.7	1050	105	28511.3	17.5443	17.5443	70.177	70.177	0 35593.2 5510.89 	41104.1	6.66041	6.55445	12703.2	670	0.143121	0	4.029	1.02
158.4	0.00313633	0.00111513	28693	1050	105	28412.5	17.5482	17.5482	70.1928	70.1928	0 35728.1 5519.26 	41247.4	6.65121	6.55445	12703.2	670	0.142847	0	4.029	1.02
158.5	0.00313506	0.0011191	28800.9	1050	105	28520.4	17.5522	17.5522	70.2088	70.2088	0 35586.8 5503.36 	41090.2	6.6593	6.55445	12703.2	670	0.142971	0	4.029	1.02
158.6	0.0031365	0.00111539	28702.2	1050	105	28421.6	17.5562	17.5562	70.2247	70.2247	0 35721.6 5511.68 	41233.3	6.65012	6.55445	12703.2	670	0.142696	0	4.029	1.02
158.7	0.00313524	0.00111937	28810.1	1050	105	28529.5	17.5602	17.5602	70.2408	70.2408	0 35580.4 5495.84 	41076.2	6.6582	6.55445	12703.2	670	0.142821	0	4.029	1.02
158.8	0.00313668	0.00111566	28711.3	1050	105	28430.7	17.5642	17.5642	70.2568	70.2568	0 35715.1 5504.11 	41219.3	6.64903	6.55445	12703.2	670	0.142546	0	4.029	1.02
158.9	0.00313541	0.00111963	28819.2	1050	105	28538.6	17.5682	17.5682	70.273	70.273	0 35573.9 5488.32 	41062.3	6.6571	6.55445	12703.2	670	0.142671	0	4.029	1.02
159	0.00313685	0.00111592	28720.4	1050	105	28439.7	17.5723	17.5723	70.289	70.289	0 35708.7 5496.55 	41205.2	6.64795	6.55445	12703.2	670	0.142395	0	4.029	1.02
159.1	0.00313558	0.00111989	28828.4	1050	105	28547.6	17.5763	17.5763	70.3053	70.3053	0 35567.5 5480.81 	41048.4	6.65601	6.55445	12703.2	670	0.142521	0	4.029	1.02
159.2	0.00313702	0.00111618	28729.5	1050	105	28448.7	17.5804	17.5804	70.3215	70.3215	0 35702.2 5488.99 	41191.2	6.64686	6.55445	12703.2	670	0.142244	0	4.029	1.02
159.3	0.00313575	0.00112016	28837.5	1050	105	28556.6	17.5844	17.5844	70.3378	70.3378	0 35561.2 5473.31 	41034.5	6.65491	6.55445	12703.2	670	0.142371	0	4.029	1.02
159.4	0.00313719	0.00111644	28738.6	1050	105	28457.7	17.5885	17.5885	70.354	70.354	0 35695.8 5481.44 	41177.2	6.64578	6.55445	12703.2	670	0.142093	0	4.029	1.02
159.5	0.00313592	0.00112042	28846.6	1050	105	28565.7	17.5926	17.5926	70.3705	70.3705	0 35554.8 5465.81 	41020.6	6.65382	6.55445	12703.2	670	0.14222	0	4.029	1.02
159.6	0.00313736	0.0011167	28747.7	1050	105	28466.7	17.5967	17.5967	70.3868	70.3868	0 35689.4 5473.89 	41163.3	6.6447	6.55445	12703.2	670	0.141942	0	4.029	1.02
159.7	0.0031361	0.00112068	28855.7	1050	105	28574.7	17.6008	17.6008	70.4033	70.4033	0 35548.5 5458.31 	41006.8	6.65272	6.55445	12703.2	670	0.14207	0	4.029	1.02
159.8	0.00313753	0.00111696	28756.7	1050	105	28475.7	17.6049	17.6049	70.4197	70.4197	0 35683 5466.35 	41149.3	6.64362	6.55445	12703.2	670	0.141791	0	4.029	1.02
159.9	0.00313627	0.00112094	28864.7	1050	105	28583.6	17.6091	17.6091	70.4363	70.4363	0 35542.1 5450.82 	40993	6.65163	6.55445	12703.2	670	0.14192	0	4.029	1.02
160	0.0031377	0.00111722	28765.7	1050	105	28484.6	17.6132	17.6132	70.4528	70.4528	0 35676.6 5458.81 	41135.4	6.64254	6.55445	12703.2	670	0.14164	0	4.029	1.02
160.1	0.00313644	0.0011212	28873.8	1050	105	28592.6	17.6174	17.6174	70.4695	70.4695	0 35535.8 5443.34 	40979.2	6.65054	6.55445	12703.2	670	0.141769	0	4.029	1.02
160.2	0.00313787	0.00111748	28774.7	1050	105	28493.5	17.6215	17.6215	70.4861	70.4861	0 35670.3 5451.28 	41121.5	6.64146	6.55445	12703.2	670	0.141489	0	4.029	1.02
160.3	0.00313661	0.00112146	28882.8	1050	105	28601.6	17.6257	17.6257	70.5028	70.5028	0 35529.6 5435.85 	40965.4	6.64946	6.55445	12703.2	670	0.141619	0	4.029	1.02
160.4	0.00313804	0.00111774	28783.7	1050	105	28502.4	17.6299	17.6299	70.5195	70.5195	0 35663.9 5443.75 	41107.7	6.64039	6.55445	12703.2	670	0.141338	0	4.029	1.02
160.5	0.00313678	0.00112172	28891.8	1050	105	28610.5	17.6341	17.6341	70.5363	70.5363	0 35523.3 5428.38 	40951.7	6.64837	6.55445	12703.2	670	0.141468	0	4.029	1.02
160.6	0.00313821	0.001118	28792.7	1050	105	28511.3	17.6383	17.6383	70.5531	70.5531	0 35657.6 5436.23 	41093.9	6.63931	6.55445	12703.2	670	0.141187	0	4.029	1.02
160.7	0.00313695	0.00112198	28900.8	1050	105	28619.4	17.6425	17.6425	70.57	70.57	0 35517 5420.91 	40937.9	6.64729	6.55445	12703.2	670	0.141317	0	4.029	1.02
160.8	0.00313837	0.00111826	28801.7	1050	105	28520.2	17.6467	17.6467	70.5868	70.5868	0 35651.3 5428.72 	41080	6.63824	6.55445	12703.2	670	0.141035	0	4.029	1.02
160.9	0.00313712	0.00112224	28909.8	1050	105	28628.3	17.651	17.651	70.6038	70.6038	0 35510.8 5413.45 	40924.2	6.64621	6.55445	12703.2	670	0.141167	0	4.029	1.02
161	0.00313854	0.00111852	28810.6	1050	105	28529	17.6552	17.6552	70.6207	70.6207	0 35645 5421.21 	41066.2	6.63717	6.55445	12703.2	670	0.140884	0	4.029	1.02
161.1	0.00313729	0.00112249	28918.8	1050	105	28637.2	17.6595	17.6595	70.6378	70.6378	0 35504.6 5405.99 	40910.6	6.64513	6.55445	12703.2	670	0.141016	0	4.029	1.02
161.2	0.00313871	0.00111877	28819.5	1050	105	28537.9	17.6637	17.6637	70.6548	70.6548	0 35638.8 5413.71 	41052.5	6.6361	6.55445	12703.2	670	0.140733	0	4.029	1.02
161.3	0.00313746	0.00112275	28927.7	1050	105	28646	17.668	17.668	70.672	70.672	0 35498.4 5398.53 	40896.9	6.64405	6.55445	12703.2	670	0.140865	0	4.029	1.02
161.4	0.00313888	0.00111903	28828.4	1050	105	28546.7	17.6723	17.6723	70.6891	70.6891	0 35632.5 5406.22 	41038.7	6.63504	6.55445	12703.2	670	0.140581	0	4.029	1.02
161.5	0.00313763	0.00112301	28936.7	1050	105	28654.9	17.6766	17.6766	70.7063	70.7063	0 35492.2 5391.08 	40883.3	6.64297	6.55445	12703.2	670	0.140714	0	4.029	1.02
161.6	0.00313905	0.00111928	28837.3	1050	105	28555.5	17.6809	17.6809	70.7235	70.7235	0 35626.3 5398.73 	41025	6.63397	6.55445	12703.2	670	0.14043	0	4.029	1.02
161.7	0.0031378	0.00112326	28945.6	1050	105	28663.7	17.6852	17.6852	70.7408	70.7408	0 35486 5383.64 	40869.7	6.6419	6.55445	12703.2	670	0.140563	0	4.029	1.02
161.8	0.00313922	0.00111954	28846.2	1050	105	28564.3	17.6895	17.6895	70.758	70.758	0 35620.1 5391.24 	41011.3	6.63291	6.55445	12703.2	670	0.140278	0	4.029	1.02
161.9	0.00313797	0.00112352	28954.5	1050	105	28672.5	17.6939	17.6939	70.7754	70.7754	0 35479.9 5376.21 	40856.1	6.64082	6.55445	12703.2	670	0.140412	0	4.029	1.02
162	0.00313938	0.00111979	28855.1	1050	105	28573.1	17.6982	17.6982	70.7928	70.7928	0 35613.9 5383.77 	40997.7	6.63184	6.55445	12703.2	670	0.140127	0	4.029	1.02
162.1	0.00313814	0.00112377	28963.4	1050	105	28681.3	17.7026	17.7026	70.8103	70.8103	0 35473.7 5368.77 	40842.5	6.63975	6.55445	12703.2	670	0.140261	0	4.029	1.02
162.2	0.00313955	0.00112005	28863.9	1050	105	28581.8	17.7069	17.7069	70.8277	70.8277	0 35607.7 5376.29 	40984	6.63078	6.55445	12703.2	670	0.139975	0	4.029	1.02
162.3	0.00313831	0.00112403	28972.2	1050	105	28690.1	17.7113	17.7113	70.8452	70.8452	0 35467.6 5361.35 	40829	6.63868	6.55445	12703.2	670	0.14011	0	4.029	1.02
162.4	0.00313972	0.0011203	28872.7	1050	105	28590.6	17.7157	17.7157	70.8627	70.8627	0 35601.5 5368.83 	40970.4	6.62972	6.55445	12703.2	670	0.139824	0	4.029	1.02
162.5	0.00313847	0.00112428	28981.1	1050	105	28698.9	17.7201	17.7201	70.8804	70.8804	0 35461.5 5353.93 	40815.4	6.63761	6.55445	12703.2	670	0.139959	0	4.029	1.02
162.6	0.00313989	0.00112055	28881.6	1050	105	28599.3	17.7245	17.7245	70.8979	70.8979	0 35595.4 5361.37 	40956.8	6.62866	6.55445	12703.2	670	0.139672	0	4.029	1.02
162.7	0.00313864	0.00112453	28989.9	1050	105	28707.6	17.7289	17.7289	70.9156	70.9156	0 35455.4 5346.51 	40801.9	6.63655	6.55445	12703.2	670	0.139808	0	4.029	1.02
162.8	0.00314005	0.00112081	28890.4	1050	105	28608	17.7333	17.7333	70.9333	70.9333	0 35589.3 5353.92 	40943.2	6.62761	6.55445	12703.2	670	0.13952	0	4.029	1.02
162.9	0.00313881	0.00112479	28998.7	1050	105	28716.4	17.7378	17.7378	70.9511	70.9511	0 35449.4 5339.1 	40788.5	6.63548	6.55445	12703.2	670	0.139656	0	4.029	1.02
163	0.00314022	0.00112106	28899.1	1050	105	28616.7	17.7422	17.7422	70.9688	70.9688	0 35583.1 5346.47 	40929.6	6.62655	6.55445	12703.2	670	0.139369	0	4.029	1.02
163.1	0.00313898	0.00112504	29007.6	1050	105	28725.1	17.7467	17.7467	70.9867	70.9867	0 35443.3 5331.7 	40775	6.63442	6.55445	12703.2	670	0.139505	0	4.029	1.02
163.2	0.00314039	0.00112131	28907.9	1050	105	28625.4	17.7511	17.7511	71.0045	71.0045	0 35577 5339.03 	40916.1	6.6255	6.55445	12703.2	670	0.139217	0	4.029	1.02
163.3	0.00313914	0.00112529	29016.3	1050	105	28733.8	17.7556	17.7556	71.0225	71.0225	0 35437.3 5324.3 	40761.6	6.63336	6.55445	12703.2	670	0.139354	0	4.029	1.02
163.4	0.00314055	0.00112156	28916.7	1050	105	28634.1	17.7601	17.7601	71.0403	71.0403	0 35571 5331.6 	40902.6	6.62444	6.55445	12703.2	670	0.139065	0	4.029	1.02
163.5	0.00313931	0.00112554	29025.1	1050	105	28742.5	17.7646	17.7646	71.0584	71.0584	0 35431.2 5316.91 	40748.1	6.6323	6.55445	12703.2	670	0.139202	0	4.029	1.02
163.6	0.00314072	0.00112181	28925.4	1050	105	28642.7	17.7691	17.7691	71.0763	71.0763	0 35564.9 5324.17 	40889.1	6.62339	6.55445	12703.2	670	0.138914	0	4.029	1.02
163.7	0.00313948	0.00112579	29033.9	1050	105	28751.2	17.7736	17.7736	71.0944	71.0944	0 35425.2 5309.53 	40734.7	6.63124	6.55445	12703.2	670	0.139051	0	4.029	1.02
163.8	0.00314088	0.00112206	28934.1	1050	105	28651.4	17.7781	17.7781	71.1125	71.1125	0 35558.8 5316.75 	40875.6	6.62234	6.55445	12703.2	670	0.138762	0	4.029	1.02
163.9	0.00313965	0.00112604	29042.6	1050	105	28759.8	17.7827	17.7827	71.1307	71.1307	0 35419.2 5302.15 	40721.4	6.63018	6.55445	12703.2	670	0.1389	0	4.029	1.02
164	0.00314105	0.00112231	28942.9	1050	105	28660	17.7872	17.7872	71.1488	71.1488	0 35552.8 5309.33 	40862.1	6.62129	6.55445	12703.2	670	0.13861	0	4.029	1.02
164.1	0.00313981	0.00112629	29051.4	1050	105	28768.5	17.7918	17.7918	71.1671	71.1671	0 35413.2 5294.78 	40708	6.62912	6.55445	12703.2	670	0.138748	0	4.029	1.02
164.2	0.00314122	0.00112256	28951.6	1050	105	28668.6	17.7963	17.7963	71.1852	71.1852	0 35546.8 5301.92 	40848.7	6.62025	6.55445	12703.2	670	0.138458	0	4.029	1.02
164.3	0.00313998	0.00112654	29060.1	1050	105	28777.1	17.8009	17.8009	71.2036	71.2036	0 35407.3 5287.41 	40694.7	6.62807	6.55445	12703.2	670	0.138597	0	4.029	1.02
164.4	0.00314138	0.00112281	28960.2	1050	105	28677.2	17.8055	17.8055	71.2219	71.2219	0 35540.8 5294.52 	40835.3	6.6192	6.55445	12703.2	670	0.138306	0	4.029	1.02
164.5	0.00314015	0.00112679	29068.8	1050	105	28785.7	17.8101	17.8101	71.2403	71.2403	0 35401.3 5280.05 	40681.3	6.62702	6.55445	12703.2	670	0.138445	0	4.029	1.02
164.6	0.00314155	0.00112306	28968.9	1050	105	28685.8	17.8147	17.8147	71.2586	71.2586	0 35534.8 5287.13 	40821.9	6.61816	6.55445	12703.2	670	0.138155	0	4.029	1.02
164.7	0.00314031	0.00112704	29077.5	1050	105	28794.3	17.8193	17.8193	71.2771	71.2771	0 35395.4 5272.69 	40668.1	6.62597	6.55445	12703.2	670	0.138294	0	4.029	1.02
164.8	0.00314171	0.00112331	28977.6	1050	105	28694.3	17.8239	17.8239	71.2955	71.2955	0 35528.8 5279.74 	40808.5	6.61711	6.55445	12703.2	670	0.138003	0	4.029	1.02
164.9	0.00314048	0.00112729	29086.2	1050	105	28802.9	17.8285	17.8285	71.3141	71.3141	0 35389.4 5265.34 	40654.8	6.62492	6.55445	12703.2	670	0.138142	0	4.029	1.02
165	0.00314188	0.00112356	28986.2	1050	105	28702.9	17.8332	17.8332	71.3326	71.3326	0 35522.8 5272.36 	40795.2	6.61607	6.55445	12703.2	670	0.137851	0	4.029	1.02
165.1	0.00314064	0.00112754	29094.9	1050	105	28811.5	17.8378	17.8378	71.3513	71.3513	0 35383.5 5258 	40641.5	6.62387	6.55445	12703.2	670	0.137991	0	4.029	1.02
165.2	0.00314204	0.0011238	28994.9	1050	105	28711.4	17.8425	17.8425	71.3698	71.3698	0 35516.9 5264.98 	40781.8	6.61503	6.55445	12703.2	670	0.137699	0	4.029	1.02
165.3	0.00314081	0.00112778	29103.5	1050	105	28820.1	17.8471	17.8471	71.3885	71.3885	0 35377.6 5250.66 	40628.3	6.62282	6.55445	12703.2	670	0.137839	0	4.029	1.02
165.4	0.00314221	0.00112405	29003.5	1050	105	28720	17.8518	17.8518	71.4072	71.4072	0 35510.9 5257.61 	40768.5	6.61399	6.55445	12703.2	670	0.137547	0	4.029	1.02
165.5	0.00314097	0.00112803	29112.2	1050	105	28828.6	17.8565	17.8565	71.426	71.426	0 35371.7 5243.33 	40615.1	6.62178	6.55445	12703.2	670	0.137688	0	4.029	1.02
165.6	0.00314237	0.0011243	29012.1	1050	105	28728.5	17.8612	17.8612	71.4447	71.4447	0 35505 5250.25 	40755.2	6.61296	6.55445	12703.2	670	0.137395	0	4.029	1.02
165.7	0.00314114	0.00112828	29120.8	1050	105	28837.2	17.8659	17.8659	71.4636	71.4636	0 35365.8 5236.01 	40601.9	6.62073	6.55445	12703.2	670	0.137536	0	4.029	1.02
165.8	0.00314253	0.00112454	29020.7	1050	105	28737	17.8706	17.8706	71.4824	71.4824	0 35499.1 5242.89 	40742	6.61192	6.55445	12703.2	670	0.137244	0	4.029	1.02
165.9	0.0031413	0.00112852	29129.4	1050	105	28845.7	17.8753	17.8753	71.5013	71.5013	0 35360 5228.69 	40588.7	6.61969	6.55445	12703.2	670	0.137385	0	4.029	1.02
166	0.0031427	0.00112479	29029.3	1050	105	28745.5	17.88	17.88	71.5202	71.5202	0 35493.2 5235.55 	40728.7	6.61089	6.55445	12703.2	670	0.137092	0	4.029	1.02
166.1	0.00314147	0.00112877	29138	1050	105	28854.2	17.8848	17.8848	71.5392	71.5392	0 35354.1 5221.38 	40575.5	6.61865	6.55445	12703.2	670	0.137233	0	4.029	1.02
166.2	0.00314286	0.00112503	29037.8	1050	105	28754	17.8895	17.8895	71.5581	71.5581	0 35487.3 5228.2 	40715.5	6.60985	6.55445	12703.2	670	0.13694	0	4.029	1.02
166.3	0.00314163	0.00112902	29146.6	1050	105	28862.7	17.8943	17.8943	71.5773	71.5773	0 35348.3 5214.08 	40562.4	6.61761	6.55445	12703.2	670	0.137082	0	4.029	1.02
166.4	0.00314302	0.00112528	29046.4	1050	105	28762.4	17.8991	17.8991	71.5963	71.5963	0 35481.4 5220.87 	40702.3	6.60882	6.55445	12703.2	670	0.136788	0	4.029	1.02
166.5	0.0031418	0.00112926	29155.2	1050	105	28871.2	17.9039	17.9039	71.6154	71.6154	0 35342.5 5206.78 	40549.2	6.61657	6.55445	12703.2	670	0.13693	0	4.029	1.02
166.6	0.00314319	0.00112552	29055	1050	105	28770.9	17.9086	17.9086	71.6345	71.6345	0 35475.6 5213.54 	40689.1	6.60779	6.55445	12703.2	670	0.136636	0	4.029	1.02
166.7	0.00314196	0.00112951	29163.8	1050	105	28879.7	17.9134	17.9134	71.6538	71.6538	0 35336.7 5199.49 	40536.1	6.61554	6.55445	12703.2	670	0.136778	0	4.029	1.02
166.8	0.00314335	0.00112577	29063.5	1050	105	28779.3	17.9182	17.9182	71.6729	71.6729	0 35469.7 5206.22 	40675.9	6.60676	6.55445	12703.2	670	0.136485	0	4.029	1.02
166.9	0.00314212	0.00112975	29172.4	1050	105	28888.1	17.9231	17.9231	71.6922	71.6922	0 35330.9 5192.2 	40523.1	6.6145	6.55445	12703.2	670	0.136627	0	4.029	1.02
167	0.00314351	0.00112601	29072	1050	105	28787.7	17.9279	17.9279	71.7115	71.7115	0 35463.9 5198.9 	40662.8	6.60573	6.55445	12703.2	670	0.136333	0	4.029	1.02
167.1	0.00314229	0.00112999	29180.9	1050	105	28896.6	17.9327	17.9327	71.7309	71.7309	0 35325.1 5184.92 	40510	6.61347	6.55445	12703.2	670	0.136475	0	4.029	1.02
167.2	0.00314368	0.00112625	29080.5	1050	105	28796.2	17.9375	17.9375	71.7502	71.7502	0 35458.1 5191.6 	40649.7	6.6047	6.55445	12703.2	670	0.136181	0	4.029	1.02
167.3	0.00314245	0.00113024	29189.4	1050	105	28905	17.9424	17.9424	71.7696	71.7696	0 35319.3 5177.65 	40496.9	6.61243	6.55445	12703.2	670	0.136324	0	4.029	1.02
167.4	0.00314384	0.0011265	29089	1050	105	28804.6	17.9472	17.9472	71.789	71.789	0 35452.2 5184.3 	40636.5	6.60368	6.55445	12703.2	670	0.136029	0	4.029	1.02
167.5	0.00314262	0.00113048	29198	1050	105	28913.5	17.9521	17.9521	71.8085	71.8085	0 35313.5 5170.38 	40483.9	6.6114	6.55445	12703.2	670	0.136172	0	4.029	1.02
167.6	0.003144	0.00112674	29097.5	1050	105	28813	17.957	17.957	71.828	71.828	0 35446.4 5177 	40623.4	6.60266	6.55445	12703.2	670	0.135878	0	4.029	1.02
167.7	0.00314278	0.00113072	29206.5	1050	105	28921.9	17.9619	17.9619	71.8476	71.8476	0 35307.8 5163.12 	40470.9	6.61037	6.55445	12703.2	670	0.136021	0	4.029	1.02
167.8	0.00314417	0.00112698	29106	1050	105	28821.3	17.9668	17.9668	71.8671	71.8671	0 35440.7 5169.71 	40610.4	6.60163	6.55445	12703.2	670	0.135726	0	4.029	1.02
167.9	0.00314294	0.00113097	29215	1050	105	28930.3	17.9717	17.9717	71.8868	71.8868	0 35302 5155.87 	40457.9	6.60935	6.55445	12703.2	670	0.135869	0	4.029	1.02
168	0.0031443	0.00112731	29116.9	1050	105	28832.1	17.9766	17.9766	71.9064	71.9064	0 35431.7 5162.2 	40593.9	6.6008	6.55445	12703.2	670	0.135579	0	4.029	1.02
168.1	0.00314306	0.00113135	29227.4	1050	105	28942.6	17.9815	17.9815	71.9261	71.9261	0 35291.3 5148.25 	40439.5	6.60862	6.55445	12703.2	670	0.135726	0	4.029	1.02
168.2	0.00314439	0.00112776	29130.9	1050	105	28846.1	17.9864	17.9864	71.9457	71.9457	0 35418.8 5154.4 	40573.2	6.60021	6.55445	12703.2	670	0.135439	0	4.029	1.02
168.3	0.00314314	0.00113183	29242.3	1050	105	28957.4	17.9914	17.9914	71.9654	71.9654	0 35277.3 5140.41 	40417.7	6.6081	6.55445	12703.2	670	0.135588	0	4.029	1.02
168.4	0.00314447	0.00112824	29145.9	1050	105	28860.9	17.9963	17.9963	71.9851	71.9851	0 35404.6 5146.53 	40551.2	6.59969	6.55445	12703.2	670	0.135302	0	4.029	1.02
168.5	0.00314322	0.00113231	29257.1	1050	105	28972.1	18.0012	18.0012	72.0048	72.0048	0 35263.4 5132.6 	40396	6.60756	6.55445	12703.2	670	0.135451	0	4.029	1.02
168.6	0.00314456	0.00112872	29160.8	1050	105	28875.7	18.0061	18.0061	72.0245	72.0245	0 35390.5 5138.69 	40529.2	6.59916	6.55445	12703.2	670	0.135165	0	4.029	1.02
168.7	0.00314331	0.00113278	29272	1050	105	28986.9	18.0111	18.0111	72.0443	72.0443	0 35249.5 5124.81 	40374.3	6.60702	6.55445	12703.2	670	0.135314	0	4.029	1.02
168.8	0.00314464	0.0011292	29175.8	1050	105	28890.6	18.016	18.016	72.0639	72.0639	0 35376.3 5130.86 	40507.2	6.59864	6.55445	12703.2	670	0.135029	0	4.029	1.02
168.9	0.00314339	0.00113326	29287	1050	105	29001.8	18.0209	18.0209	72.0837	72.0837	0 35235.5 5117.03 	40352.6	6.60649	6.55445	12703.2	670	0.135178	0	4.029	1.02
169	0.00314472	0.00112968	29190.8	1050	105	28905.6	18.0259	18.0259	72.1034	72.1034	0 35362.1 5123.05 	40485.2	6.59812	6.55445	12703.2	670	0.134893	0	4.029	1.02
169.1	0.00314348	0.00113374	29302	1050	105	29016.7	18.0308	18.0308	72.1232	72.1232	0 35221.5 5109.27 	40330.8	6.60595	6.55445	12703.2	670	0.135042	0	4.029	1.02
169.2	0.00314481	0.00113017	29205.9	1050	105	28920.6	18.0357	18.0357	72.1429	72.1429	0 35347.9 5115.25 	40463.1	6.5976	6.55445	12703.2	670	0.134757	0	4.029	1.02
169.3	0.00314356	0.00113423	29317	1050	105	29031.6	18.0407	18.0407	72.1627	72.1627	0 35207.5 5101.52 	40309	6.60542	6.55445	12703.2	670	0.134906	0	4.029	1.02
169.4	0.00314489	0.00113066	29221.1	1050	105	28935.6	18.0456	18.0456	72.1825	72.1825	0 35333.6 5107.47 	40441.1	6.59708	6.55445	12703.2	670	0.134622	0	4.029	1.02
169.5	0.00314365	0.00113471	29332.1	1050	105	29046.6	18.0506	18.0506	72.2023	72.2023	0 35193.5 5093.78 	40287.2	6.60489	6.55445	12703.2	670	0.134771	0	4.029	1.02
169.6	0.00314497	0.00113114	29236.2	1050	105	28950.7	18.0555	18.0555	72.2221	72.2221	0 35319.3 5099.7 	40419	6.59656	6.55445	12703.2	670	0.134487	0	4.029	1.02
169.7	0.00314373	0.0011352	29347.2	1050	105	29061.6	18.0605	18.0605	72.2419	72.2419	0 35179.4 5086.06 	40265.4	6.60436	6.55445	12703.2	670	0.134636	0	4.029	1.02
169.8	0.00314505	0.00113163	29251.4	1050	105	28965.8	18.0654	18.0654	72.2617	72.2617	0 35305 5091.94 	40396.9	6.59604	6.55445	12703.2	670	0.134352	0	4.029	1.02
169.9	0.00314382	0.00113568	29362.3	1050	105	29076.6	18.0704	18.0704	72.2815	72.2815	0 35165.3 5078.35 	40243.6	6.60383	6.55445	12703.2	670	0.134501	0	4.029	1.02
170	0.00314513	0.00113212	29266.7	1050	105	28980.9	18.0753	18.0753	72.3013	72.3013	0 35290.6 5084.19 	40374.8	6.59553	6.55445	12703.2	670	0.134217	0	4.029	1.02
170.1	0.0031439	0.00113617	29377.5	1050	105	29091.7	18.0803	18.0803	72.3212	72.3212	0 35151.1 5070.65 	40221.8	6.60331	6.55445	12703.2	670	0.134367	0	4.029	1.02
170.2	0.00314522	0.00113261	29281.9	1050	105	28996.1	18.0852	18.0852	72.341	72.341	0 35276.3 5076.46 	40352.7	6.59501	6.55445	12703.2	670	0.134083	0	4.029	1.02
170.3	0.00314398	0.00113665	29392.7	1050	105	29106.8	18.0902	18.0902	72.3609	72.3609	0 35137 5062.96 	40200	6.60278	6.55445	12703.2	670	0.134232	0	4.029	1.02
170.4	0.0031453	0.0011331	29297.2	1050	105	29011.3	18.0952	18.0952	72.3807	72.3807	0 35261.9 5068.74 	40330.6	6.5945	6.55445	12703.2	670	0.133949	0	4.029	1.02
170.5	0.00314407	0.00113714	29407.9	1050	105	29121.9	18.1002	18.1002	72.4006	72.4006	0 35122.9 5055.29 	40178.1	6.60226	6.55445	12703.2	670	0.134098	0	4.029	1.02
170.6	0.00314538	0.00113359	29312.5	1050	105	29026.5	18.1051	18.1051	72.4205	72.4205	0 35247.5 5061.03 	40308.5	6.59399	6.55445	12703.2	670	0.133815	0	4.029	1.02
170.7	0.00314415	0.00113763	29423.1	1050	105	29137	18.1101	18.1101	72.4404	72.4404	0 35108.7 5047.62 	40156.3	6.60174	6.55445	12703.2	670	0.133964	0	4.029	1.02
170.8	0.00314546	0.00113409	29327.8	1050	105	29041.7	18.1151	18.1151	72.4602	72.4602	0 35233.1 5053.33 	40286.4	6.59348	6.55445	12703.2	670	0.133681	0	4.029	1.02
170.9	0.00314423	0.00113812	29438.4	1050	105	29152.2	18.12	18.12	72.4802	72.4802	0 35094.5 5039.97 	40134.5	6.60122	6.55445	12703.2	670	0.13383	0	4.029	1.02
171	0.00314554	0.00113458	29343.2	1050	105	29056.9	18.125	18.125	72.5	72.5	0 35218.7 5045.64 	40264.3	6.59298	6.55445	12703.2	670	0.133548	0	4.029	1.02
171.1	0.00314431	0.00113861	29453.6	1050	105	29167.3	18.13	18.13	72.52	72.52	0 35080.3 5032.33 	40112.7	6.6007	6.55445	12703.2	670	0.133697	0	4.029	1.02
171.2	0.00314562	0.00113507	29358.5	1050	105	29072.2	18.135	18.135	72.5399	72.5399	0 35204.3 5037.96 	40242.2	6.59247	6.55445	12703.2	670	0.133414	0	4.029	1.02
171.3	0.0031444	0.0011391	29468.9	1050	105	29182.5	18.14	18.14	72.5599	72.5599	0 35066.2 5024.69 	40090.8	6.60018	6.55445	12703.2	670	0.133563	0	4.029	1.02
171.4	0.0031457	0.00113557	29373.9	1050	105	29087.4	18.1449	18.1449	72.5798	72.5798	0 35189.9 5030.3 	40220.2	6.59196	6.55445	12703.2	670	0.133281	0	4.029	1.02
171.5	0.00314448	0.00113959	29484.2	1050	105	29197.7	18.1499	18.1499	72.5997	72.5997	0 35052 5017.07 	40069	6.59967	6.55445	12703.2	670	0.13343	0	4.029	1.02
171.6	0.00314578	0.00113606	29389.3	1050	105	29102.7	18.1549	18.1549	72.6197	72.6197	0 35175.4 5022.64 	40198.1	6.59146	6.55445	12703.2	670	0.133148	0	4.029	1.02
171.7	0.00314456	0.00114008	29499.5	1050	105	29212.9	18.1599	18.1599	72.6397	72.6397	0 35037.8 5009.46 	40047.2	6.59916	6.55445	12703.2	670	0.133297	0	4.029	1.02
171.8	0.00314586	0.00113656	29404.7	1050	105	29118	18.1649	18.1649	72.6596	72.6596	0 35161 5014.99 	40176	6.59096	6.55445	12703.2	670	0.133015	0	4.029	1.02
171.9	0.00314464	0.00114058	29514.9	1050	105	29228.2	18.1699	18.1699	72.6796	72.6796	0 35023.5 5001.86 	40025.4	6.59864	6.55445	12703.2	670	0.133164	0	4.029	1.02
172	0.00314594	0.00113705	29420.1	1050	105	29133.3	18.1749	18.1749	72.6995	72.6995	0 35146.6 5007.36 	40153.9	6.59046	6.55445	12703.2	670	0.132882	0	4.029	1.02
172.1	0.00314472	0.00114107	29530.2	1050	105	29243.4	18.1799	18.1799	72.7196	72.7196	0 35009.3 4994.26 	40003.6	6.59813	6.55445	12703.2	670	0.133031	0	4.029	1.02
172.2	0.00314602	0.00113755	29435.5	1050	105	29148.7	18.1849	18.1849	72.7395	72.7395	0 35132.1 4999.73 	40131.8	6.58996	6.55445	12703.2	670	0.132749	0	4.029	1.02
172.3	0.0031448	0.00114156	29545.6	1050	105	29258.7	18.1899	18.1899	72.7596	72.7596	0 34995.1 4986.68 	39981.8	6.59762	6.55445	12703.2	670	0.132898	0	4.029	1.02
172.4	0.0031461	0.00113805	29451	1050	105	29164	18.1949	18.1949	72.7795	72.7795	0 35117.7 4992.11 	40109.8	6.58947	6.55445	12703.2	670	0.132616	0	4.029	1.02
172.5	0.00314488	0.00114205	29560.9	1050	105	29273.9	18.1999	18.1999	72.7996	72.7996	0 34980.9 4979.11 	39960	6.59712	6.55445	12703.2	670	0.132765	0	4.029	1.02
172.6	0.00314618	0.00113854	29466.4	1050	105	29179.4	18.2049	18.2049	72.8196	72.8196	0 35103.2 4984.51 	40087.7	6.58897	6.55445	12703.2	670	0.132484	0	4.029	1.02
172.7	0.00314496	0.00114255	29576.3	1050	105	29289.2	18.2099	18.2099	72.8397	72.8397	0 34966.7 4971.55 	39938.2	6.59661	6.55445	12703.2	670	0.132632	0	4.029	1.02
172.8	0.00314626	0.00113904	29481.9	1050	105	29194.8	18.2149	18.2149	72.8596	72.8596	0 35088.7 4976.91 	40065.7	6.58848	6.55445	12703.2	670	0.132351	0	4.029	1.02
172.9	0.00314504	0.00114304	29591.7	1050	105	29304.5	18.2199	18.2199	72.8797	72.8797	0 34952.4 4963.99 	39916.4	6.59611	6.55445	12703.2	670	0.1325	0	4.029	1.02
173	0.00314633	0.00113954	29497.4	1050	105	29210.1	18.2249	18.2249	72.8997	72.8997	0 35074.3 4969.32 	40043.6	6.58799	6.55445	12703.2	670	0.132219	0	4.029	1.02
173.1	0.00314512	0.00114354	29607.1	1050	105	29319.8	18.23	18.23	72.9199	72.9199	0 34938.2 4956.45 	39894.7	6.59561	6.55445	12703.2	670	0.132367	0	4.029	1.02
173.2	0.00314641	0.00114004	29512.9	1050	105	29225.5	18.235	18.235	72.9399	72.9399	0 35059.8 4961.75 	40021.6	6.5875	6.55445	12703.2	670	0.132087	0	4.029	1.02
173.3	0.0031452	0.00114403	29622.5	1050	105	29335.1	18.24	18.24	72.96	72.96	0 34924 4948.91 	39872.9	6.59511	6.55445	12703.2	670	0.132235	0	4.029	1.02
173.4	0.00314649	0.00114054	29528.4	1050	105	29240.9	18.245	18.245	72.98	72.98	0 35045.3 4954.18 	39999.5	6.58701	6.55445	12703.2	670	0.131955	0	4.029	1.02
173.5	0.00314528	0.00114453	29638	1050	105	29350.5	18.25	18.25	73.0001	73.0001	0 34909.7 4941.39 	39851.1	6.59461	6.55445	12703.2	670	0.132102	0	4.029	1.02
173.6	0.00314657	0.00114104	29543.9	1050	105	29256.4	18.255	18.255	73.0202	73.0202	0 35030.9 4946.62 	39977.5	6.58653	6.55445	12703.2	670	0.131823	0	4.029	1.02
173.7	0.00314536	0.00114502	29653.4	1050	105	29365.8	18.2601	18.2601	73.0403	73.0403	0 34895.5 4933.87 	39829.4	6.59411	6.55445	12703.2	670	0.13197	0	4.029	1.02
173.8	0.00314664	0.00114154	29559.5	1050	105	29271.8	18.2651	18.2651	73.0604	73.0604	0 35016.4 4939.07 	39955.5	6.58604	6.55445	12703.2	670	0.131691	0	4.029	1.02
173.9	0.00314544	0.00114552	29668.9	1050	105	29381.2	18.2701	18.2701	73.0805	73.0805	0 34881.2 4926.37 	39807.6	6.59362	6.55445	12703.2	670	0.131838	0	4.029	1.02
174	0.00314672	0.00114204	29575	1050	105	29287.3	18.2752	18.2752	73.1006	73.1006	0 35001.9 4931.53 	39933.4	6.58556	6.55445	12703.2	670	0.131559	0	4.029	1.02
174.1	0.00314552	0.00114602	29684.4	1050	105	29396.6	18.2802	18.2802	73.1208	73.1208	0 34867 4918.87 	39785.9	6.59313	6.55445	12703.2	670	0.131706	0	4.029	1.02
174.2	0.0031468	0.00114254	29590.6	1050	105	29302.7	18.2852	18.2852	73.1409	73.1409	0 34987.4 4924 	39911.4	6.58508	6.55445	12703.2	670	0.131427	0	4.029	1.02
174.3	0.00314559	0.00114651	29699.9	1050	105	29412	18.2903	18.2903	73.161	73.161	0 34852.7 4911.38 	39764.1	6.59264	6.55445	12703.2	670	0.131574	0	4.029	1.02
174.4	0.00314687	0.00114304	29606.2	1050	105	29318.2	18.2953	18.2953	73.1811	73.1811	0 34972.9 4916.48 	39889.4	6.5846	6.55445	12703.2	670	0.131295	0	4.029	1.02
174.5	0.00314567	0.00114701	29715.4	1050	105	29427.3	18.3003	18.3003	73.2013	73.2013	0 34838.5 4903.9 	39742.4	6.59215	6.55445	12703.2	670	0.131443	0	4.029	1.02
174.6	0.00314695	0.00114354	29621.7	1050	105	29333.7	18.3054	18.3054	73.2214	73.2214	0 34958.4 4908.97 	39867.4	6.58413	6.55445	12703.2	670	0.131164	0	4.029	1.02
174.7	0.00314575	0.00114751	29730.9	1050	105	29442.8	18.3104	18.3104	73.2416	73.2416	0 34824.2 4896.43 	39720.6	6.59166	6.55445	12703.2	670	0.131311	0	4.029	1.02
174.8	0.00314702	0.00114404	29637.3	1050	105	29349.2	18.3154	18.3154	73.2617	73.2617	0 34943.9 4901.47 	39845.4	6.58365	6.55445	12703.2	670	0.131032	0	4.029	1.02
174.9	0.00314583	0.00114801	29746.4	1050	105	29458.2	18.3205	18.3205	73.282	73.282	0 34809.9 4888.97 	39698.9	6.59118	6.55445	12703.2	670	0.131179	0	4.029	1.02
175	0.0031471	0.00114454	29653	1050	105	29364.7	18.3255	18.3255	73.3021	73.3021	0 34929.4 4893.97 	39823.4	6.58318	6.55445	12703.2	670	0.130901	0	4.029	1.02
175.1	0.0031459	0.00114851	29761.9	1050	105	29473.6	18.3306	18.3306	73.3223	73.3223	0 34795.7 4881.52 	39677.2	6.59069	6.55445	12703.2	670	0.131048	0	4.029	1.02
175.2	0.00314717	0.00114505	29668.6	1050	105	29380.2	18.3356	18.3356	73.3424	73.3424	0 34914.9 4886.49 	39801.4	6.58271	6.55445	12703.2	670	0.13077	0	4.029	1.02
175.3	0.00314598	0.00114901	29777.5	1050	105	29489.1	18.3407	18.3407	73.3627	73.3627	0 34781.4 4874.08 	39655.5	6.59021	6.55445	12703.2	670	0.130916	0	4.029	1.02
175.4	0.00314725	0.00114555	29684.2	1050	105	29395.8	18.3457	18.3457	73.3828	73.3828	0 34900.4 4879.02 	39779.4	6.58224	6.55445	12703.2	670	0.130639	0	4.029	1.02
175.5	0.00314606	0.00114951	29793.1	1050	105	29504.6	18.3508	18.3508	73.4031	73.4031	0 34767.1 4866.64 	39633.7	6.58973	6.55445	12703.2	670	0.130785	0	4.029	1.02
175.6	0.00314732	0.00114605	29699.9	1050	105	29411.4	18.3558	18.3558	73.4232	73.4232	0 34885.9 4871.55 	39757.4	6.58178	6.55445	12703.2	670	0.130508	0	4.029	1.02
175.7	0.00314613	0.00115001	29808.6	1050	105	29520	18.3609	18.3609	73.4435	73.4435	0 34752.8 4859.22 	39612	6.58926	6.55445	12703.2	670	0.130654	0	4.029	1.02
175.8	0.0031474	0.00114656	29715.6	1050	105	29426.9	18.3659	18.3659	73.4637	73.4637	0 34871.4 4864.09 	39735.5	6.58131	6.55445	12703.2	670	0.130377	0	4.029	1.02
175.9	0.00314621	0.00115051	29824.2	1050	105	29535.5	18.371	18.371	73.4839	73.4839	0 34738.5 4851.8 	39590.3	6.58878	6.55445	12703.2	670	0.130523	0	4.029	1.02
176	0.00314747	0.00114706	29731.3	1050	105	29442.5	18.376	18.376	73.5041	73.5041	0 34856.8 4856.65 	39713.5	6.58085	6.55445	12703.2	670	0.130246	0	4.029	1.02
176.1	0.00314628	0.00115101	29839.9	1050	105	29551	18.3811	18.3811	73.5244	73.5244	0 34724.2 4844.39 	39568.6	6.58831	6.55445	12703.2	670	0.130392	0	4.029	1.02
176.2	0.00314755	0.00114757	29747	1050	105	29458.1	18.3861	18.3861	73.5446	73.5446	0 34842.3 4849.21 	39691.5	6.58039	6.55445	12703.2	670	0.130115	0	4.029	1.02
176.3	0.00314636	0.00115151	29855.5	1050	105	29566.6	18.3912	18.3912	73.5649	73.5649	0 34709.9 4837 	39546.9	6.58784	6.55445	12703.2	670	0.130261	0	4.029	1.02
176.4	0.00314762	0.00114807	29762.7	1050	105	29473.8	18.3963	18.3963	73.5851	73.5851	0 34827.7 4841.78 	39669.5	6.57993	6.55445	12703.2	670	0.129984	0	4.029	1.02
176.5	0.00314643	0.00115201	29871.1	1050	105	29582.1	18.4013	18.4013	73.6054	73.6054	0 34695.6 4829.61 	39525.2	6.58737	6.55445	12703.2	670	0.13013	0	4.029	1.02
176.6	0.00314769	0.00114858	29778.5	1050	105	29489.4	18.4064	18.4064	73.6256	73.6256	0 34813.2 4834.36 	39647.5	6.57947	6.55445	12703.2	670	0.129854	0	4.029	1.02
176.7	0.00314651	0.00115252	29886.8	1050	105	29597.7	18.4115	18.4115	73.6459	73.6459	0 34681.2 4822.23 	39503.5	6.5869	6.55445	12703.2	670	0.129999	0	4.029	1.02
176.8	0.00314776	0.00114909	29794.2	1050	105	29505	18.4165	18.4165	73.6661	73.6661	0 34798.6 4826.95 	39625.6	6.57902	6.55445	12703.2	670	0.129723	0	4.029	1.02
176.9	0.00314658	0.00115302	29902.5	1050	105	29613.3	18.4216	18.4216	73.6864	73.6864	0 34666.9 4814.86 	39481.8	6.58644	6.55445	12703.2	670	0.129868	0	4.029	1.02
177	0.00314784	0.0011496	29810	1050	105	29520.7	18.4267	18.4267	73.7066	73.7066	0 34784.1 4819.54 	39603.6	6.57856	6.55445	12703.2	670	0.129593	0	4.029	1.02
177.1	0.00314665	0.00115352	29918.2	1050	105	29628.9	18.4317	18.4317	73.7269	73.7269	0 34652.6 4807.49 	39460.1	6.58597	6.55445	12703.2	670	0.129738	0	4.029	1.02
177.2	0.00314791	0.0011501	29825.8	1050	105	29536.4	18.4368	18.4368	73.7472	73.7472	0 34769.5 4812.15 	39581.6	6.57811	6.55445	12703.2	670	0.129463	0	4.029	1.02
177.3	0.00314673	0.00115403	29933.9	1050	105	29644.5	18.4419	18.4419	73.7675	73.7675	0 34638.2 4800.14 	39438.4	6.58551	6.55445	12703.2	670	0.129608	0	4.029	1.02
177.4	0.00314798	0.00115061	29841.6	1050	105	29552.1	18.4469	18.4469	73.7877	73.7877	0 34754.9 4804.77 	39559.7	6.57767	6.55445	12703.2	670	0.129332	0	4.029	1.02
177.5	0.0031468	0.00115453	29949.6	1050	105	29660.1	18.452	18.452	73.8081	73.8081	0 34623.9 4792.79 	39416.7	6.58506	6.55445	12703.2	670	0.129477	0	4.029	1.02
177.6	0.00314805	0.00115112	29857.4	1050	105	29567.8	18.4571	18.4571	73.8283	73.8283	0 34740.3 4797.39 	39537.7	6.57722	6.55445	12703.2	670	0.129202	0	4.029	1.02
177.7	0.00314687	0.00115504	29965.4	1050	105	29675.7	18.4622	18.4622	73.8487	73.8487	0 34609.5 4785.46 	39395	6.5846	6.55445	12703.2	670	0.129347	0	4.029	1.02
177.8	0.00314812	0.00115163	29873.3	1050	105	29583.6	18.4672	18.4672	73.8689	73.8689	0 34725.7 4790.02 	39515.7	6.57678	6.55445	12703.2	670	0.129072	0	4.029	1.02
177.9	0.00314695	0.00115555	29981.1	1050	105	29691.4	18.4723	18.4723	73.8893	73.8893	0 34595.1 4778.13 	39373.2	6.58414	6.55445	12703.2	670	0.129217	0	4.029	1.02
178	0.00314819	0.00115214	29889.1	1050	105	29599.4	18.4774	18.4774	73.9096	73.9096	0 34711.1 4782.67 	39493.7	6.57633	6.55445	12703.2	670	0.128943	0	4.029	1.02
178.1	0.00314702	0.00115605	29996.9	1050	105	29707.1	18.4825	18.4825	73.9299	73.9299	0 34580.7 4770.81 	39351.5	6.58369	6.55445	12703.2	670	0.129087	0	4.029	1.02
178.2	0.00314826	0.00115265	29905	1050	105	29615.1	18.4875	18.4875	73.9502	73.9502	0 34696.4 4775.32 	39471.8	6.57589	6.55445	12703.2	670	0.128813	0	4.029	1.02
178.3	0.00314709	0.00115656	30012.7	1050	105	29722.8	18.4926	18.4926	73.9706	73.9706	0 34566.3 4763.5 	39329.8	6.58324	6.55445	12703.2	670	0.128957	0	4.029	1.02
178.4	0.00314833	0.00115317	29920.9	1050	105	29630.9	18.4977	18.4977	73.9908	73.9908	0 34681.8 4767.98 	39449.8	6.57546	6.55445	12703.2	670	0.128683	0	4.029	1.02
178.5	0.00314716	0.00115707	30028.5	1050	105	29738.5	18.5028	18.5028	74.0112	74.0112	0 34551.9 4756.2 	39308.1	6.5828	6.55445	12703.2	670	0.128827	0	4.029	1.02
178.6	0.0031238	0.00122491	31879.3	1050	105	31589.1	18.523	18.523	74.0921	74.0921	0 32396 4596.14 	36992.2	6.73156	6.55445	12703.2	670	0.132165	0	4.029	1.02
178.7	0.00313204	0.00120317	31291.2	1050	105	31001	18.5241	18.5241	74.0962	74.0962	0 33068.6 4651.02 	37719.6	6.67859	6.55445	12703.2	670	0.131276	0	4.029	1.02
178.8	0.00313513	0.00119486	31066.3	1050	105	30776	18.5271	18.5271	74.1083	74.1083	0 33331.3 4668.42 	37999.7	6.65889	6.55445	12703.2	670	0.130819	0	4.029	1.02
178.9	0.00314021	0.00118038	30672.2	1050	105	30381.9	18.5301	18.5301	74.1202	74.1202	0 33794.7 4698.32 	38493.1	6.62659	6.55445	12703.2	670	0.129988	0	4.029	1.02
179	0.00314157	0.00117675	30574.1	1050	105	30283.7	18.5342	18.5342	74.1367	74.1367	0 33913.7 4703.51 	38617.2	6.61802	6.55445	12703.2	670	0.129714	0	4.029	1.02
179.1	0.00314516	0.00116633	30290.1	1050	105	29999.7	18.5382	18.5382	74.153	74.153	0 34255.9 4723.22 	38979.2	6.59537	6.55445	12703.2	670	0.129048	0	4.029	1.02
179.2	0.00314554	0.00116551	30268.7	1050	105	29978.2	18.543	18.543	74.1721	74.1721	0 34284 4721.77 	39005.8	6.59298	6.55445	12703.2	670	0.128917	0	4.029	1.02
179.3	0.00314812	0.00115802	30064.7	1050	105	29774.3	18.5478	18.5478	74.1911	74.1911	0 34534.1 4734.83 	39268.9	6.57678	6.55445	12703.2	670	0.128403	0	4.029	1.02
179.4	0.00314781	0.00115925	30099.2	1050	105	29808.7	18.5529	18.5529	74.2117	74.2117	0 34494 4728.67 	39222.7	6.57872	6.55445	12703.2	670	0.128383	0	4.029	1.02
179.5	0.0031246	0.00122703	31950.3	1050	105	31659.6	18.5734	18.5734	74.2934	74.2934	0 32348.3 4572.23 	36920.5	6.72642	6.55445	12703.2	670	0.13177	0	4.029	1.02
179.6	0.00313275	0.00120525	31360.2	1050	105	31069.5	18.5745	18.5745	74.2979	74.2979	0 33018.7 4625.09 	37643.8	6.67407	6.55445	12703.2	670	0.130832	0	4.029	1.02
179.7	0.00313582	0.00119686	31132.6	1050	105	30841.8	18.5775	18.5775	74.3102	74.3102	0 33282.8 4641.84 	37924.6	6.65447	6.55445	12703.2	670	0.130352	0	4.029	1.02
179.8	0.00314089	0.00118231	30735.9	1050	105	30445.1	18.5806	18.5806	74.3224	74.3224	0 33746.8 4670.92 	38417.8	6.62232	6.55445	12703.2	670	0.129497	0	4.029	1.02
179.9	0.00314225	0.0011786	30635.4	1050	105	30344.5	18.5848	18.5848	74.3391	74.3391	0 33867.7 4675.83 	38543.5	6.61373	6.55445	12703.2	670	0.12921	0	4.029	1.02
180	0.00314584	0.0011681	30349	1050	105	30058.1	18.5889	18.5889	74.3557	74.3557	0 34211.1 4695.06 	38906.2	6.59112	6.55445	12703.2	670	0.128528	0	4.029	1.02
180.1	0.00314622	0.00116722	30325.7	1050	105	30034.7	18.5938	18.5938	74.3751	74.3751	0 34241.1 4693.48 	38934.6	6.5887	6.55445	12703.2	670	0.128386	0	4.029	1.02
180.2	0.00314856	0.00116041	30140.1	1050	105	29849.1	18.5986	18.5986	74.3943	74.3943	0 34467.7 4704.62 	39172.3	6.57403	6.55445	12703.2	670	0.127904	0	4.029	1.02
180.3	0.00314811	0.00116204	30185.4	1050	105	29894.4	18.6037	18.6037	74.4149	74.4149	0 34414.4 4697.48 	39111.8	6.57686	6.55445	12703.2	670	0.127901	0	4.029	1.02
180.4	0.00312511	0.00122946	32028.4	1050	105	31737.1	18.6242	18.6242	74.497	74.497	0 32289.6 4544.84 	36834.4	6.72316	6.55445	12703.2	670	0.131301	0	4.029	1.02
180.5	0.00313326	0.0012075	31432.5	1050	105	31141.2	18.6254	18.6254	74.5016	74.5016	0 32962.6 4596.62 	37559.2	6.67083	6.55445	12703.2	670	0.130326	0	4.029	1.02
180.6	0.00313636	0.00119895	31200.1	1050	105	30908.9	18.6285	18.6285	74.514	74.514	0 33230.5 4613.13 	37843.6	6.65105	6.55445	12703.2	670	0.129827	0	4.029	1.02
180.7	0.00314144	0.00118426	30799	1050	105	30507.7	18.6316	18.6316	74.5264	74.5264	0 33697.4 4641.74 	38339.2	6.6188	6.55445	12703.2	670	0.128953	0	4.029	1.02
180.8	0.00314283	0.00118043	30695.1	1050	105	30403.7	18.6358	18.6358	74.5433	74.5433	0 33821.6 4646.61 	38468.2	6.61007	6.55445	12703.2	670	0.128653	0	4.029	1.02
180.9	0.00314644	0.00116982	30405.5	1050	105	30114.1	18.64	18.64	74.5601	74.5601	0 34167.4 4665.59 	38833	6.58735	6.55445	12703.2	670	0.127959	0	4.029	1.02
181	0.00314684	0.00116886	30379.8	1050	105	30088.3	18.6449	18.6449	74.5797	74.5797	0 34200 4664.03 	38864	6.58482	6.55445	12703.2	670	0.127808	0	4.029	1.02
181.1	0.00312434	0.00123451	32175	1050	105	31883.4	18.665	18.665	74.6601	74.6601	0 32149.7 4516.01 	36665.7	6.72807	6.55445	12703.2	670	0.131065	0	4.029	1.02
181.2	0.00313286	0.00121163	31554.1	1050	105	31262.5	18.666	18.666	74.664	74.664	0 32846 4569.96 	37416	6.67335	6.55445	12703.2	670	0.130071	0	4.029	1.02
181.3	0.00313616	0.00120249	31305.3	1050	105	31013.6	18.6691	18.6691	74.6762	74.6762	0 33130.7 4587.49 	37718.2	6.65228	6.55445	12703.2	670	0.129541	0	4.029	1.02
181.4	0.00314142	0.00118727	30889.6	1050	105	30597.9	18.6721	18.6721	74.6883	74.6883	0 33611.6 4616.71 	38228.3	6.61898	6.55445	12703.2	670	0.128635	0	4.029	1.02
181.5	0.00314291	0.00118307	30775.3	1050	105	30483.5	18.6763	18.6763	74.7051	74.7051	0 33747.1 4622.13 	38369.2	6.60953	6.55445	12703.2	670	0.128309	0	4.029	1.02
181.6	0.00314662	0.00117213	30476.4	1050	105	30184.6	18.6804	18.6804	74.7218	74.7218	0 34102.1 4641.38 	38743.5	6.58621	6.55445	12703.2	670	0.127592	0	4.029	1.02
181.7	0.00314709	0.00117092	30444	1050	105	30152.1	18.6853	18.6853	74.7413	74.7413	0 34142.4 4640.19 	38782.6	6.58323	6.55445	12703.2	670	0.127424	0	4.029	1.02
181.8	0.00312475	0.00123632	32233.6	1050	105	31941.6	18.7055	18.7055	74.8221	74.8221	0 32106.8 4495.01 	36601.8	6.72542	6.55445	12703.2	670	0.130693	0	4.029	1.02
181.9	0.00313326	0.00121332	31608.6	1050	105	31316.6	18.7065	18.7065	74.8261	74.8261	0 32804.5 4548.03 	37352.6	6.67077	6.55445	12703.2	670	0.129671	0	4.029	1.02
182	0.00313659	0.00120406	31356.4	1050	105	31064.3	18.7096	18.7096	74.8384	74.8384	0 33091.9 4565.34 	37657.3	6.6496	6.55445	12703.2	670	0.129126	0	4.029	1.02
182.1	0.00314185	0.00118874	30937.4	1050	105	30645.3	18.7127	18.7127	74.8506	74.8506	0 33574.8 4594.18 	38168.9	6.61624	6.55445	12703.2	670	0.128205	0	4.029	1.02
182.2	0.00314337	0.00118445	30820.6	1050	105	30528.5	18.7169	18.7169	74.8675	74.8675	0 33712.6 4599.55 	38312.1	6.60667	6.55445	12703.2	670	0.127871	0	4.029	1.02
182.3	0.00314708	0.00117343	30519.3	1050	105	30227.1	18.7211	18.7211	74.8844	74.8844	0 34069.3 4618.61 	38687.9	6.58329	6.55445	12703.2	670	0.127145	0	4.029	1.02
182.4	0.00314757	0.00117216	30485.1	1050	105	30192.9	18.726	18.726	74.9041	74.9041	0 34111.5 4617.42 	38728.9	6.58023	6.55445	12703.2	670	0.12697	0	4.029	1.02
182.5	0.00312533	0.00123755	32275.8	1050	105	31983.3	18.7464	18.7464	74.9854	74.9854	0 32081 4474.75 	36555.7	6.72169	6.55445	12703.2	670	0.130274	0	4.029	1.02
182.6	0.00313378	0.00121455	31650	1050	105	31357.6	18.7474	18.7474	74.9897	74.9897	0 32776.9 4526.45 	37303.4	6.66747	6.55445	12703.2	670	0.129224	0	4.029	1.02
182.7	0.0031371	0.00120525	31396.5	1050	105	31104	18.7505	18.7505	75.0022	75.0022	0 33064.7 4543.4 	37608.1	6.64636	6.55445	12703.2	670	0.128669	0	4.029	1.02
182.8	0.00314235	0.00118989	30976.2	1050	105	30683.7	18.7536	18.7536	75.0146	75.0146	0 33547.7 4571.75 	38119.4	6.61308	6.55445	12703.2	670	0.127739	0	4.029	1.02
182.9	0.00314387	0.00118556	30858.3	1050	105	30565.7	18.7579	18.7579	75.0316	75.0316	0 33686.4 4577.02 	38263.4	6.6035	6.55445	12703.2	670	0.1274	0	4.029	1.02
183	0.00314759	0.00117451	30555.8	1050	105	30263.2	18.7622	18.7622	75.0487	75.0487	0 34043.6 4595.83 	38639.4	6.58013	6.55445	12703.2	670	0.126669	0	4.029	1.02
183.1	0.00314808	0.00117321	30520.7	1050	105	30228.1	18.7671	18.7671	75.0686	75.0686	0 34086.6 4594.62 	38681.2	6.57705	6.55445	12703.2	670	0.126491	0	4.029	1.02
183.2	0.00312593	0.00123862	32313.4	1050	105	32020.5	18.7876	18.7876	75.1505	75.1505	0 32059.4 4454.32 	36513.7	6.71786	6.55445	12703.2	670	0.129831	0	4.029	1.02
183.3	0.00313431	0.00121564	31687.6	1050	105	31394.7	18.7887	18.7887	75.155	75.155	0 32753 4504.72 	37257.7	6.6641	6.55445	12703.2	670	0.128757	0	4.029	1.02
183.4	0.00313761	0.00120632	31433.2	1050	105	31140.3	18.7919	18.7919	75.1676	75.1676	0 33040.9 4521.31 	37562.2	6.64307	6.55445	12703.2	670	0.128194	0	4.029	1.02
183.5	0.00314286	0.00119093	31012	1050	105	30719.1	18.7951	18.7951	75.1802	75.1802	0 33523.6 4549.2 	38072.8	6.60989	6.55445	12703.2	670	0.127256	0	4.029	1.02
183.6	0.00314438	0.00118658	30893.3	1050	105	30600.3	18.7994	18.7994	75.1975	75.1975	0 33662.8 4554.37 	38217.2	6.60031	6.55445	12703.2	670	0.126913	0	4.029	1.02
183.7	0.00314809	0.0011755	30589.9	1050	105	30296.9	18.8037	18.8037	75.2147	75.2147	0 34020.3 4572.96 	38593.2	6.57696	6.55445	12703.2	670	0.126179	0	4.029	1.02
183.8	0.00314859	0.00117418	30554.2	1050	105	30261.1	18.8087	18.8087	75.2348	75.2348	0 34063.9 4571.73 	38635.6	6.57385	6.55445	12703.2	670	0.125998	0	4.029	1.02
183.9	0.00312652	0.00123962	32349.1	1050	105	32055.8	18.8293	18.8293	75.3172	75.3172	0 32039.4 4433.7 	36473.1	6.71405	6.55445	12703.2	670	0.129372	0	4.029	1.02
184	0.00313484	0.00121667	31723.3	1050	105	31430	18.8305	18.8305	75.322	75.322	0 32730.8 4482.86 	37213.6	6.66074	6.55445	12703.2	670	0.128276	0	4.029	1.02
184.1	0.00313813	0.00120733	31468.3	1050	105	31175	18.8337	18.8337	75.3349	75.3349	0 33018.5 4499.12 	37517.6	6.63979	6.55445	12703.2	670	0.127707	0	4.029	1.02
184.2	0.00314336	0.00119193	31046.3	1050	105	30752.9	18.8369	18.8369	75.3476	75.3476	0 33500.9 4526.58 	38027.5	6.60671	6.55445	12703.2	670	0.126763	0	4.029	1.02
184.3	0.00314488	0.00118756	30926.9	1050	105	30633.5	18.8413	18.8413	75.3651	75.3651	0 33640.6 4531.66 	38172.2	6.59712	6.55445	12703.2	670	0.126418	0	4.029	1.02
184.4	0.0031486	0.00117645	30622.7	1050	105	30329.3	18.8456	18.8456	75.3824	75.3824	0 33998.2 4550.04 	38548.2	6.57379	6.55445	12703.2	670	0.125682	0	4.029	1.02
184.5	0.0031491	0.00117512	30586.5	1050	105	30293	18.8507	18.8507	75.4027	75.4027	0 34042.3 4548.81 	38591.1	6.57067	6.55445	12703.2	670	0.125499	0	4.029	1.02
184.6	0.0031271	0.0012406	32383.7	1050	105	32090	18.8714	18.8714	75.4857	75.4857	0 32020.3 4412.95 	36433.2	6.71029	6.55445	12703.2	670	0.128905	0	4.029	1.02
184.7	0.00313536	0.00121766	31757.9	1050	105	31464.2	18.8727	18.8727	75.4907	75.4907	0 32709.5 4460.94 	37170.4	6.65741	6.55445	12703.2	670	0.127789	0	4.029	1.02
184.8	0.00313864	0.00120831	31502.3	1050	105	31208.6	18.8759	18.8759	75.5038	75.5038	0 32997.1 4476.89 	37474	6.63654	6.55445	12703.2	670	0.127213	0	4.029	1.02
184.9	0.00314386	0.00119289	31079.6	1050	105	30785.9	18.8792	18.8792	75.5167	75.5167	0 33479.2 4503.93 	37983.1	6.60355	6.55445	12703.2	670	0.126265	0	4.029	1.02
185	0.00314538	0.0011885	30959.7	1050	105	30665.8	18.8836	18.8836	75.5343	75.5343	0 33619.1 4508.94 	38128.1	6.59395	6.55445	12703.2	670	0.125917	0	4.029	1.02
185.1	0.0031491	0.00117738	30654.7	1050	105	30360.9	18.888	18.888	75.5519	75.5519	0 33976.9 4527.12 	38504	6.57064	6.55445	12703.2	670	0.12518	0	4.029	1.02
185.2	0.0031496	0.00117602	30618.1	1050	105	30324.1	18.8931	18.8931	75.5723	75.5723	0 34021.4 4525.89 	38547.3	6.5675	6.55445	12703.2	670	0.124996	0	4.029	1.02
185.3	0.00312768	0.00124154	32417.6	1050	105	32123.4	18.914	18.914	75.6559	75.6559	0 32001.7 4392.13 	36393.9	6.70657	6.55445	12703.2	670	0.128431	0	4.029	1.02
185.4	0.00313588	0.00121864	31791.8	1050	105	31497.7	18.9153	18.9153	75.6611	75.6611	0 32688.8 4439.01 	37127.8	6.65409	6.55445	12703.2	670	0.127296	0	4.029	1.02
185.5	0.00313915	0.00120927	31535.7	1050	105	31241.5	18.9186	18.9186	75.6744	75.6744	0 32976.2 4454.65 	37430.9	6.6333	6.55445	12703.2	670	0.126716	0	4.029	1.02
185.6	0.00314436	0.00119384	31112.3	1050	105	30818.1	18.9219	18.9219	75.6875	75.6875	0 33458 4481.31 	37939.3	6.60039	6.55445	12703.2	670	0.125762	0	4.029	1.02
185.7	0.00314589	0.00118943	30991.8	1050	105	30697.5	18.9263	18.9263	75.7053	75.7053	0 33598.3 4486.24 	38084.5	6.5908	6.55445	12703.2	670	0.125413	0	4.029	1.02
185.8	0.0031496	0.00117829	30686.2	1050	105	30391.9	18.9307	18.9307	75.723	75.723	0 33956.1 4504.25 	38460.4	6.5675	6.55445	12703.2	670	0.124675	0	4.029	1.02
185.9	0.00315011	0.00117692	30649.1	1050	105	30354.7	18.9359	18.9359	75.7436	75.7436	0 34001.1 4503.02 	38504.1	6.56434	6.55445	12703.2	670	0.12449	0	4.029	1.02
186	0.00312825	0.00124248	32450.9	1050	105	32156.3	18.9569	18.9569	75.8277	75.8277	0 31983.6 4371.27 	36354.8	6.7029	6.55445	12703.2	670	0.127952	0	4.029	1.02
186.1	0.0031364	0.00121959	31825.2	1050	105	31530.6	18.9583	18.9583	75.8332	75.8332	0 32668.5 4417.08 	37085.6	6.6508	6.55445	12703.2	670	0.1268	0	4.029	1.02
186.2	0.00313966	0.00121022	31568.6	1050	105	31274	18.9616	18.9616	75.8466	75.8466	0 32955.8 4432.44 	37388.3	6.63008	6.55445	12703.2	670	0.126215	0	4.029	1.02
186.3	0.00314486	0.00119477	31144.6	1050	105	30849.9	18.965	18.965	75.8599	75.8599	0 33437.2 4458.73 	37896	6.59726	6.55445	12703.2	670	0.125258	0	4.029	1.02
186.4	0.00314639	0.00119034	31023.5	1050	105	30728.8	18.9695	18.9695	75.8778	75.8778	0 33577.9 4463.6 	38041.5	6.58766	6.55445	12703.2	670	0.124908	0	4.029	1.02
186.5	0.00312559	0.00125187	32713.9	1050	105	32419	18.9894	18.9894	75.9575	75.9575	0 31716.6 4338.39 	36055	6.72002	6.55445	12703.2	670	0.128019	0	4.029	1.02
186.6	0.00313464	0.00122692	32032.6	1050	105	31737.7	18.9902	18.9902	75.961	75.961	0 32455.3 4390.41 	36845.7	6.66202	6.55445	12703.2	670	0.126856	0	4.029	1.02
186.7	0.00313837	0.00121624	31740.2	1050	105	31445.3	18.9933	18.9933	75.9733	75.9733	0 32779.1 4408.44 	37187.6	6.63829	6.55445	12703.2	670	0.126214	0	4.029	1.02
186.8	0.00314395	0.00119966	31285	1050	105	30990	18.9964	18.9964	75.9856	75.9856	0 33291.3 4436.65 	37728	6.60297	6.55445	12703.2	670	0.1252	0	4.029	1.02
186.9	0.00314574	0.00119444	31141.9	1050	105	30846.9	19.0007	19.0007	76.003	76.003	0 33455.8 4442.89 	37898.7	6.59174	6.55445	12703.2	670	0.124803	0	4.029	1.02
187	0.00314967	0.00118258	30816.4	1050	105	30521.3	19.0051	19.0051	76.0203	76.0203	0 33833.5 4461.72 	38295.3	6.56705	6.55445	12703.2	670	0.124022	0	4.029	1.02
187.1	0.00315034	0.0011807	30764.9	1050	105	30469.8	19.0102	19.0102	76.0407	76.0407	0 33894.8 4461.38 	38356.2	6.56288	6.55445	12703.2	670	0.123805	0	4.029	1.02
187.2	0.00312876	0.00124567	32552.6	1050	105	32257.3	19.0313	19.0313	76.1251	76.1251	0 31906.8 4333.93 	36240.7	6.69961	6.55445	12703.2	670	0.127257	0	4.029	1.02
187.3	0.00313696	0.00122249	31917.8	1050	105	31622.5	19.0327	19.0327	76.1306	76.1306	0 32597 4378.87 	36975.9	6.64725	6.55445	12703.2	670	0.126069	0	4.029	1.02
187.4	0.00314028	0.00121287	31654.3	1050	105	31359	19.036	19.036	76.1441	76.1441	0 32890.1 4394.11 	37284.2	6.62618	6.55445	12703.2	670	0.125464	0	4.029	1.02
187.5	0.00314552	0.00119721	31223.9	1050	105	30928.5	19.0394	19.0394	76.1575	76.1575	0 33376.1 4420.04 	37796.1	6.5931	6.55445	12703.2	670	0.124488	0	4.029	1.02
187.6	0.00314709	0.00119262	31098.2	1050	105	30802.7	19.0439	19.0439	76.1757	76.1757	0 33521.2 4424.97 	37946.2	6.58324	6.55445	12703.2	670	0.124125	0	4.029	1.02
187.7	0.00312647	0.00125403	32787.6	1050	105	32492	19.064	19.064	76.2561	76.2561	0 31670.8 4303.58 	35974.4	6.71435	6.55445	12703.2	670	0.127278	0	4.029	1.02
187.8	0.00313544	0.00122903	32103.8	1050	105	31808.2	19.065	19.065	76.2599	76.2599	0 32407.6 4353.67 	36761.3	6.65691	6.55445	12703.2	670	0.126074	0	4.029	1.02
187.9	0.00313917	0.00121827	31808.6	1050	105	31512.9	19.0681	19.0681	76.2725	76.2725	0 32732.9 4371.18 	37104.1	6.63321	6.55445	12703.2	670	0.125417	0	4.029	1.02
188	0.00314475	0.00120161	31350.5	1050	105	31054.8	19.0713	19.0713	76.285	76.285	0 33245.9 4398.73 	37644.6	6.59794	6.55445	12703.2	670	0.12439	0	4.029	1.02
188.1	0.00314655	0.00119631	31205.2	1050	105	30909.4	19.0757	19.0757	76.3026	76.3026	0 33412.2 4404.84 	37817	6.58664	6.55445	12703.2	670	0.123985	0	4.029	1.02
188.2	0.00312621	0.00125683	32870.6	1050	105	32574.6	19.0956	19.0956	76.3824	76.3824	0 31597.7 4285.91 	35883.6	6.71605	6.55445	12703.2	670	0.127076	0	4.029	1.02
188.3	0.00313534	0.00123137	32174	1050	105	31878	19.0965	19.0965	76.3859	76.3859	0 32345.2 4336.63 	36681.8	6.65753	6.55445	12703.2	670	0.125855	0	4.029	1.02
188.4	0.00313917	0.0012203	31870.1	1050	105	31574.1	19.0996	19.0996	76.3984	76.3984	0 32678.5 4354.47 	37033	6.63322	6.55445	12703.2	670	0.125179	0	4.029	1.02
188.5	0.00314483	0.00120336	31404.3	1050	105	31108.3	19.1027	19.1027	76.4108	76.4108	0 33198.2 4382.15 	37580.3	6.59745	6.55445	12703.2	670	0.124134	0	4.029	1.02
188.6	0.00314668	0.00119787	31253.5	1050	105	30957.4	19.1071	19.1071	76.4283	76.4283	0 33370.1 4388.46 	37758.6	6.58579	6.55445	12703.2	670	0.123716	0	4.029	1.02
188.7	0.00312645	0.00125817	32913.7	1050	105	32617.4	19.1271	19.1271	76.5082	76.5082	0 31566.5 4271.24 	35837.8	6.71446	6.55445	12703.2	670	0.126807	0	4.029	1.02
188.8	0.00313559	0.0012326	32213.7	1050	105	31917.4	19.1279	19.1279	76.5117	76.5117	0 32315.4 4321.41 	36636.8	6.65592	6.55445	12703.2	670	0.125568	0	4.029	1.02
188.9	0.00313944	0.00122143	31907	1050	105	31610.7	19.1311	19.1311	76.5243	76.5243	0 32650.9 4339.1 	36990	6.6315	6.55445	12703.2	670	0.124882	0	4.029	1.02
189	0.00314511	0.00120441	31438.6	1050	105	31142.2	19.1342	19.1342	76.5367	76.5367	0 33172.2 4366.57 	37538.7	6.59566	6.55445	12703.2	670	0.123827	0	4.029	1.02
189.1	0.00314698	0.00119885	31285.8	1050	105	30989.4	19.1386	19.1386	76.5544	76.5544	0 33345.9 4372.85 	37718.8	6.58391	6.55445	12703.2	670	0.123403	0	4.029	1.02
189.2	0.00312682	0.00125911	32945.7	1050	105	32649.1	19.1587	19.1587	76.6346	76.6346	0 31546.7 4257.13 	35803.8	6.71209	6.55445	12703.2	670	0.126511	0	4.029	1.02
189.3	0.00313593	0.00123352	32244.5	1050	105	31947.9	19.1596	19.1596	76.6383	76.6383	0 32294.8 4306.48 	36601.3	6.65378	6.55445	12703.2	670	0.125254	0	4.029	1.02
189.4	0.00313977	0.00122232	31936.6	1050	105	31640	19.1627	19.1627	76.6509	76.6509	0 32630.8 4323.94 	36954.8	6.62938	6.55445	12703.2	670	0.124561	0	4.029	1.02
189.5	0.00314545	0.00120526	31466.9	1050	105	31170.3	19.1659	19.1659	76.6635	76.6635	0 33152.5 4351.12 	37503.6	6.59357	6.55445	12703.2	670	0.1235	0	4.029	1.02
189.6	0.00314732	0.00119966	31313.2	1050	105	31016.5	19.1703	19.1703	76.6812	76.6812	0 33326.9 4357.33 	37684.3	6.58178	6.55445	12703.2	670	0.123073	0	4.029	1.02
189.7	0.00312722	0.00125992	32973.9	1050	105	32677	19.1905	19.1905	76.7618	76.7618	0 31530.4 4243.03 	35773.4	6.70954	6.55445	12703.2	670	0.1262	0	4.029	1.02
189.8	0.00313628	0.00123433	32272.3	1050	105	31975.4	19.1914	19.1914	76.7656	76.7656	0 32277.2 4291.53 	36568.7	6.65153	6.55445	12703.2	670	0.124927	0	4.029	1.02
189.9	0.00314012	0.0012231	31963.6	1050	105	31666.6	19.1946	19.1946	76.7784	76.7784	0 32613.4 4308.75 	36922.1	6.62717	6.55445	12703.2	670	0.124228	0	4.029	1.02
190	0.00314579	0.00120602	31493.1	1050	105	31196.1	19.1978	19.1978	76.791	76.791	0 33135 4335.63 	37470.7	6.5914	6.55445	12703.2	670	0.123163	0	4.029	1.02
190.1	0.00314767	0.00120041	31338.6	1050	105	31041.5	19.2022	19.2022	76.8089	76.8089	0 33310 4341.78 	37651.8	6.57961	6.55445	12703.2	670	0.122733	0	4.029	1.02
190.2	0.00312762	0.00126067	33000.5	1050	105	32703.3	19.2225	19.2225	76.8899	76.8899	0 31515.5 4228.85 	35744.3	6.70697	6.55445	12703.2	670	0.12588	0	4.029	1.02
190.3	0.00313664	0.0012351	32298.7	1050	105	32001.4	19.2235	19.2235	76.8938	76.8938	0 32260.9 4276.52 	36537.4	6.64925	6.55445	12703.2	670	0.124591	0	4.029	1.02
190.4	0.00314047	0.00122385	31989.3	1050	105	31692	19.2267	19.2267	76.9067	76.9067	0 32597.1 4293.49 	36890.6	6.62494	6.55445	12703.2	670	0.123888	0	4.029	1.02
190.5	0.00314614	0.00120675	31518	1050	105	31220.7	19.2299	19.2299	76.9195	76.9195	0 33118.7 4320.1 	37438.8	6.58923	6.55445	12703.2	670	0.122819	0	4.029	1.02
190.6	0.00314802	0.00120111	31363	1050	105	31065.6	19.2344	19.2344	76.9374	76.9374	0 33294 4326.18 	37620.2	6.57743	6.55445	12703.2	670	0.122387	0	4.029	1.02
190.7	0.00312801	0.0012614	33026.2	1050	105	32728.6	19.2547	19.2547	77.0188	77.0188	0 31501.4 4214.58 	35715.9	6.70442	6.55445	12703.2	670	0.125553	0	4.029	1.02
190.8	0.003137	0.00123584	32324.2	1050	105	32026.6	19.2557	19.2557	77.0229	77.0229	0 32245.3 4261.45 	36506.8	6.64699	6.55445	12703.2	670	0.12425	0	4.029	1.02
190.9	0.00314082	0.00122457	32014.2	1050	105	31716.6	19.259	19.259	77.0358	77.0358	0 32581.6 4278.2 	36859.8	6.62273	6.55445	12703.2	670	0.123543	0	4.029	1.02
191	0.00314648	0.00120746	31542.3	1050	105	31244.7	19.2622	19.2622	77.0487	77.0487	0 33103 4304.53 	37407.5	6.58706	6.55445	12703.2	670	0.122471	0	4.029	1.02
191.1	0.00314836	0.0012018	31386.7	1050	105	31089	19.2667	19.2667	77.0668	77.0668	0 33278.6 4310.56 	37589.2	6.57526	6.55445	12703.2	670	0.122037	0	4.029	1.02
191.2	0.00312841	0.00126211	33051.3	1050	105	32753.4	19.2871	19.2871	77.1485	77.1485	0 31487.7 4200.26 	35687.9	6.70188	6.55445	12703.2	670	0.125221	0	4.029	1.02
191.3	0.00313735	0.00123655	32349.1	1050	105	32051.2	19.2882	19.2882	77.1528	77.1528	0 32230.2 4246.35 	36476.6	6.64473	6.55445	12703.2	670	0.123906	0	4.029	1.02
191.4	0.00314117	0.00122528	32038.6	1050	105	31740.7	19.2915	19.2915	77.1658	77.1658	0 32566.5 4262.88 	36829.3	6.62052	6.55445	12703.2	670	0.123194	0	4.029	1.02
191.5	0.00314683	0.00120814	31566.1	1050	105	31268.1	19.2947	19.2947	77.1788	77.1788	0 33087.7 4288.96 	37376.7	6.5849	6.55445	12703.2	670	0.12212	0	4.029	1.02
191.6	0.00314871	0.00120248	31410	1050	105	31112	19.2993	19.2993	77.197	77.197	0 33263.6 4294.93 	37558.6	6.57309	6.55445	12703.2	670	0.121685	0	4.029	1.02
191.7	0.0031288	0.0012628	33075.9	1050	105	32777.7	19.3198	19.3198	77.2791	77.2791	0 31474.4 4185.89 	35660.2	6.69937	6.55445	12703.2	670	0.124886	0	4.029	1.02
191.8	0.00313771	0.00123726	32373.6	1050	105	32075.4	19.3209	19.3209	77.2835	77.2835	0 32215.5 4231.24 	36446.8	6.64248	6.55445	12703.2	670	0.123558	0	4.029	1.02
191.9	0.00314152	0.00122597	32062.6	1050	105	31764.3	19.3242	19.3242	77.2967	77.2967	0 32551.7 4247.56 	36799.3	6.61832	6.55445	12703.2	670	0.122843	0	4.029	1.02
192	0.00314717	0.00120882	31589.5	1050	105	31291.2	19.3274	19.3274	77.3098	77.3098	0 33072.8 4273.4 	37346.2	6.58275	6.55445	12703.2	670	0.121767	0	4.029	1.02
192.1	0.00314905	0.00120314	31432.9	1050	105	31134.6	19.332	19.332	77.328	77.328	0 33249 4279.31 	37528.3	6.57093	6.55445	12703.2	670	0.121331	0	4.029	1.02
192.2	0.00312919	0.00126348	33100.2	1050	105	32801.7	19.3526	19.3526	77.4105	77.4105	0 31461.3 4171.5 	35632.8	6.69687	6.55445	12703.2	670	0.124548	0	4.029	1.02
192.3	0.00313806	0.00123795	32397.8	1050	105	32099.2	19.3538	19.3538	77.415	77.415	0 32201.1 4216.12 	36417.2	6.64025	6.55445	12703.2	670	0.123209	0	4.029	1.02
192.4	0.00314187	0.00122665	32086.3	1050	105	31787.7	19.3571	19.3571	77.4283	77.4283	0 32537.2 4232.24 	36769.5	6.61613	6.55445	12703.2	670	0.122491	0	4.029	1.02
192.5	0.00314751	0.00120949	31612.6	1050	105	31314	19.3604	19.3604	77.4415	77.4415	0 33058.2 4257.84 	37316	6.5806	6.55445	12703.2	670	0.121413	0	4.029	1.02
192.6	0.0031494	0.00120379	31455.6	1050	105	31157	19.365	19.365	77.4599	77.4599	0 33234.6 4263.71 	37498.3	6.56877	6.55445	12703.2	670	0.120976	0	4.029	1.02
192.7	0.00312958	0.00126416	33124.2	1050	105	32825.4	19.3857	19.3857	77.5427	77.5427	0 31448.4 4157.1 	35605.5	6.69439	6.55445	12703.2	670	0.124208	0	4.029	1.02
192.8	0.00313841	0.00123864	32421.7	1050	105	32122.8	19.3868	19.3868	77.5474	77.5474	0 32186.9 4201.02 	36387.9	6.63802	6.55445	12703.2	670	0.122858	0	4.029	1.02
192.9	0.00314221	0.00122732	32109.7	1050	105	31810.8	19.3902	19.3902	77.5607	77.5607	0 32523 4216.94 	36739.9	6.61394	6.55445	12703.2	670	0.122137	0	4.029	1.02
193	0.00314785	0.00121015	31635.5	1050	105	31336.6	19.3935	19.3935	77.574	77.574	0 33043.8 4242.32 	37286.1	6.57846	6.55445	12703.2	670	0.121057	0	4.029	1.02
193.1	0.00314974	0.00120444	31478.1	1050	105	31179.1	19.3981	19.3981	77.5925	77.5925	0 33220.4 4248.14 	37468.5	6.56662	6.55445	12703.2	670	0.12062	0	4.029	1.02
193.2	0.00312996	0.00126482	33148.1	1050	105	32848.9	19.4189	19.4189	77.6757	77.6757	0 31435.6 4142.69 	35578.3	6.69193	6.55445	12703.2	670	0.123867	0	4.029	1.02
193.3	0.00313876	0.00123931	32445.4	1050	105	32146.2	19.4201	19.4201	77.6805	77.6805	0 32172.9 4185.93 	36358.8	6.6358	6.55445	12703.2	670	0.122506	0	4.029	1.02
193.4	0.00314256	0.00122799	32133	1050	105	31833.7	19.4235	19.4235	77.694	77.694	0 32508.9 4201.67 	36710.5	6.61176	6.55445	12703.2	670	0.121783	0	4.029	1.02
193.5	0.00314819	0.0012108	31658.2	1050	105	31359	19.4268	19.4268	77.7074	77.7074	0 33029.5 4226.82 	37256.3	6.57632	6.55445	12703.2	670	0.120702	0	4.029	1.02
193.6	0.00315009	0.00120508	31500.4	1050	105	31201.1	19.4315	19.4315	77.726	77.726	0 33206.3 4232.6 	37438.9	6.56448	6.55445	12703.2	670	0.120264	0	4.029	1.02
193.7	0.00313034	0.00126549	33171.7	1050	105	32872.2	19.4524	19.4524	77.8095	77.8095	0 31423 4128.28 	35551.3	6.68948	6.55445	12703.2	670	0.123524	0	4.029	1.02
193.8	0.00313911	0.00123999	32468.9	1050	105	32169.4	19.4536	19.4536	77.8144	77.8144	0 32159 4170.86 	36329.9	6.63359	6.55445	12703.2	670	0.122154	0	4.029	1.02
193.9	0.0031429	0.00122865	32156.1	1050	105	31856.5	19.457	19.457	77.828	77.828	0 32494.9 4186.42 	36681.3	6.60959	6.55445	12703.2	670	0.121428	0	4.029	1.02
194	0.00314853	0.00121145	31680.8	1050	105	31381.2	19.4604	19.4604	77.8415	77.8415	0 33015.4 4211.35 	37226.8	6.57418	6.55445	12703.2	670	0.120346	0	4.029	1.02
194.1	0.00315043	0.00120571	31522.6	1050	105	31222.9	19.465	19.465	77.8602	77.8602	0 33192.4 4217.1 	37409.5	6.56234	6.55445	12703.2	670	0.119908	0	4.029	1.02
194.2	0.00313072	0.00126614	33195.2	1050	105	32895.4	19.486	19.486	77.9441	77.9441	0 31410.4 4113.88 	35524.3	6.68705	6.55445	12703.2	670	0.12318	0	4.029	1.02
194.3	0.00313946	0.00124065	32492.3	1050	105	32192.4	19.4873	19.4873	77.9491	77.9491	0 32145.2 4155.82 	36301.1	6.63138	6.55445	12703.2	670	0.121801	0	4.029	1.02
194.4	0.00314325	0.00122931	32179	1050	105	31879.1	19.4907	19.4907	77.9628	77.9628	0 32481.1 4171.2 	36652.3	6.60743	6.55445	12703.2	670	0.121073	0	4.029	1.02
194.5	0.00314887	0.00121209	31703.2	1050	105	31403.3	19.4941	19.4941	77.9764	77.9764	0 33001.4 4195.93 	37197.3	6.57205	6.55445	12703.2	670	0.11999	0	4.029	1.02
194.6	0.00315077	0.00120634	31544.6	1050	105	31244.6	19.4988	19.4988	77.9952	77.9952	0 33178.6 4201.63 	37380.3	6.5602	6.55445	12703.2	670	0.119552	0	4.029	1.02
194.7	0.0031311	0.0012668	33218.6	1050	105	32918.4	19.5199	19.5199	78.0794	78.0794	0 31398 4099.49 	35497.5	6.68463	6.55445	12703.2	670	0.122836	0	4.029	1.02
194.8	0.0031398	0.00124132	32515.5	1050	105	32215.3	19.5211	19.5211	78.0846	78.0846	0 32131.6 4140.81 	36272.4	6.62919	6.55445	12703.2	670	0.121448	0	4.029	1.02
194.9	0.00314359	0.00122996	32201.8	1050	105	31901.6	19.5246	19.5246	78.0984	78.0984	0 32467.4 4156.01 	36623.4	6.60527	6.55445	12703.2	670	0.120717	0	4.029	1.02
195	0.00314921	0.00121273	31725.5	1050	105	31425.3	19.528	19.528	78.1121	78.1121	0 32987.5 4180.54 	37168.1	6.56993	6.55445	12703.2	670	0.119634	0	4.029	1.02
195.1	0.00315111	0.00120697	31566.6	1050	105	31266.3	19.5327	19.5327	78.1309	78.1309	0 33165 4186.2 	37351.2	6.55807	6.55445	12703.2	670	0.119196	0	4.029	1.02
195.2	0.00313147	0.00126745	33241.9	1050	105	32941.4	19.5539	19.5539	78.2156	78.2156	0 31385.6 4085.11 	35470.7	6.68222	6.55445	12703.2	670	0.122491	0	4.029	1.02
195.3	0.00314015	0.00124198	32538.7	1050	105	32238.1	19.5552	19.5552	78.2208	78.2208	0 32118.1 4125.82 	36243.9	6.627	6.55445	12703.2	670	0.121094	0	4.029	1.02
195.4	0.00314393	0.00123061	32224.5	1050	105	31924	19.5587	19.5587	78.2347	78.2347	0 32453.8 4140.85 	36594.6	6.60312	6.55445	12703.2	670	0.120362	0	4.029	1.02
195.5	0.00314955	0.00121337	31747.8	1050	105	31447.1	19.5621	19.5621	78.2485	78.2485	0 32973.8 4165.19 	37139	6.56781	6.55445	12703.2	670	0.119278	0	4.029	1.02
195.6	0.00315145	0.0012076	31588.4	1050	105	31287.8	19.5669	19.5669	78.2674	78.2674	0 33151.4 4170.82 	37322.2	6.55594	6.55445	12703.2	670	0.11884	0	4.029	1.02
195.7	0.00313185	0.0012681	33265.1	1050	105	32964.2	19.5881	19.5881	78.3524	78.3524	0 31373.3 4070.75 	35444.1	6.67983	6.55445	12703.2	670	0.122145	0	4.029	1.02
195.8	0.00314049	0.00124264	32561.7	1050	105	32260.8	19.5894	19.5894	78.3578	78.3578	0 32104.6 4110.87 	36215.5	6.62482	6.55445	12703.2	670	0.120741	0	4.029	1.02
195.9	0.00314427	0.00123126	32247.2	1050	105	31946.2	19.5929	19.5929	78.3718	78.3718	0 32440.2 4125.74 	36566	6.60097	6.55445	12703.2	670	0.120007	0	4.029	1.02
196	0.00314989	0.001214	31769.9	1050	105	31468.9	19.5964	19.5964	78.3856	78.3856	0 32960.1 4149.88 	37110	6.56569	6.55445	12703.2	670	0.118923	0	4.029	1.02
196.1	0.00315179	0.00120822	31610.2	1050	105	31309.2	19.6012	19.6012	78.4047	78.4047	0 33137.8 4155.48 	37293.3	6.55382	6.55445	12703.2	670	0.118485	0	4.029	1.02
196.2	0.00313222	0.00126875	33288.2	1050	105	32986.9	19.6225	19.6225	78.49	78.49	0 31361 4056.4 	35417.4	6.67745	6.55445	12703.2	670	0.121799	0	4.029	1.02
196.3	0.00314084	0.00124329	32584.6	1050	105	32283.4	19.6239	19.6239	78.4955	78.4955	0 32091.2 4095.94 	36187.2	6.62264	6.55445	12703.2	670	0.120387	0	4.029	1.02
196.4	0.00314461	0.0012319	32269.7	1050	105	31968.4	19.6274	19.6274	78.5096	78.5096	0 32426.8 4110.65 	36537.5	6.59883	6.55445	12703.2	670	0.119652	0	4.029	1.02
196.5	0.00315023	0.00121464	31791.9	1050	105	31490.6	19.6309	19.6309	78.5235	78.5235	0 32946.5 4134.61 	37081.1	6.56358	6.55445	12703.2	670	0.118567	0	4.029	1.02
196.6	0.00315213	0.00120884	31631.9	1050	105	31330.6	19.6357	19.6357	78.5427	78.5427	0 33124.4 4140.18 	37264.6	6.5517	6.55445	12703.2	670	0.118129	0	4.029	1.02
196.7	0.00313259	0.00126939	33311.2	1050	105	33009.6	19.6571	19.6571	78.6283	78.6283	0 31348.8 4042.06 	35390.9	6.67509	6.55445	12703.2	670	0.121452	0	4.029	1.02
196.8	0.00314118	0.00124394	32607.5	1050	105	32305.9	19.6585	19.6585	78.6339	78.6339	0 32078 4081.05 	36159	6.62047	6.55445	12703.2	670	0.120034	0	4.029	1.02
196.9	0.00314495	0.00123254	32292.1	1050	105	31990.5	19.662	19.662	78.6481	78.6481	0 32413.5 4095.61 	36509.1	6.59669	6.55445	12703.2	670	0.119297	0	4.029	1.02
197	0.00315057	0.00121526	31813.9	1050	105	31512.2	19.6655	19.6655	78.6622	78.6622	0 32933 4119.39 	37052.4	6.56147	6.55445	12703.2	670	0.118212	0	4.029	1.02
197.1	0.00315247	0.00120946	31653.5	1050	105	31351.8	19.6703	19.6703	78.6814	78.6814	0 33111.1 4124.92 	37236	6.54958	6.55445	12703.2	670	0.117775	0	4.029	1.02
197.2	0.00313296	0.00127003	33334.1	1050	105	33032.2	19.6918	19.6918	78.7674	78.7674	0 31336.7 4027.75 	35364.4	6.67274	6.55445	12703.2	670	0.121106	0	4.029	1.02
197.3	0.00314152	0.00124459	32630.2	1050	105	32328.3	19.6933	19.6933	78.7731	78.7731	0 32064.8 4066.2 	36131	6.61831	6.55445	12703.2	670	0.11968	0	4.029	1.02
197.4	0.00314529	0.00123318	32314.5	1050	105	32012.5	19.6968	19.6968	78.7874	78.7874	0 32400.2 4080.6 	36480.8	6.59456	6.55445	12703.2	670	0.118942	0	4.029	1.02
197.5	0.00312779	0.00128634	33788.8	1050	105	33486.6	19.7162	19.7162	78.8648	78.8648	0 30888.5 3993.17 	34881.7	6.70583	6.55445	12703.2	670	0.121704	0	4.029	1.02
197.6	0.0031379	0.00125719	32984.1	1050	105	32682	19.7167	19.7167	78.8669	78.8669	0 31706.7 4040.83 	35747.5	6.64125	6.55445	12703.2	670	0.120223	0	4.029	1.02
197.7	0.00314248	0.00124342	32603	1050	105	32300.8	19.7198	19.7198	78.8791	78.8791	0 32104.6 4059.1 	36163.7	6.61224	6.55445	12703.2	670	0.119371	0	4.029	1.02
197.8	0.00314877	0.00122409	32067.2	1050	105	31765	19.7228	19.7228	78.8912	78.8912	0 32677 4085.43 	36762.4	6.57271	6.55445	12703.2	670	0.118171	0	4.029	1.02
197.9	0.00315114	0.00121682	31866	1050	105	31563.7	19.7273	19.7273	78.9093	78.9093	0 32897 4093 	36990	6.55789	6.55445	12703.2	670	0.117647	0	4.029	1.02
198	0.00313221	0.00127551	33495.6	1050	105	33193.1	19.7484	19.7484	78.9937	78.9937	0 31194.7 4000.22 	35194.9	6.6775	6.55445	12703.2	670	0.120861	0	4.029	1.02
198.1	0.0031411	0.00124912	32765.2	1050	105	32462.7	19.7497	19.7497	78.9987	78.9987	0 31944.1 4039.75 	35983.8	6.62096	6.55445	12703.2	670	0.119394	0	4.029	1.02
198.2	0.00314507	0.00123707	32431.3	1050	105	32128.8	19.7531	19.7531	79.0125	79.0125	0 32296 4054.76 	36350.8	6.59595	6.55445	12703.2	670	0.118616	0	4.029	1.02
198.3	0.00312785	0.00128944	33884.9	1050	105	33582.2	19.7724	19.7724	79.0897	79.0897	0 30814.6 3969.82 	34784.4	6.70549	6.55445	12703.2	670	0.121336	0	4.029	1.02
198.4	0.00313806	0.0012599	33068.5	1050	105	32765.7	19.7729	19.7729	79.0915	79.0915	0 31640.2 4017.21 	35657.4	6.64023	6.55445	12703.2	670	0.119826	0	4.029	1.02
198.5	0.00314272	0.00124584	32678.9	1050	105	32376.1	19.7759	19.7759	79.1037	79.1037	0 32044.8 4035.44 	36080.2	6.61075	6.55445	12703.2	670	0.118952	0	4.029	1.02
198.6	0.00314907	0.00122624	32135.5	1050	105	31832.7	19.7789	19.7789	79.1158	79.1158	0 32622.6 4061.6 	36684.2	6.57083	6.55445	12703.2	670	0.117732	0	4.029	1.02
198.7	0.00315149	0.00121878	31928.7	1050	105	31625.9	19.7835	19.7835	79.1339	79.1339	0 32847.6 4069.21 	36916.8	6.5557	6.55445	12703.2	670	0.117194	0	4.029	1.02
198.8	0.00313267	0.00127728	33554.1	1050	105	33251.1	19.8046	19.8046	79.2185	79.2185	0 31156 3978.22 	35134.2	6.67457	6.55445	12703.2	670	0.120406	0	4.029	1.02
198.9	0.00314155	0.00125079	32820.1	1050	105	32517	19.8059	19.8059	79.2236	79.2236	0 31906.1 4016.95 	35923.1	6.61811	6.55445	12703.2	670	0.118919	0	4.029	1.02
199	0.00314553	0.00123863	32483.1	1050	105	32180	19.8094	19.8094	79.2376	79.2376	0 32260 4031.71 	36291.7	6.59301	6.55445	12703.2	670	0.11813	0	4.029	1.02
199.1	0.00312841	0.00129094	33935.9	1050	105	33632.7	19.8288	19.8288	79.3152	79.3152	0 30784.4 3948.59 	34733	6.70189	6.55445	12703.2	670	0.120869	0	4.029	1.02
199.2	0.00313857	0.00126136	33117.7	1050	105	32814.4	19.8293	19.8293	79.3172	79.3172	0 31608.7 3994.74 	35603.4	6.637	6.55445	12703.2	670	0.119333	0	4.029	1.02
199.3	0.00314323	0.00124723	32726	1050	105	32422.6	19.8324	19.8324	79.3295	79.3295	0 32014.1 4012.59 	36026.7	6.60754	6.55445	12703.2	670	0.118449	0	4.029	1.02
199.4	0.00314958	0.00122758	32180.5	1050	105	31877.1	19.8354	19.8354	79.3417	79.3417	0 32592.4 4038.36 	36630.8	6.56764	6.55445	12703.2	670	0.117222	0	4.029	1.02
199.5	0.00315201	0.00122006	31972.1	1050	105	31668.7	19.84	19.84	79.3599	79.3599	0 32818.6 4045.85 	36864.4	6.55246	6.55445	12703.2	670	0.116679	0	4.029	1.02
199.6	0.00313324	0.00127856	33598.4	1050	105	33294.7	19.8613	19.8613	79.4451	79.4451	0 31130.6 3956.34 	35086.9	6.67091	6.55445	12703.2	670	0.119901	0	4.029	1.02
199.7	0.00314209	0.00125204	32863.2	1050	105	32559.6	19.8626	19.8626	79.4503	79.4503	0 31879.5 3994.15 	35873.7	6.61473	6.55445	12703.2	670	0.118399	0	4.029	1.02
199.8	0.00314607	0.00123985	32524.9	1050	105	32221.3	19.8661	19.8661	79.4644	79.4644	0 32233.7 4008.62 	36242.3	6.58967	6.55445	12703.2	670	0.117605	0	4.029	1.02
199.9	0.00312901	0.00129217	33979.3	1050	105	33675.5	19.8856	19.8856	79.5425	79.5425	0 30760.9 3927.19 	34688.1	6.69803	6.55445	12703.2	670	0.120368	0	4.029	1.02
200	0.00313911	0.0012626	33160.4	1050	105	32856.5	19.8862	19.8862	79.5447	79.5447	0 31583.1 3972.1 	35555.2	6.63359	6.55445	12703.2	670	0.11881	0	4.029	1.02
200.1	0.00314376	0.00124844	32767.4	1050	105	32463.5	19.8893	19.8893	79.5571	79.5571	0 31988.6 3989.57 	35978.1	6.6042	6.55445	12703.2	670	0.117918	0	4.029	1.02
200.2	0.00315011	0.00122875	32220.6	1050	105	31916.7	19.8924	19.8924	79.5695	79.5695	0 32566.9 4014.96 	36581.8	6.56435	6.55445	12703.2	670	0.116689	0	4.029	1.02
200.3	0.00315254	0.0012212	32011.2	1050	105	31707.2	19.897	19.897	79.5878	79.5878	0 32793.6 4022.34 	36815.9	6.54915	6.55445	12703.2	670	0.116143	0	4.029	1.02
200.4	0.00313382	0.00127971	33638.9	1050	105	33334.8	19.9184	19.9184	79.6735	79.6735	0 31108.3 3934.22 	35042.5	6.66723	6.55445	12703.2	670	0.119375	0	4.029	1.02
200.5	0.00314263	0.00125319	32903.1	1050	105	32598.9	19.9197	19.9197	79.6789	79.6789	0 31855.7 3971.17 	35826.9	6.61134	6.55445	12703.2	670	0.117861	0	4.029	1.02
200.6	0.0031466	0.00124098	32563.9	1050	105	32259.6	19.9233	19.9233	79.6932	79.6932	0 32210 3985.38 	36195.4	6.58632	6.55445	12703.2	670	0.117063	0	4.029	1.02
200.7	0.00312961	0.00129332	34020.1	1050	105	33715.7	19.943	19.943	79.7718	79.7718	0 30739.5 3905.57 	34645	6.6942	6.55445	12703.2	670	0.119849	0	4.029	1.02
200.8	0.00313964	0.00126376	33200.7	1050	105	32896.2	19.9436	19.9436	79.7742	79.7742	0 31559.5 3949.3 	35508.8	6.63019	6.55445	12703.2	670	0.118272	0	4.029	1.02
200.9	0.00314429	0.00124957	32806.7	1050	105	32502.2	19.9467	19.9467	79.7868	79.7868	0 31965 3966.43 	35931.4	6.60087	6.55445	12703.2	670	0.117375	0	4.029	1.02
201	0.00315063	0.00122985	32258.8	1050	105	31954.3	19.9498	19.9498	79.7992	79.7992	0 32543.1 3991.47 	36534.6	6.56107	6.55445	12703.2	670	0.116143	0	4.029	1.02
201.1	0.00315307	0.00122227	32048.5	1050	105	31743.9	19.9544	19.9544	79.8177	79.8177	0 32770.2 3998.77 	36769	6.54585	6.55445	12703.2	670	0.115597	0	4.029	1.02
201.2	0.00313439	0.00128081	33677.8	1050	105	33373.1	19.976	19.976	79.9039	79.9039	0 31087.2 3911.98 	34999.2	6.66359	6.55445	12703.2	670	0.118838	0	4.029	1.02
201.3	0.00314316	0.00125429	32941.4	1050	105	32636.6	19.9774	19.9774	79.9095	79.9095	0 31833.2 3948.11 	35781.3	6.60797	6.55445	12703.2	670	0.117313	0	4.029	1.02
201.4	0.00314713	0.00124205	32601.3	1050	105	32296.5	19.981	19.981	79.9238	79.9238	0 32187.6 3962.07 	36149.6	6.58299	6.55445	12703.2	670	0.116512	0	4.029	1.02
201.5	0.0031302	0.00129443	34059.4	1050	105	33754.4	20.0008	20.0008	80.003	80.003	0 30719 3883.82 	34602.9	6.69041	6.55445	12703.2	670	0.119319	0	4.029	1.02
201.6	0.00314018	0.00126487	33239.6	1050	105	32934.6	20.0014	20.0014	80.0056	80.0056	0 31537 3926.44 	35463.4	6.62681	6.55445	12703.2	670	0.117725	0	4.029	1.02
201.7	0.00314481	0.00125066	32844.7	1050	105	32539.7	20.0046	20.0046	80.0183	80.0183	0 31942.4 3943.24 	35885.6	6.59756	6.55445	12703.2	670	0.116824	0	4.029	1.02
201.8	0.00312857	0.00130046	34230.9	1050	105	33925.7	20.0237	20.0237	80.0947	80.0947	0 30560.6 3867.92 	34428.5	6.70083	6.55445	12703.2	670	0.119429	0	4.029	1.02
201.9	0.00313909	0.00126962	33375.6	1050	105	33070.4	20.024	20.024	80.096	80.096	0 31408.2 3913.39 	35321.6	6.63373	6.55445	12703.2	670	0.117814	0	4.029	1.02
202	0.003144	0.00125458	32957.6	1050	105	32652.4	20.027	20.027	80.108	80.108	0 31834.3 3931.28 	35765.6	6.6027	6.55445	12703.2	670	0.11687	0	4.029	1.02
202.1	0.00315056	0.00123412	32388.5	1050	105	32083.2	20.03	20.03	80.12	80.12	0 32429.8 3956.67 	36386.5	6.56149	6.55445	12703.2	670	0.115594	0	4.029	1.02
202.2	0.00315316	0.001226	32163.1	1050	105	31857.7	20.0345	20.0345	80.1382	80.1382	0 32671.4 3964.46 	36635.9	6.54528	6.55445	12703.2	670	0.115015	0	4.029	1.02
202.3	0.00313473	0.00128391	33776.4	1050	105	33470.9	20.0561	20.0561	80.2244	80.2244	0 31015.4 3880.45 	34895.8	6.66143	6.55445	12703.2	670	0.118225	0	4.029	1.02
202.4	0.00314357	0.00125707	33030.1	1050	105	32724.5	20.0575	20.0575	80.2299	80.2299	0 31767 3916.02 	35683	6.6054	6.55445	12703.2	670	0.116672	0	4.029	1.02
202.5	0.0031476	0.00124458	32682.7	1050	105	32377.1	20.061	20.061	80.2442	80.2442	0 32127 3929.89 	36056.9	6.58004	6.55445	12703.2	670	0.115854	0	4.029	1.02
202.6	0.00313082	0.00129671	34135.4	1050	105	33829.6	20.081	20.081	80.3238	80.3238	0 30671.1 3853.95 	34525	6.68643	6.55445	12703.2	670	0.118666	0	4.029	1.02
202.7	0.00314078	0.00126702	33310.9	1050	105	33005.1	20.0816	20.0816	80.3265	80.3265	0 31489.5 3895.35 	35384.8	6.62301	6.55445	12703.2	670	0.117043	0	4.029	1.02
202.8	0.00314543	0.00125268	32912	1050	105	32606.1	20.0848	20.0848	80.3393	80.3393	0 31897.2 3911.8 	35809	6.59366	6.55445	12703.2	670	0.11613	0	4.029	1.02
202.9	0.00312931	0.00130239	34297.2	1050	105	33991.2	20.1041	20.1041	80.4163	80.4163	0 30522.5 3838.71 	34361.2	6.69609	6.55445	12703.2	670	0.118757	0	4.029	1.02
203	0.00313976	0.0012715	33439.5	1050	105	33133.4	20.1045	20.1045	80.4178	80.4178	0 31368.4 3882.63 	35251.1	6.62944	6.55445	12703.2	670	0.117111	0	4.029	1.02
203.1	0.00314467	0.00125639	33018.8	1050	105	32712.7	20.1075	20.1075	80.43	80.43	0 31795.5 3900.05 	35695.5	6.59844	6.55445	12703.2	670	0.116157	0	4.029	1.02
203.2	0.00312883	0.0013051	34376.5	1050	105	34070.2	20.1265	20.1265	80.506	80.506	0 30454.5 3828.36 	34282.9	6.69916	6.55445	12703.2	670	0.11871	0	4.029	1.02
203.3	0.00313947	0.00127371	33504.7	1050	105	33198.4	20.1268	20.1268	80.5071	80.5071	0 31311.3 3873.04 	35184.3	6.63127	6.55445	12703.2	670	0.11705	0	4.029	1.02
203.4	0.00314449	0.00125826	33074.6	1050	105	32768.3	20.1298	20.1298	80.5191	80.5191	0 31746.3 3890.73 	35637	6.59961	6.55445	12703.2	670	0.116075	0	4.029	1.02
203.5	0.00312878	0.00130657	34421.2	1050	105	34114.7	20.1487	20.1487	80.5949	80.5949	0 30419.8 3819.93 	34239.7	6.69953	6.55445	12703.2	670	0.118603	0	4.029	1.02
203.6	0.00313948	0.00127496	33543.3	1050	105	33236.9	20.149	20.149	80.5959	80.5959	0 31280.5 3864.6 	35145.1	6.63124	6.55445	12703.2	670	0.116929	0	4.029	1.02
203.7	0.00314453	0.00125937	33109	1050	105	32802.5	20.1519	20.1519	80.6078	80.6078	0 31718.7 3882.28 	35601	6.59933	6.55445	12703.2	670	0.115944	0	4.029	1.02
203.8	0.00312889	0.00130751	34451.3	1050	105	34144.6	20.1709	20.1709	80.6836	80.6836	0 30399 3812.18 	34211.2	6.69881	6.55445	12703.2	670	0.118466	0	4.029	1.02
203.9	0.0031396	0.00127582	33570.7	1050	105	33264	20.1711	20.1711	80.6846	80.6846	0 31260.8 3856.53 	35117.3	6.63047	6.55445	12703.2	670	0.11678	0	4.029	1.02
204	0.00314467	0.00126015	33134.2	1050	105	32827.4	20.1741	20.1741	80.6964	80.6964	0 31700.5 3874.11 	35574.6	6.59847	6.55445	12703.2	670	0.115787	0	4.029	1.02
204.1	0.00312907	0.00130822	34474.9	1050	105	34168	20.1931	20.1931	80.7724	80.7724	0 30384.2 3804.62 	34188.8	6.69766	6.55445	12703.2	670	0.118312	0	4.029	1.02
204.2	0.00313977	0.00127649	33592.8	1050	105	33285.9	20.1933	20.1933	80.7734	80.7734	0 31246 3848.55 	35094.5	6.6294	6.55445	12703.2	670	0.116616	0	4.029	1.02
204.3	0.00314484	0.00126078	33155	1050	105	32848.1	20.1963	20.1963	80.7853	80.7853	0 31686.4 3865.98 	35552.3	6.59738	6.55445	12703.2	670	0.115617	0	4.029	1.02
204.4	0.00312927	0.00130882	34495.3	1050	105	34188.2	20.2154	20.2154	80.8614	80.8614	0 30372.2 3797.07 	34169.3	6.69635	6.55445	12703.2	670	0.118147	0	4.029	1.02
204.5	0.00313996	0.00127707	33612.4	1050	105	33305.3	20.2156	20.2156	80.8625	80.8625	0 31233.6 3840.54 	35074.1	6.62822	6.55445	12703.2	670	0.116441	0	4.029	1.02
204.6	0.00314503	0.00126134	33173.7	1050	105	32866.5	20.2186	20.2186	80.8744	80.8744	0 31674.3 3857.82 	35532.1	6.59621	6.55445	12703.2	670	0.115438	0	4.029	1.02
204.7	0.00312948	0.00130936	34514.1	1050	105	34206.7	20.2377	20.2377	80.9507	80.9507	0 30361.7 3789.47 	34151.2	6.69498	6.55445	12703.2	670	0.117975	0	4.029	1.02
204.8	0.00314015	0.00127761	33630.6	1050	105	33323.2	20.238	20.238	80.9518	80.9518	0 31222.4 3832.48 	35054.9	6.627	6.55445	12703.2	670	0.116259	0	4.029	1.02
204.9	0.00314522	0.00126185	33191.2	1050	105	32883.8	20.241	20.241	80.9638	80.9638	0 31663.3 3849.61 	35512.9	6.59502	6.55445	12703.2	670	0.115253	0	4.029	1.02
205	0.0031297	0.00130987	34531.8	1050	105	34224.2	20.2601	20.2601	81.0403	81.0403	0 30352 3781.81 	34133.8	6.69359	6.55445	12703.2	670	0.117796	0	4.029	1.02
205.1	0.00314034	0.00127811	33647.9	1050	105	33340.3	20.2604	20.2604	81.0415	81.0415	0 31212 3824.36 	35036.4	6.62578	6.55445	12703.2	670	0.116073	0	4.029	1.02
205.2	0.00314541	0.00126234	33207.8	1050	105	32900.2	20.2634	20.2634	81.0535	81.0535	0 31653 3841.35 	35494.3	6.59381	6.55445	12703.2	670	0.115063	0	4.029	1.02
205.3	0.00312992	0.00131036	34548.8	1050	105	34241	20.2826	20.2826	81.1302	81.1302	0 30342.8 3774.09 	34116.9	6.69221	6.55445	12703.2	670	0.117614	0	4.029	1.02
205.4	0.00314054	0.00127859	33664.5	1050	105	33356.7	20.2829	20.2829	81.1314	81.1314	0 31202.1 3816.2 	35018.3	6.62455	6.55445	12703.2	670	0.115882	0	4.029	1.02
205.5	0.0031456	0.00126281	33223.9	1050	105	32916.1	20.2859	20.2859	81.1435	81.1435	0 31643.2 3833.04 	35476.2	6.5926	6.55445	12703.2	670	0.11487	0	4.029	1.02
205.6	0.00313013	0.00131083	34565.4	1050	105	34257.3	20.3051	20.3051	81.2204	81.2204	0 30334 3766.31 	34100.3	6.69083	6.55445	12703.2	670	0.117428	0	4.029	1.02
205.7	0.00314073	0.00127906	33680.7	1050	105	33372.6	20.3054	20.3054	81.2216	81.2216	0 31192.6 3808 	35000.6	6.62332	6.55445	12703.2	670	0.115689	0	4.029	1.02
205.8	0.00314579	0.00126326	33239.6	1050	105	32931.5	20.3084	20.3084	81.2338	81.2338	0 31633.7 3824.71 	35458.4	6.5914	6.55445	12703.2	670	0.114674	0	4.029	1.02
205.9	0.00313034	0.00131129	34581.5	1050	105	34273.2	20.3277	20.3277	81.3108	81.3108	0 30325.5 3758.5 	34084	6.68946	6.55445	12703.2	670	0.117239	0	4.029	1.02
206	0.00314092	0.00127952	33696.5	1050	105	33388.2	20.328	20.328	81.3122	81.3122	0 31183.4 3799.76 	34983.1	6.6221	6.55445	12703.2	670	0.115493	0	4.029	1.02
206.1	0.00314598	0.0012637	33254.9	1050	105	32946.6	20.3311	20.3311	81.3243	81.3243	0 31624.5 3816.34 	35440.9	6.5902	6.55445	12703.2	670	0.114476	0	4.029	1.02
206.2	0.00313056	0.00131173	34597.3	1050	105	34288.7	20.3504	20.3504	81.4015	81.4015	0 30317.2 3750.65 	34067.9	6.68809	6.55445	12703.2	670	0.117047	0	4.029	1.02
206.3	0.00314112	0.00127997	33712	1050	105	33403.5	20.3507	20.3507	81.4029	81.4029	0 31174.4 3791.5 	34965.9	6.62088	6.55445	12703.2	670	0.115295	0	4.029	1.02
206.4	0.00314617	0.00126414	33269.9	1050	105	32961.4	20.3538	20.3538	81.4151	81.4151	0 31615.6 3807.96 	35423.5	6.589	6.55445	12703.2	670	0.114277	0	4.029	1.02
206.5	0.00313077	0.00131217	34612.8	1050	105	34304	20.3731	20.3731	81.4925	81.4925	0 30309.1 3742.77 	34051.9	6.68673	6.55445	12703.2	670	0.116854	0	4.029	1.02
206.6	0.00314131	0.00128041	33727.2	1050	105	33418.5	20.3735	20.3735	81.494	81.494	0 31165.6 3783.23 	34948.8	6.61966	6.55445	12703.2	670	0.115095	0	4.029	1.02
206.7	0.00314636	0.00126457	33284.7	1050	105	32975.9	20.3766	20.3766	81.5062	81.5062	0 31606.8 3799.57 	35406.4	6.5878	6.55445	12703.2	670	0.114075	0	4.029	1.02
206.8	0.00313098	0.0013126	34628.1	1050	105	34319.1	20.396	20.396	81.5838	81.5838	0 30301.2 3734.88 	34036.1	6.68538	6.55445	12703.2	670	0.116659	0	4.029	1.02
206.9	0.0031415	0.00128084	33742.2	1050	105	33433.3	20.3963	20.3963	81.5853	81.5853	0 31157 3774.94 	34931.9	6.61845	6.55445	12703.2	670	0.114894	0	4.029	1.02
207	0.00314655	0.00126499	33299.3	1050	105	32990.3	20.3994	20.3994	81.5976	81.5976	0 31598.2 3791.17 	35389.4	6.58661	6.55445	12703.2	670	0.113873	0	4.029	1.02
207.1	0.00313119	0.00131303	34643.2	1050	105	34334	20.4188	20.4188	81.6754	81.6754	0 30293.4 3726.97 	34020.3	6.68403	6.55445	12703.2	670	0.116463	0	4.029	1.02
207.2	0.00314169	0.00128127	33757.1	1050	105	33447.9	20.4192	20.4192	81.6769	81.6769	0 31148.5 3766.65 	34915.1	6.61725	6.55445	12703.2	670	0.114692	0	4.029	1.02
207.3	0.00314674	0.0012654	33313.7	1050	105	33004.5	20.4223	20.4223	81.6892	81.6892	0 31589.7 3782.76 	35372.5	6.58542	6.55445	12703.2	670	0.11367	0	4.029	1.02
207.4	0.0031314	0.00131345	34658.1	1050	105	34348.7	20.4418	20.4418	81.7672	81.7672	0 30285.7 3719.05 	34004.7	6.68269	6.55445	12703.2	670	0.116265	0	4.029	1.02
207.5	0.00314188	0.00128169	33771.8	1050	105	33462.4	20.4422	20.4422	81.7688	81.7688	0 31140.1 3758.35 	34898.5	6.61604	6.55445	12703.2	670	0.114489	0	4.029	1.02
207.6	0.00314693	0.00126581	33328	1050	105	33018.6	20.4453	20.4453	81.7811	81.7811	0 31581.4 3774.35 	35355.7	6.58424	6.55445	12703.2	670	0.113466	0	4.029	1.02
207.7	0.00313161	0.00131387	34673	1050	105	34363.3	20.4648	20.4648	81.8593	81.8593	0 30278.1 3711.12 	33989.2	6.68136	6.55445	12703.2	670	0.116067	0	4.029	1.02
207.8	0.00314207	0.00128211	33786.4	1050	105	33476.7	20.4652	20.4652	81.8609	81.8609	0 31131.8 3750.05 	34881.9	6.61484	6.55445	12703.2	670	0.114286	0	4.029	1.02
207.9	0.00314712	0.00126622	33342.2	1050	105	33032.5	20.4683	20.4683	81.8733	81.8733	0 31573.1 3765.95 	35339	6.58305	6.55445	12703.2	670	0.113261	0	4.029	1.02
208	0.00313182	0.00131428	34687.7	1050	105	34377.8	20.4879	20.4879	81.9516	81.9516	0 30270.6 3703.18 	33973.8	6.68003	6.55445	12703.2	670	0.115868	0	4.029	1.02
208.1	0.00314226	0.00128252	33800.8	1050	105	33491	20.4883	20.4883	81.9533	81.9533	0 31123.7 3741.76 	34865.4	6.61364	6.55445	12703.2	670	0.114082	0	4.029	1.02
208.2	0.00314731	0.00126662	33356.3	1050	105	33046.4	20.4914	20.4914	81.9657	81.9657	0 31564.9 3757.55 	35322.5	6.58187	6.55445	12703.2	670	0.113056	0	4.029	1.02
208.3	0.00313202	0.00131469	34702.3	1050	105	34392.2	20.5111	20.5111	82.0442	82.0442	0 30263.1 3695.25 	33958.4	6.6787	6.55445	12703.2	670	0.115668	0	4.029	1.02
208.4	0.00314245	0.00128293	33815.2	1050	105	33505.1	20.5115	20.5115	82.046	82.046	0 31115.6 3733.46 	34849	6.61244	6.55445	12703.2	670	0.113877	0	4.029	1.02
208.5	0.0031475	0.00126703	33370.3	1050	105	33060.1	20.5146	20.5146	82.0584	82.0584	0 31556.8 3749.15 	35306	6.58069	6.55445	12703.2	670	0.112851	0	4.029	1.02
208.6	0.00313223	0.0013151	34716.8	1050	105	34406.5	20.5343	20.5343	82.1371	82.1371	0 30255.7 3687.31 	33943	6.67738	6.55445	12703.2	670	0.115468	0	4.029	1.02
208.7	0.00314264	0.00128334	33829.5	1050	105	33519.2	20.5347	20.5347	82.1389	82.1389	0 31107.5 3725.18 	34832.7	6.61125	6.55445	12703.2	670	0.113673	0	4.029	1.02
208.8	0.00314768	0.00126742	33384.2	1050	105	33073.8	20.5378	20.5378	82.1514	82.1514	0 31548.8 3740.77 	35289.5	6.57952	6.55445	12703.2	670	0.112646	0	4.029	1.02
208.9	0.00313244	0.00131551	34731.3	1050	105	34420.7	20.5576	20.5576	82.2302	82.2302	0 30248.4 3679.37 	33927.8	6.67606	6.55445	12703.2	670	0.115268	0	4.029	1.02
209	0.00314283	0.00128375	33843.7	1050	105	33533.2	20.558	20.558	82.2321	82.2321	0 31099.5 3716.9 	34816.4	6.61006	6.55445	12703.2	670	0.113468	0	4.029	1.02
209.1	0.00314787	0.00126782	33398	1050	105	33087.4	20.5611	20.5611	82.2446	82.2446	0 31540.8 3732.39 	35273.2	6.57834	6.55445	12703.2	670	0.11244	0	4.029	1.02
209.2	0.00313264	0.00131591	34745.7	1050	105	34434.9	20.5809	20.5809	82.3236	82.3236	0 30241.1 3671.44 	33912.5	6.67475	6.55445	12703.2	670	0.115067	0	4.029	1.02
209.3	0.00314302	0.00128415	33857.9	1050	105	33547.1	20.5814	20.5814	82.3255	82.3255	0 31091.6 3708.62 	34800.2	6.60887	6.55445	12703.2	670	0.113262	0	4.029	1.02
209.4	0.00314806	0.00126822	33411.8	1050	105	33101	20.5845	20.5845	82.338	82.338	0 31532.8 3724.02 	35256.9	6.57717	6.55445	12703.2	670	0.112234	0	4.029	1.02
209.5	0.00313285	0.00131631	34760	1050	105	34449	20.6043	20.6043	82.4172	82.4172	0 30233.8 3663.5 	33897.3	6.67344	6.55445	12703.2	670	0.114866	0	4.029	1.02
209.6	0.00314321	0.00128456	33872	1050	105	33560.9	20.6048	20.6048	82.4192	82.4192	0 31083.7 3700.36 	34784.1	6.60768	6.55445	12703.2	670	0.113057	0	4.029	1.02
209.7	0.00314825	0.00126861	33425.6	1050	105	33114.5	20.6079	20.6079	82.4317	82.4317	0 31525 3715.66 	35240.6	6.57599	6.55445	12703.2	670	0.112028	0	4.029	1.02
209.8	0.00313305	0.00131671	34774.3	1050	105	34463	20.6278	20.6278	82.5111	82.5111	0 30226.6 3655.58 	33882.2	6.67214	6.55445	12703.2	670	0.114664	0	4.029	1.02
209.9	0.00314339	0.00128496	33886	1050	105	33574.7	20.6283	20.6283	82.5131	82.5131	0 31075.9 3692.11 	34768	6.60649	6.55445	12703.2	670	0.112852	0	4.029	1.02
210	0.00314843	0.001269	33439.2	1050	105	33127.9	20.6314	20.6314	82.5257	82.5257	0 31517.1 3707.31 	35224.4	6.57482	6.55445	12703.2	670	0.111822	0	4.029	1.02
210.1	0.00313325	0.00131711	34788.5	1050	105	34477	20.6513	20.6513	82.6052	82.6052	0 30219.4 3647.65 	33867.1	6.67084	6.55445	12703.2	670	0.114462	0	4.029	1.02
210.2	0.00314358	0.00128535	33900	1050	105	33588.5	20.6518	20.6518	82.6073	82.6073	0 31068.1 3683.86 	34752	6.60531	6.55445	12703.2	670	0.112646	0	4.029	1.02
210.3	0.00314862	0.00126939	33452.9	1050	105	33141.3	20.655	20.655	82.6199	82.6199	0 31509.3 3698.98 	35208.3	6.57365	6.55445	12703.2	670	0.111617	0	4.029	1.02
210.4	0.00313346	0.00131751	34802.7	1050	105	34490.9	20.6749	20.6749	82.6996	82.6996	0 30212.3 3639.74 	33852	6.66954	6.55445	12703.2	670	0.11426	0	4.029	1.02
210.5	0.00314377	0.00128575	33914	1050	105	33602.2	20.6754	20.6754	82.7017	82.7017	0 31060.4 3675.63 	34736	6.60413	6.55445	12703.2	670	0.112441	0	4.029	1.02
210.6	0.00314881	0.00126978	33466.5	1050	105	33154.7	20.6786	20.6786	82.7144	82.7144	0 31501.5 3690.66 	35192.2	6.57248	6.55445	12703.2	670	0.111411	0	4.029	1.02
210.7	0.00313366	0.00131791	34816.8	1050	105	34504.8	20.6986	20.6986	82.7942	82.7942	0 30205.1 3631.82 	33837	6.66825	6.55445	12703.2	670	0.114058	0	4.029	1.02
210.8	0.00314396	0.00128615	33927.9	1050	105	33615.9	20.6991	20.6991	82.7964	82.7964	0 31052.6 3667.4 	34720	6.60295	6.55445	12703.2	670	0.112235	0	4.029	1.02
210.9	0.00314899	0.00127016	33480	1050	105	33168	20.7023	20.7023	82.8091	82.8091	0 31493.8 3682.34 	35176.1	6.57132	6.55445	12703.2	670	0.111205	0	4.029	1.02
211	0.00313386	0.0013183	34830.9	1050	105	34518.7	20.7223	20.7223	82.8891	82.8891	0 30198 3623.92 	33821.9	6.66696	6.55445	12703.2	670	0.113856	0	4.029	1.02
211.1	0.00314414	0.00128654	33941.7	1050	105	33629.5	20.7228	20.7228	82.8913	82.8913	0 31044.9 3659.19 	34704.1	6.60177	6.55445	12703.2	670	0.11203	0	4.029	1.02
211.2	0.00314918	0.00127055	33493.6	1050	105	33181.3	20.726	20.726	82.904	82.904	0 31486.1 3674.05 	35160.1	6.57015	6.55445	12703.2	670	0.110999	0	4.029	1.02
211.3	0.00313406	0.00131869	34845	1050	105	34532.5	20.7461	20.7461	82.9842	82.9842	0 30191 3616.02 	33807	6.66568	6.55445	12703.2	670	0.113654	0	4.029	1.02
211.4	0.00314433	0.00128694	33955.6	1050	105	33643.1	20.7466	20.7466	82.9864	82.9864	0 31037.3 3650.99 	34688.3	6.60059	6.55445	12703.2	670	0.111824	0	4.029	1.02
211.5	0.00314936	0.00127093	33507.1	1050	105	33194.6	20.7498	20.7498	82.9992	82.9992	0 31478.4 3665.76 	35144.2	6.56899	6.55445	12703.2	670	0.110793	0	4.029	1.02
211.6	0.00313426	0.00131909	34859	1050	105	34546.3	20.7699	20.7699	83.0796	83.0796	0 30183.9 3608.12 	33792	6.6644	6.55445	12703.2	670	0.113451	0	4.029	1.02
211.7	0.00314452	0.00128733	33969.4	1050	105	33656.7	20.7705	20.7705	83.0818	83.0818	0 31029.7 3642.8 	34672.5	6.59942	6.55445	12703.2	670	0.111619	0	4.029	1.02
211.8	0.00314955	0.00127132	33520.5	1050	105	33207.8	20.7737	20.7737	83.0946	83.0946	0 31470.8 3657.49 	35128.3	6.56782	6.55445	12703.2	670	0.110588	0	4.029	1.02
211.9	0.00313446	0.00131948	34873	1050	105	34560.1	20.7938	20.7938	83.1752	83.1752	0 30176.9 3600.24 	33777.1	6.66312	6.55445	12703.2	670	0.113249	0	4.029	1.02
212	0.0031447	0.00128772	33983.1	1050	105	33670.2	20.7944	20.7944	83.1775	83.1775	0 31022.1 3634.63 	34656.7	6.59824	6.55445	12703.2	670	0.111413	0	4.029	1.02
212.1	0.00314974	0.0012717	33534	1050	105	33221	20.7976	20.7976	83.1903	83.1903	0 31463.2 3649.23 	35112.4	6.56666	6.55445	12703.2	670	0.110382	0	4.029	1.02
212.2	0.00313466	0.00131987	34887	1050	105	34573.8	20.8177	20.8177	83.271	83.271	0 30169.8 3592.36 	33762.2	6.66185	6.55445	12703.2	670	0.113046	0	4.029	1.02
212.3	0.00314489	0.00128811	33996.9	1050	105	33683.7	20.8183	20.8183	83.2733	83.2733	0 31014.5 3626.46 	34641	6.59707	6.55445	12703.2	670	0.111208	0	4.029	1.02
212.4	0.00314992	0.00127208	33547.4	1050	105	33234.1	20.8215	20.8215	83.2862	83.2862	0 31455.6 3640.98 	35096.6	6.5655	6.55445	12703.2	670	0.110177	0	4.029	1.02
212.5	0.00313486	0.00132026	34900.9	1050	105	34587.5	20.8418	20.8418	83.367	83.367	0 30162.8 3584.49 	33747.3	6.66058	6.55445	12703.2	670	0.112844	0	4.029	1.02
212.6	0.00314508	0.0012885	34010.6	1050	105	33697.1	20.8424	20.8424	83.3694	83.3694	0 31006.9 3618.31 	34625.3	6.5959	6.55445	12703.2	670	0.111002	0	4.029	1.02
212.7	0.00315011	0.00127246	33560.7	1050	105	33247.3	20.8456	20.8456	83.3823	83.3823	0 31448 3632.75 	35080.8	6.56435	6.55445	12703.2	670	0.109972	0	4.029	1.02
212.8	0.00313506	0.00132065	34914.8	1050	105	34601.2	20.8658	20.8658	83.4633	83.4633	0 30155.9 3576.63 	33732.5	6.65931	6.55445	12703.2	670	0.112641	0	4.029	1.02
212.9	0.00314526	0.00128889	34024.2	1050	105	33710.6	20.8664	20.8664	83.4657	83.4657	0 30999.4 3610.17 	34609.6	6.59474	6.55445	12703.2	670	0.110797	0	4.029	1.02
213	0.00315029	0.00127284	33574.1	1050	105	33260.4	20.8697	20.8697	83.4786	83.4786	0 31440.5 3624.53 	35065	6.56319	6.55445	12703.2	670	0.109766	0	4.029	1.02
213.1	0.00313526	0.00132104	34928.7	1050	105	34614.8	20.89	20.89	83.5598	83.5598	0 30148.9 3568.77 	33717.7	6.65805	6.55445	12703.2	670	0.112438	0	4.029	1.02
213.2	0.00314545	0.00128928	34037.9	1050	105	33724	20.8906	20.8906	83.5623	83.5623	0 30991.9 3602.04 	34594	6.59357	6.55445	12703.2	670	0.110592	0	4.029	1.02
213.3	0.00315048	0.00127322	33587.4	1050	105	33273.5	20.8938	20.8938	83.5752	83.5752	0 31433 3616.33 	35049.3	6.56203	6.55445	12703.2	670	0.109561	0	4.029	1.02
213.4	0.00313546	0.00132143	34942.6	1050	105	34628.4	20.9141	20.9141	83.6566	83.6566	0 30142 3560.93 	33702.9	6.65679	6.55445	12703.2	670	0.112236	0	4.029	1.02
213.5	0.00314563	0.00128967	34051.5	1050	105	33737.3	20.9148	20.9148	83.6591	83.6591	0 30984.5 3593.92 	34578.4	6.59241	6.55445	12703.2	670	0.110387	0	4.029	1.02
213.6	0.00315066	0.0012736	33600.7	1050	105	33286.5	20.918	20.918	83.672	83.672	0 31425.5 3608.14 	35033.6	6.56088	6.55445	12703.2	670	0.109357	0	4.029	1.02
213.7	0.00313565	0.00132181	34956.4	1050	105	34642	20.9384	20.9384	83.7536	83.7536	0 30135 3553.09 	33688.1	6.65553	6.55445	12703.2	670	0.112033	0	4.029	1.02
213.8	0.00314582	0.00129005	34065.1	1050	105	33750.7	20.939	20.939	83.7561	83.7561	0 30977 3585.82 	34562.8	6.59124	6.55445	12703.2	670	0.110182	0	4.029	1.02
213.9	0.00315085	0.00127398	33614	1050	105	33299.5	20.9423	20.9423	83.7691	83.7691	0 31418 3599.96 	35018	6.55972	6.55445	12703.2	670	0.109152	0	4.029	1.02
214	0.00313585	0.0013222	34970.2	1050	105	34655.6	20.9627	20.9627	83.8508	83.8508	0 30128.1 3545.26 	33673.4	6.65428	6.55445	12703.2	670	0.11183	0	4.029	1.02
214.1	0.003146	0.00129044	34078.6	1050	105	33764	20.9633	20.9633	83.8533	83.8533	0 30969.6 3577.73 	34547.3	6.59008	6.55445	12703.2	670	0.109977	0	4.029	1.02
214.2	0.00315103	0.00127435	33627.2	1050	105	33312.5	20.9666	20.9666	83.8663	83.8663	0 31410.5 3591.8 	35002.3	6.55857	6.55445	12703.2	670	0.108947	0	4.029	1.02
214.3	0.00313605	0.00132258	34984	1050	105	34669.1	20.987	20.987	83.9482	83.9482	0 30121.2 3537.44 	33658.7	6.65303	6.55445	12703.2	670	0.111627	0	4.029	1.02
214.4	0.00314619	0.00129082	34092.1	1050	105	33777.3	20.9877	20.9877	83.9508	83.9508	0 30962.2 3569.65 	34531.8	6.58892	6.55445	12703.2	670	0.109772	0	4.029	1.02
214.5	0.00315122	0.00127473	33640.4	1050	105	33325.5	20.991	20.991	83.9638	83.9638	0 31403.1 3583.65 	34986.8	6.55742	6.55445	12703.2	670	0.108743	0	4.029	1.02
214.6	0.00313624	0.00132297	34997.7	1050	105	34682.6	21.0115	21.0115	84.0458	84.0458	0 30114.4 3529.62 	33644	6.65178	6.55445	12703.2	670	0.111425	0	4.029	1.02
214.7	0.00314637	0.0012912	34105.6	1050	105	33790.5	21.0121	21.0121	84.0485	84.0485	0 30954.8 3561.58 	34516.4	6.58777	6.55445	12703.2	670	0.109568	0	4.029	1.02
214.8	0.0031514	0.00127511	33653.6	1050	105	33338.5	21.0154	21.0154	84.0615	84.0615	0 31395.7 3575.52 	34971.2	6.55627	6.55445	12703.2	670	0.108539	0	4.029	1.02
214.9	0.00313644	0.00132335	35011.4	1050	105	34696.1	21.0359	21.0359	84.1437	84.1437	0 30107.5 3521.82 	33629.3	6.65054	6.55445	12703.2	670	0.111222	0	4.029	1.02
215	0.00314655	0.00129159	34119.1	1050	105	33803.8	21.0366	21.0366	84.1464	84.1464	0 30947.5 3553.53 	34501	6.58661	6.55445	12703.2	670	0.109363	0	4.029	1.02
215.1	0.00315158	0.00127548	33666.8	1050	105	33351.4	21.0399	21.0399	84.1595	84.1595	0 31388.3 3567.4 	34955.7	6.55513	6.55445	12703.2	670	0.108334	0	4.029	1.02
215.2	0.00313663	0.00132373	35025.1	1050	105	34709.5	21.0605	21.0605	84.2418	84.2418	0 30100.7 3514.02 	33614.7	6.6493	6.55445	12703.2	670	0.111019	0	4.029	1.02
215.3	0.00314674	0.00129197	34132.6	1050	105	33817	21.0611	21.0611	84.2445	84.2445	0 30940.1 3545.49 	34485.6	6.58545	6.55445	12703.2	670	0.109159	0	4.029	1.02
215.4	0.00315177	0.00127585	33679.9	1050	105	33364.3	21.0644	21.0644	84.2576	84.2576	0 31381 3559.29 	34940.3	6.55398	6.55445	12703.2	670	0.10813	0	4.029	1.02
215.5	0.00313683	0.00132412	35038.8	1050	105	34723	21.085	21.085	84.3401	84.3401	0 30093.8 3506.24 	33600.1	6.64806	6.55445	12703.2	670	0.110816	0	4.029	1.02
215.6	0.00314692	0.00129235	34146	1050	105	33830.1	21.0857	21.0857	84.3429	84.3429	0 30932.8 3537.47 	34470.3	6.5843	6.55445	12703.2	670	0.108955	0	4.029	1.02
215.7	0.00315195	0.00127623	33693.1	1050	105	33377.2	21.089	21.089	84.356	84.356	0 31373.6 3551.2 	34924.8	6.55283	6.55445	12703.2	670	0.107927	0	4.029	1.02
215.8	0.00313702	0.0013245	35052.5	1050	105	34736.4	21.1097	21.1097	84.4386	84.4386	0 30087 3498.46 	33585.5	6.64683	6.55445	12703.2	670	0.110614	0	4.029	1.02
215.9	0.0031471	0.00129273	34159.4	1050	105	33843.3	21.1104	21.1104	84.4414	84.4414	0 30925.5 3529.45 	34455	6.58315	6.55445	12703.2	670	0.10875	0	4.029	1.02
216	0.00315213	0.0012766	33706.2	1050	105	33390	21.1136	21.1136	84.4546	84.4546	0 31366.3 3543.12 	34909.4	6.55169	6.55445	12703.2	670	0.107723	0	4.029	1.02
216.1	0.00313722	0.00132488	35066.1	1050	105	34749.8	21.1343	21.1343	84.5374	84.5374	0 30080.2 3490.69 	33570.9	6.6456	6.55445	12703.2	670	0.110411	0	4.029	1.02
216.2	0.00314729	0.00129311	34172.8	1050	105	33856.4	21.135	21.135	84.5402	84.5402	0 30918.3 3521.45 	34439.7	6.582	6.55445	12703.2	670	0.108546	0	4.029	1.02
216.3	0.00315232	0.00127697	33719.3	1050	105	33402.9	21.1383	21.1383	84.5534	84.5534	0 31359 3535.05 	34894.1	6.55055	6.55445	12703.2	670	0.10752	0	4.029	1.02
216.4	0.00313741	0.00132526	35079.7	1050	105	34763.1	21.1591	21.1591	84.6363	84.6363	0 30073.4 3482.93 	33556.4	6.64437	6.55445	12703.2	670	0.110208	0	4.029	1.02
216.5	0.00314747	0.00129349	34186.1	1050	105	33869.5	21.1598	21.1598	84.6392	84.6392	0 30911 3513.46 	34424.5	6.58085	6.55445	12703.2	670	0.108342	0	4.029	1.02
216.6	0.0031525	0.00127734	33732.3	1050	105	33415.7	21.1631	21.1631	84.6524	84.6524	0 31351.7 3527 	34878.8	6.5494	6.55445	12703.2	670	0.107316	0	4.029	1.02
216.7	0.0031376	0.00132564	35093.3	1050	105	34776.5	21.1839	21.1839	84.7355	84.7355	0 30066.6 3475.18 	33541.8	6.64315	6.55445	12703.2	670	0.110006	0	4.029	1.02
216.8	0.00314765	0.00129386	34199.5	1050	105	33882.6	21.1846	21.1846	84.7384	84.7384	0 30903.8 3505.49 	34409.3	6.57971	6.55445	12703.2	670	0.108139	0	4.029	1.02
216.9	0.00315268	0.00127771	33745.4	1050	105	33428.5	21.1879	21.1879	84.7516	84.7516	0 31344.5 3518.97 	34863.5	6.54826	6.55445	12703.2	670	0.107113	0	4.029	1.02
217	0.00313779	0.00132602	35106.9	1050	105	34789.8	21.2087	21.2087	84.8348	84.8348	0 30059.9 3467.44 	33527.3	6.64193	6.55445	12703.2	670	0.109803	0	4.029	1.02
217.1	0.00314784	0.00129424	34212.8	1050	105	33895.7	21.2094	21.2094	84.8378	84.8378	0 30896.6 3497.52 	34394.1	6.57856	6.55445	12703.2	670	0.107935	0	4.029	1.02
217.2	0.00315287	0.00127808	33758.4	1050	105	33441.3	21.2127	21.2127	84.851	84.851	0 31337.3 3510.95 	34848.2	6.54712	6.55445	12703.2	670	0.10691	0	4.029	1.02
217.3	0.00313799	0.0013264	35120.4	1050	105	34803.1	21.2336	21.2336	84.9344	84.9344	0 30053.1 3459.71 	33512.9	6.64071	6.55445	12703.2	670	0.109601	0	4.029	1.02
217.4	0.00314802	0.00129462	34226.1	1050	105	33908.7	21.2343	21.2343	84.9374	84.9374	0 30889.4 3489.58 	34378.9	6.57742	6.55445	12703.2	670	0.107732	0	4.029	1.02
217.5	0.00315305	0.00127845	33771.4	1050	105	33454	21.2377	21.2377	84.9506	84.9506	0 31330 3502.94 	34833	6.54599	6.55445	12703.2	670	0.106708	0	4.029	1.02
217.6	0.00313818	0.00132678	35133.9	1050	105	34816.4	21.2586	21.2586	85.0342	85.0342	0 30046.4 3451.99 	33498.4	6.6395	6.55445	12703.2	670	0.109398	0	4.029	1.02
217.7	0.0031482	0.00129499	34239.3	1050	105	33921.8	21.2593	21.2593	85.0372	85.0372	0 30882.2 3481.64 	34363.8	6.57628	6.55445	12703.2	670	0.107528	0	4.029	1.02
217.8	0.00315323	0.00127882	33784.4	1050	105	33466.8	21.2626	21.2626	85.0505	85.0505	0 31322.8 3494.94 	34817.8	6.54485	6.55445	12703.2	670	0.106505	0	4.029	1.02
217.9	0.00313837	0.00132715	35147.4	1050	105	34829.6	21.2835	21.2835	85.1342	85.1342	0 30039.7 3444.28 	33484	6.63829	6.55445	12703.2	670	0.109196	0	4.029	1.02
218	0.00314838	0.00129537	34252.6	1050	105	33934.8	21.2843	21.2843	85.1372	85.1372	0 30875 3473.72 	34348.8	6.57514	6.55445	12703.2	670	0.107325	0	4.029	1.02
218.1	0.00315341	0.00127918	33797.4	1050	105	33479.5	21.2876	21.2876	85.1505	85.1505	0 31315.6 3486.97 	34802.6	6.54371	6.55445	12703.2	670	0.106303	0	4.029	1.02
218.2	0.00313856	0.00132753	35160.9	1050	105	34842.8	21.3086	21.3086	85.2344	85.2344	0 30033 3436.58 	33469.6	6.63708	6.55445	12703.2	670	0.108993	0	4.029	1.02
218.3	0.00314856	0.00129574	34265.8	1050	105	33947.7	21.3094	21.3094	85.2374	85.2374	0 30867.9 3465.81 	34333.7	6.574	6.55445	12703.2	670	0.107122	0	4.029	1.02
218.4	0.0031536	0.00127955	33810.3	1050	105	33492.2	21.3127	21.3127	85.2507	85.2507	0 31308.5 3479 	34787.5	6.54258	6.55445	12703.2	670	0.1061	0	4.029	1.02
218.5	0.00313875	0.00132791	35174.4	1050	105	34856.1	21.3337	21.3337	85.3348	85.3348	0 30026.3 3428.89 	33455.2	6.63588	6.55445	12703.2	670	0.108791	0	4.029	1.02
218.6	0.00314875	0.00129612	34279	1050	105	33960.7	21.3345	21.3345	85.3378	85.3378	0 30860.8 3457.91 	34318.7	6.57286	6.55445	12703.2	670	0.106919	0	4.029	1.02
218.7	0.00315378	0.00127992	33823.2	1050	105	33504.9	21.3378	21.3378	85.3512	85.3512	0 31301.3 3471.05 	34772.4	6.54145	6.55445	12703.2	670	0.105898	0	4.029	1.02
218.8	0.00313894	0.00132828	35187.8	1050	105	34869.2	21.3588	21.3588	85.4354	85.4354	0 30019.6 3421.2 	33440.8	6.63467	6.55445	12703.2	670	0.108589	0	4.029	1.02
218.9	0.00314893	0.00129649	34292.2	1050	105	33973.6	21.3596	21.3596	85.4385	85.4385	0 30853.7 3450.03 	34303.7	6.57173	6.55445	12703.2	670	0.106716	0	4.029	1.02
219	0.00315396	0.00128028	33836.2	1050	105	33517.5	21.363	21.363	85.4518	85.4518	0 31294.2 3463.11 	34757.3	6.54032	6.55445	12703.2	670	0.105697	0	4.029	1.02
219.1	0.00313913	0.00132866	35201.3	1050	105	34882.4	21.384	21.384	85.5362	85.5362	0 30012.9 3413.53 	33426.5	6.63347	6.55445	12703.2	670	0.108387	0	4.029	1.02
219.2	0.00314911	0.00129686	34305.4	1050	105	33986.5	21.3848	21.3848	85.5393	85.5393	0 30846.6 3442.15 	34288.8	6.5706	6.55445	12703.2	670	0.106514	0	4.029	1.02
219.3	0.00315414	0.00128065	33849	1050	105	33530.2	21.3882	21.3882	85.5527	85.5527	0 31287.1 3455.19 	34742.3	6.53919	6.55445	12703.2	670	0.105495	0	4.029	1.02
219.4	0.00313931	0.00132903	35214.7	1050	105	34895.6	21.4093	21.4093	85.6371	85.6371	0 30006.3 3405.87 	33412.2	6.63228	6.55445	12703.2	670	0.108184	0	4.029	1.02
219.5	0.00314929	0.00129723	34318.5	1050	105	33999.4	21.4101	21.4101	85.6403	85.6403	0 30839.5 3434.3 	34273.8	6.56946	6.55445	12703.2	670	0.106311	0	4.029	1.02
219.6	0.00315432	0.00128101	33861.9	1050	105	33542.8	21.4134	21.4134	85.6537	85.6537	0 31280 3447.28 	34727.3	6.53806	6.55445	12703.2	670	0.105294	0	4.029	1.02
219.7	0.0031395	0.00132941	35228.1	1050	105	34908.7	21.4346	21.4346	85.7383	85.7383	0 29999.6 3398.22 	33397.9	6.63109	6.55445	12703.2	670	0.107982	0	4.029	1.02
219.8	0.00314947	0.0012976	34331.6	1050	105	34012.3	21.4354	21.4354	85.7415	85.7415	0 30832.5 3426.45 	34258.9	6.56833	6.55445	12703.2	670	0.106109	0	4.029	1.02
219.9	0.00315451	0.00128137	33874.8	1050	105	33555.4	21.4387	21.4387	85.7549	85.7549	0 31272.9 3439.39 	34712.3	6.53693	6.55445	12703.2	670	0.105092	0	4.029	1.02
220	0.00313969	0.00132978	35241.4	1050	105	34921.8	21.4599	21.4599	85.8397	85.8397	0 29993 3390.57 	33383.6	6.6299	6.55445	12703.2	670	0.10778	0	4.029	1.02
220.1	0.00314965	0.00129797	34344.7	1050	105	34025.1	21.4607	21.4607	85.8429	85.8429	0 30825.4 3418.62 	34244.1	6.5672	6.55445	12703.2	670	0.105907	0	4.029	1.02
220.2	0.00315469	0.00128174	33887.6	1050	105	33568	21.4641	21.4641	85.8564	85.8564	0 31265.8 3431.51 	34697.4	6.5358	6.55445	12703.2	670	0.104891	0	4.029	1.02
220.3	0.00313988	0.00133015	35254.8	1050	105	34934.9	21.4853	21.4853	85.9413	85.9413	0 29986.4 3382.94 	33369.3	6.62871	6.55445	12703.2	670	0.107579	0	4.029	1.02
220.4	0.00314983	0.00129834	34357.8	1050	105	34038	21.4861	21.4861	85.9445	85.9445	0 30818.4 3410.8 	34229.2	6.56608	6.55445	12703.2	670	0.105705	0	4.029	1.02
220.5	0.00315487	0.0012821	33900.4	1050	105	33580.5	21.4895	21.4895	85.958	85.958	0 31258.8 3423.65 	34682.4	6.53468	6.55445	12703.2	670	0.104691	0	4.029	1.02
220.6	0.00314007	0.00133053	35268.1	1050	105	34948	21.5108	21.5108	86.043	86.043	0 29979.8 3375.32 	33355.1	6.62752	6.55445	12703.2	670	0.107377	0	4.029	1.02
220.7	0.00315001	0.00129871	34370.9	1050	105	34050.8	21.5116	21.5116	86.0463	86.0463	0 30811.4 3403 	34214.4	6.56495	6.55445	12703.2	670	0.105503	0	4.029	1.02
220.8	0.00315505	0.00128246	33913.2	1050	105	33593.1	21.5149	21.5149	86.0598	86.0598	0 31251.8 3415.8 	34667.6	6.53355	6.55445	12703.2	670	0.10449	0	4.029	1.02
220.9	0.00314025	0.0013309	35281.4	1050	105	34961.1	21.5362	21.5362	86.145	86.145	0 29973.2 3367.71 	33340.9	6.62634	6.55445	12703.2	670	0.107175	0	4.029	1.02
221	0.00315019	0.00129908	34383.9	1050	105	34063.6	21.5371	21.5371	86.1483	86.1483	0 30804.5 3395.21 	34199.7	6.56383	6.55445	12703.2	670	0.105302	0	4.029	1.02
221.1	0.00315523	0.00128282	33926	1050	105	33605.6	21.5404	21.5404	86.1618	86.1618	0 31244.8 3407.96 	34652.7	6.53243	6.55445	12703.2	670	0.10429	0	4.029	1.02
221.2	0.00314044	0.00133127	35294.7	1050	105	34974.1	21.5618	21.5618	86.2471	86.2471	0 29966.6 3360.11 	33326.7	6.62516	6.55445	12703.2	670	0.106973	0	4.029	1.02
221.3	0.00315037	0.00129945	34397	1050	105	34076.3	21.5626	21.5626	86.2504	86.2504	0 30797.5 3387.43 	34184.9	6.56271	6.55445	12703.2	670	0.1051	0	4.029	1.02
221.4	0.00315541	0.00128318	33938.8	1050	105	33618.1	21.566	21.566	86.264	86.264	0 31237.8 3400.14 	34637.9	6.53131	6.55445	12703.2	670	0.104089	0	4.029	1.02
221.5	0.00314062	0.00133164	35308	1050	105	34987.1	21.5874	21.5874	86.3495	86.3495	0 29960 3352.51 	33312.5	6.62399	6.55445	12703.2	670	0.106772	0	4.029	1.02
221.6	0.00315055	0.00129982	34410	1050	105	34089.1	21.5882	21.5882	86.3528	86.3528	0 30790.5 3379.67 	34170.2	6.56158	6.55445	12703.2	670	0.104899	0	4.029	1.02
221.7	0.00315559	0.00128355	33951.6	1050	105	33630.6	21.5916	21.5916	86.3663	86.3663	0 31230.8 3392.33 	34623.1	6.53018	6.55445	12703.2	670	0.103889	0	4.029	1.02
221.8	0.00314081	0.00133201	35321.3	1050	105	35000.1	21.613	21.613	86.452	86.452	0 29953.4 3344.93 	33298.4	6.62281	6.55445	12703.2	670	0.106571	0	4.029	1.02
221.9	0.00315073	0.00130018	34423	1050	105	34101.8	21.6138	21.6138	86.4553	86.4553	0 30783.6 3371.92 	34155.5	6.56046	6.55445	12703.2	670	0.104698	0	4.029	1.02
222	0.00315577	0.0012839	33964.3	1050	105	33643.1	21.6172	21.6172	86.4689	86.4689	0 31223.8 3384.54 	34608.3	6.52906	6.55445	12703.2	670	0.10369	0	4.029	1.02
222.1	0.00314099	0.00133238	35334.5	1050	105	35013.1	21.6387	21.6387	86.5547	86.5547	0 29946.9 3337.36 	33284.3	6.62164	6.55445	12703.2	670	0.106369	0	4.029	1.02
222.2	0.00315091	0.00130055	34436	1050	105	34114.6	21.6395	21.6395	86.558	86.558	0 30776.7 3364.18 	34140.9	6.55935	6.55445	12703.2	670	0.104497	0	4.029	1.02
222.3	0.00315595	0.00128426	33977	1050	105	33655.6	21.6429	21.6429	86.5716	86.5716	0 31216.8 3376.76 	34593.6	6.52795	6.55445	12703.2	670	0.10349	0	4.029	1.02
222.4	0.00314118	0.00133275	35347.7	1050	105	35026.1	21.6644	21.6644	86.6576	86.6576	0 29940.3 3329.8 	33270.2	6.62047	6.55445	12703.2	670	0.106168	0	4.029	1.02
222.5	0.00315109	0.00130092	34448.9	1050	105	34127.3	21.6652	21.6652	86.6609	86.6609	0 30769.8 3356.45 	34126.2	6.55823	6.55445	12703.2	670	0.104296	0	4.029	1.02
222.6	0.00315613	0.00128462	33989.7	1050	105	33668.1	21.6686	21.6686	86.6745	86.6745	0 31209.9 3369 	34578.9	6.52683	6.55445	12703.2	670	0.103291	0	4.029	1.02
222.7	0.00314136	0.00133312	35361	1050	105	35039.1	21.6902	21.6902	86.7606	86.7606	0 29933.8 3322.25 	33256.1	6.61931	6.55445	12703.2	670	0.105967	0	4.029	1.02
222.8	0.00315126	0.00130128	34461.9	1050	105	34139.9	21.691	21.691	86.764	86.764	0 30762.9 3348.74 	34111.6	6.55711	6.55445	12703.2	670	0.104096	0	4.029	1.02
222.9	0.00315631	0.00128498	34002.4	1050	105	33680.5	21.6944	21.6944	86.7776	86.7776	0 31203 3361.25 	34564.2	6.52571	6.55445	12703.2	670	0.103092	0	4.029	1.02
223	0.00314155	0.00133349	35374.2	1050	105	35052	21.716	21.716	86.8639	86.8639	0 29927.3 3314.71 	33242	6.61815	6.55445	12703.2	670	0.105766	0	4.029	1.02
223.1	0.00315144	0.00130164	34474.8	1050	105	34152.6	21.7168	21.7168	86.8673	86.8673	0 30756 3341.04 	34097.1	6.556	6.55445	12703.2	670	0.103896	0	4.029	1.02
223.2	0.00315649	0.00128534	34015.1	1050	105	33692.9	21.7202	21.7202	86.8809	86.8809	0 31196.1 3353.51 	34549.6	6.5246	6.55445	12703.2	670	0.102893	0	4.029	1.02
223.3	0.00314173	0.00133386	35387.3	1050	105	35064.9	21.7418	21.7418	86.9673	86.9673	0 29920.8 3307.19 	33228	6.61699	6.55445	12703.2	670	0.105565	0	4.029	1.02
223.4	0.00315162	0.00130201	34487.7	1050	105	34165.3	21.7427	21.7427	86.9707	86.9707	0 30749.2 3333.36 	34082.5	6.55489	6.55445	12703.2	670	0.103695	0	4.029	1.02
223.5	0.00315667	0.0012857	34027.8	1050	105	33705.3	21.7461	21.7461	86.9844	86.9844	0 31189.2 3345.79 	34535	6.52348	6.55445	12703.2	670	0.102694	0	4.029	1.02
223.6	0.00314191	0.00133422	35400.5	1050	105	35077.8	21.7677	21.7677	87.0709	87.0709	0 29914.3 3299.67 	33213.9	6.61583	6.55445	12703.2	670	0.105364	0	4.029	1.02
223.7	0.0031518	0.00130237	34500.6	1050	105	34177.9	21.7686	21.7686	87.0744	87.0744	0 30742.3 3325.69 	34068	6.55378	6.55445	12703.2	670	0.103495	0	4.029	1.02
223.8	0.00315685	0.00128605	34040.4	1050	105	33717.7	21.772	21.772	87.088	87.088	0 31182.3 3338.08 	34520.4	6.52237	6.55445	12703.2	670	0.102496	0	4.029	1.02
223.9	0.0031421	0.00133459	35413.7	1050	105	35090.7	21.7937	21.7937	87.1746	87.1746	0 29907.8 3292.16 	33199.9	6.61468	6.55445	12703.2	670	0.105164	0	4.029	1.02
224	0.00315198	0.00130274	34513.5	1050	105	34190.5	21.7945	21.7945	87.1781	87.1781	0 30735.5 3318.03 	34053.5	6.55267	6.55445	12703.2	670	0.103296	0	4.029	1.02
224.1	0.00315703	0.00128641	34053.1	1050	105	33730.1	21.798	21.798	87.1918	87.1918	0 31175.4 3330.39 	34505.8	6.52126	6.55445	12703.2	670	0.102297	0	4.029	1.02
224.2	0.00314228	0.00133496	35426.8	1050	105	35103.6	21.8196	21.8196	87.2786	87.2786	0 29901.3 3284.67 	33186	6.61352	6.55445	12703.2	670	0.104963	0	4.029	1.02
224.3	0.00315215	0.0013031	34526.3	1050	105	34203.1	21.8205	21.8205	87.2821	87.2821	0 30728.7 3310.39 	34039	6.55156	6.55445	12703.2	670	0.103096	0	4.029	1.02
224.4	0.00315721	0.00128677	34065.7	1050	105	33742.5	21.824	21.824	87.2958	87.2958	0 31168.6 3322.71 	34491.3	6.52015	6.55445	12703.2	670	0.102099	0	4.029	1.02
224.5	0.00314246	0.00133533	35439.9	1050	105	35116.5	21.8457	21.8457	87.3827	87.3827	0 29894.8 3277.18 	33172	6.61238	6.55445	12703.2	670	0.104763	0	4.029	1.02
224.6	0.00315233	0.00130346	34539.2	1050	105	34215.7	21.8466	21.8466	87.3863	87.3863	0 30721.9 3302.76 	34024.6	6.55045	6.55445	12703.2	670	0.102897	0	4.029	1.02
224.7	0.00315739	0.00128712	34078.3	1050	105	33754.8	21.85	21.85	87.4	87.4	0 31161.7 3315.05 	34476.8	6.51904	6.55445	12703.2	670	0.101902	0	4.029	1.02
224.8	0.00314264	0.00133569	35453	1050	105	35129.3	21.8718	21.8718	87.487	87.487	0 29888.4 3269.71 	33158.1	6.61123	6.55445	12703.2	670	0.104562	0	4.029	1.02
224.9	0.00315251	0.00130382	34552	1050	105	34228.3	21.8726	21.8726	87.4906	87.4906	0 30715.1 3295.14 	34010.2	6.54935	6.55445	12703.2	670	0.102698	0	4.029	1.02
225	0.00315757	0.00128748	34090.9	1050	105	33767.1	21.8761	21.8761	87.5043	87.5043	0 31154.9 3307.4 	34462.3	6.51793	6.55445	12703.2	670	0.101704	0	4.029	1.02
225.1	0.00314282	0.00133606	35466.1	1050	105	35142.2	21.8979	21.8979	87.5915	87.5915	0 29881.9 3262.24 	33144.1	6.61008	6.55445	12703.2	670	0.104362	0	4.029	1.02
225.2	0.00315269	0.00130418	34564.8	1050	105	34240.8	21.8988	21.8988	87.5951	87.5951	0 30708.3 3287.54 	33995.8	6.54825	6.55445	12703.2	670	0.102499	0	4.029	1.02
225.3	0.00315775	0.00128783	34103.5	1050	105	33779.5	21.9022	21.9022	87.6088	87.6088	0 31148.1 3299.76 	34447.9	6.51682	6.55445	12703.2	670	0.101507	0	4.029	1.02
225.4	0.00314301	0.00133642	35479.2	1050	105	35155	21.924	21.924	87.6961	87.6961	0 29875.4 3254.79 	33130.2	6.60894	6.55445	12703.2	670	0.104162	0	4.029	1.02
225.5	0.0031328	0.00136965	36422.6	1050	105	36098.2	21.9416	21.9416	87.7664	87.7664	0 29055.9 3224.82 	32280.8	6.67373	6.55445	12703.2	670	0.105947	0	4.029	1.02
225.6	0.00314525	0.00133049	35315	1050	105	34990.6	21.9407	21.9407	87.7629	87.7629	0 30030 3257.96 	33288	6.59483	6.55445	12703.2	670	0.103781	0	4.029	1.02
225.7	0.00315179	0.00130926	34714.3	1050	105	34389.9	21.9431	21.9431	87.7725	87.7725	0 30580.5 3273.16 	33853.6	6.55386	6.55445	12703.2	670	0.102492	0	4.029	1.02
225.8	0.00313903	0.00135143	35910.8	1050	105	35586.2	21.9632	21.9632	87.8529	87.8529	0 29506.4 3236.29 	32742.7	6.63407	6.55445	12703.2	670	0.10483	0	4.029	1.02
225.9	0.00314987	0.00131651	34922.4	1050	105	34597.7	21.9634	21.9634	87.8536	87.8536	0 30393.5 3263.49 	33657	6.56581	6.55445	12703.2	670	0.102801	0	4.029	1.02
226	0.00315555	0.00129805	34400.5	1050	105	34075.8	21.9664	21.9664	87.8656	87.8656	0 30881.3 3276.65 	34158	6.53045	6.55445	12703.2	670	0.101673	0	4.029	1.02
226.1	0.00314167	0.00134391	35700.5	1050	105	35375.6	21.9876	21.9876	87.9503	87.9503	0 29696.5 3235.74 	32932.2	6.61734	6.55445	12703.2	670	0.104198	0	4.029	1.02
226.2	0.00315193	0.00131071	34760.7	1050	105	34435.8	21.9882	21.9882	87.9527	87.9527	0 30548 3261.21 	33809.2	6.55299	6.55445	12703.2	670	0.102254	0	4.029	1.02
226.3	0.00315725	0.00129342	34272.1	1050	105	33947.2	21.9914	21.9914	87.9658	87.9658	0 31008.6 3273.62 	34282.3	6.51991	6.55445	12703.2	670	0.1012	0	4.029	1.02
226.4	0.00314288	0.00134084	35616.1	1050	105	35290.9	22.0131	22.0131	88.0523	88.0523	0 29775.8 3230.82 	33006.7	6.60971	6.55445	12703.2	670	0.103794	0	4.029	1.02
226.5	0.00313294	0.00137327	36537.3	1050	105	36212	22.0306	22.0306	88.1222	88.1222	0 28980.8 3202.13 	32183	6.67284	6.55445	12703.2	670	0.105533	0	4.029	1.02
226.6	0.00314547	0.00133368	35416.7	1050	105	35091.4	22.0296	22.0296	88.1185	88.1185	0 29960.3 3234.56 	33194.9	6.59341	6.55445	12703.2	670	0.103332	0	4.029	1.02
226.7	0.00315208	0.00131213	34806.4	1050	105	34481.1	22.032	22.032	88.1279	88.1279	0 30516.4 3249.45 	33765.8	6.552	6.55445	12703.2	670	0.102019	0	4.029	1.02
226.8	0.00313945	0.00135396	35994	1050	105	35668.4	22.0521	22.0521	88.2085	88.2085	0 29455.2 3213.58 	32668.8	6.6314	6.55445	12703.2	670	0.104336	0	4.029	1.02
226.9	0.00315032	0.00131884	34998.9	1050	105	34673.3	22.0523	22.0523	88.2091	88.2091	0 30344.1 3240.06 	33584.2	6.56304	6.55445	12703.2	670	0.102287	0	4.029	1.02
227	0.00315602	0.00130021	34471.8	1050	105	34146.3	22.0553	22.0553	88.2211	88.2211	0 30834.7 3252.96 	34087.6	6.5275	6.55445	12703.2	670	0.101148	0	4.029	1.02
227.1	0.00314221	0.00134592	35768.4	1050	105	35442.7	22.0765	22.0765	88.3061	88.3061	0 29657.1 3212.82 	32869.9	6.61397	6.55445	12703.2	670	0.103657	0	4.029	1.02
227.2	0.00315246	0.00131261	34824.7	1050	105	34498.9	22.0771	22.0771	88.3085	88.3085	0 30508.9 3237.65 	33746.5	6.54965	6.55445	12703.2	670	0.101702	0	4.029	1.02
227.3	0.0031578	0.00129522	34333	1050	105	34007.2	22.0804	22.0804	88.3216	88.3216	0 30970.9 3249.82 	34220.7	6.51649	6.55445	12703.2	670	0.100643	0	4.029	1.02
227.4	0.00314346	0.00134259	35676	1050	105	35350	22.1021	22.1021	88.4085	88.4085	0 29742.6 3207.66 	32950.3	6.60605	6.55445	12703.2	670	0.103223	0	4.029	1.02
227.5	0.00313357	0.00137499	36597.3	1050	105	36271.1	22.1197	22.1197	88.4789	88.4789	0 28950.3 3179.81 	32130.2	6.66883	6.55445	12703.2	670	0.104969	0	4.029	1.02
227.6	0.00314605	0.00133537	35474.6	1050	105	35148.4	22.1188	22.1188	88.4752	88.4752	0 29928 3211.09 	33139.1	6.5898	6.55445	12703.2	670	0.10275	0	4.029	1.02
227.7	0.00315266	0.00131375	34862	1050	105	34535.8	22.1212	22.1212	88.4847	88.4847	0 30484.3 3225.61 	33709.9	6.54842	6.55445	12703.2	670	0.101433	0	4.029	1.02
227.8	0.00314006	0.00135556	36049.7	1050	105	35723.3	22.1414	22.1414	88.5657	88.5657	0 29426.1 3190.43 	32616.5	6.62758	6.55445	12703.2	670	0.103744	0	4.029	1.02
227.9	0.0031509	0.0013204	35052.7	1050	105	34726.2	22.1416	22.1416	88.5664	88.5664	0 30314 3216.19 	33530.2	6.55941	6.55445	12703.2	670	0.10169	0	4.029	1.02
228	0.00315661	0.00130172	34523.8	1050	105	34197.4	22.1446	22.1446	88.5783	88.5783	0 30804.8 3228.85 	34033.6	6.52386	6.55445	12703.2	670	0.10055	0	4.029	1.02
228.1	0.00314281	0.00134742	35821	1050	105	35494.4	22.1659	22.1659	88.6638	88.6638	0 29629.7 3189.31 	32819	6.61017	6.55445	12703.2	670	0.10305	0	4.029	1.02
228.2	0.00313326	0.00137867	36710	1050	105	36383.2	22.1833	22.1833	88.7333	88.7333	0 28870.2 3162.66 	32032.9	6.6708	6.55445	12703.2	670	0.104725	0	4.029	1.02
228.3	0.00314591	0.00133848	35570.4	1050	105	35243.6	22.1823	22.1823	88.7291	88.7291	0 29857.2 3193.91 	33051.1	6.59064	6.55445	12703.2	670	0.102476	0	4.029	1.02
228.4	0.00315263	0.00131646	34946	1050	105	34619.2	22.1846	22.1846	88.7383	88.7383	0 30421.3 3208.35 	33629.7	6.54859	6.55445	12703.2	670	0.101133	0	4.029	1.02
228.5	0.00314019	0.00135779	36120.9	1050	105	35793.9	22.2048	22.2048	88.8191	88.8191	0 29378.9 3174.09 	32553	6.62676	6.55445	12703.2	670	0.103417	0	4.029	1.02
228.6	0.00315108	0.00132238	35116.1	1050	105	34789	22.2049	22.2049	88.8196	88.8196	0 30270.3 3199.48 	33469.8	6.55826	6.55445	12703.2	670	0.101344	0	4.029	1.02
228.7	0.00315684	0.00130351	34581.5	1050	105	34254.5	22.2079	22.2079	88.8315	88.8315	0 30764.7 3212.02 	33976.7	6.52244	6.55445	12703.2	670	0.100193	0	4.029	1.02
228.8	0.00314311	0.00134901	35873.6	1050	105	35546.4	22.2293	22.2293	88.9171	88.9171	0 29597.6 3173.11 	32770.7	6.60828	6.55445	12703.2	670	0.102677	0	4.029	1.02
228.9	0.00313362	0.00138013	36759.4	1050	105	36431.9	22.2467	22.2467	88.9867	88.9867	0 28843 3147.07 	31990.1	6.66848	6.55445	12703.2	670	0.104349	0	4.029	1.02
229	0.00314626	0.00133986	35616.8	1050	105	35289.3	22.2456	22.2456	88.9826	88.9826	0 29829.7 3177.6 	33007.3	6.58846	6.55445	12703.2	670	0.102086	0	4.029	1.02
229.1	0.00315299	0.00131776	34989.8	1050	105	34662.3	22.2479	22.2479	88.9917	88.9917	0 30394.8 3191.8 	33586.6	6.54636	6.55445	12703.2	670	0.100737	0	4.029	1.02
229.2	0.00314058	0.00135903	36163.4	1050	105	35835.7	22.2682	22.2682	89.0728	89.0728	0 29355.8 3158.03 	32513.8	6.62429	6.55445	12703.2	670	0.103015	0	4.029	1.02
229.3	0.00315146	0.00132356	35156.5	1050	105	34828.8	22.2683	22.2683	89.0733	89.0733	0 30246.9 3182.95 	33429.8	6.55588	6.55445	12703.2	670	0.100937	0	4.029	1.02
229.4	0.00315723	0.00130464	34620.3	1050	105	34292.6	22.2713	22.2713	89.0852	89.0852	0 30741.8 3195.33 	33937.1	6.52002	6.55445	12703.2	670	0.0997837	0	4.029	1.02
229.5	0.00314352	0.00135012	35912.2	1050	105	35584.3	22.2928	22.2928	89.1711	89.1711	0 29577.1 3156.83 	32733.9	6.60572	6.55445	12703.2	670	0.10226	0	4.029	1.02
229.6	0.00313406	0.00138124	36798.4	1050	105	36470.3	22.3103	22.3103	89.241	89.241	0 28823.9 3131.32 	31955.2	6.66571	6.55445	12703.2	670	0.103937	0	4.029	1.02
229.7	0.00314666	0.00134095	35654.5	1050	105	35326.4	22.3092	22.3092	89.2369	89.2369	0 29809.3 3161.11 	32970.4	6.58597	6.55445	12703.2	670	0.101664	0	4.029	1.02
229.8	0.00315339	0.00131881	35026.1	1050	105	34698	22.3115	22.3115	89.2461	89.2461	0 30374.4 3175.09 	33549.5	6.54388	6.55445	12703.2	670	0.100314	0	4.029	1.02
229.9	0.00314099	0.00136008	36200.1	1050	105	35871.8	22.3319	22.3319	89.3275	89.3275	0 29337.1 3141.75 	32478.8	6.62166	6.55445	12703.2	670	0.102588	0	4.029	1.02
230	0.00315186	0.00132458	35192	1050	105	34863.7	22.332	22.332	89.328	89.328	0 30227.5 3166.23 	33393.7	6.55337	6.55445	12703.2	670	0.100508	0	4.029	1.02
230.1	0.00315764	0.00130563	34654.6	1050	105	34326.3	22.335	22.335	89.3399	89.3399	0 30722.5 3178.48 	33901	6.51751	6.55445	12703.2	670	0.099356	0	4.029	1.02
230.2	0.00314393	0.00135112	35947.2	1050	105	35618.6	22.3565	22.3565	89.4261	89.4261	0 29559.2 3140.35 	32699.6	6.60312	6.55445	12703.2	670	0.101825	0	4.029	1.02
230.3	0.00313449	0.00138224	36834.3	1050	105	36505.5	22.3741	22.3741	89.4964	89.4964	0 28806.9 3115.36 	31922.2	6.66293	6.55445	12703.2	670	0.103508	0	4.029	1.02
230.4	0.00314706	0.00134195	35689.5	1050	105	35360.8	22.3731	22.3731	89.4923	89.4923	0 29790.8 3144.45 	32935.3	6.58346	6.55445	12703.2	670	0.101228	0	4.029	1.02
230.5	0.00315379	0.00131978	35060	1050	105	34731.3	22.3754	22.3754	89.5015	89.5015	0 30355.9 3158.23 	33514.2	6.5414	6.55445	12703.2	670	0.0998778	0	4.029	1.02
230.6	0.00314141	0.00136105	36234.6	1050	105	35905.6	22.3958	22.3958	89.5831	89.5831	0 29319.9 3125.31 	32445.3	6.61905	6.55445	12703.2	670	0.102148	0	4.029	1.02
230.7	0.00315226	0.00132554	35225.4	1050	105	34896.5	22.3959	22.3959	89.5837	89.5837	0 30209.5 3149.39 	33358.9	6.55088	6.55445	12703.2	670	0.100068	0	4.029	1.02
230.8	0.00315804	0.00130655	34687.2	1050	105	34358.2	22.3989	22.3989	89.5956	89.5956	0 30704.6 3161.52 	33866.1	6.515	6.55445	12703.2	670	0.0989187	0	4.029	1.02
230.9	0.00314434	0.00135206	35980.4	1050	105	35651.2	22.4205	22.4205	89.682	89.682	0 29542.5 3123.75 	32666.3	6.60053	6.55445	12703.2	670	0.101381	0	4.029	1.02
231	0.00313493	0.0013832	36868.6	1050	105	36539.2	22.4382	22.4382	89.7527	89.7527	0 28790.9 3099.27 	31890.2	6.66017	6.55445	12703.2	670	0.103069	0	4.029	1.02
231.1	0.00314745	0.0013429	35723.1	1050	105	35393.7	22.4372	22.4372	89.7487	89.7487	0 29773.4 3127.7 	32901.1	6.58097	6.55445	12703.2	670	0.100783	0	4.029	1.02
231.2	0.00315418	0.00132071	35092.6	1050	105	34763.2	22.4395	22.4395	89.7578	89.7578	0 30338.4 3141.3 	33479.7	6.53892	6.55445	12703.2	670	0.0994347	0	4.029	1.02
231.3	0.00314182	0.00136198	36267.8	1050	105	35938.2	22.4599	22.4599	89.8398	89.8398	0 29303.6 3108.79 	32412.4	6.61646	6.55445	12703.2	670	0.101701	0	4.029	1.02
231.4	0.00315266	0.00132645	35257.7	1050	105	34928.1	22.4601	22.4601	89.8404	89.8404	0 30192.5 3132.48 	33325	6.5484	6.55445	12703.2	670	0.0996223	0	4.029	1.02
231.5	0.00315844	0.00130745	34718.6	1050	105	34389	22.4631	22.4631	89.8523	89.8523	0 30687.5 3144.53 	33832.1	6.51251	6.55445	12703.2	670	0.0984761	0	4.029	1.02
231.6	0.00314475	0.00135296	36012.7	1050	105	35682.8	22.4848	22.4848	89.939	89.939	0 29526.6 3107.09 	32633.6	6.59797	6.55445	12703.2	670	0.100931	0	4.029	1.02
231.7	0.00313535	0.00138413	36901.9	1050	105	36571.9	22.5025	22.5025	90.0099	90.0099	0 28775.5 3083.1 	31858.6	6.65745	6.55445	12703.2	670	0.102624	0	4.029	1.02
231.8	0.00314785	0.00134382	35755.7	1050	105	35425.7	22.5015	22.5015	90.006	90.006	0 29756.7 3110.92 	32867.6	6.57849	6.55445	12703.2	670	0.100334	0	4.029	1.02
231.9	0.00315458	0.00132161	35124.3	1050	105	34794.2	22.5038	22.5038	90.0151	90.0151	0 30321.6 3124.35 	33445.9	6.53647	6.55445	12703.2	670	0.0989876	0	4.029	1.02
232	0.00314222	0.00136289	36300.2	1050	105	35970	22.5243	22.5243	90.0974	90.0974	0 29287.9 3092.24 	32380.1	6.61388	6.55445	12703.2	670	0.10125	0	4.029	1.02
232.1	0.00315306	0.00132735	35289.2	1050	105	34959	22.5245	22.5245	90.098	90.098	0 30175.9 3115.58 	33291.5	6.54593	6.55445	12703.2	670	0.0991731	0	4.029	1.02
232.2	0.00315884	0.00130832	34749.4	1050	105	34419.1	22.5275	22.5275	90.1099	90.1099	0 30671 3127.53 	33798.5	6.51003	6.55445	12703.2	670	0.0980308	0	4.029	1.02
232.3	0.00314515	0.00135385	36044.3	1050	105	35713.8	22.5492	22.5492	90.1969	90.1969	0 29511 3090.43 	32601.4	6.59543	6.55445	12703.2	670	0.100477	0	4.029	1.02
232.4	0.00313578	0.00138504	36934.6	1050	105	36604	22.567	22.567	90.2682	90.2682	0 28760.5 3066.92 	31827.4	6.65475	6.55445	12703.2	670	0.102176	0	4.029	1.02
232.5	0.00314824	0.00134473	35787.7	1050	105	35457	22.5661	22.5661	90.2642	90.2642	0 29740.4 3094.14 	32834.5	6.57603	6.55445	12703.2	670	0.0998819	0	4.029	1.02
232.6	0.00315497	0.00132249	35155.4	1050	105	34824.7	22.5683	22.5683	90.2734	90.2734	0 30305.2 3107.42 	33412.6	6.53402	6.55445	12703.2	670	0.0985385	0	4.029	1.02
232.7	0.00314263	0.00136379	36332.1	1050	105	36001.2	22.589	22.589	90.3559	90.3559	0 29272.4 3075.69 	32348.1	6.61133	6.55445	12703.2	670	0.100797	0	4.029	1.02
232.8	0.0031341	0.00139202	37138.5	1050	105	36807.4	22.606	22.606	90.4241	90.4241	0 28600.8 3054.1 	31654.9	6.66547	6.55445	12703.2	670	0.102311	0	4.029	1.02
232.9	0.00314706	0.0013503	35950.9	1050	105	35619.9	22.6047	22.6047	90.4188	90.4188	0 29606.7 3082.57 	32689.2	6.58341	6.55445	12703.2	670	0.0999623	0	4.029	1.02
233	0.00315407	0.00132712	35291.5	1050	105	34960.4	22.6068	22.6068	90.4272	90.4272	0 30190.8 3096.11 	33286.9	6.53964	6.55445	12703.2	670	0.0985597	0	4.029	1.02
233.1	0.0031421	0.00136721	36434.5	1050	105	36103.2	22.6272	22.6272	90.5086	90.5086	0 29194.2 3065.82 	32260.1	6.61468	6.55445	12703.2	670	0.100756	0	4.029	1.02
233.2	0.00315309	0.00133106	35405.6	1050	105	35074.3	22.6272	22.6272	90.5087	90.5087	0 30092 3088.81 	33180.8	6.54573	6.55445	12703.2	670	0.0986454	0	4.029	1.02
233.3	0.00315899	0.0013116	34852.9	1050	105	34521.6	22.6301	22.6301	90.5204	90.5204	0 30595.7 3100.7 	33696.4	6.50911	6.55445	12703.2	670	0.0974792	0	4.029	1.02
233.4	0.00314547	0.00135663	36134.4	1050	105	35802.9	22.6518	22.6518	90.6073	90.6073	0 29453.5 3064.75 	32518.3	6.59342	6.55445	12703.2	670	0.0998918	0	4.029	1.02
233.5	0.00313623	0.00138748	37015.9	1050	105	36684.2	22.6697	22.6697	90.6786	90.6786	0 28714 3042.14 	31756.2	6.65189	6.55445	12703.2	670	0.101574	0	4.029	1.02
233.6	0.0031487	0.00134698	35862.5	1050	105	35530.8	22.6686	22.6686	90.6745	90.6745	0 29695 3068.53 	32763.5	6.57315	6.55445	12703.2	670	0.0992622	0	4.029	1.02
233.7	0.00315547	0.00132458	35225.1	1050	105	34893.4	22.6709	22.6709	90.6836	90.6836	0 30262.1 3081.55 	33343.6	6.53096	6.55445	12703.2	670	0.0979118	0	4.029	1.02
233.8	0.00314318	0.00136574	36398.5	1050	105	36066.6	22.6916	22.6916	90.7664	90.7664	0 29235.8 3050.52 	32286.4	6.60784	6.55445	12703.2	670	0.100155	0	4.029	1.02
233.9	0.00313471	0.00139389	37203.3	1050	105	36871.2	22.7088	22.7088	90.835	90.835	0 28568.1 3029.69 	31597.8	6.66156	6.55445	12703.2	670	0.10167	0	4.029	1.02
234	0.00314764	0.0013521	36012.8	1050	105	35680.7	22.7074	22.7074	90.8298	90.8298	0 29572.6 3057.11 	32629.7	6.57981	6.55445	12703.2	670	0.0993073	0	4.029	1.02
234.1	0.00315465	0.00132884	35350.5	1050	105	35018.4	22.7095	22.7095	90.8382	90.8382	0 30157.3 3070.34 	33227.7	6.53602	6.55445	12703.2	670	0.0979029	0	4.029	1.02
234.2	0.00314271	0.00136889	36493.1	1050	105	36160.8	22.73	22.73	90.9199	90.9199	0 29164.1 3040.65 	32204.8	6.61081	6.55445	12703.2	670	0.10009	0	4.029	1.02
234.3	0.00313446	0.00139627	37276.1	1050	105	36943.6	22.747	22.747	90.9879	90.9879	0 28517.2 3020.45 	31537.6	6.66311	6.55445	12703.2	670	0.101558	0	4.029	1.02
234.4	0.00314751	0.0013541	36074.3	1050	105	35741.9	22.7456	22.7456	90.9823	90.9823	0 29527.7 3047.85 	32575.5	6.58062	6.55445	12703.2	670	0.0991756	0	4.029	1.02
234.5	0.00315459	0.00133057	35404.3	1050	105	35071.8	22.7476	22.7476	90.9905	90.9905	0 30117.4 3061 	33178.4	6.53639	6.55445	12703.2	670	0.0977536	0	4.029	1.02
234.6	0.00314275	0.00137031	36538.1	1050	105	36205.4	22.768	22.768	91.0721	91.0721	0 29134.3 3031.81 	32166.2	6.61055	6.55445	12703.2	670	0.099922	0	4.029	1.02
234.7	0.00313458	0.00139747	37315	1050	105	36982.2	22.785	22.785	91.14	91.14	0 28493.7 3011.94 	31505.7	6.66239	6.55445	12703.2	670	0.101378	0	4.029	1.02
234.8	0.00314764	0.00135518	36109.5	1050	105	35776.6	22.7836	22.7836	91.1343	91.1343	0 29505.3 3039.01 	32544.3	6.57981	6.55445	12703.2	670	0.0989842	0	4.029	1.02
234.9	0.00315474	0.00133156	35436.5	1050	105	35103.6	22.7856	22.7856	91.1425	91.1425	0 30096.5 3052.03 	33148.5	6.53546	6.55445	12703.2	670	0.0975557	0	4.029	1.02
235	0.00314293	0.0013712	36567.8	1050	105	36234.8	22.806	22.806	91.2241	91.2241	0 29117.1 3023.11 	32140.2	6.6094	6.55445	12703.2	670	0.0997162	0	4.029	1.02
235.1	0.00313479	0.0013983	37343.3	1050	105	37010	22.823	22.823	91.2921	91.2921	0 28478.8 3003.49 	31482.2	6.66105	6.55445	12703.2	670	0.10117	0	4.029	1.02
235.2	0.00314784	0.00135597	36136	1050	105	35802.8	22.8216	22.8216	91.2865	91.2865	0 29490.1 3030.16 	32520.2	6.57856	6.55445	12703.2	670	0.0987687	0	4.029	1.02
235.3	0.00315495	0.0013323	35461.6	1050	105	35128.4	22.8237	22.8237	91.2946	91.2946	0 30081.6 3043.04 	33124.7	6.53419	6.55445	12703.2	670	0.0973374	0	4.029	1.02
235.4	0.00314315	0.00137191	36592.3	1050	105	36258.9	22.8441	22.8441	91.3764	91.3764	0 29104 3014.33 	32118.3	6.60802	6.55445	12703.2	670	0.0994932	0	4.029	1.02
235.5	0.00313502	0.001399	37367.5	1050	105	37033.9	22.8611	22.8611	91.4446	91.4446	0 28466.7 2994.95 	31461.7	6.65955	6.55445	12703.2	670	0.100948	0	4.029	1.02
235.6	0.00314805	0.00135664	36159.3	1050	105	35825.7	22.8597	22.8597	91.4389	91.4389	0 29477.4 3021.22 	32498.6	6.57719	6.55445	12703.2	670	0.0985406	0	4.029	1.02
235.7	0.00315517	0.00133295	35483.9	1050	105	35150.3	22.8618	22.8618	91.447	91.447	0 30069.1 3033.97 	33103.1	6.53282	6.55445	12703.2	670	0.0971083	0	4.029	1.02
235.8	0.00314338	0.00137255	36614.5	1050	105	36280.7	22.8822	22.8822	91.529	91.529	0 29092.6 3005.45 	32098	6.60659	6.55445	12703.2	670	0.0992603	0	4.029	1.02
235.9	0.00313526	0.00139963	37389.9	1050	105	37055.9	22.8993	22.8993	91.5973	91.5973	0 28456 2986.3 	31442.3	6.65802	6.55445	12703.2	670	0.100717	0	4.029	1.02
236	0.00314828	0.00135727	36181	1050	105	35847	22.8979	22.8979	91.5917	91.5917	0 29465.9 3012.18 	32478.1	6.57581	6.55445	12703.2	670	0.0983048	0	4.029	1.02
236.1	0.00315539	0.00133355	35504.8	1050	105	35170.8	22.8999	22.8999	91.5998	91.5998	0 30057.7 3024.82 	33082.5	6.53144	6.55445	12703.2	670	0.0968724	0	4.029	1.02
236.2	0.00314361	0.00137314	36635.5	1050	105	36301.3	22.9205	22.9205	91.6819	91.6819	0 29082.1 2996.48 	32078.5	6.60515	6.55445	12703.2	670	0.0990208	0	4.029	1.02
236.3	0.0031355	0.00140023	37411.2	1050	105	37076.9	22.9376	22.9376	91.7504	91.7504	0 28446 2977.56 	31423.5	6.65649	6.55445	12703.2	670	0.100479	0	4.029	1.02
236.4	0.0031485	0.00135786	36201.7	1050	105	35867.3	22.9362	22.9362	91.7448	91.7448	0 29455.2 3003.08 	32458.2	6.57442	6.55445	12703.2	670	0.0980637	0	4.029	1.02
236.5	0.00315561	0.00133413	35524.7	1050	105	35190.3	22.9382	22.9382	91.7529	91.7529	0 30046.9 3015.61 	33062.5	6.53006	6.55445	12703.2	670	0.0966316	0	4.029	1.02
236.6	0.00314384	0.00137372	36655.7	1050	105	36321.1	22.9588	22.9588	91.8351	91.8351	0 29072.1 2987.45 	32059.5	6.60371	6.55445	12703.2	670	0.0987767	0	4.029	1.02
236.7	0.00313574	0.00140081	37431.8	1050	105	37097	22.9759	22.9759	91.9038	91.9038	0 28436.4 2968.76 	31405.1	6.65497	6.55445	12703.2	670	0.100237	0	4.029	1.02
236.8	0.00314872	0.00135843	36221.6	1050	105	35886.9	22.9745	22.9745	91.8981	91.8981	0 29444.9 2993.92 	32438.8	6.57304	6.55445	12703.2	670	0.0978185	0	4.029	1.02
236.9	0.00315583	0.00133468	35544.1	1050	105	35209.3	22.9766	22.9766	91.9063	91.9063	0 30036.6 3006.35 	33042.9	6.52869	6.55445	12703.2	670	0.0963874	0	4.029	1.02
237	0.00314406	0.00137427	36675.2	1050	105	36340.3	22.9972	22.9972	91.9886	91.9886	0 29062.4 2978.37 	32040.8	6.60229	6.55445	12703.2	670	0.0985291	0	4.029	1.02
237.1	0.00313598	0.00140137	37451.8	1050	105	37116.7	23.0144	23.0144	92.0575	92.0575	0 28427.2 2959.9 	31387.1	6.65347	6.55445	12703.2	670	0.0999916	0	4.029	1.02
237.2	0.00314894	0.00135898	36241.1	1050	105	35906	23.013	23.013	92.0519	92.0519	0 29434.9 2984.72 	32419.6	6.57167	6.55445	12703.2	670	0.0975705	0	4.029	1.02
237.3	0.00315605	0.00133522	35562.9	1050	105	35227.8	23.015	23.015	92.06	92.06	0 30026.6 2997.07 	33023.6	6.52733	6.55445	12703.2	670	0.0961407	0	4.029	1.02
237.4	0.00314429	0.00137481	36694.4	1050	105	36359	23.0356	23.0356	92.1425	92.1425	0 29053.1 2969.25 	32022.4	6.60087	6.55445	12703.2	670	0.0982789	0	4.029	1.02
237.5	0.00313621	0.00140192	37471.4	1050	105	37135.9	23.0529	23.0529	92.2115	92.2115	0 28418.2 2951.01 	31369.2	6.65197	6.55445	12703.2	670	0.0997434	0	4.029	1.02
237.6	0.00314915	0.00135953	36260.2	1050	105	35924.7	23.0515	23.0515	92.2059	92.2059	0 29425.2 2975.51 	32400.7	6.5703	6.55445	12703.2	670	0.0973204	0	4.029	1.02
237.7	0.00315627	0.00133574	35581.4	1050	105	35245.9	23.0535	23.0535	92.214	92.214	0 30016.8 2987.77 	33004.6	6.52596	6.55445	12703.2	670	0.0958921	0	4.029	1.02
237.8	0.00314451	0.00137534	36713.2	1050	105	36377.4	23.0742	23.0742	92.2966	92.2966	0 29044 2960.12 	32004.2	6.59946	6.55445	12703.2	670	0.0980269	0	4.029	1.02
237.9	0.00313645	0.00140245	37490.7	1050	105	37154.7	23.0914	23.0914	92.3658	92.3658	0 28409.5 2942.1 	31351.6	6.65048	6.55445	12703.2	670	0.0994934	0	4.029	1.02
238	0.00314937	0.00136006	36278.9	1050	105	35943	23.09	23.09	92.3602	92.3602	0 29415.7 2966.28 	32382	6.56894	6.55445	12703.2	670	0.0970688	0	4.029	1.02
238.1	0.00315649	0.00133626	35599.6	1050	105	35263.7	23.0921	23.0921	92.3683	92.3683	0 30007.3 2978.46 	32985.8	6.52461	6.55445	12703.2	670	0.0956422	0	4.029	1.02
238.2	0.00314473	0.00137586	36731.7	1050	105	36395.6	23.1128	23.1128	92.4511	92.4511	0 29035.1 2950.98 	31986.1	6.59805	6.55445	12703.2	670	0.0977735	0	4.029	1.02
238.3	0.00313668	0.00140298	37509.7	1050	105	37173.4	23.1301	23.1301	92.5204	92.5204	0 28400.9 2933.18 	31334	6.649	6.55445	12703.2	670	0.0992418	0	4.029	1.02
238.4	0.00314959	0.00136058	36297.5	1050	105	35961.2	23.1287	23.1287	92.5148	92.5148	0 29406.4 2957.04 	32363.5	6.56759	6.55445	12703.2	670	0.0968161	0	4.029	1.02
238.5	0.00315671	0.00133677	35617.6	1050	105	35281.2	23.1307	23.1307	92.5228	92.5228	0 29998 2969.15 	32967.1	6.52325	6.55445	12703.2	670	0.0953914	0	4.029	1.02
238.6	0.00314496	0.00137637	36750	1050	105	36413.5	23.1515	23.1515	92.6058	92.6058	0 29026.3 2941.84 	31968.2	6.59665	6.55445	12703.2	670	0.0975191	0	4.029	1.02
238.7	0.00313691	0.0014035	37528.5	1050	105	37191.8	23.1688	23.1688	92.6753	92.6753	0 28392.4 2924.25 	31316.6	6.64753	6.55445	12703.2	670	0.0989893	0	4.029	1.02
238.8	0.00314981	0.0013611	36315.8	1050	105	35979.1	23.1674	23.1674	92.6697	92.6697	0 29397.3 2947.81 	32345.1	6.56623	6.55445	12703.2	670	0.0965626	0	4.029	1.02
238.9	0.00315693	0.00133727	35635.3	1050	105	35298.6	23.1694	23.1694	92.6777	92.6777	0 29988.7 2959.85 	32948.6	6.5219	6.55445	12703.2	670	0.0951401	0	4.029	1.02
239	0.00314518	0.00137688	36768.1	1050	105	36431.2	23.1902	23.1902	92.7608	92.7608	0 29017.7 2932.7 	31950.4	6.59526	6.55445	12703.2	670	0.0972641	0	4.029	1.02
239.1	0.00313714	0.00140402	37547.1	1050	105	37210	23.2076	23.2076	92.8304	92.8304	0 28384 2915.31 	31299.3	6.64606	6.55445	12703.2	670	0.0987359	0	4.029	1.02
239.2	0.00315002	0.00136161	36333.9	1050	105	35996.9	23.2062	23.2062	92.8248	92.8248	0 29388.2 2938.59 	32326.8	6.56488	6.55445	12703.2	670	0.0963085	0	4.029	1.02
239.3	0.00315714	0.00133777	35653	1050	105	35315.9	23.2082	23.2082	92.8329	92.8329	0 29979.6 2950.55 	32930.2	6.52055	6.55445	12703.2	670	0.0948883	0	4.029	1.02
239.4	0.0031454	0.00137738	36786.1	1050	105	36448.8	23.229	23.229	92.9161	92.9161	0 29009.1 2923.57 	31932.6	6.59387	6.55445	12703.2	670	0.0970086	0	4.029	1.02
239.5	0.00313737	0.00140454	37565.6	1050	105	37228.1	23.2465	23.2465	92.9859	92.9859	0 28375.7 2906.39 	31282.1	6.6446	6.55445	12703.2	670	0.0984819	0	4.029	1.02
239.6	0.00315024	0.00136212	36352	1050	105	36014.5	23.2451	23.2451	92.9803	92.9803	0 29379.2 2929.38 	32308.6	6.56354	6.55445	12703.2	670	0.0960542	0	4.029	1.02
239.7	0.00315736	0.00133826	35670.5	1050	105	35333	23.2471	23.2471	92.9883	92.9883	0 29970.6 2941.27 	32911.9	6.51921	6.55445	12703.2	670	0.0946364	0	4.029	1.02
239.8	0.00314562	0.00137788	36804	1050	105	36466.3	23.2679	23.2679	93.0717	93.0717	0 29000.6 2914.44 	31915	6.59248	6.55445	12703.2	670	0.0967528	0	4.029	1.02
239.9	0.0031376	0.00140505	37584	1050	105	37246.1	23.2854	23.2854	93.1416	93.1416	0 28367.5 2897.46 	31264.9	6.64314	6.55445	12703.2	670	0.0982276	0	4.029	1.02
240	0.00315045	0.00136263	36369.9	1050	105	36032	23.284	23.284	93.136	93.136	0 29370.4 2920.18 	32290.5	6.5622	6.55445	12703.2	670	0.0957997	0	4.029	1.02
240.1	0.00315758	0.00133876	35687.9	1050	105	35350.1	23.286	23.286	93.1441	93.1441	0 29961.7 2932.01 	32893.7	6.51786	6.55445	12703.2	670	0.0943844	0	4.029	1.02
240.2	0.00314584	0.00137838	36821.8	1050	105	36483.7	23.3069	23.3069	93.2276	93.2276	0 28992.1 2905.33 	31897.4	6.5911	6.55445	12703.2	670	0.0964969	0	4.029	1.02
240.3	0.00313783	0.00140555	37602.3	1050	105	37264	23.3244	23.3244	93.2976	93.2976	0 28359.3 2888.55 	31247.8	6.64169	6.55445	12703.2	670	0.097973	0	4.029	1.02
240.4	0.00315067	0.00136313	36387.7	1050	105	36049.5	23.323	23.323	93.292	93.292	0 29361.5 2910.99 	32272.5	6.56086	6.55445	12703.2	670	0.0955452	0	4.029	1.02
240.5	0.00315779	0.00133925	35705.3	1050	105	35367	23.325	23.325	93.3	93.3	0 29952.8 2922.76 	32875.5	6.51652	6.55445	12703.2	670	0.0941325	0	4.029	1.02
240.6	0.00314606	0.00137888	36839.5	1050	105	36501.1	23.3459	23.3459	93.3837	93.3837	0 28983.7 2896.23 	31879.9	6.58972	6.55445	12703.2	670	0.0962409	0	4.029	1.02
240.7	0.00313806	0.00140606	37620.5	1050	105	37281.8	23.3635	23.3635	93.4539	93.4539	0 28351.2 2879.64 	31230.8	6.64025	6.55445	12703.2	670	0.0977183	0	4.029	1.02
240.8	0.00315088	0.00136363	36405.5	1050	105	36066.9	23.3621	23.3621	93.4483	93.4483	0 29352.8 2901.82 	32254.6	6.55952	6.55445	12703.2	670	0.0952907	0	4.029	1.02
240.9	0.00315801	0.00133973	35722.6	1050	105	35383.9	23.3641	23.3641	93.4563	93.4563	0 29943.9 2913.54 	32857.5	6.51518	6.55445	12703.2	670	0.0938807	0	4.029	1.02
241	0.00314628	0.00137937	36857.2	1050	105	36518.3	23.385	23.385	93.5401	93.5401	0 28975.4 2887.14 	31862.5	6.58835	6.55445	12703.2	670	0.095985	0	4.029	1.02
241.1	0.00313829	0.00140656	37638.6	1050	105	37299.6	23.4026	23.4026	93.6104	93.6104	0 28343.1 2870.75 	31213.8	6.63881	6.55445	12703.2	670	0.0974635	0	4.029	1.02
241.2	0.00315109	0.00136413	36423.2	1050	105	36084.2	23.4012	23.4012	93.6048	93.6048	0 29344 2892.67 	32236.7	6.55818	6.55445	12703.2	670	0.0950363	0	4.029	1.02
241.3	0.00315823	0.00134022	35739.8	1050	105	35400.7	23.4032	23.4032	93.6128	93.6128	0 29935.1 2904.33 	32839.5	6.51384	6.55445	12703.2	670	0.0936291	0	4.029	1.02
241.4	0.00314649	0.00137986	36874.8	1050	105	36535.5	23.4242	23.4242	93.6967	93.6967	0 28967 2878.07 	31845.1	6.58698	6.55445	12703.2	670	0.0957292	0	4.029	1.02
241.5	0.00313851	0.00140706	37656.7	1050	105	37317.3	23.4418	23.4418	93.7672	93.7672	0 28335 2861.87 	31196.9	6.63738	6.55445	12703.2	670	0.0972087	0	4.029	1.02
241.6	0.00315131	0.00136462	36440.8	1050	105	36101.4	23.4404	23.4404	93.7616	93.7616	0 29335.3 2883.53 	32218.9	6.55685	6.55445	12703.2	670	0.0947821	0	4.029	1.02
241.7	0.00315844	0.0013407	35756.9	1050	105	35417.5	23.4424	23.4424	93.7696	93.7696	0 29926.4 2895.14 	32821.5	6.51251	6.55445	12703.2	670	0.0933777	0	4.029	1.02
241.8	0.00314671	0.00138035	36892.3	1050	105	36552.7	23.4634	23.4634	93.8537	93.8537	0 28958.7 2869.02 	31827.8	6.58562	6.55445	12703.2	670	0.0954736	0	4.029	1.02
241.9	0.00313874	0.00140756	37674.7	1050	105	37334.9	23.4811	23.4811	93.9243	93.9243	0 28327 2853 	31180	6.63595	6.55445	12703.2	670	0.0969539	0	4.029	1.02
242	0.00315152	0.00136512	36458.4	1050	105	36118.6	23.4797	23.4797	93.9187	93.9187	0 29326.7 2874.42 	32201.1	6.55552	6.55445	12703.2	670	0.094528	0	4.029	1.02
242.1	0.00315866	0.00134118	35774.1	1050	105	35434.2	23.4817	23.4817	93.9267	93.9267	0 29917.7 2885.97 	32803.7	6.51117	6.55445	12703.2	670	0.0931267	0	4.029	1.02
242.2	0.00314693	0.00138084	36909.8	1050	105	36569.8	23.5027	23.5027	94.0108	94.0108	0 28950.5 2859.99 	31810.5	6.58425	6.55445	12703.2	670	0.0952181	0	4.029	1.02
242.3	0.00313896	0.00140806	37692.7	1050	105	37352.5	23.5204	23.5204	94.0816	94.0816	0 28319 2844.14 	31163.1	6.63452	6.55445	12703.2	670	0.0966991	0	4.029	1.02
242.4	0.00315173	0.00136561	36475.9	1050	105	36135.7	23.519	23.519	94.076	94.076	0 29318.1 2865.32 	32183.4	6.55419	6.55445	12703.2	670	0.0942743	0	4.029	1.02
242.5	0.00315887	0.00134166	35791.1	1050	105	35450.9	23.521	23.521	94.084	94.084	0 29909 2876.83 	32785.8	6.50984	6.55445	12703.2	670	0.0928759	0	4.029	1.02
242.6	0.00314715	0.00138133	36927.3	1050	105	36586.9	23.5421	23.5421	94.1683	94.1683	0 28942.3 2850.97 	31793.2	6.58289	6.55445	12703.2	670	0.0949628	0	4.029	1.02
242.7	0.00313918	0.00140856	37710.7	1050	105	37370.1	23.5598	23.5598	94.2392	94.2392	0 28311 2835.3 	31146.3	6.6331	6.55445	12703.2	670	0.0964445	0	4.029	1.02
242.8	0.00315195	0.0013661	36493.4	1050	105	36152.8	23.5584	23.5584	94.2336	94.2336	0 29309.5 2856.25 	32165.8	6.55287	6.55445	12703.2	670	0.0940207	0	4.029	1.02
242.9	0.00315909	0.00134214	35808.2	1050	105	35467.6	23.5604	23.5604	94.2415	94.2415	0 29900.4 2867.71 	32768.1	6.50851	6.55445	12703.2	670	0.0926255	0	4.029	1.02
243	0.00314736	0.00138182	36944.8	1050	105	36603.9	23.5815	23.5815	94.3259	94.3259	0 28934 2841.97 	31776	6.58154	6.55445	12703.2	670	0.0947078	0	4.029	1.02
243.1	0.00313941	0.00140906	37728.6	1050	105	37387.6	23.5992	23.5992	94.397	94.397	0 28303 2826.48 	31129.5	6.63169	6.55445	12703.2	670	0.09619	0	4.029	1.02
243.2	0.00315216	0.00136659	36510.9	1050	105	36169.9	23.5978	23.5978	94.3914	94.3914	0 29301 2847.19 	32148.2	6.55154	6.55445	12703.2	670	0.0937675	0	4.029	1.02
243.3	0.0031593	0.00134262	35825.2	1050	105	35484.2	23.5998	23.5998	94.3993	94.3993	0 29891.8 2858.61 	32750.4	6.50718	6.55445	12703.2	670	0.0923754	0	4.029	1.02
243.4	0.00314758	0.0013823	36962.2	1050	105	36621	23.621	23.621	94.4839	94.4839	0 28925.9 2832.99 	31758.9	6.58018	6.55445	12703.2	670	0.0944531	0	4.029	1.02
243.5	0.00313963	0.00140955	37746.5	1050	105	37405.1	23.6388	23.6388	94.5551	94.5551	0 28295.1 2817.67 	31112.8	6.63028	6.55445	12703.2	670	0.0959357	0	4.029	1.02
243.6	0.00315237	0.00136708	36528.3	1050	105	36186.9	23.6374	23.6374	94.5494	94.5494	0 29292.5 2838.16 	32130.6	6.55022	6.55445	12703.2	670	0.0935145	0	4.029	1.02
243.7	0.00315952	0.0013431	35842.1	1050	105	35500.8	23.6393	23.6393	94.5574	94.5574	0 29883.2 2849.53 	32732.7	6.50585	6.55445	12703.2	670	0.0921257	0	4.029	1.02
243.8	0.00314779	0.00138279	36979.5	1050	105	36637.9	23.6605	23.6605	94.6421	94.6421	0 28917.7 2824.03 	31741.7	6.57884	6.55445	12703.2	670	0.0941986	0	4.029	1.02
243.9	0.00313985	0.00141004	37764.3	1050	105	37422.5	23.6783	23.6783	94.7134	94.7134	0 28287.2 2808.88 	31096	6.62887	6.55445	12703.2	670	0.0956815	0	4.029	1.02
244	0.00315258	0.00136757	36545.7	1050	105	36203.9	23.6769	23.6769	94.7077	94.7077	0 29284 2829.14 	32113.1	6.5489	6.55445	12703.2	670	0.0932619	0	4.029	1.02
244.1	0.00315973	0.00134357	35859.1	1050	105	35517.3	23.6789	23.6789	94.7156	94.7156	0 29874.6 2840.48 	32715.1	6.50453	6.55445	12703.2	670	0.0918763	0	4.029	1.02
