0.2	0.00199375	7.4238e-05	1050.21	1050	105	504.208	44.1	44.1	176.4	176.4	0 17993.7 9553.37 	27547.1	0.002074	1.85e-05	1050	1050	1050	0 1.78059e+06 811651 	2.59224e+06	6.55474	6.55445	670	670	0.00904993	0	1.02	1.02
0.4	0.00199373	7.4249e-05	1050.36	1050	105	504.357	44.0999	44.0999	176.4	176.4	0 17990.8 9551.21 	27542	0.002074	1.85e-05	1050	1050	1050	0 1.78048e+06 811607 	2.59209e+06	6.55494	6.55445	670	670	0.00904916	0	1.02	1.02
0.6	0.00199372	7.42568e-05	1050.46	1050	105	504.462	44.0999	44.0999	176.4	176.4	0 17988.8 9549.65 	27538.5	0.002074	1.85e-05	1050	1050	1050	0 1.7804e+06 811574 	2.59198e+06	6.55509	6.55445	670	670	0.00904858	0	1.02	1.02
0.8	0.00199371	7.42623e-05	1050.53	1050	105	504.536	44.0998	44.0998	176.399	176.399	0 17987.4 9548.53 	27535.9	0.002074	1.85e-05	1050	1050	1050	0 1.78034e+06 811549 	2.59189e+06	6.55521	6.55445	670	670	0.00904816	0	1.02	1.02
1	0.0019937	7.42661e-05	1050.59	1050	105	504.588	44.0997	44.0997	176.399	176.399	0 17986.4 9547.73 	27534.1	0.002074	1.85e-05	1050	1050	1050	0 1.7803e+06 811530 	2.59183e+06	6.55529	6.55445	670	670	0.00904784	0	1.02	1.02
1.2	0.00199369	7.42688e-05	1050.62	1050	105	504.624	44.0996	44.0996	176.399	176.399	0 17985.7 9547.16 	27532.8	0.002074	1.85e-05	1050	1050	1050	0 1.78026e+06 811516 	2.59178e+06	6.55534	6.55445	670	670	0.0090476	0	1.02	1.02
1.4	0.00199369	7.42706e-05	1050.64	1050	105	504.649	44.0995	44.0995	176.398	176.398	0 17985.2 9546.75 	27531.9	0.002074	1.85e-05	1050	1050	1050	0 1.78024e+06 811505 	2.59174e+06	6.55539	6.55445	670	670	0.00904742	0	1.02	1.02
1.6	0.00199369	7.42718e-05	1050.66	1050	105	504.666	44.0994	44.0994	176.398	176.398	0 17984.9 9546.46 	27531.3	0.002074	1.85e-05	1050	1050	1050	0 1.78022e+06 811496 	2.59171e+06	6.55542	6.55445	670	670	0.00904728	0	1.02	1.02
1.8	0.00199368	7.42726e-05	1050.67	1050	105	504.677	44.0993	44.0993	176.397	176.397	0 17984.7 9546.26 	27530.9	0.002074	1.85e-05	1050	1050	1050	0 1.7802e+06 811490 	2.59169e+06	6.55544	6.55445	670	670	0.00904718	0	1.02	1.02
2	0.00199368	7.42731e-05	1050.68	1050	105	504.685	44.0992	44.0992	176.397	176.397	0 17984.5 9546.12 	27530.6	0.002074	1.85e-05	1050	1050	1050	0 1.78019e+06 811485 	2.59167e+06	6.55546	6.55445	670	670	0.0090471	0	1.02	1.02
2.2	0.00216295	6.59947e-05	1009.48	1050	105	463.883	44.0595	44.0595	176.238	176.238	0 38623 19359 	57982	0.00222894	1.71923e-05	1048.05	1050	1048.05	0 1.44992e+06 681886 	2.1318e+06	20.2782	6.55445	12703.2	670	0.182442	0	4.029	1.02
2.4	0.00216115	6.15995e-05	940.533	1050	105	395.73	43.9803	43.9803	175.921	175.921	0 38251.1 20486.7 	58737.8	0.00222275	1.70911e-05	1038.97	1050	1038.97	0 1.46844e+06 732558 	2.20099e+06	20.3289	6.55445	12703.2	670	0.192909	0	4.029	1.02
2.6	0.002158	5.79516e-05	882.827	1050	105	338.815	43.9012	43.9012	175.605	175.605	0 37720.7 21448.2 	59168.9	0.00221595	1.6987e-05	1029.47	1050	1029.47	0 1.4851e+06 784377 	2.26948e+06	20.418	6.55445	12703.2	670	0.203307	0	4.029	1.02
2.8	0.00215365	5.49269e-05	834.506	1050	105	291.283	43.8223	43.8223	175.289	175.289	0 37041.3 22227.5 	59268.9	0.00220858	1.68796e-05	1019.55	1050	1019.55	0 1.50025e+06 837534 	2.33779e+06	20.542	6.55445	12703.2	670	0.213662	0	4.029	1.02
3	0.00214822	5.2423e-05	794.024	1050	105	251.589	43.7435	43.7435	174.974	174.974	0 36223.7 22815.6 	59039.3	0.00220064	1.67684e-05	1009.18	1050	1009.18	0 1.51418e+06 892196 	2.40637e+06	20.6981	6.55445	12703.2	670	0.223991	0	4.029	1.02
3.2	0.00214181	5.03549e-05	760.089	1050	105	218.439	43.665	43.665	174.66	174.66	0 35279.7 23209.4 	58489	0.00219217	1.66531e-05	998.367	1050	998.367	0 1.52713e+06 948508 	2.47563e+06	20.8845	6.55445	12703.2	670	0.234304	0	4.029	1.02
3.4	0.0021345	4.8652e-05	731.621	1050	105	190.755	43.5865	43.5865	174.346	174.346	0 34221.6 23411.7 	57633.3	0.00218316	1.65333e-05	987.1	1050	987.1	0 1.53933e+06 1.00659e+06 	2.54592e+06	21.0997	6.55445	12703.2	670	0.244599	0	4.029	1.02
3.6	0.00212637	4.72558e-05	707.719	1050	105	167.636	43.5082	43.5082	174.033	174.033	0 33062.3 23429.7 	56492.1	0.00217363	1.64087e-05	975.374	1050	975.374	0 1.55097e+06 1.06656e+06 	2.61753e+06	21.3427	6.55445	12703.2	670	0.254872	0	4.029	1.02
3.8	0.00211747	4.61176e-05	687.63	1050	105	148.329	43.4301	43.4301	173.721	173.721	0 31814.7 23273.9 	55088.6	0.00216359	1.6279e-05	963.185	1050	963.185	0 1.56223e+06 1.12848e+06 	2.69071e+06	21.6129	6.55445	12703.2	670	0.265109	0	4.029	1.02
4	0.00210786	4.51967e-05	670.726	1050	105	132.205	43.3522	43.3522	173.409	173.409	0 30491.1 22957 	53448.1	0.00215305	1.6144e-05	950.531	1050	950.531	0 1.57325e+06 1.19244e+06 	2.76569e+06	21.9101	6.55445	12703.2	670	0.27529	0	4.029	1.02
4.2	0.00209757	4.44593e-05	656.483	1050	105	118.739	43.2744	43.2744	173.097	173.097	0 29103.7 22492.9 	51596.6	0.00214203	1.60033e-05	937.413	1050	937.413	0 1.58416e+06 1.25848e+06 	2.84264e+06	22.2341	6.55445	12703.2	670	0.285389	0	4.029	1.02
4.4	0.00208664	4.38774e-05	644.461	1050	105	107.494	43.1967	43.1967	172.787	172.787	0 27663.9 21896 	49559.9	0.00213051	1.58569e-05	923.831	1050	923.831	0 1.59509e+06 1.32664e+06 	2.92173e+06	22.5853	6.55445	12703.2	670	0.295379	0	4.029	1.02
4.6	0.0020751	4.34274e-05	634.295	1050	105	98.1027	43.1192	43.1192	172.477	172.477	0 26182.3 21180.7 	47363	0.00211853	1.57044e-05	909.788	1050	909.788	0 1.60613e+06 1.39694e+06 	3.00307e+06	22.964	6.55445	12703.2	670	0.305222	0	4.029	1.02
4.8	0.002063	4.30897e-05	625.679	1050	105	90.2599	43.0419	43.0419	172.167	172.167	0 24669.1 20360.5 	45029.6	0.00210609	1.55458e-05	895.292	1050	895.292	0 1.6174e+06 1.46938e+06 	3.08678e+06	23.3707	6.55445	12703.2	670	0.314882	0	4.029	1.02
5	0.00205035	4.2848e-05	618.357	1050	105	83.7103	42.9647	42.9647	171.859	171.859	0 23133.5 19448.5 	42582	0.0020932	1.53807e-05	880.349	1050	880.349	0 1.62897e+06 1.54396e+06 	3.17293e+06	23.8059	6.55445	12703.2	670	0.324316	0	4.029	1.02
5.2	0.00203718	4.26886e-05	612.117	1050	105	78.2406	42.8877	42.8877	171.551	171.551	0 21584.3 18456.6 	40040.9	0.00207987	1.52091e-05	864.97	1050	864.97	0 1.64095e+06 1.62064e+06 	3.26159e+06	24.2705	6.55445	12703.2	670	0.333481	0	4.029	1.02
5.4	0.00202353	4.25998e-05	606.78	1050	105	73.6727	42.8108	42.8108	171.243	171.243	0 20029.6 17395.8 	37425.4	0.00206613	1.50308e-05	849.168	1050	849.168	0 1.65341e+06 1.6994e+06 	3.35281e+06	24.765	6.55445	12703.2	670	0.342329	0	4.029	1.02
5.6	0.00200942	4.25722e-05	602.198	1050	105	69.8579	42.734	42.734	170.936	170.936	0 18477.2 16276.4 	34753.6	0.00205199	1.48458e-05	832.957	1050	832.957	0 1.66643e+06 1.78018e+06 	3.44662e+06	25.2903	6.55445	12703.2	670	0.350814	0	4.029	1.02
5.8	0.00199489	4.25974e-05	598.247	1050	105	66.6722	42.6575	42.6575	170.63	170.63	0 16934.7 15108 	32042.7	0.00203749	1.46538e-05	816.356	1050	816.356	0 1.68012e+06 1.86292e+06 	3.54304e+06	25.847	6.55445	12703.2	670	0.358886	0	4.029	1.02
6	0.00197997	4.26685e-05	594.822	1050	105	64.0117	42.5811	42.5811	170.324	170.324	0 15408.5 13899 	29307.6	0.00202264	1.44548e-05	799.384	1050	799.384	0 1.69456e+06 1.94753e+06 	3.64209e+06	26.4358	6.55445	12703.2	670	0.366498	0	4.029	1.02
6.2	0.0019647	4.27797e-05	591.838	1050	105	61.7899	42.5048	42.5048	170.019	170.019	0 13905.2 12657.3 	26562.4	0.00200748	1.42488e-05	782.064	1050	782.064	0 1.70984e+06 2.03394e+06 	3.74377e+06	27.057	6.55445	12703.2	670	0.373603	0	4.029	1.02
6.4	0.00194912	4.29257e-05	589.221	1050	105	59.9344	42.4287	42.4287	169.715	169.715	0 12430.5 11390.2 	23820.7	0.00199204	1.40356e-05	764.421	1050	764.421	0 1.72608e+06 2.12203e+06 	3.8481e+06	27.711	6.55445	12703.2	670	0.380153	0	4.029	1.02
6.6	0.00193328	4.3102e-05	586.912	1050	105	58.3848	42.3527	42.3527	169.411	169.411	0 10990.4 10104.8 	21095.2	0.00197638	1.38152e-05	746.481	1050	746.481	0 1.74338e+06 2.2117e+06 	3.95508e+06	28.3977	6.55445	12703.2	670	0.386107	0	4.029	1.02
6.8	0.00191723	4.33045e-05	584.86	1050	105	57.0907	42.2769	42.2769	169.108	169.108	0 9592.78 8807.82 	18400.6	0.00196054	1.35876e-05	728.274	1050	728.274	0 1.76188e+06 2.30283e+06 	4.0647e+06	29.1167	6.55445	12703.2	670	0.391423	0	4.029	1.02
7	0.00190104	4.35295e-05	583.023	1050	105	56.01	42.2013	42.2013	168.805	168.805	0 8240.25 7506.17 	15746.4	0.00194457	1.33526e-05	709.832	1050	709.832	0 1.78172e+06 2.39528e+06 	4.177e+06	29.8671	6.55445	12703.2	670	0.396065	0	4.029	1.02
7.2	0.00188477	4.37734e-05	581.365	1050	105	55.1075	42.1257	42.1257	168.503	168.503	0 6937.73 6206.66 	13144.4	0.00192854	1.31104e-05	691.186	1050	691.186	0 1.80307e+06 2.48894e+06 	4.292e+06	30.6473	6.55445	12703.2	670	0.400001	0	4.029	1.02
7.4	0.0018685	4.40327e-05	579.858	1050	105	54.3538	42.0504	42.0504	168.202	168.202	0 5690 4916.35 	10606.4	0.00191253	1.28608e-05	672.371	1050	672.371	0 1.82612e+06 2.58365e+06 	4.40977e+06	31.455	6.55445	12703.2	670	0.403204	0	4.029	1.02
7.6	0.00185227	4.43049e-05	578.476	1050	105	53.7244	41.9752	41.9752	167.901	167.901	0 4560.27 3711.81 	8272.08	0.00189657	1.2604e-05	653.424	1050	653.424	0 1.85081e+06 2.67917e+06 	4.52998e+06	32.2891	6.55445	12703.2	670	0.405674	0	4.029	1.02
7.8	0.00183543	4.46043e-05	577.2	1050	105	53.1987	41.9001	41.9001	167.601	167.601	0 4480.54 3718.66 	8199.19	0.00188003	1.23448e-05	634.381	1050	634.381	0 1.87253e+06 2.77364e+06 	4.64617e+06	33.1859	6.55445	12703.2	670	0.407728	0	4.029	1.02
8	0.00181883	4.491e-05	576.012	1050	105	52.7597	41.8252	41.8252	167.301	167.301	0 4406.67 3725.02 	8131.68	0.00186374	1.20783e-05	615.279	1050	615.279	0 1.89655e+06 2.86874e+06 	4.7653e+06	34.1027	6.55445	12703.2	670	0.409004	0	4.029	1.02
8.2	0.0018026	4.5218e-05	574.898	1050	105	52.3931	41.7505	41.7505	167.002	167.002	0 4338.68 3731 	8069.68	0.00184782	1.18043e-05	596.156	1050	596.156	0 1.92325e+06 2.96434e+06 	4.88759e+06	35.0323	6.55445	12703.2	670	0.409495	0	4.029	1.02
8.4	0.00178688	4.55235e-05	573.846	1050	105	52.087	41.6759	41.6759	166.703	166.703	0 4276.85 3736.69 	8013.54	0.0018324	1.15227e-05	577.052	1050	577.052	0 1.95305e+06 3.0603e+06 	5.01335e+06	35.965	6.55445	12703.2	670	0.409204	0	4.029	1.02
8.6	0.00177184	4.58212e-05	572.845	1050	105	51.8313	41.6014	41.6014	166.406	166.406	0 4221.71 3742.18 	7963.89	0.00181766	1.12333e-05	558.002	1050	558.002	0 1.98648e+06 3.15652e+06 	5.14299e+06	36.8886	6.55445	12703.2	670	0.408141	0	4.029	1.02
8.8	0.00175769	4.61045e-05	571.889	1050	105	51.6178	41.5271	41.5271	166.108	166.108	0 4174.08 3747.56 	7921.63	0.0018038	1.09357e-05	539.047	1050	539.047	0 2.02417e+06 3.25288e+06 	5.27705e+06	37.7868	6.55445	12703.2	670	0.406321	0	4.029	1.02
9	0.00174467	4.6366e-05	570.969	1050	105	51.4395	41.4529	41.4529	165.812	165.812	0 4135.13 3752.91 	7888.04	0.00179104	1.06297e-05	520.221	1050	520.221	0 2.06696e+06 3.3493e+06 	5.41627e+06	38.6391	6.55445	12703.2	670	0.403766	0	4.029	1.02
9.2	0.00173308	4.65962e-05	570.08	1050	105	51.2905	41.3789	41.3789	165.516	165.516	0 4106.5 3758.36 	7864.86	0.00177968	1.03145e-05	501.561	1050	501.561	0 2.11588e+06 3.44573e+06 	5.56162e+06	39.4194	6.55445	12703.2	670	0.400507	0	4.029	1.02
9.4	0.0017233	4.67836e-05	569.217	1050	105	51.1662	41.3051	41.3051	165.22	165.22	0 4090.33 3763.97 	7854.3	0.00177009	9.98951e-06	483.102	1050	483.102	0 2.17229e+06 3.54214e+06 	5.71443e+06	40.0942	6.55445	12703.2	670	0.396579	0	4.029	1.02
9.6	0.00171582	4.69139e-05	568.376	1050	105	51.0623	41.2313	41.2313	164.925	164.925	0 4089.67 3769.95 	7859.62	0.00176273	9.65357e-06	464.877	1050	464.877	0 2.23798e+06 3.63855e+06 	5.87652e+06	40.6214	6.55445	12703.2	670	0.392027	0	4.029	1.02
9.8	0.00171125	4.69685e-05	567.553	1050	105	50.9756	41.1578	41.1578	164.631	164.631	0 4108.74 3776.46 	7885.2	0.00175822	9.30527e-06	446.916	1050	446.916	0 2.3154e+06 3.73502e+06 	6.05042e+06	40.9474	6.55445	12703.2	670	0.386899	0	4.029	1.02
10	0.00171046	4.69237e-05	566.747	1050	105	50.9032	41.0844	41.0844	164.337	164.337	0 4153.75 3783.87 	7937.62	0.00175739	8.94257e-06	429.249	1050	429.249	0 2.40797e+06 3.83171e+06 	6.23968e+06	41.0039	6.55445	12703.2	670	0.381254	0	4.029	1.02
10.2	0.00171466	4.67473e-05	565.953	1050	105	50.8427	41.0111	41.0111	164.044	164.044	0 4234 3792.68 	8026.67	0.0017614	8.56262e-06	411.904	1050	411.904	0 2.52069e+06 3.92887e+06 	6.44956e+06	40.7039	6.55445	12703.2	670	0.375159	0	4.029	1.02
10.4	0.00172559	4.63956e-05	565.172	1050	105	50.7921	40.9379	40.9379	163.752	163.752	0 4364.21 3803.66 	8167.88	0.00177199	8.16127e-06	394.905	1050	394.905	0 2.66111e+06 4.02694e+06 	6.68805e+06	39.935	6.55445	12703.2	670	0.36869	0	4.029	1.02
10.6	0.00174601	4.58052e-05	564.4	1050	105	50.75	40.865	40.865	163.46	163.46	0 4569.55 3818.39 	8387.94	0.00179181	7.73221e-06	378.276	1050	378.276	0 2.84143e+06 4.12656e+06 	6.96799e+06	38.5504	6.55445	12703.2	670	0.361942	0	4.029	1.02
10.8	0.00178047	4.48805e-05	563.636	1050	105	50.7147	40.7921	40.7921	163.169	163.169	0 4896.74 3839.82 	8736.56	0.00182535	7.26548e-06	362.035	1050	362.035	0 3.08279e+06 4.22882e+06 	7.31161e+06	36.3548	6.55445	12703.2	670	0.355033	0	4.029	1.02
11	0.00183741	4.34647e-05	562.88	1050	105	50.6853	40.7194	40.7194	162.878	162.878	0 5444.56 3874.67 	9319.23	0.00188087	6.74397e-06	346.202	1050	346.202	0 3.42593e+06 4.33556e+06 	7.76149e+06	33.0788	6.55445	12703.2	670	0.348128	0	4.029	1.02
11.2	0.0019091	4.18131e-05	562.13	1050	105	50.6607	40.6469	40.6469	162.588	162.588	0 10121.2 8308.11 	18429.3	0.00195091	6.21368e-06	330.791	1050	330.791	0 3.83483e+06 4.43594e+06 	8.27078e+06	29.4906	6.55445	12703.2	670	0.342622	0	4.029	1.02
11.4	0.00200478	3.9805e-05	561.385	1050	105	50.6402	40.5745	40.5745	162.298	162.298	0 19478.4 16334.9 	35813.3	0.00204458	5.66174e-06	315.815	1050	315.815	0 4.36116e+06 4.5317e+06 	8.89285e+06	25.4664	6.55445	12703.2	670	0.338335	0	4.029	1.02
11.6	0.00213309	3.74043e-05	560.645	1050	105	50.6231	40.5022	40.5022	162.009	162.009	0 35739.8 28073.2 	63813	0.00217049	5.08901e-06	301.284	1050	301.284	0 5.06193e+06 4.62165e+06 	9.68358e+06	21.1418	6.55445	12703.2	670	0.335324	0	4.029	1.02
11.8	0.00228765	3.4871e-05	559.91	1050	105	50.6088	40.4301	40.4301	161.72	161.72	0 62730.3 44312.4 	107043	0.00232252	4.53458e-06	287.208	1050	287.208	0 5.92624e+06 4.6996e+06 	1.06258e+07	17.1395	6.55445	12703.2	670	0.333667	0	4.029	1.02
12	0.00244687	3.25904e-05	559.178	1050	105	50.5968	40.3581	40.3581	161.433	161.433	0 102542 64690.8 	167232	0.00247946	4.04682e-06	273.591	1050	273.591	0 6.85507e+06 4.76075e+06 	1.16158e+07	14.0066	6.55445	12703.2	670	0.333016	0	4.029	1.02
12.2	0.00258933	3.08161e-05	559.124	1050	105	51.2611	40.2863	40.2863	161.145	161.145	0 153310 87648.9 	240959	0.00262015	3.64586e-06	260.438	1050	260.438	0 7.72614e+06 4.80581e+06 	1.25319e+07	11.8196	6.55445	12703.2	670	0.332856	0	4.029	1.02
12.4	0.00263422	4.92455e-05	912.064	1050	105	404.918	40.2146	40.2146	160.859	160.859	0 119786 60033.9 	179820	0.00268346	3.38662e-06	247.749	1050	247.749	0 8.13911e+06 4.83244e+06 	1.29715e+07	11.2257	6.55445	12703.2	670	0.3255	0	4.029	1.02
12.6	0.00263046	7.9144e-05	1471.98	1050	105	965.547	40.1431	40.1431	160.572	160.572	0 87005.5 37970 	124975	0.00270961	3.1886e-06	235.526	1050	235.526	0 8.32004e+06 4.85147e+06 	1.31715e+07	11.2738	6.55445	12703.2	670	0.313935	0	4.029	1.02
12.8	0.00264551	0.000103001	1935.05	1050	105	1429.33	40.0717	40.0717	160.287	160.287	0 77415.1 30464.9 	107880	0.00274851	2.98664e-06	223.765	1050	223.765	0 8.5824e+06 4.86969e+06 	1.34521e+07	11.0826	6.55445	12703.2	670	0.304477	0	4.029	1.02
13	0.0026639	0.000124926	2372.49	1050	105	1867.48	40.0005	40.0005	160.002	160.002	0 72764.1 26336.2 	99100.4	0.00278883	2.79492e-06	212.464	1050	212.464	0 8.85531e+06 4.88588e+06 	1.37412e+07	10.8546	6.55445	12703.2	670	0.295764	0	4.029	1.02
13.2	0.00268606	0.000144531	2776.98	1050	105	2272.68	39.9294	39.9294	159.717	159.717	0 70836 23980.7 	94816.7	0.00283059	2.6132e-06	201.616	1050	201.616	0 9.1396e+06 4.90024e+06 	1.40398e+07	10.5882	6.55445	12703.2	670	0.287917	0	4.029	1.02
13.4	0.00276067	0.000142135	2803.62	1050	105	2300.04	39.8584	39.8584	159.434	159.434	0 82974.9 27659.7 	110635	0.00290281	2.41685e-06	191.217	1050	191.217	0 9.63061e+06 4.91467e+06 	1.45453e+07	9.75265	6.55445	12703.2	670	0.286681	0	4.029	1.02
13.6	0.00276209	0.000168493	3340.68	1050	105	2837.8	39.7876	39.7876	159.15	159.15	0 75889.6 23863.5 	99753.1	0.00293058	2.26932e-06	181.257	1050	181.257	0 9.82696e+06 4.92477e+06 	1.47517e+07	9.73764	6.55445	12703.2	670	0.277774	0	4.029	1.02
13.8	0.00279174	0.000180516	3623.89	1050	105	3121.72	39.7169	39.7169	158.867	158.867	0 77617.2 23673.4 	101291	0.00297225	2.11995e-06	171.728	1050	171.728	0 1.01195e+07 4.93434e+06 	1.50539e+07	9.43069	6.55445	12703.2	670	0.272806	0	4.029	1.02
14	0.00278932	0.000207025	4171.69	1050	105	3670.23	39.6463	39.6463	158.585	158.585	0 72147.5 20975.8 	93123.3	0.00299634	1.99144e-06	162.622	1050	162.622	0 1.02925e+07 4.94206e+06 	1.52345e+07	9.45529	6.55445	12703.2	670	0.26428	0	4.029	1.02
14.2	0.00281107	0.000219886	4474.02	1050	105	3973.26	39.5759	39.5759	158.304	158.304	0 73079.2 20729.5 	93808.7	0.00303096	1.86348e-06	153.926	1050	153.926	0 1.05397e+07 4.94927e+06 	1.5489e+07	9.23746	6.55445	12703.2	670	0.259351	0	4.029	1.02
14.4	0.00280657	0.000245866	5017.16	1050	105	4517.1	39.5057	39.5057	158.023	158.023	0 68848 18762.2 	87610.2	0.00305243	1.75069e-06	145.631	1050	145.631	0 1.06958e+07 4.95522e+06 	1.5651e+07	9.28199	6.55445	12703.2	670	0.251336	0	4.029	1.02
14.6	0.00282596	0.000257305	5295.59	1050	105	4796.24	39.4355	39.4355	157.742	157.742	0 69960.7 18729.3 	88690	0.00308326	1.63912e-06	137.725	1050	137.725	0 1.09189e+07 4.96075e+06 	1.58797e+07	9.09224	6.55445	12703.2	670	0.247031	0	4.029	1.02
14.8	0.00282466	0.000279993	5782.13	1050	105	5283.48	39.3656	39.3656	157.462	157.462	0 67280.9 17476.3 	84757.2	0.00310465	1.53886e-06	130.196	1050	130.196	0 1.10758e+07 4.9654e+06 	1.60412e+07	9.10475	6.55445	12703.2	670	0.240241	0	4.029	1.02
15	0.00284512	0.000288269	6002.43	1050	105	5504.48	39.2957	39.2957	157.183	157.183	0 68964.1 17735.1 	86699.1	0.00313339	1.44086e-06	123.03	1050	123.03	0 1.12863e+07 4.96967e+06 	1.62559e+07	8.90975	6.55445	12703.2	670	0.237031	0	4.029	1.02
15.2	0.00284201	0.000310494	6482.51	1050	105	5985.25	39.226	39.226	156.904	156.904	0 66482.5 16659.1 	83141.6	0.0031525	1.35284e-06	116.217	1050	116.217	0 1.1428e+07 4.97326e+06 	1.64012e+07	8.93907	6.55445	12703.2	670	0.230706	0	4.029	1.02
15.4	0.0028603	0.000317696	6681.31	1050	105	6184.75	39.1565	39.1565	156.626	156.626	0 68032 16938.3 	84970.3	0.00317799	1.26725e-06	109.743	1050	109.743	0 1.16169e+07 4.97654e+06 	1.65934e+07	8.76866	6.55445	12703.2	670	0.228034	0	4.029	1.02
15.6	0.00285577	0.000339342	7151.43	1050	105	6655.56	39.087	39.087	156.348	156.348	0 65722.5 15995.5 	81718	0.00319512	1.18986e-06	103.595	1050	103.595	0 1.17451e+07 4.97932e+06 	1.67245e+07	8.8104	6.55445	12703.2	670	0.222146	0	4.029	1.02
15.8	0.00287236	0.000345431	7326.99	1050	105	6831.81	39.0177	39.0177	156.071	156.071	0 67172.5 16287.9 	83460.4	0.00321779	1.11496e-06	97.7616	1050	97.7616	0 1.19149e+07 4.98184e+06 	1.68968e+07	8.65868	6.55445	12703.2	670	0.219969	0	4.029	1.02
16	0.00286625	0.000366755	7790.92	1050	105	7296.44	38.9486	38.9486	155.794	155.794	0 64937.6 15423.6 	80361.2	0.003233	1.04692e-06	92.2289	1050	92.2289	0 1.20299e+07 4.98399e+06 	1.70139e+07	8.71415	6.55445	12703.2	670	0.2144	0	4.029	1.02
16.2	0.00288117	0.000371943	7946.51	1050	105	7452.71	38.8796	38.8796	155.518	155.518	0 66262.8 15708.5 	81971.2	0.00325311	9.81303e-07	86.9849	1050	86.9849	0 1.21819e+07 4.98593e+06 	1.71678e+07	8.57947	6.55445	12703.2	670	0.212618	0	4.029	1.02
16.4	0.0028755	0.000391662	8379.23	1050	105	7886.13	38.8107	38.8107	155.243	155.243	0 64357.5 14990.2 	79347.8	0.00326716	9.21291e-07	82.0171	1050	82.0171	0 1.22889e+07 4.9876e+06 	1.72765e+07	8.63034	6.55445	12703.2	670	0.20764	0	4.029	1.02
16.6	0.00289019	0.000395128	8498.59	1050	105	8006.17	38.742	38.742	154.968	154.968	0 65755.1 15323.1 	81078.3	0.00328532	8.63664e-07	77.3136	1050	77.3136	0 1.24273e+07 4.9891e+06 	1.74164e+07	8.49939	6.55445	12703.2	670	0.206422	0	4.029	1.02
16.8	0.00288264	0.000415038	8933.79	1050	105	8442.05	38.6734	38.6734	154.694	154.694	0 63764.3 14607.2 	78371.6	0.00329768	8.10896e-07	72.8623	1050	72.8623	0 1.25221e+07 4.99039e+06 	1.75125e+07	8.56635	6.55445	12703.2	670	0.201568	0	4.029	1.02
17	0.00289565	0.000418066	9041.23	1050	105	8550.19	38.6049	38.6049	154.42	154.42	0 64987.9 14903.2 	79891.2	0.00331371	7.60346e-07	68.6518	1050	68.6518	0 1.26452e+07 4.99155e+06 	1.76368e+07	8.45145	6.55445	12703.2	670	0.200571	0	4.029	1.02
17.2	0.00300808	0.000352151	7810.71	1050	105	7320.34	38.5366	38.5366	154.146	154.146	0 82427.6 20939.6 	103367	0.00336023	7.06345e-07	64.6708	1050	64.6708	0 1.30039e+07 4.99271e+06 	1.79966e+07	7.53874	6.55445	12703.2	670	0.221991	0	4.029	1.02
17.4	0.00312959	0.000297154	6785.46	1050	105	6295.78	38.4684	38.4684	153.874	153.874	0 104097 30545 	134642	0.00342675	6.52344e-07	60.9083	1050	60.9083	0 1.35249e+07 4.99378e+06 	1.85187e+07	6.69428	6.55445	12703.2	670	0.2571	0	4.029	1.02
17.6	0.00312607	0.000320319	7332.43	1050	105	6843.42	38.4004	38.4004	153.602	153.602	0 97886.7 28779.9 	126667	0.00344639	6.10777e-07	57.3537	1050	57.3537	0 1.36811e+07 4.99455e+06 	1.86756e+07	6.71693	6.55445	12703.2	670	0.256412	0	4.029	1.02
17.8	0.00312899	0.000329772	7566.37	1050	105	7078.05	38.3325	38.3325	153.33	153.33	0 96589.9 28383.5 	124973	0.00345876	5.72974e-07	53.9968	1050	53.9968	0 1.378e+07 4.9952e+06 	1.87752e+07	6.69813	6.55445	12703.2	670	0.255921	0	4.029	1.02
18	0.00313079	0.000340065	7819	1050	105	7331.35	38.2647	38.2647	153.059	153.059	0 95018.8 27902.6 	122921	0.00347086	5.37471e-07	50.8278	1050	50.8278	0 1.3877e+07 4.99578e+06 	1.88728e+07	6.68659	6.55445	12703.2	670	0.255354	0	4.029	1.02
18.2	0.00313703	0.000340026	7832.84	1050	105	7345.86	38.1971	38.1971	152.788	152.788	0 96516.1 28255.7 	124772	0.00347706	5.04945e-07	47.837	1050	47.837	0 1.3927e+07 4.99628e+06 	1.89233e+07	6.64675	6.55445	12703.2	670	0.254756	0	4.029	1.02
18.4	0.00313316	0.000359271	8290.56	1050	105	7804.27	38.1295	38.1295	152.518	152.518	0 92281.6 27028.6 	119310	0.00349243	4.73072e-07	45.0154	1050	45.0154	0 1.40508e+07 4.99673e+06 	1.90475e+07	6.67142	6.55445	12703.2	670	0.253999	0	4.029	1.02
18.6	0.0031354	0.000365095	8438.05	1050	105	7952.43	38.0622	38.0622	152.249	152.249	0 91923.9 26860.4 	118784	0.0035005	4.44081e-07	42.3542	1050	42.3542	0 1.4116e+07 4.99712e+06 	1.91132e+07	6.65714	6.55445	12703.2	670	0.253253	0	4.029	1.02
18.8	0.00313542	0.000374756	8674	1050	105	8189.05	37.9949	37.9949	151.98	151.98	0 90502.1 26405.2 	116907	0.00351018	4.16621e-07	39.8449	1050	39.8449	0 1.41945e+07 4.99746e+06 	1.9192e+07	6.657	6.55445	12703.2	670	0.252519	0	4.029	1.02
19	0.00314026	0.000373474	8655.23	1050	105	8170.95	37.9278	37.9278	151.711	151.711	0 91902 26707.6 	118610	0.00351373	3.91493e-07	37.4795	1050	37.4795	0 1.42234e+07 4.99776e+06 	1.92212e+07	6.6263	6.55445	12703.2	670	0.251709	0	4.029	1.02
19.2	0.00313651	0.000389681	9042.65	1050	105	8559.04	37.8609	37.8609	151.443	151.443	0 88759.4 25793.1 	114552	0.00352619	3.66908e-07	35.2502	1050	35.2502	0 1.43246e+07 4.99803e+06 	1.93227e+07	6.6501	6.55445	12703.2	670	0.251016	0	4.029	1.02
19.4	0.00313868	0.000392672	9122.09	1050	105	8639.15	37.794	37.794	151.176	151.176	0 88932.4 25765.8 	114698	0.00353135	3.44543e-07	33.1499	1050	33.1499	0 1.43668e+07 4.99827e+06 	1.9365e+07	6.63632	6.55445	12703.2	670	0.25022	0	4.029	1.02
19.6	0.00313765	0.000402055	9350.33	1050	105	8868.06	37.7273	37.7273	150.909	150.909	0 87531.9 25324.8 	112857	0.00353971	3.23215e-07	31.1713	1050	31.1713	0 1.4435e+07 4.99847e+06 	1.94335e+07	6.64281	6.55445	12703.2	670	0.249526	0	4.029	1.02
19.8	0.00314169	0.000399948	9309.64	1050	105	8828.03	37.6608	37.6608	150.643	150.643	0 88812.7 25591.6 	114404	0.00354164	3.03729e-07	29.3079	1050	29.3079	0 1.44508e+07 4.99865e+06 	1.94495e+07	6.61723	6.55445	12703.2	670	0.24869	0	4.029	1.02
20	0.00313816	0.000413889	9644.06	1050	105	9163.11	37.5943	37.5943	150.377	150.377	0 86318.3 24869.5 	111188	0.00355205	2.84709e-07	27.5533	1050	27.5533	0 1.4536e+07 4.99882e+06 	1.95348e+07	6.6396	6.55445	12703.2	670	0.248107	0	4.029	1.02
20.2	0.00314044	0.000414725	9671.34	1050	105	9191.06	37.528	37.528	150.112	150.112	0 86803.8 24929.7 	111733	0.00355516	2.67407e-07	25.9014	1050	25.9014	0 1.45615e+07 4.99896e+06 	1.95605e+07	6.62518	6.55445	12703.2	670	0.24734	0	4.029	1.02
20.4	0.00313873	0.000423999	9896.25	1050	105	9416.63	37.4619	37.4619	149.847	149.847	0 85387.1 24498.3 	109885	0.00356273	2.50821e-07	24.3466	1050	24.3466	0 1.46237e+07 4.99908e+06 	1.96228e+07	6.63597	6.55445	12703.2	670	0.246755	0	4.029	1.02
20.6	0.00314228	0.000421307	9839.89	1050	105	9360.93	37.3958	37.3958	149.583	149.583	0 86561 24739.8 	111301	0.00356359	2.35689e-07	22.8832	1050	22.8832	0 1.46308e+07 4.99919e+06 	1.963e+07	6.61351	6.55445	12703.2	670	0.245966	0	4.029	1.02
20.8	0.00313895	0.000433589	10135.2	1050	105	9656.94	37.3299	37.3299	149.32	149.32	0 84471.1 24141.3 	108612	0.00357254	2.20952e-07	21.5063	1050	21.5063	0 1.47044e+07 4.99929e+06 	1.97037e+07	6.63459	6.55445	12703.2	670	0.245499	0	4.029	1.02
21	0.00314137	0.000432801	10122.9	1050	105	9645.25	37.2641	37.2641	149.057	149.057	0 85144.9 24256.3 	109401	0.00357417	2.07548e-07	20.2107	1050	20.2107	0 1.47178e+07 4.99937e+06 	1.97172e+07	6.6193	6.55445	12703.2	670	0.244787	0	4.029	1.02
21.2	0.00313921	0.000442011	10345.8	1050	105	9868.86	37.1985	37.1985	148.794	148.794	0 83712.5 23834.7 	107547	0.00358122	1.94649e-07	18.992	1050	18.992	0 1.4776e+07 4.99945e+06 	1.97754e+07	6.63297	6.55445	12703.2	670	0.244325	0	4.029	1.02
21.4	0.00314245	0.000438856	10277.1	1050	105	9800.78	37.133	37.133	148.532	148.532	0 84803.6 24058.9 	108863	0.00358131	1.82896e-07	17.8456	1050	17.8456	0 1.47767e+07 4.99951e+06 	1.97762e+07	6.61243	6.55445	12703.2	670	0.243605	0	4.029	1.02
21.6	0.00313927	0.000449948	10544.3	1050	105	10068.6	37.0676	37.0676	148.27	148.27	0 82973.7 23542.2 	106516	0.00358922	1.71468e-07	16.7675	1050	16.7675	0 1.48421e+07 4.99957e+06 	1.98416e+07	6.63257	6.55445	12703.2	670	0.243245	0	4.029	1.02
21.8	0.00314181	0.000447938	10501.9	1050	105	10026.9	37.0024	37.0024	148.009	148.009	0 83760.9 23691.5 	107452	0.00358975	1.61076e-07	15.7537	1050	15.7537	0 1.48465e+07 4.99962e+06 	1.98461e+07	6.61648	6.55445	12703.2	670	0.242592	0	4.029	1.02
22	0.00313934	0.000457078	10722.9	1050	105	10248.6	36.9372	36.9372	147.749	147.749	0 82324.8 23280.9 	105606	0.00359642	1.51048e-07	14.8003	1050	14.8003	0 1.49017e+07 4.99967e+06 	1.99014e+07	6.63209	6.55445	12703.2	670	0.242244	0	4.029	1.02
22.2	0.00314241	0.000453522	10643.6	1050	105	10169.9	36.8722	36.8722	147.489	147.489	0 83357.2 23494.2 	106851	0.00359593	1.4192e-07	13.904	1050	13.904	0 1.48977e+07 4.99971e+06 	1.98974e+07	6.61271	6.55445	12703.2	670	0.241592	0	4.029	1.02
22.4	0.00313932	0.000463774	10890.8	1050	105	10417.7	36.8074	36.8074	147.23	147.23	0 81697.8 23032.6 	104730	0.00360309	1.33055e-07	13.0614	1050	13.0614	0 1.49571e+07 4.99974e+06 	1.99568e+07	6.63225	6.55445	12703.2	670	0.241324	0	4.029	1.02
22.6	0.00314197	0.000460846	10825.8	1050	105	10353.4	36.7427	36.7427	146.971	146.971	0 82551.9 23203 	105755	0.00360281	1.24996e-07	12.2694	1050	12.2694	0 1.49547e+07 4.99977e+06 	1.99545e+07	6.61551	6.55445	12703.2	670	0.240725	0	4.029	1.02
22.8	0.00313929	0.000469897	11044.5	1050	105	10572.7	36.6781	36.6781	146.712	146.712	0 81124.3 22804.5 	103929	0.00360919	1.17204e-07	11.5249	1050	11.5249	0 1.50077e+07 4.9998e+06 	2.00075e+07	6.63242	6.55445	12703.2	670	0.240474	0	4.029	1.02
23	0.00314226	0.000465977	10955.6	1050	105	10484.5	36.6136	36.6136	146.454	146.454	0 82117.7 23011.3 	105129	0.00360823	1.10117e-07	10.8251	1050	10.8251	0 1.49998e+07 4.99982e+06 	1.99996e+07	6.61367	6.55445	12703.2	670	0.239882	0	4.029	1.02
23.2	0.00313921	0.000475644	11188.8	1050	105	10718.3	36.5492	36.5492	146.197	146.197	0 80572.4 22587.7 	103160	0.00361486	1.03238e-07	10.1675	1050	10.1675	0 1.50549e+07 4.99984e+06 	2.00547e+07	6.63291	6.55445	12703.2	670	0.23969	0	4.029	1.02
23.4	0.00314194	0.000472024	11106.7	1050	105	10636.8	36.485	36.485	145.94	145.94	0 81464.7 22770.8 	104236	0.00361397	9.69877e-08	9.54955	1050	9.54955	0 1.50475e+07 4.99986e+06 	2.00473e+07	6.61565	6.55445	12703.2	670	0.239138	0	4.029	1.02
23.6	0.00313913	0.000480973	11322.8	1050	105	10853.6	36.4209	36.4209	145.684	145.684	0 80054.5 22384.6 	102439	0.0036201	9.09356e-08	8.96885	1050	8.96885	0 1.50986e+07 4.99988e+06 	2.00985e+07	6.63344	6.55445	12703.2	670	0.238964	0	4.029	1.02
23.8	0.00314205	0.000476718	11225.3	1050	105	10756.7	36.357	36.357	145.428	145.428	0 81022.8 22587.8 	103611	0.00361877	8.54351e-08	8.42322	1050	8.42322	0 1.50874e+07 4.99989e+06 	2.00873e+07	6.61499	6.55445	12703.2	670	0.238422	0	4.029	1.02
24	0.00313902	0.000485984	11448.9	1050	105	10981	36.2931	36.2931	145.173	145.173	0 79556.1 22191.1 	101747	0.00362501	8.00971e-08	7.91056	1050	7.91056	0 1.51395e+07 4.99991e+06 	2.01394e+07	6.63412	6.55445	12703.2	670	0.238291	0	4.029	1.02
24.2	0.00314182	0.000481834	11353.6	1050	105	10886.3	36.2294	36.2294	144.918	144.918	0 80469 22381.6 	102851	0.00362365	7.52485e-08	7.42891	1050	7.42891	0 1.51282e+07 4.99992e+06 	2.01281e+07	6.61645	6.55445	12703.2	670	0.237778	0	4.029	1.02
24.4	0.00313891	0.000490679	11567.2	1050	105	11100.5	36.1659	36.1659	144.663	144.663	0 79081.1 22007.4 	101088	0.00362959	7.05495e-08	6.97641	1050	6.97641	0 1.51778e+07 4.99993e+06 	2.01777e+07	6.63483	6.55445	12703.2	670	0.237664	0	4.029	1.02
24.6	0.00314182	0.00048612	11461.8	1050	105	10995.8	36.1024	36.1024	144.41	144.41	0 80033.9 22208.6 	102242	0.00362793	6.62811e-08	6.55133	1050	6.55133	0 1.51639e+07 4.99994e+06 	2.01639e+07	6.61646	6.55445	12703.2	670	0.237162	0	4.029	1.02
24.8	0.00313879	0.000495112	11678.9	1050	105	11213.5	36.0391	36.0391	144.156	144.156	0 78623.2 21831.6 	100455	0.0036339	6.2139e-08	6.15202	1050	6.15202	0 1.52139e+07 4.99994e+06 	2.02138e+07	6.63561	6.55445	12703.2	670	0.237079	0	4.029	1.02
25	0.00314163	0.00049055	11573.2	1050	105	11108.4	35.9759	35.9759	143.904	143.904	0 79546.4 22026.2 	101573	0.00363218	5.8378e-08	5.77693	1050	5.77693	0 1.51995e+07 4.99995e+06 	2.01994e+07	6.6176	6.55445	12703.2	670	0.236597	0	4.029	1.02
25.2	0.00313866	0.000499299	11784.5	1050	105	11320.4	35.9128	35.9128	143.651	143.651	0 78182.7 21663.2 	99845.8	0.00363796	5.47306e-08	5.4246	1050	5.4246	0 1.52479e+07 4.99996e+06 	2.02478e+07	6.6364	6.55445	12703.2	670	0.23653	0	4.029	1.02
25.4	0.00314158	0.000494465	11672.1	1050	105	11208.6	35.8499	35.8499	143.4	143.4	0 79125.7 21863.3 	100989	0.00363604	5.14189e-08	5.09367	1050	5.09367	0 1.52317e+07 4.99996e+06 	2.02317e+07	6.61797	6.55445	12703.2	670	0.236059	0	4.029	1.02
25.6	0.00313854	0.000503272	11884.8	1050	105	11421.9	35.7871	35.7871	143.148	143.148	0 77756.9 21501.2 	99258.1	0.00364181	4.82049e-08	4.78285	1050	4.78285	0 1.52801e+07 4.99997e+06 	2.02801e+07	6.63722	6.55445	12703.2	670	0.236013	0	4.029	1.02
25.8	0.00314143	0.000498383	11770.9	1050	105	11308.6	35.7244	35.7244	142.898	142.898	0 78684.4 21698 	100382	0.00363981	4.52875e-08	4.49093	1050	4.49093	0 1.52633e+07 4.99997e+06 	2.02633e+07	6.61891	6.55445	12703.2	670	0.235557	0	4.029	1.02
26	0.00313841	0.00050705	11980.2	1050	105	11518.6	35.6618	35.6618	142.647	142.647	0 77345 21345.1 	98690.1	0.00364546	4.24569e-08	4.21676	1050	4.21676	0 1.53107e+07 4.99997e+06 	2.03107e+07	6.63803	6.55445	12703.2	670	0.235525	0	4.029	1.02
26.2	0.00314134	0.00050197	11861.6	1050	105	11400.6	35.5994	35.5994	142.398	142.398	0 78281.7 21544.6 	99826.3	0.00364331	3.98878e-08	3.95927	1050	3.95927	0 1.52927e+07 4.99998e+06 	2.02927e+07	6.61945	6.55445	12703.2	670	0.235078	0	4.029	1.02
26.4	0.00313828	0.000510653	12071.3	1050	105	11610.9	35.5371	35.5371	142.148	142.148	0 76945.7 21194.3 	98140.1	0.00364893	3.7394e-08	3.71746	1050	3.71746	0 1.53399e+07 4.99998e+06 	2.03399e+07	6.63884	6.55445	12703.2	670	0.235061	0	4.029	1.02
26.6	0.00314121	0.000505497	11950.7	1050	105	11490.9	35.4749	35.4749	141.899	141.899	0 77874.3 21392.1 	99266.5	0.00364671	3.51311e-08	3.49037	1050	3.49037	0 1.53212e+07 4.99998e+06 	2.03212e+07	6.62026	6.55445	12703.2	670	0.234625	0	4.029	1.02
26.8	0.00313816	0.0005141	12158.5	1050	105	11699.4	35.4128	35.4128	141.651	141.651	0 76558.1 21048.3 	97606.4	0.00365226	3.29347e-08	3.27712	1050	3.27712	0 1.53679e+07 4.99998e+06 	2.03678e+07	6.63963	6.55445	12703.2	670	0.234619	0	4.029	1.02
27	0.00314112	0.000508802	12034.3	1050	105	11575.8	35.3509	35.3509	141.403	141.403	0 77490.5 21247.3 	98737.8	0.00364992	3.09419e-08	3.07687	1050	3.07687	0 1.53482e+07 4.99999e+06 	2.03482e+07	6.62085	6.55445	12703.2	670	0.23419	0	4.029	1.02
27.2	0.00313804	0.000517404	12242.2	1050	105	11784.3	35.289	35.289	141.156	141.156	0 76181.4 20906.7 	97088.1	0.00365544	2.9007e-08	2.88882	1050	2.88882	0 1.53946e+07 4.99999e+06 	2.03946e+07	6.64039	6.55445	12703.2	670	0.234196	0	4.029	1.02
27.4	0.00314101	0.000512024	12115.9	1050	105	11658.6	35.2273	35.2273	140.909	140.909	0 77109.4 21104.8 	98214.2	0.00365303	2.72519e-08	2.71224	1050	2.71224	0 1.53744e+07 4.99999e+06 	2.03744e+07	6.62156	6.55445	12703.2	670	0.233775	0	4.029	1.02
27.6	0.00313792	0.00052058	12322.7	1050	105	11866	35.1658	35.1658	140.663	140.663	0 75814.7 20769.1 	96583.8	0.0036585	2.55476e-08	2.54643	1050	2.54643	0 1.54204e+07 4.99999e+06 	2.04204e+07	6.64114	6.55445	12703.2	670	0.233789	0	4.029	1.02
27.8	0.00314092	0.00051509	12193.6	1050	105	11737.6	35.1043	35.1043	140.417	140.417	0 76744 20967.6 	97711.5	0.00365601	2.40019e-08	2.39073	1050	2.39073	0 1.53994e+07 4.99999e+06 	2.03994e+07	6.62214	6.55445	12703.2	670	0.233375	0	4.029	1.02
28	0.00313781	0.00052364	12400.2	1050	105	11944.8	35.043	35.043	140.172	140.172	0 75457.7 20635.1 	96092.9	0.00366145	2.25008e-08	2.24454	1050	2.24454	0 1.54453e+07 4.99999e+06 	2.04452e+07	6.64185	6.55445	12703.2	670	0.233396	0	4.029	1.02
28.2	0.00314082	0.00051807	12269.2	1050	105	11814.3	34.9818	34.9818	139.927	139.927	0 76384.3 20833.1 	97217.4	0.00365889	2.11395e-08	2.10727	1050	2.10727	0 1.54237e+07 4.99999e+06 	2.04237e+07	6.62276	6.55445	12703.2	670	0.232989	0	4.029	1.02
28.4	0.0031377	0.000526594	12475.2	1050	105	12021	34.9207	34.9207	139.683	139.683	0 75109.6 20504.6 	95614.2	0.00366429	1.98172e-08	1.97839	1050	1.97839	0 1.54693e+07 4.99999e+06 	2.04693e+07	6.64252	6.55445	12703.2	670	0.233016	0	4.029	1.02
28.6	0.00314069	0.000521038	12344.4	1050	105	11890.8	34.8597	34.8597	139.439	139.439	0 76019.7 20698.6 	96718.3	0.00366173	1.86181e-08	1.85737	1050	1.85737	0 1.54476e+07 4.99999e+06 	2.04476e+07	6.62358	6.55445	12703.2	670	0.232617	0	4.029	1.02
28.8	0.0031376	0.000529458	12548	1050	105	12095	34.7989	34.7989	139.196	139.196	0 74769.1 20377 	95146.2	0.00366706	1.74537e-08	1.74375	1050	1.74375	0 1.54926e+07 5e+06 	2.04926e+07	6.64317	6.55445	12703.2	670	0.232648	0	4.029	1.02
29	0.00314046	0.000524149	12422.9	1050	105	11970.6	34.7382	34.7382	138.953	138.953	0 75627.7 20558.8 	96186.5	0.00366461	1.63968e-08	1.63706	1050	1.63706	0 1.5472e+07 5e+06 	2.04719e+07	6.62501	6.55445	12703.2	670	0.232263	0	4.029	1.02
29.2	0.00313749	0.000532253	12619	1050	105	12167.2	34.6776	34.6776	138.71	138.71	0 74434 20251.8 	94685.8	0.00366975	1.53721e-08	1.5369	1050	1.5369	0 1.55153e+07 5e+06 	2.05153e+07	6.64384	6.55445	12703.2	670	0.232288	0	4.029	1.02
29.4	0.00314021	0.00052726	12501.4	1050	105	12050.3	34.6171	34.6171	138.468	138.468	0 75232.2 20419.1 	95651.3	0.00366747	1.44404e-08	1.44286	1050	1.44286	0 1.54961e+07 5e+06 	2.04961e+07	6.62662	6.55445	12703.2	670	0.231919	0	4.029	1.02
29.6	0.00313739	0.000534986	12688.5	1050	105	12238	34.5568	34.5568	138.227	138.227	0 74103.8 20128.6 	94232.4	0.00367237	1.35386e-08	1.35456	1050	1.35456	0 1.55375e+07 5e+06 	2.05375e+07	6.64451	6.55445	12703.2	670	0.231938	0	4.029	1.02
29.8	0.00313993	0.000530362	12579.7	1050	105	12129.7	34.4965	34.4965	137.986	137.986	0 74835.2 20280.1 	95115.3	0.00367029	1.27173e-08	1.27166	1050	1.27166	0 1.55199e+07 5e+06 	2.05199e+07	6.62838	6.55445	12703.2	670	0.231586	0	4.029	1.02
30	0.00313728	0.000537664	12756.6	1050	105	12307.3	34.4364	34.4364	137.746	137.746	0 73778.4 20007.4 	93785.8	0.00367494	1.19238e-08	1.19383	1050	1.19383	0 1.55593e+07 5e+06 	2.05593e+07	6.64519	6.55445	12703.2	670	0.231595	0	4.029	1.02
30.2	0.00313964	0.000533446	12657.5	1050	105	12208.7	34.3764	34.3764	137.506	137.506	0 74439.4 20142.2 	94581.6	0.00367308	1.11997e-08	1.12076	1050	1.12076	0 1.55435e+07 5e+06 	2.05435e+07	6.63024	6.55445	12703.2	670	0.23126	0	4.029	1.02
30.4	0.00313717	0.000540288	12823.4	1050	105	12375.3	34.3166	34.3166	137.266	137.266	0 73458.2 19888.2 	93346.4	0.00367746	1.05017e-08	1.05216	1050	1.05216	0 1.55806e+07 5e+06 	2.05806e+07	6.64586	6.55445	12703.2	670	0.231259	0	4.029	1.02
30.6	0.00313933	0.000536498	12734.5	1050	105	12286.9	34.2568	34.2568	137.027	137.027	0 74046.9 20006 	94052.9	0.00367583	9.86319e-09	0.987756	1050	0.987756	0 1.55668e+07 5e+06 	2.05668e+07	6.63215	6.55445	12703.2	670	0.230942	0	4.029	1.02
30.8	0.00313707	0.000542859	12888.9	1050	105	12442	34.1972	34.1972	136.789	136.789	0 73143.4 19771.1 	92914.5	0.00367993	9.24909e-09	0.92729	1050	0.92729	0 1.56015e+07 5e+06 	2.06015e+07	6.64651	6.55445	12703.2	670	0.230928	0	4.029	1.02
31	0.00313903	0.000539509	12810.5	1050	105	12364.1	34.1377	34.1377	136.551	136.551	0 73660.2 19871.9 	93532	0.00367854	8.68615e-09	0.870522	1050	0.870522	0 1.55898e+07 5e+06 	2.05898e+07	6.63407	6.55445	12703.2	670	0.230628	0	4.029	1.02
31.2	0.00313697	0.000545378	12953.2	1050	105	12507.4	34.0783	34.0783	136.313	136.313	0 72834.6 19656 	92490.6	0.00368235	8.14593e-09	0.817227	1050	0.817227	0 1.56221e+07 5e+06 	2.06221e+07	6.64713	6.55445	12703.2	670	0.230601	0	4.029	1.02
31.4	0.00313874	0.000542468	12885.2	1050	105	12440	34.019	34.019	136.076	136.076	0 73281 19740.2 	93021.2	0.0036812	7.64959e-09	0.767193	1050	0.767193	0 1.56123e+07 5e+06 	2.06123e+07	6.63594	6.55445	12703.2	670	0.230318	0	4.029	1.02
31.6	0.00313688	0.000547844	13016.1	1050	105	12571.5	33.9598	33.9598	135.839	135.839	0 72532 19543 	92075	0.00368473	7.17436e-09	0.72022	1050	0.72022	0 1.56422e+07 5e+06 	2.06422e+07	6.64771	6.55445	12703.2	670	0.230279	0	4.029	1.02
31.8	0.00313845	0.000545365	12958.5	1050	105	12514.4	33.9008	33.9008	135.603	135.603	0 72910.9 19611.4 	92522.3	0.00368382	6.73675e-09	0.676122	1050	0.676122	0 1.56345e+07 5e+06 	2.06345e+07	6.63775	6.55445	12703.2	670	0.230012	0	4.029	1.02
32	0.0031368	0.00055026	13077.8	1050	105	12634.4	33.8419	33.8419	135.367	135.367	0 72235.8 19432.1 	91667.9	0.00368706	6.31869e-09	0.634723	1050	0.634723	0 1.56621e+07 5e+06 	2.06621e+07	6.64823	6.55445	12703.2	670	0.22996	0	4.029	1.02
32.2	0.00313818	0.000548195	13030.1	1050	105	12587.2	33.7831	33.7831	135.132	135.132	0 72551 19485.6 	92036.6	0.00368638	5.93288e-09	0.595857	1050	0.595857	0 1.56563e+07 5e+06 	2.06563e+07	6.63945	6.55445	12703.2	670	0.229707	0	4.029	1.02
32.4	0.00313673	0.000552625	13138.3	1050	105	12696.1	33.7244	33.7244	134.897	134.897	0 71946.1 19323.2 	91269.3	0.00368936	5.56509e-09	0.55937	1050	0.55937	0 1.56815e+07 5e+06 	2.06815e+07	6.64869	6.55445	12703.2	670	0.229643	0	4.029	1.02
32.6	0.00313794	0.000550953	13100	1050	105	12658.3	33.6658	33.6658	134.663	134.663	0 72202 19363 	91565	0.00368889	5.22496e-09	0.525116	1050	0.525116	0 1.56776e+07 5e+06 	2.06776e+07	6.64103	6.55445	12703.2	670	0.229405	0	4.029	1.02
32.8	0.00313667	0.000554943	13197.6	1050	105	12756.6	33.6073	33.6073	134.429	134.429	0 71662.7 19216.4 	90879.1	0.00369161	4.90138e-09	0.492959	1050	0.492959	0 1.57007e+07 5e+06 	2.07007e+07	6.64909	6.55445	12703.2	670	0.229329	0	4.029	1.02
33	0.00313771	0.000553636	13168.1	1050	105	12727.6	33.549	33.549	134.196	134.196	0 71864.3 19243.5 	91107.8	0.00369134	4.60155e-09	0.46277	1050	0.46277	0 1.56985e+07 5e+06 	2.06985e+07	6.64247	6.55445	12703.2	670	0.229103	0	4.029	1.02
33.2	0.00313661	0.000557217	13255.9	1050	105	12816	33.4908	33.4908	133.963	133.963	0 71385.4 19111.5 	90496.9	0.00369383	4.31684e-09	0.434429	1050	0.434429	0 1.57196e+07 5e+06 	2.07196e+07	6.64943	6.55445	12703.2	670	0.229017	0	4.029	1.02
33.4	0.0031375	0.000556245	13234.4	1050	105	12795	33.4327	33.4327	133.731	133.731	0 71538 19127.2 	90665.1	0.00369375	4.05255e-09	0.407824	1050	0.407824	0 1.57189e+07 5e+06 	2.07189e+07	6.64377	6.55445	12703.2	670	0.228803	0	4.029	1.02
33.6	0.00313657	0.000559449	13313.2	1050	105	12874.4	33.3747	33.3747	133.499	133.499	0 71113.9 19008.3 	90122.2	0.00369602	3.80203e-09	0.382847	1050	0.382847	0 1.57382e+07 5e+06 	2.07382e+07	6.64971	6.55445	12703.2	670	0.228706	0	4.029	1.02
33.8	0.00313732	0.000558781	13298.9	1050	105	12860.8	33.3168	33.3168	133.267	133.267	0 71222.7 19013.9 	90236.6	0.0036961	3.56909e-09	0.3594	1050	0.3594	0 1.5739e+07 5e+06 	2.0739e+07	6.64492	6.55445	12703.2	670	0.228502	0	4.029	1.02
34	0.00313653	0.000561644	13369.6	1050	105	12932	33.2591	33.2591	133.036	133.036	0 70847.8 18906.9 	89754.7	0.00369818	3.34862e-09	0.337388	1050	0.337388	0 1.57566e+07 5e+06 	2.07566e+07	6.64994	6.55445	12703.2	670	0.228397	0	4.029	1.02
34.2	0.00313717	0.000561246	13361.8	1050	105	12924.8	33.2014	33.2014	132.806	132.806	0 70918.1 18903.6 	89821.7	0.00369841	3.14333e-09	0.316724	1050	0.316724	0 1.57586e+07 5e+06 	2.07586e+07	6.64592	6.55445	12703.2	670	0.228202	0	4.029	1.02
34.4	0.0031365	0.000563805	13425.1	1050	105	12988.7	33.1439	33.1439	132.576	132.576	0 70586.7 18807 	89393.7	0.00370031	2.94929e-09	0.297325	1050	0.297325	0 1.57748e+07 5e+06 	2.07748e+07	6.65012	6.55445	12703.2	670	0.228089	0	4.029	1.02
34.6	0.00313703	0.000563645	13423.1	1050	105	12987.2	33.0865	33.0865	132.346	132.346	0 70623.6 18796.1 	89419.7	0.00370068	2.76838e-09	0.279114	1050	0.279114	0 1.57779e+07 5e+06 	2.07779e+07	6.64678	6.55445	12703.2	670	0.227902	0	4.029	1.02
34.8	0.00313648	0.000565935	13480	1050	105	13044.7	33.0292	33.0292	132.117	132.117	0 70330.3 18708.6 	89038.9	0.00370242	2.59759e-09	0.262019	1050	0.262019	0 1.57928e+07 5e+06 	2.07928e+07	6.65026	6.55445	12703.2	670	0.227783	0	4.029	1.02
35	0.00313692	0.000565982	13482.9	1050	105	13048.2	32.972	32.972	131.888	131.888	0 70338.5 18691.2 	89029.7	0.0037029	2.43817e-09	0.24597	1050	0.24597	0 1.57969e+07 5e+06 	2.07969e+07	6.64751	6.55445	12703.2	670	0.227602	0	4.029	1.02
35.2	0.00313647	0.000568038	13534.2	1050	105	13100	32.9149	32.9149	131.66	131.66	0 70078.1 18611.6 	88689.6	0.00370451	2.28784e-09	0.230904	1050	0.230904	0 1.58106e+07 5e+06 	2.08106e+07	6.65036	6.55445	12703.2	670	0.227477	0	4.029	1.02
35.4	0.00313682	0.000568262	13541.4	1050	105	13107.8	32.858	32.858	131.432	131.432	0 70062.2 18588.7 	88650.9	0.00370508	2.14737e-09	0.216761	1050	0.216761	0 1.58155e+07 5e+06 	2.08155e+07	6.64812	6.55445	12703.2	670	0.227301	0	4.029	1.02
35.6	0.00313646	0.000570117	13587.8	1050	105	13154.8	32.8012	32.8012	131.205	131.205	0 69829.8 18515.8 	88345.6	0.00370657	2.01502e-09	0.203483	1050	0.203483	0 1.58282e+07 5e+06 	2.08282e+07	6.65042	6.55445	12703.2	670	0.227171	0	4.029	1.02
35.8	0.00313674	0.00057049	13598.6	1050	105	13166.1	32.7444	32.7444	130.978	130.978	0 69793.9 18488.4 	88282.3	0.00370723	1.89126e-09	0.191019	1050	0.191019	0 1.58339e+07 5e+06 	2.08339e+07	6.64861	6.55445	12703.2	670	0.227001	0	4.029	1.02
36	0.00313645	0.000572173	13640.9	1050	105	13209	32.6878	32.6878	130.751	130.751	0 69585.3 18421.2 	88006.6	0.00370863	1.77475e-09	0.179319	1050	0.179319	0 1.58458e+07 5e+06 	2.08458e+07	6.65046	6.55445	12703.2	670	0.226867	0	4.029	1.02
36.2	0.00313668	0.00057267	13654.6	1050	105	13223.3	32.6313	32.6313	130.525	130.525	0 69533 18390.2 	87923.2	0.00370935	1.66571e-09	0.168335	1050	0.168335	0 1.5852e+07 5e+06 	2.0852e+07	6.649	6.55445	12703.2	670	0.2267	0	4.029	1.02
36.4	0.00313645	0.000574209	13693.5	1050	105	13262.7	32.5749	32.5749	130.3	130.3	0 69344.3 18327.8 	87672.2	0.00371066	1.56312e-09	0.158023	1050	0.158023	0 1.58632e+07 5e+06 	2.08632e+07	6.65046	6.55445	12703.2	670	0.226563	0	4.029	1.02
36.6	0.00313663	0.000574808	13709.7	1050	105	13279.5	32.5187	32.5187	130.075	130.075	0 69278.8 18293.9 	87572.7	0.00371144	1.46707e-09	0.148343	1050	0.148343	0 1.58698e+07 5e+06 	2.08698e+07	6.6493	6.55445	12703.2	670	0.2264	0	4.029	1.02
36.8	0.00313645	0.000576227	13745.7	1050	105	13316	32.4625	32.4625	129.85	129.85	0 69106.7 18235.5 	87342.3	0.00371268	1.37674e-09	0.139257	1050	0.139257	0 1.58804e+07 5e+06 	2.08804e+07	6.65044	6.55445	12703.2	670	0.226259	0	4.029	1.02
37	0.0031366	0.000576907	13763.8	1050	105	13334.8	32.4064	32.4064	129.626	129.626	0 69030.8 18199.3 	87230.1	0.00371351	1.29212e-09	0.130726	1050	0.130726	0 1.58875e+07 5e+06 	2.08875e+07	6.64952	6.55445	12703.2	670	0.226099	0	4.029	1.02
37.2	0.00313646	0.000578226	13797.4	1050	105	13368.9	32.3505	32.3505	129.402	129.402	0 68872.4 18144.3 	87016.7	0.00371469	1.21258e-09	0.122718	1050	0.122718	0 1.58976e+07 5e+06 	2.08976e+07	6.65039	6.55445	12703.2	670	0.225956	0	4.029	1.02
37.4	0.00313658	0.00057897	13817.1	1050	105	13389.2	32.2947	32.2947	129.179	129.179	0 68788.4 18106.4 	86894.8	0.00371555	1.13804e-09	0.115201	1050	0.115201	0 1.5905e+07 5e+06 	2.0905e+07	6.64966	6.55445	12703.2	670	0.225797	0	4.029	1.02
37.6	0.00313647	0.000580208	13848.8	1050	105	13421.4	32.239	32.239	128.956	128.956	0 68641.3 18054.1 	86695.4	0.00371668	1.068e-09	0.108144	1050	0.108144	0 1.59147e+07 5e+06 	2.09147e+07	6.65031	6.55445	12703.2	670	0.225653	0	4.029	1.02
37.8	0.00313657	0.000581003	13869.7	1050	105	13442.9	32.1834	32.1834	128.733	128.733	0 68551.2 18014.9 	86566.2	0.00371757	1.00234e-09	0.101519	1050	0.101519	0 1.59223e+07 5e+06 	2.09223e+07	6.64974	6.55445	12703.2	670	0.225496	0	4.029	1.02
38	0.00313649	0.000582174	13899.7	1050	105	13473.5	32.1279	32.1279	128.512	128.512	0 68413.4 17964.9 	86378.3	0.00371866	9.40657e-10	0.0953004	1050	0.0953004	0 1.59317e+07 5e+06 	2.09317e+07	6.65021	6.55445	12703.2	670	0.22535	0	4.029	1.02
38.2	0.00313656	0.000583006	13921.6	1050	105	13495.9	32.0725	32.0725	128.29	128.29	0 68318.9 17924.9 	86243.7	0.00371957	8.82819e-10	0.0894624	1050	0.0894624	0 1.59394e+07 5e+06 	2.09394e+07	6.64975	6.55445	12703.2	670	0.225195	0	4.029	1.02
38.4	0.00313651	0.000584123	13950.3	1050	105	13525.2	32.0172	32.0172	128.069	128.069	0 68188.5 17876.8 	86065.3	0.00372063	8.28502e-10	0.0839821	1050	0.0839821	0 1.59486e+07 5e+06 	2.09486e+07	6.65008	6.55445	12703.2	670	0.225047	0	4.029	1.02
38.6	0.00313657	0.000584984	13972.9	1050	105	13548.2	31.9621	31.9621	127.848	127.848	0 68090.9 17836.1 	85927.1	0.00372155	7.77556e-10	0.0788374	1050	0.0788374	0 1.59564e+07 5e+06 	2.09564e+07	6.64971	6.55445	12703.2	670	0.224893	0	4.029	1.02
38.8	0.00313654	0.000586056	14000.5	1050	105	13576.5	31.907	31.907	127.628	127.628	0 67966.8 17789.6 	85756.4	0.00372259	7.2972e-10	0.0740079	1050	0.0740079	0 1.59653e+07 5e+06 	2.09653e+07	6.64993	6.55445	12703.2	670	0.224744	0	4.029	1.02
39	0.00313658	0.000586937	14023.6	1050	105	13600.1	31.8521	31.8521	127.408	127.408	0 67867.1 17748.6 	85615.8	0.00372352	6.84847e-10	0.0694742	1050	0.0694742	0 1.59733e+07 5e+06 	2.09733e+07	6.64961	6.55445	12703.2	670	0.224591	0	4.029	1.02
39.2	0.00313656	0.000587974	14050.4	1050	105	13627.4	31.7973	31.7973	127.189	127.189	0 67748.1 17703.4 	85451.5	0.00372454	6.42718e-10	0.0652182	1050	0.0652182	0 1.5982e+07 5e+06 	2.0982e+07	6.64974	6.55445	12703.2	670	0.224442	0	4.029	1.02
39.4	0.00313661	0.000588868	14073.8	1050	105	13651.3	31.7425	31.7425	126.97	126.97	0 67647.3 17662.3 	85309.6	0.00372547	6.03193e-10	0.0612229	1050	0.0612229	0 1.59901e+07 5e+06 	2.09901e+07	6.64947	6.55445	12703.2	670	0.224289	0	4.029	1.02
39.6	0.0031366	0.000589876	14099.9	1050	105	13678	31.6879	31.6879	126.752	126.752	0 67532.5 17618.1 	85150.6	0.00372647	5.6609e-10	0.0574724	1050	0.0574724	0 1.59987e+07 5e+06 	2.09987e+07	6.64953	6.55445	12703.2	670	0.224139	0	4.029	1.02
39.8	0.00313664	0.000590778	14123.5	1050	105	13702.1	31.6334	31.6334	126.534	126.534	0 67431.1 17577.1 	85008.2	0.00372741	5.31277e-10	0.0539516	1050	0.0539516	0 1.60067e+07 5e+06 	2.10067e+07	6.64929	6.55445	12703.2	670	0.223986	0	4.029	1.02
40	0.00313664	0.000591762	14149	1050	105	13728.2	31.579	31.579	126.316	126.316	0 67319.8 17533.8 	84853.7	0.0037284	4.98599e-10	0.0506465	1050	0.0506465	0 1.60152e+07 5e+06 	2.10152e+07	6.64928	6.55445	12703.2	670	0.223836	0	4.029	1.02
40.2	0.00313667	0.000592669	14172.7	1050	105	13752.5	31.5247	31.5247	126.099	126.099	0 67218.4 17492.9 	84711.3	0.00372934	4.67936e-10	0.0475439	1050	0.0475439	0 1.60233e+07 5e+06 	2.10233e+07	6.64906	6.55445	12703.2	670	0.223684	0	4.029	1.02
40.4	0.00313668	0.000593633	14197.8	1050	105	13778.1	31.4706	31.4706	125.882	125.882	0 67110.1 17450.5 	84560.6	0.00373031	4.39155e-10	0.0446313	1050	0.0446313	0 1.60316e+07 5e+06 	2.10316e+07	6.64901	6.55445	12703.2	670	0.223533	0	4.029	1.02
40.6	0.00313671	0.000594541	14221.5	1050	105	13802.4	31.4165	31.4165	125.666	125.666	0 67009.1 17409.7 	84418.8	0.00373125	4.12148e-10	0.0418972	1050	0.0418972	0 1.60397e+07 5e+06 	2.10397e+07	6.6488	6.55445	12703.2	670	0.223381	0	4.029	1.02
40.8	0.00313673	0.00059549	14246.3	1050	105	13827.6	31.3625	31.3625	125.45	125.45	0 66903.4 17368 	84271.4	0.00373222	3.868e-10	0.0393305	1050	0.0393305	0 1.6048e+07 5e+06 	2.1048e+07	6.64871	6.55445	12703.2	670	0.22323	0	4.029	1.02
41	0.00313676	0.000596397	14270	1050	105	13851.9	31.3087	31.3087	125.235	125.235	0 66803 17327.6 	84130.5	0.00373316	3.63013e-10	0.0369211	1050	0.0369211	0 1.60561e+07 5e+06 	2.10561e+07	6.6485	6.55445	12703.2	670	0.223078	0	4.029	1.02
41.2	0.00313678	0.000597331	14294.4	1050	105	13876.8	31.2549	31.2549	125.02	125.02	0 66699.5 17286.5 	83985.9	0.00373411	3.40687e-10	0.0346592	1050	0.0346592	0 1.60643e+07 5e+06 	2.10643e+07	6.64837	6.55445	12703.2	670	0.222927	0	4.029	1.02
41.4	0.00313681	0.000598235	14318	1050	105	13901	31.2013	31.2013	124.805	124.805	0 66599.9 17246.3 	83846.2	0.00373505	3.19736e-10	0.032536	1050	0.032536	0 1.60724e+07 5e+06 	2.10724e+07	6.64817	6.55445	12703.2	670	0.222775	0	4.029	1.02
41.6	0.00313684	0.000599158	14342.1	1050	105	13925.6	31.1478	31.1478	124.591	124.591	0 66498.4 17205.8 	83704.2	0.00373599	3.00072e-10	0.0305428	1050	0.0305428	0 1.60805e+07 5e+06 	2.10805e+07	6.64801	6.55445	12703.2	670	0.222623	0	4.029	1.02
41.8	0.00313687	0.000600059	14365.7	1050	105	13949.8	31.0944	31.0944	124.377	124.377	0 66399.8 17166 	83565.8	0.00373693	2.81619e-10	0.0286717	1050	0.0286717	0 1.60885e+07 5e+06 	2.10885e+07	6.6478	6.55445	12703.2	670	0.222471	0	4.029	1.02
42	0.0031369	0.000600971	14389.6	1050	105	13974.2	31.041	31.041	124.164	124.164	0 66300.1 17126 	83426.1	0.00373787	2.643e-10	0.0269152	1050	0.0269152	0 1.60966e+07 5e+06 	2.10966e+07	6.64762	6.55445	12703.2	670	0.22232	0	4.029	1.02
42.2	0.00313693	0.000601867	14413	1050	105	13998.2	30.9878	30.9878	123.951	123.951	0 66202.5 17086.6 	83289.1	0.0037388	2.48047e-10	0.0252663	1050	0.0252663	0 1.61047e+07 5e+06 	2.11047e+07	6.6474	6.55445	12703.2	670	0.222168	0	4.029	1.02
42.4	0.00313696	0.000602769	14436.7	1050	105	14022.3	30.9347	30.9347	123.739	123.739	0 66104.4 17047.1 	83151.5	0.00373973	2.32793e-10	0.0237184	1050	0.0237184	0 1.61127e+07 5e+06 	2.11127e+07	6.6472	6.55445	12703.2	670	0.222016	0	4.029	1.02
42.6	0.003137	0.00060366	14460.1	1050	105	14046.2	30.8817	30.8817	123.527	123.527	0 66008 17008 	83016	0.00374066	2.18477e-10	0.0222654	1050	0.0222654	0 1.61207e+07 5e+06 	2.11207e+07	6.64697	6.55445	12703.2	670	0.221864	0	4.029	1.02
42.8	0.00313703	0.000604555	14483.5	1050	105	14070.2	30.8288	30.8288	123.315	123.315	0 65911.5 16968.9 	82880.4	0.00374159	2.05042e-10	0.0209014	1050	0.0209014	0 1.61287e+07 5e+06 	2.11287e+07	6.64675	6.55445	12703.2	670	0.221712	0	4.029	1.02
43	0.00313707	0.00060544	14506.7	1050	105	14094	30.7761	30.7761	123.104	123.104	0 65816.2 16930.2 	82746.4	0.00374251	1.92433e-10	0.0196209	1050	0.0196209	0 1.61367e+07 5e+06 	2.11367e+07	6.64651	6.55445	12703.2	670	0.22156	0	4.029	1.02
43.2	0.00313711	0.000606326	14530	1050	105	14117.8	30.7234	30.7234	122.894	122.894	0 65721.1 16891.6 	82612.7	0.00374344	1.806e-10	0.0184189	1050	0.0184189	0 1.61446e+07 5e+06 	2.11446e+07	6.64627	6.55445	12703.2	670	0.221407	0	4.029	1.02
43.4	0.00313715	0.000607206	14553.1	1050	105	14141.4	30.6708	30.6708	122.683	122.683	0 65627 16853.3 	82480.3	0.00374436	1.69494e-10	0.0172905	1050	0.0172905	0 1.61526e+07 5e+06 	2.11526e+07	6.64602	6.55445	12703.2	670	0.221255	0	4.029	1.02
43.6	0.00313719	0.000608085	14576.2	1050	105	14165	30.6183	30.6183	122.473	122.473	0 65533.2 16815.1 	82348.3	0.00374527	1.59072e-10	0.0162313	1050	0.0162313	0 1.61605e+07 5e+06 	2.11605e+07	6.64577	6.55445	12703.2	670	0.221103	0	4.029	1.02
43.8	0.00313723	0.000608959	14599.2	1050	105	14188.5	30.566	30.566	122.264	122.264	0 65440.3 16777.2 	82217.4	0.00374619	1.4929e-10	0.0152369	1050	0.0152369	0 1.61684e+07 5e+06 	2.11684e+07	6.64551	6.55445	12703.2	670	0.220951	0	4.029	1.02
44	0.00313727	0.000609832	14622.1	1050	105	14212	30.5137	30.5137	122.055	122.055	0 65347.8 16739.4 	82087.1	0.0037471	1.4011e-10	0.0143035	1050	0.0143035	0 1.61763e+07 5e+06 	2.11763e+07	6.64524	6.55445	12703.2	670	0.220798	0	4.029	1.02
44.2	0.00313732	0.0006107	14645	1050	105	14235.4	30.4616	30.4616	121.846	121.846	0 65256 16701.8 	81957.8	0.00374802	1.31494e-10	0.0134272	1050	0.0134272	0 1.61842e+07 5e+06 	2.11842e+07	6.64497	6.55445	12703.2	670	0.220646	0	4.029	1.02
44.4	0.00313736	0.000611566	14667.8	1050	105	14258.7	30.4095	30.4095	121.638	121.638	0 65164.7 16664.4 	81829.1	0.00374893	1.23409e-10	0.0126046	1050	0.0126046	0 1.6192e+07 5e+06 	2.1192e+07	6.64469	6.55445	12703.2	670	0.220493	0	4.029	1.02
44.6	0.0031374	0.000612428	14690.5	1050	105	14281.9	30.3576	30.3576	121.43	121.43	0 65074.1 16627.1 	81701.3	0.00374983	1.1582e-10	0.0118324	1050	0.0118324	0 1.61998e+07 5e+06 	2.11998e+07	6.6444	6.55445	12703.2	670	0.220341	0	4.029	1.02
44.8	0.00313745	0.000613287	14713.2	1050	105	14305.1	30.3057	30.3057	121.223	121.223	0 64984.1 16590.1 	81574.2	0.00375074	1.08699e-10	0.0111075	1050	0.0111075	0 1.62077e+07 5e+06 	2.12077e+07	6.64411	6.55445	12703.2	670	0.220188	0	4.029	1.02
45	0.0031375	0.000614144	14735.7	1050	105	14328.2	30.254	30.254	121.016	121.016	0 64894.6 16553.3 	81447.9	0.00375164	1.02015e-10	0.0104271	1050	0.0104271	0 1.62155e+07 5e+06 	2.12155e+07	6.64381	6.55445	12703.2	670	0.220035	0	4.029	1.02
45.2	0.00313755	0.000614998	14758.3	1050	105	14351.2	30.2023	30.2023	120.809	120.809	0 64805.7 16516.6 	81322.2	0.00375254	9.57423e-11	0.00978827	1050	0.00978827	0 1.62233e+07 5e+06 	2.12233e+07	6.6435	6.55445	12703.2	670	0.219882	0	4.029	1.02
45.4	0.0031376	0.000615848	14780.7	1050	105	14374.2	30.1508	30.1508	120.603	120.603	0 64717.3 16480.1 	81197.4	0.00375344	8.98553e-11	0.00918861	1050	0.00918861	0 1.62311e+07 5e+06 	2.12311e+07	6.64319	6.55445	12703.2	670	0.21973	0	4.029	1.02
45.6	0.00313765	0.000616696	14803.1	1050	105	14397.1	30.0994	30.0994	120.398	120.398	0 64629.5 16443.7 	81073.2	0.00375434	8.43304e-11	0.0086257	1050	0.0086257	0 1.62388e+07 5e+06 	2.12388e+07	6.64287	6.55445	12703.2	670	0.219577	0	4.029	1.02
45.8	0.0031377	0.000617541	14825.4	1050	105	14419.9	30.0481	30.0481	120.192	120.192	0 64542.2 16407.6 	80949.8	0.00375524	7.91452e-11	0.00809726	1050	0.00809726	0 1.62466e+07 5e+06 	2.12466e+07	6.64255	6.55445	12703.2	670	0.219424	0	4.029	1.02
46	0.00313775	0.000618384	14847.7	1050	105	14442.7	29.9968	29.9968	119.987	119.987	0 64455.5 16371.6 	80827.1	0.00375613	7.42789e-11	0.0076012	1050	0.0076012	0 1.62543e+07 5e+06 	2.12543e+07	6.64222	6.55445	12703.2	670	0.219271	0	4.029	1.02
46.2	0.0031378	0.000619224	14869.9	1050	105	14465.4	29.9457	29.9457	119.783	119.783	0 64369.3 16335.8 	80705.1	0.00375702	6.97118e-11	0.00713553	1050	0.00713553	0 1.6262e+07 5e+06 	2.1262e+07	6.64188	6.55445	12703.2	670	0.219118	0	4.029	1.02
46.4	0.00313785	0.000620061	14892	1050	105	14488.1	29.8947	29.8947	119.579	119.579	0 64283.6 16300.1 	80583.7	0.00375792	6.54255e-11	0.00669839	1050	0.00669839	0 1.62698e+07 5e+06 	2.12698e+07	6.64154	6.55445	12703.2	670	0.218964	0	4.029	1.02
46.6	0.00313791	0.000620895	14914.1	1050	105	14510.7	29.8438	29.8438	119.375	119.375	0 64198.4 16264.7 	80463.1	0.0037588	6.14029e-11	0.00628803	1050	0.00628803	0 1.62775e+07 5e+06 	2.12775e+07	6.6412	6.55445	12703.2	670	0.218811	0	4.029	1.02
46.8	0.00313796	0.000621727	14936.1	1050	105	14533.2	29.7929	29.7929	119.172	119.172	0 64113.8 16229.3 	80343.1	0.00375969	5.76276e-11	0.00590281	1050	0.00590281	0 1.62851e+07 5e+06 	2.12851e+07	6.64085	6.55445	12703.2	670	0.218658	0	4.029	1.02
47	0.00313802	0.000622556	14958.1	1050	105	14555.7	29.7422	29.7422	118.969	118.969	0 64029.6 16194.2 	80223.8	0.00376058	5.40844e-11	0.00554118	1050	0.00554118	0 1.62928e+07 5e+06 	2.12928e+07	6.64049	6.55445	12703.2	670	0.218505	0	4.029	1.02
47.2	0.00313808	0.000623383	14980	1050	105	14578.1	29.6916	29.6916	118.766	118.766	0 63945.9 16159.2 	80105.1	0.00376146	5.07591e-11	0.00520172	1050	0.00520172	0 1.63005e+07 5e+06 	2.13005e+07	6.64013	6.55445	12703.2	670	0.218351	0	4.029	1.02
47.4	0.00313813	0.000624207	15001.8	1050	105	14600.4	29.6411	29.6411	118.564	118.564	0 63862.8 16124.3 	79987.1	0.00376234	4.76383e-11	0.00488304	1050	0.00488304	0 1.63081e+07 5e+06 	2.13081e+07	6.63976	6.55445	12703.2	670	0.218198	0	4.029	1.02
47.6	0.00313819	0.000625028	15023.6	1050	105	14622.7	29.5907	29.5907	118.363	118.363	0 63780.1 16089.6 	79869.7	0.00376322	4.47094e-11	0.00458389	1050	0.00458389	0 1.63157e+07 5e+06 	2.13157e+07	6.63939	6.55445	12703.2	670	0.218044	0	4.029	1.02
47.8	0.00313825	0.000625848	15045.3	1050	105	14644.9	29.5404	29.5404	118.162	118.162	0 63697.9 16055.1 	79753	0.0037641	4.19606e-11	0.00430307	1050	0.00430307	0 1.63234e+07 5e+06 	2.13234e+07	6.63901	6.55445	12703.2	670	0.217891	0	4.029	1.02
48	0.00313831	0.000626664	15067	1050	105	14667.1	29.4902	29.4902	117.961	117.961	0 63616.2 16020.7 	79636.9	0.00376498	3.93808e-11	0.00403945	1050	0.00403945	0 1.6331e+07 5e+06 	2.1331e+07	6.63863	6.55445	12703.2	670	0.217737	0	4.029	1.02
48.2	0.00313837	0.000627479	15088.7	1050	105	14689.3	29.4401	29.4401	117.76	117.76	0 63534.9 15986.5 	79521.4	0.00376585	3.69596e-11	0.00379198	1050	0.00379198	0 1.63386e+07 5e+06 	2.13386e+07	6.63825	6.55445	12703.2	670	0.217584	0	4.029	1.02
48.4	0.00313844	0.00062829	15110.2	1050	105	14711.3	29.3901	29.3901	117.56	117.56	0 63454.1 15952.4 	79406.5	0.00376673	3.46873e-11	0.00355968	1050	0.00355968	0 1.63461e+07 5e+06 	2.13461e+07	6.63786	6.55445	12703.2	670	0.21743	0	4.029	1.02
48.6	0.0031385	0.0006291	15131.7	1050	105	14733.3	29.3401	29.3401	117.361	117.361	0 63373.8 15918.5 	79292.2	0.0037676	3.25547e-11	0.0033416	1050	0.0033416	0 1.63537e+07 5e+06 	2.13537e+07	6.63746	6.55445	12703.2	670	0.217276	0	4.029	1.02
48.8	0.00313856	0.000629907	15153.2	1050	105	14755.3	29.2903	29.2903	117.161	117.161	0 63293.9 15884.7 	79178.6	0.00376847	3.05533e-11	0.00313688	1050	0.00313688	0 1.63613e+07 5e+06 	2.13613e+07	6.63706	6.55445	12703.2	670	0.217122	0	4.029	1.02
49	0.00313862	0.000630712	15174.6	1050	105	14777.2	29.2406	29.2406	116.962	116.962	0 63214.4 15851.1 	79065.5	0.00376934	2.86749e-11	0.00294471	1050	0.00294471	0 1.63688e+07 5e+06 	2.13688e+07	6.63665	6.55445	12703.2	670	0.216968	0	4.029	1.02
49.2	0.00313869	0.000631515	15196	1050	105	14799.1	29.191	29.191	116.764	116.764	0 63135.4 15817.6 	78953	0.0037702	2.6912e-11	0.00276431	1050	0.00276431	0 1.63763e+07 5e+06 	2.13763e+07	6.63625	6.55445	12703.2	670	0.216814	0	4.029	1.02
49.4	0.00313875	0.000632316	15217.3	1050	105	14820.9	29.1415	29.1415	116.566	116.566	0 63056.8 15784.2 	78841	0.00377107	2.52575e-11	0.00259496	1050	0.00259496	0 1.63839e+07 5e+06 	2.13839e+07	6.63583	6.55445	12703.2	670	0.21666	0	4.029	1.02
49.6	0.00313882	0.000633114	15238.6	1050	105	14842.6	29.0921	29.0921	116.368	116.368	0 62978.7 15751 	78729.7	0.00377193	2.37047e-11	0.00243598	1050	0.00243598	0 1.63914e+07 5e+06 	2.13914e+07	6.63541	6.55445	12703.2	670	0.216506	0	4.029	1.02
49.8	0.00313889	0.00063391	15259.8	1050	105	14864.3	29.0428	29.0428	116.171	116.171	0 62901 15717.9 	78618.9	0.0037728	2.22474e-11	0.00228675	1050	0.00228675	0 1.63989e+07 5e+06 	2.13989e+07	6.63499	6.55445	12703.2	670	0.216352	0	4.029	1.02
50	0.00313895	0.000634704	15280.9	1050	105	14886	28.9936	28.9936	115.974	115.974	0 62823.7 15685 	78508.6	0.00377366	2.08797e-11	0.00214666	1050	0.00214666	0 1.64064e+07 5e+06 	2.14064e+07	6.63456	6.55445	12703.2	670	0.216198	0	4.029	1.02
50.2	0.00313902	0.000635496	15302.1	1050	105	14907.6	28.9444	28.9444	115.778	115.778	0 62746.8 15652.2 	78398.9	0.00377452	1.95961e-11	0.00201514	1050	0.00201514	0 1.64138e+07 5e+06 	2.14138e+07	6.63413	6.55445	12703.2	670	0.216044	0	4.029	1.02
50.4	0.00313909	0.000636285	15323.1	1050	105	14929.2	28.8954	28.8954	115.582	115.582	0 62670.3 15619.5 	78289.8	0.00377538	1.83914e-11	0.00189169	1050	0.00189169	0 1.64213e+07 5e+06 	2.14213e+07	6.6337	6.55445	12703.2	670	0.21589	0	4.029	1.02
50.6	0.00313916	0.000637073	15344.1	1050	105	14950.7	28.8465	28.8465	115.386	115.386	0 62594.2 15587 	78181.2	0.00377623	1.72607e-11	0.0017758	1050	0.0017758	0 1.64288e+07 5e+06 	2.14288e+07	6.63326	6.55445	12703.2	670	0.215735	0	4.029	1.02
50.8	0.00313923	0.000637859	15365.1	1050	105	14972.1	28.7977	28.7977	115.191	115.191	0 62518.6 15554.5 	78073.1	0.00377709	1.61996e-11	0.00166701	1050	0.00166701	0 1.64362e+07 5e+06 	2.14362e+07	6.63282	6.55445	12703.2	670	0.215581	0	4.029	1.02
51	0.0031393	0.000638642	15386	1050	105	14993.6	28.7489	28.7489	114.996	114.996	0 62443.3 15522.3 	77965.6	0.00377794	1.52037e-11	0.00156488	1050	0.00156488	0 1.64436e+07 5e+06 	2.14436e+07	6.63237	6.55445	12703.2	670	0.215427	0	4.029	1.02
51.2	0.00313937	0.000639424	15406.9	1050	105	15014.9	28.7003	28.7003	114.801	114.801	0 62368.4 15490.1 	77858.5	0.00377879	1.42691e-11	0.00146901	1050	0.00146901	0 1.64511e+07 5e+06 	2.14511e+07	6.63192	6.55445	12703.2	670	0.215272	0	4.029	1.02
51.4	0.00313944	0.000640203	15427.8	1050	105	15036.3	28.6518	28.6518	114.607	114.607	0 62293.9 15458.1 	77752	0.00377965	1.33919e-11	0.00137902	1050	0.00137902	0 1.64585e+07 5e+06 	2.14585e+07	6.63147	6.55445	12703.2	670	0.215118	0	4.029	1.02
51.6	0.00313951	0.000640981	15448.6	1050	105	15057.5	28.6033	28.6033	114.413	114.413	0 62219.8 15426.2 	77646	0.0037805	1.25687e-11	0.00129454	1050	0.00129454	0 1.64659e+07 5e+06 	2.14659e+07	6.63101	6.55445	12703.2	670	0.214963	0	4.029	1.02
51.8	0.00313959	0.000641756	15469.3	1050	105	15078.8	28.555	28.555	114.22	114.22	0 62146 15394.4 	77540.5	0.00378134	1.1796e-11	0.00121523	1050	0.00121523	0 1.64733e+07 5e+06 	2.14733e+07	6.63055	6.55445	12703.2	670	0.214809	0	4.029	1.02
52	0.00313966	0.00064253	15490	1050	105	15100	28.5068	28.5068	114.027	114.027	0 62072.7 15362.8 	77435.5	0.00378219	1.10709e-11	0.00114078	1050	0.00114078	0 1.64806e+07 5e+06 	2.14806e+07	6.63008	6.55445	12703.2	670	0.214654	0	4.029	1.02
52.2	0.00313973	0.000643302	15510.7	1050	105	15121.1	28.4586	28.4586	113.834	113.834	0 61999.7 15331.3 	77331	0.00378304	1.03903e-11	0.00107089	1050	0.00107089	0 1.6488e+07 5e+06 	2.1488e+07	6.62962	6.55445	12703.2	670	0.214499	0	4.029	1.02
52.4	0.00313981	0.000644072	15531.3	1050	105	15142.2	28.4106	28.4106	113.642	113.642	0 61927.1 15299.9 	77226.9	0.00378388	9.7516e-12	0.00100529	1050	0.00100529	0 1.64954e+07 5e+06 	2.14954e+07	6.62914	6.55445	12703.2	670	0.214344	0	4.029	1.02
52.6	0.00313988	0.00064484	15551.9	1050	105	15163.3	28.3626	28.3626	113.45	113.45	0 61854.8 15268.6 	77123.4	0.00378472	9.15215e-12	0.000943699	1050	0.000943699	0 1.65027e+07 5e+06 	2.15027e+07	6.62867	6.55445	12703.2	670	0.21419	0	4.029	1.02
52.8	0.00313996	0.000645606	15572.4	1050	105	15184.3	28.3148	28.3148	113.259	113.259	0 61782.9 15237.4 	77020.3	0.00378557	8.58955e-12	0.000885885	1050	0.000885885	0 1.65101e+07 5e+06 	2.15101e+07	6.62819	6.55445	12703.2	670	0.214035	0	4.029	1.02
53	0.00314004	0.00064637	15592.9	1050	105	15205.3	28.267	28.267	113.068	113.068	0 61711.3 15206.4 	76917.7	0.00378641	8.06154e-12	0.000831613	1050	0.000831613	0 1.65174e+07 5e+06 	2.15174e+07	6.62771	6.55445	12703.2	670	0.21388	0	4.029	1.02
53.2	0.00314011	0.000647133	15613.4	1050	105	15226.2	28.2193	28.2193	112.877	112.877	0 61640.1 15175.5 	76815.6	0.00378725	7.56599e-12	0.000780666	1050	0.000780666	0 1.65247e+07 5e+06 	2.15247e+07	6.62723	6.55445	12703.2	670	0.213725	0	4.029	1.02
53.4	0.00314019	0.000647894	15633.8	1050	105	15247.1	28.1718	28.1718	112.687	112.687	0 61569.3 15144.7 	76713.9	0.00378808	7.1009e-12	0.00073284	1050	0.00073284	0 1.6532e+07 5e+06 	2.1532e+07	6.62674	6.55445	12703.2	670	0.21357	0	4.029	1.02
53.6	0.00314027	0.000648653	15654.2	1050	105	15268	28.1243	28.1243	112.497	112.497	0 61498.7 15114 	76612.7	0.00378892	6.66441e-12	0.000687944	1050	0.000687944	0 1.65393e+07 5e+06 	2.15393e+07	6.62625	6.55445	12703.2	670	0.213415	0	4.029	1.02
53.8	0.00314034	0.00064941	15674.6	1050	105	15288.8	28.0769	28.0769	112.308	112.308	0 61428.6 15083.4 	76512	0.00378976	6.25475e-12	0.000645798	1050	0.000645798	0 1.65466e+07 5e+06 	2.15466e+07	6.62575	6.55445	12703.2	670	0.21326	0	4.029	1.02
54	0.00314042	0.000650166	15694.9	1050	105	15309.6	28.0296	28.0296	112.118	112.118	0 61358.7 15052.9 	76411.6	0.00379059	5.87027e-12	0.000606235	1050	0.000606235	0 1.65539e+07 5e+06 	2.15539e+07	6.62526	6.55445	12703.2	670	0.213105	0	4.029	1.02
54.2	0.0031405	0.00065092	15715.1	1050	105	15330.3	27.9824	27.9824	111.93	111.93	0 61289.2 15022.6 	76311.8	0.00379142	5.50943e-12	0.000569095	1050	0.000569095	0 1.65612e+07 5e+06 	2.15612e+07	6.62476	6.55445	12703.2	670	0.21295	0	4.029	1.02
54.4	0.00314058	0.000651672	15735.4	1050	105	15351	27.9353	27.9353	111.741	111.741	0 61220 14992.3 	76212.3	0.00379225	5.17077e-12	0.000534231	1050	0.000534231	0 1.65685e+07 5e+06 	2.15685e+07	6.62426	6.55445	12703.2	670	0.212794	0	4.029	1.02
54.6	0.00314066	0.000652422	15755.5	1050	105	15371.7	27.8883	27.8883	111.553	111.553	0 61151.1 14962.2 	76113.3	0.00379308	4.85293e-12	0.000501502	1050	0.000501502	0 1.65757e+07 5e+06 	2.15757e+07	6.62375	6.55445	12703.2	670	0.212639	0	4.029	1.02
54.8	0.00314074	0.000653171	15775.7	1050	105	15392.3	27.8414	27.8414	111.366	111.366	0 61082.6 14932.2 	76014.8	0.00379391	4.55463e-12	0.000470778	1050	0.000470778	0 1.6583e+07 5e+06 	2.1583e+07	6.62324	6.55445	12703.2	670	0.212484	0	4.029	1.02
55	0.00314082	0.000653919	15795.8	1050	105	15412.9	27.7946	27.7946	111.178	111.178	0 61014.4 14902.3 	75916.6	0.00379474	4.27467e-12	0.000441937	1050	0.000441937	0 1.65902e+07 5e+06 	2.15902e+07	6.62273	6.55445	12703.2	670	0.212329	0	4.029	1.02
55.2	0.0031409	0.000654664	15815.9	1050	105	15433.4	27.7479	27.7479	110.992	110.992	0 60946.4 14872.4 	75818.9	0.00379557	4.01191e-12	0.000414863	1050	0.000414863	0 1.65974e+07 5e+06 	2.15974e+07	6.62222	6.55445	12703.2	670	0.212173	0	4.029	1.02
55.4	0.00314099	0.000655408	15835.9	1050	105	15453.9	27.7012	27.7012	110.805	110.805	0 60878.8 14842.7 	75721.6	0.00379639	3.76531e-12	0.000389447	1050	0.000389447	0 1.66047e+07 5e+06 	2.16047e+07	6.6217	6.55445	12703.2	670	0.212018	0	4.029	1.02
55.6	0.00314107	0.000656151	15856	1050	105	15474.4	27.6547	27.6547	110.619	110.619	0 60811.5 14813.1 	75624.7	0.00379722	3.53387e-12	0.000365588	1050	0.000365588	0 1.66119e+07 5e+06 	2.16119e+07	6.62118	6.55445	12703.2	670	0.211862	0	4.029	1.02
55.8	0.00314115	0.000656892	15875.9	1050	105	15494.9	27.6083	27.6083	110.433	110.433	0 60744.5 14783.6 	75528.2	0.00379804	3.31665e-12	0.000343191	1050	0.000343191	0 1.66191e+07 5e+06 	2.16191e+07	6.62066	6.55445	12703.2	670	0.211707	0	4.029	1.02
56	0.00314123	0.000657631	15895.9	1050	105	15515.3	27.5619	27.5619	110.248	110.248	0 60677.8 14754.2 	75432.1	0.00379886	3.11279e-12	0.000322166	1050	0.000322166	0 1.66263e+07 5e+06 	2.16263e+07	6.62014	6.55445	12703.2	670	0.211551	0	4.029	1.02
56.2	0.00314132	0.000658369	15915.8	1050	105	15535.6	27.5157	27.5157	110.063	110.063	0 60611.4 14725 	75336.4	0.00379968	2.92146e-12	0.000302429	1050	0.000302429	0 1.66335e+07 5e+06 	2.16335e+07	6.61961	6.55445	12703.2	670	0.211396	0	4.029	1.02
56.4	0.0031414	0.000659106	15935.7	1050	105	15556	27.4695	27.4695	109.878	109.878	0 60545.3 14695.8 	75241.1	0.0038005	2.74189e-12	0.000283902	1050	0.000283902	0 1.66406e+07 5e+06 	2.16406e+07	6.61909	6.55445	12703.2	670	0.21124	0	4.029	1.02
56.6	0.00314148	0.000659841	15955.5	1050	105	15576.3	27.4234	27.4234	109.694	109.694	0 60479.5 14666.7 	75146.2	0.00380132	2.57336e-12	0.000266509	1050	0.000266509	0 1.66478e+07 5e+06 	2.16478e+07	6.61856	6.55445	12703.2	670	0.211085	0	4.029	1.02
56.8	0.00314157	0.000660574	15975.3	1050	105	15596.5	27.3774	27.3774	109.51	109.51	0 60414 14637.7 	75051.7	0.00380214	2.41519e-12	0.000250182	1050	0.000250182	0 1.6655e+07 5e+06 	2.1655e+07	6.61802	6.55445	12703.2	670	0.210929	0	4.029	1.02
57	0.00314165	0.000661306	15995.1	1050	105	15616.8	27.3316	27.3316	109.326	109.326	0 60348.8 14608.8 	74957.5	0.00380296	2.26674e-12	0.000234855	1050	0.000234855	0 1.66621e+07 5e+06 	2.16621e+07	6.61749	6.55445	12703.2	670	0.210773	0	4.029	1.02
57.2	0.00314174	0.000662037	16014.8	1050	105	15637	27.2858	27.2858	109.143	109.143	0 60283.8 14580 	74863.8	0.00380377	2.12742e-12	0.000220467	1050	0.000220467	0 1.66693e+07 5e+06 	2.16693e+07	6.61695	6.55445	12703.2	670	0.210617	0	4.029	1.02
57.4	0.00314182	0.000662766	16034.6	1050	105	15657.2	27.24	27.24	108.96	108.96	0 60219.1 14551.3 	74770.4	0.00380459	1.99666e-12	0.00020696	1050	0.00020696	0 1.66764e+07 5e+06 	2.16764e+07	6.61641	6.55445	12703.2	670	0.210462	0	4.029	1.02
57.6	0.00314191	0.000663493	16054.2	1050	105	15677.3	27.1944	27.1944	108.778	108.778	0 60154.7 14522.7 	74677.4	0.0038054	1.87394e-12	0.000194281	1050	0.000194281	0 1.66835e+07 5e+06 	2.16835e+07	6.61587	6.55445	12703.2	670	0.210306	0	4.029	1.02
57.8	0.00314199	0.00066422	16073.9	1050	105	15697.4	27.1489	27.1489	108.596	108.596	0 60090.6 14494.2 	74584.8	0.00380621	1.75876e-12	0.000182379	1050	0.000182379	0 1.66907e+07 5e+06 	2.16907e+07	6.61533	6.55445	12703.2	670	0.21015	0	4.029	1.02
58	0.00314208	0.000664945	16093.5	1050	105	15717.5	27.1035	27.1035	108.414	108.414	0 60026.7 14465.8 	74492.5	0.00380703	1.65066e-12	0.000171206	1050	0.000171206	0 1.66978e+07 5e+06 	2.16978e+07	6.61478	6.55445	12703.2	670	0.209994	0	4.029	1.02
58.2	0.00314217	0.000665668	16113.1	1050	105	15737.5	27.0581	27.0581	108.233	108.233	0 59963.1 14437.5 	74400.6	0.00380784	1.5492e-12	0.000160717	1050	0.000160717	0 1.67049e+07 5e+06 	2.17049e+07	6.61423	6.55445	12703.2	670	0.209838	0	4.029	1.02
58.4	0.00314225	0.00066639	16132.7	1050	105	15757.5	27.0129	27.0129	108.052	108.052	0 59899.8 14409.3 	74309.1	0.00380864	1.45399e-12	0.000150871	1050	0.000150871	0 1.6712e+07 5e+06 	2.1712e+07	6.61368	6.55445	12703.2	670	0.209682	0	4.029	1.02
58.6	0.00314234	0.000667111	16152.2	1050	105	15777.5	26.9677	26.9677	107.871	107.871	0 59836.7 14381.1 	74217.9	0.00380945	1.36462e-12	0.000141629	1050	0.000141629	0 1.67191e+07 5e+06 	2.17191e+07	6.61313	6.55445	12703.2	670	0.209526	0	4.029	1.02
58.8	0.00314243	0.000667831	16171.7	1050	105	15797.5	26.9227	26.9227	107.691	107.691	0 59773.9 14353.1 	74127	0.00381026	1.28075e-12	0.000132952	1050	0.000132952	0 1.67262e+07 5e+06 	2.17262e+07	6.61258	6.55445	12703.2	670	0.20937	0	4.029	1.02
59	0.00314252	0.000668549	16191.2	1050	105	15817.4	26.8777	26.8777	107.511	107.511	0 59711.4 14325.1 	74036.5	0.00381107	1.20203e-12	0.000124807	1050	0.000124807	0 1.67332e+07 5e+06 	2.17332e+07	6.61202	6.55445	12703.2	670	0.209214	0	4.029	1.02
59.2	0.00314261	0.000669266	16210.6	1050	105	15837.3	26.8328	26.8328	107.331	107.331	0 59649.1 14297.3 	73946.4	0.00381187	1.12815e-12	0.000117161	1050	0.000117161	0 1.67403e+07 5e+06 	2.17403e+07	6.61147	6.55445	12703.2	670	0.209058	0	4.029	1.02
59.4	0.00314269	0.000669982	16230	1050	105	15857.2	26.788	26.788	107.152	107.152	0 59587.1 14269.5 	73856.6	0.00381268	1.05882e-12	0.000109983	1050	0.000109983	0 1.67474e+07 5e+06 	2.17474e+07	6.61091	6.55445	12703.2	670	0.208902	0	4.029	1.02
59.6	0.00314278	0.000670696	16249.4	1050	105	15877	26.7433	26.7433	106.973	106.973	0 59525.3 14241.8 	73767.1	0.00381348	9.9374e-13	0.000103245	1050	0.000103245	0 1.67544e+07 5e+06 	2.17544e+07	6.61035	6.55445	12703.2	670	0.208746	0	4.029	1.02
59.8	0.00314287	0.000671409	16268.8	1050	105	15896.8	26.6987	26.6987	106.795	106.795	0 59463.7 14214.2 	73678	0.00381428	9.32664e-13	9.69202e-05	1050	9.69202e-05	0 1.67615e+07 5e+06 	2.17615e+07	6.60979	6.55445	12703.2	670	0.208589	0	4.029	1.02
60	0.00314296	0.000672121	16288.1	1050	105	15916.6	26.6541	26.6541	106.616	106.616	0 59402.4 14186.7 	73589.2	0.00381508	8.75343e-13	9.09826e-05	1050	9.09826e-05	0 1.67685e+07 5e+06 	2.17685e+07	6.60922	6.55445	12703.2	670	0.208433	0	4.029	1.02
60.2	0.00314305	0.000672832	16307.4	1050	105	15936.3	26.6097	26.6097	106.439	106.439	0 59341.4 14159.3 	73500.7	0.00381588	8.21544e-13	8.54087e-05	1050	8.54087e-05	0 1.67756e+07 5e+06 	2.17756e+07	6.60866	6.55445	12703.2	670	0.208277	0	4.029	1.02
60.4	0.00314314	0.000673541	16326.7	1050	105	15956.1	26.5653	26.5653	106.261	106.261	0 59280.6 14132 	73412.6	0.00381668	7.71052e-13	8.01763e-05	1050	8.01763e-05	0 1.67826e+07 5e+06 	2.17826e+07	6.60809	6.55445	12703.2	670	0.208121	0	4.029	1.02
60.6	0.00314323	0.00067425	16346	1050	105	15975.8	26.5211	26.5211	106.084	106.084	0 59220 14104.7 	73324.7	0.00381748	7.23664e-13	7.52644e-05	1050	7.52644e-05	0 1.67896e+07 5e+06 	2.17896e+07	6.60752	6.55445	12703.2	670	0.207964	0	4.029	1.02
60.8	0.00314332	0.000674957	16365.2	1050	105	15995.4	26.4769	26.4769	105.908	105.908	0 59159.7 14077.6 	73237.2	0.00381828	6.79188e-13	7.06535e-05	1050	7.06535e-05	0 1.67966e+07 5e+06 	2.17966e+07	6.60696	6.55445	12703.2	670	0.207808	0	4.029	1.02
61	0.00314341	0.000675663	16384.4	1050	105	16015.1	26.4328	26.4328	105.731	105.731	0 59099.6 14050.5 	73150.1	0.00381907	6.37446e-13	6.63251e-05	1050	6.63251e-05	0 1.68036e+07 5e+06 	2.18036e+07	6.60638	6.55445	12703.2	670	0.207652	0	4.029	1.02
61.2	0.0031435	0.000676367	16403.6	1050	105	16034.7	26.3888	26.3888	105.555	105.555	0 59039.7 14023.5 	73063.2	0.00381987	5.9827e-13	6.22618e-05	1050	6.22618e-05	0 1.68106e+07 5e+06 	2.18106e+07	6.60581	6.55445	12703.2	670	0.207495	0	4.029	1.02
61.4	0.00314359	0.000677071	16422.7	1050	105	16054.3	26.3449	26.3449	105.379	105.379	0 58980.1 13996.6 	72976.6	0.00382066	5.61501e-13	5.84474e-05	1050	5.84474e-05	0 1.68176e+07 5e+06 	2.18176e+07	6.60524	6.55445	12703.2	670	0.207339	0	4.029	1.02
61.6	0.00314368	0.000677773	16441.9	1050	105	16073.9	26.301	26.301	105.204	105.204	0 58920.6 13969.8 	72890.4	0.00382146	5.26992e-13	5.48668e-05	1050	5.48668e-05	0 1.68246e+07 5e+06 	2.18246e+07	6.60466	6.55445	12703.2	670	0.207183	0	4.029	1.02
61.8	0.00314378	0.000678475	16461	1050	105	16093.4	26.2573	26.2573	105.029	105.029	0 58861.4 13943 	72804.5	0.00382225	4.94604e-13	5.15055e-05	1050	5.15055e-05	0 1.68316e+07 5e+06 	2.18316e+07	6.60409	6.55445	12703.2	670	0.207026	0	4.029	1.02
62	0.00314387	0.000679175	16480	1050	105	16112.9	26.2137	26.2137	104.855	104.855	0 58802.5 13916.3 	72718.8	0.00382304	4.64207e-13	4.83501e-05	1050	4.83501e-05	0 1.68386e+07 5e+06 	2.18386e+07	6.60351	6.55445	12703.2	670	0.20687	0	4.029	1.02
62.2	0.00314396	0.000679874	16499.1	1050	105	16132.4	26.1701	26.1701	104.68	104.68	0 58743.7 13889.8 	72633.5	0.00382383	4.35678e-13	4.5388e-05	1050	4.5388e-05	0 1.68455e+07 5e+06 	2.18455e+07	6.60293	6.55445	12703.2	670	0.206713	0	4.029	1.02
62.4	0.00314405	0.000680572	16518.1	1050	105	16151.9	26.1266	26.1266	104.506	104.506	0 58685.2 13863.2 	72548.4	0.00382462	4.08903e-13	4.26074e-05	1050	4.26074e-05	0 1.68525e+07 5e+06 	2.18525e+07	6.60235	6.55445	12703.2	670	0.206557	0	4.029	1.02
62.6	0.00314414	0.000681269	16537.1	1050	105	16171.3	26.0832	26.0832	104.333	104.333	0 58626.9 13836.8 	72463.7	0.00382541	3.83773e-13	3.99971e-05	1050	3.99971e-05	0 1.68595e+07 5e+06 	2.18595e+07	6.60177	6.55445	12703.2	670	0.2064	0	4.029	1.02
62.8	0.00314424	0.000681965	16556.1	1050	105	16190.7	26.0399	26.0399	104.16	104.16	0 58568.8 13810.5 	72379.3	0.0038262	3.60188e-13	3.75468e-05	1050	3.75468e-05	0 1.68664e+07 5e+06 	2.18664e+07	6.60119	6.55445	12703.2	670	0.206244	0	4.029	1.02
63	0.00314433	0.00068266	16575.1	1050	105	16210.1	25.9967	25.9967	103.987	103.987	0 58510.9 13784.2 	72295.1	0.00382699	3.38052e-13	3.52466e-05	1050	3.52466e-05	0 1.68734e+07 5e+06 	2.18734e+07	6.6006	6.55445	12703.2	670	0.206087	0	4.029	1.02
63.2	0.00314442	0.000683353	16594	1050	105	16229.5	25.9536	25.9536	103.814	103.814	0 58453.2 13758 	72211.2	0.00382777	3.17277e-13	3.30872e-05	1050	3.30872e-05	0 1.68803e+07 5e+06 	2.18803e+07	6.60002	6.55445	12703.2	670	0.20593	0	4.029	1.02
63.4	0.00314451	0.000684046	16612.9	1050	105	16248.8	25.9105	25.9105	103.642	103.642	0 58395.8 13731.9 	72127.7	0.00382856	2.97778e-13	3.10602e-05	1050	3.10602e-05	0 1.68872e+07 5e+06 	2.18872e+07	6.59943	6.55445	12703.2	670	0.205774	0	4.029	1.02
63.6	0.00314461	0.000684738	16631.8	1050	105	16268.1	25.8676	25.8676	103.47	103.47	0 58338.5 13705.8 	72044.4	0.00382935	2.79478e-13	2.91574e-05	1050	2.91574e-05	0 1.68941e+07 5e+06 	2.18941e+07	6.59884	6.55445	12703.2	670	0.205617	0	4.029	1.02
63.8	0.0031447	0.000685428	16650.7	1050	105	16287.4	25.8247	25.8247	103.299	103.299	0 58281.5 13679.9 	71961.4	0.00383013	2.62303e-13	2.73711e-05	1050	2.73711e-05	0 1.69011e+07 5e+06 	2.19011e+07	6.59826	6.55445	12703.2	670	0.20546	0	4.029	1.02
64	0.00314479	0.000686118	16669.5	1050	105	16306.7	25.7819	25.7819	103.128	103.128	0 58224.6 13654 	71878.6	0.00383091	2.46183e-13	2.56943e-05	1050	2.56943e-05	0 1.6908e+07 5e+06 	2.1908e+07	6.59767	6.55445	12703.2	670	0.205304	0	4.029	1.02
64.2	0.00314489	0.000686807	16688.4	1050	105	16326	25.7392	25.7392	102.957	102.957	0 58168 13628.2 	71796.2	0.0038317	2.31054e-13	2.41202e-05	1050	2.41202e-05	0 1.69149e+07 5e+06 	2.19149e+07	6.59708	6.55445	12703.2	670	0.205147	0	4.029	1.02
64.4	0.00314498	0.000687494	16707.2	1050	105	16345.2	25.6966	25.6966	102.786	102.786	0 58111.5 13602.4 	71714	0.00383248	2.16854e-13	2.26425e-05	1050	2.26425e-05	0 1.69218e+07 5e+06 	2.19218e+07	6.59649	6.55445	12703.2	670	0.20499	0	4.029	1.02
64.6	0.00314508	0.000688181	16726	1050	105	16364.4	25.6541	25.6541	102.616	102.616	0 58055.3 13576.8 	71632.1	0.00383326	2.03528e-13	2.12553e-05	1050	2.12553e-05	0 1.69287e+07 5e+06 	2.19287e+07	6.59589	6.55445	12703.2	670	0.204833	0	4.029	1.02
64.8	0.00314517	0.000688867	16744.7	1050	105	16383.6	25.6116	25.6116	102.446	102.446	0 57999.2 13551.2 	71550.4	0.00383404	1.9102e-13	1.99532e-05	1050	1.99532e-05	0 1.69356e+07 5e+06 	2.19356e+07	6.5953	6.55445	12703.2	670	0.204677	0	4.029	1.02
65	0.00314527	0.000689551	16763.5	1050	105	16402.8	25.5693	25.5693	102.277	102.277	0 57943.4 13525.7 	71469	0.00383482	1.79281e-13	1.87308e-05	1050	1.87308e-05	0 1.69425e+07 5e+06 	2.19425e+07	6.59471	6.55445	12703.2	670	0.20452	0	4.029	1.02
65.2	0.00314536	0.000690235	16782.2	1050	105	16421.9	25.527	25.527	102.108	102.108	0 57887.7 13500.2 	71387.9	0.00383559	1.68264e-13	1.75833e-05	1050	1.75833e-05	0 1.69493e+07 5e+06 	2.19493e+07	6.59411	6.55445	12703.2	670	0.204363	0	4.029	1.02
65.4	0.00314545	0.000690918	16800.9	1050	105	16441	25.4848	25.4848	101.939	101.939	0 57832.2 13474.8 	71307.1	0.00383637	1.57923e-13	1.65061e-05	1050	1.65061e-05	0 1.69562e+07 5e+06 	2.19562e+07	6.59352	6.55445	12703.2	670	0.204206	0	4.029	1.02
65.6	0.00314555	0.0006916	16819.6	1050	105	16460.1	25.4427	25.4427	101.771	101.771	0 57776.9 13449.5 	71226.5	0.00383715	1.48219e-13	1.54949e-05	1050	1.54949e-05	0 1.69631e+07 5e+06 	2.19631e+07	6.59292	6.55445	12703.2	670	0.204049	0	4.029	1.02
65.8	0.00314564	0.000692281	16838.2	1050	105	16479.2	25.4007	25.4007	101.603	101.603	0 57721.9 13424.3 	71146.1	0.00383793	1.3911e-13	1.45456e-05	1050	1.45456e-05	0 1.69699e+07 5e+06 	2.19699e+07	6.59232	6.55445	12703.2	670	0.203893	0	4.029	1.02
66	0.00314574	0.000692961	16856.9	1050	105	16498.3	25.3587	25.3587	101.435	101.435	0 57666.9 13399.1 	71066.1	0.0038387	1.30561e-13	1.36545e-05	1050	1.36545e-05	0 1.69768e+07 5e+06 	2.19768e+07	6.59173	6.55445	12703.2	670	0.203736	0	4.029	1.02
66.2	0.00314583	0.00069364	16875.5	1050	105	16517.3	25.3169	25.3169	101.267	101.267	0 57612.2 13374 	70986.3	0.00383947	1.22538e-13	1.2818e-05	1050	1.2818e-05	0 1.69836e+07 5e+06 	2.19836e+07	6.59113	6.55445	12703.2	670	0.203579	0	4.029	1.02
66.4	0.00314593	0.000694319	16894.1	1050	105	16536.4	25.2751	25.2751	101.1	101.1	0 57557.7 13349 	70906.7	0.00384025	1.15008e-13	1.20327e-05	1050	1.20327e-05	0 1.69905e+07 5e+06 	2.19905e+07	6.59053	6.55445	12703.2	670	0.203422	0	4.029	1.02
66.6	0.00314603	0.000694996	16912.7	1050	105	16555.4	25.2334	25.2334	100.934	100.934	0 57503.3 13324.1 	70827.4	0.00384102	1.0794e-13	1.12955e-05	1050	1.12955e-05	0 1.69973e+07 5e+06 	2.19973e+07	6.58993	6.55445	12703.2	670	0.203265	0	4.029	1.02
66.8	0.00314612	0.000695673	16931.3	1050	105	16574.3	25.1918	25.1918	100.767	100.767	0 57449.1 13299.2 	70748.3	0.00384179	1.01307e-13	1.06035e-05	1050	1.06035e-05	0 1.70042e+07 5e+06 	2.20042e+07	6.58933	6.55445	12703.2	670	0.203108	0	4.029	1.02
67	0.00314622	0.000696349	16949.8	1050	105	16593.3	25.1503	25.1503	100.601	100.601	0 57395.1 13274.4 	70669.5	0.00384256	9.50818e-14	9.95393e-06	1050	9.95393e-06	0 1.7011e+07 5e+06 	2.2011e+07	6.58873	6.55445	12703.2	670	0.202951	0	4.029	1.02
67.2	0.00314631	0.000697023	16968.3	1050	105	16612.2	25.1088	25.1088	100.435	100.435	0 57341.3 13249.6 	70590.9	0.00384334	8.92389e-14	9.34413e-06	1050	9.34413e-06	0 1.70178e+07 5e+06 	2.20178e+07	6.58813	6.55445	12703.2	670	0.202794	0	4.029	1.02
67.4	0.00314641	0.000697697	16986.8	1050	105	16631.2	25.0675	25.0675	100.27	100.27	0 57287.7 13224.9 	70512.6	0.00384411	8.37551e-14	8.77168e-06	1050	8.77168e-06	0 1.70246e+07 5e+06 	2.20246e+07	6.58752	6.55445	12703.2	670	0.202637	0	4.029	1.02
67.6	0.0031465	0.000698371	17005.3	1050	105	16650.1	25.0262	25.0262	100.105	100.105	0 57234.2 13200.3 	70434.5	0.00384487	7.86083e-14	8.2343e-06	1050	8.2343e-06	0 1.70314e+07 5e+06 	2.20314e+07	6.58692	6.55445	12703.2	670	0.20248	0	4.029	1.02
67.8	0.0031466	0.000699043	17023.8	1050	105	16669	24.985	24.985	99.9401	99.9401	0 57180.9 13175.8 	70356.6	0.00384564	7.37777e-14	7.72984e-06	1050	7.72984e-06	0 1.70383e+07 5e+06 	2.20383e+07	6.58632	6.55445	12703.2	670	0.202323	0	4.029	1.02
68	0.0031467	0.000699714	17042.3	1050	105	16687.8	24.9439	24.9439	99.7756	99.7756	0 57127.7 13151.3 	70279	0.00384641	6.92441e-14	7.25628e-06	1050	7.25628e-06	0 1.70451e+07 5e+06 	2.20451e+07	6.58572	6.55445	12703.2	670	0.202166	0	4.029	1.02
68.2	0.00314679	0.000700385	17060.7	1050	105	16706.7	24.9029	24.9029	99.6115	99.6115	0 57074.8 13126.9 	70201.6	0.00384718	6.4989e-14	6.81174e-06	1050	6.81174e-06	0 1.70519e+07 5e+06 	2.20519e+07	6.58511	6.55445	12703.2	670	0.202009	0	4.029	1.02
68.4	0.00314689	0.000701055	17079.1	1050	105	16725.5	24.8619	24.8619	99.4478	99.4478	0 57022 13102.5 	70124.5	0.00384794	6.09954e-14	6.39443e-06	1050	6.39443e-06	0 1.70587e+07 5e+06 	2.20587e+07	6.58451	6.55445	12703.2	670	0.201852	0	4.029	1.02
68.6	0.00314699	0.000701724	17097.6	1050	105	16744.3	24.8211	24.8211	99.2843	99.2843	0 56969.4 13078.2 	70047.6	0.00384871	5.72473e-14	6.00269e-06	1050	6.00269e-06	0 1.70654e+07 5e+06 	2.20654e+07	6.5839	6.55445	12703.2	670	0.201695	0	4.029	1.02
68.8	0.00314708	0.000702393	17115.9	1050	105	16763.1	24.7803	24.7803	99.1212	99.1212	0 56916.9 13054 	69970.9	0.00384947	5.37294e-14	5.63495e-06	1050	5.63495e-06	0 1.70722e+07 5e+06 	2.20722e+07	6.58329	6.55445	12703.2	670	0.201538	0	4.029	1.02
69	0.00314718	0.00070306	17134.3	1050	105	16781.9	24.7396	24.7396	98.9584	98.9584	0 56864.6 13029.8 	69894.4	0.00385024	5.04278e-14	5.28973e-06	1050	5.28973e-06	0 1.7079e+07 5e+06 	2.2079e+07	6.58269	6.55445	12703.2	670	0.201381	0	4.029	1.02
69.2	0.00314728	0.000703727	17152.7	1050	105	16800.7	24.699	24.699	98.7959	98.7959	0 56812.5 13005.7 	69818.2	0.003851	4.73291e-14	4.96567e-06	1050	4.96567e-06	0 1.70858e+07 5e+06 	2.20858e+07	6.58208	6.55445	12703.2	670	0.201224	0	4.029	1.02
69.4	0.00314737	0.000704393	17171	1050	105	16819.4	24.6584	24.6584	98.6338	98.6338	0 56760.5 12981.7 	69742.2	0.00385176	4.44207e-14	4.66146e-06	1050	4.66146e-06	0 1.70925e+07 5e+06 	2.20925e+07	6.58148	6.55445	12703.2	670	0.201067	0	4.029	1.02
69.6	0.00314747	0.000705058	17189.3	1050	105	16838.2	24.618	24.618	98.4719	98.4719	0 56708.7 12957.7 	69666.4	0.00385253	4.16911e-14	4.37588e-06	1050	4.37588e-06	0 1.70993e+07 5e+06 	2.20993e+07	6.58087	6.55445	12703.2	670	0.20091	0	4.029	1.02
69.8	0.00314757	0.000705723	17207.7	1050	105	16856.9	24.5776	24.5776	98.3104	98.3104	0 56657 12933.8 	69590.9	0.00385329	3.91293e-14	4.1078e-06	1050	4.1078e-06	0 1.71061e+07 5e+06 	2.21061e+07	6.58026	6.55445	12703.2	670	0.200753	0	4.029	1.02
70	0.00314766	0.000706387	17226	1050	105	16875.6	24.5373	24.5373	98.1492	98.1492	0 56605.5 12910 	69515.5	0.00385405	3.67248e-14	3.85614e-06	1050	3.85614e-06	0 1.71128e+07 5e+06 	2.21128e+07	6.57965	6.55445	12703.2	670	0.200596	0	4.029	1.02
70.2	0.00314776	0.00070705	17244.2	1050	105	16894.3	24.4971	24.4971	97.9884	97.9884	0 56554.2 12886.2 	69440.4	0.00385481	3.44682e-14	3.61991e-06	1050	3.61991e-06	0 1.71196e+07 5e+06 	2.21196e+07	6.57904	6.55445	12703.2	670	0.200439	0	4.029	1.02
70.4	0.00314786	0.000707712	17262.5	1050	105	16912.9	24.457	24.457	97.8279	97.8279	0 56503 12862.5 	69365.5	0.00385557	3.23502e-14	3.39814e-06	1050	3.39814e-06	0 1.71263e+07 5e+06 	2.21263e+07	6.57844	6.55445	12703.2	670	0.200282	0	4.029	1.02
70.6	0.00314795	0.000708374	17280.7	1050	105	16931.6	24.4169	24.4169	97.6676	97.6676	0 56452 12838.8 	69290.8	0.00385633	3.03623e-14	3.18996e-06	1050	3.18996e-06	0 1.71331e+07 5e+06 	2.21331e+07	6.57783	6.55445	12703.2	670	0.200125	0	4.029	1.02
70.8	0.00314805	0.000709034	17299	1050	105	16950.2	24.3769	24.3769	97.5077	97.5077	0 56401.1 12815.2 	69216.3	0.00385709	2.84966e-14	2.99453e-06	1050	2.99453e-06	0 1.71398e+07 5e+06 	2.21398e+07	6.57722	6.55445	12703.2	670	0.199968	0	4.029	1.02
71	0.00314815	0.000709695	17317.2	1050	105	16968.8	24.337	24.337	97.3482	97.3482	0 56350.4 12791.7 	69142.1	0.00385784	2.67456e-14	2.81108e-06	1050	2.81108e-06	0 1.71465e+07 5e+06 	2.21465e+07	6.57661	6.55445	12703.2	670	0.199811	0	4.029	1.02
71.2	0.00314825	0.000710354	17335.4	1050	105	16987.4	24.2972	24.2972	97.1889	97.1889	0 56299.8 12768.2 	69068	0.0038586	2.51021e-14	2.63886e-06	1050	2.63886e-06	0 1.71533e+07 5e+06 	2.21533e+07	6.576	6.55445	12703.2	670	0.199654	0	4.029	1.02
71.4	0.00314834	0.000711013	17353.6	1050	105	17006	24.2575	24.2575	97.03	97.03	0 56249.4 12744.8 	68994.2	0.00385936	2.35597e-14	2.4772e-06	1050	2.4772e-06	0 1.716e+07 5e+06 	2.216e+07	6.57539	6.55445	12703.2	670	0.199497	0	4.029	1.02
71.6	0.00314844	0.000711671	17371.8	1050	105	17024.6	24.2178	24.2178	96.8713	96.8713	0 56199.1 12721.4 	68920.5	0.00386011	2.2112e-14	2.32544e-06	1050	2.32544e-06	0 1.71667e+07 5e+06 	2.21667e+07	6.57478	6.55445	12703.2	670	0.19934	0	4.029	1.02
71.8	0.00314854	0.000712329	17389.9	1050	105	17043.2	24.1783	24.1783	96.713	96.713	0 56148.9 12698.1 	68847.1	0.00386087	2.07533e-14	2.18297e-06	1050	2.18297e-06	0 1.71734e+07 5e+06 	2.21734e+07	6.57417	6.55445	12703.2	670	0.199183	0	4.029	1.02
72	0.00314863	0.000712985	17408.1	1050	105	17061.7	24.1388	24.1388	96.5551	96.5551	0 56099 12674.9 	68773.9	0.00386162	1.94781e-14	2.04924e-06	1050	2.04924e-06	0 1.71801e+07 5e+06 	2.21801e+07	6.57356	6.55445	12703.2	670	0.199026	0	4.029	1.02
72.2	0.00314873	0.000713641	17426.2	1050	105	17080.2	24.0993	24.0993	96.3974	96.3974	0 56049.1 12651.7 	68700.8	0.00386237	1.82812e-14	1.9237e-06	1050	1.9237e-06	0 1.71868e+07 5e+06 	2.21868e+07	6.57295	6.55445	12703.2	670	0.198868	0	4.029	1.02
72.4	0.00314883	0.000714297	17444.3	1050	105	17098.7	24.06	24.06	96.24	96.24	0 55999.4 12628.6 	68628	0.00386313	1.71579e-14	1.80584e-06	1050	1.80584e-06	0 1.71935e+07 5e+06 	2.21935e+07	6.57234	6.55445	12703.2	670	0.198711	0	4.029	1.02
72.6	0.00314893	0.000714952	17462.4	1050	105	17117.2	24.0207	24.0207	96.083	96.083	0 55949.9 12605.5 	68555.4	0.00386388	1.61037e-14	1.69521e-06	1050	1.69521e-06	0 1.72002e+07 5e+06 	2.22002e+07	6.57173	6.55445	12703.2	670	0.198554	0	4.029	1.02
72.8	0.00314902	0.000715606	17480.5	1050	105	17135.7	23.9816	23.9816	95.9263	95.9263	0 55900.4 12582.5 	68483	0.00386463	1.51142e-14	1.59136e-06	1050	1.59136e-06	0 1.72069e+07 5e+06 	2.22069e+07	6.57112	6.55445	12703.2	670	0.198397	0	4.029	1.02
73	0.00314912	0.00071626	17498.6	1050	105	17154.2	23.9425	23.9425	95.7698	95.7698	0 55851.2 12559.6 	68410.7	0.00386538	1.41855e-14	1.49387e-06	1050	1.49387e-06	0 1.72136e+07 5e+06 	2.22136e+07	6.5705	6.55445	12703.2	670	0.19824	0	4.029	1.02
73.2	0.00314922	0.000716912	17516.7	1050	105	17172.7	23.9034	23.9034	95.6137	95.6137	0 55802 12536.7 	68338.7	0.00386613	1.33138e-14	1.40235e-06	1050	1.40235e-06	0 1.72203e+07 5e+06 	2.22203e+07	6.56989	6.55445	12703.2	670	0.198083	0	4.029	1.02
73.4	0.00314932	0.000717565	17534.8	1050	105	17191.1	23.8645	23.8645	95.4579	95.4579	0 55753 12513.8 	68266.9	0.00386688	1.24958e-14	1.31644e-06	1050	1.31644e-06	0 1.7227e+07 5e+06 	2.2227e+07	6.56928	6.55445	12703.2	670	0.197926	0	4.029	1.02
73.6	0.00314942	0.000718216	17552.8	1050	105	17209.5	23.8256	23.8256	95.3025	95.3025	0 55704.2 12491.1 	68195.2	0.00386763	1.1728e-14	1.23579e-06	1050	1.23579e-06	0 1.72337e+07 5e+06 	2.22337e+07	6.56867	6.55445	12703.2	670	0.197769	0	4.029	1.02
73.8	0.00314951	0.000718868	17570.8	1050	105	17228	23.7868	23.7868	95.1473	95.1473	0 55655.4 12468.3 	68123.8	0.00386838	1.10073e-14	1.16008e-06	1050	1.16008e-06	0 1.72403e+07 5e+06 	2.22403e+07	6.56806	6.55445	12703.2	670	0.197612	0	4.029	1.02
74	0.00314961	0.000719518	17588.8	1050	105	17246.4	23.7481	23.7481	94.9924	94.9924	0 55606.9 12445.7 	68052.5	0.00386913	1.0331e-14	1.08901e-06	1050	1.08901e-06	0 1.7247e+07 5e+06 	2.2247e+07	6.56745	6.55445	12703.2	670	0.197455	0	4.029	1.02
74.2	0.00314971	0.000720168	17606.9	1050	105	17264.8	23.7095	23.7095	94.8379	94.8379	0 55558.4 12423 	67981.4	0.00386988	9.69621e-15	1.02229e-06	1050	1.02229e-06	0 1.72537e+07 5e+06 	2.22537e+07	6.56684	6.55445	12703.2	670	0.197298	0	4.029	1.02
74.4	0.00314981	0.000720817	17624.8	1050	105	17283.1	23.6709	23.6709	94.6836	94.6836	0 55510.1 12400.5 	67910.6	0.00387062	9.10043e-15	9.59664e-07	1050	9.59664e-07	0 1.72603e+07 5e+06 	2.22603e+07	6.56623	6.55445	12703.2	670	0.197141	0	4.029	1.02
74.6	0.0031499	0.000721466	17642.8	1050	105	17301.5	23.6324	23.6324	94.5297	94.5297	0 55461.9 12378 	67839.9	0.00387137	8.54127e-15	9.00872e-07	1050	9.00872e-07	0 1.7267e+07 5e+06 	2.2267e+07	6.56562	6.55445	12703.2	670	0.196984	0	4.029	1.02
74.8	0.00315	0.000722114	17660.8	1050	105	17319.9	23.594	23.594	94.3761	94.3761	0 55413.8 12355.5 	67769.4	0.00387212	8.01646e-15	8.45682e-07	1050	8.45682e-07	0 1.72736e+07 5e+06 	2.22736e+07	6.565	6.55445	12703.2	670	0.196827	0	4.029	1.02
75	0.0031501	0.000722762	17678.8	1050	105	17338.2	23.5557	23.5557	94.2228	94.2228	0 55365.9 12333.1 	67699	0.00387286	7.5239e-15	7.93873e-07	1050	7.93873e-07	0 1.72803e+07 5e+06 	2.22803e+07	6.56439	6.55445	12703.2	670	0.19667	0	4.029	1.02
75.2	0.0031502	0.000723409	17696.7	1050	105	17356.5	23.5174	23.5174	94.0697	94.0697	0 55318.1 12310.8 	67628.9	0.00387361	7.0616e-15	7.45238e-07	1050	7.45238e-07	0 1.72869e+07 5e+06 	2.22869e+07	6.56378	6.55445	12703.2	670	0.196513	0	4.029	1.02
75.4	0.00315029	0.000724055	17714.6	1050	105	17374.9	23.4793	23.4793	93.917	93.917	0 55270.4 12288.5 	67558.9	0.00387435	6.62771e-15	6.99582e-07	1050	6.99582e-07	0 1.72936e+07 5e+06 	2.22936e+07	6.56317	6.55445	12703.2	670	0.196356	0	4.029	1.02
75.6	0.00315039	0.000724701	17732.6	1050	105	17393.2	23.4412	23.4412	93.7646	93.7646	0 55222.9 12266.3 	67489.1	0.00387509	6.22049e-15	6.56724e-07	1050	6.56724e-07	0 1.73002e+07 5e+06 	2.23002e+07	6.56256	6.55445	12703.2	670	0.196199	0	4.029	1.02
75.8	0.00315049	0.000725346	17750.5	1050	105	17411.5	23.4031	23.4031	93.6125	93.6125	0 55175.5 12244.1 	67419.5	0.00387584	5.83828e-15	6.16491e-07	1050	6.16491e-07	0 1.73069e+07 5e+06 	2.23069e+07	6.56195	6.55445	12703.2	670	0.196042	0	4.029	1.02
76	0.00315059	0.000725991	17768.4	1050	105	17429.7	23.3652	23.3652	93.4608	93.4608	0 55128.2 12222 	67350.1	0.00387658	5.47956e-15	5.78723e-07	1050	5.78723e-07	0 1.73135e+07 5e+06 	2.23135e+07	6.56134	6.55445	12703.2	670	0.195885	0	4.029	1.02
76.2	0.00315069	0.000726635	17786.3	1050	105	17448	23.3273	23.3273	93.3093	93.3093	0 55081 12199.9 	67280.9	0.00387732	5.14288e-15	5.43268e-07	1050	5.43268e-07	0 1.73201e+07 5e+06 	2.23201e+07	6.56073	6.55445	12703.2	670	0.195728	0	4.029	1.02
76.4	0.00315078	0.000727279	17804.2	1050	105	17466.3	23.2895	23.2895	93.1581	93.1581	0 55033.9 12177.9 	67211.8	0.00387806	4.82689e-15	5.09986e-07	1050	5.09986e-07	0 1.73267e+07 5e+06 	2.23267e+07	6.56012	6.55445	12703.2	670	0.195571	0	4.029	1.02
76.6	0.00315088	0.000727922	17822	1050	105	17484.5	23.2518	23.2518	93.0072	93.0072	0 54987 12155.9 	67142.9	0.0038788	4.53031e-15	4.78743e-07	1050	4.78743e-07	0 1.73334e+07 5e+06 	2.23334e+07	6.55951	6.55445	12703.2	670	0.195415	0	4.029	1.02
76.8	0.00315098	0.000728565	17839.9	1050	105	17502.8	23.2142	23.2142	92.8566	92.8566	0 54940.2 12134 	67074.2	0.00387954	4.25196e-15	4.49413e-07	1050	4.49413e-07	0 1.734e+07 5e+06 	2.234e+07	6.5589	6.55445	12703.2	670	0.195258	0	4.029	1.02
77	0.00315108	0.000729205	17857.7	1050	105	17520.9	23.1766	23.1766	92.7063	92.7063	0 54893.7 12112.1 	67005.8	0.00388028	3.99071e-15	4.21881e-07	1050	4.21881e-07	0 1.73466e+07 5e+06 	2.23466e+07	6.55828	6.55445	12703.2	670	0.195101	0	4.029	1.02
77.2	0.00315117	0.000729849	17875.6	1050	105	17539.2	23.1391	23.1391	92.5563	92.5563	0 54847 12090.3 	66937.3	0.00388102	3.74551e-15	3.96035e-07	1050	3.96035e-07	0 1.73532e+07 5e+06 	2.23532e+07	6.55768	6.55445	12703.2	670	0.194944	0	4.029	1.02
77.4	0.00315127	0.00073049	17893.4	1050	105	17557.4	23.1017	23.1017	92.4067	92.4067	0 54800.5 12068.5 	66869	0.00388176	3.51538e-15	3.71773e-07	1050	3.71773e-07	0 1.73598e+07 5e+06 	2.23598e+07	6.55707	6.55445	12703.2	670	0.194787	0	4.029	1.02
77.6	0.00315137	0.000731131	17911.2	1050	105	17575.6	23.0643	23.0643	92.2573	92.2573	0 54754.2 12046.8 	66801	0.0038825	3.29939e-15	3.48997e-07	1050	3.48997e-07	0 1.73664e+07 5e+06 	2.23664e+07	6.55646	6.55445	12703.2	670	0.19463	0	4.029	1.02
77.8	0.00315147	0.000731771	17929.1	1050	105	17593.8	23.027	23.027	92.1082	92.1082	0 54708 12025.1 	66733.1	0.00388324	3.09667e-15	3.27616e-07	1050	3.27616e-07	0 1.7373e+07 5e+06 	2.2373e+07	6.55585	6.55445	12703.2	670	0.194474	0	4.029	1.02
78	0.00315156	0.00073241	17946.9	1050	105	17612	22.9898	22.9898	91.9594	91.9594	0 54661.9 12003.5 	66665.4	0.00388397	2.90641e-15	3.07546e-07	1050	3.07546e-07	0 1.73796e+07 5e+06 	2.23796e+07	6.55524	6.55445	12703.2	670	0.194317	0	4.029	1.02
78.2	0.00315166	0.00073305	17964.7	1050	105	17630.1	22.9527	22.9527	91.8109	91.8109	0 54615.9 11981.9 	66597.9	0.00388471	2.72784e-15	2.88704e-07	1050	2.88704e-07	0 1.73862e+07 5e+06 	2.23862e+07	6.55464	6.55445	12703.2	670	0.19416	0	4.029	1.02
78.4	0.00315176	0.000733688	17982.4	1050	105	17648.3	22.9157	22.9157	91.6627	91.6627	0 54570.1 11960.4 	66530.5	0.00388545	2.56024e-15	2.71017e-07	1050	2.71017e-07	0 1.73928e+07 5e+06 	2.23928e+07	6.55403	6.55445	12703.2	670	0.194003	0	4.029	1.02
78.6	0.00315186	0.000734327	18000.2	1050	105	17666.4	22.8787	22.8787	91.5148	91.5148	0 54524.3 11939 	66463.3	0.00388618	2.40293e-15	2.54414e-07	1050	2.54414e-07	0 1.73994e+07 5e+06 	2.23994e+07	6.55342	6.55445	12703.2	670	0.193846	0	4.029	1.02
78.8	0.00315195	0.000734965	18018	1050	105	17684.6	22.8418	22.8418	91.3672	91.3672	0 54478.7 11917.6 	66396.2	0.00388692	2.2553e-15	2.38828e-07	1050	2.38828e-07	0 1.7406e+07 5e+06 	2.2406e+07	6.55281	6.55445	12703.2	670	0.19369	0	4.029	1.02
79	0.00315205	0.000735602	18035.7	1050	105	17702.7	22.805	22.805	91.2199	91.2199	0 54433.2 11896.2 	66329.4	0.00388765	2.11673e-15	2.24197e-07	1050	2.24197e-07	0 1.74125e+07 5e+06 	2.24125e+07	6.5522	6.55445	12703.2	670	0.193533	0	4.029	1.02
79.2	0.00315215	0.000736239	18053.5	1050	105	17720.8	22.7682	22.7682	91.0729	91.0729	0 54387.8 11874.9 	66262.6	0.00388839	1.98668e-15	2.10462e-07	1050	2.10462e-07	0 1.74191e+07 5e+06 	2.24191e+07	6.5516	6.55445	12703.2	670	0.193376	0	4.029	1.02
79.4	0.00315225	0.000736875	18071.2	1050	105	17738.9	22.7315	22.7315	90.9262	90.9262	0 54342.5 11853.6 	66196.1	0.00388912	1.86461e-15	1.97568e-07	1050	1.97568e-07	0 1.74257e+07 5e+06 	2.24257e+07	6.55099	6.55445	12703.2	670	0.19322	0	4.029	1.02
79.6	0.00315234	0.000737511	18089	1050	105	17757	22.6949	22.6949	90.7798	90.7798	0 54297.3 11832.4 	66129.7	0.00388985	1.75005e-15	1.85464e-07	1050	1.85464e-07	0 1.74323e+07 5e+06 	2.24323e+07	6.55038	6.55445	12703.2	670	0.193063	0	4.029	1.02
79.8	0.00315244	0.000738147	18106.7	1050	105	17775.1	22.6584	22.6584	90.6336	90.6336	0 54252.2 11811.2 	66063.4	0.00389059	1.64253e-15	1.74102e-07	1050	1.74102e-07	0 1.74388e+07 5e+06 	2.24388e+07	6.54978	6.55445	12703.2	670	0.192906	0	4.029	1.02
80	0.00315254	0.000738782	18124.4	1050	105	17793.2	22.6219	22.6219	90.4878	90.4878	0 54207.2 11790.1 	65997.3	0.00389132	1.54161e-15	1.63436e-07	1050	1.63436e-07	0 1.74454e+07 5e+06 	2.24454e+07	6.54917	6.55445	12703.2	670	0.19275	0	4.029	1.02
80.2	0.00315264	0.000739417	18142.1	1050	105	17811.2	22.5856	22.5856	90.3422	90.3422	0 54162.4 11769 	65931.4	0.00389205	1.4469e-15	1.53424e-07	1050	1.53424e-07	0 1.7452e+07 5e+06 	2.2452e+07	6.54857	6.55445	12703.2	670	0.192593	0	4.029	1.02
80.4	0.00315273	0.000740051	18159.8	1050	105	17829.3	22.5492	22.5492	90.197	90.197	0 54117.6 11748 	65865.6	0.00389278	1.358e-15	1.44024e-07	1050	1.44024e-07	0 1.74585e+07 5e+06 	2.24585e+07	6.54796	6.55445	12703.2	670	0.192437	0	4.029	1.02
80.6	0.00315283	0.000740685	18177.5	1050	105	17847.4	22.513	22.513	90.052	90.052	0 54072.9 11727 	65800	0.00389351	1.27457e-15	1.35201e-07	1050	1.35201e-07	0 1.74651e+07 5e+06 	2.24651e+07	6.54736	6.55445	12703.2	670	0.19228	0	4.029	1.02
80.8	0.00315293	0.000741318	18195.2	1050	105	17865.4	22.4768	22.4768	89.9073	89.9073	0 54028.4 11706.1 	65734.5	0.00389424	1.19626e-15	1.26918e-07	1050	1.26918e-07	0 1.74716e+07 5e+06 	2.24716e+07	6.54675	6.55445	12703.2	670	0.192124	0	4.029	1.02
81	0.00315302	0.000741951	18212.8	1050	105	17883.4	22.4407	22.4407	89.7629	89.7629	0 53984 11685.2 	65669.1	0.00389497	1.12276e-15	1.19143e-07	1050	1.19143e-07	0 1.74782e+07 5e+06 	2.24782e+07	6.54615	6.55445	12703.2	670	0.191967	0	4.029	1.02
81.2	0.00315312	0.000742584	18230.5	1050	105	17901.5	22.4047	22.4047	89.6188	89.6188	0 53939.6 11664.3 	65604	0.0038957	1.05378e-15	1.11844e-07	1050	1.11844e-07	0 1.74847e+07 5e+06 	2.24847e+07	6.54555	6.55445	12703.2	670	0.191811	0	4.029	1.02
81.4	0.00315322	0.000743216	18248.2	1050	105	17919.5	22.3688	22.3688	89.475	89.475	0 53895.4 11643.5 	65538.9	0.00389643	9.89037e-16	1.04992e-07	1050	1.04992e-07	0 1.74913e+07 5e+06 	2.24913e+07	6.54494	6.55445	12703.2	670	0.191654	0	4.029	1.02
81.6	0.00315331	0.000743848	18265.8	1050	105	17937.5	22.3329	22.3329	89.3315	89.3315	0 53851.3 11622.8 	65474.1	0.00389716	9.28272e-16	9.85598e-08	1050	9.85598e-08	0 1.74978e+07 5e+06 	2.24978e+07	6.54434	6.55445	12703.2	670	0.191498	0	4.029	1.02
81.8	0.00315341	0.00074448	18283.5	1050	105	17955.5	22.2971	22.2971	89.1882	89.1882	0 53807.2 11602.1 	65409.3	0.00389789	8.7124e-16	9.25217e-08	1050	9.25217e-08	0 1.75044e+07 5e+06 	2.25044e+07	6.54374	6.55445	12703.2	670	0.191341	0	4.029	1.02
82	0.00315351	0.000745111	18301.1	1050	105	17973.5	22.2613	22.2613	89.0453	89.0453	0 53763.3 11581.4 	65344.8	0.00389862	8.17713e-16	8.68535e-08	1050	8.68535e-08	0 1.75109e+07 5e+06 	2.25109e+07	6.54314	6.55445	12703.2	670	0.191185	0	4.029	1.02
82.2	0.0031536	0.000745742	18318.7	1050	105	17991.5	22.2257	22.2257	88.9026	88.9026	0 53719.5 11560.8 	65280.3	0.00389935	7.67474e-16	8.15326e-08	1050	8.15326e-08	0 1.75174e+07 5e+06 	2.25174e+07	6.54254	6.55445	12703.2	670	0.191029	0	4.029	1.02
82.4	0.0031537	0.000746372	18336.4	1050	105	18009.5	22.1901	22.1901	88.7602	88.7602	0 53675.8 11540.3 	65216	0.00390007	7.20322e-16	7.65377e-08	1050	7.65377e-08	0 1.7524e+07 5e+06 	2.2524e+07	6.54194	6.55445	12703.2	670	0.190872	0	4.029	1.02
82.6	0.0031538	0.000747002	18354	1050	105	18027.4	22.1545	22.1545	88.6181	88.6181	0 53632.1 11519.8 	65151.9	0.0039008	6.76067e-16	7.18488e-08	1050	7.18488e-08	0 1.75305e+07 5e+06 	2.25305e+07	6.54134	6.55445	12703.2	670	0.190716	0	4.029	1.02
82.8	0.00315389	0.000747632	18371.6	1050	105	18045.4	22.1191	22.1191	88.4763	88.4763	0 53588.6 11499.3 	65087.9	0.00390152	6.34531e-16	6.74471e-08	1050	6.74471e-08	0 1.7537e+07 5e+06 	2.2537e+07	6.54074	6.55445	12703.2	670	0.19056	0	4.029	1.02
83	0.00315399	0.000748261	18389.2	1050	105	18063.4	22.0837	22.0837	88.3348	88.3348	0 53545.2 11478.9 	65024	0.00390225	5.95547e-16	6.33151e-08	1050	6.33151e-08	0 1.75435e+07 5e+06 	2.25435e+07	6.54014	6.55445	12703.2	670	0.190403	0	4.029	1.02
83.2	0.00315409	0.00074889	18406.8	1050	105	18081.3	22.0484	22.0484	88.1936	88.1936	0 53501.8 11458.5 	64960.3	0.00390298	5.58958e-16	5.94362e-08	1050	5.94362e-08	0 1.75501e+07 5e+06 	2.25501e+07	6.53954	6.55445	12703.2	670	0.190247	0	4.029	1.02
83.4	0.00315418	0.000749519	18424.4	1050	105	18099.3	22.0131	22.0131	88.0526	88.0526	0 53458.6 11438.1 	64896.7	0.0039037	5.24617e-16	5.57949e-08	1050	5.57949e-08	0 1.75566e+07 5e+06 	2.25566e+07	6.53894	6.55445	12703.2	670	0.190091	0	4.029	1.02
83.6	0.00315428	0.000750147	18442	1050	105	18117.2	21.978	21.978	87.9119	87.9119	0 53415.4 11417.8 	64833.3	0.00390442	4.92386e-16	5.23768e-08	1050	5.23768e-08	0 1.75631e+07 5e+06 	2.25631e+07	6.53834	6.55445	12703.2	670	0.189935	0	4.029	1.02
83.8	0.00315437	0.000750775	18459.6	1050	105	18135.1	21.9429	21.9429	87.7715	87.7715	0 53372.4 11397.6 	64770	0.00390515	4.62135e-16	4.9168e-08	1050	4.9168e-08	0 1.75696e+07 5e+06 	2.25696e+07	6.53774	6.55445	12703.2	670	0.189779	0	4.029	1.02
84	0.00315447	0.000751402	18477.1	1050	105	18153.1	21.9078	21.9078	87.6314	87.6314	0 53329.4 11377.4 	64706.8	0.00390587	4.33743e-16	4.61558e-08	1050	4.61558e-08	0 1.75761e+07 5e+06 	2.25761e+07	6.53715	6.55445	12703.2	670	0.189623	0	4.029	1.02
84.2	0.00315457	0.00075203	18494.7	1050	105	18171	21.8729	21.8729	87.4915	87.4915	0 53286.6 11357.2 	64643.8	0.0039066	4.07095e-16	4.33282e-08	1050	4.33282e-08	0 1.75826e+07 5e+06 	2.25826e+07	6.53655	6.55445	12703.2	670	0.189467	0	4.029	1.02
84.4	0.00315466	0.000752657	18512.3	1050	105	18188.9	21.838	21.838	87.352	87.352	0 53243.8 11337.1 	64580.9	0.00390732	3.82085e-16	4.06738e-08	1050	4.06738e-08	0 1.75891e+07 5e+06 	2.25891e+07	6.53596	6.55445	12703.2	670	0.189311	0	4.029	1.02
84.6	0.00315476	0.000753283	18529.8	1050	105	18206.8	21.8032	21.8032	87.2127	87.2127	0 53201.1 11317 	64518.1	0.00390804	3.58611e-16	3.8182e-08	1050	3.8182e-08	0 1.75956e+07 5e+06 	2.25956e+07	6.53536	6.55445	12703.2	670	0.189155	0	4.029	1.02
84.8	0.00315485	0.000753909	18547.4	1050	105	18224.7	21.7684	21.7684	87.0737	87.0737	0 53158.5 11297 	64455.5	0.00390876	3.36579e-16	3.58428e-08	1050	3.58428e-08	0 1.76022e+07 5e+06 	2.26022e+07	6.53477	6.55445	12703.2	670	0.188999	0	4.029	1.02
85	0.00315495	0.000754535	18564.9	1050	105	18242.6	21.7337	21.7337	86.9349	86.9349	0 53116 11277 	64393	0.00390948	3.15901e-16	3.3647e-08	1050	3.3647e-08	0 1.76086e+07 5e+06 	2.26086e+07	6.53417	6.55445	12703.2	670	0.188843	0	4.029	1.02
85.2	0.00315504	0.000755161	18582.5	1050	105	18260.5	21.6991	21.6991	86.7965	86.7965	0 53073.6 11257 	64330.7	0.0039102	2.96493e-16	3.15857e-08	1050	3.15857e-08	0 1.76151e+07 5e+06 	2.26151e+07	6.53358	6.55445	12703.2	670	0.188687	0	4.029	1.02
85.4	0.00315514	0.000755787	18600	1050	105	18278.4	21.6646	21.6646	86.6583	86.6583	0 53031.3 11237.1 	64268.5	0.00391093	2.78278e-16	2.96506e-08	1050	2.96506e-08	0 1.76216e+07 5e+06 	2.26216e+07	6.53299	6.55445	12703.2	670	0.188531	0	4.029	1.02
85.6	0.00315523	0.000756412	18617.6	1050	105	18296.2	21.6301	21.6301	86.5204	86.5204	0 52989.1 11217.3 	64206.4	0.00391165	2.61181e-16	2.78341e-08	1050	2.78341e-08	0 1.76281e+07 5e+06 	2.26281e+07	6.5324	6.55445	12703.2	670	0.188375	0	4.029	1.02
85.8	0.00315533	0.000757037	18635.1	1050	105	18314.1	21.5957	21.5957	86.3828	86.3828	0 52947 11197.5 	64144.4	0.00391237	2.45135e-16	2.61289e-08	1050	2.61289e-08	0 1.76346e+07 5e+06 	2.26346e+07	6.5318	6.55445	12703.2	670	0.188219	0	4.029	1.02
86	0.00315542	0.000757661	18652.6	1050	105	18332	21.5614	21.5614	86.2455	86.2455	0 52904.9 11177.7 	64082.6	0.00391309	2.30075e-16	2.45282e-08	1050	2.45282e-08	0 1.76411e+07 5e+06 	2.26411e+07	6.53121	6.55445	12703.2	670	0.188063	0	4.029	1.02
86.2	0.00315552	0.000758285	18670.1	1050	105	18349.9	21.5271	21.5271	86.1084	86.1084	0 52862.9 11157.9 	64020.9	0.00391381	2.1594e-16	2.30255e-08	1050	2.30255e-08	0 1.76476e+07 5e+06 	2.26476e+07	6.53062	6.55445	12703.2	670	0.187908	0	4.029	1.02
86.4	0.00315561	0.000758909	18687.6	1050	105	18367.7	21.4929	21.4929	85.9716	85.9716	0 52821.1 11138.2 	63959.3	0.00391452	2.02674e-16	2.16149e-08	1050	2.16149e-08	0 1.76541e+07 5e+06 	2.26541e+07	6.53003	6.55445	12703.2	670	0.187752	0	4.029	1.02
86.6	0.00315571	0.000759533	18705.1	1050	105	18385.6	21.4588	21.4588	85.8351	85.8351	0 52779.3 11118.6 	63897.9	0.00391524	1.90223e-16	2.02907e-08	1050	2.02907e-08	0 1.76606e+07 5e+06 	2.26606e+07	6.52945	6.55445	12703.2	670	0.187596	0	4.029	1.02
86.8	0.0031558	0.000760157	18722.7	1050	105	18403.4	21.4247	21.4247	85.6988	85.6988	0 52737.6 11099 	63836.6	0.00391596	1.78536e-16	1.90476e-08	1050	1.90476e-08	0 1.7667e+07 5e+06 	2.2667e+07	6.52886	6.55445	12703.2	670	0.187441	0	4.029	1.02
87	0.0031559	0.00076078	18740.2	1050	105	18421.2	21.3907	21.3907	85.5628	85.5628	0 52696 11079.4 	63775.4	0.00391668	1.67568e-16	1.78807e-08	1050	1.78807e-08	0 1.76735e+07 5e+06 	2.26735e+07	6.52827	6.55445	12703.2	670	0.187285	0	4.029	1.02
87.2	0.00315599	0.000761403	18757.7	1050	105	18439.1	21.3568	21.3568	85.4271	85.4271	0 52654.4 11059.9 	63714.3	0.0039174	1.57273e-16	1.67853e-08	1050	1.67853e-08	0 1.768e+07 5e+06 	2.268e+07	6.52768	6.55445	12703.2	670	0.18713	0	4.029	1.02
87.4	0.00315609	0.000762025	18775.1	1050	105	18456.9	21.3229	21.3229	85.2917	85.2917	0 52613 11040.4 	63653.4	0.00391811	1.47611e-16	1.5757e-08	1050	1.5757e-08	0 1.76865e+07 5e+06 	2.26865e+07	6.5271	6.55445	12703.2	670	0.186974	0	4.029	1.02
87.6	0.00315618	0.000762648	18792.6	1050	105	18474.7	21.2891	21.2891	85.1565	85.1565	0 52571.6 11020.9 	63592.5	0.00391883	1.38543e-16	1.47917e-08	1050	1.47917e-08	0 1.76929e+07 5e+06 	2.26929e+07	6.52651	6.55445	12703.2	670	0.186819	0	4.029	1.02
87.8	0.00315628	0.00076327	18810.1	1050	105	18492.6	21.2554	21.2554	85.0216	85.0216	0 52530.3 11001.5 	63531.8	0.00391955	1.30032e-16	1.38855e-08	1050	1.38855e-08	0 1.76994e+07 5e+06 	2.26994e+07	6.52593	6.55445	12703.2	670	0.186663	0	4.029	1.02
88	0.00315637	0.000763892	18827.6	1050	105	18510.4	21.2217	21.2217	84.887	84.887	0 52489.1 10982.2 	63471.3	0.00392026	1.22043e-16	1.30348e-08	1050	1.30348e-08	0 1.77059e+07 5e+06 	2.27059e+07	6.52534	6.55445	12703.2	670	0.186508	0	4.029	1.02
88.2	0.00315646	0.000764514	18845.1	1050	105	18528.2	21.1882	21.1882	84.7526	84.7526	0 52448 10962.8 	63410.8	0.00392098	1.14545e-16	1.22363e-08	1050	1.22363e-08	0 1.77123e+07 5e+06 	2.27123e+07	6.52476	6.55445	12703.2	670	0.186352	0	4.029	1.02
88.4	0.00315656	0.000765135	18862.6	1050	105	18546	21.1546	21.1546	84.6185	84.6185	0 52406.9 10943.6 	63350.5	0.00392169	1.07508e-16	1.14866e-08	1050	1.14866e-08	0 1.77188e+07 5e+06 	2.27188e+07	6.52418	6.55445	12703.2	670	0.186197	0	4.029	1.02
88.6	0.00315665	0.000765757	18880	1050	105	18563.8	21.1212	21.1212	84.4847	84.4847	0 52366 10924.3 	63290.3	0.00392241	1.00904e-16	1.07829e-08	1050	1.07829e-08	0 1.77253e+07 5e+06 	2.27253e+07	6.5236	6.55445	12703.2	670	0.186042	0	4.029	1.02
88.8	0.00315675	0.000766378	18897.5	1050	105	18581.6	21.0878	21.0878	84.3511	84.3511	0 52325.1 10905.1 	63230.2	0.00392312	9.47048e-17	1.01223e-08	1050	1.01223e-08	0 1.77317e+07 5e+06 	2.27317e+07	6.52302	6.55445	12703.2	670	0.185886	0	4.029	1.02
89	0.00315684	0.000766999	18915	1050	105	18599.4	21.0545	21.0545	84.2179	84.2179	0 52284.3 10885.9 	63170.2	0.00392384	8.88867e-17	9.5022e-09	1050	9.5022e-09	0 1.77382e+07 5e+06 	2.27382e+07	6.52244	6.55445	12703.2	670	0.185731	0	4.029	1.02
89.2	0.00315693	0.000767619	18932.4	1050	105	18617.2	21.0212	21.0212	84.0848	84.0848	0 52243.5 10866.8 	63110.4	0.00392455	8.34261e-17	8.92007e-09	1050	8.92007e-09	0 1.77447e+07 5e+06 	2.27447e+07	6.52186	6.55445	12703.2	670	0.185576	0	4.029	1.02
89.4	0.00315703	0.00076824	18949.9	1050	105	18635	20.988	20.988	83.9521	83.9521	0 52202.9 10847.7 	63050.6	0.00392527	7.83009e-17	8.37359e-09	1050	8.37359e-09	0 1.77511e+07 5e+06 	2.27511e+07	6.52128	6.55445	12703.2	670	0.185421	0	4.029	1.02
89.6	0.00315712	0.00076886	18967.4	1050	105	18652.8	20.9549	20.9549	83.8196	83.8196	0 52162.3 10828.7 	62991	0.00392598	7.34906e-17	7.8606e-09	1050	7.8606e-09	0 1.77576e+07 5e+06 	2.27576e+07	6.5207	6.55445	12703.2	670	0.185266	0	4.029	1.02
89.8	0.00315721	0.00076948	18984.8	1050	105	18670.6	20.9218	20.9218	83.6874	83.6874	0 52121.8 10809.7 	62931.5	0.00392669	6.89758e-17	7.37904e-09	1050	7.37904e-09	0 1.7764e+07 5e+06 	2.2764e+07	6.52012	6.55445	12703.2	670	0.185111	0	4.029	1.02
90	0.00315731	0.0007701	19002.3	1050	105	18688.4	20.8888	20.8888	83.5554	83.5554	0 52081.4 10790.7 	62872.1	0.00392741	6.47384e-17	6.92698e-09	1050	6.92698e-09	0 1.77705e+07 5e+06 	2.27705e+07	6.51955	6.55445	12703.2	670	0.184956	0	4.029	1.02
90.2	0.0031574	0.00077072	19019.7	1050	105	18706.2	20.8559	20.8559	83.4237	83.4237	0 52041.1 10771.8 	62812.8	0.00392812	6.07613e-17	6.50261e-09	1050	6.50261e-09	0 1.77769e+07 5e+06 	2.27769e+07	6.51897	6.55445	12703.2	670	0.184801	0	4.029	1.02
90.4	0.00315749	0.000771339	19037.2	1050	105	18724	20.8231	20.8231	83.2923	83.2923	0 52000.8 10752.9 	62753.6	0.00392883	5.70285e-17	6.10424e-09	1050	6.10424e-09	0 1.77834e+07 5e+06 	2.27834e+07	6.5184	6.55445	12703.2	670	0.184646	0	4.029	1.02
90.6	0.00315758	0.000771959	19054.6	1050	105	18741.7	20.7903	20.7903	83.1611	83.1611	0 51960.6 10734 	62694.6	0.00392954	5.35251e-17	5.73027e-09	1050	5.73027e-09	0 1.77898e+07 5e+06 	2.27898e+07	6.51783	6.55445	12703.2	670	0.184491	0	4.029	1.02
90.8	0.00315768	0.000772578	19072.1	1050	105	18759.5	20.7575	20.7575	83.0302	83.0302	0 51920.5 10715.2 	62635.6	0.00393025	5.02369e-17	5.37922e-09	1050	5.37922e-09	0 1.77962e+07 5e+06 	2.27962e+07	6.51725	6.55445	12703.2	670	0.184336	0	4.029	1.02
91	0.00315777	0.000773197	19089.5	1050	105	18777.3	20.7249	20.7249	82.8995	82.8995	0 51880.4 10696.4 	62576.8	0.00393097	4.71507e-17	5.04967e-09	1050	5.04967e-09	0 1.78027e+07 5e+06 	2.28027e+07	6.51668	6.55445	12703.2	670	0.184182	0	4.029	1.02
91.2	0.00315786	0.000773816	19107	1050	105	18795.1	20.6923	20.6923	82.7691	82.7691	0 51840.4 10677.7 	62518.1	0.00393168	4.42541e-17	4.74031e-09	1050	4.74031e-09	0 1.78091e+07 5e+06 	2.28091e+07	6.51611	6.55445	12703.2	670	0.184027	0	4.029	1.02
91.4	0.00315795	0.000774434	19124.4	1050	105	18812.8	20.6598	20.6598	82.639	82.639	0 51800.5 10659 	62459.5	0.00393239	4.15354e-17	4.44991e-09	1050	4.44991e-09	0 1.78156e+07 5e+06 	2.28156e+07	6.51554	6.55445	12703.2	670	0.183872	0	4.029	1.02
91.6	0.00315804	0.000775053	19141.9	1050	105	18830.6	20.6273	20.6273	82.5091	82.5091	0 51760.7 10640.3 	62401	0.0039331	3.89838e-17	4.17729e-09	1050	4.17729e-09	0 1.7822e+07 5e+06 	2.2822e+07	6.51497	6.55445	12703.2	670	0.183718	0	4.029	1.02
91.8	0.00315814	0.000775672	19159.3	1050	105	18848.4	20.5949	20.5949	82.3795	82.3795	0 51720.9 10621.7 	62342.6	0.00393381	3.65889e-17	3.92138e-09	1050	3.92138e-09	0 1.78284e+07 5e+06 	2.28284e+07	6.5144	6.55445	12703.2	670	0.183563	0	4.029	1.02
92	0.00315823	0.00077629	19176.7	1050	105	18866.1	20.5625	20.5625	82.2502	82.2502	0 51681.2 10603.1 	62284.3	0.00393452	3.43412e-17	3.68114e-09	1050	3.68114e-09	0 1.78349e+07 5e+06 	2.28349e+07	6.51384	6.55445	12703.2	670	0.183409	0	4.029	1.02
92.2	0.00315832	0.000776908	19194.2	1050	105	18883.9	20.5303	20.5303	82.1211	82.1211	0 51641.6 10584.5 	62226.1	0.00393523	3.22315e-17	3.45562e-09	1050	3.45562e-09	0 1.78413e+07 5e+06 	2.28413e+07	6.51327	6.55445	12703.2	670	0.183254	0	4.029	1.02
92.4	0.00315841	0.000777526	19211.6	1050	105	18901.6	20.4981	20.4981	81.9923	81.9923	0 51602 10566 	62168	0.00393594	3.02514e-17	3.24392e-09	1050	3.24392e-09	0 1.78478e+07 5e+06 	2.28478e+07	6.5127	6.55445	12703.2	670	0.1831	0	4.029	1.02
92.6	0.0031585	0.000778144	19229.1	1050	105	18919.4	20.4659	20.4659	81.8637	81.8637	0 51562.5 10547.5 	62110.1	0.00393665	2.8393e-17	3.04519e-09	1050	3.04519e-09	0 1.78542e+07 5e+06 	2.28542e+07	6.51214	6.55445	12703.2	670	0.182945	0	4.029	1.02
92.8	0.00315859	0.000778762	19246.5	1050	105	18937.2	20.4338	20.4338	81.7354	81.7354	0 51523.1 10529.1 	62052.2	0.00393736	2.66488e-17	2.85863e-09	1050	2.85863e-09	0 1.78606e+07 5e+06 	2.28606e+07	6.51158	6.55445	12703.2	670	0.182791	0	4.029	1.02
93	0.00315868	0.00077938	19263.9	1050	105	18954.9	20.4018	20.4018	81.6073	81.6073	0 51483.8 10510.6 	61994.4	0.00393806	2.50117e-17	2.6835e-09	1050	2.6835e-09	0 1.7867e+07 5e+06 	2.2867e+07	6.51101	6.55445	12703.2	670	0.182637	0	4.029	1.02
93.2	0.00315878	0.000779997	19281.4	1050	105	18972.7	20.3699	20.3699	81.4795	81.4795	0 51444.5 10492.3 	61936.8	0.00393877	2.34752e-17	2.5191e-09	1050	2.5191e-09	0 1.78735e+07 5e+06 	2.28735e+07	6.51045	6.55445	12703.2	670	0.182482	0	4.029	1.02
93.4	0.00315887	0.000780615	19298.8	1050	105	18990.4	20.338	20.338	81.3519	81.3519	0 51405.3 10473.9 	61879.2	0.00393948	2.20331e-17	2.36478e-09	1050	2.36478e-09	0 1.78799e+07 5e+06 	2.28799e+07	6.50989	6.55445	12703.2	670	0.182328	0	4.029	1.02
93.6	0.00315896	0.000781232	19316.2	1050	105	19008.2	20.3062	20.3062	81.2246	81.2246	0 51366.1 10455.6 	61821.8	0.00394019	2.06795e-17	2.2199e-09	1050	2.2199e-09	0 1.78863e+07 5e+06 	2.28863e+07	6.50933	6.55445	12703.2	670	0.182174	0	4.029	1.02
93.8	0.00315905	0.000781849	19333.7	1050	105	19025.9	20.2744	20.2744	81.0976	81.0976	0 51327 10437.4 	61764.4	0.0039409	1.94092e-17	2.0839e-09	1050	2.0839e-09	0 1.78928e+07 5e+06 	2.28928e+07	6.50877	6.55445	12703.2	670	0.18202	0	4.029	1.02
94	0.00315914	0.000782467	19351.1	1050	105	19043.7	20.2427	20.2427	80.9708	80.9708	0 51288 10419.1 	61707.1	0.0039416	1.82168e-17	1.95624e-09	1050	1.95624e-09	0 1.78992e+07 5e+06 	2.28992e+07	6.50822	6.55445	12703.2	670	0.181866	0	4.029	1.02
94.2	0.00315923	0.000783084	19368.6	1050	105	19061.4	20.2111	20.2111	80.8443	80.8443	0 51249 10400.9 	61650	0.00394231	1.70977e-17	1.83639e-09	1050	1.83639e-09	0 1.79056e+07 5e+06 	2.29056e+07	6.50766	6.55445	12703.2	670	0.181712	0	4.029	1.02
94.4	0.00315932	0.000783701	19386	1050	105	19079.2	20.1795	20.1795	80.718	80.718	0 51210.1 10382.8 	61592.9	0.00394302	1.60474e-17	1.72389e-09	1050	1.72389e-09	0 1.7912e+07 5e+06 	2.2912e+07	6.5071	6.55445	12703.2	670	0.181558	0	4.029	1.02
94.6	0.00315941	0.000784318	19403.4	1050	105	19096.9	20.148	20.148	80.592	80.592	0 51171.3 10364.7 	61536	0.00394372	1.50616e-17	1.61828e-09	1050	1.61828e-09	0 1.79184e+07 5e+06 	2.29184e+07	6.50655	6.55445	12703.2	670	0.181404	0	4.029	1.02
94.8	0.0031595	0.000784935	19420.9	1050	105	19114.7	20.1165	20.1165	80.4662	80.4662	0 51132.5 10346.6 	61479.1	0.00394443	1.41363e-17	1.51914e-09	1050	1.51914e-09	0 1.79249e+07 5e+06 	2.29249e+07	6.506	6.55445	12703.2	670	0.18125	0	4.029	1.02
95	0.00315959	0.000785552	19438.3	1050	105	19132.5	20.0852	20.0852	80.3407	80.3407	0 51093.8 10328.5 	61422.4	0.00394514	1.32679e-17	1.42607e-09	1050	1.42607e-09	0 1.79313e+07 5e+06 	2.29313e+07	6.50544	6.55445	12703.2	670	0.181096	0	4.029	1.02
95.2	0.00315967	0.000786168	19455.7	1050	105	19150.2	20.0538	20.0538	80.2154	80.2154	0 51055.2 10310.5 	61365.7	0.00394584	1.24529e-17	1.33871e-09	1050	1.33871e-09	0 1.79377e+07 5e+06 	2.29377e+07	6.50489	6.55445	12703.2	670	0.180943	0	4.029	1.02
95.4	0.00315976	0.000786785	19473.2	1050	105	19168	20.0226	20.0226	80.0904	80.0904	0 51016.6 10292.5 	61309.1	0.00394655	1.16879e-17	1.25669e-09	1050	1.25669e-09	0 1.79441e+07 5e+06 	2.29441e+07	6.50434	6.55445	12703.2	670	0.180789	0	4.029	1.02
95.6	0.00315985	0.000787402	19490.6	1050	105	19185.7	19.9914	19.9914	79.9656	79.9656	0 50978.1 10274.6 	61252.7	0.00394725	1.09699e-17	1.1797e-09	1050	1.1797e-09	0 1.79505e+07 5e+06 	2.29505e+07	6.50379	6.55445	12703.2	670	0.180635	0	4.029	1.02
95.8	0.00315994	0.000788019	19508.1	1050	105	19203.5	19.9603	19.9603	79.8411	79.8411	0 50939.6 10256.7 	61196.3	0.00394796	1.0296e-17	1.10743e-09	1050	1.10743e-09	0 1.7957e+07 5e+06 	2.2957e+07	6.50325	6.55445	12703.2	670	0.180482	0	4.029	1.02
96	0.00316003	0.000788635	19525.5	1050	105	19221.2	19.9292	19.9292	79.7168	79.7168	0 50901.2 10238.8 	61140	0.00394867	9.66349e-18	1.03959e-09	1050	1.03959e-09	0 1.79634e+07 5e+06 	2.29634e+07	6.5027	6.55445	12703.2	670	0.180328	0	4.029	1.02
96.2	0.00316012	0.000789252	19543	1050	105	19239	19.8982	19.8982	79.5928	79.5928	0 50862.9 10220.9 	61083.8	0.00394937	9.06986e-18	9.75898e-10	1050	9.75898e-10	0 1.79698e+07 5e+06 	2.29698e+07	6.50215	6.55445	12703.2	670	0.180175	0	4.029	1.02
96.4	0.00316021	0.000789869	19560.4	1050	105	19256.8	19.8672	19.8672	79.469	79.469	0 50824.6 10203.1 	61027.7	0.00395008	8.51269e-18	9.16112e-10	1050	9.16112e-10	0 1.79762e+07 5e+06 	2.29762e+07	6.50161	6.55445	12703.2	670	0.180022	0	4.029	1.02
96.6	0.00316029	0.000790485	19577.9	1050	105	19274.5	19.8364	19.8364	79.3454	79.3454	0 50786.3 10185.3 	60971.7	0.00395078	7.98975e-18	8.59988e-10	1050	8.59988e-10	0 1.79826e+07 5e+06 	2.29826e+07	6.50107	6.55445	12703.2	670	0.179868	0	4.029	1.02
96.8	0.00316038	0.000791102	19595.3	1050	105	19292.3	19.8055	19.8055	79.2221	79.2221	0 50748.2 10167.6 	60915.8	0.00395148	7.49894e-18	8.07303e-10	1050	8.07303e-10	0 1.7989e+07 5e+06 	2.2989e+07	6.50052	6.55445	12703.2	670	0.179715	0	4.029	1.02
97	0.00316047	0.000791718	19612.8	1050	105	19310	19.7748	19.7748	79.0991	79.0991	0 50710.1 10149.9 	60859.9	0.00395219	7.03828e-18	7.57845e-10	1050	7.57845e-10	0 1.79954e+07 5e+06 	2.29954e+07	6.49998	6.55445	12703.2	670	0.179562	0	4.029	1.02
97.2	0.00316056	0.000792335	19630.2	1050	105	19327.8	19.7441	19.7441	78.9763	78.9763	0 50672 10132.2 	60804.2	0.00395289	6.60591e-18	7.11417e-10	1050	7.11417e-10	0 1.80019e+07 5e+06 	2.30019e+07	6.49944	6.55445	12703.2	670	0.179409	0	4.029	1.02
97.4	0.00316065	0.000792952	19647.7	1050	105	19345.6	19.7134	19.7134	78.8538	78.8538	0 50634 10114.6 	60748.6	0.0039536	6.20011e-18	6.67833e-10	1050	6.67833e-10	0 1.80083e+07 5e+06 	2.30083e+07	6.4989	6.55445	12703.2	670	0.179255	0	4.029	1.02
97.6	0.00316073	0.000793568	19665.2	1050	105	19363.3	19.6829	19.6829	78.7315	78.7315	0 50596 10097 	60693	0.0039543	5.81924e-18	6.2692e-10	1050	6.2692e-10	0 1.80147e+07 5e+06 	2.30147e+07	6.49837	6.55445	12703.2	670	0.179102	0	4.029	1.02
97.8	0.00316082	0.000794185	19682.6	1050	105	19381.1	19.6523	19.6523	78.6094	78.6094	0 50558.1 10079.4 	60637.5	0.003955	5.46176e-18	5.88513e-10	1050	5.88513e-10	0 1.80211e+07 5e+06 	2.30211e+07	6.49783	6.55445	12703.2	670	0.178949	0	4.029	1.02
98	0.00316091	0.000794802	19700.1	1050	105	19398.9	19.6219	19.6219	78.4876	78.4876	0 50520.3 10061.8 	60582.1	0.00395571	5.12625e-18	5.52459e-10	1050	5.52459e-10	0 1.80275e+07 5e+06 	2.30275e+07	6.4973	6.55445	12703.2	670	0.178796	0	4.029	1.02
98.2	0.00316099	0.000795418	19717.6	1050	105	19416.7	19.5915	19.5915	78.366	78.366	0 50482.5 10044.3 	60526.8	0.00395641	4.81134e-18	5.18613e-10	1050	5.18613e-10	0 1.80339e+07 5e+06 	2.30339e+07	6.49676	6.55445	12703.2	670	0.178644	0	4.029	1.02
98.4	0.00316108	0.000796035	19735.1	1050	105	19434.4	19.5612	19.5612	78.2447	78.2447	0 50444.8 10026.8 	60471.6	0.00395711	4.51578e-18	4.86841e-10	1050	4.86841e-10	0 1.80403e+07 5e+06 	2.30403e+07	6.49623	6.55445	12703.2	670	0.178491	0	4.029	1.02
98.6	0.00316116	0.000796652	19752.5	1050	105	19452.2	19.5309	19.5309	78.1236	78.1236	0 50407.1 10009.4 	60416.5	0.00395782	4.23838e-18	4.57016e-10	1050	4.57016e-10	0 1.80467e+07 5e+06 	2.30467e+07	6.4957	6.55445	12703.2	670	0.178338	0	4.029	1.02
98.8	0.00316125	0.000797269	19770	1050	105	19470	19.5007	19.5007	78.0027	78.0027	0 50369.5 9991.98 	60361.5	0.00395852	3.97801e-18	4.29018e-10	1050	4.29018e-10	0 1.80531e+07 5e+06 	2.30531e+07	6.49517	6.55445	12703.2	670	0.178185	0	4.029	1.02
99	0.00316134	0.000797886	19787.5	1050	105	19487.8	19.4705	19.4705	77.8821	77.8821	0 50331.9 9974.59 	60306.5	0.00395922	3.73365e-18	4.02735e-10	1050	4.02735e-10	0 1.80596e+07 5e+06 	2.30596e+07	6.49464	6.55445	12703.2	670	0.178033	0	4.029	1.02
99.2	0.00316142	0.000798502	19805	1050	105	19505.6	19.4404	19.4404	77.7618	77.7618	0 50294.4 9957.24 	60251.6	0.00395992	3.50429e-18	3.78062e-10	1050	3.78062e-10	0 1.8066e+07 5e+06 	2.3066e+07	6.49411	6.55445	12703.2	670	0.17788	0	4.029	1.02
99.4	0.00316151	0.000799119	19822.5	1050	105	19523.4	19.4104	19.4104	77.6416	77.6416	0 50256.9 9939.93 	60196.8	0.00396063	3.28902e-18	3.54901e-10	1050	3.54901e-10	0 1.80724e+07 5e+06 	2.30724e+07	6.49359	6.55445	12703.2	670	0.177728	0	4.029	1.02
99.6	0.00316159	0.000799737	19840	1050	105	19541.2	19.3804	19.3804	77.5218	77.5218	0 50219.5 9922.64 	60142.1	0.00396133	3.08698e-18	3.33159e-10	1050	3.33159e-10	0 1.80788e+07 5e+06 	2.30788e+07	6.49306	6.55445	12703.2	670	0.177575	0	4.029	1.02
99.8	0.00316168	0.000800354	19857.5	1050	105	19559	19.3505	19.3505	77.4021	77.4021	0 50182.1 9905.39 	60087.5	0.00396203	2.89735e-18	3.12748e-10	1050	3.12748e-10	0 1.80852e+07 5e+06 	2.30852e+07	6.49254	6.55445	12703.2	670	0.177423	0	4.029	1.02
100	0.00316176	0.000800971	19875	1050	105	19576.8	19.3207	19.3207	77.2827	77.2827	0 50144.8 9888.16 	60032.9	0.00396273	2.71937e-18	2.93588e-10	1050	2.93588e-10	0 1.80916e+07 5e+06 	2.30916e+07	6.49202	6.55445	12703.2	670	0.17727	0	4.029	1.02
100.2	0.00316185	0.000801588	19892.5	1050	105	19594.6	19.2909	19.2909	77.1636	77.1636	0 50107.5 9870.97 	59978.5	0.00396344	2.55232e-18	2.75602e-10	1050	2.75602e-10	0 1.8098e+07 5e+06 	2.3098e+07	6.4915	6.55445	12703.2	670	0.177118	0	4.029	1.02
100.4	0.00316193	0.000802206	19910	1050	105	19612.4	19.2612	19.2612	77.0446	77.0446	0 50070.2 9853.81 	59924.1	0.00396414	2.39553e-18	2.58718e-10	1050	2.58718e-10	0 1.81044e+07 5e+06 	2.31044e+07	6.49098	6.55445	12703.2	670	0.176966	0	4.029	1.02
100.6	0.00316202	0.000802823	19927.6	1050	105	19630.3	19.2315	19.2315	76.9259	76.9259	0 50033.1 9836.68 	59869.7	0.00396484	2.24838e-18	2.42868e-10	1050	2.42868e-10	0 1.81108e+07 5e+06 	2.31108e+07	6.49046	6.55445	12703.2	670	0.176814	0	4.029	1.02
100.8	0.0031621	0.000803441	19945.1	1050	105	19648.1	19.2019	19.2019	76.8075	76.8075	0 49995.9 9819.59 	59815.5	0.00396554	2.11026e-18	2.27989e-10	1050	2.27989e-10	0 1.81172e+07 5e+06 	2.31172e+07	6.48994	6.55445	12703.2	670	0.176662	0	4.029	1.02
101	0.00316218	0.000804059	19962.6	1050	105	19665.9	19.1723	19.1723	76.6893	76.6893	0 49958.8 9802.52 	59761.4	0.00396624	1.98063e-18	2.14022e-10	1050	2.14022e-10	0 1.81236e+07 5e+06 	2.31236e+07	6.48943	6.55445	12703.2	670	0.17651	0	4.029	1.02
101.2	0.00316227	0.000804677	19980.2	1050	105	19683.7	19.1428	19.1428	76.5713	76.5713	0 49921.8 9785.48 	59707.3	0.00396694	1.85896e-18	2.0091e-10	1050	2.0091e-10	0 1.81301e+07 5e+06 	2.31301e+07	6.48892	6.55445	12703.2	670	0.176358	0	4.029	1.02
101.4	0.00316235	0.000805295	19997.7	1050	105	19701.6	19.1134	19.1134	76.4535	76.4535	0 49884.8 9768.48 	59653.3	0.00396764	1.74477e-18	1.88602e-10	1050	1.88602e-10	0 1.81365e+07 5e+06 	2.31365e+07	6.4884	6.55445	12703.2	670	0.176206	0	4.029	1.02
101.6	0.00316243	0.000805913	20015.3	1050	105	19719.4	19.084	19.084	76.336	76.336	0 49847.8 9751.5 	59599.3	0.00396834	1.63759e-18	1.77048e-10	1050	1.77048e-10	0 1.81429e+07 5e+06 	2.31429e+07	6.48789	6.55445	12703.2	670	0.176054	0	4.029	1.02
101.8	0.00316251	0.000806531	20032.8	1050	105	19737.3	19.0547	19.0547	76.2188	76.2188	0 49810.9 9734.56 	59545.5	0.00396905	1.53699e-18	1.66201e-10	1050	1.66201e-10	0 1.81493e+07 5e+06 	2.31493e+07	6.48739	6.55445	12703.2	670	0.175902	0	4.029	1.02
102	0.0031626	0.00080715	20050.4	1050	105	19755.1	19.0254	19.0254	76.1017	76.1017	0 49774 9717.65 	59491.7	0.00396975	1.44258e-18	1.56019e-10	1050	1.56019e-10	0 1.81557e+07 5e+06 	2.31557e+07	6.48688	6.55445	12703.2	670	0.175751	0	4.029	1.02
102.2	0.00316268	0.000807768	20068	1050	105	19773	18.9962	18.9962	75.9849	75.9849	0 49737.2 9700.76 	59438	0.00397045	1.35396e-18	1.46461e-10	1050	1.46461e-10	0 1.81621e+07 5e+06 	2.31621e+07	6.48637	6.55445	12703.2	670	0.175599	0	4.029	1.02
102.4	0.00316276	0.000808387	20085.5	1050	105	19790.9	18.9671	18.9671	75.8683	75.8683	0 49700.4 9683.91 	59384.3	0.00397115	1.27079e-18	1.37488e-10	1050	1.37488e-10	0 1.81685e+07 5e+06 	2.31685e+07	6.48587	6.55445	12703.2	670	0.175448	0	4.029	1.02
102.6	0.00316284	0.000809006	20103.1	1050	105	19808.7	18.938	18.938	75.752	75.752	0 49663.7 9667.09 	59330.8	0.00397185	1.19273e-18	1.29065e-10	1050	1.29065e-10	0 1.81749e+07 5e+06 	2.31749e+07	6.48536	6.55445	12703.2	670	0.175296	0	4.029	1.02
102.8	0.00316292	0.000809625	20120.7	1050	105	19826.6	18.909	18.909	75.6359	75.6359	0 49627 9650.29 	59277.3	0.00397255	1.11946e-18	1.21158e-10	1050	1.21158e-10	0 1.81813e+07 5e+06 	2.31813e+07	6.48486	6.55445	12703.2	670	0.175145	0	4.029	1.02
103	0.00316301	0.000810244	20138.3	1050	105	19844.5	18.88	18.88	75.52	75.52	0 49590.3 9633.53 	59223.9	0.00397325	1.05069e-18	1.13736e-10	1050	1.13736e-10	0 1.81878e+07 5e+06 	2.31878e+07	6.48436	6.55445	12703.2	670	0.174993	0	4.029	1.02
103.2	0.00316309	0.000810864	20155.9	1050	105	19862.4	18.8511	18.8511	75.4044	75.4044	0 49553.7 9616.79 	59170.5	0.00397395	9.86149e-19	1.06768e-10	1050	1.06768e-10	0 1.81942e+07 5e+06 	2.31942e+07	6.48387	6.55445	12703.2	670	0.174842	0	4.029	1.02
103.4	0.00316317	0.000811484	20173.5	1050	105	19880.3	18.8222	18.8222	75.289	75.289	0 49517.1 9600.09 	59117.2	0.00397465	9.25571e-19	1.00227e-10	1050	1.00227e-10	0 1.82006e+07 5e+06 	2.32006e+07	6.48337	6.55445	12703.2	670	0.174691	0	4.029	1.02
103.6	0.00316325	0.000812104	20191.1	1050	105	19898.2	18.7934	18.7934	75.1738	75.1738	0 49480.6 9583.41 	59064	0.00397535	8.68715e-19	9.40869e-11	1050	9.40869e-11	0 1.8207e+07 5e+06 	2.3207e+07	6.48287	6.55445	12703.2	670	0.17454	0	4.029	1.02
103.8	0.00316333	0.000812724	20208.8	1050	105	19916.1	18.7647	18.7647	75.0588	75.0588	0 49444.1 9566.77 	59010.9	0.00397605	8.15351e-19	8.83228e-11	1050	8.83228e-11	0 1.82134e+07 5e+06 	2.32134e+07	6.48238	6.55445	12703.2	670	0.174389	0	4.029	1.02
104	0.00316341	0.000813344	20226.4	1050	105	19934.1	18.736	18.736	74.9441	74.9441	0 49407.6 9550.15 	58957.8	0.00397675	7.65265e-19	8.29119e-11	1050	8.29119e-11	0 1.82198e+07 5e+06 	2.32198e+07	6.48189	6.55445	12703.2	670	0.174238	0	4.029	1.02
104.2	0.00316349	0.000813965	20244.1	1050	105	19952	18.7074	18.7074	74.8296	74.8296	0 49371.2 9533.56 	58904.8	0.00397745	7.18256e-19	7.78325e-11	1050	7.78325e-11	0 1.82262e+07 5e+06 	2.32262e+07	6.4814	6.55445	12703.2	670	0.174087	0	4.029	1.02
104.4	0.00316357	0.000814585	20261.7	1050	105	19969.9	18.6788	18.6788	74.7153	74.7153	0 49334.8 9517 	58851.8	0.00397815	6.74135e-19	7.30642e-11	1050	7.30642e-11	0 1.82327e+07 5e+06 	2.32327e+07	6.48091	6.55445	12703.2	670	0.173936	0	4.029	1.02
104.6	0.00316365	0.000815207	20279.4	1050	105	19987.9	18.6503	18.6503	74.6013	74.6013	0 49298.5 9500.47 	58798.9	0.00397885	6.32724e-19	6.85881e-11	1050	6.85881e-11	0 1.82391e+07 5e+06 	2.32391e+07	6.48042	6.55445	12703.2	670	0.173785	0	4.029	1.02
104.8	0.00316373	0.000815828	20297	1050	105	20005.8	18.6219	18.6219	74.4875	74.4875	0 49262.2 9483.97 	58746.1	0.00397955	5.93857e-19	6.43861e-11	1050	6.43861e-11	0 1.82455e+07 5e+06 	2.32455e+07	6.47994	6.55445	12703.2	670	0.173635	0	4.029	1.02
105	0.0031638	0.000816449	20314.7	1050	105	20023.8	18.5935	18.5935	74.3739	74.3739	0 49225.9 9467.5 	58693.4	0.00398025	5.57377e-19	6.04417e-11	1050	6.04417e-11	0 1.82519e+07 5e+06 	2.32519e+07	6.47946	6.55445	12703.2	670	0.173484	0	4.029	1.02
105.2	0.00316388	0.000817071	20332.4	1050	105	20041.8	18.5651	18.5651	74.2606	74.2606	0 49189.6 9451.05 	58640.7	0.00398095	5.23139e-19	5.67388e-11	1050	5.67388e-11	0 1.82584e+07 5e+06 	2.32584e+07	6.47897	6.55445	12703.2	670	0.173333	0	4.029	1.02
105.4	0.00316396	0.000817693	20350.1	1050	105	20059.7	18.5369	18.5369	74.1474	74.1474	0 49153.4 9434.63 	58588.1	0.00398165	4.91003e-19	5.32628e-11	1050	5.32628e-11	0 1.82648e+07 5e+06 	2.32648e+07	6.47849	6.55445	12703.2	670	0.173183	0	4.029	1.02
105.6	0.00316404	0.000818316	20367.8	1050	105	20077.7	18.5086	18.5086	74.0345	74.0345	0 49117.3 9418.24 	58535.5	0.00398235	4.60842e-19	4.99998e-11	1050	4.99998e-11	0 1.82712e+07 5e+06 	2.32712e+07	6.47802	6.55445	12703.2	670	0.173032	0	4.029	1.02
105.8	0.00316412	0.000818938	20385.5	1050	105	20095.7	18.4805	18.4805	73.9218	73.9218	0 49081.1 9401.88 	58483	0.00398305	4.32533e-19	4.69366e-11	1050	4.69366e-11	0 1.82776e+07 5e+06 	2.32776e+07	6.47754	6.55445	12703.2	670	0.172882	0	4.029	1.02
106	0.00316419	0.000819561	20403.3	1050	105	20113.7	18.4523	18.4523	73.8094	73.8094	0 49045 9385.55 	58430.5	0.00398375	4.05964e-19	4.40612e-11	1050	4.40612e-11	0 1.82841e+07 5e+06 	2.32841e+07	6.47707	6.55445	12703.2	670	0.172732	0	4.029	1.02
106.2	0.00316427	0.000820185	20421	1050	105	20131.7	18.4243	18.4243	73.6972	73.6972	0 49008.9 9369.24 	58378.2	0.00398445	3.81026e-19	4.13618e-11	1050	4.13618e-11	0 1.82905e+07 5e+06 	2.32905e+07	6.47659	6.55445	12703.2	670	0.172582	0	4.029	1.02
106.4	0.00316435	0.000820808	20438.7	1050	105	20149.8	18.3963	18.3963	73.5852	73.5852	0 48972.9 9352.97 	58325.8	0.00398516	3.5762e-19	3.88279e-11	1050	3.88279e-11	0 1.82969e+07 5e+06 	2.32969e+07	6.47612	6.55445	12703.2	670	0.172432	0	4.029	1.02
106.6	0.00316442	0.000821432	20456.5	1050	105	20167.8	18.3683	18.3683	73.4734	73.4734	0 48936.9 9336.72 	58273.6	0.00398586	3.35652e-19	3.64492e-11	1050	3.64492e-11	0 1.83033e+07 5e+06 	2.33033e+07	6.47565	6.55445	12703.2	670	0.172282	0	4.029	1.02
106.8	0.0031645	0.000822056	20474.3	1050	105	20185.9	18.3405	18.3405	73.3618	73.3618	0 48900.9 9320.49 	58221.4	0.00398656	3.15034e-19	3.42162e-11	1050	3.42162e-11	0 1.83098e+07 5e+06 	2.33098e+07	6.47519	6.55445	12703.2	670	0.172132	0	4.029	1.02
107	0.00316458	0.000822681	20492	1050	105	20203.9	18.3126	18.3126	73.2505	73.2505	0 48864.9 9304.3 	58169.2	0.00398726	2.95682e-19	3.212e-11	1050	3.212e-11	0 1.83162e+07 5e+06 	2.33162e+07	6.47472	6.55445	12703.2	670	0.171982	0	4.029	1.02
107.2	0.00316465	0.000823306	20509.8	1050	105	20222	18.2848	18.2848	73.1394	73.1394	0 48829 9288.13 	58117.1	0.00398796	2.77519e-19	3.01522e-11	1050	3.01522e-11	0 1.83226e+07 5e+06 	2.33226e+07	6.47426	6.55445	12703.2	670	0.171832	0	4.029	1.02
107.4	0.00316473	0.000823931	20527.6	1050	105	20240.1	18.2571	18.2571	73.0285	73.0285	0 48793.1 9271.99 	58065.1	0.00398866	2.60472e-19	2.8305e-11	1050	2.8305e-11	0 1.83291e+07 5e+06 	2.33291e+07	6.4738	6.55445	12703.2	670	0.171682	0	4.029	1.02
107.6	0.0031648	0.000824557	20545.4	1050	105	20258.1	18.2295	18.2295	72.9178	72.9178	0 48757.2 9255.87 	58013.1	0.00398936	2.44471e-19	2.6571e-11	1050	2.6571e-11	0 1.83355e+07 5e+06 	2.33355e+07	6.47334	6.55445	12703.2	670	0.171532	0	4.029	1.02
107.8	0.00316488	0.000825183	20563.3	1050	105	20276.3	18.2018	18.2018	72.8074	72.8074	0 48721.4 9239.78 	57961.2	0.00399006	2.29454e-19	2.49431e-11	1050	2.49431e-11	0 1.8342e+07 5e+06 	2.3342e+07	6.47288	6.55445	12703.2	670	0.171383	0	4.029	1.02
108	0.00316495	0.000825809	20581.1	1050	105	20294.4	18.1743	18.1743	72.6972	72.6972	0 48685.6 9223.72 	57909.3	0.00399076	2.15359e-19	2.3415e-11	1050	2.3415e-11	0 1.83484e+07 5e+06 	2.33484e+07	6.47242	6.55445	12703.2	670	0.171233	0	4.029	1.02
108.2	0.00316502	0.000826436	20599	1050	105	20312.5	18.1468	18.1468	72.5872	72.5872	0 48649.8 9207.69 	57857.5	0.00399146	2.0213e-19	2.19806e-11	1050	2.19806e-11	0 1.83548e+07 5e+06 	2.33548e+07	6.47197	6.55445	12703.2	670	0.171084	0	4.029	1.02
108.4	0.0031651	0.000827063	20616.8	1050	105	20330.6	18.1193	18.1193	72.4774	72.4774	0 48614 9191.68 	57805.7	0.00399216	1.89714e-19	2.0634e-11	1050	2.0634e-11	0 1.83613e+07 5e+06 	2.33613e+07	6.47152	6.55445	12703.2	670	0.170935	0	4.029	1.02
108.6	0.00316517	0.00082769	20634.7	1050	105	20348.8	18.092	18.092	72.3678	72.3678	0 48578.3 9175.7 	57754	0.00399286	1.7806e-19	1.93699e-11	1050	1.93699e-11	0 1.83677e+07 5e+06 	2.33677e+07	6.47107	6.55445	12703.2	670	0.170785	0	4.029	1.02
108.8	0.00316524	0.000828318	20652.6	1050	105	20366.9	18.0646	18.0646	72.2585	72.2585	0 48542.6 9159.74 	57702.3	0.00399356	1.67122e-19	1.81832e-11	1050	1.81832e-11	0 1.83742e+07 5e+06 	2.33742e+07	6.47062	6.55445	12703.2	670	0.170636	0	4.029	1.02
109	0.00316532	0.000828947	20670.5	1050	105	20385.1	18.0373	18.0373	72.1493	72.1493	0 48506.9 9143.81 	57650.7	0.00399426	1.56856e-19	1.70692e-11	1050	1.70692e-11	0 1.83806e+07 5e+06 	2.33806e+07	6.47018	6.55445	12703.2	670	0.170487	0	4.029	1.02
109.2	0.00316539	0.000829575	20688.4	1050	105	20403.3	18.0101	18.0101	72.0404	72.0404	0 48471.3 9127.91 	57599.2	0.00399496	1.47221e-19	1.60235e-11	1050	1.60235e-11	0 1.83871e+07 5e+06 	2.33871e+07	6.46974	6.55445	12703.2	670	0.170338	0	4.029	1.02
109.4	0.00316546	0.000830205	20706.3	1050	105	20421.5	17.9829	17.9829	71.9317	71.9317	0 48435.6 9112.03 	57547.6	0.00399566	1.38177e-19	1.50419e-11	1050	1.50419e-11	0 1.83935e+07 5e+06 	2.33935e+07	6.46929	6.55445	12703.2	670	0.170189	0	4.029	1.02
109.6	0.00316553	0.000830834	20724.3	1050	105	20439.7	17.9558	17.9558	71.8233	71.8233	0 48400 9096.18 	57496.2	0.00399637	1.29689e-19	1.41204e-11	1050	1.41204e-11	0 1.84e+07 5e+06 	2.34e+07	6.46886	6.55445	12703.2	670	0.17004	0	4.029	1.02
109.8	0.0031656	0.000831464	20742.2	1050	105	20457.9	17.9288	17.9288	71.715	71.715	0 48364.4 9080.35 	57444.8	0.00399707	1.21723e-19	1.32553e-11	1050	1.32553e-11	0 1.84065e+07 5e+06 	2.34065e+07	6.46842	6.55445	12703.2	670	0.169891	0	4.029	1.02
110	0.00316567	0.000832095	20760.2	1050	105	20476.2	17.9017	17.9017	71.607	71.607	0 48328.8 9064.55 	57393.4	0.00399777	1.14246e-19	1.24433e-11	1050	1.24433e-11	0 1.84129e+07 5e+06 	2.34129e+07	6.46798	6.55445	12703.2	670	0.169743	0	4.029	1.02
110.2	0.00316574	0.000832726	20778.2	1050	105	20494.4	17.8748	17.8748	71.4991	71.4991	0 48293.3 9048.77 	57342.1	0.00399847	1.07228e-19	1.16809e-11	1050	1.16809e-11	0 1.84194e+07 5e+06 	2.34194e+07	6.46755	6.55445	12703.2	670	0.169594	0	4.029	1.02
110.4	0.00316581	0.000833358	20796.2	1050	105	20512.7	17.8479	17.8479	71.3915	71.3915	0 48257.8 9033.02 	57290.8	0.00399917	1.00641e-19	1.09653e-11	1050	1.09653e-11	0 1.84258e+07 5e+06 	2.34258e+07	6.46712	6.55445	12703.2	670	0.169445	0	4.029	1.02
110.6	0.00316588	0.00083399	20814.2	1050	105	20531	17.821	17.821	71.2841	71.2841	0 48222.2 9017.29 	57239.5	0.00399987	9.4459e-20	1.02936e-11	1050	1.02936e-11	0 1.84323e+07 5e+06 	2.34323e+07	6.46669	6.55445	12703.2	670	0.169297	0	4.029	1.02
110.8	0.00316595	0.000834622	20832.2	1050	105	20549.3	17.7942	17.7942	71.1769	71.1769	0 48186.8 9001.59 	57188.3	0.00400058	8.86566e-20	9.66295e-12	1050	9.66295e-12	0 1.84388e+07 5e+06 	2.34388e+07	6.46627	6.55445	12703.2	670	0.169148	0	4.029	1.02
111	0.00316602	0.000835255	20850.3	1050	105	20567.6	17.7675	17.7675	71.07	71.07	0 48151.3 8985.91 	57137.2	0.00400128	8.32106e-20	9.07096e-12	1050	9.07096e-12	0 1.84453e+07 5e+06 	2.34453e+07	6.46585	6.55445	12703.2	670	0.169	0	4.029	1.02
111.2	0.00316609	0.000835889	20868.3	1050	105	20585.9	17.7408	17.7408	70.9632	70.9632	0 48115.8 8970.26 	57086.1	0.00400198	7.80991e-20	8.51525e-12	1050	8.51525e-12	0 1.84517e+07 5e+06 	2.34517e+07	6.46542	6.55445	12703.2	670	0.168852	0	4.029	1.02
111.4	0.00316616	0.000836523	20886.4	1050	105	20604.3	17.7142	17.7142	70.8567	70.8567	0 48080.4 8954.64 	57035	0.00400268	7.33017e-20	7.99358e-12	1050	7.99358e-12	0 1.84582e+07 5e+06 	2.34582e+07	6.46501	6.55445	12703.2	670	0.168704	0	4.029	1.02
111.6	0.00316623	0.000837158	20904.5	1050	105	20622.6	17.6876	17.6876	70.7504	70.7504	0 48045 8939.03 	56984	0.00400339	6.87989e-20	7.50387e-12	1050	7.50387e-12	0 1.84647e+07 5e+06 	2.34647e+07	6.46459	6.55445	12703.2	670	0.168556	0	4.029	1.02
111.8	0.0031663	0.000837793	20922.6	1050	105	20641	17.6611	17.6611	70.6442	70.6442	0 48009.6 8923.46 	56933	0.00400409	6.45727e-20	7.04416e-12	1050	7.04416e-12	0 1.84712e+07 5e+06 	2.34712e+07	6.46418	6.55445	12703.2	670	0.168408	0	4.029	1.02
112	0.00316636	0.000838429	20940.7	1050	105	20659.4	17.6346	17.6346	70.5383	70.5383	0 47974.2 8907.9 	56882.1	0.00400479	6.06062e-20	6.61261e-12	1050	6.61261e-12	0 1.84777e+07 5e+06 	2.34777e+07	6.46376	6.55445	12703.2	670	0.16826	0	4.029	1.02
112.2	0.00316643	0.000839065	20958.9	1050	105	20677.8	17.6082	17.6082	70.4327	70.4327	0 47938.8 8892.37 	56831.2	0.00400549	5.68833e-20	6.2075e-12	1050	6.2075e-12	0 1.84841e+07 5e+06 	2.34841e+07	6.46335	6.55445	12703.2	670	0.168112	0	4.029	1.02
112.4	0.0031665	0.000839702	20977	1050	105	20696.2	17.5818	17.5818	70.3272	70.3272	0 47903.5 8876.87 	56780.3	0.0040062	5.33891e-20	5.82721e-12	1050	5.82721e-12	0 1.84906e+07 5e+06 	2.34906e+07	6.46295	6.55445	12703.2	670	0.167964	0	4.029	1.02
112.6	0.00316656	0.000840339	20995.2	1050	105	20714.7	17.5555	17.5555	70.2219	70.2219	0 47868.1 8861.39 	56729.5	0.0040069	5.01095e-20	5.47022e-12	1050	5.47022e-12	0 1.84971e+07 5e+06 	2.34971e+07	6.46254	6.55445	12703.2	670	0.167817	0	4.029	1.02
112.8	0.00316663	0.000840978	21013.4	1050	105	20733.1	17.5292	17.5292	70.1168	70.1168	0 47832.8 8845.93 	56678.7	0.0040076	4.70314e-20	5.1351e-12	1050	5.1351e-12	0 1.85036e+07 5e+06 	2.35036e+07	6.46214	6.55445	12703.2	670	0.167669	0	4.029	1.02
113	0.00316669	0.000841616	21031.6	1050	105	20751.6	17.503	17.503	70.012	70.012	0 47797.5 8830.49 	56628	0.00400831	4.41423e-20	4.8205e-12	1050	4.8205e-12	0 1.85101e+07 5e+06 	2.35101e+07	6.46174	6.55445	12703.2	670	0.167522	0	4.029	1.02
113.2	0.00316676	0.000842256	21049.9	1050	105	20770.1	17.4768	17.4768	69.9074	69.9074	0 47762.2 8815.08 	56577.2	0.00400901	4.14307e-20	4.52519e-12	1050	4.52519e-12	0 1.85166e+07 5e+06 	2.35166e+07	6.46135	6.55445	12703.2	670	0.167374	0	4.029	1.02
113.4	0.00316682	0.000842896	21068.1	1050	105	20788.6	17.4507	17.4507	69.8029	69.8029	0 47726.9 8799.69 	56526.6	0.00400972	3.88857e-20	4.24796e-12	1050	4.24796e-12	0 1.85231e+07 5e+06 	2.35231e+07	6.46095	6.55445	12703.2	670	0.167227	0	4.029	1.02
113.6	0.00316689	0.000843536	21086.4	1050	105	20807.1	17.4247	17.4247	69.6987	69.6987	0 47691.6 8784.33 	56475.9	0.00401042	3.64971e-20	3.98772e-12	1050	3.98772e-12	0 1.85297e+07 5e+06 	2.35297e+07	6.46056	6.55445	12703.2	670	0.16708	0	4.029	1.02
113.8	0.00316695	0.000844178	21104.7	1050	105	20825.7	17.3987	17.3987	69.5947	69.5947	0 47656.3 8768.99 	56425.3	0.00401113	3.42551e-20	3.74342e-12	1050	3.74342e-12	0 1.85362e+07 5e+06 	2.35362e+07	6.46017	6.55445	12703.2	670	0.166933	0	4.029	1.02
114	0.00316701	0.00084482	21123	1050	105	20844.2	17.3727	17.3727	69.4909	69.4909	0 47621 8753.67 	56374.7	0.00401183	3.21509e-20	3.51408e-12	1050	3.51408e-12	0 1.85427e+07 5e+06 	2.35427e+07	6.45979	6.55445	12703.2	670	0.166786	0	4.029	1.02
114.2	0.00316708	0.000845462	21141.3	1050	105	20862.8	17.3468	17.3468	69.3873	69.3873	0 47585.8 8738.38 	56324.2	0.00401254	3.01759e-20	3.2988e-12	1050	3.2988e-12	0 1.85492e+07 5e+06 	2.35492e+07	6.4594	6.55445	12703.2	670	0.166639	0	4.029	1.02
114.4	0.00316714	0.000846105	21159.7	1050	105	20881.4	17.321	17.321	69.2839	69.2839	0 47550.5 8723.11 	56273.7	0.00401324	2.83223e-20	3.0967e-12	1050	3.0967e-12	0 1.85557e+07 5e+06 	2.35557e+07	6.45902	6.55445	12703.2	670	0.166492	0	4.029	1.02
114.6	0.0031672	0.00084675	21178	1050	105	20900.1	17.2952	17.2952	69.1807	69.1807	0 47515.3 8707.86 	56223.2	0.00401395	2.65825e-20	2.90699e-12	1050	2.90699e-12	0 1.85623e+07 5e+06 	2.35623e+07	6.45864	6.55445	12703.2	670	0.166345	0	4.029	1.02
114.8	0.00316726	0.000847394	21196.4	1050	105	20918.7	17.2694	17.2694	69.0777	69.0777	0 47480.1 8692.63 	56172.7	0.00401465	2.49496e-20	2.7289e-12	1050	2.7289e-12	0 1.85688e+07 5e+06 	2.35688e+07	6.45827	6.55445	12703.2	670	0.166198	0	4.029	1.02
115	0.00316732	0.00084804	21214.8	1050	105	20937.4	17.2437	17.2437	68.975	68.975	0 47444.9 8677.43 	56122.3	0.00401536	2.3417e-20	2.56172e-12	1050	2.56172e-12	0 1.85753e+07 5e+06 	2.35753e+07	6.45789	6.55445	12703.2	670	0.166052	0	4.029	1.02
115.2	0.00316738	0.000848686	21233.3	1050	105	20956.1	17.2181	17.2181	68.8724	68.8724	0 47409.6 8662.25 	56071.9	0.00401607	2.19785e-20	2.40478e-12	1050	2.40478e-12	0 1.85819e+07 5e+06 	2.35819e+07	6.45752	6.55445	12703.2	670	0.165905	0	4.029	1.02
115.4	0.00316744	0.000849333	21251.7	1050	105	20974.8	17.1925	17.1925	68.77	68.77	0 47374.4 8647.09 	56021.5	0.00401677	2.06284e-20	2.25746e-12	1050	2.25746e-12	0 1.85884e+07 5e+06 	2.35884e+07	6.45716	6.55445	12703.2	670	0.165759	0	4.029	1.02
115.6	0.0031675	0.00084998	21270.2	1050	105	20993.5	17.167	17.167	68.6679	68.6679	0 47339.2 8631.95 	55971.2	0.00401748	1.93612e-20	2.11916e-12	1050	2.11916e-12	0 1.8595e+07 5e+06 	2.3595e+07	6.45679	6.55445	12703.2	670	0.165613	0	4.029	1.02
115.8	0.00316756	0.000850629	21288.7	1050	105	21012.3	17.1415	17.1415	68.5659	68.5659	0 47304 8616.83 	55920.8	0.00401819	1.81719e-20	1.98933e-12	1050	1.98933e-12	0 1.86015e+07 5e+06 	2.36015e+07	6.45643	6.55445	12703.2	670	0.165466	0	4.029	1.02
116	0.00311879	0.000974424	24476	1050	105	24199.6	17.1448	17.1448	68.5791	68.5791	0 40658.5 7694.41 	48352.9	0.00409322	1.6746e-20	1.86746e-12	1050	1.86746e-12	0 1.93026e+07 5e+06 	2.43026e+07	6.76407	6.55445	12703.2	670	0.169875	0	4.029	1.02
116.2	0.00310959	0.000994357	24982	1050	105	24705.5	17.148	17.148	68.592	68.592	0 39725.9 7522.53 	47248.5	0.00410395	1.56789e-20	1.75305e-12	1050	1.75305e-12	0 1.9404e+07 5e+06 	2.4404e+07	6.82429	6.55445	12703.2	670	0.169514	0	4.029	1.02
116.4	0.00316796	0.000853469	21370.6	1050	105	21094.3	17.1226	17.1226	68.4902	68.4902	0 47152.5 8579.53 	55732.1	0.00402143	1.50204e-20	1.64566e-12	1050	1.64566e-12	0 1.86315e+07 5e+06 	2.36315e+07	6.454	6.55445	12703.2	670	0.165384	0	4.029	1.02
116.6	0.0031363	0.000936171	23504.6	1050	105	23228.3	17.132	17.132	68.528	68.528	0 42557.4 7958.67 	50516.1	0.00407247	1.39235e-20	1.54484e-12	1050	1.54484e-12	0 1.91075e+07 5e+06 	2.41075e+07	6.65142	6.55445	12703.2	670	0.168736	0	4.029	1.02
116.8	0.00312163	0.000972993	24454.5	1050	105	24178	17.1413	17.1413	68.5653	68.5653	0 40755.4 7693.84 	48449.2	0.00409462	1.29998e-20	1.4502e-12	1050	1.4502e-12	0 1.93159e+07 5e+06 	2.43159e+07	6.74564	6.55445	12703.2	670	0.169713	0	4.029	1.02
117	0.00316981	0.000851974	21339.7	1050	105	21063.5	17.1159	17.1159	68.4636	68.4636	0 47262.8 8571.92 	55834.7	0.00402178	1.24244e-20	1.36135e-12	1050	1.36135e-12	0 1.86348e+07 5e+06 	2.36348e+07	6.44271	6.55445	12703.2	670	0.164998	0	4.029	1.02
117.2	0.00313368	0.000945928	23764.4	1050	105	23488.2	17.1244	17.1244	68.4977	68.4977	0 42083.3 7872.66 	49956	0.00407961	1.14979e-20	1.27795e-12	1050	1.27795e-12	0 1.91745e+07 5e+06 	2.41745e+07	6.66812	6.55445	12703.2	670	0.168757	0	4.029	1.02
117.4	0.00312021	0.00097927	24624	1050	105	24347.6	17.1329	17.1329	68.5316	68.5316	0 40475.7 7631.33 	48107	0.00409948	1.07412e-20	1.19966e-12	1050	1.19966e-12	0 1.93618e+07 5e+06 	2.43618e+07	6.75485	6.55445	12703.2	670	0.169501	0	4.029	1.02
117.6	0.00317022	0.00085382	21393.8	1050	105	21117.8	17.1075	17.1075	68.4299	68.4299	0 47166.7 8533.43 	55700.2	0.00402404	1.02722e-20	1.12617e-12	1050	1.12617e-12	0 1.86557e+07 5e+06 	2.36557e+07	6.44021	6.55445	12703.2	670	0.164674	0	4.029	1.02
117.8	0.00313507	0.000945295	23755.6	1050	105	23479.4	17.1165	17.1165	68.466	68.466	0 42130.1 7855.69 	49985.8	0.00408036	9.5098e-21	1.05717e-12	1050	1.05717e-12	0 1.91816e+07 5e+06 	2.41816e+07	6.65928	6.55445	12703.2	670	0.168331	0	4.029	1.02
118	0.00312148	0.000979295	24633.3	1050	105	24357	17.1254	17.1254	68.5018	68.5018	0 40491.1 7613.86 	48105	0.00410077	8.88277e-21	9.92407e-13	1050	9.92407e-13	0 1.93739e+07 5e+06 	2.43739e+07	6.74664	6.55445	12703.2	670	0.169177	0	4.029	1.02
118.2	0.00317044	0.000855917	21453.9	1050	105	21177.9	17.1	17.1	68.4002	68.4002	0 47054.4 8490.75 	55545.2	0.00402635	8.4927e-21	9.3161e-13	1050	9.3161e-13	0 1.86772e+07 5e+06 	2.36772e+07	6.43889	6.55445	12703.2	670	0.164311	0	4.029	1.02
118.4	0.00313496	0.000948285	23839.9	1050	105	23563.8	17.1091	17.1091	68.4362	68.4362	0 41995.9 7812.94 	49808.8	0.00408325	7.86133e-21	8.74536e-13	1050	8.74536e-13	0 1.92087e+07 5e+06 	2.42087e+07	6.65994	6.55445	12703.2	670	0.168009	0	4.029	1.02
118.6	0.00312174	0.000981441	24696.4	1050	105	24420.2	17.118	17.118	68.4719	68.4719	0 40405.9 7579.23 	47985.1	0.00410318	7.34387e-21	8.2096e-13	1050	8.2096e-13	0 1.93967e+07 5e+06 	2.43967e+07	6.74495	6.55445	12703.2	670	0.168839	0	4.029	1.02
118.8	0.00317072	0.000857764	21507.4	1050	105	21231.5	17.0926	17.0926	68.3703	68.3703	0 46957.3 8449.51 	55406.8	0.00402848	7.0218e-21	7.70665e-13	1050	7.70665e-13	0 1.86969e+07 5e+06 	2.36969e+07	6.43717	6.55445	12703.2	670	0.16392	0	4.029	1.02
119	0.0031354	0.000949804	23886	1050	105	23610	17.1018	17.1018	68.407	68.407	0 41934.5 7779.29 	49713.8	0.0040852	6.5001e-21	7.23452e-13	1050	7.23452e-13	0 1.92271e+07 5e+06 	2.42271e+07	6.65718	6.55445	12703.2	670	0.167609	0	4.029	1.02
119.2	0.00312235	0.000982689	24736.3	1050	105	24460.2	17.1108	17.1108	68.4433	68.4433	0 40362.5 7550.33 	47912.9	0.00410504	6.0724e-21	6.79131e-13	1050	6.79131e-13	0 1.94143e+07 5e+06 	2.44143e+07	6.74098	6.55445	12703.2	670	0.168466	0	4.029	1.02
119.4	0.00317097	0.000859603	21560.6	1050	105	21284.7	17.0855	17.0855	68.3418	68.3418	0 46860.6 8407.77 	55268.3	0.00403057	5.8057e-21	6.37525e-13	1050	6.37525e-13	0 1.87163e+07 5e+06 	2.37163e+07	6.43563	6.55445	12703.2	670	0.163514	0	4.029	1.02
119.6	0.00313562	0.000951783	23943.8	1050	105	23667.9	17.0947	17.0947	68.3789	68.3789	0 41850.4 7742.18 	49592.5	0.00408741	5.37424e-21	5.98468e-13	1050	5.98468e-13	0 1.92479e+07 5e+06 	2.42479e+07	6.65573	6.55445	12703.2	670	0.167213	0	4.029	1.02
119.8	0.00312282	0.000984196	24782.6	1050	105	24506.5	17.1039	17.1039	68.4156	68.4156	0 40306.8 7519.04 	47825.9	0.00410702	5.02091e-21	5.61804e-13	1050	5.61804e-13	0 1.9433e+07 5e+06 	2.4433e+07	6.73793	6.55445	12703.2	670	0.168083	0	4.029	1.02
120	0.00317123	0.000861382	21612.1	1050	105	21336.3	17.0785	17.0785	68.3141	68.3141	0 46767.6 8366.34 	55133.9	0.00403261	4.80028e-21	5.27387e-13	1050	5.27387e-13	0 1.87353e+07 5e+06 	2.37353e+07	6.43405	6.55445	12703.2	670	0.163097	0	4.029	1.02
120.2	0.00313592	0.000953538	23995.8	1050	105	23719.9	17.0879	17.0879	68.3516	68.3516	0 41777.3 7706.34 	49483.6	0.00408946	4.44356e-21	4.95077e-13	1050	4.95077e-13	0 1.92672e+07 5e+06 	2.42672e+07	6.65383	6.55445	12703.2	670	0.1668	0	4.029	1.02
120.4	0.00312333	0.000985561	24825.1	1050	105	24549.2	17.0972	17.0972	68.3888	68.3888	0 40257.6 7488.45 	47746.1	0.00410889	4.1516e-21	4.64747e-13	1050	4.64747e-13	0 1.94508e+07 5e+06 	2.44508e+07	6.73461	6.55445	12703.2	670	0.167686	0	4.029	1.02
120.6	0.00317148	0.000863144	21663.1	1050	105	21387.4	17.0718	17.0718	68.2874	68.2874	0 46675.9 8324.97 	55000.8	0.00403463	3.969e-21	4.36275e-13	1050	4.36275e-13	0 1.8754e+07 5e+06 	2.3754e+07	6.4325	6.55445	12703.2	670	0.162673	0	4.029	1.02
120.8	0.00313619	0.000955342	24049	1050	105	23773.2	17.0813	17.0813	68.3253	68.3253	0 41701.9 7670.1 	49372	0.00409153	3.67403e-21	4.09548e-13	1050	4.09548e-13	0 1.92867e+07 5e+06 	2.42867e+07	6.65213	6.55445	12703.2	670	0.166384	0	4.029	1.02
121	0.00312382	0.000986949	24868.2	1050	105	24592.3	17.0907	17.0907	68.3629	68.3629	0 40207.3 7457.51 	47664.8	0.00411077	3.43281e-21	3.84458e-13	1050	3.84458e-13	0 1.94685e+07 5e+06 	2.44685e+07	6.73146	6.55445	12703.2	670	0.167283	0	4.029	1.02
121.2	0.00317174	0.000864887	21713.6	1050	105	21438	17.0654	17.0654	68.2615	68.2615	0 46585.5 8283.79 	54869.3	0.00403662	3.28169e-21	3.60905e-13	1050	3.60905e-13	0 1.87726e+07 5e+06 	2.37726e+07	6.43097	6.55445	12703.2	670	0.162246	0	4.029	1.02
121.4	0.00313646	0.000957108	24101.1	1050	105	23825.4	17.075	17.075	68.2999	68.2999	0 41628.6 7634.12 	49262.8	0.00409357	3.03779e-21	3.38795e-13	1050	3.38795e-13	0 1.9306e+07 5e+06 	2.4306e+07	6.6504	6.55445	12703.2	670	0.165962	0	4.029	1.02
121.6	0.00312431	0.00098831	24910.6	1050	105	24634.7	17.0845	17.0845	68.3378	68.3378	0 40158.2 7426.65 	47584.8	0.00411262	2.83848e-21	3.18039e-13	1050	3.18039e-13	0 1.9486e+07 5e+06 	2.4486e+07	6.72831	6.55445	12703.2	670	0.166875	0	4.029	1.02
121.8	0.00317199	0.000866622	21763.9	1050	105	21488.3	17.0591	17.0591	68.2366	68.2366	0 46495.9 8242.78 	54738.7	0.00403861	2.71342e-21	2.98555e-13	1050	2.98555e-13	0 1.8791e+07 5e+06 	2.3791e+07	6.42945	6.55445	12703.2	670	0.161817	0	4.029	1.02
122	0.00313673	0.000958875	24153.3	1050	105	23877.6	17.0688	17.0688	68.2753	68.2753	0 41555.5 7598.19 	49153.7	0.0040956	2.51174e-21	2.80264e-13	1050	2.80264e-13	0 1.93252e+07 5e+06 	2.43252e+07	6.6487	6.55445	12703.2	670	0.165539	0	4.029	1.02
122.2	0.00312479	0.00098967	24952.8	1050	105	24677.1	17.0784	17.0784	68.3137	68.3137	0 40109.1 7395.76 	47504.9	0.00411446	2.34706e-21	2.63095e-13	1050	2.63095e-13	0 1.95035e+07 5e+06 	2.45035e+07	6.72522	6.55445	12703.2	670	0.166462	0	4.029	1.02
122.4	0.00317223	0.000868351	21814.1	1050	105	21538.6	17.0531	17.0531	68.2124	68.2124	0 46406.9 8201.96 	54608.9	0.00404058	2.24355e-21	2.46977e-13	1050	2.46977e-13	0 1.88094e+07 5e+06 	2.38094e+07	6.42794	6.55445	12703.2	670	0.161387	0	4.029	1.02
122.6	0.00313699	0.000960634	24205.3	1050	105	23929.7	17.0629	17.0629	68.2516	68.2516	0 41482.9 7562.41 	49045.3	0.00409763	2.07678e-21	2.31846e-13	1050	2.31846e-13	0 1.93443e+07 5e+06 	2.43443e+07	6.64701	6.55445	12703.2	670	0.165114	0	4.029	1.02
122.8	0.00312526	0.000991024	24994.9	1050	105	24719.2	17.0726	17.0726	68.2904	68.2904	0 40060.4 7364.9 	47425.3	0.00411629	1.94072e-21	2.17642e-13	1050	2.17642e-13	0 1.95208e+07 5e+06 	2.45208e+07	6.72215	6.55445	12703.2	670	0.166047	0	4.029	1.02
123	0.00317248	0.000870078	21864.2	1050	105	21588.7	17.0473	17.0473	68.1892	68.1892	0 46318.4 8161.32 	54479.8	0.00404256	1.85505e-21	2.04309e-13	1050	2.04309e-13	0 1.88278e+07 5e+06 	2.38278e+07	6.42645	6.55445	12703.2	670	0.160956	0	4.029	1.02
123.2	0.00313725	0.000962393	24257.3	1050	105	23981.7	17.0572	17.0572	68.2287	68.2287	0 41410.5 7526.76 	48937.3	0.00409965	1.71715e-21	1.91792e-13	1050	1.91792e-13	0 1.93633e+07 5e+06 	2.43633e+07	6.64535	6.55445	12703.2	670	0.164688	0	4.029	1.02
123.4	0.00312573	0.000992376	25037	1050	105	24761.3	17.067	17.067	68.2679	68.2679	0 40011.8 7334.06 	47345.9	0.00411811	1.60473e-21	1.80043e-13	1050	1.80043e-13	0 1.95381e+07 5e+06 	2.45381e+07	6.71913	6.55445	12703.2	670	0.16563	0	4.029	1.02
123.6	0.00317272	0.000871803	21914.3	1050	105	21638.8	17.0417	17.0417	68.1668	68.1668	0 46230.3 8120.89 	54351.2	0.00404453	1.53382e-21	1.69013e-13	1050	1.69013e-13	0 1.88461e+07 5e+06 	2.38461e+07	6.42497	6.55445	12703.2	670	0.160525	0	4.029	1.02
123.8	0.00313751	0.00096415	24309.2	1050	105	24033.7	17.0517	17.0517	68.2067	68.2067	0 41338.4 7491.25 	48829.7	0.00410166	1.4198e-21	1.58658e-13	1050	1.58658e-13	0 1.93824e+07 5e+06 	2.43824e+07	6.64371	6.55445	12703.2	670	0.164262	0	4.029	1.02
124	0.00312619	0.000993728	25079	1050	105	24803.3	17.0616	17.0616	68.2463	68.2463	0 39963.3 7303.27 	47266.6	0.00411992	1.32691e-21	1.48939e-13	1050	1.48939e-13	0 1.95553e+07 5e+06 	2.45553e+07	6.71614	6.55445	12703.2	670	0.165211	0	4.029	1.02
124.2	0.00317296	0.000873529	21964.4	1050	105	21689	17.0363	17.0363	68.1452	68.1452	0 46142.5 8080.65 	54223.1	0.00404649	1.26822e-21	1.39814e-13	1050	1.39814e-13	0 1.88645e+07 5e+06 	2.38645e+07	6.4235	6.55445	12703.2	670	0.160095	0	4.029	1.02
124.4	0.00313777	0.000965908	24361.2	1050	105	24085.7	17.0464	17.0464	68.1855	68.1855	0 41266.6 7455.89 	48722.5	0.00410368	1.17394e-21	1.31249e-13	1050	1.31249e-13	0 1.94014e+07 5e+06 	2.44014e+07	6.64208	6.55445	12703.2	670	0.163836	0	4.029	1.02
124.6	0.00312665	0.00099508	25120.9	1050	105	24845.4	17.0564	17.0564	68.2254	68.2254	0 39914.9 7272.52 	47187.4	0.00412173	1.09719e-21	1.23208e-13	1050	1.23208e-13	0 1.95725e+07 5e+06 	2.45725e+07	6.71318	6.55445	12703.2	670	0.164791	0	4.029	1.02
124.8	0.0031732	0.000875256	22014.5	1050	105	21739.2	17.0311	17.0311	68.1244	68.1244	0 46054.9 8040.6 	54095.5	0.00404846	1.04862e-21	1.1566e-13	1050	1.1566e-13	0 1.88828e+07 5e+06 	2.38828e+07	6.42204	6.55445	12703.2	670	0.159665	0	4.029	1.02
125	0.00313802	0.000967667	24413.2	1050	105	24137.7	17.0413	17.0413	68.1651	68.1651	0 41194.9 7420.66 	48615.6	0.00410569	9.70654e-22	1.08574e-13	1050	1.08574e-13	0 1.94205e+07 5e+06 	2.44205e+07	6.64047	6.55445	12703.2	670	0.16341	0	4.029	1.02
125.2	0.00312711	0.000996432	25162.9	1050	105	24887.4	17.0514	17.0514	68.2054	68.2054	0 39866.5 7241.81 	47108.3	0.00412354	9.07244e-22	1.01923e-13	1050	1.01923e-13	0 1.95897e+07 5e+06 	2.45897e+07	6.71026	6.55445	12703.2	670	0.16437	0	4.029	1.02
125.4	0.00317344	0.000876984	22064.7	1050	105	21789.4	17.0261	17.0261	68.1044	68.1044	0 45967.6 8000.74 	53968.4	0.00405043	8.67037e-22	9.56785e-14	1050	9.56785e-14	0 1.89012e+07 5e+06 	2.39012e+07	6.4206	6.55445	12703.2	670	0.159236	0	4.029	1.02
125.6	0.00313827	0.000969428	24465.2	1050	105	24189.8	17.0364	17.0364	68.1455	68.1455	0 41123.4 7385.58 	48508.9	0.0041077	8.02571e-22	8.9817e-14	1050	8.9817e-14	0 1.94395e+07 5e+06 	2.44395e+07	6.63888	6.55445	12703.2	670	0.162985	0	4.029	1.02
125.8	0.00312756	0.000997785	25204.9	1050	105	24929.4	17.0465	17.0465	68.1862	68.1862	0 39818.2 7211.16 	47029.3	0.00412534	7.50181e-22	8.43145e-14	1050	8.43145e-14	0 1.96068e+07 5e+06 	2.46068e+07	6.70737	6.55445	12703.2	670	0.163947	0	4.029	1.02
126	0.00317368	0.000878714	22115	1050	105	21839.7	17.0213	17.0213	68.0852	68.0852	0 45880.5 7961.08 	53841.6	0.00405239	7.169e-22	7.91491e-14	1050	7.91491e-14	0 1.89195e+07 5e+06 	2.39195e+07	6.41918	6.55445	12703.2	670	0.158808	0	4.029	1.02
126.2	0.00313852	0.00097119	24517.3	1050	105	24242	17.0317	17.0317	68.1267	68.1267	0 41052 7350.64 	48402.6	0.00410971	6.63594e-22	7.43002e-14	1050	7.43002e-14	0 1.94585e+07 5e+06 	2.44585e+07	6.63731	6.55445	12703.2	670	0.162559	0	4.029	1.02
126.4	0.003128	0.000999139	25246.9	1050	105	24971.5	17.0419	17.0419	68.1677	68.1677	0 39769.9 7180.56 	46950.4	0.00412714	6.2031e-22	6.97484e-14	1050	6.97484e-14	0 1.96239e+07 5e+06 	2.46239e+07	6.70451	6.55445	12703.2	670	0.163524	0	4.029	1.02
126.6	0.00317391	0.000880446	22165.3	1050	105	21890.1	17.0167	17.0167	68.0668	68.0668	0 45793.6 7921.61 	53715.2	0.00405436	5.92761e-22	6.54754e-14	1050	6.54754e-14	0 1.89379e+07 5e+06 	2.39379e+07	6.41776	6.55445	12703.2	670	0.15838	0	4.029	1.02
126.8	0.00313877	0.000972955	24569.5	1050	105	24294.3	17.0272	17.0272	68.1086	68.1086	0 40980.7 7315.85 	48296.5	0.00411172	5.48683e-22	6.14641e-14	1050	6.14641e-14	0 1.94776e+07 5e+06 	2.44776e+07	6.63575	6.55445	12703.2	670	0.162134	0	4.029	1.02
127	0.00312844	0.00100049	25289	1050	105	25013.6	17.0375	17.0375	68.1501	68.1501	0 39721.5 7150.03 	46871.6	0.00412894	5.12922e-22	5.76987e-14	1050	5.76987e-14	0 1.9641e+07 5e+06 	2.4641e+07	6.70168	6.55445	12703.2	670	0.163099	0	4.029	1.02
127.2	0.00317414	0.000882181	22215.7	1050	105	21940.6	17.0123	17.0123	68.0491	68.0491	0 45706.9 7882.32 	53589.2	0.00405632	4.90118e-22	5.41639e-14	1050	5.41639e-14	0 1.89562e+07 5e+06 	2.39562e+07	6.41636	6.55445	12703.2	670	0.157953	0	4.029	1.02
127.4	0.00313901	0.000974723	24621.8	1050	105	24346.6	17.0228	17.0228	68.0913	68.0913	0 40909.5 7281.2 	48190.7	0.00411373	4.53671e-22	5.08456e-14	1050	5.08456e-14	0 1.94966e+07 5e+06 	2.44966e+07	6.63422	6.55445	12703.2	670	0.16171	0	4.029	1.02
127.6	0.00312888	0.00100185	25331.1	1050	105	25055.7	17.0333	17.0333	68.1331	68.1331	0 39673.2 7119.55 	46792.8	0.00413073	4.24126e-22	4.77307e-14	1050	4.77307e-14	0 1.96581e+07 5e+06 	2.46581e+07	6.69888	6.55445	12703.2	670	0.162674	0	4.029	1.02
127.8	0.00317437	0.000883919	22266.2	1050	105	21991.2	17.0081	17.0081	68.0322	68.0322	0 45620.3 7843.22 	53463.5	0.00405829	4.05249e-22	4.48065e-14	1050	4.48065e-14	0 1.89746e+07 5e+06 	2.39746e+07	6.41498	6.55445	12703.2	670	0.157527	0	4.029	1.02
128	0.00313925	0.000976493	24674.2	1050	105	24399	17.0187	17.0187	68.0748	68.0748	0 40838.5 7246.69 	48085.2	0.00411574	3.75112e-22	4.20615e-14	1050	4.20615e-14	0 1.95157e+07 5e+06 	2.45157e+07	6.6327	6.55445	12703.2	670	0.161286	0	4.029	1.02
128.2	0.00312931	0.00100321	25373.2	1050	105	25097.9	17.0292	17.0292	68.1169	68.1169	0 39624.9 7089.13 	46714.1	0.00413252	3.50702e-22	3.94847e-14	1050	3.94847e-14	0 1.96751e+07 5e+06 	2.46751e+07	6.69612	6.55445	12703.2	670	0.162249	0	4.029	1.02
128.4	0.00317459	0.00088566	22316.9	1050	105	22041.8	17.004	17.004	68.0161	68.0161	0 45533.8 7804.3 	53338.1	0.00406025	3.35076e-22	3.70658e-14	1050	3.70658e-14	0 1.8993e+07 5e+06 	2.3993e+07	6.41361	6.55445	12703.2	670	0.157102	0	4.029	1.02
128.6	0.00313948	0.000978267	24726.6	1050	105	24451.5	17.0147	17.0147	68.0589	68.0589	0 40767.5 7212.32 	47979.8	0.00411775	3.10156e-22	3.4795e-14	1050	3.4795e-14	0 1.95347e+07 5e+06 	2.45347e+07	6.6312	6.55445	12703.2	670	0.160862	0	4.029	1.02
128.8	0.00312973	0.00100457	25415.4	1050	105	25140.1	17.0254	17.0254	68.1015	68.1015	0 39576.6 7058.78 	46635.4	0.00413431	2.89989e-22	3.26634e-14	1050	3.26634e-14	0 1.96921e+07 5e+06 	2.46921e+07	6.69338	6.55445	12703.2	670	0.161823	0	4.029	1.02
129	0.00317482	0.000887405	22367.6	1050	105	22092.6	17.0002	17.0002	68.0006	68.0006	0 45447.5 7765.56 	53213.1	0.00406222	2.77054e-22	3.06623e-14	1050	3.06623e-14	0 1.90114e+07 5e+06 	2.40114e+07	6.41226	6.55445	12703.2	670	0.156677	0	4.029	1.02
129.2	0.00313972	0.000980044	24779.2	1050	105	24504.1	17.011	17.011	68.0439	68.0439	0 40696.6 7178.09 	47874.7	0.00411976	2.56449e-22	2.87838e-14	1050	2.87838e-14	0 1.95538e+07 5e+06 	2.45538e+07	6.62972	6.55445	12703.2	670	0.160439	0	4.029	1.02
129.4	0.00313016	0.00100594	25457.6	1050	105	25182.4	17.0217	17.0217	68.0867	68.0867	0 39528.3 7028.49 	46556.8	0.00413609	2.39787e-22	2.70204e-14	1050	2.70204e-14	0 1.97091e+07 5e+06 	2.47091e+07	6.69067	6.55445	12703.2	670	0.161396	0	4.029	1.02
129.6	0.00317504	0.000889153	22418.4	1050	105	22143.5	16.9965	16.9965	67.9859	67.9859	0 45361.3 7727 	53088.3	0.00406419	2.29079e-22	2.53651e-14	1050	2.53651e-14	0 1.90299e+07 5e+06 	2.40299e+07	6.41093	6.55445	12703.2	670	0.156253	0	4.029	1.02
129.8	0.00313995	0.000981825	24831.9	1050	105	24556.8	17.0074	17.0074	68.0295	68.0295	0 40625.8 7144 	47769.8	0.00412177	2.12041e-22	2.38111e-14	1050	2.38111e-14	0 1.95729e+07 5e+06 	2.45729e+07	6.62827	6.55445	12703.2	670	0.160017	0	4.029	1.02
130	0.00313057	0.0010073	25499.9	1050	105	25224.7	17.0182	17.0182	68.0726	68.0726	0 39480 6998.27 	46478.3	0.00413788	1.98276e-22	2.23524e-14	1050	2.23524e-14	0 1.97261e+07 5e+06 	2.47261e+07	6.688	6.55445	12703.2	670	0.160969	0	4.029	1.02
130.2	0.00317526	0.000890905	22469.4	1050	105	22194.5	16.993	16.993	67.9719	67.9719	0 45275.2 7688.61 	52963.8	0.00406616	1.89412e-22	2.0983e-14	1050	2.0983e-14	0 1.90483e+07 5e+06 	2.40483e+07	6.40961	6.55445	12703.2	670	0.155831	0	4.029	1.02
130.4	0.00314017	0.00098361	24884.7	1050	105	24609.7	17.0039	17.0039	68.0158	68.0158	0 40555 7110.04 	47665	0.00412378	1.75323e-22	1.96975e-14	1050	1.96975e-14	0 1.9592e+07 5e+06 	2.4592e+07	6.62683	6.55445	12703.2	670	0.159595	0	4.029	1.02
130.6	0.00313099	0.00100867	25542.2	1050	105	25267.1	17.0148	17.0148	68.0593	68.0593	0 39431.6 6968.12 	46399.7	0.00413966	1.63951e-22	1.84908e-14	1050	1.84908e-14	0 1.97431e+07 5e+06 	2.47431e+07	6.68535	6.55445	12703.2	670	0.160542	0	4.029	1.02
130.8	0.00317547	0.000892663	22520.5	1050	105	22245.6	16.9896	16.9896	67.9585	67.9585	0 45189.1 7650.39 	52839.5	0.00406813	1.56613e-22	1.7358e-14	1050	1.7358e-14	0 1.90668e+07 5e+06 	2.40668e+07	6.40831	6.55445	12703.2	670	0.155409	0	4.029	1.02
131	0.0031404	0.0009854	24937.7	1050	105	24662.7	17.0007	17.0007	68.0028	68.0028	0 40484.2 7076.22 	47560.4	0.0041258	1.44964e-22	1.62946e-14	1050	1.62946e-14	0 1.96112e+07 5e+06 	2.46112e+07	6.62542	6.55445	12703.2	670	0.159174	0	4.029	1.02
131.2	0.00313139	0.00101004	25584.7	1050	105	25309.5	17.0116	17.0116	68.0466	68.0466	0 39383.2 6938.03 	46321.3	0.00414144	1.35569e-22	1.52963e-14	1050	1.52963e-14	0 1.97601e+07 5e+06 	2.47601e+07	6.68273	6.55445	12703.2	670	0.160114	0	4.029	1.02
131.4	0.00317568	0.000894424	22571.8	1050	105	22296.9	16.9865	16.9865	67.9459	67.9459	0 45103.1 7612.34 	52715.4	0.00407011	1.29494e-22	1.43592e-14	1050	1.43592e-14	0 1.90853e+07 5e+06 	2.40853e+07	6.40703	6.55445	12703.2	670	0.154988	0	4.029	1.02
131.6	0.00314062	0.000987194	24990.8	1050	105	24715.8	16.9976	16.9976	67.9904	67.9904	0 40413.4 7042.54 	47456	0.00412781	1.19861e-22	1.34796e-14	1050	1.34796e-14	0 1.96303e+07 5e+06 	2.46303e+07	6.62402	6.55445	12703.2	670	0.158753	0	4.029	1.02
131.8	0.0031318	0.00101142	25627.2	1050	105	25352.1	17.0086	17.0086	68.0346	68.0346	0 39334.8 6908.02 	46242.8	0.00414322	1.121e-22	1.26538e-14	1050	1.26538e-14	0 1.97771e+07 5e+06 	2.47771e+07	6.68014	6.55445	12703.2	670	0.159686	0	4.029	1.02
132	0.00317589	0.000896192	22623.2	1050	105	22348.4	16.9835	16.9835	67.9339	67.9339	0 45017.1 7574.45 	52591.5	0.00407208	1.07071e-22	1.18785e-14	1050	1.18785e-14	0 1.91038e+07 5e+06 	2.41038e+07	6.40577	6.55445	12703.2	670	0.154568	0	4.029	1.02
132.2	0.00314083	0.000988994	25044	1050	105	24769.1	16.9947	16.9947	67.9787	67.9787	0 40342.7 7008.98 	47351.7	0.00412983	9.91058e-23	1.11508e-14	1050	1.11508e-14	0 1.96495e+07 5e+06 	2.46495e+07	6.62265	6.55445	12703.2	670	0.158333	0	4.029	1.02
132.4	0.0031322	0.00101279	25669.8	1050	105	25394.7	17.0058	17.0058	68.0232	68.0232	0 39286.3 6878.07 	46164.4	0.00414499	9.26939e-23	1.04677e-14	1050	1.04677e-14	0 1.97941e+07 5e+06 	2.47941e+07	6.67758	6.55445	12703.2	670	0.159258	0	4.029	1.02
132.6	0.00317609	0.000897965	22674.8	1050	105	22400	16.9806	16.9806	67.9225	67.9225	0 44931.1 7536.72 	52467.8	0.00407406	8.85302e-23	9.82641e-15	1050	9.82641e-15	0 1.91224e+07 5e+06 	2.41224e+07	6.40454	6.55445	12703.2	670	0.154148	0	4.029	1.02
132.8	0.00314105	0.000990799	25097.4	1050	105	24822.5	16.9919	16.9919	67.9677	67.9677	0 40271.9 6975.55 	47247.5	0.00413185	8.19442e-23	9.22442e-15	1050	9.22442e-15	0 1.96687e+07 5e+06 	2.46687e+07	6.62131	6.55445	12703.2	670	0.157914	0	4.029	1.02
133	0.0031326	0.00101418	25712.4	1050	105	25437.4	17.0031	17.0031	68.0124	68.0124	0 39237.8 6848.2 	46086	0.00414677	7.66472e-23	8.6593e-15	1050	8.6593e-15	0 1.9811e+07 5e+06 	2.4811e+07	6.67505	6.55445	12703.2	670	0.15883	0	4.029	1.02
133.2	0.00317629	0.000899744	22726.5	1050	105	22451.8	16.978	16.978	67.9118	67.9118	0 44845.1 7499.15 	52344.2	0.00407604	7.32002e-23	8.1288e-15	1050	8.1288e-15	0 1.9141e+07 5e+06 	2.4141e+07	6.40332	6.55445	12703.2	670	0.15373	0	4.029	1.02
133.4	0.00314126	0.00099261	25151	1050	105	24876.1	16.9893	16.9893	67.9573	67.9573	0 40201.1 6942.25 	47143.3	0.00413387	6.77545e-23	7.63081e-15	1050	7.63081e-15	0 1.96879e+07 5e+06 	2.46879e+07	6.61998	6.55445	12703.2	670	0.157496	0	4.029	1.02
133.6	0.00313299	0.00101556	25755.2	1050	105	25480.2	17.0006	17.0006	68.0023	68.0023	0 39189.2 6818.39 	46007.6	0.00414855	6.33785e-23	7.16332e-15	1050	7.16332e-15	0 1.9828e+07 5e+06 	2.4828e+07	6.67254	6.55445	12703.2	670	0.158402	0	4.029	1.02
133.8	0.00317649	0.00090153	22778.5	1050	105	22503.7	16.9754	16.9754	67.9017	67.9017	0 44759 7461.73 	52220.7	0.00407802	6.05247e-23	6.72447e-15	1050	6.72447e-15	0 1.91596e+07 5e+06 	2.41596e+07	6.40213	6.55445	12703.2	670	0.153313	0	4.029	1.02
134	0.00314146	0.000994428	25204.8	1050	105	24929.9	16.9869	16.9869	67.9474	67.9474	0 40130.2 6909.08 	47039.3	0.00413589	5.60218e-23	6.31251e-15	1050	6.31251e-15	0 1.97072e+07 5e+06 	2.47072e+07	6.61869	6.55445	12703.2	670	0.157079	0	4.029	1.02
134.2	0.00313337	0.00101695	25798.1	1050	105	25523.1	16.9982	16.9982	67.9928	67.9928	0 39140.5 6788.66 	45929.1	0.00415032	5.24068e-23	5.92579e-15	1050	5.92579e-15	0 1.9845e+07 5e+06 	2.4845e+07	6.67007	6.55445	12703.2	670	0.157974	0	4.029	1.02
134.4	0.00317668	0.000903323	22830.7	1050	105	22555.9	16.973	16.973	67.8922	67.8922	0 44672.9 7424.45 	52097.3	0.00408001	5.00441e-23	5.56276e-15	1050	5.56276e-15	0 1.91782e+07 5e+06 	2.41782e+07	6.40097	6.55445	12703.2	670	0.152896	0	4.029	1.02
134.6	0.00314166	0.000996254	25258.8	1050	105	24984	16.9846	16.9846	67.9382	67.9382	0 40059.3 6876.03 	46935.3	0.00413792	4.63208e-23	5.22197e-15	1050	5.22197e-15	0 1.97265e+07 5e+06 	2.47265e+07	6.61742	6.55445	12703.2	670	0.156662	0	4.029	1.02
134.8	0.00313376	0.00101834	25841.1	1050	105	25566.2	16.996	16.996	67.9839	67.9839	0 39091.7 6759 	45850.7	0.0041521	4.33345e-23	4.90205e-15	1050	4.90205e-15	0 1.9862e+07 5e+06 	2.4862e+07	6.66763	6.55445	12703.2	670	0.157546	0	4.029	1.02
135	0.00317687	0.000905125	22883.1	1050	105	22608.3	16.9708	16.9708	67.8833	67.8833	0 44586.6 7387.32 	51973.9	0.004082	4.13783e-23	4.60174e-15	1050	4.60174e-15	0 1.9197e+07 5e+06 	2.4197e+07	6.39983	6.55445	12703.2	670	0.15248	0	4.029	1.02
135.2	0.00314186	0.000998087	25313	1050	105	25038.2	16.9824	16.9824	67.9296	67.9296	0 39988.2 6843.1 	46831.3	0.00413995	3.82996e-23	4.31982e-15	1050	4.31982e-15	0 1.97459e+07 5e+06 	2.47459e+07	6.61617	6.55445	12703.2	670	0.156246	0	4.029	1.02
135.4	0.00313414	0.00101974	25884.3	1050	105	25609.3	16.9939	16.9939	67.9755	67.9755	0 39042.8 6729.41 	45772.2	0.00415388	3.58327e-23	4.05517e-15	1050	4.05517e-15	0 1.9879e+07 5e+06 	2.4879e+07	6.66521	6.55445	12703.2	670	0.157118	0	4.029	1.02
135.6	0.00317705	0.000906935	22935.7	1050	105	22661	16.9687	16.9687	67.8749	67.8749	0 44500.2 7350.33 	51850.5	0.00408399	3.42131e-23	3.80674e-15	1050	3.80674e-15	0 1.92157e+07 5e+06 	2.42157e+07	6.39872	6.55445	12703.2	670	0.152066	0	4.029	1.02
135.8	0.00314205	0.000999928	25367.5	1050	105	25092.7	16.9804	16.9804	67.9215	67.9215	0 39917 6810.29 	46727.3	0.00414198	3.16675e-23	3.57353e-15	1050	3.57353e-15	0 1.97653e+07 5e+06 	2.47653e+07	6.61496	6.55445	12703.2	670	0.155832	0	4.029	1.02
136	0.00313451	0.00102114	25927.5	1050	105	25652.6	16.9919	16.9919	67.9677	67.9677	0 38993.8 6699.89 	45693.7	0.00415565	2.96296e-23	3.3546e-15	1050	3.3546e-15	0 1.9896e+07 5e+06 	2.4896e+07	6.66283	6.55445	12703.2	670	0.15669	0	4.029	1.02
136.2	0.00317723	0.000908754	22988.6	1050	105	22713.9	16.9668	16.9668	67.8672	67.8672	0 44413.6 7313.46 	51727	0.00408599	2.82886e-23	3.14909e-15	1050	3.14909e-15	0 1.92345e+07 5e+06 	2.42345e+07	6.39764	6.55445	12703.2	670	0.151652	0	4.029	1.02
136.4	0.00314224	0.00100178	25422.2	1050	105	25147.4	16.9785	16.9785	67.914	67.914	0 39845.6 6777.59 	46623.2	0.00414402	2.61837e-23	2.95617e-15	1050	2.95617e-15	0 1.97848e+07 5e+06 	2.47848e+07	6.61378	6.55445	12703.2	670	0.155418	0	4.029	1.02
136.6	0.00313488	0.00102255	25971	1050	105	25696.1	16.9901	16.9901	67.9605	67.9605	0 38944.6 6670.44 	45615.1	0.00415743	2.45003e-23	2.77506e-15	1050	2.77506e-15	0 1.9913e+07 5e+06 	2.4913e+07	6.66048	6.55445	12703.2	670	0.156263	0	4.029	1.02
136.8	0.00317741	0.000910584	23041.8	1050	105	22767.1	16.965	16.965	67.8599	67.8599	0 44326.8 7276.73 	51603.5	0.00408799	2.339e-23	2.60506e-15	1050	2.60506e-15	0 1.92534e+07 5e+06 	2.42534e+07	6.3966	6.55445	12703.2	670	0.15124	0	4.029	1.02
137	0.00314242	0.00100364	25477.2	1050	105	25202.4	16.9768	16.9768	67.907	67.907	0 39774 6745 	46519	0.00414606	2.16495e-23	2.44546e-15	1050	2.44546e-15	0 1.98043e+07 5e+06 	2.48043e+07	6.61262	6.55445	12703.2	670	0.155005	0	4.029	1.02
137.2	0.00313524	0.00102397	26014.6	1050	105	25739.7	16.9884	16.9884	67.9537	67.9537	0 38895.3 6641.06 	45536.4	0.00415921	2.0259e-23	2.29564e-15	1050	2.29564e-15	0 1.99301e+07 5e+06 	2.49301e+07	6.65816	6.55445	12703.2	670	0.155836	0	4.029	1.02
137.4	0.00317757	0.000912425	23095.3	1050	105	22820.6	16.9633	16.9633	67.8532	67.8532	0 44239.7 7240.11 	51479.8	0.00409	1.93397e-23	2.15501e-15	1050	2.15501e-15	0 1.92723e+07 5e+06 	2.42723e+07	6.39559	6.55445	12703.2	670	0.150828	0	4.029	1.02
137.6	0.0031426	0.00100551	25532.5	1050	105	25257.8	16.9751	16.9751	67.9006	67.9006	0 39702.2 6712.52 	46414.8	0.00414811	1.79005e-23	2.02298e-15	1050	2.02298e-15	0 1.98238e+07 5e+06 	2.48238e+07	6.61151	6.55445	12703.2	670	0.154594	0	4.029	1.02
137.8	0.0031356	0.00102539	26058.3	1050	105	25783.5	16.9869	16.9869	67.9475	67.9475	0 38845.8 6611.75 	45457.6	0.00416099	1.67519e-23	1.89905e-15	1050	1.89905e-15	0 1.99472e+07 5e+06 	2.49472e+07	6.65587	6.55445	12703.2	670	0.155409	0	4.029	1.02
138	0.00317774	0.000914277	23149.1	1050	105	22874.5	16.9618	16.9618	67.847	67.847	0 44152.3 7203.61 	51355.9	0.00409201	1.59907e-23	1.78271e-15	1050	1.78271e-15	0 1.92913e+07 5e+06 	2.42913e+07	6.39461	6.55445	12703.2	670	0.150417	0	4.029	1.02
138.2	0.00314277	0.0010074	25588.2	1050	105	25313.4	16.9736	16.9736	67.8946	67.8946	0 39630.2 6680.15 	46310.3	0.00415017	1.48007e-23	1.67349e-15	1050	1.67349e-15	0 1.98435e+07 5e+06 	2.48435e+07	6.61042	6.55445	12703.2	670	0.154184	0	4.029	1.02
138.4	0.00313596	0.00102682	26102.3	1050	105	25827.5	16.9854	16.9854	67.9418	67.9418	0 38796.1 6582.51 	45378.6	0.00416278	1.38519e-23	1.57097e-15	1050	1.57097e-15	0 1.99643e+07 5e+06 	2.49643e+07	6.65361	6.55445	12703.2	670	0.154983	0	4.029	1.02
138.6	0.00317789	0.000916143	23203.3	1050	105	22928.7	16.9603	16.9603	67.8413	67.8413	0 44064.5 7167.22 	51231.7	0.00409403	1.32216e-23	1.47473e-15	1050	1.47473e-15	0 1.93103e+07 5e+06 	2.43103e+07	6.39367	6.55445	12703.2	670	0.150008	0	4.029	1.02
138.8	0.00314294	0.00100929	25644.2	1050	105	25369.4	16.9723	16.9723	67.8891	67.8891	0 39557.8 6647.88 	46205.7	0.00415223	1.22377e-23	1.38438e-15	1050	1.38438e-15	0 1.98632e+07 5e+06 	2.48632e+07	6.60938	6.55445	12703.2	670	0.153775	0	4.029	1.02
139	0.0031363	0.00102826	26146.5	1050	105	25871.7	16.9841	16.9841	67.9365	67.9365	0 38746.2 6553.33 	45299.5	0.00416456	1.14539e-23	1.29957e-15	1050	1.29957e-15	0 1.99814e+07 5e+06 	2.49814e+07	6.65139	6.55445	12703.2	670	0.154557	0	4.029	1.02
139.2	0.00317804	0.000918023	23257.9	1050	105	22983.3	16.959	16.959	67.836	67.836	0 43976.3 7130.93 	51107.2	0.00409606	1.0932e-23	1.21995e-15	1050	1.21995e-15	0 1.93295e+07 5e+06 	2.43295e+07	6.39278	6.55445	12703.2	670	0.149599	0	4.029	1.02
139.4	0.0031431	0.0010112	25700.5	1050	105	25425.8	16.971	16.971	67.8841	67.8841	0 39485.1 6615.7 	46100.8	0.0041543	1.01184e-23	1.14522e-15	1050	1.14522e-15	0 1.9883e+07 5e+06 	2.4883e+07	6.60837	6.55445	12703.2	670	0.153367	0	4.029	1.02
139.6	0.00313665	0.0010297	26190.9	1050	105	25916.1	16.9829	16.9829	67.9317	67.9317	0 38696 6524.22 	45220.2	0.00416635	9.47107e-24	1.07506e-15	1050	1.07506e-15	0 1.99986e+07 5e+06 	2.49986e+07	6.6492	6.55445	12703.2	670	0.154132	0	4.029	1.02
139.8	0.00317818	0.000919919	23312.9	1050	105	23038.3	16.9578	16.9578	67.8312	67.8312	0 43887.6 7094.73 	50982.3	0.0040981	9.03893e-24	1.0092e-15	1050	1.0092e-15	0 1.93487e+07 5e+06 	2.43487e+07	6.39193	6.55445	12703.2	670	0.149192	0	4.029	1.02
140	0.00314325	0.00101313	25757.4	1050	105	25482.7	16.9699	16.9699	67.8795	67.8795	0 39411.9 6583.62 	45995.6	0.00415638	8.3662e-24	9.47369e-16	1050	9.47369e-16	0 1.99029e+07 5e+06 	2.49029e+07	6.60741	6.55445	12703.2	670	0.152961	0	4.029	1.02
140.2	0.00313699	0.00103116	26235.6	1050	105	25960.8	16.9818	16.9818	67.9273	67.9273	0 38645.6 6495.18 	45140.8	0.00416815	7.83148e-24	8.89331e-16	1050	8.89331e-16	0 2.00158e+07 5e+06 	2.50158e+07	6.64705	6.55445	12703.2	670	0.153708	0	4.029	1.02
140.4	0.00317831	0.000921832	23368.3	1050	105	23093.8	16.9567	16.9567	67.8269	67.8269	0 43798.4 7058.61 	50857	0.00410014	7.47364e-24	8.34848e-16	1050	8.34848e-16	0 1.9368e+07 5e+06 	2.4368e+07	6.39113	6.55445	12703.2	670	0.148785	0	4.029	1.02
140.6	0.00314339	0.00101507	25814.6	1050	105	25539.9	16.9688	16.9688	67.8753	67.8753	0 39338.3 6551.63 	45890	0.00415846	6.91738e-24	7.83702e-16	1050	7.83702e-16	0 1.99229e+07 5e+06 	2.49229e+07	6.60649	6.55445	12703.2	670	0.152556	0	4.029	1.02
140.8	0.00313732	0.00103263	26280.5	1050	105	26005.7	16.9808	16.9808	67.9234	67.9234	0 38594.8 6466.2 	45061	0.00416995	6.47573e-24	7.3569e-16	1050	7.3569e-16	0 2.00331e+07 5e+06 	2.50331e+07	6.64494	6.55445	12703.2	670	0.153284	0	4.029	1.02
141	0.00312579	0.00106412	27113.2	1050	105	26838.3	16.9868	16.9868	67.9473	67.9473	0 37315 6317.52 	43632.5	0.0041899	6.05005e-24	6.9062e-16	1050	6.9062e-16	0 2.02253e+07 5e+06 	2.52253e+07	6.71877	6.55445	12703.2	670	0.154504	0	4.029	1.02
141.2	0.00312723	0.0010617	27053.4	1050	105	26778.4	16.9927	16.9927	67.9709	67.9709	0 37417.3 6326.01 	43743.3	0.00418893	5.68072e-24	6.4831e-16	1050	6.4831e-16	0 2.02159e+07 5e+06 	2.52159e+07	6.70943	6.55445	12703.2	670	0.154371	0	4.029	1.02
141.4	0.00318056	0.000921127	23362.6	1050	105	23088	16.9676	16.9676	67.8703	67.8703	0 43863 7034.35 	50897.3	0.00410169	5.44612e-24	6.08593e-16	1050	6.08593e-16	0 1.93826e+07 5e+06 	2.43826e+07	6.37757	6.55445	12703.2	670	0.148238	0	4.029	1.02
141.6	0.00315119	0.000998036	25376.4	1050	105	25101.6	16.9823	16.9823	67.9293	67.9293	0 40109 6595.78 	46704.8	0.00414923	5.05391e-24	5.71308e-16	1050	5.71308e-16	0 1.98345e+07 5e+06 	2.48345e+07	6.55758	6.55445	12703.2	670	0.150977	0	4.029	1.02
141.8	0.00314245	0.00102289	26034.6	1050	105	25759.7	16.997	16.997	67.9878	67.9878	0 39025.9 6474.94 	45500.8	0.00416534	4.72594e-24	5.36308e-16	1050	5.36308e-16	0 1.99889e+07 5e+06 	2.49889e+07	6.61245	6.55445	12703.2	670	0.152055	0	4.029	1.02
142	0.00312967	0.00105854	26979.2	1050	105	26704.2	17.0042	17.0042	68.017	68.017	0 37558.2 6312.62 	43870.8	0.00418821	4.41218e-24	5.03452e-16	1050	5.03452e-16	0 2.0209e+07 5e+06 	2.5209e+07	6.69378	6.55445	12703.2	670	0.153621	0	4.029	1.02
142.2	0.00312981	0.00105928	27002	1050	105	26726.9	17.0115	17.0115	68.0459	68.0459	0 37533.5 6304.87 	43838.4	0.0041891	4.141e-24	4.72609e-16	1050	4.72609e-16	0 2.02175e+07 5e+06 	2.52175e+07	6.69286	6.55445	12703.2	670	0.153562	0	4.029	1.02
142.4	0.00318062	0.00092483	23468.8	1050	105	23194	16.9863	16.9863	67.9452	67.9452	0 43688 6972.6 	50660.6	0.00410545	3.96652e-24	4.43656e-16	1050	4.43656e-16	0 1.94181e+07 5e+06 	2.44181e+07	6.37725	6.55445	12703.2	670	0.147604	0	4.029	1.02
142.6	0.00315026	0.00100462	25560.2	1050	105	25285.2	17.0007	17.0007	68.0027	68.0027	0 39834.5 6527.78 	46362.3	0.00415487	3.67922e-24	4.16476e-16	1050	4.16476e-16	0 1.98885e+07 5e+06 	2.48885e+07	6.5634	6.55445	12703.2	670	0.150502	0	4.029	1.02
142.8	0.00314228	0.00102741	26164.6	1050	105	25889.4	17.0149	17.0149	68.0598	68.0598	0 38852.2 6418.55 	45270.8	0.00416969	3.44155e-24	3.90961e-16	1050	3.90961e-16	0 2.00306e+07 5e+06 	2.50306e+07	6.6135	6.55445	12703.2	670	0.151483	0	4.029	1.02
143	0.00312993	0.00106199	27081.7	1050	105	26806.5	17.0223	17.0223	68.0892	68.0892	0 37439.3 6263.57 	43702.9	0.00419191	3.21358e-24	3.6701e-16	1050	3.6701e-16	0 2.02447e+07 5e+06 	2.52447e+07	6.69213	6.55445	12703.2	670	0.153007	0	4.029	1.02
143.2	0.00313038	0.0010619	27082.6	1050	105	26807.3	17.0296	17.0296	68.1182	68.1182	0 37447.8 6259.52 	43707.4	0.00419228	3.01644e-24	3.44526e-16	1050	3.44526e-16	0 2.02483e+07 5e+06 	2.52483e+07	6.68921	6.55445	12703.2	670	0.152913	0	4.029	1.02
143.4	0.00318096	0.000927809	23556.3	1050	105	23281.2	17.0043	17.0043	68.0174	68.0174	0 43552.4 6916.05 	50468.5	0.00410877	2.8892e-24	3.23419e-16	1050	3.23419e-16	0 1.94496e+07 5e+06 	2.44496e+07	6.3752	6.55445	12703.2	670	0.146953	0	4.029	1.02
143.6	0.00315064	0.00100749	25646.2	1050	105	25371	17.0188	17.0188	68.0753	68.0753	0 39725.5 6476.84 	46202.4	0.00415813	2.68e-24	3.03605e-16	1050	3.03605e-16	0 1.99197e+07 5e+06 	2.49197e+07	6.56102	6.55445	12703.2	670	0.14983	0	4.029	1.02
143.8	0.00314291	0.00102965	26234.2	1050	105	25958.9	17.0332	17.0332	68.1327	68.1327	0 38775.3 6371.81 	45147.1	0.00417256	2.50712e-24	2.85006e-16	1050	2.85006e-16	0 2.00582e+07 5e+06 	2.50582e+07	6.60958	6.55445	12703.2	670	0.15078	0	4.029	1.02
144	0.00313071	0.00106396	27145.1	1050	105	26869.7	17.0408	17.0408	68.163	68.163	0 37379.3 6220.8 	43600.1	0.00419467	2.34112e-24	2.67545e-16	1050	2.67545e-16	0 2.02714e+07 5e+06 	2.52714e+07	6.6871	6.55445	12703.2	670	0.152318	0	4.029	1.02
144.2	0.00313124	0.00106365	27140	1050	105	26864.6	17.0483	17.0483	68.193	68.193	0 37396.5 6217.58 	43614.1	0.00419489	2.19758e-24	2.51155e-16	1050	2.51155e-16	0 2.02735e+07 5e+06 	2.52735e+07	6.6837	6.55445	12703.2	670	0.152211	0	4.029	1.02
144.4	0.00318124	0.000930861	23645.4	1050	105	23370.2	17.023	17.023	68.092	68.092	0 43413.4 6858.84 	50272.3	0.0041121	2.10448e-24	2.35768e-16	1050	2.35768e-16	0 1.94811e+07 5e+06 	2.44811e+07	6.37353	6.55445	12703.2	670	0.146289	0	4.029	1.02
144.6	0.00315079	0.00101093	25746.8	1050	105	25471.4	17.0375	17.0375	68.15	68.15	0 39592.5 6423.39 	46015.9	0.00416172	1.952e-24	2.21324e-16	1050	2.21324e-16	0 1.99542e+07 5e+06 	2.49542e+07	6.56005	6.55445	12703.2	670	0.149177	0	4.029	1.02
144.8	0.00314339	0.00103222	26312.4	1050	105	26036.9	17.0519	17.0519	68.2075	68.2075	0 38684.7 6323.64 	45008.3	0.00417561	1.82632e-24	2.07765e-16	1050	2.07765e-16	0 2.00875e+07 5e+06 	2.50875e+07	6.60653	6.55445	12703.2	670	0.150086	0	4.029	1.02
145	0.0031314	0.00106613	27213.6	1050	105	26938	17.0596	17.0596	68.2386	68.2386	0 37311.4 6177 	43488.4	0.00419752	1.70548e-24	1.95037e-16	1050	1.95037e-16	0 2.0299e+07 5e+06 	2.5299e+07	6.68272	6.55445	12703.2	670	0.151627	0	4.029	1.02
145.2	0.00313204	0.0010655	27200	1050	105	26924.3	17.0673	17.0673	68.2694	68.2694	0 37341.1 6175.04 	43516.2	0.00419754	1.60099e-24	1.83088e-16	1050	1.83088e-16	0 2.02991e+07 5e+06 	2.52991e+07	6.67859	6.55445	12703.2	670	0.151503	0	4.029	1.02
145.4	0.00318151	0.000933897	23734.2	1050	105	23458.8	17.042	17.042	68.1682	68.1682	0 43276 6801.99 	50078	0.0041154	1.53291e-24	1.71872e-16	1050	1.71872e-16	0 1.95125e+07 5e+06 	2.45125e+07	6.3719	6.55445	12703.2	670	0.145621	0	4.029	1.02
145.6	0.00315097	0.00101428	25845.3	1050	105	25569.8	17.0565	17.0565	68.2262	68.2262	0 39463.7 6370.59 	45834.3	0.00416525	1.42178e-24	1.61342e-16	1050	1.61342e-16	0 1.9988e+07 5e+06 	2.4988e+07	6.55898	6.55445	12703.2	670	0.148517	0	4.029	1.02
145.8	0.00314388	0.00103474	26389.1	1050	105	26113.4	17.0709	17.0709	68.2838	68.2838	0 38596.6 6275.86 	44872.5	0.00417861	1.33041e-24	1.51458e-16	1050	1.51458e-16	0 2.01164e+07 5e+06 	2.51164e+07	6.60345	6.55445	12703.2	670	0.149387	0	4.029	1.02
146	0.00313208	0.00106826	27280.9	1050	105	27005.1	17.0789	17.0789	68.3157	68.3157	0 37245.2 6133.42 	43378.7	0.00420034	1.24244e-24	1.42179e-16	1050	1.42179e-16	0 2.03262e+07 5e+06 	2.53262e+07	6.67834	6.55445	12703.2	670	0.15093	0	4.029	1.02
146.2	0.00313284	0.00106732	27259	1050	105	26983.2	17.0868	17.0868	68.3472	68.3472	0 37287 6132.64 	43419.7	0.00420015	1.16638e-24	1.33469e-16	1050	1.33469e-16	0 2.03244e+07 5e+06 	2.53244e+07	6.67351	6.55445	12703.2	670	0.15079	0	4.029	1.02
146.4	0.00318176	0.000936958	23823.6	1050	105	23548	17.0615	17.0615	68.2459	68.2459	0 43138 6745.35 	49883.4	0.00411871	1.11657e-24	1.25292e-16	1050	1.25292e-16	0 1.95439e+07 5e+06 	2.45439e+07	6.3704	6.55445	12703.2	670	0.144952	0	4.029	1.02
146.6	0.00315111	0.00101769	25945.1	1050	105	25669.4	17.076	17.076	68.3039	68.3039	0 39333.6 6317.96 	45651.6	0.0041688	1.03557e-24	1.17616e-16	1050	1.17616e-16	0 2.00221e+07 5e+06 	2.50221e+07	6.55805	6.55445	12703.2	670	0.147858	0	4.029	1.02
146.8	0.00314435	0.00103728	26466.5	1050	105	26190.6	17.0904	17.0904	68.3615	68.3615	0 38507.8 6228.23 	44736	0.00418163	9.69149e-25	1.10411e-16	1050	1.10411e-16	0 2.01455e+07 5e+06 	2.51455e+07	6.60048	6.55445	12703.2	670	0.148688	0	4.029	1.02
147	0.00313275	0.0010704	27348.5	1050	105	27072.6	17.0985	17.0985	68.3942	68.3942	0 37178.7 6089.9 	43268.6	0.00420314	9.05118e-25	1.03647e-16	1050	1.03647e-16	0 2.03533e+07 5e+06 	2.53533e+07	6.67407	6.55445	12703.2	670	0.15023	0	4.029	1.02
147.2	0.00313362	0.00106913	27318.1	1050	105	27042	17.1066	17.1066	68.4265	68.4265	0 37232.9 6090.31 	43323.2	0.00420275	8.49748e-25	9.72971e-17	1050	9.72971e-17	0 2.03495e+07 5e+06 	2.53495e+07	6.66853	6.55445	12703.2	670	0.150073	0	4.029	1.02
147.4	0.00318199	0.000940053	23914	1050	105	23638.1	17.0813	17.0813	68.325	68.325	0 42999.1 6688.93 	49688	0.00412204	8.13309e-25	9.13364e-17	1050	9.13364e-17	0 1.95754e+07 5e+06 	2.45754e+07	6.36901	6.55445	12703.2	670	0.144285	0	4.029	1.02
147.6	0.00315124	0.00102113	26046.2	1050	105	25770.2	17.0958	17.0958	68.3831	68.3831	0 39202.5 6265.57 	45468	0.00417237	7.54273e-25	8.57408e-17	1050	8.57408e-17	0 2.00564e+07 5e+06 	2.50564e+07	6.55725	6.55445	12703.2	670	0.147203	0	4.029	1.02
147.8	0.0031448	0.00103985	26544.6	1050	105	26268.5	17.1102	17.1102	68.4407	68.4407	0 38418.3 6180.79 	44599.1	0.00418465	7.05986e-25	8.04881e-17	1050	8.04881e-17	0 2.01746e+07 5e+06 	2.51746e+07	6.59761	6.55445	12703.2	670	0.147991	0	4.029	1.02
148	0.0031334	0.00107255	27416.5	1050	105	27140.3	17.1185	17.1185	68.4741	68.4741	0 37111.8 6046.49 	43158.3	0.00420595	6.59379e-25	7.55571e-17	1050	7.55571e-17	0 2.03805e+07 5e+06 	2.53805e+07	6.6699	6.55445	12703.2	670	0.14953	0	4.029	1.02
148.2	0.00313438	0.00107096	27377.2	1050	105	27100.9	17.1268	17.1268	68.5071	68.5071	0 37178.6 6048.09 	43226.7	0.00420534	6.19073e-25	7.09283e-17	1050	7.09283e-17	0 2.03746e+07 5e+06 	2.53746e+07	6.66362	6.55445	12703.2	670	0.149355	0	4.029	1.02
148.4	0.00318219	0.000943197	24005.6	1050	105	23729.6	17.1014	17.1014	68.4055	68.4055	0 42858.5 6632.67 	49491.2	0.00412539	5.9241e-25	6.6583e-17	1050	6.6583e-17	0 1.96073e+07 5e+06 	2.46073e+07	6.36778	6.55445	12703.2	670	0.14362	0	4.029	1.02
148.6	0.00315135	0.00102464	26148.8	1050	105	25872.6	17.1159	17.1159	68.4635	68.4635	0 39069.7 6213.39 	45283	0.00417598	5.49379e-25	6.25039e-17	1050	6.25039e-17	0 2.00911e+07 5e+06 	2.50911e+07	6.55661	6.55445	12703.2	670	0.146553	0	4.029	1.02
148.8	0.00314524	0.00104245	26623.7	1050	105	26347.4	17.1303	17.1303	68.521	68.521	0 38327.7 6133.53 	44461.2	0.00418769	5.14281e-25	5.86747e-17	1050	5.86747e-17	0 2.0204e+07 5e+06 	2.5204e+07	6.59485	6.55445	12703.2	670	0.147297	0	4.029	1.02
149	0.00313404	0.00107472	27485	1050	105	27208.6	17.1388	17.1388	68.5551	68.5551	0 37044.2 6003.19 	43047.4	0.00420876	4.80357e-25	5.50801e-17	1050	5.50801e-17	0 2.04078e+07 5e+06 	2.54078e+07	6.66583	6.55445	12703.2	670	0.14883	0	4.029	1.02
149.2	0.00313514	0.00107279	27436.5	1050	105	27160	17.1472	17.1472	68.5889	68.5889	0 37124.1 6005.97 	43130	0.00420793	4.51018e-25	5.17058e-17	1050	5.17058e-17	0 2.03997e+07 5e+06 	2.53997e+07	6.65881	6.55445	12703.2	670	0.148636	0	4.029	1.02
149.4	0.00318237	0.0009464	24098.9	1050	105	23822.6	17.1218	17.1218	68.4871	68.4871	0 42715.8 6576.52 	49292.4	0.00412877	4.31505e-25	4.85381e-17	1050	4.85381e-17	0 1.96394e+07 5e+06 	2.46394e+07	6.36672	6.55445	12703.2	670	0.142957	0	4.029	1.02
149.6	0.00315142	0.00102821	26253.4	1050	105	25977.1	17.1363	17.1363	68.545	68.545	0 38934.6 6161.39 	45096	0.00417963	4.0014e-25	4.55645e-17	1050	4.55645e-17	0 2.01263e+07 5e+06 	2.51263e+07	6.55614	6.55445	12703.2	670	0.145908	0	4.029	1.02
149.8	0.00314566	0.0010451	26704	1050	105	26427.5	17.1506	17.1506	68.6025	68.6025	0 38235.7 6086.44 	44322.1	0.00419076	3.74629e-25	4.27731e-17	1050	4.27731e-17	0 2.02336e+07 5e+06 	2.52336e+07	6.59222	6.55445	12703.2	670	0.146607	0	4.029	1.02
150	0.00313466	0.00107692	27554.1	1050	105	27277.6	17.1593	17.1593	68.6373	68.6373	0 36975.8 5960.01 	42935.9	0.00421158	3.49939e-25	4.01527e-17	1050	4.01527e-17	0 2.04352e+07 5e+06 	2.54352e+07	6.66188	6.55445	12703.2	670	0.148131	0	4.029	1.02
150.2	0.00313588	0.00107463	27496.2	1050	105	27219.5	17.1679	17.1679	68.6717	68.6717	0 37069.1 5963.97 	43033.1	0.00421052	3.28584e-25	3.76928e-17	1050	3.76928e-17	0 2.04248e+07 5e+06 	2.54248e+07	6.65408	6.55445	12703.2	670	0.147918	0	4.029	1.02
150.4	0.00312827	0.00109622	28072.9	1050	105	27796.1	17.1744	17.1744	68.6975	68.6975	0 36250.9 5875.52 	42126.4	0.0042245	3.07433e-25	3.53836e-17	1050	3.53836e-17	0 2.05607e+07 5e+06 	2.55607e+07	6.70276	6.55445	12703.2	670	0.148781	0	4.029	1.02
150.6	0.00313251	0.00108614	27808.6	1050	105	27531.8	17.1807	17.1807	68.723	68.723	0 36636.9 5911.51 	42548.4	0.00421865	2.88999e-25	3.32159e-17	1050	3.32159e-17	0 2.05038e+07 5e+06 	2.55038e+07	6.67562	6.55445	12703.2	670	0.148283	0	4.029	1.02
150.8	0.00318367	0.000949098	24185.1	1050	105	23908.5	17.1552	17.1552	68.6209	68.6209	0 42611.8 6516.27 	49128.1	0.00413277	2.76932e-25	3.1181e-17	1050	3.1181e-17	0 1.96775e+07 5e+06 	2.46775e+07	6.35892	6.55445	12703.2	670	0.142154	0	4.029	1.02
151	0.0031546	0.00102509	26185.3	1050	105	25908.6	17.1707	17.1707	68.6828	68.6828	0 39092.6 6125.87 	45218.5	0.0041797	2.57047e-25	2.92708e-17	1050	2.92708e-17	0 2.01269e+07 5e+06 	2.51269e+07	6.53631	6.55445	12703.2	670	0.14469	0	4.029	1.02
151.2	0.00314809	0.00104396	26688.5	1050	105	26411.6	17.1861	17.1861	68.7443	68.7443	0 38306.9 6042.34 	44349.2	0.00419205	2.40589e-25	2.74775e-17	1050	2.74775e-17	0 2.0246e+07 5e+06 	2.5246e+07	6.57698	6.55445	12703.2	670	0.14546	0	4.029	1.02
151.4	0.00313674	0.00107694	27570.2	1050	105	27293.2	17.1954	17.1954	68.7817	68.7817	0 37000 5913.72 	42913.7	0.00421368	2.2469e-25	2.57942e-17	1050	2.57942e-17	0 2.04555e+07 5e+06 	2.54555e+07	6.64861	6.55445	12703.2	670	0.147066	0	4.029	1.02
151.6	0.00313762	0.00107549	27534.2	1050	105	27257.1	17.2047	17.2047	68.8187	68.8187	0 37060.2 5913.66 	42973.9	0.00421311	2.10954e-25	2.4214e-17	1050	2.4214e-17	0 2.04499e+07 5e+06 	2.54499e+07	6.64304	6.55445	12703.2	670	0.146873	0	4.029	1.02
151.8	0.00312992	0.00109756	28124.8	1050	105	27847.7	17.2116	17.2116	68.8464	68.8464	0 36225.8 5826.03 	42051.9	0.00422748	1.97357e-25	2.27305e-17	1050	2.27305e-17	0 2.05897e+07 5e+06 	2.55897e+07	6.69216	6.55445	12703.2	670	0.1478	0	4.029	1.02
152	0.00313395	0.00108783	27869.1	1050	105	27592	17.2185	17.2185	68.8739	68.8739	0 36596.8 5858.75 	42455.5	0.00422178	1.85516e-25	2.1338e-17	1050	2.1338e-17	0 2.05342e+07 5e+06 	2.55342e+07	6.66643	6.55445	12703.2	670	0.147279	0	4.029	1.02
152.2	0.00318387	0.000953785	24321.4	1050	105	24044.5	17.1929	17.1929	68.7715	68.7715	0 42405.1 6439.03 	48844.1	0.00413765	1.77692e-25	2.00308e-17	1050	2.00308e-17	0 1.9724e+07 5e+06 	2.4724e+07	6.35773	6.55445	12703.2	670	0.141261	0	4.029	1.02
152.4	0.00315446	0.00103087	26352.5	1050	105	26075.4	17.2082	17.2082	68.8329	68.8329	0 38871.9 6051.75 	44923.7	0.00418532	1.64906e-25	1.88036e-17	1050	1.88036e-17	0 2.01811e+07 5e+06 	2.51811e+07	6.53722	6.55445	12703.2	670	0.143852	0	4.029	1.02
152.6	0.00314852	0.00104816	26814.3	1050	105	26537.1	17.2235	17.2235	68.8939	68.8939	0 38158.6 5976.11 	44134.7	0.00419668	1.54384e-25	1.76516e-17	1050	1.76516e-17	0 2.02907e+07 5e+06 	2.52907e+07	6.5743	6.55445	12703.2	670	0.144543	0	4.029	1.02
152.8	0.00313749	0.00108035	27675.9	1050	105	27398.6	17.233	17.233	68.932	68.932	0 36892 5853.19 	42745.2	0.00421784	1.44199e-25	1.65703e-17	1050	1.65703e-17	0 2.04959e+07 5e+06 	2.54959e+07	6.64385	6.55445	12703.2	670	0.146119	0	4.029	1.02
153	0.00313858	0.00107827	27623.2	1050	105	27345.7	17.2424	17.2424	68.9697	68.9697	0 36975.8 5855.15 	42831	0.00421685	1.35397e-25	1.55551e-17	1050	1.55551e-17	0 2.04863e+07 5e+06 	2.54863e+07	6.63694	6.55445	12703.2	670	0.14589	0	4.029	1.02
153.2	0.00313104	0.00110009	28207.8	1050	105	27930.3	17.2497	17.2497	68.9987	68.9987	0 36155.6 5770.85 	41926.4	0.00423113	1.26673e-25	1.46022e-17	1050	1.46022e-17	0 2.06253e+07 5e+06 	2.56253e+07	6.68499	6.55445	12703.2	670	0.146833	0	4.029	1.02
153.4	0.00313509	0.00109014	27945.8	1050	105	27668.3	17.2568	17.2568	69.0274	69.0274	0 36532.6 5803 	42335.6	0.00422524	1.19079e-25	1.37076e-17	1050	1.37076e-17	0 2.05679e+07 5e+06 	2.55679e+07	6.65911	6.55445	12703.2	670	0.146279	0	4.029	1.02
153.6	0.00318406	0.00095838	24455.2	1050	105	24177.9	17.2312	17.2312	68.9247	68.9247	0 42204.3 6362.59 	48566.9	0.00414244	1.14018e-25	1.28678e-17	1050	1.28678e-17	0 1.97697e+07 5e+06 	2.47697e+07	6.35656	6.55445	12703.2	670	0.140352	0	4.029	1.02
153.8	0.00315445	0.00103616	26506.9	1050	105	26229.5	17.2464	17.2464	68.9858	68.9858	0 38673.1 5979.97 	44653.1	0.00419061	1.05802e-25	1.20795e-17	1050	1.20795e-17	0 2.02321e+07 5e+06 	2.52321e+07	6.53728	6.55445	12703.2	670	0.142979	0	4.029	1.02
154	0.00314902	0.00105205	26931.8	1050	105	26654.2	17.2616	17.2616	69.0464	69.0464	0 38023.6 5911.23 	43934.8	0.00420107	9.90733e-26	1.13395e-17	1050	1.13395e-17	0 2.03333e+07 5e+06 	2.53333e+07	6.57114	6.55445	12703.2	670	0.143601	0	4.029	1.02
154.2	0.00313828	0.00108354	27775.7	1050	105	27498	17.2713	17.2713	69.0852	69.0852	0 36792.6 5793.48 	42586.1	0.00422182	9.25466e-26	1.06448e-17	1050	1.06448e-17	0 2.05346e+07 5e+06 	2.55346e+07	6.63883	6.55445	12703.2	670	0.14515	0	4.029	1.02
154.4	0.00313956	0.00108091	27708.1	1050	105	27430.2	17.2809	17.2809	69.1237	69.1237	0 36897 5797.15 	42694.2	0.00422047	8.69047e-26	9.99264e-18	1050	9.99264e-18	0 2.05215e+07 5e+06 	2.55215e+07	6.63074	6.55445	12703.2	670	0.144889	0	4.029	1.02
154.6	0.00313216	0.0011025	28287.5	1050	105	28009.6	17.2885	17.2885	69.1539	69.1539	0 36089.4 5715.92 	41805.3	0.00423466	8.13073e-26	9.38046e-18	1050	9.38046e-18	0 2.06597e+07 5e+06 	2.56597e+07	6.67781	6.55445	12703.2	670	0.145846	0	4.029	1.02
154.8	0.00313624	0.00109237	28020	1050	105	27742	17.296	17.296	69.1838	69.1838	0 36471.5 5747.48 	42219	0.0042286	7.64355e-26	8.80579e-18	1050	8.80579e-18	0 2.06007e+07 5e+06 	2.56007e+07	6.65182	6.55445	12703.2	670	0.145264	0	4.029	1.02
155	0.00313011	0.00111017	28498.2	1050	105	28220.2	17.3028	17.3028	69.2111	69.2111	0 35816.4 5679.06 	41495.4	0.00424028	7.15552e-26	8.26632e-18	1050	8.26632e-18	0 2.07146e+07 5e+06 	2.57146e+07	6.69099	6.55445	12703.2	670	0.145985	0	4.029	1.02
155.2	0.00313527	0.00109716	28153.8	1050	105	27875.7	17.3095	17.3095	69.238	69.238	0 36301.1 5721.1 	42022.2	0.00423243	6.72961e-26	7.7599e-18	1050	7.7599e-18	0 2.06379e+07 5e+06 	2.56379e+07	6.65797	6.55445	12703.2	670	0.145288	0	4.029	1.02
155.4	0.00312961	0.00111356	28594.4	1050	105	28316.2	17.3161	17.3161	69.2645	69.2645	0 35701.9 5657.46 	41359.3	0.00424317	6.30135e-26	7.2845e-18	1050	7.2845e-18	0 2.07428e+07 5e+06 	2.57428e+07	6.69416	6.55445	12703.2	670	0.14592	0	4.029	1.02
155.6	0.00313516	0.00109946	28221	1050	105	27942.8	17.3227	17.3227	69.2906	69.2906	0 36223.7 5702.81 	41926.5	0.00423463	5.92724e-26	6.83823e-18	1050	6.83823e-18	0 2.06594e+07 5e+06 	2.56594e+07	6.65867	6.55445	12703.2	670	0.145169	0	4.029	1.02
155.8	0.00312968	0.00111533	28647.4	1050	105	28369.1	17.3293	17.3293	69.317	69.317	0 35645.8 5641.09 	41286.8	0.00424501	5.5505e-26	6.4193e-18	1050	6.4193e-18	0 2.07609e+07 5e+06 	2.57609e+07	6.69373	6.55445	12703.2	670	0.145768	0	4.029	1.02
156	0.00313535	0.00110083	28262.7	1050	105	27984.4	17.3358	17.3358	69.3432	69.3432	0 36180.9 5687.12 	41868	0.00423618	5.22133e-26	6.02603e-18	1050	6.02603e-18	0 2.06746e+07 5e+06 	2.56746e+07	6.65745	6.55445	12703.2	670	0.144984	0	4.029	1.02
156.2	0.00312994	0.00111649	28683.6	1050	105	28405.2	17.3425	17.3425	69.3698	69.3698	0 35611.9 5626.33 	41238.2	0.00424643	4.88962e-26	5.65686e-18	1050	5.65686e-18	0 2.07747e+07 5e+06 	2.57747e+07	6.69203	6.55445	12703.2	670	0.14557	0	4.029	1.02
156.4	0.00313565	0.00110182	28294.1	1050	105	28015.6	17.3491	17.3491	69.3962	69.3962	0 36151.9 5672.16 	41824.1	0.00423746	4.59978e-26	5.3103e-18	1050	5.3103e-18	0 2.06871e+07 5e+06 	2.56871e+07	6.65558	6.55445	12703.2	670	0.144763	0	4.029	1.02
156.6	0.00313027	0.00111738	28712.6	1050	105	28434.1	17.3558	17.3558	69.4233	69.4233	0 35587.2 5611.97 	41199.2	0.00424766	4.30762e-26	4.98498e-18	1050	4.98498e-18	0 2.07867e+07 5e+06 	2.57867e+07	6.68992	6.55445	12703.2	670	0.145345	0	4.029	1.02
156.8	0.00313597	0.00110263	28320.7	1050	105	28042.1	17.3625	17.3625	69.45	69.45	0 36128.9 5657.3 	41786.2	0.00423861	4.05236e-26	4.67958e-18	1050	4.67958e-18	0 2.06982e+07 5e+06 	2.56982e+07	6.65349	6.55445	12703.2	670	0.14452	0	4.029	1.02
157	0.00313062	0.00111815	28738.1	1050	105	28459.4	17.3693	17.3693	69.4774	69.4774	0 35566.7 5597.61 	41164.3	0.00424878	3.79499e-26	4.3929e-18	1050	4.3929e-18	0 2.07977e+07 5e+06 	2.57977e+07	6.68766	6.55445	12703.2	670	0.145102	0	4.029	1.02
157.2	0.00313631	0.00110336	28344.9	1050	105	28066.1	17.3761	17.3761	69.5045	69.5045	0 36109 5642.39 	41751.3	0.00423967	3.57015e-26	4.12378e-18	1050	4.12378e-18	0 2.07087e+07 5e+06 	2.57087e+07	6.65134	6.55445	12703.2	670	0.144262	0	4.029	1.02
157.4	0.00313098	0.00111885	28761.7	1050	105	28482.9	17.3831	17.3831	69.5323	69.5323	0 35548.4 5583.16 	41131.6	0.00424984	3.34342e-26	3.87114e-18	1050	3.87114e-18	0 2.08081e+07 5e+06 	2.58081e+07	6.68538	6.55445	12703.2	670	0.144846	0	4.029	1.02
157.6	0.00313665	0.00110404	28367.5	1050	105	28088.6	17.3899	17.3899	69.5598	69.5598	0 36090.7 5627.39 	41718.1	0.00424069	3.14536e-26	3.63398e-18	1050	3.63398e-18	0 2.07186e+07 5e+06 	2.57186e+07	6.64918	6.55445	12703.2	670	0.143993	0	4.029	1.02
157.8	0.00313134	0.00111951	28784	1050	105	28505.1	17.397	17.397	69.5879	69.5879	0 35531.5 5568.61 	41100.1	0.00425085	2.9456e-26	3.41135e-18	1050	3.41135e-18	0 2.0818e+07 5e+06 	2.5818e+07	6.68309	6.55445	12703.2	670	0.144581	0	4.029	1.02
158	0.00313699	0.00110468	28389	1050	105	28110	17.4039	17.4039	69.6158	69.6158	0 36073.7 5612.3 	41686	0.00424167	2.77113e-26	3.20236e-18	1050	3.20236e-18	0 2.07282e+07 5e+06 	2.57282e+07	6.64701	6.55445	12703.2	670	0.143716	0	4.029	1.02
158.2	0.00313169	0.00112014	28805.5	1050	105	28526.4	17.4111	17.4111	69.6443	69.6443	0 35515.5 5553.98 	41069.5	0.00425184	2.59514e-26	3.00618e-18	1050	3.00618e-18	0 2.08277e+07 5e+06 	2.58277e+07	6.68082	6.55445	12703.2	670	0.144309	0	4.029	1.02
158.4	0.00313733	0.0011053	28409.9	1050	105	28130.7	17.4181	17.4181	69.6726	69.6726	0 36057.5 5597.15 	41654.6	0.00424263	2.44145e-26	2.82201e-18	1050	2.82201e-18	0 2.07375e+07 5e+06 	2.57375e+07	6.64486	6.55445	12703.2	670	0.143433	0	4.029	1.02
158.6	0.00313205	0.00112075	28826.3	1050	105	28547	17.4254	17.4254	69.7015	69.7015	0 35500.3 5539.28 	41039.5	0.0042528	2.28639e-26	2.64912e-18	1050	2.64912e-18	0 2.08371e+07 5e+06 	2.58371e+07	6.67855	6.55445	12703.2	670	0.144031	0	4.029	1.02
158.8	0.00313767	0.00110589	28430.1	1050	105	28150.8	17.4325	17.4325	69.7301	69.7301	0 36041.9 5581.96 	41623.8	0.00424356	2.15099e-26	2.48683e-18	1050	2.48683e-18	0 2.07467e+07 5e+06 	2.57467e+07	6.64271	6.55445	12703.2	670	0.143146	0	4.029	1.02
159	0.0031324	0.00112135	28846.5	1050	105	28567.1	17.4398	17.4398	69.7594	69.7594	0 35485.5 5524.54 	41010	0.00425375	2.01438e-26	2.33448e-18	1050	2.33448e-18	0 2.08464e+07 5e+06 	2.58464e+07	6.6763	6.55445	12703.2	670	0.143748	0	4.029	1.02
159.2	0.00313801	0.00110648	28450	1050	105	28170.5	17.4471	17.4471	69.7883	69.7883	0 36026.7 5566.75 	41593.5	0.00424448	1.8951e-26	2.19146e-18	1050	2.19146e-18	0 2.07557e+07 5e+06 	2.57557e+07	6.64057	6.55445	12703.2	670	0.142855	0	4.029	1.02
159.4	0.00313275	0.00112192	28866.4	1050	105	28586.9	17.4545	17.4545	69.818	69.818	0 35471.2 5509.76 	40980.9	0.00425468	1.77474e-26	2.05721e-18	1050	2.05721e-18	0 2.08555e+07 5e+06 	2.58555e+07	6.67405	6.55445	12703.2	670	0.143463	0	4.029	1.02
159.6	0.00313834	0.00110705	28469.4	1050	105	28189.8	17.4618	17.4618	69.8473	69.8473	0 36012 5551.52 	41563.5	0.00424539	1.66966e-26	1.93118e-18	1050	1.93118e-18	0 2.07645e+07 5e+06 	2.57645e+07	6.63844	6.55445	12703.2	670	0.142562	0	4.029	1.02
159.8	0.0031331	0.00112249	28886	1050	105	28606.3	17.4693	17.4693	69.8774	69.8774	0 35457.2 5494.97 	40952.1	0.00425559	1.56361e-26	1.81287e-18	1050	1.81287e-18	0 2.08645e+07 5e+06 	2.58645e+07	6.67182	6.55445	12703.2	670	0.143175	0	4.029	1.02
160	0.00313868	0.00110761	28488.6	1050	105	28208.8	17.4768	17.4768	69.907	69.907	0 35997.6 5536.28 	41533.9	0.00424629	1.47104e-26	1.7018e-18	1050	1.7018e-18	0 2.07733e+07 5e+06 	2.57733e+07	6.63632	6.55445	12703.2	670	0.142267	0	4.029	1.02
160.2	0.00313345	0.00112305	28905.3	1050	105	28625.5	17.4844	17.4844	69.9374	69.9374	0 35443.4 5480.17 	40923.6	0.0042565	1.3776e-26	1.59755e-18	1050	1.59755e-18	0 2.08734e+07 5e+06 	2.58734e+07	6.6696	6.55445	12703.2	670	0.142885	0	4.029	1.02
160.4	0.00313901	0.00110816	28507.6	1050	105	28227.6	17.4919	17.4919	69.9675	69.9675	0 35983.4 5521.05 	41504.5	0.00424717	1.29605e-26	1.49968e-18	1050	1.49968e-18	0 2.0782e+07 5e+06 	2.5782e+07	6.6342	6.55445	12703.2	670	0.14197	0	4.029	1.02
160.6	0.00313379	0.00112361	28924.5	1050	105	28644.5	17.4995	17.4995	69.9982	69.9982	0 35429.9 5465.36 	40895.2	0.0042574	1.21373e-26	1.4078e-18	1050	1.4078e-18	0 2.08822e+07 5e+06 	2.58822e+07	6.66739	6.55445	12703.2	670	0.142593	0	4.029	1.02
160.8	0.00313934	0.00110871	28526.3	1050	105	28246.3	17.5071	17.5071	70.0286	70.0286	0 35969.5 5505.83 	41475.3	0.00424805	1.14188e-26	1.32156e-18	1050	1.32156e-18	0 2.07906e+07 5e+06 	2.57906e+07	6.63209	6.55445	12703.2	670	0.141671	0	4.029	1.02
161	0.00313414	0.00112415	28943.4	1050	105	28663.2	17.5149	17.5149	70.0597	70.0597	0 35416.5 5450.56 	40867.1	0.00425829	1.06934e-26	1.24059e-18	1050	1.24059e-18	0 2.0891e+07 5e+06 	2.5891e+07	6.66518	6.55445	12703.2	670	0.1423	0	4.029	1.02
161.2	0.00313968	0.00110925	28544.9	1050	105	28264.7	17.5226	17.5226	70.0904	70.0904	0 35955.7 5490.62 	41446.4	0.00424893	1.00605e-26	1.16459e-18	1050	1.16459e-18	0 2.07992e+07 5e+06 	2.57992e+07	6.62998	6.55445	12703.2	670	0.141372	0	4.029	1.02
161.4	0.00313448	0.0011247	28962.2	1050	105	28681.9	17.5305	17.5305	70.1218	70.1218	0 35403.3 5435.76 	40839.1	0.00425918	9.42139e-27	1.09324e-18	1050	1.09324e-18	0 2.08997e+07 5e+06 	2.58997e+07	6.66299	6.55445	12703.2	670	0.142005	0	4.029	1.02
161.6	0.00314001	0.00110979	28563.4	1050	105	28283	17.5382	17.5382	70.1529	70.1529	0 35942.1 5475.43 	41417.6	0.0042498	8.86373e-27	1.02627e-18	1050	1.02627e-18	0 2.08077e+07 5e+06 	2.58077e+07	6.62788	6.55445	12703.2	670	0.141072	0	4.029	1.02
161.8	0.00313483	0.00112523	28980.8	1050	105	28700.4	17.5462	17.5462	70.1847	70.1847	0 35390.3 5420.97 	40811.3	0.00426006	8.30066e-27	9.63396e-19	1050	9.63396e-19	0 2.09083e+07 5e+06 	2.59083e+07	6.6608	6.55445	12703.2	670	0.14171	0	4.029	1.02
162	0.00314034	0.00111032	28581.7	1050	105	28301.2	17.554	17.554	70.2161	70.2161	0 35928.7 5460.26 	41388.9	0.00425066	7.80937e-27	9.04375e-19	1050	9.04375e-19	0 2.08161e+07 5e+06 	2.58161e+07	6.62579	6.55445	12703.2	670	0.140772	0	4.029	1.02
162.2	0.00313517	0.00112577	28999.3	1050	105	28718.7	17.5621	17.5621	70.2483	70.2483	0 35377.4 5406.19 	40783.6	0.00426094	7.31327e-27	8.4897e-19	1050	8.4897e-19	0 2.09169e+07 5e+06 	2.59169e+07	6.65862	6.55445	12703.2	670	0.141414	0	4.029	1.02
162.4	0.00314067	0.00111085	28599.9	1050	105	28319.2	17.57	17.57	70.28	70.28	0 35915.3 5445.11 	41360.4	0.00425152	6.88044e-27	7.9696e-19	1050	7.9696e-19	0 2.08245e+07 5e+06 	2.58245e+07	6.6237	6.55445	12703.2	670	0.140471	0	4.029	1.02
162.6	0.00313551	0.0011263	29017.8	1050	105	28737	17.5781	17.5781	70.3125	70.3125	0 35364.6 5391.43 	40756	0.00426181	6.44333e-27	7.48136e-19	1050	7.48136e-19	0 2.09255e+07 5e+06 	2.59255e+07	6.65645	6.55445	12703.2	670	0.141118	0	4.029	1.02
162.8	0.003141	0.00111138	28618.1	1050	105	28337.2	17.5862	17.5862	70.3446	70.3446	0 35902.1 5429.98 	41332.1	0.00425237	6.06201e-27	7.02303e-19	1050	7.02303e-19	0 2.08329e+07 5e+06 	2.58329e+07	6.62162	6.55445	12703.2	670	0.140169	0	4.029	1.02
163	0.00313585	0.00112682	29036.1	1050	105	28755.1	17.5943	17.5943	70.3774	70.3774	0 35351.8 5376.68 	40728.5	0.00426268	5.67688e-27	6.59277e-19	1050	6.59277e-19	0 2.0934e+07 5e+06 	2.5934e+07	6.65428	6.55445	12703.2	670	0.14082	0	4.029	1.02
163.2	0.00314133	0.0011119	28636.1	1050	105	28355.1	17.6025	17.6025	70.4098	70.4098	0 35889 5414.88 	41303.9	0.00425323	5.34094e-27	6.18888e-19	1050	6.18888e-19	0 2.08413e+07 5e+06 	2.58413e+07	6.61954	6.55445	12703.2	670	0.139867	0	4.029	1.02
163.4	0.00313619	0.00112735	29054.3	1050	105	28773.2	17.6107	17.6107	70.443	70.443	0 35339.2 5361.95 	40701.2	0.00426354	5.00161e-27	5.80973e-19	1050	5.80973e-19	0 2.09425e+07 5e+06 	2.59425e+07	6.65213	6.55445	12703.2	670	0.140523	0	4.029	1.02
163.6	0.00314166	0.00111242	28654	1050	105	28372.8	17.6189	17.6189	70.4757	70.4757	0 35876 5399.8 	41275.8	0.00425407	4.70564e-27	5.45381e-19	1050	5.45381e-19	0 2.08496e+07 5e+06 	2.58496e+07	6.61746	6.55445	12703.2	670	0.139565	0	4.029	1.02
163.8	0.00313653	0.00112787	29072.5	1050	105	28791.2	17.6273	17.6273	70.5092	70.5092	0 35326.7 5347.24 	40673.9	0.0042644	4.40666e-27	5.11969e-19	1050	5.11969e-19	0 2.09509e+07 5e+06 	2.59509e+07	6.64998	6.55445	12703.2	670	0.140225	0	4.029	1.02
164	0.00314198	0.00111294	28671.9	1050	105	28390.5	17.6356	17.6356	70.5423	70.5423	0 35863.1 5384.75 	41247.8	0.00425492	4.14591e-27	4.80604e-19	1050	4.80604e-19	0 2.08579e+07 5e+06 	2.58579e+07	6.61539	6.55445	12703.2	670	0.139263	0	4.029	1.02
164.2	0.00313686	0.00112839	29090.5	1050	105	28809.1	17.644	17.644	70.5761	70.5761	0 35314.2 5332.54 	40646.8	0.00426525	3.88249e-27	4.51161e-19	1050	4.51161e-19	0 2.09593e+07 5e+06 	2.59593e+07	6.64783	6.55445	12703.2	670	0.139926	0	4.029	1.02
164.4	0.00314231	0.00111345	28689.7	1050	105	28408.1	17.6524	17.6524	70.6095	70.6095	0 35850.2 5369.72 	41219.9	0.00425576	3.65277e-27	4.23522e-19	1050	4.23522e-19	0 2.08661e+07 5e+06 	2.58661e+07	6.61333	6.55445	12703.2	670	0.13896	0	4.029	1.02
164.6	0.0031372	0.00112891	29108.5	1050	105	28826.9	17.6609	17.6609	70.6436	70.6436	0 35301.8 5317.86 	40619.7	0.00426611	3.42067e-27	3.97575e-19	1050	3.97575e-19	0 2.09677e+07 5e+06 	2.59677e+07	6.6457	6.55445	12703.2	670	0.139627	0	4.029	1.02
164.8	0.00314264	0.00111396	28707.4	1050	105	28425.7	17.6693	17.6693	70.6774	70.6774	0 35837.5 5354.72 	41192.2	0.0042566	3.21828e-27	3.73219e-19	1050	3.73219e-19	0 2.08743e+07 5e+06 	2.58743e+07	6.61127	6.55445	12703.2	670	0.138658	0	4.029	1.02
165	0.00313754	0.00112942	29126.5	1050	105	28844.7	17.6779	17.6779	70.7118	70.7118	0 35289.5 5303.2 	40592.7	0.00426696	3.01379e-27	3.50354e-19	1050	3.50354e-19	0 2.0976e+07 5e+06 	2.5976e+07	6.64357	6.55445	12703.2	670	0.139328	0	4.029	1.02
165.2	0.00314296	0.00111447	28725	1050	105	28443.2	17.6865	17.6865	70.7459	70.7459	0 35824.8 5339.75 	41164.5	0.00425743	2.83548e-27	3.2889e-19	1050	3.2889e-19	0 2.08825e+07 5e+06 	2.58825e+07	6.60921	6.55445	12703.2	670	0.138355	0	4.029	1.02
165.4	0.00313787	0.00112993	29144.3	1050	105	28862.4	17.6952	17.6952	70.7806	70.7806	0 35277.3 5288.57 	40565.9	0.0042678	2.65531e-27	3.08741e-19	1050	3.08741e-19	0 2.09844e+07 5e+06 	2.59844e+07	6.64145	6.55445	12703.2	670	0.139029	0	4.029	1.02
165.6	0.00314329	0.00111498	28742.6	1050	105	28460.6	17.7038	17.7038	70.815	70.815	0 35812.2 5324.81 	41137	0.00425827	2.49822e-27	2.89827e-19	1050	2.89827e-19	0 2.08907e+07 5e+06 	2.58907e+07	6.60716	6.55445	12703.2	670	0.138052	0	4.029	1.02
165.8	0.0031382	0.00113044	29162.1	1050	105	28880	17.7125	17.7125	70.8501	70.8501	0 35265.1 5273.95 	40539.1	0.00426865	2.33946e-27	2.72071e-19	1050	2.72071e-19	0 2.09927e+07 5e+06 	2.59927e+07	6.63933	6.55445	12703.2	670	0.138729	0	4.029	1.02
166	0.00314361	0.00111548	28760.1	1050	105	28477.9	17.7212	17.7212	70.8848	70.8848	0 35799.7 5309.89 	41109.6	0.0042591	2.20107e-27	2.55403e-19	1050	2.55403e-19	0 2.08988e+07 5e+06 	2.58988e+07	6.60511	6.55445	12703.2	670	0.137749	0	4.029	1.02
166.2	0.00313854	0.00113095	29179.8	1050	105	28897.5	17.73	17.73	70.9201	70.9201	0 35253 5259.36 	40512.4	0.00426949	2.06119e-27	2.39757e-19	1050	2.39757e-19	0 2.10009e+07 5e+06 	2.60009e+07	6.63722	6.55445	12703.2	670	0.138429	0	4.029	1.02
166.4	0.00314394	0.00111599	28777.5	1050	105	28495.2	17.7388	17.7388	70.9552	70.9552	0 35787.2 5295.01 	41082.2	0.00425992	1.93926e-27	2.25068e-19	1050	2.25068e-19	0 2.0907e+07 5e+06 	2.5907e+07	6.60307	6.55445	12703.2	670	0.137446	0	4.029	1.02
166.6	0.00313887	0.00113146	29197.5	1050	105	28915	17.7477	17.7477	70.9908	70.9908	0 35241 5244.78 	40485.8	0.00427032	1.81602e-27	2.1128e-19	1050	2.1128e-19	0 2.10092e+07 5e+06 	2.60092e+07	6.63512	6.55445	12703.2	670	0.138129	0	4.029	1.02
166.8	0.00314426	0.00111649	28794.9	1050	105	28512.4	17.7565	17.7565	71.0262	71.0262	0 35774.8 5280.15 	41055	0.00426075	1.7086e-27	1.98336e-19	1050	1.98336e-19	0 2.09151e+07 5e+06 	2.59151e+07	6.60103	6.55445	12703.2	670	0.137144	0	4.029	1.02
167	0.0031392	0.00113196	29215.1	1050	105	28932.4	17.7655	17.7655	71.0622	71.0622	0 35229 5230.23 	40459.2	0.00427116	1.60002e-27	1.86186e-19	1050	1.86186e-19	0 2.10174e+07 5e+06 	2.60174e+07	6.63302	6.55445	12703.2	670	0.137829	0	4.029	1.02
167.2	0.00314458	0.00111699	28812.3	1050	105	28529.5	17.7744	17.7744	71.0978	71.0978	0 35762.5 5265.32 	41027.9	0.00426157	1.50537e-27	1.74779e-19	1050	1.74779e-19	0 2.09231e+07 5e+06 	2.59231e+07	6.599	6.55445	12703.2	670	0.136841	0	4.029	1.02
167.4	0.00313953	0.00113246	29232.6	1050	105	28949.8	17.7835	17.7835	71.1341	71.1341	0 35217.1 5215.7 	40432.8	0.00427199	1.4097e-27	1.64072e-19	1050	1.64072e-19	0 2.10256e+07 5e+06 	2.60256e+07	6.63093	6.55445	12703.2	670	0.137529	0	4.029	1.02
167.6	0.00314491	0.00111748	28829.5	1050	105	28546.6	17.7925	17.7925	71.17	71.17	0 35750.3 5250.52 	41000.8	0.00426239	1.32632e-27	1.5402e-19	1050	1.5402e-19	0 2.09312e+07 5e+06 	2.59312e+07	6.59697	6.55445	12703.2	670	0.136538	0	4.029	1.02
167.8	0.00313986	0.00113296	29250.1	1050	105	28967.1	17.8017	17.8017	71.2066	71.2066	0 35205.2 5201.2 	40406.4	0.00427282	1.24203e-27	1.44585e-19	1050	1.44585e-19	0 2.10337e+07 5e+06 	2.60337e+07	6.62885	6.55445	12703.2	670	0.137228	0	4.029	1.02
168	0.00314523	0.00111798	28846.7	1050	105	28563.6	17.8107	17.8107	71.2429	71.2429	0 35738.1 5235.75 	40973.9	0.00426321	1.16857e-27	1.35727e-19	1050	1.35727e-19	0 2.09392e+07 5e+06 	2.59392e+07	6.59494	6.55445	12703.2	670	0.136235	0	4.029	1.02
168.2	0.00314018	0.00113346	29267.5	1050	105	28984.3	17.8199	17.8199	71.2798	71.2798	0 35193.4 5186.72 	40380.2	0.00427365	1.0943e-27	1.27412e-19	1050	1.27412e-19	0 2.10419e+07 5e+06 	2.60419e+07	6.62677	6.55445	12703.2	670	0.136928	0	4.029	1.02
168.4	0.00314555	0.00111847	28863.9	1050	105	28580.6	17.8291	17.8291	71.3163	71.3163	0 35726 5221.01 	40947	0.00426402	1.02957e-27	1.19606e-19	1050	1.19606e-19	0 2.09472e+07 5e+06 	2.59472e+07	6.59292	6.55445	12703.2	670	0.135932	0	4.029	1.02
168.6	0.00314051	0.00113396	29284.9	1050	105	29001.5	17.8384	17.8384	71.3535	71.3535	0 35181.7 5172.26 	40353.9	0.00427447	9.64138e-28	1.12279e-19	1050	1.12279e-19	0 2.105e+07 5e+06 	2.605e+07	6.62469	6.55445	12703.2	670	0.136627	0	4.029	1.02
168.8	0.00314587	0.00111896	28881	1050	105	28597.5	17.8476	17.8476	71.3903	71.3903	0 35713.9 5206.3 	40920.2	0.00426483	9.07116e-28	1.054e-19	1050	1.054e-19	0 2.09552e+07 5e+06 	2.59552e+07	6.5909	6.55445	12703.2	670	0.13563	0	4.029	1.02
169	0.00314084	0.00113445	29302.2	1050	105	29018.6	17.857	17.857	71.4278	71.4278	0 35170 5157.83 	40327.8	0.00427529	8.49461e-28	9.8943e-20	1050	9.8943e-20	0 2.10581e+07 5e+06 	2.60581e+07	6.62263	6.55445	12703.2	670	0.136326	0	4.029	1.02
169.2	0.00314619	0.00111945	28898.1	1050	105	28614.4	17.8662	17.8662	71.465	71.465	0 35702 5191.62 	40893.6	0.00426565	7.99224e-28	9.28815e-20	1050	9.28815e-20	0 2.09632e+07 5e+06 	2.59632e+07	6.58889	6.55445	12703.2	670	0.135327	0	4.029	1.02
169.4	0.00314116	0.00113495	29319.5	1050	105	29035.7	17.8757	17.8757	71.5028	71.5028	0 35158.4 5143.41 	40301.8	0.00427611	7.48424e-28	8.71913e-20	1050	8.71913e-20	0 2.10661e+07 5e+06 	2.60661e+07	6.62057	6.55445	12703.2	670	0.136026	0	4.029	1.02
169.6	0.00314651	0.00111994	28915.1	1050	105	28631.2	17.885	17.885	71.5402	71.5402	0 35690 5176.97 	40867	0.00426645	7.04164e-28	8.18497e-20	1050	8.18497e-20	0 2.09711e+07 5e+06 	2.59711e+07	6.58688	6.55445	12703.2	670	0.135025	0	4.029	1.02
169.8	0.00314149	0.00113544	29336.7	1050	105	29052.7	17.8946	17.8946	71.5783	71.5783	0 35146.8 5129.03 	40275.8	0.00427693	6.59406e-28	7.68353e-20	1050	7.68353e-20	0 2.10742e+07 5e+06 	2.60742e+07	6.61851	6.55445	12703.2	670	0.135725	0	4.029	1.02
170	0.00314683	0.00112043	28932	1050	105	28648	17.904	17.904	71.616	71.616	0 35678.1 5162.35 	40840.5	0.00426726	6.20411e-28	7.21281e-20	1050	7.21281e-20	0 2.0979e+07 5e+06 	2.5979e+07	6.58487	6.55445	12703.2	670	0.134722	0	4.029	1.02
170.2	0.00314181	0.00113593	29353.9	1050	105	29069.7	17.9136	17.9136	71.6543	71.6543	0 35135.2 5114.67 	40249.9	0.00427774	5.80976e-28	6.77094e-20	1050	6.77094e-20	0 2.10822e+07 5e+06 	2.60822e+07	6.61646	6.55445	12703.2	670	0.135424	0	4.029	1.02
170.4	0.00314715	0.00112091	28948.9	1050	105	28664.7	17.9231	17.9231	71.6923	71.6923	0 35666.3 5147.76 	40814.1	0.00426806	5.4662e-28	6.35613e-20	1050	6.35613e-20	0 2.09869e+07 5e+06 	2.59869e+07	6.58287	6.55445	12703.2	670	0.13442	0	4.029	1.02
170.6	0.00314214	0.00113642	29371	1050	105	29086.6	17.9327	17.9327	71.731	71.731	0 35123.8 5100.33 	40224.1	0.00427855	5.11874e-28	5.96673e-20	1050	5.96673e-20	0 2.10902e+07 5e+06 	2.60902e+07	6.61442	6.55445	12703.2	670	0.135123	0	4.029	1.02
170.8	0.00314747	0.0011214	28965.8	1050	105	28681.3	17.9423	17.9423	71.7693	71.7693	0 35654.6 5133.2 	40787.8	0.00426886	4.81606e-28	5.60119e-20	1050	5.60119e-20	0 2.09948e+07 5e+06 	2.59948e+07	6.58087	6.55445	12703.2	670	0.134118	0	4.029	1.02
171	0.00314246	0.0011369	29388	1050	105	29103.5	17.9521	17.9521	71.8082	71.8082	0 35112.3 5086.02 	40198.3	0.00427936	4.50992e-28	5.25804e-20	1050	5.25804e-20	0 2.10982e+07 5e+06 	2.60982e+07	6.61238	6.55445	12703.2	670	0.134822	0	4.029	1.02
171.2	0.00314779	0.00112188	28982.6	1050	105	28698	17.9617	17.9617	71.8468	71.8468	0 35642.8 5118.68 	40761.5	0.00426966	4.24325e-28	4.93592e-20	1050	4.93592e-20	0 2.10027e+07 5e+06 	2.60027e+07	6.57888	6.55445	12703.2	670	0.133816	0	4.029	1.02
171.4	0.00314278	0.00113739	29405.1	1050	105	29120.4	17.9715	17.9715	71.886	71.886	0 35100.9 5071.74 	40172.7	0.00428017	3.97351e-28	4.63353e-20	1050	4.63353e-20	0 2.11062e+07 5e+06 	2.61062e+07	6.61035	6.55445	12703.2	670	0.134522	0	4.029	1.02
171.6	0.0031481	0.00112236	28999.4	1050	105	28714.5	17.9812	17.9812	71.9248	71.9248	0 35631.2 5104.18 	40735.4	0.00427046	3.73856e-28	4.34967e-20	1050	4.34967e-20	0 2.10105e+07 5e+06 	2.60105e+07	6.57689	6.55445	12703.2	670	0.133514	0	4.029	1.02
171.8	0.0031431	0.00113787	29422	1050	105	29137.1	17.9911	17.9911	71.9643	71.9643	0 35089.6 5057.48 	40147.1	0.00428098	3.50091e-28	4.08319e-20	1050	4.08319e-20	0 2.11141e+07 5e+06 	2.61141e+07	6.60832	6.55445	12703.2	670	0.134221	0	4.029	1.02
172	0.00314842	0.00112284	29016.1	1050	105	28731.1	18.0009	18.0009	72.0035	72.0035	0 35619.6 5089.72 	40709.3	0.00427126	3.29391e-28	3.83304e-20	1050	3.83304e-20	0 2.10184e+07 5e+06 	2.60184e+07	6.5749	6.55445	12703.2	670	0.133213	0	4.029	1.02
172.2	0.00314342	0.00113836	29439	1050	105	29153.9	18.0108	18.0108	72.0432	72.0432	0 35078.3 5043.25 	40121.5	0.00428178	3.08452e-28	3.59822e-20	1050	3.59822e-20	0 2.1122e+07 5e+06 	2.6122e+07	6.6063	6.55445	12703.2	670	0.13392	0	4.029	1.02
172.4	0.00314874	0.00112332	29032.8	1050	105	28747.6	18.0207	18.0207	72.0826	72.0826	0 35608 5075.28 	40683.3	0.00427205	2.90214e-28	3.37778e-20	1050	3.37778e-20	0 2.10262e+07 5e+06 	2.60262e+07	6.57292	6.55445	12703.2	670	0.132911	0	4.029	1.02
172.6	0.00314374	0.00113884	29455.9	1050	105	29170.6	18.0307	18.0307	72.1227	72.1227	0 35067 5029.04 	40096	0.00428258	2.71765e-28	3.17085e-20	1050	3.17085e-20	0 2.11299e+07 5e+06 	2.61299e+07	6.60429	6.55445	12703.2	670	0.13362	0	4.029	1.02
172.8	0.00314905	0.00112379	29049.4	1050	105	28764	18.0406	18.0406	72.1624	72.1624	0 35596.5 5060.88 	40657.4	0.00427284	2.55697e-28	2.97659e-20	1050	2.97659e-20	0 2.1034e+07 5e+06 	2.6034e+07	6.57094	6.55445	12703.2	670	0.13261	0	4.029	1.02
173	0.00314406	0.00113932	29472.7	1050	105	29187.2	18.0507	18.0507	72.2027	72.2027	0 35055.8 5014.86 	40070.7	0.00428338	2.39442e-28	2.79424e-20	1050	2.79424e-20	0 2.11378e+07 5e+06 	2.61378e+07	6.60228	6.55445	12703.2	670	0.133319	0	4.029	1.02
173.2	0.00314937	0.00112427	29066	1050	105	28780.4	18.0607	18.0607	72.2426	72.2426	0 35585 5046.51 	40631.6	0.00427363	2.25286e-28	2.62305e-20	1050	2.62305e-20	0 2.10418e+07 5e+06 	2.60418e+07	6.56896	6.55445	12703.2	670	0.132309	0	4.029	1.02
173.4	0.00314438	0.0011398	29489.5	1050	105	29203.8	18.0708	18.0708	72.2832	72.2832	0 35044.6 5000.71 	40045.3	0.00428418	2.10964e-28	2.46236e-20	1050	2.46236e-20	0 2.11457e+07 5e+06 	2.61457e+07	6.60027	6.55445	12703.2	670	0.133019	0	4.029	1.02
173.6	0.00314968	0.00112474	29082.6	1050	105	28796.8	18.0809	18.0809	72.3234	72.3234	0 35573.6 5032.18 	40605.8	0.00427442	1.98491e-28	2.31151e-20	1050	2.31151e-20	0 2.10495e+07 5e+06 	2.60495e+07	6.56699	6.55445	12703.2	670	0.132008	0	4.029	1.02
173.8	0.0031447	0.00114027	29506.3	1050	105	29220.4	18.0911	18.0911	72.3643	72.3643	0 35033.5 4986.58 	40020.1	0.00428497	1.85872e-28	2.1699e-20	1050	2.1699e-20	0 2.11536e+07 5e+06 	2.61536e+07	6.59827	6.55445	12703.2	670	0.132718	0	4.029	1.02
174	0.00315	0.00112521	29099.1	1050	105	28813.1	18.1012	18.1012	72.4048	72.4048	0 35562.3 5017.87 	40580.1	0.00427521	1.74884e-28	2.03696e-20	1050	2.03696e-20	0 2.10573e+07 5e+06 	2.60573e+07	6.56502	6.55445	12703.2	670	0.131708	0	4.029	1.02
174.2	0.00314502	0.00114075	29523.1	1050	105	29236.9	18.1115	18.1115	72.4459	72.4459	0 35022.4 4972.48 	39994.9	0.00428577	1.63765e-28	1.91217e-20	1050	1.91217e-20	0 2.11614e+07 5e+06 	2.61614e+07	6.59627	6.55445	12703.2	670	0.132418	0	4.029	1.02
174.4	0.00315031	0.00112568	29115.6	1050	105	28829.4	18.1217	18.1217	72.4866	72.4866	0 35550.9 5003.6 	40554.5	0.004276	1.54084e-28	1.79503e-20	1050	1.79503e-20	0 2.1065e+07 5e+06 	2.6065e+07	6.56306	6.55445	12703.2	670	0.131408	0	4.029	1.02
174.6	0.00314533	0.00114122	29539.8	1050	105	29253.4	18.132	18.132	72.528	72.528	0 35011.3 4958.41 	39969.7	0.00428656	1.44288e-28	1.68506e-20	1050	1.68506e-20	0 2.11692e+07 5e+06 	2.61692e+07	6.59428	6.55445	12703.2	670	0.132118	0	4.029	1.02
174.8	0.00315063	0.00112615	29132	1050	105	28845.6	18.1423	18.1423	72.569	72.569	0 35539.7 4989.36 	40529	0.00427678	1.35758e-28	1.58183e-20	1050	1.58183e-20	0 2.10727e+07 5e+06 	2.60727e+07	6.5611	6.55445	12703.2	670	0.131108	0	4.029	1.02
175	0.00314565	0.0011417	29556.4	1050	105	29269.9	18.1527	18.1527	72.6107	72.6107	0 35000.3 4944.37 	39944.7	0.00428735	1.27127e-28	1.48492e-20	1050	1.48492e-20	0 2.1177e+07 5e+06 	2.6177e+07	6.5923	6.55445	12703.2	670	0.131818	0	4.029	1.02
175.2	0.00315094	0.00112662	29148.4	1050	105	28861.8	18.163	18.163	72.6519	72.6519	0 35528.4 4975.15 	40503.6	0.00427756	1.19612e-28	1.39395e-20	1050	1.39395e-20	0 2.10804e+07 5e+06 	2.60804e+07	6.55914	6.55445	12703.2	670	0.130808	0	4.029	1.02
175.4	0.00314596	0.00114217	29573.1	1050	105	29286.3	18.1735	18.1735	72.6938	72.6938	0 34989.3 4930.35 	39919.7	0.00428814	1.12007e-28	1.30855e-20	1050	1.30855e-20	0 2.11848e+07 5e+06 	2.61848e+07	6.59032	6.55445	12703.2	670	0.131519	0	4.029	1.02
175.6	0.00315125	0.00112709	29164.8	1050	105	28878	18.1838	18.1838	72.7354	72.7354	0 35517.2 4960.97 	40478.2	0.00427834	1.05386e-28	1.22838e-20	1050	1.22838e-20	0 2.10881e+07 5e+06 	2.60881e+07	6.55718	6.55445	12703.2	670	0.130509	0	4.029	1.02
175.8	0.00314628	0.00114264	29589.7	1050	105	29302.7	18.1944	18.1944	72.7775	72.7775	0 34978.4 4916.36 	39894.7	0.00428892	9.86856e-29	1.15313e-20	1050	1.15313e-20	0 2.11926e+07 5e+06 	2.61926e+07	6.58834	6.55445	12703.2	670	0.131219	0	4.029	1.02
176	0.00315157	0.00112755	29181.2	1050	105	28894.1	18.2048	18.2048	72.8193	72.8193	0 35506 4946.83 	40452.9	0.00427912	9.2852e-29	1.08248e-20	1050	1.08248e-20	0 2.10958e+07 5e+06 	2.60958e+07	6.55523	6.55445	12703.2	670	0.13021	0	4.029	1.02
176.2	0.00314659	0.00114311	29606.2	1050	105	29319.1	18.2154	18.2154	72.8617	72.8617	0 34967.4 4902.4 	39869.9	0.00428971	8.69485e-29	1.01617e-20	1050	1.01617e-20	0 2.12003e+07 5e+06 	2.62003e+07	6.58637	6.55445	12703.2	670	0.13092	0	4.029	1.02
176.4	0.00315188	0.00112802	29197.5	1050	105	28910.2	18.2259	18.2259	72.9038	72.9038	0 35494.9 4932.72 	40427.6	0.0042799	8.18088e-29	9.53915e-21	1050	9.53915e-21	0 2.11035e+07 5e+06 	2.61035e+07	6.55328	6.55445	12703.2	670	0.129911	0	4.029	1.02
176.6	0.0031469	0.00114358	29622.7	1050	105	29335.4	18.2366	18.2366	72.9464	72.9464	0 34956.6 4888.47 	39845	0.00429049	7.66074e-29	8.95475e-21	1050	8.95475e-21	0 2.12081e+07 5e+06 	2.62081e+07	6.5844	6.55445	12703.2	670	0.130621	0	4.029	1.02
176.8	0.00315219	0.00112848	29213.8	1050	105	28926.3	18.2472	18.2472	72.9887	72.9887	0 35483.8 4918.64 	40402.5	0.00428067	7.20791e-29	8.40616e-21	1050	8.40616e-21	0 2.11111e+07 5e+06 	2.61111e+07	6.55134	6.55445	12703.2	670	0.129612	0	4.029	1.02
177	0.00314722	0.00114405	29639.2	1050	105	29351.7	18.2579	18.2579	73.0316	73.0316	0 34945.7 4874.57 	39820.3	0.00429127	6.74962e-29	7.89117e-21	1050	7.89117e-21	0 2.12158e+07 5e+06 	2.62158e+07	6.58244	6.55445	12703.2	670	0.130322	0	4.029	1.02
177.2	0.0031525	0.00112895	29230	1050	105	28942.4	18.2685	18.2685	73.0742	73.0742	0 35472.8 4904.6 	40377.4	0.00428145	6.35065e-29	7.40773e-21	1050	7.40773e-21	0 2.11188e+07 5e+06 	2.61188e+07	6.5494	6.55445	12703.2	670	0.129314	0	4.029	1.02
177.4	0.00314753	0.00114452	29655.7	1050	105	29367.9	18.2793	18.2793	73.1174	73.1174	0 34934.9 4860.7 	39795.6	0.00429205	5.94687e-29	6.95391e-21	1050	6.95391e-21	0 2.12235e+07 5e+06 	2.62235e+07	6.58049	6.55445	12703.2	670	0.130023	0	4.029	1.02
177.6	0.00315281	0.00112941	29246.3	1050	105	28958.4	18.29	18.29	73.1601	73.1601	0 35461.8 4890.59 	40352.4	0.00428222	5.59536e-29	6.52789e-21	1050	6.52789e-21	0 2.11264e+07 5e+06 	2.61264e+07	6.54746	6.55445	12703.2	670	0.129016	0	4.029	1.02
177.8	0.00314784	0.00114499	29672.2	1050	105	29384.2	18.3009	18.3009	73.2036	73.2036	0 34924.1 4846.85 	39771	0.00429283	5.23959e-29	6.12797e-21	1050	6.12797e-21	0 2.12312e+07 5e+06 	2.62312e+07	6.57853	6.55445	12703.2	670	0.129725	0	4.029	1.02
178	0.00315312	0.00112987	29262.5	1050	105	28974.4	18.3116	18.3116	73.2466	73.2466	0 35450.8 4876.61 	40327.4	0.00428299	4.92989e-29	5.75256e-21	1050	5.75256e-21	0 2.1134e+07 5e+06 	2.6134e+07	6.54552	6.55445	12703.2	670	0.128719	0	4.029	1.02
178.2	0.00314815	0.00114545	29688.6	1050	105	29400.3	18.3226	18.3226	73.2903	73.2903	0 34913.3 4833.04 	39746.4	0.0042936	4.61643e-29	5.40014e-21	1050	5.40014e-21	0 2.12389e+07 5e+06 	2.62389e+07	6.57659	6.55445	12703.2	670	0.129426	0	4.029	1.02
178.4	0.00315343	0.00113033	29278.6	1050	105	28990.3	18.3334	18.3334	73.3335	73.3335	0 35439.9 4862.66 	40302.5	0.00428376	4.34357e-29	5.06931e-21	1050	5.06931e-21	0 2.11416e+07 5e+06 	2.61416e+07	6.54359	6.55445	12703.2	670	0.128422	0	4.029	1.02
178.6	0.00314846	0.00114592	29705	1050	105	29416.5	18.3444	18.3444	73.3774	73.3774	0 34902.6 4819.25 	39721.9	0.00429438	4.06739e-29	4.75875e-21	1050	4.75875e-21	0 2.12465e+07 5e+06 	2.62465e+07	6.57464	6.55445	12703.2	670	0.129128	0	4.029	1.02
178.8	0.00315374	0.00113079	29294.8	1050	105	29006.2	18.3552	18.3552	73.421	73.421	0 35428.9 4848.75 	40277.7	0.00428453	3.82699e-29	4.46721e-21	1050	4.46721e-21	0 2.11492e+07 5e+06 	2.61492e+07	6.54166	6.55445	12703.2	670	0.128125	0	4.029	1.02
179	0.00314877	0.00114638	29721.3	1050	105	29432.7	18.3663	18.3663	73.4651	73.4651	0 34891.9 4805.49 	39697.4	0.00429515	3.58365e-29	4.19354e-21	1050	4.19354e-21	0 2.12542e+07 5e+06 	2.62542e+07	6.5727	6.55445	12703.2	670	0.128831	0	4.029	1.02
179.2	0.00315405	0.00113125	29310.9	1050	105	29022.1	18.3772	18.3772	73.5089	73.5089	0 35418.1 4834.87 	40252.9	0.0042853	3.37184e-29	3.93663e-21	1050	3.93663e-21	0 2.11568e+07 5e+06 	2.61568e+07	6.53973	6.55445	12703.2	670	0.127829	0	4.029	1.02
179.4	0.00314908	0.00114685	29737.7	1050	105	29448.8	18.3883	18.3883	73.5533	73.5533	0 34881.2 4791.77 	39673	0.00429593	3.15744e-29	3.69546e-21	1050	3.69546e-21	0 2.12618e+07 5e+06 	2.62618e+07	6.57077	6.55445	12703.2	670	0.128533	0	4.029	1.02
179.6	0.00315436	0.0011317	29327	1050	105	29038	18.3993	18.3993	73.5973	73.5973	0 35407.2 4821.03 	40228.2	0.00428607	2.97082e-29	3.46906e-21	1050	3.46906e-21	0 2.11644e+07 5e+06 	2.61644e+07	6.53781	6.55445	12703.2	670	0.127532	0	4.029	1.02
179.8	0.00314939	0.00114731	29754	1050	105	29464.9	18.4105	18.4105	73.6419	73.6419	0 34870.6 4778.07 	39648.7	0.0042967	2.78192e-29	3.25654e-21	1050	3.25654e-21	0 2.12695e+07 5e+06 	2.62695e+07	6.56884	6.55445	12703.2	670	0.128236	0	4.029	1.02
180	0.00315467	0.00113216	29343.1	1050	105	29053.9	18.4215	18.4215	73.6861	73.6861	0 35396.4 4807.22 	40203.6	0.00428683	2.6175e-29	3.05703e-21	1050	3.05703e-21	0 2.11719e+07 5e+06 	2.61719e+07	6.53589	6.55445	12703.2	670	0.127237	0	4.029	1.02
180.2	0.0031497	0.00114777	29770.2	1050	105	29480.9	18.4327	18.4327	73.731	73.731	0 34860 4764.4 	39624.4	0.00429747	2.45107e-29	2.86975e-21	1050	2.86975e-21	0 2.12771e+07 5e+06 	2.62771e+07	6.56691	6.55445	12703.2	670	0.127939	0	4.029	1.02
180.4	0.00315498	0.00113262	29359.1	1050	105	29069.7	18.4439	18.4439	73.7755	73.7755	0 35385.6 4793.44 	40179.1	0.0042876	2.3062e-29	2.69394e-21	1050	2.69394e-21	0 2.11795e+07 5e+06 	2.61795e+07	6.53397	6.55445	12703.2	670	0.126942	0	4.029	1.02
180.6	0.00315	0.00114823	29786.5	1050	105	29497	18.4551	18.4551	73.8206	73.8206	0 34849.4 4750.76 	39600.1	0.00429824	2.15956e-29	2.5289e-21	1050	2.5289e-21	0 2.12847e+07 5e+06 	2.62847e+07	6.56499	6.55445	12703.2	670	0.127643	0	4.029	1.02
180.8	0.00315529	0.00113307	29375.1	1050	105	29085.5	18.4663	18.4663	73.8653	73.8653	0 35374.9 4779.7 	40154.6	0.00428836	2.03193e-29	2.37397e-21	1050	2.37397e-21	0 2.1187e+07 5e+06 	2.6187e+07	6.53206	6.55445	12703.2	670	0.126647	0	4.029	1.02
181	0.00315031	0.00114869	29802.7	1050	105	29513	18.4776	18.4776	73.9106	73.9106	0 34838.8 4737.16 	39575.9	0.004299	1.90272e-29	2.22853e-21	1050	2.22853e-21	0 2.12923e+07 5e+06 	2.62923e+07	6.56307	6.55445	12703.2	670	0.127347	0	4.029	1.02
181.2	0.0031556	0.00113353	29391.1	1050	105	29101.3	18.4889	18.4889	73.9555	73.9555	0 35364.1 4765.99 	40130.1	0.00428912	1.79027e-29	2.09201e-21	1050	2.09201e-21	0 2.11946e+07 5e+06 	2.61946e+07	6.53015	6.55445	12703.2	670	0.126352	0	4.029	1.02
181.4	0.00315062	0.00114915	29819	1050	105	29529	18.5003	18.5003	74.0011	74.0011	0 34828.2 4723.58 	39551.8	0.00429977	1.67643e-29	1.96385e-21	1050	1.96385e-21	0 2.12999e+07 5e+06 	2.62999e+07	6.56116	6.55445	12703.2	670	0.127051	0	4.029	1.02
181.6	0.0031559	0.00113398	29407.1	1050	105	29117	18.5116	18.5116	74.0462	74.0462	0 35353.4 4752.32 	40105.7	0.00428988	1.57735e-29	1.84353e-21	1050	1.84353e-21	0 2.12021e+07 5e+06 	2.62021e+07	6.52824	6.55445	12703.2	670	0.126058	0	4.029	1.02
181.8	0.00315092	0.00114961	29835.2	1050	105	29544.9	18.523	18.523	74.092	74.092	0 34817.7 4710.03 	39527.7	0.00430053	1.47705e-29	1.73059e-21	1050	1.73059e-21	0 2.13075e+07 5e+06 	2.63075e+07	6.55925	6.55445	12703.2	670	0.126755	0	4.029	1.02
182	0.00315621	0.00113443	29423.1	1050	105	29132.8	18.5344	18.5344	74.1374	74.1374	0 35342.7 4738.68 	40081.4	0.00429064	1.38976e-29	1.62457e-21	1050	1.62457e-21	0 2.12096e+07 5e+06 	2.62096e+07	6.52633	6.55445	12703.2	670	0.125765	0	4.029	1.02
182.2	0.00315123	0.00115007	29851.3	1050	105	29560.9	18.5459	18.5459	74.1834	74.1834	0 34807.2 4696.52 	39503.7	0.0043013	1.30139e-29	1.52505e-21	1050	1.52505e-21	0 2.1315e+07 5e+06 	2.6315e+07	6.55734	6.55445	12703.2	670	0.12646	0	4.029	1.02
182.4	0.00315652	0.00113489	29439	1050	105	29148.5	18.5573	18.5573	74.229	74.229	0 35332.1 4725.07 	40057.2	0.0042914	1.22448e-29	1.43162e-21	1050	1.43162e-21	0 2.12171e+07 5e+06 	2.62171e+07	6.52443	6.55445	12703.2	670	0.125472	0	4.029	1.02
182.6	0.00315153	0.00115053	29867.5	1050	105	29576.8	18.5688	18.5688	74.2753	74.2753	0 34796.7 4683.03 	39479.7	0.00430206	1.14662e-29	1.34391e-21	1050	1.34391e-21	0 2.13226e+07 5e+06 	2.63226e+07	6.55544	6.55445	12703.2	670	0.126165	0	4.029	1.02
182.8	0.00315682	0.00113534	29455	1050	105	29164.2	18.5803	18.5803	74.3211	74.3211	0 35321.5 4711.5 	40033	0.00429216	1.07885e-29	1.26158e-21	1050	1.26158e-21	0 2.12246e+07 5e+06 	2.62246e+07	6.52253	6.55445	12703.2	670	0.125179	0	4.029	1.02
183	0.00315184	0.00115098	29883.6	1050	105	29592.7	18.5919	18.5919	74.3676	74.3676	0 34786.2 4669.58 	39455.8	0.00430282	1.01025e-29	1.18429e-21	1050	1.18429e-21	0 2.13301e+07 5e+06 	2.63301e+07	6.55354	6.55445	12703.2	670	0.125871	0	4.029	1.02
183.2	0.00315713	0.00113579	29470.9	1050	105	29179.8	18.6034	18.6034	74.4136	74.4136	0 35310.9 4697.96 	40008.8	0.00429292	9.50547e-30	1.11174e-21	1050	1.11174e-21	0 2.12321e+07 5e+06 	2.62321e+07	6.52063	6.55445	12703.2	670	0.124886	0	4.029	1.02
183.4	0.00315214	0.00115144	29899.8	1050	105	29608.6	18.6151	18.6151	74.4603	74.4603	0 34775.8 4656.15 	39432	0.00430358	8.90103e-30	1.04363e-21	1050	1.04363e-21	0 2.13377e+07 5e+06 	2.63377e+07	6.55165	6.55445	12703.2	670	0.125576	0	4.029	1.02
183.6	0.00315744	0.00113624	29486.8	1050	105	29195.5	18.6267	18.6267	74.5066	74.5066	0 35300.3 4684.45 	39984.7	0.00429368	8.375e-30	9.79693e-22	1050	9.79693e-22	0 2.12396e+07 5e+06 	2.62396e+07	6.51874	6.55445	12703.2	670	0.124595	0	4.029	1.02
183.8	0.00315244	0.0011519	29915.9	1050	105	29624.5	18.6384	18.6384	74.5535	74.5535	0 34765.4 4642.76 	39408.1	0.00430434	7.84244e-30	9.19674e-22	1050	9.19674e-22	0 2.13452e+07 5e+06 	2.63452e+07	6.54976	6.55445	12703.2	670	0.125283	0	4.029	1.02
184	0.00315774	0.00113669	29502.6	1050	105	29211.1	18.65	18.65	74.6	74.6	0 35289.7 4670.98 	39960.7	0.00429443	7.37898e-30	8.63332e-22	1050	8.63332e-22	0 2.1247e+07 5e+06 	2.6247e+07	6.51684	6.55445	12703.2	670	0.124303	0	4.029	1.02
184.2	0.00315275	0.00115235	29932	1050	105	29640.3	18.6618	18.6618	74.6472	74.6472	0 34755 4629.4 	39384.4	0.0043051	6.90975e-30	8.10442e-22	1050	8.10442e-22	0 2.13527e+07 5e+06 	2.63527e+07	6.54787	6.55445	12703.2	670	0.124989	0	4.029	1.02
184.4	0.00315805	0.00113714	29518.5	1050	105	29226.8	18.6735	18.6735	74.6939	74.6939	0 35279.2 4657.55 	39936.7	0.00429519	6.50141e-30	7.60792e-22	1050	7.60792e-22	0 2.12545e+07 5e+06 	2.62545e+07	6.51495	6.55445	12703.2	670	0.124012	0	4.029	1.02
184.6	0.00315305	0.00115281	29948	1050	105	29656.2	18.6853	18.6853	74.7412	74.7412	0 34744.6 4616.07 	39360.6	0.00430586	6.08799e-30	7.14183e-22	1050	7.14183e-22	0 2.13602e+07 5e+06 	2.63602e+07	6.54599	6.55445	12703.2	670	0.124696	0	4.029	1.02
184.8	0.00315835	0.00113759	29534.3	1050	105	29242.4	18.697	18.697	74.7881	74.7881	0 35268.7 4644.15 	39912.8	0.00429594	5.72821e-30	6.7043e-22	1050	6.7043e-22	0 2.1262e+07 5e+06 	2.6262e+07	6.51307	6.55445	12703.2	670	0.123722	0	4.029	1.02
185	0.00315335	0.00115326	29964.1	1050	105	29672	18.7089	18.7089	74.8357	74.8357	0 34734.2 4602.77 	39337	0.00430661	5.36396e-30	6.29358e-22	1050	6.29358e-22	0 2.13678e+07 5e+06 	2.63678e+07	6.54411	6.55445	12703.2	670	0.124404	0	4.029	1.02
185.2	0.00315866	0.00113803	29550.2	1050	105	29258	18.7207	18.7207	74.8828	74.8828	0 35258.2 4630.78 	39889	0.00429669	5.04697e-30	5.90801e-22	1050	5.90801e-22	0 2.12694e+07 5e+06 	2.62694e+07	6.51118	6.55445	12703.2	670	0.123432	0	4.029	1.02
185.4	0.00315365	0.00115372	29980.2	1050	105	29687.8	18.7327	18.7327	74.9306	74.9306	0 34723.8 4589.5 	39313.3	0.00430737	4.72604e-30	5.54607e-22	1050	5.54607e-22	0 2.13752e+07 5e+06 	2.63752e+07	6.54224	6.55445	12703.2	670	0.124112	0	4.029	1.02
185.6	0.00315896	0.00113848	29566	1050	105	29273.6	18.7445	18.7445	74.978	74.978	0 35247.7 4617.45 	39865.2	0.00429744	4.44675e-30	5.2063e-22	1050	5.2063e-22	0 2.12769e+07 5e+06 	2.62769e+07	6.5093	6.55445	12703.2	670	0.123143	0	4.029	1.02
185.8	0.00315395	0.00115417	29996.2	1050	105	29703.6	18.7565	18.7565	75.0259	75.0259	0 34713.5 4576.27 	39289.8	0.00430812	4.16398e-30	4.88735e-22	1050	4.88735e-22	0 2.13827e+07 5e+06 	2.63827e+07	6.54037	6.55445	12703.2	670	0.12382	0	4.029	1.02
186	0.00315927	0.00113893	29581.8	1050	105	29289.1	18.7684	18.7684	75.0735	75.0735	0 35237.3 4604.16 	39841.4	0.0042982	3.91791e-30	4.58793e-22	1050	4.58793e-22	0 2.12843e+07 5e+06 	2.62843e+07	6.50742	6.55445	12703.2	670	0.122854	0	4.029	1.02
186.2	0.00315425	0.00115462	30012.2	1050	105	29719.4	18.7804	18.7804	75.1217	75.1217	0 34703.2 4563.06 	39266.2	0.00430888	3.66877e-30	4.30686e-22	1050	4.30686e-22	0 2.13902e+07 5e+06 	2.63902e+07	6.5385	6.55445	12703.2	670	0.123529	0	4.029	1.02
186.4	0.00315957	0.00113938	29597.6	1050	105	29304.7	18.7924	18.7924	75.1695	75.1695	0 35226.8 4590.89 	39817.7	0.00429895	3.45197e-30	4.04301e-22	1050	4.04301e-22	0 2.12917e+07 5e+06 	2.62917e+07	6.50554	6.55445	12703.2	670	0.122565	0	4.029	1.02
186.6	0.00315455	0.00115508	30028.2	1050	105	29735.2	18.8045	18.8045	75.2179	75.2179	0 34692.9 4549.89 	39242.7	0.00430963	3.23246e-30	3.79532e-22	1050	3.79532e-22	0 2.13977e+07 5e+06 	2.63977e+07	6.53663	6.55445	12703.2	670	0.123238	0	4.029	1.02
186.8	0.00315987	0.00113982	29613.4	1050	105	29320.2	18.8165	18.8165	75.2659	75.2659	0 35216.4 4577.67 	39794.1	0.0042997	3.04144e-30	3.56281e-22	1050	3.56281e-22	0 2.12992e+07 5e+06 	2.62992e+07	6.50367	6.55445	12703.2	670	0.122277	0	4.029	1.02
187	0.00315485	0.00115553	30044.2	1050	105	29750.9	18.8286	18.8286	75.3145	75.3145	0 34682.6 4536.75 	39219.3	0.00431038	2.84803e-30	3.34454e-22	1050	3.34454e-22	0 2.14052e+07 5e+06 	2.64052e+07	6.53477	6.55445	12703.2	670	0.122947	0	4.029	1.02
187.2	0.00316018	0.00114027	29629.1	1050	105	29335.7	18.8407	18.8407	75.3627	75.3627	0 35206 4564.47 	39770.5	0.00430045	2.67973e-30	3.13964e-22	1050	3.13964e-22	0 2.13066e+07 5e+06 	2.63066e+07	6.5018	6.55445	12703.2	670	0.12199	0	4.029	1.02
187.4	0.00315515	0.00115598	30060.2	1050	105	29766.7	18.8529	18.8529	75.4115	75.4115	0 34672.3 4523.64 	39195.9	0.00431113	2.50932e-30	2.9473e-22	1050	2.9473e-22	0 2.14126e+07 5e+06 	2.64126e+07	6.53292	6.55445	12703.2	670	0.122657	0	4.029	1.02
187.6	0.00316048	0.00114072	29644.9	1050	105	29351.3	18.865	18.865	75.4599	75.4599	0 35195.6 4551.32 	39747	0.00430119	2.36104e-30	2.76674e-22	1050	2.76674e-22	0 2.1314e+07 5e+06 	2.6314e+07	6.49993	6.55445	12703.2	670	0.121703	0	4.029	1.02
187.8	0.00315545	0.00115643	30076.2	1050	105	29782.4	18.8772	18.8772	75.5089	75.5089	0 34662 4510.56 	39172.6	0.00431188	2.2109e-30	2.59724e-22	1050	2.59724e-22	0 2.14201e+07 5e+06 	2.64201e+07	6.53106	6.55445	12703.2	670	0.122368	0	4.029	1.02
188	0.00316078	0.00114116	29660.7	1050	105	29366.8	18.8894	18.8894	75.5575	75.5575	0 35185.3 4538.19 	39723.5	0.00430194	2.08025e-30	2.43813e-22	1050	2.43813e-22	0 2.13214e+07 5e+06 	2.63214e+07	6.49806	6.55445	12703.2	670	0.121416	0	4.029	1.02
188.2	0.00315575	0.00115689	30092.1	1050	105	29798.1	18.9017	18.9017	75.6067	75.6067	0 34651.7 4497.52 	39149.3	0.00431263	1.94797e-30	2.28876e-22	1050	2.28876e-22	0 2.14275e+07 5e+06 	2.64275e+07	6.52921	6.55445	12703.2	670	0.122079	0	4.029	1.02
188.4	0.00316108	0.00114161	29676.4	1050	105	29382.3	18.9139	18.9139	75.6555	75.6555	0 35174.9 4525.11 	39700	0.00430269	1.83285e-30	2.14854e-22	1050	2.14854e-22	0 2.13288e+07 5e+06 	2.63288e+07	6.49619	6.55445	12703.2	670	0.12113	0	4.029	1.02
188.6	0.00315604	0.00115734	30108.1	1050	105	29813.8	18.9262	18.9262	75.7049	75.7049	0 34641.5 4484.5 	39126	0.00431338	1.7163e-30	2.01692e-22	1050	2.01692e-22	0 2.1435e+07 5e+06 	2.6435e+07	6.52736	6.55445	12703.2	670	0.12179	0	4.029	1.02
188.8	0.00316139	0.00114205	29692.1	1050	105	29397.7	18.9385	18.9385	75.7539	75.7539	0 35164.6 4512.05 	39676.6	0.00430344	1.61488e-30	1.89335e-22	1050	1.89335e-22	0 2.13363e+07 5e+06 	2.63363e+07	6.49433	6.55445	12703.2	670	0.120845	0	4.029	1.02
189	0.00315634	0.00115779	30124.1	1050	105	29829.6	18.9509	18.9509	75.8035	75.8035	0 34631.3 4471.52 	39102.8	0.00431413	1.51219e-30	1.77736e-22	1050	1.77736e-22	0 2.14424e+07 5e+06 	2.64424e+07	6.52552	6.55445	12703.2	670	0.121502	0	4.029	1.02
189.2	0.00316169	0.00114249	29707.9	1050	105	29413.2	18.9632	18.9632	75.8527	75.8527	0 35154.3 4499.04 	39653.3	0.00430418	1.42283e-30	1.66847e-22	1050	1.66847e-22	0 2.13437e+07 5e+06 	2.63437e+07	6.49247	6.55445	12703.2	670	0.12056	0	4.029	1.02
189.4	0.00315664	0.00115824	30140	1050	105	29845.3	18.9756	18.9756	75.9025	75.9025	0 34621 4458.57 	39079.6	0.00431488	1.33235e-30	1.56626e-22	1050	1.56626e-22	0 2.14498e+07 5e+06 	2.64498e+07	6.52368	6.55445	12703.2	670	0.121214	0	4.029	1.02
189.6	0.00316199	0.00114294	29723.6	1050	105	29428.7	18.988	18.988	75.9519	75.9519	0 35144 4486.05 	39630	0.00430493	1.25362e-30	1.4703e-22	1050	1.4703e-22	0 2.13511e+07 5e+06 	2.63511e+07	6.49061	6.55445	12703.2	670	0.120276	0	4.029	1.02
189.8	0.00315694	0.00115869	30155.9	1050	105	29860.9	19.0005	19.0005	76.0019	76.0019	0 34610.8 4445.66 	39056.5	0.00431562	1.1739e-30	1.38023e-22	1050	1.38023e-22	0 2.14573e+07 5e+06 	2.64573e+07	6.52184	6.55445	12703.2	670	0.120927	0	4.029	1.02
190	0.00316229	0.00114338	29739.3	1050	105	29444.2	19.0129	19.0129	76.0515	76.0515	0 35133.7 4473.11 	39606.8	0.00430567	1.10453e-30	1.29567e-22	1050	1.29567e-22	0 2.13584e+07 5e+06 	2.63584e+07	6.48876	6.55445	12703.2	670	0.119992	0	4.029	1.02
190.2	0.00315723	0.00115914	30171.9	1050	105	29876.6	19.0254	19.0254	76.1017	76.1017	0 34600.6 4432.77 	39033.4	0.00431637	1.03429e-30	1.2163e-22	1050	1.2163e-22	0 2.14647e+07 5e+06 	2.64647e+07	6.52001	6.55445	12703.2	670	0.12064	0	4.029	1.02
190.4	0.00316259	0.00114383	29755	1050	105	29459.6	19.0379	19.0379	76.1515	76.1515	0 35123.4 4460.19 	39583.6	0.00430642	9.73174e-31	1.14178e-22	1050	1.14178e-22	0 2.13658e+07 5e+06 	2.63658e+07	6.4869	6.55445	12703.2	670	0.119709	0	4.029	1.02
190.6	0.00315753	0.00115959	30187.8	1050	105	29892.3	19.0505	19.0505	76.2019	76.2019	0 34590.4 4419.92 	39010.3	0.00431712	9.1129e-31	1.07183e-22	1050	1.07183e-22	0 2.14721e+07 5e+06 	2.64721e+07	6.51818	6.55445	12703.2	670	0.120354	0	4.029	1.02
190.8	0.00316289	0.00114427	29770.7	1050	105	29475.1	19.063	19.063	76.2519	76.2519	0 35113.1 4447.31 	39560.4	0.00430716	8.57439e-31	1.00617e-22	1050	1.00617e-22	0 2.13732e+07 5e+06 	2.63732e+07	6.48505	6.55445	12703.2	670	0.119426	0	4.029	1.02
191	0.00315782	0.00116004	30203.7	1050	105	29908	19.0756	19.0756	76.3025	76.3025	0 34580.2 4407.1 	38987.3	0.00431786	8.02915e-31	9.44527e-23	1050	9.44527e-23	0 2.14795e+07 5e+06 	2.64795e+07	6.51635	6.55445	12703.2	670	0.120068	0	4.029	1.02
191.2	0.0031632	0.00114471	29786.4	1050	105	29490.5	19.0882	19.0882	76.3526	76.3526	0 35102.9 4434.47 	39537.3	0.00430791	7.55468e-31	8.86663e-23	1050	8.86663e-23	0 2.13806e+07 5e+06 	2.63806e+07	6.4832	6.55445	12703.2	670	0.119144	0	4.029	1.02
191.4	0.00315812	0.00116049	30219.6	1050	105	29923.6	19.1009	19.1009	76.4034	76.4034	0 34570 4394.31 	38964.4	0.00431861	7.07428e-31	8.32343e-23	1050	8.32343e-23	0 2.14869e+07 5e+06 	2.64869e+07	6.51453	6.55445	12703.2	670	0.119783	0	4.029	1.02
191.6	0.0031635	0.00114516	29802.1	1050	105	29506	19.1134	19.1134	76.4538	76.4538	0 35092.6 4421.66 	39514.3	0.00430865	6.65624e-31	7.81351e-23	1050	7.81351e-23	0 2.1388e+07 5e+06 	2.6388e+07	6.48135	6.55445	12703.2	670	0.118863	0	4.029	1.02
191.8	0.00315841	0.00116094	30235.6	1050	105	29939.3	19.1262	19.1262	76.5047	76.5047	0 34559.9 4381.56 	38941.4	0.00431935	6.23298e-31	7.33483e-23	1050	7.33483e-23	0 2.14943e+07 5e+06 	2.64943e+07	6.5127	6.55445	12703.2	670	0.119498	0	4.029	1.02
192	0.0031638	0.0011456	29817.8	1050	105	29521.4	19.1388	19.1388	76.5553	76.5553	0 35082.4 4408.89 	39491.3	0.0043094	5.86464e-31	6.88548e-23	1050	6.88548e-23	0 2.13954e+07 5e+06 	2.63954e+07	6.47951	6.55445	12703.2	670	0.118582	0	4.029	1.02
192.2	0.00315871	0.00116139	30251.5	1050	105	29954.9	19.1516	19.1516	76.6064	76.6064	0 34549.7 4368.84 	38918.5	0.00432009	5.49172e-31	6.46365e-23	1050	6.46365e-23	0 2.15017e+07 5e+06 	2.65017e+07	6.51089	6.55445	12703.2	670	0.119214	0	4.029	1.02
192.4	0.0031641	0.00114604	29833.5	1050	105	29536.8	19.1643	19.1643	76.6572	76.6572	0 35072.1 4396.16 	39468.3	0.00431014	5.16719e-31	6.06767e-23	1050	6.06767e-23	0 2.14028e+07 5e+06 	2.64028e+07	6.47766	6.55445	12703.2	670	0.118301	0	4.029	1.02
192.6	0.003159	0.00116184	30267.4	1050	105	29970.6	19.1771	19.1771	76.7085	76.7085	0 34539.5 4356.15 	38895.7	0.00432084	4.83862e-31	5.69595e-23	1050	5.69595e-23	0 2.15091e+07 5e+06 	2.65091e+07	6.50907	6.55445	12703.2	670	0.11893	0	4.029	1.02
192.8	0.0031644	0.00114648	29849.2	1050	105	29552.3	19.1899	19.1899	76.7594	76.7594	0 35061.9 4383.45 	39445.4	0.00431088	4.55268e-31	5.34699e-23	1050	5.34699e-23	0 2.14101e+07 5e+06 	2.64101e+07	6.47582	6.55445	12703.2	670	0.118022	0	4.029	1.02
193	0.00315929	0.00116229	30283.3	1050	105	29986.3	19.2027	19.2027	76.8109	76.8109	0 34529.4 4343.49 	38872.9	0.00432158	4.26319e-31	5.01942e-23	1050	5.01942e-23	0 2.15165e+07 5e+06 	2.65165e+07	6.50726	6.55445	12703.2	670	0.118647	0	4.029	1.02
193.2	0.0031647	0.00114693	29864.8	1050	105	29567.7	19.2155	19.2155	76.862	76.862	0 35051.7 4370.79 	39422.5	0.00431162	4.01126e-31	4.71192e-23	1050	4.71192e-23	0 2.14175e+07 5e+06 	2.64175e+07	6.47398	6.55445	12703.2	670	0.117742	0	4.029	1.02
193.4	0.00315958	0.00116274	30299.2	1050	105	30001.9	19.2284	19.2284	76.9138	76.9138	0 34519.2 4330.87 	38850.1	0.00432232	3.75619e-31	4.42325e-23	1050	4.42325e-23	0 2.15239e+07 5e+06 	2.65239e+07	6.50545	6.55445	12703.2	670	0.118364	0	4.029	1.02
193.6	0.003165	0.00114737	29880.5	1050	105	29583.1	19.2413	19.2413	76.965	76.965	0 35041.5 4358.15 	39399.7	0.00431236	3.53422e-31	4.15227e-23	1050	4.15227e-23	0 2.14249e+07 5e+06 	2.64249e+07	6.47214	6.55445	12703.2	670	0.117464	0	4.029	1.02
193.8	0.00315988	0.00116319	30315.1	1050	105	30017.5	19.2542	19.2542	77.0169	77.0169	0 34509.1 4318.28 	38827.4	0.00432307	3.30949e-31	3.89789e-23	1050	3.89789e-23	0 2.15313e+07 5e+06 	2.65313e+07	6.50364	6.55445	12703.2	670	0.118082	0	4.029	1.02
194	0.00316529	0.00114781	29896.2	1050	105	29598.5	19.2671	19.2671	77.0684	77.0684	0 35031.3 4345.56 	39376.9	0.00431311	3.11392e-31	3.65909e-23	1050	3.65909e-23	0 2.14322e+07 5e+06 	2.64322e+07	6.47031	6.55445	12703.2	670	0.117186	0	4.029	1.02
194.2	0.00316017	0.00116364	30331	1050	105	30033.2	19.2801	19.2801	77.1205	77.1205	0 34499 4305.72 	38804.7	0.00432381	2.91591e-31	3.43492e-23	1050	3.43492e-23	0 2.15387e+07 5e+06 	2.65387e+07	6.50184	6.55445	12703.2	670	0.1178	0	4.029	1.02
194.4	0.00316559	0.00114825	29911.9	1050	105	29613.9	19.293	19.293	77.1721	77.1721	0 35021.1 4333 	39354.1	0.00431385	2.74359e-31	3.22449e-23	1050	3.22449e-23	0 2.14396e+07 5e+06 	2.64396e+07	6.46847	6.55445	12703.2	670	0.116908	0	4.029	1.02
194.6	0.00316046	0.00116409	30346.9	1050	105	30048.8	19.3061	19.3061	77.2243	77.2243	0 34488.8 4293.19 	38782	0.00432455	2.56914e-31	3.02695e-23	1050	3.02695e-23	0 2.15461e+07 5e+06 	2.65461e+07	6.50004	6.55445	12703.2	670	0.117519	0	4.029	1.02
194.8	0.00316589	0.0011487	29927.6	1050	105	29629.4	19.319	19.319	77.2762	77.2762	0 35011 4320.47 	39331.4	0.00431459	2.41731e-31	2.84151e-23	1050	2.84151e-23	0 2.1447e+07 5e+06 	2.6447e+07	6.46664	6.55445	12703.2	670	0.116631	0	4.029	1.02
195	0.00316075	0.00116454	30362.8	1050	105	30064.5	19.3321	19.3321	77.3286	77.3286	0 34478.7 4280.7 	38759.4	0.00432529	2.26361e-31	2.66743e-23	1050	2.66743e-23	0 2.15535e+07 5e+06 	2.65535e+07	6.49824	6.55445	12703.2	670	0.117238	0	4.029	1.02
195.2	0.00316619	0.00114914	29943.2	1050	105	29644.8	19.3451	19.3451	77.3806	77.3806	0 35000.8 4307.98 	39308.8	0.00431533	2.12984e-31	2.50401e-23	1050	2.50401e-23	0 2.14543e+07 5e+06 	2.64543e+07	6.46481	6.55445	12703.2	670	0.116355	0	4.029	1.02
195.4	0.00316104	0.00116499	30378.7	1050	105	30080.1	19.3583	19.3583	77.4332	77.4332	0 34468.6 4268.24 	38736.8	0.00432603	1.99441e-31	2.35061e-23	1050	2.35061e-23	0 2.15609e+07 5e+06 	2.65609e+07	6.49645	6.55445	12703.2	670	0.116958	0	4.029	1.02
195.6	0.00316649	0.00114958	29958.9	1050	105	29660.2	19.3713	19.3713	77.4854	77.4854	0 34990.6 4295.52 	39286.2	0.00431607	1.87655e-31	2.2066e-23	1050	2.2066e-23	0 2.14617e+07 5e+06 	2.64617e+07	6.46298	6.55445	12703.2	670	0.11608	0	4.029	1.02
195.8	0.00316133	0.00116543	30394.6	1050	105	30095.7	19.3845	19.3845	77.5381	77.5381	0 34458.4 4255.81 	38714.3	0.00432677	1.75723e-31	2.07142e-23	1050	2.07142e-23	0 2.15682e+07 5e+06 	2.65682e+07	6.49465	6.55445	12703.2	670	0.116679	0	4.029	1.02
196	0.00316679	0.00115002	29974.6	1050	105	29675.6	19.3976	19.3976	77.5905	77.5905	0 34980.5 4283.1 	39263.6	0.00431681	1.65338e-31	1.94452e-23	1050	1.94452e-23	0 2.14691e+07 5e+06 	2.64691e+07	6.46116	6.55445	12703.2	670	0.115804	0	4.029	1.02
196.2	0.00316163	0.00116588	30410.5	1050	105	30111.4	19.4109	19.4109	77.6434	77.6434	0 34448.3 4243.42 	38691.7	0.00432751	1.54825e-31	1.82539e-23	1050	1.82539e-23	0 2.15756e+07 5e+06 	2.65756e+07	6.49286	6.55445	12703.2	670	0.1164	0	4.029	1.02
196.4	0.00316709	0.00115046	29990.3	1050	105	29691.1	19.424	19.424	77.696	77.696	0 34970.3 4270.72 	39241	0.00431755	1.45675e-31	1.71356e-23	1050	1.71356e-23	0 2.14764e+07 5e+06 	2.64764e+07	6.45933	6.55445	12703.2	670	0.11553	0	4.029	1.02
196.6	0.00316192	0.00116633	30426.4	1050	105	30127	19.4373	19.4373	77.7491	77.7491	0 34438.2 4231.06 	38669.3	0.00432825	1.36413e-31	1.60858e-23	1050	1.60858e-23	0 2.1583e+07 5e+06 	2.6583e+07	6.49108	6.55445	12703.2	670	0.116122	0	4.029	1.02
196.8	0.00316738	0.00115091	30006	1050	105	29706.5	19.4504	19.4504	77.8018	77.8018	0 34960.2 4258.37 	39218.5	0.00431829	1.28351e-31	1.51004e-23	1050	1.51004e-23	0 2.14838e+07 5e+06 	2.64838e+07	6.45751	6.55445	12703.2	670	0.115256	0	4.029	1.02
197	0.0031622	0.00116678	30442.3	1050	105	30142.7	19.4638	19.4638	77.8551	77.8551	0 34428.1 4218.73 	38646.8	0.00432899	1.2019e-31	1.41753e-23	1050	1.41753e-23	0 2.15904e+07 5e+06 	2.65904e+07	6.48929	6.55445	12703.2	670	0.115844	0	4.029	1.02
197.2	0.00316768	0.00115135	30021.7	1050	105	29721.9	19.477	19.477	77.9079	77.9079	0 34950 4246.05 	39196.1	0.00431903	1.13087e-31	1.33069e-23	1050	1.33069e-23	0 2.14912e+07 5e+06 	2.64912e+07	6.45569	6.55445	12703.2	670	0.114983	0	4.029	1.02
197.4	0.00316249	0.00116723	30458.2	1050	105	30158.3	19.4904	19.4904	77.9614	77.9614	0 34418 4206.43 	38624.4	0.00432973	1.05897e-31	1.24916e-23	1050	1.24916e-23	0 2.15977e+07 5e+06 	2.65977e+07	6.48751	6.55445	12703.2	670	0.115567	0	4.029	1.02
197.6	0.00316798	0.00115179	30037.4	1050	105	29737.3	19.5036	19.5036	78.0144	78.0144	0 34939.9 4233.77 	39173.7	0.00431977	9.96383e-32	1.17264e-23	1050	1.17264e-23	0 2.14985e+07 5e+06 	2.64985e+07	6.45387	6.55445	12703.2	670	0.11471	0	4.029	1.02
197.8	0.00316278	0.00116768	30474.2	1050	105	30174	19.517	19.517	78.0681	78.0681	0 34407.9 4194.17 	38602	0.00433047	9.33032e-32	1.1008e-23	1050	1.1008e-23	0 2.16051e+07 5e+06 	2.66051e+07	6.48573	6.55445	12703.2	670	0.11529	0	4.029	1.02
198	0.00316828	0.00115223	30053.1	1050	105	29752.8	19.5303	19.5303	78.1213	78.1213	0 34929.8 4221.53 	39151.3	0.00432051	8.7789e-32	1.03336e-23	1050	1.03336e-23	0 2.15059e+07 5e+06 	2.65059e+07	6.45205	6.55445	12703.2	670	0.114438	0	4.029	1.02
198.2	0.00316307	0.00116813	30490.1	1050	105	30189.6	19.5438	19.5438	78.1751	78.1751	0 34397.7 4181.94 	38579.7	0.00433121	8.22073e-32	9.70052e-24	1050	9.70052e-24	0 2.16125e+07 5e+06 	2.66125e+07	6.48396	6.55445	12703.2	670	0.115014	0	4.029	1.02
198.4	0.00316857	0.00115268	30068.8	1050	105	29768.2	19.5571	19.5571	78.2284	78.2284	0 34919.6 4209.32 	39129	0.00432125	7.73488e-32	9.10624e-24	1050	9.10624e-24	0 2.15133e+07 5e+06 	2.65133e+07	6.45024	6.55445	12703.2	670	0.114167	0	4.029	1.02
198.6	0.00316336	0.00116858	30506	1050	105	30205.3	19.5706	19.5706	78.2824	78.2824	0 34387.6 4169.74 	38557.4	0.00433194	7.24309e-32	8.54836e-24	1050	8.54836e-24	0 2.16199e+07 5e+06 	2.66199e+07	6.48218	6.55445	12703.2	670	0.114738	0	4.029	1.02
198.8	0.00316887	0.00115312	30084.5	1050	105	29783.6	19.584	19.584	78.3359	78.3359	0 34909.5 4197.14 	39106.7	0.00432199	6.81501e-32	8.02466e-24	1050	8.02466e-24	0 2.15206e+07 5e+06 	2.65206e+07	6.44842	6.55445	12703.2	670	0.113896	0	4.029	1.02
199	0.00316365	0.00116903	30521.9	1050	105	30221	19.5975	19.5975	78.3901	78.3901	0 34377.5 4157.58 	38535.1	0.00433268	6.38172e-32	7.53305e-24	1050	7.53305e-24	0 2.16272e+07 5e+06 	2.66272e+07	6.48041	6.55445	12703.2	670	0.114463	0	4.029	1.02
199.2	0.00316917	0.00115356	30100.2	1050	105	29799.1	19.6109	19.6109	78.4438	78.4438	0 34899.4 4185.01 	39084.4	0.00432273	6.00455e-32	7.07155e-24	1050	7.07155e-24	0 2.1528e+07 5e+06 	2.6528e+07	6.44661	6.55445	12703.2	670	0.113626	0	4.029	1.02
199.4	0.00316394	0.00116948	30537.9	1050	105	30236.6	19.6245	19.6245	78.4981	78.4981	0 34367.4 4145.45 	38512.9	0.00433342	5.62279e-32	6.63832e-24	1050	6.63832e-24	0 2.16346e+07 5e+06 	2.66346e+07	6.47864	6.55445	12703.2	670	0.114189	0	4.029	1.02
199.6	0.00316947	0.001154	30115.9	1050	105	29814.5	19.638	19.638	78.5519	78.5519	0 34889.3 4172.9 	39062.2	0.00432347	5.29046e-32	6.23164e-24	1050	6.23164e-24	0 2.15354e+07 5e+06 	2.65354e+07	6.4448	6.55445	12703.2	670	0.113357	0	4.029	1.02
199.8	0.00316422	0.00116993	30553.8	1050	105	30252.3	19.6516	19.6516	78.6064	78.6064	0 34357.3 4133.35 	38490.7	0.00433416	4.95411e-32	5.84987e-24	1050	5.84987e-24	0 2.1642e+07 5e+06 	2.6642e+07	6.47688	6.55445	12703.2	670	0.113915	0	4.029	1.02
200	0.00316976	0.00115445	30131.6	1050	105	29830	19.6651	19.6651	78.6604	78.6604	0 34879.1 4160.83 	39040	0.00432421	4.6613e-32	5.49149e-24	1050	5.49149e-24	0 2.15427e+07 5e+06 	2.65427e+07	6.44299	6.55445	12703.2	670	0.113088	0	4.029	1.02
200.2	0.00316451	0.00117038	30569.8	1050	105	30268	19.6788	19.6788	78.715	78.715	0 34347.2 4121.29 	38468.5	0.0043349	4.36495e-32	5.15506e-24	1050	5.15506e-24	0 2.16493e+07 5e+06 	2.66493e+07	6.47511	6.55445	12703.2	670	0.113642	0	4.029	1.02
200.4	0.00317006	0.00115489	30147.4	1050	105	29845.4	19.6923	19.6923	78.7692	78.7692	0 34869 4148.8 	39017.8	0.00432495	4.10696e-32	4.83925e-24	1050	4.83925e-24	0 2.15501e+07 5e+06 	2.65501e+07	6.44118	6.55445	12703.2	670	0.11282	0	4.029	1.02
200.6	0.0031648	0.00117084	30585.7	1050	105	30283.7	19.706	19.706	78.824	78.824	0 34337.1 4109.26 	38446.3	0.00433563	3.84586e-32	4.54278e-24	1050	4.54278e-24	0 2.16567e+07 5e+06 	2.66567e+07	6.47335	6.55445	12703.2	670	0.113369	0	4.029	1.02
200.8	0.00317036	0.00115533	30163.1	1050	105	29860.9	19.7196	19.7196	78.8783	78.8783	0 34858.9 4136.8 	38995.7	0.00432569	3.61855e-32	4.26448e-24	1050	4.26448e-24	0 2.15575e+07 5e+06 	2.65575e+07	6.43937	6.55445	12703.2	670	0.112552	0	4.029	1.02
201	0.00316509	0.00117129	30601.7	1050	105	30299.4	19.7333	19.7333	78.9333	78.9333	0 34327 4097.26 	38424.2	0.00433637	3.3885e-32	4.00322e-24	1050	4.00322e-24	0 2.16641e+07 5e+06 	2.66641e+07	6.47159	6.55445	12703.2	670	0.113097	0	4.029	1.02
201.2	0.00317065	0.00115578	30178.9	1050	105	29876.4	19.7469	19.7469	78.9878	78.9878	0 34848.8 4124.84 	38973.6	0.00432643	3.18822e-32	3.75797e-24	1050	3.75797e-24	0 2.15648e+07 5e+06 	2.65648e+07	6.43757	6.55445	12703.2	670	0.112285	0	4.029	1.02
201.4	0.00316537	0.00117174	30617.7	1050	105	30315.1	19.7607	19.7607	79.0429	79.0429	0 34316.8 4085.29 	38402.1	0.00433711	2.98553e-32	3.52775e-24	1050	3.52775e-24	0 2.16715e+07 5e+06 	2.66715e+07	6.46984	6.55445	12703.2	670	0.112826	0	4.029	1.02
201.6	0.00317095	0.00115622	30194.6	1050	105	29891.9	19.7744	19.7744	79.0976	79.0976	0 34838.7 4112.91 	38951.6	0.00432717	2.80906e-32	3.31163e-24	1050	3.31163e-24	0 2.15722e+07 5e+06 	2.65722e+07	6.43576	6.55445	12703.2	670	0.112019	0	4.029	1.02
201.8	0.00316566	0.00117219	30633.7	1050	105	30330.8	19.7882	19.7882	79.1528	79.1528	0 34306.7 4073.36 	38380.1	0.00433785	2.63048e-32	3.10875e-24	1050	3.10875e-24	0 2.16788e+07 5e+06 	2.66788e+07	6.46808	6.55445	12703.2	670	0.112555	0	4.029	1.02
202	0.00317124	0.00115666	30210.4	1050	105	29907.3	19.8019	19.8019	79.2076	79.2076	0 34828.6 4101.01 	38929.6	0.00432791	2.475e-32	2.9183e-24	1050	2.9183e-24	0 2.15796e+07 5e+06 	2.65796e+07	6.43396	6.55445	12703.2	670	0.111753	0	4.029	1.02
202.2	0.00316594	0.00117264	30649.6	1050	105	30346.5	19.8158	19.8158	79.2631	79.2631	0 34296.6 4061.46 	38358	0.00433859	2.31766e-32	2.73951e-24	1050	2.73951e-24	0 2.16862e+07 5e+06 	2.66862e+07	6.46633	6.55445	12703.2	670	0.112285	0	4.029	1.02
202.4	0.00317154	0.00115711	30226.1	1050	105	29922.8	19.8295	19.8295	79.318	79.318	0 34818.4 4089.15 	38907.6	0.00432865	2.18066e-32	2.57168e-24	1050	2.57168e-24	0 2.1587e+07 5e+06 	2.6587e+07	6.43216	6.55445	12703.2	670	0.111488	0	4.029	1.02
202.6	0.00316623	0.00117309	30665.6	1050	105	30362.2	19.8434	19.8434	79.3736	79.3736	0 34286.5 4049.6 	38336.1	0.00433932	2.04203e-32	2.41413e-24	1050	2.41413e-24	0 2.16936e+07 5e+06 	2.66936e+07	6.46458	6.55445	12703.2	670	0.112015	0	4.029	1.02
202.8	0.00317184	0.00115755	30241.9	1050	105	29938.3	19.8572	19.8572	79.4287	79.4287	0 34808.3 4077.33 	38885.7	0.00432939	1.92133e-32	2.26623e-24	1050	2.26623e-24	0 2.15944e+07 5e+06 	2.65944e+07	6.43036	6.55445	12703.2	670	0.111224	0	4.029	1.02
203	0.00316651	0.00117355	30681.6	1050	105	30377.9	19.8711	19.8711	79.4844	79.4844	0 34276.3 4037.76 	38314.1	0.00434006	1.79919e-32	2.1274e-24	1050	2.1274e-24	0 2.1701e+07 5e+06 	2.6701e+07	6.46283	6.55445	12703.2	670	0.111746	0	4.029	1.02
203.2	0.00317213	0.001158	30257.7	1050	105	29953.9	19.8849	19.8849	79.5397	79.5397	0 34798.2 4065.54 	38863.7	0.00433013	1.69284e-32	1.99707e-24	1050	1.99707e-24	0 2.16017e+07 5e+06 	2.66017e+07	6.42856	6.55445	12703.2	670	0.11096	0	4.029	1.02
203.4	0.0031668	0.001174	30697.7	1050	105	30393.7	19.8989	19.8989	79.5956	79.5956	0 34266.2 4025.96 	38292.2	0.0043408	1.58522e-32	1.87472e-24	1050	1.87472e-24	0 2.17083e+07 5e+06 	2.67083e+07	6.46109	6.55445	12703.2	670	0.111478	0	4.029	1.02
203.6	0.00317243	0.00115844	30273.5	1050	105	29969.4	19.9128	19.9128	79.651	79.651	0 34788.1 4053.79 	38841.9	0.00433087	1.49152e-32	1.75987e-24	1050	1.75987e-24	0 2.16091e+07 5e+06 	2.66091e+07	6.42677	6.55445	12703.2	670	0.110697	0	4.029	1.02
203.8	0.00316708	0.00117445	30713.7	1050	105	30409.4	19.9268	19.9268	79.7071	79.7071	0 34256.1 4014.2 	38270.3	0.00434154	1.39671e-32	1.65205e-24	1050	1.65205e-24	0 2.17157e+07 5e+06 	2.67157e+07	6.45935	6.55445	12703.2	670	0.11121	0	4.029	1.02
204	0.00317272	0.00115889	30289.3	1050	105	29984.9	19.9407	19.9407	79.7626	79.7626	0 34778 4042.07 	38820	0.00433161	1.31414e-32	1.55084e-24	1050	1.55084e-24	0 2.16165e+07 5e+06 	2.66165e+07	6.42497	6.55445	12703.2	670	0.110435	0	4.029	1.02
204.2	0.00316737	0.00117491	30729.7	1050	105	30425.2	19.9547	19.9547	79.8188	79.8188	0 34245.9 4002.46 	38248.4	0.00434227	1.23061e-32	1.45584e-24	1050	1.45584e-24	0 2.17231e+07 5e+06 	2.67231e+07	6.45761	6.55445	12703.2	670	0.110943	0	4.029	1.02
204.4	0.00317302	0.00115933	30305.1	1050	105	30000.4	19.9686	19.9686	79.8745	79.8745	0 34767.8 4030.39 	38798.2	0.00433235	1.15786e-32	1.36665e-24	1050	1.36665e-24	0 2.16239e+07 5e+06 	2.66239e+07	6.42318	6.55445	12703.2	670	0.110173	0	4.029	1.02
204.6	0.00316765	0.00117536	30745.8	1050	105	30441	19.9827	19.9827	79.9309	79.9309	0 34235.8 3990.76 	38226.5	0.00434301	1.08426e-32	1.28292e-24	1050	1.28292e-24	0 2.17305e+07 5e+06 	2.67305e+07	6.45587	6.55445	12703.2	670	0.110676	0	4.029	1.02
204.8	0.00317331	0.00115978	30321	1050	105	30016	19.9967	19.9967	79.9867	79.9867	0 34757.7 4018.74 	38776.5	0.00433309	1.02016e-32	1.20433e-24	1050	1.20433e-24	0 2.16313e+07 5e+06 	2.66313e+07	6.42139	6.55445	12703.2	670	0.109912	0	4.029	1.02
205	0.00316794	0.00117581	30761.8	1050	105	30456.7	20.0108	20.0108	80.0432	80.0432	0 34225.6 3979.09 	38204.7	0.00434375	9.55315e-33	1.13054e-24	1050	1.13054e-24	0 2.17379e+07 5e+06 	2.67379e+07	6.45413	6.55445	12703.2	670	0.11041	0	4.029	1.02
205.2	0.00317361	0.00116022	30336.8	1050	105	30031.6	20.0248	20.0248	80.0992	80.0992	0 34747.6 4007.12 	38754.7	0.00433383	8.98842e-33	1.06128e-24	1050	1.06128e-24	0 2.16387e+07 5e+06 	2.66387e+07	6.4196	6.55445	12703.2	670	0.109652	0	4.029	1.02
205.4	0.00316822	0.00117627	30777.9	1050	105	30472.5	20.039	20.039	80.1559	80.1559	0 34215.5 3967.46 	38182.9	0.00434449	8.41707e-33	9.96267e-25	1050	9.96267e-25	0 2.17452e+07 5e+06 	2.67452e+07	6.4524	6.55445	12703.2	670	0.110145	0	4.029	1.02
205.6	0.0031739	0.00116067	30352.7	1050	105	30047.1	20.053	20.053	80.212	80.212	0 34737.5 3995.54 	38733	0.00433457	7.91949e-33	9.35232e-25	1050	9.35232e-25	0 2.16461e+07 5e+06 	2.66461e+07	6.41781	6.55445	12703.2	670	0.109392	0	4.029	1.02
205.8	0.0031685	0.00117672	30794	1050	105	30488.3	20.0672	20.0672	80.2688	80.2688	0 34205.3 3955.86 	38161.2	0.00434523	7.41609e-33	8.77937e-25	1050	8.77937e-25	0 2.17526e+07 5e+06 	2.67526e+07	6.45067	6.55445	12703.2	670	0.10988	0	4.029	1.02
206	0.0031742	0.00116112	30368.5	1050	105	30062.7	20.0813	20.0813	80.3251	80.3251	0 34727.3 3984 	38711.3	0.00433531	6.97767e-33	8.24152e-25	1050	8.24152e-25	0 2.16535e+07 5e+06 	2.66535e+07	6.41602	6.55445	12703.2	670	0.109133	0	4.029	1.02
206.2	0.00316879	0.00117718	30810.1	1050	105	30504.1	20.0955	20.0955	80.382	80.382	0 34195.1 3944.29 	38139.4	0.00434596	6.53415e-33	7.73662e-25	1050	7.73662e-25	0 2.176e+07 5e+06 	2.676e+07	6.44894	6.55445	12703.2	670	0.109616	0	4.029	1.02
206.4	0.00317449	0.00116156	30384.4	1050	105	30078.3	20.1096	20.1096	80.4385	80.4385	0 34717.2 3972.49 	38689.7	0.00433605	6.14786e-33	7.26265e-25	1050	7.26265e-25	0 2.16609e+07 5e+06 	2.66609e+07	6.41423	6.55445	12703.2	670	0.108875	0	4.029	1.02
206.6	0.00316907	0.00117763	30826.2	1050	105	30520	20.1239	20.1239	80.4956	80.4956	0 34185 3932.75 	38117.7	0.0043467	5.75709e-33	6.81772e-25	1050	6.81772e-25	0 2.17674e+07 5e+06 	2.67674e+07	6.44721	6.55445	12703.2	670	0.109353	0	4.029	1.02
206.8	0.00317479	0.00116201	30400.3	1050	105	30093.9	20.138	20.138	80.5522	80.5522	0 34707.1 3961.01 	38668.1	0.0043368	5.41674e-33	6.40004e-25	1050	6.40004e-25	0 2.16683e+07 5e+06 	2.66683e+07	6.41244	6.55445	12703.2	670	0.108617	0	4.029	1.02
207	0.00316935	0.00117809	30842.3	1050	105	30535.8	20.1523	20.1523	80.6094	80.6094	0 34174.8 3921.25 	38096	0.00434744	5.07244e-33	6.00796e-25	1050	6.00796e-25	0 2.17748e+07 5e+06 	2.67748e+07	6.44549	6.55445	12703.2	670	0.10909	0	4.029	1.02
207.2	0.00317508	0.00116246	30416.2	1050	105	30109.5	20.1665	20.1665	80.6661	80.6661	0 34696.9 3949.57 	38646.5	0.00433754	4.77256e-33	5.63989e-25	1050	5.63989e-25	0 2.16757e+07 5e+06 	2.66757e+07	6.41066	6.55445	12703.2	670	0.10836	0	4.029	1.02
207.4	0.00316964	0.00117854	30858.5	1050	105	30551.7	20.1809	20.1809	80.7235	80.7235	0 34164.6 3909.78 	38074.4	0.00434818	4.46921e-33	5.29437e-25	1050	5.29437e-25	0 2.17822e+07 5e+06 	2.67822e+07	6.44376	6.55445	12703.2	670	0.108828	0	4.029	1.02
207.6	0.00317538	0.00116291	30432.1	1050	105	30125.2	20.1951	20.1951	80.7803	80.7803	0 34686.8 3938.16 	38624.9	0.00433828	4.20499e-33	4.97002e-25	1050	4.97002e-25	0 2.16832e+07 5e+06 	2.66832e+07	6.40888	6.55445	12703.2	670	0.108103	0	4.029	1.02
207.8	0.00316992	0.001179	30874.6	1050	105	30567.5	20.2095	20.2095	80.8378	80.8378	0 34154.4 3898.34 	38052.7	0.00434892	3.93772e-33	4.66555e-25	1050	4.66555e-25	0 2.17896e+07 5e+06 	2.67896e+07	6.44204	6.55445	12703.2	670	0.108566	0	4.029	1.02
208	0.00317567	0.00116335	30448	1050	105	30140.8	20.2237	20.2237	80.8949	80.8949	0 34676.6 3926.79 	38603.4	0.00433902	3.70491e-33	4.37972e-25	1050	4.37972e-25	0 2.16906e+07 5e+06 	2.66906e+07	6.40709	6.55445	12703.2	670	0.107848	0	4.029	1.02
208.2	0.0031702	0.00117946	30890.8	1050	105	30583.4	20.2381	20.2381	80.9525	80.9525	0 34144.2 3886.93 	38031.1	0.00434966	3.46944e-33	4.1114e-25	1050	4.1114e-25	0 2.1797e+07 5e+06 	2.6797e+07	6.44032	6.55445	12703.2	670	0.108305	0	4.029	1.02
208.4	0.00317596	0.0011638	30464	1050	105	30156.5	20.2524	20.2524	81.0096	81.0096	0 34666.5 3915.46 	38581.9	0.00433977	3.26431e-33	3.85953e-25	1050	3.85953e-25	0 2.1698e+07 5e+06 	2.6698e+07	6.40531	6.55445	12703.2	670	0.107593	0	4.029	1.02
208.6	0.00317048	0.00117992	30907	1050	105	30599.3	20.2669	20.2669	81.0674	81.0674	0 34134 3875.56 	38009.6	0.0043504	3.05684e-33	3.62308e-25	1050	3.62308e-25	0 2.18044e+07 5e+06 	2.68044e+07	6.43861	6.55445	12703.2	670	0.108045	0	4.029	1.02
208.8	0.00317626	0.00116425	30480	1050	105	30172.1	20.2812	20.2812	81.1247	81.1247	0 34656.3 3904.15 	38560.5	0.00434051	2.87611e-33	3.40112e-25	1050	3.40112e-25	0 2.17054e+07 5e+06 	2.67054e+07	6.40353	6.55445	12703.2	670	0.107338	0	4.029	1.02
209	0.00317076	0.00118037	30923.1	1050	105	30615.2	20.2957	20.2957	81.1826	81.1826	0 34123.8 3864.22 	37988	0.00435114	2.69331e-33	3.19276e-25	1050	3.19276e-25	0 2.18119e+07 5e+06 	2.68119e+07	6.43689	6.55445	12703.2	670	0.107785	0	4.029	1.02
209.2	0.00317655	0.0011647	30495.9	1050	105	30187.8	20.31	20.31	81.2401	81.2401	0 34646.2 3892.88 	38539	0.00434125	2.53407e-33	2.99716e-25	1050	2.99716e-25	0 2.17129e+07 5e+06 	2.67129e+07	6.40175	6.55445	12703.2	670	0.107084	0	4.029	1.02
209.4	0.00317104	0.00118083	30939.4	1050	105	30631.1	20.3245	20.3245	81.2981	81.2981	0 34113.6 3852.91 	37966.5	0.00435188	2.37302e-33	2.81354e-25	1050	2.81354e-25	0 2.18193e+07 5e+06 	2.68193e+07	6.43518	6.55445	12703.2	670	0.107526	0	4.029	1.02
209.6	0.00317685	0.00116515	30511.9	1050	105	30203.5	20.3389	20.3389	81.3557	81.3557	0 34636 3881.65 	38517.6	0.004342	2.23271e-33	2.64118e-25	1050	2.64118e-25	0 2.17203e+07 5e+06 	2.67203e+07	6.39998	6.55445	12703.2	670	0.106831	0	4.029	1.02
209.8	0.00317133	0.00118129	30955.6	1050	105	30647	20.3535	20.3535	81.4139	81.4139	0 34103.3 3841.64 	37945	0.00435262	2.09081e-33	2.47937e-25	1050	2.47937e-25	0 2.18267e+07 5e+06 	2.68267e+07	6.43347	6.55445	12703.2	670	0.107268	0	4.029	1.02
210	0.00317714	0.0011656	30527.9	1050	105	30219.2	20.3679	20.3679	81.4716	81.4716	0 34625.8 3870.45 	38496.3	0.00434274	1.96718e-33	2.32748e-25	1050	2.32748e-25	0 2.17278e+07 5e+06 	2.67278e+07	6.3982	6.55445	12703.2	670	0.106579	0	4.029	1.02
210.2	0.00317161	0.00118175	30971.8	1050	105	30663	20.3825	20.3825	81.5299	81.5299	0 34093.1 3830.4 	37923.5	0.00435336	1.84217e-33	2.18489e-25	1050	2.18489e-25	0 2.18341e+07 5e+06 	2.68341e+07	6.43176	6.55445	12703.2	670	0.10701	0	4.029	1.02
210.4	0.00317744	0.00116605	30543.9	1050	105	30235	20.3969	20.3969	81.5877	81.5877	0 34615.6 3859.29 	38474.9	0.00434349	1.73324e-33	2.05104e-25	1050	2.05104e-25	0 2.17352e+07 5e+06 	2.67352e+07	6.39642	6.55445	12703.2	670	0.106327	0	4.029	1.02
210.6	0.00317189	0.00118221	30988.1	1050	105	30679	20.4115	20.4115	81.6462	81.6462	0 34082.9 3819.19 	37902.1	0.0043541	1.62309e-33	1.92538e-25	1050	1.92538e-25	0 2.18415e+07 5e+06 	2.68415e+07	6.43005	6.55445	12703.2	670	0.106753	0	4.029	1.02
210.8	0.00317773	0.0011665	30560	1050	105	30250.7	20.426	20.426	81.7042	81.7042	0 34605.5 3848.15 	38453.6	0.00434423	1.52712e-33	1.80743e-25	1050	1.80743e-25	0 2.17427e+07 5e+06 	2.67427e+07	6.39465	6.55445	12703.2	670	0.106076	0	4.029	1.02
211	0.00317217	0.00118267	31004.3	1050	105	30694.9	20.4407	20.4407	81.7628	81.7628	0 34072.6 3808.01 	37880.6	0.00435484	1.43007e-33	1.6967e-25	1050	1.6967e-25	0 2.1849e+07 5e+06 	2.6849e+07	6.42834	6.55445	12703.2	670	0.106496	0	4.029	1.02
211.2	0.00317802	0.00116695	30576	1050	105	30266.5	20.4552	20.4552	81.8209	81.8209	0 34595.3 3837.06 	38432.3	0.00434498	1.3455e-33	1.59275e-25	1050	1.59275e-25	0 2.17501e+07 5e+06 	2.67501e+07	6.39287	6.55445	12703.2	670	0.105826	0	4.029	1.02
211.4	0.00317245	0.00118313	31020.6	1050	105	30710.9	20.4699	20.4699	81.8796	81.8796	0 34062.4 3796.87 	37859.2	0.00435558	1.26e-33	1.49518e-25	1050	1.49518e-25	0 2.18564e+07 5e+06 	2.68564e+07	6.42664	6.55445	12703.2	670	0.10624	0	4.029	1.02
211.6	0.00317832	0.00116741	30592.1	1050	105	30282.3	20.4845	20.4845	81.9378	81.9378	0 34585.1 3825.99 	38411.1	0.00434572	1.18549e-33	1.40358e-25	1050	1.40358e-25	0 2.17576e+07 5e+06 	2.67576e+07	6.3911	6.55445	12703.2	670	0.105576	0	4.029	1.02
211.8	0.00317273	0.00118359	31036.9	1050	105	30726.9	20.4992	20.4992	81.9967	81.9967	0 34052.1 3785.76 	37837.8	0.00435632	1.11016e-33	1.31759e-25	1050	1.31759e-25	0 2.18639e+07 5e+06 	2.68639e+07	6.42494	6.55445	12703.2	670	0.105985	0	4.029	1.02
212	0.00317861	0.00116786	30608.2	1050	105	30298	20.5138	20.5138	82.055	82.055	0 34574.9 3814.97 	38389.8	0.00434647	1.04451e-33	1.23687e-25	1050	1.23687e-25	0 2.17651e+07 5e+06 	2.67651e+07	6.38933	6.55445	12703.2	670	0.105327	0	4.029	1.02
212.2	0.00317301	0.00118405	31053.3	1050	105	30743	20.5285	20.5285	82.114	82.114	0 34041.8 3774.68 	37816.5	0.00435706	9.78134e-34	1.1611e-25	1050	1.1611e-25	0 2.18713e+07 5e+06 	2.68713e+07	6.42324	6.55445	12703.2	670	0.105731	0	4.029	1.02
212.4	0.0031789	0.00116831	30624.3	1050	105	30313.9	20.5431	20.5431	82.1725	82.1725	0 34564.7 3803.97 	38368.6	0.00434721	9.2029e-34	1.08996e-25	1050	1.08996e-25	0 2.17726e+07 5e+06 	2.67726e+07	6.38756	6.55445	12703.2	670	0.105079	0	4.029	1.02
212.6	0.00317329	0.00118452	31069.6	1050	105	30759	20.5579	20.5579	82.2316	82.2316	0 34031.5 3763.63 	37795.2	0.0043578	8.61811e-34	1.02319e-25	1050	1.02319e-25	0 2.18788e+07 5e+06 	2.68788e+07	6.42154	6.55445	12703.2	670	0.105477	0	4.029	1.02
212.8	0.0031792	0.00116876	30640.4	1050	105	30329.7	20.5726	20.5726	82.2903	82.2903	0 34554.4 3793.01 	38347.5	0.00434796	8.10845e-34	9.60506e-26	1050	9.60506e-26	0 2.178e+07 5e+06 	2.678e+07	6.38579	6.55445	12703.2	670	0.104832	0	4.029	1.02
213	0.00317357	0.00118498	31086	1050	105	30775.1	20.5874	20.5874	82.3495	82.3495	0 34021.2 3752.62 	37773.8	0.00435855	7.59322e-34	9.01662e-26	1050	9.01662e-26	0 2.18862e+07 5e+06 	2.68862e+07	6.41985	6.55445	12703.2	670	0.105223	0	4.029	1.02
213.2	0.00317949	0.00116922	30656.5	1050	105	30345.5	20.6021	20.6021	82.4083	82.4083	0 34544.2 3782.08 	38326.3	0.00434871	7.14416e-34	8.46424e-26	1050	8.46424e-26	0 2.17875e+07 5e+06 	2.67875e+07	6.38402	6.55445	12703.2	670	0.104585	0	4.029	1.02
213.4	0.00317385	0.00118544	31102.3	1050	105	30791.2	20.6169	20.6169	82.4676	82.4676	0 34010.9 3741.64 	37752.6	0.00435929	6.69021e-34	7.94569e-26	1050	7.94569e-26	0 2.18937e+07 5e+06 	2.68937e+07	6.41815	6.55445	12703.2	670	0.104971	0	4.029	1.02
213.6	0.00317979	0.00116967	30672.7	1050	105	30361.4	20.6316	20.6316	82.5265	82.5265	0 34534 3771.19 	38305.2	0.00434946	6.29455e-34	7.45891e-26	1050	7.45891e-26	0 2.1795e+07 5e+06 	2.6795e+07	6.38225	6.55445	12703.2	670	0.104338	0	4.029	1.02
213.8	0.00317412	0.00118591	31118.7	1050	105	30807.3	20.6465	20.6465	82.586	82.586	0 34000.6 3730.69 	37731.3	0.00436003	5.89459e-34	7.00196e-26	1050	7.00196e-26	0 2.19011e+07 5e+06 	2.69011e+07	6.41646	6.55445	12703.2	670	0.104719	0	4.029	1.02
214	0.00318008	0.00117013	30688.9	1050	105	30377.3	20.6613	20.6613	82.645	82.645	0 34523.8 3760.33 	38284.1	0.00435021	5.54597e-34	6.573e-26	1050	6.573e-26	0 2.18025e+07 5e+06 	2.68025e+07	6.38049	6.55445	12703.2	670	0.104093	0	4.029	1.02
214.2	0.0031744	0.00118637	31135.1	1050	105	30823.4	20.6762	20.6762	82.7046	82.7046	0 33990.3 3719.77 	37710	0.00436078	5.19359e-34	6.17031e-26	1050	6.17031e-26	0 2.19086e+07 5e+06 	2.69086e+07	6.41477	6.55445	12703.2	670	0.104467	0	4.029	1.02
214.4	0.00318037	0.00117058	30705.1	1050	105	30393.2	20.6909	20.6909	82.7638	82.7638	0 34513.5 3749.51 	38263	0.00435095	4.88642e-34	5.7923e-26	1050	5.7923e-26	0 2.181e+07 5e+06 	2.681e+07	6.37872	6.55445	12703.2	670	0.103848	0	4.029	1.02
214.6	0.00317468	0.00118684	31151.6	1050	105	30839.5	20.7059	20.7059	82.8235	82.8235	0 33979.9 3708.89 	37688.8	0.00436152	4.57595e-34	5.43745e-26	1050	5.43745e-26	0 2.19161e+07 5e+06 	2.69161e+07	6.41308	6.55445	12703.2	670	0.104217	0	4.029	1.02
214.8	0.00318067	0.00117104	30721.3	1050	105	30409.1	20.7207	20.7207	82.8828	82.8828	0 34503.3 3738.72 	38242	0.0043517	4.3053e-34	5.10433e-26	1050	5.10433e-26	0 2.18175e+07 5e+06 	2.68175e+07	6.37695	6.55445	12703.2	670	0.103604	0	4.029	1.02
215	0.00317496	0.0011873	31168	1050	105	30855.7	20.7357	20.7357	82.9427	82.9427	0 33969.6 3698.04 	37667.6	0.00436226	4.03176e-34	4.79163e-26	1050	4.79163e-26	0 2.19236e+07 5e+06 	2.69236e+07	6.41139	6.55445	12703.2	670	0.103967	0	4.029	1.02
215.2	0.00318096	0.00117149	30737.5	1050	105	30425	20.7505	20.7505	83.002	83.002	0 34493 3727.96 	38221	0.00435245	3.79329e-34	4.49808e-26	1050	4.49808e-26	0 2.18251e+07 5e+06 	2.68251e+07	6.37519	6.55445	12703.2	670	0.10336	0	4.029	1.02
215.4	0.00317524	0.00118777	31184.5	1050	105	30871.8	20.7655	20.7655	83.062	83.062	0 33959.2 3687.22 	37646.5	0.00436301	3.55229e-34	4.22251e-26	1050	4.22251e-26	0 2.1931e+07 5e+06 	2.6931e+07	6.4097	6.55445	12703.2	670	0.103717	0	4.029	1.02
215.6	0.00318125	0.00117195	30753.7	1050	105	30440.9	20.7804	20.7804	83.1215	83.1215	0 34482.7 3717.24 	38200	0.0043532	3.34218e-34	3.96383e-26	1050	3.96383e-26	0 2.18326e+07 5e+06 	2.68326e+07	6.37343	6.55445	12703.2	670	0.103117	0	4.029	1.02
215.8	0.00317552	0.00118823	31201	1050	105	30888	20.7954	20.7954	83.1817	83.1817	0 33948.9 3676.43 	37625.3	0.00436375	3.12984e-34	3.72099e-26	1050	3.72099e-26	0 2.19385e+07 5e+06 	2.69385e+07	6.40802	6.55445	12703.2	670	0.103468	0	4.029	1.02
216	0.00318155	0.00117241	30770	1050	105	30456.9	20.8103	20.8103	83.2413	83.2413	0 34472.5 3706.55 	38179	0.00435395	2.94471e-34	3.49303e-26	1050	3.49303e-26	0 2.18401e+07 5e+06 	2.68401e+07	6.37166	6.55445	12703.2	670	0.102875	0	4.029	1.02
216.2	0.0031758	0.0011887	31217.5	1050	105	30904.2	20.8254	20.8254	83.3015	83.3015	0 33938.5 3665.67 	37604.2	0.0043645	2.75763e-34	3.27904e-26	1050	3.27904e-26	0 2.1946e+07 5e+06 	2.6946e+07	6.40634	6.55445	12703.2	670	0.10322	0	4.029	1.02
216.4	0.00318184	0.00117287	30786.3	1050	105	30472.9	20.8403	20.8403	83.3613	83.3613	0 34462.2 3695.89 	38158.1	0.00435471	2.59451e-34	3.07815e-26	1050	3.07815e-26	0 2.18477e+07 5e+06 	2.68477e+07	6.3699	6.55445	12703.2	670	0.102634	0	4.029	1.02
216.6	0.00317607	0.00118917	31234	1050	105	30920.5	20.8554	20.8554	83.4216	83.4216	0 33928.1 3654.95 	37583.1	0.00436524	2.42968e-34	2.88958e-26	1050	2.88958e-26	0 2.19535e+07 5e+06 	2.69535e+07	6.40466	6.55445	12703.2	670	0.102973	0	4.029	1.02
216.8	0.00318213	0.00117333	30802.6	1050	105	30488.9	20.8704	20.8704	83.4815	83.4815	0 34451.9 3685.27 	38137.1	0.00435546	2.28596e-34	2.71255e-26	1050	2.71255e-26	0 2.18552e+07 5e+06 	2.68552e+07	6.36814	6.55445	12703.2	670	0.102393	0	4.029	1.02
217	0.00317635	0.00118964	31250.6	1050	105	30936.7	20.8855	20.8855	83.542	83.542	0 33917.7 3644.26 	37562	0.00436599	2.14074e-34	2.54637e-26	1050	2.54637e-26	0 2.1961e+07 5e+06 	2.6961e+07	6.40298	6.55445	12703.2	670	0.102726	0	4.029	1.02
217.2	0.00318243	0.00117378	30818.9	1050	105	30504.9	20.9005	20.9005	83.602	83.602	0 34441.6 3674.68 	38116.3	0.00435621	2.0141e-34	2.39037e-26	1050	2.39037e-26	0 2.18628e+07 5e+06 	2.68628e+07	6.36638	6.55445	12703.2	670	0.102153	0	4.029	1.02
217.4	0.00317663	0.00119011	31267.1	1050	105	30953	20.9156	20.9156	83.6626	83.6626	0 33907.3 3633.6 	37540.9	0.00436674	1.88615e-34	2.24393e-26	1050	2.24393e-26	0 2.19685e+07 5e+06 	2.69685e+07	6.4013	6.55445	12703.2	670	0.10248	0	4.029	1.02
217.6	0.00318272	0.00117424	30835.3	1050	105	30521	20.9307	20.9307	83.7227	83.7227	0 34431.3 3664.12 	38095.4	0.00435696	1.77457e-34	2.10646e-26	1050	2.10646e-26	0 2.18703e+07 5e+06 	2.68703e+07	6.36462	6.55445	12703.2	670	0.101913	0	4.029	1.02
217.8	0.00317691	0.00119058	31283.7	1050	105	30969.3	20.9458	20.9458	83.7834	83.7834	0 33896.9 3622.97 	37519.8	0.00436748	1.66184e-34	1.97741e-26	1050	1.97741e-26	0 2.19761e+07 5e+06 	2.69761e+07	6.39962	6.55445	12703.2	670	0.102234	0	4.029	1.02
218	0.00318301	0.0011747	30851.7	1050	105	30537.1	20.9609	20.9609	83.8436	83.8436	0 34420.9 3653.6 	38074.5	0.00435772	1.56353e-34	1.85627e-26	1050	1.85627e-26	0 2.18779e+07 5e+06 	2.68779e+07	6.36286	6.55445	12703.2	670	0.101675	0	4.029	1.02
218.2	0.00317718	0.00119105	31300.3	1050	105	30985.6	20.9761	20.9761	83.9045	83.9045	0 33886.4 3612.37 	37498.8	0.00436823	1.46421e-34	1.74255e-26	1050	1.74255e-26	0 2.19836e+07 5e+06 	2.69836e+07	6.39795	6.55445	12703.2	670	0.101989	0	4.029	1.02
218.4	0.00318331	0.00117517	30868.1	1050	105	30553.1	20.9912	20.9912	83.9648	83.9648	0 34410.6 3643.11 	38053.7	0.00435847	1.37759e-34	1.6358e-26	1050	1.6358e-26	0 2.18855e+07 5e+06 	2.68855e+07	6.3611	6.55445	12703.2	670	0.101437	0	4.029	1.02
218.6	0.00317746	0.00119152	31317	1050	105	31001.9	21.0064	21.0064	84.0258	84.0258	0 33876 3601.81 	37477.8	0.00436898	1.29008e-34	1.53558e-26	1050	1.53558e-26	0 2.19911e+07 5e+06 	2.69911e+07	6.39628	6.55445	12703.2	670	0.101745	0	4.029	1.02
218.8	0.0031836	0.00117563	30884.5	1050	105	30569.2	21.0216	21.0216	84.0862	84.0862	0 34400.3 3632.65 	38032.9	0.00435923	1.21376e-34	1.44151e-26	1050	1.44151e-26	0 2.1893e+07 5e+06 	2.6893e+07	6.35935	6.55445	12703.2	670	0.101199	0	4.029	1.02
219	0.00317774	0.00119199	31333.6	1050	105	31018.3	21.0368	21.0368	84.1473	84.1473	0 33865.5 3591.28 	37456.8	0.00436973	1.13666e-34	1.3532e-26	1050	1.3532e-26	0 2.19986e+07 5e+06 	2.69986e+07	6.3946	6.55445	12703.2	670	0.101502	0	4.029	1.02
219.2	0.00318389	0.00117609	30900.9	1050	105	30585.4	21.052	21.052	84.2078	84.2078	0 34389.9 3622.23 	38012.2	0.00435998	1.06941e-34	1.2703e-26	1050	1.2703e-26	0 2.19006e+07 5e+06 	2.69006e+07	6.35759	6.55445	12703.2	670	0.100963	0	4.029	1.02
219.4	0.00317801	0.00119246	31350.3	1050	105	31034.6	21.0673	21.0673	84.269	84.269	0 33855.1 3580.78 	37435.8	0.00437048	1.00148e-34	1.19247e-26	1050	1.19247e-26	0 2.20062e+07 5e+06 	2.70062e+07	6.39293	6.55445	12703.2	670	0.101259	0	4.029	1.02
219.6	0.00318418	0.00117655	30917.4	1050	105	30601.5	21.0824	21.0824	84.3297	84.3297	0 34379.6 3611.84 	37991.4	0.00436074	9.42229e-35	1.11942e-26	1050	1.11942e-26	0 2.19082e+07 5e+06 	2.69082e+07	6.35584	6.55445	12703.2	670	0.100727	0	4.029	1.02
219.8	0.00317829	0.00119294	31367	1050	105	31051	21.0978	21.0978	84.391	84.391	0 33844.6 3570.31 	37414.9	0.00437123	8.82383e-35	1.05084e-26	1050	1.05084e-26	0 2.20137e+07 5e+06 	2.70137e+07	6.39127	6.55445	12703.2	670	0.101016	0	4.029	1.02
220	0.00318448	0.00117702	30933.8	1050	105	30617.7	21.113	21.113	84.4518	84.4518	0 34369.2 3601.48 	37970.7	0.00436149	8.30174e-35	9.86462e-27	1050	9.86462e-27	0 2.19158e+07 5e+06 	2.69158e+07	6.35408	6.55445	12703.2	670	0.100491	0	4.029	1.02
220.2	0.00317857	0.00119341	31383.7	1050	105	31067.4	21.1283	21.1283	84.5132	84.5132	0 33834.1 3559.87 	37394	0.00437198	7.77446e-35	9.26029e-27	1050	9.26029e-27	0 2.20213e+07 5e+06 	2.70213e+07	6.3896	6.55445	12703.2	670	0.100775	0	4.029	1.02
220.4	0.00318477	0.00117748	30950.3	1050	105	30633.9	21.1435	21.1435	84.5741	84.5741	0 34358.8 3591.16 	37950	0.00436225	7.31445e-35	8.69297e-27	1050	8.69297e-27	0 2.19234e+07 5e+06 	2.69234e+07	6.35233	6.55445	12703.2	670	0.100257	0	4.029	1.02
220.6	0.00317884	0.00119388	31400.5	1050	105	31083.9	21.1589	21.1589	84.6357	84.6357	0 33823.6 3549.46 	37373	0.00437273	6.84989e-35	8.16041e-27	1050	8.16041e-27	0 2.20289e+07 5e+06 	2.70289e+07	6.38793	6.55445	12703.2	670	0.100534	0	4.029	1.02
220.8	0.00318506	0.00117794	30966.9	1050	105	30650.1	21.1742	21.1742	84.6967	84.6967	0 34348.4 3580.87 	37929.3	0.00436301	6.44457e-35	7.66048e-27	1050	7.66048e-27	0 2.1931e+07 5e+06 	2.6931e+07	6.35057	6.55445	12703.2	670	0.100023	0	4.029	1.02
221	0.00317912	0.00119436	31417.2	1050	105	31100.3	21.1896	21.1896	84.7583	84.7583	0 33813.1 3539.09 	37352.2	0.00437348	6.03527e-35	7.19118e-27	1050	7.19118e-27	0 2.20364e+07 5e+06 	2.70364e+07	6.38627	6.55445	12703.2	670	0.100293	0	4.029	1.02
221.2	0.00318536	0.00117841	30983.4	1050	105	30666.3	21.2049	21.2049	84.8195	84.8195	0 34338 3570.61 	37908.6	0.00436377	5.67814e-35	6.75062e-27	1050	6.75062e-27	0 2.19387e+07 5e+06 	2.69387e+07	6.34882	6.55445	12703.2	670	0.0997895	0	4.029	1.02
221.4	0.00317939	0.00119484	31434	1050	105	31116.8	21.2203	21.2203	84.8812	84.8812	0 33802.5 3528.75 	37331.3	0.00437423	5.31753e-35	6.33706e-27	1050	6.33706e-27	0 2.2044e+07 5e+06 	2.7044e+07	6.38461	6.55445	12703.2	670	0.100054	0	4.029	1.02
221.6	0.00318565	0.00117887	31000	1050	105	30682.6	21.2356	21.2356	84.9425	84.9425	0 34327.6 3560.39 	37888	0.00436452	5.00286e-35	5.94883e-27	1050	5.94883e-27	0 2.19463e+07 5e+06 	2.69463e+07	6.34707	6.55445	12703.2	670	0.0995569	0	4.029	1.02
221.8	0.00317967	0.00119531	31450.8	1050	105	31133.3	21.2511	21.2511	85.0043	85.0043	0 33792 3518.43 	37310.4	0.00437498	4.68515e-35	5.58439e-27	1050	5.58439e-27	0 2.20516e+07 5e+06 	2.70516e+07	6.38295	6.55445	12703.2	670	0.0998148	0	4.029	1.02
222	0.00318594	0.00117934	31016.6	1050	105	30698.9	21.2664	21.2664	85.0657	85.0657	0 34317.2 3550.19 	37867.4	0.00436528	4.40789e-35	5.24227e-27	1050	5.24227e-27	0 2.19539e+07 5e+06 	2.69539e+07	6.34531	6.55445	12703.2	670	0.0993251	0	4.029	1.02
222.2	0.00317995	0.00119579	31467.7	1050	105	31149.9	21.2819	21.2819	85.1277	85.1277	0 33781.4 3508.15 	37289.6	0.00437573	4.12797e-35	4.92111e-27	1050	4.92111e-27	0 2.20592e+07 5e+06 	2.70592e+07	6.38129	6.55445	12703.2	670	0.0995765	0	4.029	1.02
222.4	0.00318624	0.00117981	31033.2	1050	105	30715.2	21.2973	21.2973	85.1891	85.1891	0 34306.8 3540.03 	37846.8	0.00436604	3.88368e-35	4.61963e-27	1050	4.61963e-27	0 2.19616e+07 5e+06 	2.69616e+07	6.34356	6.55445	12703.2	670	0.0990939	0	4.029	1.02
222.6	0.00318022	0.00119627	31484.5	1050	105	31166.4	21.3128	21.3128	85.2512	85.2512	0 33770.9 3497.9 	37268.8	0.00437649	3.63705e-35	4.33662e-27	1050	4.33662e-27	0 2.20668e+07 5e+06 	2.70668e+07	6.37963	6.55445	12703.2	670	0.0993387	0	4.029	1.02
222.8	0.00318653	0.00118028	31049.8	1050	105	30731.5	21.3282	21.3282	85.3128	85.3128	0 34296.3 3529.91 	37826.2	0.00436681	3.4218e-35	4.07094e-27	1050	4.07094e-27	0 2.19692e+07 5e+06 	2.69692e+07	6.34181	6.55445	12703.2	670	0.0988633	0	4.029	1.02
223	0.0031805	0.00119675	31501.4	1050	105	31183	21.3437	21.3437	85.375	85.375	0 33760.3 3487.69 	37248	0.00437724	3.20451e-35	3.82155e-27	1050	3.82155e-27	0 2.20744e+07 5e+06 	2.70744e+07	6.37797	6.55445	12703.2	670	0.0991017	0	4.029	1.02
223.2	0.00318682	0.00118074	31066.5	1050	105	30747.9	21.3592	21.3592	85.4367	85.4367	0 34285.9 3519.81 	37805.7	0.00436757	3.01486e-35	3.58743e-27	1050	3.58743e-27	0 2.19769e+07 5e+06 	2.69769e+07	6.34006	6.55445	12703.2	670	0.0986335	0	4.029	1.02
223.4	0.00318077	0.00119722	31518.3	1050	105	31199.6	21.3747	21.3747	85.499	85.499	0 33749.7 3477.5 	37227.2	0.004378	2.82342e-35	3.36765e-27	1050	3.36765e-27	0 2.2082e+07 5e+06 	2.7082e+07	6.37632	6.55445	12703.2	670	0.0988653	0	4.029	1.02
223.6	0.00318712	0.00118121	31083.1	1050	105	30764.2	21.3902	21.3902	85.5607	85.5607	0 34275.4 3509.75 	37785.2	0.00436833	2.65631e-35	3.16134e-27	1050	3.16134e-27	0 2.19846e+07 5e+06 	2.69846e+07	6.33831	6.55445	12703.2	670	0.0984043	0	4.029	1.02
223.8	0.00318105	0.0011977	31535.3	1050	105	31216.2	21.4058	21.4058	85.6231	85.6231	0 33739.1 3467.34 	37206.4	0.00437875	2.48764e-35	2.96766e-27	1050	2.96766e-27	0 2.20896e+07 5e+06 	2.70896e+07	6.37467	6.55445	12703.2	670	0.0986295	0	4.029	1.02
224	0.00318741	0.00118168	31099.9	1050	105	30780.6	21.4213	21.4213	85.685	85.685	0 34264.9 3499.72 	37764.7	0.00436909	2.34041e-35	2.78586e-27	1050	2.78586e-27	0 2.19923e+07 5e+06 	2.69923e+07	6.33656	6.55445	12703.2	670	0.0981759	0	4.029	1.02
224.2	0.00318132	0.00119819	31552.2	1050	105	31232.9	21.4369	21.4369	85.7476	85.7476	0 33728.5 3457.22 	37185.7	0.00437951	2.1918e-35	2.61519e-27	1050	2.61519e-27	0 2.20972e+07 5e+06 	2.70972e+07	6.37301	6.55445	12703.2	670	0.0983944	0	4.029	1.02
224.4	0.0031877	0.00118215	31116.6	1050	105	30797.1	21.4524	21.4524	85.8095	85.8095	0 34254.5 3489.72 	37744.2	0.00436986	2.06207e-35	2.45497e-27	1050	2.45497e-27	0 2.19999e+07 5e+06 	2.69999e+07	6.33482	6.55445	12703.2	670	0.0979481	0	4.029	1.02
224.6	0.0031816	0.00119867	31569.2	1050	105	31249.5	21.468	21.468	85.8722	85.8722	0 33717.8 3447.13 	37165	0.00438026	1.93114e-35	2.30457e-27	1050	2.30457e-27	0 2.21049e+07 5e+06 	2.71049e+07	6.37136	6.55445	12703.2	670	0.0981599	0	4.029	1.02
224.8	0.003188	0.00118262	31133.3	1050	105	30813.5	21.4836	21.4836	85.9343	85.9343	0 34244 3479.75 	37723.7	0.00437062	1.81683e-35	2.16339e-27	1050	2.16339e-27	0 2.20076e+07 5e+06 	2.70076e+07	6.33307	6.55445	12703.2	670	0.097721	0	4.029	1.02
225	0.00318187	0.00119915	31586.2	1050	105	31266.2	21.4992	21.4992	85.997	85.997	0 33707.2 3437.06 	37144.2	0.00438102	1.70148e-35	2.03085e-27	1050	2.03085e-27	0 2.21125e+07 5e+06 	2.71125e+07	6.36971	6.55445	12703.2	670	0.0979261	0	4.029	1.02
225.2	0.00318829	0.0011831	31150.1	1050	105	30830	21.5148	21.5148	86.0592	86.0592	0 34233.4 3469.82 	37703.3	0.00437139	1.60076e-35	1.90643e-27	1050	1.90643e-27	0 2.20153e+07 5e+06 	2.70153e+07	6.33132	6.55445	12703.2	670	0.0974945	0	4.029	1.02
225.4	0.00318215	0.00119963	31603.3	1050	105	31282.9	21.5305	21.5305	86.122	86.122	0 33696.5 3427.03 	37123.5	0.00438178	1.49913e-35	1.78964e-27	1050	1.78964e-27	0 2.21201e+07 5e+06 	2.71201e+07	6.36806	6.55445	12703.2	670	0.0976929	0	4.029	1.02
225.6	0.00318858	0.00118357	31166.9	1050	105	30846.5	21.5461	21.5461	86.1843	86.1843	0 34222.9 3459.92 	37682.8	0.00437215	1.41039e-35	1.68e-27	1050	1.68e-27	0 2.20231e+07 5e+06 	2.70231e+07	6.32957	6.55445	12703.2	670	0.0972688	0	4.029	1.02
225.8	0.00318242	0.00120012	31620.3	1050	105	31299.7	21.5618	21.5618	86.2473	86.2473	0 33685.8 3417.03 	37102.9	0.00438254	1.32085e-35	1.57708e-27	1050	1.57708e-27	0 2.21278e+07 5e+06 	2.71278e+07	6.36642	6.55445	12703.2	670	0.0974604	0	4.029	1.02
226	0.00314174	0.00132603	35143.5	1050	105	34822.3	21.6138	21.6138	86.4553	86.4553	0 30097.6 3252.32 	33349.9	0.00446776	1.21627e-35	1.48046e-27	1050	1.48046e-27	0 2.29968e+07 5e+06 	2.79968e+07	6.61694	6.55445	12703.2	670	0.103098	0	4.029	1.02
226.2	0.00316269	0.00126093	33316.5	1050	105	32995.3	21.6158	21.6158	86.4632	86.4632	0 31862.4 3319.32 	35181.7	0.00442362	1.15315e-35	1.38977e-27	1050	1.38977e-27	0 2.25447e+07 5e+06 	2.75447e+07	6.48629	6.55445	12703.2	670	0.099752	0	4.029	1.02
226.4	0.00316612	0.0012513	33049.8	1050	105	32728.5	21.6261	21.6261	86.5042	86.5042	0 32142.6 3328.25 	35470.8	0.00441742	1.08403e-35	1.30462e-27	1050	1.30462e-27	0 2.24814e+07 5e+06 	2.74814e+07	6.46524	6.55445	12703.2	670	0.0992195	0	4.029	1.02
226.6	0.00317854	0.00121584	32068.3	1050	105	31746.9	21.6362	21.6362	86.5448	86.5448	0 33209.7 3380.76 	36590.5	0.00439438	1.02295e-35	1.2247e-27	1050	1.2247e-27	0 2.22475e+07 5e+06 	2.72475e+07	6.38976	6.55445	12703.2	670	0.097792	0	4.029	1.02
226.8	0.00317652	0.00122195	32238.2	1050	105	31916.7	21.6498	21.6498	86.5993	86.5993	0 33022.6 3364.24 	36386.9	0.00439847	9.59391e-36	1.14967e-27	1050	1.14967e-27	0 2.22889e+07 5e+06 	2.72889e+07	6.40197	6.55445	12703.2	670	0.09783	0	4.029	1.02
227	0.00318546	0.00119816	31585.9	1050	105	31264.3	21.6633	21.6633	86.6533	86.6533	0 33773.1 3406.88 	37180	0.00438362	9.03667e-36	1.07924e-27	1050	1.07924e-27	0 2.21387e+07 5e+06 	2.71387e+07	6.34821	6.55445	12703.2	670	0.0970651	0	4.029	1.02
227.2	0.0031809	0.0012106	31928.1	1050	105	31606.3	21.6783	21.6783	86.7133	86.7133	0 33378.1 3374.6 	36752.7	0.00439151	8.46781e-36	1.01312e-27	1050	1.01312e-27	0 2.22185e+07 5e+06 	2.72185e+07	6.37552	6.55445	12703.2	670	0.0971872	0	4.029	1.02
227.4	0.00314174	0.00133257	35347.1	1050	105	35024.8	21.7296	21.7296	86.9184	86.9184	0 29949.8 3222.13 	33172	0.0044743	7.80196e-36	9.51053e-28	1050	9.51053e-28	0 2.30642e+07 5e+06 	2.80642e+07	6.61696	6.55445	12703.2	670	0.102733	0	4.029	1.02
227.6	0.00316304	0.00126596	33474.7	1050	105	33152.4	21.7313	21.7313	86.9254	86.9254	0 31739.3 3287.59 	35026.9	0.00442901	7.39889e-36	8.92789e-28	1050	8.92789e-28	0 2.25996e+07 5e+06 	2.75996e+07	6.48414	6.55445	12703.2	670	0.0992676	0	4.029	1.02
227.8	0.00316667	0.00125548	33183.4	1050	105	32860.9	21.7415	21.7415	86.9662	86.9662	0 32041.1 3296.42 	35337.5	0.00442215	6.95637e-36	8.38094e-28	1050	8.38094e-28	0 2.25296e+07 5e+06 	2.75296e+07	6.46186	6.55445	12703.2	670	0.0986681	0	4.029	1.02
228	0.0031793	0.00121932	32181.2	1050	105	31858.7	21.7516	21.7516	87.0065	87.0065	0 33122.8 3348.81 	36471.7	0.00439861	6.56515e-36	7.8675e-28	1050	7.8675e-28	0 2.22904e+07 5e+06 	2.72904e+07	6.3852	6.55445	12703.2	670	0.097209	0	4.029	1.02
228.2	0.00317733	0.00122505	32340.3	1050	105	32017.7	21.7653	21.7653	87.0611	87.0611	0 32947.4 3332.19 	36279.6	0.00440239	6.15767e-36	7.38551e-28	1050	7.38551e-28	0 2.23287e+07 5e+06 	2.73287e+07	6.39704	6.55445	12703.2	670	0.0972046	0	4.029	1.02
228.4	0.0031864	0.00120091	31677.9	1050	105	31355.1	21.7788	21.7788	87.1153	87.1153	0 33705.7 3374.97 	37080.7	0.00438731	5.80029e-36	6.93305e-28	1050	6.93305e-28	0 2.21761e+07 5e+06 	2.71761e+07	6.34258	6.55445	12703.2	670	0.096436	0	4.029	1.02
228.6	0.00318183	0.00121319	32015	1050	105	31692	21.7939	21.7939	87.1756	87.1756	0 33316.6 3342.29 	36658.9	0.00439501	5.4354e-36	6.50831e-28	1050	6.50831e-28	0 2.2254e+07 5e+06 	2.7254e+07	6.36998	6.55445	12703.2	670	0.0965184	0	4.029	1.02
228.8	0.00314258	0.00133513	35434.8	1050	105	35111.4	21.8455	21.8455	87.3821	87.3821	0 29900.4 3190.71 	33091.1	0.00447771	5.00819e-36	6.10959e-28	1050	6.10959e-28	0 2.30993e+07 5e+06 	2.80993e+07	6.61164	6.55445	12703.2	670	0.101984	0	4.029	1.02
229	0.00316389	0.00126832	33555	1050	105	33231.6	21.8473	21.8473	87.3893	87.3893	0 31688.7 3254.67 	34943.3	0.00443221	4.74963e-36	5.7353e-28	1050	5.7353e-28	0 2.26323e+07 5e+06 	2.76323e+07	6.47894	6.55445	12703.2	670	0.0985095	0	4.029	1.02
229.2	0.00316754	0.0012577	33259.4	1050	105	32935.8	21.8576	21.8576	87.4303	87.4303	0 31993.3 3263.26 	35256.6	0.00442524	4.46567e-36	5.38394e-28	1050	5.38394e-28	0 2.25611e+07 5e+06 	2.75611e+07	6.45655	6.55445	12703.2	670	0.0978993	0	4.029	1.02
229.4	0.00318025	0.00122137	32252.3	1050	105	31928.6	21.8677	21.8677	87.4708	87.4708	0 33077.1 3315.75 	36392.8	0.00440162	4.21458e-36	5.0541e-28	1050	5.0541e-28	0 2.2321e+07 5e+06 	2.7321e+07	6.37943	6.55445	12703.2	670	0.0964619	0	4.029	1.02
229.6	0.00317827	0.00122707	32410.1	1050	105	32086.2	21.8814	21.8814	87.5257	87.5257	0 32903 3298.85 	36201.9	0.00440533	3.95306e-36	4.74447e-28	1050	4.74447e-28	0 2.23586e+07 5e+06 	2.73586e+07	6.3914	6.55445	12703.2	670	0.0964397	0	4.029	1.02
229.8	0.00318741	0.00120283	31745	1050	105	31421	21.895	21.895	87.5801	87.5801	0 33662.6 3341.94 	37004.6	0.00439024	3.72364e-36	4.45381e-28	1050	4.45381e-28	0 2.22057e+07 5e+06 	2.72057e+07	6.33654	6.55445	12703.2	670	0.0956944	0	4.029	1.02
230	0.00318278	0.00121511	32081.8	1050	105	31757.7	21.9102	21.9102	87.6407	87.6407	0 33274 3308.84 	36582.9	0.00439789	3.48944e-36	4.18096e-28	1050	4.18096e-28	0 2.22831e+07 5e+06 	2.72831e+07	6.36424	6.55445	12703.2	670	0.095752	0	4.029	1.02
230.2	0.00314341	0.00133718	35506.6	1050	105	35182	21.9622	21.9622	87.8487	87.8487	0 29862.3 3157.83 	33020.2	0.00448059	3.2152e-36	3.92482e-28	1050	3.92482e-28	0 2.3129e+07 5e+06 	2.8129e+07	6.6064	6.55445	12703.2	670	0.101137	0	4.029	1.02
230.4	0.00316472	0.00127025	33622	1050	105	33297.4	21.964	21.964	87.856	87.856	0 31648.9 3220.7 	34869.6	0.00443498	3.04927e-36	3.68437e-28	1050	3.68437e-28	0 2.26605e+07 5e+06 	2.76605e+07	6.47381	6.55445	12703.2	670	0.0976758	0	4.029	1.02
230.6	0.0031684	0.00125955	33324.1	1050	105	32999.3	21.9743	21.9743	87.8972	87.8972	0 31954.8 3229.23 	35184.1	0.00442795	2.867e-36	3.45866e-28	1050	3.45866e-28	0 2.25888e+07 5e+06 	2.75888e+07	6.45131	6.55445	12703.2	670	0.0970668	0	4.029	1.02
230.8	0.0031812	0.00122311	32313.9	1050	105	31989	21.9845	21.9845	87.938	87.938	0 33039.8 3282.02 	36321.8	0.00440432	2.7058e-36	3.24677e-28	1050	3.24677e-28	0 2.23483e+07 5e+06 	2.73483e+07	6.37372	6.55445	12703.2	670	0.0956629	0	4.029	1.02
231	0.00317919	0.00122881	32471.6	1050	105	32146.6	21.9983	21.9983	87.9931	87.9931	0 32865.8 3264.97 	36130.7	0.00440801	2.53791e-36	3.04786e-28	1050	3.04786e-28	0 2.23857e+07 5e+06 	2.73857e+07	6.38583	6.55445	12703.2	670	0.0956306	0	4.029	1.02
231.2	0.00314247	0.00134436	35722.2	1050	105	35396.7	22.0486	22.0486	88.1945	88.1945	0 29693.9 3132.83 	32826.7	0.00448683	2.34058e-36	2.86114e-28	1050	2.86114e-28	0 2.31935e+07 5e+06 	2.81935e+07	6.61234	6.55445	12703.2	670	0.100946	0	4.029	1.02
231.4	0.00316439	0.00127524	33773.1	1050	105	33447.6	22.05	22.05	88.1998	88.1998	0 31521.9 3195.36 	34717.2	0.00443963	2.22055e-36	2.68586e-28	1050	2.68586e-28	0 2.27081e+07 5e+06 	2.77081e+07	6.47587	6.55445	12703.2	670	0.0973428	0	4.029	1.02
231.6	0.00316839	0.00126339	33442.3	1050	105	33116.7	22.0601	22.0601	88.2403	88.2403	0 31857.9 3204.59 	35062.5	0.00443178	2.0882e-36	2.52131e-28	1050	2.52131e-28	0 2.26279e+07 5e+06 	2.76279e+07	6.45133	6.55445	12703.2	670	0.0966679	0	4.029	1.02
231.8	0.00318148	0.00122604	32406	1050	105	32080.3	22.0701	22.0701	88.2803	88.2803	0 32963.8 3257.68 	36221.5	0.00440752	1.97106e-36	2.36685e-28	1050	2.36685e-28	0 2.23808e+07 5e+06 	2.73808e+07	6.37209	6.55445	12703.2	670	0.0952241	0	4.029	1.02
232	0.0031796	0.00123127	32550.4	1050	105	32224.6	22.0838	22.0838	88.3354	88.3354	0 32804.6 3241.19 	36045.7	0.00441087	1.84891e-36	2.22185e-28	1050	2.22185e-28	0 2.24148e+07 5e+06 	2.74148e+07	6.38337	6.55445	12703.2	670	0.0951643	0	4.029	1.02
232.2	0.00314297	0.00134644	35791.9	1050	105	35465.5	22.1343	22.1343	88.5372	88.5372	0 29652.9 3110.59 	32763.4	0.00448942	1.70527e-36	2.08573e-28	1050	2.08573e-28	0 2.32202e+07 5e+06 	2.82202e+07	6.60914	6.55445	12703.2	670	0.100425	0	4.029	1.02
232.4	0.00316493	0.00127707	33834.5	1050	105	33508.1	22.1356	22.1356	88.5426	88.5426	0 31482.2 3172.15 	34654.3	0.004442	1.61789e-36	1.95795e-28	1050	1.95795e-28	0 2.27323e+07 5e+06 	2.77323e+07	6.47253	6.55445	12703.2	670	0.0968114	0	4.029	1.02
232.6	0.00316897	0.00126506	33499.1	1050	105	33172.7	22.1458	22.1458	88.5831	88.5831	0 31821.5 3181.28 	35002.8	0.00443403	1.5215e-36	1.838e-28	1050	1.838e-28	0 2.26509e+07 5e+06 	2.76509e+07	6.4478	6.55445	12703.2	670	0.0961276	0	4.029	1.02
232.8	0.00318213	0.00122756	32458.2	1050	105	32131.7	22.1558	22.1558	88.6232	88.6232	0 32929.8 3234.49 	36164.3	0.00440969	1.43617e-36	1.7254e-28	1050	1.7254e-28	0 2.24029e+07 5e+06 	2.74029e+07	6.36813	6.55445	12703.2	670	0.0946987	0	4.029	1.02
233	0.00318025	0.00123274	32601.2	1050	105	32274.5	22.1696	22.1696	88.6784	88.6784	0 32772.1 3217.85 	35989.9	0.00441298	1.34718e-36	1.6197e-28	1050	1.6197e-28	0 2.24363e+07 5e+06 	2.74363e+07	6.37947	6.55445	12703.2	670	0.0946265	0	4.029	1.02
233.2	0.00314356	0.00134797	35845.1	1050	105	35517.9	22.2203	22.2203	88.8812	88.8812	0 29624.8 3087.75 	32712.5	0.00449153	1.24253e-36	1.52047e-28	1050	1.52047e-28	0 2.32421e+07 5e+06 	2.82421e+07	6.60546	6.55445	12703.2	670	0.0998354	0	4.029	1.02
233.4	0.00316552	0.00127849	33883.8	1050	105	33556.6	22.2217	22.2217	88.8866	88.8866	0 31452.9 3148.51 	34601.4	0.00444401	1.17888e-36	1.42732e-28	1050	1.42732e-28	0 2.2753e+07 5e+06 	2.7753e+07	6.46891	6.55445	12703.2	670	0.0962301	0	4.029	1.02
233.6	0.00316958	0.00126643	33546.6	1050	105	33219.3	22.2318	22.2318	88.9273	88.9273	0 31793.3 3157.58 	34950.8	0.004436	1.10866e-36	1.33988e-28	1050	1.33988e-28	0 2.2671e+07 5e+06 	2.7671e+07	6.4441	6.55445	12703.2	670	0.0955468	0	4.029	1.02
233.8	0.00318281	0.00122884	32503.3	1050	105	32175.8	22.2419	22.2419	88.9675	88.9675	0 32902.6 3211.02 	36113.6	0.00441164	1.04649e-36	1.25779e-28	1050	1.25779e-28	0 2.24227e+07 5e+06 	2.74227e+07	6.36408	6.55445	12703.2	670	0.0941419	0	4.029	1.02
234	0.0031809	0.00123401	32646.1	1050	105	32318.6	22.2557	22.2557	89.0228	89.0228	0 32744.9 3194.25 	35939.2	0.00441492	9.81646e-37	1.18074e-28	1050	1.18074e-28	0 2.2456e+07 5e+06 	2.7456e+07	6.37552	6.55445	12703.2	670	0.0940619	0	4.029	1.02
234.2	0.00314414	0.00134934	35893.6	1050	105	35565.6	22.3066	22.3066	89.2266	89.2266	0 29600 3064.54 	32664.5	0.00449348	9.05396e-37	1.1084e-28	1050	1.1084e-28	0 2.32623e+07 5e+06 	2.82623e+07	6.60181	6.55445	12703.2	670	0.0992192	0	4.029	1.02
234.4	0.00316611	0.00127979	33929.3	1050	105	33601.2	22.308	22.308	89.2321	89.2321	0 31426.8 3124.63 	34551.4	0.0044459	8.59025e-37	1.0405e-28	1050	1.0405e-28	0 2.27723e+07 5e+06 	2.77723e+07	6.46532	6.55445	12703.2	670	0.0956284	0	4.029	1.02
234.6	0.00317018	0.00126768	33590.8	1050	105	33262.6	22.3182	22.3182	89.2729	89.2729	0 31767.8 3133.7 	34901.5	0.00443786	8.07858e-37	9.76754e-29	1050	9.76754e-29	0 2.269e+07 5e+06 	2.769e+07	6.44043	6.55445	12703.2	670	0.0949492	0	4.029	1.02
234.8	0.00318348	0.00123002	32545.5	1050	105	32217.2	22.3283	22.3283	89.3132	89.3132	0 32877.8 3187.43 	36065.2	0.0044135	7.62552e-37	9.16915e-29	1050	9.16915e-29	0 2.24416e+07 5e+06 	2.74416e+07	6.36005	6.55445	12703.2	670	0.0935719	0	4.029	1.02
235	0.00318156	0.00123522	32688.7	1050	105	32360.3	22.3422	22.3422	89.3687	89.3687	0 32719.8 3170.57 	35890.3	0.00441677	7.15306e-37	8.60742e-29	1050	8.60742e-29	0 2.24749e+07 5e+06 	2.74749e+07	6.37159	6.55445	12703.2	670	0.0934864	0	4.029	1.02
235.2	0.00314471	0.00135066	35940.1	1050	105	35611.1	22.3933	22.3933	89.5733	89.5733	0 29576.6 3041.2 	32617.8	0.00449536	6.59745e-37	8.08011e-29	1050	8.08011e-29	0 2.32818e+07 5e+06 	2.82818e+07	6.59822	6.55445	12703.2	670	0.098591	0	4.029	1.02
235.4	0.00316669	0.00128103	33972.9	1050	105	33644	22.3947	22.3947	89.5789	89.5789	0 31402.1 3100.71 	34502.8	0.00444772	6.25961e-37	7.58509e-29	1050	7.58509e-29	0 2.2791e+07 5e+06 	2.7791e+07	6.46175	6.55445	12703.2	670	0.0950184	0	4.029	1.02
235.6	0.00317078	0.00126889	33633.4	1050	105	33304.4	22.4049	22.4049	89.6198	89.6198	0 31743.6 3109.82 	34853.4	0.00443967	5.88678e-37	7.12041e-29	1050	7.12041e-29	0 2.27085e+07 5e+06 	2.77085e+07	6.43678	6.55445	12703.2	670	0.094345	0	4.029	1.02
235.8	0.00318415	0.00123117	32586.4	1050	105	32257.3	22.415	22.415	89.6602	89.6602	0 32854.2 3163.89 	36018.1	0.00441532	5.55662e-37	6.68419e-29	1050	6.68419e-29	0 2.24601e+07 5e+06 	2.74601e+07	6.35602	6.55445	12703.2	670	0.0929974	0	4.029	1.02
236	0.00318221	0.00123638	32730.1	1050	105	32400.8	22.429	22.429	89.7158	89.7158	0 32695.7 3146.94 	35842.6	0.00441859	5.21234e-37	6.2747e-29	1050	6.2747e-29	0 2.24934e+07 5e+06 	2.74934e+07	6.36768	6.55445	12703.2	670	0.0929073	0	4.029	1.02
236.2	0.00314527	0.00135194	35985.5	1050	105	35655.7	22.4803	22.4803	89.9214	89.9214	0 29553.9 3017.86 	32571.7	0.00449721	4.80748e-37	5.89029e-29	1050	5.89029e-29	0 2.33009e+07 5e+06 	2.83009e+07	6.59467	6.55445	12703.2	670	0.097958	0	4.029	1.02
236.4	0.00316727	0.00128224	34015.6	1050	105	33685.8	22.4818	22.4818	89.9271	89.9271	0 31378.2 3076.85 	34455.1	0.00444951	4.56133e-37	5.52943e-29	1050	5.52943e-29	0 2.28093e+07 5e+06 	2.78093e+07	6.4582	6.55445	12703.2	670	0.0944057	0	4.029	1.02
236.6	0.00317138	0.00127007	33675.2	1050	105	33345.3	22.492	22.492	89.968	89.968	0 31720 3086.02 	34806	0.00444145	4.28967e-37	5.19068e-29	1050	5.19068e-29	0 2.27267e+07 5e+06 	2.77267e+07	6.43314	6.55445	12703.2	670	0.0937393	0	4.029	1.02
236.8	0.00318483	0.00123229	32626.6	1050	105	32296.6	22.5021	22.5021	90.0085	90.0085	0 32831.2 3140.45 	35971.7	0.00441711	4.04906e-37	4.87268e-29	1050	4.87268e-29	0 2.24783e+07 5e+06 	2.74783e+07	6.352	6.55445	12703.2	670	0.0924225	0	4.029	1.02
237	0.00318286	0.00123753	32771	1050	105	32440.9	22.5161	22.5161	90.0643	90.0643	0 32672 3123.43 	35795.5	0.00442039	3.79818e-37	4.57417e-29	1050	4.57417e-29	0 2.25117e+07 5e+06 	2.75117e+07	6.36378	6.55445	12703.2	670	0.0923285	0	4.029	1.02
237.2	0.00314583	0.0013532	36030.4	1050	105	35699.7	22.5677	22.5677	90.2707	90.2707	0 29531.5 2994.58 	32526.1	0.00449903	3.50317e-37	4.29394e-29	1050	4.29394e-29	0 2.33198e+07 5e+06 	2.83198e+07	6.59116	6.55445	12703.2	670	0.0973237	0	4.029	1.02
237.4	0.00316785	0.00128344	34057.8	1050	105	33727.1	22.5691	22.5691	90.2764	90.2764	0 31354.8 3053.12 	34407.9	0.00445129	3.32383e-37	4.03088e-29	1050	4.03088e-29	0 2.28275e+07 5e+06 	2.78275e+07	6.45466	6.55445	12703.2	670	0.0937935	0	4.029	1.02
237.6	0.00317197	0.00127124	33716.7	1050	105	33385.9	22.5794	22.5794	90.3175	90.3175	0 31696.8 3062.34 	34759.2	0.00444321	3.12587e-37	3.78394e-29	1050	3.78394e-29	0 2.27448e+07 5e+06 	2.77448e+07	6.42952	6.55445	12703.2	670	0.0931347	0	4.029	1.02
237.8	0.0031855	0.0012334	32666.6	1050	105	32335.7	22.5895	22.5895	90.358	90.358	0 32808.6 3117.17 	35925.8	0.00441889	2.95052e-37	3.55212e-29	1050	3.55212e-29	0 2.24965e+07 5e+06 	2.74965e+07	6.34798	6.55445	12703.2	670	0.0918495	0	4.029	1.02
238	0.00318351	0.00123867	32811.7	1050	105	32480.7	22.6035	22.6035	90.4139	90.4139	0 32648.7 3100.07 	35748.7	0.00442218	2.7677e-37	3.33451e-29	1050	3.33451e-29	0 2.25299e+07 5e+06 	2.75299e+07	6.35988	6.55445	12703.2	670	0.0917518	0	4.029	1.02
238.2	0.00314638	0.00135446	36075.1	1050	105	35743.6	22.6553	22.6553	90.6212	90.6212	0 29509.2 2971.4 	32480.6	0.00450085	2.55273e-37	3.13023e-29	1050	3.13023e-29	0 2.33386e+07 5e+06 	2.83386e+07	6.58768	6.55445	12703.2	670	0.09669	0	4.029	1.02
238.4	0.00316843	0.00128462	34099.7	1050	105	33768.1	22.6568	22.6568	90.627	90.627	0 31331.6 3029.52 	34361.1	0.00445305	2.42207e-37	2.93846e-29	1050	2.93846e-29	0 2.28456e+07 5e+06 	2.78456e+07	6.45113	6.55445	12703.2	670	0.0931832	0	4.029	1.02
238.6	0.00317257	0.0012724	33757.9	1050	105	33426.2	22.667	22.667	90.6681	90.6681	0 31673.8 3038.82 	34712.6	0.00444497	2.27781e-37	2.75844e-29	1050	2.75844e-29	0 2.27628e+07 5e+06 	2.77628e+07	6.4259	6.55445	12703.2	670	0.0925323	0	4.029	1.02
238.8	0.00318617	0.0012345	32706.3	1050	105	32374.6	22.6772	22.6772	90.7088	90.7088	0 32786.2 3094.05 	35880.2	0.00442067	2.15002e-37	2.58945e-29	1050	2.58945e-29	0 2.25146e+07 5e+06 	2.75146e+07	6.34396	6.55445	12703.2	670	0.0912795	0	4.029	1.02
239	0.00318416	0.0012398	32852.3	1050	105	32520.4	22.6912	22.6912	90.7648	90.7648	0 32625.4 3076.88 	35702.3	0.00442396	2.0168e-37	2.43081e-29	1050	2.43081e-29	0 2.25481e+07 5e+06 	2.75481e+07	6.35598	6.55445	12703.2	670	0.0911781	0	4.029	1.02
239.2	0.00314693	0.00135572	36119.7	1050	105	35787.3	22.7433	22.7433	90.973	90.973	0 29487 2948.33 	32435.3	0.00450265	1.86016e-37	2.28189e-29	1050	2.28189e-29	0 2.33574e+07 5e+06 	2.83574e+07	6.58423	6.55445	12703.2	670	0.0960579	0	4.029	1.02
239.4	0.00316901	0.0012858	34141.5	1050	105	33809	22.7447	22.7447	90.9788	90.9788	0 31308.5 3006.08 	34314.6	0.00445481	1.76496e-37	2.1421e-29	1050	2.1421e-29	0 2.28636e+07 5e+06 	2.78636e+07	6.44761	6.55445	12703.2	670	0.0925754	0	4.029	1.02
239.6	0.00317316	0.00127356	33799	1050	105	33466.5	22.755	22.755	91.02	91.02	0 31650.9 3015.46 	34666.4	0.00444672	1.65984e-37	2.01087e-29	1050	2.01087e-29	0 2.27807e+07 5e+06 	2.77807e+07	6.42229	6.55445	12703.2	670	0.0919328	0	4.029	1.02
239.8	0.00318684	0.0012356	32746.1	1050	105	32413.4	22.7652	22.7652	91.0607	91.0607	0 32763.9 3071.12 	35835	0.00442245	1.56671e-37	1.88767e-29	1050	1.88767e-29	0 2.25326e+07 5e+06 	2.75326e+07	6.33994	6.55445	12703.2	670	0.0907129	0	4.029	1.02
240	0.00318481	0.00124094	32892.9	1050	105	32560.1	22.7792	22.7792	91.1169	91.1169	0 32602.2 3053.87 	35656.1	0.00442575	1.46963e-37	1.77203e-29	1050	1.77203e-29	0 2.25663e+07 5e+06 	2.75663e+07	6.35209	6.55445	12703.2	670	0.0906078	0	4.029	1.02
240.2	0.00314748	0.00135698	36164.3	1050	105	35831	22.8315	22.8315	91.3259	91.3259	0 29464.8 2925.38 	32390.2	0.00450445	1.35549e-37	1.66347e-29	1050	1.66347e-29	0 2.33761e+07 5e+06 	2.83761e+07	6.58081	6.55445	12703.2	670	0.0954278	0	4.029	1.02
240.4	0.00316958	0.00128698	34183.2	1050	105	33849.9	22.833	22.833	91.3318	91.3318	0 31285.5 2982.8 	34268.3	0.00445656	1.28612e-37	1.56156e-29	1050	1.56156e-29	0 2.28816e+07 5e+06 	2.78816e+07	6.44409	6.55445	12703.2	670	0.0919707	0	4.029	1.02
240.6	0.00317376	0.00127472	33840.1	1050	105	33506.7	22.8433	22.8433	91.373	91.373	0 31628.1 2992.26 	34620.4	0.00444847	1.20953e-37	1.46589e-29	1050	1.46589e-29	0 2.27987e+07 5e+06 	2.77987e+07	6.41868	6.55445	12703.2	670	0.0913366	0	4.029	1.02
240.8	0.0031436	0.00137283	36625.5	1050	105	36291.6	22.8905	22.8905	91.5619	91.5619	0 29088.7 2906.32 	31995	0.00451643	1.11834e-37	1.37609e-29	1050	1.37609e-29	0 2.35005e+07 5e+06 	2.85005e+07	6.60521	6.55445	12703.2	670	0.0960151	0	4.029	1.02
241	0.00316726	0.0012971	34476.8	1050	105	34142.9	22.8905	22.8905	91.562	91.562	0 31018.7 2963.38 	33982.1	0.00446436	1.06207e-37	1.29179e-29	1050	1.29179e-29	0 2.29618e+07 5e+06 	2.79618e+07	6.45827	6.55445	12703.2	670	0.0921569	0	4.029	1.02
241.2	0.00317233	0.00128182	34047.9	1050	105	33713.9	22.9002	22.9002	91.6009	91.6009	0 31438.6 2974.88 	34413.5	0.00445416	9.99292e-38	1.21265e-29	1050	1.21265e-29	0 2.2857e+07 5e+06 	2.7857e+07	6.42733	6.55445	12703.2	670	0.0913634	0	4.029	1.02
241.4	0.00318672	0.00124153	32927.6	1050	105	32593.5	22.9098	22.9098	91.6394	91.6394	0 32606.2 3031.43 	35637.7	0.00442824	9.43562e-38	1.13836e-29	1050	1.13836e-29	0 2.25918e+07 5e+06 	2.75918e+07	6.3407	6.55445	12703.2	670	0.0900371	0	4.029	1.02
241.6	0.00318511	0.00124563	33040.4	1050	105	32706.1	22.9237	22.9237	91.6948	91.6948	0 32482.4 3016.25 	35498.6	0.00443074	8.85257e-38	1.06862e-29	1050	1.06862e-29	0 2.26173e+07 5e+06 	2.76173e+07	6.3503	6.55445	12703.2	670	0.0898928	0	4.029	1.02
241.8	0.00314811	0.00136059	36283.7	1050	105	35948.9	22.976	22.976	91.9039	91.9039	0 29392.5 2890.98 	32283.5	0.0045087	8.16654e-38	1.00315e-29	1050	1.00315e-29	0 2.34202e+07 5e+06 	2.84202e+07	6.57683	6.55445	12703.2	670	0.094617	0	4.029	1.02
242	0.00317036	0.00129002	34284.7	1050	105	33950	22.9774	22.9774	91.9095	91.9095	0 31219 2947.43 	34166.4	0.00446038	7.74929e-38	9.41694e-30	1050	9.41694e-30	0 2.29209e+07 5e+06 	2.79209e+07	6.43937	6.55445	12703.2	670	0.0911501	0	4.029	1.02
242.2	0.00317462	0.00127746	33933	1050	105	33598.1	22.9877	22.9877	91.9506	91.9506	0 31568.6 2956.92 	34525.5	0.00445208	7.2881e-38	8.84003e-30	1050	8.84003e-30	0 2.28357e+07 5e+06 	2.78357e+07	6.41348	6.55445	12703.2	670	0.0905054	0	4.029	1.02
242.4	0.00314446	0.00137545	36716.2	1050	105	36380.8	23.0352	23.0352	92.1407	92.1407	0 29041.2 2871.99 	31913.2	0.00451991	6.73894e-38	8.29846e-30	1050	8.29846e-30	0 2.35368e+07 5e+06 	2.85368e+07	6.59976	6.55445	12703.2	670	0.0951159	0	4.029	1.02
242.6	0.00316816	0.0012995	34559.6	1050	105	34224.2	23.0352	23.0352	92.1408	92.1408	0 30970.2 2927.93 	33898.1	0.00446766	6.40008e-38	7.79007e-30	1050	7.79007e-30	0 2.29957e+07 5e+06 	2.79957e+07	6.45277	6.55445	12703.2	670	0.0912728	0	4.029	1.02
242.8	0.00317327	0.0012841	34126.8	1050	105	33791.4	23.0449	23.0449	92.1797	92.1797	0 31392.2 2939.36 	34331.5	0.00445737	6.02186e-38	7.31283e-30	1050	7.31283e-30	0 2.28899e+07 5e+06 	2.78899e+07	6.42164	6.55445	12703.2	670	0.0904821	0	4.029	1.02
243	0.00314414	0.00137921	36831.6	1050	105	36495.6	23.0918	23.0918	92.3671	92.3671	0 28959.1 2859.89 	31819	0.00452335	5.57048e-38	6.86482e-30	1050	6.86482e-30	0 2.35726e+07 5e+06 	2.85726e+07	6.60177	6.55445	12703.2	670	0.0950131	0	4.029	1.02
243.2	0.0031681	0.00130222	34643.8	1050	105	34307.9	23.0916	23.0916	92.3663	92.3663	0 30904.8 2915.12 	33819.9	0.00447032	5.29125e-38	6.44426e-30	1050	6.44426e-30	0 2.30231e+07 5e+06 	2.80231e+07	6.45316	6.55445	12703.2	670	0.0910952	0	4.029	1.02
243.4	0.00317336	0.00128626	34194.7	1050	105	33858.7	23.1012	23.1012	92.4049	92.4049	0 31340.3 2926.64 	34266.9	0.00445962	4.97901e-38	6.04947e-30	1050	6.04947e-30	0 2.2913e+07 5e+06 	2.7913e+07	6.42112	6.55445	12703.2	670	0.0902696	0	4.029	1.02
243.6	0.00314438	0.00138086	36885.9	1050	105	36549.4	23.1481	23.1481	92.5923	92.5923	0 28926.7 2848.21 	31774.9	0.00452524	4.6062e-38	5.67886e-30	1050	5.67886e-30	0 2.35923e+07 5e+06 	2.85923e+07	6.60025	6.55445	12703.2	670	0.0947645	0	4.029	1.02
243.8	0.00316838	0.00130362	34689.8	1050	105	34353.3	23.1478	23.1478	92.5914	92.5914	0 30874.6 2902.8 	33777.4	0.004472	4.37549e-38	5.33095e-30	1050	5.33095e-30	0 2.30404e+07 5e+06 	2.80404e+07	6.45141	6.55445	12703.2	670	0.0908306	0	4.029	1.02
244	0.00317368	0.0012875	34236.2	1050	105	33899.6	23.1575	23.1575	92.6299	92.6299	0 31313.2 2914.2 	34227.4	0.00446118	4.1174e-38	5.00436e-30	1050	5.00436e-30	0 2.29291e+07 5e+06 	2.79291e+07	6.41918	6.55445	12703.2	670	0.0899947	0	4.029	1.02
244.2	0.00314471	0.00138201	36925.4	1050	105	36588.4	23.2044	23.2044	92.8177	92.8177	0 28905.6 2836.11 	31741.7	0.00452672	3.80919e-38	4.69778e-30	1050	4.69778e-30	0 2.36078e+07 5e+06 	2.86078e+07	6.59819	6.55445	12703.2	670	0.094463	0	4.029	1.02
244.4	0.00316872	0.00130466	34725.5	1050	105	34388.4	23.2042	23.2042	92.8168	92.8168	0 30853.1 2890.18 	33743.3	0.00447339	3.61846e-38	4.40998e-30	1050	4.40998e-30	0 2.30547e+07 5e+06 	2.80547e+07	6.44933	6.55445	12703.2	670	0.0905287	0	4.029	1.02
244.6	0.00317403	0.00128848	34269.8	1050	105	33932.7	23.2138	23.2138	92.8554	92.8554	0 31292.9 2901.48 	34194.4	0.00446251	3.40506e-38	4.13981e-30	1050	4.13981e-30	0 2.29428e+07 5e+06 	2.79428e+07	6.41703	6.55445	12703.2	670	0.0896901	0	4.029	1.02
244.8	0.00314505	0.00138299	36959.5	1050	105	36621.9	23.2609	23.2609	93.0436	93.0436	0 28888.2 2823.63 	31711.9	0.00452804	3.1502e-38	3.88619e-30	1050	3.88619e-30	0 2.36215e+07 5e+06 	2.86215e+07	6.59607	6.55445	12703.2	670	0.0941341	0	4.029	1.02
245	0.00316907	0.00130557	34756.9	1050	105	34419.3	23.2607	23.2607	93.0427	93.0427	0 30835 2877.27 	33712.3	0.00447464	2.9925e-38	3.64811e-30	1050	3.64811e-30	0 2.30676e+07 5e+06 	2.80676e+07	6.44723	6.55445	12703.2	670	0.0902058	0	4.029	1.02
245.2	0.00317439	0.00128935	34299.9	1050	105	33962.2	23.2703	23.2703	93.0813	93.0813	0 31275.4 2888.52 	34163.9	0.00446373	2.81603e-38	3.42462e-30	1050	3.42462e-30	0 2.29553e+07 5e+06 	2.79553e+07	6.41488	6.55445	12703.2	670	0.089368	0	4.029	1.02
245.4	0.00314538	0.00138388	36990.7	1050	105	36652.6	23.3175	23.3175	93.2699	93.2699	0 28872.7 2810.89 	31683.6	0.00452926	2.60527e-38	3.21482e-30	1050	3.21482e-30	0 2.36342e+07 5e+06 	2.86342e+07	6.59398	6.55445	12703.2	670	0.0937885	0	4.029	1.02
245.6	0.00316941	0.0013064	34785.9	1050	105	34447.7	23.3173	23.3173	93.269	93.269	0 30818.8 2864.17 	33682.9	0.00447581	2.47487e-38	3.01787e-30	1050	3.01787e-30	0 2.30797e+07 5e+06 	2.80797e+07	6.44514	6.55445	12703.2	670	0.08987	0	4.029	1.02
245.8	0.00317474	0.00129015	34327.9	1050	105	33989.7	23.3269	23.3269	93.3076	93.3076	0 31259.5 2875.41 	34134.9	0.00446489	2.32894e-38	2.83298e-30	1050	2.83298e-30	0 2.29672e+07 5e+06 	2.79672e+07	6.41274	6.55445	12703.2	670	0.0890351	0	4.029	1.02
246	0.00314571	0.00138471	37020.2	1050	105	36681.4	23.3742	23.3742	93.4967	93.4967	0 28858.4 2797.99 	31656.4	0.00453042	2.15463e-38	2.65943e-30	1050	2.65943e-30	0 2.36464e+07 5e+06 	2.86464e+07	6.59191	6.55445	12703.2	670	0.0934323	0	4.029	1.02
246.2	0.00316975	0.00130718	34813.3	1050	105	34474.6	23.374	23.374	93.4958	93.4958	0 30803.6 2850.96 	33654.6	0.00447693	2.0468e-38	2.4965e-30	1050	2.4965e-30	0 2.30913e+07 5e+06 	2.80913e+07	6.44307	6.55445	12703.2	670	0.089526	0	4.029	1.02
246.4	0.00317509	0.0012909	34354.7	1050	105	34015.8	23.3836	23.3836	93.5344	93.5344	0 31244.6 2862.21 	34106.8	0.00446599	1.92611e-38	2.34356e-30	1050	2.34356e-30	0 2.29786e+07 5e+06 	2.79786e+07	6.41061	6.55445	12703.2	670	0.0886954	0	4.029	1.02
246.6	0.00314603	0.00138551	37048.4	1050	105	36709.1	23.431	23.431	93.724	93.724	0 28844.8 2784.99 	31629.8	0.00453154	1.78196e-38	2.19998e-30	1050	2.19998e-30	0 2.36581e+07 5e+06 	2.86581e+07	6.58987	6.55445	12703.2	670	0.0930694	0	4.029	1.02
246.8	0.00317009	0.00130793	34839.7	1050	105	34500.4	23.4308	23.4308	93.723	93.723	0 30789.3 2837.69 	33627	0.00447802	1.69278e-38	2.06521e-30	1050	2.06521e-30	0 2.31025e+07 5e+06 	2.81025e+07	6.44101	6.55445	12703.2	670	0.089177	0	4.029	1.02
247	0.00317544	0.00129163	34380.5	1050	105	34041.1	23.4404	23.4404	93.7616	93.7616	0 31230.4 2848.98 	34079.4	0.00446707	1.59297e-38	1.93869e-30	1050	1.93869e-30	0 2.29897e+07 5e+06 	2.79897e+07	6.4085	6.55445	12703.2	670	0.0883517	0	4.029	1.02
247.2	0.00314636	0.00138628	37075.9	1050	105	36736	23.4879	23.4879	93.9516	93.9516	0 28831.7 2771.95 	31603.6	0.00453264	1.47375e-38	1.81992e-30	1050	1.81992e-30	0 2.36695e+07 5e+06 	2.86695e+07	6.58784	6.55445	12703.2	670	0.0927023	0	4.029	1.02
247.4	0.00317042	0.00130866	34865.4	1050	105	34525.6	23.4877	23.4877	93.9507	93.9507	0 30775.5 2824.41 	33599.9	0.00447908	1.40001e-38	1.70842e-30	1050	1.70842e-30	0 2.31134e+07 5e+06 	2.81134e+07	6.43896	6.55445	12703.2	670	0.0888251	0	4.029	1.02
247.6	0.00317579	0.00129235	34405.8	1050	105	34065.8	23.4973	23.4973	93.9893	93.9893	0 31216.6 2835.74 	34052.4	0.00446813	1.31746e-38	1.60376e-30	1050	1.60376e-30	0 2.30006e+07 5e+06 	2.80006e+07	6.40639	6.55445	12703.2	670	0.0880058	0	4.029	1.02
247.8	0.00314668	0.00138704	37102.9	1050	105	36762.4	23.5449	23.5449	94.1797	94.1797	0 28818.9 2758.89 	31577.8	0.00453371	1.21886e-38	1.50551e-30	1050	1.50551e-30	0 2.36807e+07 5e+06 	2.86807e+07	6.58583	6.55445	12703.2	670	0.0923327	0	4.029	1.02
248	0.00317076	0.00130937	34890.7	1050	105	34550.3	23.5447	23.5447	94.1787	94.1787	0 30762 2811.13 	33573.1	0.00448013	1.15787e-38	1.41328e-30	1050	1.41328e-30	0 2.31242e+07 5e+06 	2.81242e+07	6.43692	6.55445	12703.2	670	0.0884717	0	4.029	1.02
248.2	0.00317613	0.00129304	34430.6	1050	105	34090.1	23.5543	23.5543	94.2173	94.2173	0 31203.2 2822.52 	34025.7	0.00446918	1.0896e-38	1.32669e-30	1050	1.32669e-30	0 2.30114e+07 5e+06 	2.80114e+07	6.40428	6.55445	12703.2	670	0.0876587	0	4.029	1.02
248.4	0.003147	0.00138778	37129.5	1050	105	36788.5	23.602	23.602	94.4082	94.4082	0 28806.4 2745.84 	31552.2	0.00453478	1.00805e-38	1.24542e-30	1050	1.24542e-30	0 2.36919e+07 5e+06 	2.86919e+07	6.58383	6.55445	12703.2	670	0.0919617	0	4.029	1.02
248.6	0.00317109	0.00131007	34915.6	1050	105	34574.6	23.6018	23.6018	94.4072	94.4072	0 30748.8 2797.88 	33546.7	0.00448116	9.57617e-39	1.16912e-30	1050	1.16912e-30	0 2.31349e+07 5e+06 	2.81349e+07	6.43488	6.55445	12703.2	670	0.0881177	0	4.029	1.02
248.8	0.00317648	0.00129373	34455.3	1050	105	34114.1	23.6114	23.6114	94.4458	94.4458	0 31189.9 2809.33 	33999.3	0.00447022	9.01152e-39	1.09749e-30	1050	1.09749e-30	0 2.30221e+07 5e+06 	2.80221e+07	6.40218	6.55445	12703.2	670	0.0873114	0	4.029	1.02
249	0.00314731	0.00138852	37155.9	1050	105	36814.3	23.6593	23.6593	94.637	94.637	0 28793.9 2732.8 	31526.7	0.00453583	8.33707e-39	1.03026e-30	1050	1.03026e-30	0 2.37029e+07 5e+06 	2.87029e+07	6.58184	6.55445	12703.2	670	0.0915902	0	4.029	1.02
249.2	0.00317143	0.00131076	34940.4	1050	105	34598.8	23.659	23.659	94.636	94.636	0 30735.7 2784.67 	33520.4	0.00448219	7.91998e-39	9.67142e-31	1050	9.67142e-31	0 2.31456e+07 5e+06 	2.81456e+07	6.43285	6.55445	12703.2	670	0.0877636	0	4.029	1.02
249.4	0.00317683	0.00129442	34479.7	1050	105	34138	23.6686	23.6686	94.6746	94.6746	0 31176.9 2796.18 	33973	0.00447125	7.45297e-39	9.07892e-31	1050	9.07892e-31	0 2.30327e+07 5e+06 	2.80327e+07	6.40009	6.55445	12703.2	670	0.0869643	0	4.029	1.02
249.6	0.00314763	0.00138925	37182.1	1050	105	36839.9	23.7166	23.7166	94.8662	94.8662	0 28781.6 2719.79 	31501.4	0.00453688	6.89516e-39	8.52272e-31	1050	8.52272e-31	0 2.37138e+07 5e+06 	2.87138e+07	6.57987	6.55445	12703.2	670	0.0912185	0	4.029	1.02
249.8	0.00317176	0.00131145	34964.9	1050	105	34622.8	23.7163	23.7163	94.8652	94.8652	0 30722.8 2771.5 	33494.3	0.00448321	6.55023e-39	8.00059e-31	1050	8.00059e-31	0 2.31561e+07 5e+06 	2.81561e+07	6.43081	6.55445	12703.2	670	0.08741	0	4.029	1.02
250	0.00317718	0.0012951	34504	1050	105	34161.8	23.7259	23.7259	94.9037	94.9037	0 31163.9 2783.07 	33946.9	0.00447227	6.16398e-39	7.51045e-31	1050	7.51045e-31	0 2.30433e+07 5e+06 	2.80433e+07	6.39799	6.55445	12703.2	670	0.0866178	0	4.029	1.02
250.2	0.00314794	0.00138998	37208.2	1050	105	36865.5	23.774	23.774	95.0958	95.0958	0 28769.4 2706.82 	31476.2	0.00453792	5.70265e-39	7.05034e-31	1050	7.05034e-31	0 2.37248e+07 5e+06 	2.87248e+07	6.5779	6.55445	12703.2	670	0.090847	0	4.029	1.02
250.4	0.0031721	0.00131214	34989.4	1050	105	34646.7	23.7737	23.7737	95.0947	95.0947	0 30710 2758.38 	33468.4	0.00448423	5.41738e-39	6.61841e-31	1050	6.61841e-31	0 2.31667e+07 5e+06 	2.81667e+07	6.42878	6.55445	12703.2	670	0.087057	0	4.029	1.02
250.6	0.00317752	0.00129578	34528.3	1050	105	34185.4	23.7833	23.7833	95.1333	95.1333	0 31151 2770.02 	33921	0.0044733	5.09793e-39	6.21295e-31	1050	6.21295e-31	0 2.30538e+07 5e+06 	2.80538e+07	6.3959	6.55445	12703.2	670	0.0862722	0	4.029	1.02
250.8	0.00314825	0.00139071	37234.2	1050	105	36890.9	23.8314	23.8314	95.3258	95.3258	0 28757.2 2693.88 	31451.1	0.00453896	4.71638e-39	5.83232e-31	1050	5.83232e-31	0 2.37356e+07 5e+06 	2.87356e+07	6.57594	6.55445	12703.2	670	0.090476	0	4.029	1.02
251	0.00317243	0.00131282	35013.8	1050	105	34670.5	23.8312	23.8312	95.3246	95.3246	0 30697.2 2745.3 	33442.5	0.00448525	4.48046e-39	5.47502e-31	1050	5.47502e-31	0 2.31772e+07 5e+06 	2.81772e+07	6.42675	6.55445	12703.2	670	0.0867048	0	4.029	1.02
251.2	0.00317787	0.00129645	34552.4	1050	105	34209	23.8408	23.8408	95.3632	95.3632	0 31138.1 2757.02 	33895.1	0.00447432	4.21625e-39	5.1396e-31	1050	5.1396e-31	0 2.30644e+07 5e+06 	2.80644e+07	6.39381	6.55445	12703.2	670	0.0859275	0	4.029	1.02
251.4	0.00314857	0.00139144	37260.2	1050	105	36916.3	23.889	23.889	95.5561	95.5561	0 28745 2680.98 	31426	0.00454	3.90069e-39	4.82473e-31	1050	4.82473e-31	0 2.37465e+07 5e+06 	2.87465e+07	6.57399	6.55445	12703.2	670	0.0901056	0	4.029	1.02
251.6	0.00317276	0.0013135	35038.2	1050	105	34694.3	23.8887	23.8887	95.5549	95.5549	0 30684.5 2732.29 	33416.8	0.00448627	3.70558e-39	4.52915e-31	1050	4.52915e-31	0 2.31877e+07 5e+06 	2.81877e+07	6.42473	6.55445	12703.2	670	0.0863537	0	4.029	1.02
251.8	0.00317821	0.00129713	34576.6	1050	105	34232.6	23.8984	23.8984	95.5935	95.5935	0 31125.3 2744.08 	33869.4	0.00447534	3.48705e-39	4.25168e-31	1050	4.25168e-31	0 2.30749e+07 5e+06 	2.80749e+07	6.39172	6.55445	12703.2	670	0.0855838	0	4.029	1.02
252	0.00314888	0.00139216	37286.2	1050	105	36941.7	23.9467	23.9467	95.7868	95.7868	0 28732.8 2668.12 	31401	0.00454104	3.22607e-39	3.99121e-31	1050	3.99121e-31	0 2.37573e+07 5e+06 	2.87573e+07	6.57205	6.55445	12703.2	670	0.0897359	0	4.029	1.02
252.2	0.0031731	0.00131418	35062.5	1050	105	34718	23.9464	23.9464	95.7855	95.7855	0 30671.9 2719.32 	33391.2	0.00448728	3.06471e-39	3.7467e-31	1050	3.7467e-31	0 2.31981e+07 5e+06 	2.81981e+07	6.4227	6.55445	12703.2	670	0.0860035	0	4.029	1.02
252.4	0.00317856	0.0012978	34600.7	1050	105	34256.2	23.956	23.956	95.8241	95.8241	0 31112.5 2731.19 	33843.7	0.00447636	2.88397e-39	3.51717e-31	1050	3.51717e-31	0 2.30854e+07 5e+06 	2.80854e+07	6.38964	6.55445	12703.2	670	0.0852413	0	4.029	1.02
252.6	0.00314918	0.00139289	37312.1	1050	105	36967.1	24.0044	24.0044	96.0178	96.0178	0 28720.7 2655.3 	31376	0.00454207	2.66813e-39	3.30169e-31	1050	3.30169e-31	0 2.37681e+07 5e+06 	2.87681e+07	6.57012	6.55445	12703.2	670	0.089367	0	4.029	1.02
252.8	0.00317343	0.00131486	35086.7	1050	105	34741.7	24.0041	24.0041	96.0165	96.0165	0 30659.3 2706.41 	33365.7	0.00448829	2.53468e-39	3.09942e-31	1050	3.09942e-31	0 2.32086e+07 5e+06 	2.82086e+07	6.42068	6.55445	12703.2	670	0.0856545	0	4.029	1.02
253	0.00317891	0.00129847	34624.9	1050	105	34279.7	24.0138	24.0138	96.055	96.055	0 31099.8 2718.36 	33818.2	0.00447738	2.3852e-39	2.90954e-31	1050	2.90954e-31	0 2.30959e+07 5e+06 	2.80959e+07	6.38755	6.55445	12703.2	670	0.0849	0	4.029	1.02
253.2	0.00314949	0.00139361	37338.1	1050	105	36992.4	24.0623	24.0623	96.2491	96.2491	0 28708.5 2642.53 	31351.1	0.0045431	2.20668e-39	2.73129e-31	1050	2.73129e-31	0 2.37789e+07 5e+06 	2.87789e+07	6.5682	6.55445	12703.2	670	0.0889989	0	4.029	1.02
253.4	0.00317376	0.00131554	35111	1050	105	34765.3	24.0619	24.0619	96.2478	96.2478	0 30646.7 2693.56 	33340.3	0.0044893	2.09632e-39	2.56397e-31	1050	2.56397e-31	0 2.32191e+07 5e+06 	2.82191e+07	6.41866	6.55445	12703.2	670	0.0853066	0	4.029	1.02
253.6	0.00317925	0.00129915	34649	1050	105	34303.3	24.0716	24.0716	96.2863	96.2863	0 31087.1 2705.58 	33792.7	0.0044784	1.97268e-39	2.40689e-31	1050	2.40689e-31	0 2.31064e+07 5e+06 	2.81064e+07	6.38546	6.55445	12703.2	670	0.08456	0	4.029	1.02
253.8	0.0031498	0.00139434	37364	1050	105	37017.8	24.1202	24.1202	96.4808	96.4808	0 28696.4 2629.8 	31326.2	0.00454413	1.82504e-39	2.25944e-31	1050	2.25944e-31	0 2.37897e+07 5e+06 	2.87897e+07	6.56629	6.55445	12703.2	670	0.0886317	0	4.029	1.02
254	0.0031741	0.00131622	35135.2	1050	105	34789	24.1199	24.1199	96.4794	96.4794	0 30634.2 2680.76 	33314.9	0.00449031	1.73377e-39	2.12102e-31	1050	2.12102e-31	0 2.32295e+07 5e+06 	2.82295e+07	6.41663	6.55445	12703.2	670	0.0849599	0	4.029	1.02
254.2	0.0031796	0.00129982	34673.1	1050	105	34326.8	24.1295	24.1295	96.5179	96.5179	0 31074.4 2692.87 	33767.2	0.00447942	1.63151e-39	1.99108e-31	1050	1.99108e-31	0 2.31169e+07 5e+06 	2.81169e+07	6.38338	6.55445	12703.2	670	0.0842211	0	4.029	1.02
254.4	0.0031501	0.00139506	37389.9	1050	105	37043.1	24.1782	24.1782	96.7128	96.7128	0 28684.3 2617.12 	31301.4	0.00454516	1.50941e-39	1.8691e-31	1050	1.8691e-31	0 2.38005e+07 5e+06 	2.88005e+07	6.56438	6.55445	12703.2	670	0.0882653	0	4.029	1.02
254.6	0.00317443	0.00131689	35159.4	1050	105	34812.6	24.1778	24.1778	96.7114	96.7114	0 30621.6 2668.02 	33289.7	0.00449132	1.43392e-39	1.75459e-31	1050	1.75459e-31	0 2.324e+07 5e+06 	2.824e+07	6.41461	6.55445	12703.2	670	0.0846144	0	4.029	1.02
254.8	0.00317994	0.00130049	34697.2	1050	105	34350.3	24.1875	24.1875	96.7498	96.7498	0 31061.7 2680.21 	33741.9	0.00448044	1.34935e-39	1.6471e-31	1050	1.6471e-31	0 2.31275e+07 5e+06 	2.81275e+07	6.3813	6.55445	12703.2	670	0.0838835	0	4.029	1.02
255	0.00315041	0.00139579	37415.8	1050	105	37068.4	24.2363	24.2363	96.9451	96.9451	0 28672.1 2604.48 	31276.6	0.00454619	1.24836e-39	1.54619e-31	1050	1.54619e-31	0 2.38113e+07 5e+06 	2.88113e+07	6.56248	6.55445	12703.2	670	0.0878999	0	4.029	1.02
255.2	0.00317476	0.00131757	35183.6	1050	105	34836.2	24.2359	24.2359	96.9436	96.9436	0 30609.2 2655.34 	33264.5	0.00449233	1.18593e-39	1.45147e-31	1050	1.45147e-31	0 2.32504e+07 5e+06 	2.82504e+07	6.41259	6.55445	12703.2	670	0.08427	0	4.029	1.02
255.4	0.00318029	0.00130116	34721.3	1050	105	34373.9	24.2455	24.2455	96.9821	96.9821	0 31049 2667.61 	33716.6	0.00448145	1.11598e-39	1.36255e-31	1050	1.36255e-31	0 2.3138e+07 5e+06 	2.8138e+07	6.37921	6.55445	12703.2	670	0.0835472	0	4.029	1.02
255.6	0.00315071	0.00139651	37441.7	1050	105	37093.7	24.2944	24.2944	97.1777	97.1777	0 28660 2591.88 	31251.9	0.00454722	1.03246e-39	1.27907e-31	1050	1.27907e-31	0 2.38221e+07 5e+06 	2.88221e+07	6.56059	6.55445	12703.2	670	0.0875354	0	4.029	1.02
255.8	0.0031751	0.00131824	35207.8	1050	105	34859.8	24.294	24.294	97.1762	97.1762	0 30596.7 2642.71 	33239.4	0.00449334	9.8083e-40	1.20071e-31	1050	1.20071e-31	0 2.32608e+07 5e+06 	2.82608e+07	6.41058	6.55445	12703.2	670	0.0839269	0	4.029	1.02
256	0.00318064	0.00130184	34745.4	1050	105	34397.4	24.3037	24.3037	97.2146	97.2146	0 31036.4 2655.07 	33691.4	0.00448247	9.22973e-40	1.12715e-31	1050	1.12715e-31	0 2.31485e+07 5e+06 	2.81485e+07	6.37713	6.55445	12703.2	670	0.0832121	0	4.029	1.02
256.2	0.00315101	0.00139724	37467.6	1050	105	37119.1	24.3527	24.3527	97.4107	97.4107	0 28647.9 2579.33 	31227.2	0.00454825	8.53899e-40	1.0581e-31	1050	1.0581e-31	0 2.38328e+07 5e+06 	2.88328e+07	6.55871	6.55445	12703.2	670	0.0871719	0	4.029	1.02
256.4	0.00317543	0.00131892	35231.9	1050	105	34883.4	24.3523	24.3523	97.4091	97.4091	0 30584.3 2630.13 	33214.4	0.00449435	8.112e-40	9.93278e-32	1050	9.93278e-32	0 2.32713e+07 5e+06 	2.82713e+07	6.40856	6.55445	12703.2	670	0.0835849	0	4.029	1.02
256.6	0.00318098	0.00130251	34769.6	1050	105	34421	24.3619	24.3619	97.4475	97.4475	0 31023.7 2642.58 	33666.3	0.00448349	7.63347e-40	9.32427e-32	1050	9.32427e-32	0 2.3159e+07 5e+06 	2.8159e+07	6.37505	6.55445	12703.2	670	0.0828783	0	4.029	1.02
256.8	0.00315131	0.00139796	37493.5	1050	105	37144.4	24.411	24.411	97.6439	97.6439	0 28635.7 2566.83 	31202.6	0.00454927	7.06221e-40	8.75303e-32	1050	8.75303e-32	0 2.38436e+07 5e+06 	2.88436e+07	6.55684	6.55445	12703.2	670	0.0868093	0	4.029	1.02
257	0.00317576	0.00131959	35256.1	1050	105	34907	24.4106	24.4106	97.6422	97.6422	0 30571.8 2617.62 	33189.5	0.00449535	6.70907e-40	8.2168e-32	1050	8.2168e-32	0 2.32817e+07 5e+06 	2.82817e+07	6.40655	6.55445	12703.2	670	0.0832441	0	4.029	1.02
257.2	0.00318133	0.00130318	34793.7	1050	105	34444.5	24.4202	24.4202	97.6807	97.6807	0 31011.1 2630.15 	33641.2	0.00448451	6.31328e-40	7.71341e-32	1050	7.71341e-32	0 2.31695e+07 5e+06 	2.81695e+07	6.37297	6.55445	12703.2	670	0.0825457	0	4.029	1.02
257.4	0.00315161	0.00139869	37519.4	1050	105	37169.7	24.4694	24.4694	97.8775	97.8775	0 28623.6 2554.37 	31178	0.0045503	5.84083e-40	7.24086e-32	1050	7.24086e-32	0 2.38543e+07 5e+06 	2.88543e+07	6.55497	6.55445	12703.2	670	0.0864476	0	4.029	1.02
257.6	0.00317609	0.00132026	35280.3	1050	105	34930.6	24.4689	24.4689	97.8757	97.8757	0 30559.4 2605.15 	33164.6	0.00449636	5.54878e-40	6.79727e-32	1050	6.79727e-32	0 2.32921e+07 5e+06 	2.82921e+07	6.40453	6.55445	12703.2	670	0.0829046	0	4.029	1.02
257.8	0.00318167	0.00130385	34817.9	1050	105	34468.1	24.4785	24.4785	97.9141	97.9141	0 30998.5 2617.78 	33616.2	0.00448553	5.22142e-40	6.38084e-32	1050	6.38084e-32	0 2.318e+07 5e+06 	2.818e+07	6.37089	6.55445	12703.2	670	0.0822144	0	4.029	1.02
258	0.00315191	0.00139942	37545.3	1050	105	37195.1	24.5278	24.5278	98.1113	98.1113	0 28611.4 2541.96 	31153.4	0.00455132	4.83068e-40	5.98993e-32	1050	5.98993e-32	0 2.3865e+07 5e+06 	2.8865e+07	6.55311	6.55445	12703.2	670	0.0860869	0	4.029	1.02
258.2	0.00317643	0.00132094	35304.4	1050	105	34954.1	24.5274	24.5274	98.1095	98.1095	0 30547.1 2592.75 	33139.8	0.00449736	4.58914e-40	5.62297e-32	1050	5.62297e-32	0 2.33025e+07 5e+06 	2.83025e+07	6.40252	6.55445	12703.2	670	0.0825662	0	4.029	1.02
258.4	0.00318202	0.00130453	34842	1050	105	34491.6	24.537	24.537	98.1478	98.1478	0 30985.9 2605.46 	33591.3	0.00448655	4.31839e-40	5.27849e-32	1050	5.27849e-32	0 2.31906e+07 5e+06 	2.81906e+07	6.36882	6.55445	12703.2	670	0.0818844	0	4.029	1.02
258.6	0.0031522	0.00140014	37571.3	1050	105	37220.4	24.5864	24.5864	98.3454	98.3454	0 28599.3 2529.59 	31128.9	0.00455234	3.99524e-40	4.95511e-32	1050	4.95511e-32	0 2.38758e+07 5e+06 	2.88758e+07	6.55126	6.55445	12703.2	670	0.0857272	0	4.029	1.02
258.8	0.00317676	0.00132161	35328.5	1050	105	34977.7	24.5859	24.5859	98.3435	98.3435	0 30534.7 2580.4 	33115.1	0.00449837	3.79548e-40	4.65155e-32	1050	4.65155e-32	0 2.3313e+07 5e+06 	2.8313e+07	6.40051	6.55445	12703.2	670	0.0822291	0	4.029	1.02
259	0.00318237	0.0013052	34866.2	1050	105	34515.2	24.5955	24.5955	98.3819	98.3819	0 30973.3 2593.2 	33566.5	0.00448756	3.57153e-40	4.36658e-32	1050	4.36658e-32	0 2.32011e+07 5e+06 	2.82011e+07	6.36674	6.55445	12703.2	670	0.0815556	0	4.029	1.02
259.2	0.0031525	0.00140087	37597.2	1050	105	37245.7	24.645	24.645	98.5798	98.5798	0 28587.1 2517.26 	31104.4	0.00455337	3.30428e-40	4.09907e-32	1050	4.09907e-32	0 2.38865e+07 5e+06 	2.88865e+07	6.54942	6.55445	12703.2	670	0.0853685	0	4.029	1.02
259.4	0.00317709	0.00132228	35352.7	1050	105	35001.2	24.6445	24.6445	98.5778	98.5778	0 30522.4 2568.1 	33090.5	0.00449938	3.13907e-40	3.84795e-32	1050	3.84795e-32	0 2.33234e+07 5e+06 	2.83234e+07	6.3985	6.55445	12703.2	670	0.0818932	0	4.029	1.02
259.6	0.00318271	0.00130587	34890.3	1050	105	34538.8	24.654	24.654	98.6162	98.6162	0 30960.7 2581 	33541.7	0.00448858	2.95385e-40	3.61221e-32	1050	3.61221e-32	0 2.32116e+07 5e+06 	2.82116e+07	6.36466	6.55445	12703.2	670	0.0812281	0	4.029	1.02
259.8	0.00315279	0.0014016	37623.1	1050	105	37271.1	24.7036	24.7036	98.8145	98.8145	0 28575 2504.99 	31080	0.00455439	2.73282e-40	3.39092e-32	1050	3.39092e-32	0 2.38972e+07 5e+06 	2.88972e+07	6.54758	6.55445	12703.2	670	0.0850107	0	4.029	1.02
260	0.00317742	0.00132296	35376.8	1050	105	35024.8	24.7031	24.7031	98.8124	98.8124	0 30510.1 2555.86 	33065.9	0.00450038	2.59619e-40	3.18318e-32	1050	3.18318e-32	0 2.33338e+07 5e+06 	2.83338e+07	6.39649	6.55445	12703.2	670	0.0815585	0	4.029	1.02
260.2	0.00318306	0.00130654	34914.5	1050	105	34562.4	24.7127	24.7127	98.8507	98.8507	0 30948.1 2568.85 	33516.9	0.0044896	2.44299e-40	2.98817e-32	1050	2.98817e-32	0 2.32222e+07 5e+06 	2.82222e+07	6.36259	6.55445	12703.2	670	0.0809019	0	4.029	1.02
260.4	0.00315309	0.00140232	37649.1	1050	105	37296.5	24.7624	24.7624	99.0494	99.0494	0 28562.8 2492.75 	31055.6	0.00455541	2.26019e-40	2.8051e-32	1050	2.8051e-32	0 2.39079e+07 5e+06 	2.89079e+07	6.54575	6.55445	12703.2	670	0.0846539	0	4.029	1.02
260.6	0.00317776	0.00132363	35400.9	1050	105	35048.3	24.7618	24.7618	99.0473	99.0473	0 30497.8 2543.67 	33041.5	0.00450138	2.14719e-40	2.63325e-32	1050	2.63325e-32	0 2.33442e+07 5e+06 	2.83442e+07	6.39448	6.55445	12703.2	670	0.0812249	0	4.029	1.02
260.8	0.0031834	0.00130722	34938.7	1050	105	34586	24.7714	24.7714	99.0856	99.0856	0 30935.5 2556.76 	33492.3	0.00449062	2.02048e-40	2.47193e-32	1050	2.47193e-32	0 2.32327e+07 5e+06 	2.82327e+07	6.36052	6.55445	12703.2	670	0.0805769	0	4.029	1.02
261	0.00315338	0.00140305	37675	1050	105	37321.8	24.8212	24.8212	99.2846	99.2846	0 28550.6 2480.57 	31031.2	0.00455643	1.8693e-40	2.32049e-32	1050	2.32049e-32	0 2.39187e+07 5e+06 	2.89187e+07	6.54393	6.55445	12703.2	670	0.0842981	0	4.029	1.02
261.2	0.00317809	0.0013243	35425.1	1050	105	35071.9	24.8206	24.8206	99.2824	99.2824	0 30485.5 2531.54 	33017	0.00450239	1.77585e-40	2.17833e-32	1050	2.17833e-32	0 2.33546e+07 5e+06 	2.83546e+07	6.39247	6.55445	12703.2	670	0.0808926	0	4.029	1.02
261.4	0.00318375	0.00130789	34962.9	1050	105	34609.6	24.8302	24.8302	99.3207	99.3207	0 30923 2544.73 	33467.7	0.00449164	1.67104e-40	2.04488e-32	1050	2.04488e-32	0 2.32432e+07 5e+06 	2.82432e+07	6.35844	6.55445	12703.2	670	0.0802531	0	4.029	1.02
261.6	0.00315367	0.00140378	37701	1050	105	37347.2	24.88	24.88	99.5201	99.5201	0 28538.5 2468.42 	31006.9	0.00455745	1.54602e-40	1.91961e-32	1050	1.91961e-32	0 2.39294e+07 5e+06 	2.89294e+07	6.54212	6.55445	12703.2	670	0.0839433	0	4.029	1.02
261.8	0.00317842	0.00132497	35449.2	1050	105	35095.4	24.8794	24.8794	99.5178	99.5178	0 30473.2 2519.46 	32992.7	0.00450339	1.46872e-40	1.80201e-32	1050	1.80201e-32	0 2.33651e+07 5e+06 	2.83651e+07	6.39047	6.55445	12703.2	670	0.0805615	0	4.029	1.02
262	0.0031841	0.00130856	34987.1	1050	105	34633.3	24.889	24.889	99.556	99.556	0 30910.4 2532.75 	33443.2	0.00449266	1.38204e-40	1.69161e-32	1050	1.69161e-32	0 2.32538e+07 5e+06 	2.82538e+07	6.35637	6.55445	12703.2	670	0.0799307	0	4.029	1.02
262.2	0.00315396	0.00140451	37727	1050	105	37372.6	24.9389	24.9389	99.7558	99.7558	0 28526.3 2456.33 	30982.6	0.00455847	1.27864e-40	1.58798e-32	1050	1.58798e-32	0 2.39401e+07 5e+06 	2.89401e+07	6.54031	6.55445	12703.2	670	0.0835895	0	4.029	1.02
262.4	0.00317875	0.00132564	35473.3	1050	105	35118.9	24.9384	24.9384	99.7534	99.7534	0 30461 2507.44 	32968.4	0.0045044	1.21472e-40	1.49069e-32	1050	1.49069e-32	0 2.33755e+07 5e+06 	2.83755e+07	6.38846	6.55445	12703.2	670	0.0802317	0	4.029	1.02
262.6	0.00318444	0.00130924	35011.4	1050	105	34656.9	24.9479	24.9479	99.7916	99.7916	0 30897.9 2520.82 	33418.7	0.00449368	1.14302e-40	1.39937e-32	1050	1.39937e-32	0 2.32644e+07 5e+06 	2.82644e+07	6.3543	6.55445	12703.2	670	0.0796094	0	4.029	1.02
262.8	0.00315425	0.00140524	37753	1050	105	37398	24.9979	24.9979	99.9918	99.9918	0 28514.1 2444.28 	30958.4	0.00455949	1.05751e-40	1.31364e-32	1050	1.31364e-32	0 2.39508e+07 5e+06 	2.89508e+07	6.53851	6.55445	12703.2	670	0.0832367	0	4.029	1.02
263	0.00317909	0.00132631	35497.4	1050	105	35142.5	24.9973	24.9973	99.9893	99.9893	0 30448.8 2495.47 	32944.3	0.0045054	1.00464e-40	1.23316e-32	1050	1.23316e-32	0 2.33859e+07 5e+06 	2.83859e+07	6.38646	6.55445	12703.2	670	0.079903	0	4.029	1.02
263.2	0.00318479	0.00130991	35035.6	1050	105	34680.6	25.0069	25.0069	100.027	100.027	0 30885.3 2508.95 	33394.3	0.0044947	9.45338e-41	1.15761e-32	1050	1.15761e-32	0 2.32749e+07 5e+06 	2.82749e+07	6.35223	6.55445	12703.2	670	0.0792895	0	4.029	1.02
263.4	0.00315454	0.00140597	37779	1050	105	37423.4	25.057	25.057	100.228	100.228	0 28501.9 2432.27 	30934.2	0.00456051	8.74618e-41	1.08669e-32	1050	1.08669e-32	0 2.39615e+07 5e+06 	2.89615e+07	6.53672	6.55445	12703.2	670	0.0828849	0	4.029	1.02
263.6	0.00317942	0.00132698	35521.6	1050	105	35166	25.0564	25.0564	100.225	100.225	0 30436.6 2483.56 	32920.1	0.0045064	8.30893e-41	1.02012e-32	1050	1.02012e-32	0 2.33963e+07 5e+06 	2.83963e+07	6.38445	6.55445	12703.2	670	0.0795755	0	4.029	1.02
263.8	0.00318513	0.00131058	35059.9	1050	105	34704.2	25.0659	25.0659	100.264	100.264	0 30872.8 2497.14 	33369.9	0.00449572	7.81844e-41	9.57624e-33	1050	9.57624e-33	0 2.32855e+07 5e+06 	2.82855e+07	6.35016	6.55445	12703.2	670	0.0789707	0	4.029	1.02
264	0.00315483	0.0014067	37805	1050	105	37448.8	25.1161	25.1161	100.464	100.464	0 28489.7 2420.31 	30910	0.00456152	7.23358e-41	8.98957e-33	1050	8.98957e-33	0 2.39722e+07 5e+06 	2.89722e+07	6.53493	6.55445	12703.2	670	0.0825341	0	4.029	1.02
264.2	0.00317975	0.00132765	35545.7	1050	105	35189.5	25.1154	25.1154	100.462	100.462	0 30424.4 2471.69 	32896.1	0.00450741	6.87195e-41	8.43885e-33	1050	8.43885e-33	0 2.34067e+07 5e+06 	2.84067e+07	6.38245	6.55445	12703.2	670	0.0792492	0	4.029	1.02
264.4	0.00318548	0.00131126	35084.2	1050	105	34727.9	25.125	25.125	100.5	100.5	0 30860.3 2485.38 	33345.7	0.00449674	6.46626e-41	7.92186e-33	1050	7.92186e-33	0 2.3296e+07 5e+06 	2.8296e+07	6.34809	6.55445	12703.2	670	0.0786533	0	4.029	1.02
264.6	0.00315511	0.00140743	37831	1050	105	37474.3	25.1753	25.1753	100.701	100.701	0 28477.5 2408.39 	30885.9	0.00456254	5.98257e-41	7.43654e-33	1050	7.43654e-33	0 2.39828e+07 5e+06 	2.89828e+07	6.53315	6.55445	12703.2	670	0.0821843	0	4.029	1.02
264.8	0.00318008	0.00132832	35569.8	1050	105	35213.1	25.1746	25.1746	100.698	100.698	0 30412.2 2459.89 	32872.1	0.00450841	5.68349e-41	6.98095e-33	1050	6.98095e-33	0 2.34171e+07 5e+06 	2.84171e+07	6.38045	6.55445	12703.2	670	0.0789242	0	4.029	1.02
265	0.00318584	0.0013119	35107.6	1050	105	34750.7	25.1841	25.1841	100.736	100.736	0 30848.6 2473.71 	33322.3	0.00449774	5.34796e-41	6.55328e-33	1050	6.55328e-33	0 2.33064e+07 5e+06 	2.83064e+07	6.34595	6.55445	12703.2	670	0.0783364	0	4.029	1.02
265.2	0.00315541	0.00140812	37855.9	1050	105	37498.6	25.2345	25.2345	100.938	100.938	0 28466.2 2396.54 	30862.7	0.00456353	4.94795e-41	6.1518e-33	1050	6.1518e-33	0 2.39932e+07 5e+06 	2.89932e+07	6.53131	6.55445	12703.2	670	0.0818334	0	4.029	1.02
265.4	0.00318043	0.00132897	35593.2	1050	105	35235.9	25.2338	25.2338	100.935	100.935	0 30400.7 2448.15 	32848.8	0.00450939	4.70059e-41	5.77493e-33	1050	5.77493e-33	0 2.34274e+07 5e+06 	2.84274e+07	6.3784	6.55445	12703.2	670	0.0785995	0	4.029	1.02
265.6	0.00318618	0.00131259	35132.3	1050	105	34774.9	25.2433	25.2433	100.973	100.973	0 30835.7 2462.04 	33297.7	0.00449877	4.42304e-41	5.42114e-33	1050	5.42114e-33	0 2.33171e+07 5e+06 	2.83171e+07	6.34392	6.55445	12703.2	670	0.0780215	0	4.029	1.02
265.8	0.00315568	0.00140888	37882.9	1050	105	37525	25.2938	25.2938	101.175	101.175	0 28453.2 2384.7 	30837.9	0.00456457	4.09221e-41	5.08902e-33	1050	5.08902e-33	0 2.40042e+07 5e+06 	2.90042e+07	6.52961	6.55445	12703.2	670	0.0814872	0	4.029	1.02
266	0.00318075	0.00132966	35617.9	1050	105	35260	25.2931	25.2931	101.172	101.172	0 30388 2436.43 	32824.4	0.00451041	3.88764e-41	4.77725e-33	1050	4.77725e-33	0 2.34379e+07 5e+06 	2.84379e+07	6.37645	6.55445	12703.2	670	0.0782773	0	4.029	1.02
266.2	0.00318652	0.00131328	35157	1050	105	34799	25.3026	25.3026	101.21	101.21	0 30822.8 2450.42 	33273.2	0.0044998	3.65808e-41	4.48458e-33	1050	4.48458e-33	0 2.33278e+07 5e+06 	2.83278e+07	6.34189	6.55445	12703.2	670	0.077708	0	4.029	1.02
266.4	0.00315597	0.00140962	37909.1	1050	105	37550.6	25.3531	25.3531	101.413	101.413	0 28440.9 2372.91 	30813.8	0.00456559	3.38449e-41	4.20984e-33	1050	4.20984e-33	0 2.40149e+07 5e+06 	2.90149e+07	6.52786	6.55445	12703.2	670	0.0811408	0	4.029	1.02
266.6	0.00318108	0.00133033	35642.2	1050	105	35283.7	25.3524	25.3524	101.409	101.409	0 30375.8 2424.78 	32800.6	0.00451141	3.2153e-41	3.95194e-33	1050	3.95194e-33	0 2.34484e+07 5e+06 	2.84484e+07	6.37445	6.55445	12703.2	670	0.077956	0	4.029	1.02
266.8	0.00318686	0.00131396	35181.4	1050	105	34822.8	25.3619	25.3619	101.447	101.447	0 30810.3 2438.88 	33249.1	0.00450082	3.02542e-41	3.70983e-33	1050	3.70983e-33	0 2.33384e+07 5e+06 	2.83384e+07	6.33982	6.55445	12703.2	670	0.0773956	0	4.029	1.02
267	0.00315625	0.00141036	37935.3	1050	105	37576.1	25.4125	25.4125	101.65	101.65	0 28428.6 2361.18 	30789.8	0.0045666	2.79916e-41	3.48255e-33	1050	3.48255e-33	0 2.40256e+07 5e+06 	2.90256e+07	6.52611	6.55445	12703.2	670	0.0807951	0	4.029	1.02
267.2	0.00318141	0.001331	35666.4	1050	105	35307.2	25.4117	25.4117	101.647	101.647	0 30363.6 2413.18 	32776.8	0.00451242	2.65923e-41	3.2692e-33	1050	3.2692e-33	0 2.34588e+07 5e+06 	2.84588e+07	6.37246	6.55445	12703.2	670	0.0776358	0	4.029	1.02
267.4	0.00318721	0.00131463	35205.8	1050	105	34846.6	25.4212	25.4212	101.685	101.685	0 30797.7 2427.39 	33225.1	0.00450184	2.50218e-41	3.06892e-33	1050	3.06892e-33	0 2.3349e+07 5e+06 	2.8349e+07	6.33776	6.55445	12703.2	670	0.0770844	0	4.029	1.02
267.6	0.00315653	0.00141109	37961.4	1050	105	37601.7	25.472	25.472	101.888	101.888	0 28416.3 2349.49 	30765.8	0.00456762	2.31507e-41	2.88091e-33	1050	2.88091e-33	0 2.40363e+07 5e+06 	2.90363e+07	6.52437	6.55445	12703.2	670	0.0804504	0	4.029	1.02
267.8	0.00318175	0.00133167	35690.5	1050	105	35330.8	25.4712	25.4712	101.885	101.885	0 30351.5 2401.64 	32753.2	0.00451342	2.19933e-41	2.70441e-33	1050	2.70441e-33	0 2.34692e+07 5e+06 	2.84692e+07	6.37046	6.55445	12703.2	670	0.0773167	0	4.029	1.02
268	0.00318755	0.00131531	35230.2	1050	105	34870.4	25.4806	25.4806	101.923	101.923	0 30785.2 2415.95 	33201.2	0.00450286	2.06944e-41	2.53873e-33	1050	2.53873e-33	0 2.33596e+07 5e+06 	2.83596e+07	6.3357	6.55445	12703.2	670	0.0767743	0	4.029	1.02
268.2	0.00315681	0.00141182	37987.5	1050	105	37627.2	25.5315	25.5315	102.126	102.126	0 28404.1 2337.84 	30741.9	0.00456863	1.91469e-41	2.3832e-33	1050	2.3832e-33	0 2.40469e+07 5e+06 	2.90469e+07	6.52263	6.55445	12703.2	670	0.0801068	0	4.029	1.02
268.4	0.00318208	0.00133234	35714.7	1050	105	35354.4	25.5306	25.5306	102.123	102.123	0 30339.4 2390.15 	32729.6	0.00451442	1.81897e-41	2.2372e-33	1050	2.2372e-33	0 2.34797e+07 5e+06 	2.84797e+07	6.36847	6.55445	12703.2	670	0.0769989	0	4.029	1.02
268.6	0.0031879	0.00131599	35254.6	1050	105	34894.2	25.5401	25.5401	102.16	102.16	0 30772.8 2404.57 	33177.3	0.00450389	1.71153e-41	2.10014e-33	1050	2.10014e-33	0 2.33702e+07 5e+06 	2.83702e+07	6.33363	6.55445	12703.2	670	0.0764655	0	4.029	1.02
268.8	0.00315709	0.00141256	38013.6	1050	105	37652.7	25.591	25.591	102.364	102.364	0 28391.8 2326.24 	30718	0.00456965	1.58356e-41	1.97148e-33	1050	1.97148e-33	0 2.40576e+07 5e+06 	2.90576e+07	6.5209	6.55445	12703.2	670	0.0797641	0	4.029	1.02
269	0.00318241	0.00133302	35738.8	1050	105	35377.9	25.5902	25.5902	102.361	102.361	0 30327.3 2378.71 	32706	0.00451542	1.50439e-41	1.8507e-33	1050	1.8507e-33	0 2.34901e+07 5e+06 	2.84901e+07	6.36647	6.55445	12703.2	670	0.0766822	0	4.029	1.02
269.2	0.00318825	0.00131666	35279	1050	105	34918	25.5996	25.5996	102.398	102.398	0 30760.3 2393.24 	33153.5	0.00450491	1.41553e-41	1.73732e-33	1050	1.73732e-33	0 2.33808e+07 5e+06 	2.83808e+07	6.33157	6.55445	12703.2	670	0.0761579	0	4.029	1.02
269.4	0.00315737	0.0014133	38039.8	1050	105	37678.3	25.6506	25.6506	102.602	102.602	0 28379.5 2314.68 	30694.2	0.00457066	1.30969e-41	1.63089e-33	1050	1.63089e-33	0 2.40683e+07 5e+06 	2.90683e+07	6.51917	6.55445	12703.2	670	0.0794224	0	4.029	1.02
269.6	0.00318274	0.00133369	35763	1050	105	35401.5	25.6497	25.6497	102.599	102.599	0 30315.3 2367.32 	32682.6	0.00451643	1.24422e-41	1.53098e-33	1050	1.53098e-33	0 2.35005e+07 5e+06 	2.85005e+07	6.36448	6.55445	12703.2	670	0.0763667	0	4.029	1.02
269.8	0.00318859	0.00131734	35303.4	1050	105	34941.8	25.6592	25.6592	102.637	102.637	0 30747.8 2381.96 	33129.7	0.00450593	1.17072e-41	1.43718e-33	1050	1.43718e-33	0 2.33914e+07 5e+06 	2.83914e+07	6.32951	6.55445	12703.2	670	0.0758515	0	4.029	1.02
270	0.00315764	0.00141403	38066	1050	105	37703.9	25.7103	25.7103	102.841	102.841	0 28367.2 2303.17 	30670.4	0.00457168	1.08319e-41	1.34914e-33	1050	1.34914e-33	0 2.4079e+07 5e+06 	2.9079e+07	6.51745	6.55445	12703.2	670	0.0790818	0	4.029	1.02
270.2	0.00318307	0.00133436	35787.2	1050	105	35425.1	25.7093	25.7093	102.837	102.837	0 30303.2 2355.98 	32659.2	0.00451743	1.02904e-41	1.26649e-33	1050	1.26649e-33	0 2.35109e+07 5e+06 	2.85109e+07	6.36249	6.55445	12703.2	670	0.0760524	0	4.029	1.02
270.4	0.00318894	0.00131802	35327.9	1050	105	34965.7	25.7188	25.7188	102.875	102.875	0 30735.3 2370.73 	33106	0.00450696	9.68243e-42	1.1889e-33	1050	1.1889e-33	0 2.34021e+07 5e+06 	2.84021e+07	6.32745	6.55445	12703.2	670	0.0755463	0	4.029	1.02
270.6	0.00315792	0.00141477	38092.2	1050	105	37729.5	25.77	25.77	103.08	103.08	0 28355 2291.71 	30646.7	0.00457269	8.9586e-42	1.11606e-33	1050	1.11606e-33	0 2.40896e+07 5e+06 	2.90896e+07	6.51574	6.55445	12703.2	670	0.0787422	0	4.029	1.02
270.8	0.00318341	0.00133503	35811.3	1050	105	35448.6	25.769	25.769	103.076	103.076	0 30291.1 2344.7 	32635.8	0.00451843	8.51075e-42	1.04769e-33	1050	1.04769e-33	0 2.35214e+07 5e+06 	2.85214e+07	6.3605	6.55445	12703.2	670	0.0757393	0	4.029	1.02
271	0.00318928	0.0013187	35352.4	1050	105	34989.6	25.7785	25.7785	103.114	103.114	0 30722.8 2359.56 	33082.4	0.00450798	8.00788e-42	9.83503e-34	1050	9.83503e-34	0 2.34127e+07 5e+06 	2.84127e+07	6.32539	6.55445	12703.2	670	0.0752424	0	4.029	1.02
271.2	0.0031582	0.00141551	38118.4	1050	105	37755.1	25.8297	25.8297	103.319	103.319	0 28342.7 2280.28 	30622.9	0.0045737	7.40927e-42	9.23251e-34	1050	9.23251e-34	0 2.41003e+07 5e+06 	2.91003e+07	6.51404	6.55445	12703.2	670	0.0784036	0	4.029	1.02
271.4	0.00318374	0.0013357	35835.5	1050	105	35472.2	25.8287	25.8287	103.315	103.315	0 30279.1 2333.47 	32612.6	0.00451943	7.03888e-42	8.66689e-34	1050	8.66689e-34	0 2.35318e+07 5e+06 	2.85318e+07	6.35851	6.55445	12703.2	670	0.0754273	0	4.029	1.02
271.6	0.00318963	0.00131938	35376.9	1050	105	35013.5	25.8382	25.8382	103.353	103.353	0 30710.4 2348.44 	33058.8	0.00450901	6.62293e-42	8.13593e-34	1050	8.13593e-34	0 2.34234e+07 5e+06 	2.84234e+07	6.32333	6.55445	12703.2	670	0.0749396	0	4.029	1.02
271.8	0.00315847	0.00141624	38144.6	1050	105	37780.7	25.8895	25.8895	103.558	103.558	0 28330.3 2268.9 	30599.2	0.00457471	6.12789e-42	7.6375e-34	1050	7.6375e-34	0 2.4111e+07 5e+06 	2.9111e+07	6.51234	6.55445	12703.2	670	0.0780661	0	4.029	1.02
272	0.00318407	0.00133637	35859.7	1050	105	35495.8	25.8885	25.8885	103.554	103.554	0 30267.1 2322.29 	32589.4	0.00452044	5.82155e-42	7.1696e-34	1050	7.1696e-34	0 2.35422e+07 5e+06 	2.85422e+07	6.35652	6.55445	12703.2	670	0.0751166	0	4.029	1.02
272.2	0.00318998	0.00132006	35401.4	1050	105	35037.4	25.8979	25.8979	103.592	103.592	0 30697.9 2337.37 	33035.3	0.00451003	5.47751e-42	6.73037e-34	1050	6.73037e-34	0 2.3434e+07 5e+06 	2.8434e+07	6.32127	6.55445	12703.2	670	0.0746381	0	4.029	1.02
272.4	0.00315874	0.00141698	38170.8	1050	105	37806.3	25.9493	25.9493	103.797	103.797	0 28318 2257.57 	30575.6	0.00457573	5.06812e-42	6.31805e-34	1050	6.31805e-34	0 2.41217e+07 5e+06 	2.91217e+07	6.51065	6.55445	12703.2	670	0.0777295	0	4.029	1.02
272.6	0.0031844	0.00133704	35883.9	1050	105	35519.4	25.9483	25.9483	103.793	103.793	0 30255.1 2311.16 	32566.2	0.00452144	4.81475e-42	5.93099e-34	1050	5.93099e-34	0 2.35527e+07 5e+06 	2.85527e+07	6.35453	6.55445	12703.2	670	0.074807	0	4.029	1.02
272.8	0.00319032	0.00132074	35425.9	1050	105	35061.3	25.9577	25.9577	103.831	103.831	0 30685.4 2326.35 	33011.8	0.00451106	4.53019e-42	5.56764e-34	1050	5.56764e-34	0 2.34447e+07 5e+06 	2.84447e+07	6.31922	6.55445	12703.2	670	0.0743377	0	4.029	1.02
273	0.00315902	0.00141772	38197.1	1050	105	37832	26.0092	26.0092	104.037	104.037	0 28305.7 2246.28 	30552	0.00457674	4.19162e-42	5.22655e-34	1050	5.22655e-34	0 2.41323e+07 5e+06 	2.91323e+07	6.50896	6.55445	12703.2	670	0.077394	0	4.029	1.02
273.2	0.00318473	0.00133771	35908.1	1050	105	35543	26.0081	26.0081	104.033	104.033	0 30243 2300.08 	32543.1	0.00452244	3.98208e-42	4.90635e-34	1050	4.90635e-34	0 2.35631e+07 5e+06 	2.85631e+07	6.35254	6.55445	12703.2	670	0.0744986	0	4.029	1.02
273.4	0.00319067	0.00132142	35450.5	1050	105	35085.3	26.0175	26.0175	104.07	104.07	0 30672.9 2315.38 	32988.3	0.00451209	3.7467e-42	4.60577e-34	1050	4.60577e-34	0 2.34553e+07 5e+06 	2.84553e+07	6.31716	6.55445	12703.2	670	0.0740386	0	4.029	1.02
273.6	0.00315929	0.00141846	38223.4	1050	105	37857.7	26.0691	26.0691	104.276	104.276	0 28293.4 2235.03 	30528.4	0.00457775	3.46671e-42	4.32361e-34	1050	4.32361e-34	0 2.4143e+07 5e+06 	2.9143e+07	6.50728	6.55445	12703.2	670	0.0770596	0	4.029	1.02
273.8	0.00318507	0.00133838	35932.3	1050	105	35566.7	26.068	26.068	104.272	104.272	0 30231 2289.05 	32520.1	0.00452344	3.2934e-42	4.05873e-34	1050	4.05873e-34	0 2.35736e+07 5e+06 	2.85736e+07	6.35056	6.55445	12703.2	670	0.0741914	0	4.029	1.02
274	0.00319102	0.0013221	35475.1	1050	105	35109.3	26.0774	26.0774	104.31	104.31	0 30660.5 2304.47 	32964.9	0.00451311	3.09872e-42	3.81008e-34	1050	3.81008e-34	0 2.3466e+07 5e+06 	2.8466e+07	6.3151	6.55445	12703.2	670	0.0737407	0	4.029	1.02
274.2	0.00315956	0.0014192	38249.7	1050	105	37883.4	26.1291	26.1291	104.516	104.516	0 28281 2223.83 	30504.8	0.00457876	2.86717e-42	3.57666e-34	1050	3.57666e-34	0 2.41537e+07 5e+06 	2.91537e+07	6.50561	6.55445	12703.2	670	0.0767261	0	4.029	1.02
274.4	0.0031854	0.00133905	35956.6	1050	105	35590.3	26.1279	26.1279	104.512	104.512	0 30219.1 2278.07 	32497.1	0.00452445	2.72383e-42	3.35755e-34	1050	3.35755e-34	0 2.3584e+07 5e+06 	2.8584e+07	6.34857	6.55445	12703.2	670	0.0738853	0	4.029	1.02
274.6	0.00319136	0.00132278	35499.7	1050	105	35133.3	26.1373	26.1373	104.549	104.549	0 30648 2293.6 	32941.6	0.00451414	2.5628e-42	3.15185e-34	1050	3.15185e-34	0 2.34767e+07 5e+06 	2.84767e+07	6.31305	6.55445	12703.2	670	0.0734439	0	4.029	1.02
274.8	0.00315983	0.00141995	38276	1050	105	37909.1	26.189	26.189	104.756	104.756	0 28268.7 2212.67 	30481.3	0.00457977	2.37132e-42	2.95876e-34	1050	2.95876e-34	0 2.41644e+07 5e+06 	2.91644e+07	6.50394	6.55445	12703.2	670	0.0763937	0	4.029	1.02
275	0.00318573	0.00133972	35980.8	1050	105	35613.9	26.1879	26.1879	104.752	104.752	0 30207.1 2267.14 	32474.2	0.00452545	2.25276e-42	2.7775e-34	1050	2.7775e-34	0 2.35945e+07 5e+06 	2.85945e+07	6.34659	6.55445	12703.2	670	0.0735805	0	4.029	1.02
275.2	0.00319171	0.00132346	35524.3	1050	105	35157.3	26.1973	26.1973	104.789	104.789	0 30635.6 2282.79 	32918.3	0.00451517	2.11957e-42	2.60734e-34	1050	2.60734e-34	0 2.34874e+07 5e+06 	2.84874e+07	6.311	6.55445	12703.2	670	0.0731484	0	4.029	1.02
275.4	0.0031601	0.00142069	38302.4	1050	105	37934.9	26.2491	26.2491	104.996	104.996	0 28256.3 2201.56 	30457.8	0.00458079	1.96122e-42	2.44761e-34	1050	2.44761e-34	0 2.4175e+07 5e+06 	2.9175e+07	6.50228	6.55445	12703.2	670	0.0760623	0	4.029	1.02
275.6	0.00318606	0.00134039	36005.1	1050	105	35637.6	26.2479	26.2479	104.992	104.992	0 30195.1 2256.26 	32451.4	0.00452645	1.86317e-42	2.29766e-34	1050	2.29766e-34	0 2.3605e+07 5e+06 	2.8605e+07	6.3446	6.55445	12703.2	670	0.0732768	0	4.029	1.02
275.8	0.00319205	0.00132414	35548.9	1050	105	35181.4	26.2573	26.2573	105.029	105.029	0 30623.1 2272.03 	32895.1	0.0045162	1.75299e-42	2.1569e-34	1050	2.1569e-34	0 2.34981e+07 5e+06 	2.84981e+07	6.30894	6.55445	12703.2	670	0.072854	0	4.029	1.02
276	0.00316037	0.00142143	38328.8	1050	105	37960.7	26.3092	26.3092	105.237	105.237	0 28243.9 2190.49 	30434.4	0.0045818	1.62204e-42	2.02476e-34	1050	2.02476e-34	0 2.41857e+07 5e+06 	2.91857e+07	6.50062	6.55445	12703.2	670	0.0757319	0	4.029	1.02
276.2	0.00318639	0.00134106	36029.3	1050	105	35661.2	26.308	26.308	105.232	105.232	0 30183.1 2245.43 	32428.6	0.00452746	1.54094e-42	1.90072e-34	1050	1.90072e-34	0 2.36154e+07 5e+06 	2.86154e+07	6.34262	6.55445	12703.2	670	0.0729742	0	4.029	1.02
276.4	0.0031924	0.00132482	35573.6	1050	105	35205.5	26.3173	26.3173	105.269	105.269	0 30610.6 2261.31 	32871.9	0.00451723	1.44982e-42	1.78427e-34	1050	1.78427e-34	0 2.35088e+07 5e+06 	2.85088e+07	6.30689	6.55445	12703.2	670	0.0725608	0	4.029	1.02
276.6	0.00316063	0.00142218	38355.2	1050	105	37986.5	26.3693	26.3693	105.477	105.477	0 28231.5 2179.46 	30411	0.00458281	1.34152e-42	1.67496e-34	1050	1.67496e-34	0 2.41964e+07 5e+06 	2.91964e+07	6.49897	6.55445	12703.2	670	0.0754026	0	4.029	1.02
276.8	0.00318673	0.00134173	36053.6	1050	105	35684.9	26.368	26.368	105.472	105.472	0 30171.2 2234.65 	32405.8	0.00452846	1.27445e-42	1.57235e-34	1050	1.57235e-34	0 2.36259e+07 5e+06 	2.86259e+07	6.34064	6.55445	12703.2	670	0.0726728	0	4.029	1.02
277	0.00319275	0.00132551	35598.3	1050	105	35229.6	26.3774	26.3774	105.51	105.51	0 30598.2 2250.65 	32848.8	0.00451825	1.19907e-42	1.47602e-34	1050	1.47602e-34	0 2.35195e+07 5e+06 	2.85195e+07	6.30484	6.55445	12703.2	670	0.0722688	0	4.029	1.02
277.2	0.0031609	0.00142292	38381.6	1050	105	38012.3	26.4294	26.4294	105.718	105.718	0 28219.1 2168.48 	30387.6	0.00458382	1.10951e-42	1.3856e-34	1050	1.3856e-34	0 2.42071e+07 5e+06 	2.92071e+07	6.49733	6.55445	12703.2	670	0.0750743	0	4.029	1.02
277.4	0.00318706	0.0013424	36077.9	1050	105	35708.6	26.4282	26.4282	105.713	105.713	0 30159.2 2223.92 	32383.2	0.00452946	1.05404e-42	1.30071e-34	1050	1.30071e-34	0 2.36364e+07 5e+06 	2.86364e+07	6.33865	6.55445	12703.2	670	0.0723726	0	4.029	1.02
277.6	0.00319309	0.00132619	35623.1	1050	105	35253.7	26.4375	26.4375	105.75	105.75	0 30585.7 2240.04 	32825.7	0.00451929	9.91696e-43	1.22102e-34	1050	1.22102e-34	0 2.35303e+07 5e+06 	2.85303e+07	6.30278	6.55445	12703.2	670	0.071978	0	4.029	1.02
277.8	0.00316117	0.00142367	38408	1050	105	38038.1	26.4896	26.4896	105.958	105.958	0 28206.7 2157.54 	30364.2	0.00458483	9.17633e-43	1.14622e-34	1050	1.14622e-34	0 2.42178e+07 5e+06 	2.92178e+07	6.49569	6.55445	12703.2	670	0.074747	0	4.029	1.02
278	0.00314905	0.00146796	39705.5	1050	105	39335.2	26.5271	26.5271	106.109	106.109	0 27250.9 2146.82 	29397.7	0.00461701	8.55412e-43	1.076e-34	1050	1.076e-34	0 2.45589e+07 5e+06 	2.95589e+07	6.57094	6.55445	12703.2	670	0.0768883	0	4.029	1.02
278.2	0.00317853	0.00137099	36901.1	1050	105	36530.9	26.5217	26.5217	106.087	106.087	0 29451.4 2187.85 	31639.2	0.00454951	8.1492e-43	1.01008e-34	1050	1.01008e-34	0 2.38461e+07 5e+06 	2.88461e+07	6.38985	6.55445	12703.2	670	0.0728232	0	4.029	1.02
278.4	0.00318738	0.0013453	36172.2	1050	105	35801.9	26.529	26.529	106.116	106.116	0 30097.4 2208.12 	32305.5	0.00453268	7.67837e-43	9.482e-35	1050	9.482e-35	0 2.36699e+07 5e+06 	2.86699e+07	6.33674	6.55445	12703.2	670	0.072046	0	4.029	1.02
278.6	0.00315958	0.00143315	38695.2	1050	105	38324.4	26.5786	26.5786	106.314	106.314	0 28006 2145.49 	30151.5	0.00459272	7.11374e-43	8.90111e-35	1050	8.90111e-35	0 2.43012e+07 5e+06 	2.93012e+07	6.50551	6.55445	12703.2	670	0.0748853	0	4.029	1.02
278.8	0.00318637	0.00134965	36300.1	1050	105	35929.3	26.5766	26.5766	106.306	106.306	0 29990.9 2198.27 	32189.2	0.00453602	6.76141e-43	8.3558e-35	1050	8.3558e-35	0 2.37048e+07 5e+06 	2.87048e+07	6.34276	6.55445	12703.2	670	0.0719784	0	4.029	1.02
279	0.00319292	0.00133175	35796.5	1050	105	35425.7	26.5856	26.5856	106.342	106.342	0 30456.4 2215.2 	32671.7	0.00452467	6.3631e-43	7.8439e-35	1050	7.8439e-35	0 2.35864e+07 5e+06 	2.85864e+07	6.30379	6.55445	12703.2	670	0.0715266	0	4.029	1.02
279.2	0.00316152	0.00142764	38538.7	1050	105	38167.3	26.6374	26.6374	106.55	106.55	0 28131.2 2135.29 	30266.5	0.00458916	5.88933e-43	7.36335e-35	1050	7.36335e-35	0 2.42635e+07 5e+06 	2.92635e+07	6.49352	6.55445	12703.2	670	0.0742277	0	4.029	1.02
279.4	0.0031496	0.00147117	39814.3	1050	105	39442.6	26.675	26.675	106.7	106.7	0 27196.1 2124.78 	29320.9	0.00462076	5.49073e-43	6.91225e-35	1050	6.91225e-35	0 2.45988e+07 5e+06 	2.95988e+07	6.56754	6.55445	12703.2	670	0.0763073	0	4.029	1.02
279.6	0.00317919	0.00137374	36994.7	1050	105	36623	26.6694	26.6694	106.678	106.678	0 29398.5 2165.18 	31563.7	0.00455293	5.23114e-43	6.48879e-35	1050	6.48879e-35	0 2.38819e+07 5e+06 	2.88819e+07	6.38584	6.55445	12703.2	670	0.0722516	0	4.029	1.02
279.8	0.00318812	0.00134783	36259.3	1050	105	35887.6	26.6767	26.6767	106.707	106.707	0 30047.7 2185.43 	32233.1	0.00453595	4.92904e-43	6.09126e-35	1050	6.09126e-35	0 2.37042e+07 5e+06 	2.87042e+07	6.33233	6.55445	12703.2	670	0.0714777	0	4.029	1.02
280	0.00316021	0.0014356	38780	1050	105	38407.8	26.7264	26.7264	106.906	106.906	0 27963.8 2122.28 	30086.1	0.00459581	4.56681e-43	5.71809e-35	1050	5.71809e-35	0 2.43339e+07 5e+06 	2.93339e+07	6.50159	6.55445	12703.2	670	0.0742376	0	4.029	1.02
280.2	0.00314925	0.00147583	39960.8	1050	105	39588.2	26.7632	26.7632	107.053	107.053	0 27107.2 2113.25 	29220.5	0.00462508	4.25991e-43	5.36779e-35	1050	5.36779e-35	0 2.46448e+07 5e+06 	2.96448e+07	6.56969	6.55445	12703.2	670	0.0761727	0	4.029	1.02
280.4	0.00317911	0.00137717	37102.7	1050	105	36730.1	26.7573	26.7573	107.029	107.029	0 29324.6 2152.33 	31476.9	0.00455628	4.05932e-43	5.03894e-35	1050	5.03894e-35	0 2.3917e+07 5e+06 	2.8917e+07	6.38632	6.55445	12703.2	670	0.0720324	0	4.029	1.02
280.6	0.00318822	0.00135058	36347	1050	105	35974.4	26.7644	26.7644	107.058	107.058	0 29987.6 2172.53 	32160.1	0.0045388	3.8253e-43	4.73024e-35	1050	4.73024e-35	0 2.37339e+07 5e+06 	2.87339e+07	6.33172	6.55445	12703.2	670	0.0712274	0	4.029	1.02
280.8	0.00316048	0.00143772	38850.6	1050	105	38477.5	26.8141	26.8141	107.256	107.256	0 27924.9 2110 	30034.9	0.0045982	3.54457e-43	4.44045e-35	1050	4.44045e-35	0 2.43591e+07 5e+06 	2.93591e+07	6.49995	6.55445	12703.2	670	0.0739425	0	4.029	1.02
281	0.00314959	0.00147761	40021.9	1050	105	39648.4	26.8509	26.8509	107.404	107.404	0 27077.4 2100.99 	29178.4	0.0046272	3.30656e-43	4.16841e-35	1050	4.16841e-35	0 2.46675e+07 5e+06 	2.96675e+07	6.56757	6.55445	12703.2	670	0.0758463	0	4.029	1.02
281.2	0.00317951	0.00137873	37156	1050	105	36782.5	26.845	26.845	107.38	107.38	0 29295.1 2139.7 	31434.8	0.00455823	3.15095e-43	3.91304e-35	1050	3.91304e-35	0 2.39376e+07 5e+06 	2.89376e+07	6.38392	6.55445	12703.2	670	0.0717124	0	4.029	1.02
281.4	0.00318866	0.00135203	36397	1050	105	36023.4	26.8521	26.8521	107.408	107.408	0 29959.5 2159.86 	32119.4	0.00454069	2.96935e-43	3.67332e-35	1050	3.67332e-35	0 2.37536e+07 5e+06 	2.87536e+07	6.32913	6.55445	12703.2	670	0.0709094	0	4.029	1.02
281.6	0.00316084	0.00143914	38899.6	1050	105	38525.6	26.9018	26.9018	107.607	107.607	0 27900.7 2096.98 	29997.6	0.00459998	2.75151e-43	3.44828e-35	1050	3.44828e-35	0 2.4378e+07 5e+06 	2.9378e+07	6.49769	6.55445	12703.2	670	0.0735789	0	4.029	1.02
281.8	0.00314997	0.00147895	40068.9	1050	105	39694.5	26.9387	26.9387	107.755	107.755	0 27056.1 2087.94 	29144	0.00462892	2.56679e-43	3.23703e-35	1050	3.23703e-35	0 2.46857e+07 5e+06 	2.96857e+07	6.56523	6.55445	12703.2	670	0.075464	0	4.029	1.02
282	0.00317993	0.00137994	37198.6	1050	105	36824.2	26.9328	26.9328	107.731	107.731	0 29273.2 2126.5 	31399.7	0.00455987	2.44603e-43	3.03872e-35	1050	3.03872e-35	0 2.39548e+07 5e+06 	2.89548e+07	6.38139	6.55445	12703.2	670	0.0713519	0	4.029	1.02
282.2	0.0031891	0.0013532	36438.3	1050	105	36063.9	26.9398	26.9398	107.759	107.759	0 29937.8 2146.72 	32084.5	0.00454231	2.30506e-43	2.85256e-35	1050	2.85256e-35	0 2.37706e+07 5e+06 	2.87706e+07	6.32646	6.55445	12703.2	670	0.0705581	0	4.029	1.02
282.4	0.00316121	0.00144034	38941.9	1050	105	38567	26.9897	26.9897	107.959	107.959	0 27880.5 2083.46 	29964	0.00460155	2.13599e-43	2.6778e-35	1050	2.6778e-35	0 2.43947e+07 5e+06 	2.93947e+07	6.49545	6.55445	12703.2	670	0.0731839	0	4.029	1.02
282.6	0.00315033	0.00148012	40110.3	1050	105	39735	27.0266	27.0266	108.107	108.107	0 27037.9 2074.45 	29112.4	0.00463045	1.99261e-43	2.51375e-35	1050	2.51375e-35	0 2.47021e+07 5e+06 	2.97021e+07	6.56294	6.55445	12703.2	670	0.0750536	0	4.029	1.02
282.8	0.00318034	0.00138101	37236.4	1050	105	36861.2	27.0206	27.0206	108.082	108.082	0 29254.4 2112.96 	31367.4	0.00456135	1.89888e-43	2.35975e-35	1050	2.35975e-35	0 2.39703e+07 5e+06 	2.89703e+07	6.37889	6.55445	12703.2	670	0.0709696	0	4.029	1.02
283	0.00318955	0.00135425	36475.5	1050	105	36100.3	27.0276	27.0276	108.111	108.111	0 29918.8 2133.29 	32052.1	0.00454379	1.78943e-43	2.21518e-35	1050	2.21518e-35	0 2.37862e+07 5e+06 	2.87862e+07	6.32383	6.55445	12703.2	670	0.0701885	0	4.029	1.02
283.2	0.00316156	0.00144144	38980.6	1050	105	38604.8	27.0775	27.0775	108.31	108.31	0 27862.5 2069.67 	29932.1	0.004603	1.6582e-43	2.07948e-35	1050	2.07948e-35	0 2.44101e+07 5e+06 	2.94101e+07	6.49326	6.55445	12703.2	670	0.0727719	0	4.029	1.02
283.4	0.00315069	0.00148119	40148.6	1050	105	39772.4	27.1146	27.1146	108.458	108.458	0 27021.4 2060.71 	29082.1	0.00463188	1.54691e-43	1.95208e-35	1050	1.95208e-35	0 2.47174e+07 5e+06 	2.97174e+07	6.56069	6.55445	12703.2	670	0.0746277	0	4.029	1.02
283.6	0.00318075	0.00138199	37271.6	1050	105	36895.5	27.1085	27.1085	108.434	108.434	0 29237.4 2099.25 	31336.7	0.00456274	1.47414e-43	1.83249e-35	1050	1.83249e-35	0 2.39849e+07 5e+06 	2.89849e+07	6.37643	6.55445	12703.2	670	0.0705755	0	4.029	1.02
283.8	0.00318998	0.00135522	36510.5	1050	105	36134.3	27.1155	27.1155	108.462	108.462	0 29901.4 2119.73 	32021.2	0.0045452	1.38917e-43	1.72023e-35	1050	1.72023e-35	0 2.38009e+07 5e+06 	2.88009e+07	6.32123	6.55445	12703.2	670	0.069809	0	4.029	1.02
284	0.00316191	0.00144247	39017.3	1050	105	38640.6	27.1655	27.1655	108.662	108.662	0 27845.6 2055.76 	29901.3	0.00460438	1.28731e-43	1.61484e-35	1050	1.61484e-35	0 2.44247e+07 5e+06 	2.94247e+07	6.49109	6.55445	12703.2	670	0.0723508	0	4.029	1.02
284.2	0.00315105	0.00148221	40185.1	1050	105	39808	27.2026	27.2026	108.81	108.81	0 27005.9 2046.86 	29052.8	0.00463325	1.20091e-43	1.51591e-35	1050	1.51591e-35	0 2.4732e+07 5e+06 	2.9732e+07	6.55848	6.55445	12703.2	670	0.0741934	0	4.029	1.02
284.4	0.00318116	0.00138292	37305.1	1050	105	36928.2	27.1964	27.1964	108.786	108.786	0 29221.4 2085.46 	31306.9	0.00456408	1.14443e-43	1.42304e-35	1050	1.42304e-35	0 2.3999e+07 5e+06 	2.8999e+07	6.37399	6.55445	12703.2	670	0.0701753	0	4.029	1.02
284.6	0.00319042	0.00135615	36544	1050	105	36167	27.2034	27.2034	108.813	108.813	0 29885 2106.12 	31991.1	0.00454657	1.07845e-43	1.33586e-35	1050	1.33586e-35	0 2.38152e+07 5e+06 	2.88152e+07	6.31864	6.55445	12703.2	670	0.0694246	0	4.029	1.02
284.8	0.00316226	0.00144347	39052.8	1050	105	38675.2	27.2534	27.2534	109.014	109.014	0 27829.4 2041.81 	29871.2	0.00460573	9.9938e-44	1.25402e-35	1050	1.25402e-35	0 2.4439e+07 5e+06 	2.9439e+07	6.48895	6.55445	12703.2	670	0.071925	0	4.029	1.02
285	0.0031514	0.00148319	40220.5	1050	105	39842.6	27.2906	27.2906	109.162	109.162	0 26991 2032.97 	29024	0.00463459	9.32313e-44	1.1772e-35	1050	1.1772e-35	0 2.47463e+07 5e+06 	2.97463e+07	6.55629	6.55445	12703.2	670	0.0737549	0	4.029	1.02
285.2	0.00318156	0.00138382	37337.7	1050	105	36959.9	27.2844	27.2844	109.138	109.138	0 29206.1 2071.68 	31277.7	0.00456539	8.88462e-44	1.10508e-35	1050	1.10508e-35	0 2.40128e+07 5e+06 	2.90128e+07	6.37156	6.55445	12703.2	670	0.0697723	0	4.029	1.02
285.4	0.00319085	0.00135706	36576.8	1050	105	36198.9	27.2913	27.2913	109.165	109.165	0 29869.1 2092.52 	31961.6	0.00454791	8.37238e-44	1.03738e-35	1050	1.03738e-35	0 2.38293e+07 5e+06 	2.88293e+07	6.31607	6.55445	12703.2	670	0.0690382	0	4.029	1.02
285.6	0.00316261	0.00144444	39087.6	1050	105	38709.1	27.3415	27.3415	109.366	109.366	0 27813.6 2027.86 	29841.5	0.00460705	7.75857e-44	9.73824e-36	1050	9.73824e-36	0 2.4453e+07 5e+06 	2.9453e+07	6.48683	6.55445	12703.2	670	0.0714973	0	4.029	1.02
285.8	0.00315175	0.00148416	40255.2	1050	105	39876.4	27.3787	27.3787	109.515	109.515	0 26976.5 2019.08 	28995.5	0.0046359	7.23793e-44	9.14165e-36	1050	9.14165e-36	0 2.47603e+07 5e+06 	2.97603e+07	6.55411	6.55445	12703.2	670	0.0733145	0	4.029	1.02
286	0.00318197	0.00138471	37369.8	1050	105	36991.1	27.3724	27.3724	109.49	109.49	0 29191.1 2057.92 	31249	0.00456668	6.8975e-44	8.5816e-36	1050	8.5816e-36	0 2.40263e+07 5e+06 	2.90263e+07	6.36913	6.55445	12703.2	670	0.0693685	0	4.029	1.02
286.2	0.00319129	0.00135795	36609.1	1050	105	36230.3	27.3793	27.3793	109.517	109.517	0 29853.6 2078.96 	31932.5	0.00454923	6.49977e-44	8.05587e-36	1050	8.05587e-36	0 2.38432e+07 5e+06 	2.88432e+07	6.31349	6.55445	12703.2	670	0.0686514	0	4.029	1.02
286.4	0.00316295	0.00144541	39121.9	1050	105	38742.6	27.4295	27.4295	109.718	109.718	0 27798.1 2013.95 	29812.1	0.00460835	6.0233e-44	7.56234e-36	1050	7.56234e-36	0 2.44669e+07 5e+06 	2.94669e+07	6.48472	6.55445	12703.2	670	0.0710692	0	4.029	1.02
286.6	0.00315209	0.00148511	40289.6	1050	105	39909.9	27.4667	27.4667	109.867	109.867	0 26962.1 2005.23 	28967.3	0.0046372	5.61912e-44	7.09905e-36	1050	7.09905e-36	0 2.47742e+07 5e+06 	2.97742e+07	6.55196	6.55445	12703.2	670	0.0728738	0	4.029	1.02
286.8	0.00318237	0.00138558	37401.5	1050	105	37021.9	27.4604	27.4604	109.842	109.842	0 29176.4 2044.22 	31220.6	0.00456795	5.35484e-44	6.66414e-36	1050	6.66414e-36	0 2.40398e+07 5e+06 	2.90398e+07	6.36671	6.55445	12703.2	670	0.0689651	0	4.029	1.02
287	0.00319172	0.00135883	36641.2	1050	105	36261.5	27.4673	27.4673	109.869	109.869	0 29838.2 2065.46 	31903.7	0.00455055	5.04601e-44	6.25587e-36	1050	6.25587e-36	0 2.38569e+07 5e+06 	2.88569e+07	6.31093	6.55445	12703.2	670	0.0682653	0	4.029	1.02
287.2	0.00316329	0.00144636	39156.1	1050	105	38775.9	27.5176	27.5176	110.07	110.07	0 27782.7 2000.08 	29782.8	0.00460965	4.67614e-44	5.87262e-36	1050	5.87262e-36	0 2.44807e+07 5e+06 	2.94807e+07	6.48262	6.55445	12703.2	670	0.0706416	0	4.029	1.02
287.4	0.00315244	0.00148606	40323.8	1050	105	39943.2	27.5549	27.5549	110.219	110.219	0 26947.8 1991.43 	28939.3	0.00463849	4.36237e-44	5.51284e-36	1050	5.51284e-36	0 2.4788e+07 5e+06 	2.9788e+07	6.54981	6.55445	12703.2	670	0.0724335	0	4.029	1.02
287.6	0.00318277	0.00138645	37433	1050	105	37052.5	27.5485	27.5485	110.194	110.194	0 29161.8 2030.58 	31192.4	0.00456922	4.1572e-44	5.17511e-36	1050	5.17511e-36	0 2.40532e+07 5e+06 	2.90532e+07	6.3643	6.55445	12703.2	670	0.0685627	0	4.029	1.02
287.8	0.00319215	0.00135971	36673.1	1050	105	36292.5	27.5553	27.5553	110.221	110.221	0 29823 2052.03 	31875.1	0.00455186	3.91741e-44	4.85807e-36	1050	4.85807e-36	0 2.38707e+07 5e+06 	2.88707e+07	6.30836	6.55445	12703.2	670	0.0678805	0	4.029	1.02
288	0.00316363	0.00144732	39190.1	1050	105	38809.1	27.6057	27.6057	110.423	110.423	0 27767.4 1986.28 	29753.7	0.00461095	3.63029e-44	4.56045e-36	1050	4.56045e-36	0 2.44944e+07 5e+06 	2.94944e+07	6.48053	6.55445	12703.2	670	0.0702151	0	4.029	1.02
288.2	0.00315278	0.001487	40357.8	1050	105	39976.4	27.643	27.643	110.572	110.572	0 26933.7 1977.68 	28911.3	0.00463978	3.38671e-44	4.28106e-36	1050	4.28106e-36	0 2.48017e+07 5e+06 	2.98017e+07	6.54768	6.55445	12703.2	670	0.0719942	0	4.029	1.02
288.4	0.00318318	0.00138732	37464.4	1050	105	37083	27.6366	27.6366	110.546	110.546	0 29147.3 2017.01 	31164.3	0.00457049	3.22743e-44	4.01879e-36	1050	4.01879e-36	0 2.40665e+07 5e+06 	2.90665e+07	6.36188	6.55445	12703.2	670	0.0681618	0	4.029	1.02
288.6	0.00319259	0.00136058	36704.9	1050	105	36323.5	27.6433	27.6433	110.573	110.573	0 29807.9 2038.68 	31846.6	0.00455316	3.04123e-44	3.77259e-36	1050	3.77259e-36	0 2.38844e+07 5e+06 	2.88844e+07	6.30579	6.55445	12703.2	670	0.0674972	0	4.029	1.02
288.8	0.00316397	0.00144827	39224.1	1050	105	38842.2	27.6938	27.6938	110.775	110.775	0 27752.1 1972.54 	29724.7	0.00461224	2.81835e-44	3.54147e-36	1050	3.54147e-36	0 2.45081e+07 5e+06 	2.95081e+07	6.47845	6.55445	12703.2	670	0.06979	0	4.029	1.02
289	0.00315312	0.00148794	40391.7	1050	105	40009.4	27.7312	27.7312	110.925	110.925	0 26919.5 1964 	28883.5	0.00464106	2.62926e-44	3.3245e-36	1050	3.3245e-36	0 2.48154e+07 5e+06 	2.98154e+07	6.54556	6.55445	12703.2	670	0.0715561	0	4.029	1.02
289.2	0.00318358	0.00138818	37495.7	1050	105	37113.5	27.7247	27.7247	110.899	110.899	0 29132.9 2003.52 	31136.5	0.00457175	2.5056e-44	3.12084e-36	1050	3.12084e-36	0 2.40798e+07 5e+06 	2.90798e+07	6.35947	6.55445	12703.2	670	0.0677625	0	4.029	1.02
289.4	0.00319302	0.00136145	36736.7	1050	105	36354.3	27.7314	27.7314	110.926	110.926	0 29792.9 2025.4 	31818.3	0.00455447	2.36103e-44	2.92964e-36	1050	2.92964e-36	0 2.38981e+07 5e+06 	2.88981e+07	6.30323	6.55445	12703.2	670	0.0671158	0	4.029	1.02
289.6	0.0031643	0.00144922	39258.1	1050	105	38875.2	27.7819	27.7819	111.128	111.128	0 27736.9 1958.88 	29695.7	0.00461352	2.18801e-44	2.75016e-36	1050	2.75016e-36	0 2.45218e+07 5e+06 	2.95218e+07	6.47638	6.55445	12703.2	670	0.0693665	0	4.029	1.02
289.8	0.00315346	0.00148888	40425.6	1050	105	40042.4	27.8194	27.8194	111.277	111.277	0 26905.4 1950.38 	28855.8	0.00464234	2.04122e-44	2.58168e-36	1050	2.58168e-36	0 2.48291e+07 5e+06 	2.98291e+07	6.54345	6.55445	12703.2	670	0.0711195	0	4.029	1.02
290	0.00318398	0.00138903	37527	1050	105	37143.8	27.8128	27.8128	111.251	111.251	0 29118.6 1990.11 	31108.7	0.00457302	1.94521e-44	2.42352e-36	1050	2.42352e-36	0 2.40931e+07 5e+06 	2.90931e+07	6.35705	6.55445	12703.2	670	0.067365	0	4.029	1.02
290.2	0.00319345	0.00136232	36768.4	1050	105	36385.2	27.8195	27.8195	111.278	111.278	0 29777.9 2012.21 	31790.1	0.00455578	1.83296e-44	2.27505e-36	1050	2.27505e-36	0 2.39118e+07 5e+06 	2.89118e+07	6.30066	6.55445	12703.2	670	0.0667362	0	4.029	1.02
290.4	0.00316464	0.00145017	39292	1050	105	38908.3	27.8701	27.8701	111.48	111.48	0 27721.6 1945.28 	29666.9	0.00461481	1.69865e-44	2.13567e-36	1050	2.13567e-36	0 2.45355e+07 5e+06 	2.95355e+07	6.47432	6.55445	12703.2	670	0.0689447	0	4.029	1.02
290.6	0.00315379	0.00148982	40459.5	1050	105	40075.4	27.9076	27.9076	111.63	111.63	0 26891.3 1936.82 	28828.2	0.00464361	1.5847e-44	2.00483e-36	1050	2.00483e-36	0 2.48427e+07 5e+06 	2.98427e+07	6.54136	6.55445	12703.2	670	0.0706844	0	4.029	1.02
290.8	0.00318438	0.00138989	37558.2	1050	105	37174.2	27.901	27.901	111.604	111.604	0 29104.3 1976.78 	31081.1	0.00457428	1.51016e-44	1.88201e-36	1050	1.88201e-36	0 2.41064e+07 5e+06 	2.91064e+07	6.35464	6.55445	12703.2	670	0.0669694	0	4.029	1.02
291	0.00319389	0.00136319	36800.2	1050	105	36416.1	27.9076	27.9076	111.63	111.63	0 29762.9 1999.1 	31762	0.00455708	1.42299e-44	1.76671e-36	1050	1.76671e-36	0 2.39255e+07 5e+06 	2.89255e+07	6.29809	6.55445	12703.2	670	0.0663585	0	4.029	1.02
291.2	0.00316497	0.00145112	39326	1050	105	38941.4	27.9583	27.9583	111.833	111.833	0 27706.4 1931.76 	29638.1	0.0046161	1.31874e-44	1.65848e-36	1050	1.65848e-36	0 2.45492e+07 5e+06 	2.95492e+07	6.47227	6.55445	12703.2	670	0.0685246	0	4.029	1.02
291.4	0.00315413	0.00149076	40493.4	1050	105	40108.4	27.9958	27.9958	111.983	111.983	0 26877.3 1923.33 	28800.6	0.00464489	1.23028e-44	1.55688e-36	1050	1.55688e-36	0 2.48564e+07 5e+06 	2.98564e+07	6.53927	6.55445	12703.2	670	0.0702509	0	4.029	1.02
291.6	0.00318479	0.00139075	37589.3	1050	105	37204.5	27.9891	27.9891	111.956	111.956	0 29090.1 1963.53 	31053.6	0.00457554	1.17241e-44	1.4615e-36	1050	1.4615e-36	0 2.41197e+07 5e+06 	2.91197e+07	6.35222	6.55445	12703.2	670	0.0665757	0	4.029	1.02
291.8	0.00319432	0.00136406	36831.9	1050	105	36447	27.9957	27.9957	111.983	111.983	0 29747.9 1986.07 	31734	0.00455838	1.10473e-44	1.37196e-36	1050	1.37196e-36	0 2.39392e+07 5e+06 	2.89392e+07	6.29552	6.55445	12703.2	670	0.0659829	0	4.029	1.02
292	0.00316531	0.00145207	39360	1050	105	38974.5	28.0464	28.0464	112.186	112.186	0 27691.1 1918.31 	29609.4	0.00461738	1.0238e-44	1.28791e-36	1050	1.28791e-36	0 2.45628e+07 5e+06 	2.95628e+07	6.47023	6.55445	12703.2	670	0.0681063	0	4.029	1.02
292.2	0.00315446	0.0014917	40527.2	1050	105	40141.4	28.084	28.084	112.336	112.336	0 26863.2 1909.91 	28773.1	0.00464616	9.55122e-45	1.20901e-36	1050	1.20901e-36	0 2.487e+07 5e+06 	2.987e+07	6.53719	6.55445	12703.2	670	0.069819	0	4.029	1.02
292.4	0.00318519	0.0013916	37620.5	1050	105	37234.7	28.0773	28.0773	112.309	112.309	0 29075.9 1950.36 	31026.3	0.00457679	9.10198e-45	1.13494e-36	1050	1.13494e-36	0 2.41329e+07 5e+06 	2.91329e+07	6.34981	6.55445	12703.2	670	0.0661839	0	4.029	1.02
292.6	0.00319476	0.00136493	36863.7	1050	105	36477.9	28.0838	28.0838	112.335	112.335	0 29733 1973.12 	31706.1	0.00455969	8.57642e-45	1.06541e-36	1050	1.06541e-36	0 2.39529e+07 5e+06 	2.89529e+07	6.29296	6.55445	12703.2	670	0.0656092	0	4.029	1.02
292.8	0.00316564	0.00145303	39394	1050	105	39007.7	28.1346	28.1346	112.539	112.539	0 27675.8 1904.94 	29580.8	0.00461867	7.94819e-45	1.00014e-36	1050	1.00014e-36	0 2.45765e+07 5e+06 	2.95765e+07	6.4682	6.55445	12703.2	670	0.0676899	0	4.029	1.02
293	0.00315479	0.00149264	40561.1	1050	105	40174.4	28.1723	28.1723	112.689	112.689	0 26849.1 1896.56 	28745.7	0.00464743	7.41508e-45	9.38869e-37	1050	9.38869e-37	0 2.48836e+07 5e+06 	2.98836e+07	6.53513	6.55445	12703.2	670	0.0693888	0	4.029	1.02
293.2	0.0031856	0.00139246	37651.7	1050	105	37265	28.1655	28.1655	112.662	112.662	0 29061.8 1937.27 	30999	0.00457805	7.0663e-45	8.81351e-37	1050	8.81351e-37	0 2.41462e+07 5e+06 	2.91462e+07	6.3474	6.55445	12703.2	670	0.0657941	0	4.029	1.02
293.4	0.00319519	0.0013658	36895.5	1050	105	36508.8	28.172	28.172	112.688	112.688	0 29718.1 1960.25 	31678.4	0.00456099	6.6582e-45	8.27357e-37	1050	8.27357e-37	0 2.39666e+07 5e+06 	2.89666e+07	6.29039	6.55445	12703.2	670	0.0652376	0	4.029	1.02
293.6	0.00316597	0.00145398	39428.1	1050	105	39040.8	28.2229	28.2229	112.891	112.891	0 27660.6 1891.63 	29552.2	0.00461995	6.17054e-45	7.7667e-37	1050	7.7667e-37	0 2.45902e+07 5e+06 	2.95902e+07	6.46617	6.55445	12703.2	670	0.0672752	0	4.029	1.02
293.8	0.00315513	0.00149358	40595	1050	105	40207.4	28.2605	28.2605	113.042	113.042	0 26835.1 1883.28 	28718.4	0.0046487	5.75669e-45	7.29089e-37	1050	7.29089e-37	0 2.48972e+07 5e+06 	2.98972e+07	6.53307	6.55445	12703.2	670	0.0689605	0	4.029	1.02
294	0.003186	0.00139331	37682.8	1050	105	37295.3	28.2536	28.2536	113.015	113.015	0 29047.6 1924.25 	30971.9	0.00457931	5.48591e-45	6.84423e-37	1050	6.84423e-37	0 2.41595e+07 5e+06 	2.91595e+07	6.34499	6.55445	12703.2	670	0.0654063	0	4.029	1.02
294.2	0.00319562	0.00136668	36927.3	1050	105	36539.7	28.2601	28.2601	113.04	113.04	0 29703.2 1947.46 	31650.7	0.0045623	5.16902e-45	6.42493e-37	1050	6.42493e-37	0 2.39803e+07 5e+06 	2.89803e+07	6.28782	6.55445	12703.2	670	0.0648679	0	4.029	1.02
294.4	0.0031663	0.00145494	39462.1	1050	105	39074	28.3111	28.3111	113.244	113.244	0 27645.3 1878.4 	29523.7	0.00462124	4.79047e-45	6.03132e-37	1050	6.03132e-37	0 2.46039e+07 5e+06 	2.96039e+07	6.46416	6.55445	12703.2	670	0.0668624	0	4.029	1.02
294.6	0.00315545	0.00149452	40628.8	1050	105	40240.3	28.3488	28.3488	113.395	113.395	0 26821 1870.06 	28691	0.00464997	4.4692e-45	5.66182e-37	1050	5.66182e-37	0 2.49108e+07 5e+06 	2.99108e+07	6.53103	6.55445	12703.2	670	0.0685334	0	4.029	1.02
294.8	0.0031864	0.00139416	37713.9	1050	105	37325.5	28.3418	28.3418	113.367	113.367	0 29033.6 1911.32 	30944.9	0.00458057	4.25897e-45	5.31496e-37	1050	5.31496e-37	0 2.41727e+07 5e+06 	2.91727e+07	6.34257	6.55445	12703.2	670	0.0650203	0	4.029	1.02
295	0.00319606	0.00136755	36959.1	1050	105	36570.7	28.3483	28.3483	113.393	113.393	0 29688.3 1934.76 	31623.1	0.00456361	4.01291e-45	4.98935e-37	1050	4.98935e-37	0 2.39941e+07 5e+06 	2.89941e+07	6.28525	6.55445	12703.2	670	0.0645003	0	4.029	1.02
295.2	0.00316663	0.00145589	39496.2	1050	105	39107.3	28.3993	28.3993	113.597	113.597	0 27630 1865.24 	29495.2	0.00462252	3.71906e-45	4.68369e-37	1050	4.68369e-37	0 2.46175e+07 5e+06 	2.96175e+07	6.46215	6.55445	12703.2	670	0.0664513	0	4.029	1.02
295.4	0.00315578	0.00149546	40662.6	1050	105	40273.3	28.437	28.437	113.748	113.748	0 26806.9 1856.91 	28663.8	0.00465124	3.46966e-45	4.39675e-37	1050	4.39675e-37	0 2.49244e+07 5e+06 	2.99244e+07	6.52899	6.55445	12703.2	670	0.0681082	0	4.029	1.02
295.6	0.00318681	0.00139501	37745	1050	105	37355.7	28.43	28.43	113.72	113.72	0 29019.5 1898.47 	30918	0.00458182	3.30645e-45	4.12739e-37	1050	4.12739e-37	0 2.4186e+07 5e+06 	2.9186e+07	6.34016	6.55445	12703.2	670	0.0646364	0	4.029	1.02
295.8	0.0031965	0.00136842	36991	1050	105	36601.6	28.4364	28.4364	113.746	113.746	0 29673.5 1922.13 	31595.6	0.00456491	3.11538e-45	3.87454e-37	1050	3.87454e-37	0 2.40078e+07 5e+06 	2.90078e+07	6.28268	6.55445	12703.2	670	0.0641346	0	4.029	1.02
296	0.00316695	0.00145685	39530.4	1050	105	39140.5	28.4875	28.4875	113.95	113.95	0 27614.7 1852.15 	29466.8	0.0046238	2.88727e-45	3.63717e-37	1050	3.63717e-37	0 2.46312e+07 5e+06 	2.96312e+07	6.46015	6.55445	12703.2	670	0.0660421	0	4.029	1.02
296.2	0.00315611	0.0014964	40696.5	1050	105	40306.2	28.5253	28.5253	114.101	114.101	0 26792.8 1843.83 	28636.7	0.00465251	2.69367e-45	3.41435e-37	1050	3.41435e-37	0 2.4938e+07 5e+06 	2.9938e+07	6.52696	6.55445	12703.2	670	0.0676847	0	4.029	1.02
296.4	0.00315138	0.00151543	41264.7	1050	105	40874.1	28.5578	28.5578	114.231	114.231	0 26416.8 1842.84 	28259.6	0.00466681	2.5209e-45	3.20517e-37	1050	3.20517e-37	0 2.50916e+07 5e+06 	3.00916e+07	6.55637	6.55445	12703.2	670	0.068593	0	4.029	1.02
296.6	0.00318365	0.00140811	38132.7	1050	105	37742.3	28.5491	28.5491	114.196	114.196	0 28721.1 1876.73 	30597.8	0.00459176	2.40514e-45	3.00881e-37	1050	3.00881e-37	0 2.42911e+07 5e+06 	2.92911e+07	6.35903	6.55445	12703.2	670	0.0645526	0	4.029	1.02
296.8	0.00319445	0.0013775	37260.5	1050	105	36870	28.5546	28.5546	114.218	114.218	0 29458.9 1900.8 	31359.6	0.00457195	2.26757e-45	2.82448e-37	1050	2.82448e-37	0 2.40819e+07 5e+06 	2.90819e+07	6.29478	6.55445	12703.2	670	0.0638848	0	4.029	1.02
297	0.00316661	0.00146191	39690	1050	105	39298.9	28.6047	28.6047	114.419	114.419	0 27516.1 1838.23 	29354.3	0.00462852	2.10264e-45	2.65145e-37	1050	2.65145e-37	0 2.46815e+07 5e+06 	2.96815e+07	6.46226	6.55445	12703.2	670	0.0658103	0	4.029	1.02
297.2	0.00315622	0.00149981	40808.4	1050	105	40417	28.6422	28.6422	114.569	114.569	0 26732.8 1830.39 	28563.2	0.00465604	1.96216e-45	2.48901e-37	1050	2.48901e-37	0 2.49758e+07 5e+06 	2.99758e+07	6.52626	6.55445	12703.2	670	0.0673763	0	4.029	1.02
297.4	0.00315169	0.00151804	41352.7	1050	105	40961	28.6746	28.6746	114.698	114.698	0 26373.9 1829.27 	28203.2	0.00466973	1.83655e-45	2.33653e-37	1050	2.33653e-37	0 2.51229e+07 5e+06 	3.01229e+07	6.55445	6.55445	12703.2	670	0.0682331	0	4.029	1.02
297.6	0.00318407	0.0014103	38206.8	1050	105	37815.1	28.6657	28.6657	114.663	114.663	0 28680.4 1862.72 	30543.1	0.00459437	1.75232e-45	2.19338e-37	1050	2.19338e-37	0 2.43186e+07 5e+06 	2.93186e+07	6.35652	6.55445	12703.2	670	0.064195	0	4.029	1.02
297.8	0.00319494	0.00137949	37328.5	1050	105	36936.8	28.6712	28.6712	114.685	114.685	0 29421 1886.8 	31307.8	0.00457443	1.65214e-45	2.05901e-37	1050	2.05901e-37	0 2.4108e+07 5e+06 	2.9108e+07	6.29188	6.55445	12703.2	670	0.06353	0	4.029	1.02
298	0.00316702	0.00146379	39754.7	1050	105	39362.5	28.7213	28.7213	114.885	114.885	0 27484.4 1823.75 	29308.2	0.00463081	1.53204e-45	1.93287e-37	1050	1.93287e-37	0 2.47059e+07 5e+06 	2.97059e+07	6.45973	6.55445	12703.2	670	0.0653984	0	4.029	1.02
298.2	0.00315665	0.00150154	40869	1050	105	40476.4	28.7588	28.7588	115.035	115.035	0 26705.6 1815.77 	28521.3	0.00465819	1.42973e-45	1.81446e-37	1050	1.81446e-37	0 2.49989e+07 5e+06 	2.99989e+07	6.52362	6.55445	12703.2	670	0.0669372	0	4.029	1.02
298.4	0.00315213	0.00151967	41410.3	1050	105	41017.4	28.7913	28.7913	115.165	115.165	0 26349.3 1814.51 	28163.8	0.00467179	1.33823e-45	1.7033e-37	1050	1.7033e-37	0 2.51451e+07 5e+06 	3.01451e+07	6.55174	6.55445	12703.2	670	0.0677769	0	4.029	1.02
298.6	0.00318458	0.00141177	38258.8	1050	105	37866	28.7823	28.7823	115.129	115.129	0 28655.1 1847.98 	30503.1	0.00459635	1.27687e-45	1.59895e-37	1050	1.59895e-37	0 2.43396e+07 5e+06 	2.93396e+07	6.35347	6.55445	12703.2	670	0.0637739	0	4.029	1.02
298.8	0.00319549	0.00138093	37379.6	1050	105	36986.7	28.7877	28.7877	115.151	115.151	0 29395.4 1872.21 	31267.6	0.00457642	1.20386e-45	1.50099e-37	1050	1.50099e-37	0 2.41289e+07 5e+06 	2.91289e+07	6.28862	6.55445	12703.2	670	0.0631251	0	4.029	1.02
299	0.00316744	0.00146528	39807.1	1050	105	39413.8	28.8379	28.8379	115.352	115.352	0 27460.1 1808.53 	29268.6	0.00463272	1.11637e-45	1.40904e-37	1050	1.40904e-37	0 2.47263e+07 5e+06 	2.97263e+07	6.45715	6.55445	12703.2	670	0.0649383	0	4.029	1.02
299.2	0.00315707	0.00150297	40919.8	1050	105	40526.1	28.8755	28.8755	115.502	115.502	0 26683.7 1800.46 	28484.1	0.00466004	1.04184e-45	1.32271e-37	1050	1.32271e-37	0 2.50188e+07 5e+06 	3.00188e+07	6.52102	6.55445	12703.2	670	0.0664554	0	4.029	1.02
299.4	0.00315255	0.00152105	41459.9	1050	105	41065.8	28.908	28.908	115.632	115.632	0 26328.8 1799.15 	28127.9	0.0046736	9.75174e-46	1.24168e-37	1050	1.24168e-37	0 2.51646e+07 5e+06 	3.01646e+07	6.54911	6.55445	12703.2	670	0.0672835	0	4.029	1.02
299.6	0.00318508	0.00141303	38304.1	1050	105	37910.1	28.899	28.899	115.596	115.596	0 28634 1832.78 	30466.8	0.00459811	9.30462e-46	1.16561e-37	1050	1.16561e-37	0 2.43582e+07 5e+06 	2.93582e+07	6.35048	6.55445	12703.2	670	0.0633241	0	4.029	1.02
299.8	0.00319603	0.00138218	37424.8	1050	105	37030.8	28.9043	28.9043	115.617	115.617	0 29373.7 1857.23 	31231	0.00457821	8.77255e-46	1.0942e-37	1050	1.0942e-37	0 2.41479e+07 5e+06 	2.91479e+07	6.28542	6.55445	12703.2	670	0.0626959	0	4.029	1.02
300	0.00316785	0.00146662	39854.5	1050	105	39459.9	28.9546	28.9546	115.818	115.818	0 27438.6 1792.97 	29231.6	0.00463447	8.13515e-46	1.02717e-37	1050	1.02717e-37	0 2.4745e+07 5e+06 	2.9745e+07	6.45464	6.55445	12703.2	670	0.0644559	0	4.029	1.02
300.2	0.00315748	0.00150427	40966.2	1050	105	40571.3	28.9922	28.9922	115.969	115.969	0 26664.2 1784.84 	28449	0.00466175	7.59208e-46	9.64241e-38	1050	9.64241e-38	0 2.50371e+07 5e+06 	3.00371e+07	6.51849	6.55445	12703.2	670	0.0659537	0	4.029	1.02
300.4	0.00315296	0.00152232	41505.5	1050	105	41110.3	29.0248	29.0248	116.099	116.099	0 26310.3 1783.52 	28093.8	0.00467528	7.10634e-46	9.05169e-38	1050	9.05169e-38	0 2.51827e+07 5e+06 	3.01827e+07	6.54654	6.55445	12703.2	670	0.0667724	0	4.029	1.02
300.6	0.00318557	0.00141418	38345.9	1050	105	37950.7	29.0156	29.0156	116.062	116.062	0 28615.1 1817.39 	30432.5	0.00459975	6.78051e-46	8.49715e-38	1050	8.49715e-38	0 2.43757e+07 5e+06 	2.93757e+07	6.34753	6.55445	12703.2	670	0.062861	0	4.029	1.02
300.8	0.00319657	0.00138334	37467	1050	105	37071.8	29.0209	29.0209	116.083	116.083	0 29354 1842.11 	31196.1	0.00457991	6.3927e-46	7.97659e-38	1050	7.97659e-38	0 2.41658e+07 5e+06 	2.91658e+07	6.28226	6.55445	12703.2	670	0.0622555	0	4.029	1.02
301	0.00316826	0.00146787	39899.2	1050	105	39503.5	29.0712	29.0712	116.285	116.285	0 27418.6 1777.27 	29195.9	0.00463613	5.92829e-46	7.48792e-38	1050	7.48792e-38	0 2.47627e+07 5e+06 	2.97627e+07	6.45216	6.55445	12703.2	670	0.0639634	0	4.029	1.02
301.2	0.00315788	0.00150549	41010.2	1050	105	40614.1	29.1089	29.1089	116.435	116.435	0 26645.8 1769.12 	28415	0.00466337	5.53259e-46	7.02919e-38	1050	7.02919e-38	0 2.50546e+07 5e+06 	3.00546e+07	6.516	6.55445	12703.2	670	0.0654428	0	4.029	1.02
301.4	0.00315337	0.00152352	41549.1	1050	105	41152.7	29.1415	29.1415	116.566	116.566	0 26292.9 1767.8 	28060.7	0.00467689	5.17864e-46	6.59856e-38	1050	6.59856e-38	0 2.52001e+07 5e+06 	3.02001e+07	6.544	6.55445	12703.2	670	0.0662533	0	4.029	1.02
301.6	0.00318606	0.00141528	38385.9	1050	105	37989.6	29.1322	29.1322	116.529	116.529	0 28597.3 1801.96 	30399.3	0.00460134	4.9412e-46	6.19431e-38	1050	6.19431e-38	0 2.43925e+07 5e+06 	2.93925e+07	6.3446	6.55445	12703.2	670	0.0623923	0	4.029	1.02
301.8	0.0031971	0.00138446	37507.8	1050	105	37111.4	29.1374	29.1374	116.55	116.55	0 29335.2 1826.97 	31162.2	0.00458156	4.65851e-46	5.81483e-38	1050	5.81483e-38	0 2.41832e+07 5e+06 	2.91832e+07	6.27912	6.55445	12703.2	670	0.0618109	0	4.029	1.02
302	0.00316866	0.00146909	39942.5	1050	105	39545.7	29.1878	29.1878	116.751	116.751	0 27399.4 1761.57 	29160.9	0.00463775	4.32014e-46	5.45859e-38	1050	5.45859e-38	0 2.478e+07 5e+06 	2.978e+07	6.44972	6.55445	12703.2	670	0.063467	0	4.029	1.02
302.2	0.00315828	0.00150668	41053	1050	105	40655.8	29.2255	29.2255	116.902	116.902	0 26628.2 1753.39 	28381.6	0.00466496	4.03181e-46	5.12418e-38	1050	5.12418e-38	0 2.50717e+07 5e+06 	3.00717e+07	6.51353	6.55445	12703.2	670	0.0649286	0	4.029	1.02
302.4	0.00315377	0.00152469	41591.5	1050	105	41194	29.2581	29.2581	117.033	117.033	0 26276.1 1752.08 	28028.2	0.00467846	3.77389e-46	4.81026e-38	1050	4.81026e-38	0 2.5217e+07 5e+06 	3.0217e+07	6.5415	6.55445	12703.2	670	0.0657313	0	4.029	1.02
302.6	0.00318655	0.00141635	38424.9	1050	105	38027.4	29.2488	29.2488	116.995	116.995	0 28580.1 1786.57 	30366.7	0.0046029	3.60085e-46	4.51557e-38	1050	4.51557e-38	0 2.4409e+07 5e+06 	2.9409e+07	6.34169	6.55445	12703.2	670	0.0619222	0	4.029	1.02
302.8	0.00319763	0.00138555	37547.7	1050	105	37150.1	29.2539	29.2539	117.016	117.016	0 29317 1811.88 	31128.9	0.00458318	3.39479e-46	4.23893e-38	1050	4.23893e-38	0 2.42003e+07 5e+06 	2.92003e+07	6.27599	6.55445	12703.2	670	0.0613655	0	4.029	1.02
303	0.00316906	0.00147028	39985.2	1050	105	39587.2	29.3044	29.3044	117.218	117.218	0 27380.5 1745.9 	29126.5	0.00463934	3.14824e-46	3.97924e-38	1050	3.97924e-38	0 2.4797e+07 5e+06 	2.9797e+07	6.44729	6.55445	12703.2	670	0.0629699	0	4.029	1.02
303.2	0.00315867	0.00150785	41095.2	1050	105	40696.8	29.3421	29.3421	117.368	117.368	0 26610.8 1737.7 	28348.5	0.00466653	2.93815e-46	3.73546e-38	1050	3.73546e-38	0 2.50885e+07 5e+06 	3.00885e+07	6.51109	6.55445	12703.2	670	0.0644138	0	4.029	1.02
303.4	0.00315417	0.00152585	41633.4	1050	105	41234.7	29.3748	29.3748	117.499	117.499	0 26259.5 1736.41 	27995.9	0.00468002	2.7502e-46	3.50661e-38	1050	3.50661e-38	0 2.52338e+07 5e+06 	3.02338e+07	6.53901	6.55445	12703.2	670	0.0652089	0	4.029	1.02
303.6	0.00318704	0.0014174	38463.5	1050	105	38064.8	29.3654	29.3654	117.461	117.461	0 28563.3 1771.25 	30334.5	0.00460444	2.62409e-46	3.29179e-38	1050	3.29179e-38	0 2.44253e+07 5e+06 	2.94253e+07	6.33878	6.55445	12703.2	670	0.0614528	0	4.029	1.02
303.8	0.00319816	0.00138662	37587.2	1050	105	37188.5	29.3704	29.3704	117.482	117.482	0 29299.2 1796.87 	31096	0.00458479	2.47389e-46	3.09012e-38	1050	3.09012e-38	0 2.42173e+07 5e+06 	2.92173e+07	6.27285	6.55445	12703.2	670	0.0609212	0	4.029	1.02
304	0.00316945	0.00147147	40027.6	1050	105	39628.4	29.421	29.421	117.684	117.684	0 27361.9 1730.32 	29092.2	0.00464092	2.29424e-46	2.90081e-38	1050	2.90081e-38	0 2.48139e+07 5e+06 	2.98139e+07	6.44488	6.55445	12703.2	670	0.0624738	0	4.029	1.02
304.2	0.00315906	0.00150902	41137.1	1050	105	40737.5	29.4587	29.4587	117.835	117.835	0 26593.6 1722.09 	28315.7	0.00466808	2.14116e-46	2.7231e-38	1050	2.7231e-38	0 2.51052e+07 5e+06 	3.01052e+07	6.50866	6.55445	12703.2	670	0.0639001	0	4.029	1.02
304.4	0.00315457	0.00152699	41675	1050	105	41275.1	29.4914	29.4914	117.966	117.966	0 26243.1 1720.81 	27963.9	0.00468156	2.0042e-46	2.55627e-38	1050	2.55627e-38	0 2.52504e+07 5e+06 	3.02504e+07	6.53654	6.55445	12703.2	670	0.0646877	0	4.029	1.02
304.6	0.0031526	0.00153597	41946.9	1050	105	41546.7	29.5218	29.5218	118.087	118.087	0 26073.5 1720.67 	27794.2	0.00468857	1.8786e-46	2.39967e-38	1050	2.39967e-38	0 2.53261e+07 5e+06 	3.03261e+07	6.54877	6.55445	12703.2	670	0.0651045	0	4.029	1.02
304.8	0.00318604	0.00142438	38677.7	1050	105	38277.6	29.5116	29.5116	118.046	118.046	0 28414.4 1751.91 	30166.3	0.00461043	1.7934e-46	2.25266e-38	1050	2.25266e-38	0 2.44889e+07 5e+06 	2.94889e+07	6.34472	6.55445	12703.2	670	0.0611204	0	4.029	1.02
305	0.00319767	0.0013918	37748	1050	105	37347.8	29.5162	29.5162	118.065	118.065	0 29185.6 1777.59 	30963.2	0.00458948	1.69122e-46	2.11465e-38	1050	2.11465e-38	0 2.42669e+07 5e+06 	2.92669e+07	6.27574	6.55445	12703.2	670	0.0605256	0	4.029	1.02
305.2	0.00316962	0.00147491	40140.5	1050	105	39739.8	29.5664	29.5664	118.265	118.265	0 27299.5 1713.7 	29013.2	0.00464453	1.56879e-46	1.9851e-38	1050	1.9851e-38	0 2.48525e+07 5e+06 	2.98525e+07	6.44387	6.55445	12703.2	670	0.0620485	0	4.029	1.02
305.4	0.00315943	0.00151168	41227.5	1050	105	40826.5	29.604	29.604	118.416	118.416	0 26549.8 1705.55 	28255.4	0.00467111	1.4643e-46	1.86349e-38	1050	1.86349e-38	0 2.51378e+07 5e+06 	3.01378e+07	6.50643	6.55445	12703.2	670	0.0634255	0	4.029	1.02
305.6	0.00315501	0.00152926	41753.5	1050	105	41352.1	29.6366	29.6366	118.547	118.547	0 26208 1704.11 	27912.1	0.00468427	1.37073e-46	1.74933e-38	1050	1.74933e-38	0 2.52796e+07 5e+06 	3.02796e+07	6.53377	6.55445	12703.2	670	0.0641807	0	4.029	1.02
305.8	0.00315308	0.00153801	42018.8	1050	105	41617.1	29.6671	29.6671	118.668	118.668	0 26042.9 1703.78 	27746.7	0.00469109	1.28489e-46	1.64216e-38	1050	1.64216e-38	0 2.53534e+07 5e+06 	3.03534e+07	6.54577	6.55445	12703.2	670	0.0645757	0	4.029	1.02
306	0.00318663	0.00142619	38741.8	1050	105	38340.2	29.6567	29.6567	118.627	118.627	0 28383.5 1735.08 	30118.6	0.00461282	1.22664e-46	1.54155e-38	1050	1.54155e-38	0 2.45144e+07 5e+06 	2.95144e+07	6.34122	6.55445	12703.2	670	0.0606336	0	4.029	1.02
306.2	0.00319832	0.00139356	37810.5	1050	105	37408.9	29.6613	29.6613	118.645	118.645	0 29154.6 1760.97 	30915.6	0.00459188	1.15674e-46	1.44711e-38	1050	1.44711e-38	0 2.42923e+07 5e+06 	2.92923e+07	6.27195	6.55445	12703.2	670	0.0600591	0	4.029	1.02
306.4	0.0031701	0.00147672	40204.2	1050	105	39802.1	29.7115	29.7115	118.846	118.846	0 27270.2 1696.31 	28966.5	0.00464683	1.07304e-46	1.35846e-38	1050	1.35846e-38	0 2.48771e+07 5e+06 	2.98771e+07	6.4409	6.55445	12703.2	670	0.0615162	0	4.029	1.02
306.6	0.00315991	0.0015134	41288.8	1050	105	40886.3	29.7491	29.7491	118.996	118.996	0 26523.6 1688.01 	28211.6	0.00467331	1.00159e-46	1.27524e-38	1050	1.27524e-38	0 2.51615e+07 5e+06 	3.01615e+07	6.50344	6.55445	12703.2	670	0.0628667	0	4.029	1.02
306.8	0.0031555	0.00153091	41812.8	1050	105	41410	29.7818	29.7818	119.127	119.127	0 26183.7 1686.48 	27870.2	0.00468642	9.37599e-47	1.19711e-38	1050	1.19711e-38	0 2.53028e+07 5e+06 	3.03028e+07	6.53074	6.55445	12703.2	670	0.063607	0	4.029	1.02
307	0.00315357	0.00153962	42076.7	1050	105	41673.6	29.8123	29.8123	119.249	119.249	0 26019.7 1686.06 	27705.7	0.0046932	8.78888e-47	1.12377e-38	1050	1.12377e-38	0 2.53761e+07 5e+06 	3.03761e+07	6.54273	6.55445	12703.2	670	0.0639923	0	4.029	1.02
307.2	0.00315276	0.00154422	42218.2	1050	105	41814.8	29.8419	29.8419	119.368	119.368	0 25935.6 1685.69 	27621.3	0.00469698	8.2438e-47	1.05493e-38	1050	1.05493e-38	0 2.5417e+07 5e+06 	3.0417e+07	6.54776	6.55445	12703.2	670	0.0641936	0	4.029	1.02
307.4	0.00318663	0.00143082	38890.6	1050	105	38487.2	29.831	29.831	119.324	119.324	0 28291.8 1715.3 	30007.1	0.00461746	7.87204e-47	9.90298e-39	1050	9.90298e-39	0 2.45636e+07 5e+06 	2.95636e+07	6.34119	6.55445	12703.2	670	0.0601726	0	4.029	1.02
307.6	0.00319858	0.00139733	37933.7	1050	105	37530.3	29.8353	29.8353	119.341	119.341	0 29078.4 1741.25 	30819.7	0.00459592	7.4244e-47	9.2963e-39	1050	9.2963e-39	0 2.4335e+07 5e+06 	2.9335e+07	6.27039	6.55445	12703.2	670	0.05958	0	4.029	1.02
307.8	0.00317054	0.00147974	40306.4	1050	105	39902.5	29.8854	29.8854	119.542	119.542	0 27218.3 1677.1 	28895.4	0.00465028	6.88809e-47	8.72678e-39	1050	8.72678e-39	0 2.49141e+07 5e+06 	2.99141e+07	6.43825	6.55445	12703.2	670	0.0609744	0	4.029	1.02
308	0.00316043	0.00151599	41378.5	1050	105	40974.3	29.923	29.923	119.692	119.692	0 26482.7 1668.67 	28151.3	0.00467642	6.42996e-47	8.19215e-39	1050	8.19215e-39	0 2.5195e+07 5e+06 	3.0195e+07	6.50026	6.55445	12703.2	670	0.0622815	0	4.029	1.02
308.2	0.00315606	0.00153325	41895.2	1050	105	41490.6	29.9557	29.9557	119.823	119.823	0 26148.3 1666.95 	27815.3	0.00468931	6.01944e-47	7.69027e-39	1050	7.69027e-39	0 2.53341e+07 5e+06 	3.03341e+07	6.52729	6.55445	12703.2	670	0.062994	0	4.029	1.02
308.4	0.00315414	0.00154181	42154.4	1050	105	41749.6	29.9863	29.9863	119.945	119.945	0 25987.4 1666.32 	27653.7	0.00469596	5.64268e-47	7.21914e-39	1050	7.21914e-39	0 2.54059e+07 5e+06 	3.04059e+07	6.53918	6.55445	12703.2	670	0.06336	0	4.029	1.02
308.6	0.00315334	0.0015463	42292.8	1050	105	41887.6	30.0158	30.0158	120.063	120.063	0 25905.3 1665.77 	27571.1	0.00469964	5.29284e-47	6.77687e-39	1050	6.77687e-39	0 2.54459e+07 5e+06 	3.04459e+07	6.54418	6.55445	12703.2	670	0.0635467	0	4.029	1.02
308.8	0.00315304	0.00154887	42373.6	1050	105	41968.2	30.045	30.045	120.18	120.18	0 25859.9 1665.03 	27524.9	0.00470191	4.96618e-47	6.3617e-39	1050	6.3617e-39	0 2.54704e+07 5e+06 	3.04704e+07	6.54605	6.55445	12703.2	670	0.0636402	0	4.029	1.02
309	0.00315297	0.00155051	42426.5	1050	105	42020.7	30.0739	30.0739	120.296	120.296	0 25832 1664.07 	27496.1	0.00470348	4.66039e-47	5.97197e-39	1050	5.97197e-39	0 2.54874e+07 5e+06 	3.04874e+07	6.54651	6.55445	12703.2	670	0.0636827	0	4.029	1.02
309.2	0.00315299	0.00155168	42465.1	1050	105	42059.1	30.1028	30.1028	120.411	120.411	0 25812.7 1662.87 	27475.6	0.00470467	4.37377e-47	5.6061e-39	1050	5.6061e-39	0 2.55003e+07 5e+06 	3.05003e+07	6.54633	6.55445	12703.2	670	0.0636948	0	4.029	1.02
309.4	0.00315307	0.0015526	42496	1050	105	42089.6	30.1317	30.1317	120.527	120.527	0 25798.1 1661.46 	27459.5	0.00470566	4.10495e-47	5.26266e-39	1050	5.26266e-39	0 2.55111e+07 5e+06 	3.05111e+07	6.54588	6.55445	12703.2	670	0.0636868	0	4.029	1.02
309.6	0.00315316	0.00155337	42522.2	1050	105	42115.6	30.1606	30.1606	120.642	120.642	0 25786 1659.84 	27445.9	0.00470652	3.85276e-47	4.94025e-39	1050	4.94025e-39	0 2.55204e+07 5e+06 	3.05204e+07	6.54532	6.55445	12703.2	670	0.0636644	0	4.029	1.02
309.8	0.00315325	0.00155404	42545.4	1050	105	42138.5	30.1894	30.1894	120.758	120.758	0 25775.6 1658.06 	27433.7	0.0047073	3.61614e-47	4.6376e-39	1050	4.6376e-39	0 2.55288e+07 5e+06 	3.05288e+07	6.54472	6.55445	12703.2	670	0.0636306	0	4.029	1.02
310	0.00315335	0.00155465	42566.3	1050	105	42159.1	30.2183	30.2183	120.873	120.873	0 25766.4 1656.12 	27422.5	0.004708	3.3941e-47	4.35348e-39	1050	4.35348e-39	0 2.55364e+07 5e+06 	3.05364e+07	6.54411	6.55445	12703.2	670	0.0635875	0	4.029	1.02
310.2	0.00315345	0.0015552	42585.5	1050	105	42178	30.2472	30.2472	120.989	120.989	0 25758 1654.05 	27412.1	0.00470865	3.18572e-47	4.08677e-39	1050	4.08677e-39	0 2.55435e+07 5e+06 	3.05435e+07	6.54351	6.55445	12703.2	670	0.0635366	0	4.029	1.02
310.4	0.00315354	0.00155571	42603.2	1050	105	42195.4	30.276	30.276	121.104	121.104	0 25750.4 1651.86 	27402.2	0.00470925	2.99017e-47	3.83641e-39	1050	3.83641e-39	0 2.555e+07 5e+06 	3.055e+07	6.54291	6.55445	12703.2	670	0.0634788	0	4.029	1.02
310.6	0.00315364	0.00155618	42619.7	1050	105	42211.6	30.3049	30.3049	121.22	121.22	0 25743.3 1649.57 	27392.9	0.00470982	2.80665e-47	3.60138e-39	1050	3.60138e-39	0 2.55562e+07 5e+06 	3.05562e+07	6.54234	6.55445	12703.2	670	0.0634152	0	4.029	1.02
310.8	0.00315373	0.00155662	42635.1	1050	105	42226.8	30.3338	30.3338	121.335	121.335	0 25736.8 1647.18 	27383.9	0.00471035	2.63441e-47	3.38074e-39	1050	3.38074e-39	0 2.55619e+07 5e+06 	3.05619e+07	6.54177	6.55445	12703.2	670	0.0633464	0	4.029	1.02
311	0.00315382	0.00155703	42649.6	1050	105	42241	30.3627	30.3627	121.451	121.451	0 25730.7 1644.72 	27375.4	0.00471085	2.47275e-47	3.17363e-39	1050	3.17363e-39	0 2.55674e+07 5e+06 	3.05674e+07	6.54121	6.55445	12703.2	670	0.0632732	0	4.029	1.02
311.2	0.0031539	0.00155742	42663.3	1050	105	42254.4	30.3916	30.3916	121.566	121.566	0 25725 1642.18 	27367.2	0.00471133	2.32103e-47	2.9792e-39	1050	2.9792e-39	0 2.55725e+07 5e+06 	3.05725e+07	6.54067	6.55445	12703.2	670	0.063196	0	4.029	1.02
311.4	0.00315399	0.00155779	42676.3	1050	105	42267.1	30.4205	30.4205	121.682	121.682	0 25719.6 1639.59 	27359.2	0.00471178	2.17863e-47	2.79669e-39	1050	2.79669e-39	0 2.55775e+07 5e+06 	3.05775e+07	6.54013	6.55445	12703.2	670	0.0631154	0	4.029	1.02
311.6	0.00315408	0.00155814	42688.7	1050	105	42279.2	30.4494	30.4494	121.798	121.798	0 25714.6 1636.94 	27351.5	0.00471221	2.04497e-47	2.62535e-39	1050	2.62535e-39	0 2.55822e+07 5e+06 	3.05822e+07	6.5396	6.55445	12703.2	670	0.0630318	0	4.029	1.02
311.8	0.00315416	0.00155847	42700.5	1050	105	42290.7	30.4783	30.4783	121.913	121.913	0 25709.8 1634.25 	27344	0.00471263	1.91952e-47	2.46452e-39	1050	2.46452e-39	0 2.55867e+07 5e+06 	3.05867e+07	6.53908	6.55445	12703.2	670	0.0629456	0	4.029	1.02
312	0.00315424	0.00155879	42711.8	1050	105	42301.7	30.5072	30.5072	122.029	122.029	0 25705.2 1631.52 	27336.7	0.00471303	1.80177e-47	2.31353e-39	1050	2.31353e-39	0 2.5591e+07 5e+06 	3.0591e+07	6.53856	6.55445	12703.2	670	0.0628571	0	4.029	1.02
312.2	0.00315432	0.00155909	42722.7	1050	105	42312.4	30.5361	30.5361	122.144	122.144	0 25700.8 1628.76 	27329.6	0.00471342	1.69125e-47	2.1718e-39	1050	2.1718e-39	0 2.55952e+07 5e+06 	3.05952e+07	6.53805	6.55445	12703.2	670	0.0627666	0	4.029	1.02
312.4	0.00315441	0.00155939	42733.3	1050	105	42322.6	30.565	30.565	122.26	122.26	0 25696.7 1625.96 	27322.6	0.00471379	1.58751e-47	2.03875e-39	1050	2.03875e-39	0 2.55993e+07 5e+06 	3.05993e+07	6.53755	6.55445	12703.2	670	0.0626743	0	4.029	1.02
312.6	0.00315449	0.00155967	42743.5	1050	105	42332.5	30.5938	30.5938	122.375	122.375	0 25692.6 1623.14 	27315.8	0.00471416	1.49014e-47	1.91385e-39	1050	1.91385e-39	0 2.56033e+07 5e+06 	3.06033e+07	6.53705	6.55445	12703.2	670	0.0625805	0	4.029	1.02
312.8	0.00315457	0.00155995	42753.4	1050	105	42342.1	30.6227	30.6227	122.491	122.491	0 25688.7 1620.3 	27309	0.00471451	1.39874e-47	1.7966e-39	1050	1.7966e-39	0 2.56071e+07 5e+06 	3.06071e+07	6.53655	6.55445	12703.2	670	0.0624854	0	4.029	1.02
313	0.00315465	0.00156022	42763	1050	105	42351.5	30.6516	30.6516	122.606	122.606	0 25685 1617.44 	27302.4	0.00471486	1.31296e-47	1.68653e-39	1050	1.68653e-39	0 2.56109e+07 5e+06 	3.06109e+07	6.53606	6.55445	12703.2	670	0.0623891	0	4.029	1.02
313.2	0.00315472	0.00156048	42772.5	1050	105	42360.7	30.6805	30.6805	122.722	122.722	0 25681.3 1614.56 	27295.9	0.0047152	1.23243e-47	1.58321e-39	1050	1.58321e-39	0 2.56146e+07 5e+06 	3.06146e+07	6.53557	6.55445	12703.2	670	0.0622919	0	4.029	1.02
313.4	0.0031548	0.00156073	42781.7	1050	105	42369.6	30.7093	30.7093	122.837	122.837	0 25677.8 1611.67 	27289.4	0.00471553	1.15685e-47	1.48622e-39	1050	1.48622e-39	0 2.56182e+07 5e+06 	3.06182e+07	6.53508	6.55445	12703.2	670	0.0621937	0	4.029	1.02
313.6	0.00315488	0.00156098	42790.8	1050	105	42378.4	30.7382	30.7382	122.953	122.953	0 25674.3 1608.76 	27283	0.00471586	1.0859e-47	1.39517e-39	1050	1.39517e-39	0 2.56218e+07 5e+06 	3.06218e+07	6.5346	6.55445	12703.2	670	0.0620948	0	4.029	1.02
313.8	0.00315496	0.00156123	42799.7	1050	105	42387	30.767	30.767	123.068	123.068	0 25670.9 1605.85 	27276.7	0.00471619	1.0193e-47	1.3097e-39	1050	1.3097e-39	0 2.56253e+07 5e+06 	3.06253e+07	6.53411	6.55445	12703.2	670	0.0619953	0	4.029	1.02
314	0.00315503	0.00156147	42808.4	1050	105	42395.5	30.7959	30.7959	123.184	123.184	0 25667.5 1602.93 	27270.5	0.0047165	9.56794e-48	1.22946e-39	1050	1.22946e-39	0 2.56288e+07 5e+06 	3.06288e+07	6.53363	6.55445	12703.2	670	0.0618953	0	4.029	1.02
314.2	0.00315511	0.00156171	42817.1	1050	105	42403.9	30.8247	30.8247	123.299	123.299	0 25664.2 1600 	27264.2	0.00471682	8.98118e-48	1.15414e-39	1050	1.15414e-39	0 2.56322e+07 5e+06 	3.06322e+07	6.53316	6.55445	12703.2	670	0.0617947	0	4.029	1.02
314.4	0.00315519	0.00156194	42825.7	1050	105	42412.1	30.8536	30.8536	123.414	123.414	0 25661 1597.07 	27258.1	0.00471713	8.43041e-48	1.08343e-39	1050	1.08343e-39	0 2.56356e+07 5e+06 	3.06356e+07	6.53268	6.55445	12703.2	670	0.0616938	0	4.029	1.02
314.6	0.00315527	0.00156217	42834.1	1050	105	42420.3	30.8824	30.8824	123.53	123.53	0 25657.8 1594.13 	27252	0.00471744	7.91342e-48	1.01706e-39	1050	1.01706e-39	0 2.56389e+07 5e+06 	3.06389e+07	6.53221	6.55445	12703.2	670	0.0615925	0	4.029	1.02
314.8	0.00315534	0.0015624	42842.5	1050	105	42428.4	30.9112	30.9112	123.645	123.645	0 25654.7 1591.19 	27245.9	0.00471774	7.42814e-48	9.54752e-40	1050	9.54752e-40	0 2.56422e+07 5e+06 	3.06422e+07	6.53173	6.55445	12703.2	670	0.0614909	0	4.029	1.02
315	0.00315542	0.00156263	42850.8	1050	105	42436.4	30.94	30.94	123.76	123.76	0 25651.6 1588.25 	27239.8	0.00471805	6.97262e-48	8.96261e-40	1050	8.96261e-40	0 2.56455e+07 5e+06 	3.06455e+07	6.53126	6.55445	12703.2	670	0.0613891	0	4.029	1.02
315.2	0.00315549	0.00156286	42859	1050	105	42444.3	30.9688	30.9688	123.875	123.875	0 25648.5 1585.31 	27233.8	0.00471835	6.54504e-48	8.41353e-40	1050	8.41353e-40	0 2.56488e+07 5e+06 	3.06488e+07	6.53079	6.55445	12703.2	670	0.0612871	0	4.029	1.02
315.4	0.00315557	0.00156308	42867.2	1050	105	42452.2	30.9976	30.9976	123.99	123.99	0 25645.4 1582.36 	27227.8	0.00471865	6.14368e-48	7.89809e-40	1050	7.89809e-40	0 2.56521e+07 5e+06 	3.06521e+07	6.53032	6.55445	12703.2	670	0.0611849	0	4.029	1.02
315.6	0.00315564	0.0015633	42875.3	1050	105	42460.1	31.0264	31.0264	124.106	124.106	0 25642.4 1579.42 	27221.8	0.00471895	5.76693e-48	7.41423e-40	1050	7.41423e-40	0 2.56553e+07 5e+06 	3.06553e+07	6.52985	6.55445	12703.2	670	0.0610826	0	4.029	1.02
315.8	0.00315572	0.00156352	42883.4	1050	105	42467.9	31.0552	31.0552	124.221	124.221	0 25639.4 1576.47 	27215.8	0.00471924	5.41329e-48	6.96001e-40	1050	6.96001e-40	0 2.56585e+07 5e+06 	3.06585e+07	6.52938	6.55445	12703.2	670	0.0609802	0	4.029	1.02
316	0.00315579	0.00156374	42891.5	1050	105	42475.6	31.084	31.084	124.336	124.336	0 25636.4 1573.53 	27209.9	0.00471954	5.08134e-48	6.53362e-40	1050	6.53362e-40	0 2.56617e+07 5e+06 	3.06617e+07	6.52892	6.55445	12703.2	670	0.0608778	0	4.029	1.02
316.2	0.00315587	0.00156396	42899.5	1050	105	42483.3	31.1127	31.1127	124.451	124.451	0 25633.4 1570.59 	27204	0.00471983	4.76974e-48	6.13335e-40	1050	6.13335e-40	0 2.56649e+07 5e+06 	3.06649e+07	6.52845	6.55445	12703.2	670	0.0607752	0	4.029	1.02
316.4	0.00315594	0.00156418	42907.4	1050	105	42491	31.1415	31.1415	124.566	124.566	0 25630.4 1567.64 	27198.1	0.00472012	4.47726e-48	5.7576e-40	1050	5.7576e-40	0 2.56681e+07 5e+06 	3.06681e+07	6.52799	6.55445	12703.2	670	0.0606727	0	4.029	1.02
316.6	0.00315602	0.0015644	42915.4	1050	105	42498.7	31.1702	31.1702	124.681	124.681	0 25627.5 1564.7 	27192.2	0.00472042	4.20271e-48	5.40487e-40	1050	5.40487e-40	0 2.56713e+07 5e+06 	3.06713e+07	6.52752	6.55445	12703.2	670	0.0605701	0	4.029	1.02
316.8	0.00315609	0.00156461	42923.3	1050	105	42506.3	31.199	31.199	124.796	124.796	0 25624.6 1561.77 	27186.3	0.00472071	3.94499e-48	5.07375e-40	1050	5.07375e-40	0 2.56745e+07 5e+06 	3.06745e+07	6.52706	6.55445	12703.2	670	0.0604675	0	4.029	1.02
317	0.00315617	0.00156483	42931.2	1050	105	42513.9	31.2277	31.2277	124.911	124.911	0 25621.6 1558.83 	27180.5	0.004721	3.70308e-48	4.76292e-40	1050	4.76292e-40	0 2.56776e+07 5e+06 	3.06776e+07	6.52659	6.55445	12703.2	670	0.060365	0	4.029	1.02
317.2	0.00315624	0.00156504	42939.1	1050	105	42521.5	31.2565	31.2565	125.026	125.026	0 25618.7 1555.9 	27174.6	0.00472129	3.47601e-48	4.47113e-40	1050	4.47113e-40	0 2.56808e+07 5e+06 	3.06808e+07	6.52613	6.55445	12703.2	670	0.0602624	0	4.029	1.02
317.4	0.00315632	0.00156526	42947	1050	105	42529.1	31.2852	31.2852	125.141	125.141	0 25615.8 1552.96 	27168.8	0.00472158	3.26286e-48	4.19721e-40	1050	4.19721e-40	0 2.56839e+07 5e+06 	3.06839e+07	6.52567	6.55445	12703.2	670	0.0601599	0	4.029	1.02
317.6	0.00315639	0.00156547	42954.8	1050	105	42536.7	31.3139	31.3139	125.256	125.256	0 25612.9 1550.04 	27162.9	0.00472186	3.06278e-48	3.94008e-40	1050	3.94008e-40	0 2.5687e+07 5e+06 	3.0687e+07	6.52521	6.55445	12703.2	670	0.0600575	0	4.029	1.02
317.8	0.00315647	0.00156569	42962.7	1050	105	42544.2	31.3426	31.3426	125.37	125.37	0 25610 1547.11 	27157.1	0.00472215	2.87497e-48	3.6987e-40	1050	3.6987e-40	0 2.56902e+07 5e+06 	3.06902e+07	6.52475	6.55445	12703.2	670	0.059955	0	4.029	1.02
318	0.00315654	0.0015659	42970.5	1050	105	42551.8	31.3713	31.3713	125.485	125.485	0 25607.1 1544.19 	27151.3	0.00472244	2.69867e-48	3.47211e-40	1050	3.47211e-40	0 2.56933e+07 5e+06 	3.06933e+07	6.52429	6.55445	12703.2	670	0.0598527	0	4.029	1.02
318.2	0.00315662	0.00156611	42978.3	1050	105	42559.3	31.4	31.4	125.6	125.6	0 25604.3 1541.27 	27145.5	0.00472273	2.53319e-48	3.25939e-40	1050	3.25939e-40	0 2.56964e+07 5e+06 	3.06964e+07	6.52383	6.55445	12703.2	670	0.0597504	0	4.029	1.02
318.4	0.00315669	0.00156632	42986.1	1050	105	42566.8	31.4287	31.4287	125.715	125.715	0 25601.4 1538.35 	27139.7	0.00472301	2.37785e-48	3.05971e-40	1050	3.05971e-40	0 2.56996e+07 5e+06 	3.06996e+07	6.52337	6.55445	12703.2	670	0.0596481	0	4.029	1.02
318.6	0.00315676	0.00156654	42993.9	1050	105	42574.3	31.4573	31.4573	125.829	125.829	0 25598.5 1535.44 	27133.9	0.0047233	2.23204e-48	2.87227e-40	1050	2.87227e-40	0 2.57027e+07 5e+06 	3.07027e+07	6.52291	6.55445	12703.2	670	0.059546	0	4.029	1.02
318.8	0.00315684	0.00156675	43001.7	1050	105	42581.8	31.486	31.486	125.944	125.944	0 25595.6 1532.53 	27128.2	0.00472359	2.09518e-48	2.6963e-40	1050	2.6963e-40	0 2.57058e+07 5e+06 	3.07058e+07	6.52245	6.55445	12703.2	670	0.0594439	0	4.029	1.02
319	0.00315691	0.00156696	43009.4	1050	105	42589.3	31.5147	31.5147	126.059	126.059	0 25592.8 1529.62 	27122.4	0.00472387	1.9667e-48	2.53112e-40	1050	2.53112e-40	0 2.57089e+07 5e+06 	3.07089e+07	6.52199	6.55445	12703.2	670	0.0593419	0	4.029	1.02
319.2	0.00315698	0.00156717	43017.2	1050	105	42596.8	31.5433	31.5433	126.173	126.173	0 25589.9 1526.72 	27116.6	0.00472416	1.8461e-48	2.37605e-40	1050	2.37605e-40	0 2.5712e+07 5e+06 	3.0712e+07	6.52154	6.55445	12703.2	670	0.05924	0	4.029	1.02
319.4	0.00315706	0.00156738	43025	1050	105	42604.2	31.572	31.572	126.288	126.288	0 25587.1 1523.82 	27110.9	0.00472444	1.7329e-48	2.23049e-40	1050	2.23049e-40	0 2.57151e+07 5e+06 	3.07151e+07	6.52108	6.55445	12703.2	670	0.0591381	0	4.029	1.02
319.6	0.00315713	0.00156759	43032.7	1050	105	42611.7	31.6006	31.6006	126.402	126.402	0 25584.2 1520.92 	27105.1	0.00472473	1.62664e-48	2.09384e-40	1050	2.09384e-40	0 2.57182e+07 5e+06 	3.07182e+07	6.52063	6.55445	12703.2	670	0.0590364	0	4.029	1.02
319.8	0.00315721	0.00156781	43040.5	1050	105	42619.2	31.6292	31.6292	126.517	126.517	0 25581.4 1518.03 	27099.4	0.00472501	1.52689e-48	1.96557e-40	1050	1.96557e-40	0 2.57213e+07 5e+06 	3.07213e+07	6.52017	6.55445	12703.2	670	0.0589347	0	4.029	1.02
320	0.00315728	0.00156802	43048.2	1050	105	42626.6	31.6578	31.6578	126.631	126.631	0 25578.5 1515.14 	27093.7	0.00472529	1.43327e-48	1.84515e-40	1050	1.84515e-40	0 2.57244e+07 5e+06 	3.07244e+07	6.51971	6.55445	12703.2	670	0.0588331	0	4.029	1.02
320.2	0.00315735	0.00156823	43055.9	1050	105	42634.1	31.6864	31.6864	126.746	126.746	0 25575.7 1512.26 	27087.9	0.00472558	1.34538e-48	1.73211e-40	1050	1.73211e-40	0 2.57275e+07 5e+06 	3.07275e+07	6.51926	6.55445	12703.2	670	0.0587316	0	4.029	1.02
320.4	0.00315743	0.00156844	43063.7	1050	105	42641.5	31.715	31.715	126.86	126.86	0 25572.9 1509.38 	27082.2	0.00472586	1.26288e-48	1.626e-40	1050	1.626e-40	0 2.57306e+07 5e+06 	3.07306e+07	6.51881	6.55445	12703.2	670	0.0586302	0	4.029	1.02
320.6	0.0031575	0.00156865	43071.4	1050	105	42649	31.7436	31.7436	126.974	126.974	0 25570 1506.5 	27076.5	0.00472615	1.18544e-48	1.52638e-40	1050	1.52638e-40	0 2.57337e+07 5e+06 	3.07337e+07	6.51835	6.55445	12703.2	670	0.058529	0	4.029	1.02
320.8	0.00315757	0.00156886	43079.1	1050	105	42656.4	31.7722	31.7722	127.089	127.089	0 25567.2 1503.62 	27070.8	0.00472643	1.11275e-48	1.43287e-40	1050	1.43287e-40	0 2.57367e+07 5e+06 	3.07367e+07	6.5179	6.55445	12703.2	670	0.0584278	0	4.029	1.02
321	0.00315765	0.00156907	43086.8	1050	105	42663.8	31.8008	31.8008	127.203	127.203	0 25564.3 1500.75 	27065.1	0.00472671	1.04452e-48	1.34509e-40	1050	1.34509e-40	0 2.57398e+07 5e+06 	3.07398e+07	6.51745	6.55445	12703.2	670	0.0583267	0	4.029	1.02
321.2	0.00315772	0.00156928	43094.6	1050	105	42671.3	31.8293	31.8293	127.317	127.317	0 25561.5 1497.89 	27059.4	0.004727	9.80469e-49	1.26269e-40	1050	1.26269e-40	0 2.57429e+07 5e+06 	3.07429e+07	6.51699	6.55445	12703.2	670	0.0582257	0	4.029	1.02
321.4	0.00315779	0.00156949	43102.3	1050	105	42678.7	31.8579	31.8579	127.432	127.432	0 25558.7 1495.02 	27053.7	0.00472728	9.20347e-49	1.18533e-40	1050	1.18533e-40	0 2.5746e+07 5e+06 	3.0746e+07	6.51654	6.55445	12703.2	670	0.0581247	0	4.029	1.02
321.6	0.00315786	0.0015697	43110	1050	105	42686.1	31.8865	31.8865	127.546	127.546	0 25555.9 1492.16 	27048	0.00472756	8.63912e-49	1.11271e-40	1050	1.11271e-40	0 2.57491e+07 5e+06 	3.07491e+07	6.51609	6.55445	12703.2	670	0.0580239	0	4.029	1.02
321.8	0.00315794	0.00156991	43117.7	1050	105	42693.5	31.915	31.915	127.66	127.66	0 25553 1489.31 	27042.3	0.00472784	8.10938e-49	1.04454e-40	1050	1.04454e-40	0 2.57522e+07 5e+06 	3.07522e+07	6.51564	6.55445	12703.2	670	0.0579232	0	4.029	1.02
322	0.00315801	0.00157012	43125.4	1050	105	42700.9	31.9435	31.9435	127.774	127.774	0 25550.2 1486.45 	27036.7	0.00472813	7.61212e-49	9.80553e-41	1050	9.80553e-41	0 2.57552e+07 5e+06 	3.07552e+07	6.51519	6.55445	12703.2	670	0.0578226	0	4.029	1.02
322.2	0.00315808	0.00157033	43133.1	1050	105	42708.3	31.972	31.972	127.888	127.888	0 25547.4 1483.61 	27031	0.00472841	7.14535e-49	9.20481e-41	1050	9.20481e-41	0 2.57583e+07 5e+06 	3.07583e+07	6.51474	6.55445	12703.2	670	0.0577221	0	4.029	1.02
322.4	0.00315816	0.00157054	43140.8	1050	105	42715.8	32.0006	32.0006	128.002	128.002	0 25544.6 1480.76 	27025.3	0.00472869	6.70721e-49	8.6409e-41	1050	8.6409e-41	0 2.57614e+07 5e+06 	3.07614e+07	6.51429	6.55445	12703.2	670	0.0576217	0	4.029	1.02
322.6	0.00315823	0.00157075	43148.4	1050	105	42723.2	32.0291	32.0291	128.116	128.116	0 25541.8 1477.92 	27019.7	0.00472897	6.29593e-49	8.11153e-41	1050	8.11153e-41	0 2.57645e+07 5e+06 	3.07645e+07	6.51384	6.55445	12703.2	670	0.0575214	0	4.029	1.02
322.8	0.0031583	0.00157095	43156.1	1050	105	42730.6	32.0576	32.0576	128.23	128.23	0 25539 1475.08 	27014	0.00472925	5.90987e-49	7.61459e-41	1050	7.61459e-41	0 2.57675e+07 5e+06 	3.07675e+07	6.51339	6.55445	12703.2	670	0.0574212	0	4.029	1.02
323	0.00315837	0.00157116	43163.8	1050	105	42738	32.086	32.086	128.344	128.344	0 25536.1 1472.25 	27008.4	0.00472954	5.54748e-49	7.1481e-41	1050	7.1481e-41	0 2.57706e+07 5e+06 	3.07706e+07	6.51294	6.55445	12703.2	670	0.0573211	0	4.029	1.02
323.2	0.00315845	0.00157137	43171.5	1050	105	42745.4	32.1145	32.1145	128.458	128.458	0 25533.3 1469.42 	27002.7	0.00472982	5.20731e-49	6.71018e-41	1050	6.71018e-41	0 2.57737e+07 5e+06 	3.07737e+07	6.51249	6.55445	12703.2	670	0.0572211	0	4.029	1.02
323.4	0.00315852	0.00157158	43179.2	1050	105	42752.7	32.143	32.143	128.572	128.572	0 25530.5 1466.59 	26997.1	0.0047301	4.88801e-49	6.2991e-41	1050	6.2991e-41	0 2.57767e+07 5e+06 	3.07767e+07	6.51204	6.55445	12703.2	670	0.0571212	0	4.029	1.02
323.6	0.00315859	0.00157179	43186.8	1050	105	42760.1	32.1715	32.1715	128.686	128.686	0 25527.7 1463.77 	26991.5	0.00473038	4.58828e-49	5.91319e-41	1050	5.91319e-41	0 2.57798e+07 5e+06 	3.07798e+07	6.5116	6.55445	12703.2	670	0.0570214	0	4.029	1.02
323.8	0.00315866	0.001572	43194.5	1050	105	42767.5	32.1999	32.1999	128.8	128.8	0 25524.9 1460.95 	26985.9	0.00473066	4.30693e-49	5.55093e-41	1050	5.55093e-41	0 2.57829e+07 5e+06 	3.07829e+07	6.51115	6.55445	12703.2	670	0.0569218	0	4.029	1.02
324	0.00315873	0.00157221	43202.2	1050	105	42774.9	32.2283	32.2283	128.913	128.913	0 25522.1 1458.14 	26980.2	0.00473094	4.04284e-49	5.21087e-41	1050	5.21087e-41	0 2.57859e+07 5e+06 	3.07859e+07	6.5107	6.55445	12703.2	670	0.0568222	0	4.029	1.02
324.2	0.00315881	0.00157242	43209.9	1050	105	42782.3	32.2568	32.2568	129.027	129.027	0 25519.3 1455.33 	26974.6	0.00473122	3.79493e-49	4.89163e-41	1050	4.89163e-41	0 2.5789e+07 5e+06 	3.0789e+07	6.51026	6.55445	12703.2	670	0.0567227	0	4.029	1.02
324.4	0.00315888	0.00157262	43217.5	1050	105	42789.7	32.2852	32.2852	129.141	129.141	0 25516.5 1452.52 	26969	0.0047315	3.56223e-49	4.59196e-41	1050	4.59196e-41	0 2.5792e+07 5e+06 	3.0792e+07	6.50981	6.55445	12703.2	670	0.0566233	0	4.029	1.02
324.6	0.00315895	0.00157283	43225.2	1050	105	42797	32.3136	32.3136	129.254	129.254	0 25513.7 1449.72 	26963.4	0.00473178	3.3438e-49	4.31064e-41	1050	4.31064e-41	0 2.57951e+07 5e+06 	3.07951e+07	6.50937	6.55445	12703.2	670	0.056524	0	4.029	1.02
324.8	0.00315902	0.00157304	43232.8	1050	105	42804.4	32.342	32.342	129.368	129.368	0 25510.9 1446.92 	26957.8	0.00473206	3.13876e-49	4.04656e-41	1050	4.04656e-41	0 2.57982e+07 5e+06 	3.07982e+07	6.50892	6.55445	12703.2	670	0.0564248	0	4.029	1.02
325	0.00315909	0.00157325	43240.5	1050	105	42811.8	32.3704	32.3704	129.482	129.482	0 25508.1 1444.12 	26952.2	0.00473235	2.9463e-49	3.79865e-41	1050	3.79865e-41	0 2.58012e+07 5e+06 	3.08012e+07	6.50848	6.55445	12703.2	670	0.0563258	0	4.029	1.02
325.2	0.00315917	0.00157346	43248.1	1050	105	42819.2	32.3988	32.3988	129.595	129.595	0 25505.3 1441.33 	26946.6	0.00473263	2.76564e-49	3.56593e-41	1050	3.56593e-41	0 2.58043e+07 5e+06 	3.08043e+07	6.50803	6.55445	12703.2	670	0.0562268	0	4.029	1.02
325.4	0.00315924	0.00157367	43255.8	1050	105	42826.5	32.4272	32.4272	129.709	129.709	0 25502.5 1438.54 	26941	0.00473291	2.59605e-49	3.34747e-41	1050	3.34747e-41	0 2.58073e+07 5e+06 	3.08073e+07	6.50759	6.55445	12703.2	670	0.0561279	0	4.029	1.02
325.6	0.00315931	0.00157387	43263.4	1050	105	42833.9	32.4556	32.4556	129.822	129.822	0 25499.7 1435.75 	26935.5	0.00473318	2.43687e-49	3.1424e-41	1050	3.1424e-41	0 2.58104e+07 5e+06 	3.08104e+07	6.50715	6.55445	12703.2	670	0.0560292	0	4.029	1.02
325.8	0.00315938	0.00157408	43271.1	1050	105	42841.2	32.4839	32.4839	129.936	129.936	0 25496.9 1432.97 	26929.9	0.00473346	2.28744e-49	2.94989e-41	1050	2.94989e-41	0 2.58134e+07 5e+06 	3.08134e+07	6.5067	6.55445	12703.2	670	0.0559305	0	4.029	1.02
326	0.00315945	0.00157429	43278.7	1050	105	42848.6	32.5123	32.5123	130.049	130.049	0 25494.1 1430.19 	26924.3	0.00473374	2.14718e-49	2.76917e-41	1050	2.76917e-41	0 2.58165e+07 5e+06 	3.08165e+07	6.50626	6.55445	12703.2	670	0.0558319	0	4.029	1.02
326.2	0.00315953	0.0015745	43286.4	1050	105	42856	32.5406	32.5406	130.162	130.162	0 25491.3 1427.42 	26918.8	0.00473402	2.01552e-49	2.59952e-41	1050	2.59952e-41	0 2.58195e+07 5e+06 	3.08195e+07	6.50582	6.55445	12703.2	670	0.0557335	0	4.029	1.02
326.4	0.0031596	0.00157471	43294	1050	105	42863.3	32.5689	32.5689	130.276	130.276	0 25488.6 1424.65 	26913.2	0.0047343	1.89193e-49	2.44026e-41	1050	2.44026e-41	0 2.58226e+07 5e+06 	3.08226e+07	6.50538	6.55445	12703.2	670	0.0556351	0	4.029	1.02
326.6	0.00315967	0.00157491	43301.6	1050	105	42870.7	32.5973	32.5973	130.389	130.389	0 25485.8 1421.88 	26907.7	0.00473458	1.77592e-49	2.29077e-41	1050	2.29077e-41	0 2.58256e+07 5e+06 	3.08256e+07	6.50494	6.55445	12703.2	670	0.0555369	0	4.029	1.02
326.8	0.00315974	0.00157512	43309.3	1050	105	42878	32.6256	32.6256	130.502	130.502	0 25483 1419.12 	26902.1	0.00473486	1.66702e-49	2.15043e-41	1050	2.15043e-41	0 2.58286e+07 5e+06 	3.08286e+07	6.50449	6.55445	12703.2	670	0.0554387	0	4.029	1.02
327	0.00315981	0.00157533	43316.9	1050	105	42885.4	32.6539	32.6539	130.616	130.616	0 25480.2 1416.36 	26896.6	0.00473514	1.5648e-49	2.01868e-41	1050	2.01868e-41	0 2.58317e+07 5e+06 	3.08317e+07	6.50405	6.55445	12703.2	670	0.0553407	0	4.029	1.02
327.2	0.00315988	0.00157554	43324.5	1050	105	42892.7	32.6822	32.6822	130.729	130.729	0 25477.4 1413.61 	26891	0.00473542	1.46885e-49	1.89501e-41	1050	1.89501e-41	0 2.58347e+07 5e+06 	3.08347e+07	6.50361	6.55445	12703.2	670	0.0552427	0	4.029	1.02
327.4	0.00315995	0.00157574	43332.1	1050	105	42900	32.7105	32.7105	130.842	130.842	0 25474.6 1410.85 	26885.5	0.0047357	1.37878e-49	1.77892e-41	1050	1.77892e-41	0 2.58378e+07 5e+06 	3.08378e+07	6.50318	6.55445	12703.2	670	0.0551449	0	4.029	1.02
327.6	0.00316002	0.00157595	43339.8	1050	105	42907.4	32.7388	32.7388	130.955	130.955	0 25471.9 1408.11 	26880	0.00473598	1.29424e-49	1.66994e-41	1050	1.66994e-41	0 2.58408e+07 5e+06 	3.08408e+07	6.50274	6.55445	12703.2	670	0.0550472	0	4.029	1.02
327.8	0.0031601	0.00157616	43347.4	1050	105	42914.7	32.767	32.767	131.068	131.068	0 25469.1 1405.36 	26874.4	0.00473625	1.21488e-49	1.56763e-41	1050	1.56763e-41	0 2.58438e+07 5e+06 	3.08438e+07	6.5023	6.55445	12703.2	670	0.0549495	0	4.029	1.02
328	0.00316017	0.00157637	43355	1050	105	42922	32.7953	32.7953	131.181	131.181	0 25466.3 1402.62 	26868.9	0.00473653	1.14038e-49	1.47159e-41	1050	1.47159e-41	0 2.58469e+07 5e+06 	3.08469e+07	6.50186	6.55445	12703.2	670	0.054852	0	4.029	1.02
328.2	0.00316024	0.00157657	43362.6	1050	105	42929.4	32.8235	32.8235	131.294	131.294	0 25463.5 1399.88 	26863.4	0.00473681	1.07046e-49	1.38144e-41	1050	1.38144e-41	0 2.58499e+07 5e+06 	3.08499e+07	6.50142	6.55445	12703.2	670	0.0547546	0	4.029	1.02
328.4	0.00316031	0.00157678	43370.2	1050	105	42936.7	32.8518	32.8518	131.407	131.407	0 25460.8 1397.15 	26857.9	0.00473709	1.00482e-49	1.29681e-41	1050	1.29681e-41	0 2.5853e+07 5e+06 	3.0853e+07	6.50098	6.55445	12703.2	670	0.0546572	0	4.029	1.02
328.6	0.00316038	0.00157699	43377.8	1050	105	42944	32.88	32.88	131.52	131.52	0 25458 1394.42 	26852.4	0.00473737	9.43206e-50	1.21736e-41	1050	1.21736e-41	0 2.5856e+07 5e+06 	3.0856e+07	6.50055	6.55445	12703.2	670	0.05456	0	4.029	1.02
328.8	0.00316045	0.00157719	43385.4	1050	105	42951.3	32.9082	32.9082	131.633	131.633	0 25455.2 1391.69 	26846.9	0.00473764	8.85371e-50	1.14278e-41	1050	1.14278e-41	0 2.5859e+07 5e+06 	3.0859e+07	6.50011	6.55445	12703.2	670	0.0544629	0	4.029	1.02
329	0.00316052	0.0015774	43393	1050	105	42958.7	32.9364	32.9364	131.746	131.746	0 25452.5 1388.97 	26841.4	0.00473792	8.31081e-50	1.07277e-41	1050	1.07277e-41	0 2.5862e+07 5e+06 	3.0862e+07	6.49967	6.55445	12703.2	670	0.0543659	0	4.029	1.02
329.2	0.00316059	0.00157761	43400.6	1050	105	42966	32.9646	32.9646	131.859	131.859	0 25449.7 1386.25 	26835.9	0.0047382	7.80121e-50	1.00705e-41	1050	1.00705e-41	0 2.58651e+07 5e+06 	3.08651e+07	6.49924	6.55445	12703.2	670	0.0542689	0	4.029	1.02
329.4	0.00316066	0.00157781	43408.2	1050	105	42973.3	32.9928	32.9928	131.971	131.971	0 25446.9 1383.54 	26830.5	0.00473848	7.32286e-50	9.45356e-42	1050	9.45356e-42	0 2.58681e+07 5e+06 	3.08681e+07	6.4988	6.55445	12703.2	670	0.0541721	0	4.029	1.02
329.6	0.00316073	0.00157802	43415.8	1050	105	42980.6	33.021	33.021	132.084	132.084	0 25444.2 1380.82 	26825	0.00473875	6.87383e-50	8.87441e-42	1050	8.87441e-42	0 2.58711e+07 5e+06 	3.08711e+07	6.49837	6.55445	12703.2	670	0.0540754	0	4.029	1.02
329.8	0.0031608	0.00157823	43423.4	1050	105	42987.9	33.0492	33.0492	132.197	132.197	0 25441.4 1378.12 	26819.5	0.00473903	6.45234e-50	8.33073e-42	1050	8.33073e-42	0 2.58742e+07 5e+06 	3.08742e+07	6.49793	6.55445	12703.2	670	0.0539788	0	4.029	1.02
330	0.00316087	0.00157843	43431	1050	105	42995.2	33.0773	33.0773	132.309	132.309	0 25438.6 1375.41 	26814.1	0.00473931	6.0567e-50	7.82037e-42	1050	7.82037e-42	0 2.58772e+07 5e+06 	3.08772e+07	6.4975	6.55445	12703.2	670	0.0538823	0	4.029	1.02
330.2	0.00316094	0.00157864	43438.6	1050	105	43002.5	33.1055	33.1055	132.422	132.422	0 25435.9 1372.71 	26808.6	0.00473958	5.68532e-50	7.34127e-42	1050	7.34127e-42	0 2.58802e+07 5e+06 	3.08802e+07	6.49706	6.55445	12703.2	670	0.0537858	0	4.029	1.02
330.4	0.00316101	0.00157885	43446.2	1050	105	43009.8	33.1336	33.1336	132.535	132.535	0 25433.1 1370.01 	26803.1	0.00473986	5.3367e-50	6.89152e-42	1050	6.89152e-42	0 2.58832e+07 5e+06 	3.08832e+07	6.49663	6.55445	12703.2	670	0.0536895	0	4.029	1.02
330.6	0.00316108	0.00157905	43453.8	1050	105	43017.1	33.1618	33.1618	132.647	132.647	0 25430.4 1367.32 	26797.7	0.00474014	5.00947e-50	6.46932e-42	1050	6.46932e-42	0 2.58862e+07 5e+06 	3.08862e+07	6.4962	6.55445	12703.2	670	0.0535933	0	4.029	1.02
330.8	0.00316115	0.00157926	43461.3	1050	105	43024.4	33.1899	33.1899	132.76	132.76	0 25427.6 1364.63 	26792.2	0.00474041	4.7023e-50	6.07299e-42	1050	6.07299e-42	0 2.58893e+07 5e+06 	3.08893e+07	6.49576	6.55445	12703.2	670	0.0534972	0	4.029	1.02
331	0.00316122	0.00157946	43468.9	1050	105	43031.7	33.218	33.218	132.872	132.872	0 25424.9 1361.94 	26786.8	0.00474069	4.41396e-50	5.70094e-42	1050	5.70094e-42	0 2.58923e+07 5e+06 	3.08923e+07	6.49533	6.55445	12703.2	670	0.0534012	0	4.029	1.02
331.2	0.00316129	0.00157967	43476.5	1050	105	43039	33.2461	33.2461	132.984	132.984	0 25422.1 1359.26 	26781.4	0.00474097	4.14331e-50	5.35168e-42	1050	5.35168e-42	0 2.58953e+07 5e+06 	3.08953e+07	6.4949	6.55445	12703.2	670	0.0533053	0	4.029	1.02
331.4	0.00316136	0.00157988	43484.1	1050	105	43046.3	33.2742	33.2742	133.097	133.097	0 25419.4 1356.58 	26775.9	0.00474124	3.88925e-50	5.02382e-42	1050	5.02382e-42	0 2.58983e+07 5e+06 	3.08983e+07	6.49447	6.55445	12703.2	670	0.0532095	0	4.029	1.02
331.6	0.00316143	0.00158008	43491.6	1050	105	43053.6	33.3023	33.3023	133.209	133.209	0 25416.6 1353.91 	26770.5	0.00474152	3.65077e-50	4.71605e-42	1050	4.71605e-42	0 2.59013e+07 5e+06 	3.09013e+07	6.49404	6.55445	12703.2	670	0.0531138	0	4.029	1.02
331.8	0.0031615	0.00158029	43499.2	1050	105	43060.9	33.3304	33.3304	133.321	133.321	0 25413.9 1351.23 	26765.1	0.00474179	3.42692e-50	4.42713e-42	1050	4.42713e-42	0 2.59043e+07 5e+06 	3.09043e+07	6.49361	6.55445	12703.2	670	0.0530182	0	4.029	1.02
332	0.00316157	0.00158049	43506.8	1050	105	43068.2	33.3584	33.3584	133.434	133.434	0 25411.1 1348.56 	26759.7	0.00474207	3.21679e-50	4.15591e-42	1050	4.15591e-42	0 2.59073e+07 5e+06 	3.09073e+07	6.49318	6.55445	12703.2	670	0.0529227	0	4.029	1.02
332.2	0.00316164	0.0015807	43514.3	1050	105	43075.5	33.3865	33.3865	133.546	133.546	0 25408.4 1345.9 	26754.3	0.00474234	3.01954e-50	3.90131e-42	1050	3.90131e-42	0 2.59104e+07 5e+06 	3.09104e+07	6.49275	6.55445	12703.2	670	0.0528273	0	4.029	1.02
332.4	0.00316171	0.00158091	43521.9	1050	105	43082.7	33.4145	33.4145	133.658	133.658	0 25405.6 1343.24 	26748.9	0.00474262	2.83439e-50	3.6623e-42	1050	3.6623e-42	0 2.59134e+07 5e+06 	3.09134e+07	6.49232	6.55445	12703.2	670	0.052732	0	4.029	1.02
332.6	0.00316178	0.00158111	43529.5	1050	105	43090	33.4426	33.4426	133.77	133.77	0 25402.9 1340.58 	26743.5	0.00474289	2.66059e-50	3.43794e-42	1050	3.43794e-42	0 2.59164e+07 5e+06 	3.09164e+07	6.49189	6.55445	12703.2	670	0.0526368	0	4.029	1.02
332.8	0.00316185	0.00158132	43537	1050	105	43097.3	33.4706	33.4706	133.882	133.882	0 25400.1 1337.93 	26738.1	0.00474317	2.49745e-50	3.22732e-42	1050	3.22732e-42	0 2.59194e+07 5e+06 	3.09194e+07	6.49146	6.55445	12703.2	670	0.0525417	0	4.029	1.02
333	0.00316192	0.00158152	43544.6	1050	105	43104.6	33.4986	33.4986	133.994	133.994	0 25397.4 1335.28 	26732.7	0.00474344	2.34431e-50	3.0296e-42	1050	3.0296e-42	0 2.59224e+07 5e+06 	3.09224e+07	6.49103	6.55445	12703.2	670	0.0524467	0	4.029	1.02
333.2	0.00316199	0.00158173	43552.1	1050	105	43111.8	33.5266	33.5266	134.106	134.106	0 25394.7 1332.63 	26727.3	0.00474372	2.20057e-50	2.844e-42	1050	2.844e-42	0 2.59254e+07 5e+06 	3.09254e+07	6.4906	6.55445	12703.2	670	0.0523518	0	4.029	1.02
333.4	0.00316206	0.00158193	43559.7	1050	105	43119.1	33.5546	33.5546	134.218	134.218	0 25391.9 1329.99 	26721.9	0.00474399	2.06563e-50	2.66977e-42	1050	2.66977e-42	0 2.59284e+07 5e+06 	3.09284e+07	6.49017	6.55445	12703.2	670	0.052257	0	4.029	1.02
333.6	0.00316213	0.00158214	43567.2	1050	105	43126.4	33.5826	33.5826	134.33	134.33	0 25389.2 1327.35 	26716.5	0.00474427	1.93897e-50	2.50621e-42	1050	2.50621e-42	0 2.59314e+07 5e+06 	3.09314e+07	6.48975	6.55445	12703.2	670	0.0521623	0	4.029	1.02
333.8	0.0031622	0.00158234	43574.7	1050	105	43133.6	33.6105	33.6105	134.442	134.442	0 25386.4 1324.71 	26711.2	0.00474454	1.82008e-50	2.35267e-42	1050	2.35267e-42	0 2.59344e+07 5e+06 	3.09344e+07	6.48932	6.55445	12703.2	670	0.0520677	0	4.029	1.02
334	0.00316227	0.00158255	43582.3	1050	105	43140.9	33.6385	33.6385	134.554	134.554	0 25383.7 1322.08 	26705.8	0.00474482	1.70848e-50	2.20854e-42	1050	2.20854e-42	0 2.59374e+07 5e+06 	3.09374e+07	6.48889	6.55445	12703.2	670	0.0519732	0	4.029	1.02
334.2	0.00316234	0.00158275	43589.8	1050	105	43148.2	33.6665	33.6665	134.666	134.666	0 25381 1319.45 	26700.4	0.00474509	1.60372e-50	2.07324e-42	1050	2.07324e-42	0 2.59404e+07 5e+06 	3.09404e+07	6.48847	6.55445	12703.2	670	0.0518789	0	4.029	1.02
334.4	0.00316241	0.00158296	43597.4	1050	105	43155.4	33.6944	33.6944	134.778	134.778	0 25378.2 1316.82 	26695.1	0.00474537	1.50538e-50	1.94622e-42	1050	1.94622e-42	0 2.59434e+07 5e+06 	3.09434e+07	6.48804	6.55445	12703.2	670	0.0517846	0	4.029	1.02
334.6	0.00316248	0.00158316	43604.9	1050	105	43162.7	33.7223	33.7223	134.889	134.889	0 25375.5 1314.2 	26689.7	0.00474564	1.41308e-50	1.82699e-42	1050	1.82699e-42	0 2.59464e+07 5e+06 	3.09464e+07	6.48762	6.55445	12703.2	670	0.0516904	0	4.029	1.02
334.8	0.00316255	0.00158337	43612.4	1050	105	43169.9	33.7503	33.7503	135.001	135.001	0 25372.8 1311.58 	26684.4	0.00474591	1.32643e-50	1.71507e-42	1050	1.71507e-42	0 2.59494e+07 5e+06 	3.09494e+07	6.48719	6.55445	12703.2	670	0.0515963	0	4.029	1.02
335	0.00316262	0.00158357	43620	1050	105	43177.2	33.7782	33.7782	135.113	135.113	0 25370.1 1308.96 	26679	0.00474619	1.2451e-50	1.61e-42	1050	1.61e-42	0 2.59524e+07 5e+06 	3.09524e+07	6.48677	6.55445	12703.2	670	0.0515023	0	4.029	1.02
335.2	0.00316268	0.00158378	43627.5	1050	105	43184.4	33.8061	33.8061	135.224	135.224	0 25367.3 1306.35 	26673.7	0.00474646	1.16875e-50	1.51136e-42	1050	1.51136e-42	0 2.59554e+07 5e+06 	3.09554e+07	6.48634	6.55445	12703.2	670	0.0514084	0	4.029	1.02
335.4	0.00316275	0.00158398	43635	1050	105	43191.7	33.834	33.834	135.336	135.336	0 25364.6 1303.74 	26668.4	0.00474673	1.09709e-50	1.41877e-42	1050	1.41877e-42	0 2.59584e+07 5e+06 	3.09584e+07	6.48592	6.55445	12703.2	670	0.0513146	0	4.029	1.02
335.6	0.00316282	0.00158419	43642.5	1050	105	43198.9	33.8618	33.8618	135.447	135.447	0 25361.9 1301.14 	26663	0.00474701	1.02982e-50	1.33185e-42	1050	1.33185e-42	0 2.59613e+07 5e+06 	3.09613e+07	6.4855	6.55445	12703.2	670	0.0512209	0	4.029	1.02
335.8	0.00316289	0.00158439	43650.1	1050	105	43206.2	33.8897	33.8897	135.559	135.559	0 25359.2 1298.54 	26657.7	0.00474728	9.66672e-51	1.25026e-42	1050	1.25026e-42	0 2.59643e+07 5e+06 	3.09643e+07	6.48507	6.55445	12703.2	670	0.0511273	0	4.029	1.02
336	0.00316296	0.0015846	43657.6	1050	105	43213.4	33.9176	33.9176	135.67	135.67	0 25356.4 1295.94 	26652.4	0.00474755	9.07398e-51	1.17366e-42	1050	1.17366e-42	0 2.59673e+07 5e+06 	3.09673e+07	6.48465	6.55445	12703.2	670	0.0510338	0	4.029	1.02
336.2	0.00316303	0.0015848	43665.1	1050	105	43220.6	33.9454	33.9454	135.782	135.782	0 25353.7 1293.35 	26647.1	0.00474783	8.51759e-51	1.10176e-42	1050	1.10176e-42	0 2.59703e+07 5e+06 	3.09703e+07	6.48423	6.55445	12703.2	670	0.0509404	0	4.029	1.02
336.4	0.0031631	0.001585	43672.6	1050	105	43227.9	33.9733	33.9733	135.893	135.893	0 25351 1290.76 	26641.8	0.0047481	7.99532e-51	1.03427e-42	1050	1.03427e-42	0 2.59733e+07 5e+06 	3.09733e+07	6.48381	6.55445	12703.2	670	0.0508472	0	4.029	1.02
336.6	0.00316316	0.00158521	43680.1	1050	105	43235.1	34.0011	34.0011	136.004	136.004	0 25348.3 1288.17 	26636.5	0.00474837	7.50507e-51	9.70903e-43	1050	9.70903e-43	0 2.59763e+07 5e+06 	3.09763e+07	6.48339	6.55445	12703.2	670	0.050754	0	4.029	1.02
336.8	0.00316323	0.00158541	43687.6	1050	105	43242.3	34.0289	34.0289	136.116	136.116	0 25345.6 1285.59 	26631.2	0.00474865	7.04488e-51	9.11423e-43	1050	9.11423e-43	0 2.59793e+07 5e+06 	3.09793e+07	6.48297	6.55445	12703.2	670	0.0506609	0	4.029	1.02
337	0.0031633	0.00158562	43695.1	1050	105	43249.5	34.0567	34.0567	136.227	136.227	0 25342.9 1283.01 	26625.9	0.00474892	6.61291e-51	8.55586e-43	1050	8.55586e-43	0 2.59822e+07 5e+06 	3.09822e+07	6.48254	6.55445	12703.2	670	0.0505679	0	4.029	1.02
337.2	0.00316337	0.00158582	43702.6	1050	105	43256.8	34.0845	34.0845	136.338	136.338	0 25340.2 1280.43 	26620.6	0.00474919	6.20743e-51	8.0317e-43	1050	8.0317e-43	0 2.59852e+07 5e+06 	3.09852e+07	6.48212	6.55445	12703.2	670	0.050475	0	4.029	1.02
337.4	0.00316344	0.00158602	43710.1	1050	105	43264	34.1123	34.1123	136.449	136.449	0 25337.4 1277.86 	26615.3	0.00474946	5.82681e-51	7.53965e-43	1050	7.53965e-43	0 2.59882e+07 5e+06 	3.09882e+07	6.4817	6.55445	12703.2	670	0.0503822	0	4.029	1.02
337.6	0.00316351	0.00158623	43717.6	1050	105	43271.2	34.1401	34.1401	136.56	136.56	0 25334.7 1275.29 	26610	0.00474973	5.46953e-51	7.07775e-43	1050	7.07775e-43	0 2.59912e+07 5e+06 	3.09912e+07	6.48128	6.55445	12703.2	670	0.0502895	0	4.029	1.02
337.8	0.00316357	0.00158643	43725.1	1050	105	43278.4	34.1679	34.1679	136.671	136.671	0 25332 1272.72 	26604.7	0.00475001	5.13415e-51	6.64415e-43	1050	6.64415e-43	0 2.59941e+07 5e+06 	3.09941e+07	6.48087	6.55445	12703.2	670	0.0501969	0	4.029	1.02
338	0.00316364	0.00158664	43732.6	1050	105	43285.6	34.1956	34.1956	136.782	136.782	0 25329.3 1270.16 	26599.5	0.00475028	4.81934e-51	6.23711e-43	1050	6.23711e-43	0 2.59971e+07 5e+06 	3.09971e+07	6.48045	6.55445	12703.2	670	0.0501044	0	4.029	1.02
338.2	0.00316371	0.00158684	43740.1	1050	105	43292.9	34.2234	34.2234	136.893	136.893	0 25326.6 1267.6 	26594.2	0.00475055	4.52384e-51	5.855e-43	1050	5.855e-43	0 2.60001e+07 5e+06 	3.10001e+07	6.48003	6.55445	12703.2	670	0.050012	0	4.029	1.02
338.4	0.00316378	0.00158704	43747.6	1050	105	43300.1	34.2511	34.2511	137.004	137.004	0 25323.9 1265.04 	26589	0.00475082	4.24645e-51	5.49631e-43	1050	5.49631e-43	0 2.60031e+07 5e+06 	3.10031e+07	6.47961	6.55445	12703.2	670	0.0499197	0	4.029	1.02
338.6	0.00316385	0.00158725	43755.1	1050	105	43307.3	34.2788	34.2788	137.115	137.115	0 25321.2 1262.49 	26583.7	0.00475109	3.98607e-51	5.15959e-43	1050	5.15959e-43	0 2.6006e+07 5e+06 	3.1006e+07	6.47919	6.55445	12703.2	670	0.0498275	0	4.029	1.02
338.8	0.00316392	0.00158745	43762.6	1050	105	43314.5	34.3065	34.3065	137.226	137.226	0 25318.5 1259.94 	26578.4	0.00475136	3.74166e-51	4.84349e-43	1050	4.84349e-43	0 2.6009e+07 5e+06 	3.1009e+07	6.47878	6.55445	12703.2	670	0.0497354	0	4.029	1.02
339	0.00316398	0.00158765	43770	1050	105	43321.7	34.3342	34.3342	137.337	137.337	0 25315.8 1257.39 	26573.2	0.00475164	3.51223e-51	4.54677e-43	1050	4.54677e-43	0 2.6012e+07 5e+06 	3.1012e+07	6.47836	6.55445	12703.2	670	0.0496434	0	4.029	1.02
339.2	0.00316405	0.00158786	43777.5	1050	105	43328.9	34.3619	34.3619	137.448	137.448	0 25313.1 1254.85 	26568	0.00475191	3.29688e-51	4.26822e-43	1050	4.26822e-43	0 2.6015e+07 5e+06 	3.1015e+07	6.47794	6.55445	12703.2	670	0.0495515	0	4.029	1.02
339.4	0.00316412	0.00158806	43785	1050	105	43336.1	34.3896	34.3896	137.558	137.558	0 25310.4 1252.31 	26562.7	0.00475218	3.09472e-51	4.00673e-43	1050	4.00673e-43	0 2.60179e+07 5e+06 	3.10179e+07	6.47753	6.55445	12703.2	670	0.0494597	0	4.029	1.02
339.6	0.00316419	0.00158826	43792.5	1050	105	43343.3	34.4173	34.4173	137.669	137.669	0 25307.7 1249.78 	26557.5	0.00475245	2.90496e-51	3.76127e-43	1050	3.76127e-43	0 2.60209e+07 5e+06 	3.10209e+07	6.47711	6.55445	12703.2	670	0.049368	0	4.029	1.02
339.8	0.00316425	0.00158847	43799.9	1050	105	43350.5	34.4449	34.4449	137.78	137.78	0 25305 1247.25 	26552.3	0.00475272	2.72684e-51	3.53084e-43	1050	3.53084e-43	0 2.60238e+07 5e+06 	3.10238e+07	6.4767	6.55445	12703.2	670	0.0492764	0	4.029	1.02
340	0.00316432	0.00158867	43807.4	1050	105	43357.7	34.4726	34.4726	137.89	137.89	0 25302.3 1244.72 	26547	0.00475299	2.55964e-51	3.31453e-43	1050	3.31453e-43	0 2.60268e+07 5e+06 	3.10268e+07	6.47628	6.55445	12703.2	670	0.0491849	0	4.029	1.02
340.2	0.00316439	0.00158887	43814.9	1050	105	43364.9	34.5002	34.5002	138.001	138.001	0 25299.6 1242.19 	26541.8	0.00475326	2.40269e-51	3.11147e-43	1050	3.11147e-43	0 2.60298e+07 5e+06 	3.10298e+07	6.47587	6.55445	12703.2	670	0.0490935	0	4.029	1.02
340.4	0.00316446	0.00158907	43822.3	1050	105	43372.1	34.5279	34.5279	138.111	138.111	0 25296.9 1239.67 	26536.6	0.00475353	2.25537e-51	2.92086e-43	1050	2.92086e-43	0 2.60327e+07 5e+06 	3.10327e+07	6.47545	6.55445	12703.2	670	0.0490021	0	4.029	1.02
340.6	0.00316452	0.00158928	43829.8	1050	105	43379.2	34.5555	34.5555	138.222	138.222	0 25294.3 1237.15 	26531.4	0.0047538	2.11708e-51	2.74191e-43	1050	2.74191e-43	0 2.60357e+07 5e+06 	3.10357e+07	6.47504	6.55445	12703.2	670	0.0489109	0	4.029	1.02
340.8	0.00316459	0.00158948	43837.3	1050	105	43386.4	34.5831	34.5831	138.332	138.332	0 25291.6 1234.64 	26526.2	0.00475407	1.98727e-51	2.57394e-43	1050	2.57394e-43	0 2.60387e+07 5e+06 	3.10387e+07	6.47462	6.55445	12703.2	670	0.0488198	0	4.029	1.02
341	0.00316466	0.00158968	43844.7	1050	105	43393.6	34.6107	34.6107	138.443	138.443	0 25288.9 1232.13 	26521	0.00475434	1.86541e-51	2.41625e-43	1050	2.41625e-43	0 2.60416e+07 5e+06 	3.10416e+07	6.47421	6.55445	12703.2	670	0.0487288	0	4.029	1.02
341.2	0.00316473	0.00158989	43852.2	1050	105	43400.8	34.6383	34.6383	138.553	138.553	0 25286.2 1229.62 	26515.8	0.00475461	1.75103e-51	2.26822e-43	1050	2.26822e-43	0 2.60446e+07 5e+06 	3.10446e+07	6.4738	6.55445	12703.2	670	0.0486379	0	4.029	1.02
341.4	0.00316479	0.00159009	43859.6	1050	105	43408	34.6658	34.6658	138.663	138.663	0 25283.5 1227.11 	26510.6	0.00475488	1.64367e-51	2.12926e-43	1050	2.12926e-43	0 2.60475e+07 5e+06 	3.10475e+07	6.47339	6.55445	12703.2	670	0.0485471	0	4.029	1.02
341.6	0.00316486	0.00159029	43867.1	1050	105	43415.1	34.6934	34.6934	138.774	138.774	0 25280.8 1224.61 	26505.4	0.00475515	1.54288e-51	1.99882e-43	1050	1.99882e-43	0 2.60505e+07 5e+06 	3.10505e+07	6.47297	6.55445	12703.2	670	0.0484563	0	4.029	1.02
341.8	0.00316493	0.00159049	43874.5	1050	105	43422.3	34.721	34.721	138.884	138.884	0 25278.1 1222.11 	26500.3	0.00475542	1.44828e-51	1.87637e-43	1050	1.87637e-43	0 2.60534e+07 5e+06 	3.10534e+07	6.47256	6.55445	12703.2	670	0.0483657	0	4.029	1.02
342	0.00316499	0.00159069	43882	1050	105	43429.5	34.7485	34.7485	138.994	138.994	0 25275.5 1219.62 	26495.1	0.00475569	1.35948e-51	1.76141e-43	1050	1.76141e-43	0 2.60564e+07 5e+06 	3.10564e+07	6.47215	6.55445	12703.2	670	0.0482752	0	4.029	1.02
342.2	0.00316506	0.0015909	43889.4	1050	105	43436.6	34.776	34.776	139.104	139.104	0 25272.8 1217.13 	26489.9	0.00475596	1.27612e-51	1.6535e-43	1050	1.6535e-43	0 2.60593e+07 5e+06 	3.10593e+07	6.47174	6.55445	12703.2	670	0.0481847	0	4.029	1.02
342.4	0.00316513	0.0015911	43896.9	1050	105	43443.8	34.8035	34.8035	139.214	139.214	0 25270.1 1214.64 	26484.7	0.00475623	1.19787e-51	1.5522e-43	1050	1.5522e-43	0 2.60623e+07 5e+06 	3.10623e+07	6.47133	6.55445	12703.2	670	0.0480944	0	4.029	1.02
342.6	0.00316519	0.0015913	43904.3	1050	105	43451	34.831	34.831	139.324	139.324	0 25267.4 1212.16 	26479.6	0.0047565	1.12442e-51	1.45711e-43	1050	1.45711e-43	0 2.60652e+07 5e+06 	3.10652e+07	6.47092	6.55445	12703.2	670	0.0480042	0	4.029	1.02
342.8	0.00316526	0.0015915	43911.7	1050	105	43458.1	34.8585	34.8585	139.434	139.434	0 25264.8 1209.68 	26474.4	0.00475677	1.05548e-51	1.36784e-43	1050	1.36784e-43	0 2.60682e+07 5e+06 	3.10682e+07	6.47051	6.55445	12703.2	670	0.047914	0	4.029	1.02
343	0.00316533	0.00159171	43919.2	1050	105	43465.3	34.886	34.886	139.544	139.544	0 25262.1 1207.2 	26469.3	0.00475703	9.9076e-52	1.28405e-43	1050	1.28405e-43	0 2.60711e+07 5e+06 	3.10711e+07	6.4701	6.55445	12703.2	670	0.047824	0	4.029	1.02
343.2	0.0031654	0.00159191	43926.6	1050	105	43472.5	34.9135	34.9135	139.654	139.654	0 25259.4 1204.72 	26464.1	0.0047573	9.3001e-52	1.20538e-43	1050	1.20538e-43	0 2.60741e+07 5e+06 	3.10741e+07	6.46969	6.55445	12703.2	670	0.047734	0	4.029	1.02
343.4	0.00316546	0.00159211	43934	1050	105	43479.6	34.941	34.941	139.764	139.764	0 25256.7 1202.25 	26459	0.00475757	8.72986e-52	1.13154e-43	1050	1.13154e-43	0 2.6077e+07 5e+06 	3.1077e+07	6.46928	6.55445	12703.2	670	0.0476442	0	4.029	1.02
343.6	0.00316553	0.00159231	43941.4	1050	105	43486.8	34.9684	34.9684	139.874	139.874	0 25254.1 1199.78 	26453.9	0.00475784	8.19458e-52	1.06222e-43	1050	1.06222e-43	0 2.608e+07 5e+06 	3.108e+07	6.46887	6.55445	12703.2	670	0.0475544	0	4.029	1.02
343.8	0.00316559	0.00159251	43948.9	1050	105	43493.9	34.9959	34.9959	139.983	139.983	0 25251.4 1197.32 	26448.7	0.00475811	7.69212e-52	9.9714e-44	1050	9.9714e-44	0 2.60829e+07 5e+06 	3.10829e+07	6.46847	6.55445	12703.2	670	0.0474648	0	4.029	1.02
344	0.00316566	0.00159271	43956.3	1050	105	43501.1	35.0233	35.0233	140.093	140.093	0 25248.7 1194.86 	26443.6	0.00475838	7.22047e-52	9.36053e-44	1050	9.36053e-44	0 2.60858e+07 5e+06 	3.10858e+07	6.46806	6.55445	12703.2	670	0.0473752	0	4.029	1.02
344.2	0.00316573	0.00159292	43963.7	1050	105	43508.2	35.0507	35.0507	140.203	140.203	0 25246.1 1192.4 	26438.5	0.00475864	6.77774e-52	8.78707e-44	1050	8.78707e-44	0 2.60888e+07 5e+06 	3.10888e+07	6.46765	6.55445	12703.2	670	0.0472858	0	4.029	1.02
344.4	0.00316579	0.00159312	43971.1	1050	105	43515.4	35.0781	35.0781	140.312	140.312	0 25243.4 1189.95 	26433.3	0.00475891	6.36215e-52	8.24875e-44	1050	8.24875e-44	0 2.60917e+07 5e+06 	3.10917e+07	6.46725	6.55445	12703.2	670	0.0471964	0	4.029	1.02
344.6	0.00316586	0.00159332	43978.6	1050	105	43522.5	35.1055	35.1055	140.422	140.422	0 25240.7 1187.5 	26428.2	0.00475918	5.97205e-52	7.7434e-44	1050	7.7434e-44	0 2.60947e+07 5e+06 	3.10947e+07	6.46684	6.55445	12703.2	670	0.0471071	0	4.029	1.02
344.8	0.00316593	0.00159352	43986	1050	105	43529.6	35.1329	35.1329	140.532	140.532	0 25238.1 1185.05 	26423.1	0.00475945	5.60587e-52	7.26902e-44	1050	7.26902e-44	0 2.60976e+07 5e+06 	3.10976e+07	6.46643	6.55445	12703.2	670	0.047018	0	4.029	1.02
345	0.00316599	0.00159372	43993.4	1050	105	43536.8	35.1603	35.1603	140.641	140.641	0 25235.4 1182.6 	26418	0.00475972	5.26214e-52	6.8237e-44	1050	6.8237e-44	0 2.61005e+07 5e+06 	3.11005e+07	6.46603	6.55445	12703.2	670	0.0469289	0	4.029	1.02
345.2	0.00316606	0.00159392	44000.8	1050	105	43543.9	35.1876	35.1876	140.751	140.751	0 25232.8 1180.16 	26412.9	0.00475998	4.93949e-52	6.40566e-44	1050	6.40566e-44	0 2.61035e+07 5e+06 	3.11035e+07	6.46562	6.55445	12703.2	670	0.0468399	0	4.029	1.02
345.4	0.00316613	0.00159412	44008.2	1050	105	43551	35.215	35.215	140.86	140.86	0 25230.1 1177.73 	26407.8	0.00476025	4.63662e-52	6.01323e-44	1050	6.01323e-44	0 2.61064e+07 5e+06 	3.11064e+07	6.46522	6.55445	12703.2	670	0.046751	0	4.029	1.02
345.6	0.00316619	0.00159433	44015.6	1050	105	43558.2	35.2423	35.2423	140.969	140.969	0 25227.4 1175.29 	26402.7	0.00476052	4.35232e-52	5.64484e-44	1050	5.64484e-44	0 2.61093e+07 5e+06 	3.11093e+07	6.46481	6.55445	12703.2	670	0.0466622	0	4.029	1.02
345.8	0.00316626	0.00159453	44023	1050	105	43565.3	35.2697	35.2697	141.079	141.079	0 25224.8 1172.86 	26397.6	0.00476078	4.08546e-52	5.29902e-44	1050	5.29902e-44	0 2.61122e+07 5e+06 	3.11122e+07	6.46441	6.55445	12703.2	670	0.0465736	0	4.029	1.02
346	0.00316632	0.00159473	44030.4	1050	105	43572.4	35.297	35.297	141.188	141.188	0 25222.1 1170.43 	26392.6	0.00476105	3.83495e-52	4.97438e-44	1050	4.97438e-44	0 2.61152e+07 5e+06 	3.11152e+07	6.464	6.55445	12703.2	670	0.046485	0	4.029	1.02
346.2	0.00316639	0.00159493	44037.8	1050	105	43579.5	35.3243	35.3243	141.297	141.297	0 25219.5 1168.01 	26387.5	0.00476132	3.59981e-52	4.66964e-44	1050	4.66964e-44	0 2.61181e+07 5e+06 	3.11181e+07	6.4636	6.55445	12703.2	670	0.0463965	0	4.029	1.02
346.4	0.00316645	0.00159513	44045.2	1050	105	43586.7	35.3516	35.3516	141.406	141.406	0 25216.8 1165.59 	26382.4	0.00476158	3.37909e-52	4.38356e-44	1050	4.38356e-44	0 2.6121e+07 5e+06 	3.1121e+07	6.4632	6.55445	12703.2	670	0.0463081	0	4.029	1.02
346.6	0.00316652	0.00159533	44052.6	1050	105	43593.8	35.3789	35.3789	141.516	141.516	0 25214.2 1163.17 	26377.3	0.00476185	3.1719e-52	4.11501e-44	1050	4.11501e-44	0 2.6124e+07 5e+06 	3.1124e+07	6.46279	6.55445	12703.2	670	0.0462198	0	4.029	1.02
346.8	0.00316659	0.00159553	44060	1050	105	43600.9	35.4061	35.4061	141.625	141.625	0 25211.5 1160.75 	26372.3	0.00476212	2.97741e-52	3.86291e-44	1050	3.86291e-44	0 2.61269e+07 5e+06 	3.11269e+07	6.46239	6.55445	12703.2	670	0.0461316	0	4.029	1.02
347	0.00316665	0.00159573	44067.4	1050	105	43608	35.4334	35.4334	141.734	141.734	0 25208.9 1158.34 	26367.2	0.00476238	2.79485e-52	3.62626e-44	1050	3.62626e-44	0 2.61298e+07 5e+06 	3.11298e+07	6.46199	6.55445	12703.2	670	0.0460434	0	4.029	1.02
347.2	0.00316672	0.00159593	44074.7	1050	105	43615.1	35.4607	35.4607	141.843	141.843	0 25206.2 1155.94 	26362.2	0.00476265	2.62348e-52	3.4041e-44	1050	3.4041e-44	0 2.61327e+07 5e+06 	3.11327e+07	6.46159	6.55445	12703.2	670	0.0459554	0	4.029	1.02
347.4	0.00316678	0.00159613	44082.1	1050	105	43622.2	35.4879	35.4879	141.952	141.952	0 25203.6 1153.53 	26357.1	0.00476292	2.46262e-52	3.19556e-44	1050	3.19556e-44	0 2.61356e+07 5e+06 	3.11356e+07	6.46119	6.55445	12703.2	670	0.0458675	0	4.029	1.02
347.6	0.00316685	0.00159633	44089.5	1050	105	43629.4	35.5151	35.5151	142.061	142.061	0 25200.9 1151.13 	26352.1	0.00476318	2.31162e-52	2.99979e-44	1050	2.99979e-44	0 2.61386e+07 5e+06 	3.11386e+07	6.46079	6.55445	12703.2	670	0.0457797	0	4.029	1.02
347.8	0.00316691	0.00159653	44096.9	1050	105	43636.5	35.5423	35.5423	142.169	142.169	0 25198.3 1148.73 	26347	0.00476345	2.16989e-52	2.81601e-44	1050	2.81601e-44	0 2.61415e+07 5e+06 	3.11415e+07	6.46039	6.55445	12703.2	670	0.0456919	0	4.029	1.02
348	0.00316698	0.00159673	44104.3	1050	105	43643.6	35.5695	35.5695	142.278	142.278	0 25195.7 1146.34 	26342	0.00476371	2.03684e-52	2.64349e-44	1050	2.64349e-44	0 2.61444e+07 5e+06 	3.11444e+07	6.45999	6.55445	12703.2	670	0.0456043	0	4.029	1.02
348.2	0.00316705	0.00159694	44111.6	1050	105	43650.7	35.5967	35.5967	142.387	142.387	0 25193 1143.94 	26337	0.00476398	1.91195e-52	2.48155e-44	1050	2.48155e-44	0 2.61473e+07 5e+06 	3.11473e+07	6.45959	6.55445	12703.2	670	0.0455168	0	4.029	1.02
348.4	0.00316711	0.00159714	44119	1050	105	43657.8	35.6239	35.6239	142.496	142.496	0 25190.4 1141.56 	26331.9	0.00476425	1.79472e-52	2.32952e-44	1050	2.32952e-44	0 2.61502e+07 5e+06 	3.11502e+07	6.45919	6.55445	12703.2	670	0.0454293	0	4.029	1.02
348.6	0.00316718	0.00159734	44126.4	1050	105	43664.9	35.6511	35.6511	142.604	142.604	0 25187.7 1139.17 	26326.9	0.00476451	1.68467e-52	2.1868e-44	1050	2.1868e-44	0 2.61531e+07 5e+06 	3.11531e+07	6.45879	6.55445	12703.2	670	0.045342	0	4.029	1.02
348.8	0.00316724	0.00159754	44133.7	1050	105	43672	35.6783	35.6783	142.713	142.713	0 25185.1 1136.79 	26321.9	0.00476478	1.58138e-52	2.05283e-44	1050	2.05283e-44	0 2.61561e+07 5e+06 	3.11561e+07	6.45839	6.55445	12703.2	670	0.0452547	0	4.029	1.02
349	0.00316731	0.00159774	44141.1	1050	105	43679.1	35.7054	35.7054	142.822	142.822	0 25182.5 1134.41 	26316.9	0.00476504	1.48441e-52	1.92707e-44	1050	1.92707e-44	0 2.6159e+07 5e+06 	3.1159e+07	6.45799	6.55445	12703.2	670	0.0451676	0	4.029	1.02
349.2	0.00316737	0.00159794	44148.5	1050	105	43686.1	35.7325	35.7325	142.93	142.93	0 25179.8 1132.03 	26311.9	0.00476531	1.3934e-52	1.80901e-44	1050	1.80901e-44	0 2.61619e+07 5e+06 	3.11619e+07	6.45759	6.55445	12703.2	670	0.0450805	0	4.029	1.02
349.4	0.00316744	0.00159814	44155.8	1050	105	43693.2	35.7597	35.7597	143.039	143.039	0 25177.2 1129.66 	26306.9	0.00476557	1.30796e-52	1.69819e-44	1050	1.69819e-44	0 2.61648e+07 5e+06 	3.11648e+07	6.45719	6.55445	12703.2	670	0.0449935	0	4.029	1.02
349.6	0.0031675	0.00159834	44163.2	1050	105	43700.3	35.7868	35.7868	143.147	143.147	0 25174.6 1127.29 	26301.9	0.00476584	1.22776e-52	1.59415e-44	1050	1.59415e-44	0 2.61677e+07 5e+06 	3.11677e+07	6.4568	6.55445	12703.2	670	0.0449066	0	4.029	1.02
349.8	0.00316757	0.00159854	44170.5	1050	105	43707.4	35.8139	35.8139	143.256	143.256	0 25171.9 1124.93 	26296.9	0.0047661	1.15248e-52	1.49649e-44	1050	1.49649e-44	0 2.61706e+07 5e+06 	3.11706e+07	6.4564	6.55445	12703.2	670	0.0448199	0	4.029	1.02
350	0.00316763	0.00159874	44177.9	1050	105	43714.5	35.841	35.841	143.364	143.364	0 25169.3 1122.56 	26291.9	0.00476637	1.08182e-52	1.40481e-44	1050	1.40481e-44	0 2.61735e+07 5e+06 	3.11735e+07	6.456	6.55445	12703.2	670	0.0447332	0	4.029	1.02
350.2	0.0031677	0.00159893	44185.3	1050	105	43721.6	35.868	35.868	143.472	143.472	0 25166.7 1120.21 	26286.9	0.00476663	1.01549e-52	1.31875e-44	1050	1.31875e-44	0 2.61764e+07 5e+06 	3.11764e+07	6.45561	6.55445	12703.2	670	0.0446466	0	4.029	1.02
350.4	0.00316776	0.00159913	44192.6	1050	105	43728.7	35.8951	35.8951	143.58	143.58	0 25164 1117.85 	26281.9	0.00476689	9.53221e-53	1.23796e-44	1050	1.23796e-44	0 2.61793e+07 5e+06 	3.11793e+07	6.45521	6.55445	12703.2	670	0.0445601	0	4.029	1.02
350.6	0.00316783	0.00159933	44199.9	1050	105	43735.7	35.9222	35.9222	143.689	143.689	0 25161.4 1115.5 	26276.9	0.00476716	8.94774e-53	1.16211e-44	1050	1.16211e-44	0 2.61822e+07 5e+06 	3.11822e+07	6.45481	6.55445	12703.2	670	0.0444737	0	4.029	1.02
350.8	0.00316789	0.00159953	44207.3	1050	105	43742.8	35.9492	35.9492	143.797	143.797	0 25158.8 1113.15 	26271.9	0.00476742	8.39911e-53	1.09092e-44	1050	1.09092e-44	0 2.61851e+07 5e+06 	3.11851e+07	6.45442	6.55445	12703.2	670	0.0443874	0	4.029	1.02
351	0.00316795	0.00159973	44214.6	1050	105	43749.9	35.9762	35.9762	143.905	143.905	0 25156.2 1110.8 	26267	0.00476769	7.88411e-53	1.02409e-44	1050	1.02409e-44	0 2.6188e+07 5e+06 	3.1188e+07	6.45402	6.55445	12703.2	670	0.0443012	0	4.029	1.02
351.2	0.00316802	0.00159993	44222	1050	105	43756.9	36.0033	36.0033	144.013	144.013	0 25153.6 1108.46 	26262	0.00476795	7.4007e-53	9.61348e-45	1050	9.61348e-45	0 2.61909e+07 5e+06 	3.11909e+07	6.45363	6.55445	12703.2	670	0.044215	0	4.029	1.02
351.4	0.00316808	0.00160013	44229.3	1050	105	43764	36.0303	36.0303	144.121	144.121	0 25150.9 1106.12 	26257	0.00476821	6.94693e-53	9.02453e-45	1050	9.02453e-45	0 2.61938e+07 5e+06 	3.11938e+07	6.45324	6.55445	12703.2	670	0.044129	0	4.029	1.02
351.6	0.00316815	0.00160033	44236.6	1050	105	43771.1	36.0573	36.0573	144.229	144.229	0 25148.3 1103.78 	26252.1	0.00476848	6.52098e-53	8.47166e-45	1050	8.47166e-45	0 2.61967e+07 5e+06 	3.11967e+07	6.45284	6.55445	12703.2	670	0.0440431	0	4.029	1.02
351.8	0.00316821	0.00160053	44244	1050	105	43778.1	36.0842	36.0842	144.337	144.337	0 25145.7 1101.44 	26247.1	0.00476874	6.12114e-53	7.95266e-45	1050	7.95266e-45	0 2.61996e+07 5e+06 	3.11996e+07	6.45245	6.55445	12703.2	670	0.0439572	0	4.029	1.02
352	0.00316828	0.00160073	44251.3	1050	105	43785.2	36.1112	36.1112	144.445	144.445	0 25143.1 1099.11 	26242.2	0.00476901	5.74582e-53	7.46546e-45	1050	7.46546e-45	0 2.62025e+07 5e+06 	3.12025e+07	6.45206	6.55445	12703.2	670	0.0438715	0	4.029	1.02
352.2	0.00316834	0.00160093	44258.6	1050	105	43792.3	36.1382	36.1382	144.553	144.553	0 25140.5 1096.79 	26237.2	0.00476927	5.39352e-53	7.0081e-45	1050	7.0081e-45	0 2.62054e+07 5e+06 	3.12054e+07	6.45166	6.55445	12703.2	670	0.0437858	0	4.029	1.02
352.4	0.00316841	0.00160113	44266	1050	105	43799.3	36.1651	36.1651	144.661	144.661	0 25137.8 1094.46 	26232.3	0.00476953	5.06282e-53	6.57876e-45	1050	6.57876e-45	0 2.62083e+07 5e+06 	3.12083e+07	6.45127	6.55445	12703.2	670	0.0437003	0	4.029	1.02
352.6	0.00316847	0.00160133	44273.3	1050	105	43806.4	36.1921	36.1921	144.768	144.768	0 25135.2 1092.14 	26227.4	0.0047698	4.75239e-53	6.17573e-45	1050	6.17573e-45	0 2.62112e+07 5e+06 	3.12112e+07	6.45088	6.55445	12703.2	670	0.0436148	0	4.029	1.02
352.8	0.00316853	0.00160152	44280.6	1050	105	43813.4	36.219	36.219	144.876	144.876	0 25132.6 1089.82 	26222.4	0.00477006	4.461e-53	5.79738e-45	1050	5.79738e-45	0 2.62141e+07 5e+06 	3.12141e+07	6.45049	6.55445	12703.2	670	0.0435294	0	4.029	1.02
353	0.0031686	0.00160172	44287.9	1050	105	43820.5	36.2459	36.2459	144.984	144.984	0 25130 1087.51 	26217.5	0.00477032	4.18747e-53	5.44222e-45	1050	5.44222e-45	0 2.6217e+07 5e+06 	3.1217e+07	6.45009	6.55445	12703.2	670	0.0434442	0	4.029	1.02
353.2	0.00316866	0.00160192	44295.3	1050	105	43827.5	36.2728	36.2728	145.091	145.091	0 25127.4 1085.2 	26212.6	0.00477058	3.93072e-53	5.10881e-45	1050	5.10881e-45	0 2.62199e+07 5e+06 	3.12199e+07	6.4497	6.55445	12703.2	670	0.043359	0	4.029	1.02
353.4	0.00316873	0.00160212	44302.6	1050	105	43834.6	36.2997	36.2997	145.199	145.199	0 25124.8 1082.89 	26207.7	0.00477085	3.68971e-53	4.79583e-45	1050	4.79583e-45	0 2.62227e+07 5e+06 	3.12227e+07	6.44931	6.55445	12703.2	670	0.0432739	0	4.029	1.02
353.6	0.00316879	0.00160232	44309.9	1050	105	43841.6	36.3266	36.3266	145.306	145.306	0 25122.2 1080.58 	26202.8	0.00477111	3.46348e-53	4.50202e-45	1050	4.50202e-45	0 2.62256e+07 5e+06 	3.12256e+07	6.44892	6.55445	12703.2	670	0.0431889	0	4.029	1.02
353.8	0.00316885	0.00160252	44317.2	1050	105	43848.7	36.3534	36.3534	145.414	145.414	0 25119.6 1078.28 	26197.9	0.00477137	3.25111e-53	4.22621e-45	1050	4.22621e-45	0 2.62285e+07 5e+06 	3.12285e+07	6.44853	6.55445	12703.2	670	0.043104	0	4.029	1.02
354	0.00316892	0.00160272	44324.5	1050	105	43855.7	36.3803	36.3803	145.521	145.521	0 25117 1075.98 	26193	0.00477163	3.05177e-53	3.9673e-45	1050	3.9673e-45	0 2.62314e+07 5e+06 	3.12314e+07	6.44814	6.55445	12703.2	670	0.0430192	0	4.029	1.02
354.2	0.00316898	0.00160291	44331.8	1050	105	43862.7	36.4071	36.4071	145.629	145.629	0 25114.4 1073.69 	26188.1	0.0047719	2.86465e-53	3.72425e-45	1050	3.72425e-45	0 2.62343e+07 5e+06 	3.12343e+07	6.44775	6.55445	12703.2	670	0.0429345	0	4.029	1.02
354.4	0.00316904	0.00160311	44339.1	1050	105	43869.8	36.434	36.434	145.736	145.736	0 25111.8 1071.39 	26183.2	0.00477216	2.68901e-53	3.49609e-45	1050	3.49609e-45	0 2.62372e+07 5e+06 	3.12372e+07	6.44737	6.55445	12703.2	670	0.0428498	0	4.029	1.02
354.6	0.00316911	0.00160331	44346.4	1050	105	43876.8	36.4608	36.4608	145.843	145.843	0 25109.2 1069.1 	26178.3	0.00477242	2.52413e-53	3.28191e-45	1050	3.28191e-45	0 2.624e+07 5e+06 	3.124e+07	6.44698	6.55445	12703.2	670	0.0427653	0	4.029	1.02
354.8	0.00316917	0.00160351	44353.7	1050	105	43883.8	36.4876	36.4876	145.95	145.95	0 25106.6 1066.82 	26173.4	0.00477268	2.36937e-53	3.08085e-45	1050	3.08085e-45	0 2.62429e+07 5e+06 	3.12429e+07	6.44659	6.55445	12703.2	670	0.0426809	0	4.029	1.02
355	0.00316924	0.00160371	44361	1050	105	43890.9	36.5144	36.5144	146.058	146.058	0 25104 1064.53 	26168.5	0.00477294	2.22409e-53	2.89211e-45	1050	2.89211e-45	0 2.62458e+07 5e+06 	3.12458e+07	6.4462	6.55445	12703.2	670	0.0425965	0	4.029	1.02
355.2	0.0031693	0.00160391	44368.3	1050	105	43897.9	36.5412	36.5412	146.165	146.165	0 25101.4 1062.25 	26163.6	0.0047732	2.08772e-53	2.71493e-45	1050	2.71493e-45	0 2.62487e+07 5e+06 	3.12487e+07	6.44581	6.55445	12703.2	670	0.0425122	0	4.029	1.02
355.4	0.00316936	0.0016041	44375.6	1050	105	43904.9	36.5679	36.5679	146.272	146.272	0 25098.8 1059.98 	26158.8	0.00477347	1.95971e-53	2.54861e-45	1050	2.54861e-45	0 2.62515e+07 5e+06 	3.12515e+07	6.44543	6.55445	12703.2	670	0.0424281	0	4.029	1.02
355.6	0.00316943	0.0016043	44382.9	1050	105	43911.9	36.5947	36.5947	146.379	146.379	0 25096.2 1057.7 	26153.9	0.00477373	1.83956e-53	2.39247e-45	1050	2.39247e-45	0 2.62544e+07 5e+06 	3.12544e+07	6.44504	6.55445	12703.2	670	0.042344	0	4.029	1.02
355.8	0.00316949	0.0016045	44390.2	1050	105	43919	36.6215	36.6215	146.486	146.486	0 25093.6 1055.43 	26149	0.00477399	1.72676e-53	2.2459e-45	1050	2.2459e-45	0 2.62573e+07 5e+06 	3.12573e+07	6.44465	6.55445	12703.2	670	0.04226	0	4.029	1.02
356	0.00316955	0.0016047	44397.5	1050	105	43926	36.6482	36.6482	146.593	146.593	0 25091 1053.16 	26144.2	0.00477425	1.62089e-53	2.10831e-45	1050	2.10831e-45	0 2.62602e+07 5e+06 	3.12602e+07	6.44427	6.55445	12703.2	670	0.0421761	0	4.029	1.02
356.2	0.00316962	0.00160489	44404.7	1050	105	43933	36.6749	36.6749	146.7	146.7	0 25088.4 1050.9 	26139.3	0.00477451	1.5215e-53	1.97915e-45	1050	1.97915e-45	0 2.6263e+07 5e+06 	3.1263e+07	6.44388	6.55445	12703.2	670	0.0420924	0	4.029	1.02
356.4	0.00316968	0.00160509	44412	1050	105	43940	36.7016	36.7016	146.806	146.806	0 25085.8 1048.64 	26134.5	0.00477477	1.42821e-53	1.8579e-45	1050	1.8579e-45	0 2.62659e+07 5e+06 	3.12659e+07	6.44349	6.55445	12703.2	670	0.0420086	0	4.029	1.02
356.6	0.00316974	0.00160529	44419.3	1050	105	43947	36.7283	36.7283	146.913	146.913	0 25083.2 1046.38 	26129.6	0.00477503	1.34064e-53	1.74408e-45	1050	1.74408e-45	0 2.62688e+07 5e+06 	3.12688e+07	6.44311	6.55445	12703.2	670	0.041925	0	4.029	1.02
356.8	0.00316981	0.00160549	44426.6	1050	105	43954	36.755	36.755	147.02	147.02	0 25080.6 1044.12 	26124.8	0.00477529	1.25844e-53	1.63723e-45	1050	1.63723e-45	0 2.62716e+07 5e+06 	3.12716e+07	6.44272	6.55445	12703.2	670	0.0418415	0	4.029	1.02
357	0.00316987	0.00160569	44433.8	1050	105	43961	36.7817	36.7817	147.127	147.127	0 25078.1 1041.87 	26119.9	0.00477555	1.18128e-53	1.53693e-45	1050	1.53693e-45	0 2.62745e+07 5e+06 	3.12745e+07	6.44234	6.55445	12703.2	670	0.0417581	0	4.029	1.02
357.2	0.00316993	0.00160588	44441.1	1050	105	43968	36.8083	36.8083	147.233	147.233	0 25075.5 1039.62 	26115.1	0.00477581	1.10885e-53	1.44277e-45	1050	1.44277e-45	0 2.62774e+07 5e+06 	3.12774e+07	6.44196	6.55445	12703.2	670	0.0416748	0	4.029	1.02
357.4	0.00316999	0.00160608	44448.4	1050	105	43975	36.835	36.835	147.34	147.34	0 25072.9 1037.37 	26110.3	0.00477607	1.04087e-53	1.35438e-45	1050	1.35438e-45	0 2.62802e+07 5e+06 	3.12802e+07	6.44157	6.55445	12703.2	670	0.0415915	0	4.029	1.02
357.6	0.00317006	0.00160628	44455.7	1050	105	43982	36.8616	36.8616	147.447	147.447	0 25070.3 1035.13 	26105.4	0.00477633	9.77045e-54	1.27141e-45	1050	1.27141e-45	0 2.62831e+07 5e+06 	3.12831e+07	6.44119	6.55445	12703.2	670	0.0415084	0	4.029	1.02
357.8	0.00317012	0.00160647	44462.9	1050	105	43989	36.8883	36.8883	147.553	147.553	0 25067.7 1032.89 	26100.6	0.00477659	9.17139e-54	1.19352e-45	1050	1.19352e-45	0 2.6286e+07 5e+06 	3.1286e+07	6.44081	6.55445	12703.2	670	0.0414253	0	4.029	1.02
358	0.00317018	0.00160667	44470.2	1050	105	43996	36.9149	36.9149	147.66	147.66	0 25065.2 1030.65 	26095.8	0.00477685	8.60905e-54	1.1204e-45	1050	1.1204e-45	0 2.62888e+07 5e+06 	3.12888e+07	6.44042	6.55445	12703.2	670	0.0413423	0	4.029	1.02
358.2	0.00317025	0.00160687	44477.4	1050	105	44003	36.9415	36.9415	147.766	147.766	0 25062.6 1028.42 	26091	0.00477711	8.08119e-54	1.05176e-45	1050	1.05176e-45	0 2.62917e+07 5e+06 	3.12917e+07	6.44004	6.55445	12703.2	670	0.0412595	0	4.029	1.02
358.4	0.00317031	0.00160707	44484.7	1050	105	44010	36.9681	36.9681	147.872	147.872	0 25060 1026.19 	26086.2	0.00477737	7.5857e-54	9.87328e-46	1050	9.87328e-46	0 2.62945e+07 5e+06 	3.12945e+07	6.43966	6.55445	12703.2	670	0.0411767	0	4.029	1.02
358.6	0.00317037	0.00160726	44492	1050	105	44017	36.9946	36.9946	147.979	147.979	0 25057.4 1023.96 	26081.4	0.00477763	7.12059e-54	9.26841e-46	1050	9.26841e-46	0 2.62974e+07 5e+06 	3.12974e+07	6.43928	6.55445	12703.2	670	0.041094	0	4.029	1.02
358.8	0.00317043	0.00160746	44499.2	1050	105	44024	37.0212	37.0212	148.085	148.085	0 25054.8 1021.74 	26076.6	0.00477789	6.684e-54	8.7006e-46	1050	8.7006e-46	0 2.63003e+07 5e+06 	3.13003e+07	6.4389	6.55445	12703.2	670	0.0410114	0	4.029	1.02
359	0.0031705	0.00160766	44506.5	1050	105	44031	37.0478	37.0478	148.191	148.191	0 25052.3 1019.51 	26071.8	0.00477815	6.27418e-54	8.16757e-46	1050	8.16757e-46	0 2.63031e+07 5e+06 	3.13031e+07	6.43851	6.55445	12703.2	670	0.0409288	0	4.029	1.02
359.2	0.00317056	0.00160785	44513.7	1050	105	44038	37.0743	37.0743	148.297	148.297	0 25049.7 1017.3 	26067	0.00477841	5.88948e-54	7.6672e-46	1050	7.6672e-46	0 2.6306e+07 5e+06 	3.1306e+07	6.43813	6.55445	12703.2	670	0.0408464	0	4.029	1.02
359.4	0.00317062	0.00160805	44521	1050	105	44044.9	37.1008	37.1008	148.403	148.403	0 25047.1 1015.08 	26062.2	0.00477867	5.52837e-54	7.19749e-46	1050	7.19749e-46	0 2.63088e+07 5e+06 	3.13088e+07	6.43775	6.55445	12703.2	670	0.0407641	0	4.029	1.02
359.6	0.00317068	0.00160825	44528.2	1050	105	44051.9	37.1274	37.1274	148.509	148.509	0 25044.6 1012.87 	26057.4	0.00477893	5.18941e-54	6.75655e-46	1050	6.75655e-46	0 2.63117e+07 5e+06 	3.13117e+07	6.43737	6.55445	12703.2	670	0.0406819	0	4.029	1.02
359.8	0.00317075	0.00160844	44535.4	1050	105	44058.9	37.1539	37.1539	148.615	148.615	0 25042 1010.66 	26052.6	0.00477919	4.87123e-54	6.34262e-46	1050	6.34262e-46	0 2.63145e+07 5e+06 	3.13145e+07	6.43699	6.55445	12703.2	670	0.0405997	0	4.029	1.02
360	0.00317081	0.00160864	44542.7	1050	105	44065.9	37.1803	37.1803	148.721	148.721	0 25039.4 1008.45 	26047.9	0.00477945	4.57255e-54	5.95405e-46	1050	5.95405e-46	0 2.63174e+07 5e+06 	3.13174e+07	6.43661	6.55445	12703.2	670	0.0405176	0	4.029	1.02
360.2	0.00317087	0.00160884	44549.9	1050	105	44072.9	37.2068	37.2068	148.827	148.827	0 25036.9 1006.25 	26043.1	0.00477971	4.29219e-54	5.58929e-46	1050	5.58929e-46	0 2.63202e+07 5e+06 	3.13202e+07	6.43624	6.55445	12703.2	670	0.0404357	0	4.029	1.02
360.4	0.00317093	0.00160903	44557.2	1050	105	44079.8	37.2333	37.2333	148.933	148.933	0 25034.3 1004.05 	26038.3	0.00477996	4.02902e-54	5.24687e-46	1050	5.24687e-46	0 2.63231e+07 5e+06 	3.13231e+07	6.43586	6.55445	12703.2	670	0.0403538	0	4.029	1.02
360.6	0.00317099	0.00160923	44564.4	1050	105	44086.8	37.2598	37.2598	149.039	149.039	0 25031.7 1001.85 	26033.6	0.00478022	3.78199e-54	4.92543e-46	1050	4.92543e-46	0 2.63259e+07 5e+06 	3.13259e+07	6.43548	6.55445	12703.2	670	0.040272	0	4.029	1.02
360.8	0.00317106	0.00160942	44571.6	1050	105	44093.8	37.2862	37.2862	149.145	149.145	0 25029.2 999.653 	26028.8	0.00478048	3.5501e-54	4.62368e-46	1050	4.62368e-46	0 2.63288e+07 5e+06 	3.13288e+07	6.4351	6.55445	12703.2	670	0.0401903	0	4.029	1.02
361	0.00317112	0.00160962	44578.9	1050	105	44100.7	37.3126	37.3126	149.251	149.251	0 25026.6 997.462 	26024.1	0.00478074	3.33243e-54	4.34042e-46	1050	4.34042e-46	0 2.63316e+07 5e+06 	3.13316e+07	6.43472	6.55445	12703.2	670	0.0401087	0	4.029	1.02
361.2	0.00317118	0.00160982	44586.1	1050	105	44107.7	37.339	37.339	149.356	149.356	0 25024 995.273 	26019.3	0.004781	3.1281e-54	4.07451e-46	1050	4.07451e-46	0 2.63345e+07 5e+06 	3.13345e+07	6.43435	6.55445	12703.2	670	0.0400272	0	4.029	1.02
361.4	0.00317124	0.00161001	44593.3	1050	105	44114.6	37.3654	37.3654	149.462	149.462	0 25021.5 993.088 	26014.6	0.00478126	2.93631e-54	3.8249e-46	1050	3.8249e-46	0 2.63373e+07 5e+06 	3.13373e+07	6.43397	6.55445	12703.2	670	0.0399457	0	4.029	1.02
361.6	0.0031713	0.00161021	44600.5	1050	105	44121.6	37.3918	37.3918	149.567	149.567	0 25018.9 990.905 	26009.8	0.00478151	2.75627e-54	3.59057e-46	1050	3.59057e-46	0 2.63401e+07 5e+06 	3.13401e+07	6.43359	6.55445	12703.2	670	0.0398644	0	4.029	1.02
361.8	0.00317137	0.00161041	44607.7	1050	105	44128.6	37.4182	37.4182	149.673	149.673	0 25016.4 988.725 	26005.1	0.00478177	2.58727e-54	3.3706e-46	1050	3.3706e-46	0 2.6343e+07 5e+06 	3.1343e+07	6.43322	6.55445	12703.2	670	0.0397832	0	4.029	1.02
362	0.00317143	0.0016106	44615	1050	105	44135.5	37.4446	37.4446	149.778	149.778	0 25013.8 986.549 	26000.4	0.00478203	2.42864e-54	3.16411e-46	1050	3.16411e-46	0 2.63458e+07 5e+06 	3.13458e+07	6.43284	6.55445	12703.2	670	0.039702	0	4.029	1.02
362.2	0.00317149	0.0016108	44622.2	1050	105	44142.5	37.4709	37.4709	149.884	149.884	0 25011.3 984.375 	25995.6	0.00478229	2.27973e-54	2.97027e-46	1050	2.97027e-46	0 2.63487e+07 5e+06 	3.13487e+07	6.43246	6.55445	12703.2	670	0.0396209	0	4.029	1.02
362.4	0.00317155	0.00161099	44629.4	1050	105	44149.4	37.4973	37.4973	149.989	149.989	0 25008.7 982.204 	25990.9	0.00478254	2.13995e-54	2.7883e-46	1050	2.7883e-46	0 2.63515e+07 5e+06 	3.13515e+07	6.43209	6.55445	12703.2	670	0.0395399	0	4.029	1.02
362.6	0.00317161	0.00161119	44636.6	1050	105	44156.4	37.5236	37.5236	150.095	150.095	0 25006.2 980.036 	25986.2	0.0047828	2.00874e-54	2.61748e-46	1050	2.61748e-46	0 2.63543e+07 5e+06 	3.13543e+07	6.43171	6.55445	12703.2	670	0.0394591	0	4.029	1.02
362.8	0.00317167	0.00161138	44643.8	1050	105	44163.3	37.5499	37.5499	150.2	150.2	0 25003.6 977.872 	25981.5	0.00478306	1.88558e-54	2.45712e-46	1050	2.45712e-46	0 2.63572e+07 5e+06 	3.13572e+07	6.43134	6.55445	12703.2	670	0.0393783	0	4.029	1.02
363	0.00317174	0.00161158	44651	1050	105	44170.3	37.5763	37.5763	150.305	150.305	0 25001.1 975.71 	25976.8	0.00478332	1.76997e-54	2.30659e-46	1050	2.30659e-46	0 2.636e+07 5e+06 	3.136e+07	6.43096	6.55445	12703.2	670	0.0392975	0	4.029	1.02
363.2	0.0031718	0.00161178	44658.2	1050	105	44177.2	37.6025	37.6025	150.41	150.41	0 24998.5 973.551 	25972.1	0.00478357	1.66145e-54	2.16528e-46	1050	2.16528e-46	0 2.63628e+07 5e+06 	3.13628e+07	6.43059	6.55445	12703.2	670	0.0392169	0	4.029	1.02
363.4	0.00317186	0.00161197	44665.4	1050	105	44184.1	37.6288	37.6288	150.515	150.515	0 24996 971.395 	25967.4	0.00478383	1.55958e-54	2.03263e-46	1050	2.03263e-46	0 2.63657e+07 5e+06 	3.13657e+07	6.43022	6.55445	12703.2	670	0.0391364	0	4.029	1.02
363.6	0.00317192	0.00161217	44672.6	1050	105	44191.1	37.6551	37.6551	150.62	150.62	0 24993.4 969.242 	25962.7	0.00478409	1.46395e-54	1.90811e-46	1050	1.90811e-46	0 2.63685e+07 5e+06 	3.13685e+07	6.42984	6.55445	12703.2	670	0.0390559	0	4.029	1.02
363.8	0.00317198	0.00161236	44679.8	1050	105	44198	37.6814	37.6814	150.725	150.725	0 24990.9 967.092 	25958	0.00478434	1.37419e-54	1.79121e-46	1050	1.79121e-46	0 2.63713e+07 5e+06 	3.13713e+07	6.42947	6.55445	12703.2	670	0.0389756	0	4.029	1.02
364	0.00317204	0.00161256	44687	1050	105	44204.9	37.7076	37.7076	150.83	150.83	0 24988.3 964.945 	25953.3	0.0047846	1.28994e-54	1.68148e-46	1050	1.68148e-46	0 2.63741e+07 5e+06 	3.13741e+07	6.4291	6.55445	12703.2	670	0.0388953	0	4.029	1.02
364.2	0.0031721	0.00161275	44694.2	1050	105	44211.9	37.7338	37.7338	150.935	150.935	0 24985.8 962.801 	25948.6	0.00478486	1.21085e-54	1.57846e-46	1050	1.57846e-46	0 2.6377e+07 5e+06 	3.1377e+07	6.42873	6.55445	12703.2	670	0.0388151	0	4.029	1.02
364.4	0.00317217	0.00161295	44701.4	1050	105	44218.8	37.7601	37.7601	151.04	151.04	0 24983.3 960.66 	25943.9	0.00478511	1.13661e-54	1.48176e-46	1050	1.48176e-46	0 2.63798e+07 5e+06 	3.13798e+07	6.42835	6.55445	12703.2	670	0.038735	0	4.029	1.02
364.6	0.00317223	0.00161314	44708.6	1050	105	44225.7	37.7863	37.7863	151.145	151.145	0 24980.7 958.522 	25939.2	0.00478537	1.06692e-54	1.39098e-46	1050	1.39098e-46	0 2.63826e+07 5e+06 	3.13826e+07	6.42798	6.55445	12703.2	670	0.038655	0	4.029	1.02
364.8	0.00317229	0.00161334	44715.8	1050	105	44232.6	37.8125	37.8125	151.25	151.25	0 24978.2 956.386 	25934.6	0.00478562	1.0015e-54	1.30577e-46	1050	1.30577e-46	0 2.63854e+07 5e+06 	3.13854e+07	6.42761	6.55445	12703.2	670	0.0385751	0	4.029	1.02
365	0.00317235	0.00161353	44723	1050	105	44239.6	37.8386	37.8386	151.355	151.355	0 24975.6 954.254 	25929.9	0.00478588	9.40096e-55	1.22577e-46	1050	1.22577e-46	0 2.63883e+07 5e+06 	3.13883e+07	6.42724	6.55445	12703.2	670	0.0384953	0	4.029	1.02
365.2	0.00317241	0.00161373	44730.1	1050	105	44246.5	37.8648	37.8648	151.459	151.459	0 24973.1 952.125 	25925.2	0.00478614	8.82455e-55	1.15068e-46	1050	1.15068e-46	0 2.63911e+07 5e+06 	3.13911e+07	6.42687	6.55445	12703.2	670	0.0384156	0	4.029	1.02
365.4	0.00317247	0.00161392	44737.3	1050	105	44253.4	37.891	37.891	151.564	151.564	0 24970.6 949.998 	25920.6	0.00478639	8.28349e-55	1.08018e-46	1050	1.08018e-46	0 2.63939e+07 5e+06 	3.13939e+07	6.4265	6.55445	12703.2	670	0.0383359	0	4.029	1.02
365.6	0.00317253	0.00161412	44744.5	1050	105	44260.3	37.9171	37.9171	151.668	151.668	0 24968 947.875 	25915.9	0.00478665	7.7756e-55	1.01401e-46	1050	1.01401e-46	0 2.63967e+07 5e+06 	3.13967e+07	6.42613	6.55445	12703.2	670	0.0382564	0	4.029	1.02
365.8	0.00317259	0.00161431	44751.7	1050	105	44267.2	37.9432	37.9432	151.773	151.773	0 24965.5 945.754 	25911.3	0.0047869	7.29886e-55	9.51888e-47	1050	9.51888e-47	0 2.63995e+07 5e+06 	3.13995e+07	6.42576	6.55445	12703.2	670	0.0381769	0	4.029	1.02
366	0.00317265	0.00161451	44758.8	1050	105	44274.1	37.9694	37.9694	151.877	151.877	0 24963 943.636 	25906.6	0.00478716	6.85134e-55	8.93572e-47	1050	8.93572e-47	0 2.64024e+07 5e+06 	3.14024e+07	6.42539	6.55445	12703.2	670	0.0380975	0	4.029	1.02
366.2	0.00317271	0.0016147	44766	1050	105	44281.1	37.9955	37.9955	151.982	151.982	0 24960.4 941.521 	25902	0.00478741	6.43126e-55	8.38829e-47	1050	8.38829e-47	0 2.64052e+07 5e+06 	3.14052e+07	6.42502	6.55445	12703.2	670	0.0380182	0	4.029	1.02
366.4	0.00317277	0.00161489	44773.2	1050	105	44288	38.0216	38.0216	152.086	152.086	0 24957.9 939.409 	25897.3	0.00478767	6.03694e-55	7.8744e-47	1050	7.8744e-47	0 2.6408e+07 5e+06 	3.1408e+07	6.42465	6.55445	12703.2	670	0.037939	0	4.029	1.02
366.6	0.00317284	0.00161509	44780.3	1050	105	44294.9	38.0476	38.0476	152.191	152.191	0 24955.4 937.3 	25892.7	0.00478792	5.6668e-55	7.39199e-47	1050	7.39199e-47	0 2.64108e+07 5e+06 	3.14108e+07	6.42428	6.55445	12703.2	670	0.0378599	0	4.029	1.02
366.8	0.0031729	0.00161528	44787.5	1050	105	44301.8	38.0737	38.0737	152.295	152.295	0 24952.9 935.194 	25888.1	0.00478818	5.31935e-55	6.93913e-47	1050	6.93913e-47	0 2.64136e+07 5e+06 	3.14136e+07	6.42391	6.55445	12703.2	670	0.0377809	0	4.029	1.02
367	0.00317296	0.00161548	44794.7	1050	105	44308.7	38.0998	38.0998	152.399	152.399	0 24950.3 933.091 	25883.4	0.00478843	4.99321e-55	6.51402e-47	1050	6.51402e-47	0 2.64164e+07 5e+06 	3.14164e+07	6.42355	6.55445	12703.2	670	0.0377019	0	4.029	1.02
367.2	0.00317302	0.00161567	44801.8	1050	105	44315.6	38.1258	38.1258	152.503	152.503	0 24947.8 930.99 	25878.8	0.00478869	4.68706e-55	6.11495e-47	1050	6.11495e-47	0 2.64192e+07 5e+06 	3.14192e+07	6.42318	6.55445	12703.2	670	0.0376231	0	4.029	1.02
367.4	0.00317308	0.00161587	44809	1050	105	44322.5	38.1518	38.1518	152.607	152.607	0 24945.3 928.893 	25874.2	0.00478894	4.39968e-55	5.74033e-47	1050	5.74033e-47	0 2.64221e+07 5e+06 	3.14221e+07	6.42281	6.55445	12703.2	670	0.0375443	0	4.029	1.02
367.6	0.00317314	0.00161606	44816.1	1050	105	44329.4	38.1779	38.1779	152.711	152.711	0 24942.8 926.798 	25869.6	0.0047892	4.12992e-55	5.38866e-47	1050	5.38866e-47	0 2.64249e+07 5e+06 	3.14249e+07	6.42245	6.55445	12703.2	670	0.0374656	0	4.029	1.02
367.8	0.0031732	0.00161625	44823.3	1050	105	44336.2	38.2039	38.2039	152.815	152.815	0 24940.3 924.707 	25865	0.00478945	3.8767e-55	5.05853e-47	1050	5.05853e-47	0 2.64277e+07 5e+06 	3.14277e+07	6.42208	6.55445	12703.2	670	0.037387	0	4.029	1.02
368	0.00317326	0.00161645	44830.4	1050	105	44343.1	38.2299	38.2299	152.919	152.919	0 24937.7 922.618 	25860.4	0.00478971	3.63901e-55	4.74863e-47	1050	4.74863e-47	0 2.64305e+07 5e+06 	3.14305e+07	6.42171	6.55445	12703.2	670	0.0373085	0	4.029	1.02
368.2	0.00317332	0.00161664	44837.6	1050	105	44350	38.2558	38.2558	153.023	153.023	0 24935.2 920.532 	25855.8	0.00478996	3.41589e-55	4.45772e-47	1050	4.45772e-47	0 2.64333e+07 5e+06 	3.14333e+07	6.42135	6.55445	12703.2	670	0.0372301	0	4.029	1.02
368.4	0.00317338	0.00161684	44844.7	1050	105	44356.9	38.2818	38.2818	153.127	153.127	0 24932.7 918.449 	25851.2	0.00479021	3.20646e-55	4.18462e-47	1050	4.18462e-47	0 2.64361e+07 5e+06 	3.14361e+07	6.42098	6.55445	12703.2	670	0.0371518	0	4.029	1.02
368.6	0.00317344	0.00161703	44851.9	1050	105	44363.8	38.3078	38.3078	153.231	153.231	0 24930.2 916.368 	25846.6	0.00479047	3.00986e-55	3.92826e-47	1050	3.92826e-47	0 2.64389e+07 5e+06 	3.14389e+07	6.42062	6.55445	12703.2	670	0.0370735	0	4.029	1.02
368.8	0.0031735	0.00161722	44859	1050	105	44370.7	38.3337	38.3337	153.335	153.335	0 24927.7 914.291 	25842	0.00479072	2.82532e-55	3.6876e-47	1050	3.6876e-47	0 2.64417e+07 5e+06 	3.14417e+07	6.42025	6.55445	12703.2	670	0.0369954	0	4.029	1.02
369	0.00317356	0.00161742	44866.1	1050	105	44377.5	38.3596	38.3596	153.438	153.438	0 24925.2 912.216 	25837.4	0.00479098	2.65209e-55	3.46169e-47	1050	3.46169e-47	0 2.64445e+07 5e+06 	3.14445e+07	6.41989	6.55445	12703.2	670	0.0369173	0	4.029	1.02
369.2	0.00317362	0.00161761	44873.3	1050	105	44384.4	38.3855	38.3855	153.542	153.542	0 24922.7 910.145 	25832.8	0.00479123	2.48948e-55	3.24962e-47	1050	3.24962e-47	0 2.64473e+07 5e+06 	3.14473e+07	6.41952	6.55445	12703.2	670	0.0368393	0	4.029	1.02
369.4	0.00317368	0.0016178	44880.4	1050	105	44391.3	38.4114	38.4114	153.646	153.646	0 24920.1 908.076 	25828.2	0.00479148	2.33684e-55	3.05053e-47	1050	3.05053e-47	0 2.64501e+07 5e+06 	3.14501e+07	6.41916	6.55445	12703.2	670	0.0367614	0	4.029	1.02
369.6	0.00317374	0.001618	44887.5	1050	105	44398.2	38.4373	38.4373	153.749	153.749	0 24917.6 906.01 	25823.6	0.00479174	2.19357e-55	2.86365e-47	1050	2.86365e-47	0 2.64529e+07 5e+06 	3.14529e+07	6.4188	6.55445	12703.2	670	0.0366836	0	4.029	1.02
369.8	0.0031738	0.00161819	44894.7	1050	105	44405	38.4632	38.4632	153.853	153.853	0 24915.1 903.946 	25819.1	0.00479199	2.05907e-55	2.68821e-47	1050	2.68821e-47	0 2.64557e+07 5e+06 	3.14557e+07	6.41843	6.55445	12703.2	670	0.0366059	0	4.029	1.02
370	0.00317386	0.00161838	44901.8	1050	105	44411.9	38.4891	38.4891	153.956	153.956	0 24912.6 901.886 	25814.5	0.00479224	1.93283e-55	2.52353e-47	1050	2.52353e-47	0 2.64585e+07 5e+06 	3.14585e+07	6.41807	6.55445	12703.2	670	0.0365282	0	4.029	1.02
370.2	0.00317392	0.00161858	44908.9	1050	105	44418.8	38.5149	38.5149	154.06	154.06	0 24910.1 899.829 	25809.9	0.0047925	1.81432e-55	2.36893e-47	1050	2.36893e-47	0 2.64613e+07 5e+06 	3.14613e+07	6.41771	6.55445	12703.2	670	0.0364507	0	4.029	1.02
370.4	0.00317398	0.00161877	44916	1050	105	44425.6	38.5408	38.5408	154.163	154.163	0 24907.6 897.774 	25805.4	0.00479275	1.70308e-55	2.2238e-47	1050	2.2238e-47	0 2.64641e+07 5e+06 	3.14641e+07	6.41735	6.55445	12703.2	670	0.0363732	0	4.029	1.02
370.6	0.00317404	0.00161896	44923.2	1050	105	44432.5	38.5666	38.5666	154.266	154.266	0 24905.1 895.722 	25800.8	0.004793	1.59866e-55	2.08756e-47	1050	2.08756e-47	0 2.64669e+07 5e+06 	3.14669e+07	6.41698	6.55445	12703.2	670	0.0362958	0	4.029	1.02
370.8	0.0031741	0.00161916	44930.3	1050	105	44439.4	38.5924	38.5924	154.37	154.37	0 24902.6 893.673 	25796.3	0.00479325	1.50064e-55	1.95967e-47	1050	1.95967e-47	0 2.64696e+07 5e+06 	3.14696e+07	6.41662	6.55445	12703.2	670	0.0362186	0	4.029	1.02
371	0.00317416	0.00161935	44937.4	1050	105	44446.2	38.6182	38.6182	154.473	154.473	0 24900.1 891.627 	25791.7	0.00479351	1.40863e-55	1.83962e-47	1050	1.83962e-47	0 2.64724e+07 5e+06 	3.14724e+07	6.41626	6.55445	12703.2	670	0.0361413	0	4.029	1.02
371.2	0.00317422	0.00161954	44944.5	1050	105	44453.1	38.644	38.644	154.576	154.576	0 24897.6 889.583 	25787.2	0.00479376	1.32227e-55	1.72692e-47	1050	1.72692e-47	0 2.64752e+07 5e+06 	3.14752e+07	6.4159	6.55445	12703.2	670	0.0360642	0	4.029	1.02
371.4	0.00317428	0.00161973	44951.6	1050	105	44459.9	38.6698	38.6698	154.679	154.679	0 24895.1 887.543 	25782.7	0.00479401	1.24119e-55	1.62112e-47	1050	1.62112e-47	0 2.6478e+07 5e+06 	3.1478e+07	6.41554	6.55445	12703.2	670	0.0359872	0	4.029	1.02
371.6	0.00317434	0.00161993	44958.7	1050	105	44466.8	38.6955	38.6955	154.782	154.782	0 24892.6 885.505 	25778.1	0.00479426	1.16509e-55	1.5218e-47	1050	1.5218e-47	0 2.64808e+07 5e+06 	3.14808e+07	6.41518	6.55445	12703.2	670	0.0359102	0	4.029	1.02
371.8	0.0031744	0.00162012	44965.8	1050	105	44473.6	38.7213	38.7213	154.885	154.885	0 24890.1 883.47 	25773.6	0.00479452	1.09366e-55	1.42857e-47	1050	1.42857e-47	0 2.64836e+07 5e+06 	3.14836e+07	6.41482	6.55445	12703.2	670	0.0358334	0	4.029	1.02
372	0.00317445	0.00162031	44972.9	1050	105	44480.5	38.747	38.747	154.988	154.988	0 24887.6 881.438 	25769.1	0.00479477	1.0266e-55	1.34106e-47	1050	1.34106e-47	0 2.64864e+07 5e+06 	3.14864e+07	6.41446	6.55445	12703.2	670	0.0357566	0	4.029	1.02
372.2	0.00317451	0.00162051	44980	1050	105	44487.3	38.7728	38.7728	155.091	155.091	0 24885.1 879.408 	25764.5	0.00479502	9.6366e-56	1.2589e-47	1050	1.2589e-47	0 2.64891e+07 5e+06 	3.14891e+07	6.4141	6.55445	12703.2	670	0.0356799	0	4.029	1.02
372.4	0.00317457	0.0016207	44987.1	1050	105	44494.2	38.7985	38.7985	155.194	155.194	0 24882.6 877.382 	25760	0.00479527	9.04576e-56	1.18177e-47	1050	1.18177e-47	0 2.64919e+07 5e+06 	3.14919e+07	6.41374	6.55445	12703.2	670	0.0356033	0	4.029	1.02
372.6	0.00317463	0.00162089	44994.2	1050	105	44501	38.8242	38.8242	155.297	155.297	0 24880.1 875.358 	25755.5	0.00479552	8.49114e-56	1.10937e-47	1050	1.10937e-47	0 2.64947e+07 5e+06 	3.14947e+07	6.41338	6.55445	12703.2	670	0.0355268	0	4.029	1.02
372.8	0.00317469	0.00162108	45001.3	1050	105	44507.8	38.8498	38.8498	155.399	155.399	0 24877.7 873.337 	25751	0.00479577	7.97053e-56	1.04141e-47	1050	1.04141e-47	0 2.64975e+07 5e+06 	3.14975e+07	6.41302	6.55445	12703.2	670	0.0354503	0	4.029	1.02
373	0.00317475	0.00162127	45008.4	1050	105	44514.7	38.8755	38.8755	155.502	155.502	0 24875.2 871.318 	25746.5	0.00479603	7.48184e-56	9.77611e-48	1050	9.77611e-48	0 2.65003e+07 5e+06 	3.15003e+07	6.41267	6.55445	12703.2	670	0.035374	0	4.029	1.02
373.2	0.00317481	0.00162147	45015.5	1050	105	44521.5	38.9012	38.9012	155.605	155.605	0 24872.7 869.303 	25742	0.00479628	7.02311e-56	9.1772e-48	1050	9.1772e-48	0 2.6503e+07 5e+06 	3.1503e+07	6.41231	6.55445	12703.2	670	0.0352977	0	4.029	1.02
373.4	0.00317487	0.00162166	45022.6	1050	105	44528.3	38.9268	38.9268	155.707	155.707	0 24870.2 867.29 	25737.5	0.00479653	6.59251e-56	8.61497e-48	1050	8.61497e-48	0 2.65058e+07 5e+06 	3.15058e+07	6.41195	6.55445	12703.2	670	0.0352215	0	4.029	1.02
373.6	0.00317493	0.00162185	45029.7	1050	105	44535.2	38.9525	38.9525	155.81	155.81	0 24867.7 865.28 	25733	0.00479678	6.18831e-56	8.08719e-48	1050	8.08719e-48	0 2.65086e+07 5e+06 	3.15086e+07	6.41159	6.55445	12703.2	670	0.0351454	0	4.029	1.02
373.8	0.00317499	0.00162204	45036.8	1050	105	44542	38.9781	38.9781	155.912	155.912	0 24865.2 863.273 	25728.5	0.00479703	5.80889e-56	7.59175e-48	1050	7.59175e-48	0 2.65114e+07 5e+06 	3.15114e+07	6.41124	6.55445	12703.2	670	0.0350694	0	4.029	1.02
374	0.00317505	0.00162224	45043.9	1050	105	44548.8	39.0037	39.0037	156.015	156.015	0 24862.7 861.269 	25724	0.00479728	5.45273e-56	7.12665e-48	1050	7.12665e-48	0 2.65141e+07 5e+06 	3.15141e+07	6.41088	6.55445	12703.2	670	0.0349935	0	4.029	1.02
374.2	0.0031751	0.00162243	45050.9	1050	105	44555.6	39.0293	39.0293	156.117	156.117	0 24860.3 859.267 	25719.5	0.00479753	5.11842e-56	6.69005e-48	1050	6.69005e-48	0 2.65169e+07 5e+06 	3.15169e+07	6.41052	6.55445	12703.2	670	0.0349177	0	4.029	1.02
374.4	0.00317516	0.00162262	45058	1050	105	44562.5	39.0549	39.0549	156.219	156.219	0 24857.8 857.268 	25715.1	0.00479778	4.80459e-56	6.2802e-48	1050	6.2802e-48	0 2.65197e+07 5e+06 	3.15197e+07	6.41017	6.55445	12703.2	670	0.0348419	0	4.029	1.02
374.6	0.00317522	0.00162281	45065.1	1050	105	44569.3	39.0804	39.0804	156.322	156.322	0 24855.3 855.272 	25710.6	0.00479803	4.51002e-56	5.89546e-48	1050	5.89546e-48	0 2.65224e+07 5e+06 	3.15224e+07	6.40981	6.55445	12703.2	670	0.0347662	0	4.029	1.02
374.8	0.00317528	0.001623	45072.2	1050	105	44576.1	39.106	39.106	156.424	156.424	0 24852.8 853.279 	25706.1	0.00479828	4.2335e-56	5.53428e-48	1050	5.53428e-48	0 2.65252e+07 5e+06 	3.15252e+07	6.40946	6.55445	12703.2	670	0.0346907	0	4.029	1.02
375	0.00317534	0.00162319	45079.2	1050	105	44582.9	39.1315	39.1315	156.526	156.526	0 24850.4 851.288 	25701.6	0.00479853	3.97393e-56	5.19524e-48	1050	5.19524e-48	0 2.6528e+07 5e+06 	3.1528e+07	6.4091	6.55445	12703.2	670	0.0346151	0	4.029	1.02
375.2	0.0031754	0.00162339	45086.3	1050	105	44589.7	39.1571	39.1571	156.628	156.628	0 24847.9 849.3 	25697.2	0.00479878	3.73028e-56	4.87696e-48	1050	4.87696e-48	0 2.65308e+07 5e+06 	3.15308e+07	6.40875	6.55445	12703.2	670	0.0345397	0	4.029	1.02
375.4	0.00317546	0.00162358	45093.4	1050	105	44596.5	39.1826	39.1826	156.73	156.73	0 24845.4 847.315 	25692.7	0.00479903	3.50157e-56	4.57818e-48	1050	4.57818e-48	0 2.65335e+07 5e+06 	3.15335e+07	6.40839	6.55445	12703.2	670	0.0344644	0	4.029	1.02
375.6	0.00317551	0.00162377	45100.4	1050	105	44603.3	39.2081	39.2081	156.832	156.832	0 24842.9 845.332 	25688.3	0.00479928	3.28688e-56	4.29771e-48	1050	4.29771e-48	0 2.65363e+07 5e+06 	3.15363e+07	6.40804	6.55445	12703.2	670	0.0343891	0	4.029	1.02
375.8	0.00317557	0.00162396	45107.5	1050	105	44610.1	39.2336	39.2336	156.934	156.934	0 24840.5 843.353 	25683.8	0.00479953	3.08536e-56	4.03442e-48	1050	4.03442e-48	0 2.6539e+07 5e+06 	3.1539e+07	6.40769	6.55445	12703.2	670	0.034314	0	4.029	1.02
376	0.00317563	0.00162415	45114.5	1050	105	44616.9	39.2591	39.2591	157.036	157.036	0 24838 841.376 	25679.4	0.00479978	2.89619e-56	3.78726e-48	1050	3.78726e-48	0 2.65418e+07 5e+06 	3.15418e+07	6.40733	6.55445	12703.2	670	0.0342389	0	4.029	1.02
376.2	0.00317569	0.00162434	45121.6	1050	105	44623.7	39.2845	39.2845	157.138	157.138	0 24835.5 839.401 	25674.9	0.00480003	2.71862e-56	3.55524e-48	1050	3.55524e-48	0 2.65446e+07 5e+06 	3.15446e+07	6.40698	6.55445	12703.2	670	0.0341639	0	4.029	1.02
376.4	0.00317575	0.00162453	45128.6	1050	105	44630.5	39.31	39.31	157.24	157.24	0 24833.1 837.43 	25670.5	0.00480028	2.55193e-56	3.33743e-48	1050	3.33743e-48	0 2.65473e+07 5e+06 	3.15473e+07	6.40663	6.55445	12703.2	670	0.034089	0	4.029	1.02
376.6	0.00317581	0.00162473	45135.7	1050	105	44637.3	39.3354	39.3354	157.342	157.342	0 24830.6 835.461 	25666.1	0.00480053	2.39547e-56	3.13297e-48	1050	3.13297e-48	0 2.65501e+07 5e+06 	3.15501e+07	6.40627	6.55445	12703.2	670	0.0340141	0	4.029	1.02
376.8	0.00317586	0.00162492	45142.7	1050	105	44644.1	39.3608	39.3608	157.443	157.443	0 24828.1 833.495 	25661.6	0.00480078	2.2486e-56	2.94104e-48	1050	2.94104e-48	0 2.65528e+07 5e+06 	3.15528e+07	6.40592	6.55445	12703.2	670	0.0339394	0	4.029	1.02
377	0.00317592	0.00162511	45149.8	1050	105	44650.9	39.3862	39.3862	157.545	157.545	0 24825.7 831.531 	25657.2	0.00480103	2.11073e-56	2.76086e-48	1050	2.76086e-48	0 2.65556e+07 5e+06 	3.15556e+07	6.40557	6.55445	12703.2	670	0.0338647	0	4.029	1.02
377.2	0.00317598	0.0016253	45156.8	1050	105	44657.7	39.4116	39.4116	157.647	157.647	0 24823.2 829.571 	25652.8	0.00480128	1.98132e-56	2.59172e-48	1050	2.59172e-48	0 2.65584e+07 5e+06 	3.15584e+07	6.40522	6.55445	12703.2	670	0.0337902	0	4.029	1.02
377.4	0.00317604	0.00162549	45163.9	1050	105	44664.5	39.437	39.437	157.748	157.748	0 24820.7 827.613 	25648.3	0.00480153	1.85984e-56	2.43294e-48	1050	2.43294e-48	0 2.65611e+07 5e+06 	3.15611e+07	6.40487	6.55445	12703.2	670	0.0337157	0	4.029	1.02
377.6	0.0031761	0.00162568	45170.9	1050	105	44671.3	39.4624	39.4624	157.85	157.85	0 24818.3 825.657 	25643.9	0.00480178	1.74581e-56	2.28389e-48	1050	2.28389e-48	0 2.65639e+07 5e+06 	3.15639e+07	6.40452	6.55445	12703.2	670	0.0336412	0	4.029	1.02
377.8	0.00317615	0.00162587	45178	1050	105	44678.1	39.4878	39.4878	157.951	157.951	0 24815.8 823.705 	25639.5	0.00480203	1.63877e-56	2.14398e-48	1050	2.14398e-48	0 2.65666e+07 5e+06 	3.15666e+07	6.40417	6.55445	12703.2	670	0.0335669	0	4.029	1.02
378	0.00317621	0.00162606	45185	1050	105	44684.9	39.5131	39.5131	158.052	158.052	0 24813.4 821.755 	25635.1	0.00480227	1.5383e-56	2.01263e-48	1050	2.01263e-48	0 2.65694e+07 5e+06 	3.15694e+07	6.40382	6.55445	12703.2	670	0.0334927	0	4.029	1.02
378.2	0.00317627	0.00162625	45192	1050	105	44691.6	39.5384	39.5384	158.154	158.154	0 24810.9 819.808 	25630.7	0.00480252	1.44398e-56	1.88933e-48	1050	1.88933e-48	0 2.65721e+07 5e+06 	3.15721e+07	6.40347	6.55445	12703.2	670	0.0334185	0	4.029	1.02
378.4	0.00317633	0.00162644	45199	1050	105	44698.4	39.5638	39.5638	158.255	158.255	0 24808.4 817.863 	25626.3	0.00480277	1.35545e-56	1.77358e-48	1050	1.77358e-48	0 2.65749e+07 5e+06 	3.15749e+07	6.40312	6.55445	12703.2	670	0.0333444	0	4.029	1.02
378.6	0.00317639	0.00162663	45206.1	1050	105	44705.2	39.5891	39.5891	158.356	158.356	0 24806 815.921 	25621.9	0.00480302	1.27235e-56	1.66493e-48	1050	1.66493e-48	0 2.65776e+07 5e+06 	3.15776e+07	6.40277	6.55445	12703.2	670	0.0332704	0	4.029	1.02
378.8	0.00317644	0.00162682	45213.1	1050	105	44712	39.6144	39.6144	158.457	158.457	0 24803.5 813.982 	25617.5	0.00480327	1.19434e-56	1.56293e-48	1050	1.56293e-48	0 2.65804e+07 5e+06 	3.15804e+07	6.40242	6.55445	12703.2	670	0.0331965	0	4.029	1.02
379	0.0031765	0.00162701	45220.1	1050	105	44718.7	39.6397	39.6397	158.559	158.559	0 24801.1 812.045 	25613.1	0.00480352	1.12111e-56	1.46718e-48	1050	1.46718e-48	0 2.65831e+07 5e+06 	3.15831e+07	6.40207	6.55445	12703.2	670	0.0331227	0	4.029	1.02
379.2	0.00317656	0.0016272	45227.1	1050	105	44725.5	39.6649	39.6649	158.66	158.66	0 24798.6 810.111 	25608.7	0.00480376	1.05237e-56	1.3773e-48	1050	1.3773e-48	0 2.65858e+07 5e+06 	3.15858e+07	6.40172	6.55445	12703.2	670	0.0330489	0	4.029	1.02
379.4	0.00317662	0.00162739	45234.2	1050	105	44732.3	39.6902	39.6902	158.761	158.761	0 24796.2 808.18 	25604.4	0.00480401	9.8785e-57	1.29292e-48	1050	1.29292e-48	0 2.65886e+07 5e+06 	3.15886e+07	6.40137	6.55445	12703.2	670	0.0329753	0	4.029	1.02
379.6	0.00317667	0.00162759	45241.2	1050	105	44739	39.7154	39.7154	158.862	158.862	0 24793.7 806.252 	25600	0.00480426	9.27283e-57	1.21371e-48	1050	1.21371e-48	0 2.65913e+07 5e+06 	3.15913e+07	6.40103	6.55445	12703.2	670	0.0329017	0	4.029	1.02
379.8	0.00317673	0.00162778	45248.2	1050	105	44745.8	39.7406	39.7406	158.963	158.963	0 24791.3 804.326 	25595.6	0.00480451	8.7043e-57	1.13935e-48	1050	1.13935e-48	0 2.65941e+07 5e+06 	3.15941e+07	6.40068	6.55445	12703.2	670	0.0328282	0	4.029	1.02
380	0.00317679	0.00162797	45255.2	1050	105	44752.5	39.7659	39.7659	159.063	159.063	0 24788.8 802.403 	25591.3	0.00480475	8.17063e-57	1.06955e-48	1050	1.06955e-48	0 2.65968e+07 5e+06 	3.15968e+07	6.40033	6.55445	12703.2	670	0.0327547	0	4.029	1.02
380.2	0.00317685	0.00162816	45262.2	1050	105	44759.3	39.7911	39.7911	159.164	159.164	0 24786.4 800.482 	25586.9	0.004805	7.66968e-57	1.00403e-48	1050	1.00403e-48	0 2.65995e+07 5e+06 	3.15995e+07	6.39998	6.55445	12703.2	670	0.0326814	0	4.029	1.02
380.4	0.0031769	0.00162835	45269.2	1050	105	44766.1	39.8163	39.8163	159.265	159.265	0 24784 798.564 	25582.5	0.00480525	7.19944e-57	9.4252e-49	1050	9.4252e-49	0 2.66023e+07 5e+06 	3.16023e+07	6.39964	6.55445	12703.2	670	0.0326081	0	4.029	1.02
380.6	0.00317696	0.00162853	45276.2	1050	105	44772.8	39.8414	39.8414	159.366	159.366	0 24781.5 796.649 	25578.2	0.0048055	6.75803e-57	8.84778e-49	1050	8.84778e-49	0 2.6605e+07 5e+06 	3.1605e+07	6.39929	6.55445	12703.2	670	0.032535	0	4.029	1.02
380.8	0.00317702	0.00162872	45283.2	1050	105	44779.6	39.8666	39.8666	159.466	159.466	0 24779.1 794.736 	25573.8	0.00480574	6.34369e-57	8.30574e-49	1050	8.30574e-49	0 2.66078e+07 5e+06 	3.16078e+07	6.39895	6.55445	12703.2	670	0.0324619	0	4.029	1.02
381	0.00317708	0.00162891	45290.2	1050	105	44786.3	39.8917	39.8917	159.567	159.567	0 24776.6 792.826 	25569.5	0.00480599	5.95475e-57	7.79691e-49	1050	7.79691e-49	0 2.66105e+07 5e+06 	3.16105e+07	6.3986	6.55445	12703.2	670	0.0323889	0	4.029	1.02
381.2	0.00317713	0.0016291	45297.2	1050	105	44793.1	39.9169	39.9169	159.668	159.668	0 24774.2 790.919 	25565.1	0.00480624	5.58965e-57	7.31924e-49	1050	7.31924e-49	0 2.66132e+07 5e+06 	3.16132e+07	6.39825	6.55445	12703.2	670	0.0323159	0	4.029	1.02
381.4	0.00317719	0.00162929	45304.2	1050	105	44799.8	39.942	39.942	159.768	159.768	0 24771.8 789.014 	25560.8	0.00480648	5.24694e-57	6.87084e-49	1050	6.87084e-49	0 2.6616e+07 5e+06 	3.1616e+07	6.39791	6.55445	12703.2	670	0.0322431	0	4.029	1.02
381.6	0.00317725	0.00162948	45311.2	1050	105	44806.5	39.9671	39.9671	159.868	159.868	0 24769.3 787.112 	25556.4	0.00480673	4.92525e-57	6.44992e-49	1050	6.44992e-49	0 2.66187e+07 5e+06 	3.16187e+07	6.39756	6.55445	12703.2	670	0.0321703	0	4.029	1.02
381.8	0.0031773	0.00162967	45318.2	1050	105	44813.3	39.9922	39.9922	159.969	159.969	0 24766.9 785.213 	25552.1	0.00480698	4.62328e-57	6.05477e-49	1050	6.05477e-49	0 2.66214e+07 5e+06 	3.16214e+07	6.39722	6.55445	12703.2	670	0.0320977	0	4.029	1.02
382	0.00317736	0.00162986	45325.2	1050	105	44820	40.0173	40.0173	160.069	160.069	0 24764.5 783.316 	25547.8	0.00480722	4.33982e-57	5.68384e-49	1050	5.68384e-49	0 2.66241e+07 5e+06 	3.16241e+07	6.39688	6.55445	12703.2	670	0.032025	0	4.029	1.02
382.2	0.00317742	0.00163005	45332.2	1050	105	44826.7	40.0424	40.0424	160.169	160.169	0 24762 781.422 	25543.4	0.00480747	4.07374e-57	5.33563e-49	1050	5.33563e-49	0 2.66269e+07 5e+06 	3.16269e+07	6.39653	6.55445	12703.2	670	0.0319525	0	4.029	1.02
382.4	0.00317747	0.00163024	45339.2	1050	105	44833.5	40.0674	40.0674	160.27	160.27	0 24759.6 779.53 	25539.1	0.00480771	3.82397e-57	5.00875e-49	1050	5.00875e-49	0 2.66296e+07 5e+06 	3.16296e+07	6.39619	6.55445	12703.2	670	0.0318801	0	4.029	1.02
382.6	0.00317753	0.00163043	45346.1	1050	105	44840.2	40.0925	40.0925	160.37	160.37	0 24757.2 777.641 	25534.8	0.00480796	3.58952e-57	4.7019e-49	1050	4.7019e-49	0 2.66323e+07 5e+06 	3.16323e+07	6.39585	6.55445	12703.2	670	0.0318077	0	4.029	1.02
382.8	0.00317759	0.00163062	45353.1	1050	105	44846.9	40.1175	40.1175	160.47	160.47	0 24754.7 775.755 	25530.5	0.00480821	3.36944e-57	4.41385e-49	1050	4.41385e-49	0 2.6635e+07 5e+06 	3.1635e+07	6.3955	6.55445	12703.2	670	0.0317355	0	4.029	1.02
383	0.00317764	0.00163081	45360.1	1050	105	44853.7	40.1425	40.1425	160.57	160.57	0 24752.3 773.871 	25526.2	0.00480845	3.16286e-57	4.14344e-49	1050	4.14344e-49	0 2.66378e+07 5e+06 	3.16378e+07	6.39516	6.55445	12703.2	670	0.0316633	0	4.029	1.02
383.2	0.0031777	0.001631	45367.1	1050	105	44860.4	40.1675	40.1675	160.67	160.67	0 24749.9 771.99 	25521.9	0.0048087	2.96894e-57	3.8896e-49	1050	3.8896e-49	0 2.66405e+07 5e+06 	3.16405e+07	6.39482	6.55445	12703.2	670	0.0315911	0	4.029	1.02
383.4	0.00317776	0.00163119	45374	1050	105	44867.1	40.1925	40.1925	160.77	160.77	0 24747.5 770.111 	25517.6	0.00480894	2.78691e-57	3.65131e-49	1050	3.65131e-49	0 2.66432e+07 5e+06 	3.16432e+07	6.39448	6.55445	12703.2	670	0.0315191	0	4.029	1.02
383.6	0.00317781	0.00163137	45381	1050	105	44873.8	40.2175	40.2175	160.87	160.87	0 24745 768.235 	25513.3	0.00480919	2.61604e-57	3.42762e-49	1050	3.42762e-49	0 2.66459e+07 5e+06 	3.16459e+07	6.39413	6.55445	12703.2	670	0.0314472	0	4.029	1.02
383.8	0.00317787	0.00163156	45388	1050	105	44880.5	40.2425	40.2425	160.97	160.97	0 24742.6 766.361 	25509	0.00480943	2.45565e-57	3.21764e-49	1050	3.21764e-49	0 2.66487e+07 5e+06 	3.16487e+07	6.39379	6.55445	12703.2	670	0.0313753	0	4.029	1.02
384	0.00317793	0.00163175	45394.9	1050	105	44887.3	40.2674	40.2674	161.07	161.07	0 24740.2 764.491 	25504.7	0.00480968	2.30509e-57	3.02051e-49	1050	3.02051e-49	0 2.66514e+07 5e+06 	3.16514e+07	6.39345	6.55445	12703.2	670	0.0313035	0	4.029	1.02
384.2	0.00317798	0.00163194	45401.9	1050	105	44894	40.2923	40.2923	161.169	161.169	0 24737.8 762.622 	25500.4	0.00480992	2.16377e-57	2.83547e-49	1050	2.83547e-49	0 2.66541e+07 5e+06 	3.16541e+07	6.39311	6.55445	12703.2	670	0.0312318	0	4.029	1.02
384.4	0.00317804	0.00163213	45408.9	1050	105	44900.7	40.3173	40.3173	161.269	161.269	0 24735.3 760.757 	25496.1	0.00481017	2.0311e-57	2.66176e-49	1050	2.66176e-49	0 2.66568e+07 5e+06 	3.16568e+07	6.39277	6.55445	12703.2	670	0.0311602	0	4.029	1.02
384.6	0.0031781	0.00163232	45415.8	1050	105	44907.4	40.3422	40.3422	161.369	161.369	0 24732.9 758.894 	25491.8	0.00481041	1.90657e-57	2.49869e-49	1050	2.49869e-49	0 2.66595e+07 5e+06 	3.16595e+07	6.39243	6.55445	12703.2	670	0.0310886	0	4.029	1.02
384.8	0.00317815	0.00163251	45422.8	1050	105	44914.1	40.3671	40.3671	161.468	161.468	0 24730.5 757.033 	25487.5	0.00481066	1.78968e-57	2.34561e-49	1050	2.34561e-49	0 2.66622e+07 5e+06 	3.16622e+07	6.39209	6.55445	12703.2	670	0.0310171	0	4.029	1.02
385	0.00317821	0.00163269	45429.7	1050	105	44920.8	40.392	40.392	161.568	161.568	0 24728.1 755.175 	25483.3	0.0048109	1.67995e-57	2.20191e-49	1050	2.20191e-49	0 2.66649e+07 5e+06 	3.16649e+07	6.39175	6.55445	12703.2	670	0.0309458	0	4.029	1.02
385.2	0.00317827	0.00163288	45436.7	1050	105	44927.5	40.4168	40.4168	161.667	161.667	0 24725.7 753.32 	25479	0.00481115	1.57696e-57	2.06702e-49	1050	2.06702e-49	0 2.66676e+07 5e+06 	3.16676e+07	6.39141	6.55445	12703.2	670	0.0308744	0	4.029	1.02
385.4	0.00317832	0.00163307	45443.6	1050	105	44934.2	40.4417	40.4417	161.767	161.767	0 24723.3 751.467 	25474.7	0.00481139	1.48027e-57	1.94039e-49	1050	1.94039e-49	0 2.66704e+07 5e+06 	3.16704e+07	6.39107	6.55445	12703.2	670	0.0308032	0	4.029	1.02
385.6	0.00317838	0.00163326	45450.6	1050	105	44940.9	40.4665	40.4665	161.866	161.866	0 24720.9 749.617 	25470.5	0.00481164	1.38951e-57	1.82151e-49	1050	1.82151e-49	0 2.66731e+07 5e+06 	3.16731e+07	6.39073	6.55445	12703.2	670	0.0307321	0	4.029	1.02
385.8	0.00317843	0.00163345	45457.5	1050	105	44947.6	40.4914	40.4914	161.965	161.965	0 24718.4 747.769 	25466.2	0.00481188	1.30432e-57	1.70992e-49	1050	1.70992e-49	0 2.66758e+07 5e+06 	3.16758e+07	6.3904	6.55445	12703.2	670	0.030661	0	4.029	1.02
386	0.00317849	0.00163364	45464.4	1050	105	44954.3	40.5162	40.5162	162.065	162.065	0 24716 745.924 	25462	0.00481213	1.22435e-57	1.60517e-49	1050	1.60517e-49	0 2.66785e+07 5e+06 	3.16785e+07	6.39006	6.55445	12703.2	670	0.03059	0	4.029	1.02
386.2	0.00317855	0.00163382	45471.4	1050	105	44961	40.541	40.541	162.164	162.164	0 24713.6 744.081 	25457.7	0.00481237	1.14929e-57	1.50683e-49	1050	1.50683e-49	0 2.66812e+07 5e+06 	3.16812e+07	6.38972	6.55445	12703.2	670	0.0305191	0	4.029	1.02
386.4	0.0031786	0.00163401	45478.3	1050	105	44967.7	40.5658	40.5658	162.263	162.263	0 24711.2 742.241 	25453.5	0.00481261	1.07882e-57	1.41452e-49	1050	1.41452e-49	0 2.66839e+07 5e+06 	3.16839e+07	6.38938	6.55445	12703.2	670	0.0304483	0	4.029	1.02
386.6	0.00317866	0.0016342	45485.3	1050	105	44974.3	40.5906	40.5906	162.362	162.362	0 24708.8 740.403 	25449.2	0.00481286	1.01268e-57	1.32786e-49	1050	1.32786e-49	0 2.66866e+07 5e+06 	3.16866e+07	6.38905	6.55445	12703.2	670	0.0303775	0	4.029	1.02
386.8	0.00317871	0.00163439	45492.2	1050	105	44981	40.6153	40.6153	162.461	162.461	0 24706.4 738.569 	25445	0.0048131	9.50592e-58	1.24651e-49	1050	1.24651e-49	0 2.66893e+07 5e+06 	3.16893e+07	6.38871	6.55445	12703.2	670	0.0303069	0	4.029	1.02
387	0.00317877	0.00163457	45499.1	1050	105	44987.7	40.6401	40.6401	162.56	162.56	0 24704 736.736 	25440.7	0.00481334	8.92311e-58	1.17014e-49	1050	1.17014e-49	0 2.6692e+07 5e+06 	3.1692e+07	6.38837	6.55445	12703.2	670	0.0302363	0	4.029	1.02
387.2	0.00317883	0.00163476	45506	1050	105	44994.4	40.6648	40.6648	162.659	162.659	0 24701.6 734.906 	25436.5	0.00481359	8.37603e-58	1.09846e-49	1050	1.09846e-49	0 2.66947e+07 5e+06 	3.16947e+07	6.38804	6.55445	12703.2	670	0.0301658	0	4.029	1.02
387.4	0.00317888	0.00163495	45513	1050	105	45001.1	40.6895	40.6895	162.758	162.758	0 24699.2 733.079 	25432.3	0.00481383	7.86249e-58	1.03116e-49	1050	1.03116e-49	0 2.66974e+07 5e+06 	3.16974e+07	6.3877	6.55445	12703.2	670	0.0300953	0	4.029	1.02
387.6	0.00317894	0.00163514	45519.9	1050	105	45007.7	40.7142	40.7142	162.857	162.857	0 24696.8 731.254 	25428.1	0.00481407	7.38044e-58	9.6799e-50	1050	9.6799e-50	0 2.67001e+07 5e+06 	3.17001e+07	6.38736	6.55445	12703.2	670	0.030025	0	4.029	1.02
387.8	0.00317899	0.00163532	45526.8	1050	105	45014.4	40.7389	40.7389	162.956	162.956	0 24694.4 729.431 	25423.8	0.00481432	6.92794e-58	9.08688e-50	1050	9.08688e-50	0 2.67028e+07 5e+06 	3.17028e+07	6.38703	6.55445	12703.2	670	0.0299547	0	4.029	1.02
388	0.00317905	0.00163551	45533.7	1050	105	45021.1	40.7636	40.7636	163.055	163.055	0 24692 727.612 	25419.6	0.00481456	6.50318e-58	8.53019e-50	1050	8.53019e-50	0 2.67055e+07 5e+06 	3.17055e+07	6.38669	6.55445	12703.2	670	0.0298845	0	4.029	1.02
388.2	0.0031791	0.0016357	45540.6	1050	105	45027.8	40.7883	40.7883	163.153	163.153	0 24689.6 725.794 	25415.4	0.0048148	6.10447e-58	8.00761e-50	1050	8.00761e-50	0 2.67082e+07 5e+06 	3.17082e+07	6.38636	6.55445	12703.2	670	0.0298144	0	4.029	1.02
388.4	0.00317916	0.00163589	45547.5	1050	105	45034.4	40.813	40.813	163.252	163.252	0 24687.2 723.98 	25411.2	0.00481505	5.7302e-58	7.51704e-50	1050	7.51704e-50	0 2.67109e+07 5e+06 	3.17109e+07	6.38602	6.55445	12703.2	670	0.0297444	0	4.029	1.02
388.6	0.00317921	0.00163607	45554.5	1050	105	45041.1	40.8376	40.8376	163.35	163.35	0 24684.8 722.167 	25407	0.00481529	5.37888e-58	7.05652e-50	1050	7.05652e-50	0 2.67136e+07 5e+06 	3.17136e+07	6.38569	6.55445	12703.2	670	0.0296744	0	4.029	1.02
388.8	0.00317927	0.00163626	45561.4	1050	105	45047.7	40.8622	40.8622	163.449	163.449	0 24682.4 720.357 	25402.8	0.00481553	5.0491e-58	6.62422e-50	1050	6.62422e-50	0 2.67163e+07 5e+06 	3.17163e+07	6.38536	6.55445	12703.2	670	0.0296045	0	4.029	1.02
389	0.00317933	0.00163645	45568.3	1050	105	45054.4	40.8868	40.8868	163.547	163.547	0 24680 718.55 	25398.6	0.00481577	4.73954e-58	6.2184e-50	1050	6.2184e-50	0 2.67189e+07 5e+06 	3.17189e+07	6.38502	6.55445	12703.2	670	0.0295347	0	4.029	1.02
389.2	0.00317938	0.00163663	45575.2	1050	105	45061.1	40.9115	40.9115	163.646	163.646	0 24677.7 716.745 	25394.4	0.00481602	4.44896e-58	5.83744e-50	1050	5.83744e-50	0 2.67216e+07 5e+06 	3.17216e+07	6.38469	6.55445	12703.2	670	0.029465	0	4.029	1.02
389.4	0.00317944	0.00163682	45582.1	1050	105	45067.7	40.936	40.936	163.744	163.744	0 24675.3 714.943 	25390.2	0.00481626	4.17619e-58	5.47982e-50	1050	5.47982e-50	0 2.67243e+07 5e+06 	3.17243e+07	6.38436	6.55445	12703.2	670	0.0293954	0	4.029	1.02
389.6	0.00317949	0.00163701	45589	1050	105	45074.4	40.9606	40.9606	163.842	163.842	0 24672.9 713.143 	25386	0.0048165	3.92015e-58	5.14411e-50	1050	5.14411e-50	0 2.6727e+07 5e+06 	3.1727e+07	6.38402	6.55445	12703.2	670	0.0293258	0	4.029	1.02
389.8	0.00317955	0.0016372	45595.9	1050	105	45081	40.9852	40.9852	163.941	163.941	0 24670.5 711.346 	25381.8	0.00481674	3.6798e-58	4.82896e-50	1050	4.82896e-50	0 2.67297e+07 5e+06 	3.17297e+07	6.38369	6.55445	12703.2	670	0.0292563	0	4.029	1.02
390	0.0031796	0.00163738	45602.8	1050	105	45087.7	41.0097	41.0097	164.039	164.039	0 24668.1 709.551 	25377.7	0.00481698	3.45419e-58	4.53313e-50	1050	4.53313e-50	0 2.67324e+07 5e+06 	3.17324e+07	6.38336	6.55445	12703.2	670	0.0291869	0	4.029	1.02
390.2	0.00317966	0.00163757	45609.6	1050	105	45094.3	41.0343	41.0343	164.137	164.137	0 24665.7 707.759 	25373.5	0.00481723	3.24242e-58	4.25541e-50	1050	4.25541e-50	0 2.67351e+07 5e+06 	3.17351e+07	6.38303	6.55445	12703.2	670	0.0291176	0	4.029	1.02
390.4	0.00317971	0.00163776	45616.5	1050	105	45100.9	41.0588	41.0588	164.235	164.235	0 24663.3 705.969 	25369.3	0.00481747	3.04362e-58	3.99471e-50	1050	3.99471e-50	0 2.67377e+07 5e+06 	3.17377e+07	6.3827	6.55445	12703.2	670	0.0290483	0	4.029	1.02
390.6	0.00317977	0.00163794	45623.4	1050	105	45107.6	41.0833	41.0833	164.333	164.333	0 24661 704.181 	25365.1	0.00481771	2.85702e-58	3.74999e-50	1050	3.74999e-50	0 2.67404e+07 5e+06 	3.17404e+07	6.38237	6.55445	12703.2	670	0.0289792	0	4.029	1.02
390.8	0.00317982	0.00163813	45630.3	1050	105	45114.2	41.1078	41.1078	164.431	164.431	0 24658.6 702.397 	25361	0.00481795	2.68185e-58	3.52025e-50	1050	3.52025e-50	0 2.67431e+07 5e+06 	3.17431e+07	6.38203	6.55445	12703.2	670	0.0289101	0	4.029	1.02
391	0.00317988	0.00163831	45637.2	1050	105	45120.9	41.1323	41.1323	164.529	164.529	0 24656.2 700.614 	25356.8	0.00481819	2.51743e-58	3.30459e-50	1050	3.30459e-50	0 2.67458e+07 5e+06 	3.17458e+07	6.3817	6.55445	12703.2	670	0.028841	0	4.029	1.02
391.2	0.00317993	0.0016385	45644.1	1050	105	45127.5	41.1567	41.1567	164.627	164.627	0 24653.8 698.834 	25352.7	0.00481843	2.36309e-58	3.10214e-50	1050	3.10214e-50	0 2.67485e+07 5e+06 	3.17485e+07	6.38137	6.55445	12703.2	670	0.0287721	0	4.029	1.02
391.4	0.00317999	0.00163869	45650.9	1050	105	45134.1	41.1812	41.1812	164.725	164.725	0 24651.4 697.057 	25348.5	0.00481867	2.2182e-58	2.91209e-50	1050	2.91209e-50	0 2.67511e+07 5e+06 	3.17511e+07	6.38104	6.55445	12703.2	670	0.0287032	0	4.029	1.02
391.6	0.00318004	0.00163887	45657.8	1050	105	45140.8	41.2056	41.2056	164.823	164.823	0 24649.1 695.281 	25344.4	0.00481891	2.08221e-58	2.73369e-50	1050	2.73369e-50	0 2.67538e+07 5e+06 	3.17538e+07	6.38071	6.55445	12703.2	670	0.0286345	0	4.029	1.02
391.8	0.0031801	0.00163906	45664.7	1050	105	45147.4	41.2301	41.2301	164.92	164.92	0 24646.7 693.509 	25340.2	0.00481915	1.95455e-58	2.56621e-50	1050	2.56621e-50	0 2.67565e+07 5e+06 	3.17565e+07	6.38038	6.55445	12703.2	670	0.0285658	0	4.029	1.02
392	0.00318015	0.00163924	45671.5	1050	105	45154	41.2545	41.2545	165.018	165.018	0 24644.3 691.739 	25336.1	0.0048194	1.83471e-58	2.409e-50	1050	2.409e-50	0 2.67592e+07 5e+06 	3.17592e+07	6.38005	6.55445	12703.2	670	0.0284971	0	4.029	1.02
392.2	0.0031802	0.00163943	45678.4	1050	105	45160.6	41.2789	41.2789	165.116	165.116	0 24642 689.971 	25331.9	0.00481964	1.72223e-58	2.26142e-50	1050	2.26142e-50	0 2.67618e+07 5e+06 	3.17618e+07	6.37973	6.55445	12703.2	670	0.0284286	0	4.029	1.02
392.4	0.00318026	0.00163962	45685.3	1050	105	45167.2	41.3033	41.3033	165.213	165.213	0 24639.6 688.206 	25327.8	0.00481988	1.61664e-58	2.12288e-50	1050	2.12288e-50	0 2.67645e+07 5e+06 	3.17645e+07	6.3794	6.55445	12703.2	670	0.0283601	0	4.029	1.02
392.6	0.00318031	0.0016398	45692.1	1050	105	45173.9	41.3277	41.3277	165.311	165.311	0 24637.2 686.443 	25323.7	0.00482012	1.51752e-58	1.99282e-50	1050	1.99282e-50	0 2.67672e+07 5e+06 	3.17672e+07	6.37907	6.55445	12703.2	670	0.0282917	0	4.029	1.02
392.8	0.00318037	0.00163999	45699	1050	105	45180.5	41.352	41.352	165.408	165.408	0 24634.8 684.682 	25319.5	0.00482036	1.42448e-58	1.87074e-50	1050	1.87074e-50	0 2.67698e+07 5e+06 	3.17698e+07	6.37874	6.55445	12703.2	670	0.0282234	0	4.029	1.02
393	0.00318042	0.00164017	45705.9	1050	105	45187.1	41.3764	41.3764	165.505	165.505	0 24632.5 682.924 	25315.4	0.0048206	1.33715e-58	1.75613e-50	1050	1.75613e-50	0 2.67725e+07 5e+06 	3.17725e+07	6.37841	6.55445	12703.2	670	0.0281551	0	4.029	1.02
393.2	0.00318048	0.00164036	45712.7	1050	105	45193.7	41.4007	41.4007	165.603	165.603	0 24630.1 681.169 	25311.3	0.00482084	1.25517e-58	1.64854e-50	1050	1.64854e-50	0 2.67752e+07 5e+06 	3.17752e+07	6.37809	6.55445	12703.2	670	0.028087	0	4.029	1.02
393.4	0.00318053	0.00164055	45719.6	1050	105	45200.3	41.425	41.425	165.7	165.7	0 24627.8 679.416 	25307.2	0.00482108	1.17821e-58	1.54755e-50	1050	1.54755e-50	0 2.67778e+07 5e+06 	3.17778e+07	6.37776	6.55445	12703.2	670	0.0280189	0	4.029	1.02
393.6	0.00318059	0.00164073	45726.4	1050	105	45206.9	41.4493	41.4493	165.797	165.797	0 24625.4 677.665 	25303.1	0.00482132	1.10598e-58	1.45274e-50	1050	1.45274e-50	0 2.67805e+07 5e+06 	3.17805e+07	6.37743	6.55445	12703.2	670	0.0279509	0	4.029	1.02
393.8	0.00318064	0.00164092	45733.3	1050	105	45213.5	41.4736	41.4736	165.894	165.894	0 24623 675.917 	25298.9	0.00482156	1.03817e-58	1.36374e-50	1050	1.36374e-50	0 2.67832e+07 5e+06 	3.17832e+07	6.37711	6.55445	12703.2	670	0.0278829	0	4.029	1.02
394	0.00318069	0.0016411	45740.1	1050	105	45220.1	41.4979	41.4979	165.992	165.992	0 24620.7 674.171 	25294.8	0.0048218	9.7452e-59	1.28019e-50	1050	1.28019e-50	0 2.67858e+07 5e+06 	3.17858e+07	6.37678	6.55445	12703.2	670	0.0278151	0	4.029	1.02
394.2	0.00318075	0.00164129	45746.9	1050	105	45226.7	41.5222	41.5222	166.089	166.089	0 24618.3 672.428 	25290.7	0.00482204	9.14773e-59	1.20177e-50	1050	1.20177e-50	0 2.67885e+07 5e+06 	3.17885e+07	6.37645	6.55445	12703.2	670	0.0277473	0	4.029	1.02
394.4	0.0031808	0.00164147	45753.8	1050	105	45233.3	41.5464	41.5464	166.186	166.186	0 24615.9 670.687 	25286.6	0.00482227	8.58689e-59	1.12814e-50	1050	1.12814e-50	0 2.67911e+07 5e+06 	3.17911e+07	6.37613	6.55445	12703.2	670	0.0276796	0	4.029	1.02
394.6	0.00318086	0.00164166	45760.6	1050	105	45239.9	41.5707	41.5707	166.283	166.283	0 24613.6 668.948 	25282.5	0.00482251	8.06043e-59	1.05903e-50	1050	1.05903e-50	0 2.67938e+07 5e+06 	3.17938e+07	6.3758	6.55445	12703.2	670	0.027612	0	4.029	1.02
394.8	0.00318091	0.00164184	45767.4	1050	105	45246.5	41.5949	41.5949	166.38	166.38	0 24611.2 667.212 	25278.4	0.00482275	7.56624e-59	9.94149e-51	1050	9.94149e-51	0 2.67964e+07 5e+06 	3.17964e+07	6.37548	6.55445	12703.2	670	0.0275444	0	4.029	1.02
395	0.00318097	0.00164203	45774.3	1050	105	45253.1	41.6191	41.6191	166.476	166.476	0 24608.9 665.478 	25274.4	0.00482299	7.10236e-59	9.33245e-51	1050	9.33245e-51	0 2.67991e+07 5e+06 	3.17991e+07	6.37515	6.55445	12703.2	670	0.027477	0	4.029	1.02
395.2	0.00318102	0.00164221	45781.1	1050	105	45259.7	41.6433	41.6433	166.573	166.573	0 24606.5 663.747 	25270.3	0.00482323	6.66692e-59	8.76071e-51	1050	8.76071e-51	0 2.68018e+07 5e+06 	3.18018e+07	6.37483	6.55445	12703.2	670	0.0274096	0	4.029	1.02
395.4	0.00318107	0.0016424	45787.9	1050	105	45266.3	41.6675	41.6675	166.67	166.67	0 24604.2 662.018 	25266.2	0.00482347	6.25817e-59	8.224e-51	1050	8.224e-51	0 2.68044e+07 5e+06 	3.18044e+07	6.3745	6.55445	12703.2	670	0.0273422	0	4.029	1.02
395.6	0.00318113	0.00164258	45794.8	1050	105	45272.8	41.6916	41.6916	166.767	166.767	0 24601.8 660.291 	25262.1	0.00482371	5.87449e-59	7.72018e-51	1050	7.72018e-51	0 2.68071e+07 5e+06 	3.18071e+07	6.37418	6.55445	12703.2	670	0.027275	0	4.029	1.02
395.8	0.00318118	0.00164277	45801.6	1050	105	45279.4	41.7158	41.7158	166.863	166.863	0 24599.5 658.567 	25258	0.00482395	5.51433e-59	7.24721e-51	1050	7.24721e-51	0 2.68097e+07 5e+06 	3.18097e+07	6.37386	6.55445	12703.2	670	0.0272078	0	4.029	1.02
396	0.00318123	0.00164295	45808.4	1050	105	45286	41.7399	41.7399	166.96	166.96	0 24597.1 656.845 	25254	0.00482419	5.17625e-59	6.80323e-51	1050	6.80323e-51	0 2.68124e+07 5e+06 	3.18124e+07	6.37353	6.55445	12703.2	670	0.0271407	0	4.029	1.02
396.2	0.00318129	0.00164313	45815.2	1050	105	45292.6	41.7641	41.7641	167.056	167.056	0 24594.8 655.126 	25249.9	0.00482442	4.85889e-59	6.38644e-51	1050	6.38644e-51	0 2.6815e+07 5e+06 	3.1815e+07	6.37321	6.55445	12703.2	670	0.0270737	0	4.029	1.02
396.4	0.00318134	0.00164332	45822	1050	105	45299.1	41.7882	41.7882	167.153	167.153	0 24592.4 653.408 	25245.8	0.00482466	4.561e-59	5.99519e-51	1050	5.99519e-51	0 2.68177e+07 5e+06 	3.18177e+07	6.37289	6.55445	12703.2	670	0.0270068	0	4.029	1.02
396.6	0.0031814	0.0016435	45828.8	1050	105	45305.7	41.8123	41.8123	167.249	167.249	0 24590.1 651.694 	25241.8	0.0048249	4.28136e-59	5.6279e-51	1050	5.6279e-51	0 2.68203e+07 5e+06 	3.18203e+07	6.37256	6.55445	12703.2	670	0.0269399	0	4.029	1.02
396.8	0.00318145	0.00164369	45835.7	1050	105	45312.3	41.8364	41.8364	167.346	167.346	0 24587.7 649.981 	25237.7	0.00482514	4.01888e-59	5.28312e-51	1050	5.28312e-51	0 2.6823e+07 5e+06 	3.1823e+07	6.37224	6.55445	12703.2	670	0.0268731	0	4.029	1.02
397	0.0031815	0.00164387	45842.5	1050	105	45318.9	41.8605	41.8605	167.442	167.442	0 24585.4 648.272 	25233.7	0.00482538	3.77248e-59	4.95946e-51	1050	4.95946e-51	0 2.68256e+07 5e+06 	3.18256e+07	6.37192	6.55445	12703.2	670	0.0268064	0	4.029	1.02
397.2	0.00318156	0.00164406	45849.3	1050	105	45325.4	41.8845	41.8845	167.538	167.538	0 24583.1 646.564 	25229.6	0.00482561	3.54119e-59	4.65563e-51	1050	4.65563e-51	0 2.68282e+07 5e+06 	3.18282e+07	6.3716	6.55445	12703.2	670	0.0267397	0	4.029	1.02
397.4	0.00318161	0.00164424	45856.1	1050	105	45332	41.9086	41.9086	167.634	167.634	0 24580.7 644.859 	25225.6	0.00482585	3.32409e-59	4.37041e-51	1050	4.37041e-51	0 2.68309e+07 5e+06 	3.18309e+07	6.37128	6.55445	12703.2	670	0.0266732	0	4.029	1.02
397.6	0.00318166	0.00164442	45862.9	1050	105	45338.5	41.9326	41.9326	167.73	167.73	0 24578.4 643.156 	25221.5	0.00482609	3.12029e-59	4.10267e-51	1050	4.10267e-51	0 2.68335e+07 5e+06 	3.18335e+07	6.37096	6.55445	12703.2	670	0.0266067	0	4.029	1.02
397.8	0.00318172	0.00164461	45869.7	1050	105	45345.1	41.9566	41.9566	167.827	167.827	0 24576 641.455 	25217.5	0.00482633	2.92899e-59	3.85132e-51	1050	3.85132e-51	0 2.68362e+07 5e+06 	3.18362e+07	6.37064	6.55445	12703.2	670	0.0265403	0	4.029	1.02
398	0.00318177	0.00164479	45876.5	1050	105	45351.6	41.9806	41.9806	167.923	167.923	0 24573.7 639.757 	25213.5	0.00482656	2.74941e-59	3.61538e-51	1050	3.61538e-51	0 2.68388e+07 5e+06 	3.18388e+07	6.37032	6.55445	12703.2	670	0.0264739	0	4.029	1.02
398.2	0.00318182	0.00164498	45883.2	1050	105	45358.2	42.0046	42.0046	168.019	168.019	0 24571.4 638.061 	25209.4	0.0048268	2.58085e-59	3.39389e-51	1050	3.39389e-51	0 2.68414e+07 5e+06 	3.18414e+07	6.36999	6.55445	12703.2	670	0.0264077	0	4.029	1.02
398.4	0.00318188	0.00164516	45890	1050	105	45364.8	42.0286	42.0286	168.114	168.114	0 24569 636.368 	25205.4	0.00482704	2.42262e-59	3.18597e-51	1050	3.18597e-51	0 2.68441e+07 5e+06 	3.18441e+07	6.36967	6.55445	12703.2	670	0.0263415	0	4.029	1.02
398.6	0.00318193	0.00164534	45896.8	1050	105	45371.3	42.0526	42.0526	168.21	168.21	0 24566.7 634.677 	25201.4	0.00482727	2.27409e-59	2.99079e-51	1050	2.99079e-51	0 2.68467e+07 5e+06 	3.18467e+07	6.36936	6.55445	12703.2	670	0.0262754	0	4.029	1.02
398.8	0.00318198	0.00164553	45903.6	1050	105	45377.8	42.0765	42.0765	168.306	168.306	0 24564.4 632.988 	25197.4	0.00482751	2.13467e-59	2.80756e-51	1050	2.80756e-51	0 2.68493e+07 5e+06 	3.18493e+07	6.36904	6.55445	12703.2	670	0.0262093	0	4.029	1.02
399	0.00318204	0.00164571	45910.4	1050	105	45384.4	42.1005	42.1005	168.402	168.402	0 24562.1 631.302 	25193.4	0.00482775	2.00379e-59	2.63556e-51	1050	2.63556e-51	0 2.6852e+07 5e+06 	3.1852e+07	6.36872	6.55445	12703.2	670	0.0261434	0	4.029	1.02
399.2	0.00318209	0.00164589	45917.2	1050	105	45390.9	42.1244	42.1244	168.498	168.498	0 24559.7 629.618 	25189.3	0.00482798	1.88094e-59	2.4741e-51	1050	2.4741e-51	0 2.68546e+07 5e+06 	3.18546e+07	6.3684	6.55445	12703.2	670	0.0260775	0	4.029	1.02
399.4	0.00318214	0.00164608	45923.9	1050	105	45397.5	42.1483	42.1483	168.593	168.593	0 24557.4 627.936 	25185.3	0.00482822	1.76562e-59	2.32253e-51	1050	2.32253e-51	0 2.68572e+07 5e+06 	3.18572e+07	6.36808	6.55445	12703.2	670	0.0260116	0	4.029	1.02
399.6	0.0031822	0.00164626	45930.7	1050	105	45404	42.1722	42.1722	168.689	168.689	0 24555.1 626.257 	25181.3	0.00482846	1.65737e-59	2.18024e-51	1050	2.18024e-51	0 2.68599e+07 5e+06 	3.18599e+07	6.36776	6.55445	12703.2	670	0.0259459	0	4.029	1.02
399.8	0.00318225	0.00164644	45937.5	1050	105	45410.5	42.1961	42.1961	168.784	168.784	0 24552.7 624.579 	25177.3	0.00482869	1.55576e-59	2.04668e-51	1050	2.04668e-51	0 2.68625e+07 5e+06 	3.18625e+07	6.36744	6.55445	12703.2	670	0.0258802	0	4.029	1.02
400	0.0031823	0.00164663	45944.3	1050	105	45417.1	42.22	42.22	168.88	168.88	0 24550.4 622.905 	25173.3	0.00482893	1.46038e-59	1.92129e-51	1050	1.92129e-51	0 2.68651e+07 5e+06 	3.18651e+07	6.36713	6.55445	12703.2	670	0.0258146	0	4.029	1.02
400.2	0.00318235	0.00164681	45951	1050	105	45423.6	42.2438	42.2438	168.975	168.975	0 24548.1 621.232 	25169.3	0.00482917	1.37085e-59	1.80359e-51	1050	1.80359e-51	0 2.68678e+07 5e+06 	3.18678e+07	6.36681	6.55445	12703.2	670	0.0257491	0	4.029	1.02
400.4	0.00318241	0.00164699	45957.8	1050	105	45430.1	42.2677	42.2677	169.071	169.071	0 24545.8 619.562 	25165.3	0.0048294	1.2868e-59	1.69309e-51	1050	1.69309e-51	0 2.68704e+07 5e+06 	3.18704e+07	6.36649	6.55445	12703.2	670	0.0256837	0	4.029	1.02
400.6	0.00318246	0.00164718	45964.6	1050	105	45436.6	42.2915	42.2915	169.166	169.166	0 24543.5 617.894 	25161.4	0.00482964	1.20791e-59	1.58937e-51	1050	1.58937e-51	0 2.6873e+07 5e+06 	3.1873e+07	6.36617	6.55445	12703.2	670	0.0256183	0	4.029	1.02
400.8	0.00318251	0.00164736	45971.3	1050	105	45443.2	42.3153	42.3153	169.261	169.261	0 24541.1 616.229 	25157.4	0.00482987	1.13385e-59	1.492e-51	1050	1.492e-51	0 2.68756e+07 5e+06 	3.18756e+07	6.36586	6.55445	12703.2	670	0.025553	0	4.029	1.02
401	0.00318257	0.00164754	45978.1	1050	105	45449.7	42.3391	42.3391	169.356	169.356	0 24538.8 614.566 	25153.4	0.00483011	1.06434e-59	1.40059e-51	1050	1.40059e-51	0 2.68782e+07 5e+06 	3.18782e+07	6.36554	6.55445	12703.2	670	0.0254878	0	4.029	1.02
401.2	0.00318262	0.00164773	45984.8	1050	105	45456.2	42.3629	42.3629	169.452	169.452	0 24536.5 612.905 	25149.4	0.00483034	9.99085e-60	1.31479e-51	1050	1.31479e-51	0 2.68809e+07 5e+06 	3.18809e+07	6.36523	6.55445	12703.2	670	0.0254226	0	4.029	1.02
401.4	0.00318267	0.00164791	45991.6	1050	105	45462.7	42.3867	42.3867	169.547	169.547	0 24534.2 611.246 	25145.4	0.00483058	9.37832e-60	1.23424e-51	1050	1.23424e-51	0 2.68835e+07 5e+06 	3.18835e+07	6.36491	6.55445	12703.2	670	0.0253576	0	4.029	1.02
401.6	0.00318272	0.00164809	45998.3	1050	105	45469.2	42.4105	42.4105	169.642	169.642	0 24531.9 609.59 	25141.5	0.00483081	8.80335e-60	1.15863e-51	1050	1.15863e-51	0 2.68861e+07 5e+06 	3.18861e+07	6.36459	6.55445	12703.2	670	0.0252926	0	4.029	1.02
401.8	0.00318278	0.00164827	46005.1	1050	105	45475.7	42.4342	42.4342	169.737	169.737	0 24529.6 607.936 	25137.5	0.00483105	8.26362e-60	1.08765e-51	1050	1.08765e-51	0 2.68887e+07 5e+06 	3.18887e+07	6.36428	6.55445	12703.2	670	0.0252276	0	4.029	1.02
402	0.00318283	0.00164846	46011.8	1050	105	45482.2	42.4579	42.4579	169.832	169.832	0 24527.3 606.284 	25133.5	0.00483128	7.75699e-60	1.02101e-51	1050	1.02101e-51	0 2.68913e+07 5e+06 	3.18913e+07	6.36396	6.55445	12703.2	670	0.0251628	0	4.029	1.02
402.2	0.00318288	0.00164864	46018.6	1050	105	45488.7	42.4817	42.4817	169.927	169.927	0 24524.9 604.635 	25129.6	0.00483152	7.28142e-60	9.58464e-52	1050	9.58464e-52	0 2.6894e+07 5e+06 	3.1894e+07	6.36365	6.55445	12703.2	670	0.025098	0	4.029	1.02
402.4	0.00318293	0.00164882	46025.3	1050	105	45495.2	42.5054	42.5054	170.021	170.021	0 24522.6 602.988 	25125.6	0.00483175	6.83501e-60	8.99746e-52	1050	8.99746e-52	0 2.68966e+07 5e+06 	3.18966e+07	6.36334	6.55445	12703.2	670	0.0250333	0	4.029	1.02
402.6	0.00318299	0.001649	46032	1050	105	45501.7	42.5291	42.5291	170.116	170.116	0 24520.3 601.343 	25121.7	0.00483199	6.41596e-60	8.44625e-52	1050	8.44625e-52	0 2.68992e+07 5e+06 	3.18992e+07	6.36302	6.55445	12703.2	670	0.0249687	0	4.029	1.02
402.8	0.00318304	0.00164919	46038.8	1050	105	45508.2	42.5527	42.5527	170.211	170.211	0 24518 599.7 	25117.7	0.00483222	6.02261e-60	7.9288e-52	1050	7.9288e-52	0 2.69018e+07 5e+06 	3.19018e+07	6.36271	6.55445	12703.2	670	0.0249041	0	4.029	1.02
403	0.00318309	0.00164937	46045.5	1050	105	45514.7	42.5764	42.5764	170.306	170.306	0 24515.7 598.06 	25113.8	0.00483246	5.65337e-60	7.44306e-52	1050	7.44306e-52	0 2.69044e+07 5e+06 	3.19044e+07	6.3624	6.55445	12703.2	670	0.0248396	0	4.029	1.02
403.2	0.00318314	0.00164955	46052.2	1050	105	45521.2	42.6001	42.6001	170.4	170.4	0 24513.4 596.422 	25109.8	0.00483269	5.30677e-60	6.98708e-52	1050	6.98708e-52	0 2.6907e+07 5e+06 	3.1907e+07	6.36208	6.55445	12703.2	670	0.0247752	0	4.029	1.02
403.4	0.00318319	0.00164973	46058.9	1050	105	45527.7	42.6237	42.6237	170.495	170.495	0 24511.1 594.786 	25105.9	0.00483293	4.98142e-60	6.55903e-52	1050	6.55903e-52	0 2.69096e+07 5e+06 	3.19096e+07	6.36177	6.55445	12703.2	670	0.0247109	0	4.029	1.02
403.6	0.00318325	0.00164991	46065.7	1050	105	45534.2	42.6473	42.6473	170.589	170.589	0 24508.8 593.153 	25102	0.00483316	4.67602e-60	6.1572e-52	1050	6.1572e-52	0 2.69122e+07 5e+06 	3.19122e+07	6.36146	6.55445	12703.2	670	0.0246466	0	4.029	1.02
403.8	0.0031833	0.0016501	46072.4	1050	105	45540.7	42.6709	42.6709	170.684	170.684	0 24506.5 591.521 	25098	0.00483339	4.38934e-60	5.77999e-52	1050	5.77999e-52	0 2.69148e+07 5e+06 	3.19148e+07	6.36114	6.55445	12703.2	670	0.0245824	0	4.029	1.02
404	0.00318335	0.00165028	46079.1	1050	105	45547.2	42.6945	42.6945	170.778	170.778	0 24504.2 589.892 	25094.1	0.00483363	4.12023e-60	5.42589e-52	1050	5.42589e-52	0 2.69174e+07 5e+06 	3.19174e+07	6.36083	6.55445	12703.2	670	0.0245183	0	4.029	1.02
404.2	0.0031834	0.00165046	46085.8	1050	105	45553.6	42.7181	42.7181	170.872	170.872	0 24501.9 588.266 	25090.2	0.00483386	3.86763e-60	5.09348e-52	1050	5.09348e-52	0 2.692e+07 5e+06 	3.192e+07	6.36052	6.55445	12703.2	670	0.0244542	0	4.029	1.02
404.4	0.00318345	0.00165064	46092.5	1050	105	45560.1	42.7417	42.7417	170.967	170.967	0 24499.6 586.641 	25086.3	0.00483409	3.63051e-60	4.78144e-52	1050	4.78144e-52	0 2.69226e+07 5e+06 	3.19226e+07	6.36021	6.55445	12703.2	670	0.0243903	0	4.029	1.02
404.6	0.00318351	0.00165082	46099.3	1050	105	45566.6	42.7652	42.7652	171.061	171.061	0 24497.3 585.019 	25082.3	0.00483433	3.40793e-60	4.48852e-52	1050	4.48852e-52	0 2.69252e+07 5e+06 	3.19252e+07	6.3599	6.55445	12703.2	670	0.0243264	0	4.029	1.02
404.8	0.00318356	0.001651	46106	1050	105	45573.1	42.7888	42.7888	171.155	171.155	0 24495 583.399 	25078.4	0.00483456	3.19899e-60	4.21354e-52	1050	4.21354e-52	0 2.69278e+07 5e+06 	3.19278e+07	6.35959	6.55445	12703.2	670	0.0242625	0	4.029	1.02
405	0.00318361	0.00165118	46112.7	1050	105	45579.5	42.8123	42.8123	171.249	171.249	0 24492.7 581.781 	25074.5	0.0048348	3.00287e-60	3.9554e-52	1050	3.9554e-52	0 2.69304e+07 5e+06 	3.19304e+07	6.35928	6.55445	12703.2	670	0.0241988	0	4.029	1.02
405.2	0.00318366	0.00165137	46119.4	1050	105	45586	42.8358	42.8358	171.343	171.343	0 24490.4 580.166 	25070.6	0.00483503	2.81877e-60	3.71308e-52	1050	3.71308e-52	0 2.6933e+07 5e+06 	3.1933e+07	6.35897	6.55445	12703.2	670	0.0241351	0	4.029	1.02
405.4	0.00318371	0.00165155	46126.1	1050	105	45592.5	42.8593	42.8593	171.437	171.437	0 24488.2 578.553 	25066.7	0.00483526	2.64595e-60	3.48561e-52	1050	3.48561e-52	0 2.69356e+07 5e+06 	3.19356e+07	6.35866	6.55445	12703.2	670	0.0240715	0	4.029	1.02
405.6	0.00318377	0.00165173	46132.8	1050	105	45598.9	42.8828	42.8828	171.531	171.531	0 24485.9 576.942 	25062.8	0.00483549	2.48374e-60	3.27207e-52	1050	3.27207e-52	0 2.69382e+07 5e+06 	3.19382e+07	6.35835	6.55445	12703.2	670	0.0240079	0	4.029	1.02
405.8	0.00318382	0.00165191	46139.5	1050	105	45605.4	42.9063	42.9063	171.625	171.625	0 24483.6 575.333 	25058.9	0.00483573	2.33146e-60	3.07161e-52	1050	3.07161e-52	0 2.69408e+07 5e+06 	3.19408e+07	6.35804	6.55445	12703.2	670	0.0239445	0	4.029	1.02
406	0.00318387	0.00165209	46146.2	1050	105	45611.9	42.9298	42.9298	171.719	171.719	0 24481.3 573.726 	25055	0.00483596	2.18852e-60	2.88343e-52	1050	2.88343e-52	0 2.69434e+07 5e+06 	3.19434e+07	6.35773	6.55445	12703.2	670	0.0238811	0	4.029	1.02
406.2	0.00318392	0.00165227	46152.8	1050	105	45618.3	42.9532	42.9532	171.813	171.813	0 24479 572.122 	25051.1	0.00483619	2.05435e-60	2.70679e-52	1050	2.70679e-52	0 2.6946e+07 5e+06 	3.1946e+07	6.35742	6.55445	12703.2	670	0.0238177	0	4.029	1.02
406.4	0.00318397	0.00165245	46159.5	1050	105	45624.8	42.9766	42.9766	171.907	171.907	0 24476.7 570.52 	25047.2	0.00483642	1.9284e-60	2.54096e-52	1050	2.54096e-52	0 2.69486e+07 5e+06 	3.19486e+07	6.35711	6.55445	12703.2	670	0.0237545	0	4.029	1.02
406.6	0.00318402	0.00165263	46166.2	1050	105	45631.2	43.0001	43.0001	172	172	0 24474.4 568.92 	25043.4	0.00483666	1.81017e-60	2.38529e-52	1050	2.38529e-52	0 2.69512e+07 5e+06 	3.19512e+07	6.3568	6.55445	12703.2	670	0.0236913	0	4.029	1.02
406.8	0.00318407	0.00165281	46172.9	1050	105	45637.7	43.0235	43.0235	172.094	172.094	0 24472.2 567.323 	25039.5	0.00483689	1.6992e-60	2.23916e-52	1050	2.23916e-52	0 2.69538e+07 5e+06 	3.19538e+07	6.35649	6.55445	12703.2	670	0.0236282	0	4.029	1.02
407	0.00318413	0.00165299	46179.6	1050	105	45644.1	43.0469	43.0469	172.187	172.187	0 24469.9 565.727 	25035.6	0.00483712	1.59502e-60	2.10199e-52	1050	2.10199e-52	0 2.69564e+07 5e+06 	3.19564e+07	6.35619	6.55445	12703.2	670	0.0235652	0	4.029	1.02
407.2	0.00318418	0.00165318	46186.3	1050	105	45650.6	43.0702	43.0702	172.281	172.281	0 24467.6 564.134 	25031.7	0.00483735	1.49723e-60	1.97321e-52	1050	1.97321e-52	0 2.69589e+07 5e+06 	3.19589e+07	6.35588	6.55445	12703.2	670	0.0235022	0	4.029	1.02
407.4	0.00318423	0.00165336	46192.9	1050	105	45657	43.0936	43.0936	172.374	172.374	0 24465.3 562.543 	25027.9	0.00483758	1.40544e-60	1.85233e-52	1050	1.85233e-52	0 2.69615e+07 5e+06 	3.19615e+07	6.35557	6.55445	12703.2	670	0.0234393	0	4.029	1.02
407.6	0.00318428	0.00165354	46199.6	1050	105	45663.4	43.117	43.117	172.468	172.468	0 24463.1 560.954 	25024	0.00483782	1.31928e-60	1.73885e-52	1050	1.73885e-52	0 2.69641e+07 5e+06 	3.19641e+07	6.35526	6.55445	12703.2	670	0.0233765	0	4.029	1.02
407.8	0.00318433	0.00165372	46206.3	1050	105	45669.9	43.1403	43.1403	172.561	172.561	0 24460.8 559.368 	25020.1	0.00483805	1.23839e-60	1.63232e-52	1050	1.63232e-52	0 2.69667e+07 5e+06 	3.19667e+07	6.35496	6.55445	12703.2	670	0.0233137	0	4.029	1.02
408	0.00318438	0.0016539	46212.9	1050	105	45676.3	43.1636	43.1636	172.654	172.654	0 24458.5 557.783 	25016.3	0.00483828	1.16247e-60	1.53232e-52	1050	1.53232e-52	0 2.69693e+07 5e+06 	3.19693e+07	6.35465	6.55445	12703.2	670	0.023251	0	4.029	1.02
408.2	0.00318443	0.00165408	46219.6	1050	105	45682.7	43.1869	43.1869	172.748	172.748	0 24456.2 556.201 	25012.4	0.00483851	1.0912e-60	1.43844e-52	1050	1.43844e-52	0 2.69718e+07 5e+06 	3.19718e+07	6.35434	6.55445	12703.2	670	0.0231884	0	4.029	1.02
408.4	0.00318448	0.00165426	46226.3	1050	105	45689.2	43.2102	43.2102	172.841	172.841	0 24454 554.621 	25008.6	0.00483874	1.0243e-60	1.35032e-52	1050	1.35032e-52	0 2.69744e+07 5e+06 	3.19744e+07	6.35404	6.55445	12703.2	670	0.0231259	0	4.029	1.02
408.6	0.00318454	0.00165444	46232.9	1050	105	45695.6	43.2335	43.2335	172.934	172.934	0 24451.7 553.043 	25004.7	0.00483897	9.61505e-61	1.2676e-52	1050	1.2676e-52	0 2.6977e+07 5e+06 	3.1977e+07	6.35373	6.55445	12703.2	670	0.0230634	0	4.029	1.02
408.8	0.00318459	0.00165462	46239.6	1050	105	45702	43.2568	43.2568	173.027	173.027	0 24449.4 551.468 	25000.9	0.0048392	9.02557e-61	1.18994e-52	1050	1.18994e-52	0 2.69796e+07 5e+06 	3.19796e+07	6.35343	6.55445	12703.2	670	0.023001	0	4.029	1.02
409	0.00318464	0.0016548	46246.2	1050	105	45708.4	43.28	43.28	173.12	173.12	0 24447.2 549.894 	24997	0.00483944	8.47223e-61	1.11704e-52	1050	1.11704e-52	0 2.69822e+07 5e+06 	3.19822e+07	6.35312	6.55445	12703.2	670	0.0229387	0	4.029	1.02
409.2	0.00318469	0.00165498	46252.9	1050	105	45714.8	43.3033	43.3033	173.213	173.213	0 24444.9 548.323 	24993.2	0.00483967	7.95282e-61	1.04861e-52	1050	1.04861e-52	0 2.69847e+07 5e+06 	3.19847e+07	6.35282	6.55445	12703.2	670	0.0228764	0	4.029	1.02
409.4	0.00318474	0.00165516	46259.5	1050	105	45721.3	43.3265	43.3265	173.306	173.306	0 24442.6 546.754 	24989.4	0.0048399	7.46525e-61	9.84366e-53	1050	9.84366e-53	0 2.69873e+07 5e+06 	3.19873e+07	6.35251	6.55445	12703.2	670	0.0228143	0	4.029	1.02
409.6	0.00318479	0.00165534	46266.2	1050	105	45727.7	43.3497	43.3497	173.399	173.399	0 24440.4 545.187 	24985.5	0.00484013	7.00757e-61	9.2406e-53	1050	9.2406e-53	0 2.69899e+07 5e+06 	3.19899e+07	6.35221	6.55445	12703.2	670	0.0227521	0	4.029	1.02
409.8	0.00318484	0.00165552	46272.8	1050	105	45734.1	43.3729	43.3729	173.492	173.492	0 24438.1 543.622 	24981.7	0.00484036	6.57795e-61	8.6745e-53	1050	8.6745e-53	0 2.69924e+07 5e+06 	3.19924e+07	6.3519	6.55445	12703.2	670	0.0226901	0	4.029	1.02
410	0.00318489	0.0016557	46279.5	1050	105	45740.5	43.3961	43.3961	173.584	173.584	0 24435.8 542.06 	24977.9	0.00484059	6.17467e-61	8.14307e-53	1050	8.14307e-53	0 2.6995e+07 5e+06 	3.1995e+07	6.3516	6.55445	12703.2	670	0.0226281	0	4.029	1.02
410.2	0.00318494	0.00165588	46286.1	1050	105	45746.9	43.4193	43.4193	173.677	173.677	0 24433.6 540.499 	24974.1	0.00484082	5.79612e-61	7.6442e-53	1050	7.6442e-53	0 2.69976e+07 5e+06 	3.19976e+07	6.3513	6.55445	12703.2	670	0.0225662	0	4.029	1.02
410.4	0.00318499	0.00165606	46292.7	1050	105	45753.3	43.4424	43.4424	173.77	173.77	0 24431.3 538.941 	24970.3	0.00484105	5.44077e-61	7.17589e-53	1050	7.17589e-53	0 2.70001e+07 5e+06 	3.20001e+07	6.35099	6.55445	12703.2	670	0.0225044	0	4.029	1.02
410.6	0.00318504	0.00165623	46299.4	1050	105	45759.7	43.4656	43.4656	173.862	173.862	0 24429.1 537.385 	24966.4	0.00484128	5.10721e-61	6.73628e-53	1050	6.73628e-53	0 2.70027e+07 5e+06 	3.20027e+07	6.35069	6.55445	12703.2	670	0.0224426	0	4.029	1.02
410.8	0.00318509	0.00165641	46306	1050	105	45766.1	43.4887	43.4887	173.955	173.955	0 24426.8 535.831 	24962.6	0.00484151	4.7941e-61	6.32359e-53	1050	6.32359e-53	0 2.70053e+07 5e+06 	3.20053e+07	6.35039	6.55445	12703.2	670	0.022381	0	4.029	1.02
411	0.00318515	0.00165659	46312.6	1050	105	45772.5	43.5118	43.5118	174.047	174.047	0 24424.6 534.28 	24958.8	0.00484174	4.50018e-61	5.93619e-53	1050	5.93619e-53	0 2.70078e+07 5e+06 	3.20078e+07	6.35009	6.55445	12703.2	670	0.0223193	0	4.029	1.02
411.2	0.0031852	0.00165677	46319.2	1050	105	45778.9	43.5349	43.5349	174.14	174.14	0 24422.3 532.73 	24955	0.00484197	4.22429e-61	5.57252e-53	1050	5.57252e-53	0 2.70104e+07 5e+06 	3.20104e+07	6.34978	6.55445	12703.2	670	0.0222578	0	4.029	1.02
411.4	0.00318525	0.00165695	46325.9	1050	105	45785.3	43.558	43.558	174.232	174.232	0 24420 531.183 	24951.2	0.0048422	3.96531e-61	5.23113e-53	1050	5.23113e-53	0 2.7013e+07 5e+06 	3.2013e+07	6.34948	6.55445	12703.2	670	0.0221963	0	4.029	1.02
411.6	0.0031853	0.00165713	46332.5	1050	105	45791.7	43.5811	43.5811	174.324	174.324	0 24417.8 529.637 	24947.4	0.00484243	3.7222e-61	4.91065e-53	1050	4.91065e-53	0 2.70155e+07 5e+06 	3.20155e+07	6.34918	6.55445	12703.2	670	0.0221349	0	4.029	1.02
411.8	0.00318535	0.00165731	46339.1	1050	105	45798.1	43.6041	43.6041	174.417	174.417	0 24415.5 528.094 	24943.6	0.00484266	3.494e-61	4.60981e-53	1050	4.60981e-53	0 2.70181e+07 5e+06 	3.20181e+07	6.34888	6.55445	12703.2	670	0.0220736	0	4.029	1.02
412	0.0031854	0.00165749	46345.7	1050	105	45804.4	43.6272	43.6272	174.509	174.509	0 24413.3 526.553 	24939.8	0.00484289	3.2798e-61	4.3274e-53	1050	4.3274e-53	0 2.70206e+07 5e+06 	3.20206e+07	6.34858	6.55445	12703.2	670	0.0220123	0	4.029	1.02
412.2	0.00318545	0.00165767	46352.3	1050	105	45810.8	43.6502	43.6502	174.601	174.601	0 24411 525.014 	24936.1	0.00484311	3.07872e-61	4.06229e-53	1050	4.06229e-53	0 2.70232e+07 5e+06 	3.20232e+07	6.34828	6.55445	12703.2	670	0.0219511	0	4.029	1.02
412.4	0.0031855	0.00165785	46358.9	1050	105	45817.2	43.6733	43.6733	174.693	174.693	0 24408.8 523.478 	24932.3	0.00484334	2.88997e-61	3.81342e-53	1050	3.81342e-53	0 2.70257e+07 5e+06 	3.20257e+07	6.34798	6.55445	12703.2	670	0.02189	0	4.029	1.02
412.6	0.00318555	0.00165802	46365.5	1050	105	45823.6	43.6963	43.6963	174.785	174.785	0 24406.6 521.943 	24928.5	0.00484357	2.7128e-61	3.5798e-53	1050	3.5798e-53	0 2.70283e+07 5e+06 	3.20283e+07	6.34768	6.55445	12703.2	670	0.0218289	0	4.029	1.02
412.8	0.0031856	0.0016582	46372.1	1050	105	45829.9	43.7193	43.7193	174.877	174.877	0 24404.3 520.41 	24924.7	0.0048438	2.54648e-61	3.36049e-53	1050	3.36049e-53	0 2.70309e+07 5e+06 	3.20309e+07	6.34738	6.55445	12703.2	670	0.0217679	0	4.029	1.02
413	0.00318565	0.00165838	46378.7	1050	105	45836.3	43.7422	43.7422	174.969	174.969	0 24402.1 518.88 	24921	0.00484403	2.39036e-61	3.15462e-53	1050	3.15462e-53	0 2.70334e+07 5e+06 	3.20334e+07	6.34708	6.55445	12703.2	670	0.021707	0	4.029	1.02
413.2	0.0031857	0.00165856	46385.3	1050	105	45842.7	43.7652	43.7652	175.061	175.061	0 24399.8 517.352 	24917.2	0.00484426	2.24382e-61	2.96136e-53	1050	2.96136e-53	0 2.7036e+07 5e+06 	3.2036e+07	6.34678	6.55445	12703.2	670	0.0216461	0	4.029	1.02
413.4	0.00318575	0.00165874	46391.9	1050	105	45849.1	43.7881	43.7881	175.153	175.153	0 24397.6 515.826 	24913.4	0.00484449	2.10625e-61	2.77993e-53	1050	2.77993e-53	0 2.70385e+07 5e+06 	3.20385e+07	6.34648	6.55445	12703.2	670	0.0215853	0	4.029	1.02
413.6	0.0031858	0.00165892	46398.5	1050	105	45855.4	43.8111	43.8111	175.244	175.244	0 24395.4 514.302 	24909.7	0.00484471	1.97712e-61	2.60963e-53	1050	2.60963e-53	0 2.70411e+07 5e+06 	3.20411e+07	6.34618	6.55445	12703.2	670	0.0215246	0	4.029	1.02
413.8	0.00318585	0.00165909	46405.1	1050	105	45861.8	43.834	43.834	175.336	175.336	0 24393.1 512.78 	24905.9	0.00484494	1.85591e-61	2.44975e-53	1050	2.44975e-53	0 2.70436e+07 5e+06 	3.20436e+07	6.34588	6.55445	12703.2	670	0.021464	0	4.029	1.02
414	0.0031859	0.00165927	46411.7	1050	105	45868.1	43.8569	43.8569	175.428	175.428	0 24390.9 511.26 	24902.1	0.00484517	1.74213e-61	2.29967e-53	1050	2.29967e-53	0 2.70461e+07 5e+06 	3.20461e+07	6.34558	6.55445	12703.2	670	0.0214034	0	4.029	1.02
414.2	0.00318595	0.00165945	46418.3	1050	105	45874.5	43.8798	43.8798	175.519	175.519	0 24388.6 509.743 	24898.4	0.0048454	1.63533e-61	2.15879e-53	1050	2.15879e-53	0 2.70487e+07 5e+06 	3.20487e+07	6.34528	6.55445	12703.2	670	0.0213429	0	4.029	1.02
414.4	0.003186	0.00165963	46424.9	1050	105	45880.8	43.9027	43.9027	175.611	175.611	0 24386.4 508.227 	24894.6	0.00484563	1.53507e-61	2.02653e-53	1050	2.02653e-53	0 2.70512e+07 5e+06 	3.20512e+07	6.34499	6.55445	12703.2	670	0.0212825	0	4.029	1.02
414.6	0.00318605	0.00165981	46431.4	1050	105	45887.2	43.9256	43.9256	175.702	175.702	0 24384.2 506.714 	24890.9	0.00484585	1.44096e-61	1.90238e-53	1050	1.90238e-53	0 2.70538e+07 5e+06 	3.20538e+07	6.34469	6.55445	12703.2	670	0.0212221	0	4.029	1.02
414.8	0.0031861	0.00165998	46438	1050	105	45893.5	43.9484	43.9484	175.794	175.794	0 24382 505.202 	24887.2	0.00484608	1.35262e-61	1.78584e-53	1050	1.78584e-53	0 2.70563e+07 5e+06 	3.20563e+07	6.34439	6.55445	12703.2	670	0.0211618	0	4.029	1.02
415	0.00318615	0.00166016	46444.6	1050	105	45899.9	43.9713	43.9713	175.885	175.885	0 24379.7 503.693 	24883.4	0.00484631	1.26969e-61	1.67643e-53	1050	1.67643e-53	0 2.70589e+07 5e+06 	3.20589e+07	6.3441	6.55445	12703.2	670	0.0211016	0	4.029	1.02
415.2	0.0031862	0.00166034	46451.2	1050	105	45906.2	43.9941	43.9941	175.976	175.976	0 24377.5 502.186 	24879.7	0.00484654	1.19185e-61	1.57373e-53	1050	1.57373e-53	0 2.70614e+07 5e+06 	3.20614e+07	6.3438	6.55445	12703.2	670	0.0210414	0	4.029	1.02
415.4	0.00318625	0.00166052	46457.7	1050	105	45912.6	44.0169	44.0169	176.068	176.068	0 24375.3 500.681 	24875.9	0.00484676	1.11878e-61	1.47732e-53	1050	1.47732e-53	0 2.70639e+07 5e+06 	3.20639e+07	6.3435	6.55445	12703.2	670	0.0209813	0	4.029	1.02
415.6	0.0031863	0.00166069	46464.3	1050	105	45918.9	44.0397	44.0397	176.159	176.159	0 24373 499.178 	24872.2	0.00484699	1.05019e-61	1.38681e-53	1050	1.38681e-53	0 2.70665e+07 5e+06 	3.20665e+07	6.34321	6.55445	12703.2	670	0.0209213	0	4.029	1.02
415.8	0.00318635	0.00166087	46470.9	1050	105	45925.2	44.0625	44.0625	176.25	176.25	0 24370.8 497.677 	24868.5	0.00484722	9.85809e-62	1.30185e-53	1050	1.30185e-53	0 2.7069e+07 5e+06 	3.2069e+07	6.34291	6.55445	12703.2	670	0.0208613	0	4.029	1.02
416	0.0031864	0.00166105	46477.4	1050	105	45931.6	44.0853	44.0853	176.341	176.341	0 24368.6 496.178 	24864.8	0.00484744	9.25372e-62	1.2221e-53	1050	1.2221e-53	0 2.70715e+07 5e+06 	3.20715e+07	6.34261	6.55445	12703.2	670	0.0208014	0	4.029	1.02
416.2	0.00318645	0.00166123	46484	1050	105	45937.9	44.108	44.108	176.432	176.432	0 24366.4 494.682 	24861.1	0.00484767	8.6864e-62	1.14723e-53	1050	1.14723e-53	0 2.70741e+07 5e+06 	3.20741e+07	6.34232	6.55445	12703.2	670	0.0207416	0	4.029	1.02
416.4	0.00318649	0.0016614	46490.5	1050	105	45944.2	44.1308	44.1308	176.523	176.523	0 24364.2 493.187 	24857.3	0.0048479	8.15386e-62	1.07694e-53	1050	1.07694e-53	0 2.70766e+07 5e+06 	3.20766e+07	6.34202	6.55445	12703.2	670	0.0206819	0	4.029	1.02
416.6	0.00318654	0.00166158	46497.1	1050	105	45950.6	44.1537	44.1537	176.615	176.615	0 24361.9 491.695 	24853.6	0.00484812	7.65398e-62	1.01097e-53	1050	1.01097e-53	0 2.70791e+07 5e+06 	3.20791e+07	6.34173	6.55445	12703.2	670	0.0206222	0	4.029	1.02
416.8	0.00318659	0.00166176	46503.6	1050	105	45956.9	44.1765	44.1765	176.706	176.706	0 24359.7 490.205 	24849.9	0.00484835	7.18473e-62	9.49032e-54	1050	9.49032e-54	0 2.70817e+07 5e+06 	3.20817e+07	6.34143	6.55445	12703.2	670	0.0205626	0	4.029	1.02
417	0.00318664	0.00166193	46510.2	1050	105	45963.2	44.1995	44.1995	176.798	176.798	0 24357.5 488.718 	24846.2	0.00484858	6.74426e-62	8.90891e-54	1050	8.90891e-54	0 2.70842e+07 5e+06 	3.20842e+07	6.34114	6.55445	12703.2	670	0.0205031	0	4.029	1.02
417.2	0.00318669	0.00166211	46516.7	1050	105	45969.5	44.2224	44.2224	176.89	176.89	0 24355.3 487.232 	24842.5	0.0048488	6.33079e-62	8.36313e-54	1050	8.36313e-54	0 2.70867e+07 5e+06 	3.20867e+07	6.34085	6.55445	12703.2	670	0.0204437	0	4.029	1.02
417.4	0.00318674	0.00166229	46523.3	1050	105	45975.8	44.2454	44.2454	176.982	176.982	0 24353.1 485.75 	24838.8	0.00484903	5.94267e-62	7.85078e-54	1050	7.85078e-54	0 2.70892e+07 5e+06 	3.20892e+07	6.34055	6.55445	12703.2	670	0.0203843	0	4.029	1.02
417.6	0.00318679	0.00166246	46529.8	1050	105	45982.1	44.2685	44.2685	177.074	177.074	0 24350.9 484.269 	24835.1	0.00484925	5.57834e-62	7.36981e-54	1050	7.36981e-54	0 2.70918e+07 5e+06 	3.20918e+07	6.34026	6.55445	12703.2	670	0.020325	0	4.029	1.02
417.8	0.00318684	0.00166264	46536.3	1050	105	45988.4	44.2916	44.2916	177.166	177.166	0 24348.6 482.791 	24831.4	0.00484948	5.23635e-62	6.91832e-54	1050	6.91832e-54	0 2.70943e+07 5e+06 	3.20943e+07	6.33997	6.55445	12703.2	670	0.0202658	0	4.029	1.02
418	0.00318689	0.00166282	46542.9	1050	105	45994.7	44.3147	44.3147	177.259	177.259	0 24346.4 481.314 	24827.7	0.00484971	4.91533e-62	6.49448e-54	1050	6.49448e-54	0 2.70968e+07 5e+06 	3.20968e+07	6.33967	6.55445	12703.2	670	0.0202067	0	4.029	1.02
418.2	0.00318694	0.00166299	46549.4	1050	105	46001	44.3379	44.3379	177.352	177.352	0 24344.2 479.841 	24824.1	0.00484993	4.61399e-62	6.09661e-54	1050	6.09661e-54	0 2.70993e+07 5e+06 	3.20993e+07	6.33938	6.55445	12703.2	670	0.0201477	0	4.029	1.02
418.4	0.00318699	0.00166317	46555.9	1050	105	46007.3	44.3612	44.3612	177.445	177.445	0 24342 478.369 	24820.4	0.00485016	4.33112e-62	5.72311e-54	1050	5.72311e-54	0 2.71018e+07 5e+06 	3.21018e+07	6.33909	6.55445	12703.2	670	0.0200887	0	4.029	1.02
418.6	0.00318704	0.00166335	46562.5	1050	105	46013.6	44.3844	44.3844	177.538	177.538	0 24339.8 476.9 	24816.7	0.00485038	4.06559e-62	5.3725e-54	1050	5.3725e-54	0 2.71044e+07 5e+06 	3.21044e+07	6.3388	6.55445	12703.2	670	0.0200298	0	4.029	1.02
418.8	0.00318708	0.00166352	46569	1050	105	46019.9	44.4077	44.4077	177.631	177.631	0 24337.6 475.433 	24813	0.00485061	3.81634e-62	5.04336e-54	1050	5.04336e-54	0 2.71069e+07 5e+06 	3.21069e+07	6.3385	6.55445	12703.2	670	0.019971	0	4.029	1.02
419	0.00318713	0.0016637	46575.5	1050	105	46026.2	44.4311	44.4311	177.724	177.724	0 24335.4 473.968 	24809.4	0.00485083	3.58238e-62	4.73439e-54	1050	4.73439e-54	0 2.71094e+07 5e+06 	3.21094e+07	6.33821	6.55445	12703.2	670	0.0199122	0	4.029	1.02
419.2	0.00318718	0.00166388	46582	1050	105	46032.5	44.4545	44.4545	177.818	177.818	0 24333.2 472.506 	24805.7	0.00485106	3.36275e-62	4.44434e-54	1050	4.44434e-54	0 2.71119e+07 5e+06 	3.21119e+07	6.33792	6.55445	12703.2	670	0.0198536	0	4.029	1.02
419.4	0.00318723	0.00166405	46588.6	1050	105	46038.8	44.478	44.478	177.912	177.912	0 24331 471.046 	24802	0.00485128	3.15659e-62	4.17207e-54	1050	4.17207e-54	0 2.71144e+07 5e+06 	3.21144e+07	6.33763	6.55445	12703.2	670	0.019795	0	4.029	1.02
419.6	0.00318728	0.00166423	46595.1	1050	105	46045.1	44.5014	44.5014	178.006	178.006	0 24328.8 469.588 	24798.4	0.00485151	2.96307e-62	3.91648e-54	1050	3.91648e-54	0 2.71169e+07 5e+06 	3.21169e+07	6.33734	6.55445	12703.2	670	0.0197365	0	4.029	1.02
419.8	0.00318733	0.0016644	46601.6	1050	105	46051.3	44.525	44.525	178.1	178.1	0 24326.6 468.132 	24794.7	0.00485173	2.78142e-62	3.67654e-54	1050	3.67654e-54	0 2.71194e+07 5e+06 	3.21194e+07	6.33705	6.55445	12703.2	670	0.0196781	0	4.029	1.02
420	0.00318738	0.00166458	46608.1	1050	105	46057.6	44.5486	44.5486	178.194	178.194	0 24324.4 466.679 	24791.1	0.00485196	2.6109e-62	3.45131e-54	1050	3.45131e-54	0 2.7122e+07 5e+06 	3.2122e+07	6.33676	6.55445	12703.2	670	0.0196197	0	4.029	1.02
420.2	0.00318743	0.00166476	46614.6	1050	105	46063.9	44.5722	44.5722	178.289	178.289	0 24322.2 465.228 	24787.4	0.00485218	2.45083e-62	3.23987e-54	1050	3.23987e-54	0 2.71245e+07 5e+06 	3.21245e+07	6.33647	6.55445	12703.2	670	0.0195614	0	4.029	1.02
420.4	0.00318747	0.00166493	46621.1	1050	105	46070.1	44.5959	44.5959	178.383	178.383	0 24320 463.779 	24783.8	0.00485241	2.30058e-62	3.04138e-54	1050	3.04138e-54	0 2.7127e+07 5e+06 	3.2127e+07	6.33618	6.55445	12703.2	670	0.0195032	0	4.029	1.02
420.6	0.00318752	0.00166511	46627.6	1050	105	46076.4	44.6196	44.6196	178.478	178.478	0 24317.8 462.332 	24780.1	0.00485263	2.15954e-62	2.85506e-54	1050	2.85506e-54	0 2.71295e+07 5e+06 	3.21295e+07	6.33589	6.55445	12703.2	670	0.0194451	0	4.029	1.02
420.8	0.00318757	0.00166528	46634.1	1050	105	46082.7	44.6433	44.6433	178.573	178.573	0 24315.6 460.888 	24776.5	0.00485285	2.02715e-62	2.68015e-54	1050	2.68015e-54	0 2.7132e+07 5e+06 	3.2132e+07	6.3356	6.55445	12703.2	670	0.0193871	0	4.029	1.02
421	0.00318762	0.00166546	46640.6	1050	105	46088.9	44.6671	44.6671	178.668	178.668	0 24313.4 459.446 	24772.8	0.00485308	1.90287e-62	2.51595e-54	1050	2.51595e-54	0 2.71345e+07 5e+06 	3.21345e+07	6.33531	6.55445	12703.2	670	0.0193291	0	4.029	1.02
421.2	0.00318767	0.00166563	46647.1	1050	105	46095.2	44.691	44.691	178.764	178.764	0 24311.2 458.006 	24769.2	0.0048533	1.78621e-62	2.36182e-54	1050	2.36182e-54	0 2.7137e+07 5e+06 	3.2137e+07	6.33502	6.55445	12703.2	670	0.0192712	0	4.029	1.02
421.4	0.00318772	0.00166581	46653.6	1050	105	46101.4	44.7149	44.7149	178.859	178.859	0 24309 456.568 	24765.6	0.00485353	1.67671e-62	2.21713e-54	1050	2.21713e-54	0 2.71395e+07 5e+06 	3.21395e+07	6.33474	6.55445	12703.2	670	0.0192134	0	4.029	1.02
421.6	0.00318776	0.00166599	46660.1	1050	105	46107.7	44.7388	44.7388	178.955	178.955	0 24306.8 455.133 	24762	0.00485375	1.57391e-62	2.0813e-54	1050	2.0813e-54	0 2.7142e+07 5e+06 	3.2142e+07	6.33445	6.55445	12703.2	670	0.0191557	0	4.029	1.02
421.8	0.00318781	0.00166616	46666.6	1050	105	46113.9	44.7628	44.7628	179.051	179.051	0 24304.6 453.7 	24758.3	0.00485397	1.47742e-62	1.95379e-54	1050	1.95379e-54	0 2.71445e+07 5e+06 	3.21445e+07	6.33416	6.55445	12703.2	670	0.019098	0	4.029	1.02
422	0.00318786	0.00166634	46673	1050	105	46120.2	44.7868	44.7868	179.147	179.147	0 24302.4 452.269 	24754.7	0.0048542	1.38685e-62	1.8341e-54	1050	1.8341e-54	0 2.7147e+07 5e+06 	3.2147e+07	6.33387	6.55445	12703.2	670	0.0190404	0	4.029	1.02
422.2	0.00318791	0.00166651	46679.5	1050	105	46126.4	44.8108	44.8108	179.243	179.243	0 24300.3 450.84 	24751.1	0.00485442	1.30183e-62	1.72173e-54	1050	1.72173e-54	0 2.71495e+07 5e+06 	3.21495e+07	6.33359	6.55445	12703.2	670	0.0189829	0	4.029	1.02
422.4	0.00318796	0.00166669	46686	1050	105	46132.7	44.835	44.835	179.34	179.34	0 24298.1 449.414 	24747.5	0.00485464	1.22202e-62	1.61626e-54	1050	1.61626e-54	0 2.7152e+07 5e+06 	3.2152e+07	6.3333	6.55445	12703.2	670	0.0189255	0	4.029	1.02
422.6	0.00318801	0.00166686	46692.5	1050	105	46138.9	44.8591	44.8591	179.436	179.436	0 24295.9 447.99 	24743.9	0.00485487	1.1471e-62	1.51724e-54	1050	1.51724e-54	0 2.71545e+07 5e+06 	3.21545e+07	6.33301	6.55445	12703.2	670	0.0188681	0	4.029	1.02
422.8	0.00318805	0.00166704	46699	1050	105	46145.1	44.8833	44.8833	179.533	179.533	0 24293.7 446.568 	24740.3	0.00485509	1.07677e-62	1.42429e-54	1050	1.42429e-54	0 2.7157e+07 5e+06 	3.2157e+07	6.33273	6.55445	12703.2	670	0.0188108	0	4.029	1.02
423	0.0031881	0.00166721	46705.4	1050	105	46151.4	44.9075	44.9075	179.63	179.63	0 24291.5 445.148 	24736.7	0.00485531	1.01076e-62	1.33703e-54	1050	1.33703e-54	0 2.71595e+07 5e+06 	3.21595e+07	6.33244	6.55445	12703.2	670	0.0187536	0	4.029	1.02
423.2	0.00318815	0.00166739	46711.9	1050	105	46157.6	44.9318	44.9318	179.727	179.727	0 24289.3 443.73 	24733.1	0.00485553	9.48795e-63	1.25512e-54	1050	1.25512e-54	0 2.7162e+07 5e+06 	3.2162e+07	6.33215	6.55445	12703.2	670	0.0186965	0	4.029	1.02
423.4	0.0031882	0.00166756	46718.4	1050	105	46163.8	44.9562	44.9562	179.825	179.825	0 24287.2 442.315 	24729.5	0.00485576	8.90628e-63	1.17823e-54	1050	1.17823e-54	0 2.71645e+07 5e+06 	3.21645e+07	6.33187	6.55445	12703.2	670	0.0186394	0	4.029	1.02
423.6	0.00318824	0.00166773	46724.8	1050	105	46170	44.9805	44.9805	179.922	179.922	0 24285 440.902 	24725.9	0.00485598	8.36027e-63	1.10605e-54	1050	1.10605e-54	0 2.7167e+07 5e+06 	3.2167e+07	6.33158	6.55445	12703.2	670	0.0185825	0	4.029	1.02
423.8	0.00318829	0.00166791	46731.3	1050	105	46176.2	45.005	45.005	180.02	180.02	0 24282.8 439.491 	24722.3	0.0048562	7.84774e-63	1.03829e-54	1050	1.03829e-54	0 2.71694e+07 5e+06 	3.21694e+07	6.3313	6.55445	12703.2	670	0.0185256	0	4.029	1.02
424	0.00318834	0.00166808	46737.7	1050	105	46182.5	45.0294	45.0294	180.118	180.118	0 24280.6 438.082 	24718.7	0.00485642	7.36663e-63	9.74679e-55	1050	9.74679e-55	0 2.71719e+07 5e+06 	3.21719e+07	6.33101	6.55445	12703.2	670	0.0184687	0	4.029	1.02
424.2	0.00318839	0.00166826	46744.2	1050	105	46188.7	45.0539	45.0539	180.216	180.216	0 24278.5 436.676 	24715.1	0.00485665	6.91501e-63	9.14967e-55	1050	9.14967e-55	0 2.71744e+07 5e+06 	3.21744e+07	6.33073	6.55445	12703.2	670	0.018412	0	4.029	1.02
424.4	0.00318844	0.00166843	46750.7	1050	105	46194.9	45.0785	45.0785	180.314	180.314	0 24276.3 435.272 	24711.6	0.00485687	6.49108e-63	8.58913e-55	1050	8.58913e-55	0 2.71769e+07 5e+06 	3.21769e+07	6.33045	6.55445	12703.2	670	0.0183553	0	4.029	1.02
424.6	0.00318848	0.00166861	46757.1	1050	105	46201.1	45.1031	45.1031	180.412	180.412	0 24274.1 433.87 	24708	0.00485709	6.09313e-63	8.06293e-55	1050	8.06293e-55	0 2.71794e+07 5e+06 	3.21794e+07	6.33016	6.55445	12703.2	670	0.0182987	0	4.029	1.02
424.8	0.00318853	0.00166878	46763.6	1050	105	46207.3	45.1277	45.1277	180.511	180.511	0 24271.9 432.47 	24704.4	0.00485731	5.71959e-63	7.56897e-55	1050	7.56897e-55	0 2.71819e+07 5e+06 	3.21819e+07	6.32988	6.55445	12703.2	670	0.0182422	0	4.029	1.02
425	0.00318858	0.00166896	46770	1050	105	46213.5	45.1524	45.1524	180.61	180.61	0 24269.8 431.072 	24700.8	0.00485753	5.36894e-63	7.10528e-55	1050	7.10528e-55	0 2.71843e+07 5e+06 	3.21843e+07	6.32959	6.55445	12703.2	670	0.0181857	0	4.029	1.02
425.2	0.00318863	0.00166913	46776.4	1050	105	46219.7	45.1771	45.1771	180.709	180.709	0 24267.6 429.676 	24697.3	0.00485776	5.0398e-63	6.66998e-55	1050	6.66998e-55	0 2.71868e+07 5e+06 	3.21868e+07	6.32931	6.55445	12703.2	670	0.0181293	0	4.029	1.02
425.4	0.00318867	0.0016693	46782.9	1050	105	46225.9	45.2019	45.2019	180.808	180.808	0 24265.4 428.283 	24693.7	0.00485798	4.73083e-63	6.26136e-55	1050	6.26136e-55	0 2.71893e+07 5e+06 	3.21893e+07	6.32903	6.55445	12703.2	670	0.018073	0	4.029	1.02
425.6	0.00318872	0.00166948	46789.3	1050	105	46232.1	45.2267	45.2267	180.907	180.907	0 24263.3 426.892 	24690.2	0.0048582	4.4408e-63	5.87777e-55	1050	5.87777e-55	0 2.71918e+07 5e+06 	3.21918e+07	6.32875	6.55445	12703.2	670	0.0180168	0	4.029	1.02
425.8	0.00318877	0.00166965	46795.8	1050	105	46238.2	45.2516	45.2516	181.006	181.006	0 24261.1 425.503 	24686.6	0.00485842	4.16855e-63	5.51768e-55	1050	5.51768e-55	0 2.71943e+07 5e+06 	3.21943e+07	6.32846	6.55445	12703.2	670	0.0179607	0	4.029	1.02
426	0.00318882	0.00166982	46802.2	1050	105	46244.4	45.2765	45.2765	181.106	181.106	0 24258.9 424.116 	24683	0.00485864	3.913e-63	5.17965e-55	1050	5.17965e-55	0 2.71967e+07 5e+06 	3.21967e+07	6.32818	6.55445	12703.2	670	0.0179046	0	4.029	1.02
426.2	0.00318886	0.00167	46808.6	1050	105	46250.6	45.3015	45.3015	181.206	181.206	0 24256.8 422.732 	24679.5	0.00485886	3.67311e-63	4.86233e-55	1050	4.86233e-55	0 2.71992e+07 5e+06 	3.21992e+07	6.3279	6.55445	12703.2	670	0.0178486	0	4.029	1.02
426.4	0.00318891	0.00167017	46815	1050	105	46256.8	45.3265	45.3265	181.306	181.306	0 24254.6 421.349 	24676	0.00485908	3.44792e-63	4.56445e-55	1050	4.56445e-55	0 2.72017e+07 5e+06 	3.22017e+07	6.32762	6.55445	12703.2	670	0.0177927	0	4.029	1.02
426.6	0.00318896	0.00167035	46821.5	1050	105	46263	45.3515	45.3515	181.406	181.406	0 24252.4 419.969 	24672.4	0.0048593	3.23655e-63	4.28482e-55	1050	4.28482e-55	0 2.72042e+07 5e+06 	3.22042e+07	6.32734	6.55445	12703.2	670	0.0177368	0	4.029	1.02
426.8	0.00318901	0.00167052	46827.9	1050	105	46269.1	45.3766	45.3766	181.506	181.506	0 24250.3 418.591 	24668.9	0.00485952	3.03813e-63	4.02231e-55	1050	4.02231e-55	0 2.72066e+07 5e+06 	3.22066e+07	6.32706	6.55445	12703.2	670	0.017681	0	4.029	1.02
427	0.00318905	0.00167069	46834.3	1050	105	46275.3	45.4017	45.4017	181.607	181.607	0 24248.1 417.215 	24665.3	0.00485974	2.85187e-63	3.7759e-55	1050	3.7759e-55	0 2.72091e+07 5e+06 	3.22091e+07	6.32678	6.55445	12703.2	670	0.0176253	0	4.029	1.02
427.2	0.0031891	0.00167087	46840.7	1050	105	46281.5	45.4269	45.4269	181.708	181.708	0 24246 415.841 	24661.8	0.00485997	2.67704e-63	3.54457e-55	1050	3.54457e-55	0 2.72116e+07 5e+06 	3.22116e+07	6.3265	6.55445	12703.2	670	0.0175697	0	4.029	1.02
427.4	0.00318915	0.00167104	46847.1	1050	105	46287.6	45.4521	45.4521	181.809	181.809	0 24243.8 414.47 	24658.3	0.00486019	2.51292e-63	3.32742e-55	1050	3.32742e-55	0 2.7214e+07 5e+06 	3.2214e+07	6.32622	6.55445	12703.2	670	0.0175142	0	4.029	1.02
427.6	0.00318919	0.00167121	46853.5	1050	105	46293.8	45.4774	45.4774	181.91	181.91	0 24241.7 413.1 	24654.8	0.00486041	2.35886e-63	3.12357e-55	1050	3.12357e-55	0 2.72165e+07 5e+06 	3.22165e+07	6.32594	6.55445	12703.2	670	0.0174587	0	4.029	1.02
427.8	0.00318924	0.00167139	46860	1050	105	46299.9	45.5027	45.5027	182.011	182.011	0 24239.5 411.733 	24651.2	0.00486063	2.21425e-63	2.93221e-55	1050	2.93221e-55	0 2.7219e+07 5e+06 	3.2219e+07	6.32566	6.55445	12703.2	670	0.0174033	0	4.029	1.02
428	0.00318929	0.00167156	46866.4	1050	105	46306.1	45.5281	45.5281	182.112	182.112	0 24237.4 410.368 	24647.7	0.00486085	2.07851e-63	2.75258e-55	1050	2.75258e-55	0 2.72214e+07 5e+06 	3.22214e+07	6.32538	6.55445	12703.2	670	0.017348	0	4.029	1.02
428.2	0.00318933	0.00167173	46872.8	1050	105	46312.2	45.5535	45.5535	182.214	182.214	0 24235.2 409.005 	24644.2	0.00486107	1.95108e-63	2.58395e-55	1050	2.58395e-55	0 2.72239e+07 5e+06 	3.22239e+07	6.3251	6.55445	12703.2	670	0.0172927	0	4.029	1.02
428.4	0.00318938	0.0016719	46879.2	1050	105	46318.4	45.5789	45.5789	182.316	182.316	0 24233.1 407.644 	24640.7	0.00486129	1.83147e-63	2.42565e-55	1050	2.42565e-55	0 2.72264e+07 5e+06 	3.22264e+07	6.32482	6.55445	12703.2	670	0.0172375	0	4.029	1.02
428.6	0.00318943	0.00167208	46885.6	1050	105	46324.5	45.6044	45.6044	182.418	182.418	0 24230.9 406.286 	24637.2	0.00486151	1.71919e-63	2.27704e-55	1050	2.27704e-55	0 2.72288e+07 5e+06 	3.22288e+07	6.32454	6.55445	12703.2	670	0.0171824	0	4.029	1.02
428.8	0.00318947	0.00167225	46892	1050	105	46330.7	45.63	45.63	182.52	182.52	0 24228.8 404.929 	24633.7	0.00486172	1.6138e-63	2.13754e-55	1050	2.13754e-55	0 2.72313e+07 5e+06 	3.22313e+07	6.32426	6.55445	12703.2	670	0.0171274	0	4.029	1.02
429	0.00318952	0.00167242	46898.4	1050	105	46336.8	45.6556	45.6556	182.622	182.622	0 24226.6 403.575 	24630.2	0.00486194	1.51486e-63	2.00659e-55	1050	2.00659e-55	0 2.72337e+07 5e+06 	3.22337e+07	6.32398	6.55445	12703.2	670	0.0170724	0	4.029	1.02
429.2	0.00318957	0.0016726	46904.7	1050	105	46342.9	45.6812	45.6812	182.725	182.725	0 24224.5 402.223 	24626.7	0.00486216	1.42199e-63	1.88366e-55	1050	1.88366e-55	0 2.72362e+07 5e+06 	3.22362e+07	6.32371	6.55445	12703.2	670	0.0170175	0	4.029	1.02
429.4	0.00318961	0.00167277	46911.1	1050	105	46349.1	45.7069	45.7069	182.827	182.827	0 24222.3 400.873 	24623.2	0.00486238	1.33482e-63	1.76826e-55	1050	1.76826e-55	0 2.72386e+07 5e+06 	3.22386e+07	6.32343	6.55445	12703.2	670	0.0169627	0	4.029	1.02
429.6	0.00318966	0.00167294	46917.5	1050	105	46355.2	45.7326	45.7326	182.93	182.93	0 24220.2 399.525 	24619.7	0.0048626	1.25298e-63	1.65993e-55	1050	1.65993e-55	0 2.72411e+07 5e+06 	3.22411e+07	6.32315	6.55445	12703.2	670	0.016908	0	4.029	1.02
429.8	0.00318971	0.00167311	46923.9	1050	105	46361.3	45.7584	45.7584	183.033	183.033	0 24218 398.179 	24616.2	0.00486282	1.17617e-63	1.55824e-55	1050	1.55824e-55	0 2.72436e+07 5e+06 	3.22436e+07	6.32287	6.55445	12703.2	670	0.0168533	0	4.029	1.02
430	0.00318975	0.00167329	46930.3	1050	105	46367.4	45.7842	45.7842	183.137	183.137	0 24215.9 396.836 	24612.7	0.00486304	1.10406e-63	1.46278e-55	1050	1.46278e-55	0 2.7246e+07 5e+06 	3.2246e+07	6.3226	6.55445	12703.2	670	0.0167988	0	4.029	1.02
430.2	0.0031898	0.00167346	46936.6	1050	105	46373.5	45.81	45.81	183.24	183.24	0 24213.8 395.494 	24609.2	0.00486326	1.03638e-63	1.37316e-55	1050	1.37316e-55	0 2.72485e+07 5e+06 	3.22485e+07	6.32232	6.55445	12703.2	670	0.0167442	0	4.029	1.02
430.4	0.00318985	0.00167363	46943	1050	105	46379.7	45.8359	45.8359	183.344	183.344	0 24211.6 394.155 	24605.8	0.00486348	9.72844e-64	1.28904e-55	1050	1.28904e-55	0 2.72509e+07 5e+06 	3.22509e+07	6.32205	6.55445	12703.2	670	0.0166898	0	4.029	1.02
430.6	0.00318989	0.0016738	46949.4	1050	105	46385.8	45.8619	45.8619	183.447	183.447	0 24209.5 392.817 	24602.3	0.0048637	9.13204e-64	1.21007e-55	1050	1.21007e-55	0 2.72534e+07 5e+06 	3.22534e+07	6.32177	6.55445	12703.2	670	0.0166354	0	4.029	1.02
430.8	0.00318994	0.00167397	46955.8	1050	105	46391.9	45.8879	45.8879	183.551	183.551	0 24207.3 391.482 	24598.8	0.00486391	8.57219e-64	1.13594e-55	1050	1.13594e-55	0 2.72558e+07 5e+06 	3.22558e+07	6.32149	6.55445	12703.2	670	0.0165811	0	4.029	1.02
431	0.00318999	0.00167415	46962.1	1050	105	46398	45.9139	45.9139	183.656	183.656	0 24205.2 390.149 	24595.4	0.00486413	8.04667e-64	1.06635e-55	1050	1.06635e-55	0 2.72582e+07 5e+06 	3.22582e+07	6.32122	6.55445	12703.2	670	0.0165269	0	4.029	1.02
431.2	0.00319003	0.00167432	46968.5	1050	105	46404.1	45.94	45.94	183.76	183.76	0 24203.1 388.818 	24591.9	0.00486435	7.55337e-64	1.00102e-55	1050	1.00102e-55	0 2.72607e+07 5e+06 	3.22607e+07	6.32094	6.55445	12703.2	670	0.0164728	0	4.029	1.02
431.4	0.00319008	0.00167449	46974.9	1050	105	46410.2	45.9661	45.9661	183.864	183.864	0 24200.9 387.49 	24588.4	0.00486457	7.09031e-64	9.39693e-56	1050	9.39693e-56	0 2.72631e+07 5e+06 	3.22631e+07	6.32067	6.55445	12703.2	670	0.0164187	0	4.029	1.02
431.6	0.00319013	0.00167466	46981.2	1050	105	46416.3	45.9923	45.9923	183.969	183.969	0 24198.8 386.163 	24585	0.00486479	6.65564e-64	8.82124e-56	1050	8.82124e-56	0 2.72656e+07 5e+06 	3.22656e+07	6.32039	6.55445	12703.2	670	0.0163647	0	4.029	1.02
431.8	0.00319017	0.00167483	46987.6	1050	105	46422.4	46.0185	46.0185	184.074	184.074	0 24196.7 384.838 	24581.5	0.004865	6.24761e-64	8.28083e-56	1050	8.28083e-56	0 2.7268e+07 5e+06 	3.2268e+07	6.32012	6.55445	12703.2	670	0.0163108	0	4.029	1.02
432	0.00319022	0.001675	46993.9	1050	105	46428.5	46.0448	46.0448	184.179	184.179	0 24194.6 383.516 	24578.1	0.00486522	5.8646e-64	7.77352e-56	1050	7.77352e-56	0 2.72705e+07 5e+06 	3.22705e+07	6.31985	6.55445	12703.2	670	0.0162569	0	4.029	1.02
432.2	0.00319026	0.00167518	47000.3	1050	105	46434.6	46.0711	46.0711	184.284	184.284	0 24192.4 382.196 	24574.6	0.00486544	5.50507e-64	7.29729e-56	1050	7.29729e-56	0 2.72729e+07 5e+06 	3.22729e+07	6.31957	6.55445	12703.2	670	0.0162031	0	4.029	1.02
432.4	0.00319031	0.00167535	47006.6	1050	105	46440.6	46.0975	46.0975	184.39	184.39	0 24190.3 380.877 	24571.2	0.00486566	5.16759e-64	6.85023e-56	1050	6.85023e-56	0 2.72753e+07 5e+06 	3.22753e+07	6.3193	6.55445	12703.2	670	0.0161494	0	4.029	1.02
432.6	0.00319036	0.00167552	47013	1050	105	46446.7	46.1239	46.1239	184.495	184.495	0 24188.2 379.561 	24567.7	0.00486587	4.85079e-64	6.43057e-56	1050	6.43057e-56	0 2.72778e+07 5e+06 	3.22778e+07	6.31902	6.55445	12703.2	670	0.0160958	0	4.029	1.02
432.8	0.0031904	0.00167569	47019.3	1050	105	46452.8	46.1503	46.1503	184.601	184.601	0 24186 378.247 	24564.3	0.00486609	4.55341e-64	6.03661e-56	1050	6.03661e-56	0 2.72802e+07 5e+06 	3.22802e+07	6.31875	6.55445	12703.2	670	0.0160422	0	4.029	1.02
433	0.00319045	0.00167586	47025.6	1050	105	46458.9	46.1768	46.1768	184.707	184.707	0 24183.9 376.935 	24560.9	0.00486631	4.27426e-64	5.66679e-56	1050	5.66679e-56	0 2.72826e+07 5e+06 	3.22826e+07	6.31848	6.55445	12703.2	670	0.0159888	0	4.029	1.02
433.2	0.00319049	0.00167603	47032	1050	105	46464.9	46.2033	46.2033	184.813	184.813	0 24181.8 375.625 	24557.4	0.00486653	4.01223e-64	5.31962e-56	1050	5.31962e-56	0 2.72851e+07 5e+06 	3.22851e+07	6.31821	6.55445	12703.2	670	0.0159353	0	4.029	1.02
433.4	0.00319054	0.0016762	47038.3	1050	105	46471	46.2299	46.2299	184.92	184.92	0 24179.7 374.318 	24554	0.00486674	3.76626e-64	4.99373e-56	1050	4.99373e-56	0 2.72875e+07 5e+06 	3.22875e+07	6.31793	6.55445	12703.2	670	0.015882	0	4.029	1.02
433.6	0.00319059	0.00167637	47044.6	1050	105	46477.1	46.2566	46.2566	185.026	185.026	0 24177.6 373.012 	24550.6	0.00486696	3.53537e-64	4.6878e-56	1050	4.6878e-56	0 2.72899e+07 5e+06 	3.22899e+07	6.31766	6.55445	12703.2	670	0.0158287	0	4.029	1.02
433.8	0.00319063	0.00167654	47051	1050	105	46483.1	46.2832	46.2832	185.133	185.133	0 24175.4 371.708 	24547.2	0.00486718	3.31863e-64	4.40061e-56	1050	4.40061e-56	0 2.72924e+07 5e+06 	3.22924e+07	6.31739	6.55445	12703.2	670	0.0157755	0	4.029	1.02
434	0.00319068	0.00167672	47057.3	1050	105	46489.2	46.31	46.31	185.24	185.24	0 24173.3 370.407 	24543.7	0.00486739	3.11519e-64	4.13101e-56	1050	4.13101e-56	0 2.72948e+07 5e+06 	3.22948e+07	6.31712	6.55445	12703.2	670	0.0157224	0	4.029	1.02
434.2	0.00319072	0.00167689	47063.6	1050	105	46495.2	46.3367	46.3367	185.347	185.347	0 24171.2 369.108 	24540.3	0.00486761	2.92421e-64	3.87793e-56	1050	3.87793e-56	0 2.72972e+07 5e+06 	3.22972e+07	6.31685	6.55445	12703.2	670	0.0156694	0	4.029	1.02
434.4	0.00319077	0.00167706	47069.9	1050	105	46501.3	46.3636	46.3636	185.454	185.454	0 24169.1 367.81 	24536.9	0.00486782	2.74494e-64	3.64036e-56	1050	3.64036e-56	0 2.72997e+07 5e+06 	3.22997e+07	6.31658	6.55445	12703.2	670	0.0156164	0	4.029	1.02
434.6	0.00319081	0.00167723	47076.2	1050	105	46507.3	46.3904	46.3904	185.562	185.562	0 24167 366.515 	24533.5	0.00486804	2.57666e-64	3.41734e-56	1050	3.41734e-56	0 2.73021e+07 5e+06 	3.23021e+07	6.31631	6.55445	12703.2	670	0.0155635	0	4.029	1.02
434.8	0.00319086	0.0016774	47082.6	1050	105	46513.4	46.4173	46.4173	185.669	185.669	0 24164.9 365.222 	24530.1	0.00486826	2.4187e-64	3.20798e-56	1050	3.20798e-56	0 2.73045e+07 5e+06 	3.23045e+07	6.31604	6.55445	12703.2	670	0.0155107	0	4.029	1.02
435	0.0031909	0.00167757	47088.9	1050	105	46519.4	46.4443	46.4443	185.777	185.777	0 24162.8 363.931 	24526.7	0.00486847	2.27042e-64	3.01145e-56	1050	3.01145e-56	0 2.73069e+07 5e+06 	3.23069e+07	6.31577	6.55445	12703.2	670	0.0154579	0	4.029	1.02
435.2	0.00319095	0.00167774	47095.2	1050	105	46525.5	46.4713	46.4713	185.885	185.885	0 24160.7 362.642 	24523.3	0.00486869	2.13124e-64	2.82696e-56	1050	2.82696e-56	0 2.73093e+07 5e+06 	3.23093e+07	6.3155	6.55445	12703.2	670	0.0154052	0	4.029	1.02
435.4	0.003191	0.00167791	47101.5	1050	105	46531.5	46.4983	46.4983	185.993	185.993	0 24158.5 361.355 	24519.9	0.0048689	2.00058e-64	2.65377e-56	1050	2.65377e-56	0 2.73118e+07 5e+06 	3.23118e+07	6.31523	6.55445	12703.2	670	0.0153526	0	4.029	1.02
435.6	0.00319104	0.00167808	47107.8	1050	105	46537.5	46.5254	46.5254	186.102	186.102	0 24156.4 360.07 	24516.5	0.00486912	1.87794e-64	2.4912e-56	1050	2.4912e-56	0 2.73142e+07 5e+06 	3.23142e+07	6.31496	6.55445	12703.2	670	0.0153	0	4.029	1.02
435.8	0.00319109	0.00167825	47114.1	1050	105	46543.6	46.5526	46.5526	186.21	186.21	0 24154.3 358.787 	24513.1	0.00486934	1.76281e-64	2.33858e-56	1050	2.33858e-56	0 2.73166e+07 5e+06 	3.23166e+07	6.31469	6.55445	12703.2	670	0.0152476	0	4.029	1.02
436	0.00319113	0.00167842	47120.4	1050	105	46549.6	46.5798	46.5798	186.319	186.319	0 24152.2 357.506 	24509.7	0.00486955	1.65474e-64	2.19531e-56	1050	2.19531e-56	0 2.7319e+07 5e+06 	3.2319e+07	6.31442	6.55445	12703.2	670	0.0151952	0	4.029	1.02
436.2	0.00319118	0.00167859	47126.7	1050	105	46555.6	46.607	46.607	186.428	186.428	0 24150.1 356.227 	24506.4	0.00486977	1.5533e-64	2.06082e-56	1050	2.06082e-56	0 2.73214e+07 5e+06 	3.23214e+07	6.31415	6.55445	12703.2	670	0.0151428	0	4.029	1.02
436.4	0.00319122	0.00167876	47133	1050	105	46561.6	46.6343	46.6343	186.537	186.537	0 24148 354.951 	24503	0.00486998	1.45808e-64	1.93457e-56	1050	1.93457e-56	0 2.73238e+07 5e+06 	3.23238e+07	6.31388	6.55445	12703.2	670	0.0150906	0	4.029	1.02
436.6	0.00319127	0.00167893	47139.3	1050	105	46567.6	46.6616	46.6616	186.646	186.646	0 24145.9 353.676 	24499.6	0.0048702	1.36869e-64	1.81605e-56	1050	1.81605e-56	0 2.73263e+07 5e+06 	3.23263e+07	6.31361	6.55445	12703.2	670	0.0150384	0	4.029	1.02
436.8	0.00319131	0.0016791	47145.6	1050	105	46573.7	46.689	46.689	186.756	186.756	0 24143.8 352.404 	24496.2	0.00487041	1.28478e-64	1.70479e-56	1050	1.70479e-56	0 2.73287e+07 5e+06 	3.23287e+07	6.31335	6.55445	12703.2	670	0.0149863	0	4.029	1.02
437	0.00319136	0.00167927	47151.8	1050	105	46579.7	46.7164	46.7164	186.866	186.866	0 24141.7 351.133 	24492.9	0.00487063	1.20602e-64	1.60035e-56	1050	1.60035e-56	0 2.73311e+07 5e+06 	3.23311e+07	6.31308	6.55445	12703.2	670	0.0149343	0	4.029	1.02
437.2	0.0031914	0.00167944	47158.1	1050	105	46585.7	46.7439	46.7439	186.975	186.975	0 24139.6 349.865 	24489.5	0.00487084	1.13208e-64	1.50231e-56	1050	1.50231e-56	0 2.73335e+07 5e+06 	3.23335e+07	6.31281	6.55445	12703.2	670	0.0148823	0	4.029	1.02
437.4	0.00319145	0.00167961	47164.4	1050	105	46591.7	46.7714	46.7714	187.086	187.086	0 24137.5 348.598 	24486.1	0.00487105	1.06268e-64	1.41027e-56	1050	1.41027e-56	0 2.73359e+07 5e+06 	3.23359e+07	6.31255	6.55445	12703.2	670	0.0148304	0	4.029	1.02
437.6	0.00319149	0.00167978	47170.7	1050	105	46597.7	46.7989	46.7989	187.196	187.196	0 24135.4 347.334 	24482.8	0.00487127	9.97536e-65	1.32387e-56	1050	1.32387e-56	0 2.73383e+07 5e+06 	3.23383e+07	6.31228	6.55445	12703.2	670	0.0147786	0	4.029	1.02
437.8	0.00319154	0.00167995	47176.9	1050	105	46603.7	46.8265	46.8265	187.306	187.306	0 24133.3 346.071 	24479.4	0.00487148	9.36382e-65	1.24277e-56	1050	1.24277e-56	0 2.73407e+07 5e+06 	3.23407e+07	6.31201	6.55445	12703.2	670	0.0147268	0	4.029	1.02
438	0.00319158	0.00168012	47183.2	1050	105	46609.7	46.8542	46.8542	187.417	187.417	0 24131.3 344.811 	24476.1	0.0048717	8.78978e-65	1.16663e-56	1050	1.16663e-56	0 2.73431e+07 5e+06 	3.23431e+07	6.31175	6.55445	12703.2	670	0.0146751	0	4.029	1.02
438.2	0.00319163	0.00168029	47189.5	1050	105	46615.7	46.8819	46.8819	187.528	187.528	0 24129.2 343.553 	24472.7	0.00487191	8.25093e-65	1.09516e-56	1050	1.09516e-56	0 2.73455e+07 5e+06 	3.23455e+07	6.31148	6.55445	12703.2	670	0.0146235	0	4.029	1.02
438.4	0.00319167	0.00168045	47195.7	1050	105	46621.6	46.9096	46.9096	187.639	187.639	0 24127.1 342.297 	24469.4	0.00487213	7.74511e-65	1.02807e-56	1050	1.02807e-56	0 2.73479e+07 5e+06 	3.23479e+07	6.31121	6.55445	12703.2	670	0.014572	0	4.029	1.02
438.6	0.00319172	0.00168062	47202	1050	105	46627.6	46.9374	46.9374	187.75	187.75	0 24125 341.042 	24466	0.00487234	7.2703e-65	9.65087e-57	1050	9.65087e-57	0 2.73503e+07 5e+06 	3.23503e+07	6.31095	6.55445	12703.2	670	0.0145205	0	4.029	1.02
438.8	0.00319176	0.00168079	47208.3	1050	105	46633.6	46.9653	46.9653	187.861	187.861	0 24122.9 339.79 	24462.7	0.00487255	6.8246e-65	9.05962e-57	1050	9.05962e-57	0 2.73527e+07 5e+06 	3.23527e+07	6.31068	6.55445	12703.2	670	0.0144691	0	4.029	1.02
439	0.00319181	0.00168096	47214.5	1050	105	46639.6	46.9932	46.9932	187.973	187.973	0 24120.8 338.54 	24459.3	0.00487277	6.40623e-65	8.5046e-57	1050	8.5046e-57	0 2.73551e+07 5e+06 	3.23551e+07	6.31042	6.55445	12703.2	670	0.0144178	0	4.029	1.02
439.2	0.00319185	0.00168113	47220.8	1050	105	46645.6	47.0211	47.0211	188.084	188.084	0 24118.7 337.292 	24456	0.00487298	6.0135e-65	7.98359e-57	1050	7.98359e-57	0 2.73575e+07 5e+06 	3.23575e+07	6.31015	6.55445	12703.2	670	0.0143665	0	4.029	1.02
439.4	0.00319189	0.0016813	47227	1050	105	46651.5	47.0491	47.0491	188.196	188.196	0 24116.6 336.046 	24452.7	0.00487319	5.64485e-65	7.49449e-57	1050	7.49449e-57	0 2.73599e+07 5e+06 	3.23599e+07	6.30989	6.55445	12703.2	670	0.0143154	0	4.029	1.02
439.6	0.00319194	0.00168147	47233.3	1050	105	46657.5	47.0771	47.0771	188.308	188.308	0 24114.6 334.802 	24449.4	0.00487341	5.29879e-65	7.03535e-57	1050	7.03535e-57	0 2.73623e+07 5e+06 	3.23623e+07	6.30963	6.55445	12703.2	670	0.0142643	0	4.029	1.02
439.8	0.00319198	0.00168164	47239.5	1050	105	46663.5	47.1052	47.1052	188.421	188.421	0 24112.5 333.56 	24446	0.00487362	4.97396e-65	6.60434e-57	1050	6.60434e-57	0 2.73647e+07 5e+06 	3.23647e+07	6.30936	6.55445	12703.2	670	0.0142132	0	4.029	1.02
440	0.00319203	0.0016818	47245.8	1050	105	46669.4	47.1333	47.1333	188.533	188.533	0 24110.4 332.32 	24442.7	0.00487383	4.66903e-65	6.19974e-57	1050	6.19974e-57	0 2.73671e+07 5e+06 	3.23671e+07	6.3091	6.55445	12703.2	670	0.0141622	0	4.029	1.02
440.2	0.00319207	0.00168197	47252	1050	105	46675.4	47.1615	47.1615	188.646	188.646	0 24108.3 331.082 	24439.4	0.00487405	4.3828e-65	5.81993e-57	1050	5.81993e-57	0 2.73695e+07 5e+06 	3.23695e+07	6.30883	6.55445	12703.2	670	0.0141113	0	4.029	1.02
440.4	0.00319212	0.00168214	47258.2	1050	105	46681.3	47.1897	47.1897	188.759	188.759	0 24106.2 329.845 	24436.1	0.00487426	4.11412e-65	5.46338e-57	1050	5.46338e-57	0 2.73719e+07 5e+06 	3.23719e+07	6.30857	6.55445	12703.2	670	0.0140605	0	4.029	1.02
440.6	0.00319216	0.00168231	47264.5	1050	105	46687.3	47.2179	47.2179	188.872	188.872	0 24104.2 328.611 	24432.8	0.00487447	3.86191e-65	5.12868e-57	1050	5.12868e-57	0 2.73742e+07 5e+06 	3.23742e+07	6.30831	6.55445	12703.2	670	0.0140098	0	4.029	1.02
440.8	0.00319221	0.00168248	47270.7	1050	105	46693.2	47.2462	47.2462	188.985	188.985	0 24102.1 327.379 	24429.5	0.00487468	3.62516e-65	4.81448e-57	1050	4.81448e-57	0 2.73766e+07 5e+06 	3.23766e+07	6.30805	6.55445	12703.2	670	0.0139591	0	4.029	1.02
441	0.00319225	0.00168265	47276.9	1050	105	46699.2	47.2746	47.2746	189.098	189.098	0 24100 326.149 	24426.2	0.0048749	3.40292e-65	4.51953e-57	1050	4.51953e-57	0 2.7379e+07 5e+06 	3.2379e+07	6.30778	6.55445	12703.2	670	0.0139085	0	4.029	1.02
441.2	0.00319229	0.00168281	47283.1	1050	105	46705.1	47.303	47.303	189.212	189.212	0 24097.9 324.921 	24422.9	0.00487511	3.19431e-65	4.24265e-57	1050	4.24265e-57	0 2.73814e+07 5e+06 	3.23814e+07	6.30752	6.55445	12703.2	670	0.0138579	0	4.029	1.02
441.4	0.00319234	0.00168298	47289.4	1050	105	46711.1	47.3315	47.3315	189.326	189.326	0 24095.9 323.695 	24419.6	0.00487532	2.99848e-65	3.98273e-57	1050	3.98273e-57	0 2.73838e+07 5e+06 	3.23838e+07	6.30726	6.55445	12703.2	670	0.0138074	0	4.029	1.02
441.6	0.00319238	0.00168315	47295.6	1050	105	46717	47.36	47.36	189.44	189.44	0 24093.8 322.471 	24416.3	0.00487553	2.81466e-65	3.73874e-57	1050	3.73874e-57	0 2.73862e+07 5e+06 	3.23862e+07	6.307	6.55445	12703.2	670	0.013757	0	4.029	1.02
441.8	0.00319243	0.00168332	47301.8	1050	105	46722.9	47.3885	47.3885	189.554	189.554	0 24091.7 321.249 	24413	0.00487574	2.64211e-65	3.50969e-57	1050	3.50969e-57	0 2.73885e+07 5e+06 	3.23885e+07	6.30674	6.55445	12703.2	670	0.0137067	0	4.029	1.02
442	0.00319247	0.00168349	47308	1050	105	46728.8	47.4171	47.4171	189.668	189.668	0 24089.7 320.029 	24409.7	0.00487596	2.48014e-65	3.29468e-57	1050	3.29468e-57	0 2.73909e+07 5e+06 	3.23909e+07	6.30648	6.55445	12703.2	670	0.0136564	0	4.029	1.02
442.2	0.00319251	0.00168365	47314.2	1050	105	46734.8	47.4457	47.4457	189.783	189.783	0 24087.6 318.811 	24406.4	0.00487617	2.3281e-65	3.09283e-57	1050	3.09283e-57	0 2.73933e+07 5e+06 	3.23933e+07	6.30621	6.55445	12703.2	670	0.0136063	0	4.029	1.02
442.4	0.00319256	0.00168382	47320.4	1050	105	46740.7	47.4744	47.4744	189.898	189.898	0 24085.5 317.595 	24403.1	0.00487638	2.18538e-65	2.90336e-57	1050	2.90336e-57	0 2.73957e+07 5e+06 	3.23957e+07	6.30595	6.55445	12703.2	670	0.0135561	0	4.029	1.02
442.6	0.0031926	0.00168399	47326.6	1050	105	46746.6	47.5032	47.5032	190.013	190.013	0 24083.5 316.381 	24399.8	0.00487659	2.05141e-65	2.72549e-57	1050	2.72549e-57	0 2.73981e+07 5e+06 	3.23981e+07	6.30569	6.55445	12703.2	670	0.0135061	0	4.029	1.02
442.8	0.00319265	0.00168416	47332.8	1050	105	46752.5	47.5319	47.5319	190.128	190.128	0 24081.4 315.169 	24396.6	0.0048768	1.92565e-65	2.55852e-57	1050	2.55852e-57	0 2.74004e+07 5e+06 	3.24004e+07	6.30543	6.55445	12703.2	670	0.0134561	0	4.029	1.02
443	0.00319269	0.00168432	47339	1050	105	46758.4	47.5608	47.5608	190.243	190.243	0 24079.3 313.959 	24393.3	0.00487701	1.8076e-65	2.40177e-57	1050	2.40177e-57	0 2.74028e+07 5e+06 	3.24028e+07	6.30517	6.55445	12703.2	670	0.0134062	0	4.029	1.02
443.2	0.00319273	0.00168449	47345.2	1050	105	46764.3	47.5896	47.5896	190.359	190.359	0 24077.3 312.75 	24390	0.00487722	1.69679e-65	2.25463e-57	1050	2.25463e-57	0 2.74052e+07 5e+06 	3.24052e+07	6.30491	6.55445	12703.2	670	0.0133563	0	4.029	1.02
443.4	0.00319278	0.00168466	47351.4	1050	105	46770.2	47.6186	47.6186	190.474	190.474	0 24075.2 311.544 	24386.8	0.00487743	1.59277e-65	2.11651e-57	1050	2.11651e-57	0 2.74075e+07 5e+06 	3.24075e+07	6.30466	6.55445	12703.2	670	0.0133066	0	4.029	1.02
443.6	0.00319282	0.00168482	47357.6	1050	105	46776.1	47.6475	47.6475	190.59	190.59	0 24073.2 310.34 	24383.5	0.00487765	1.49512e-65	1.98684e-57	1050	1.98684e-57	0 2.74099e+07 5e+06 	3.24099e+07	6.3044	6.55445	12703.2	670	0.0132569	0	4.029	1.02
443.8	0.00319287	0.00168499	47363.8	1050	105	46782	47.6766	47.6766	190.706	190.706	0 24071.1 309.138 	24380.2	0.00487786	1.40347e-65	1.86512e-57	1050	1.86512e-57	0 2.74123e+07 5e+06 	3.24123e+07	6.30414	6.55445	12703.2	670	0.0132072	0	4.029	1.02
444	0.00319291	0.00168516	47370	1050	105	46787.9	47.7056	47.7056	190.823	190.823	0 24069 307.938 	24377	0.00487807	1.31743e-65	1.75086e-57	1050	1.75086e-57	0 2.74147e+07 5e+06 	3.24147e+07	6.30388	6.55445	12703.2	670	0.0131577	0	4.029	1.02
444.2	0.00319295	0.00168533	47376.2	1050	105	46793.8	47.7347	47.7347	190.939	190.939	0 24067 306.739 	24373.7	0.00487828	1.23667e-65	1.6436e-57	1050	1.6436e-57	0 2.7417e+07 5e+06 	3.2417e+07	6.30362	6.55445	12703.2	670	0.0131082	0	4.029	1.02
444.4	0.003193	0.00168549	47382.3	1050	105	46799.7	47.7639	47.7639	191.056	191.056	0 24064.9 305.543 	24370.5	0.00487849	1.16086e-65	1.54291e-57	1050	1.54291e-57	0 2.74194e+07 5e+06 	3.24194e+07	6.30336	6.55445	12703.2	670	0.0130588	0	4.029	1.02
444.6	0.00319304	0.00168566	47388.5	1050	105	46805.6	47.7931	47.7931	191.172	191.172	0 24062.9 304.349 	24367.2	0.0048787	1.08969e-65	1.44838e-57	1050	1.44838e-57	0 2.74217e+07 5e+06 	3.24217e+07	6.30311	6.55445	12703.2	670	0.0130094	0	4.029	1.02
444.8	0.00319308	0.00168583	47394.7	1050	105	46811.5	47.8224	47.8224	191.29	191.29	0 24060.8 303.156 	24364	0.00487891	1.02289e-65	1.35965e-57	1050	1.35965e-57	0 2.74241e+07 5e+06 	3.24241e+07	6.30285	6.55445	12703.2	670	0.0129601	0	4.029	1.02
445	0.00319313	0.00168599	47400.9	1050	105	46817.4	47.8517	47.8517	191.407	191.407	0 24058.8 301.966 	24360.8	0.00487912	9.60182e-66	1.27635e-57	1050	1.27635e-57	0 2.74265e+07 5e+06 	3.24265e+07	6.30259	6.55445	12703.2	670	0.0129109	0	4.029	1.02
445.2	0.00319317	0.00168616	47407	1050	105	46823.2	47.881	47.881	191.524	191.524	0 24056.7 300.777 	24357.5	0.00487933	9.0132e-66	1.19816e-57	1050	1.19816e-57	0 2.74288e+07 5e+06 	3.24288e+07	6.30233	6.55445	12703.2	670	0.0128618	0	4.029	1.02
445.4	0.00319321	0.00168632	47413.2	1050	105	46829.1	47.9104	47.9104	191.642	191.642	0 24054.7 299.591 	24354.3	0.00487954	8.46066e-66	1.12476e-57	1050	1.12476e-57	0 2.74312e+07 5e+06 	3.24312e+07	6.30208	6.55445	12703.2	670	0.0128127	0	4.029	1.02
445.6	0.00319326	0.00168649	47419.4	1050	105	46835	47.9399	47.9399	191.76	191.76	0 24052.6 298.406 	24351.1	0.00487975	7.94199e-66	1.05585e-57	1050	1.05585e-57	0 2.74335e+07 5e+06 	3.24335e+07	6.30182	6.55445	12703.2	670	0.0127637	0	4.029	1.02
445.8	0.0031933	0.00168666	47425.5	1050	105	46840.8	47.9694	47.9694	191.878	191.878	0 24050.6 297.223 	24347.8	0.00487996	7.45512e-66	9.91167e-58	1050	9.91167e-58	0 2.74359e+07 5e+06 	3.24359e+07	6.30156	6.55445	12703.2	670	0.0127148	0	4.029	1.02
446	0.00319334	0.00168682	47431.7	1050	105	46846.7	47.9989	47.9989	191.996	191.996	0 24048.6 296.043 	24344.6	0.00488017	6.9981e-66	9.30445e-58	1050	9.30445e-58	0 2.74383e+07 5e+06 	3.24383e+07	6.30131	6.55445	12703.2	670	0.0126659	0	4.029	1.02
446.2	0.00319339	0.00168699	47437.8	1050	105	46852.5	48.0285	48.0285	192.114	192.114	0 24046.5 294.864 	24341.4	0.00488038	6.56909e-66	8.73443e-58	1050	8.73443e-58	0 2.74406e+07 5e+06 	3.24406e+07	6.30105	6.55445	12703.2	670	0.0126171	0	4.029	1.02
446.4	0.00319343	0.00168716	47444	1050	105	46858.4	48.0582	48.0582	192.233	192.233	0 24044.5 293.687 	24338.2	0.00488058	6.16638e-66	8.19933e-58	1050	8.19933e-58	0 2.7443e+07 5e+06 	3.2443e+07	6.3008	6.55445	12703.2	670	0.0125684	0	4.029	1.02
446.6	0.00319347	0.00168732	47450.1	1050	105	46864.2	48.0879	48.0879	192.351	192.351	0 24042.4 292.512 	24335	0.00488079	5.78836e-66	7.69702e-58	1050	7.69702e-58	0 2.74453e+07 5e+06 	3.24453e+07	6.30054	6.55445	12703.2	670	0.0125197	0	4.029	1.02
446.8	0.00319352	0.00168749	47456.3	1050	105	46870.1	48.1176	48.1176	192.47	192.47	0 24040.4 291.339 	24331.7	0.004881	5.43352e-66	7.22547e-58	1050	7.22547e-58	0 2.74477e+07 5e+06 	3.24477e+07	6.30029	6.55445	12703.2	670	0.0124711	0	4.029	1.02
447	0.00319356	0.00168765	47462.4	1050	105	46875.9	48.1474	48.1474	192.59	192.59	0 24038.4 290.168 	24328.5	0.00488121	5.10043e-66	6.78282e-58	1050	6.78282e-58	0 2.745e+07 5e+06 	3.245e+07	6.30003	6.55445	12703.2	670	0.0124226	0	4.029	1.02
447.2	0.0031936	0.00168782	47468.5	1050	105	46881.8	48.1772	48.1772	192.709	192.709	0 24036.3 288.999 	24325.3	0.00488142	4.78775e-66	6.36728e-58	1050	6.36728e-58	0 2.74524e+07 5e+06 	3.24524e+07	6.29978	6.55445	12703.2	670	0.0123742	0	4.029	1.02
447.4	0.00319364	0.00168798	47474.7	1050	105	46887.6	48.2071	48.2071	192.828	192.828	0 24034.3 287.832 	24322.1	0.00488163	4.49425e-66	5.9772e-58	1050	5.9772e-58	0 2.74547e+07 5e+06 	3.24547e+07	6.29952	6.55445	12703.2	670	0.0123258	0	4.029	1.02
447.6	0.00319369	0.00168815	47480.8	1050	105	46893.4	48.2371	48.2371	192.948	192.948	0 24032.3 286.667 	24318.9	0.00488184	4.21874e-66	5.61102e-58	1050	5.61102e-58	0 2.7457e+07 5e+06 	3.2457e+07	6.29927	6.55445	12703.2	670	0.0122775	0	4.029	1.02
447.8	0.00319373	0.00168831	47486.9	1050	105	46899.3	48.267	48.267	193.068	193.068	0 24030.2 285.503 	24315.7	0.00488204	3.96012e-66	5.26727e-58	1050	5.26727e-58	0 2.74594e+07 5e+06 	3.24594e+07	6.29902	6.55445	12703.2	670	0.0122292	0	4.029	1.02
448	0.00319377	0.00168848	47493.1	1050	105	46905.1	48.2971	48.2971	193.188	193.188	0 24028.2 284.342 	24312.5	0.00488225	3.71735e-66	4.94458e-58	1050	4.94458e-58	0 2.74617e+07 5e+06 	3.24617e+07	6.29876	6.55445	12703.2	670	0.012181	0	4.029	1.02
448.2	0.00319382	0.00168865	47499.2	1050	105	46910.9	48.3271	48.3271	193.309	193.309	0 24026.2 283.183 	24309.4	0.00488246	3.48946e-66	4.64166e-58	1050	4.64166e-58	0 2.74641e+07 5e+06 	3.24641e+07	6.29851	6.55445	12703.2	670	0.0121329	0	4.029	1.02
448.4	0.00319386	0.00168881	47505.3	1050	105	46916.7	48.3573	48.3573	193.429	193.429	0 24024.1 282.025 	24306.2	0.00488267	3.27555e-66	4.3573e-58	1050	4.3573e-58	0 2.74664e+07 5e+06 	3.24664e+07	6.29826	6.55445	12703.2	670	0.0120849	0	4.029	1.02
448.6	0.0031939	0.00168898	47511.4	1050	105	46922.6	48.3874	48.3874	193.55	193.55	0 24022.1 280.869 	24303	0.00488288	3.07475e-66	4.09036e-58	1050	4.09036e-58	0 2.74687e+07 5e+06 	3.24687e+07	6.298	6.55445	12703.2	670	0.0120369	0	4.029	1.02
448.8	0.00319394	0.00168914	47517.5	1050	105	46928.4	48.4177	48.4177	193.671	193.671	0 24020.1 279.716 	24299.8	0.00488308	2.88626e-66	3.83977e-58	1050	3.83977e-58	0 2.74711e+07 5e+06 	3.24711e+07	6.29775	6.55445	12703.2	670	0.011989	0	4.029	1.02
449	0.00319399	0.00168931	47523.7	1050	105	46934.2	48.4479	48.4479	193.792	193.792	0 24018.1 278.564 	24296.6	0.00488329	2.70932e-66	3.60454e-58	1050	3.60454e-58	0 2.74734e+07 5e+06 	3.24734e+07	6.2975	6.55445	12703.2	670	0.0119412	0	4.029	1.02
449.2	0.00319403	0.00168947	47529.8	1050	105	46940	48.4783	48.4783	193.913	193.913	0 24016 277.414 	24293.5	0.0048835	2.54323e-66	3.38371e-58	1050	3.38371e-58	0 2.74757e+07 5e+06 	3.24757e+07	6.29725	6.55445	12703.2	670	0.0118934	0	4.029	1.02
449.4	0.00319407	0.00168964	47535.9	1050	105	46945.8	48.5086	48.5086	194.035	194.035	0 24014 276.266 	24290.3	0.00488371	2.38732e-66	3.17641e-58	1050	3.17641e-58	0 2.74781e+07 5e+06 	3.24781e+07	6.297	6.55445	12703.2	670	0.0118457	0	4.029	1.02
449.6	0.00319411	0.0016898	47542	1050	105	46951.6	48.5391	48.5391	194.156	194.156	0 24012 275.12 	24287.1	0.00488391	2.24097e-66	2.98182e-58	1050	2.98182e-58	0 2.74804e+07 5e+06 	3.24804e+07	6.29674	6.55445	12703.2	670	0.0117981	0	4.029	1.02
449.8	0.00319416	0.00168996	47548.1	1050	105	46957.4	48.5695	48.5695	194.278	194.278	0 24010 273.976 	24284	0.00488412	2.1036e-66	2.79914e-58	1050	2.79914e-58	0 2.74827e+07 5e+06 	3.24827e+07	6.29649	6.55445	12703.2	670	0.0117506	0	4.029	1.02
450	0.0031942	0.00169013	47554.2	1050	105	46963.2	48.6	48.6	194.4	194.4	0 24008 272.834 	24280.8	0.00488433	1.97464e-66	2.62766e-58	1050	2.62766e-58	0 2.74851e+07 5e+06 	3.24851e+07	6.29624	6.55445	12703.2	670	0.0117031	0	4.029	1.02
450.2	0.00319424	0.00169029	47560.3	1050	105	46969	48.6306	48.6306	194.522	194.522	0 24005.9 271.693 	24277.6	0.00488453	1.85359e-66	2.46668e-58	1050	2.46668e-58	0 2.74874e+07 5e+06 	3.24874e+07	6.29599	6.55445	12703.2	670	0.0116557	0	4.029	1.02
450.4	0.00319428	0.00169046	47566.4	1050	105	46974.7	48.6612	48.6612	194.645	194.645	0 24003.9 270.555 	24274.5	0.00488474	1.73996e-66	2.31556e-58	1050	2.31556e-58	0 2.74897e+07 5e+06 	3.24897e+07	6.29574	6.55445	12703.2	670	0.0116083	0	4.029	1.02
450.6	0.00319433	0.00169062	47572.4	1050	105	46980.5	48.6919	48.6919	194.768	194.768	0 24001.9 269.418 	24271.3	0.00488495	1.63329e-66	2.1737e-58	1050	2.1737e-58	0 2.74921e+07 5e+06 	3.24921e+07	6.29549	6.55445	12703.2	670	0.011561	0	4.029	1.02
450.8	0.00319437	0.00169079	47578.5	1050	105	46986.3	48.7226	48.7226	194.89	194.89	0 23999.9 268.284 	24268.2	0.00488515	1.53317e-66	2.04054e-58	1050	2.04054e-58	0 2.74944e+07 5e+06 	3.24944e+07	6.29524	6.55445	12703.2	670	0.0115138	0	4.029	1.02
451	0.00319441	0.00169095	47584.6	1050	105	46992.1	48.7534	48.7534	195.013	195.013	0 23997.9 267.151 	24265	0.00488536	1.43918e-66	1.91553e-58	1050	1.91553e-58	0 2.74967e+07 5e+06 	3.24967e+07	6.29499	6.55445	12703.2	670	0.0114666	0	4.029	1.02
451.2	0.00319445	0.00169111	47590.7	1050	105	46997.8	48.7842	48.7842	195.137	195.137	0 23995.9 266.02 	24261.9	0.00488557	1.35096e-66	1.79818e-58	1050	1.79818e-58	0 2.7499e+07 5e+06 	3.2499e+07	6.29474	6.55445	12703.2	670	0.0114196	0	4.029	1.02
451.4	0.00319449	0.00169128	47596.8	1050	105	47003.6	48.815	48.815	195.26	195.26	0 23993.9 264.891 	24258.8	0.00488577	1.26814e-66	1.68801e-58	1050	1.68801e-58	0 2.75013e+07 5e+06 	3.25013e+07	6.29449	6.55445	12703.2	670	0.0113726	0	4.029	1.02
451.6	0.00319454	0.00169144	47602.8	1050	105	47009.4	48.8459	48.8459	195.384	195.384	0 23991.9 263.764 	24255.6	0.00488598	1.1904e-66	1.5846e-58	1050	1.5846e-58	0 2.75037e+07 5e+06 	3.25037e+07	6.29424	6.55445	12703.2	670	0.0113256	0	4.029	1.02
451.8	0.00319458	0.00169161	47608.9	1050	105	47015.1	48.8769	48.8769	195.508	195.508	0 23989.9 262.639 	24252.5	0.00488618	1.11742e-66	1.48752e-58	1050	1.48752e-58	0 2.7506e+07 5e+06 	3.2506e+07	6.294	6.55445	12703.2	670	0.0112787	0	4.029	1.02
452	0.00319462	0.00169177	47615	1050	105	47020.9	48.9079	48.9079	195.632	195.632	0 23987.8 261.515 	24249.4	0.00488639	1.04892e-66	1.39639e-58	1050	1.39639e-58	0 2.75083e+07 5e+06 	3.25083e+07	6.29375	6.55445	12703.2	670	0.0112319	0	4.029	1.02
452.2	0.00319466	0.00169193	47621	1050	105	47026.6	48.9389	48.9389	195.756	195.756	0 23985.8 260.394 	24246.2	0.0048866	9.84621e-67	1.31085e-58	1050	1.31085e-58	0 2.75106e+07 5e+06 	3.25106e+07	6.2935	6.55445	12703.2	670	0.0111852	0	4.029	1.02
452.4	0.00319471	0.0016921	47627.1	1050	105	47032.4	48.9701	48.9701	195.88	195.88	0 23983.8 259.274 	24243.1	0.0048868	9.24261e-67	1.23054e-58	1050	1.23054e-58	0 2.75129e+07 5e+06 	3.25129e+07	6.29325	6.55445	12703.2	670	0.0111385	0	4.029	1.02
452.6	0.00319475	0.00169226	47633.2	1050	105	47038.1	49.0012	49.0012	196.005	196.005	0 23981.8 258.157 	24240	0.00488701	8.67602e-67	1.15515e-58	1050	1.15515e-58	0 2.75152e+07 5e+06 	3.25152e+07	6.293	6.55445	12703.2	670	0.0110919	0	4.029	1.02
452.8	0.00319479	0.00169242	47639.2	1050	105	47043.9	49.0324	49.0324	196.13	196.13	0 23979.8 257.041 	24236.9	0.00488721	8.14415e-67	1.08438e-58	1050	1.08438e-58	0 2.75175e+07 5e+06 	3.25175e+07	6.29276	6.55445	12703.2	670	0.0110454	0	4.029	1.02
453	0.00319483	0.00169259	47645.3	1050	105	47049.6	49.0637	49.0637	196.255	196.255	0 23977.8 255.927 	24233.8	0.00488742	7.6449e-67	1.01795e-58	1050	1.01795e-58	0 2.75199e+07 5e+06 	3.25199e+07	6.29251	6.55445	12703.2	670	0.0109989	0	4.029	1.02
453.2	0.00319487	0.00169275	47651.3	1050	105	47055.4	49.095	49.095	196.38	196.38	0 23975.8 254.815 	24230.7	0.00488762	7.17625e-67	9.55589e-59	1050	9.55589e-59	0 2.75222e+07 5e+06 	3.25222e+07	6.29226	6.55445	12703.2	670	0.0109525	0	4.029	1.02
453.4	0.00319491	0.00169291	47657.4	1050	105	47061.1	49.1263	49.1263	196.505	196.505	0 23973.8 253.704 	24227.5	0.00488783	6.73633e-67	8.97047e-59	1050	8.97047e-59	0 2.75245e+07 5e+06 	3.25245e+07	6.29202	6.55445	12703.2	670	0.0109061	0	4.029	1.02
453.6	0.00319496	0.00169308	47663.4	1050	105	47066.8	49.1577	49.1577	196.631	196.631	0 23971.8 252.596 	24224.4	0.00488803	6.32337e-67	8.42091e-59	1050	8.42091e-59	0 2.75268e+07 5e+06 	3.25268e+07	6.29177	6.55445	12703.2	670	0.0108599	0	4.029	1.02
453.8	0.003195	0.00169324	47669.4	1050	105	47072.5	49.1892	49.1892	196.757	196.757	0 23969.9 251.49 	24221.3	0.00488824	5.93574e-67	7.90502e-59	1050	7.90502e-59	0 2.75291e+07 5e+06 	3.25291e+07	6.29152	6.55445	12703.2	670	0.0108137	0	4.029	1.02
454	0.00319504	0.0016934	47675.5	1050	105	47078.3	49.2207	49.2207	196.883	196.883	0 23967.9 250.385 	24218.2	0.00488844	5.57186e-67	7.42073e-59	1050	7.42073e-59	0 2.75314e+07 5e+06 	3.25314e+07	6.29128	6.55445	12703.2	670	0.0107675	0	4.029	1.02
454.2	0.00319508	0.00169356	47681.5	1050	105	47084	49.2522	49.2522	197.009	197.009	0 23965.9 249.282 	24215.2	0.00488865	5.23029e-67	6.96612e-59	1050	6.96612e-59	0 2.75337e+07 5e+06 	3.25337e+07	6.29103	6.55445	12703.2	670	0.0107215	0	4.029	1.02
454.4	0.00319512	0.00169373	47687.5	1050	105	47089.7	49.2838	49.2838	197.135	197.135	0 23963.9 248.181 	24212.1	0.00488885	4.90966e-67	6.53935e-59	1050	6.53935e-59	0 2.7536e+07 5e+06 	3.2536e+07	6.29079	6.55445	12703.2	670	0.0106755	0	4.029	1.02
454.6	0.00319516	0.00169389	47693.6	1050	105	47095.4	49.3155	49.3155	197.262	197.262	0 23961.9 247.082 	24209	0.00488905	4.60869e-67	6.13873e-59	1050	6.13873e-59	0 2.75383e+07 5e+06 	3.25383e+07	6.29054	6.55445	12703.2	670	0.0106295	0	4.029	1.02
454.8	0.00319521	0.00169405	47699.6	1050	105	47101.1	49.3472	49.3472	197.389	197.389	0 23959.9 245.985 	24205.9	0.00488926	4.32617e-67	5.76265e-59	1050	5.76265e-59	0 2.75406e+07 5e+06 	3.25406e+07	6.2903	6.55445	12703.2	670	0.0105837	0	4.029	1.02
455	0.00319525	0.00169421	47705.6	1050	105	47106.8	49.3789	49.3789	197.516	197.516	0 23957.9 244.89 	24202.8	0.00488946	4.06096e-67	5.40961e-59	1050	5.40961e-59	0 2.75429e+07 5e+06 	3.25429e+07	6.29005	6.55445	12703.2	670	0.0105379	0	4.029	1.02
455.2	0.00319529	0.00169438	47711.6	1050	105	47112.5	49.4107	49.4107	197.643	197.643	0 23955.9 243.796 	24199.7	0.00488967	3.81202e-67	5.07821e-59	1050	5.07821e-59	0 2.75452e+07 5e+06 	3.25452e+07	6.28981	6.55445	12703.2	670	0.0104921	0	4.029	1.02
455.4	0.00319533	0.00169454	47717.6	1050	105	47118.2	49.4426	49.4426	197.77	197.77	0 23953.9 242.704 	24196.6	0.00488987	3.57833e-67	4.7671e-59	1050	4.7671e-59	0 2.75475e+07 5e+06 	3.25475e+07	6.28956	6.55445	12703.2	670	0.0104465	0	4.029	1.02
455.6	0.00319537	0.0016947	47723.7	1050	105	47123.9	49.4745	49.4745	197.898	197.898	0 23952 241.615 	24193.6	0.00489007	3.35897e-67	4.47505e-59	1050	4.47505e-59	0 2.75498e+07 5e+06 	3.25498e+07	6.28932	6.55445	12703.2	670	0.0104009	0	4.029	1.02
455.8	0.00319541	0.00169486	47729.7	1050	105	47129.6	49.5064	49.5064	198.026	198.026	0 23950 240.527 	24190.5	0.00489028	3.15306e-67	4.2009e-59	1050	4.2009e-59	0 2.75521e+07 5e+06 	3.25521e+07	6.28908	6.55445	12703.2	670	0.0103554	0	4.029	1.02
456	0.00319545	0.00169503	47735.7	1050	105	47135.3	49.5384	49.5384	198.154	198.154	0 23948 239.44 	24187.4	0.00489048	2.95977e-67	3.94354e-59	1050	3.94354e-59	0 2.75543e+07 5e+06 	3.25543e+07	6.28883	6.55445	12703.2	670	0.0103099	0	4.029	1.02
456.2	0.00319549	0.00169519	47741.7	1050	105	47141	49.5705	49.5705	198.282	198.282	0 23946 238.356 	24184.4	0.00489068	2.77833e-67	3.70194e-59	1050	3.70194e-59	0 2.75566e+07 5e+06 	3.25566e+07	6.28859	6.55445	12703.2	670	0.0102645	0	4.029	1.02
456.4	0.00319554	0.00169535	47747.7	1050	105	47146.6	49.6026	49.6026	198.41	198.41	0 23944 237.274 	24181.3	0.00489089	2.60801e-67	3.47515e-59	1050	3.47515e-59	0 2.75589e+07 5e+06 	3.25589e+07	6.28835	6.55445	12703.2	670	0.0102192	0	4.029	1.02
456.6	0.00319558	0.00169551	47753.7	1050	105	47152.3	49.6347	49.6347	198.539	198.539	0 23942.1 236.193 	24178.3	0.00489109	2.44814e-67	3.26225e-59	1050	3.26225e-59	0 2.75612e+07 5e+06 	3.25612e+07	6.2881	6.55445	12703.2	670	0.0101739	0	4.029	1.02
456.8	0.00319562	0.00169567	47759.7	1050	105	47158	49.6669	49.6669	198.668	198.668	0 23940.1 235.114 	24175.2	0.00489129	2.29806e-67	3.0624e-59	1050	3.0624e-59	0 2.75635e+07 5e+06 	3.25635e+07	6.28786	6.55445	12703.2	670	0.0101287	0	4.029	1.02
457	0.00319566	0.00169583	47765.7	1050	105	47163.7	49.6992	49.6992	198.797	198.797	0 23938.1 234.037 	24172.2	0.00489149	2.15719e-67	2.87478e-59	1050	2.87478e-59	0 2.75658e+07 5e+06 	3.25658e+07	6.28762	6.55445	12703.2	670	0.0100836	0	4.029	1.02
457.2	0.0031957	0.001696	47771.6	1050	105	47169.3	49.7315	49.7315	198.926	198.926	0 23936.1 232.962 	24169.1	0.0048917	2.02495e-67	2.69867e-59	1050	2.69867e-59	0 2.75681e+07 5e+06 	3.25681e+07	6.28738	6.55445	12703.2	670	0.0100385	0	4.029	1.02
457.4	0.00319574	0.00169616	47777.6	1050	105	47175	49.7638	49.7638	199.055	199.055	0 23934.2 231.889 	24166.1	0.0048919	1.90081e-67	2.53334e-59	1050	2.53334e-59	0 2.75703e+07 5e+06 	3.25703e+07	6.28713	6.55445	12703.2	670	0.0099935	0	4.029	1.02
457.6	0.00319578	0.00169632	47783.6	1050	105	47180.6	49.7962	49.7962	199.185	199.185	0 23932.2 230.817 	24163	0.0048921	1.78429e-67	2.37814e-59	1050	2.37814e-59	0 2.75726e+07 5e+06 	3.25726e+07	6.28689	6.55445	12703.2	670	0.00994857	0	4.029	1.02
457.8	0.00319582	0.00169648	47789.6	1050	105	47186.3	49.8287	49.8287	199.315	199.315	0 23930.2 229.748 	24160	0.0048923	1.67491e-67	2.23245e-59	1050	2.23245e-59	0 2.75749e+07 5e+06 	3.25749e+07	6.28665	6.55445	12703.2	670	0.0099037	0	4.029	1.02
458	0.00319586	0.00169664	47795.6	1050	105	47191.9	49.8612	49.8612	199.445	199.445	0 23928.3 228.68 	24156.9	0.0048925	1.57223e-67	2.09568e-59	1050	2.09568e-59	0 2.75772e+07 5e+06 	3.25772e+07	6.28641	6.55445	12703.2	670	0.0098589	0	4.029	1.02
458.2	0.0031959	0.0016968	47801.5	1050	105	47197.6	49.8937	49.8937	199.575	199.575	0 23926.3 227.614 	24153.9	0.00489271	1.47585e-67	1.96729e-59	1050	1.96729e-59	0 2.75794e+07 5e+06 	3.25794e+07	6.28617	6.55445	12703.2	670	0.00981417	0	4.029	1.02
458.4	0.00319594	0.00169696	47807.5	1050	105	47203.2	49.9263	49.9263	199.705	199.705	0 23924.3 226.549 	24150.9	0.00489291	1.38538e-67	1.84677e-59	1050	1.84677e-59	0 2.75817e+07 5e+06 	3.25817e+07	6.28593	6.55445	12703.2	670	0.0097695	0	4.029	1.02
458.6	0.00319599	0.00169712	47813.5	1050	105	47208.9	49.959	49.959	199.836	199.836	0 23922.4 225.487 	24147.9	0.00489311	1.30046e-67	1.73363e-59	1050	1.73363e-59	0 2.7584e+07 5e+06 	3.2584e+07	6.28569	6.55445	12703.2	670	0.0097249	0	4.029	1.02
458.8	0.00319603	0.00169729	47819.4	1050	105	47214.5	49.9917	49.9917	199.967	199.967	0 23920.4 224.426 	24144.8	0.00489331	1.22074e-67	1.62742e-59	1050	1.62742e-59	0 2.75863e+07 5e+06 	3.25863e+07	6.28545	6.55445	12703.2	670	0.00968036	0	4.029	1.02
459	0.00319607	0.00169745	47825.4	1050	105	47220.1	50.0244	50.0244	200.098	200.098	0 23918.4 223.368 	24141.8	0.00489351	1.1459e-67	1.52772e-59	1050	1.52772e-59	0 2.75885e+07 5e+06 	3.25885e+07	6.28521	6.55445	12703.2	670	0.0096359	0	4.029	1.02
459.2	0.00319611	0.00169761	47831.3	1050	105	47225.8	50.0572	50.0572	200.229	200.229	0 23916.5 222.311 	24138.8	0.00489371	1.07566e-67	1.43413e-59	1050	1.43413e-59	0 2.75908e+07 5e+06 	3.25908e+07	6.28497	6.55445	12703.2	670	0.00959149	0	4.029	1.02
459.4	0.00319615	0.00169777	47837.3	1050	105	47231.4	50.0901	50.0901	200.36	200.36	0 23914.5 221.255 	24135.8	0.00489392	1.00972e-67	1.34627e-59	1050	1.34627e-59	0 2.75931e+07 5e+06 	3.25931e+07	6.28473	6.55445	12703.2	670	0.00954715	0	4.029	1.02
459.6	0.00319619	0.00169793	47843.2	1050	105	47237	50.123	50.123	200.492	200.492	0 23912.6 220.202 	24132.8	0.00489412	9.47819e-68	1.26379e-59	1050	1.26379e-59	0 2.75953e+07 5e+06 	3.25953e+07	6.28449	6.55445	12703.2	670	0.00950288	0	4.029	1.02
459.8	0.00319623	0.00169809	47849.2	1050	105	47242.6	50.1559	50.1559	200.624	200.624	0 23910.6 219.151 	24129.8	0.00489432	8.89717e-68	1.18637e-59	1050	1.18637e-59	0 2.75976e+07 5e+06 	3.25976e+07	6.28425	6.55445	12703.2	670	0.00945868	0	4.029	1.02
460	0.00319627	0.00169825	47855.1	1050	105	47248.3	50.189	50.189	200.756	200.756	0 23908.7 218.101 	24126.8	0.00489452	8.35176e-68	1.11369e-59	1050	1.11369e-59	0 2.75999e+07 5e+06 	3.25999e+07	6.28402	6.55445	12703.2	670	0.00941454	0	4.029	1.02
460.2	0.00319631	0.00169841	47861.1	1050	105	47253.9	50.222	50.222	200.888	200.888	0 23906.7 217.053 	24123.8	0.00489472	7.83978e-68	1.04546e-59	1050	1.04546e-59	0 2.76021e+07 5e+06 	3.26021e+07	6.28378	6.55445	12703.2	670	0.00937046	0	4.029	1.02
460.4	0.00319635	0.00169857	47867	1050	105	47259.5	50.2551	50.2551	201.02	201.02	0 23904.8 216.007 	24120.8	0.00489492	7.35919e-68	9.81413e-60	1050	9.81413e-60	0 2.76044e+07 5e+06 	3.26044e+07	6.28354	6.55445	12703.2	670	0.00932646	0	4.029	1.02
460.6	0.00319639	0.00169873	47873	1050	105	47265.1	50.2883	50.2883	201.153	201.153	0 23902.8 214.962 	24117.8	0.00489512	6.90806e-68	9.21288e-60	1050	9.21288e-60	0 2.76067e+07 5e+06 	3.26067e+07	6.2833	6.55445	12703.2	670	0.00928251	0	4.029	1.02
460.8	0.00319643	0.00169889	47878.9	1050	105	47270.7	50.3215	50.3215	201.286	201.286	0 23900.9 213.92 	24114.8	0.00489532	6.48459e-68	8.64847e-60	1050	8.64847e-60	0 2.76089e+07 5e+06 	3.26089e+07	6.28306	6.55445	12703.2	670	0.00923864	0	4.029	1.02
461	0.00319647	0.00169905	47884.8	1050	105	47276.3	50.3548	50.3548	201.419	201.419	0 23898.9 212.879 	24111.8	0.00489552	6.08707e-68	8.11864e-60	1050	8.11864e-60	0 2.76112e+07 5e+06 	3.26112e+07	6.28283	6.55445	12703.2	670	0.00919483	0	4.029	1.02
461.2	0.00319651	0.00169921	47890.7	1050	105	47281.9	50.3881	50.3881	201.552	201.552	0 23897 211.84 	24108.8	0.00489572	5.71393e-68	7.62127e-60	1050	7.62127e-60	0 2.76134e+07 5e+06 	3.26134e+07	6.28259	6.55445	12703.2	670	0.00915108	0	4.029	1.02
461.4	0.00319655	0.00169937	47896.7	1050	105	47287.4	50.4214	50.4214	201.686	201.686	0 23895 210.803 	24105.8	0.00489592	5.36365e-68	7.15437e-60	1050	7.15437e-60	0 2.76157e+07 5e+06 	3.26157e+07	6.28235	6.55445	12703.2	670	0.0091074	0	4.029	1.02
461.6	0.00319659	0.00169953	47902.6	1050	105	47293	50.4548	50.4548	201.819	201.819	0 23893.1 209.767 	24102.8	0.00489612	5.03485e-68	6.71607e-60	1050	6.71607e-60	0 2.76179e+07 5e+06 	3.26179e+07	6.28212	6.55445	12703.2	670	0.00906378	0	4.029	1.02
461.8	0.00319663	0.00169969	47908.5	1050	105	47298.6	50.4883	50.4883	201.953	201.953	0 23891.1 208.733 	24099.9	0.00489632	4.72621e-68	6.30462e-60	1050	6.30462e-60	0 2.76202e+07 5e+06 	3.26202e+07	6.28188	6.55445	12703.2	670	0.00902023	0	4.029	1.02
462	0.00319667	0.00169985	47914.4	1050	105	47304.2	50.5218	50.5218	202.087	202.087	0 23889.2 207.702 	24096.9	0.00489652	4.43649e-68	5.91838e-60	1050	5.91838e-60	0 2.76224e+07 5e+06 	3.26224e+07	6.28164	6.55445	12703.2	670	0.00897675	0	4.029	1.02
462.2	0.00319671	0.00170001	47920.3	1050	105	47309.8	50.5554	50.5554	202.222	202.222	0 23887.2 206.671 	24093.9	0.00489672	4.16453e-68	5.5558e-60	1050	5.5558e-60	0 2.76247e+07 5e+06 	3.26247e+07	6.28141	6.55445	12703.2	670	0.00893333	0	4.029	1.02
462.4	0.00319675	0.00170017	47926.2	1050	105	47315.3	50.589	50.589	202.356	202.356	0 23885.3 205.643 	24090.9	0.00489692	3.90924e-68	5.21544e-60	1050	5.21544e-60	0 2.76269e+07 5e+06 	3.26269e+07	6.28117	6.55445	12703.2	670	0.00888998	0	4.029	1.02
462.6	0.00319679	0.00170032	47932.1	1050	105	47320.9	50.6227	50.6227	202.491	202.491	0 23883.4 204.617 	24088	0.00489712	3.66959e-68	4.89592e-60	1050	4.89592e-60	0 2.76292e+07 5e+06 	3.26292e+07	6.28094	6.55445	12703.2	670	0.00884669	0	4.029	1.02
462.8	0.00319683	0.00170048	47938	1050	105	47326.5	50.6564	50.6564	202.626	202.626	0 23881.4 203.592 	24085	0.00489732	3.44464e-68	4.59598e-60	1050	4.59598e-60	0 2.76314e+07 5e+06 	3.26314e+07	6.2807	6.55445	12703.2	670	0.00880346	0	4.029	1.02
463	0.00319687	0.00170064	47943.9	1050	105	47332	50.6902	50.6902	202.761	202.761	0 23879.5 202.569 	24082.1	0.00489751	3.23348e-68	4.31442e-60	1050	4.31442e-60	0 2.76337e+07 5e+06 	3.26337e+07	6.28047	6.55445	12703.2	670	0.00876031	0	4.029	1.02
463.2	0.00319691	0.0017008	47949.8	1050	105	47337.6	50.724	50.724	202.896	202.896	0 23877.6 201.547 	24079.1	0.00489771	3.03527e-68	4.05011e-60	1050	4.05011e-60	0 2.76359e+07 5e+06 	3.26359e+07	6.28023	6.55445	12703.2	670	0.00871721	0	4.029	1.02
463.4	0.00319695	0.00170096	47955.7	1050	105	47343.1	50.7579	50.7579	203.032	203.032	0 23875.6 200.528 	24076.2	0.00489791	2.8492e-68	3.80198e-60	1050	3.80198e-60	0 2.76382e+07 5e+06 	3.26382e+07	6.28	6.55445	12703.2	670	0.00867418	0	4.029	1.02
463.6	0.00319699	0.00170112	47961.6	1050	105	47348.7	50.7918	50.7918	203.167	203.167	0 23873.7 199.51 	24073.2	0.00489811	2.67454e-68	3.56906e-60	1050	3.56906e-60	0 2.76404e+07 5e+06 	3.26404e+07	6.27976	6.55445	12703.2	670	0.00863122	0	4.029	1.02
463.8	0.00319703	0.00170128	47967.5	1050	105	47354.2	50.8258	50.8258	203.303	203.303	0 23871.8 198.494 	24070.3	0.00489831	2.51059e-68	3.35041e-60	1050	3.35041e-60	0 2.76426e+07 5e+06 	3.26426e+07	6.27953	6.55445	12703.2	670	0.00858832	0	4.029	1.02
464	0.00319707	0.00170144	47973.4	1050	105	47359.8	50.8598	50.8598	203.439	203.439	0 23869.8 197.48 	24067.3	0.00489851	2.35669e-68	3.14515e-60	1050	3.14515e-60	0 2.76449e+07 5e+06 	3.26449e+07	6.2793	6.55445	12703.2	670	0.00854549	0	4.029	1.02
464.2	0.00319711	0.0017016	47979.2	1050	105	47365.3	50.8939	50.8939	203.576	203.576	0 23867.9 196.468 	24064.4	0.0048987	2.21222e-68	2.95247e-60	1050	2.95247e-60	0 2.76471e+07 5e+06 	3.26471e+07	6.27906	6.55445	12703.2	670	0.00850272	0	4.029	1.02
464.4	0.00319715	0.00170175	47985.1	1050	105	47370.8	50.9281	50.9281	203.712	203.712	0 23866 195.457 	24061.4	0.0048989	2.07661e-68	2.7716e-60	1050	2.7716e-60	0 2.76493e+07 5e+06 	3.26493e+07	6.27883	6.55445	12703.2	670	0.00846001	0	4.029	1.02
464.6	0.00319719	0.00170191	47991	1050	105	47376.4	50.9622	50.9622	203.849	203.849	0 23864.1 194.448 	24058.5	0.0048991	1.94931e-68	2.6018e-60	1050	2.6018e-60	0 2.76516e+07 5e+06 	3.26516e+07	6.2786	6.55445	12703.2	670	0.00841737	0	4.029	1.02
464.8	0.00319723	0.00170207	47996.9	1050	105	47381.9	50.9965	50.9965	203.986	203.986	0 23862.1 193.441 	24055.6	0.0048993	1.82982e-68	2.4424e-60	1050	2.4424e-60	0 2.76538e+07 5e+06 	3.26538e+07	6.27837	6.55445	12703.2	670	0.0083748	0	4.029	1.02
465	0.00319727	0.00170223	48002.7	1050	105	47387.4	51.0308	51.0308	204.123	204.123	0 23860.2 192.435 	24052.6	0.0048995	1.71765e-68	2.29278e-60	1050	2.29278e-60	0 2.7656e+07 5e+06 	3.2656e+07	6.27813	6.55445	12703.2	670	0.00833229	0	4.029	1.02
465.2	0.00319731	0.00170239	48008.6	1050	105	47392.9	51.0651	51.0651	204.26	204.26	0 23858.3 191.432 	24049.7	0.00489969	1.61235e-68	2.15231e-60	1050	2.15231e-60	0 2.76583e+07 5e+06 	3.26583e+07	6.2779	6.55445	12703.2	670	0.00828984	0	4.029	1.02
465.4	0.00319735	0.00170254	48014.4	1050	105	47398.4	51.0995	51.0995	204.398	204.398	0 23856.4 190.43 	24046.8	0.00489989	1.51351e-68	2.02046e-60	1050	2.02046e-60	0 2.76605e+07 5e+06 	3.26605e+07	6.27767	6.55445	12703.2	670	0.00824746	0	4.029	1.02
465.6	0.00319739	0.0017027	48020.3	1050	105	47404	51.134	51.134	204.536	204.536	0 23854.4 189.43 	24043.9	0.00490009	1.42074e-68	1.89668e-60	1050	1.89668e-60	0 2.76627e+07 5e+06 	3.26627e+07	6.27744	6.55445	12703.2	670	0.00820514	0	4.029	1.02
465.8	0.00319742	0.00170286	48026.2	1050	105	47409.5	51.1685	51.1685	204.674	204.674	0 23852.5 188.431 	24041	0.00490029	1.33364e-68	1.78048e-60	1050	1.78048e-60	0 2.7665e+07 5e+06 	3.2665e+07	6.27721	6.55445	12703.2	670	0.00816289	0	4.029	1.02
466	0.00319746	0.00170302	48032	1050	105	47415	51.203	51.203	204.812	204.812	0 23850.6 187.435 	24038	0.00490048	1.25189e-68	1.6714e-60	1050	1.6714e-60	0 2.76672e+07 5e+06 	3.26672e+07	6.27697	6.55445	12703.2	670	0.0081207	0	4.029	1.02
466.2	0.0031975	0.00170318	48037.8	1050	105	47420.5	51.2376	51.2376	204.95	204.95	0 23848.7 186.44 	24035.1	0.00490068	1.17515e-68	1.56901e-60	1050	1.56901e-60	0 2.76694e+07 5e+06 	3.26694e+07	6.27674	6.55445	12703.2	670	0.00807858	0	4.029	1.02
466.4	0.00319754	0.00170333	48043.7	1050	105	47426	51.2723	51.2723	205.089	205.089	0 23846.8 185.446 	24032.2	0.00490088	1.10311e-68	1.47288e-60	1050	1.47288e-60	0 2.76716e+07 5e+06 	3.26716e+07	6.27651	6.55445	12703.2	670	0.00803652	0	4.029	1.02
466.6	0.00319758	0.00170349	48049.5	1050	105	47431.5	51.307	51.307	205.228	205.228	0 23844.9 184.455 	24029.3	0.00490107	1.03549e-68	1.38265e-60	1050	1.38265e-60	0 2.76738e+07 5e+06 	3.26738e+07	6.27628	6.55445	12703.2	670	0.00799452	0	4.029	1.02
466.8	0.00319762	0.00170365	48055.4	1050	105	47436.9	51.3417	51.3417	205.367	205.367	0 23843 183.465 	24026.4	0.00490127	9.72013e-69	1.29795e-60	1050	1.29795e-60	0 2.76761e+07 5e+06 	3.26761e+07	6.27605	6.55445	12703.2	670	0.00795259	0	4.029	1.02
467	0.00319766	0.00170381	48061.2	1050	105	47442.4	51.3766	51.3766	205.506	205.506	0 23841.1 182.477 	24023.5	0.00490147	9.12428e-69	1.21843e-60	1050	1.21843e-60	0 2.76783e+07 5e+06 	3.26783e+07	6.27582	6.55445	12703.2	670	0.00791072	0	4.029	1.02
467.2	0.0031977	0.00170396	48067	1050	105	47447.9	51.4114	51.4114	205.646	205.646	0 23839.1 181.491 	24020.6	0.00490166	8.56495e-69	1.14379e-60	1050	1.14379e-60	0 2.76805e+07 5e+06 	3.26805e+07	6.27559	6.55445	12703.2	670	0.00786892	0	4.029	1.02
467.4	0.00319774	0.00170412	48072.9	1050	105	47453.4	51.4463	51.4463	205.785	205.785	0 23837.2 180.506 	24017.7	0.00490186	8.03992e-69	1.07371e-60	1050	1.07371e-60	0 2.76827e+07 5e+06 	3.26827e+07	6.27536	6.55445	12703.2	670	0.00782718	0	4.029	1.02
467.6	0.00319778	0.00170428	48078.7	1050	105	47458.9	51.4813	51.4813	205.925	205.925	0 23835.3 179.523 	24014.9	0.00490205	7.54706e-69	1.00793e-60	1050	1.00793e-60	0 2.76849e+07 5e+06 	3.26849e+07	6.27513	6.55445	12703.2	670	0.00778551	0	4.029	1.02
467.8	0.00319782	0.00170443	48084.5	1050	105	47464.3	51.5163	51.5163	206.065	206.065	0 23833.4 178.542 	24012	0.00490225	7.08442e-69	9.46185e-61	1050	9.46185e-61	0 2.76871e+07 5e+06 	3.26871e+07	6.2749	6.55445	12703.2	670	0.0077439	0	4.029	1.02
468	0.00319785	0.00170459	48090.3	1050	105	47469.8	51.5514	51.5514	206.206	206.206	0 23831.5 177.563 	24009.1	0.00490244	6.65015e-69	8.88219e-61	1050	8.88219e-61	0 2.76893e+07 5e+06 	3.26893e+07	6.27468	6.55445	12703.2	670	0.00770235	0	4.029	1.02
468.2	0.00319789	0.00170475	48096.1	1050	105	47475.3	51.5865	51.5865	206.346	206.346	0 23829.6 176.585 	24006.2	0.00490264	6.24249e-69	8.33804e-61	1050	8.33804e-61	0 2.76916e+07 5e+06 	3.26916e+07	6.27445	6.55445	12703.2	670	0.00766087	0	4.029	1.02
468.4	0.00319793	0.0017049	48101.9	1050	105	47480.7	51.6217	51.6217	206.487	206.487	0 23827.7 175.609 	24003.3	0.00490284	5.85982e-69	7.82723e-61	1050	7.82723e-61	0 2.76938e+07 5e+06 	3.26938e+07	6.27422	6.55445	12703.2	670	0.00761945	0	4.029	1.02
468.6	0.00319797	0.00170506	48107.7	1050	105	47486.2	51.6569	51.6569	206.628	206.628	0 23825.8 174.635 	24000.5	0.00490303	5.50061e-69	7.34771e-61	1050	7.34771e-61	0 2.7696e+07 5e+06 	3.2696e+07	6.27399	6.55445	12703.2	670	0.00757809	0	4.029	1.02
468.8	0.00319801	0.00170522	48113.6	1050	105	47491.6	51.6922	51.6922	206.769	206.769	0 23823.9 173.663 	23997.6	0.00490323	5.16342e-69	6.89756e-61	1050	6.89756e-61	0 2.76982e+07 5e+06 	3.26982e+07	6.27376	6.55445	12703.2	670	0.0075368	0	4.029	1.02
469	0.00319805	0.00170537	48119.4	1050	105	47497.1	51.7276	51.7276	206.91	206.91	0 23822 172.692 	23994.7	0.00490342	4.8469e-69	6.475e-61	1050	6.475e-61	0 2.77004e+07 5e+06 	3.27004e+07	6.27354	6.55445	12703.2	670	0.00749557	0	4.029	1.02
469.2	0.00319809	0.00170553	48125.2	1050	105	47502.5	51.763	51.763	207.052	207.052	0 23820.1 171.723 	23991.9	0.00490362	4.54978e-69	6.07832e-61	1050	6.07832e-61	0 2.77026e+07 5e+06 	3.27026e+07	6.27331	6.55445	12703.2	670	0.0074544	0	4.029	1.02
469.4	0.00319813	0.00170569	48130.9	1050	105	47508	51.7984	51.7984	207.194	207.194	0 23818.2 170.755 	23989	0.00490381	4.27088e-69	5.70594e-61	1050	5.70594e-61	0 2.77048e+07 5e+06 	3.27048e+07	6.27308	6.55445	12703.2	670	0.0074133	0	4.029	1.02
469.6	0.00319816	0.00170584	48136.7	1050	105	47513.4	51.8339	51.8339	207.336	207.336	0 23816.3 169.79 	23986.1	0.00490401	4.00907e-69	5.35638e-61	1050	5.35638e-61	0 2.7707e+07 5e+06 	3.2707e+07	6.27285	6.55445	12703.2	670	0.00737227	0	4.029	1.02
469.8	0.0031982	0.001706	48142.5	1050	105	47518.8	51.8694	51.8694	207.478	207.478	0 23814.5 168.826 	23983.3	0.0049042	3.76332e-69	5.02823e-61	1050	5.02823e-61	0 2.77092e+07 5e+06 	3.27092e+07	6.27263	6.55445	12703.2	670	0.00733129	0	4.029	1.02
470	0.00319824	0.00170615	48148.3	1050	105	47524.3	51.905	51.905	207.62	207.62	0 23812.6 167.863 	23980.4	0.00490439	3.53262e-69	4.72019e-61	1050	4.72019e-61	0 2.77114e+07 5e+06 	3.27114e+07	6.2724	6.55445	12703.2	670	0.00729038	0	4.029	1.02
470.2	0.00319828	0.00170631	48154.1	1050	105	47529.7	51.9407	51.9407	207.763	207.763	0 23810.7 166.903 	23977.6	0.00490459	3.31607e-69	4.43101e-61	1050	4.43101e-61	0 2.77136e+07 5e+06 	3.27136e+07	6.27218	6.55445	12703.2	670	0.00724953	0	4.029	1.02
470.4	0.00319832	0.00170647	48159.9	1050	105	47535.1	51.9764	51.9764	207.906	207.906	0 23808.8 165.944 	23974.7	0.00490478	3.1128e-69	4.15955e-61	1050	4.15955e-61	0 2.77158e+07 5e+06 	3.27158e+07	6.27195	6.55445	12703.2	670	0.00720875	0	4.029	1.02
470.6	0.00319836	0.00170662	48165.6	1050	105	47540.5	52.0122	52.0122	208.049	208.049	0 23806.9 164.987 	23971.9	0.00490498	2.92198e-69	3.90473e-61	1050	3.90473e-61	0 2.7718e+07 5e+06 	3.2718e+07	6.27172	6.55445	12703.2	670	0.00716803	0	4.029	1.02
470.8	0.00319839	0.00170678	48171.4	1050	105	47545.9	52.048	52.048	208.192	208.192	0 23805 164.031 	23969	0.00490517	2.74286e-69	3.66551e-61	1050	3.66551e-61	0 2.77201e+07 5e+06 	3.27201e+07	6.2715	6.55445	12703.2	670	0.00712737	0	4.029	1.02
471	0.00319843	0.00170693	48177.2	1050	105	47551.3	52.0839	52.0839	208.335	208.335	0 23803.1 163.078 	23966.2	0.00490536	2.57473e-69	3.44095e-61	1050	3.44095e-61	0 2.77223e+07 5e+06 	3.27223e+07	6.27127	6.55445	12703.2	670	0.00708678	0	4.029	1.02
471.2	0.00319847	0.00170709	48182.9	1050	105	47556.8	52.1198	52.1198	208.479	208.479	0 23801.2 162.125 	23963.4	0.00490556	2.4169e-69	3.23015e-61	1050	3.23015e-61	0 2.77245e+07 5e+06 	3.27245e+07	6.27105	6.55445	12703.2	670	0.00704625	0	4.029	1.02
471.4	0.00319851	0.00170724	48188.7	1050	105	47562.2	52.1558	52.1558	208.623	208.623	0 23799.4 161.175 	23960.5	0.00490575	2.26874e-69	3.03226e-61	1050	3.03226e-61	0 2.77267e+07 5e+06 	3.27267e+07	6.27082	6.55445	12703.2	670	0.00700578	0	4.029	1.02
471.6	0.00319855	0.0017074	48194.5	1050	105	47567.6	52.1918	52.1918	208.767	208.767	0 23797.5 160.226 	23957.7	0.00490595	2.12967e-69	2.84649e-61	1050	2.84649e-61	0 2.77289e+07 5e+06 	3.27289e+07	6.2706	6.55445	12703.2	670	0.00696537	0	4.029	1.02
471.8	0.00319859	0.00170755	48200.2	1050	105	47572.9	52.2279	52.2279	208.911	208.911	0 23795.6 159.279 	23954.9	0.00490614	1.99912e-69	2.67211e-61	1050	2.67211e-61	0 2.77311e+07 5e+06 	3.27311e+07	6.27037	6.55445	12703.2	670	0.00692503	0	4.029	1.02
472	0.00319862	0.00170771	48206	1050	105	47578.3	52.264	52.264	209.056	209.056	0 23793.7 158.334 	23952.1	0.00490633	1.87657e-69	2.50841e-61	1050	2.50841e-61	0 2.77333e+07 5e+06 	3.27333e+07	6.27015	6.55445	12703.2	670	0.00688475	0	4.029	1.02
472.2	0.00319866	0.00170786	48211.7	1050	105	47583.7	52.3002	52.3002	209.201	209.201	0 23791.9 157.39 	23949.2	0.00490652	1.76154e-69	2.35473e-61	1050	2.35473e-61	0 2.77355e+07 5e+06 	3.27355e+07	6.26993	6.55445	12703.2	670	0.00684454	0	4.029	1.02
472.4	0.0031987	0.00170802	48217.5	1050	105	47589.1	52.3364	52.3364	209.346	209.346	0 23790 156.448 	23946.4	0.00490672	1.65355e-69	2.21048e-61	1050	2.21048e-61	0 2.77376e+07 5e+06 	3.27376e+07	6.2697	6.55445	12703.2	670	0.00680438	0	4.029	1.02
472.6	0.00319874	0.00170817	48223.2	1050	105	47594.5	52.3727	52.3727	209.491	209.491	0 23788.1 155.508 	23943.6	0.00490691	1.55219e-69	2.07506e-61	1050	2.07506e-61	0 2.77398e+07 5e+06 	3.27398e+07	6.26948	6.55445	12703.2	670	0.00676429	0	4.029	1.02
472.8	0.00319878	0.00170833	48229	1050	105	47599.9	52.4091	52.4091	209.636	209.636	0 23786.2 154.57 	23940.8	0.0049071	1.45704e-69	1.94793e-61	1050	1.94793e-61	0 2.7742e+07 5e+06 	3.2742e+07	6.26926	6.55445	12703.2	670	0.00672427	0	4.029	1.02
473	0.00319881	0.00170848	48234.7	1050	105	47605.2	52.4455	52.4455	209.782	209.782	0 23784.4 153.633 	23938	0.0049073	1.36773e-69	1.8286e-61	1050	1.8286e-61	0 2.77442e+07 5e+06 	3.27442e+07	6.26903	6.55445	12703.2	670	0.0066843	0	4.029	1.02
473.2	0.00319885	0.00170864	48240.4	1050	105	47610.6	52.4819	52.4819	209.928	209.928	0 23782.5 152.697 	23935.2	0.00490749	1.28388e-69	1.71657e-61	1050	1.71657e-61	0 2.77463e+07 5e+06 	3.27463e+07	6.26881	6.55445	12703.2	670	0.0066444	0	4.029	1.02
473.4	0.00319889	0.00170879	48246.1	1050	105	47616	52.5184	52.5184	210.074	210.074	0 23780.6 151.764 	23932.4	0.00490768	1.20518e-69	1.61141e-61	1050	1.61141e-61	0 2.77485e+07 5e+06 	3.27485e+07	6.26859	6.55445	12703.2	670	0.00660456	0	4.029	1.02
473.6	0.00319893	0.00170895	48251.9	1050	105	47621.3	52.555	52.555	210.22	210.22	0 23778.8 150.832 	23929.6	0.00490787	1.13131e-69	1.51269e-61	1050	1.51269e-61	0 2.77507e+07 5e+06 	3.27507e+07	6.26837	6.55445	12703.2	670	0.00656479	0	4.029	1.02
473.8	0.00319896	0.0017091	48257.6	1050	105	47626.7	52.5916	52.5916	210.367	210.367	0 23776.9 149.902 	23926.8	0.00490806	1.06196e-69	1.42002e-61	1050	1.42002e-61	0 2.77529e+07 5e+06 	3.27529e+07	6.26815	6.55445	12703.2	670	0.00652507	0	4.029	1.02
474	0.003199	0.00170925	48263.3	1050	105	47632	52.6283	52.6283	210.513	210.513	0 23775 148.973 	23924	0.00490826	9.96859e-70	1.33302e-61	1050	1.33302e-61	0 2.7755e+07 5e+06 	3.2755e+07	6.26792	6.55445	12703.2	670	0.00648542	0	4.029	1.02
474.2	0.00319904	0.00170941	48269	1050	105	47637.4	52.665	52.665	210.66	210.66	0 23773.2 148.046 	23921.2	0.00490845	9.35752e-70	1.25136e-61	1050	1.25136e-61	0 2.77572e+07 5e+06 	3.27572e+07	6.2677	6.55445	12703.2	670	0.00644583	0	4.029	1.02
474.4	0.00319908	0.00170956	48274.7	1050	105	47642.7	52.7018	52.7018	210.807	210.807	0 23771.3 147.121 	23918.4	0.00490864	8.7839e-70	1.17469e-61	1050	1.17469e-61	0 2.77594e+07 5e+06 	3.27594e+07	6.26748	6.55445	12703.2	670	0.00640631	0	4.029	1.02
474.6	0.00319912	0.00170972	48280.5	1050	105	47648.1	52.7386	52.7386	210.955	210.955	0 23769.4 146.197 	23915.6	0.00490883	8.24545e-70	1.10273e-61	1050	1.10273e-61	0 2.77615e+07 5e+06 	3.27615e+07	6.26726	6.55445	12703.2	670	0.00636684	0	4.029	1.02
474.8	0.00319915	0.00170987	48286.2	1050	105	47653.4	52.7755	52.7755	211.102	211.102	0 23767.6 145.275 	23912.9	0.00490902	7.74001e-70	1.03517e-61	1050	1.03517e-61	0 2.77637e+07 5e+06 	3.27637e+07	6.26704	6.55445	12703.2	670	0.00632744	0	4.029	1.02
475	0.00319919	0.00171002	48291.9	1050	105	47658.7	52.8125	52.8125	211.25	211.25	0 23765.7 144.355 	23910.1	0.00490921	7.26555e-70	9.71755e-62	1050	9.71755e-62	0 2.77659e+07 5e+06 	3.27659e+07	6.26682	6.55445	12703.2	670	0.0062881	0	4.029	1.02
475.2	0.00319923	0.00171018	48297.6	1050	105	47664.1	52.8495	52.8495	211.398	211.398	0 23763.9 143.437 	23907.3	0.0049094	6.82018e-70	9.12222e-62	1050	9.12222e-62	0 2.7768e+07 5e+06 	3.2768e+07	6.2666	6.55445	12703.2	670	0.00624882	0	4.029	1.02
475.4	0.00319927	0.00171033	48303.3	1050	105	47669.4	52.8865	52.8865	211.546	211.546	0 23762 142.52 	23904.5	0.0049096	6.4021e-70	8.56336e-62	1050	8.56336e-62	0 2.77702e+07 5e+06 	3.27702e+07	6.26638	6.55445	12703.2	670	0.00620961	0	4.029	1.02
475.6	0.0031993	0.00171048	48308.9	1050	105	47674.7	52.9236	52.9236	211.695	211.695	0 23760.2 141.604 	23901.8	0.00490979	6.00966e-70	8.03875e-62	1050	8.03875e-62	0 2.77723e+07 5e+06 	3.27723e+07	6.26616	6.55445	12703.2	670	0.00617046	0	4.029	1.02
475.8	0.00319934	0.00171064	48314.6	1050	105	47680	52.9608	52.9608	211.843	211.843	0 23758.3 140.691 	23899	0.00490998	5.64127e-70	7.54627e-62	1050	7.54627e-62	0 2.77745e+07 5e+06 	3.27745e+07	6.26594	6.55445	12703.2	670	0.00613137	0	4.029	1.02
476	0.00319938	0.00171079	48320.3	1050	105	47685.3	52.998	52.998	211.992	211.992	0 23756.5 139.779 	23896.2	0.00491017	5.29546e-70	7.08396e-62	1050	7.08396e-62	0 2.77766e+07 5e+06 	3.27766e+07	6.26572	6.55445	12703.2	670	0.00609234	0	4.029	1.02
476.2	0.00319941	0.00171094	48326	1050	105	47690.7	53.0353	53.0353	212.141	212.141	0 23754.6 138.868 	23893.5	0.00491036	4.97085e-70	6.64998e-62	1050	6.64998e-62	0 2.77788e+07 5e+06 	3.27788e+07	6.2655	6.55445	12703.2	670	0.00605337	0	4.029	1.02
476.4	0.00319945	0.0017111	48331.7	1050	105	47696	53.0726	53.0726	212.29	212.29	0 23752.8 137.96 	23890.7	0.00491055	4.66614e-70	6.24258e-62	1050	6.24258e-62	0 2.7781e+07 5e+06 	3.2781e+07	6.26528	6.55445	12703.2	670	0.00601447	0	4.029	1.02
476.6	0.00319949	0.00171125	48337.4	1050	105	47701.3	53.11	53.11	212.44	212.44	0 23750.9 137.053 	23888	0.00491074	4.38011e-70	5.86014e-62	1050	5.86014e-62	0 2.77831e+07 5e+06 	3.27831e+07	6.26506	6.55445	12703.2	670	0.00597563	0	4.029	1.02
476.8	0.00319953	0.0017114	48343	1050	105	47706.6	53.1474	53.1474	212.59	212.59	0 23749.1 136.147 	23885.2	0.00491093	4.11161e-70	5.50113e-62	1050	5.50113e-62	0 2.77853e+07 5e+06 	3.27853e+07	6.26485	6.55445	12703.2	670	0.00593685	0	4.029	1.02
477	0.00319956	0.00171156	48348.7	1050	105	47711.9	53.1849	53.1849	212.74	212.74	0 23747.2 135.243 	23882.5	0.00491112	3.85957e-70	5.16411e-62	1050	5.16411e-62	0 2.77874e+07 5e+06 	3.27874e+07	6.26463	6.55445	12703.2	670	0.00589813	0	4.029	1.02
477.2	0.0031996	0.00171171	48354.4	1050	105	47717.1	53.2224	53.2224	212.89	212.89	0 23745.4 134.341 	23879.7	0.00491131	3.62298e-70	4.84774e-62	1050	4.84774e-62	0 2.77896e+07 5e+06 	3.27896e+07	6.26441	6.55445	12703.2	670	0.00585947	0	4.029	1.02
477.4	0.00319964	0.00171186	48360	1050	105	47722.4	53.26	53.26	213.04	213.04	0 23743.5 133.441 	23877	0.0049115	3.4009e-70	4.55076e-62	1050	4.55076e-62	0 2.77917e+07 5e+06 	3.27917e+07	6.26419	6.55445	12703.2	670	0.00582088	0	4.029	1.02
477.6	0.00319967	0.00171201	48365.7	1050	105	47727.7	53.2977	53.2977	213.191	213.191	0 23741.7 132.542 	23874.2	0.00491169	3.19242e-70	4.27196e-62	1050	4.27196e-62	0 2.77938e+07 5e+06 	3.27938e+07	6.26398	6.55445	12703.2	670	0.00578235	0	4.029	1.02
477.8	0.00319971	0.00171217	48371.3	1050	105	47733	53.3354	53.3354	213.342	213.342	0 23739.9 131.645 	23871.5	0.00491188	2.99673e-70	4.01025e-62	1050	4.01025e-62	0 2.7796e+07 5e+06 	3.2796e+07	6.26376	6.55445	12703.2	670	0.00574388	0	4.029	1.02
478	0.00319975	0.00171232	48377	1050	105	47738.3	53.3731	53.3731	213.493	213.493	0 23738 130.749 	23868.8	0.00491207	2.81303e-70	3.76457e-62	1050	3.76457e-62	0 2.77981e+07 5e+06 	3.27981e+07	6.26354	6.55445	12703.2	670	0.00570547	0	4.029	1.02
478.2	0.00319979	0.00171247	48382.6	1050	105	47743.5	53.411	53.411	213.644	213.644	0 23736.2 129.855 	23866	0.00491226	2.6406e-70	3.53394e-62	1050	3.53394e-62	0 2.78003e+07 5e+06 	3.28003e+07	6.26332	6.55445	12703.2	670	0.00566712	0	4.029	1.02
478.4	0.00319982	0.00171262	48388.3	1050	105	47748.8	53.4488	53.4488	213.795	213.795	0 23734.4 128.963 	23863.3	0.00491244	2.47873e-70	3.31744e-62	1050	3.31744e-62	0 2.78024e+07 5e+06 	3.28024e+07	6.26311	6.55445	12703.2	670	0.00562883	0	4.029	1.02
478.6	0.00319986	0.00171277	48393.9	1050	105	47754.1	53.4868	53.4868	213.947	213.947	0 23732.5 128.072 	23860.6	0.00491263	2.32679e-70	3.1142e-62	1050	3.1142e-62	0 2.78045e+07 5e+06 	3.28045e+07	6.26289	6.55445	12703.2	670	0.00559061	0	4.029	1.02
478.8	0.0031999	0.00171293	48399.6	1050	105	47759.3	53.5247	53.5247	214.099	214.099	0 23730.7 127.183 	23857.9	0.00491282	2.18416e-70	2.92342e-62	1050	2.92342e-62	0 2.78067e+07 5e+06 	3.28067e+07	6.26268	6.55445	12703.2	670	0.00555245	0	4.029	1.02
479	0.00319993	0.00171308	48405.2	1050	105	47764.6	53.5628	53.5628	214.251	214.251	0 23728.9 126.296 	23855.2	0.00491301	2.05027e-70	2.74432e-62	1050	2.74432e-62	0 2.78088e+07 5e+06 	3.28088e+07	6.26246	6.55445	12703.2	670	0.00551434	0	4.029	1.02
479.2	0.00319997	0.00171323	48410.8	1050	105	47769.8	53.6009	53.6009	214.403	214.403	0 23727 125.41 	23852.4	0.0049132	1.92459e-70	2.57619e-62	1050	2.57619e-62	0 2.7811e+07 5e+06 	3.2811e+07	6.26224	6.55445	12703.2	670	0.0054763	0	4.029	1.02
479.4	0.00320001	0.00171338	48416.5	1050	105	47775.1	53.639	53.639	214.556	214.556	0 23725.2 124.526 	23849.7	0.00491339	1.80661e-70	2.41837e-62	1050	2.41837e-62	0 2.78131e+07 5e+06 	3.28131e+07	6.26203	6.55445	12703.2	670	0.00543833	0	4.029	1.02
479.6	0.00320004	0.00171353	48422.1	1050	105	47780.3	53.6772	53.6772	214.709	214.709	0 23723.4 123.643 	23847	0.00491358	1.69587e-70	2.27021e-62	1050	2.27021e-62	0 2.78152e+07 5e+06 	3.28152e+07	6.26181	6.55445	12703.2	670	0.00540041	0	4.029	1.02
479.8	0.00320008	0.00171368	48427.7	1050	105	47785.6	53.7155	53.7155	214.862	214.862	0 23721.5 122.762 	23844.3	0.00491376	1.59191e-70	2.13113e-62	1050	2.13113e-62	0 2.78173e+07 5e+06 	3.28173e+07	6.2616	6.55445	12703.2	670	0.00536255	0	4.029	1.02
480	0.00320012	0.00171384	48433.3	1050	105	47790.8	53.7538	53.7538	215.015	215.015	0 23719.7 121.883 	23841.6	0.00491395	1.49433e-70	2.00057e-62	1050	2.00057e-62	0 2.78195e+07 5e+06 	3.28195e+07	6.26139	6.55445	12703.2	670	0.00532476	0	4.029	1.02
480.2	0.00320015	0.00171399	48438.9	1050	105	47796	53.7921	53.7921	215.169	215.169	0 23717.9 121.005 	23838.9	0.00491414	1.40273e-70	1.87801e-62	1050	1.87801e-62	0 2.78216e+07 5e+06 	3.28216e+07	6.26117	6.55445	12703.2	670	0.00528702	0	4.029	1.02
480.4	0.00320019	0.00171414	48444.6	1050	105	47801.3	53.8306	53.8306	215.322	215.322	0 23716.1 120.129 	23836.2	0.00491433	1.31675e-70	1.76296e-62	1050	1.76296e-62	0 2.78237e+07 5e+06 	3.28237e+07	6.26096	6.55445	12703.2	670	0.00524935	0	4.029	1.02
480.6	0.00320022	0.00171429	48450.2	1050	105	47806.5	53.869	53.869	215.476	215.476	0 23714.3 119.254 	23833.5	0.00491451	1.23603e-70	1.65495e-62	1050	1.65495e-62	0 2.78259e+07 5e+06 	3.28259e+07	6.26074	6.55445	12703.2	670	0.00521174	0	4.029	1.02
480.8	0.00320026	0.00171444	48455.8	1050	105	47811.7	53.9076	53.9076	215.63	215.63	0 23712.4 118.381 	23830.8	0.0049147	1.16026e-70	1.55357e-62	1050	1.55357e-62	0 2.7828e+07 5e+06 	3.2828e+07	6.26053	6.55445	12703.2	670	0.00517419	0	4.029	1.02
481	0.0032003	0.00171459	48461.4	1050	105	47816.9	53.9462	53.9462	215.785	215.785	0 23710.6 117.51 	23828.1	0.00491489	1.08914e-70	1.45839e-62	1050	1.45839e-62	0 2.78301e+07 5e+06 	3.28301e+07	6.26032	6.55445	12703.2	670	0.0051367	0	4.029	1.02
481.2	0.00320033	0.00171474	48467	1050	105	47822.1	53.9848	53.9848	215.939	215.939	0 23708.8 116.64 	23825.4	0.00491508	1.02238e-70	1.36904e-62	1050	1.36904e-62	0 2.78322e+07 5e+06 	3.28322e+07	6.2601	6.55445	12703.2	670	0.00509927	0	4.029	1.02
481.4	0.00320037	0.00171489	48472.6	1050	105	47827.3	54.0235	54.0235	216.094	216.094	0 23707 115.772 	23822.8	0.00491526	9.59707e-71	1.28517e-62	1050	1.28517e-62	0 2.78343e+07 5e+06 	3.28343e+07	6.25989	6.55445	12703.2	670	0.00506191	0	4.029	1.02
481.6	0.00320041	0.00171504	48478.2	1050	105	47832.5	54.0623	54.0623	216.249	216.249	0 23705.2 114.906 	23820.1	0.00491545	9.00878e-71	1.20644e-62	1050	1.20644e-62	0 2.78364e+07 5e+06 	3.28364e+07	6.25968	6.55445	12703.2	670	0.0050246	0	4.029	1.02
481.8	0.00320044	0.00171519	48483.7	1050	105	47837.7	54.1011	54.1011	216.404	216.404	0 23703.4 114.041 	23817.4	0.00491564	8.45655e-71	1.13253e-62	1050	1.13253e-62	0 2.78386e+07 5e+06 	3.28386e+07	6.25946	6.55445	12703.2	670	0.00498736	0	4.029	1.02
482	0.00320048	0.00171534	48489.3	1050	105	47842.9	54.14	54.14	216.56	216.56	0 23701.5 113.178 	23814.7	0.00491582	7.93818e-71	1.06315e-62	1050	1.06315e-62	0 2.78407e+07 5e+06 	3.28407e+07	6.25925	6.55445	12703.2	670	0.00495017	0	4.029	1.02
482.2	0.00320052	0.0017155	48494.9	1050	105	47848.1	54.1789	54.1789	216.716	216.716	0 23699.7 112.316 	23812.1	0.00491601	7.45158e-71	9.98015e-63	1050	9.98015e-63	0 2.78428e+07 5e+06 	3.28428e+07	6.25904	6.55445	12703.2	670	0.00491305	0	4.029	1.02
482.4	0.00320055	0.00171565	48500.5	1050	105	47853.3	54.2179	54.2179	216.871	216.871	0 23697.9 111.456 	23809.4	0.0049162	6.9948e-71	9.36874e-63	1050	9.36874e-63	0 2.78449e+07 5e+06 	3.28449e+07	6.25883	6.55445	12703.2	670	0.00487599	0	4.029	1.02
482.6	0.00320059	0.0017158	48506.1	1050	105	47858.5	54.2569	54.2569	217.028	217.028	0 23696.1 110.597 	23806.7	0.00491638	6.56603e-71	8.79478e-63	1050	8.79478e-63	0 2.7847e+07 5e+06 	3.2847e+07	6.25862	6.55445	12703.2	670	0.00483898	0	4.029	1.02
482.8	0.00320062	0.00171595	48511.6	1050	105	47863.7	54.296	54.296	217.184	217.184	0 23694.3 109.74 	23804.1	0.00491657	6.16354e-71	8.25598e-63	1050	8.25598e-63	0 2.78491e+07 5e+06 	3.28491e+07	6.25841	6.55445	12703.2	670	0.00480204	0	4.029	1.02
483	0.00320066	0.0017161	48517.2	1050	105	47868.9	54.3351	54.3351	217.341	217.341	0 23692.5 108.885 	23801.4	0.00491675	5.78573e-71	7.7502e-63	1050	7.7502e-63	0 2.78512e+07 5e+06 	3.28512e+07	6.25819	6.55445	12703.2	670	0.00476516	0	4.029	1.02
483.2	0.0032007	0.00171625	48522.8	1050	105	47874	54.3743	54.3743	217.497	217.497	0 23690.7 108.031 	23798.7	0.00491694	5.43107e-71	7.2754e-63	1050	7.2754e-63	0 2.78533e+07 5e+06 	3.28533e+07	6.25798	6.55445	12703.2	670	0.00472834	0	4.029	1.02
483.4	0.00320073	0.0017164	48528.3	1050	105	47879.2	54.4136	54.4136	217.654	217.654	0 23688.9 107.179 	23796.1	0.00491713	5.09815e-71	6.82968e-63	1050	6.82968e-63	0 2.78554e+07 5e+06 	3.28554e+07	6.25777	6.55445	12703.2	670	0.00469158	0	4.029	1.02
483.6	0.00320077	0.00171655	48533.9	1050	105	47884.4	54.4529	54.4529	217.812	217.812	0 23687.1 106.329 	23793.4	0.00491731	4.78565e-71	6.41128e-63	1050	6.41128e-63	0 2.78575e+07 5e+06 	3.28575e+07	6.25756	6.55445	12703.2	670	0.00465488	0	4.029	1.02
483.8	0.0032008	0.00171669	48539.4	1050	105	47889.5	54.4923	54.4923	217.969	217.969	0 23685.3 105.48 	23790.8	0.0049175	4.49229e-71	6.0185e-63	1050	6.0185e-63	0 2.78596e+07 5e+06 	3.28596e+07	6.25735	6.55445	12703.2	670	0.00461824	0	4.029	1.02
484	0.00320084	0.00171684	48545	1050	105	47894.7	54.5317	54.5317	218.127	218.127	0 23683.5 104.632 	23788.1	0.00491768	4.21692e-71	5.64979e-63	1050	5.64979e-63	0 2.78617e+07 5e+06 	3.28617e+07	6.25714	6.55445	12703.2	670	0.00458167	0	4.029	1.02
484.2	0.00320087	0.00171699	48550.5	1050	105	47899.8	54.5712	54.5712	218.285	218.285	0 23681.7 103.786 	23785.5	0.00491787	3.95843e-71	5.30367e-63	1050	5.30367e-63	0 2.78638e+07 5e+06 	3.28638e+07	6.25693	6.55445	12703.2	670	0.00454515	0	4.029	1.02
484.4	0.00320091	0.00171714	48556.1	1050	105	47905	54.6107	54.6107	218.443	218.443	0 23679.9 102.942 	23782.9	0.00491805	3.71579e-71	4.97875e-63	1050	4.97875e-63	0 2.78659e+07 5e+06 	3.28659e+07	6.25672	6.55445	12703.2	670	0.00450869	0	4.029	1.02
484.6	0.00320095	0.00171729	48561.6	1050	105	47910.1	54.6503	54.6503	218.601	218.601	0 23678.1 102.1 	23780.2	0.00491824	3.48801e-71	4.67373e-63	1050	4.67373e-63	0 2.7868e+07 5e+06 	3.2868e+07	6.25651	6.55445	12703.2	670	0.00447229	0	4.029	1.02
484.8	0.00320098	0.00171744	48567.2	1050	105	47915.3	54.69	54.69	218.76	218.76	0 23676.3 101.258 	23777.6	0.00491842	3.2742e-71	4.38741e-63	1050	4.38741e-63	0 2.78701e+07 5e+06 	3.28701e+07	6.25631	6.55445	12703.2	670	0.00443596	0	4.029	1.02
485	0.00320102	0.00171759	48572.7	1050	105	47920.4	54.7297	54.7297	218.919	218.919	0 23674.5 100.419 	23775	0.00491861	3.0735e-71	4.11862e-63	1050	4.11862e-63	0 2.78722e+07 5e+06 	3.28722e+07	6.2561	6.55445	12703.2	670	0.00439968	0	4.029	1.02
485.2	0.00320105	0.00171774	48578.2	1050	105	47925.5	54.7695	54.7695	219.078	219.078	0 23672.7 99.581 	23772.3	0.00491879	2.8851e-71	3.8663e-63	1050	3.8663e-63	0 2.78743e+07 5e+06 	3.28743e+07	6.25589	6.55445	12703.2	670	0.00436346	0	4.029	1.02
485.4	0.00320109	0.00171789	48583.7	1050	105	47930.7	54.8093	54.8093	219.237	219.237	0 23671 98.7446 	23769.7	0.00491898	2.70825e-71	3.62944e-63	1050	3.62944e-63	0 2.78764e+07 5e+06 	3.28764e+07	6.25568	6.55445	12703.2	670	0.00432731	0	4.029	1.02
485.6	0.00320112	0.00171804	48589.3	1050	105	47935.8	54.8492	54.8492	219.397	219.397	0 23669.2 97.9098 	23767.1	0.00491916	2.54224e-71	3.40709e-63	1050	3.40709e-63	0 2.78785e+07 5e+06 	3.28785e+07	6.25547	6.55445	12703.2	670	0.00429121	0	4.029	1.02
485.8	0.00320116	0.00171819	48594.8	1050	105	47940.9	54.8891	54.8891	219.556	219.556	0 23667.4 97.0766 	23764.5	0.00491934	2.3864e-71	3.19836e-63	1050	3.19836e-63	0 2.78806e+07 5e+06 	3.28806e+07	6.25526	6.55445	12703.2	670	0.00425518	0	4.029	1.02
486	0.00320119	0.00171833	48600.3	1050	105	47946	54.9291	54.9291	219.716	219.716	0 23665.6 96.2449 	23761.8	0.00491953	2.24012e-71	3.00242e-63	1050	3.00242e-63	0 2.78827e+07 5e+06 	3.28827e+07	6.25506	6.55445	12703.2	670	0.0042192	0	4.029	1.02
486.2	0.00320123	0.00171848	48605.8	1050	105	47951.1	54.9692	54.9692	219.877	219.877	0 23663.8 95.4148 	23759.2	0.00491971	2.10281e-71	2.81848e-63	1050	2.81848e-63	0 2.78847e+07 5e+06 	3.28847e+07	6.25485	6.55445	12703.2	670	0.00418329	0	4.029	1.02
486.4	0.00320127	0.00171863	48611.3	1050	105	47956.2	55.0093	55.0093	220.037	220.037	0 23662 94.5863 	23756.6	0.0049199	1.97391e-71	2.64581e-63	1050	2.64581e-63	0 2.78868e+07 5e+06 	3.28868e+07	6.25464	6.55445	12703.2	670	0.00414743	0	4.029	1.02
486.6	0.0032013	0.00171878	48616.8	1050	105	47961.3	55.0494	55.0494	220.198	220.198	0 23660.2 93.7593 	23754	0.00492008	1.85291e-71	2.48372e-63	1050	2.48372e-63	0 2.78889e+07 5e+06 	3.28889e+07	6.25444	6.55445	12703.2	670	0.00411163	0	4.029	1.02
486.8	0.00320134	0.00171893	48622.3	1050	105	47966.4	55.0897	55.0897	220.359	220.359	0 23658.5 92.9339 	23751.4	0.00492026	1.73933e-71	2.33156e-63	1050	2.33156e-63	0 2.7891e+07 5e+06 	3.2891e+07	6.25423	6.55445	12703.2	670	0.0040759	0	4.029	1.02
487	0.00320137	0.00171908	48627.8	1050	105	47971.5	55.1299	55.1299	220.52	220.52	0 23656.7 92.11 	23748.8	0.00492045	1.63271e-71	2.18872e-63	1050	2.18872e-63	0 2.78931e+07 5e+06 	3.28931e+07	6.25402	6.55445	12703.2	670	0.00404022	0	4.029	1.02
487.2	0.00320141	0.00171922	48633.3	1050	105	47976.6	55.1703	55.1703	220.681	220.681	0 23654.9 91.2877 	23746.2	0.00492063	1.53263e-71	2.05464e-63	1050	2.05464e-63	0 2.78951e+07 5e+06 	3.28951e+07	6.25382	6.55445	12703.2	670	0.0040046	0	4.029	1.02
487.4	0.00320144	0.00171937	48638.8	1050	105	47981.7	55.2107	55.2107	220.843	220.843	0 23653.1 90.4669 	23743.6	0.00492081	1.43868e-71	1.92876e-63	1050	1.92876e-63	0 2.78972e+07 5e+06 	3.28972e+07	6.25361	6.55445	12703.2	670	0.00396905	0	4.029	1.02
487.6	0.00320148	0.00171952	48644.3	1050	105	47986.8	55.2511	55.2511	221.005	221.005	0 23651.4 89.6477 	23741	0.004921	1.3505e-71	1.8106e-63	1050	1.8106e-63	0 2.78993e+07 5e+06 	3.28993e+07	6.2534	6.55445	12703.2	670	0.00393355	0	4.029	1.02
487.8	0.00320151	0.00171967	48649.8	1050	105	47991.9	55.2916	55.2916	221.167	221.167	0 23649.6 88.8301 	23738.4	0.00492118	1.26771e-71	1.69968e-63	1050	1.69968e-63	0 2.79014e+07 5e+06 	3.29014e+07	6.2532	6.55445	12703.2	670	0.00389811	0	4.029	1.02
488	0.00320155	0.00171982	48655.3	1050	105	47997	55.3322	55.3322	221.329	221.329	0 23647.8 88.014 	23735.8	0.00492136	1.19001e-71	1.59555e-63	1050	1.59555e-63	0 2.79034e+07 5e+06 	3.29034e+07	6.25299	6.55445	12703.2	670	0.00386274	0	4.029	1.02
488.2	0.00320158	0.00171996	48660.8	1050	105	48002	55.3728	55.3728	221.491	221.491	0 23646 87.1994 	23733.2	0.00492154	1.11706e-71	1.4978e-63	1050	1.4978e-63	0 2.79055e+07 5e+06 	3.29055e+07	6.25279	6.55445	12703.2	670	0.00382742	0	4.029	1.02
488.4	0.00320162	0.00172011	48666.2	1050	105	48007.1	55.4135	55.4135	221.654	221.654	0 23644.3 86.3864 	23730.7	0.00492173	1.04859e-71	1.40604e-63	1050	1.40604e-63	0 2.79076e+07 5e+06 	3.29076e+07	6.25258	6.55445	12703.2	670	0.00379216	0	4.029	1.02
488.6	0.00320165	0.00172026	48671.7	1050	105	48012.2	55.4543	55.4543	221.817	221.817	0 23642.5 85.575 	23728.1	0.00492191	9.84311e-72	1.3199e-63	1050	1.3199e-63	0 2.79097e+07 5e+06 	3.29097e+07	6.25238	6.55445	12703.2	670	0.00375696	0	4.029	1.02
488.8	0.00320169	0.00172041	48677.2	1050	105	48017.2	55.4951	55.4951	221.98	221.98	0 23640.7 84.765 	23725.5	0.00492209	9.23975e-72	1.23904e-63	1050	1.23904e-63	0 2.79117e+07 5e+06 	3.29117e+07	6.25217	6.55445	12703.2	670	0.00372182	0	4.029	1.02
489	0.00320172	0.00172055	48682.6	1050	105	48022.3	55.5359	55.5359	222.144	222.144	0 23639 83.9567 	23722.9	0.00492227	8.67337e-72	1.16313e-63	1050	1.16313e-63	0 2.79138e+07 5e+06 	3.29138e+07	6.25197	6.55445	12703.2	670	0.00368674	0	4.029	1.02
489.2	0.00320176	0.0017207	48688.1	1050	105	48027.3	55.5768	55.5768	222.307	222.307	0 23637.2 83.1498 	23720.4	0.00492246	8.14171e-72	1.09188e-63	1050	1.09188e-63	0 2.79158e+07 5e+06 	3.29158e+07	6.25177	6.55445	12703.2	670	0.00365172	0	4.029	1.02
489.4	0.00320179	0.00172085	48693.5	1050	105	48032.4	55.6178	55.6178	222.471	222.471	0 23635.5 82.3445 	23717.8	0.00492264	7.64264e-72	1.02499e-63	1050	1.02499e-63	0 2.79179e+07 5e+06 	3.29179e+07	6.25156	6.55445	12703.2	670	0.00361676	0	4.029	1.02
489.6	0.00320183	0.00172099	48699	1050	105	48037.4	55.6588	55.6588	222.635	222.635	0 23633.7 81.5408 	23715.2	0.00492282	7.17417e-72	9.62192e-64	1050	9.62192e-64	0 2.792e+07 5e+06 	3.292e+07	6.25136	6.55445	12703.2	670	0.00358186	0	4.029	1.02
489.8	0.00320186	0.00172114	48704.4	1050	105	48042.5	55.6999	55.6999	222.8	222.8	0 23631.9 80.7385 	23712.7	0.004923	6.73441e-72	9.03245e-64	1050	9.03245e-64	0 2.7922e+07 5e+06 	3.2922e+07	6.25116	6.55445	12703.2	670	0.00354701	0	4.029	1.02
490	0.00320189	0.00172129	48709.9	1050	105	48047.5	55.741	55.741	222.964	222.964	0 23630.2 79.9378 	23710.1	0.00492318	6.3216e-72	8.47909e-64	1050	8.47909e-64	0 2.79241e+07 5e+06 	3.29241e+07	6.25095	6.55445	12703.2	670	0.00351223	0	4.029	1.02
490.2	0.00320193	0.00172143	48715.3	1050	105	48052.5	55.7822	55.7822	223.129	223.129	0 23628.4 79.1387 	23707.6	0.00492336	5.93411e-72	7.95964e-64	1050	7.95964e-64	0 2.79261e+07 5e+06 	3.29261e+07	6.25075	6.55445	12703.2	670	0.00347751	0	4.029	1.02
490.4	0.00320196	0.00172158	48720.8	1050	105	48057.5	55.8235	55.8235	223.294	223.294	0 23626.7 78.341 	23705	0.00492354	5.57036e-72	7.472e-64	1050	7.472e-64	0 2.79282e+07 5e+06 	3.29282e+07	6.25055	6.55445	12703.2	670	0.00344284	0	4.029	1.02
490.6	0.003202	0.00172173	48726.2	1050	105	48062.6	55.8648	55.8648	223.459	223.459	0 23624.9 77.5449 	23702.5	0.00492372	5.22891e-72	7.01425e-64	1050	7.01425e-64	0 2.79302e+07 5e+06 	3.29302e+07	6.25035	6.55445	12703.2	670	0.00340823	0	4.029	1.02
490.8	0.00320203	0.00172187	48731.6	1050	105	48067.6	55.9062	55.9062	223.625	223.625	0 23623.2 76.7504 	23699.9	0.00492391	4.90839e-72	6.58453e-64	1050	6.58453e-64	0 2.79323e+07 5e+06 	3.29323e+07	6.25014	6.55445	12703.2	670	0.00337369	0	4.029	1.02
491	0.00320207	0.00172202	48737.1	1050	105	48072.6	55.9476	55.9476	223.791	223.791	0 23621.4 75.9573 	23697.4	0.00492409	4.60752e-72	6.18114e-64	1050	6.18114e-64	0 2.79343e+07 5e+06 	3.29343e+07	6.24994	6.55445	12703.2	670	0.0033392	0	4.029	1.02
491.2	0.0032021	0.00172216	48742.5	1050	105	48077.6	55.9891	55.9891	223.956	223.956	0 23619.7 75.1658 	23694.8	0.00492427	4.32509e-72	5.80247e-64	1050	5.80247e-64	0 2.79364e+07 5e+06 	3.29364e+07	6.24974	6.55445	12703.2	670	0.00330477	0	4.029	1.02
491.4	0.00320214	0.00172231	48747.9	1050	105	48082.6	56.0307	56.0307	224.123	224.123	0 23617.9 74.3758 	23692.3	0.00492445	4.05997e-72	5.44699e-64	1050	5.44699e-64	0 2.79384e+07 5e+06 	3.29384e+07	6.24954	6.55445	12703.2	670	0.0032704	0	4.029	1.02
491.6	0.00320217	0.00172246	48753.3	1050	105	48087.6	56.0723	56.0723	224.289	224.289	0 23616.2 73.5873 	23689.7	0.00492463	3.81111e-72	5.11329e-64	1050	5.11329e-64	0 2.79405e+07 5e+06 	3.29405e+07	6.24934	6.55445	12703.2	670	0.00323609	0	4.029	1.02
491.8	0.0032022	0.0017226	48758.8	1050	105	48092.6	56.1139	56.1139	224.456	224.456	0 23614.4 72.8003 	23687.2	0.00492481	3.57749e-72	4.80004e-64	1050	4.80004e-64	0 2.79425e+07 5e+06 	3.29425e+07	6.24914	6.55445	12703.2	670	0.00320184	0	4.029	1.02
492	0.00320224	0.00172275	48764.2	1050	105	48097.6	56.1557	56.1557	224.623	224.623	0 23612.7 72.0149 	23684.7	0.00492499	3.3582e-72	4.50597e-64	1050	4.50597e-64	0 2.79446e+07 5e+06 	3.29446e+07	6.24894	6.55445	12703.2	670	0.00316764	0	4.029	1.02
492.2	0.00320227	0.00172289	48769.6	1050	105	48102.6	56.1975	56.1975	224.79	224.79	0 23610.9 71.2309 	23682.2	0.00492517	3.15235e-72	4.22992e-64	1050	4.22992e-64	0 2.79466e+07 5e+06 	3.29466e+07	6.24873	6.55445	12703.2	670	0.00313351	0	4.029	1.02
492.4	0.00320231	0.00172304	48775	1050	105	48107.6	56.2393	56.2393	224.957	224.957	0 23609.2 70.4485 	23679.6	0.00492535	2.95912e-72	3.97078e-64	1050	3.97078e-64	0 2.79487e+07 5e+06 	3.29487e+07	6.24853	6.55445	12703.2	670	0.00309943	0	4.029	1.02
492.6	0.00320234	0.00172319	48780.4	1050	105	48112.6	56.2812	56.2812	225.125	225.125	0 23607.4 69.6676 	23677.1	0.00492553	2.77774e-72	3.72752e-64	1050	3.72752e-64	0 2.79507e+07 5e+06 	3.29507e+07	6.24833	6.55445	12703.2	670	0.00306542	0	4.029	1.02
492.8	0.00320238	0.00172333	48785.8	1050	105	48117.5	56.3232	56.3232	225.293	225.293	0 23605.7 68.8882 	23674.6	0.00492571	2.60747e-72	3.49916e-64	1050	3.49916e-64	0 2.79527e+07 5e+06 	3.29527e+07	6.24813	6.55445	12703.2	670	0.00303146	0	4.029	1.02
493	0.00320241	0.00172348	48791.2	1050	105	48122.5	56.3652	56.3652	225.461	225.461	0 23604 68.1104 	23672.1	0.00492589	2.44764e-72	3.28479e-64	1050	3.28479e-64	0 2.79548e+07 5e+06 	3.29548e+07	6.24794	6.55445	12703.2	670	0.00299756	0	4.029	1.02
493.2	0.00320244	0.00172362	48796.6	1050	105	48127.5	56.4073	56.4073	225.629	225.629	0 23602.2 67.334 	23669.6	0.00492607	2.29761e-72	3.08356e-64	1050	3.08356e-64	0 2.79568e+07 5e+06 	3.29568e+07	6.24774	6.55445	12703.2	670	0.00296372	0	4.029	1.02
493.4	0.00320248	0.00172377	48801.9	1050	105	48132.5	56.4494	56.4494	225.798	225.798	0 23600.5 66.5591 	23667	0.00492624	2.15677e-72	2.89465e-64	1050	2.89465e-64	0 2.79588e+07 5e+06 	3.29588e+07	6.24754	6.55445	12703.2	670	0.00292994	0	4.029	1.02
493.6	0.00320251	0.00172391	48807.3	1050	105	48137.4	56.4916	56.4916	225.966	225.966	0 23598.8 65.7858 	23664.5	0.00492642	2.02456e-72	2.71731e-64	1050	2.71731e-64	0 2.79609e+07 5e+06 	3.29609e+07	6.24734	6.55445	12703.2	670	0.00289621	0	4.029	1.02
493.8	0.00320255	0.00172406	48812.7	1050	105	48142.4	56.5338	56.5338	226.135	226.135	0 23597 65.0139 	23662	0.0049266	1.90046e-72	2.55084e-64	1050	2.55084e-64	0 2.79629e+07 5e+06 	3.29629e+07	6.24714	6.55445	12703.2	670	0.00286255	0	4.029	1.02
494	0.00320258	0.0017242	48818.1	1050	105	48147.3	56.5761	56.5761	226.305	226.305	0 23595.3 64.2436 	23659.5	0.00492678	1.78397e-72	2.39457e-64	1050	2.39457e-64	0 2.79649e+07 5e+06 	3.29649e+07	6.24694	6.55445	12703.2	670	0.00282894	0	4.029	1.02
494.2	0.00320261	0.00172435	48823.5	1050	105	48152.3	56.6185	56.6185	226.474	226.474	0 23593.6 63.4747 	23657	0.00492696	1.67462e-72	2.24787e-64	1050	2.24787e-64	0 2.7967e+07 5e+06 	3.2967e+07	6.24674	6.55445	12703.2	670	0.00279539	0	4.029	1.02
494.4	0.00320265	0.00172449	48828.8	1050	105	48157.2	56.6609	56.6609	226.644	226.644	0 23591.8 62.7074 	23654.5	0.00492714	1.57197e-72	2.11016e-64	1050	2.11016e-64	0 2.7969e+07 5e+06 	3.2969e+07	6.24654	6.55445	12703.2	670	0.0027619	0	4.029	1.02
494.6	0.00320268	0.00172463	48834.2	1050	105	48162.2	56.7034	56.7034	226.814	226.814	0 23590.1 61.9415 	23652	0.00492732	1.47561e-72	1.98088e-64	1050	1.98088e-64	0 2.7971e+07 5e+06 	3.2971e+07	6.24635	6.55445	12703.2	670	0.00272847	0	4.029	1.02
494.8	0.00320272	0.00172478	48839.6	1050	105	48167.1	56.746	56.746	226.984	226.984	0 23588.4 61.1772 	23649.6	0.00492749	1.38516e-72	1.85953e-64	1050	1.85953e-64	0 2.7973e+07 5e+06 	3.2973e+07	6.24615	6.55445	12703.2	670	0.0026951	0	4.029	1.02
495	0.00320275	0.00172492	48844.9	1050	105	48172	56.7886	56.7886	227.154	227.154	0 23586.7 60.4143 	23647.1	0.00492767	1.30026e-72	1.74561e-64	1050	1.74561e-64	0 2.7975e+07 5e+06 	3.2975e+07	6.24595	6.55445	12703.2	670	0.00266178	0	4.029	1.02
495.2	0.00320278	0.00172507	48850.3	1050	105	48177	56.8313	56.8313	227.325	227.325	0 23584.9 59.6529 	23644.6	0.00492785	1.22055e-72	1.63867e-64	1050	1.63867e-64	0 2.79771e+07 5e+06 	3.29771e+07	6.24575	6.55445	12703.2	670	0.00262853	0	4.029	1.02
495.4	0.00320282	0.00172521	48855.6	1050	105	48181.9	56.874	56.874	227.496	227.496	0 23583.2 58.8931 	23642.1	0.00492803	1.14574e-72	1.53828e-64	1050	1.53828e-64	0 2.79791e+07 5e+06 	3.29791e+07	6.24556	6.55445	12703.2	670	0.00259533	0	4.029	1.02
495.6	0.00320285	0.00172536	48861	1050	105	48186.8	56.9168	56.9168	227.667	227.667	0 23581.5 58.1347 	23639.6	0.00492821	1.07551e-72	1.44404e-64	1050	1.44404e-64	0 2.79811e+07 5e+06 	3.29811e+07	6.24536	6.55445	12703.2	670	0.00256219	0	4.029	1.02
495.8	0.00320288	0.0017255	48866.3	1050	105	48191.7	56.9596	56.9596	227.838	227.838	0 23579.8 57.3778 	23637.1	0.00492838	1.00958e-72	1.35557e-64	1050	1.35557e-64	0 2.79831e+07 5e+06 	3.29831e+07	6.24516	6.55445	12703.2	670	0.0025291	0	4.029	1.02
496	0.00320292	0.00172564	48871.7	1050	105	48196.6	57.0025	57.0025	228.01	228.01	0 23578 56.6224 	23634.7	0.00492856	9.47698e-73	1.27253e-64	1050	1.27253e-64	0 2.79851e+07 5e+06 	3.29851e+07	6.24497	6.55445	12703.2	670	0.00249608	0	4.029	1.02
496.2	0.00320295	0.00172579	48877	1050	105	48201.5	57.0455	57.0455	228.182	228.182	0 23576.3 55.8685 	23632.2	0.00492874	8.89608e-73	1.19457e-64	1050	1.19457e-64	0 2.79871e+07 5e+06 	3.29871e+07	6.24477	6.55445	12703.2	670	0.00246311	0	4.029	1.02
496.4	0.00320298	0.00172593	48882.3	1050	105	48206.4	57.0885	57.0885	228.354	228.354	0 23574.6 55.116 	23629.7	0.00492891	8.35077e-73	1.12138e-64	1050	1.12138e-64	0 2.79892e+07 5e+06 	3.29892e+07	6.24458	6.55445	12703.2	670	0.00243021	0	4.029	1.02
496.6	0.00320302	0.00172607	48887.7	1050	105	48211.3	57.1316	57.1316	228.526	228.526	0 23572.9 54.3651 	23627.3	0.00492909	7.8389e-73	1.05268e-64	1050	1.05268e-64	0 2.79912e+07 5e+06 	3.29912e+07	6.24438	6.55445	12703.2	670	0.00239736	0	4.029	1.02
496.8	0.00320305	0.00172622	48893	1050	105	48216.2	57.1747	57.1747	228.699	228.699	0 23571.2 53.6156 	23624.8	0.00492927	7.3584e-73	9.88194e-65	1050	9.88194e-65	0 2.79932e+07 5e+06 	3.29932e+07	6.24419	6.55445	12703.2	670	0.00236456	0	4.029	1.02
497	0.00320308	0.00172636	48898.3	1050	105	48221.1	57.2179	57.2179	228.872	228.872	0 23569.5 52.8676 	23622.3	0.00492945	6.90735e-73	9.27654e-65	1050	9.27654e-65	0 2.79952e+07 5e+06 	3.29952e+07	6.24399	6.55445	12703.2	670	0.00233183	0	4.029	1.02
497.2	0.00320312	0.0017265	48903.6	1050	105	48226	57.2612	57.2612	229.045	229.045	0 23567.8 52.1211 	23619.9	0.00492962	6.48396e-73	8.70823e-65	1050	8.70823e-65	0 2.79972e+07 5e+06 	3.29972e+07	6.2438	6.55445	12703.2	670	0.00229915	0	4.029	1.02
497.4	0.00320315	0.00172665	48908.9	1050	105	48230.9	57.3045	57.3045	229.218	229.218	0 23566.1 51.3761 	23617.4	0.0049298	6.08651e-73	8.17474e-65	1050	8.17474e-65	0 2.79992e+07 5e+06 	3.29992e+07	6.2436	6.55445	12703.2	670	0.00226653	0	4.029	1.02
497.6	0.00320318	0.00172679	48914.2	1050	105	48235.8	57.3479	57.3479	229.392	229.392	0 23564.3 50.6325 	23615	0.00492997	5.71343e-73	7.67393e-65	1050	7.67393e-65	0 2.80012e+07 5e+06 	3.30012e+07	6.24341	6.55445	12703.2	670	0.00223397	0	4.029	1.02
497.8	0.00320322	0.00172693	48919.6	1050	105	48240.6	57.3913	57.3913	229.565	229.565	0 23562.6 49.8904 	23612.5	0.00493015	5.36321e-73	7.2038e-65	1050	7.2038e-65	0 2.80032e+07 5e+06 	3.30032e+07	6.24321	6.55445	12703.2	670	0.00220147	0	4.029	1.02
498	0.00320325	0.00172708	48924.9	1050	105	48245.5	57.4348	57.4348	229.739	229.739	0 23560.9 49.1498 	23610.1	0.00493033	5.03447e-73	6.76247e-65	1050	6.76247e-65	0 2.80052e+07 5e+06 	3.30052e+07	6.24302	6.55445	12703.2	670	0.00216903	0	4.029	1.02
498.2	0.00320328	0.00172722	48930.2	1050	105	48250.4	57.4784	57.4784	229.914	229.914	0 23559.2 48.4107 	23607.6	0.0049305	4.72587e-73	6.34818e-65	1050	6.34818e-65	0 2.80072e+07 5e+06 	3.30072e+07	6.24282	6.55445	12703.2	670	0.00213664	0	4.029	1.02
498.4	0.00320332	0.00172736	48935.5	1050	105	48255.2	57.522	57.522	230.088	230.088	0 23557.5 47.673 	23605.2	0.00493068	4.43619e-73	5.95927e-65	1050	5.95927e-65	0 2.80092e+07 5e+06 	3.30092e+07	6.24263	6.55445	12703.2	670	0.00210431	0	4.029	1.02
498.6	0.00320335	0.0017275	48940.8	1050	105	48260.1	57.5657	57.5657	230.263	230.263	0 23555.8 46.9368 	23602.8	0.00493085	4.16427e-73	5.59419e-65	1050	5.59419e-65	0 2.80112e+07 5e+06 	3.30112e+07	6.24244	6.55445	12703.2	670	0.00207204	0	4.029	1.02
498.8	0.00320338	0.00172765	48946	1050	105	48265	57.6095	57.6095	230.438	230.438	0 23554.1 46.202 	23600.3	0.00493103	3.90901e-73	5.25147e-65	1050	5.25147e-65	0 2.80132e+07 5e+06 	3.30132e+07	6.24224	6.55445	12703.2	670	0.00203982	0	4.029	1.02
499	0.00320342	0.00172779	48951.3	1050	105	48269.8	57.6533	57.6533	230.613	230.613	0 23552.4 45.4688 	23597.9	0.0049312	3.66941e-73	4.92975e-65	1050	4.92975e-65	0 2.80152e+07 5e+06 	3.30152e+07	6.24205	6.55445	12703.2	670	0.00200766	0	4.029	1.02
499.2	0.00320345	0.00172793	48956.6	1050	105	48274.6	57.6971	57.6971	230.789	230.789	0 23550.7 44.737 	23595.5	0.00493138	3.44448e-73	4.62774e-65	1050	4.62774e-65	0 2.80172e+07 5e+06 	3.30172e+07	6.24186	6.55445	12703.2	670	0.00197556	0	4.029	1.02
499.4	0.00320348	0.00172807	48961.9	1050	105	48279.5	57.7411	57.7411	230.964	230.964	0 23549 44.0066 	23593	0.00493156	3.23335e-73	4.34423e-65	1050	4.34423e-65	0 2.80192e+07 5e+06 	3.30192e+07	6.24167	6.55445	12703.2	670	0.00194352	0	4.029	1.02
499.6	0.00320351	0.00172822	48967.2	1050	105	48284.3	57.785	57.785	231.14	231.14	0 23547.3 43.2777 	23590.6	0.00493173	3.03516e-73	4.07809e-65	1050	4.07809e-65	0 2.80211e+07 5e+06 	3.30211e+07	6.24147	6.55445	12703.2	670	0.00191154	0	4.029	1.02
499.8	0.00320355	0.00172836	48972.4	1050	105	48289.2	57.8291	57.8291	231.316	231.316	0 23545.7 42.5503 	23588.2	0.0049319	2.84911e-73	3.82825e-65	1050	3.82825e-65	0 2.80231e+07 5e+06 	3.30231e+07	6.24128	6.55445	12703.2	670	0.00187961	0	4.029	1.02
500	0.00320358	0.0017285	48977.7	1050	105	48294	57.8732	57.8732	231.493	231.493	0 23544 41.8243 	23585.8	0.00493208	2.67447e-73	3.59372e-65	1050	3.59372e-65	0 2.80251e+07 5e+06 	3.30251e+07	6.24109	6.55445	12703.2	670	0.00184774	0	4.029	1.02
500.2	0.00320361	0.00172864	48983	1050	105	48298.8	57.9174	57.9174	231.669	231.669	0 23542.3 41.0998 	23583.4	0.00493225	2.51054e-73	3.37356e-65	1050	3.37356e-65	0 2.80271e+07 5e+06 	3.30271e+07	6.2409	6.55445	12703.2	670	0.00181593	0	4.029	1.02
500.4	0.00320365	0.00172878	48988.2	1050	105	48303.6	57.9616	57.9616	231.846	231.846	0 23540.6 40.3768 	23581	0.00493243	2.35665e-73	3.16688e-65	1050	3.16688e-65	0 2.80291e+07 5e+06 	3.30291e+07	6.24071	6.55445	12703.2	670	0.00178417	0	4.029	1.02
500.6	0.00320368	0.00172892	48993.5	1050	105	48308.4	58.0059	58.0059	232.023	232.023	0 23538.9 39.6552 	23578.6	0.0049326	2.2122e-73	2.97287e-65	1050	2.97287e-65	0 2.80311e+07 5e+06 	3.30311e+07	6.24052	6.55445	12703.2	670	0.00175247	0	4.029	1.02
500.8	0.00320371	0.00172907	48998.8	1050	105	48313.3	58.0502	58.0502	232.201	232.201	0 23537.2 38.935 	23576.1	0.00493278	2.0766e-73	2.79074e-65	1050	2.79074e-65	0 2.8033e+07 5e+06 	3.3033e+07	6.24033	6.55445	12703.2	670	0.00172083	0	4.029	1.02
501	0.00320374	0.00172921	49004	1050	105	48318.1	58.0946	58.0946	232.379	232.379	0 23535.5 38.2163 	23573.7	0.00493295	1.94931e-73	2.61978e-65	1050	2.61978e-65	0 2.8035e+07 5e+06 	3.3035e+07	6.24014	6.55445	12703.2	670	0.00168925	0	4.029	1.02
501.2	0.00320378	0.00172935	49009.3	1050	105	48322.9	58.1391	58.1391	232.556	232.556	0 23533.8 37.4991 	23571.3	0.00493312	1.82983e-73	2.45928e-65	1050	2.45928e-65	0 2.8037e+07 5e+06 	3.3037e+07	6.23995	6.55445	12703.2	670	0.00165772	0	4.029	1.02
501.4	0.00320381	0.00172949	49014.5	1050	105	48327.7	58.1836	58.1836	232.735	232.735	0 23532.2 36.7833 	23568.9	0.0049333	1.71766e-73	2.30862e-65	1050	2.30862e-65	0 2.8039e+07 5e+06 	3.3039e+07	6.23975	6.55445	12703.2	670	0.00162625	0	4.029	1.02
501.6	0.00320384	0.00172963	49019.7	1050	105	48332.5	58.2282	58.2282	232.913	232.913	0 23530.5 36.0689 	23566.5	0.00493347	1.61238e-73	2.16718e-65	1050	2.16718e-65	0 2.80409e+07 5e+06 	3.30409e+07	6.23957	6.55445	12703.2	670	0.00159484	0	4.029	1.02
501.8	0.00320387	0.00172977	49025	1050	105	48337.2	58.2729	58.2729	233.091	233.091	0 23528.8 35.356 	23564.2	0.00493365	1.51355e-73	2.03442e-65	1050	2.03442e-65	0 2.80429e+07 5e+06 	3.30429e+07	6.23938	6.55445	12703.2	670	0.00156349	0	4.029	1.02
502	0.00320391	0.00172991	49030.2	1050	105	48342	58.3176	58.3176	233.27	233.27	0 23527.1 34.6446 	23561.8	0.00493382	1.42077e-73	1.90978e-65	1050	1.90978e-65	0 2.80449e+07 5e+06 	3.30449e+07	6.23919	6.55445	12703.2	670	0.00153219	0	4.029	1.02
502.2	0.00320394	0.00173005	49035.4	1050	105	48346.8	58.3624	58.3624	233.449	233.449	0 23525.4 33.9345 	23559.4	0.00493399	1.33368e-73	1.79278e-65	1050	1.79278e-65	0 2.80469e+07 5e+06 	3.30469e+07	6.239	6.55445	12703.2	670	0.00150095	0	4.029	1.02
502.4	0.00320397	0.00173019	49040.7	1050	105	48351.6	58.4072	58.4072	233.629	233.629	0 23523.8 33.2259 	23557	0.00493417	1.25193e-73	1.68295e-65	1050	1.68295e-65	0 2.80488e+07 5e+06 	3.30488e+07	6.23881	6.55445	12703.2	670	0.00146976	0	4.029	1.02
502.6	0.003204	0.00173033	49045.9	1050	105	48356.4	58.4521	58.4521	233.808	233.808	0 23522.1 32.5188 	23554.6	0.00493434	1.1752e-73	1.57985e-65	1050	1.57985e-65	0 2.80508e+07 5e+06 	3.30508e+07	6.23862	6.55445	12703.2	670	0.00143863	0	4.029	1.02
502.8	0.00320404	0.00173048	49051.1	1050	105	48361.1	58.4971	58.4971	233.988	233.988	0 23520.4 31.8131 	23552.2	0.00493451	1.10316e-73	1.48306e-65	1050	1.48306e-65	0 2.80528e+07 5e+06 	3.30528e+07	6.23843	6.55445	12703.2	670	0.00140756	0	4.029	1.02
503	0.00320407	0.00173062	49056.3	1050	105	48365.9	58.5421	58.5421	234.168	234.168	0 23518.8 31.1088 	23549.9	0.00493468	1.03554e-73	1.3922e-65	1050	1.3922e-65	0 2.80547e+07 5e+06 	3.30547e+07	6.23824	6.55445	12703.2	670	0.00137655	0	4.029	1.02
503.2	0.0032041	0.00173076	49061.5	1050	105	48370.7	58.5872	58.5872	234.349	234.349	0 23517.1 30.406 	23547.5	0.00493486	9.72067e-74	1.30691e-65	1050	1.30691e-65	0 2.80567e+07 5e+06 	3.30567e+07	6.23805	6.55445	12703.2	670	0.00134559	0	4.029	1.02
503.4	0.00320413	0.0017309	49066.7	1050	105	48375.4	58.6323	58.6323	234.529	234.529	0 23515.4 29.7046 	23545.1	0.00493503	9.12483e-74	1.22685e-65	1050	1.22685e-65	0 2.80586e+07 5e+06 	3.30586e+07	6.23787	6.55445	12703.2	670	0.00131469	0	4.029	1.02
503.6	0.00320416	0.00173104	49071.9	1050	105	48380.2	58.6775	58.6775	234.71	234.71	0 23513.7 29.0046 	23542.7	0.0049352	8.56552e-74	1.15169e-65	1050	1.15169e-65	0 2.80606e+07 5e+06 	3.30606e+07	6.23768	6.55445	12703.2	670	0.00128385	0	4.029	1.02
503.8	0.0032042	0.00173118	49077.1	1050	105	48384.9	58.7228	58.7228	234.891	234.891	0 23512.1 28.3061 	23540.4	0.00493537	8.04049e-74	1.08113e-65	1050	1.08113e-65	0 2.80626e+07 5e+06 	3.30626e+07	6.23749	6.55445	12703.2	670	0.00125306	0	4.029	1.02
504	0.00320423	0.00173132	49082.3	1050	105	48389.7	58.7681	58.7681	235.072	235.072	0 23510.4 27.609 	23538	0.00493554	7.54764e-74	1.0149e-65	1050	1.0149e-65	0 2.80645e+07 5e+06 	3.30645e+07	6.2373	6.55445	12703.2	670	0.00122233	0	4.029	1.02
504.2	0.00320426	0.00173146	49087.5	1050	105	48394.4	58.8135	58.8135	235.254	235.254	0 23508.8 26.9133 	23535.7	0.00493572	7.085e-74	9.52723e-66	1050	9.52723e-66	0 2.80665e+07 5e+06 	3.30665e+07	6.23712	6.55445	12703.2	670	0.00119166	0	4.029	1.02
504.4	0.00320429	0.0017316	49092.7	1050	105	48399.1	58.859	58.859	235.436	235.436	0 23507.1 26.2191 	23533.3	0.00493589	6.65072e-74	8.94356e-66	1050	8.94356e-66	0 2.80684e+07 5e+06 	3.30684e+07	6.23693	6.55445	12703.2	670	0.00116104	0	4.029	1.02
504.6	0.00320432	0.00173174	49097.9	1050	105	48403.9	58.9045	58.9045	235.618	235.618	0 23505.4 25.5262 	23531	0.00493606	6.24306e-74	8.39565e-66	1050	8.39565e-66	0 2.80704e+07 5e+06 	3.30704e+07	6.23674	6.55445	12703.2	670	0.00113048	0	4.029	1.02
504.8	0.00320436	0.00173187	49103.1	1050	105	48408.6	58.9501	58.9501	235.8	235.8	0 23503.8 24.8348 	23528.6	0.00493623	5.86039e-74	7.88131e-66	1050	7.88131e-66	0 2.80723e+07 5e+06 	3.30723e+07	6.23656	6.55445	12703.2	670	0.00109998	0	4.029	1.02
505	0.00320439	0.00173201	49108.3	1050	105	48413.3	58.9957	58.9957	235.983	235.983	0 23502.1 24.1448 	23526.3	0.0049364	5.50117e-74	7.39847e-66	1050	7.39847e-66	0 2.80743e+07 5e+06 	3.30743e+07	6.23637	6.55445	12703.2	670	0.00106953	0	4.029	1.02
505.2	0.00320442	0.00173215	49113.4	1050	105	48418	59.0414	59.0414	236.166	236.166	0 23500.5 23.4563 	23523.9	0.00493657	5.16397e-74	6.94522e-66	1050	6.94522e-66	0 2.80762e+07 5e+06 	3.30762e+07	6.23618	6.55445	12703.2	670	0.00103914	0	4.029	1.02
505.4	0.00320445	0.00173229	49118.6	1050	105	48422.7	59.0872	59.0872	236.349	236.349	0 23498.8 22.7691 	23521.6	0.00493675	4.84745e-74	6.51973e-66	1050	6.51973e-66	0 2.80782e+07 5e+06 	3.30782e+07	6.236	6.55445	12703.2	670	0.0010088	0	4.029	1.02
505.6	0.00320448	0.00173243	49123.8	1050	105	48427.5	59.133	59.133	236.532	236.532	0 23497.1 22.0834 	23519.2	0.00493692	4.55032e-74	6.12031e-66	1050	6.12031e-66	0 2.80801e+07 5e+06 	3.30801e+07	6.23581	6.55445	12703.2	670	0.000978524	0	4.029	1.02
505.8	0.00320452	0.00173257	49128.9	1050	105	48432.2	59.1789	59.1789	236.715	236.715	0 23495.5 21.3991 	23516.9	0.00493709	4.2714e-74	5.74537e-66	1050	5.74537e-66	0 2.8082e+07 5e+06 	3.3082e+07	6.23563	6.55445	12703.2	670	0.000948302	0	4.029	1.02
506	0.00320455	0.00173271	49134.1	1050	105	48436.9	59.2248	59.2248	236.899	236.899	0 23493.8 20.7162 	23514.6	0.00493726	4.00959e-74	5.39339e-66	1050	5.39339e-66	0 2.8084e+07 5e+06 	3.3084e+07	6.23544	6.55445	12703.2	670	0.000918137	0	4.029	1.02
506.2	0.00320458	0.00173285	49139.3	1050	105	48441.6	59.2708	59.2708	237.083	237.083	0 23492.2 20.0348 	23512.2	0.00493743	3.76382e-74	5.06297e-66	1050	5.06297e-66	0 2.80859e+07 5e+06 	3.30859e+07	6.23526	6.55445	12703.2	670	0.000888027	0	4.029	1.02
506.4	0.00320461	0.00173299	49144.4	1050	105	48446.3	59.3169	59.3169	237.268	237.268	0 23490.5 19.3547 	23509.9	0.0049376	3.53311e-74	4.7528e-66	1050	4.7528e-66	0 2.80879e+07 5e+06 	3.30879e+07	6.23507	6.55445	12703.2	670	0.000857974	0	4.029	1.02
506.6	0.00320464	0.00173313	49149.6	1050	105	48450.9	59.363	59.363	237.452	237.452	0 23488.9 18.676 	23507.6	0.00493777	3.31655e-74	4.46163e-66	1050	4.46163e-66	0 2.80898e+07 5e+06 	3.30898e+07	6.23489	6.55445	12703.2	670	0.000827977	0	4.029	1.02
506.8	0.00320467	0.00173326	49154.7	1050	105	48455.6	59.4092	59.4092	237.637	237.637	0 23487.2 17.9988 	23505.2	0.00493794	3.11326e-74	4.18829e-66	1050	4.18829e-66	0 2.80917e+07 5e+06 	3.30917e+07	6.2347	6.55445	12703.2	670	0.000798036	0	4.029	1.02
507	0.00320471	0.0017334	49159.9	1050	105	48460.3	59.4555	59.4555	237.822	237.822	0 23485.6 17.323 	23502.9	0.00493811	2.92243e-74	3.93171e-66	1050	3.93171e-66	0 2.80937e+07 5e+06 	3.30937e+07	6.23452	6.55445	12703.2	670	0.000768151	0	4.029	1.02
507.2	0.00320474	0.00173354	49165	1050	105	48465	59.5018	59.5018	238.007	238.007	0 23484 16.6486 	23500.6	0.00493828	2.7433e-74	3.69084e-66	1050	3.69084e-66	0 2.80956e+07 5e+06 	3.30956e+07	6.23434	6.55445	12703.2	670	0.000738322	0	4.029	1.02
507.4	0.00320477	0.00173368	49170.1	1050	105	48469.6	59.5482	59.5482	238.193	238.193	0 23482.3 15.9755 	23498.3	0.00493845	2.57515e-74	3.46473e-66	1050	3.46473e-66	0 2.80975e+07 5e+06 	3.30975e+07	6.23415	6.55445	12703.2	670	0.000708549	0	4.029	1.02
507.6	0.0032048	0.00173382	49175.3	1050	105	48474.3	59.5947	59.5947	238.379	238.379	0 23480.7 15.3039 	23496	0.00493862	2.4173e-74	3.25247e-66	1050	3.25247e-66	0 2.80995e+07 5e+06 	3.30995e+07	6.23397	6.55445	12703.2	670	0.000678833	0	4.029	1.02
507.8	0.00320483	0.00173396	49180.4	1050	105	48479	59.6412	59.6412	238.565	238.565	0 23479 14.6337 	23493.7	0.00493879	2.26913e-74	3.05321e-66	1050	3.05321e-66	0 2.81014e+07 5e+06 	3.31014e+07	6.23379	6.55445	12703.2	670	0.000649172	0	4.029	1.02
508	0.00320486	0.00173409	49185.5	1050	105	48483.6	59.6878	59.6878	238.751	238.751	0 23477.4 13.9649 	23491.4	0.00493896	2.13005e-74	2.86616e-66	1050	2.86616e-66	0 2.81033e+07 5e+06 	3.31033e+07	6.2336	6.55445	12703.2	670	0.000619567	0	4.029	1.02
508.2	0.00320489	0.00173423	49190.6	1050	105	48488.3	59.7344	59.7344	238.938	238.938	0 23475.8 13.2975 	23489.1	0.00493913	1.99949e-74	2.69057e-66	1050	2.69057e-66	0 2.81052e+07 5e+06 	3.31052e+07	6.23342	6.55445	12703.2	670	0.000590019	0	4.029	1.02
508.4	0.00320493	0.00173437	49195.8	1050	105	48492.9	59.7811	59.7811	239.124	239.124	0 23474.1 12.6315 	23486.8	0.00493929	1.87693e-74	2.52574e-66	1050	2.52574e-66	0 2.81072e+07 5e+06 	3.31072e+07	6.23324	6.55445	12703.2	670	0.000560526	0	4.029	1.02
508.6	0.00320496	0.00173451	49200.9	1050	105	48497.6	59.8279	59.8279	239.311	239.311	0 23472.5 11.9669 	23484.5	0.00493946	1.76188e-74	2.371e-66	1050	2.371e-66	0 2.81091e+07 5e+06 	3.31091e+07	6.23306	6.55445	12703.2	670	0.000531089	0	4.029	1.02
508.8	0.00320499	0.00173464	49206	1050	105	48502.2	59.8747	59.8747	239.499	239.499	0 23470.9 11.3037 	23482.2	0.00493963	1.65389e-74	2.22575e-66	1050	2.22575e-66	0 2.8111e+07 5e+06 	3.3111e+07	6.23287	6.55445	12703.2	670	0.000501707	0	4.029	1.02
509	0.00320502	0.00173478	49211.1	1050	105	48506.9	59.9216	59.9216	239.686	239.686	0 23469.2 10.6418 	23479.9	0.0049398	1.55251e-74	2.08939e-66	1050	2.08939e-66	0 2.81129e+07 5e+06 	3.31129e+07	6.23269	6.55445	12703.2	670	0.000472382	0	4.029	1.02
509.2	0.00320505	0.00173492	49216.2	1050	105	48511.5	59.9685	59.9685	239.874	239.874	0 23467.6 9.98142 	23477.6	0.00493997	1.45735e-74	1.96139e-66	1050	1.96139e-66	0 2.81148e+07 5e+06 	3.31148e+07	6.23251	6.55445	12703.2	670	0.000443112	0	4.029	1.02
509.4	0.00320508	0.00173506	49221.3	1050	105	48516.1	60.0156	60.0156	240.062	240.062	0 23466 9.32239 	23475.3	0.00494014	1.36802e-74	1.84123e-66	1050	1.84123e-66	0 2.81168e+07 5e+06 	3.31168e+07	6.23233	6.55445	12703.2	670	0.000413898	0	4.029	1.02
509.6	0.00320511	0.00173519	49226.4	1050	105	48520.7	60.0626	60.0626	240.251	240.251	0 23464.3 8.66474 	23473	0.00494031	1.28417e-74	1.72843e-66	1050	1.72843e-66	0 2.81187e+07 5e+06 	3.31187e+07	6.23215	6.55445	12703.2	670	0.00038474	0	4.029	1.02
509.8	0.00320514	0.00173533	49231.5	1050	105	48525.4	60.1098	60.1098	240.439	240.439	0 23462.7 8.00849 	23470.7	0.00494047	1.20545e-74	1.62254e-66	1050	1.62254e-66	0 2.81206e+07 5e+06 	3.31206e+07	6.23197	6.55445	12703.2	670	0.000355637	0	4.029	1.02
510	0.00320517	0.00173547	49236.6	1050	105	48530	60.157	60.157	240.628	240.628	0 23461.1 7.35363 	23468.4	0.00494064	1.13157e-74	1.52314e-66	1050	1.52314e-66	0 2.81225e+07 5e+06 	3.31225e+07	6.23179	6.55445	12703.2	670	0.00032659	0	4.029	1.02
510.2	0.00320521	0.0017356	49241.6	1050	105	48534.6	60.2043	60.2043	240.817	240.817	0 23459.5 6.70015 	23466.2	0.00494081	1.06221e-74	1.42983e-66	1050	1.42983e-66	0 2.81244e+07 5e+06 	3.31244e+07	6.2316	6.55445	12703.2	670	0.000297598	0	4.029	1.02
510.4	0.00320524	0.00173574	49246.7	1050	105	48539.2	60.2516	60.2516	241.006	241.006	0 23457.8 6.04806 	23463.9	0.00494098	9.97099e-75	1.34223e-66	1050	1.34223e-66	0 2.81263e+07 5e+06 	3.31263e+07	6.23142	6.55445	12703.2	670	0.000268662	0	4.029	1.02
510.6	0.00320527	0.00173588	49251.8	1050	105	48543.8	60.299	60.299	241.196	241.196	0 23456.2 5.39735 	23461.6	0.00494114	9.35982e-75	1.26e-66	1050	1.26e-66	0 2.81282e+07 5e+06 	3.31282e+07	6.23124	6.55445	12703.2	670	0.000239782	0	4.029	1.02
510.8	0.0032053	0.00173601	49256.9	1050	105	48548.4	60.3465	60.3465	241.386	241.386	0 23454.6 4.74803 	23459.4	0.00494131	8.78611e-75	1.18281e-66	1050	1.18281e-66	0 2.81301e+07 5e+06 	3.31301e+07	6.23106	6.55445	12703.2	670	0.000210957	0	4.029	1.02
511	0.00320533	0.00173615	49261.9	1050	105	48553	60.394	60.394	241.576	241.576	0 23453 4.10009 	23457.1	0.00494148	8.24757e-75	1.11035e-66	1050	1.11035e-66	0 2.8132e+07 5e+06 	3.3132e+07	6.23088	6.55445	12703.2	670	0.000182187	0	4.029	1.02
511.2	0.00320536	0.00173629	49267	1050	105	48557.6	60.4416	60.4416	241.766	241.766	0 23451.4 3.45353 	23454.8	0.00494165	7.74204e-75	1.04232e-66	1050	1.04232e-66	0 2.81339e+07 5e+06 	3.31339e+07	6.23071	6.55445	12703.2	670	0.000153473	0	4.029	1.02
511.4	0.00320539	0.00173642	49272.1	1050	105	48562.2	60.4892	60.4892	241.957	241.957	0 23449.8 2.80834 	23452.6	0.00494181	7.26749e-75	9.78469e-67	1050	9.78469e-67	0 2.81358e+07 5e+06 	3.31358e+07	6.23053	6.55445	12703.2	670	0.000124814	0	4.029	1.02
511.6	0.00320542	0.00173656	49277.1	1050	105	48566.8	60.537	60.537	242.148	242.148	0 23448.1 2.16454 	23450.3	0.00494198	6.82203e-75	9.18525e-67	1050	9.18525e-67	0 2.81377e+07 5e+06 	3.31377e+07	6.23035	6.55445	12703.2	670	9.62109e-05	0	4.029	1.02
511.8	0.00320545	0.0017367	49282.2	1050	105	48571.3	60.5847	60.5847	242.339	242.339	0 23446.5 1.52211 	23448.1	0.00494215	6.40388e-75	8.62253e-67	1050	8.62253e-67	0 2.81396e+07 5e+06 	3.31396e+07	6.23017	6.55445	12703.2	670	6.76627e-05	0	4.029	1.02
512	0.00320548	0.00173683	49287.2	1050	105	48575.9	60.6326	60.6326	242.53	242.53	0 23444.9 0.881058 	23445.8	0.00494231	6.01135e-75	8.09429e-67	1050	8.09429e-67	0 2.81415e+07 5e+06 	3.31415e+07	6.22999	6.55445	12703.2	670	3.91699e-05	0	4.029	1.02
512.2	0.00320551	0.00173697	49292.3	1050	105	48580.5	60.6805	60.6805	242.722	242.722	0 23443.3 0.241379 	23443.6	0.00494248	5.64289e-75	7.59841e-67	1050	7.59841e-67	0 2.81434e+07 5e+06 	3.31434e+07	6.22981	6.55445	12703.2	670	1.07323e-05	0	4.029	1.02
512.4	0.00320554	0.0017371	49297.3	1050	105	48585	60.7285	60.7285	242.914	242.914	0 23441.7 -0.396927 	23441.3	0.00494265	5.29701e-75	7.13291e-67	1050	7.13291e-67	0 2.81453e+07 5e+06 	3.31453e+07	6.22963	6.55445	12703.2	670	-1.76501e-05	0	4.029	1.02
512.6	0.00320557	0.00173724	49302.4	1050	105	48589.6	60.7765	60.7765	243.106	243.106	0 23440.1 -1.03386 	23439.1	0.00494281	4.97233e-75	6.69592e-67	1050	6.69592e-67	0 2.81472e+07 5e+06 	3.31472e+07	6.22946	6.55445	12703.2	670	-4.59773e-05	0	4.029	1.02
512.8	0.0032056	0.00173737	49307.4	1050	105	48594.1	60.8246	60.8246	243.298	243.298	0 23438.5 -1.66943 	23436.8	0.00494298	4.66755e-75	6.28571e-67	1050	6.28571e-67	0 2.81491e+07 5e+06 	3.31491e+07	6.22928	6.55445	12703.2	670	-7.42494e-05	0	4.029	1.02
513	0.00320563	0.00173751	49312.4	1050	105	48598.7	60.8728	60.8728	243.491	243.491	0 23436.9 -2.30363 	23434.6	0.00494314	4.38146e-75	5.90063e-67	1050	5.90063e-67	0 2.8151e+07 5e+06 	3.3151e+07	6.2291	6.55445	12703.2	670	-0.000102466	0	4.029	1.02
513.2	0.00320567	0.00173765	49317.5	1050	105	48603.2	60.921	60.921	243.684	243.684	0 23435.3 -2.93646 	23432.3	0.00494331	4.1129e-75	5.53914e-67	1050	5.53914e-67	0 2.81529e+07 5e+06 	3.31529e+07	6.22892	6.55445	12703.2	670	-0.000130628	0	4.029	1.02
513.4	0.0032057	0.00173778	49322.5	1050	105	48607.8	60.9693	60.9693	243.877	243.877	0 23433.7 -3.56792 	23430.1	0.00494348	3.8608e-75	5.19979e-67	1050	5.19979e-67	0 2.81548e+07 5e+06 	3.31548e+07	6.22875	6.55445	12703.2	670	-0.000158735	0	4.029	1.02
513.6	0.00320573	0.00173792	49327.5	1050	105	48612.3	61.0177	61.0177	244.071	244.071	0 23432.1 -4.19802 	23427.9	0.00494364	3.62415e-75	4.88124e-67	1050	4.88124e-67	0 2.81567e+07 5e+06 	3.31567e+07	6.22857	6.55445	12703.2	670	-0.000186787	0	4.029	1.02
513.8	0.00320576	0.00173805	49332.5	1050	105	48616.9	61.0661	61.0661	244.264	244.264	0 23430.5 -4.82675 	23425.7	0.00494381	3.40201e-75	4.5822e-67	1050	4.5822e-67	0 2.81585e+07 5e+06 	3.31585e+07	6.22839	6.55445	12703.2	670	-0.000214784	0	4.029	1.02
514	0.00320579	0.00173819	49337.5	1050	105	48621.4	61.1146	61.1146	244.458	244.458	0 23428.9 -5.45413 	23423.4	0.00494397	3.19349e-75	4.30148e-67	1050	4.30148e-67	0 2.81604e+07 5e+06 	3.31604e+07	6.22822	6.55445	12703.2	670	-0.000242726	0	4.029	1.02
514.2	0.00320582	0.00173832	49342.5	1050	105	48625.9	61.1631	61.1631	244.653	244.653	0 23427.3 -6.08014 	23421.2	0.00494414	2.99775e-75	4.03796e-67	1050	4.03796e-67	0 2.81623e+07 5e+06 	3.31623e+07	6.22804	6.55445	12703.2	670	-0.000270613	0	4.029	1.02
514.4	0.00320585	0.00173846	49347.5	1050	105	48630.4	61.2118	61.2118	244.847	244.847	0 23425.7 -6.70479 	23419	0.0049443	2.814e-75	3.79058e-67	1050	3.79058e-67	0 2.81642e+07 5e+06 	3.31642e+07	6.22786	6.55445	12703.2	670	-0.000298445	0	4.029	1.02
514.6	0.00320588	0.00173859	49352.5	1050	105	48634.9	61.2604	61.2604	245.042	245.042	0 23424.1 -7.32809 	23416.8	0.00494447	2.64152e-75	3.55836e-67	1050	3.55836e-67	0 2.81661e+07 5e+06 	3.31661e+07	6.22769	6.55445	12703.2	670	-0.000326222	0	4.029	1.02
514.8	0.00320591	0.00173872	49357.5	1050	105	48639.5	61.3092	61.3092	245.237	245.237	0 23422.5 -7.95003 	23414.6	0.00494463	2.47961e-75	3.34036e-67	1050	3.34036e-67	0 2.81679e+07 5e+06 	3.31679e+07	6.22751	6.55445	12703.2	670	-0.000353945	0	4.029	1.02
515	0.00320594	0.00173886	49362.5	1050	105	48644	61.358	61.358	245.432	245.432	0 23420.9 -8.57061 	23412.3	0.0049448	2.32762e-75	3.13572e-67	1050	3.13572e-67	0 2.81698e+07 5e+06 	3.31698e+07	6.22734	6.55445	12703.2	670	-0.000381612	0	4.029	1.02
515.2	0.00320597	0.00173899	49367.5	1050	105	48648.5	61.4069	61.4069	245.628	245.628	0 23419.3 -9.18984 	23410.1	0.00494496	2.18495e-75	2.94362e-67	1050	2.94362e-67	0 2.81717e+07 5e+06 	3.31717e+07	6.22716	6.55445	12703.2	670	-0.000409225	0	4.029	1.02
515.4	0.003206	0.00173913	49372.5	1050	105	48653	61.4558	61.4558	245.823	245.823	0 23417.7 -9.80771 	23407.9	0.00494512	2.05103e-75	2.76328e-67	1050	2.76328e-67	0 2.81736e+07 5e+06 	3.31736e+07	6.22699	6.55445	12703.2	670	-0.000436784	0	4.029	1.02
515.6	0.00320603	0.00173926	49377.5	1050	105	48657.5	61.5048	61.5048	246.019	246.019	0 23416.2 -10.4242 	23405.7	0.00494529	1.92531e-75	2.59399e-67	1050	2.59399e-67	0 2.81754e+07 5e+06 	3.31754e+07	6.22681	6.55445	12703.2	670	-0.000464287	0	4.029	1.02
515.8	0.00320606	0.0017394	49382.5	1050	105	48661.9	61.5539	61.5539	246.216	246.216	0 23414.6 -11.0394 	23403.5	0.00494545	1.8073e-75	2.43508e-67	1050	2.43508e-67	0 2.81773e+07 5e+06 	3.31773e+07	6.22664	6.55445	12703.2	670	-0.000491736	0	4.029	1.02
516	0.00320609	0.00173953	49387.5	1050	105	48666.4	61.6031	61.6031	246.412	246.412	0 23413 -11.6532 	23401.3	0.00494562	1.69652e-75	2.2859e-67	1050	2.2859e-67	0 2.81792e+07 5e+06 	3.31792e+07	6.22646	6.55445	12703.2	670	-0.00051913	0	4.029	1.02
516.2	0.00320612	0.00173966	49392.4	1050	105	48670.9	61.6523	61.6523	246.609	246.609	0 23411.4 -12.2657 	23399.1	0.00494578	1.59254e-75	2.14586e-67	1050	2.14586e-67	0 2.8181e+07 5e+06 	3.3181e+07	6.22629	6.55445	12703.2	670	-0.00054647	0	4.029	1.02
516.4	0.00320615	0.0017398	49397.4	1050	105	48675.4	61.7015	61.7015	246.806	246.806	0 23409.8 -12.8768 	23396.9	0.00494594	1.49492e-75	2.01439e-67	1050	2.01439e-67	0 2.81829e+07 5e+06 	3.31829e+07	6.22611	6.55445	12703.2	670	-0.000573755	0	4.029	1.02
516.6	0.00320618	0.00173993	49402.4	1050	105	48679.9	61.7509	61.7509	247.004	247.004	0 23408.2 -13.4866 	23394.7	0.00494611	1.40329e-75	1.89099e-67	1050	1.89099e-67	0 2.81848e+07 5e+06 	3.31848e+07	6.22594	6.55445	12703.2	670	-0.000600986	0	4.029	1.02
516.8	0.00320621	0.00174006	49407.3	1050	105	48684.3	61.8003	61.8003	247.201	247.201	0 23406.7 -14.0951 	23392.6	0.00494627	1.31728e-75	1.77514e-67	1050	1.77514e-67	0 2.81866e+07 5e+06 	3.31866e+07	6.22577	6.55445	12703.2	670	-0.000628162	0	4.029	1.02
517	0.00320624	0.0017402	49412.3	1050	105	48688.8	61.8498	61.8498	247.399	247.399	0 23405.1 -14.7022 	23390.4	0.00494643	1.23654e-75	1.66639e-67	1050	1.66639e-67	0 2.81885e+07 5e+06 	3.31885e+07	6.22559	6.55445	12703.2	670	-0.000655284	0	4.029	1.02
517.2	0.00320627	0.00174033	49417.2	1050	105	48693.3	61.8993	61.8993	247.597	247.597	0 23403.5 -15.3079 	23388.2	0.0049466	1.16075e-75	1.5643e-67	1050	1.5643e-67	0 2.81903e+07 5e+06 	3.31903e+07	6.22542	6.55445	12703.2	670	-0.000682351	0	4.029	1.02
517.4	0.0032063	0.00174046	49422.2	1050	105	48697.7	61.9489	61.9489	247.796	247.796	0 23401.9 -15.9123 	23386	0.00494676	1.0896e-75	1.46847e-67	1050	1.46847e-67	0 2.81922e+07 5e+06 	3.31922e+07	6.22525	6.55445	12703.2	670	-0.000709364	0	4.029	1.02
517.6	0.00320633	0.0017406	49427.1	1050	105	48702.2	61.9986	61.9986	247.994	247.994	0 23400.4 -16.5154 	23383.8	0.00494692	1.02281e-75	1.3785e-67	1050	1.3785e-67	0 2.8194e+07 5e+06 	3.3194e+07	6.22508	6.55445	12703.2	670	-0.000736322	0	4.029	1.02
517.8	0.00320635	0.00174073	49432.1	1050	105	48706.6	62.0483	62.0483	248.193	248.193	0 23398.8 -17.1171 	23381.7	0.00494709	9.60122e-76	1.29405e-67	1050	1.29405e-67	0 2.81959e+07 5e+06 	3.31959e+07	6.2249	6.55445	12703.2	670	-0.000763226	0	4.029	1.02
518	0.00320638	0.00174086	49437	1050	105	48711	62.0981	62.0981	248.392	248.392	0 23397.2 -17.7175 	23379.5	0.00494725	9.01272e-76	1.21477e-67	1050	1.21477e-67	0 2.81978e+07 5e+06 	3.31978e+07	6.22473	6.55445	12703.2	670	-0.000790076	0	4.029	1.02
518.2	0.00320641	0.001741	49442	1050	105	48715.5	62.1479	62.1479	248.592	248.592	0 23395.6 -18.3166 	23377.3	0.00494741	8.4603e-76	1.14035e-67	1050	1.14035e-67	0 2.81996e+07 5e+06 	3.31996e+07	6.22456	6.55445	12703.2	670	-0.000816872	0	4.029	1.02
518.4	0.00320644	0.00174113	49446.9	1050	105	48719.9	62.1979	62.1979	248.792	248.792	0 23394.1 -18.9143 	23375.2	0.00494757	7.94173e-76	1.07049e-67	1050	1.07049e-67	0 2.82015e+07 5e+06 	3.32015e+07	6.22439	6.55445	12703.2	670	-0.000843613	0	4.029	1.02
518.6	0.00320647	0.00174126	49451.8	1050	105	48724.3	62.2479	62.2479	248.991	248.991	0 23392.5 -19.5107 	23373	0.00494773	7.45495e-76	1.00491e-67	1050	1.00491e-67	0 2.82033e+07 5e+06 	3.32033e+07	6.22422	6.55445	12703.2	670	-0.0008703	0	4.029	1.02
518.8	0.0032065	0.00174139	49456.7	1050	105	48728.8	62.2979	62.2979	249.192	249.192	0 23390.9 -20.1058 	23370.8	0.0049479	6.99801e-76	9.43347e-68	1050	9.43347e-68	0 2.82051e+07 5e+06 	3.32051e+07	6.22405	6.55445	12703.2	670	-0.000896933	0	4.029	1.02
519	0.00320653	0.00174153	49461.7	1050	105	48733.2	62.3481	62.3481	249.392	249.392	0 23389.4 -20.6995 	23368.7	0.00494806	6.56908e-76	8.85554e-68	1050	8.85554e-68	0 2.8207e+07 5e+06 	3.3207e+07	6.22387	6.55445	12703.2	670	-0.000923512	0	4.029	1.02
519.2	0.00320656	0.00174166	49466.6	1050	105	48737.6	62.3983	62.3983	249.593	249.593	0 23387.8 -21.2919 	23366.5	0.00494822	6.16643e-76	8.31303e-68	1050	8.31303e-68	0 2.82088e+07 5e+06 	3.32088e+07	6.2237	6.55445	12703.2	670	-0.000950037	0	4.029	1.02
519.4	0.00320659	0.00174179	49471.5	1050	105	48742	62.4485	62.4485	249.794	249.794	0 23386.2 -21.883 	23364.4	0.00494838	5.78847e-76	7.80374e-68	1050	7.80374e-68	0 2.82107e+07 5e+06 	3.32107e+07	6.22353	6.55445	12703.2	670	-0.000976507	0	4.029	1.02
519.6	0.00320662	0.00174192	49476.4	1050	105	48746.4	62.4988	62.4988	249.995	249.995	0 23384.7 -22.4728 	23362.2	0.00494854	5.43367e-76	7.32566e-68	1050	7.32566e-68	0 2.82125e+07 5e+06 	3.32125e+07	6.22336	6.55445	12703.2	670	-0.00100292	0	4.029	1.02
519.8	0.00320665	0.00174206	49481.3	1050	105	48750.8	62.5492	62.5492	250.197	250.197	0 23383.1 -23.0612 	23360.1	0.0049487	5.10062e-76	6.87687e-68	1050	6.87687e-68	0 2.82144e+07 5e+06 	3.32144e+07	6.22319	6.55445	12703.2	670	-0.00102929	0	4.029	1.02
520	0.00320668	0.00174219	49486.2	1050	105	48755.2	62.5997	62.5997	250.399	250.399	0 23381.6 -23.6483 	23357.9	0.00494887	4.78799e-76	6.45557e-68	1050	6.45557e-68	0 2.82162e+07 5e+06 	3.32162e+07	6.22302	6.55445	12703.2	670	-0.0010556	0	4.029	1.02
520.2	0.00320671	0.00174232	49491.1	1050	105	48759.6	62.6502	62.6502	250.601	250.601	0 23380 -24.2341 	23355.8	0.00494903	4.49451e-76	6.06008e-68	1050	6.06008e-68	0 2.8218e+07 5e+06 	3.3218e+07	6.22285	6.55445	12703.2	670	-0.00108185	0	4.029	1.02
520.4	0.00320674	0.00174245	49496	1050	105	48764	62.7008	62.7008	250.803	250.803	0 23378.5 -24.8185 	23353.6	0.00494919	4.21903e-76	5.68882e-68	1050	5.68882e-68	0 2.82199e+07 5e+06 	3.32199e+07	6.22268	6.55445	12703.2	670	-0.00110805	0	4.029	1.02
520.6	0.00320677	0.00174258	49500.9	1050	105	48768.4	62.7515	62.7515	251.006	251.006	0 23376.9 -25.4017 	23351.5	0.00494935	3.96043e-76	5.34031e-68	1050	5.34031e-68	0 2.82217e+07 5e+06 	3.32217e+07	6.22251	6.55445	12703.2	670	-0.0011342	0	4.029	1.02
520.8	0.00320679	0.00174271	49505.8	1050	105	48772.8	62.8022	62.8022	251.209	251.209	0 23375.4 -25.9835 	23349.4	0.00494951	3.71768e-76	5.01315e-68	1050	5.01315e-68	0 2.82235e+07 5e+06 	3.32235e+07	6.22234	6.55445	12703.2	670	-0.00116029	0	4.029	1.02
521	0.00320682	0.00174285	49510.7	1050	105	48777.1	62.853	62.853	251.412	251.412	0 23373.8 -26.564 	23347.2	0.00494967	3.48981e-76	4.70603e-68	1050	4.70603e-68	0 2.82254e+07 5e+06 	3.32254e+07	6.22217	6.55445	12703.2	670	-0.00118633	0	4.029	1.02
521.2	0.00320685	0.00174298	49515.6	1050	105	48781.5	62.9039	62.9039	251.615	251.615	0 23372.3 -27.1432 	23345.1	0.00494983	3.27591e-76	4.41772e-68	1050	4.41772e-68	0 2.82272e+07 5e+06 	3.32272e+07	6.22201	6.55445	12703.2	670	-0.00121232	0	4.029	1.02
521.4	0.00320688	0.00174311	49520.4	1050	105	48785.9	62.9548	62.9548	251.819	251.819	0 23370.7 -27.721 	23343	0.00494999	3.07512e-76	4.14708e-68	1050	4.14708e-68	0 2.8229e+07 5e+06 	3.3229e+07	6.22184	6.55445	12703.2	670	-0.00123825	0	4.029	1.02
521.6	0.00320691	0.00174324	49525.3	1050	105	48790.2	63.0058	63.0058	252.023	252.023	0 23369.2 -28.2976 	23340.9	0.00495015	2.88663e-76	3.89301e-68	1050	3.89301e-68	0 2.82308e+07 5e+06 	3.32308e+07	6.22167	6.55445	12703.2	670	-0.00126412	0	4.029	1.02
521.8	0.00320694	0.00174337	49530.2	1050	105	48794.6	63.0568	63.0568	252.227	252.227	0 23367.6 -28.8728 	23338.7	0.00495031	2.7097e-76	3.65452e-68	1050	3.65452e-68	0 2.82327e+07 5e+06 	3.32327e+07	6.2215	6.55445	12703.2	670	-0.00128995	0	4.029	1.02
522	0.00320697	0.0017435	49535	1050	105	48799	63.108	63.108	252.432	252.432	0 23366.1 -29.4468 	23336.6	0.00495047	2.54361e-76	3.43063e-68	1050	3.43063e-68	0 2.82345e+07 5e+06 	3.32345e+07	6.22133	6.55445	12703.2	670	-0.00131572	0	4.029	1.02
522.2	0.003207	0.00174363	49539.9	1050	105	48803.3	63.1592	63.1592	252.637	252.637	0 23364.5 -30.0194 	23334.5	0.00495063	2.38771e-76	3.22046e-68	1050	3.22046e-68	0 2.82363e+07 5e+06 	3.32363e+07	6.22117	6.55445	12703.2	670	-0.00134144	0	4.029	1.02
522.4	0.00320703	0.00174376	49544.8	1050	105	48807.6	63.2104	63.2104	252.842	252.842	0 23363 -30.5907 	23332.4	0.00495079	2.24136e-76	3.02316e-68	1050	3.02316e-68	0 2.82381e+07 5e+06 	3.32381e+07	6.221	6.55445	12703.2	670	-0.0013671	0	4.029	1.02
522.6	0.00320705	0.00174389	49549.6	1050	105	48812	63.2618	63.2618	253.047	253.047	0 23361.4 -31.1607 	23330.3	0.00495095	2.10398e-76	2.83796e-68	1050	2.83796e-68	0 2.82399e+07 5e+06 	3.32399e+07	6.22083	6.55445	12703.2	670	-0.00139271	0	4.029	1.02
522.8	0.00320708	0.00174402	49554.5	1050	105	48816.3	63.3132	63.3132	253.253	253.253	0 23359.9 -31.7294 	23328.2	0.00495111	1.97502e-76	2.66409e-68	1050	2.66409e-68	0 2.82418e+07 5e+06 	3.32418e+07	6.22066	6.55445	12703.2	670	-0.00141827	0	4.029	1.02
523	0.00320711	0.00174415	49559.3	1050	105	48820.7	63.3646	63.3646	253.459	253.459	0 23358.4 -32.2968 	23326.1	0.00495127	1.85396e-76	2.50088e-68	1050	2.50088e-68	0 2.82436e+07 5e+06 	3.32436e+07	6.2205	6.55445	12703.2	670	-0.00144377	0	4.029	1.02
523.2	0.00320714	0.00174428	49564.1	1050	105	48825	63.4162	63.4162	253.665	253.665	0 23356.8 -32.8628 	23324	0.00495142	1.74033e-76	2.34767e-68	1050	2.34767e-68	0 2.82454e+07 5e+06 	3.32454e+07	6.22033	6.55445	12703.2	670	-0.00146922	0	4.029	1.02
523.4	0.00320717	0.00174441	49569	1050	105	48829.3	63.4678	63.4678	253.871	253.871	0 23355.3 -33.4276 	23321.9	0.00495158	1.63366e-76	2.20385e-68	1050	2.20385e-68	0 2.82472e+07 5e+06 	3.32472e+07	6.22016	6.55445	12703.2	670	-0.00149461	0	4.029	1.02
523.6	0.0032072	0.00174454	49573.8	1050	105	48833.6	63.5194	63.5194	254.078	254.078	0 23353.8 -33.9911 	23319.8	0.00495174	1.53352e-76	2.06883e-68	1050	2.06883e-68	0 2.8249e+07 5e+06 	3.3249e+07	6.22	6.55445	12703.2	670	-0.00151996	0	4.029	1.02
523.8	0.00320723	0.00174467	49578.7	1050	105	48837.9	63.5712	63.5712	254.285	254.285	0 23352.2 -34.5533 	23317.7	0.0049519	1.43953e-76	1.94209e-68	1050	1.94209e-68	0 2.82508e+07 5e+06 	3.32508e+07	6.21983	6.55445	12703.2	670	-0.00154524	0	4.029	1.02
524	0.00320725	0.0017448	49583.5	1050	105	48842.2	63.623	63.623	254.492	254.492	0 23350.7 -35.1141 	23315.6	0.00495206	1.3513e-76	1.82311e-68	1050	1.82311e-68	0 2.82526e+07 5e+06 	3.32526e+07	6.21966	6.55445	12703.2	670	-0.00157048	0	4.029	1.02
524.2	0.00320728	0.00174493	49588.3	1050	105	48846.6	63.6749	63.6749	254.699	254.699	0 23349.2 -35.6737 	23313.5	0.00495222	1.26847e-76	1.71142e-68	1050	1.71142e-68	0 2.82544e+07 5e+06 	3.32544e+07	6.2195	6.55445	12703.2	670	-0.00159566	0	4.029	1.02
524.4	0.00320731	0.00174506	49593.1	1050	105	48850.9	63.7268	63.7268	254.907	254.907	0 23347.6 -36.232 	23311.4	0.00495238	1.19072e-76	1.60657e-68	1050	1.60657e-68	0 2.82562e+07 5e+06 	3.32562e+07	6.21933	6.55445	12703.2	670	-0.00162079	0	4.029	1.02
524.6	0.00320734	0.00174519	49597.9	1050	105	48855.2	63.7788	63.7788	255.115	255.115	0 23346.1 -36.789 	23309.3	0.00495253	1.11774e-76	1.50815e-68	1050	1.50815e-68	0 2.8258e+07 5e+06 	3.3258e+07	6.21917	6.55445	12703.2	670	-0.00164587	0	4.029	1.02
524.8	0.00320737	0.00174532	49602.8	1050	105	48859.4	63.8309	63.8309	255.324	255.324	0 23344.6 -37.3447 	23307.2	0.00495269	1.04923e-76	1.41576e-68	1050	1.41576e-68	0 2.82598e+07 5e+06 	3.32598e+07	6.219	6.55445	12703.2	670	-0.00167089	0	4.029	1.02
525	0.0032074	0.00174545	49607.6	1050	105	48863.7	63.883	63.883	255.532	255.532	0 23343.1 -37.8991 	23305.2	0.00495285	9.8492e-77	1.32902e-68	1050	1.32902e-68	0 2.82616e+07 5e+06 	3.32616e+07	6.21884	6.55445	12703.2	670	-0.00169586	0	4.029	1.02
525.2	0.00320743	0.00174558	49612.4	1050	105	48868	63.9352	63.9352	255.741	255.741	0 23341.5 -38.4522 	23303.1	0.00495301	9.24552e-77	1.2476e-68	1050	1.2476e-68	0 2.82634e+07 5e+06 	3.32634e+07	6.21867	6.55445	12703.2	670	-0.00172077	0	4.029	1.02
525.4	0.00320745	0.00174571	49617.2	1050	105	48872.3	63.9875	63.9875	255.95	255.95	0 23340 -39.004 	23301	0.00495316	8.67883e-77	1.17117e-68	1050	1.17117e-68	0 2.82652e+07 5e+06 	3.32652e+07	6.21851	6.55445	12703.2	670	-0.00174564	0	4.029	1.02
525.6	0.00320748	0.00174584	49622	1050	105	48876.6	64.0399	64.0399	256.159	256.159	0 23338.5 -39.5545 	23298.9	0.00495332	8.14688e-77	1.09942e-68	1050	1.09942e-68	0 2.8267e+07 5e+06 	3.3267e+07	6.21835	6.55445	12703.2	670	-0.00177045	0	4.029	1.02
525.8	0.00320751	0.00174597	49626.8	1050	105	48880.8	64.0923	64.0923	256.369	256.369	0 23337 -40.1037 	23296.9	0.00495348	7.64753e-77	1.03207e-68	1050	1.03207e-68	0 2.82688e+07 5e+06 	3.32688e+07	6.21818	6.55445	12703.2	670	-0.0017952	0	4.029	1.02
526	0.00320754	0.0017461	49631.5	1050	105	48885.1	64.1448	64.1448	256.579	256.579	0 23335.5 -40.6516 	23294.8	0.00495364	7.1788e-77	9.6884e-69	1050	9.6884e-69	0 2.82706e+07 5e+06 	3.32706e+07	6.21802	6.55445	12703.2	670	-0.00181991	0	4.029	1.02
526.2	0.00320757	0.00174623	49636.3	1050	105	48889.4	64.1973	64.1973	256.789	256.789	0 23333.9 -41.1983 	23292.7	0.00495379	6.73879e-77	9.09485e-69	1050	9.09485e-69	0 2.82724e+07 5e+06 	3.32724e+07	6.21785	6.55445	12703.2	670	-0.00184456	0	4.029	1.02
526.4	0.00320759	0.00174636	49641.1	1050	105	48893.6	64.25	64.25	257	257	0 23332.4 -41.7437 	23290.7	0.00495395	6.32575e-77	8.53768e-69	1050	8.53768e-69	0 2.82742e+07 5e+06 	3.32742e+07	6.21769	6.55445	12703.2	670	-0.00186916	0	4.029	1.02
526.6	0.00320762	0.00174648	49645.9	1050	105	48897.9	64.3026	64.3026	257.211	257.211	0 23330.9 -42.2877 	23288.6	0.00495411	5.93803e-77	8.01463e-69	1050	8.01463e-69	0 2.8276e+07 5e+06 	3.3276e+07	6.21753	6.55445	12703.2	670	-0.0018937	0	4.029	1.02
526.8	0.00320765	0.00174661	49650.7	1050	105	48902.1	64.3554	64.3554	257.422	257.422	0 23329.4 -42.8305 	23286.6	0.00495426	5.57407e-77	7.52363e-69	1050	7.52363e-69	0 2.82778e+07 5e+06 	3.32778e+07	6.21737	6.55445	12703.2	670	-0.00191819	0	4.029	1.02
527	0.00320768	0.00174674	49655.4	1050	105	48906.4	64.4082	64.4082	257.633	257.633	0 23327.9 -43.3721 	23284.5	0.00495442	5.23242e-77	7.06271e-69	1050	7.06271e-69	0 2.82796e+07 5e+06 	3.32796e+07	6.2172	6.55445	12703.2	670	-0.00194263	0	4.029	1.02
527.2	0.00320771	0.00174687	49660.2	1050	105	48910.6	64.4611	64.4611	257.845	257.845	0 23326.4 -43.9123 	23282.5	0.00495458	4.91171e-77	6.63003e-69	1050	6.63003e-69	0 2.82813e+07 5e+06 	3.32813e+07	6.21704	6.55445	12703.2	670	-0.00196702	0	4.029	1.02
527.4	0.00320773	0.001747	49665	1050	105	48914.8	64.5141	64.5141	258.056	258.056	0 23324.9 -44.4512 	23280.4	0.00495473	4.61066e-77	6.22385e-69	1050	6.22385e-69	0 2.82831e+07 5e+06 	3.32831e+07	6.21688	6.55445	12703.2	670	-0.00199135	0	4.029	1.02
527.6	0.00320776	0.00174713	49669.7	1050	105	48919.1	64.5671	64.5671	258.269	258.269	0 23323.4 -44.9889 	23278.4	0.00495489	4.32806e-77	5.84256e-69	1050	5.84256e-69	0 2.82849e+07 5e+06 	3.32849e+07	6.21672	6.55445	12703.2	670	-0.00201563	0	4.029	1.02
527.8	0.00320779	0.00174725	49674.5	1050	105	48923.3	64.6202	64.6202	258.481	258.481	0 23321.9 -45.5253 	23276.3	0.00495504	4.06278e-77	5.48463e-69	1050	5.48463e-69	0 2.82867e+07 5e+06 	3.32867e+07	6.21655	6.55445	12703.2	670	-0.00203986	0	4.029	1.02
528	0.00320782	0.00174738	49679.2	1050	105	48927.5	64.6734	64.6734	258.694	258.694	0 23320.4 -46.0604 	23274.3	0.0049552	3.81376e-77	5.14862e-69	1050	5.14862e-69	0 2.82885e+07 5e+06 	3.32885e+07	6.21639	6.55445	12703.2	670	-0.00206403	0	4.029	1.02
528.2	0.00320785	0.00174751	49684	1050	105	48931.7	64.7267	64.7267	258.907	258.907	0 23318.8 -46.5943 	23272.3	0.00495535	3.58001e-77	4.8332e-69	1050	4.8332e-69	0 2.82902e+07 5e+06 	3.32902e+07	6.21623	6.55445	12703.2	670	-0.00208815	0	4.029	1.02
528.4	0.00320787	0.00174764	49688.7	1050	105	48935.9	64.78	64.78	259.12	259.12	0 23317.3 -47.1268 	23270.2	0.00495551	3.36058e-77	4.5371e-69	1050	4.5371e-69	0 2.8292e+07 5e+06 	3.3292e+07	6.21607	6.55445	12703.2	670	-0.00211222	0	4.029	1.02
528.6	0.0032079	0.00174776	49693.5	1050	105	48940.1	64.8334	64.8334	259.333	259.333	0 23315.8 -47.6581 	23268.2	0.00495567	3.1546e-77	4.25915e-69	1050	4.25915e-69	0 2.82938e+07 5e+06 	3.32938e+07	6.21591	6.55445	12703.2	670	-0.00213624	0	4.029	1.02
528.8	0.00320793	0.00174789	49698.2	1050	105	48944.3	64.8868	64.8868	259.547	259.547	0 23314.3 -48.1882 	23266.2	0.00495582	2.96125e-77	3.99822e-69	1050	3.99822e-69	0 2.82956e+07 5e+06 	3.32956e+07	6.21575	6.55445	12703.2	670	-0.0021602	0	4.029	1.02
529	0.00320796	0.00174802	49702.9	1050	105	48948.5	64.9403	64.9403	259.761	259.761	0 23312.8 -48.7169 	23264.1	0.00495598	2.77975e-77	3.75328e-69	1050	3.75328e-69	0 2.82973e+07 5e+06 	3.32973e+07	6.21559	6.55445	12703.2	670	-0.00218411	0	4.029	1.02
529.2	0.00320798	0.00174815	49707.7	1050	105	48952.7	64.9939	64.9939	259.976	259.976	0 23311.4 -49.2444 	23262.1	0.00495613	2.60937e-77	3.52334e-69	1050	3.52334e-69	0 2.82991e+07 5e+06 	3.32991e+07	6.21543	6.55445	12703.2	670	-0.00220797	0	4.029	1.02
529.4	0.00320801	0.00174827	49712.4	1050	105	48956.9	65.0476	65.0476	260.19	260.19	0 23309.9 -49.7706 	23260.1	0.00495629	2.44943e-77	3.30749e-69	1050	3.30749e-69	0 2.83009e+07 5e+06 	3.33009e+07	6.21527	6.55445	12703.2	670	-0.00223178	0	4.029	1.02
529.6	0.00320804	0.0017484	49717.1	1050	105	48961.1	65.1013	65.1013	260.405	260.405	0 23308.4 -50.2956 	23258.1	0.00495644	2.2993e-77	3.10486e-69	1050	3.10486e-69	0 2.83026e+07 5e+06 	3.33026e+07	6.21511	6.55445	12703.2	670	-0.00225553	0	4.029	1.02
529.8	0.00320807	0.00174853	49721.8	1050	105	48965.3	65.1551	65.1551	260.62	260.62	0 23306.9 -50.8193 	23256	0.00495659	2.15837e-77	2.91465e-69	1050	2.91465e-69	0 2.83044e+07 5e+06 	3.33044e+07	6.21495	6.55445	12703.2	670	-0.00227923	0	4.029	1.02
530	0.00320809	0.00174865	49726.6	1050	105	48969.5	65.209	65.209	260.836	260.836	0 23305.4 -51.3417 	23254	0.00495675	2.02608e-77	2.73609e-69	1050	2.73609e-69	0 2.83062e+07 5e+06 	3.33062e+07	6.21479	6.55445	12703.2	670	-0.00230288	0	4.029	1.02
530.2	0.00320812	0.00174878	49731.3	1050	105	48973.6	65.2629	65.2629	261.052	261.052	0 23303.9 -51.8628 	23252	0.0049569	1.9019e-77	2.56847e-69	1050	2.56847e-69	0 2.83079e+07 5e+06 	3.33079e+07	6.21463	6.55445	12703.2	670	-0.00232648	0	4.029	1.02
530.4	0.00320815	0.00174891	49736	1050	105	48977.8	65.3169	65.3169	261.268	261.268	0 23302.4 -52.3827 	23250	0.00495706	1.78533e-77	2.41111e-69	1050	2.41111e-69	0 2.83097e+07 5e+06 	3.33097e+07	6.21447	6.55445	12703.2	670	-0.00235002	0	4.029	1.02
530.6	0.00320818	0.00174903	49740.7	1050	105	48982	65.371	65.371	261.484	261.484	0 23300.9 -52.9014 	23248	0.00495721	1.6759e-77	2.2634e-69	1050	2.2634e-69	0 2.83114e+07 5e+06 	3.33114e+07	6.21431	6.55445	12703.2	670	-0.00237351	0	4.029	1.02
530.8	0.0032082	0.00174916	49745.4	1050	105	48986.1	65.4252	65.4252	261.701	261.701	0 23299.4 -53.4187 	23246	0.00495736	1.57318e-77	2.12474e-69	1050	2.12474e-69	0 2.83132e+07 5e+06 	3.33132e+07	6.21415	6.55445	12703.2	670	-0.00239695	0	4.029	1.02
531	0.00320823	0.00174929	49750.1	1050	105	48990.3	65.4794	65.4794	261.918	261.918	0 23297.9 -53.9348 	23244	0.00495752	1.47676e-77	1.99457e-69	1050	1.99457e-69	0 2.8315e+07 5e+06 	3.3315e+07	6.21399	6.55445	12703.2	670	-0.00242034	0	4.029	1.02
531.2	0.00320826	0.00174941	49754.8	1050	105	48994.4	65.5337	65.5337	262.135	262.135	0 23296.5 -54.4497 	23242	0.00495767	1.38624e-77	1.87238e-69	1050	1.87238e-69	0 2.83167e+07 5e+06 	3.33167e+07	6.21383	6.55445	12703.2	670	-0.00244367	0	4.029	1.02
531.4	0.00320829	0.00174954	49759.5	1050	105	48998.6	65.588	65.588	262.352	262.352	0 23295 -54.9633 	23240	0.00495783	1.30128e-77	1.75767e-69	1050	1.75767e-69	0 2.83185e+07 5e+06 	3.33185e+07	6.21367	6.55445	12703.2	670	-0.00246696	0	4.029	1.02
531.6	0.00320831	0.00174967	49764.1	1050	105	49002.7	65.6425	65.6425	262.57	262.57	0 23293.5 -55.4756 	23238	0.00495798	1.22152e-77	1.64999e-69	1050	1.64999e-69	0 2.83202e+07 5e+06 	3.33202e+07	6.21352	6.55445	12703.2	670	-0.00249019	0	4.029	1.02
531.8	0.00320834	0.00174979	49768.8	1050	105	49006.9	65.697	65.697	262.788	262.788	0 23292 -55.9867 	23236	0.00495813	1.14665e-77	1.54891e-69	1050	1.54891e-69	0 2.8322e+07 5e+06 	3.3322e+07	6.21336	6.55445	12703.2	670	-0.00251336	0	4.029	1.02
532	0.00320837	0.00174992	49773.5	1050	105	49011	65.7516	65.7516	263.006	263.006	0 23290.5 -56.4965 	23234	0.00495828	1.07637e-77	1.45402e-69	1050	1.45402e-69	0 2.83237e+07 5e+06 	3.33237e+07	6.2132	6.55445	12703.2	670	-0.00253649	0	4.029	1.02
532.2	0.00320839	0.00175004	49778.2	1050	105	49015.1	65.8062	65.8062	263.225	263.225	0 23289.1 -57.0051 	23232.1	0.00495844	1.0104e-77	1.36494e-69	1050	1.36494e-69	0 2.83255e+07 5e+06 	3.33255e+07	6.21304	6.55445	12703.2	670	-0.00255956	0	4.029	1.02
532.4	0.00320842	0.00175017	49782.8	1050	105	49019.2	65.8609	65.8609	263.444	263.444	0 23287.6 -57.5124 	23230.1	0.00495859	9.48467e-78	1.28132e-69	1050	1.28132e-69	0 2.83272e+07 5e+06 	3.33272e+07	6.21289	6.55445	12703.2	670	-0.00258259	0	4.029	1.02
532.6	0.00320845	0.00175029	49787.5	1050	105	49023.4	65.9157	65.9157	263.663	263.663	0 23286.1 -58.0185 	23228.1	0.00495874	8.90334e-78	1.20282e-69	1050	1.20282e-69	0 2.83289e+07 5e+06 	3.33289e+07	6.21273	6.55445	12703.2	670	-0.00260555	0	4.029	1.02
532.8	0.00320847	0.00175042	49792.2	1050	105	49027.5	65.9705	65.9705	263.882	263.882	0 23284.6 -58.5233 	23226.1	0.00495889	8.35764e-78	1.12913e-69	1050	1.12913e-69	0 2.83307e+07 5e+06 	3.33307e+07	6.21257	6.55445	12703.2	670	-0.00262847	0	4.029	1.02
533	0.0032085	0.00175055	49796.8	1050	105	49031.6	66.0255	66.0255	264.102	264.102	0 23283.2 -59.0269 	23224.1	0.00495905	7.84538e-78	1.05996e-69	1050	1.05996e-69	0 2.83324e+07 5e+06 	3.33324e+07	6.21242	6.55445	12703.2	670	-0.00265134	0	4.029	1.02
533.2	0.00320853	0.00175067	49801.5	1050	105	49035.7	66.0805	66.0805	264.322	264.322	0 23281.7 -59.5292 	23222.2	0.0049592	7.36452e-78	9.95021e-70	1050	9.95021e-70	0 2.83342e+07 5e+06 	3.33342e+07	6.21226	6.55445	12703.2	670	-0.00267415	0	4.029	1.02
533.4	0.00320856	0.0017508	49806.1	1050	105	49039.8	66.1355	66.1355	264.542	264.542	0 23280.2 -60.0303 	23220.2	0.00495935	6.91314e-78	9.34063e-70	1050	9.34063e-70	0 2.83359e+07 5e+06 	3.33359e+07	6.2121	6.55445	12703.2	670	-0.00269691	0	4.029	1.02
533.6	0.00320858	0.00175092	49810.8	1050	105	49043.9	66.1907	66.1907	264.763	264.763	0 23278.8 -60.5301 	23218.2	0.0049595	6.48942e-78	8.7684e-70	1050	8.7684e-70	0 2.83376e+07 5e+06 	3.33376e+07	6.21195	6.55445	12703.2	670	-0.00271962	0	4.029	1.02
533.8	0.00320861	0.00175105	49815.4	1050	105	49048	66.2459	66.2459	264.984	264.984	0 23277.3 -61.0287 	23216.3	0.00495966	6.09167e-78	8.23122e-70	1050	8.23122e-70	0 2.83394e+07 5e+06 	3.33394e+07	6.21179	6.55445	12703.2	670	-0.00274228	0	4.029	1.02
534	0.00320864	0.00175117	49820.1	1050	105	49052.1	66.3012	66.3012	265.205	265.205	0 23275.8 -61.5261 	23214.3	0.00495981	5.7183e-78	7.72695e-70	1050	7.72695e-70	0 2.83411e+07 5e+06 	3.33411e+07	6.21164	6.55445	12703.2	670	-0.00276488	0	4.029	1.02
534.2	0.00320866	0.0017513	49824.7	1050	105	49056.1	66.3565	66.3565	265.426	265.426	0 23274.4 -62.0222 	23212.3	0.00495996	5.36782e-78	7.25357e-70	1050	7.25357e-70	0 2.83428e+07 5e+06 	3.33428e+07	6.21148	6.55445	12703.2	670	-0.00278744	0	4.029	1.02
534.4	0.00320869	0.00175142	49829.3	1050	105	49060.2	66.4119	66.4119	265.648	265.648	0 23272.9 -62.517 	23210.4	0.00496011	5.03881e-78	6.8092e-70	1050	6.8092e-70	0 2.83446e+07 5e+06 	3.33446e+07	6.21133	6.55445	12703.2	670	-0.00280994	0	4.029	1.02
534.6	0.00320872	0.00175154	49834	1050	105	49064.3	66.4674	66.4674	265.87	265.87	0 23271.4 -63.0107 	23208.4	0.00496026	4.72998e-78	6.39204e-70	1050	6.39204e-70	0 2.83463e+07 5e+06 	3.33463e+07	6.21117	6.55445	12703.2	670	-0.00283239	0	4.029	1.02
534.8	0.00320874	0.00175167	49838.6	1050	105	49068.4	66.523	66.523	266.092	266.092	0 23270 -63.5031 	23206.5	0.00496041	4.44007e-78	6.00045e-70	1050	6.00045e-70	0 2.8348e+07 5e+06 	3.3348e+07	6.21102	6.55445	12703.2	670	-0.00285479	0	4.029	1.02
535	0.00320877	0.00175179	49843.2	1050	105	49072.4	66.5786	66.5786	266.315	266.315	0 23268.5 -63.9942 	23204.5	0.00496056	4.16793e-78	5.63284e-70	1050	5.63284e-70	0 2.83497e+07 5e+06 	3.33497e+07	6.21086	6.55445	12703.2	670	-0.00287713	0	4.029	1.02
535.2	0.0032088	0.00175192	49847.8	1050	105	49076.5	66.6343	66.6343	266.537	266.537	0 23267.1 -64.4841 	23202.6	0.00496071	3.91247e-78	5.28776e-70	1050	5.28776e-70	0 2.83515e+07 5e+06 	3.33515e+07	6.21071	6.55445	12703.2	670	-0.00289943	0	4.029	1.02
535.4	0.00320882	0.00175204	49852.4	1050	105	49080.5	66.6901	66.6901	266.761	266.761	0 23265.6 -64.9728 	23200.6	0.00496086	3.67267e-78	4.96381e-70	1050	4.96381e-70	0 2.83532e+07 5e+06 	3.33532e+07	6.21055	6.55445	12703.2	670	-0.00292167	0	4.029	1.02
535.6	0.00320885	0.00175217	49857	1050	105	49084.6	66.746	66.746	266.984	266.984	0 23264.2 -65.4603 	23198.7	0.00496101	3.44757e-78	4.65971e-70	1050	4.65971e-70	0 2.83549e+07 5e+06 	3.33549e+07	6.2104	6.55445	12703.2	670	-0.00294386	0	4.029	1.02
535.8	0.00320888	0.00175229	49861.7	1050	105	49088.6	66.8019	66.8019	267.208	267.208	0 23262.7 -65.9465 	23196.8	0.00496117	3.23626e-78	4.37424e-70	1050	4.37424e-70	0 2.83566e+07 5e+06 	3.33566e+07	6.21025	6.55445	12703.2	670	-0.002966	0	4.029	1.02
536	0.0032089	0.00175241	49866.3	1050	105	49092.7	66.8579	66.8579	267.432	267.432	0 23261.2 -66.4314 	23194.8	0.00496132	3.0379e-78	4.10627e-70	1050	4.10627e-70	0 2.83583e+07 5e+06 	3.33583e+07	6.21009	6.55445	12703.2	670	-0.00298809	0	4.029	1.02
536.2	0.00320893	0.00175254	49870.9	1050	105	49096.7	66.914	66.914	267.656	267.656	0 23259.8 -66.9152 	23192.9	0.00496147	2.85171e-78	3.8547e-70	1050	3.8547e-70	0 2.83601e+07 5e+06 	3.33601e+07	6.20994	6.55445	12703.2	670	-0.00301013	0	4.029	1.02
536.4	0.00320895	0.00175266	49875.4	1050	105	49100.7	66.9701	66.9701	267.88	267.88	0 23258.3 -67.3977 	23190.9	0.00496162	2.67692e-78	3.61855e-70	1050	3.61855e-70	0 2.83618e+07 5e+06 	3.33618e+07	6.20979	6.55445	12703.2	670	-0.00303211	0	4.029	1.02
536.6	0.00320898	0.00175278	49880	1050	105	49104.8	67.0263	67.0263	268.105	268.105	0 23256.9 -67.879 	23189	0.00496177	2.51285e-78	3.39687e-70	1050	3.39687e-70	0 2.83635e+07 5e+06 	3.33635e+07	6.20963	6.55445	12703.2	670	-0.00305405	0	4.029	1.02
536.8	0.00320901	0.00175291	49884.6	1050	105	49108.8	67.0826	67.0826	268.33	268.33	0 23255.5 -68.3591 	23187.1	0.00496192	2.35883e-78	3.18877e-70	1050	3.18877e-70	0 2.83652e+07 5e+06 	3.33652e+07	6.20948	6.55445	12703.2	670	-0.00307593	0	4.029	1.02
537	0.00320903	0.00175303	49889.2	1050	105	49112.8	67.139	67.139	268.556	268.556	0 23254 -68.8379 	23185.2	0.00496206	2.21426e-78	2.99341e-70	1050	2.99341e-70	0 2.83669e+07 5e+06 	3.33669e+07	6.20933	6.55445	12703.2	670	-0.00309776	0	4.029	1.02
537.2	0.00320906	0.00175315	49893.8	1050	105	49116.8	67.1954	67.1954	268.782	268.782	0 23252.6 -69.3155 	23183.2	0.00496221	2.07854e-78	2.81003e-70	1050	2.81003e-70	0 2.83686e+07 5e+06 	3.33686e+07	6.20918	6.55445	12703.2	670	-0.00311954	0	4.029	1.02
537.4	0.00320909	0.00175328	49898.4	1050	105	49120.8	67.2519	67.2519	269.008	269.008	0 23251.1 -69.7919 	23181.3	0.00496236	1.95115e-78	2.63788e-70	1050	2.63788e-70	0 2.83703e+07 5e+06 	3.33703e+07	6.20902	6.55445	12703.2	670	-0.00314127	0	4.029	1.02
537.6	0.00320911	0.0017534	49902.9	1050	105	49124.9	67.3085	67.3085	269.234	269.234	0 23249.7 -70.2671 	23179.4	0.00496251	1.83156e-78	2.47627e-70	1050	2.47627e-70	0 2.8372e+07 5e+06 	3.3372e+07	6.20887	6.55445	12703.2	670	-0.00316294	0	4.029	1.02
537.8	0.00320914	0.00175352	49907.5	1050	105	49128.9	67.3651	67.3651	269.46	269.46	0 23248.2 -70.741 	23177.5	0.00496266	1.7193e-78	2.32457e-70	1050	2.32457e-70	0 2.83737e+07 5e+06 	3.33737e+07	6.20872	6.55445	12703.2	670	-0.00318457	0	4.029	1.02
538	0.00320916	0.00175365	49912.1	1050	105	49132.8	67.4218	67.4218	269.687	269.687	0 23246.8 -71.2137 	23175.6	0.00496281	1.61392e-78	2.18216e-70	1050	2.18216e-70	0 2.83754e+07 5e+06 	3.33754e+07	6.20857	6.55445	12703.2	670	-0.00320614	0	4.029	1.02
538.2	0.00320919	0.00175377	49916.6	1050	105	49136.8	67.4786	67.4786	269.914	269.914	0 23245.4 -71.6852 	23173.7	0.00496296	1.515e-78	2.04847e-70	1050	2.04847e-70	0 2.83771e+07 5e+06 	3.33771e+07	6.20842	6.55445	12703.2	670	-0.00322766	0	4.029	1.02
538.4	0.00320922	0.00175389	49921.2	1050	105	49140.8	67.5355	67.5355	270.142	270.142	0 23243.9 -72.1555 	23171.8	0.00496311	1.42215e-78	1.92298e-70	1050	1.92298e-70	0 2.83788e+07 5e+06 	3.33788e+07	6.20827	6.55445	12703.2	670	-0.00324913	0	4.029	1.02
538.6	0.00320924	0.00175401	49925.7	1050	105	49144.8	67.5924	67.5924	270.37	270.37	0 23242.5 -72.6245 	23169.9	0.00496326	1.33498e-78	1.80517e-70	1050	1.80517e-70	0 2.83805e+07 5e+06 	3.33805e+07	6.20812	6.55445	12703.2	670	-0.00327055	0	4.029	1.02
538.8	0.00320927	0.00175414	49930.3	1050	105	49148.8	67.6494	67.6494	270.598	270.598	0 23241.1 -73.0924 	23168	0.0049634	1.25316e-78	1.69458e-70	1050	1.69458e-70	0 2.83822e+07 5e+06 	3.33822e+07	6.20796	6.55445	12703.2	670	-0.00329192	0	4.029	1.02
539	0.00320929	0.00175426	49934.8	1050	105	49152.8	67.7065	67.7065	270.826	270.826	0 23239.6 -73.559 	23166.1	0.00496355	1.17635e-78	1.59076e-70	1050	1.59076e-70	0 2.83839e+07 5e+06 	3.33839e+07	6.20781	6.55445	12703.2	670	-0.00331324	0	4.029	1.02
539.2	0.00320932	0.00175438	49939.4	1050	105	49156.7	67.7637	67.7637	271.055	271.055	0 23238.2 -74.0244 	23164.2	0.0049637	1.10425e-78	1.49331e-70	1050	1.49331e-70	0 2.83856e+07 5e+06 	3.33856e+07	6.20766	6.55445	12703.2	670	-0.00333451	0	4.029	1.02
539.4	0.00320935	0.0017545	49943.9	1050	105	49160.7	67.8209	67.8209	271.284	271.284	0 23236.8 -74.4886 	23162.3	0.00496385	1.03657e-78	1.40182e-70	1050	1.40182e-70	0 2.83873e+07 5e+06 	3.33873e+07	6.20751	6.55445	12703.2	670	-0.00335572	0	4.029	1.02
539.6	0.00320937	0.00175462	49948.4	1050	105	49164.7	67.8782	67.8782	271.513	271.513	0 23235.3 -74.9516 	23160.4	0.004964	9.73037e-79	1.31594e-70	1050	1.31594e-70	0 2.8389e+07 5e+06 	3.3389e+07	6.20736	6.55445	12703.2	670	-0.00337688	0	4.029	1.02
539.8	0.0032094	0.00175475	49953	1050	105	49168.6	67.9356	67.9356	271.742	271.742	0 23233.9 -75.4134 	23158.5	0.00496414	9.13399e-79	1.23532e-70	1050	1.23532e-70	0 2.83907e+07 5e+06 	3.33907e+07	6.20721	6.55445	12703.2	670	-0.003398	0	4.029	1.02
540	0.00320942	0.00175487	49957.5	1050	105	49172.6	67.993	67.993	271.972	271.972	0 23232.5 -75.8739 	23156.6	0.00496429	8.57416e-79	1.15964e-70	1050	1.15964e-70	0 2.83924e+07 5e+06 	3.33924e+07	6.20706	6.55445	12703.2	670	-0.00341906	0	4.029	1.02
540.2	0.00320945	0.00175499	49962	1050	105	49176.5	68.0505	68.0505	272.202	272.202	0 23231.1 -76.3333 	23154.7	0.00496444	8.04864e-79	1.0886e-70	1050	1.0886e-70	0 2.83941e+07 5e+06 	3.33941e+07	6.20692	6.55445	12703.2	670	-0.00344007	0	4.029	1.02
540.4	0.00320947	0.00175511	49966.5	1050	105	49180.5	68.1081	68.1081	272.433	272.433	0 23229.6 -76.7914 	23152.8	0.00496459	7.55533e-79	1.02191e-70	1050	1.02191e-70	0 2.83958e+07 5e+06 	3.33958e+07	6.20677	6.55445	12703.2	670	-0.00346103	0	4.029	1.02
540.6	0.0032095	0.00175523	49971.1	1050	105	49184.4	68.1658	68.1658	272.663	272.663	0 23228.2 -77.2484 	23151	0.00496473	7.09226e-79	9.59305e-71	1050	9.59305e-71	0 2.83974e+07 5e+06 	3.33974e+07	6.20662	6.55445	12703.2	670	-0.00348194	0	4.029	1.02
540.8	0.00320953	0.00175535	49975.6	1050	105	49188.3	68.2235	68.2235	272.894	272.894	0 23226.8 -77.7041 	23149.1	0.00496488	6.65757e-79	9.00535e-71	1050	9.00535e-71	0 2.83991e+07 5e+06 	3.33991e+07	6.20647	6.55445	12703.2	670	-0.0035028	0	4.029	1.02
541	0.00320955	0.00175548	49980.1	1050	105	49192.3	68.2814	68.2814	273.125	273.125	0 23225.4 -78.1586 	23147.2	0.00496503	6.24952e-79	8.45366e-71	1050	8.45366e-71	0 2.84008e+07 5e+06 	3.34008e+07	6.20632	6.55445	12703.2	670	-0.0035236	0	4.029	1.02
541.2	0.00320958	0.0017556	49984.6	1050	105	49196.2	68.3393	68.3393	273.357	273.357	0 23224 -78.6119 	23145.3	0.00496517	5.86648e-79	7.93576e-71	1050	7.93576e-71	0 2.84025e+07 5e+06 	3.34025e+07	6.20617	6.55445	12703.2	670	-0.00354436	0	4.029	1.02
541.4	0.0032096	0.00175572	49989.1	1050	105	49200.1	68.3972	68.3972	273.589	273.589	0 23222.5 -79.0641 	23143.5	0.00496532	5.50692e-79	7.44959e-71	1050	7.44959e-71	0 2.84042e+07 5e+06 	3.34042e+07	6.20602	6.55445	12703.2	670	-0.00356507	0	4.029	1.02
541.6	0.00320963	0.00175584	49993.6	1050	105	49204	68.4552	68.4552	273.821	273.821	0 23221.1 -79.515 	23141.6	0.00496547	5.1694e-79	6.99321e-71	1050	6.99321e-71	0 2.84058e+07 5e+06 	3.34058e+07	6.20588	6.55445	12703.2	670	-0.00358572	0	4.029	1.02
541.8	0.00320965	0.00175596	49998.1	1050	105	49207.9	68.5134	68.5134	274.053	274.053	0 23219.7 -79.9647 	23139.7	0.00496561	4.85256e-79	6.56478e-71	1050	6.56478e-71	0 2.84075e+07 5e+06 	3.34075e+07	6.20573	6.55445	12703.2	670	-0.00360632	0	4.029	1.02
542	0.00320968	0.00175608	50002.6	1050	105	49211.8	68.5715	68.5715	274.286	274.286	0 23218.3 -80.4132 	23137.9	0.00496576	4.55514e-79	6.1626e-71	1050	6.1626e-71	0 2.84092e+07 5e+06 	3.34092e+07	6.20558	6.55445	12703.2	670	-0.00362688	0	4.029	1.02
542.2	0.0032097	0.0017562	50007	1050	105	49215.7	68.6298	68.6298	274.519	274.519	0 23216.9 -80.8605 	23136	0.00496591	4.27596e-79	5.78506e-71	1050	5.78506e-71	0 2.84109e+07 5e+06 	3.34109e+07	6.20543	6.55445	12703.2	670	-0.00364738	0	4.029	1.02
542.4	0.00320973	0.00175632	50011.5	1050	105	49219.6	68.6881	68.6881	274.753	274.753	0 23215.5 -81.3066 	23134.2	0.00496605	4.01388e-79	5.43065e-71	1050	5.43065e-71	0 2.84125e+07 5e+06 	3.34125e+07	6.20529	6.55445	12703.2	670	-0.00366783	0	4.029	1.02
542.6	0.00320976	0.00175644	50016	1050	105	49223.5	68.7465	68.7465	274.986	274.986	0 23214.1 -81.7515 	23132.3	0.0049662	3.76787e-79	5.09795e-71	1050	5.09795e-71	0 2.84142e+07 5e+06 	3.34142e+07	6.20514	6.55445	12703.2	670	-0.00368823	0	4.029	1.02
542.8	0.00320978	0.00175656	50020.5	1050	105	49227.4	68.805	68.805	275.22	275.22	0 23212.7 -82.1952 	23130.5	0.00496634	3.53693e-79	4.78564e-71	1050	4.78564e-71	0 2.84159e+07 5e+06 	3.34159e+07	6.20499	6.55445	12703.2	670	-0.00370858	0	4.029	1.02
543	0.00320981	0.00175668	50024.9	1050	105	49231.3	68.8636	68.8636	275.454	275.454	0 23211.2 -82.6378 	23128.6	0.00496649	3.32015e-79	4.49245e-71	1050	4.49245e-71	0 2.84175e+07 5e+06 	3.34175e+07	6.20485	6.55445	12703.2	670	-0.00372888	0	4.029	1.02
543.2	0.00320983	0.0017568	50029.4	1050	105	49235.2	68.9222	68.9222	275.689	275.689	0 23209.8 -83.0791 	23126.8	0.00496663	3.11666e-79	4.21723e-71	1050	4.21723e-71	0 2.84192e+07 5e+06 	3.34192e+07	6.2047	6.55445	12703.2	670	-0.00374913	0	4.029	1.02
543.4	0.00320986	0.00175692	50033.9	1050	105	49239.1	68.9809	68.9809	275.924	275.924	0 23208.4 -83.5192 	23124.9	0.00496678	2.92564e-79	3.95887e-71	1050	3.95887e-71	0 2.84208e+07 5e+06 	3.34208e+07	6.20455	6.55445	12703.2	670	-0.00376933	0	4.029	1.02
543.6	0.00320988	0.00175704	50038.3	1050	105	49242.9	69.0397	69.0397	276.159	276.159	0 23207 -83.9582 	23123.1	0.00496693	2.74632e-79	3.71634e-71	1050	3.71634e-71	0 2.84225e+07 5e+06 	3.34225e+07	6.20441	6.55445	12703.2	670	-0.00378947	0	4.029	1.02
543.8	0.00320991	0.00175716	50042.8	1050	105	49246.8	69.0985	69.0985	276.394	276.394	0 23205.6 -84.3959 	23121.2	0.00496707	2.578e-79	3.48866e-71	1050	3.48866e-71	0 2.84242e+07 5e+06 	3.34242e+07	6.20426	6.55445	12703.2	670	-0.00380957	0	4.029	1.02
544	0.00320993	0.00175728	50047.2	1050	105	49250.7	69.1575	69.1575	276.63	276.63	0 23204.2 -84.8325 	23119.4	0.00496721	2.41999e-79	3.27494e-71	1050	3.27494e-71	0 2.84258e+07 5e+06 	3.34258e+07	6.20412	6.55445	12703.2	670	-0.00382962	0	4.029	1.02
544.2	0.00320996	0.0017574	50051.7	1050	105	49254.5	69.2165	69.2165	276.866	276.866	0 23202.8 -85.2678 	23117.6	0.00496736	2.27167e-79	3.07431e-71	1050	3.07431e-71	0 2.84275e+07 5e+06 	3.34275e+07	6.20397	6.55445	12703.2	670	-0.00384961	0	4.029	1.02
544.4	0.00320998	0.00175752	50056.1	1050	105	49258.4	69.2756	69.2756	277.102	277.102	0 23201.4 -85.702 	23115.7	0.0049675	2.13244e-79	2.88596e-71	1050	2.88596e-71	0 2.84291e+07 5e+06 	3.34291e+07	6.20383	6.55445	12703.2	670	-0.00386956	0	4.029	1.02
544.6	0.00321001	0.00175764	50060.6	1050	105	49262.2	69.3347	69.3347	277.339	277.339	0 23200 -86.135 	23113.9	0.00496765	2.00174e-79	2.70916e-71	1050	2.70916e-71	0 2.84308e+07 5e+06 	3.34308e+07	6.20368	6.55445	12703.2	670	-0.00388945	0	4.029	1.02
544.8	0.00321003	0.00175776	50065	1050	105	49266.1	69.3939	69.3939	277.576	277.576	0 23198.6 -86.5668 	23112.1	0.00496779	1.87905e-79	2.54319e-71	1050	2.54319e-71	0 2.84324e+07 5e+06 	3.34324e+07	6.20354	6.55445	12703.2	670	-0.0039093	0	4.029	1.02
545	0.00321006	0.00175788	50069.4	1050	105	49269.9	69.4532	69.4532	277.813	277.813	0 23197.3 -86.9974 	23110.3	0.00496794	1.76389e-79	2.38739e-71	1050	2.38739e-71	0 2.84341e+07 5e+06 	3.34341e+07	6.20339	6.55445	12703.2	670	-0.00392909	0	4.029	1.02
545.2	0.00321008	0.001758	50073.9	1050	105	49273.7	69.5126	69.5126	278.05	278.05	0 23195.9 -87.4269 	23108.4	0.00496808	1.65578e-79	2.24113e-71	1050	2.24113e-71	0 2.84357e+07 5e+06 	3.34357e+07	6.20325	6.55445	12703.2	670	-0.00394884	0	4.029	1.02
545.4	0.00321011	0.00175812	50078.3	1050	105	49277.6	69.5721	69.5721	278.288	278.288	0 23194.5 -87.8551 	23106.6	0.00496823	1.55429e-79	2.10383e-71	1050	2.10383e-71	0 2.84374e+07 5e+06 	3.34374e+07	6.2031	6.55445	12703.2	670	-0.00396853	0	4.029	1.02
545.6	0.00321013	0.00175824	50082.7	1050	105	49281.4	69.6316	69.6316	278.526	278.526	0 23193.1 -88.2822 	23104.8	0.00496837	1.45903e-79	1.97494e-71	1050	1.97494e-71	0 2.8439e+07 5e+06 	3.3439e+07	6.20296	6.55445	12703.2	670	-0.00398817	0	4.029	1.02
545.8	0.00321016	0.00175836	50087.1	1050	105	49285.2	69.6912	69.6912	278.765	278.765	0 23191.7 -88.7081 	23103	0.00496851	1.36961e-79	1.85395e-71	1050	1.85395e-71	0 2.84407e+07 5e+06 	3.34407e+07	6.20282	6.55445	12703.2	670	-0.00400777	0	4.029	1.02
546	0.00321018	0.00175848	50091.5	1050	105	49289	69.7509	69.7509	279.003	279.003	0 23190.3 -89.1328 	23101.2	0.00496866	1.28566e-79	1.74037e-71	1050	1.74037e-71	0 2.84423e+07 5e+06 	3.34423e+07	6.20267	6.55445	12703.2	670	-0.00402731	0	4.029	1.02
546.2	0.00321021	0.00175859	50095.9	1050	105	49292.8	69.8106	69.8106	279.243	279.243	0 23188.9 -89.5563 	23099.4	0.0049688	1.20686e-79	1.63375e-71	1050	1.63375e-71	0 2.8444e+07 5e+06 	3.3444e+07	6.20253	6.55445	12703.2	670	-0.0040468	0	4.029	1.02
546.4	0.00321023	0.00175871	50100.3	1050	105	49296.6	69.8705	69.8705	279.482	279.482	0 23187.5 -89.9787 	23097.6	0.00496894	1.1329e-79	1.53366e-71	1050	1.53366e-71	0 2.84456e+07 5e+06 	3.34456e+07	6.20239	6.55445	12703.2	670	-0.00406625	0	4.029	1.02
546.6	0.00321026	0.00175883	50104.7	1050	105	49300.4	69.9304	69.9304	279.721	279.721	0 23186.2 -90.3998 	23095.8	0.00496909	1.06346e-79	1.43971e-71	1050	1.43971e-71	0 2.84472e+07 5e+06 	3.34472e+07	6.20224	6.55445	12703.2	670	-0.00408564	0	4.029	1.02
546.8	0.00321028	0.00175895	50109.1	1050	105	49304.2	69.9903	69.9903	279.961	279.961	0 23184.8 -90.8198 	23093.9	0.00496923	9.9828e-80	1.35151e-71	1050	1.35151e-71	0 2.84489e+07 5e+06 	3.34489e+07	6.2021	6.55445	12703.2	670	-0.00410498	0	4.029	1.02
547	0.0032103	0.00175907	50113.5	1050	105	49308	70.0504	70.0504	280.202	280.202	0 23183.4 -91.2387 	23092.1	0.00496937	9.37096e-80	1.26871e-71	1050	1.26871e-71	0 2.84505e+07 5e+06 	3.34505e+07	6.20196	6.55445	12703.2	670	-0.00412427	0	4.029	1.02
547.2	0.00321033	0.00175919	50117.9	1050	105	49311.8	70.1105	70.1105	280.442	280.442	0 23182 -91.6563 	23090.4	0.00496951	8.79661e-80	1.19098e-71	1050	1.19098e-71	0 2.84522e+07 5e+06 	3.34522e+07	6.20182	6.55445	12703.2	670	-0.00414351	0	4.029	1.02
547.4	0.00321035	0.0017593	50122.3	1050	105	49315.6	70.1707	70.1707	280.683	280.683	0 23180.6 -92.0728 	23088.6	0.00496966	8.25747e-80	1.11802e-71	1050	1.11802e-71	0 2.84538e+07 5e+06 	3.34538e+07	6.20167	6.55445	12703.2	670	-0.00416271	0	4.029	1.02
547.6	0.00321038	0.00175942	50126.7	1050	105	49319.4	70.231	70.231	280.924	280.924	0 23179.3 -92.4881 	23086.8	0.0049698	7.75137e-80	1.04953e-71	1050	1.04953e-71	0 2.84554e+07 5e+06 	3.34554e+07	6.20153	6.55445	12703.2	670	-0.00418185	0	4.029	1.02
547.8	0.0032104	0.00175954	50131.1	1050	105	49323.2	70.2914	70.2914	281.166	281.166	0 23177.9 -92.9022 	23085	0.00496994	7.27629e-80	9.85229e-72	1050	9.85229e-72	0 2.8457e+07 5e+06 	3.3457e+07	6.20139	6.55445	12703.2	670	-0.00420094	0	4.029	1.02
548	0.00321043	0.00175966	50135.5	1050	105	49326.9	70.3518	70.3518	281.407	281.407	0 23176.5 -93.3152 	23083.2	0.00497008	6.83032e-80	9.24871e-72	1050	9.24871e-72	0 2.84587e+07 5e+06 	3.34587e+07	6.20125	6.55445	12703.2	670	-0.00421998	0	4.029	1.02
548.2	0.00321045	0.00175977	50139.8	1050	105	49330.7	70.4123	70.4123	281.649	281.649	0 23175.1 -93.7269 	23081.4	0.00497023	6.41169e-80	8.68211e-72	1050	8.68211e-72	0 2.84603e+07 5e+06 	3.34603e+07	6.20111	6.55445	12703.2	670	-0.00423897	0	4.029	1.02
548.4	0.00321048	0.00175989	50144.2	1050	105	49334.5	70.4729	70.4729	281.892	281.892	0 23173.8 -94.1376 	23079.6	0.00497037	6.01872e-80	8.15021e-72	1050	8.15021e-72	0 2.84619e+07 5e+06 	3.34619e+07	6.20096	6.55445	12703.2	670	-0.00425791	0	4.029	1.02
548.6	0.0032105	0.00176001	50148.6	1050	105	49338.2	70.5336	70.5336	282.134	282.134	0 23172.4 -94.547 	23077.8	0.00497051	5.64984e-80	7.65091e-72	1050	7.65091e-72	0 2.84635e+07 5e+06 	3.34635e+07	6.20082	6.55445	12703.2	670	-0.00427681	0	4.029	1.02
548.8	0.00321052	0.00176013	50152.9	1050	105	49342	70.5943	70.5943	282.377	282.377	0 23171 -94.9553 	23076.1	0.00497065	5.30356e-80	7.18219e-72	1050	7.18219e-72	0 2.84652e+07 5e+06 	3.34652e+07	6.20068	6.55445	12703.2	670	-0.00429565	0	4.029	1.02
549	0.00321055	0.00176024	50157.3	1050	105	49345.7	70.6551	70.6551	282.621	282.621	0 23169.7 -95.3624 	23074.3	0.00497079	4.9785e-80	6.74219e-72	1050	6.74219e-72	0 2.84668e+07 5e+06 	3.34668e+07	6.20054	6.55445	12703.2	670	-0.00431444	0	4.029	1.02
549.2	0.00321057	0.00176036	50161.6	1050	105	49349.5	70.716	70.716	282.864	282.864	0 23168.3 -95.7684 	23072.5	0.00497093	4.67337e-80	6.32914e-72	1050	6.32914e-72	0 2.84684e+07 5e+06 	3.34684e+07	6.2004	6.55445	12703.2	670	-0.00433318	0	4.029	1.02
549.4	0.0032106	0.00176048	50166	1050	105	49353.2	70.777	70.777	283.108	283.108	0 23166.9 -96.1731 	23070.7	0.00497108	4.38694e-80	5.9414e-72	1050	5.9414e-72	0 2.847e+07 5e+06 	3.347e+07	6.20026	6.55445	12703.2	670	-0.00435187	0	4.029	1.02
549.6	0.00321062	0.0017606	50170.3	1050	105	49356.9	70.8381	70.8381	283.352	283.352	0 23165.6 -96.5768 	23069	0.00497122	4.11807e-80	5.57741e-72	1050	5.57741e-72	0 2.84716e+07 5e+06 	3.34716e+07	6.20012	6.55445	12703.2	670	-0.00437052	0	4.029	1.02
549.8	0.00321065	0.00176071	50174.7	1050	105	49360.7	70.8992	70.8992	283.597	283.597	0 23164.2 -96.9792 	23067.2	0.00497136	3.86567e-80	5.23572e-72	1050	5.23572e-72	0 2.84733e+07 5e+06 	3.34733e+07	6.19998	6.55445	12703.2	670	-0.00438911	0	4.029	1.02
550	0.00321067	0.00176083	50179	1050	105	49364.4	70.9604	70.9604	283.842	283.842	0 23162.8 -97.3805 	23065.5	0.0049715	3.62875e-80	4.91496e-72	1050	4.91496e-72	0 2.84749e+07 5e+06 	3.34749e+07	6.19984	6.55445	12703.2	670	-0.00440765	0	4.029	1.02
550.2	0.00321069	0.00176095	50183.3	1050	105	49368.1	71.0217	71.0217	284.087	284.087	0 23161.5 -97.7807 	23063.7	0.00497164	3.40634e-80	4.61386e-72	1050	4.61386e-72	0 2.84765e+07 5e+06 	3.34765e+07	6.1997	6.55445	12703.2	670	-0.00442615	0	4.029	1.02
550.4	0.00321072	0.00176106	50187.7	1050	105	49371.8	71.083	71.083	284.332	284.332	0 23160.1 -98.1797 	23061.9	0.00497178	3.19757e-80	4.3312e-72	1050	4.3312e-72	0 2.84781e+07 5e+06 	3.34781e+07	6.19956	6.55445	12703.2	670	-0.00444459	0	4.029	1.02
550.6	0.00321074	0.00176118	50192	1050	105	49375.5	71.1445	71.1445	284.578	284.578	0 23158.8 -98.5775 	23060.2	0.00497192	3.00159e-80	4.06586e-72	1050	4.06586e-72	0 2.84797e+07 5e+06 	3.34797e+07	6.19942	6.55445	12703.2	670	-0.00446298	0	4.029	1.02
550.8	0.00321077	0.00176129	50196.3	1050	105	49379.3	71.206	71.206	284.824	284.824	0 23157.4 -98.9741 	23058.4	0.00497206	2.81763e-80	3.81677e-72	1050	3.81677e-72	0 2.84813e+07 5e+06 	3.34813e+07	6.19929	6.55445	12703.2	670	-0.00448133	0	4.029	1.02
551	0.00321079	0.00176141	50200.6	1050	105	49383	71.2676	71.2676	285.07	285.07	0 23156 -99.3697 	23056.7	0.0049722	2.64493e-80	3.58294e-72	1050	3.58294e-72	0 2.84829e+07 5e+06 	3.34829e+07	6.19915	6.55445	12703.2	670	-0.00449962	0	4.029	1.02
551.2	0.00321081	0.00176153	50204.9	1050	105	49386.7	71.3292	71.3292	285.317	285.317	0 23154.7 -99.764 	23054.9	0.00497234	2.48283e-80	3.36344e-72	1050	3.36344e-72	0 2.84845e+07 5e+06 	3.34845e+07	6.19901	6.55445	12703.2	670	-0.00451787	0	4.029	1.02
551.4	0.00321084	0.00176164	50209.3	1050	105	49390.3	71.391	71.391	285.564	285.564	0 23153.3 -100.157 	23053.2	0.00497248	2.33066e-80	3.15738e-72	1050	3.15738e-72	0 2.84861e+07 5e+06 	3.34861e+07	6.19887	6.55445	12703.2	670	-0.00453607	0	4.029	1.02
551.6	0.00321086	0.00176176	50213.6	1050	105	49394	71.4528	71.4528	285.811	285.811	0 23152 -100.549 	23051.4	0.00497262	2.18781e-80	2.96395e-72	1050	2.96395e-72	0 2.84877e+07 5e+06 	3.34877e+07	6.19873	6.55445	12703.2	670	-0.00455421	0	4.029	1.02
551.8	0.00321088	0.00176187	50217.9	1050	105	49397.7	71.5147	71.5147	286.059	286.059	0 23150.6 -100.94 	23049.7	0.00497276	2.05372e-80	2.78237e-72	1050	2.78237e-72	0 2.84893e+07 5e+06 	3.34893e+07	6.19859	6.55445	12703.2	670	-0.00457231	0	4.029	1.02
552	0.00321091	0.00176199	50222.2	1050	105	49401.4	71.5767	71.5767	286.307	286.307	0 23149.3 -101.33 	23048	0.0049729	1.92785e-80	2.61192e-72	1050	2.61192e-72	0 2.84909e+07 5e+06 	3.34909e+07	6.19846	6.55445	12703.2	670	-0.00459036	0	4.029	1.02
552.2	0.00321093	0.00176211	50226.5	1050	105	49405.1	71.6387	71.6387	286.555	286.555	0 23147.9 -101.718 	23046.2	0.00497304	1.80969e-80	2.4519e-72	1050	2.4519e-72	0 2.84925e+07 5e+06 	3.34925e+07	6.19832	6.55445	12703.2	670	-0.00460835	0	4.029	1.02
552.4	0.00321096	0.00176222	50230.8	1050	105	49408.7	71.7008	71.7008	286.803	286.803	0 23146.6 -102.106 	23044.5	0.00497318	1.69878e-80	2.30169e-72	1050	2.30169e-72	0 2.84941e+07 5e+06 	3.34941e+07	6.19818	6.55445	12703.2	670	-0.0046263	0	4.029	1.02
552.6	0.00321098	0.00176234	50235	1050	105	49412.4	71.763	71.763	287.052	287.052	0 23145.2 -102.492 	23042.8	0.00497332	1.59466e-80	2.16068e-72	1050	2.16068e-72	0 2.84957e+07 5e+06 	3.34957e+07	6.19804	6.55445	12703.2	670	-0.0046442	0	4.029	1.02
552.8	0.003211	0.00176245	50239.3	1050	105	49416.1	71.8253	71.8253	287.301	287.301	0 23143.9 -102.877 	23041	0.00497346	1.49693e-80	2.02831e-72	1050	2.02831e-72	0 2.84973e+07 5e+06 	3.34973e+07	6.19791	6.55445	12703.2	670	-0.00466205	0	4.029	1.02
553	0.00321103	0.00176257	50243.6	1050	105	49419.7	71.8877	71.8877	287.551	287.551	0 23142.6 -103.261 	23039.3	0.00497359	1.40518e-80	1.90405e-72	1050	1.90405e-72	0 2.84989e+07 5e+06 	3.34989e+07	6.19777	6.55445	12703.2	670	-0.00467985	0	4.029	1.02
553.2	0.00321105	0.00176268	50247.9	1050	105	49423.4	71.9501	71.9501	287.801	287.801	0 23141.2 -103.644 	23037.6	0.00497373	1.31906e-80	1.7874e-72	1050	1.7874e-72	0 2.85005e+07 5e+06 	3.35005e+07	6.19763	6.55445	12703.2	670	-0.0046976	0	4.029	1.02
553.4	0.00321107	0.0017628	50252.2	1050	105	49427	72.0127	72.0127	288.051	288.051	0 23139.9 -104.026 	23035.9	0.00497387	1.23821e-80	1.6779e-72	1050	1.6779e-72	0 2.85021e+07 5e+06 	3.35021e+07	6.1975	6.55445	12703.2	670	-0.0047153	0	4.029	1.02
553.6	0.0032111	0.00176291	50256.4	1050	105	49430.7	72.0753	72.0753	288.301	288.301	0 23138.5 -104.406 	23034.1	0.00497401	1.16233e-80	1.57511e-72	1050	1.57511e-72	0 2.85037e+07 5e+06 	3.35037e+07	6.19736	6.55445	12703.2	670	-0.00473295	0	4.029	1.02
553.8	0.00321112	0.00176303	50260.7	1050	105	49434.3	72.1379	72.1379	288.552	288.552	0 23137.2 -104.786 	23032.4	0.00497415	1.09109e-80	1.47861e-72	1050	1.47861e-72	0 2.85052e+07 5e+06 	3.35052e+07	6.19723	6.55445	12703.2	670	-0.00475056	0	4.029	1.02
554	0.00321114	0.00176314	50265	1050	105	49438	72.2007	72.2007	288.803	288.803	0 23135.9 -105.164 	23030.7	0.00497429	1.02422e-80	1.38803e-72	1050	1.38803e-72	0 2.85068e+07 5e+06 	3.35068e+07	6.19709	6.55445	12703.2	670	-0.00476811	0	4.029	1.02
554.2	0.00321117	0.00176326	50269.2	1050	105	49441.6	72.2635	72.2635	289.054	289.054	0 23134.5 -105.541 	23029	0.00497442	9.61442e-81	1.30299e-72	1050	1.30299e-72	0 2.85084e+07 5e+06 	3.35084e+07	6.19695	6.55445	12703.2	670	-0.00478562	0	4.029	1.02
554.4	0.00321119	0.00176337	50273.5	1050	105	49445.2	72.3264	72.3264	289.306	289.306	0 23133.2 -105.917 	23027.3	0.00497456	9.02516e-81	1.22317e-72	1050	1.22317e-72	0 2.851e+07 5e+06 	3.351e+07	6.19682	6.55445	12703.2	670	-0.00480307	0	4.029	1.02
554.6	0.00321121	0.00176349	50277.7	1050	105	49448.8	72.3894	72.3894	289.558	289.558	0 23131.9 -106.292 	23025.6	0.0049747	8.47202e-81	1.14823e-72	1050	1.14823e-72	0 2.85116e+07 5e+06 	3.35116e+07	6.19668	6.55445	12703.2	670	-0.00482048	0	4.029	1.02
554.8	0.00321124	0.0017636	50282	1050	105	49452.4	72.4525	72.4525	289.81	289.81	0 23130.5 -106.666 	23023.9	0.00497484	7.95278e-81	1.07789e-72	1050	1.07789e-72	0 2.85131e+07 5e+06 	3.35131e+07	6.19655	6.55445	12703.2	670	-0.00483783	0	4.029	1.02
555	0.00321126	0.00176371	50286.2	1050	105	49456.1	72.5156	72.5156	290.063	290.063	0 23129.2 -107.038 	23022.2	0.00497498	7.46536e-81	1.01185e-72	1050	1.01185e-72	0 2.85147e+07 5e+06 	3.35147e+07	6.19641	6.55445	12703.2	670	-0.00485514	0	4.029	1.02
555.2	0.00321128	0.00176383	50290.5	1050	105	49459.7	72.5789	72.5789	290.316	290.316	0 23127.9 -107.41 	23020.5	0.00497511	7.00781e-81	9.49865e-73	1050	9.49865e-73	0 2.85163e+07 5e+06 	3.35163e+07	6.19628	6.55445	12703.2	670	-0.0048724	0	4.029	1.02
555.4	0.00321131	0.00176394	50294.7	1050	105	49463.3	72.6422	72.6422	290.569	290.569	0 23126.5 -107.78 	23018.8	0.00497525	6.57831e-81	8.91673e-73	1050	8.91673e-73	0 2.85179e+07 5e+06 	3.35179e+07	6.19614	6.55445	12703.2	670	-0.00488961	0	4.029	1.02
555.6	0.00321133	0.00176406	50298.9	1050	105	49466.9	72.7056	72.7056	290.822	290.822	0 23125.2 -108.149 	23017.1	0.00497539	6.17513e-81	8.37046e-73	1050	8.37046e-73	0 2.85194e+07 5e+06 	3.35194e+07	6.19601	6.55445	12703.2	670	-0.00490677	0	4.029	1.02
555.8	0.00321135	0.00176417	50303.1	1050	105	49470.5	72.769	72.769	291.076	291.076	0 23123.9 -108.517 	23015.4	0.00497552	5.79667e-81	7.85766e-73	1050	7.85766e-73	0 2.8521e+07 5e+06 	3.3521e+07	6.19588	6.55445	12703.2	670	-0.00492388	0	4.029	1.02
556	0.00321138	0.00176428	50307.4	1050	105	49474	72.8326	72.8326	291.33	291.33	0 23122.6 -108.884 	23013.7	0.00497566	5.4414e-81	7.37628e-73	1050	7.37628e-73	0 2.85226e+07 5e+06 	3.35226e+07	6.19574	6.55445	12703.2	670	-0.00494095	0	4.029	1.02
556.2	0.0032114	0.0017644	50311.6	1050	105	49477.6	72.8962	72.8962	291.585	291.585	0 23121.3 -109.25 	23012	0.0049758	5.1079e-81	6.92438e-73	1050	6.92438e-73	0 2.85241e+07 5e+06 	3.35241e+07	6.19561	6.55445	12703.2	670	-0.00495796	0	4.029	1.02
556.4	0.00321142	0.00176451	50315.8	1050	105	49481.2	72.9599	72.9599	291.84	291.84	0 23119.9 -109.615 	23010.3	0.00497593	4.79484e-81	6.50018e-73	1050	6.50018e-73	0 2.85257e+07 5e+06 	3.35257e+07	6.19547	6.55445	12703.2	670	-0.00497492	0	4.029	1.02
556.6	0.00321145	0.00176462	50320	1050	105	49484.8	73.0237	73.0237	292.095	292.095	0 23118.6 -109.978 	23008.6	0.00497607	4.50097e-81	6.10195e-73	1050	6.10195e-73	0 2.85273e+07 5e+06 	3.35273e+07	6.19534	6.55445	12703.2	670	-0.00499184	0	4.029	1.02
556.8	0.00321147	0.00176474	50324.2	1050	105	49488.4	73.0875	73.0875	292.35	292.35	0 23117.3 -110.341 	23007	0.00497621	4.22511e-81	5.72813e-73	1050	5.72813e-73	0 2.85288e+07 5e+06 	3.35288e+07	6.19521	6.55445	12703.2	670	-0.00500871	0	4.029	1.02
557	0.00321149	0.00176485	50328.4	1050	105	49491.9	73.1515	73.1515	292.606	292.606	0 23116 -110.702 	23005.3	0.00497634	3.96616e-81	5.37721e-73	1050	5.37721e-73	0 2.85304e+07 5e+06 	3.35304e+07	6.19508	6.55445	12703.2	670	-0.00502553	0	4.029	1.02
557.2	0.00321152	0.00176496	50332.6	1050	105	49495.5	73.2155	73.2155	292.862	292.862	0 23114.7 -111.062 	23003.6	0.00497648	3.72308e-81	5.04778e-73	1050	5.04778e-73	0 2.8532e+07 5e+06 	3.3532e+07	6.19494	6.55445	12703.2	670	-0.0050423	0	4.029	1.02
557.4	0.00321154	0.00176508	50336.8	1050	105	49499	73.2796	73.2796	293.118	293.118	0 23113.3 -111.421 	23001.9	0.00497661	3.4949e-81	4.73854e-73	1050	4.73854e-73	0 2.85335e+07 5e+06 	3.35335e+07	6.19481	6.55445	12703.2	670	-0.00505902	0	4.029	1.02
557.6	0.00321156	0.00176519	50341	1050	105	49502.6	73.3438	73.3438	293.375	293.375	0 23112 -111.779 	23000.3	0.00497675	3.2807e-81	4.44824e-73	1050	4.44824e-73	0 2.85351e+07 5e+06 	3.35351e+07	6.19468	6.55445	12703.2	670	-0.00507569	0	4.029	1.02
557.8	0.00321158	0.0017653	50345.2	1050	105	49506.1	73.408	73.408	293.632	293.632	0 23110.7 -112.136 	22998.6	0.00497689	3.07963e-81	4.17573e-73	1050	4.17573e-73	0 2.85366e+07 5e+06 	3.35366e+07	6.19455	6.55445	12703.2	670	-0.00509231	0	4.029	1.02
558	0.00321161	0.00176541	50349.4	1050	105	49509.7	73.4724	73.4724	293.89	293.89	0 23109.4 -112.491 	22996.9	0.00497702	2.89088e-81	3.91991e-73	1050	3.91991e-73	0 2.85382e+07 5e+06 	3.35382e+07	6.19441	6.55445	12703.2	670	-0.00510888	0	4.029	1.02
558.2	0.00321163	0.00176553	50353.6	1050	105	49513.2	73.5368	73.5368	294.147	294.147	0 23108.1 -112.846 	22995.3	0.00497716	2.71371e-81	3.67977e-73	1050	3.67977e-73	0 2.85397e+07 5e+06 	3.35397e+07	6.19428	6.55445	12703.2	670	-0.00512541	0	4.029	1.02
558.4	0.00321165	0.00176564	50357.8	1050	105	49516.8	73.6013	73.6013	294.405	294.405	0 23106.8 -113.199 	22993.6	0.00497729	2.54739e-81	3.45433e-73	1050	3.45433e-73	0 2.85413e+07 5e+06 	3.35413e+07	6.19415	6.55445	12703.2	670	-0.00514189	0	4.029	1.02
558.6	0.00321168	0.00176575	50362	1050	105	49520.3	73.6659	73.6659	294.664	294.664	0 23105.5 -113.551 	22991.9	0.00497743	2.39126e-81	3.24271e-73	1050	3.24271e-73	0 2.85428e+07 5e+06 	3.35428e+07	6.19402	6.55445	12703.2	670	-0.00515831	0	4.029	1.02
558.8	0.0032117	0.00176586	50366.1	1050	105	49523.8	73.7305	73.7305	294.922	294.922	0 23104.2 -113.902 	22990.3	0.00497756	2.2447e-81	3.04405e-73	1050	3.04405e-73	0 2.85444e+07 5e+06 	3.35444e+07	6.19389	6.55445	12703.2	670	-0.00517469	0	4.029	1.02
559	0.00321172	0.00176598	50370.3	1050	105	49527.3	73.7953	73.7953	295.181	295.181	0 23102.9 -114.252 	22988.6	0.0049777	2.10713e-81	2.85756e-73	1050	2.85756e-73	0 2.85459e+07 5e+06 	3.35459e+07	6.19376	6.55445	12703.2	670	-0.00519102	0	4.029	1.02
559.2	0.00321174	0.00176609	50374.5	1050	105	49530.9	73.8601	73.8601	295.44	295.44	0 23101.6 -114.601 	22987	0.00497783	1.97799e-81	2.6825e-73	1050	2.6825e-73	0 2.85475e+07 5e+06 	3.35475e+07	6.19363	6.55445	12703.2	670	-0.00520731	0	4.029	1.02
559.4	0.00321177	0.0017662	50378.6	1050	105	49534.4	73.925	73.925	295.7	295.7	0 23100.3 -114.949 	22985.3	0.00497797	1.85676e-81	2.51816e-73	1050	2.51816e-73	0 2.8549e+07 5e+06 	3.3549e+07	6.19349	6.55445	12703.2	670	-0.00522354	0	4.029	1.02
559.6	0.00321179	0.00176631	50382.8	1050	105	49537.9	73.99	73.99	295.96	295.96	0 23099 -115.296 	22983.7	0.0049781	1.74296e-81	2.36389e-73	1050	2.36389e-73	0 2.85506e+07 5e+06 	3.35506e+07	6.19336	6.55445	12703.2	670	-0.00523972	0	4.029	1.02
559.8	0.00321181	0.00176642	50386.9	1050	105	49541.4	74.055	74.055	296.22	296.22	0 23097.7 -115.641 	22982	0.00497824	1.63614e-81	2.21907e-73	1050	2.21907e-73	0 2.85521e+07 5e+06 	3.35521e+07	6.19323	6.55445	12703.2	670	-0.00525586	0	4.029	1.02
560	0.00321183	0.00176654	50391.1	1050	105	49544.9	74.1202	74.1202	296.481	296.481	0 23096.4 -115.986 	22980.4	0.00497837	1.53586e-81	2.08313e-73	1050	2.08313e-73	0 2.85536e+07 5e+06 	3.35536e+07	6.1931	6.55445	12703.2	670	-0.00527195	0	4.029	1.02
560.2	0.00321186	0.00176665	50395.2	1050	105	49548.4	74.1854	74.1854	296.742	296.742	0 23095.1 -116.329 	22978.7	0.0049785	1.44173e-81	1.95551e-73	1050	1.95551e-73	0 2.85552e+07 5e+06 	3.35552e+07	6.19297	6.55445	12703.2	670	-0.00528799	0	4.029	1.02
560.4	0.00321188	0.00176676	50399.4	1050	105	49551.9	74.2507	74.2507	297.003	297.003	0 23093.8 -116.671 	22977.1	0.00497864	1.35337e-81	1.83571e-73	1050	1.83571e-73	0 2.85567e+07 5e+06 	3.35567e+07	6.19284	6.55445	12703.2	670	-0.00530398	0	4.029	1.02
560.6	0.0032119	0.00176687	50403.5	1050	105	49555.3	74.3161	74.3161	297.264	297.264	0 23092.5 -117.012 	22975.5	0.00497877	1.27042e-81	1.72325e-73	1050	1.72325e-73	0 2.85582e+07 5e+06 	3.35582e+07	6.19271	6.55445	12703.2	670	-0.00531992	0	4.029	1.02
560.8	0.00321192	0.00176698	50407.6	1050	105	49558.8	74.3816	74.3816	297.526	297.526	0 23091.2 -117.352 	22973.8	0.0049789	1.19256e-81	1.61767e-73	1050	1.61767e-73	0 2.85598e+07 5e+06 	3.35598e+07	6.19259	6.55445	12703.2	670	-0.00533582	0	4.029	1.02
561	0.00321195	0.00176709	50411.8	1050	105	49562.3	74.4471	74.4471	297.788	297.788	0 23089.9 -117.691 	22972.2	0.00497904	1.11947e-81	1.51857e-73	1050	1.51857e-73	0 2.85613e+07 5e+06 	3.35613e+07	6.19246	6.55445	12703.2	670	-0.00535166	0	4.029	1.02
561.2	0.00321197	0.0017672	50415.9	1050	105	49565.8	74.5127	74.5127	298.051	298.051	0 23088.6 -118.029 	22970.6	0.00497917	1.05086e-81	1.42554e-73	1050	1.42554e-73	0 2.85628e+07 5e+06 	3.35628e+07	6.19233	6.55445	12703.2	670	-0.00536746	0	4.029	1.02
561.4	0.00321199	0.00176731	50420	1050	105	49569.2	74.5785	74.5785	298.314	298.314	0 23087.3 -118.365 	22968.9	0.0049793	9.86456e-82	1.33821e-73	1050	1.33821e-73	0 2.85644e+07 5e+06 	3.35644e+07	6.1922	6.55445	12703.2	670	-0.00538321	0	4.029	1.02
561.6	0.00321201	0.00176743	50424.1	1050	105	49572.7	74.6442	74.6442	298.577	298.577	0 23086 -118.701 	22967.3	0.00497944	9.25998e-82	1.25622e-73	1050	1.25622e-73	0 2.85659e+07 5e+06 	3.35659e+07	6.19207	6.55445	12703.2	670	-0.00539891	0	4.029	1.02
561.8	0.00321203	0.00176754	50428.3	1050	105	49576.2	74.7101	74.7101	298.84	298.84	0 23084.7 -119.035 	22965.7	0.00497957	8.69245e-82	1.17926e-73	1050	1.17926e-73	0 2.85674e+07 5e+06 	3.35674e+07	6.19194	6.55445	12703.2	670	-0.00541456	0	4.029	1.02
562	0.00321206	0.00176765	50432.4	1050	105	49579.6	74.7761	74.7761	299.104	299.104	0 23083.5 -119.369 	22964.1	0.0049797	8.15971e-82	1.10702e-73	1050	1.10702e-73	0 2.85689e+07 5e+06 	3.35689e+07	6.19181	6.55445	12703.2	670	-0.00543017	0	4.029	1.02
562.2	0.00321208	0.00176776	50436.5	1050	105	49583.1	74.8421	74.8421	299.368	299.368	0 23082.2 -119.701 	22962.5	0.00497984	7.65962e-82	1.0392e-73	1050	1.0392e-73	0 2.85705e+07 5e+06 	3.35705e+07	6.19168	6.55445	12703.2	670	-0.00544572	0	4.029	1.02
562.4	0.0032121	0.00176787	50440.6	1050	105	49586.5	74.9082	74.9082	299.633	299.633	0 23080.9 -120.032 	22960.9	0.00497997	7.19017e-82	9.75533e-74	1050	9.75533e-74	0 2.8572e+07 5e+06 	3.3572e+07	6.19156	6.55445	12703.2	670	-0.00546123	0	4.029	1.02
562.6	0.00321212	0.00176798	50444.7	1050	105	49589.9	74.9744	74.9744	299.898	299.898	0 23079.6 -120.362 	22959.2	0.0049801	6.7495e-82	9.15769e-74	1050	9.15769e-74	0 2.85735e+07 5e+06 	3.35735e+07	6.19143	6.55445	12703.2	670	-0.00547669	0	4.029	1.02
562.8	0.00321214	0.00176809	50448.8	1050	105	49593.4	75.0407	75.0407	300.163	300.163	0 23078.3 -120.691 	22957.6	0.00498023	6.33584e-82	8.59666e-74	1050	8.59666e-74	0 2.8575e+07 5e+06 	3.3575e+07	6.1913	6.55445	12703.2	670	-0.0054921	0	4.029	1.02
563	0.00321217	0.0017682	50452.9	1050	105	49596.8	75.1071	75.1071	300.428	300.428	0 23077 -121.019 	22956	0.00498037	5.94753e-82	8.07001e-74	1050	8.07001e-74	0 2.85765e+07 5e+06 	3.35765e+07	6.19117	6.55445	12703.2	670	-0.00550746	0	4.029	1.02
563.2	0.00321219	0.00176831	50457	1050	105	49600.2	75.1735	75.1735	300.694	300.694	0 23075.8 -121.345 	22954.4	0.0049805	5.58302e-82	7.57561e-74	1050	7.57561e-74	0 2.85781e+07 5e+06 	3.35781e+07	6.19105	6.55445	12703.2	670	-0.00552278	0	4.029	1.02
563.4	0.00321221	0.00176842	50461.1	1050	105	49603.7	75.24	75.24	300.96	300.96	0 23074.5 -121.671 	22952.8	0.00498063	5.24084e-82	7.11151e-74	1050	7.11151e-74	0 2.85796e+07 5e+06 	3.35796e+07	6.19092	6.55445	12703.2	670	-0.00553804	0	4.029	1.02
563.6	0.00321223	0.00176853	50465.1	1050	105	49607.1	75.3066	75.3066	301.227	301.227	0 23073.2 -121.995 	22951.2	0.00498076	4.91964e-82	6.67583e-74	1050	6.67583e-74	0 2.85811e+07 5e+06 	3.35811e+07	6.19079	6.55445	12703.2	670	-0.00555326	0	4.029	1.02
563.8	0.00321225	0.00176864	50469.2	1050	105	49610.5	75.3733	75.3733	301.493	301.493	0 23071.9 -122.319 	22949.6	0.00498089	4.61813e-82	6.26685e-74	1050	6.26685e-74	0 2.85826e+07 5e+06 	3.35826e+07	6.19067	6.55445	12703.2	670	-0.00556843	0	4.029	1.02
564	0.00321228	0.00176875	50473.3	1050	105	49613.9	75.4401	75.4401	301.76	301.76	0 23070.7 -122.641 	22948	0.00498103	4.33509e-82	5.88293e-74	1050	5.88293e-74	0 2.85841e+07 5e+06 	3.35841e+07	6.19054	6.55445	12703.2	670	-0.00558356	0	4.029	1.02
564.2	0.0032123	0.00176886	50477.4	1050	105	49617.3	75.507	75.507	302.028	302.028	0 23069.4 -122.962 	22946.4	0.00498116	4.06941e-82	5.52252e-74	1050	5.52252e-74	0 2.85856e+07 5e+06 	3.35856e+07	6.19041	6.55445	12703.2	670	-0.00559863	0	4.029	1.02
564.4	0.00321232	0.00176897	50481.4	1050	105	49620.7	75.5739	75.5739	302.296	302.296	0 23068.1 -123.282 	22944.8	0.00498129	3.82e-82	5.18419e-74	1050	5.18419e-74	0 2.85871e+07 5e+06 	3.35871e+07	6.19029	6.55445	12703.2	670	-0.00561366	0	4.029	1.02
564.6	0.00321234	0.00176908	50485.5	1050	105	49624.1	75.6409	75.6409	302.564	302.564	0 23066.8 -123.601 	22943.2	0.00498142	3.58588e-82	4.86659e-74	1050	4.86659e-74	0 2.85886e+07 5e+06 	3.35886e+07	6.19016	6.55445	12703.2	670	-0.00562864	0	4.029	1.02
564.8	0.00321236	0.00176919	50489.6	1050	105	49627.5	75.708	75.708	302.832	302.832	0 23065.6 -123.919 	22941.7	0.00498155	3.36611e-82	4.56845e-74	1050	4.56845e-74	0 2.85901e+07 5e+06 	3.35901e+07	6.19004	6.55445	12703.2	670	-0.00564357	0	4.029	1.02
565	0.00321239	0.0017693	50493.6	1050	105	49630.9	75.7752	75.7752	303.101	303.101	0 23064.3 -124.236 	22940.1	0.00498168	3.15981e-82	4.28857e-74	1050	4.28857e-74	0 2.85916e+07 5e+06 	3.35916e+07	6.18991	6.55445	12703.2	670	-0.00565845	0	4.029	1.02
565.2	0.00321241	0.0017694	50497.7	1050	105	49634.2	75.8425	75.8425	303.37	303.37	0 23063 -124.552 	22938.5	0.00498181	2.96615e-82	4.02584e-74	1050	4.02584e-74	0 2.85931e+07 5e+06 	3.35931e+07	6.18979	6.55445	12703.2	670	-0.00567328	0	4.029	1.02
565.4	0.00321243	0.00176951	50501.7	1050	105	49637.6	75.9098	75.9098	303.639	303.639	0 23061.8 -124.866 	22936.9	0.00498194	2.78436e-82	3.77921e-74	1050	3.77921e-74	0 2.85946e+07 5e+06 	3.35946e+07	6.18966	6.55445	12703.2	670	-0.00568807	0	4.029	1.02
565.6	0.00321245	0.00176962	50505.8	1050	105	49641	75.9773	75.9773	303.909	303.909	0 23060.5 -125.18 	22935.3	0.00498207	2.61372e-82	3.54768e-74	1050	3.54768e-74	0 2.85961e+07 5e+06 	3.35961e+07	6.18954	6.55445	12703.2	670	-0.00570281	0	4.029	1.02
565.8	0.00321247	0.00176973	50509.8	1050	105	49644.3	76.0448	76.0448	304.179	304.179	0 23059.2 -125.492 	22933.8	0.0049822	2.45353e-82	3.33034e-74	1050	3.33034e-74	0 2.85976e+07 5e+06 	3.35976e+07	6.18941	6.55445	12703.2	670	-0.0057175	0	4.029	1.02
566	0.00321249	0.00176984	50513.8	1050	105	49647.7	76.1124	76.1124	304.45	304.45	0 23058 -125.804 	22932.2	0.00498233	2.30316e-82	3.12631e-74	1050	3.12631e-74	0 2.85991e+07 5e+06 	3.35991e+07	6.18929	6.55445	12703.2	670	-0.00573214	0	4.029	1.02
566.2	0.00321252	0.00176995	50517.9	1050	105	49651.1	76.1801	76.1801	304.72	304.72	0 23056.7 -126.114 	22930.6	0.00498246	2.162e-82	2.93479e-74	1050	2.93479e-74	0 2.86006e+07 5e+06 	3.36006e+07	6.18916	6.55445	12703.2	670	-0.00574674	0	4.029	1.02
566.4	0.00321254	0.00177006	50521.9	1050	105	49654.4	76.2478	76.2478	304.991	304.991	0 23055.5 -126.423 	22929	0.00498259	2.0295e-82	2.75499e-74	1050	2.75499e-74	0 2.86021e+07 5e+06 	3.36021e+07	6.18904	6.55445	12703.2	670	-0.00576129	0	4.029	1.02
566.6	0.00321256	0.00177017	50525.9	1050	105	49657.8	76.3157	76.3157	305.263	305.263	0 23054.2 -126.731 	22927.5	0.00498272	1.90511e-82	2.58621e-74	1050	2.58621e-74	0 2.86036e+07 5e+06 	3.36036e+07	6.18891	6.55445	12703.2	670	-0.00577579	0	4.029	1.02
566.8	0.00321258	0.00177027	50529.9	1050	105	49661.1	76.3836	76.3836	305.534	305.534	0 23053 -127.038 	22925.9	0.00498285	1.78836e-82	2.42777e-74	1050	2.42777e-74	0 2.86051e+07 5e+06 	3.36051e+07	6.18879	6.55445	12703.2	670	-0.00579024	0	4.029	1.02
567	0.0032126	0.00177038	50534	1050	105	49664.5	76.4516	76.4516	305.807	305.807	0 23051.7 -127.344 	22924.4	0.00498298	1.67875e-82	2.27904e-74	1050	2.27904e-74	0 2.86066e+07 5e+06 	3.36066e+07	6.18867	6.55445	12703.2	670	-0.00580464	0	4.029	1.02
567.2	0.00321262	0.00177049	50538	1050	105	49667.8	76.5197	76.5197	306.079	306.079	0 23050.4 -127.649 	22922.8	0.00498311	1.57586e-82	2.13942e-74	1050	2.13942e-74	0 2.86081e+07 5e+06 	3.36081e+07	6.18854	6.55445	12703.2	670	-0.005819	0	4.029	1.02
567.4	0.00321264	0.0017706	50542	1050	105	49671.1	76.5879	76.5879	306.352	306.352	0 23049.2 -127.953 	22921.2	0.00498324	1.47928e-82	2.00835e-74	1050	2.00835e-74	0 2.86096e+07 5e+06 	3.36096e+07	6.18842	6.55445	12703.2	670	-0.00583331	0	4.029	1.02
567.6	0.00321266	0.00177071	50546	1050	105	49674.4	76.6562	76.6562	306.625	306.625	0 23047.9 -128.255 	22919.7	0.00498337	1.38862e-82	1.88531e-74	1050	1.88531e-74	0 2.8611e+07 5e+06 	3.3611e+07	6.1883	6.55445	12703.2	670	-0.00584757	0	4.029	1.02
567.8	0.00321269	0.00177081	50550	1050	105	49677.8	76.7245	76.7245	306.898	306.898	0 23046.7 -128.557 	22918.1	0.0049835	1.30352e-82	1.76981e-74	1050	1.76981e-74	0 2.86125e+07 5e+06 	3.36125e+07	6.18817	6.55445	12703.2	670	-0.00586179	0	4.029	1.02
568	0.00321271	0.00177092	50554	1050	105	49681.1	76.793	76.793	307.172	307.172	0 23045.4 -128.857 	22916.6	0.00498363	1.22363e-82	1.66139e-74	1050	1.66139e-74	0 2.8614e+07 5e+06 	3.3614e+07	6.18805	6.55445	12703.2	670	-0.00587595	0	4.029	1.02
568.2	0.00321273	0.00177103	50558	1050	105	49684.4	76.8615	76.8615	307.446	307.446	0 23044.2 -129.157 	22915	0.00498376	1.14864e-82	1.55961e-74	1050	1.55961e-74	0 2.86155e+07 5e+06 	3.36155e+07	6.18793	6.55445	12703.2	670	-0.00589007	0	4.029	1.02
568.4	0.00321275	0.00177114	50562	1050	105	49687.7	76.9301	76.9301	307.72	307.72	0 23042.9 -129.455 	22913.5	0.00498389	1.07824e-82	1.46406e-74	1050	1.46406e-74	0 2.8617e+07 5e+06 	3.3617e+07	6.18781	6.55445	12703.2	670	-0.00590414	0	4.029	1.02
568.6	0.00321277	0.00177124	50566	1050	105	49691	76.9988	76.9988	307.995	307.995	0 23041.7 -129.752 	22911.9	0.00498401	1.01216e-82	1.37437e-74	1050	1.37437e-74	0 2.86184e+07 5e+06 	3.36184e+07	6.18768	6.55445	12703.2	670	-0.00591817	0	4.029	1.02
568.8	0.00321279	0.00177135	50570	1050	105	49694.3	77.0676	77.0676	308.27	308.27	0 23040.5 -130.049 	22910.4	0.00498414	9.50124e-83	1.29017e-74	1050	1.29017e-74	0 2.86199e+07 5e+06 	3.36199e+07	6.18756	6.55445	12703.2	670	-0.00593214	0	4.029	1.02
569	0.00321281	0.00177146	50574	1050	105	49697.6	77.1364	77.1364	308.546	308.546	0 23039.2 -130.344 	22908.9	0.00498427	8.91894e-83	1.21113e-74	1050	1.21113e-74	0 2.86214e+07 5e+06 	3.36214e+07	6.18744	6.55445	12703.2	670	-0.00594607	0	4.029	1.02
569.2	0.00321283	0.00177157	50577.9	1050	105	49700.9	77.2054	77.2054	308.821	308.821	0 23038 -130.638 	22907.3	0.0049844	8.37232e-83	1.13693e-74	1050	1.13693e-74	0 2.86229e+07 5e+06 	3.36229e+07	6.18732	6.55445	12703.2	670	-0.00595995	0	4.029	1.02
569.4	0.00321286	0.00177167	50581.9	1050	105	49704.2	77.2744	77.2744	309.098	309.098	0 23036.7 -130.931 	22905.8	0.00498453	7.8592e-83	1.06728e-74	1050	1.06728e-74	0 2.86243e+07 5e+06 	3.36243e+07	6.1872	6.55445	12703.2	670	-0.00597379	0	4.029	1.02
569.6	0.00321288	0.00177178	50585.9	1050	105	49707.4	77.3435	77.3435	309.374	309.374	0 23035.5 -131.222 	22904.3	0.00498466	7.37754e-83	1.0019e-74	1050	1.0019e-74	0 2.86258e+07 5e+06 	3.36258e+07	6.18708	6.55445	12703.2	670	-0.00598757	0	4.029	1.02
569.8	0.0032129	0.00177189	50589.9	1050	105	49710.7	77.4127	77.4127	309.651	309.651	0 23034.3 -131.513 	22902.7	0.00498478	6.92539e-83	9.40517e-75	1050	9.40517e-75	0 2.86273e+07 5e+06 	3.36273e+07	6.18695	6.55445	12703.2	670	-0.00600131	0	4.029	1.02
570	0.00321292	0.00177199	50593.8	1050	105	49714	77.482	77.482	309.928	309.928	0 23033 -131.803 	22901.2	0.00498491	6.50095e-83	8.82898e-75	1050	8.82898e-75	0 2.86287e+07 5e+06 	3.36287e+07	6.18683	6.55445	12703.2	670	-0.006015	0	4.029	1.02
570.2	0.00321294	0.0017721	50597.8	1050	105	49717.3	77.5513	77.5513	310.205	310.205	0 23031.8 -132.092 	22899.7	0.00498504	6.10253e-83	8.28809e-75	1050	8.28809e-75	0 2.86302e+07 5e+06 	3.36302e+07	6.18671	6.55445	12703.2	670	-0.00602865	0	4.029	1.02
570.4	0.00321296	0.00177221	50601.7	1050	105	49720.5	77.6208	77.6208	310.483	310.483	0 23030.5 -132.379 	22898.2	0.00498517	5.72852e-83	7.78033e-75	1050	7.78033e-75	0 2.86317e+07 5e+06 	3.36317e+07	6.18659	6.55445	12703.2	670	-0.00604224	0	4.029	1.02
570.6	0.00321298	0.00177231	50605.7	1050	105	49723.8	77.6903	77.6903	310.761	310.761	0 23029.3 -132.666 	22896.6	0.00498529	5.37744e-83	7.30369e-75	1050	7.30369e-75	0 2.86331e+07 5e+06 	3.36331e+07	6.18647	6.55445	12703.2	670	-0.00605579	0	4.029	1.02
570.8	0.003213	0.00177242	50609.6	1050	105	49727	77.7599	77.7599	311.04	311.04	0 23028.1 -132.951 	22895.1	0.00498542	5.04787e-83	6.85624e-75	1050	6.85624e-75	0 2.86346e+07 5e+06 	3.36346e+07	6.18635	6.55445	12703.2	670	-0.0060693	0	4.029	1.02
571	0.00321302	0.00177253	50613.6	1050	105	49730.3	77.8296	77.8296	311.319	311.319	0 23026.8 -133.235 	22893.6	0.00498555	4.7385e-83	6.43621e-75	1050	6.43621e-75	0 2.8636e+07 5e+06 	3.3636e+07	6.18623	6.55445	12703.2	670	-0.00608275	0	4.029	1.02
571.2	0.00321304	0.00177263	50617.5	1050	105	49733.5	77.8994	77.8994	311.598	311.598	0 23025.6 -133.519 	22892.1	0.00498567	4.44809e-83	6.04191e-75	1050	6.04191e-75	0 2.86375e+07 5e+06 	3.36375e+07	6.18611	6.55445	12703.2	670	-0.00609616	0	4.029	1.02
571.4	0.00321306	0.00177274	50621.5	1050	105	49736.8	77.9693	77.9693	311.877	311.877	0 23024.4 -133.801 	22890.6	0.0049858	4.17548e-83	5.67176e-75	1050	5.67176e-75	0 2.8639e+07 5e+06 	3.3639e+07	6.18599	6.55445	12703.2	670	-0.00610952	0	4.029	1.02
571.6	0.00321308	0.00177284	50625.4	1050	105	49740	78.0393	78.0393	312.157	312.157	0 23023.2 -134.082 	22889.1	0.00498593	3.91958e-83	5.32429e-75	1050	5.32429e-75	0 2.86404e+07 5e+06 	3.36404e+07	6.18587	6.55445	12703.2	670	-0.00612283	0	4.029	1.02
571.8	0.0032131	0.00177295	50629.3	1050	105	49743.2	78.1093	78.1093	312.437	312.437	0 23021.9 -134.362 	22887.6	0.00498605	3.67936e-83	4.99811e-75	1050	4.99811e-75	0 2.86419e+07 5e+06 	3.36419e+07	6.18575	6.55445	12703.2	670	-0.0061361	0	4.029	1.02
572	0.00321313	0.00177305	50633.3	1050	105	49746.5	78.1794	78.1794	312.718	312.718	0 23020.7 -134.641 	22886.1	0.00498618	3.45386e-83	4.69191e-75	1050	4.69191e-75	0 2.86433e+07 5e+06 	3.36433e+07	6.18563	6.55445	12703.2	670	-0.00614932	0	4.029	1.02
572.2	0.00321315	0.00177316	50637.2	1050	105	49749.7	78.2497	78.2497	312.999	312.999	0 23019.5 -134.919 	22884.6	0.00498631	3.24219e-83	4.40447e-75	1050	4.40447e-75	0 2.86448e+07 5e+06 	3.36448e+07	6.18552	6.55445	12703.2	670	-0.00616249	0	4.029	1.02
572.4	0.00321317	0.00177327	50641.1	1050	105	49752.9	78.32	78.32	313.28	313.28	0 23018.3 -135.196 	22883.1	0.00498643	3.04349e-83	4.13464e-75	1050	4.13464e-75	0 2.86462e+07 5e+06 	3.36462e+07	6.1854	6.55445	12703.2	670	-0.00617561	0	4.029	1.02
572.6	0.00321319	0.00177337	50645	1050	105	49756.1	78.3904	78.3904	313.561	313.561	0 23017 -135.472 	22881.6	0.00498656	2.85696e-83	3.88134e-75	1050	3.88134e-75	0 2.86477e+07 5e+06 	3.36477e+07	6.18528	6.55445	12703.2	670	-0.00618869	0	4.029	1.02
572.8	0.00321321	0.00177348	50648.9	1050	105	49759.3	78.4608	78.4608	313.843	313.843	0 23015.8 -135.747 	22880.1	0.00498668	2.68187e-83	3.64355e-75	1050	3.64355e-75	0 2.86491e+07 5e+06 	3.36491e+07	6.18516	6.55445	12703.2	670	-0.00620172	0	4.029	1.02
573	0.00321323	0.00177358	50652.8	1050	105	49762.5	78.5314	78.5314	314.126	314.126	0 23014.6 -136.02 	22878.6	0.00498681	2.5175e-83	3.42034e-75	1050	3.42034e-75	0 2.86505e+07 5e+06 	3.36505e+07	6.18504	6.55445	12703.2	670	-0.00621471	0	4.029	1.02
573.2	0.00321325	0.00177369	50656.7	1050	105	49765.7	78.602	78.602	314.408	314.408	0 23013.4 -136.293 	22877.1	0.00498694	2.36321e-83	3.2108e-75	1050	3.2108e-75	0 2.8652e+07 5e+06 	3.3652e+07	6.18492	6.55445	12703.2	670	-0.00622764	0	4.029	1.02
573.4	0.00321327	0.00177379	50660.6	1050	105	49768.9	78.6728	78.6728	314.691	314.691	0 23012.2 -136.564 	22875.6	0.00498706	2.21838e-83	3.01409e-75	1050	3.01409e-75	0 2.86534e+07 5e+06 	3.36534e+07	6.18481	6.55445	12703.2	670	-0.00624053	0	4.029	1.02
573.6	0.00321329	0.0017739	50664.5	1050	105	49772.1	78.7436	78.7436	314.974	314.974	0 23010.9 -136.835 	22874.1	0.00498719	2.08242e-83	2.82944e-75	1050	2.82944e-75	0 2.86549e+07 5e+06 	3.36549e+07	6.18469	6.55445	12703.2	670	-0.00625337	0	4.029	1.02
573.8	0.00321331	0.001774	50668.4	1050	105	49775.3	78.8145	78.8145	315.258	315.258	0 23009.7 -137.104 	22872.6	0.00498731	1.9548e-83	2.6561e-75	1050	2.6561e-75	0 2.86563e+07 5e+06 	3.36563e+07	6.18457	6.55445	12703.2	670	-0.00626617	0	4.029	1.02
574	0.00321333	0.00177411	50672.3	1050	105	49778.5	78.8855	78.8855	315.542	315.542	0 23008.5 -137.373 	22871.1	0.00498744	1.835e-83	2.49338e-75	1050	2.49338e-75	0 2.86577e+07 5e+06 	3.36577e+07	6.18445	6.55445	12703.2	670	-0.00627892	0	4.029	1.02
574.2	0.00321335	0.00177421	50676.2	1050	105	49781.6	78.9566	78.9566	315.826	315.826	0 23007.3 -137.64 	22869.7	0.00498756	1.72253e-83	2.34063e-75	1050	2.34063e-75	0 2.86592e+07 5e+06 	3.36592e+07	6.18434	6.55445	12703.2	670	-0.00629162	0	4.029	1.02
574.4	0.00321337	0.00177432	50680.1	1050	105	49784.8	79.0277	79.0277	316.111	316.111	0 23006.1 -137.906 	22868.2	0.00498769	1.61697e-83	2.19723e-75	1050	2.19723e-75	0 2.86606e+07 5e+06 	3.36606e+07	6.18422	6.55445	12703.2	670	-0.00630427	0	4.029	1.02
574.6	0.00321339	0.00177442	50684	1050	105	49788	79.099	79.099	316.396	316.396	0 23004.9 -138.172 	22866.7	0.00498781	1.51787e-83	2.06262e-75	1050	2.06262e-75	0 2.86621e+07 5e+06 	3.36621e+07	6.1841	6.55445	12703.2	670	-0.00631688	0	4.029	1.02
574.8	0.00321341	0.00177452	50687.8	1050	105	49791.1	79.1703	79.1703	316.681	316.681	0 23003.7 -138.436 	22865.2	0.00498794	1.42484e-83	1.93626e-75	1050	1.93626e-75	0 2.86635e+07 5e+06 	3.36635e+07	6.18399	6.55445	12703.2	670	-0.00632944	0	4.029	1.02
575	0.00321343	0.00177463	50691.7	1050	105	49794.3	79.2417	79.2417	316.967	316.967	0 23002.5 -138.699 	22863.8	0.00498806	1.33752e-83	1.81764e-75	1050	1.81764e-75	0 2.86649e+07 5e+06 	3.36649e+07	6.18387	6.55445	12703.2	670	-0.00634196	0	4.029	1.02
575.2	0.00321345	0.00177473	50695.6	1050	105	49797.5	79.3132	79.3132	317.253	317.253	0 23001.3 -138.961 	22862.3	0.00498818	1.25555e-83	1.70629e-75	1050	1.70629e-75	0 2.86663e+07 5e+06 	3.36663e+07	6.18375	6.55445	12703.2	670	-0.00635442	0	4.029	1.02
575.4	0.00321347	0.00177484	50699.5	1050	105	49800.6	79.3848	79.3848	317.539	317.539	0 23000.1 -139.222 	22860.8	0.00498831	1.1786e-83	1.60175e-75	1050	1.60175e-75	0 2.86678e+07 5e+06 	3.36678e+07	6.18364	6.55445	12703.2	670	-0.00636684	0	4.029	1.02
575.6	0.00321349	0.00177494	50703.3	1050	105	49803.7	79.4565	79.4565	317.826	317.826	0 22998.9 -139.482 	22859.4	0.00498843	1.10637e-83	1.50363e-75	1050	1.50363e-75	0 2.86692e+07 5e+06 	3.36692e+07	6.18352	6.55445	12703.2	670	-0.00637922	0	4.029	1.02
575.8	0.00321351	0.00177505	50707.2	1050	105	49806.9	79.5283	79.5283	318.113	318.113	0 22997.7 -139.741 	22857.9	0.00498856	1.03856e-83	1.41151e-75	1050	1.41151e-75	0 2.86706e+07 5e+06 	3.36706e+07	6.18341	6.55445	12703.2	670	-0.00639155	0	4.029	1.02
576	0.00321353	0.00177515	50711	1050	105	49810	79.6002	79.6002	318.401	318.401	0 22996.5 -139.999 	22856.5	0.00498868	9.74913e-84	1.32504e-75	1050	1.32504e-75	0 2.8672e+07 5e+06 	3.3672e+07	6.18329	6.55445	12703.2	670	-0.00640383	0	4.029	1.02
576.2	0.00321355	0.00177525	50714.9	1050	105	49813.2	79.6721	79.6721	318.688	318.688	0 22995.3 -140.255 	22855	0.0049888	9.15164e-84	1.24386e-75	1050	1.24386e-75	0 2.86735e+07 5e+06 	3.36735e+07	6.18318	6.55445	12703.2	670	-0.00641606	0	4.029	1.02
576.4	0.00321357	0.00177536	50718.7	1050	105	49816.3	79.7441	79.7441	318.977	318.977	0 22994.1 -140.511 	22853.5	0.00498893	8.59077e-84	1.16766e-75	1050	1.16766e-75	0 2.86749e+07 5e+06 	3.36749e+07	6.18306	6.55445	12703.2	670	-0.00642825	0	4.029	1.02
576.6	0.00321359	0.00177546	50722.6	1050	105	49819.4	79.8163	79.8163	319.265	319.265	0 22992.9 -140.766 	22852.1	0.00498905	8.06427e-84	1.09612e-75	1050	1.09612e-75	0 2.86763e+07 5e+06 	3.36763e+07	6.18295	6.55445	12703.2	670	-0.00644039	0	4.029	1.02
576.8	0.00321361	0.00177556	50726.4	1050	105	49822.5	79.8885	79.8885	319.554	319.554	0 22991.7 -141.02 	22850.6	0.00498917	7.57004e-84	1.02897e-75	1050	1.02897e-75	0 2.86777e+07 5e+06 	3.36777e+07	6.18283	6.55445	12703.2	670	-0.00645248	0	4.029	1.02
