0.1	0.00199893	7.40401e-05	1050.03	1050	105	504.028	44.1	44.1	176.4	176.4	0 17997.2 9555.97 	27553.1	6.50393	6.5039	666.612	666.612	0.00905084	0	1.02	1.02
0.2	0.00199893	7.40418e-05	1050.05	1050	105	504.052	44.1	44.1	176.4	176.4	0 17996.7 9555.62 	27552.3	6.50397	6.5039	666.612	666.612	0.00905072	0	1.02	1.02
0.3	0.00199893	7.40433e-05	1050.07	1050	105	504.072	44.1	44.1	176.4	176.4	0 17996.3 9555.33 	27551.7	6.50399	6.5039	666.612	666.612	0.00905062	0	1.02	1.02
0.4	0.00199892	7.40446e-05	1050.09	1050	105	504.089	44.1	44.1	176.4	176.4	0 17996 9555.08 	27551.1	6.50402	6.5039	666.612	666.612	0.00905053	0	1.02	1.02
0.5	0.00199892	7.40457e-05	1050.1	1050	105	504.104	44.1	44.1	176.4	176.4	0 17995.7 9554.87 	27550.6	6.50404	6.5039	666.612	666.612	0.00905045	0	1.02	1.02
0.6	0.00199892	7.40466e-05	1050.12	1050	105	504.116	44.1	44.1	176.4	176.4	0 17995.5 9554.69 	27550.2	6.50406	6.5039	666.612	666.612	0.00905038	0	1.02	1.02
0.7	0.00199892	7.40473e-05	1050.13	1050	105	504.126	44.1	44.1	176.4	176.4	0 17995.3 9554.54 	27549.8	6.50407	6.5039	666.612	666.612	0.00905032	0	1.02	1.02
0.8	0.00199892	7.40479e-05	1050.13	1050	105	504.134	44.1	44.1	176.4	176.4	0 17995.1 9554.41 	27549.5	6.50408	6.5039	666.612	666.612	0.00905027	0	1.02	1.02
0.9	0.00199892	7.40485e-05	1050.14	1050	105	504.141	44.0999	44.0999	176.4	176.4	0 17995 9554.3 	27549.3	6.50409	6.5039	666.612	666.612	0.00905023	0	1.02	1.02
1	0.00199891	7.40489e-05	1050.15	1050	105	504.147	44.0999	44.0999	176.4	176.4	0 17994.9 9554.21 	27549.1	6.5041	6.5039	666.612	666.612	0.00905019	0	1.02	1.02
1.1	0.00199891	7.40493e-05	1050.15	1050	105	504.152	44.0999	44.0999	176.4	176.4	0 17994.8 9554.13 	27548.9	6.50411	6.5039	666.612	666.612	0.00905016	0	1.02	1.02
1.2	0.00199891	7.40496e-05	1050.16	1050	105	504.156	44.0999	44.0999	176.4	176.4	0 17994.7 9554.06 	27548.8	6.50412	6.5039	666.612	666.612	0.00905013	0	1.02	1.02
1.3	0.00199891	7.40498e-05	1050.16	1050	105	504.16	44.0999	44.0999	176.4	176.4	0 17994.6 9554.01 	27548.6	6.50412	6.5039	666.612	666.612	0.00905011	0	1.02	1.02
1.4	0.00199891	7.405e-05	1050.16	1050	105	504.163	44.0999	44.0999	176.4	176.4	0 17994.6 9553.96 	27548.5	6.50413	6.5039	666.612	666.612	0.00905009	0	1.02	1.02
1.5	0.00199891	7.40502e-05	1050.16	1050	105	504.165	44.0999	44.0999	176.399	176.399	0 17994.5 9553.92 	27548.5	6.50413	6.5039	666.612	666.612	0.00905007	0	1.02	1.02
1.6	0.00199891	7.40503e-05	1050.17	1050	105	504.167	44.0999	44.0999	176.399	176.399	0 17994.5 9553.89 	27548.4	6.50414	6.5039	666.612	666.612	0.00905005	0	1.02	1.02
1.7	0.00199891	7.40504e-05	1050.17	1050	105	504.168	44.0998	44.0998	176.399	176.399	0 17994.5 9553.86 	27548.3	6.50414	6.5039	666.612	666.612	0.00905004	0	1.02	1.02
1.8	0.00199891	7.40505e-05	1050.17	1050	105	504.17	44.0998	44.0998	176.399	176.399	0 17994.4 9553.84 	27548.3	6.50414	6.5039	666.612	666.612	0.00905003	0	1.02	1.02
1.9	0.00199891	7.40506e-05	1050.17	1050	105	504.171	44.0998	44.0998	176.399	176.399	0 17994.4 9553.82 	27548.2	6.50414	6.5039	666.612	666.612	0.00905002	0	1.02	1.02
2	0.00199891	7.40506e-05	1050.17	1050	105	504.171	44.0998	44.0998	176.399	176.399	0 17994.4 9553.8 	27548.2	6.50415	6.5039	666.612	666.612	0.00905001	0	1.02	1.02
2.1	0.00317021	0.000221275	5056.89	1050	105	4509.55	44.2341	44.2341	176.936	176.936	0 177640 46435.8 	224076	1.63045	6.5039	12399	666.612	0.211812	0	1.02	1.02
2.2	0.00279608	0.000589061	12681.5	1050	105	12131.7	44.4817	44.4817	177.927	177.927	0 58853.9 11363.8 	70217.8	2.37641	6.5039	12399	666.612	0.129989	0	1.02	1.02
2.3	0.00238601	0.000950247	18938.3	1050	105	18386.6	44.6688	44.6688	178.675	178.675	0 31133 4130.35 	35263.4	3.82432	6.5039	12399	666.612	0.0705572	0	1.02	1.02
2.4	0.00213876	0.00117333	22275.1	1050	105	21722.4	44.7754	44.7754	179.101	179.101	0 22601 2244.93 	24845.9	5.3099	6.5039	12399	666.612	0.0451061	0	1.02	1.02
2.5	0.0020603	0.00124534	23273.8	1050	105	22720.6	44.8238	44.8238	179.295	179.295	0 20513 1806.56 	22319.6	5.93994	6.5039	12399	666.612	0.0379258	0	1.02	1.02
2.6	0.00204595	0.00125648	23405.3	1050	105	22851.8	44.8513	44.8513	179.405	179.405	0 20189.4 1731.57 	21921	6.0658	6.5039	12399	666.612	0.0365568	0	1.02	1.02
2.7	0.00204015	0.00125572	23337.1	1050	105	22783.4	44.874	44.874	179.496	179.496	0 20144.5 1702.54 	21847	6.11761	6.5039	12399	666.612	0.0358392	0	1.02	1.02
2.8	0.00203696	0.00125058	23191.5	1050	105	22637.6	44.8944	44.8944	179.578	179.578	0 20195.6 1687.55 	21883.1	6.14642	6.5039	12399	666.612	0.035302	0	1.02	1.02
2.9	0.00203493	0.00124351	23012.1	1050	105	22458	44.9136	44.9136	179.654	179.654	0 20290.1 1678.85 	21969	6.16485	6.5039	12399	666.612	0.0348484	0	1.02	1.02
3	0.00203351	0.00123561	22819.7	1050	105	22265.4	44.9319	44.9319	179.728	179.728	0 20405.6 1673.45 	22079	6.17781	6.5039	12399	666.612	0.0344456	0	1.02	1.02
3.1	0.00203243	0.00122745	22624.9	1050	105	22070.4	44.9496	44.9496	179.798	179.798	0 20530.4 1669.89 	22200.3	6.18762	6.5039	12399	666.612	0.034079	0	1.02	1.02
3.2	0.00203157	0.00121933	22433.4	1050	105	21878.8	44.9668	44.9668	179.867	179.867	0 20658.3 1667.42 	22325.7	6.19551	6.5039	12399	666.612	0.0337408	0	1.02	1.02
3.3	0.00203084	0.00121143	22248.5	1050	105	21693.7	44.9836	44.9836	179.934	179.934	0 20785.7 1665.61 	22451.3	6.20217	6.5039	12399	666.612	0.0334263	0	1.02	1.02
3.4	0.0020302	0.00120382	22071.6	1050	105	21516.6	45	45	180	180	0 20910.5 1664.2 	22574.7	6.208	6.5039	12399	666.612	0.0331323	0	1.02	1.02
3.5	0.00202963	0.00119655	21903.3	1050	105	21348.1	45.0162	45.0162	180.065	180.065	0 21031.5 1663.03 	22694.5	6.21325	6.5039	12399	666.612	0.0328566	0	1.02	1.02
3.6	0.00202911	0.00118965	21743.9	1050	105	21188.6	45.0321	45.0321	180.128	180.128	0 21148.2 1662 	22810.2	6.21806	6.5039	12399	666.612	0.0325974	0	1.02	1.02
3.7	0.00202862	0.0011831	21593.2	1050	105	21037.8	45.0478	45.0478	180.191	180.191	0 21260.1 1661.06 	22921.2	6.22252	6.5039	12399	666.612	0.0323531	0	1.02	1.02
3.8	0.00202817	0.0011769	21451.1	1050	105	20895.4	45.0632	45.0632	180.253	180.253	0 21367.3 1660.16 	23027.4	6.2267	6.5039	12399	666.612	0.0321226	0	1.02	1.02
3.9	0.00202774	0.00117105	21317	1050	105	20761.2	45.0784	45.0784	180.313	180.313	0 21469.6 1659.27 	23128.8	6.23064	6.5039	12399	666.612	0.0319049	0	1.02	1.02
4	0.00202734	0.00116552	21190.6	1050	105	20634.7	45.0934	45.0934	180.373	180.373	0 21567.1 1658.39 	23225.5	6.23437	6.5039	12399	666.612	0.0316988	0	1.02	1.02
4.1	0.00202695	0.0011603	21071.5	1050	105	20515.5	45.1081	45.1081	180.433	180.433	0 21660 1657.5 	23317.5	6.2379	6.5039	12399	666.612	0.0315037	0	1.02	1.02
4.2	0.00202659	0.00115538	20959.4	1050	105	20403.1	45.1228	45.1228	180.491	180.491	0 21748.5 1656.58 	23405.1	6.24125	6.5039	12399	666.612	0.0313188	0	1.02	1.02
4.3	0.00202625	0.00115073	20853.7	1050	105	20297.3	45.1372	45.1372	180.549	180.549	0 21832.6 1655.65 	23488.3	6.24442	6.5039	12399	666.612	0.0311433	0	1.02	1.02
4.4	0.00202592	0.00114634	20754.1	1050	105	20197.6	45.1515	45.1515	180.606	180.606	0 21912.6 1654.69 	23567.3	6.24744	6.5039	12399	666.612	0.0309766	0	1.02	1.02
4.5	0.00202561	0.00114221	20660.2	1050	105	20103.6	45.1656	45.1656	180.662	180.662	0 21988.6 1653.71 	23642.3	6.25031	6.5039	12399	666.612	0.0308182	0	1.02	1.02
4.6	0.00202532	0.0011383	20571.8	1050	105	20015	45.1795	45.1795	180.718	180.718	0 22060.9 1652.69 	23713.5	6.25303	6.5039	12399	666.612	0.0306675	0	1.02	1.02
4.7	0.00202504	0.00113462	20488.4	1050	105	19931.5	45.1934	45.1934	180.773	180.773	0 22129.5 1651.65 	23781.1	6.25562	6.5039	12399	666.612	0.0305239	0	1.02	1.02
4.8	0.00202477	0.00113114	20409.8	1050	105	19852.7	45.207	45.207	180.828	180.828	0 22194.6 1650.59 	23845.2	6.25807	6.5039	12399	666.612	0.0303872	0	1.02	1.02
4.9	0.00202452	0.00112785	20335.7	1050	105	19778.5	45.2206	45.2206	180.882	180.882	0 22256.5 1649.49 	23906	6.2604	6.5039	12399	666.612	0.0302567	0	1.02	1.02
5	0.00202429	0.00112475	20265.8	1050	105	19708.5	45.234	45.234	180.936	180.936	0 22315.2 1648.37 	23963.5	6.26261	6.5039	12399	666.612	0.0301322	0	1.02	1.02
5.1	0.00202406	0.00112183	20199.9	1050	105	19642.4	45.2474	45.2474	180.989	180.989	0 22370.9 1647.22 	24018.1	6.2647	6.5039	12399	666.612	0.0300133	0	1.02	1.02
5.2	0.00202385	0.00111906	20137.7	1050	105	19580.1	45.2606	45.2606	181.042	181.042	0 22423.8 1646.05 	24069.8	6.26668	6.5039	12399	666.612	0.0298996	0	1.02	1.02
5.3	0.00202364	0.00111646	20079	1050	105	19521.3	45.2737	45.2737	181.095	181.095	0 22473.9 1644.85 	24118.8	6.26855	6.5039	12399	666.612	0.0297908	0	1.02	1.02
5.4	0.00202345	0.00111399	20023.7	1050	105	19465.8	45.2867	45.2867	181.147	181.147	0 22521.5 1643.63 	24165.1	6.27033	6.5039	12399	666.612	0.0296866	0	1.02	1.02
5.5	0.00202327	0.00111167	19971.5	1050	105	19413.5	45.2996	45.2996	181.198	181.198	0 22566.6 1642.38 	24209	6.27201	6.5039	12399	666.612	0.0295868	0	1.02	1.02
5.6	0.0020231	0.00110947	19922.2	1050	105	19364.1	45.3124	45.3124	181.25	181.25	0 22609.4 1641.12 	24250.5	6.2736	6.5039	12399	666.612	0.029491	0	1.02	1.02
5.7	0.00202294	0.00110739	19875.7	1050	105	19317.4	45.3252	45.3252	181.301	181.301	0 22650 1639.83 	24289.8	6.2751	6.5039	12399	666.612	0.0293991	0	1.02	1.02
5.8	0.00202279	0.00110543	19831.8	1050	105	19273.4	45.3379	45.3379	181.351	181.351	0 22688.4 1638.53 	24327	6.27652	6.5039	12399	666.612	0.0293108	0	1.02	1.02
5.9	0.00202264	0.00110358	19790.3	1050	105	19231.8	45.3505	45.3505	181.402	181.402	0 22724.9 1637.2 	24362.1	6.27786	6.5039	12399	666.612	0.0292259	0	1.02	1.02
6	0.00202251	0.00110183	19751.2	1050	105	19192.6	45.363	45.363	181.452	181.452	0 22759.4 1635.86 	24395.3	6.27912	6.5039	12399	666.612	0.0291442	0	1.02	1.02
6.1	0.00202238	0.00110018	19714.3	1050	105	19155.5	45.3755	45.3755	181.502	181.502	0 22792.2 1634.5 	24426.7	6.28031	6.5039	12399	666.612	0.0290656	0	1.02	1.02
6.2	0.00202226	0.00109862	19679.4	1050	105	19120.5	45.3879	45.3879	181.551	181.551	0 22823.2 1633.13 	24456.3	6.28143	6.5039	12399	666.612	0.0289898	0	1.02	1.02
6.3	0.00202215	0.00109714	19646.5	1050	105	19087.5	45.4002	45.4002	181.601	181.601	0 22852.6 1631.74 	24484.3	6.28248	6.5039	12399	666.612	0.0289167	0	1.02	1.02
6.4	0.00202204	0.00109575	19615.4	1050	105	19056.3	45.4125	45.4125	181.65	181.65	0 22880.4 1630.33 	24510.8	6.28348	6.5039	12399	666.612	0.0288461	0	1.02	1.02
6.5	0.00202194	0.00109443	19586.1	1050	105	19026.8	45.4248	45.4248	181.699	181.699	0 22906.8 1628.92 	24535.7	6.28441	6.5039	12399	666.612	0.0287779	0	1.02	1.02
6.6	0.00202185	0.00109319	19558.4	1050	105	18999	45.437	45.437	181.748	181.748	0 22931.8 1627.49 	24559.3	6.28529	6.5039	12399	666.612	0.028712	0	1.02	1.02
6.7	0.00202176	0.00109202	19532.2	1050	105	18972.8	45.4491	45.4491	181.797	181.797	0 22955.4 1626.04 	24581.5	6.28611	6.5039	12399	666.612	0.0286482	0	1.02	1.02
6.8	0.00202168	0.00109091	19507.6	1050	105	18948	45.4612	45.4612	181.845	181.845	0 22977.8 1624.59 	24602.4	6.28688	6.5039	12399	666.612	0.0285865	0	1.02	1.02
6.9	0.0020216	0.00108986	19484.3	1050	105	18924.5	45.4733	45.4733	181.893	181.893	0 22999 1623.13 	24622.2	6.28761	6.5039	12399	666.612	0.0285266	0	1.02	1.02
7	0.00202153	0.00108887	19462.3	1050	105	18902.4	45.4854	45.4854	181.941	181.941	0 23019.1 1621.65 	24640.8	6.28829	6.5039	12399	666.612	0.0284686	0	1.02	1.02
7.1	0.00202146	0.00108794	19441.5	1050	105	18881.6	45.4974	45.4974	181.989	181.989	0 23038.1 1620.17 	24658.3	6.28892	6.5039	12399	666.612	0.0284122	0	1.02	1.02
7.2	0.00202139	0.00108706	19421.9	1050	105	18861.9	45.5093	45.5093	182.037	182.037	0 23056.1 1618.68 	24674.8	6.28951	6.5039	12399	666.612	0.0283575	0	1.02	1.02
7.3	0.00202134	0.00108622	19403.5	1050	105	18843.2	45.5213	45.5213	182.085	182.085	0 23073.1 1617.18 	24690.3	6.29006	6.5039	12399	666.612	0.0283042	0	1.02	1.02
7.4	0.00202128	0.00108544	19386	1050	105	18825.7	45.5332	45.5332	182.133	182.133	0 23089.2 1615.68 	24704.8	6.29058	6.5039	12399	666.612	0.0282525	0	1.02	1.02
7.5	0.00202123	0.00108469	19369.6	1050	105	18809.1	45.5451	45.5451	182.18	182.18	0 23104.4 1614.16 	24718.5	6.29106	6.5039	12399	666.612	0.0282021	0	1.02	1.02
7.6	0.00202118	0.00108399	19354.1	1050	105	18793.5	45.557	45.557	182.228	182.228	0 23118.8 1612.65 	24731.4	6.2915	6.5039	12399	666.612	0.028153	0	1.02	1.02
7.7	0.00202114	0.00108333	19339.4	1050	105	18778.7	45.5688	45.5688	182.275	182.275	0 23132.4 1611.12 	24743.5	6.29192	6.5039	12399	666.612	0.0281051	0	1.02	1.02
7.8	0.0020211	0.00108271	19325.6	1050	105	18764.8	45.5807	45.5807	182.323	182.323	0 23145.2 1609.59 	24754.8	6.2923	6.5039	12399	666.612	0.0280583	0	1.02	1.02
7.9	0.00202106	0.00108212	19312.6	1050	105	18751.7	45.5925	45.5925	182.37	182.37	0 23157.4 1608.05 	24765.5	6.29265	6.5039	12399	666.612	0.0280127	0	1.02	1.02
8	0.00202102	0.00108156	19300.3	1050	105	18739.3	45.6043	45.6043	182.417	182.417	0 23168.9 1606.51 	24775.4	6.29298	6.5039	12399	666.612	0.0279681	0	1.02	1.02
8.1	0.00202099	0.00108104	19288.8	1050	105	18727.6	45.6161	45.6161	182.464	182.464	0 23179.8 1604.97 	24784.7	6.29328	6.5039	12399	666.612	0.0279244	0	1.02	1.02
8.2	0.00202096	0.00108055	19277.9	1050	105	18716.6	45.6279	45.6279	182.511	182.511	0 23190 1603.42 	24793.4	6.29355	6.5039	12399	666.612	0.0278817	0	1.02	1.02
8.3	0.00202094	0.00108008	19267.6	1050	105	18706.2	45.6396	45.6396	182.558	182.558	0 23199.7 1601.86 	24801.6	6.2938	6.5039	12399	666.612	0.0278399	0	1.02	1.02
8.4	0.00202091	0.00107964	19258	1050	105	18696.5	45.6514	45.6514	182.605	182.605	0 23208.8 1600.31 	24809.1	6.29403	6.5039	12399	666.612	0.0277988	0	1.02	1.02
8.5	0.00202089	0.00107923	19248.9	1050	105	18687.2	45.6631	45.6631	182.652	182.652	0 23217.5 1598.74 	24816.2	6.29424	6.5039	12399	666.612	0.0277586	0	1.02	1.02
8.6	0.00202087	0.00107884	19240.3	1050	105	18678.6	45.6749	45.6749	182.699	182.699	0 23225.6 1597.18 	24822.8	6.29442	6.5039	12399	666.612	0.0277191	0	1.02	1.02
8.7	0.00202085	0.00107847	19232.3	1050	105	18670.4	45.6866	45.6866	182.746	182.746	0 23233.3 1595.61 	24828.9	6.29459	6.5039	12399	666.612	0.0276803	0	1.02	1.02
8.8	0.00202083	0.00107813	19224.7	1050	105	18662.7	45.6983	45.6983	182.793	182.793	0 23240.6 1594.04 	24834.6	6.29474	6.5039	12399	666.612	0.0276422	0	1.02	1.02
8.9	0.00202082	0.0010778	19217.6	1050	105	18655.5	45.71	45.71	182.84	182.84	0 23247.4 1592.47 	24839.9	6.29488	6.5039	12399	666.612	0.0276048	0	1.02	1.02
9	0.00202081	0.0010775	19210.9	1050	105	18648.7	45.7217	45.7217	182.887	182.887	0 23253.8 1590.9 	24844.7	6.29499	6.5039	12399	666.612	0.0275679	0	1.02	1.02
9.1	0.0020208	0.00107721	19204.6	1050	105	18642.3	45.7334	45.7334	182.934	182.934	0 23259.9 1589.32 	24849.2	6.29509	6.5039	12399	666.612	0.0275316	0	1.02	1.02
9.2	0.00202079	0.00107694	19198.7	1050	105	18636.3	45.7452	45.7452	182.981	182.981	0 23265.6 1587.75 	24853.4	6.29518	6.5039	12399	666.612	0.0274958	0	1.02	1.02
9.3	0.00202078	0.00107669	19193.2	1050	105	18630.6	45.7569	45.7569	183.027	183.027	0 23271 1586.17 	24857.2	6.29525	6.5039	12399	666.612	0.0274606	0	1.02	1.02
9.4	0.00202077	0.00107645	19188	1050	105	18625.3	45.7686	45.7686	183.074	183.074	0 23276.1 1584.59 	24860.7	6.29531	6.5039	12399	666.612	0.0274258	0	1.02	1.02
9.5	0.00202077	0.00107623	19183.2	1050	105	18620.4	45.7803	45.7803	183.121	183.121	0 23280.9 1583.01 	24863.9	6.29536	6.5039	12399	666.612	0.0273915	0	1.02	1.02
9.6	0.00202076	0.00107602	19178.6	1050	105	18615.7	45.792	45.792	183.168	183.168	0 23285.3 1581.42 	24866.8	6.29539	6.5039	12399	666.612	0.0273577	0	1.02	1.02
9.7	0.00202076	0.00107582	19174.4	1050	105	18611.3	45.8037	45.8037	183.215	183.215	0 23289.6 1579.84 	24869.4	6.29542	6.5039	12399	666.612	0.0273242	0	1.02	1.02
9.8	0.00202076	0.00107564	19170.4	1050	105	18607.3	45.8154	45.8154	183.262	183.262	0 23293.5 1578.26 	24871.8	6.29543	6.5039	12399	666.612	0.0272912	0	1.02	1.02
9.9	0.00202076	0.00107547	19166.7	1050	105	18603.4	45.8271	45.8271	183.308	183.308	0 23297.2 1576.67 	24873.9	6.29543	6.5039	12399	666.612	0.0272585	0	1.02	1.02
10	0.00202076	0.00107531	19163.2	1050	105	18599.9	45.8388	45.8388	183.355	183.355	0 23300.7 1575.09 	24875.8	6.29543	6.5039	12399	666.612	0.0272262	0	1.02	1.02
10.1	0.00202076	0.00107516	19160	1050	105	18596.5	45.8506	45.8506	183.402	183.402	0 23304 1573.5 	24877.5	6.29541	6.5039	12399	666.612	0.0271942	0	1.02	1.02
10.2	0.00202077	0.00107502	19157	1050	105	18593.4	45.8623	45.8623	183.449	183.449	0 23307 1571.92 	24879	6.29539	6.5039	12399	666.612	0.0271626	0	1.02	1.02
10.3	0.00202077	0.00107489	19154.2	1050	105	18590.5	45.874	45.874	183.496	183.496	0 23309.9 1570.33 	24880.2	6.29536	6.5039	12399	666.612	0.0271313	0	1.02	1.02
10.4	0.00202077	0.00107476	19151.7	1050	105	18587.8	45.8857	45.8857	183.543	183.543	0 23312.6 1568.75 	24881.3	6.29532	6.5039	12399	666.612	0.0271002	0	1.02	1.02
10.5	0.00202078	0.00107465	19149.3	1050	105	18585.3	45.8975	45.8975	183.59	183.59	0 23315.1 1567.16 	24882.3	6.29527	6.5039	12399	666.612	0.0270695	0	1.02	1.02
10.6	0.00202078	0.00107455	19147.1	1050	105	18583	45.9092	45.9092	183.637	183.637	0 23317.4 1565.58 	24883	6.29522	6.5039	12399	666.612	0.027039	0	1.02	1.02
10.7	0.00202079	0.00107445	19145	1050	105	18580.8	45.921	45.921	183.684	183.684	0 23319.6 1563.99 	24883.6	6.29516	6.5039	12399	666.612	0.0270087	0	1.02	1.02
10.8	0.0020208	0.00107436	19143.1	1050	105	18578.8	45.9327	45.9327	183.731	183.731	0 23321.6 1562.41 	24884	6.29509	6.5039	12399	666.612	0.0269787	0	1.02	1.02
10.9	0.00202081	0.00107428	19141.4	1050	105	18577	45.9445	45.9445	183.778	183.778	0 23323.5 1560.83 	24884.4	6.29502	6.5039	12399	666.612	0.026949	0	1.02	1.02
11	0.00202081	0.0010742	19139.8	1050	105	18575.3	45.9563	45.9563	183.825	183.825	0 23325.3 1559.24 	24884.5	6.29494	6.5039	12399	666.612	0.0269194	0	1.02	1.02
11.1	0.00202082	0.00107413	19138.4	1050	105	18573.7	45.9681	45.9681	183.872	183.872	0 23326.9 1557.66 	24884.6	6.29486	6.5039	12399	666.612	0.0268901	0	1.02	1.02
11.2	0.00202083	0.00107407	19137.1	1050	105	18572.3	45.9798	45.9798	183.919	183.919	0 23328.4 1556.08 	24884.5	6.29477	6.5039	12399	666.612	0.0268609	0	1.02	1.02
11.3	0.00202084	0.00107401	19135.9	1050	105	18571	45.9916	45.9916	183.967	183.967	0 23329.8 1554.5 	24884.3	6.29468	6.5039	12399	666.612	0.026832	0	1.02	1.02
11.4	0.00202085	0.00107395	19134.8	1050	105	18569.8	46.0034	46.0034	184.014	184.014	0 23331.1 1552.92 	24884	6.29458	6.5039	12399	666.612	0.0268032	0	1.02	1.02
11.5	0.00202086	0.00107391	19133.8	1050	105	18568.7	46.0153	46.0153	184.061	184.061	0 23332.2 1551.34 	24883.6	6.29448	6.5039	12399	666.612	0.0267746	0	1.02	1.02
11.6	0.00202087	0.00107386	19133	1050	105	18567.7	46.0271	46.0271	184.108	184.108	0 23333.3 1549.76 	24883.1	6.29437	6.5039	12399	666.612	0.0267462	0	1.02	1.02
11.7	0.00202089	0.00107382	19132.2	1050	105	18566.8	46.0389	46.0389	184.156	184.156	0 23334.3 1548.19 	24882.5	6.29426	6.5039	12399	666.612	0.0267179	0	1.02	1.02
11.8	0.0020209	0.00107379	19131.6	1050	105	18566.1	46.0508	46.0508	184.203	184.203	0 23335.2 1546.61 	24881.8	6.29415	6.5039	12399	666.612	0.0266898	0	1.02	1.02
11.9	0.00202091	0.00107376	19131	1050	105	18565.4	46.0626	46.0626	184.25	184.25	0 23336 1545.03 	24881.1	6.29403	6.5039	12399	666.612	0.0266618	0	1.02	1.02
12	0.00202092	0.00107373	19130.5	1050	105	18564.8	46.0745	46.0745	184.298	184.298	0 23336.8 1543.46 	24880.2	6.29391	6.5039	12399	666.612	0.0266339	0	1.02	1.02
12.1	0.00202094	0.00107371	19130.1	1050	105	18564.2	46.0863	46.0863	184.345	184.345	0 23337.4 1541.89 	24879.3	6.29379	6.5039	12399	666.612	0.0266062	0	1.02	1.02
12.2	0.00202095	0.00107369	19129.8	1050	105	18563.8	46.0982	46.0982	184.393	184.393	0 23338 1540.32 	24878.3	6.29367	6.5039	12399	666.612	0.0265786	0	1.02	1.02
12.3	0.00202096	0.00107367	19129.5	1050	105	18563.4	46.1101	46.1101	184.44	184.44	0 23338.5 1538.75 	24877.3	6.29354	6.5039	12399	666.612	0.0265512	0	1.02	1.02
12.4	0.00202098	0.00107366	19129.3	1050	105	18563.1	46.122	46.122	184.488	184.488	0 23339 1537.18 	24876.2	6.29341	6.5039	12399	666.612	0.0265238	0	1.02	1.02
12.5	0.00202099	0.00107365	19129.2	1050	105	18562.8	46.1339	46.1339	184.536	184.536	0 23339.4 1535.61 	24875	6.29328	6.5039	12399	666.612	0.0264966	0	1.02	1.02
12.6	0.00202101	0.00107364	19129.1	1050	105	18562.7	46.1458	46.1458	184.583	184.583	0 23339.8 1534.04 	24873.8	6.29314	6.5039	12399	666.612	0.0264695	0	1.02	1.02
12.7	0.00202102	0.00107363	19129.1	1050	105	18562.5	46.1578	46.1578	184.631	184.631	0 23340 1532.48 	24872.5	6.293	6.5039	12399	666.612	0.0264424	0	1.02	1.02
12.8	0.00202104	0.00107363	19129.1	1050	105	18562.5	46.1697	46.1697	184.679	184.679	0 23340.3 1530.91 	24871.2	6.29286	6.5039	12399	666.612	0.0264155	0	1.02	1.02
12.9	0.00202105	0.00107363	19129.2	1050	105	18562.4	46.1817	46.1817	184.727	184.727	0 23340.5 1529.35 	24869.8	6.29272	6.5039	12399	666.612	0.0263887	0	1.02	1.02
13	0.00202107	0.00107363	19129.4	1050	105	18562.5	46.1936	46.1936	184.775	184.775	0 23340.6 1527.79 	24868.4	6.29258	6.5039	12399	666.612	0.0263619	0	1.02	1.02
13.1	0.00202108	0.00107363	19129.6	1050	105	18562.5	46.2056	46.2056	184.822	184.822	0 23340.7 1526.23 	24866.9	6.29244	6.5039	12399	666.612	0.0263353	0	1.02	1.02
13.2	0.0020211	0.00107364	19129.8	1050	105	18562.7	46.2176	46.2176	184.87	184.87	0 23340.8 1524.67 	24865.4	6.29229	6.5039	12399	666.612	0.0263087	0	1.02	1.02
13.3	0.00202111	0.00107365	19130.1	1050	105	18562.8	46.2296	46.2296	184.918	184.918	0 23340.8 1523.11 	24863.9	6.29214	6.5039	12399	666.612	0.0262822	0	1.02	1.02
13.4	0.00202113	0.00107366	19130.4	1050	105	18563	46.2416	46.2416	184.966	184.966	0 23340.8 1521.55 	24862.3	6.29199	6.5039	12399	666.612	0.0262558	0	1.02	1.02
13.5	0.00202115	0.00107367	19130.8	1050	105	18563.2	46.2536	46.2536	185.015	185.015	0 23340.7 1520 	24860.7	6.29184	6.5039	12399	666.612	0.0262295	0	1.02	1.02
13.6	0.00202116	0.00107368	19131.2	1050	105	18563.5	46.2657	46.2657	185.063	185.063	0 23340.6 1518.45 	24859.1	6.29169	6.5039	12399	666.612	0.0262032	0	1.02	1.02
13.7	0.00202118	0.00107369	19131.6	1050	105	18563.8	46.2777	46.2777	185.111	185.111	0 23340.5 1516.9 	24857.4	6.29154	6.5039	12399	666.612	0.026177	0	1.02	1.02
13.8	0.00202119	0.00107371	19132.1	1050	105	18564.2	46.2898	46.2898	185.159	185.159	0 23340.4 1515.35 	24855.7	6.29138	6.5039	12399	666.612	0.0261509	0	1.02	1.02
13.9	0.00202121	0.00107373	19132.6	1050	105	18564.5	46.3018	46.3018	185.207	185.207	0 23340.2 1513.8 	24854	6.29123	6.5039	12399	666.612	0.0261249	0	1.02	1.02
14	0.00202123	0.00107374	19133.1	1050	105	18564.9	46.3139	46.3139	185.256	185.256	0 23340 1512.25 	24852.2	6.29107	6.5039	12399	666.612	0.0260989	0	1.02	1.02
14.1	0.00202124	0.00107376	19133.6	1050	105	18565.4	46.326	46.326	185.304	185.304	0 23339.8 1510.7 	24850.5	6.29091	6.5039	12399	666.612	0.0260729	0	1.02	1.02
14.2	0.00202126	0.00107378	19134.2	1050	105	18565.8	46.3381	46.3381	185.352	185.352	0 23339.5 1509.16 	24848.7	6.29076	6.5039	12399	666.612	0.0260471	0	1.02	1.02
14.3	0.00202128	0.00107381	19134.8	1050	105	18566.3	46.3502	46.3502	185.401	185.401	0 23339.2 1507.62 	24846.8	6.2906	6.5039	12399	666.612	0.0260213	0	1.02	1.02
14.4	0.0020213	0.00107383	19135.4	1050	105	18566.8	46.3624	46.3624	185.449	185.449	0 23338.9 1506.08 	24845	6.29044	6.5039	12399	666.612	0.0259955	0	1.02	1.02
14.5	0.00202131	0.00107385	19136.1	1050	105	18567.3	46.3745	46.3745	185.498	185.498	0 23338.6 1504.54 	24843.1	6.29028	6.5039	12399	666.612	0.0259698	0	1.02	1.02
14.6	0.00202133	0.00107388	19136.7	1050	105	18567.9	46.3867	46.3867	185.547	185.547	0 23338.3 1503 	24841.3	6.29011	6.5039	12399	666.612	0.0259442	0	1.02	1.02
14.7	0.00202135	0.0010739	19137.4	1050	105	18568.4	46.3988	46.3988	185.595	185.595	0 23337.9 1501.46 	24839.4	6.28995	6.5039	12399	666.612	0.0259186	0	1.02	1.02
14.8	0.00202136	0.00107393	19138.1	1050	105	18569	46.411	46.411	185.644	185.644	0 23337.5 1499.93 	24837.5	6.28979	6.5039	12399	666.612	0.025893	0	1.02	1.02
14.9	0.00202138	0.00107396	19138.8	1050	105	18569.6	46.4232	46.4232	185.693	185.693	0 23337.1 1498.4 	24835.5	6.28963	6.5039	12399	666.612	0.0258675	0	1.02	1.02
15	0.0020214	0.00107399	19139.6	1050	105	18570.2	46.4354	46.4354	185.742	185.742	0 23336.7 1496.86 	24833.6	6.28946	6.5039	12399	666.612	0.0258421	0	1.02	1.02
15.1	0.00202142	0.00107401	19140.3	1050	105	18570.8	46.4476	46.4476	185.79	185.79	0 23336.3 1495.33 	24831.6	6.2893	6.5039	12399	666.612	0.0258167	0	1.02	1.02
15.2	0.00202143	0.00107404	19141.1	1050	105	18571.5	46.4599	46.4599	185.839	185.839	0 23335.9 1493.81 	24829.7	6.28914	6.5039	12399	666.612	0.0257913	0	1.02	1.02
15.3	0.00202145	0.00107407	19141.9	1050	105	18572.1	46.4721	46.4721	185.888	185.888	0 23335.4 1492.28 	24827.7	6.28897	6.5039	12399	666.612	0.025766	0	1.02	1.02
15.4	0.00202147	0.0010741	19142.7	1050	105	18572.8	46.4844	46.4844	185.937	185.937	0 23335 1490.75 	24825.7	6.2888	6.5039	12399	666.612	0.0257408	0	1.02	1.02
15.5	0.00202149	0.00107414	19143.5	1050	105	18573.5	46.4966	46.4966	185.986	185.986	0 23334.5 1489.23 	24823.7	6.28864	6.5039	12399	666.612	0.0257156	0	1.02	1.02
15.6	0.00202151	0.00107417	19144.3	1050	105	18574.2	46.5089	46.5089	186.036	186.036	0 23334 1487.71 	24821.7	6.28847	6.5039	12399	666.612	0.0256904	0	1.02	1.02
15.7	0.00202152	0.0010742	19145.1	1050	105	18574.9	46.5212	46.5212	186.085	186.085	0 23333.5 1486.19 	24819.7	6.28831	6.5039	12399	666.612	0.0256652	0	1.02	1.02
15.8	0.00202154	0.00107423	19146	1050	105	18575.6	46.5335	46.5335	186.134	186.134	0 23333 1484.67 	24817.7	6.28814	6.5039	12399	666.612	0.0256401	0	1.02	1.02
15.9	0.00202156	0.00107427	19146.8	1050	105	18576.4	46.5458	46.5458	186.183	186.183	0 23332.5 1483.15 	24815.6	6.28797	6.5039	12399	666.612	0.0256151	0	1.02	1.02
16	0.00202158	0.0010743	19147.7	1050	105	18577.1	46.5581	46.5581	186.233	186.233	0 23331.9 1481.64 	24813.6	6.28781	6.5039	12399	666.612	0.0255901	0	1.02	1.02
16.1	0.0020216	0.00107433	19148.5	1050	105	18577.8	46.5705	46.5705	186.282	186.282	0 23331.4 1480.12 	24811.5	6.28764	6.5039	12399	666.612	0.0255651	0	1.02	1.02
16.2	0.00202161	0.00107437	19149.4	1050	105	18578.6	46.5829	46.5829	186.331	186.331	0 23330.9 1478.61 	24809.5	6.28747	6.5039	12399	666.612	0.0255401	0	1.02	1.02
16.3	0.00202163	0.0010744	19150.3	1050	105	18579.4	46.5952	46.5952	186.381	186.381	0 23330.3 1477.1 	24807.4	6.2873	6.5039	12399	666.612	0.0255152	0	1.02	1.02
16.4	0.00202165	0.00107444	19151.2	1050	105	18580.1	46.6076	46.6076	186.43	186.43	0 23329.8 1475.59 	24805.3	6.28713	6.5039	12399	666.612	0.0254904	0	1.02	1.02
16.5	0.00202167	0.00107447	19152.1	1050	105	18580.9	46.62	46.62	186.48	186.48	0 23329.2 1474.08 	24803.3	6.28697	6.5039	12399	666.612	0.0254655	0	1.02	1.02
16.6	0.00202169	0.00107451	19153	1050	105	18581.7	46.6324	46.6324	186.53	186.53	0 23328.6 1472.58 	24801.2	6.2868	6.5039	12399	666.612	0.0254407	0	1.02	1.02
16.7	0.0020217	0.00107455	19154	1050	105	18582.5	46.6448	46.6448	186.579	186.579	0 23328 1471.08 	24799.1	6.28663	6.5039	12399	666.612	0.025416	0	1.02	1.02
16.8	0.00202172	0.00107458	19154.9	1050	105	18583.3	46.6573	46.6573	186.629	186.629	0 23327.4 1469.57 	24797	6.28646	6.5039	12399	666.612	0.0253912	0	1.02	1.02
16.9	0.00202174	0.00107462	19155.8	1050	105	18584.1	46.6697	46.6697	186.679	186.679	0 23326.9 1468.07 	24794.9	6.28629	6.5039	12399	666.612	0.0253665	0	1.02	1.02
17	0.00202176	0.00107466	19156.7	1050	105	18584.9	46.6822	46.6822	186.729	186.729	0 23326.3 1466.57 	24792.8	6.28612	6.5039	12399	666.612	0.0253419	0	1.02	1.02
17.1	0.00202178	0.00107469	19157.7	1050	105	18585.7	46.6946	46.6946	186.779	186.779	0 23325.7 1465.08 	24790.7	6.28595	6.5039	12399	666.612	0.0253172	0	1.02	1.02
17.2	0.00202179	0.00107473	19158.6	1050	105	18586.6	46.7071	46.7071	186.829	186.829	0 23325.1 1463.58 	24788.6	6.28578	6.5039	12399	666.612	0.0252926	0	1.02	1.02
17.3	0.00202181	0.00107477	19159.6	1050	105	18587.4	46.7196	46.7196	186.879	186.879	0 23324.4 1462.09 	24786.5	6.28561	6.5039	12399	666.612	0.0252681	0	1.02	1.02
17.4	0.00202183	0.00107481	19160.5	1050	105	18588.2	46.7321	46.7321	186.929	186.929	0 23323.8 1460.59 	24784.4	6.28545	6.5039	12399	666.612	0.0252435	0	1.02	1.02
17.5	0.00202185	0.00107485	19161.5	1050	105	18589.1	46.7447	46.7447	186.979	186.979	0 23323.2 1459.1 	24782.3	6.28528	6.5039	12399	666.612	0.025219	0	1.02	1.02
17.6	0.00202187	0.00107489	19162.5	1050	105	18589.9	46.7572	46.7572	187.029	187.029	0 23322.6 1457.61 	24780.2	6.28511	6.5039	12399	666.612	0.0251946	0	1.02	1.02
17.7	0.00202188	0.00107492	19163.4	1050	105	18590.7	46.7698	46.7698	187.079	187.079	0 23322 1456.13 	24778.1	6.28494	6.5039	12399	666.612	0.0251701	0	1.02	1.02
17.8	0.0020219	0.00107496	19164.4	1050	105	18591.6	46.7823	46.7823	187.129	187.129	0 23321.3 1454.64 	24776	6.28477	6.5039	12399	666.612	0.0251457	0	1.02	1.02
17.9	0.00202192	0.001075	19165.4	1050	105	18592.4	46.7949	46.7949	187.18	187.18	0 23320.7 1453.15 	24773.8	6.2846	6.5039	12399	666.612	0.0251213	0	1.02	1.02
18	0.00202194	0.00107504	19166.4	1050	105	18593.3	46.8075	46.8075	187.23	187.23	0 23320 1451.67 	24771.7	6.28443	6.5039	12399	666.612	0.025097	0	1.02	1.02
18.1	0.00202196	0.00107508	19167.3	1050	105	18594.1	46.8201	46.8201	187.28	187.28	0 23319.4 1450.19 	24769.6	6.28426	6.5039	12399	666.612	0.0250727	0	1.02	1.02
18.2	0.00202198	0.00107512	19168.3	1050	105	18595	46.8327	46.8327	187.331	187.331	0 23318.8 1448.71 	24767.5	6.28409	6.5039	12399	666.612	0.0250484	0	1.02	1.02
18.3	0.00202199	0.00107516	19169.3	1050	105	18595.9	46.8454	46.8454	187.381	187.381	0 23318.1 1447.23 	24765.3	6.28392	6.5039	12399	666.612	0.0250241	0	1.02	1.02
18.4	0.00202201	0.0010752	19170.3	1050	105	18596.7	46.858	46.858	187.432	187.432	0 23317.5 1445.76 	24763.2	6.28375	6.5039	12399	666.612	0.0249999	0	1.02	1.02
18.5	0.00202203	0.00107524	19171.3	1050	105	18597.6	46.8707	46.8707	187.483	187.483	0 23316.8 1444.28 	24761.1	6.28358	6.5039	12399	666.612	0.0249757	0	1.02	1.02
18.6	0.00202205	0.00107528	19172.3	1050	105	18598.5	46.8833	46.8833	187.533	187.533	0 23316.2 1442.81 	24759	6.28341	6.5039	12399	666.612	0.0249515	0	1.02	1.02
18.7	0.00202207	0.00107532	19173.3	1050	105	18599.3	46.896	46.896	187.584	187.584	0 23315.5 1441.34 	24756.8	6.28324	6.5039	12399	666.612	0.0249273	0	1.02	1.02
18.8	0.00202208	0.00107536	19174.3	1050	105	18600.2	46.9087	46.9087	187.635	187.635	0 23314.8 1439.87 	24754.7	6.28308	6.5039	12399	666.612	0.0249032	0	1.02	1.02
18.9	0.0020221	0.0010754	19175.3	1050	105	18601.1	46.9214	46.9214	187.686	187.686	0 23314.2 1438.4 	24752.6	6.28291	6.5039	12399	666.612	0.0248791	0	1.02	1.02
19	0.00202212	0.00107544	19176.3	1050	105	18602	46.9341	46.9341	187.737	187.737	0 23313.5 1436.93 	24750.5	6.28274	6.5039	12399	666.612	0.0248551	0	1.02	1.02
19.1	0.00202214	0.00107548	19177.3	1050	105	18602.8	46.9469	46.9469	187.787	187.787	0 23312.9 1435.47 	24748.3	6.28257	6.5039	12399	666.612	0.024831	0	1.02	1.02
19.2	0.00202216	0.00107552	19178.3	1050	105	18603.7	46.9596	46.9596	187.838	187.838	0 23312.2 1434.01 	24746.2	6.2824	6.5039	12399	666.612	0.024807	0	1.02	1.02
19.3	0.00202218	0.00107556	19179.3	1050	105	18604.6	46.9724	46.9724	187.89	187.89	0 23311.5 1432.55 	24744.1	6.28223	6.5039	12399	666.612	0.0247831	0	1.02	1.02
19.4	0.00202219	0.0010756	19180.3	1050	105	18605.5	46.9852	46.9852	187.941	187.941	0 23310.9 1431.09 	24741.9	6.28206	6.5039	12399	666.612	0.0247591	0	1.02	1.02
19.5	0.00202221	0.00107564	19181.3	1050	105	18606.4	46.9979	46.9979	187.992	187.992	0 23310.2 1429.63 	24739.8	6.28189	6.5039	12399	666.612	0.0247352	0	1.02	1.02
19.6	0.00202223	0.00107568	19182.4	1050	105	18607.2	47.0108	47.0108	188.043	188.043	0 23309.5 1428.17 	24737.7	6.28172	6.5039	12399	666.612	0.0247113	0	1.02	1.02
19.7	0.00202225	0.00107572	19183.4	1050	105	18608.1	47.0236	47.0236	188.094	188.094	0 23308.8 1426.72 	24735.6	6.28155	6.5039	12399	666.612	0.0246874	0	1.02	1.02
19.8	0.00202227	0.00107576	19184.4	1050	105	18609	47.0364	47.0364	188.146	188.146	0 23308.2 1425.26 	24733.4	6.28139	6.5039	12399	666.612	0.0246636	0	1.02	1.02
19.9	0.00202228	0.0010758	19185.4	1050	105	18609.9	47.0492	47.0492	188.197	188.197	0 23307.5 1423.81 	24731.3	6.28122	6.5039	12399	666.612	0.0246397	0	1.02	1.02
20	0.0020223	0.00107584	19186.4	1050	105	18610.8	47.0621	47.0621	188.248	188.248	0 23306.8 1422.36 	24729.2	6.28105	6.5039	12399	666.612	0.024616	0	1.02	1.02
20.1	0.00202232	0.00107588	19187.4	1050	105	18611.7	47.075	47.075	188.3	188.3	0 23306.1 1420.91 	24727	6.28088	6.5039	12399	666.612	0.0245922	0	1.02	1.02
20.2	0.00202234	0.00107593	19188.5	1050	105	18612.6	47.0878	47.0878	188.351	188.351	0 23305.5 1419.46 	24724.9	6.28071	6.5039	12399	666.612	0.0245684	0	1.02	1.02
20.3	0.00202236	0.00107597	19189.5	1050	105	18613.5	47.1007	47.1007	188.403	188.403	0 23304.8 1418.02 	24722.8	6.28054	6.5039	12399	666.612	0.0245447	0	1.02	1.02
20.4	0.00202237	0.00107601	19190.5	1050	105	18614.4	47.1136	47.1136	188.455	188.455	0 23304.1 1416.58 	24720.7	6.28038	6.5039	12399	666.612	0.0245211	0	1.02	1.02
20.5	0.00202239	0.00107605	19191.5	1050	105	18615.2	47.1266	47.1266	188.506	188.506	0 23303.4 1415.13 	24718.5	6.28021	6.5039	12399	666.612	0.0244974	0	1.02	1.02
20.6	0.00202241	0.00107609	19192.5	1050	105	18616.1	47.1395	47.1395	188.558	188.558	0 23302.7 1413.69 	24716.4	6.28004	6.5039	12399	666.612	0.0244738	0	1.02	1.02
20.7	0.00202243	0.00107613	19193.6	1050	105	18617	47.1524	47.1524	188.61	188.61	0 23302 1412.25 	24714.3	6.27987	6.5039	12399	666.612	0.0244502	0	1.02	1.02
20.8	0.00202245	0.00107617	19194.6	1050	105	18617.9	47.1654	47.1654	188.662	188.662	0 23301.4 1410.82 	24712.2	6.2797	6.5039	12399	666.612	0.0244266	0	1.02	1.02
20.9	0.00202246	0.00107621	19195.6	1050	105	18618.8	47.1784	47.1784	188.714	188.714	0 23300.7 1409.38 	24710.1	6.27954	6.5039	12399	666.612	0.024403	0	1.02	1.02
21	0.00202248	0.00107625	19196.6	1050	105	18619.7	47.1914	47.1914	188.765	188.765	0 23300 1407.95 	24707.9	6.27937	6.5039	12399	666.612	0.0243795	0	1.02	1.02
21.1	0.0020225	0.0010763	19197.7	1050	105	18620.6	47.2044	47.2044	188.817	188.817	0 23299.3 1406.51 	24705.8	6.2792	6.5039	12399	666.612	0.024356	0	1.02	1.02
21.2	0.00202252	0.00107634	19198.7	1050	105	18621.5	47.2174	47.2174	188.87	188.87	0 23298.6 1405.08 	24703.7	6.27903	6.5039	12399	666.612	0.0243325	0	1.02	1.02
21.3	0.00202254	0.00107638	19199.7	1050	105	18622.4	47.2304	47.2304	188.922	188.922	0 23297.9 1403.65 	24701.6	6.27887	6.5039	12399	666.612	0.0243091	0	1.02	1.02
21.4	0.00202255	0.00107642	19200.7	1050	105	18623.3	47.2435	47.2435	188.974	188.974	0 23297.2 1402.23 	24699.5	6.2787	6.5039	12399	666.612	0.0242856	0	1.02	1.02
21.5	0.00202257	0.00107646	19201.8	1050	105	18624.2	47.2565	47.2565	189.026	189.026	0 23296.6 1400.8 	24697.4	6.27853	6.5039	12399	666.612	0.0242622	0	1.02	1.02
21.6	0.00202259	0.0010765	19202.8	1050	105	18625.1	47.2696	47.2696	189.078	189.078	0 23295.9 1399.38 	24695.2	6.27837	6.5039	12399	666.612	0.0242389	0	1.02	1.02
21.7	0.00202261	0.00107654	19203.8	1050	105	18626	47.2827	47.2827	189.131	189.131	0 23295.2 1397.95 	24693.1	6.2782	6.5039	12399	666.612	0.0242155	0	1.02	1.02
21.8	0.00202263	0.00107659	19204.8	1050	105	18626.9	47.2957	47.2957	189.183	189.183	0 23294.5 1396.53 	24691	6.27803	6.5039	12399	666.612	0.0241922	0	1.02	1.02
21.9	0.00202264	0.00107663	19205.9	1050	105	18627.8	47.3089	47.3089	189.235	189.235	0 23293.8 1395.11 	24688.9	6.27787	6.5039	12399	666.612	0.0241689	0	1.02	1.02
22	0.00202266	0.00107667	19206.9	1050	105	18628.7	47.322	47.322	189.288	189.288	0 23293.1 1393.69 	24686.8	6.2777	6.5039	12399	666.612	0.0241456	0	1.02	1.02
22.1	0.00202268	0.00107671	19207.9	1050	105	18629.6	47.3351	47.3351	189.34	189.34	0 23292.4 1392.28 	24684.7	6.27753	6.5039	12399	666.612	0.0241224	0	1.02	1.02
22.2	0.0020227	0.00107675	19209	1050	105	18630.5	47.3483	47.3483	189.393	189.393	0 23291.7 1390.86 	24682.6	6.27737	6.5039	12399	666.612	0.0240991	0	1.02	1.02
22.3	0.00202272	0.00107679	19210	1050	105	18631.4	47.3614	47.3614	189.446	189.446	0 23291 1389.45 	24680.5	6.2772	6.5039	12399	666.612	0.0240759	0	1.02	1.02
22.4	0.00202273	0.00107683	19211	1050	105	18632.3	47.3746	47.3746	189.498	189.498	0 23290.3 1388.04 	24678.4	6.27703	6.5039	12399	666.612	0.0240528	0	1.02	1.02
22.5	0.00202275	0.00107688	19212.1	1050	105	18633.2	47.3878	47.3878	189.551	189.551	0 23289.6 1386.63 	24676.3	6.27687	6.5039	12399	666.612	0.0240296	0	1.02	1.02
22.6	0.00202277	0.00107692	19213.1	1050	105	18634.1	47.401	47.401	189.604	189.604	0 23289 1385.22 	24674.2	6.2767	6.5039	12399	666.612	0.0240065	0	1.02	1.02
22.7	0.00202279	0.00107696	19214.1	1050	105	18635	47.4142	47.4142	189.657	189.657	0 23288.3 1383.81 	24672.1	6.27654	6.5039	12399	666.612	0.0239834	0	1.02	1.02
22.8	0.0020228	0.001077	19215.1	1050	105	18635.9	47.4274	47.4274	189.71	189.71	0 23287.6 1382.41 	24670	6.27637	6.5039	12399	666.612	0.0239603	0	1.02	1.02
22.9	0.00202282	0.00107704	19216.2	1050	105	18636.8	47.4407	47.4407	189.763	189.763	0 23286.9 1381 	24667.9	6.27621	6.5039	12399	666.612	0.0239373	0	1.02	1.02
23	0.00202284	0.00107708	19217.2	1050	105	18637.7	47.4539	47.4539	189.816	189.816	0 23286.2 1379.6 	24665.8	6.27604	6.5039	12399	666.612	0.0239142	0	1.02	1.02
23.1	0.00202286	0.00107712	19218.2	1050	105	18638.6	47.4672	47.4672	189.869	189.869	0 23285.5 1378.2 	24663.7	6.27588	6.5039	12399	666.612	0.0238912	0	1.02	1.02
23.2	0.00202288	0.00107717	19219.3	1050	105	18639.5	47.4805	47.4805	189.922	189.922	0 23284.8 1376.8 	24661.6	6.27571	6.5039	12399	666.612	0.0238683	0	1.02	1.02
23.3	0.00202289	0.00107721	19220.3	1050	105	18640.4	47.4938	47.4938	189.975	189.975	0 23284.1 1375.4 	24659.5	6.27554	6.5039	12399	666.612	0.0238453	0	1.02	1.02
23.4	0.00202291	0.00107725	19221.3	1050	105	18641.3	47.5071	47.5071	190.028	190.028	0 23283.4 1374.01 	24657.4	6.27538	6.5039	12399	666.612	0.0238224	0	1.02	1.02
23.5	0.00202293	0.00107729	19222.4	1050	105	18642.2	47.5204	47.5204	190.082	190.082	0 23282.7 1372.61 	24655.3	6.27522	6.5039	12399	666.612	0.0237995	0	1.02	1.02
23.6	0.00202295	0.00107733	19223.4	1050	105	18643	47.5337	47.5337	190.135	190.135	0 23282 1371.22 	24653.2	6.27505	6.5039	12399	666.612	0.0237766	0	1.02	1.02
23.7	0.00202296	0.00107737	19224.4	1050	105	18643.9	47.5471	47.5471	190.188	190.188	0 23281.3 1369.83 	24651.1	6.27489	6.5039	12399	666.612	0.0237538	0	1.02	1.02
23.8	0.00202298	0.00107742	19225.4	1050	105	18644.8	47.5604	47.5604	190.242	190.242	0 23280.6 1368.44 	24649.1	6.27472	6.5039	12399	666.612	0.023731	0	1.02	1.02
23.9	0.002023	0.00107746	19226.5	1050	105	18645.7	47.5738	47.5738	190.295	190.295	0 23279.9 1367.05 	24647	6.27456	6.5039	12399	666.612	0.0237082	0	1.02	1.02
24	0.00202302	0.0010775	19227.5	1050	105	18646.6	47.5872	47.5872	190.349	190.349	0 23279.2 1365.66 	24644.9	6.27439	6.5039	12399	666.612	0.0236854	0	1.02	1.02
24.1	0.00202303	0.00107754	19228.5	1050	105	18647.5	47.6006	47.6006	190.402	190.402	0 23278.5 1364.28 	24642.8	6.27423	6.5039	12399	666.612	0.0236626	0	1.02	1.02
24.2	0.00202305	0.00107758	19229.6	1050	105	18648.4	47.614	47.614	190.456	190.456	0 23277.8 1362.9 	24640.7	6.27406	6.5039	12399	666.612	0.0236399	0	1.02	1.02
24.3	0.00202307	0.00107762	19230.6	1050	105	18649.3	47.6274	47.6274	190.51	190.51	0 23277.1 1361.51 	24638.7	6.2739	6.5039	12399	666.612	0.0236172	0	1.02	1.02
24.4	0.00202309	0.00107767	19231.6	1050	105	18650.2	47.6409	47.6409	190.563	190.563	0 23276.5 1360.13 	24636.6	6.27374	6.5039	12399	666.612	0.0235945	0	1.02	1.02
24.5	0.00202311	0.00107771	19232.7	1050	105	18651.1	47.6543	47.6543	190.617	190.617	0 23275.8 1358.76 	24634.5	6.27357	6.5039	12399	666.612	0.0235719	0	1.02	1.02
24.6	0.00202312	0.00107775	19233.7	1050	105	18652	47.6678	47.6678	190.671	190.671	0 23275.1 1357.38 	24632.4	6.27341	6.5039	12399	666.612	0.0235492	0	1.02	1.02
24.7	0.00202314	0.00107779	19234.7	1050	105	18652.9	47.6813	47.6813	190.725	190.725	0 23274.4 1356 	24630.4	6.27325	6.5039	12399	666.612	0.0235266	0	1.02	1.02
24.8	0.00202316	0.00107783	19235.8	1050	105	18653.8	47.6948	47.6948	190.779	190.779	0 23273.7 1354.63 	24628.3	6.27308	6.5039	12399	666.612	0.0235041	0	1.02	1.02
24.9	0.00202318	0.00107787	19236.8	1050	105	18654.7	47.7083	47.7083	190.833	190.833	0 23273 1353.26 	24626.2	6.27292	6.5039	12399	666.612	0.0234815	0	1.02	1.02
25	0.00202319	0.00107792	19237.8	1050	105	18655.6	47.7218	47.7218	190.887	190.887	0 23272.3 1351.89 	24624.2	6.27276	6.5039	12399	666.612	0.023459	0	1.02	1.02
25.1	0.00202321	0.00107796	19238.8	1050	105	18656.5	47.7353	47.7353	190.941	190.941	0 23271.6 1350.52 	24622.1	6.27259	6.5039	12399	666.612	0.0234365	0	1.02	1.02
25.2	0.00202323	0.001078	19239.9	1050	105	18657.4	47.7489	47.7489	190.995	190.995	0 23270.9 1349.15 	24620	6.27243	6.5039	12399	666.612	0.023414	0	1.02	1.02
25.3	0.00202325	0.00107804	19240.9	1050	105	18658.3	47.7624	47.7624	191.05	191.05	0 23270.2 1347.78 	24618	6.27227	6.5039	12399	666.612	0.0233915	0	1.02	1.02
25.4	0.00202326	0.00107808	19241.9	1050	105	18659.2	47.776	47.776	191.104	191.104	0 23269.5 1346.42 	24615.9	6.27211	6.5039	12399	666.612	0.0233691	0	1.02	1.02
25.5	0.00202328	0.00107812	19243	1050	105	18660.1	47.7896	47.7896	191.158	191.158	0 23268.8 1345.05 	24613.8	6.27194	6.5039	12399	666.612	0.0233467	0	1.02	1.02
25.6	0.0020233	0.00107816	19244	1050	105	18661	47.8032	47.8032	191.213	191.213	0 23268.1 1343.69 	24611.8	6.27178	6.5039	12399	666.612	0.0233243	0	1.02	1.02
25.7	0.00202332	0.00107821	19245	1050	105	18661.9	47.8168	47.8168	191.267	191.267	0 23267.4 1342.33 	24609.7	6.27162	6.5039	12399	666.612	0.0233019	0	1.02	1.02
25.8	0.00202333	0.00107825	19246.1	1050	105	18662.7	47.8304	47.8304	191.322	191.322	0 23266.7 1340.97 	24607.7	6.27146	6.5039	12399	666.612	0.0232796	0	1.02	1.02
25.9	0.00202335	0.00107829	19247.1	1050	105	18663.6	47.8441	47.8441	191.376	191.376	0 23266 1339.62 	24605.6	6.27129	6.5039	12399	666.612	0.0232573	0	1.02	1.02
26	0.00202337	0.00107833	19248.1	1050	105	18664.5	47.8577	47.8577	191.431	191.431	0 23265.3 1338.26 	24603.6	6.27113	6.5039	12399	666.612	0.023235	0	1.02	1.02
26.1	0.00202338	0.00107837	19249.1	1050	105	18665.4	47.8714	47.8714	191.486	191.486	0 23264.6 1336.91 	24601.5	6.27097	6.5039	12399	666.612	0.0232127	0	1.02	1.02
26.2	0.0020234	0.00107841	19250.2	1050	105	18666.3	47.8851	47.8851	191.54	191.54	0 23263.9 1335.55 	24599.5	6.27081	6.5039	12399	666.612	0.0231905	0	1.02	1.02
26.3	0.00202342	0.00107846	19251.2	1050	105	18667.2	47.8988	47.8988	191.595	191.595	0 23263.2 1334.2 	24597.4	6.27065	6.5039	12399	666.612	0.0231682	0	1.02	1.02
26.4	0.00202344	0.0010785	19252.2	1050	105	18668.1	47.9125	47.9125	191.65	191.65	0 23262.5 1332.85 	24595.4	6.27049	6.5039	12399	666.612	0.0231461	0	1.02	1.02
26.5	0.00202345	0.00107854	19253.3	1050	105	18669	47.9262	47.9262	191.705	191.705	0 23261.8 1331.51 	24593.3	6.27033	6.5039	12399	666.612	0.0231239	0	1.02	1.02
26.6	0.00202347	0.00107858	19254.3	1050	105	18669.9	47.9399	47.9399	191.76	191.76	0 23261.1 1330.16 	24591.3	6.27016	6.5039	12399	666.612	0.0231017	0	1.02	1.02
26.7	0.00202349	0.00107862	19255.3	1050	105	18670.8	47.9537	47.9537	191.815	191.815	0 23260.4 1328.82 	24589.2	6.27	6.5039	12399	666.612	0.0230796	0	1.02	1.02
26.8	0.00202351	0.00107866	19256.3	1050	105	18671.7	47.9674	47.9674	191.87	191.87	0 23259.7 1327.47 	24587.2	6.26984	6.5039	12399	666.612	0.0230575	0	1.02	1.02
26.9	0.00202352	0.00107871	19257.4	1050	105	18672.6	47.9812	47.9812	191.925	191.925	0 23259 1326.13 	24585.2	6.26968	6.5039	12399	666.612	0.0230354	0	1.02	1.02
27	0.00202354	0.00107875	19258.4	1050	105	18673.4	47.995	47.995	191.98	191.98	0 23258.3 1324.79 	24583.1	6.26952	6.5039	12399	666.612	0.0230134	0	1.02	1.02
27.1	0.00202356	0.00107879	19259.4	1050	105	18674.3	48.0088	48.0088	192.035	192.035	0 23257.6 1323.45 	24581.1	6.26936	6.5039	12399	666.612	0.0229914	0	1.02	1.02
27.2	0.00202358	0.00107883	19260.5	1050	105	18675.2	48.0226	48.0226	192.09	192.09	0 23256.9 1322.11 	24579.1	6.2692	6.5039	12399	666.612	0.0229694	0	1.02	1.02
27.3	0.00202359	0.00107887	19261.5	1050	105	18676.1	48.0364	48.0364	192.146	192.146	0 23256.2 1320.78 	24577	6.26904	6.5039	12399	666.612	0.0229474	0	1.02	1.02
27.4	0.00202361	0.00107891	19262.5	1050	105	18677	48.0503	48.0503	192.201	192.201	0 23255.5 1319.45 	24575	6.26888	6.5039	12399	666.612	0.0229254	0	1.02	1.02
27.5	0.00202363	0.00107895	19263.5	1050	105	18677.9	48.0641	48.0641	192.257	192.257	0 23254.8 1318.11 	24573	6.26872	6.5039	12399	666.612	0.0229035	0	1.02	1.02
27.6	0.00202364	0.001079	19264.6	1050	105	18678.8	48.078	48.078	192.312	192.312	0 23254.1 1316.78 	24570.9	6.26856	6.5039	12399	666.612	0.0228816	0	1.02	1.02
27.7	0.00202366	0.00107904	19265.6	1050	105	18679.7	48.0919	48.0919	192.368	192.368	0 23253.4 1315.45 	24568.9	6.2684	6.5039	12399	666.612	0.0228597	0	1.02	1.02
27.8	0.00202368	0.00107908	19266.6	1050	105	18680.6	48.1058	48.1058	192.423	192.423	0 23252.7 1314.12 	24566.9	6.26824	6.5039	12399	666.612	0.0228378	0	1.02	1.02
27.9	0.0020237	0.00107912	19267.6	1050	105	18681.4	48.1197	48.1197	192.479	192.479	0 23252.1 1312.8 	24564.8	6.26808	6.5039	12399	666.612	0.022816	0	1.02	1.02
28	0.00202371	0.00107916	19268.7	1050	105	18682.3	48.1336	48.1336	192.535	192.535	0 23251.4 1311.47 	24562.8	6.26792	6.5039	12399	666.612	0.0227942	0	1.02	1.02
28.1	0.00202373	0.0010792	19269.7	1050	105	18683.2	48.1476	48.1476	192.59	192.59	0 23250.7 1310.15 	24560.8	6.26776	6.5039	12399	666.612	0.0227724	0	1.02	1.02
28.2	0.00202375	0.00107925	19270.7	1050	105	18684.1	48.1615	48.1615	192.646	192.646	0 23250 1308.83 	24558.8	6.2676	6.5039	12399	666.612	0.0227506	0	1.02	1.02
28.3	0.00202376	0.00107929	19271.7	1050	105	18685	48.1755	48.1755	192.702	192.702	0 23249.3 1307.51 	24556.8	6.26744	6.5039	12399	666.612	0.0227289	0	1.02	1.02
28.4	0.00202378	0.00107933	19272.8	1050	105	18685.9	48.1895	48.1895	192.758	192.758	0 23248.6 1306.19 	24554.8	6.26728	6.5039	12399	666.612	0.0227072	0	1.02	1.02
28.5	0.0020238	0.00107937	19273.8	1050	105	18686.8	48.2034	48.2034	192.814	192.814	0 23247.9 1304.87 	24552.7	6.26713	6.5039	12399	666.612	0.0226855	0	1.02	1.02
28.6	0.00202382	0.00107941	19274.8	1050	105	18687.7	48.2174	48.2174	192.87	192.87	0 23247.2 1303.55 	24550.7	6.26697	6.5039	12399	666.612	0.0226638	0	1.02	1.02
28.7	0.00202383	0.00107945	19275.9	1050	105	18688.5	48.2315	48.2315	192.926	192.926	0 23246.5 1302.24 	24548.7	6.26681	6.5039	12399	666.612	0.0226422	0	1.02	1.02
28.8	0.00202385	0.00107949	19276.9	1050	105	18689.4	48.2455	48.2455	192.982	192.982	0 23245.8 1300.93 	24546.7	6.26665	6.5039	12399	666.612	0.0226205	0	1.02	1.02
28.9	0.00202387	0.00107954	19277.9	1050	105	18690.3	48.2595	48.2595	193.038	193.038	0 23245.1 1299.62 	24544.7	6.26649	6.5039	12399	666.612	0.0225989	0	1.02	1.02
29	0.00202388	0.00107958	19278.9	1050	105	18691.2	48.2736	48.2736	193.094	193.094	0 23244.4 1298.31 	24542.7	6.26633	6.5039	12399	666.612	0.0225774	0	1.02	1.02
29.1	0.0020239	0.00107962	19280	1050	105	18692.1	48.2877	48.2877	193.151	193.151	0 23243.7 1297 	24540.7	6.26617	6.5039	12399	666.612	0.0225558	0	1.02	1.02
29.2	0.00202392	0.00107966	19281	1050	105	18693	48.3017	48.3017	193.207	193.207	0 23243 1295.69 	24538.7	6.26602	6.5039	12399	666.612	0.0225343	0	1.02	1.02
29.3	0.00202394	0.0010797	19282	1050	105	18693.8	48.3158	48.3158	193.263	193.263	0 23242.3 1294.38 	24536.7	6.26586	6.5039	12399	666.612	0.0225128	0	1.02	1.02
29.4	0.00202395	0.00107974	19283	1050	105	18694.7	48.33	48.33	193.32	193.32	0 23241.6 1293.08 	24534.7	6.2657	6.5039	12399	666.612	0.0224913	0	1.02	1.02
29.5	0.00202397	0.00107978	19284.1	1050	105	18695.6	48.3441	48.3441	193.376	193.376	0 23240.9 1291.78 	24532.7	6.26554	6.5039	12399	666.612	0.0224698	0	1.02	1.02
29.6	0.00202399	0.00107983	19285.1	1050	105	18696.5	48.3582	48.3582	193.433	193.433	0 23240.2 1290.48 	24530.7	6.26539	6.5039	12399	666.612	0.0224484	0	1.02	1.02
29.7	0.002024	0.00107987	19286.1	1050	105	18697.4	48.3724	48.3724	193.489	193.489	0 23239.5 1289.18 	24528.7	6.26523	6.5039	12399	666.612	0.022427	0	1.02	1.02
29.8	0.00202402	0.00107991	19287.1	1050	105	18698.3	48.3865	48.3865	193.546	193.546	0 23238.8 1287.88 	24526.7	6.26507	6.5039	12399	666.612	0.0224056	0	1.02	1.02
29.9	0.00202404	0.00107995	19288.1	1050	105	18699.1	48.4007	48.4007	193.603	193.603	0 23238.1 1286.58 	24524.7	6.26491	6.5039	12399	666.612	0.0223842	0	1.02	1.02
30	0.00202405	0.00107999	19289.2	1050	105	18700	48.4149	48.4149	193.66	193.66	0 23237.4 1285.29 	24522.7	6.26476	6.5039	12399	666.612	0.0223629	0	1.02	1.02
30.1	0.00202407	0.00108003	19290.2	1050	105	18700.9	48.4291	48.4291	193.716	193.716	0 23236.7 1283.99 	24520.7	6.2646	6.5039	12399	666.612	0.0223415	0	1.02	1.02
30.2	0.00202409	0.00108008	19291.2	1050	105	18701.8	48.4433	48.4433	193.773	193.773	0 23236 1282.7 	24518.7	6.26444	6.5039	12399	666.612	0.0223202	0	1.02	1.02
30.3	0.0020241	0.00108012	19292.2	1050	105	18702.7	48.4576	48.4576	193.83	193.83	0 23235.3 1281.41 	24516.7	6.26429	6.5039	12399	666.612	0.022299	0	1.02	1.02
30.4	0.00202412	0.00108016	19293.3	1050	105	18703.5	48.4718	48.4718	193.887	193.887	0 23234.6 1280.12 	24514.7	6.26413	6.5039	12399	666.612	0.0222777	0	1.02	1.02
30.5	0.00202414	0.0010802	19294.3	1050	105	18704.4	48.4861	48.4861	193.944	193.944	0 23233.9 1278.84 	24512.7	6.26397	6.5039	12399	666.612	0.0222565	0	1.02	1.02
30.6	0.00202415	0.00108024	19295.3	1050	105	18705.3	48.5003	48.5003	194.001	194.001	0 23233.2 1277.55 	24510.8	6.26382	6.5039	12399	666.612	0.0222353	0	1.02	1.02
30.7	0.00202417	0.00108028	19296.3	1050	105	18706.2	48.5146	48.5146	194.059	194.059	0 23232.5 1276.26 	24508.8	6.26366	6.5039	12399	666.612	0.0222141	0	1.02	1.02
30.8	0.00202419	0.00108032	19297.4	1050	105	18707.1	48.5289	48.5289	194.116	194.116	0 23231.8 1274.98 	24506.8	6.2635	6.5039	12399	666.612	0.022193	0	1.02	1.02
30.9	0.00202421	0.00108037	19298.4	1050	105	18707.9	48.5432	48.5432	194.173	194.173	0 23231.1 1273.7 	24504.8	6.26335	6.5039	12399	666.612	0.0221718	0	1.02	1.02
31	0.00202422	0.00108041	19299.4	1050	105	18708.8	48.5576	48.5576	194.23	194.23	0 23230.4 1272.42 	24502.8	6.26319	6.5039	12399	666.612	0.0221507	0	1.02	1.02
31.1	0.00202424	0.00108045	19300.4	1050	105	18709.7	48.5719	48.5719	194.288	194.288	0 23229.7 1271.14 	24500.9	6.26304	6.5039	12399	666.612	0.0221296	0	1.02	1.02
31.2	0.00202426	0.00108049	19301.4	1050	105	18710.6	48.5863	48.5863	194.345	194.345	0 23229 1269.86 	24498.9	6.26288	6.5039	12399	666.612	0.0221086	0	1.02	1.02
31.3	0.00202427	0.00108053	19302.5	1050	105	18711.5	48.6006	48.6006	194.403	194.403	0 23228.3 1268.59 	24496.9	6.26273	6.5039	12399	666.612	0.0220875	0	1.02	1.02
31.4	0.00202429	0.00108057	19303.5	1050	105	18712.3	48.615	48.615	194.46	194.46	0 23227.6 1267.31 	24494.9	6.26257	6.5039	12399	666.612	0.0220665	0	1.02	1.02
31.5	0.00202431	0.00108061	19304.5	1050	105	18713.2	48.6294	48.6294	194.518	194.518	0 23226.9 1266.04 	24493	6.26241	6.5039	12399	666.612	0.0220455	0	1.02	1.02
31.6	0.00202432	0.00108065	19305.5	1050	105	18714.1	48.6438	48.6438	194.575	194.575	0 23226.2 1264.77 	24491	6.26226	6.5039	12399	666.612	0.0220245	0	1.02	1.02
31.7	0.00202434	0.0010807	19306.5	1050	105	18715	48.6582	48.6582	194.633	194.633	0 23225.5 1263.5 	24489	6.2621	6.5039	12399	666.612	0.0220036	0	1.02	1.02
31.8	0.00202436	0.00108074	19307.6	1050	105	18715.8	48.6727	48.6727	194.691	194.691	0 23224.8 1262.23 	24487.1	6.26195	6.5039	12399	666.612	0.0219827	0	1.02	1.02
31.9	0.00202437	0.00108078	19308.6	1050	105	18716.7	48.6871	48.6871	194.748	194.748	0 23224.1 1260.97 	24485.1	6.26179	6.5039	12399	666.612	0.0219618	0	1.02	1.02
32	0.00202439	0.00108082	19309.6	1050	105	18717.6	48.7016	48.7016	194.806	194.806	0 23223.4 1259.7 	24483.1	6.26164	6.5039	12399	666.612	0.0219409	0	1.02	1.02
32.1	0.00202441	0.00108086	19310.6	1050	105	18718.5	48.7161	48.7161	194.864	194.864	0 23222.7 1258.44 	24481.2	6.26148	6.5039	12399	666.612	0.02192	0	1.02	1.02
32.2	0.00202442	0.0010809	19311.6	1050	105	18719.3	48.7305	48.7305	194.922	194.922	0 23222.1 1257.17 	24479.2	6.26133	6.5039	12399	666.612	0.0218992	0	1.02	1.02
32.3	0.00202444	0.00108094	19312.7	1050	105	18720.2	48.745	48.745	194.98	194.98	0 23221.4 1255.91 	24477.3	6.26118	6.5039	12399	666.612	0.0218784	0	1.02	1.02
32.4	0.00202446	0.00108099	19313.7	1050	105	18721.1	48.7596	48.7596	195.038	195.038	0 23220.7 1254.65 	24475.3	6.26102	6.5039	12399	666.612	0.0218576	0	1.02	1.02
32.5	0.00202447	0.00108103	19314.7	1050	105	18722	48.7741	48.7741	195.096	195.096	0 23220 1253.39 	24473.4	6.26087	6.5039	12399	666.612	0.0218368	0	1.02	1.02
32.6	0.00202449	0.00108107	19315.7	1050	105	18722.8	48.7886	48.7886	195.155	195.155	0 23219.3 1252.14 	24471.4	6.26071	6.5039	12399	666.612	0.0218161	0	1.02	1.02
32.7	0.00202451	0.00108111	19316.7	1050	105	18723.7	48.8032	48.8032	195.213	195.213	0 23218.6 1250.88 	24469.4	6.26056	6.5039	12399	666.612	0.0217953	0	1.02	1.02
32.8	0.00202452	0.00108115	19317.8	1050	105	18724.6	48.8178	48.8178	195.271	195.271	0 23217.9 1249.63 	24467.5	6.26041	6.5039	12399	666.612	0.0217747	0	1.02	1.02
32.9	0.00202454	0.00108119	19318.8	1050	105	18725.5	48.8323	48.8323	195.329	195.329	0 23217.2 1248.38 	24465.5	6.26025	6.5039	12399	666.612	0.021754	0	1.02	1.02
33	0.00202456	0.00108123	19319.8	1050	105	18726.3	48.8469	48.8469	195.388	195.388	0 23216.5 1247.13 	24463.6	6.2601	6.5039	12399	666.612	0.0217333	0	1.02	1.02
33.1	0.00202457	0.00108127	19320.8	1050	105	18727.2	48.8616	48.8616	195.446	195.446	0 23215.8 1245.88 	24461.7	6.25995	6.5039	12399	666.612	0.0217127	0	1.02	1.02
33.2	0.00202459	0.00108132	19321.8	1050	105	18728.1	48.8762	48.8762	195.505	195.505	0 23215.1 1244.63 	24459.7	6.25979	6.5039	12399	666.612	0.0216921	0	1.02	1.02
33.3	0.00202461	0.00108136	19322.9	1050	105	18728.9	48.8908	48.8908	195.563	195.563	0 23214.4 1243.38 	24457.8	6.25964	6.5039	12399	666.612	0.0216715	0	1.02	1.02
33.4	0.00202462	0.0010814	19323.9	1050	105	18729.8	48.9055	48.9055	195.622	195.622	0 23213.7 1242.14 	24455.8	6.25949	6.5039	12399	666.612	0.0216509	0	1.02	1.02
33.5	0.00202464	0.00108144	19324.9	1050	105	18730.7	48.9201	48.9201	195.681	195.681	0 23213 1240.89 	24453.9	6.25933	6.5039	12399	666.612	0.0216304	0	1.02	1.02
33.6	0.00202465	0.00108148	19325.9	1050	105	18731.6	48.9348	48.9348	195.739	195.739	0 23212.3 1239.65 	24451.9	6.25918	6.5039	12399	666.612	0.0216099	0	1.02	1.02
33.7	0.00202467	0.00108152	19326.9	1050	105	18732.4	48.9495	48.9495	195.798	195.798	0 23211.6 1238.41 	24450	6.25903	6.5039	12399	666.612	0.0215894	0	1.02	1.02
33.8	0.00202469	0.00108156	19327.9	1050	105	18733.3	48.9642	48.9642	195.857	195.857	0 23210.9 1237.17 	24448.1	6.25887	6.5039	12399	666.612	0.0215689	0	1.02	1.02
33.9	0.0020247	0.00108161	19329	1050	105	18734.2	48.9789	48.9789	195.916	195.916	0 23210.2 1235.93 	24446.1	6.25872	6.5039	12399	666.612	0.0215485	0	1.02	1.02
34	0.00202472	0.00108165	19330	1050	105	18735	48.9937	48.9937	195.975	195.975	0 23209.5 1234.7 	24444.2	6.25857	6.5039	12399	666.612	0.021528	0	1.02	1.02
34.1	0.00202474	0.00108169	19331	1050	105	18735.9	49.0084	49.0084	196.034	196.034	0 23208.8 1233.46 	24442.3	6.25842	6.5039	12399	666.612	0.0215076	0	1.02	1.02
34.2	0.00202475	0.00108173	19332	1050	105	18736.8	49.0232	49.0232	196.093	196.093	0 23208.1 1232.23 	24440.3	6.25827	6.5039	12399	666.612	0.0214873	0	1.02	1.02
34.3	0.00202477	0.00108177	19333	1050	105	18737.6	49.0379	49.0379	196.152	196.152	0 23207.4 1230.99 	24438.4	6.25811	6.5039	12399	666.612	0.0214669	0	1.02	1.02
34.4	0.00202479	0.00108181	19334	1050	105	18738.5	49.0527	49.0527	196.211	196.211	0 23206.7 1229.76 	24436.5	6.25796	6.5039	12399	666.612	0.0214466	0	1.02	1.02
34.5	0.0020248	0.00108185	19335.1	1050	105	18739.4	49.0675	49.0675	196.27	196.27	0 23206 1228.53 	24434.6	6.25781	6.5039	12399	666.612	0.0214262	0	1.02	1.02
34.6	0.00202482	0.00108189	19336.1	1050	105	18740.2	49.0824	49.0824	196.329	196.329	0 23205.3 1227.31 	24432.6	6.25766	6.5039	12399	666.612	0.021406	0	1.02	1.02
34.7	0.00202484	0.00108194	19337.1	1050	105	18741.1	49.0972	49.0972	196.389	196.389	0 23204.6 1226.08 	24430.7	6.25751	6.5039	12399	666.612	0.0213857	0	1.02	1.02
34.8	0.00202485	0.00108198	19338.1	1050	105	18742	49.112	49.112	196.448	196.448	0 23203.9 1224.86 	24428.8	6.25735	6.5039	12399	666.612	0.0213654	0	1.02	1.02
34.9	0.00202487	0.00108202	19339.1	1050	105	18742.8	49.1269	49.1269	196.508	196.508	0 23203.2 1223.63 	24426.9	6.2572	6.5039	12399	666.612	0.0213452	0	1.02	1.02
35	0.00202488	0.00108206	19340.1	1050	105	18743.7	49.1417	49.1417	196.567	196.567	0 23202.5 1222.41 	24424.9	6.25705	6.5039	12399	666.612	0.021325	0	1.02	1.02
35.1	0.0020249	0.0010821	19341.1	1050	105	18744.6	49.1566	49.1566	196.627	196.627	0 23201.8 1221.19 	24423	6.2569	6.5039	12399	666.612	0.0213048	0	1.02	1.02
35.2	0.00202492	0.00108214	19342.2	1050	105	18745.4	49.1715	49.1715	196.686	196.686	0 23201.1 1219.97 	24421.1	6.25675	6.5039	12399	666.612	0.0212847	0	1.02	1.02
35.3	0.00202493	0.00108218	19343.2	1050	105	18746.3	49.1864	49.1864	196.746	196.746	0 23200.4 1218.75 	24419.2	6.2566	6.5039	12399	666.612	0.0212645	0	1.02	1.02
35.4	0.00202495	0.00108222	19344.2	1050	105	18747.2	49.2014	49.2014	196.805	196.805	0 23199.8 1217.53 	24417.3	6.25645	6.5039	12399	666.612	0.0212444	0	1.02	1.02
35.5	0.00202497	0.00108226	19345.2	1050	105	18748	49.2163	49.2163	196.865	196.865	0 23199.1 1216.32 	24415.4	6.2563	6.5039	12399	666.612	0.0212243	0	1.02	1.02
35.6	0.00202498	0.00108231	19346.2	1050	105	18748.9	49.2312	49.2312	196.925	196.925	0 23198.4 1215.11 	24413.5	6.25615	6.5039	12399	666.612	0.0212043	0	1.02	1.02
35.7	0.002025	0.00108235	19347.2	1050	105	18749.8	49.2462	49.2462	196.985	196.985	0 23197.7 1213.89 	24411.6	6.256	6.5039	12399	666.612	0.0211842	0	1.02	1.02
35.8	0.00202501	0.00108239	19348.2	1050	105	18750.6	49.2612	49.2612	197.045	197.045	0 23197 1212.68 	24409.6	6.25585	6.5039	12399	666.612	0.0211642	0	1.02	1.02
35.9	0.00202503	0.00108243	19349.3	1050	105	18751.5	49.2762	49.2762	197.105	197.105	0 23196.3 1211.47 	24407.7	6.2557	6.5039	12399	666.612	0.0211442	0	1.02	1.02
36	0.00202505	0.00108247	19350.3	1050	105	18752.4	49.2912	49.2912	197.165	197.165	0 23195.6 1210.26 	24405.8	6.25555	6.5039	12399	666.612	0.0211242	0	1.02	1.02
36.1	0.00202506	0.00108251	19351.3	1050	105	18753.2	49.3062	49.3062	197.225	197.225	0 23194.9 1209.06 	24403.9	6.2554	6.5039	12399	666.612	0.0211043	0	1.02	1.02
36.2	0.00202508	0.00108255	19352.3	1050	105	18754.1	49.3212	49.3212	197.285	197.285	0 23194.2 1207.85 	24402	6.25525	6.5039	12399	666.612	0.0210843	0	1.02	1.02
36.3	0.0020251	0.00108259	19353.3	1050	105	18754.9	49.3363	49.3363	197.345	197.345	0 23193.5 1206.65 	24400.1	6.2551	6.5039	12399	666.612	0.0210644	0	1.02	1.02
36.4	0.00202511	0.00108263	19354.3	1050	105	18755.8	49.3513	49.3513	197.405	197.405	0 23192.8 1205.45 	24398.2	6.25495	6.5039	12399	666.612	0.0210445	0	1.02	1.02
36.5	0.00202513	0.00108268	19355.3	1050	105	18756.7	49.3664	49.3664	197.466	197.466	0 23192.1 1204.25 	24396.3	6.2548	6.5039	12399	666.612	0.0210246	0	1.02	1.02
36.6	0.00202514	0.00108272	19356.3	1050	105	18757.5	49.3815	49.3815	197.526	197.526	0 23191.4 1203.05 	24394.4	6.25465	6.5039	12399	666.612	0.0210048	0	1.02	1.02
36.7	0.00202516	0.00108276	19357.3	1050	105	18758.4	49.3966	49.3966	197.586	197.586	0 23190.7 1201.85 	24392.5	6.2545	6.5039	12399	666.612	0.020985	0	1.02	1.02
36.8	0.00202518	0.0010828	19358.4	1050	105	18759.2	49.4117	49.4117	197.647	197.647	0 23190 1200.65 	24390.7	6.25435	6.5039	12399	666.612	0.0209652	0	1.02	1.02
36.9	0.00202519	0.00108284	19359.4	1050	105	18760.1	49.4269	49.4269	197.707	197.707	0 23189.3 1199.45 	24388.8	6.2542	6.5039	12399	666.612	0.0209454	0	1.02	1.02
37	0.00202521	0.00108288	19360.4	1050	105	18761	49.442	49.442	197.768	197.768	0 23188.6 1198.26 	24386.9	6.25405	6.5039	12399	666.612	0.0209256	0	1.02	1.02
37.1	0.00202522	0.00108292	19361.4	1050	105	18761.8	49.4572	49.4572	197.829	197.829	0 23187.9 1197.07 	24385	6.2539	6.5039	12399	666.612	0.0209059	0	1.02	1.02
37.2	0.00202524	0.00108296	19362.4	1050	105	18762.7	49.4723	49.4723	197.889	197.889	0 23187.2 1195.88 	24383.1	6.25375	6.5039	12399	666.612	0.0208862	0	1.02	1.02
37.3	0.00202526	0.001083	19363.4	1050	105	18763.5	49.4875	49.4875	197.95	197.95	0 23186.5 1194.69 	24381.2	6.25361	6.5039	12399	666.612	0.0208665	0	1.02	1.02
37.4	0.00202527	0.00108305	19364.4	1050	105	18764.4	49.5027	49.5027	198.011	198.011	0 23185.8 1193.5 	24379.3	6.25346	6.5039	12399	666.612	0.0208468	0	1.02	1.02
37.5	0.00202529	0.00108309	19365.4	1050	105	18765.3	49.5179	49.5179	198.072	198.072	0 23185.1 1192.31 	24377.4	6.25331	6.5039	12399	666.612	0.0208272	0	1.02	1.02
37.6	0.0020253	0.00108313	19366.4	1050	105	18766.1	49.5331	49.5331	198.133	198.133	0 23184.4 1191.13 	24375.6	6.25316	6.5039	12399	666.612	0.0208075	0	1.02	1.02
37.7	0.00202532	0.00108317	19367.4	1050	105	18767	49.5484	49.5484	198.193	198.193	0 23183.7 1189.94 	24373.7	6.25301	6.5039	12399	666.612	0.0207879	0	1.02	1.02
37.8	0.00202534	0.00108321	19368.5	1050	105	18767.8	49.5636	49.5636	198.255	198.255	0 23183 1188.76 	24371.8	6.25286	6.5039	12399	666.612	0.0207683	0	1.02	1.02
37.9	0.00202535	0.00108325	19369.5	1050	105	18768.7	49.5789	49.5789	198.316	198.316	0 23182.4 1187.58 	24369.9	6.25272	6.5039	12399	666.612	0.0207488	0	1.02	1.02
38	0.00202537	0.00108329	19370.5	1050	105	18769.5	49.5942	49.5942	198.377	198.377	0 23181.7 1186.4 	24368.1	6.25257	6.5039	12399	666.612	0.0207292	0	1.02	1.02
38.1	0.00202538	0.00108333	19371.5	1050	105	18770.4	49.6095	49.6095	198.438	198.438	0 23181 1185.22 	24366.2	6.25242	6.5039	12399	666.612	0.0207097	0	1.02	1.02
38.2	0.0020254	0.00108337	19372.5	1050	105	18771.2	49.6248	49.6248	198.499	198.499	0 23180.3 1184.04 	24364.3	6.25227	6.5039	12399	666.612	0.0206902	0	1.02	1.02
38.3	0.00202542	0.00108341	19373.5	1050	105	18772.1	49.6401	49.6401	198.56	198.56	0 23179.6 1182.86 	24362.4	6.25213	6.5039	12399	666.612	0.0206708	0	1.02	1.02
38.4	0.00202543	0.00108346	19374.5	1050	105	18773	49.6554	49.6554	198.622	198.622	0 23178.9 1181.69 	24360.6	6.25198	6.5039	12399	666.612	0.0206513	0	1.02	1.02
38.5	0.00202545	0.0010835	19375.5	1050	105	18773.8	49.6708	49.6708	198.683	198.683	0 23178.2 1180.52 	24358.7	6.25183	6.5039	12399	666.612	0.0206319	0	1.02	1.02
38.6	0.00202546	0.00108354	19376.5	1050	105	18774.7	49.6861	49.6861	198.745	198.745	0 23177.5 1179.34 	24356.8	6.25168	6.5039	12399	666.612	0.0206125	0	1.02	1.02
38.7	0.00202548	0.00108358	19377.5	1050	105	18775.5	49.7015	49.7015	198.806	198.806	0 23176.8 1178.17 	24355	6.25154	6.5039	12399	666.612	0.0205931	0	1.02	1.02
38.8	0.0020255	0.00108362	19378.5	1050	105	18776.4	49.7169	49.7169	198.868	198.868	0 23176.1 1177 	24353.1	6.25139	6.5039	12399	666.612	0.0205737	0	1.02	1.02
38.9	0.00202551	0.00108366	19379.5	1050	105	18777.2	49.7323	49.7323	198.929	198.929	0 23175.4 1175.84 	24351.2	6.25124	6.5039	12399	666.612	0.0205544	0	1.02	1.02
39	0.00202553	0.0010837	19380.6	1050	105	18778.1	49.7477	49.7477	198.991	198.991	0 23174.7 1174.67 	24349.4	6.2511	6.5039	12399	666.612	0.020535	0	1.02	1.02
39.1	0.00202554	0.00108374	19381.6	1050	105	18778.9	49.7631	49.7631	199.053	199.053	0 23174 1173.51 	24347.5	6.25095	6.5039	12399	666.612	0.0205157	0	1.02	1.02
39.2	0.00202556	0.00108378	19382.6	1050	105	18779.8	49.7786	49.7786	199.114	199.114	0 23173.3 1172.34 	24345.7	6.2508	6.5039	12399	666.612	0.0204965	0	1.02	1.02
39.3	0.00202557	0.00108382	19383.6	1050	105	18780.6	49.794	49.794	199.176	199.176	0 23172.6 1171.18 	24343.8	6.25066	6.5039	12399	666.612	0.0204772	0	1.02	1.02
39.4	0.00202559	0.00108387	19384.6	1050	105	18781.5	49.8095	49.8095	199.238	199.238	0 23171.9 1170.02 	24342	6.25051	6.5039	12399	666.612	0.020458	0	1.02	1.02
39.5	0.00202561	0.00108391	19385.6	1050	105	18782.3	49.825	49.825	199.3	199.3	0 23171.2 1168.86 	24340.1	6.25036	6.5039	12399	666.612	0.0204387	0	1.02	1.02
39.6	0.00202562	0.00108395	19386.6	1050	105	18783.2	49.8405	49.8405	199.362	199.362	0 23170.5 1167.7 	24338.2	6.25022	6.5039	12399	666.612	0.0204196	0	1.02	1.02
39.7	0.00202564	0.00108399	19387.6	1050	105	18784	49.856	49.856	199.424	199.424	0 23169.8 1166.54 	24336.4	6.25007	6.5039	12399	666.612	0.0204004	0	1.02	1.02
39.8	0.00202565	0.00108403	19388.6	1050	105	18784.9	49.8715	49.8715	199.486	199.486	0 23169.2 1165.39 	24334.5	6.24993	6.5039	12399	666.612	0.0203812	0	1.02	1.02
39.9	0.00202567	0.00108407	19389.6	1050	105	18785.7	49.8871	49.8871	199.548	199.548	0 23168.5 1164.23 	24332.7	6.24978	6.5039	12399	666.612	0.0203621	0	1.02	1.02
40	0.00202568	0.00108411	19390.6	1050	105	18786.6	49.9026	49.9026	199.611	199.611	0 23167.8 1163.08 	24330.8	6.24964	6.5039	12399	666.612	0.020343	0	1.02	1.02
40.1	0.0020257	0.00108415	19391.6	1050	105	18787.4	49.9182	49.9182	199.673	199.673	0 23167.1 1161.93 	24329	6.24949	6.5039	12399	666.612	0.0203239	0	1.02	1.02
40.2	0.00202572	0.00108419	19392.6	1050	105	18788.3	49.9338	49.9338	199.735	199.735	0 23166.4 1160.78 	24327.2	6.24934	6.5039	12399	666.612	0.0203048	0	1.02	1.02
40.3	0.00202573	0.00108423	19393.6	1050	105	18789.1	49.9494	49.9494	199.797	199.797	0 23165.7 1159.63 	24325.3	6.2492	6.5039	12399	666.612	0.0202858	0	1.02	1.02
40.4	0.00202575	0.00108427	19394.6	1050	105	18790	49.965	49.965	199.86	199.86	0 23165 1158.48 	24323.5	6.24905	6.5039	12399	666.612	0.0202668	0	1.02	1.02
40.5	0.00202576	0.00108432	19395.6	1050	105	18790.8	49.9806	49.9806	199.922	199.922	0 23164.3 1157.34 	24321.6	6.24891	6.5039	12399	666.612	0.0202478	0	1.02	1.02
40.6	0.00202578	0.00108436	19396.6	1050	105	18791.7	49.9962	49.9962	199.985	199.985	0 23163.6 1156.19 	24319.8	6.24876	6.5039	12399	666.612	0.0202288	0	1.02	1.02
40.7	0.00202579	0.0010844	19397.6	1050	105	18792.5	50.0119	50.0119	200.048	200.048	0 23162.9 1155.05 	24318	6.24862	6.5039	12399	666.612	0.0202098	0	1.02	1.02
40.8	0.00202581	0.00108444	19398.6	1050	105	18793.4	50.0276	50.0276	200.11	200.11	0 23162.2 1153.91 	24316.1	6.24848	6.5039	12399	666.612	0.0201909	0	1.02	1.02
40.9	0.00202583	0.00108448	19399.6	1050	105	18794.2	50.0432	50.0432	200.173	200.173	0 23161.5 1152.77 	24314.3	6.24833	6.5039	12399	666.612	0.020172	0	1.02	1.02
41	0.00202584	0.00108452	19400.6	1050	105	18795.1	50.0589	50.0589	200.236	200.236	0 23160.8 1151.63 	24312.5	6.24819	6.5039	12399	666.612	0.0201531	0	1.02	1.02
41.1	0.00202586	0.00108456	19401.6	1050	105	18795.9	50.0746	50.0746	200.298	200.298	0 23160.1 1150.49 	24310.6	6.24804	6.5039	12399	666.612	0.0201342	0	1.02	1.02
41.2	0.00202587	0.0010846	19402.6	1050	105	18796.7	50.0903	50.0903	200.361	200.361	0 23159.4 1149.35 	24308.8	6.2479	6.5039	12399	666.612	0.0201154	0	1.02	1.02
41.3	0.00202589	0.00108464	19403.6	1050	105	18797.6	50.1061	50.1061	200.424	200.424	0 23158.7 1148.22 	24307	6.24775	6.5039	12399	666.612	0.0200965	0	1.02	1.02
41.4	0.0020259	0.00108468	19404.6	1050	105	18798.4	50.1218	50.1218	200.487	200.487	0 23158.1 1147.08 	24305.1	6.24761	6.5039	12399	666.612	0.0200777	0	1.02	1.02
41.5	0.00202592	0.00108472	19405.7	1050	105	18799.3	50.1376	50.1376	200.55	200.55	0 23157.4 1145.95 	24303.3	6.24747	6.5039	12399	666.612	0.0200589	0	1.02	1.02
41.6	0.00202593	0.00108476	19406.7	1050	105	18800.1	50.1534	50.1534	200.613	200.613	0 23156.7 1144.82 	24301.5	6.24732	6.5039	12399	666.612	0.0200402	0	1.02	1.02
41.7	0.00202595	0.00108481	19407.7	1050	105	18801	50.1691	50.1691	200.677	200.677	0 23156 1143.69 	24299.7	6.24718	6.5039	12399	666.612	0.0200214	0	1.02	1.02
41.8	0.00202597	0.00108485	19408.7	1050	105	18801.8	50.1849	50.1849	200.74	200.74	0 23155.3 1142.56 	24297.8	6.24703	6.5039	12399	666.612	0.0200027	0	1.02	1.02
41.9	0.00202598	0.00108489	19409.7	1050	105	18802.6	50.2008	50.2008	200.803	200.803	0 23154.6 1141.44 	24296	6.24689	6.5039	12399	666.612	0.019984	0	1.02	1.02
42	0.002026	0.00108493	19410.7	1050	105	18803.5	50.2166	50.2166	200.866	200.866	0 23153.9 1140.31 	24294.2	6.24675	6.5039	12399	666.612	0.0199653	0	1.02	1.02
42.1	0.00202601	0.00108497	19411.7	1050	105	18804.3	50.2324	50.2324	200.93	200.93	0 23153.2 1139.19 	24292.4	6.2466	6.5039	12399	666.612	0.0199467	0	1.02	1.02
42.2	0.00202603	0.00108501	19412.7	1050	105	18805.2	50.2483	50.2483	200.993	200.993	0 23152.5 1138.06 	24290.6	6.24646	6.5039	12399	666.612	0.019928	0	1.02	1.02
42.3	0.00202604	0.00108505	19413.7	1050	105	18806	50.2642	50.2642	201.057	201.057	0 23151.8 1136.94 	24288.8	6.24632	6.5039	12399	666.612	0.0199094	0	1.02	1.02
42.4	0.00202606	0.00108509	19414.7	1050	105	18806.9	50.28	50.28	201.12	201.12	0 23151.1 1135.82 	24286.9	6.24618	6.5039	12399	666.612	0.0198908	0	1.02	1.02
42.5	0.00202607	0.00108513	19415.7	1050	105	18807.7	50.2959	50.2959	201.184	201.184	0 23150.4 1134.7 	24285.1	6.24603	6.5039	12399	666.612	0.0198722	0	1.02	1.02
42.6	0.00202609	0.00108517	19416.7	1050	105	18808.5	50.3119	50.3119	201.247	201.247	0 23149.7 1133.58 	24283.3	6.24589	6.5039	12399	666.612	0.0198537	0	1.02	1.02
42.7	0.0020261	0.00108521	19417.7	1050	105	18809.4	50.3278	50.3278	201.311	201.311	0 23149 1132.47 	24281.5	6.24575	6.5039	12399	666.612	0.0198351	0	1.02	1.02
42.8	0.00202612	0.00108525	19418.6	1050	105	18810.2	50.3437	50.3437	201.375	201.375	0 23148.4 1131.35 	24279.7	6.24561	6.5039	12399	666.612	0.0198166	0	1.02	1.02
42.9	0.00202614	0.00108529	19419.6	1050	105	18811.1	50.3597	50.3597	201.439	201.439	0 23147.7 1130.24 	24277.9	6.24546	6.5039	12399	666.612	0.0197981	0	1.02	1.02
43	0.00202615	0.00108533	19420.6	1050	105	18811.9	50.3756	50.3756	201.503	201.503	0 23147 1129.13 	24276.1	6.24532	6.5039	12399	666.612	0.0197797	0	1.02	1.02
43.1	0.00202617	0.00108538	19421.6	1050	105	18812.7	50.3916	50.3916	201.566	201.566	0 23146.3 1128.01 	24274.3	6.24518	6.5039	12399	666.612	0.0197612	0	1.02	1.02
43.2	0.00202618	0.00108542	19422.6	1050	105	18813.6	50.4076	50.4076	201.63	201.63	0 23145.6 1126.9 	24272.5	6.24504	6.5039	12399	666.612	0.0197428	0	1.02	1.02
43.3	0.0020262	0.00108546	19423.6	1050	105	18814.4	50.4236	50.4236	201.695	201.695	0 23144.9 1125.8 	24270.7	6.2449	6.5039	12399	666.612	0.0197244	0	1.02	1.02
43.4	0.00202621	0.0010855	19424.6	1050	105	18815.2	50.4396	50.4396	201.759	201.759	0 23144.2 1124.69 	24268.9	6.24475	6.5039	12399	666.612	0.019706	0	1.02	1.02
43.5	0.00202623	0.00108554	19425.6	1050	105	18816.1	50.4557	50.4557	201.823	201.823	0 23143.5 1123.58 	24267.1	6.24461	6.5039	12399	666.612	0.0196876	0	1.02	1.02
43.6	0.00202624	0.00108558	19426.6	1050	105	18816.9	50.4717	50.4717	201.887	201.887	0 23142.8 1122.48 	24265.3	6.24447	6.5039	12399	666.612	0.0196693	0	1.02	1.02
43.7	0.00202626	0.00108562	19427.6	1050	105	18817.7	50.4878	50.4878	201.951	201.951	0 23142.1 1121.37 	24263.5	6.24433	6.5039	12399	666.612	0.019651	0	1.02	1.02
43.8	0.00202627	0.00108566	19428.6	1050	105	18818.6	50.5039	50.5039	202.016	202.016	0 23141.4 1120.27 	24261.7	6.24419	6.5039	12399	666.612	0.0196327	0	1.02	1.02
43.9	0.00202629	0.0010857	19429.6	1050	105	18819.4	50.52	50.52	202.08	202.08	0 23140.7 1119.17 	24259.9	6.24405	6.5039	12399	666.612	0.0196144	0	1.02	1.02
44	0.0020263	0.00108574	19430.6	1050	105	18820.3	50.5361	50.5361	202.144	202.144	0 23140.1 1118.07 	24258.1	6.24391	6.5039	12399	666.612	0.0195961	0	1.02	1.02
44.1	0.00202632	0.00108578	19431.6	1050	105	18821.1	50.5522	50.5522	202.209	202.209	0 23139.4 1116.97 	24256.3	6.24376	6.5039	12399	666.612	0.0195779	0	1.02	1.02
44.2	0.00202633	0.00108582	19432.6	1050	105	18821.9	50.5683	50.5683	202.273	202.273	0 23138.7 1115.88 	24254.6	6.24362	6.5039	12399	666.612	0.0195597	0	1.02	1.02
44.3	0.00202635	0.00108586	19433.6	1050	105	18822.8	50.5845	50.5845	202.338	202.338	0 23138 1114.78 	24252.8	6.24348	6.5039	12399	666.612	0.0195415	0	1.02	1.02
44.4	0.00202637	0.0010859	19434.6	1050	105	18823.6	50.6006	50.6006	202.403	202.403	0 23137.3 1113.69 	24251	6.24334	6.5039	12399	666.612	0.0195233	0	1.02	1.02
44.5	0.00202638	0.00108594	19435.6	1050	105	18824.4	50.6168	50.6168	202.467	202.467	0 23136.6 1112.6 	24249.2	6.2432	6.5039	12399	666.612	0.0195051	0	1.02	1.02
44.6	0.0020264	0.00108598	19436.6	1050	105	18825.3	50.633	50.633	202.532	202.532	0 23135.9 1111.5 	24247.4	6.24306	6.5039	12399	666.612	0.019487	0	1.02	1.02
44.7	0.00202641	0.00108603	19437.6	1050	105	18826.1	50.6492	50.6492	202.597	202.597	0 23135.2 1110.41 	24245.6	6.24292	6.5039	12399	666.612	0.0194689	0	1.02	1.02
44.8	0.00202643	0.00108607	19438.6	1050	105	18826.9	50.6654	50.6654	202.662	202.662	0 23134.5 1109.33 	24243.9	6.24278	6.5039	12399	666.612	0.0194508	0	1.02	1.02
44.9	0.00202644	0.00108611	19439.6	1050	105	18827.8	50.6817	50.6817	202.727	202.727	0 23133.8 1108.24 	24242.1	6.24264	6.5039	12399	666.612	0.0194327	0	1.02	1.02
45	0.00202646	0.00108615	19440.6	1050	105	18828.6	50.6979	50.6979	202.792	202.792	0 23133.1 1107.15 	24240.3	6.2425	6.5039	12399	666.612	0.0194146	0	1.02	1.02
45.1	0.00202647	0.00108619	19441.6	1050	105	18829.4	50.7142	50.7142	202.857	202.857	0 23132.5 1106.07 	24238.5	6.24236	6.5039	12399	666.612	0.0193966	0	1.02	1.02
45.2	0.00202649	0.00108623	19442.5	1050	105	18830.2	50.7304	50.7304	202.922	202.922	0 23131.8 1104.98 	24236.7	6.24222	6.5039	12399	666.612	0.0193786	0	1.02	1.02
45.3	0.0020265	0.00108627	19443.5	1050	105	18831.1	50.7467	50.7467	202.987	202.987	0 23131.1 1103.9 	24235	6.24208	6.5039	12399	666.612	0.0193606	0	1.02	1.02
45.4	0.00202652	0.00108631	19444.5	1050	105	18831.9	50.763	50.763	203.052	203.052	0 23130.4 1102.82 	24233.2	6.24194	6.5039	12399	666.612	0.0193426	0	1.02	1.02
45.5	0.00202653	0.00108635	19445.5	1050	105	18832.7	50.7793	50.7793	203.117	203.117	0 23129.7 1101.74 	24231.4	6.2418	6.5039	12399	666.612	0.0193247	0	1.02	1.02
45.6	0.00202655	0.00108639	19446.5	1050	105	18833.6	50.7957	50.7957	203.183	203.183	0 23129 1100.66 	24229.7	6.24166	6.5039	12399	666.612	0.0193067	0	1.02	1.02
45.7	0.00202656	0.00108643	19447.5	1050	105	18834.4	50.812	50.812	203.248	203.248	0 23128.3 1099.58 	24227.9	6.24152	6.5039	12399	666.612	0.0192888	0	1.02	1.02
45.8	0.00202658	0.00108647	19448.5	1050	105	18835.2	50.8284	50.8284	203.313	203.313	0 23127.6 1098.51 	24226.1	6.24138	6.5039	12399	666.612	0.0192709	0	1.02	1.02
45.9	0.00202659	0.00108651	19449.5	1050	105	18836	50.8447	50.8447	203.379	203.379	0 23126.9 1097.43 	24224.4	6.24124	6.5039	12399	666.612	0.0192531	0	1.02	1.02
46	0.00202661	0.00108655	19450.5	1050	105	18836.9	50.8611	50.8611	203.444	203.444	0 23126.2 1096.36 	24222.6	6.24111	6.5039	12399	666.612	0.0192352	0	1.02	1.02
46.1	0.00202662	0.00108659	19451.5	1050	105	18837.7	50.8775	50.8775	203.51	203.51	0 23125.6 1095.29 	24220.8	6.24097	6.5039	12399	666.612	0.0192174	0	1.02	1.02
46.2	0.00202664	0.00108663	19452.5	1050	105	18838.5	50.8939	50.8939	203.576	203.576	0 23124.9 1094.22 	24219.1	6.24083	6.5039	12399	666.612	0.0191996	0	1.02	1.02
46.3	0.00202665	0.00108667	19453.5	1050	105	18839.4	50.9104	50.9104	203.641	203.641	0 23124.2 1093.15 	24217.3	6.24069	6.5039	12399	666.612	0.0191818	0	1.02	1.02
46.4	0.00202667	0.00108671	19454.4	1050	105	18840.2	50.9268	50.9268	203.707	203.707	0 23123.5 1092.08 	24215.6	6.24055	6.5039	12399	666.612	0.019164	0	1.02	1.02
46.5	0.00202668	0.00108675	19455.4	1050	105	18841	50.9432	50.9432	203.773	203.773	0 23122.8 1091.01 	24213.8	6.24041	6.5039	12399	666.612	0.0191463	0	1.02	1.02
46.6	0.0020267	0.00108679	19456.4	1050	105	18841.8	50.9597	50.9597	203.839	203.839	0 23122.1 1089.95 	24212.1	6.24027	6.5039	12399	666.612	0.0191286	0	1.02	1.02
46.7	0.00202671	0.00108684	19457.4	1050	105	18842.7	50.9762	50.9762	203.905	203.905	0 23121.4 1088.88 	24210.3	6.24014	6.5039	12399	666.612	0.0191109	0	1.02	1.02
46.8	0.00202673	0.00108688	19458.4	1050	105	18843.5	50.9927	50.9927	203.971	203.971	0 23120.7 1087.82 	24208.6	6.24	6.5039	12399	666.612	0.0190932	0	1.02	1.02
46.9	0.00202674	0.00108692	19459.4	1050	105	18844.3	51.0092	51.0092	204.037	204.037	0 23120 1086.76 	24206.8	6.23986	6.5039	12399	666.612	0.0190755	0	1.02	1.02
47	0.00202676	0.00108696	19460.4	1050	105	18845.1	51.0257	51.0257	204.103	204.103	0 23119.4 1085.7 	24205.1	6.23972	6.5039	12399	666.612	0.0190579	0	1.02	1.02
47.1	0.00202677	0.001087	19461.4	1050	105	18846	51.0423	51.0423	204.169	204.169	0 23118.7 1084.64 	24203.3	6.23959	6.5039	12399	666.612	0.0190402	0	1.02	1.02
47.2	0.00202679	0.00108704	19462.4	1050	105	18846.8	51.0588	51.0588	204.235	204.235	0 23118 1083.58 	24201.6	6.23945	6.5039	12399	666.612	0.0190226	0	1.02	1.02
47.3	0.0020268	0.00108708	19463.4	1050	105	18847.6	51.0754	51.0754	204.302	204.302	0 23117.3 1082.53 	24199.8	6.23931	6.5039	12399	666.612	0.0190051	0	1.02	1.02
47.4	0.00202682	0.00108712	19464.3	1050	105	18848.4	51.092	51.092	204.368	204.368	0 23116.6 1081.47 	24198.1	6.23917	6.5039	12399	666.612	0.0189875	0	1.02	1.02
47.5	0.00202683	0.00108716	19465.3	1050	105	18849.2	51.1086	51.1086	204.434	204.434	0 23115.9 1080.42 	24196.3	6.23904	6.5039	12399	666.612	0.0189699	0	1.02	1.02
47.6	0.00202685	0.0010872	19466.3	1050	105	18850.1	51.1252	51.1252	204.501	204.501	0 23115.2 1079.36 	24194.6	6.2389	6.5039	12399	666.612	0.0189524	0	1.02	1.02
47.7	0.00202686	0.00108724	19467.3	1050	105	18850.9	51.1418	51.1418	204.567	204.567	0 23114.5 1078.31 	24192.8	6.23876	6.5039	12399	666.612	0.0189349	0	1.02	1.02
47.8	0.00202688	0.00108728	19468.3	1050	105	18851.7	51.1584	51.1584	204.634	204.634	0 23113.8 1077.26 	24191.1	6.23862	6.5039	12399	666.612	0.0189174	0	1.02	1.02
47.9	0.00202689	0.00108732	19469.3	1050	105	18852.5	51.1751	51.1751	204.7	204.7	0 23113.2 1076.21 	24189.4	6.23849	6.5039	12399	666.612	0.0189	0	1.02	1.02
48	0.00202691	0.00108736	19470.3	1050	105	18853.3	51.1917	51.1917	204.767	204.767	0 23112.5 1075.17 	24187.6	6.23835	6.5039	12399	666.612	0.0188825	0	1.02	1.02
48.1	0.00202692	0.0010874	19471.2	1050	105	18854.2	51.2084	51.2084	204.834	204.834	0 23111.8 1074.12 	24185.9	6.23821	6.5039	12399	666.612	0.0188651	0	1.02	1.02
48.2	0.00202694	0.00108744	19472.2	1050	105	18855	51.2251	51.2251	204.9	204.9	0 23111.1 1073.07 	24184.2	6.23808	6.5039	12399	666.612	0.0188477	0	1.02	1.02
48.3	0.00202695	0.00108748	19473.2	1050	105	18855.8	51.2418	51.2418	204.967	204.967	0 23110.4 1072.03 	24182.4	6.23794	6.5039	12399	666.612	0.0188303	0	1.02	1.02
48.4	0.00202696	0.00108752	19474.2	1050	105	18856.6	51.2585	51.2585	205.034	205.034	0 23109.7 1070.99 	24180.7	6.2378	6.5039	12399	666.612	0.018813	0	1.02	1.02
48.5	0.00202698	0.00108756	19475.2	1050	105	18857.4	51.2753	51.2753	205.101	205.101	0 23109 1069.95 	24179	6.23767	6.5039	12399	666.612	0.0187956	0	1.02	1.02
48.6	0.00202699	0.0010876	19476.2	1050	105	18858.3	51.292	51.292	205.168	205.168	0 23108.3 1068.91 	24177.2	6.23753	6.5039	12399	666.612	0.0187783	0	1.02	1.02
48.7	0.00202701	0.00108764	19477.2	1050	105	18859.1	51.3088	51.3088	205.235	205.235	0 23107.7 1067.87 	24175.5	6.2374	6.5039	12399	666.612	0.018761	0	1.02	1.02
48.8	0.00202702	0.00108768	19478.1	1050	105	18859.9	51.3255	51.3255	205.302	205.302	0 23107 1066.83 	24173.8	6.23726	6.5039	12399	666.612	0.0187437	0	1.02	1.02
48.9	0.00202704	0.00108772	19479.1	1050	105	18860.7	51.3423	51.3423	205.369	205.369	0 23106.3 1065.79 	24172.1	6.23712	6.5039	12399	666.612	0.0187265	0	1.02	1.02
49	0.00202705	0.00108776	19480.1	1050	105	18861.5	51.3591	51.3591	205.437	205.437	0 23105.6 1064.76 	24170.4	6.23699	6.5039	12399	666.612	0.0187092	0	1.02	1.02
49.1	0.00202707	0.0010878	19481.1	1050	105	18862.3	51.376	51.376	205.504	205.504	0 23104.9 1063.72 	24168.6	6.23685	6.5039	12399	666.612	0.018692	0	1.02	1.02
49.2	0.00202708	0.00108784	19482.1	1050	105	18863.2	51.3928	51.3928	205.571	205.571	0 23104.2 1062.69 	24166.9	6.23672	6.5039	12399	666.612	0.0186748	0	1.02	1.02
49.3	0.0020271	0.00108788	19483.1	1050	105	18864	51.4096	51.4096	205.639	205.639	0 23103.5 1061.66 	24165.2	6.23658	6.5039	12399	666.612	0.0186576	0	1.02	1.02
49.4	0.00202711	0.00108792	19484.1	1050	105	18864.8	51.4265	51.4265	205.706	205.706	0 23102.8 1060.63 	24163.5	6.23645	6.5039	12399	666.612	0.0186405	0	1.02	1.02
49.5	0.00202713	0.00108796	19485	1050	105	18865.6	51.4434	51.4434	205.773	205.773	0 23102.2 1059.6 	24161.8	6.23631	6.5039	12399	666.612	0.0186233	0	1.02	1.02
49.6	0.00202714	0.001088	19486	1050	105	18866.4	51.4603	51.4603	205.841	205.841	0 23101.5 1058.57 	24160	6.23618	6.5039	12399	666.612	0.0186062	0	1.02	1.02
49.7	0.00202716	0.00108804	19487	1050	105	18867.2	51.4772	51.4772	205.909	205.909	0 23100.8 1057.55 	24158.3	6.23604	6.5039	12399	666.612	0.0185891	0	1.02	1.02
49.8	0.00202717	0.00108808	19488	1050	105	18868	51.4941	51.4941	205.976	205.976	0 23100.1 1056.52 	24156.6	6.23591	6.5039	12399	666.612	0.018572	0	1.02	1.02
49.9	0.00202718	0.00108812	19489	1050	105	18868.9	51.511	51.511	206.044	206.044	0 23099.4 1055.5 	24154.9	6.23577	6.5039	12399	666.612	0.018555	0	1.02	1.02
50	0.0020272	0.00108816	19489.9	1050	105	18869.7	51.528	51.528	206.112	206.112	0 23098.7 1054.48 	24153.2	6.23564	6.5039	12399	666.612	0.0185379	0	1.02	1.02
50.1	0.00202721	0.0010882	19490.9	1050	105	18870.5	51.5449	51.5449	206.18	206.18	0 23098 1053.46 	24151.5	6.2355	6.5039	12399	666.612	0.0185209	0	1.02	1.02
50.2	0.00202723	0.00108824	19491.9	1050	105	18871.3	51.5619	51.5619	206.248	206.248	0 23097.4 1052.44 	24149.8	6.23537	6.5039	12399	666.612	0.0185039	0	1.02	1.02
50.3	0.00202724	0.00108828	19492.9	1050	105	18872.1	51.5789	51.5789	206.316	206.316	0 23096.7 1051.42 	24148.1	6.23523	6.5039	12399	666.612	0.0184869	0	1.02	1.02
50.4	0.00202726	0.00108832	19493.9	1050	105	18872.9	51.5959	51.5959	206.384	206.384	0 23096 1050.4 	24146.4	6.2351	6.5039	12399	666.612	0.0184699	0	1.02	1.02
50.5	0.00202727	0.00108836	19494.9	1050	105	18873.7	51.6129	51.6129	206.452	206.452	0 23095.3 1049.38 	24144.7	6.23497	6.5039	12399	666.612	0.018453	0	1.02	1.02
50.6	0.00202729	0.0010884	19495.8	1050	105	18874.5	51.6299	51.6299	206.52	206.52	0 23094.6 1048.37 	24143	6.23483	6.5039	12399	666.612	0.0184361	0	1.02	1.02
50.7	0.0020273	0.00108845	19496.8	1050	105	18875.3	51.647	51.647	206.588	206.588	0 23093.9 1047.35 	24141.3	6.2347	6.5039	12399	666.612	0.0184192	0	1.02	1.02
50.8	0.00202732	0.00108849	19497.8	1050	105	18876.2	51.664	51.664	206.656	206.656	0 23093.2 1046.34 	24139.6	6.23456	6.5039	12399	666.612	0.0184023	0	1.02	1.02
50.9	0.00202733	0.00108853	19498.8	1050	105	18877	51.6811	51.6811	206.724	206.724	0 23092.6 1045.33 	24137.9	6.23443	6.5039	12399	666.612	0.0183854	0	1.02	1.02
51	0.00202734	0.00108857	19499.8	1050	105	18877.8	51.6982	51.6982	206.793	206.793	0 23091.9 1044.32 	24136.2	6.2343	6.5039	12399	666.612	0.0183686	0	1.02	1.02
51.1	0.00202736	0.00108861	19500.7	1050	105	18878.6	51.7153	51.7153	206.861	206.861	0 23091.2 1043.31 	24134.5	6.23416	6.5039	12399	666.612	0.0183518	0	1.02	1.02
51.2	0.00202737	0.00108865	19501.7	1050	105	18879.4	51.7324	51.7324	206.93	206.93	0 23090.5 1042.3 	24132.8	6.23403	6.5039	12399	666.612	0.018335	0	1.02	1.02
51.3	0.00202739	0.00108869	19502.7	1050	105	18880.2	51.7495	51.7495	206.998	206.998	0 23089.8 1041.3 	24131.1	6.2339	6.5039	12399	666.612	0.0183182	0	1.02	1.02
51.4	0.0020274	0.00108873	19503.7	1050	105	18881	51.7667	51.7667	207.067	207.067	0 23089.1 1040.29 	24129.4	6.23376	6.5039	12399	666.612	0.0183014	0	1.02	1.02
51.5	0.00202742	0.00108877	19504.6	1050	105	18881.8	51.7838	51.7838	207.135	207.135	0 23088.5 1039.29 	24127.7	6.23363	6.5039	12399	666.612	0.0182847	0	1.02	1.02
51.6	0.00202743	0.00108881	19505.6	1050	105	18882.6	51.801	51.801	207.204	207.204	0 23087.8 1038.28 	24126.1	6.2335	6.5039	12399	666.612	0.0182679	0	1.02	1.02
51.7	0.00202745	0.00108885	19506.6	1050	105	18883.4	51.8182	51.8182	207.273	207.273	0 23087.1 1037.28 	24124.4	6.23337	6.5039	12399	666.612	0.0182512	0	1.02	1.02
51.8	0.00202746	0.00108889	19507.6	1050	105	18884.2	51.8354	51.8354	207.341	207.341	0 23086.4 1036.28 	24122.7	6.23323	6.5039	12399	666.612	0.0182345	0	1.02	1.02
51.9	0.00202747	0.00108893	19508.6	1050	105	18885	51.8526	51.8526	207.41	207.41	0 23085.7 1035.28 	24121	6.2331	6.5039	12399	666.612	0.0182179	0	1.02	1.02
52	0.00202749	0.00108897	19509.5	1050	105	18885.8	51.8698	51.8698	207.479	207.479	0 23085 1034.29 	24119.3	6.23297	6.5039	12399	666.612	0.0182012	0	1.02	1.02
52.1	0.0020275	0.00108901	19510.5	1050	105	18886.6	51.8871	51.8871	207.548	207.548	0 23084.3 1033.29 	24117.6	6.23284	6.5039	12399	666.612	0.0181846	0	1.02	1.02
52.2	0.00202752	0.00108905	19511.5	1050	105	18887.4	51.9043	51.9043	207.617	207.617	0 23083.7 1032.29 	24116	6.2327	6.5039	12399	666.612	0.018168	0	1.02	1.02
52.3	0.00202753	0.00108909	19512.5	1050	105	18888.2	51.9216	51.9216	207.686	207.686	0 23083 1031.3 	24114.3	6.23257	6.5039	12399	666.612	0.0181514	0	1.02	1.02
52.4	0.00202755	0.00108913	19513.4	1050	105	18889	51.9389	51.9389	207.755	207.755	0 23082.3 1030.31 	24112.6	6.23244	6.5039	12399	666.612	0.0181348	0	1.02	1.02
52.5	0.00202756	0.00108917	19514.4	1050	105	18889.8	51.9562	51.9562	207.825	207.825	0 23081.6 1029.32 	24110.9	6.23231	6.5039	12399	666.612	0.0181183	0	1.02	1.02
52.6	0.00202757	0.00108921	19515.4	1050	105	18890.7	51.9735	51.9735	207.894	207.894	0 23080.9 1028.33 	24109.3	6.23218	6.5039	12399	666.612	0.0181018	0	1.02	1.02
52.7	0.00202759	0.00108925	19516.4	1050	105	18891.5	51.9908	51.9908	207.963	207.963	0 23080.2 1027.34 	24107.6	6.23204	6.5039	12399	666.612	0.0180853	0	1.02	1.02
52.8	0.0020276	0.00108928	19517.3	1050	105	18892.3	52.0081	52.0081	208.033	208.033	0 23079.6 1026.35 	24105.9	6.23191	6.5039	12399	666.612	0.0180688	0	1.02	1.02
52.9	0.00202762	0.00108932	19518.3	1050	105	18893.1	52.0255	52.0255	208.102	208.102	0 23078.9 1025.36 	24104.2	6.23178	6.5039	12399	666.612	0.0180523	0	1.02	1.02
53	0.00202763	0.00108936	19519.3	1050	105	18893.9	52.0429	52.0429	208.171	208.171	0 23078.2 1024.38 	24102.6	6.23165	6.5039	12399	666.612	0.0180358	0	1.02	1.02
53.1	0.00202765	0.0010894	19520.3	1050	105	18894.7	52.0602	52.0602	208.241	208.241	0 23077.5 1023.39 	24100.9	6.23152	6.5039	12399	666.612	0.0180194	0	1.02	1.02
53.2	0.00202766	0.00108944	19521.2	1050	105	18895.5	52.0776	52.0776	208.311	208.311	0 23076.8 1022.41 	24099.2	6.23139	6.5039	12399	666.612	0.018003	0	1.02	1.02
53.3	0.00202767	0.00108948	19522.2	1050	105	18896.3	52.095	52.095	208.38	208.38	0 23076.1 1021.43 	24097.6	6.23126	6.5039	12399	666.612	0.0179866	0	1.02	1.02
53.4	0.00202769	0.00108952	19523.2	1050	105	18897.1	52.1125	52.1125	208.45	208.45	0 23075.5 1020.45 	24095.9	6.23112	6.5039	12399	666.612	0.0179702	0	1.02	1.02
53.5	0.0020277	0.00108956	19524.2	1050	105	18897.9	52.1299	52.1299	208.52	208.52	0 23074.8 1019.47 	24094.2	6.23099	6.5039	12399	666.612	0.0179539	0	1.02	1.02
53.6	0.00202772	0.0010896	19525.1	1050	105	18898.7	52.1474	52.1474	208.589	208.589	0 23074.1 1018.49 	24092.6	6.23086	6.5039	12399	666.612	0.0179375	0	1.02	1.02
53.7	0.00202773	0.00108964	19526.1	1050	105	18899.4	52.1648	52.1648	208.659	208.659	0 23073.4 1017.51 	24090.9	6.23073	6.5039	12399	666.612	0.0179212	0	1.02	1.02
53.8	0.00202775	0.00108968	19527.1	1050	105	18900.2	52.1823	52.1823	208.729	208.729	0 23072.7 1016.53 	24089.3	6.2306	6.5039	12399	666.612	0.0179049	0	1.02	1.02
53.9	0.00202776	0.00108972	19528	1050	105	18901	52.1998	52.1998	208.799	208.799	0 23072.1 1015.56 	24087.6	6.23047	6.5039	12399	666.612	0.0178886	0	1.02	1.02
54	0.00202777	0.00108976	19529	1050	105	18901.8	52.2173	52.2173	208.869	208.869	0 23071.4 1014.59 	24086	6.23034	6.5039	12399	666.612	0.0178724	0	1.02	1.02
54.1	0.00202779	0.0010898	19530	1050	105	18902.6	52.2348	52.2348	208.939	208.939	0 23070.7 1013.61 	24084.3	6.23021	6.5039	12399	666.612	0.0178561	0	1.02	1.02
54.2	0.0020278	0.00108984	19531	1050	105	18903.4	52.2524	52.2524	209.01	209.01	0 23070 1012.64 	24082.7	6.23008	6.5039	12399	666.612	0.0178399	0	1.02	1.02
54.3	0.00202782	0.00108988	19531.9	1050	105	18904.2	52.2699	52.2699	209.08	209.08	0 23069.3 1011.67 	24081	6.22995	6.5039	12399	666.612	0.0178237	0	1.02	1.02
54.4	0.00202783	0.00108992	19532.9	1050	105	18905	52.2875	52.2875	209.15	209.15	0 23068.6 1010.7 	24079.4	6.22982	6.5039	12399	666.612	0.0178075	0	1.02	1.02
54.5	0.00202784	0.00108996	19533.9	1050	105	18905.8	52.3051	52.3051	209.22	209.22	0 23068 1009.74 	24077.7	6.22969	6.5039	12399	666.612	0.0177914	0	1.02	1.02
54.6	0.00202786	0.00109	19534.8	1050	105	18906.6	52.3227	52.3227	209.291	209.291	0 23067.3 1008.77 	24076.1	6.22956	6.5039	12399	666.612	0.0177752	0	1.02	1.02
54.7	0.00202787	0.00109004	19535.8	1050	105	18907.4	52.3403	52.3403	209.361	209.361	0 23066.6 1007.81 	24074.4	6.22943	6.5039	12399	666.612	0.0177591	0	1.02	1.02
54.8	0.00202789	0.00109008	19536.8	1050	105	18908.2	52.3579	52.3579	209.432	209.432	0 23065.9 1006.84 	24072.8	6.2293	6.5039	12399	666.612	0.017743	0	1.02	1.02
54.9	0.0020279	0.00109012	19537.7	1050	105	18909	52.3756	52.3756	209.502	209.502	0 23065.2 1005.88 	24071.1	6.22917	6.5039	12399	666.612	0.0177269	0	1.02	1.02
55	0.00202791	0.00109016	19538.7	1050	105	18909.8	52.3932	52.3932	209.573	209.573	0 23064.6 1004.92 	24069.5	6.22904	6.5039	12399	666.612	0.0177109	0	1.02	1.02
55.1	0.00202793	0.0010902	19539.7	1050	105	18910.6	52.4109	52.4109	209.644	209.644	0 23063.9 1003.96 	24067.8	6.22891	6.5039	12399	666.612	0.0176948	0	1.02	1.02
55.2	0.00202794	0.00109024	19540.7	1050	105	18911.4	52.4286	52.4286	209.714	209.714	0 23063.2 1003 	24066.2	6.22878	6.5039	12399	666.612	0.0176788	0	1.02	1.02
55.3	0.00202796	0.00109028	19541.6	1050	105	18912.2	52.4463	52.4463	209.785	209.785	0 23062.5 1002.04 	24064.6	6.22865	6.5039	12399	666.612	0.0176628	0	1.02	1.02
55.4	0.00202797	0.00109032	19542.6	1050	105	18913	52.464	52.464	209.856	209.856	0 23061.8 1001.08 	24062.9	6.22853	6.5039	12399	666.612	0.0176468	0	1.02	1.02
55.5	0.00202798	0.00109036	19543.6	1050	105	18913.7	52.4817	52.4817	209.927	209.927	0 23061.2 1000.13 	24061.3	6.2284	6.5039	12399	666.612	0.0176308	0	1.02	1.02
55.6	0.002028	0.0010904	19544.5	1050	105	18914.5	52.4994	52.4994	209.998	209.998	0 23060.5 999.173 	24059.7	6.22827	6.5039	12399	666.612	0.0176149	0	1.02	1.02
55.7	0.00202801	0.00109044	19545.5	1050	105	18915.3	52.5172	52.5172	210.069	210.069	0 23059.8 998.22 	24058	6.22814	6.5039	12399	666.612	0.0175989	0	1.02	1.02
55.8	0.00202803	0.00109048	19546.5	1050	105	18916.1	52.535	52.535	210.14	210.14	0 23059.1 997.268 	24056.4	6.22801	6.5039	12399	666.612	0.017583	0	1.02	1.02
55.9	0.00202804	0.00109052	19547.4	1050	105	18916.9	52.5527	52.5527	210.211	210.211	0 23058.4 996.317 	24054.8	6.22788	6.5039	12399	666.612	0.0175671	0	1.02	1.02
56	0.00202805	0.00109056	19548.4	1050	105	18917.7	52.5705	52.5705	210.282	210.282	0 23057.8 995.368 	24053.1	6.22775	6.5039	12399	666.612	0.0175512	0	1.02	1.02
56.1	0.00202807	0.0010906	19549.4	1050	105	18918.5	52.5883	52.5883	210.353	210.353	0 23057.1 994.419 	24051.5	6.22763	6.5039	12399	666.612	0.0175354	0	1.02	1.02
56.2	0.00202808	0.00109064	19550.3	1050	105	18919.3	52.6062	52.6062	210.425	210.425	0 23056.4 993.472 	24049.9	6.2275	6.5039	12399	666.612	0.0175196	0	1.02	1.02
56.3	0.0020281	0.00109068	19551.3	1050	105	18920.1	52.624	52.624	210.496	210.496	0 23055.7 992.526 	24048.3	6.22737	6.5039	12399	666.612	0.0175037	0	1.02	1.02
56.4	0.00202811	0.00109072	19552.3	1050	105	18920.8	52.6419	52.6419	210.567	210.567	0 23055 991.581 	24046.6	6.22724	6.5039	12399	666.612	0.0174879	0	1.02	1.02
56.5	0.00202812	0.00109076	19553.2	1050	105	18921.6	52.6597	52.6597	210.639	210.639	0 23054.4 990.638 	24045	6.22711	6.5039	12399	666.612	0.0174722	0	1.02	1.02
56.6	0.00202814	0.00109079	19554.2	1050	105	18922.4	52.6776	52.6776	210.71	210.71	0 23053.7 989.695 	24043.4	6.22699	6.5039	12399	666.612	0.0174564	0	1.02	1.02
56.7	0.00202815	0.00109083	19555.2	1050	105	18923.2	52.6955	52.6955	210.782	210.782	0 23053 988.754 	24041.8	6.22686	6.5039	12399	666.612	0.0174407	0	1.02	1.02
56.8	0.00202817	0.00109087	19556.1	1050	105	18924	52.7134	52.7134	210.854	210.854	0 23052.3 987.814 	24040.1	6.22673	6.5039	12399	666.612	0.0174249	0	1.02	1.02
56.9	0.00202818	0.00109091	19557.1	1050	105	18924.8	52.7313	52.7313	210.925	210.925	0 23051.7 986.875 	24038.5	6.2266	6.5039	12399	666.612	0.0174092	0	1.02	1.02
57	0.00202819	0.00109095	19558	1050	105	18925.6	52.7493	52.7493	210.997	210.997	0 23051 985.937 	24036.9	6.22648	6.5039	12399	666.612	0.0173935	0	1.02	1.02
57.1	0.00202821	0.00109099	19559	1050	105	18926.3	52.7672	52.7672	211.069	211.069	0 23050.3 985 	24035.3	6.22635	6.5039	12399	666.612	0.0173779	0	1.02	1.02
57.2	0.00202822	0.00109103	19560	1050	105	18927.1	52.7852	52.7852	211.141	211.141	0 23049.6 984.065 	24033.7	6.22622	6.5039	12399	666.612	0.0173622	0	1.02	1.02
57.3	0.00202823	0.00109107	19560.9	1050	105	18927.9	52.8032	52.8032	211.213	211.213	0 23048.9 983.13 	24032.1	6.2261	6.5039	12399	666.612	0.0173466	0	1.02	1.02
57.4	0.00202825	0.00109111	19561.9	1050	105	18928.7	52.8212	52.8212	211.285	211.285	0 23048.3 982.197 	24030.5	6.22597	6.5039	12399	666.612	0.017331	0	1.02	1.02
57.5	0.00202826	0.00109115	19562.9	1050	105	18929.5	52.8392	52.8392	211.357	211.357	0 23047.6 981.265 	24028.9	6.22584	6.5039	12399	666.612	0.0173154	0	1.02	1.02
57.6	0.00202828	0.00109119	19563.8	1050	105	18930.3	52.8572	52.8572	211.429	211.429	0 23046.9 980.335 	24027.2	6.22572	6.5039	12399	666.612	0.0172998	0	1.02	1.02
57.7	0.00202829	0.00109123	19564.8	1050	105	18931	52.8752	52.8752	211.501	211.501	0 23046.2 979.405 	24025.6	6.22559	6.5039	12399	666.612	0.0172843	0	1.02	1.02
57.8	0.0020283	0.00109127	19565.7	1050	105	18931.8	52.8933	52.8933	211.573	211.573	0 23045.6 978.477 	24024	6.22546	6.5039	12399	666.612	0.0172687	0	1.02	1.02
57.9	0.00202832	0.00109131	19566.7	1050	105	18932.6	52.9114	52.9114	211.645	211.645	0 23044.9 977.549 	24022.4	6.22534	6.5039	12399	666.612	0.0172532	0	1.02	1.02
58	0.00202833	0.00109135	19567.7	1050	105	18933.4	52.9295	52.9295	211.718	211.718	0 23044.2 976.623 	24020.8	6.22521	6.5039	12399	666.612	0.0172377	0	1.02	1.02
58.1	0.00202834	0.00109139	19568.6	1050	105	18934.2	52.9475	52.9475	211.79	211.79	0 23043.5 975.698 	24019.2	6.22508	6.5039	12399	666.612	0.0172222	0	1.02	1.02
58.2	0.00202836	0.00109143	19569.6	1050	105	18934.9	52.9657	52.9657	211.863	211.863	0 23042.8 974.774 	24017.6	6.22496	6.5039	12399	666.612	0.0172068	0	1.02	1.02
58.3	0.00202837	0.00109147	19570.6	1050	105	18935.7	52.9838	52.9838	211.935	211.935	0 23042.2 973.852 	24016	6.22483	6.5039	12399	666.612	0.0171913	0	1.02	1.02
58.4	0.00202839	0.00109151	19571.5	1050	105	18936.5	53.0019	53.0019	212.008	212.008	0 23041.5 972.93 	24014.4	6.22471	6.5039	12399	666.612	0.0171759	0	1.02	1.02
58.5	0.0020284	0.00109154	19572.5	1050	105	18937.3	53.0201	53.0201	212.08	212.08	0 23040.8 972.01 	24012.8	6.22458	6.5039	12399	666.612	0.0171605	0	1.02	1.02
58.6	0.00202841	0.00109158	19573.4	1050	105	18938	53.0382	53.0382	212.153	212.153	0 23040.1 971.091 	24011.2	6.22445	6.5039	12399	666.612	0.0171451	0	1.02	1.02
58.7	0.00202843	0.00109162	19574.4	1050	105	18938.8	53.0564	53.0564	212.226	212.226	0 23039.5 970.173 	24009.6	6.22433	6.5039	12399	666.612	0.0171297	0	1.02	1.02
58.8	0.00202844	0.00109166	19575.3	1050	105	18939.6	53.0746	53.0746	212.299	212.299	0 23038.8 969.256 	24008	6.2242	6.5039	12399	666.612	0.0171144	0	1.02	1.02
58.9	0.00202845	0.0010917	19576.3	1050	105	18940.4	53.0928	53.0928	212.371	212.371	0 23038.1 968.34 	24006.5	6.22408	6.5039	12399	666.612	0.0170991	0	1.02	1.02
59	0.00202847	0.00109174	19577.3	1050	105	18941.2	53.1111	53.1111	212.444	212.444	0 23037.4 967.426 	24004.9	6.22395	6.5039	12399	666.612	0.0170837	0	1.02	1.02
59.1	0.00202848	0.00109178	19578.2	1050	105	18941.9	53.1293	53.1293	212.517	212.517	0 23036.8 966.513 	24003.3	6.22383	6.5039	12399	666.612	0.0170685	0	1.02	1.02
59.2	0.00202849	0.00109182	19579.2	1050	105	18942.7	53.1476	53.1476	212.59	212.59	0 23036.1 965.6 	24001.7	6.2237	6.5039	12399	666.612	0.0170532	0	1.02	1.02
59.3	0.00202851	0.00109186	19580.1	1050	105	18943.5	53.1658	53.1658	212.663	212.663	0 23035.4 964.689 	24000.1	6.22358	6.5039	12399	666.612	0.0170379	0	1.02	1.02
59.4	0.00202852	0.0010919	19581.1	1050	105	18944.3	53.1841	53.1841	212.736	212.736	0 23034.7 963.779 	23998.5	6.22345	6.5039	12399	666.612	0.0170227	0	1.02	1.02
59.5	0.00202854	0.00109194	19582.1	1050	105	18945	53.2024	53.2024	212.81	212.81	0 23034.1 962.871 	23996.9	6.22333	6.5039	12399	666.612	0.0170075	0	1.02	1.02
59.6	0.00202855	0.00109198	19583	1050	105	18945.8	53.2207	53.2207	212.883	212.883	0 23033.4 961.963 	23995.4	6.2232	6.5039	12399	666.612	0.0169923	0	1.02	1.02
59.7	0.00202856	0.00109202	19584	1050	105	18946.6	53.2391	53.2391	212.956	212.956	0 23032.7 961.057 	23993.8	6.22308	6.5039	12399	666.612	0.0169771	0	1.02	1.02
59.8	0.00202858	0.00109206	19584.9	1050	105	18947.4	53.2574	53.2574	213.03	213.03	0 23032 960.151 	23992.2	6.22295	6.5039	12399	666.612	0.0169619	0	1.02	1.02
59.9	0.00202859	0.0010921	19585.9	1050	105	18948.1	53.2758	53.2758	213.103	213.103	0 23031.4 959.247 	23990.6	6.22283	6.5039	12399	666.612	0.0169468	0	1.02	1.02
60	0.0020286	0.00109213	19586.8	1050	105	18948.9	53.2941	53.2941	213.176	213.176	0 23030.7 958.344 	23989	6.22271	6.5039	12399	666.612	0.0169316	0	1.02	1.02
60.1	0.00202862	0.00109217	19587.8	1050	105	18949.7	53.3125	53.3125	213.25	213.25	0 23030 957.442 	23987.5	6.22258	6.5039	12399	666.612	0.0169165	0	1.02	1.02
60.2	0.00202863	0.00109221	19588.7	1050	105	18950.4	53.3309	53.3309	213.324	213.324	0 23029.3 956.541 	23985.9	6.22246	6.5039	12399	666.612	0.0169014	0	1.02	1.02
60.3	0.00202864	0.00109225	19589.7	1050	105	18951.2	53.3493	53.3493	213.397	213.397	0 23028.7 955.642 	23984.3	6.22233	6.5039	12399	666.612	0.0168864	0	1.02	1.02
60.4	0.00202866	0.00109229	19590.7	1050	105	18952	53.3678	53.3678	213.471	213.471	0 23028 954.743 	23982.7	6.22221	6.5039	12399	666.612	0.0168713	0	1.02	1.02
60.5	0.00202867	0.00109233	19591.6	1050	105	18952.7	53.3862	53.3862	213.545	213.545	0 23027.3 953.846 	23981.2	6.22209	6.5039	12399	666.612	0.0168563	0	1.02	1.02
60.6	0.00202868	0.00109237	19592.6	1050	105	18953.5	53.4047	53.4047	213.619	213.619	0 23026.6 952.95 	23979.6	6.22196	6.5039	12399	666.612	0.0168413	0	1.02	1.02
60.7	0.0020287	0.00109241	19593.5	1050	105	18954.3	53.4231	53.4231	213.692	213.692	0 23026 952.055 	23978	6.22184	6.5039	12399	666.612	0.0168263	0	1.02	1.02
60.8	0.00202871	0.00109245	19594.5	1050	105	18955.1	53.4416	53.4416	213.766	213.766	0 23025.3 951.161 	23976.5	6.22172	6.5039	12399	666.612	0.0168113	0	1.02	1.02
60.9	0.00202872	0.00109249	19595.4	1050	105	18955.8	53.4601	53.4601	213.84	213.84	0 23024.6 950.268 	23974.9	6.22159	6.5039	12399	666.612	0.0167963	0	1.02	1.02
61	0.00202874	0.00109253	19596.4	1050	105	18956.6	53.4786	53.4786	213.915	213.915	0 23024 949.377 	23973.3	6.22147	6.5039	12399	666.612	0.0167814	0	1.02	1.02
61.1	0.00202875	0.00109257	19597.3	1050	105	18957.4	53.4972	53.4972	213.989	213.989	0 23023.3 948.486 	23971.8	6.22135	6.5039	12399	666.612	0.0167665	0	1.02	1.02
61.2	0.00202876	0.0010926	19598.3	1050	105	18958.1	53.5157	53.5157	214.063	214.063	0 23022.6 947.597 	23970.2	6.22122	6.5039	12399	666.612	0.0167515	0	1.02	1.02
61.3	0.00202878	0.00109264	19599.2	1050	105	18958.9	53.5343	53.5343	214.137	214.137	0 23021.9 946.709 	23968.6	6.2211	6.5039	12399	666.612	0.0167367	0	1.02	1.02
61.4	0.00202879	0.00109268	19600.2	1050	105	18959.7	53.5528	53.5528	214.211	214.211	0 23021.3 945.821 	23967.1	6.22098	6.5039	12399	666.612	0.0167218	0	1.02	1.02
61.5	0.0020288	0.00109272	19601.1	1050	105	18960.4	53.5714	53.5714	214.286	214.286	0 23020.6 944.936 	23965.5	6.22085	6.5039	12399	666.612	0.0167069	0	1.02	1.02
61.6	0.00202882	0.00109276	19602.1	1050	105	18961.2	53.59	53.59	214.36	214.36	0 23019.9 944.051 	23964	6.22073	6.5039	12399	666.612	0.0166921	0	1.02	1.02
61.7	0.00202883	0.0010928	19603	1050	105	18962	53.6086	53.6086	214.435	214.435	0 23019.2 943.167 	23962.4	6.22061	6.5039	12399	666.612	0.0166773	0	1.02	1.02
61.8	0.00202884	0.00109284	19604	1050	105	18962.7	53.6273	53.6273	214.509	214.509	0 23018.6 942.284 	23960.9	6.22049	6.5039	12399	666.612	0.0166625	0	1.02	1.02
61.9	0.00202886	0.00109288	19604.9	1050	105	18963.5	53.6459	53.6459	214.584	214.584	0 23017.9 941.403 	23959.3	6.22036	6.5039	12399	666.612	0.0166477	0	1.02	1.02
62	0.00202887	0.00109292	19605.9	1050	105	18964.2	53.6646	53.6646	214.658	214.658	0 23017.2 940.523 	23957.8	6.22024	6.5039	12399	666.612	0.0166329	0	1.02	1.02
62.1	0.00202888	0.00109296	19606.8	1050	105	18965	53.6833	53.6833	214.733	214.733	0 23016.6 939.643 	23956.2	6.22012	6.5039	12399	666.612	0.0166182	0	1.02	1.02
62.2	0.0020289	0.001093	19607.8	1050	105	18965.8	53.7019	53.7019	214.808	214.808	0 23015.9 938.765 	23954.7	6.22	6.5039	12399	666.612	0.0166035	0	1.02	1.02
62.3	0.00202891	0.00109303	19608.7	1050	105	18966.5	53.7206	53.7206	214.883	214.883	0 23015.2 937.888 	23953.1	6.21988	6.5039	12399	666.612	0.0165888	0	1.02	1.02
62.4	0.00202892	0.00109307	19609.7	1050	105	18967.3	53.7394	53.7394	214.957	214.957	0 23014.5 937.013 	23951.6	6.21975	6.5039	12399	666.612	0.0165741	0	1.02	1.02
62.5	0.00202894	0.00109311	19610.6	1050	105	18968.1	53.7581	53.7581	215.032	215.032	0 23013.9 936.138 	23950	6.21963	6.5039	12399	666.612	0.0165594	0	1.02	1.02
62.6	0.00202895	0.00109315	19611.6	1050	105	18968.8	53.7768	53.7768	215.107	215.107	0 23013.2 935.264 	23948.5	6.21951	6.5039	12399	666.612	0.0165448	0	1.02	1.02
62.7	0.00202896	0.00109319	19612.5	1050	105	18969.6	53.7956	53.7956	215.182	215.182	0 23012.5 934.392 	23946.9	6.21939	6.5039	12399	666.612	0.0165301	0	1.02	1.02
62.8	0.00202898	0.00109323	19613.5	1050	105	18970.3	53.8144	53.8144	215.258	215.258	0 23011.9 933.521 	23945.4	6.21927	6.5039	12399	666.612	0.0165155	0	1.02	1.02
62.9	0.00202899	0.00109327	19614.4	1050	105	18971.1	53.8332	53.8332	215.333	215.333	0 23011.2 932.65 	23943.8	6.21915	6.5039	12399	666.612	0.0165009	0	1.02	1.02
63	0.002029	0.00109331	19615.4	1050	105	18971.9	53.852	53.852	215.408	215.408	0 23010.5 931.781 	23942.3	6.21903	6.5039	12399	666.612	0.0164863	0	1.02	1.02
63.1	0.00202902	0.00109335	19616.3	1050	105	18972.6	53.8708	53.8708	215.483	215.483	0 23009.9 930.913 	23940.8	6.2189	6.5039	12399	666.612	0.0164718	0	1.02	1.02
63.2	0.00202903	0.00109339	19617.3	1050	105	18973.4	53.8896	53.8896	215.559	215.559	0 23009.2 930.046 	23939.2	6.21878	6.5039	12399	666.612	0.0164572	0	1.02	1.02
63.3	0.00202904	0.00109342	19618.2	1050	105	18974.1	53.9085	53.9085	215.634	215.634	0 23008.5 929.181 	23937.7	6.21866	6.5039	12399	666.612	0.0164427	0	1.02	1.02
63.4	0.00202906	0.00109346	19619.2	1050	105	18974.9	53.9274	53.9274	215.709	215.709	0 23007.8 928.316 	23936.2	6.21854	6.5039	12399	666.612	0.0164282	0	1.02	1.02
63.5	0.00202907	0.0010935	19620.1	1050	105	18975.6	53.9462	53.9462	215.785	215.785	0 23007.2 927.452 	23934.6	6.21842	6.5039	12399	666.612	0.0164137	0	1.02	1.02
63.6	0.00202908	0.00109354	19621.1	1050	105	18976.4	53.9651	53.9651	215.861	215.861	0 23006.5 926.59 	23933.1	6.2183	6.5039	12399	666.612	0.0163992	0	1.02	1.02
63.7	0.00202909	0.00109358	19622	1050	105	18977.2	53.984	53.984	215.936	215.936	0 23005.8 925.729 	23931.6	6.21818	6.5039	12399	666.612	0.0163848	0	1.02	1.02
63.8	0.00202911	0.00109362	19622.9	1050	105	18977.9	54.003	54.003	216.012	216.012	0 23005.2 924.869 	23930	6.21806	6.5039	12399	666.612	0.0163703	0	1.02	1.02
63.9	0.00202912	0.00109366	19623.9	1050	105	18978.7	54.0219	54.0219	216.088	216.088	0 23004.5 924.009 	23928.5	6.21794	6.5039	12399	666.612	0.0163559	0	1.02	1.02
64	0.00202913	0.0010937	19624.8	1050	105	18979.4	54.0408	54.0408	216.163	216.163	0 23003.8 923.151 	23927	6.21782	6.5039	12399	666.612	0.0163415	0	1.02	1.02
64.1	0.00202915	0.00109373	19625.8	1050	105	18980.2	54.0598	54.0598	216.239	216.239	0 23003.2 922.295 	23925.5	6.2177	6.5039	12399	666.612	0.0163271	0	1.02	1.02
64.2	0.00202916	0.00109377	19626.7	1050	105	18980.9	54.0788	54.0788	216.315	216.315	0 23002.5 921.439 	23923.9	6.21758	6.5039	12399	666.612	0.0163128	0	1.02	1.02
64.3	0.00202917	0.00109381	19627.7	1050	105	18981.7	54.0978	54.0978	216.391	216.391	0 23001.8 920.584 	23922.4	6.21746	6.5039	12399	666.612	0.0162984	0	1.02	1.02
64.4	0.00202919	0.00109385	19628.6	1050	105	18982.4	54.1168	54.1168	216.467	216.467	0 23001.2 919.731 	23920.9	6.21734	6.5039	12399	666.612	0.0162841	0	1.02	1.02
64.5	0.0020292	0.00109389	19629.6	1050	105	18983.2	54.1358	54.1358	216.543	216.543	0 23000.5 918.878 	23919.4	6.21722	6.5039	12399	666.612	0.0162698	0	1.02	1.02
64.6	0.00202921	0.00109393	19630.5	1050	105	18984	54.1549	54.1549	216.619	216.619	0 22999.8 918.027 	23917.8	6.2171	6.5039	12399	666.612	0.0162555	0	1.02	1.02
64.7	0.00202923	0.00109397	19631.4	1050	105	18984.7	54.1739	54.1739	216.696	216.696	0 22999.2 917.176 	23916.3	6.21698	6.5039	12399	666.612	0.0162412	0	1.02	1.02
64.8	0.00202924	0.00109401	19632.4	1050	105	18985.5	54.193	54.193	216.772	216.772	0 22998.5 916.327 	23914.8	6.21686	6.5039	12399	666.612	0.016227	0	1.02	1.02
64.9	0.00202925	0.00109405	19633.3	1050	105	18986.2	54.2121	54.2121	216.848	216.848	0 22997.8 915.479 	23913.3	6.21674	6.5039	12399	666.612	0.0162127	0	1.02	1.02
65	0.00202926	0.00109408	19634.3	1050	105	18987	54.2312	54.2312	216.925	216.925	0 22997.2 914.632 	23911.8	6.21662	6.5039	12399	666.612	0.0161985	0	1.02	1.02
65.1	0.00202928	0.00109412	19635.2	1050	105	18987.7	54.2503	54.2503	217.001	217.001	0 22996.5 913.786 	23910.3	6.2165	6.5039	12399	666.612	0.0161843	0	1.02	1.02
65.2	0.00202929	0.00109416	19636.1	1050	105	18988.5	54.2694	54.2694	217.078	217.078	0 22995.8 912.942 	23908.8	6.21638	6.5039	12399	666.612	0.0161701	0	1.02	1.02
65.3	0.0020293	0.0010942	19637.1	1050	105	18989.2	54.2886	54.2886	217.154	217.154	0 22995.1 912.098 	23907.2	6.21626	6.5039	12399	666.612	0.0161559	0	1.02	1.02
65.4	0.00202932	0.00109424	19638	1050	105	18990	54.3077	54.3077	217.231	217.231	0 22994.5 911.255 	23905.7	6.21615	6.5039	12399	666.612	0.0161418	0	1.02	1.02
65.5	0.00202933	0.00109428	19639	1050	105	18990.7	54.3269	54.3269	217.308	217.308	0 22993.8 910.414 	23904.2	6.21603	6.5039	12399	666.612	0.0161276	0	1.02	1.02
65.6	0.00202934	0.00109432	19639.9	1050	105	18991.5	54.3461	54.3461	217.384	217.384	0 22993.2 909.574 	23902.7	6.21591	6.5039	12399	666.612	0.0161135	0	1.02	1.02
65.7	0.00202935	0.00109435	19640.9	1050	105	18992.2	54.3653	54.3653	217.461	217.461	0 22992.5 908.734 	23901.2	6.21579	6.5039	12399	666.612	0.0160994	0	1.02	1.02
65.8	0.00202937	0.00109439	19641.8	1050	105	18992.9	54.3845	54.3845	217.538	217.538	0 22991.8 907.896 	23899.7	6.21567	6.5039	12399	666.612	0.0160853	0	1.02	1.02
65.9	0.00202938	0.00109443	19642.7	1050	105	18993.7	54.4037	54.4037	217.615	217.615	0 22991.2 907.059 	23898.2	6.21555	6.5039	12399	666.612	0.0160713	0	1.02	1.02
66	0.00202939	0.00109447	19643.7	1050	105	18994.4	54.423	54.423	217.692	217.692	0 22990.5 906.223 	23896.7	6.21543	6.5039	12399	666.612	0.0160572	0	1.02	1.02
66.1	0.00202941	0.00109451	19644.6	1050	105	18995.2	54.4422	54.4422	217.769	217.769	0 22989.8 905.388 	23895.2	6.21532	6.5039	12399	666.612	0.0160432	0	1.02	1.02
66.2	0.00202942	0.00109455	19645.5	1050	105	18995.9	54.4615	54.4615	217.846	217.846	0 22989.2 904.554 	23893.7	6.2152	6.5039	12399	666.612	0.0160292	0	1.02	1.02
66.3	0.00202943	0.00109459	19646.5	1050	105	18996.7	54.4808	54.4808	217.923	217.923	0 22988.5 903.721 	23892.2	6.21508	6.5039	12399	666.612	0.0160152	0	1.02	1.02
66.4	0.00202944	0.00109463	19647.4	1050	105	18997.4	54.5001	54.5001	218	218	0 22987.8 902.89 	23890.7	6.21496	6.5039	12399	666.612	0.0160012	0	1.02	1.02
66.5	0.00202946	0.00109466	19648.4	1050	105	18998.2	54.5194	54.5194	218.078	218.078	0 22987.2 902.059 	23889.2	6.21484	6.5039	12399	666.612	0.0159873	0	1.02	1.02
66.6	0.00202947	0.0010947	19649.3	1050	105	18998.9	54.5387	54.5387	218.155	218.155	0 22986.5 901.229 	23887.7	6.21473	6.5039	12399	666.612	0.0159733	0	1.02	1.02
66.7	0.00202948	0.00109474	19650.2	1050	105	18999.7	54.5581	54.5581	218.232	218.232	0 22985.8 900.401 	23886.2	6.21461	6.5039	12399	666.612	0.0159594	0	1.02	1.02
66.8	0.0020295	0.00109478	19651.2	1050	105	19000.4	54.5775	54.5775	218.31	218.31	0 22985.2 899.574 	23884.7	6.21449	6.5039	12399	666.612	0.0159455	0	1.02	1.02
66.9	0.00202951	0.00109482	19652.1	1050	105	19001.1	54.5968	54.5968	218.387	218.387	0 22984.5 898.747 	23883.2	6.21437	6.5039	12399	666.612	0.0159316	0	1.02	1.02
67	0.00202952	0.00109486	19653	1050	105	19001.9	54.6162	54.6162	218.465	218.465	0 22983.8 897.922 	23881.8	6.21426	6.5039	12399	666.612	0.0159178	0	1.02	1.02
67.1	0.00202953	0.0010949	19654	1050	105	19002.6	54.6356	54.6356	218.543	218.543	0 22983.2 897.098 	23880.3	6.21414	6.5039	12399	666.612	0.0159039	0	1.02	1.02
67.2	0.00202955	0.00109493	19654.9	1050	105	19003.4	54.655	54.655	218.62	218.62	0 22982.5 896.275 	23878.8	6.21402	6.5039	12399	666.612	0.0158901	0	1.02	1.02
67.3	0.00202956	0.00109497	19655.8	1050	105	19004.1	54.6745	54.6745	218.698	218.698	0 22981.8 895.453 	23877.3	6.21391	6.5039	12399	666.612	0.0158762	0	1.02	1.02
67.4	0.00202957	0.00109501	19656.8	1050	105	19004.8	54.6939	54.6939	218.776	218.776	0 22981.2 894.632 	23875.8	6.21379	6.5039	12399	666.612	0.0158624	0	1.02	1.02
67.5	0.00202959	0.00109505	19657.7	1050	105	19005.6	54.7134	54.7134	218.854	218.854	0 22980.5 893.812 	23874.3	6.21367	6.5039	12399	666.612	0.0158487	0	1.02	1.02
67.6	0.0020296	0.00109509	19658.6	1050	105	19006.3	54.7329	54.7329	218.932	218.932	0 22979.9 892.994 	23872.8	6.21356	6.5039	12399	666.612	0.0158349	0	1.02	1.02
67.7	0.00202961	0.00109513	19659.6	1050	105	19007.1	54.7524	54.7524	219.01	219.01	0 22979.2 892.176 	23871.4	6.21344	6.5039	12399	666.612	0.0158212	0	1.02	1.02
67.8	0.00202962	0.00109516	19660.5	1050	105	19007.8	54.7719	54.7719	219.088	219.088	0 22978.5 891.359 	23869.9	6.21332	6.5039	12399	666.612	0.0158074	0	1.02	1.02
67.9	0.00202964	0.0010952	19661.4	1050	105	19008.5	54.7914	54.7914	219.166	219.166	0 22977.9 890.544 	23868.4	6.21321	6.5039	12399	666.612	0.0157937	0	1.02	1.02
68	0.00202965	0.00109524	19662.4	1050	105	19009.3	54.811	54.811	219.244	219.244	0 22977.2 889.729 	23866.9	6.21309	6.5039	12399	666.612	0.01578	0	1.02	1.02
68.1	0.00202966	0.00109528	19663.3	1050	105	19010	54.8305	54.8305	219.322	219.322	0 22976.5 888.916 	23865.5	6.21297	6.5039	12399	666.612	0.0157663	0	1.02	1.02
68.2	0.00202967	0.00109532	19664.2	1050	105	19010.7	54.8501	54.8501	219.4	219.4	0 22975.9 888.104 	23864	6.21286	6.5039	12399	666.612	0.0157527	0	1.02	1.02
68.3	0.00202969	0.00109536	19665.2	1050	105	19011.5	54.8697	54.8697	219.479	219.479	0 22975.2 887.293 	23862.5	6.21274	6.5039	12399	666.612	0.015739	0	1.02	1.02
68.4	0.0020297	0.00109539	19666.1	1050	105	19012.2	54.8893	54.8893	219.557	219.557	0 22974.6 886.482 	23861	6.21263	6.5039	12399	666.612	0.0157254	0	1.02	1.02
68.5	0.00202971	0.00109543	19667	1050	105	19013	54.9089	54.9089	219.636	219.636	0 22973.9 885.673 	23859.6	6.21251	6.5039	12399	666.612	0.0157118	0	1.02	1.02
68.6	0.00202972	0.00109547	19668	1050	105	19013.7	54.9285	54.9285	219.714	219.714	0 22973.2 884.865 	23858.1	6.21239	6.5039	12399	666.612	0.0156982	0	1.02	1.02
68.7	0.00202974	0.00109551	19668.9	1050	105	19014.4	54.9481	54.9481	219.793	219.793	0 22972.6 884.058 	23856.6	6.21228	6.5039	12399	666.612	0.0156846	0	1.02	1.02
68.8	0.00202975	0.00109555	19669.8	1050	105	19015.2	54.9678	54.9678	219.871	219.871	0 22971.9 883.252 	23855.2	6.21216	6.5039	12399	666.612	0.0156711	0	1.02	1.02
68.9	0.00202976	0.00109559	19670.8	1050	105	19015.9	54.9875	54.9875	219.95	219.95	0 22971.2 882.448 	23853.7	6.21205	6.5039	12399	666.612	0.0156575	0	1.02	1.02
69	0.00202977	0.00109562	19671.7	1050	105	19016.6	55.0072	55.0072	220.029	220.029	0 22970.6 881.644 	23852.2	6.21193	6.5039	12399	666.612	0.015644	0	1.02	1.02
69.1	0.00202979	0.00109566	19672.6	1050	105	19017.4	55.0269	55.0269	220.107	220.107	0 22969.9 880.841 	23850.8	6.21182	6.5039	12399	666.612	0.0156305	0	1.02	1.02
69.2	0.0020298	0.0010957	19673.6	1050	105	19018.1	55.0466	55.0466	220.186	220.186	0 22969.3 880.039 	23849.3	6.2117	6.5039	12399	666.612	0.015617	0	1.02	1.02
69.3	0.00202981	0.00109574	19674.5	1050	105	19018.8	55.0663	55.0663	220.265	220.265	0 22968.6 879.239 	23847.8	6.21159	6.5039	12399	666.612	0.0156036	0	1.02	1.02
69.4	0.00202982	0.00109578	19675.4	1050	105	19019.6	55.0861	55.0861	220.344	220.344	0 22967.9 878.439 	23846.4	6.21147	6.5039	12399	666.612	0.0155901	0	1.02	1.02
69.5	0.00202984	0.00109582	19676.3	1050	105	19020.3	55.1058	55.1058	220.423	220.423	0 22967.3 877.641 	23844.9	6.21136	6.5039	12399	666.612	0.0155767	0	1.02	1.02
69.6	0.00202985	0.00109585	19677.3	1050	105	19021	55.1256	55.1256	220.502	220.502	0 22966.6 876.843 	23843.5	6.21124	6.5039	12399	666.612	0.0155632	0	1.02	1.02
69.7	0.00202986	0.00109589	19678.2	1050	105	19021.7	55.1454	55.1454	220.582	220.582	0 22966 876.047 	23842	6.21113	6.5039	12399	666.612	0.0155498	0	1.02	1.02
69.8	0.00202987	0.00109593	19679.1	1050	105	19022.5	55.1652	55.1652	220.661	220.661	0 22965.3 875.252 	23840.6	6.21101	6.5039	12399	666.612	0.0155365	0	1.02	1.02
69.9	0.00202989	0.00109597	19680.1	1050	105	19023.2	55.185	55.185	220.74	220.74	0 22964.6 874.457 	23839.1	6.2109	6.5039	12399	666.612	0.0155231	0	1.02	1.02
70	0.0020299	0.00109601	19681	1050	105	19023.9	55.2049	55.2049	220.819	220.819	0 22964 873.664 	23837.6	6.21078	6.5039	12399	666.612	0.0155097	0	1.02	1.02
70.1	0.00202991	0.00109605	19681.9	1050	105	19024.7	55.2247	55.2247	220.899	220.899	0 22963.3 872.872 	23836.2	6.21067	6.5039	12399	666.612	0.0154964	0	1.02	1.02
70.2	0.00202992	0.00109608	19682.8	1050	105	19025.4	55.2446	55.2446	220.978	220.978	0 22962.7 872.081 	23834.7	6.21056	6.5039	12399	666.612	0.0154831	0	1.02	1.02
70.3	0.00202994	0.00109612	19683.8	1050	105	19026.1	55.2645	55.2645	221.058	221.058	0 22962 871.291 	23833.3	6.21044	6.5039	12399	666.612	0.0154698	0	1.02	1.02
70.4	0.00202995	0.00109616	19684.7	1050	105	19026.8	55.2844	55.2844	221.137	221.137	0 22961.3 870.502 	23831.8	6.21033	6.5039	12399	666.612	0.0154565	0	1.02	1.02
70.5	0.00202996	0.0010962	19685.6	1050	105	19027.6	55.3043	55.3043	221.217	221.217	0 22960.7 869.714 	23830.4	6.21021	6.5039	12399	666.612	0.0154432	0	1.02	1.02
70.6	0.00202997	0.00109624	19686.5	1050	105	19028.3	55.3242	55.3242	221.297	221.297	0 22960 868.927 	23829	6.2101	6.5039	12399	666.612	0.01543	0	1.02	1.02
70.7	0.00202999	0.00109627	19687.5	1050	105	19029	55.3441	55.3441	221.377	221.377	0 22959.4 868.141 	23827.5	6.20999	6.5039	12399	666.612	0.0154168	0	1.02	1.02
70.8	0.00203	0.00109631	19688.4	1050	105	19029.7	55.3641	55.3641	221.456	221.456	0 22958.7 867.356 	23826.1	6.20987	6.5039	12399	666.612	0.0154036	0	1.02	1.02
70.9	0.00203001	0.00109635	19689.3	1050	105	19030.5	55.3841	55.3841	221.536	221.536	0 22958.1 866.572 	23824.6	6.20976	6.5039	12399	666.612	0.0153904	0	1.02	1.02
71	0.00203002	0.00109639	19690.2	1050	105	19031.2	55.404	55.404	221.616	221.616	0 22957.4 865.79 	23823.2	6.20965	6.5039	12399	666.612	0.0153772	0	1.02	1.02
71.1	0.00203004	0.00109643	19691.2	1050	105	19031.9	55.424	55.424	221.696	221.696	0 22956.7 865.008 	23821.7	6.20953	6.5039	12399	666.612	0.015364	0	1.02	1.02
71.2	0.00203005	0.00109647	19692.1	1050	105	19032.6	55.4441	55.4441	221.776	221.776	0 22956.1 864.227 	23820.3	6.20942	6.5039	12399	666.612	0.0153509	0	1.02	1.02
71.3	0.00203006	0.0010965	19693	1050	105	19033.4	55.4641	55.4641	221.856	221.856	0 22955.4 863.448 	23818.9	6.20931	6.5039	12399	666.612	0.0153377	0	1.02	1.02
71.4	0.00203007	0.00109654	19693.9	1050	105	19034.1	55.4841	55.4841	221.937	221.937	0 22954.8 862.669 	23817.4	6.20919	6.5039	12399	666.612	0.0153246	0	1.02	1.02
71.5	0.00203009	0.00109658	19694.8	1050	105	19034.8	55.5042	55.5042	222.017	222.017	0 22954.1 861.892 	23816	6.20908	6.5039	12399	666.612	0.0153115	0	1.02	1.02
71.6	0.0020301	0.00109662	19695.8	1050	105	19035.5	55.5243	55.5243	222.097	222.097	0 22953.5 861.115 	23814.6	6.20897	6.5039	12399	666.612	0.0152985	0	1.02	1.02
71.7	0.00203011	0.00109666	19696.7	1050	105	19036.2	55.5444	55.5444	222.177	222.177	0 22952.8 860.34 	23813.1	6.20885	6.5039	12399	666.612	0.0152854	0	1.02	1.02
71.8	0.00203012	0.00109669	19697.6	1050	105	19037	55.5645	55.5645	222.258	222.258	0 22952.1 859.565 	23811.7	6.20874	6.5039	12399	666.612	0.0152724	0	1.02	1.02
71.9	0.00203013	0.00109673	19698.5	1050	105	19037.7	55.5846	55.5846	222.338	222.338	0 22951.5 858.792 	23810.3	6.20863	6.5039	12399	666.612	0.0152593	0	1.02	1.02
72	0.00203015	0.00109677	19699.5	1050	105	19038.4	55.6047	55.6047	222.419	222.419	0 22950.8 858.02 	23808.8	6.20852	6.5039	12399	666.612	0.0152463	0	1.02	1.02
72.1	0.00203016	0.00109681	19700.4	1050	105	19039.1	55.6249	55.6249	222.499	222.499	0 22950.2 857.249 	23807.4	6.2084	6.5039	12399	666.612	0.0152333	0	1.02	1.02
72.2	0.00203017	0.00109685	19701.3	1050	105	19039.8	55.645	55.645	222.58	222.58	0 22949.5 856.478 	23806	6.20829	6.5039	12399	666.612	0.0152203	0	1.02	1.02
72.3	0.00203018	0.00109688	19702.2	1050	105	19040.6	55.6652	55.6652	222.661	222.661	0 22948.9 855.709 	23804.6	6.20818	6.5039	12399	666.612	0.0152074	0	1.02	1.02
72.4	0.0020302	0.00109692	19703.1	1050	105	19041.3	55.6854	55.6854	222.742	222.742	0 22948.2 854.941 	23803.1	6.20807	6.5039	12399	666.612	0.0151944	0	1.02	1.02
72.5	0.00203021	0.00109696	19704.1	1050	105	19042	55.7056	55.7056	222.822	222.822	0 22947.5 854.174 	23801.7	6.20796	6.5039	12399	666.612	0.0151815	0	1.02	1.02
72.6	0.00203022	0.001097	19705	1050	105	19042.7	55.7258	55.7258	222.903	222.903	0 22946.9 853.408 	23800.3	6.20784	6.5039	12399	666.612	0.0151686	0	1.02	1.02
72.7	0.00203023	0.00109703	19705.9	1050	105	19043.4	55.7461	55.7461	222.984	222.984	0 22946.2 852.642 	23798.9	6.20773	6.5039	12399	666.612	0.0151557	0	1.02	1.02
72.8	0.00203024	0.00109707	19706.8	1050	105	19044.2	55.7663	55.7663	223.065	223.065	0 22945.6 851.878 	23797.5	6.20762	6.5039	12399	666.612	0.0151428	0	1.02	1.02
72.9	0.00203026	0.00109711	19707.7	1050	105	19044.9	55.7866	55.7866	223.146	223.146	0 22944.9 851.115 	23796	6.20751	6.5039	12399	666.612	0.01513	0	1.02	1.02
73	0.00203027	0.00109715	19708.6	1050	105	19045.6	55.8069	55.8069	223.228	223.228	0 22944.3 850.353 	23794.6	6.2074	6.5039	12399	666.612	0.0151171	0	1.02	1.02
73.1	0.00203028	0.00109719	19709.6	1050	105	19046.3	55.8272	55.8272	223.309	223.309	0 22943.6 849.592 	23793.2	6.20729	6.5039	12399	666.612	0.0151043	0	1.02	1.02
73.2	0.00203029	0.00109722	19710.5	1050	105	19047	55.8475	55.8475	223.39	223.39	0 22943 848.832 	23791.8	6.20717	6.5039	12399	666.612	0.0150915	0	1.02	1.02
73.3	0.00203031	0.00109726	19711.4	1050	105	19047.7	55.8678	55.8678	223.471	223.471	0 22942.3 848.073 	23790.4	6.20706	6.5039	12399	666.612	0.0150787	0	1.02	1.02
73.4	0.00203032	0.0010973	19712.3	1050	105	19048.4	55.8882	55.8882	223.553	223.553	0 22941.7 847.316 	23789	6.20695	6.5039	12399	666.612	0.0150659	0	1.02	1.02
73.5	0.00203033	0.00109734	19713.2	1050	105	19049.1	55.9085	55.9085	223.634	223.634	0 22941 846.559 	23787.6	6.20684	6.5039	12399	666.612	0.0150532	0	1.02	1.02
73.6	0.00203034	0.00109738	19714.2	1050	105	19049.9	55.9289	55.9289	223.716	223.716	0 22940.3 845.803 	23786.2	6.20673	6.5039	12399	666.612	0.0150404	0	1.02	1.02
73.7	0.00203035	0.00109741	19715.1	1050	105	19050.6	55.9493	55.9493	223.797	223.797	0 22939.7 845.048 	23784.7	6.20662	6.5039	12399	666.612	0.0150277	0	1.02	1.02
73.8	0.00203037	0.00109745	19716	1050	105	19051.3	55.9697	55.9697	223.879	223.879	0 22939 844.294 	23783.3	6.20651	6.5039	12399	666.612	0.015015	0	1.02	1.02
73.9	0.00203038	0.00109749	19716.9	1050	105	19052	55.9901	55.9901	223.961	223.961	0 22938.4 843.541 	23781.9	6.2064	6.5039	12399	666.612	0.0150023	0	1.02	1.02
74	0.00203039	0.00109753	19717.8	1050	105	19052.7	56.0106	56.0106	224.042	224.042	0 22937.7 842.79 	23780.5	6.20629	6.5039	12399	666.612	0.0149896	0	1.02	1.02
74.1	0.0020304	0.00109756	19718.7	1050	105	19053.4	56.031	56.031	224.124	224.124	0 22937.1 842.039 	23779.1	6.20618	6.5039	12399	666.612	0.014977	0	1.02	1.02
74.2	0.00203041	0.0010976	19719.6	1050	105	19054.1	56.0515	56.0515	224.206	224.206	0 22936.4 841.289 	23777.7	6.20607	6.5039	12399	666.612	0.0149643	0	1.02	1.02
74.3	0.00203043	0.00109764	19720.6	1050	105	19054.8	56.072	56.072	224.288	224.288	0 22935.8 840.54 	23776.3	6.20596	6.5039	12399	666.612	0.0149517	0	1.02	1.02
74.4	0.00203044	0.00109768	19721.5	1050	105	19055.5	56.0925	56.0925	224.37	224.37	0 22935.1 839.793 	23774.9	6.20585	6.5039	12399	666.612	0.0149391	0	1.02	1.02
74.5	0.00203045	0.00109772	19722.4	1050	105	19056.3	56.113	56.113	224.452	224.452	0 22934.5 839.046 	23773.5	6.20574	6.5039	12399	666.612	0.0149265	0	1.02	1.02
74.6	0.00203046	0.00109775	19723.3	1050	105	19057	56.1335	56.1335	224.534	224.534	0 22933.8 838.3 	23772.1	6.20563	6.5039	12399	666.612	0.0149139	0	1.02	1.02
74.7	0.00203047	0.00109779	19724.2	1050	105	19057.7	56.154	56.154	224.616	224.616	0 22933.2 837.556 	23770.7	6.20552	6.5039	12399	666.612	0.0149014	0	1.02	1.02
74.8	0.00203049	0.00109783	19725.1	1050	105	19058.4	56.1746	56.1746	224.698	224.698	0 22932.5 836.812 	23769.3	6.20541	6.5039	12399	666.612	0.0148888	0	1.02	1.02
74.9	0.0020305	0.00109787	19726	1050	105	19059.1	56.1952	56.1952	224.781	224.781	0 22931.9 836.069 	23767.9	6.2053	6.5039	12399	666.612	0.0148763	0	1.02	1.02
75	0.00203051	0.0010979	19726.9	1050	105	19059.8	56.2157	56.2157	224.863	224.863	0 22931.2 835.328 	23766.5	6.20519	6.5039	12399	666.612	0.0148638	0	1.02	1.02
75.1	0.00203052	0.00109794	19727.9	1050	105	19060.5	56.2363	56.2363	224.945	224.945	0 22930.6 834.587 	23765.2	6.20508	6.5039	12399	666.612	0.0148513	0	1.02	1.02
75.2	0.00203053	0.00109798	19728.8	1050	105	19061.2	56.257	56.257	225.028	225.028	0 22929.9 833.847 	23763.8	6.20497	6.5039	12399	666.612	0.0148388	0	1.02	1.02
75.3	0.00203055	0.00109802	19729.7	1050	105	19061.9	56.2776	56.2776	225.11	225.11	0 22929.3 833.109 	23762.4	6.20486	6.5039	12399	666.612	0.0148264	0	1.02	1.02
75.4	0.00203056	0.00109805	19730.6	1050	105	19062.6	56.2982	56.2982	225.193	225.193	0 22928.6 832.371 	23761	6.20475	6.5039	12399	666.612	0.0148139	0	1.02	1.02
75.5	0.00203057	0.00109809	19731.5	1050	105	19063.3	56.3189	56.3189	225.276	225.276	0 22928 831.635 	23759.6	6.20464	6.5039	12399	666.612	0.0148015	0	1.02	1.02
75.6	0.00203058	0.00109813	19732.4	1050	105	19064	56.3396	56.3396	225.358	225.358	0 22927.3 830.899 	23758.2	6.20453	6.5039	12399	666.612	0.0147891	0	1.02	1.02
75.7	0.00203059	0.00109817	19733.3	1050	105	19064.7	56.3603	56.3603	225.441	225.441	0 22926.7 830.164 	23756.8	6.20442	6.5039	12399	666.612	0.0147767	0	1.02	1.02
75.8	0.00203061	0.0010982	19734.2	1050	105	19065.4	56.381	56.381	225.524	225.524	0 22926 829.431 	23755.4	6.20431	6.5039	12399	666.612	0.0147643	0	1.02	1.02
75.9	0.00203062	0.00109824	19735.1	1050	105	19066.1	56.4017	56.4017	225.607	225.607	0 22925.4 828.698 	23754.1	6.2042	6.5039	12399	666.612	0.014752	0	1.02	1.02
76	0.00203063	0.00109828	19736	1050	105	19066.8	56.4224	56.4224	225.69	225.69	0 22924.7 827.967 	23752.7	6.20409	6.5039	12399	666.612	0.0147396	0	1.02	1.02
76.1	0.00203064	0.00109832	19737	1050	105	19067.5	56.4432	56.4432	225.773	225.773	0 22924.1 827.236 	23751.3	6.20399	6.5039	12399	666.612	0.0147273	0	1.02	1.02
76.2	0.00203065	0.00109835	19737.9	1050	105	19068.2	56.464	56.464	225.856	225.856	0 22923.4 826.506 	23749.9	6.20388	6.5039	12399	666.612	0.014715	0	1.02	1.02
76.3	0.00203066	0.00109839	19738.8	1050	105	19068.9	56.4847	56.4847	225.939	225.939	0 22922.8 825.778 	23748.5	6.20377	6.5039	12399	666.612	0.0147027	0	1.02	1.02
76.4	0.00203068	0.00109843	19739.7	1050	105	19069.6	56.5055	56.5055	226.022	226.022	0 22922.1 825.05 	23747.2	6.20366	6.5039	12399	666.612	0.0146904	0	1.02	1.02
76.5	0.00203069	0.00109847	19740.6	1050	105	19070.3	56.5263	56.5263	226.105	226.105	0 22921.5 824.324 	23745.8	6.20355	6.5039	12399	666.612	0.0146781	0	1.02	1.02
76.6	0.0020307	0.0010985	19741.5	1050	105	19071	56.5472	56.5472	226.189	226.189	0 22920.8 823.598 	23744.4	6.20344	6.5039	12399	666.612	0.0146659	0	1.02	1.02
76.7	0.00203071	0.00109854	19742.4	1050	105	19071.7	56.568	56.568	226.272	226.272	0 22920.2 822.874 	23743	6.20334	6.5039	12399	666.612	0.0146537	0	1.02	1.02
76.8	0.00203072	0.00109858	19743.3	1050	105	19072.4	56.5889	56.5889	226.355	226.355	0 22919.5 822.15 	23741.7	6.20323	6.5039	12399	666.612	0.0146415	0	1.02	1.02
76.9	0.00203074	0.00109862	19744.2	1050	105	19073.1	56.6097	56.6097	226.439	226.439	0 22918.9 821.427 	23740.3	6.20312	6.5039	12399	666.612	0.0146293	0	1.02	1.02
77	0.00203075	0.00109865	19745.1	1050	105	19073.8	56.6306	56.6306	226.523	226.523	0 22918.2 820.706 	23738.9	6.20301	6.5039	12399	666.612	0.0146171	0	1.02	1.02
77.1	0.00203076	0.00109869	19746	1050	105	19074.5	56.6515	56.6515	226.606	226.606	0 22917.6 819.985 	23737.6	6.2029	6.5039	12399	666.612	0.0146049	0	1.02	1.02
77.2	0.00203077	0.00109873	19746.9	1050	105	19075.2	56.6725	56.6725	226.69	226.69	0 22916.9 819.266 	23736.2	6.2028	6.5039	12399	666.612	0.0145928	0	1.02	1.02
77.3	0.00203078	0.00109877	19747.8	1050	105	19075.9	56.6934	56.6934	226.774	226.774	0 22916.3 818.547 	23734.8	6.20269	6.5039	12399	666.612	0.0145806	0	1.02	1.02
77.4	0.00203079	0.0010988	19748.7	1050	105	19076.6	56.7143	56.7143	226.857	226.857	0 22915.6 817.829 	23733.5	6.20258	6.5039	12399	666.612	0.0145685	0	1.02	1.02
77.5	0.00203081	0.00109884	19749.6	1050	105	19077.3	56.7353	56.7353	226.941	226.941	0 22915 817.113 	23732.1	6.20247	6.5039	12399	666.612	0.0145564	0	1.02	1.02
77.6	0.00203082	0.00109888	19750.5	1050	105	19078	56.7563	56.7563	227.025	227.025	0 22914.3 816.397 	23730.7	6.20237	6.5039	12399	666.612	0.0145443	0	1.02	1.02
77.7	0.00203083	0.00109892	19751.4	1050	105	19078.7	56.7773	56.7773	227.109	227.109	0 22913.7 815.682 	23729.4	6.20226	6.5039	12399	666.612	0.0145323	0	1.02	1.02
77.8	0.00203084	0.00109895	19752.3	1050	105	19079.4	56.7983	56.7983	227.193	227.193	0 22913.1 814.969 	23728	6.20215	6.5039	12399	666.612	0.0145202	0	1.02	1.02
77.9	0.00203085	0.00109899	19753.3	1050	105	19080.1	56.8193	56.8193	227.277	227.277	0 22912.4 814.256 	23726.7	6.20205	6.5039	12399	666.612	0.0145082	0	1.02	1.02
78	0.00203086	0.00109903	19754.2	1050	105	19080.8	56.8404	56.8404	227.361	227.361	0 22911.8 813.544 	23725.3	6.20194	6.5039	12399	666.612	0.0144962	0	1.02	1.02
78.1	0.00203088	0.00109906	19755.1	1050	105	19081.4	56.8614	56.8614	227.446	227.446	0 22911.1 812.834 	23723.9	6.20183	6.5039	12399	666.612	0.0144842	0	1.02	1.02
78.2	0.00203089	0.0010991	19756	1050	105	19082.1	56.8825	56.8825	227.53	227.53	0 22910.5 812.124 	23722.6	6.20173	6.5039	12399	666.612	0.0144722	0	1.02	1.02
78.3	0.0020309	0.00109914	19756.9	1050	105	19082.8	56.9036	56.9036	227.614	227.614	0 22909.8 811.415 	23721.2	6.20162	6.5039	12399	666.612	0.0144602	0	1.02	1.02
78.4	0.00203091	0.00109918	19757.8	1050	105	19083.5	56.9247	56.9247	227.699	227.699	0 22909.2 810.707 	23719.9	6.20151	6.5039	12399	666.612	0.0144482	0	1.02	1.02
78.5	0.00203092	0.00109921	19758.7	1050	105	19084.2	56.9458	56.9458	227.783	227.783	0 22908.5 810.001 	23718.5	6.20141	6.5039	12399	666.612	0.0144363	0	1.02	1.02
78.6	0.00203093	0.00109925	19759.6	1050	105	19084.9	56.9669	56.9669	227.868	227.868	0 22907.9 809.295 	23717.2	6.2013	6.5039	12399	666.612	0.0144244	0	1.02	1.02
78.7	0.00203095	0.00109929	19760.5	1050	105	19085.6	56.9881	56.9881	227.952	227.952	0 22907.2 808.59 	23715.8	6.20119	6.5039	12399	666.612	0.0144125	0	1.02	1.02
78.8	0.00203096	0.00109933	19761.4	1050	105	19086.3	57.0092	57.0092	228.037	228.037	0 22906.6 807.886 	23714.5	6.20109	6.5039	12399	666.612	0.0144006	0	1.02	1.02
78.9	0.00203097	0.00109936	19762.3	1050	105	19087	57.0304	57.0304	228.122	228.122	0 22906 807.183 	23713.1	6.20098	6.5039	12399	666.612	0.0143887	0	1.02	1.02
79	0.00203098	0.0010994	19763.2	1050	105	19087.6	57.0516	57.0516	228.206	228.206	0 22905.3 806.482 	23711.8	6.20088	6.5039	12399	666.612	0.0143769	0	1.02	1.02
79.1	0.00203099	0.00109944	19764.1	1050	105	19088.3	57.0728	57.0728	228.291	228.291	0 22904.7 805.781 	23710.4	6.20077	6.5039	12399	666.612	0.014365	0	1.02	1.02
79.2	0.002031	0.00109947	19765	1050	105	19089	57.094	57.094	228.376	228.376	0 22904 805.081 	23709.1	6.20066	6.5039	12399	666.612	0.0143532	0	1.02	1.02
79.3	0.00203102	0.00109951	19765.9	1050	105	19089.7	57.1153	57.1153	228.461	228.461	0 22903.4 804.382 	23707.8	6.20056	6.5039	12399	666.612	0.0143414	0	1.02	1.02
79.4	0.00203103	0.00109955	19766.8	1050	105	19090.4	57.1365	57.1365	228.546	228.546	0 22902.7 803.684 	23706.4	6.20045	6.5039	12399	666.612	0.0143296	0	1.02	1.02
79.5	0.00203104	0.00109959	19767.7	1050	105	19091.1	57.1578	57.1578	228.631	228.631	0 22902.1 802.987 	23705.1	6.20035	6.5039	12399	666.612	0.0143178	0	1.02	1.02
79.6	0.00203105	0.00109962	19768.6	1050	105	19091.8	57.1791	57.1791	228.716	228.716	0 22901.4 802.291 	23703.7	6.20024	6.5039	12399	666.612	0.0143061	0	1.02	1.02
79.7	0.00203106	0.00109966	19769.4	1050	105	19092.4	57.2004	57.2004	228.802	228.802	0 22900.8 801.596 	23702.4	6.20014	6.5039	12399	666.612	0.0142943	0	1.02	1.02
79.8	0.00203107	0.0010997	19770.3	1050	105	19093.1	57.2217	57.2217	228.887	228.887	0 22900.2 800.902 	23701.1	6.20003	6.5039	12399	666.612	0.0142826	0	1.02	1.02
79.9	0.00203108	0.00109973	19771.2	1050	105	19093.8	57.243	57.243	228.972	228.972	0 22899.5 800.209 	23699.7	6.19993	6.5039	12399	666.612	0.0142709	0	1.02	1.02
80	0.0020311	0.00109977	19772.1	1050	105	19094.5	57.2644	57.2644	229.058	229.058	0 22898.9 799.516 	23698.4	6.19982	6.5039	12399	666.612	0.0142592	0	1.02	1.02
80.1	0.00203111	0.00109981	19773	1050	105	19095.2	57.2857	57.2857	229.143	229.143	0 22898.2 798.825 	23697.1	6.19972	6.5039	12399	666.612	0.0142475	0	1.02	1.02
80.2	0.00203112	0.00109985	19773.9	1050	105	19095.9	57.3071	57.3071	229.228	229.228	0 22897.6 798.135 	23695.7	6.19961	6.5039	12399	666.612	0.0142358	0	1.02	1.02
80.3	0.00203113	0.00109988	19774.8	1050	105	19096.5	57.3285	57.3285	229.314	229.314	0 22897 797.446 	23694.4	6.19951	6.5039	12399	666.612	0.0142242	0	1.02	1.02
80.4	0.00203114	0.00109992	19775.7	1050	105	19097.2	57.3499	57.3499	229.4	229.4	0 22896.3 796.758 	23693.1	6.1994	6.5039	12399	666.612	0.0142125	0	1.02	1.02
80.5	0.00203115	0.00109996	19776.6	1050	105	19097.9	57.3713	57.3713	229.485	229.485	0 22895.7 796.07 	23691.7	6.1993	6.5039	12399	666.612	0.0142009	0	1.02	1.02
80.6	0.00203116	0.00109999	19777.5	1050	105	19098.6	57.3928	57.3928	229.571	229.571	0 22895 795.384 	23690.4	6.19919	6.5039	12399	666.612	0.0141893	0	1.02	1.02
80.7	0.00203118	0.00110003	19778.4	1050	105	19099.3	57.4142	57.4142	229.657	229.657	0 22894.4 794.699 	23689.1	6.19909	6.5039	12399	666.612	0.0141777	0	1.02	1.02
80.8	0.00203119	0.00110007	19779.3	1050	105	19099.9	57.4357	57.4357	229.743	229.743	0 22893.7 794.014 	23687.8	6.19898	6.5039	12399	666.612	0.0141662	0	1.02	1.02
80.9	0.0020312	0.0011001	19780.2	1050	105	19100.6	57.4572	57.4572	229.829	229.829	0 22893.1 793.331 	23686.4	6.19888	6.5039	12399	666.612	0.0141546	0	1.02	1.02
81	0.00203121	0.00110014	19781.1	1050	105	19101.3	57.4787	57.4787	229.915	229.915	0 22892.5 792.648 	23685.1	6.19878	6.5039	12399	666.612	0.0141431	0	1.02	1.02
81.1	0.00203122	0.00110018	19782	1050	105	19102	57.5002	57.5002	230.001	230.001	0 22891.8 791.967 	23683.8	6.19867	6.5039	12399	666.612	0.0141316	0	1.02	1.02
81.2	0.00203123	0.00110021	19782.9	1050	105	19102.7	57.5217	57.5217	230.087	230.087	0 22891.2 791.286 	23682.5	6.19857	6.5039	12399	666.612	0.01412	0	1.02	1.02
81.3	0.00203124	0.00110025	19783.8	1050	105	19103.3	57.5433	57.5433	230.173	230.173	0 22890.5 790.607 	23681.1	6.19846	6.5039	12399	666.612	0.0141086	0	1.02	1.02
81.4	0.00203126	0.00110029	19784.7	1050	105	19104	57.5648	57.5648	230.259	230.259	0 22889.9 789.928 	23679.8	6.19836	6.5039	12399	666.612	0.0140971	0	1.02	1.02
81.5	0.00203127	0.00110033	19785.5	1050	105	19104.7	57.5864	57.5864	230.346	230.346	0 22889.3 789.25 	23678.5	6.19826	6.5039	12399	666.612	0.0140856	0	1.02	1.02
81.6	0.00203128	0.00110036	19786.4	1050	105	19105.4	57.608	57.608	230.432	230.432	0 22888.6 788.574 	23677.2	6.19815	6.5039	12399	666.612	0.0140742	0	1.02	1.02
81.7	0.00203129	0.0011004	19787.3	1050	105	19106	57.6296	57.6296	230.518	230.518	0 22888 787.898 	23675.9	6.19805	6.5039	12399	666.612	0.0140628	0	1.02	1.02
81.8	0.0020313	0.00110044	19788.2	1050	105	19106.7	57.6512	57.6512	230.605	230.605	0 22887.3 787.223 	23674.6	6.19795	6.5039	12399	666.612	0.0140513	0	1.02	1.02
81.9	0.00203131	0.00110047	19789.1	1050	105	19107.4	57.6729	57.6729	230.692	230.692	0 22886.7 786.549 	23673.3	6.19784	6.5039	12399	666.612	0.0140399	0	1.02	1.02
82	0.00203132	0.00110051	19790	1050	105	19108.1	57.6945	57.6945	230.778	230.778	0 22886.1 785.876 	23671.9	6.19774	6.5039	12399	666.612	0.0140286	0	1.02	1.02
82.1	0.00203133	0.00110055	19790.9	1050	105	19108.7	57.7162	57.7162	230.865	230.865	0 22885.4 785.204 	23670.6	6.19764	6.5039	12399	666.612	0.0140172	0	1.02	1.02
82.2	0.00203135	0.00110058	19791.8	1050	105	19109.4	57.7379	57.7379	230.952	230.952	0 22884.8 784.533 	23669.3	6.19753	6.5039	12399	666.612	0.0140058	0	1.02	1.02
82.3	0.00203136	0.00110062	19792.7	1050	105	19110.1	57.7596	57.7596	231.038	231.038	0 22884.2 783.863 	23668	6.19743	6.5039	12399	666.612	0.0139945	0	1.02	1.02
82.4	0.00203137	0.00110066	19793.6	1050	105	19110.7	57.7813	57.7813	231.125	231.125	0 22883.5 783.194 	23666.7	6.19733	6.5039	12399	666.612	0.0139832	0	1.02	1.02
82.5	0.00203138	0.00110069	19794.4	1050	105	19111.4	57.803	57.803	231.212	231.212	0 22882.9 782.526 	23665.4	6.19722	6.5039	12399	666.612	0.0139719	0	1.02	1.02
82.6	0.00203139	0.00110073	19795.3	1050	105	19112.1	57.8248	57.8248	231.299	231.299	0 22882.2 781.859 	23664.1	6.19712	6.5039	12399	666.612	0.0139606	0	1.02	1.02
82.7	0.0020314	0.00110077	19796.2	1050	105	19112.7	57.8465	57.8465	231.386	231.386	0 22881.6 781.193 	23662.8	6.19702	6.5039	12399	666.612	0.0139493	0	1.02	1.02
82.8	0.00203141	0.0011008	19797.1	1050	105	19113.4	57.8683	57.8683	231.473	231.473	0 22881 780.527 	23661.5	6.19692	6.5039	12399	666.612	0.0139381	0	1.02	1.02
82.9	0.00203142	0.00110084	19798	1050	105	19114.1	57.8901	57.8901	231.56	231.56	0 22880.3 779.863 	23660.2	6.19681	6.5039	12399	666.612	0.0139268	0	1.02	1.02
83	0.00203144	0.00110088	19798.9	1050	105	19114.8	57.9119	57.9119	231.648	231.648	0 22879.7 779.2 	23658.9	6.19671	6.5039	12399	666.612	0.0139156	0	1.02	1.02
83.1	0.00203145	0.00110091	19799.8	1050	105	19115.4	57.9337	57.9337	231.735	231.735	0 22879.1 778.537 	23657.6	6.19661	6.5039	12399	666.612	0.0139044	0	1.02	1.02
83.2	0.00203146	0.00110095	19800.6	1050	105	19116.1	57.9556	57.9556	231.822	231.822	0 22878.4 777.876 	23656.3	6.19651	6.5039	12399	666.612	0.0138932	0	1.02	1.02
83.3	0.00203147	0.00110099	19801.5	1050	105	19116.8	57.9774	57.9774	231.91	231.91	0 22877.8 777.215 	23655	6.19641	6.5039	12399	666.612	0.013882	0	1.02	1.02
83.4	0.00203148	0.00110102	19802.4	1050	105	19117.4	57.9993	57.9993	231.997	231.997	0 22877.1 776.556 	23653.7	6.1963	6.5039	12399	666.612	0.0138709	0	1.02	1.02
83.5	0.00203149	0.00110106	19803.3	1050	105	19118.1	58.0212	58.0212	232.085	232.085	0 22876.5 775.897 	23652.4	6.1962	6.5039	12399	666.612	0.0138597	0	1.02	1.02
83.6	0.0020315	0.0011011	19804.2	1050	105	19118.8	58.0431	58.0431	232.172	232.172	0 22875.9 775.239 	23651.1	6.1961	6.5039	12399	666.612	0.0138486	0	1.02	1.02
83.7	0.00203151	0.00110113	19805.1	1050	105	19119.4	58.065	58.065	232.26	232.26	0 22875.2 774.582 	23649.8	6.196	6.5039	12399	666.612	0.0138375	0	1.02	1.02
83.8	0.00203152	0.00110117	19806	1050	105	19120.1	58.0869	58.0869	232.348	232.348	0 22874.6 773.927 	23648.5	6.1959	6.5039	12399	666.612	0.0138264	0	1.02	1.02
83.9	0.00203154	0.00110121	19806.8	1050	105	19120.8	58.1089	58.1089	232.436	232.436	0 22874 773.272 	23647.2	6.1958	6.5039	12399	666.612	0.0138153	0	1.02	1.02
84	0.00203155	0.00110124	19807.7	1050	105	19121.4	58.1309	58.1309	232.523	232.523	0 22873.3 772.618 	23645.9	6.19569	6.5039	12399	666.612	0.0138042	0	1.02	1.02
84.1	0.00203156	0.00110128	19808.6	1050	105	19122.1	58.1528	58.1528	232.611	232.611	0 22872.7 771.965 	23644.7	6.19559	6.5039	12399	666.612	0.0137932	0	1.02	1.02
84.2	0.00203157	0.00110132	19809.5	1050	105	19122.7	58.1748	58.1748	232.699	232.699	0 22872.1 771.313 	23643.4	6.19549	6.5039	12399	666.612	0.0137822	0	1.02	1.02
84.3	0.00203158	0.00110135	19810.4	1050	105	19123.4	58.1968	58.1968	232.787	232.787	0 22871.4 770.661 	23642.1	6.19539	6.5039	12399	666.612	0.0137711	0	1.02	1.02
84.4	0.00203159	0.00110139	19811.3	1050	105	19124.1	58.2189	58.2189	232.875	232.875	0 22870.8 770.011 	23640.8	6.19529	6.5039	12399	666.612	0.0137601	0	1.02	1.02
84.5	0.0020316	0.00110143	19812.1	1050	105	19124.7	58.2409	58.2409	232.964	232.964	0 22870.2 769.362 	23639.5	6.19519	6.5039	12399	666.612	0.0137491	0	1.02	1.02
84.6	0.00203161	0.00110146	19813	1050	105	19125.4	58.263	58.263	233.052	233.052	0 22869.5 768.714 	23638.2	6.19509	6.5039	12399	666.612	0.0137382	0	1.02	1.02
84.7	0.00203162	0.0011015	19813.9	1050	105	19126	58.285	58.285	233.14	233.14	0 22868.9 768.066 	23637	6.19499	6.5039	12399	666.612	0.0137272	0	1.02	1.02
84.8	0.00203163	0.00110154	19814.8	1050	105	19126.7	58.3071	58.3071	233.229	233.229	0 22868.3 767.42 	23635.7	6.19489	6.5039	12399	666.612	0.0137163	0	1.02	1.02
84.9	0.00203165	0.00110157	19815.7	1050	105	19127.4	58.3292	58.3292	233.317	233.317	0 22867.6 766.774 	23634.4	6.19478	6.5039	12399	666.612	0.0137053	0	1.02	1.02
85	0.00203166	0.00110161	19816.5	1050	105	19128	58.3514	58.3514	233.405	233.405	0 22867 766.13 	23633.1	6.19468	6.5039	12399	666.612	0.0136944	0	1.02	1.02
85.1	0.00203167	0.00110165	19817.4	1050	105	19128.7	58.3735	58.3735	233.494	233.494	0 22866.4 765.486 	23631.8	6.19458	6.5039	12399	666.612	0.0136835	0	1.02	1.02
85.2	0.00203168	0.00110168	19818.3	1050	105	19129.3	58.3956	58.3956	233.583	233.583	0 22865.7 764.843 	23630.6	6.19448	6.5039	12399	666.612	0.0136726	0	1.02	1.02
85.3	0.00203169	0.00110172	19819.2	1050	105	19130	58.4178	58.4178	233.671	233.671	0 22865.1 764.201 	23629.3	6.19438	6.5039	12399	666.612	0.0136618	0	1.02	1.02
85.4	0.0020317	0.00110175	19820.1	1050	105	19130.7	58.44	58.44	233.76	233.76	0 22864.5 763.561 	23628	6.19428	6.5039	12399	666.612	0.0136509	0	1.02	1.02
85.5	0.00203171	0.00110179	19820.9	1050	105	19131.3	58.4622	58.4622	233.849	233.849	0 22863.8 762.921 	23626.7	6.19418	6.5039	12399	666.612	0.0136401	0	1.02	1.02
85.6	0.00203172	0.00110183	19821.8	1050	105	19132	58.4844	58.4844	233.938	233.938	0 22863.2 762.282 	23625.5	6.19408	6.5039	12399	666.612	0.0136293	0	1.02	1.02
85.7	0.00203173	0.00110186	19822.7	1050	105	19132.6	58.5066	58.5066	234.026	234.026	0 22862.6 761.643 	23624.2	6.19398	6.5039	12399	666.612	0.0136185	0	1.02	1.02
85.8	0.00203174	0.0011019	19823.6	1050	105	19133.3	58.5289	58.5289	234.115	234.115	0 22861.9 761.006 	23622.9	6.19388	6.5039	12399	666.612	0.0136077	0	1.02	1.02
85.9	0.00203176	0.00110194	19824.4	1050	105	19133.9	58.5511	58.5511	234.205	234.205	0 22861.3 760.37 	23621.7	6.19378	6.5039	12399	666.612	0.0135969	0	1.02	1.02
86	0.00203177	0.00110197	19825.3	1050	105	19134.6	58.5734	58.5734	234.294	234.294	0 22860.7 759.735 	23620.4	6.19368	6.5039	12399	666.612	0.0135861	0	1.02	1.02
86.1	0.00203178	0.00110201	19826.2	1050	105	19135.2	58.5957	58.5957	234.383	234.383	0 22860 759.1 	23619.1	6.19358	6.5039	12399	666.612	0.0135754	0	1.02	1.02
86.2	0.00203179	0.00110205	19827.1	1050	105	19135.9	58.618	58.618	234.472	234.472	0 22859.4 758.467 	23617.9	6.19348	6.5039	12399	666.612	0.0135647	0	1.02	1.02
86.3	0.0020318	0.00110208	19828	1050	105	19136.6	58.6403	58.6403	234.561	234.561	0 22858.8 757.834 	23616.6	6.19338	6.5039	12399	666.612	0.0135539	0	1.02	1.02
86.4	0.00203181	0.00110212	19828.8	1050	105	19137.2	58.6627	58.6627	234.651	234.651	0 22858.1 757.203 	23615.3	6.19329	6.5039	12399	666.612	0.0135432	0	1.02	1.02
86.5	0.00203182	0.00110215	19829.7	1050	105	19137.9	58.685	58.685	234.74	234.74	0 22857.5 756.572 	23614.1	6.19319	6.5039	12399	666.612	0.0135326	0	1.02	1.02
86.6	0.00203183	0.00110219	19830.6	1050	105	19138.5	58.7074	58.7074	234.83	234.83	0 22856.9 755.942 	23612.8	6.19309	6.5039	12399	666.612	0.0135219	0	1.02	1.02
86.7	0.00203184	0.00110223	19831.5	1050	105	19139.2	58.7298	58.7298	234.919	234.919	0 22856.3 755.313 	23611.6	6.19299	6.5039	12399	666.612	0.0135112	0	1.02	1.02
86.8	0.00203185	0.00110226	19832.3	1050	105	19139.8	58.7522	58.7522	235.009	235.009	0 22855.6 754.685 	23610.3	6.19289	6.5039	12399	666.612	0.0135006	0	1.02	1.02
86.9	0.00203186	0.0011023	19833.2	1050	105	19140.5	58.7746	58.7746	235.098	235.098	0 22855 754.058 	23609.1	6.19279	6.5039	12399	666.612	0.01349	0	1.02	1.02
87	0.00203187	0.00110234	19834.1	1050	105	19141.1	58.797	58.797	235.188	235.188	0 22854.4 753.432 	23607.8	6.19269	6.5039	12399	666.612	0.0134794	0	1.02	1.02
87.1	0.00203189	0.00110237	19835	1050	105	19141.8	58.8195	58.8195	235.278	235.278	0 22853.7 752.807 	23606.5	6.19259	6.5039	12399	666.612	0.0134688	0	1.02	1.02
87.2	0.0020319	0.00110241	19835.8	1050	105	19142.4	58.8419	58.8419	235.368	235.368	0 22853.1 752.183 	23605.3	6.19249	6.5039	12399	666.612	0.0134582	0	1.02	1.02
87.3	0.00203191	0.00110244	19836.7	1050	105	19143.1	58.8644	58.8644	235.458	235.458	0 22852.5 751.559 	23604	6.1924	6.5039	12399	666.612	0.0134476	0	1.02	1.02
87.4	0.00203192	0.00110248	19837.6	1050	105	19143.7	58.8869	58.8869	235.548	235.548	0 22851.8 750.937 	23602.8	6.1923	6.5039	12399	666.612	0.0134371	0	1.02	1.02
87.5	0.00203193	0.00110252	19838.4	1050	105	19144.3	58.9094	58.9094	235.638	235.638	0 22851.2 750.315 	23601.5	6.1922	6.5039	12399	666.612	0.0134266	0	1.02	1.02
87.6	0.00203194	0.00110255	19839.3	1050	105	19145	58.9319	58.9319	235.728	235.728	0 22850.6 749.695 	23600.3	6.1921	6.5039	12399	666.612	0.013416	0	1.02	1.02
87.7	0.00203195	0.00110259	19840.2	1050	105	19145.6	58.9545	58.9545	235.818	235.818	0 22850 749.075 	23599	6.192	6.5039	12399	666.612	0.0134055	0	1.02	1.02
87.8	0.00203196	0.00110263	19841.1	1050	105	19146.3	58.977	58.977	235.908	235.908	0 22849.3 748.456 	23597.8	6.1919	6.5039	12399	666.612	0.0133951	0	1.02	1.02
87.9	0.00203197	0.00110266	19841.9	1050	105	19146.9	58.9996	58.9996	235.998	235.998	0 22848.7 747.838 	23596.5	6.19181	6.5039	12399	666.612	0.0133846	0	1.02	1.02
88	0.00203198	0.0011027	19842.8	1050	105	19147.6	59.0222	59.0222	236.089	236.089	0 22848.1 747.221 	23595.3	6.19171	6.5039	12399	666.612	0.0133741	0	1.02	1.02
88.1	0.00203199	0.00110273	19843.7	1050	105	19148.2	59.0448	59.0448	236.179	236.179	0 22847.5 746.605 	23594.1	6.19161	6.5039	12399	666.612	0.0133637	0	1.02	1.02
88.2	0.002032	0.00110277	19844.5	1050	105	19148.9	59.0674	59.0674	236.27	236.27	0 22846.8 745.99 	23592.8	6.19151	6.5039	12399	666.612	0.0133533	0	1.02	1.02
88.3	0.00203201	0.00110281	19845.4	1050	105	19149.5	59.0901	59.0901	236.36	236.36	0 22846.2 745.376 	23591.6	6.19142	6.5039	12399	666.612	0.0133429	0	1.02	1.02
88.4	0.00203203	0.00110284	19846.3	1050	105	19150.1	59.1127	59.1127	236.451	236.451	0 22845.6 744.763 	23590.3	6.19132	6.5039	12399	666.612	0.0133325	0	1.02	1.02
88.5	0.00203204	0.00110288	19847.1	1050	105	19150.8	59.1354	59.1354	236.542	236.542	0 22844.9 744.15 	23589.1	6.19122	6.5039	12399	666.612	0.0133221	0	1.02	1.02
88.6	0.00203205	0.00110291	19848	1050	105	19151.4	59.1581	59.1581	236.632	236.632	0 22844.3 743.539 	23587.9	6.19112	6.5039	12399	666.612	0.0133117	0	1.02	1.02
88.7	0.00203206	0.00110295	19848.9	1050	105	19152.1	59.1808	59.1808	236.723	236.723	0 22843.7 742.928 	23586.6	6.19103	6.5039	12399	666.612	0.0133014	0	1.02	1.02
88.8	0.00203207	0.00110299	19849.7	1050	105	19152.7	59.2035	59.2035	236.814	236.814	0 22843.1 742.318 	23585.4	6.19093	6.5039	12399	666.612	0.013291	0	1.02	1.02
88.9	0.00203208	0.00110302	19850.6	1050	105	19153.4	59.2262	59.2262	236.905	236.905	0 22842.4 741.709 	23584.2	6.19083	6.5039	12399	666.612	0.0132807	0	1.02	1.02
89	0.00203209	0.00110306	19851.5	1050	105	19154	59.249	59.249	236.996	236.996	0 22841.8 741.102 	23582.9	6.19073	6.5039	12399	666.612	0.0132704	0	1.02	1.02
89.1	0.0020321	0.00110309	19852.3	1050	105	19154.6	59.2717	59.2717	237.087	237.087	0 22841.2 740.495 	23581.7	6.19064	6.5039	12399	666.612	0.0132601	0	1.02	1.02
89.2	0.00203211	0.00110313	19853.2	1050	105	19155.3	59.2945	59.2945	237.178	237.178	0 22840.6 739.888 	23580.5	6.19054	6.5039	12399	666.612	0.0132498	0	1.02	1.02
89.3	0.00203212	0.00110317	19854.1	1050	105	19155.9	59.3173	59.3173	237.269	237.269	0 22839.9 739.283 	23579.2	6.19044	6.5039	12399	666.612	0.0132396	0	1.02	1.02
89.4	0.00203213	0.0011032	19854.9	1050	105	19156.5	59.3401	59.3401	237.36	237.36	0 22839.3 738.679 	23578	6.19035	6.5039	12399	666.612	0.0132293	0	1.02	1.02
89.5	0.00203214	0.00110324	19855.8	1050	105	19157.2	59.3629	59.3629	237.452	237.452	0 22838.7 738.075 	23576.8	6.19025	6.5039	12399	666.612	0.0132191	0	1.02	1.02
89.6	0.00203215	0.00110327	19856.7	1050	105	19157.8	59.3858	59.3858	237.543	237.543	0 22838.1 737.473 	23575.5	6.19015	6.5039	12399	666.612	0.0132089	0	1.02	1.02
89.7	0.00203216	0.00110331	19857.5	1050	105	19158.5	59.4086	59.4086	237.634	237.634	0 22837.4 736.871 	23574.3	6.19006	6.5039	12399	666.612	0.0131987	0	1.02	1.02
89.8	0.00203217	0.00110334	19858.4	1050	105	19159.1	59.4315	59.4315	237.726	237.726	0 22836.8 736.271 	23573.1	6.18996	6.5039	12399	666.612	0.0131885	0	1.02	1.02
89.9	0.00203218	0.00110338	19859.3	1050	105	19159.7	59.4544	59.4544	237.818	237.818	0 22836.2 735.671 	23571.9	6.18986	6.5039	12399	666.612	0.0131783	0	1.02	1.02
90	0.00203219	0.00110342	19860.1	1050	105	19160.4	59.4773	59.4773	237.909	237.909	0 22835.6 735.072 	23570.6	6.18977	6.5039	12399	666.612	0.0131682	0	1.02	1.02
90.1	0.00203221	0.00110345	19861	1050	105	19161	59.5002	59.5002	238.001	238.001	0 22834.9 734.474 	23569.4	6.18967	6.5039	12399	666.612	0.013158	0	1.02	1.02
90.2	0.00203222	0.00110349	19861.9	1050	105	19161.6	59.5231	59.5231	238.093	238.093	0 22834.3 733.877 	23568.2	6.18958	6.5039	12399	666.612	0.0131479	0	1.02	1.02
90.3	0.00203223	0.00110352	19862.7	1050	105	19162.3	59.5461	59.5461	238.184	238.184	0 22833.7 733.28 	23567	6.18948	6.5039	12399	666.612	0.0131378	0	1.02	1.02
90.4	0.00203224	0.00110356	19863.6	1050	105	19162.9	59.5691	59.5691	238.276	238.276	0 22833.1 732.685 	23565.8	6.18938	6.5039	12399	666.612	0.0131277	0	1.02	1.02
90.5	0.00203225	0.0011036	19864.5	1050	105	19163.5	59.592	59.592	238.368	238.368	0 22832.5 732.091 	23564.5	6.18929	6.5039	12399	666.612	0.0131176	0	1.02	1.02
90.6	0.00203226	0.00110363	19865.3	1050	105	19164.2	59.615	59.615	238.46	238.46	0 22831.8 731.497 	23563.3	6.18919	6.5039	12399	666.612	0.0131075	0	1.02	1.02
90.7	0.00203227	0.00110367	19866.2	1050	105	19164.8	59.6381	59.6381	238.552	238.552	0 22831.2 730.904 	23562.1	6.1891	6.5039	12399	666.612	0.0130975	0	1.02	1.02
90.8	0.00203228	0.0011037	19867	1050	105	19165.4	59.6611	59.6611	238.644	238.644	0 22830.6 730.313 	23560.9	6.189	6.5039	12399	666.612	0.0130875	0	1.02	1.02
90.9	0.00203229	0.00110374	19867.9	1050	105	19166.1	59.6841	59.6841	238.737	238.737	0 22830 729.722 	23559.7	6.18891	6.5039	12399	666.612	0.0130774	0	1.02	1.02
91	0.0020323	0.00110377	19868.8	1050	105	19166.7	59.7072	59.7072	238.829	238.829	0 22829.3 729.132 	23558.5	6.18881	6.5039	12399	666.612	0.0130674	0	1.02	1.02
91.1	0.00203231	0.00110381	19869.6	1050	105	19167.3	59.7303	59.7303	238.921	238.921	0 22828.7 728.543 	23557.3	6.18872	6.5039	12399	666.612	0.0130574	0	1.02	1.02
91.2	0.00203232	0.00110385	19870.5	1050	105	19167.9	59.7534	59.7534	239.014	239.014	0 22828.1 727.954 	23556.1	6.18862	6.5039	12399	666.612	0.0130475	0	1.02	1.02
91.3	0.00203233	0.00110388	19871.3	1050	105	19168.6	59.7765	59.7765	239.106	239.106	0 22827.5 727.367 	23554.8	6.18853	6.5039	12399	666.612	0.0130375	0	1.02	1.02
91.4	0.00203234	0.00110392	19872.2	1050	105	19169.2	59.7996	59.7996	239.198	239.198	0 22826.9 726.781 	23553.6	6.18843	6.5039	12399	666.612	0.0130275	0	1.02	1.02
91.5	0.00203235	0.00110395	19873.1	1050	105	19169.8	59.8228	59.8228	239.291	239.291	0 22826.2 726.195 	23552.4	6.18834	6.5039	12399	666.612	0.0130176	0	1.02	1.02
91.6	0.00203236	0.00110399	19873.9	1050	105	19170.5	59.8459	59.8459	239.384	239.384	0 22825.6 725.61 	23551.2	6.18824	6.5039	12399	666.612	0.0130077	0	1.02	1.02
91.7	0.00203237	0.00110402	19874.8	1050	105	19171.1	59.8691	59.8691	239.476	239.476	0 22825 725.027 	23550	6.18815	6.5039	12399	666.612	0.0129978	0	1.02	1.02
91.8	0.00203238	0.00110406	19875.6	1050	105	19171.7	59.8923	59.8923	239.569	239.569	0 22824.4 724.444 	23548.8	6.18805	6.5039	12399	666.612	0.0129879	0	1.02	1.02
91.9	0.00203239	0.0011041	19876.5	1050	105	19172.3	59.9155	59.9155	239.662	239.662	0 22823.8 723.862 	23547.6	6.18796	6.5039	12399	666.612	0.012978	0	1.02	1.02
92	0.0020324	0.00110413	19877.3	1050	105	19173	59.9387	59.9387	239.755	239.755	0 22823.1 723.28 	23546.4	6.18786	6.5039	12399	666.612	0.0129682	0	1.02	1.02
92.1	0.00203241	0.00110417	19878.2	1050	105	19173.6	59.962	59.962	239.848	239.848	0 22822.5 722.7 	23545.2	6.18777	6.5039	12399	666.612	0.0129583	0	1.02	1.02
92.2	0.00203242	0.0011042	19879.1	1050	105	19174.2	59.9852	59.9852	239.941	239.941	0 22821.9 722.121 	23544	6.18767	6.5039	12399	666.612	0.0129485	0	1.02	1.02
92.3	0.00203243	0.00110424	19879.9	1050	105	19174.8	60.0085	60.0085	240.034	240.034	0 22821.3 721.542 	23542.8	6.18758	6.5039	12399	666.612	0.0129387	0	1.02	1.02
92.4	0.00203244	0.00110427	19880.8	1050	105	19175.5	60.0318	60.0318	240.127	240.127	0 22820.7 720.965 	23541.6	6.18749	6.5039	12399	666.612	0.0129289	0	1.02	1.02
92.5	0.00203245	0.00110431	19881.6	1050	105	19176.1	60.0551	60.0551	240.22	240.22	0 22820 720.388 	23540.4	6.18739	6.5039	12399	666.612	0.0129191	0	1.02	1.02
92.6	0.00203247	0.00110434	19882.5	1050	105	19176.7	60.0784	60.0784	240.314	240.314	0 22819.4 719.812 	23539.2	6.1873	6.5039	12399	666.612	0.0129093	0	1.02	1.02
92.7	0.00203248	0.00110438	19883.3	1050	105	19177.3	60.1017	60.1017	240.407	240.407	0 22818.8 719.237 	23538	6.1872	6.5039	12399	666.612	0.0128996	0	1.02	1.02
92.8	0.00203249	0.00110442	19884.2	1050	105	19177.9	60.1251	60.1251	240.5	240.5	0 22818.2 718.663 	23536.9	6.18711	6.5039	12399	666.612	0.0128898	0	1.02	1.02
92.9	0.0020325	0.00110445	19885	1050	105	19178.6	60.1484	60.1484	240.594	240.594	0 22817.6 718.09 	23535.7	6.18702	6.5039	12399	666.612	0.0128801	0	1.02	1.02
93	0.00203251	0.00110449	19885.9	1050	105	19179.2	60.1718	60.1718	240.687	240.687	0 22817 717.517 	23534.5	6.18692	6.5039	12399	666.612	0.0128704	0	1.02	1.02
93.1	0.00203252	0.00110452	19886.8	1050	105	19179.8	60.1952	60.1952	240.781	240.781	0 22816.3 716.946 	23533.3	6.18683	6.5039	12399	666.612	0.0128607	0	1.02	1.02
93.2	0.00203253	0.00110456	19887.6	1050	105	19180.4	60.2186	60.2186	240.875	240.875	0 22815.7 716.375 	23532.1	6.18674	6.5039	12399	666.612	0.012851	0	1.02	1.02
93.3	0.00203254	0.00110459	19888.5	1050	105	19181	60.2421	60.2421	240.968	240.968	0 22815.1 715.805 	23530.9	6.18664	6.5039	12399	666.612	0.0128413	0	1.02	1.02
93.4	0.00203255	0.00110463	19889.3	1050	105	19181.7	60.2655	60.2655	241.062	241.062	0 22814.5 715.236 	23529.7	6.18655	6.5039	12399	666.612	0.0128317	0	1.02	1.02
93.5	0.00203256	0.00110466	19890.2	1050	105	19182.3	60.289	60.289	241.156	241.156	0 22813.9 714.668 	23528.5	6.18646	6.5039	12399	666.612	0.012822	0	1.02	1.02
93.6	0.00203257	0.0011047	19891	1050	105	19182.9	60.3124	60.3124	241.25	241.25	0 22813.3 714.101 	23527.4	6.18636	6.5039	12399	666.612	0.0128124	0	1.02	1.02
93.7	0.00203258	0.00110473	19891.9	1050	105	19183.5	60.3359	60.3359	241.344	241.344	0 22812.6 713.535 	23526.2	6.18627	6.5039	12399	666.612	0.0128028	0	1.02	1.02
93.8	0.00203259	0.00110477	19892.7	1050	105	19184.1	60.3595	60.3595	241.438	241.438	0 22812 712.97 	23525	6.18618	6.5039	12399	666.612	0.0127932	0	1.02	1.02
93.9	0.0020326	0.0011048	19893.6	1050	105	19184.7	60.383	60.383	241.532	241.532	0 22811.4 712.405 	23523.8	6.18608	6.5039	12399	666.612	0.0127836	0	1.02	1.02
94	0.00203261	0.00110484	19894.4	1050	105	19185.4	60.4065	60.4065	241.626	241.626	0 22810.8 711.841 	23522.6	6.18599	6.5039	12399	666.612	0.012774	0	1.02	1.02
94.1	0.00203262	0.00110488	19895.3	1050	105	19186	60.4301	60.4301	241.72	241.72	0 22810.2 711.279 	23521.4	6.1859	6.5039	12399	666.612	0.0127645	0	1.02	1.02
94.2	0.00203263	0.00110491	19896.1	1050	105	19186.6	60.4537	60.4537	241.815	241.815	0 22809.6 710.717 	23520.3	6.18581	6.5039	12399	666.612	0.0127549	0	1.02	1.02
94.3	0.00203264	0.00110495	19897	1050	105	19187.2	60.4772	60.4772	241.909	241.909	0 22808.9 710.156 	23519.1	6.18571	6.5039	12399	666.612	0.0127454	0	1.02	1.02
94.4	0.00203265	0.00110498	19897.8	1050	105	19187.8	60.5008	60.5008	242.003	242.003	0 22808.3 709.596 	23517.9	6.18562	6.5039	12399	666.612	0.0127359	0	1.02	1.02
94.5	0.00203266	0.00110502	19898.7	1050	105	19188.4	60.5245	60.5245	242.098	242.098	0 22807.7 709.036 	23516.7	6.18553	6.5039	12399	666.612	0.0127264	0	1.02	1.02
94.6	0.00203267	0.00110505	19899.5	1050	105	19189	60.5481	60.5481	242.192	242.192	0 22807.1 708.478 	23515.6	6.18544	6.5039	12399	666.612	0.0127169	0	1.02	1.02
94.7	0.00203268	0.00110509	19900.4	1050	105	19189.7	60.5718	60.5718	242.287	242.287	0 22806.5 707.92 	23514.4	6.18534	6.5039	12399	666.612	0.0127075	0	1.02	1.02
94.8	0.00203269	0.00110512	19901.2	1050	105	19190.3	60.5954	60.5954	242.382	242.382	0 22805.9 707.363 	23513.2	6.18525	6.5039	12399	666.612	0.012698	0	1.02	1.02
94.9	0.0020327	0.00110516	19902.1	1050	105	19190.9	60.6191	60.6191	242.476	242.476	0 22805.3 706.808 	23512.1	6.18516	6.5039	12399	666.612	0.0126886	0	1.02	1.02
95	0.00203271	0.00110519	19902.9	1050	105	19191.5	60.6428	60.6428	242.571	242.571	0 22804.6 706.252 	23510.9	6.18507	6.5039	12399	666.612	0.0126791	0	1.02	1.02
95.1	0.00203272	0.00110523	19903.8	1050	105	19192.1	60.6665	60.6665	242.666	242.666	0 22804 705.698 	23509.7	6.18498	6.5039	12399	666.612	0.0126697	0	1.02	1.02
95.2	0.00203273	0.00110526	19904.6	1050	105	19192.7	60.6903	60.6903	242.761	242.761	0 22803.4 705.145 	23508.6	6.18488	6.5039	12399	666.612	0.0126603	0	1.02	1.02
95.3	0.00203274	0.0011053	19905.5	1050	105	19193.3	60.714	60.714	242.856	242.856	0 22802.8 704.593 	23507.4	6.18479	6.5039	12399	666.612	0.012651	0	1.02	1.02
95.4	0.00203275	0.00110533	19906.3	1050	105	19193.9	60.7378	60.7378	242.951	242.951	0 22802.2 704.041 	23506.2	6.1847	6.5039	12399	666.612	0.0126416	0	1.02	1.02
95.5	0.00203276	0.00110537	19907.1	1050	105	19194.5	60.7616	60.7616	243.046	243.046	0 22801.6 703.49 	23505.1	6.18461	6.5039	12399	666.612	0.0126322	0	1.02	1.02
95.6	0.00203277	0.0011054	19908	1050	105	19195.1	60.7854	60.7854	243.142	243.142	0 22801 702.94 	23503.9	6.18452	6.5039	12399	666.612	0.0126229	0	1.02	1.02
95.7	0.00203278	0.00110544	19908.8	1050	105	19195.7	60.8092	60.8092	243.237	243.237	0 22800.3 702.391 	23502.7	6.18443	6.5039	12399	666.612	0.0126136	0	1.02	1.02
95.8	0.00203279	0.00110547	19909.7	1050	105	19196.4	60.833	60.833	243.332	243.332	0 22799.7 701.843 	23501.6	6.18433	6.5039	12399	666.612	0.0126043	0	1.02	1.02
95.9	0.0020328	0.00110551	19910.5	1050	105	19197	60.8569	60.8569	243.428	243.428	0 22799.1 701.296 	23500.4	6.18424	6.5039	12399	666.612	0.012595	0	1.02	1.02
96	0.00203281	0.00110554	19911.4	1050	105	19197.6	60.8807	60.8807	243.523	243.523	0 22798.5 700.75 	23499.3	6.18415	6.5039	12399	666.612	0.0125857	0	1.02	1.02
96.1	0.00203282	0.00110558	19912.2	1050	105	19198.2	60.9046	60.9046	243.618	243.618	0 22797.9 700.204 	23498.1	6.18406	6.5039	12399	666.612	0.0125764	0	1.02	1.02
96.2	0.00203283	0.00110561	19913.1	1050	105	19198.8	60.9285	60.9285	243.714	243.714	0 22797.3 699.659 	23496.9	6.18397	6.5039	12399	666.612	0.0125672	0	1.02	1.02
96.3	0.00203284	0.00110565	19913.9	1050	105	19199.4	60.9524	60.9524	243.81	243.81	0 22796.7 699.115 	23495.8	6.18388	6.5039	12399	666.612	0.0125579	0	1.02	1.02
96.4	0.00203285	0.00110568	19914.7	1050	105	19200	60.9764	60.9764	243.905	243.905	0 22796.1 698.572 	23494.6	6.18379	6.5039	12399	666.612	0.0125487	0	1.02	1.02
96.5	0.00203286	0.00110572	19915.6	1050	105	19200.6	61.0003	61.0003	244.001	244.001	0 22795.5 698.03 	23493.5	6.1837	6.5039	12399	666.612	0.0125395	0	1.02	1.02
96.6	0.00203287	0.00110575	19916.4	1050	105	19201.2	61.0243	61.0243	244.097	244.097	0 22794.8 697.489 	23492.3	6.18361	6.5039	12399	666.612	0.0125303	0	1.02	1.02
96.7	0.00203288	0.00110579	19917.3	1050	105	19201.8	61.0482	61.0482	244.193	244.193	0 22794.2 696.948 	23491.2	6.18352	6.5039	12399	666.612	0.0125211	0	1.02	1.02
96.8	0.00203289	0.00110582	19918.1	1050	105	19202.4	61.0722	61.0722	244.289	244.289	0 22793.6 696.409 	23490	6.18343	6.5039	12399	666.612	0.012512	0	1.02	1.02
96.9	0.0020329	0.00110586	19919	1050	105	19203	61.0963	61.0963	244.385	244.385	0 22793 695.87 	23488.9	6.18334	6.5039	12399	666.612	0.0125028	0	1.02	1.02
97	0.00203291	0.00110589	19919.8	1050	105	19203.6	61.1203	61.1203	244.481	244.481	0 22792.4 695.332 	23487.7	6.18325	6.5039	12399	666.612	0.0124937	0	1.02	1.02
97.1	0.00203292	0.00110593	19920.6	1050	105	19204.2	61.1443	61.1443	244.577	244.577	0 22791.8 694.795 	23486.6	6.18316	6.5039	12399	666.612	0.0124846	0	1.02	1.02
97.2	0.00203293	0.00110596	19921.5	1050	105	19204.8	61.1684	61.1684	244.674	244.674	0 22791.2 694.259 	23485.4	6.18307	6.5039	12399	666.612	0.0124754	0	1.02	1.02
97.3	0.00203294	0.001106	19922.3	1050	105	19205.4	61.1925	61.1925	244.77	244.77	0 22790.6 693.723 	23484.3	6.18298	6.5039	12399	666.612	0.0124664	0	1.02	1.02
97.4	0.00203295	0.00110603	19923.2	1050	105	19206	61.2165	61.2165	244.866	244.866	0 22790 693.189 	23483.2	6.18289	6.5039	12399	666.612	0.0124573	0	1.02	1.02
97.5	0.00203296	0.00110607	19924	1050	105	19206.6	61.2407	61.2407	244.963	244.963	0 22789.4 692.655 	23482	6.1828	6.5039	12399	666.612	0.0124482	0	1.02	1.02
97.6	0.00203297	0.0011061	19924.8	1050	105	19207.2	61.2648	61.2648	245.059	245.059	0 22788.8 692.122 	23480.9	6.18271	6.5039	12399	666.612	0.0124392	0	1.02	1.02
97.7	0.00203298	0.00110614	19925.7	1050	105	19207.8	61.2889	61.2889	245.156	245.156	0 22788.1 691.59 	23479.7	6.18262	6.5039	12399	666.612	0.0124301	0	1.02	1.02
97.8	0.00203299	0.00110617	19926.5	1050	105	19208.4	61.3131	61.3131	245.252	245.252	0 22787.5 691.059 	23478.6	6.18253	6.5039	12399	666.612	0.0124211	0	1.02	1.02
97.9	0.002033	0.00110621	19927.3	1050	105	19209	61.3372	61.3372	245.349	245.349	0 22786.9 690.529 	23477.5	6.18244	6.5039	12399	666.612	0.0124121	0	1.02	1.02
98	0.00203301	0.00110624	19928.2	1050	105	19209.6	61.3614	61.3614	245.446	245.446	0 22786.3 689.999 	23476.3	6.18235	6.5039	12399	666.612	0.0124031	0	1.02	1.02
98.1	0.00203302	0.00110628	19929	1050	105	19210.2	61.3856	61.3856	245.543	245.543	0 22785.7 689.471 	23475.2	6.18226	6.5039	12399	666.612	0.0123941	0	1.02	1.02
98.2	0.00203303	0.00110631	19929.9	1050	105	19210.8	61.4099	61.4099	245.639	245.639	0 22785.1 688.943 	23474	6.18217	6.5039	12399	666.612	0.0123851	0	1.02	1.02
98.3	0.00203304	0.00110635	19930.7	1050	105	19211.4	61.4341	61.4341	245.736	245.736	0 22784.5 688.416 	23472.9	6.18208	6.5039	12399	666.612	0.0123762	0	1.02	1.02
98.4	0.00203305	0.00110638	19931.5	1050	105	19211.9	61.4584	61.4584	245.833	245.833	0 22783.9 687.89 	23471.8	6.18199	6.5039	12399	666.612	0.0123672	0	1.02	1.02
98.5	0.00203306	0.00110642	19932.4	1050	105	19212.5	61.4826	61.4826	245.93	245.93	0 22783.3 687.365 	23470.6	6.1819	6.5039	12399	666.612	0.0123583	0	1.02	1.02
98.6	0.00203307	0.00110645	19933.2	1050	105	19213.1	61.5069	61.5069	246.028	246.028	0 22782.7 686.84 	23469.5	6.18181	6.5039	12399	666.612	0.0123494	0	1.02	1.02
98.7	0.00203308	0.00110649	19934	1050	105	19213.7	61.5312	61.5312	246.125	246.125	0 22782.1 686.317 	23468.4	6.18172	6.5039	12399	666.612	0.0123405	0	1.02	1.02
98.8	0.00203309	0.00110652	19934.9	1050	105	19214.3	61.5555	61.5555	246.222	246.222	0 22781.5 685.794 	23467.3	6.18163	6.5039	12399	666.612	0.0123316	0	1.02	1.02
98.9	0.0020331	0.00110656	19935.7	1050	105	19214.9	61.5799	61.5799	246.319	246.319	0 22780.9 685.272 	23466.1	6.18155	6.5039	12399	666.612	0.0123228	0	1.02	1.02
99	0.0020331	0.00110659	19936.5	1050	105	19215.5	61.6042	61.6042	246.417	246.417	0 22780.3 684.751 	23465	6.18146	6.5039	12399	666.612	0.0123139	0	1.02	1.02
99.1	0.00203311	0.00110663	19937.4	1050	105	19216.1	61.6286	61.6286	246.514	246.514	0 22779.6 684.231 	23463.9	6.18137	6.5039	12399	666.612	0.0123051	0	1.02	1.02
99.2	0.00203312	0.00110666	19938.2	1050	105	19216.7	61.653	61.653	246.612	246.612	0 22779 683.711 	23462.8	6.18128	6.5039	12399	666.612	0.0122962	0	1.02	1.02
99.3	0.00203313	0.0011067	19939	1050	105	19217.3	61.6774	61.6774	246.709	246.709	0 22778.4 683.193 	23461.6	6.18119	6.5039	12399	666.612	0.0122874	0	1.02	1.02
99.4	0.00203314	0.00110673	19939.9	1050	105	19217.9	61.7018	61.7018	246.807	246.807	0 22777.8 682.675 	23460.5	6.1811	6.5039	12399	666.612	0.0122786	0	1.02	1.02
99.5	0.00203315	0.00110676	19940.7	1050	105	19218.4	61.7262	61.7262	246.905	246.905	0 22777.2 682.158 	23459.4	6.18102	6.5039	12399	666.612	0.0122698	0	1.02	1.02
99.6	0.00203316	0.0011068	19941.5	1050	105	19219	61.7507	61.7507	247.003	247.003	0 22776.6 681.642 	23458.3	6.18093	6.5039	12399	666.612	0.0122611	0	1.02	1.02
99.7	0.00203317	0.00110683	19942.4	1050	105	19219.6	61.7751	61.7751	247.101	247.101	0 22776 681.126 	23457.1	6.18084	6.5039	12399	666.612	0.0122523	0	1.02	1.02
99.8	0.00203318	0.00110687	19943.2	1050	105	19220.2	61.7996	61.7996	247.198	247.198	0 22775.4 680.612 	23456	6.18075	6.5039	12399	666.612	0.0122436	0	1.02	1.02
99.9	0.00203319	0.0011069	19944	1050	105	19220.8	61.8241	61.8241	247.296	247.296	0 22774.8 680.098 	23454.9	6.18066	6.5039	12399	666.612	0.0122348	0	1.02	1.02
100	0.0020332	0.00110694	19944.9	1050	105	19221.4	61.8486	61.8486	247.395	247.395	0 22774.2 679.586 	23453.8	6.18058	6.5039	12399	666.612	0.0122261	0	1.02	1.02
100.1	0.00203321	0.00110697	19945.7	1050	105	19222	61.8732	61.8732	247.493	247.493	0 22773.6 679.074 	23452.7	6.18049	6.5039	12399	666.612	0.0122174	0	1.02	1.02
100.2	0.00203322	0.00110701	19946.5	1050	105	19222.5	61.8977	61.8977	247.591	247.591	0 22773 678.563 	23451.6	6.1804	6.5039	12399	666.612	0.0122087	0	1.02	1.02
100.3	0.00203323	0.00110704	19947.4	1050	105	19223.1	61.9223	61.9223	247.689	247.689	0 22772.4 678.052 	23450.4	6.18031	6.5039	12399	666.612	0.0122001	0	1.02	1.02
100.4	0.00203324	0.00110708	19948.2	1050	105	19223.7	61.9469	61.9469	247.787	247.787	0 22771.8 677.543 	23449.3	6.18022	6.5039	12399	666.612	0.0121914	0	1.02	1.02
100.5	0.00203325	0.00110711	19949	1050	105	19224.3	61.9715	61.9715	247.886	247.886	0 22771.2 677.034 	23448.2	6.18014	6.5039	12399	666.612	0.0121827	0	1.02	1.02
100.6	0.00203326	0.00110715	19949.8	1050	105	19224.9	61.9961	61.9961	247.984	247.984	0 22770.6 676.526 	23447.1	6.18005	6.5039	12399	666.612	0.0121741	0	1.02	1.02
100.7	0.00203327	0.00110718	19950.7	1050	105	19225.5	62.0207	62.0207	248.083	248.083	0 22770 676.019 	23446	6.17996	6.5039	12399	666.612	0.0121655	0	1.02	1.02
100.8	0.00203328	0.00110721	19951.5	1050	105	19226	62.0453	62.0453	248.181	248.181	0 22769.4 675.513 	23444.9	6.17988	6.5039	12399	666.612	0.0121569	0	1.02	1.02
100.9	0.00203329	0.00110725	19952.3	1050	105	19226.6	62.07	62.07	248.28	248.28	0 22768.8 675.008 	23443.8	6.17979	6.5039	12399	666.612	0.0121483	0	1.02	1.02
101	0.0020333	0.00110728	19953.2	1050	105	19227.2	62.0947	62.0947	248.379	248.379	0 22768.2 674.503 	23442.7	6.1797	6.5039	12399	666.612	0.0121397	0	1.02	1.02
101.1	0.00203331	0.00110732	19954	1050	105	19227.8	62.1194	62.1194	248.478	248.478	0 22767.6 674 	23441.6	6.17961	6.5039	12399	666.612	0.0121312	0	1.02	1.02
101.2	0.00203332	0.00110735	19954.8	1050	105	19228.4	62.1441	62.1441	248.576	248.576	0 22767 673.497 	23440.5	6.17953	6.5039	12399	666.612	0.0121226	0	1.02	1.02
101.3	0.00203333	0.00110739	19955.6	1050	105	19228.9	62.1688	62.1688	248.675	248.675	0 22766.4 672.995 	23439.4	6.17944	6.5039	12399	666.612	0.0121141	0	1.02	1.02
101.4	0.00203334	0.00110742	19956.5	1050	105	19229.5	62.1936	62.1936	248.774	248.774	0 22765.8 672.494 	23438.3	6.17935	6.5039	12399	666.612	0.0121056	0	1.02	1.02
101.5	0.00203335	0.00110746	19957.3	1050	105	19230.1	62.2183	62.2183	248.873	248.873	0 22765.2 671.993 	23437.2	6.17927	6.5039	12399	666.612	0.0120971	0	1.02	1.02
101.6	0.00203335	0.00110749	19958.1	1050	105	19230.7	62.2431	62.2431	248.972	248.972	0 22764.6 671.494 	23436.1	6.17918	6.5039	12399	666.612	0.0120886	0	1.02	1.02
101.7	0.00203336	0.00110752	19958.9	1050	105	19231.3	62.2679	62.2679	249.072	249.072	0 22764 670.995 	23435	6.17909	6.5039	12399	666.612	0.0120801	0	1.02	1.02
101.8	0.00203337	0.00110756	19959.8	1050	105	19231.8	62.2927	62.2927	249.171	249.171	0 22763.4 670.497 	23433.9	6.17901	6.5039	12399	666.612	0.0120716	0	1.02	1.02
101.9	0.00203338	0.00110759	19960.6	1050	105	19232.4	62.3175	62.3175	249.27	249.27	0 22762.8 670 	23432.8	6.17892	6.5039	12399	666.612	0.0120632	0	1.02	1.02
102	0.00203339	0.00110763	19961.4	1050	105	19233	62.3424	62.3424	249.37	249.37	0 22762.2 669.503 	23431.7	6.17884	6.5039	12399	666.612	0.0120547	0	1.02	1.02
102.1	0.0020334	0.00110766	19962.2	1050	105	19233.6	62.3672	62.3672	249.469	249.469	0 22761.6 669.008 	23430.6	6.17875	6.5039	12399	666.612	0.0120463	0	1.02	1.02
102.2	0.00203341	0.0011077	19963.1	1050	105	19234.1	62.3921	62.3921	249.568	249.568	0 22761 668.513 	23429.5	6.17866	6.5039	12399	666.612	0.0120379	0	1.02	1.02
102.3	0.00203342	0.00110773	19963.9	1050	105	19234.7	62.417	62.417	249.668	249.668	0 22760.4 668.019 	23428.4	6.17858	6.5039	12399	666.612	0.0120295	0	1.02	1.02
102.4	0.00203343	0.00110776	19964.7	1050	105	19235.3	62.4419	62.4419	249.768	249.768	0 22759.8 667.526 	23427.3	6.17849	6.5039	12399	666.612	0.0120211	0	1.02	1.02
102.5	0.00203344	0.0011078	19965.5	1050	105	19235.9	62.4668	62.4668	249.867	249.867	0 22759.2 667.034 	23426.2	6.17841	6.5039	12399	666.612	0.0120127	0	1.02	1.02
102.6	0.00203345	0.00110783	19966.3	1050	105	19236.4	62.4918	62.4918	249.967	249.967	0 22758.6 666.542 	23425.1	6.17832	6.5039	12399	666.612	0.0120044	0	1.02	1.02
102.7	0.00203346	0.00110787	19967.2	1050	105	19237	62.5167	62.5167	250.067	250.067	0 22758 666.052 	23424	6.17823	6.5039	12399	666.612	0.011996	0	1.02	1.02
102.8	0.00203347	0.0011079	19968	1050	105	19237.6	62.5417	62.5417	250.167	250.167	0 22757.4 665.562 	23422.9	6.17815	6.5039	12399	666.612	0.0119877	0	1.02	1.02
102.9	0.00203348	0.00110794	19968.8	1050	105	19238.1	62.5667	62.5667	250.267	250.267	0 22756.8 665.073 	23421.9	6.17806	6.5039	12399	666.612	0.0119794	0	1.02	1.02
103	0.00203349	0.00110797	19969.6	1050	105	19238.7	62.5917	62.5917	250.367	250.367	0 22756.2 664.585 	23420.8	6.17798	6.5039	12399	666.612	0.0119711	0	1.02	1.02
103.1	0.0020335	0.001108	19970.5	1050	105	19239.3	62.6168	62.6168	250.467	250.467	0 22755.6 664.097 	23419.7	6.17789	6.5039	12399	666.612	0.0119628	0	1.02	1.02
103.2	0.00203351	0.00110804	19971.3	1050	105	19239.9	62.6418	62.6418	250.567	250.567	0 22755 663.611 	23418.6	6.17781	6.5039	12399	666.612	0.0119545	0	1.02	1.02
103.3	0.00203351	0.00110807	19972.1	1050	105	19240.4	62.6669	62.6669	250.667	250.667	0 22754.4 663.125 	23417.5	6.17772	6.5039	12399	666.612	0.0119463	0	1.02	1.02
103.4	0.00203352	0.00110811	19972.9	1050	105	19241	62.6919	62.6919	250.768	250.768	0 22753.8 662.64 	23416.4	6.17764	6.5039	12399	666.612	0.011938	0	1.02	1.02
103.5	0.00203353	0.00110814	19973.7	1050	105	19241.6	62.717	62.717	250.868	250.868	0 22753.2 662.156 	23415.4	6.17755	6.5039	12399	666.612	0.0119298	0	1.02	1.02
103.6	0.00203354	0.00110817	19974.5	1050	105	19242.1	62.7421	62.7421	250.969	250.969	0 22752.6 661.673 	23414.3	6.17747	6.5039	12399	666.612	0.0119216	0	1.02	1.02
103.7	0.00203355	0.00110821	19975.4	1050	105	19242.7	62.7673	62.7673	251.069	251.069	0 22752 661.19 	23413.2	6.17738	6.5039	12399	666.612	0.0119134	0	1.02	1.02
103.8	0.00203356	0.00110824	19976.2	1050	105	19243.3	62.7924	62.7924	251.17	251.17	0 22751.4 660.708 	23412.1	6.1773	6.5039	12399	666.612	0.0119052	0	1.02	1.02
103.9	0.00203357	0.00110828	19977	1050	105	19243.8	62.8176	62.8176	251.27	251.27	0 22750.8 660.227 	23411	6.17721	6.5039	12399	666.612	0.011897	0	1.02	1.02
104	0.00203358	0.00110831	19977.8	1050	105	19244.4	62.8427	62.8427	251.371	251.371	0 22750.2 659.747 	23410	6.17713	6.5039	12399	666.612	0.0118888	0	1.02	1.02
104.1	0.00203359	0.00110835	19978.6	1050	105	19245	62.8679	62.8679	251.472	251.472	0 22749.6 659.268 	23408.9	6.17704	6.5039	12399	666.612	0.0118807	0	1.02	1.02
104.2	0.0020336	0.00110838	19979.5	1050	105	19245.5	62.8931	62.8931	251.573	251.573	0 22749 658.79 	23407.8	6.17696	6.5039	12399	666.612	0.0118725	0	1.02	1.02
104.3	0.00203361	0.00110841	19980.3	1050	105	19246.1	62.9184	62.9184	251.673	251.673	0 22748.4 658.312 	23406.7	6.17688	6.5039	12399	666.612	0.0118644	0	1.02	1.02
104.4	0.00203362	0.00110845	19981.1	1050	105	19246.6	62.9436	62.9436	251.774	251.774	0 22747.8 657.835 	23405.7	6.17679	6.5039	12399	666.612	0.0118563	0	1.02	1.02
104.5	0.00203363	0.00110848	19981.9	1050	105	19247.2	62.9689	62.9689	251.875	251.875	0 22747.2 657.359 	23404.6	6.17671	6.5039	12399	666.612	0.0118482	0	1.02	1.02
104.6	0.00203364	0.00110852	19982.7	1050	105	19247.8	62.9941	62.9941	251.977	251.977	0 22746.7 656.883 	23403.5	6.17662	6.5039	12399	666.612	0.0118401	0	1.02	1.02
104.7	0.00203364	0.00110855	19983.5	1050	105	19248.3	63.0194	63.0194	252.078	252.078	0 22746.1 656.409 	23402.5	6.17654	6.5039	12399	666.612	0.0118321	0	1.02	1.02
104.8	0.00203365	0.00110858	19984.3	1050	105	19248.9	63.0447	63.0447	252.179	252.179	0 22745.5 655.935 	23401.4	6.17645	6.5039	12399	666.612	0.011824	0	1.02	1.02
104.9	0.00203366	0.00110862	19985.2	1050	105	19249.5	63.07	63.07	252.28	252.28	0 22744.9 655.462 	23400.3	6.17637	6.5039	12399	666.612	0.011816	0	1.02	1.02
105	0.00203367	0.00110865	19986	1050	105	19250	63.0954	63.0954	252.382	252.382	0 22744.3 654.99 	23399.3	6.17629	6.5039	12399	666.612	0.0118079	0	1.02	1.02
105.1	0.00203368	0.00110869	19986.8	1050	105	19250.6	63.1207	63.1207	252.483	252.483	0 22743.7 654.519 	23398.2	6.1762	6.5039	12399	666.612	0.0117999	0	1.02	1.02
105.2	0.00203369	0.00110872	19987.6	1050	105	19251.1	63.1461	63.1461	252.584	252.584	0 22743.1 654.048 	23397.1	6.17612	6.5039	12399	666.612	0.0117919	0	1.02	1.02
105.3	0.0020337	0.00110875	19988.4	1050	105	19251.7	63.1715	63.1715	252.686	252.686	0 22742.5 653.579 	23396.1	6.17604	6.5039	12399	666.612	0.0117839	0	1.02	1.02
105.4	0.00203371	0.00110879	19989.2	1050	105	19252.3	63.1969	63.1969	252.788	252.788	0 22741.9 653.11 	23395	6.17595	6.5039	12399	666.612	0.0117759	0	1.02	1.02
105.5	0.00203372	0.00110882	19990	1050	105	19252.8	63.2223	63.2223	252.889	252.889	0 22741.3 652.642 	23394	6.17587	6.5039	12399	666.612	0.011768	0	1.02	1.02
105.6	0.00203373	0.00110885	19990.9	1050	105	19253.4	63.2478	63.2478	252.991	252.991	0 22740.7 652.174 	23392.9	6.17579	6.5039	12399	666.612	0.01176	0	1.02	1.02
105.7	0.00203374	0.00110889	19991.7	1050	105	19253.9	63.2732	63.2732	253.093	253.093	0 22740.1 651.708 	23391.8	6.1757	6.5039	12399	666.612	0.0117521	0	1.02	1.02
105.8	0.00203375	0.00110892	19992.5	1050	105	19254.5	63.2987	63.2987	253.195	253.195	0 22739.5 651.242 	23390.8	6.17562	6.5039	12399	666.612	0.0117442	0	1.02	1.02
105.9	0.00203375	0.00110896	19993.3	1050	105	19255	63.3242	63.3242	253.297	253.297	0 22738.9 650.777 	23389.7	6.17554	6.5039	12399	666.612	0.0117363	0	1.02	1.02
106	0.00203376	0.00110899	19994.1	1050	105	19255.6	63.3497	63.3497	253.399	253.399	0 22738.4 650.313 	23388.7	6.17545	6.5039	12399	666.612	0.0117284	0	1.02	1.02
106.1	0.00203377	0.00110902	19994.9	1050	105	19256.2	63.3752	63.3752	253.501	253.501	0 22737.8 649.849 	23387.6	6.17537	6.5039	12399	666.612	0.0117205	0	1.02	1.02
106.2	0.00203378	0.00110906	19995.7	1050	105	19256.7	63.4008	63.4008	253.603	253.603	0 22737.2 649.387 	23386.6	6.17529	6.5039	12399	666.612	0.0117126	0	1.02	1.02
106.3	0.00203379	0.00110909	19996.5	1050	105	19257.3	63.4263	63.4263	253.705	253.705	0 22736.6 648.925 	23385.5	6.1752	6.5039	12399	666.612	0.0117048	0	1.02	1.02
106.4	0.0020338	0.00110913	19997.3	1050	105	19257.8	63.4519	63.4519	253.808	253.808	0 22736 648.464 	23384.5	6.17512	6.5039	12399	666.612	0.0116969	0	1.02	1.02
106.5	0.00203381	0.00110916	19998.1	1050	105	19258.4	63.4775	63.4775	253.91	253.91	0 22735.4 648.004 	23383.4	6.17504	6.5039	12399	666.612	0.0116891	0	1.02	1.02
106.6	0.00203382	0.00110919	19999	1050	105	19258.9	63.5031	63.5031	254.012	254.012	0 22734.8 647.544 	23382.3	6.17496	6.5039	12399	666.612	0.0116813	0	1.02	1.02
106.7	0.00203383	0.00110923	19999.8	1050	105	19259.5	63.5287	63.5287	254.115	254.115	0 22734.2 647.086 	23381.3	6.17487	6.5039	12399	666.612	0.0116735	0	1.02	1.02
106.8	0.00203384	0.00110926	20000.6	1050	105	19260	63.5544	63.5544	254.218	254.218	0 22733.6 646.628 	23380.3	6.17479	6.5039	12399	666.612	0.0116657	0	1.02	1.02
106.9	0.00203385	0.00110929	20001.4	1050	105	19260.6	63.58	63.58	254.32	254.32	0 22733 646.171 	23379.2	6.17471	6.5039	12399	666.612	0.0116579	0	1.02	1.02
107	0.00203385	0.00110933	20002.2	1050	105	19261.1	63.6057	63.6057	254.423	254.423	0 22732.4 645.715 	23378.2	6.17463	6.5039	12399	666.612	0.0116501	0	1.02	1.02
107.1	0.00203386	0.00110936	20003	1050	105	19261.7	63.6314	63.6314	254.526	254.526	0 22731.9 645.259 	23377.1	6.17455	6.5039	12399	666.612	0.0116424	0	1.02	1.02
107.2	0.00203387	0.00110939	20003.8	1050	105	19262.2	63.6571	63.6571	254.628	254.628	0 22731.3 644.804 	23376.1	6.17446	6.5039	12399	666.612	0.0116347	0	1.02	1.02
107.3	0.00203388	0.00110943	20004.6	1050	105	19262.8	63.6828	63.6828	254.731	254.731	0 22730.7 644.351 	23375	6.17438	6.5039	12399	666.612	0.0116269	0	1.02	1.02
107.4	0.00203389	0.00110946	20005.4	1050	105	19263.3	63.7086	63.7086	254.834	254.834	0 22730.1 643.897 	23374	6.1743	6.5039	12399	666.612	0.0116192	0	1.02	1.02
107.5	0.0020339	0.0011095	20006.2	1050	105	19263.9	63.7344	63.7344	254.937	254.937	0 22729.5 643.445 	23372.9	6.17422	6.5039	12399	666.612	0.0116115	0	1.02	1.02
107.6	0.00203391	0.00110953	20007	1050	105	19264.4	63.7601	63.7601	255.041	255.041	0 22728.9 642.994 	23371.9	6.17414	6.5039	12399	666.612	0.0116039	0	1.02	1.02
107.7	0.00203392	0.00110956	20007.8	1050	105	19265	63.7859	63.7859	255.144	255.144	0 22728.3 642.543 	23370.9	6.17405	6.5039	12399	666.612	0.0115962	0	1.02	1.02
107.8	0.00203393	0.0011096	20008.6	1050	105	19265.5	63.8117	63.8117	255.247	255.247	0 22727.7 642.093 	23369.8	6.17397	6.5039	12399	666.612	0.0115885	0	1.02	1.02
107.9	0.00203394	0.00110963	20009.4	1050	105	19266.1	63.8376	63.8376	255.35	255.35	0 22727.1 641.644 	23368.8	6.17389	6.5039	12399	666.612	0.0115809	0	1.02	1.02
108	0.00203394	0.00110966	20010.2	1050	105	19266.6	63.8634	63.8634	255.454	255.454	0 22726.6 641.195 	23367.8	6.17381	6.5039	12399	666.612	0.0115733	0	1.02	1.02
108.1	0.00203395	0.0011097	20011	1050	105	19267.2	63.8893	63.8893	255.557	255.557	0 22726 640.747 	23366.7	6.17373	6.5039	12399	666.612	0.0115656	0	1.02	1.02
108.2	0.00203396	0.00110973	20011.8	1050	105	19267.7	63.9151	63.9151	255.661	255.661	0 22725.4 640.301 	23365.7	6.17365	6.5039	12399	666.612	0.011558	0	1.02	1.02
108.3	0.00203397	0.00110976	20012.7	1050	105	19268.2	63.941	63.941	255.764	255.764	0 22724.8 639.854 	23364.7	6.17357	6.5039	12399	666.612	0.0115505	0	1.02	1.02
108.4	0.00203398	0.0011098	20013.5	1050	105	19268.8	63.9669	63.9669	255.868	255.868	0 22724.2 639.409 	23363.6	6.17348	6.5039	12399	666.612	0.0115429	0	1.02	1.02
108.5	0.00203399	0.00110983	20014.3	1050	105	19269.3	63.9929	63.9929	255.971	255.971	0 22723.6 638.965 	23362.6	6.1734	6.5039	12399	666.612	0.0115353	0	1.02	1.02
108.6	0.002034	0.00110986	20015.1	1050	105	19269.9	64.0188	64.0188	256.075	256.075	0 22723 638.521 	23361.6	6.17332	6.5039	12399	666.612	0.0115278	0	1.02	1.02
108.7	0.00203401	0.0011099	20015.9	1050	105	19270.4	64.0448	64.0448	256.179	256.179	0 22722.5 638.078 	23360.5	6.17324	6.5039	12399	666.612	0.0115202	0	1.02	1.02
108.8	0.00203402	0.00110993	20016.7	1050	105	19271	64.0708	64.0708	256.283	256.283	0 22721.9 637.636 	23359.5	6.17316	6.5039	12399	666.612	0.0115127	0	1.02	1.02
108.9	0.00203402	0.00110997	20017.5	1050	105	19271.5	64.0968	64.0968	256.387	256.387	0 22721.3 637.194 	23358.5	6.17308	6.5039	12399	666.612	0.0115052	0	1.02	1.02
109	0.00203403	0.00111	20018.3	1050	105	19272	64.1228	64.1228	256.491	256.491	0 22720.7 636.753 	23357.5	6.173	6.5039	12399	666.612	0.0114977	0	1.02	1.02
109.1	0.00203404	0.00111003	20019.1	1050	105	19272.6	64.1488	64.1488	256.595	256.595	0 22720.1 636.314 	23356.4	6.17292	6.5039	12399	666.612	0.0114902	0	1.02	1.02
109.2	0.00203405	0.00111007	20019.9	1050	105	19273.1	64.1748	64.1748	256.699	256.699	0 22719.5 635.874 	23355.4	6.17284	6.5039	12399	666.612	0.0114827	0	1.02	1.02
109.3	0.00203406	0.0011101	20020.7	1050	105	19273.7	64.2009	64.2009	256.804	256.804	0 22718.9 635.436 	23354.4	6.17276	6.5039	12399	666.612	0.0114753	0	1.02	1.02
109.4	0.00203407	0.00111013	20021.5	1050	105	19274.2	64.227	64.227	256.908	256.908	0 22718.4 634.999 	23353.4	6.17268	6.5039	12399	666.612	0.0114678	0	1.02	1.02
109.5	0.00203408	0.00111017	20022.3	1050	105	19274.7	64.2531	64.2531	257.012	257.012	0 22717.8 634.562 	23352.3	6.1726	6.5039	12399	666.612	0.0114604	0	1.02	1.02
109.6	0.00203409	0.0011102	20023.1	1050	105	19275.3	64.2792	64.2792	257.117	257.117	0 22717.2 634.126 	23351.3	6.17252	6.5039	12399	666.612	0.011453	0	1.02	1.02
109.7	0.00203409	0.00111023	20023.9	1050	105	19275.8	64.3053	64.3053	257.221	257.221	0 22716.6 633.69 	23350.3	6.17244	6.5039	12399	666.612	0.0114456	0	1.02	1.02
109.8	0.0020341	0.00111027	20024.7	1050	105	19276.3	64.3315	64.3315	257.326	257.326	0 22716 633.256 	23349.3	6.17236	6.5039	12399	666.612	0.0114382	0	1.02	1.02
109.9	0.00203411	0.0011103	20025.5	1050	105	19276.9	64.3576	64.3576	257.431	257.431	0 22715.4 632.822 	23348.3	6.17228	6.5039	12399	666.612	0.0114308	0	1.02	1.02
110	0.00203412	0.00111033	20026.3	1050	105	19277.4	64.3838	64.3838	257.535	257.535	0 22714.9 632.389 	23347.2	6.1722	6.5039	12399	666.612	0.0114235	0	1.02	1.02
110.1	0.00203413	0.00111037	20027.1	1050	105	19278	64.41	64.41	257.64	257.64	0 22714.3 631.957 	23346.2	6.17212	6.5039	12399	666.612	0.0114161	0	1.02	1.02
110.2	0.00203414	0.0011104	20027.8	1050	105	19278.5	64.4362	64.4362	257.745	257.745	0 22713.7 631.526 	23345.2	6.17204	6.5039	12399	666.612	0.0114088	0	1.02	1.02
110.3	0.00203415	0.00111043	20028.6	1050	105	19279	64.4625	64.4625	257.85	257.85	0 22713.1 631.095 	23344.2	6.17196	6.5039	12399	666.612	0.0114014	0	1.02	1.02
110.4	0.00203416	0.00111047	20029.4	1050	105	19279.6	64.4887	64.4887	257.955	257.955	0 22712.5 630.665 	23343.2	6.17188	6.5039	12399	666.612	0.0113941	0	1.02	1.02
110.5	0.00203417	0.0011105	20030.2	1050	105	19280.1	64.515	64.515	258.06	258.06	0 22711.9 630.236 	23342.2	6.1718	6.5039	12399	666.612	0.0113868	0	1.02	1.02
110.6	0.00203417	0.00111053	20031	1050	105	19280.6	64.5413	64.5413	258.165	258.165	0 22711.4 629.808 	23341.2	6.17172	6.5039	12399	666.612	0.0113795	0	1.02	1.02
110.7	0.00203418	0.00111056	20031.8	1050	105	19281.2	64.5676	64.5676	258.27	258.27	0 22710.8 629.38 	23340.2	6.17164	6.5039	12399	666.612	0.0113723	0	1.02	1.02
110.8	0.00203419	0.0011106	20032.6	1050	105	19281.7	64.5939	64.5939	258.376	258.376	0 22710.2 628.953 	23339.1	6.17156	6.5039	12399	666.612	0.011365	0	1.02	1.02
110.9	0.0020342	0.00111063	20033.4	1050	105	19282.2	64.6202	64.6202	258.481	258.481	0 22709.6 628.527 	23338.1	6.17148	6.5039	12399	666.612	0.0113578	0	1.02	1.02
111	0.00203421	0.00111066	20034.2	1050	105	19282.7	64.6466	64.6466	258.586	258.586	0 22709 628.102 	23337.1	6.1714	6.5039	12399	666.612	0.0113505	0	1.02	1.02
111.1	0.00203422	0.0011107	20035	1050	105	19283.3	64.6729	64.6729	258.692	258.692	0 22708.5 627.678 	23336.1	6.17132	6.5039	12399	666.612	0.0113433	0	1.02	1.02
111.2	0.00203423	0.00111073	20035.8	1050	105	19283.8	64.6993	64.6993	258.797	258.797	0 22707.9 627.254 	23335.1	6.17124	6.5039	12399	666.612	0.0113361	0	1.02	1.02
111.3	0.00203423	0.00111076	20036.6	1050	105	19284.3	64.7257	64.7257	258.903	258.903	0 22707.3 626.831 	23334.1	6.17116	6.5039	12399	666.612	0.0113289	0	1.02	1.02
111.4	0.00203424	0.0011108	20037.4	1050	105	19284.9	64.7521	64.7521	259.009	259.009	0 22706.7 626.409 	23333.1	6.17109	6.5039	12399	666.612	0.0113217	0	1.02	1.02
111.5	0.00203425	0.00111083	20038.2	1050	105	19285.4	64.7786	64.7786	259.114	259.114	0 22706.1 625.987 	23332.1	6.17101	6.5039	12399	666.612	0.0113145	0	1.02	1.02
111.6	0.00203426	0.00111086	20039	1050	105	19285.9	64.805	64.805	259.22	259.22	0 22705.6 625.566 	23331.1	6.17093	6.5039	12399	666.612	0.0113074	0	1.02	1.02
111.7	0.00203427	0.0011109	20039.8	1050	105	19286.4	64.8315	64.8315	259.326	259.326	0 22705 625.146 	23330.1	6.17085	6.5039	12399	666.612	0.0113002	0	1.02	1.02
111.8	0.00203428	0.00111093	20040.6	1050	105	19287	64.858	64.858	259.432	259.432	0 22704.4 624.727 	23329.1	6.17077	6.5039	12399	666.612	0.0112931	0	1.02	1.02
111.9	0.00203429	0.00111096	20041.3	1050	105	19287.5	64.8845	64.8845	259.538	259.538	0 22703.8 624.309 	23328.1	6.17069	6.5039	12399	666.612	0.011286	0	1.02	1.02
112	0.0020343	0.001111	20042.1	1050	105	19288	64.911	64.911	259.644	259.644	0 22703.2 623.891 	23327.1	6.17061	6.5039	12399	666.612	0.0112789	0	1.02	1.02
112.1	0.0020343	0.00111103	20042.9	1050	105	19288.5	64.9376	64.9376	259.75	259.75	0 22702.7 623.474 	23326.1	6.17054	6.5039	12399	666.612	0.0112718	0	1.02	1.02
112.2	0.00203431	0.00111106	20043.7	1050	105	19289.1	64.9641	64.9641	259.856	259.856	0 22702.1 623.058 	23325.1	6.17046	6.5039	12399	666.612	0.0112647	0	1.02	1.02
112.3	0.00203432	0.00111109	20044.5	1050	105	19289.6	64.9907	64.9907	259.963	259.963	0 22701.5 622.643 	23324.1	6.17038	6.5039	12399	666.612	0.0112576	0	1.02	1.02
112.4	0.00203433	0.00111113	20045.3	1050	105	19290.1	65.0173	65.0173	260.069	260.069	0 22700.9 622.228 	23323.1	6.1703	6.5039	12399	666.612	0.0112506	0	1.02	1.02
112.5	0.00203434	0.00111116	20046.1	1050	105	19290.6	65.0439	65.0439	260.176	260.176	0 22700.3 621.814 	23322.2	6.17022	6.5039	12399	666.612	0.0112435	0	1.02	1.02
112.6	0.00203435	0.00111119	20046.9	1050	105	19291.2	65.0705	65.0705	260.282	260.282	0 22699.8 621.401 	23321.2	6.17015	6.5039	12399	666.612	0.0112365	0	1.02	1.02
112.7	0.00203436	0.00111123	20047.7	1050	105	19291.7	65.0972	65.0972	260.389	260.389	0 22699.2 620.988 	23320.2	6.17007	6.5039	12399	666.612	0.0112295	0	1.02	1.02
112.8	0.00203436	0.00111126	20048.4	1050	105	19292.2	65.1238	65.1238	260.495	260.495	0 22698.6 620.577 	23319.2	6.16999	6.5039	12399	666.612	0.0112225	0	1.02	1.02
112.9	0.00203437	0.00111129	20049.2	1050	105	19292.7	65.1505	65.1505	260.602	260.602	0 22698 620.166 	23318.2	6.16991	6.5039	12399	666.612	0.0112155	0	1.02	1.02
113	0.00203438	0.00111133	20050	1050	105	19293.2	65.1772	65.1772	260.709	260.709	0 22697.5 619.756 	23317.2	6.16984	6.5039	12399	666.612	0.0112085	0	1.02	1.02
113.1	0.00203439	0.00111136	20050.8	1050	105	19293.8	65.2039	65.2039	260.816	260.816	0 22696.9 619.346 	23316.2	6.16976	6.5039	12399	666.612	0.0112016	0	1.02	1.02
113.2	0.0020344	0.00111139	20051.6	1050	105	19294.3	65.2306	65.2306	260.922	260.922	0 22696.3 618.938 	23315.2	6.16968	6.5039	12399	666.612	0.0111946	0	1.02	1.02
113.3	0.00203441	0.00111142	20052.4	1050	105	19294.8	65.2574	65.2574	261.029	261.029	0 22695.7 618.53 	23314.3	6.1696	6.5039	12399	666.612	0.0111877	0	1.02	1.02
113.4	0.00203441	0.00111146	20053.2	1050	105	19295.3	65.2841	65.2841	261.136	261.136	0 22695.1 618.123 	23313.3	6.16953	6.5039	12399	666.612	0.0111808	0	1.02	1.02
113.5	0.00203442	0.00111149	20054	1050	105	19295.8	65.3109	65.3109	261.244	261.244	0 22694.6 617.716 	23312.3	6.16945	6.5039	12399	666.612	0.0111738	0	1.02	1.02
113.6	0.00203443	0.00111152	20054.7	1050	105	19296.4	65.3377	65.3377	261.351	261.351	0 22694 617.311 	23311.3	6.16937	6.5039	12399	666.612	0.0111669	0	1.02	1.02
113.7	0.00203444	0.00111156	20055.5	1050	105	19296.9	65.3645	65.3645	261.458	261.458	0 22693.4 616.906 	23310.3	6.16929	6.5039	12399	666.612	0.0111601	0	1.02	1.02
113.8	0.00203445	0.00111159	20056.3	1050	105	19297.4	65.3913	65.3913	261.565	261.565	0 22692.8 616.502 	23309.3	6.16922	6.5039	12399	666.612	0.0111532	0	1.02	1.02
113.9	0.00203446	0.00111162	20057.1	1050	105	19297.9	65.4182	65.4182	261.673	261.673	0 22692.3 616.098 	23308.4	6.16914	6.5039	12399	666.612	0.0111463	0	1.02	1.02
114	0.00203447	0.00111165	20057.9	1050	105	19298.4	65.4451	65.4451	261.78	261.78	0 22691.7 615.696 	23307.4	6.16906	6.5039	12399	666.612	0.0111395	0	1.02	1.02
114.1	0.00203447	0.00111169	20058.7	1050	105	19298.9	65.4719	65.4719	261.888	261.888	0 22691.1 615.294 	23306.4	6.16899	6.5039	12399	666.612	0.0111326	0	1.02	1.02
114.2	0.00203448	0.00111172	20059.4	1050	105	19299.5	65.4988	65.4988	261.995	261.995	0 22690.5 614.893 	23305.4	6.16891	6.5039	12399	666.612	0.0111258	0	1.02	1.02
114.3	0.00203449	0.00111175	20060.2	1050	105	19300	65.5258	65.5258	262.103	262.103	0 22690 614.492 	23304.5	6.16883	6.5039	12399	666.612	0.011119	0	1.02	1.02
114.4	0.0020345	0.00111178	20061	1050	105	19300.5	65.5527	65.5527	262.211	262.211	0 22689.4 614.093 	23303.5	6.16876	6.5039	12399	666.612	0.0111122	0	1.02	1.02
114.5	0.00203451	0.00111182	20061.8	1050	105	19301	65.5796	65.5796	262.319	262.319	0 22688.8 613.694 	23302.5	6.16868	6.5039	12399	666.612	0.0111054	0	1.02	1.02
114.6	0.00203452	0.00111185	20062.6	1050	105	19301.5	65.6066	65.6066	262.426	262.426	0 22688.2 613.296 	23301.5	6.1686	6.5039	12399	666.612	0.0110986	0	1.02	1.02
114.7	0.00203452	0.00111188	20063.4	1050	105	19302	65.6336	65.6336	262.534	262.534	0 22687.7 612.898 	23300.6	6.16853	6.5039	12399	666.612	0.0110919	0	1.02	1.02
114.8	0.00203453	0.00111192	20064.1	1050	105	19302.5	65.6606	65.6606	262.642	262.642	0 22687.1 612.501 	23299.6	6.16845	6.5039	12399	666.612	0.0110851	0	1.02	1.02
114.9	0.00203454	0.00111195	20064.9	1050	105	19303	65.6876	65.6876	262.75	262.75	0 22686.5 612.106 	23298.6	6.16837	6.5039	12399	666.612	0.0110784	0	1.02	1.02
115	0.00203455	0.00111198	20065.7	1050	105	19303.6	65.7146	65.7146	262.859	262.859	0 22685.9 611.71 	23297.7	6.1683	6.5039	12399	666.612	0.0110717	0	1.02	1.02
115.1	0.00203456	0.00111201	20066.5	1050	105	19304.1	65.7417	65.7417	262.967	262.967	0 22685.4 611.316 	23296.7	6.16822	6.5039	12399	666.612	0.011065	0	1.02	1.02
115.2	0.00203457	0.00111205	20067.3	1050	105	19304.6	65.7688	65.7688	263.075	263.075	0 22684.8 610.922 	23295.7	6.16815	6.5039	12399	666.612	0.0110583	0	1.02	1.02
115.3	0.00203457	0.00111208	20068	1050	105	19305.1	65.7959	65.7959	263.183	263.183	0 22684.2 610.529 	23294.8	6.16807	6.5039	12399	666.612	0.0110516	0	1.02	1.02
115.4	0.00203458	0.00111211	20068.8	1050	105	19305.6	65.823	65.823	263.292	263.292	0 22683.7 610.137 	23293.8	6.16799	6.5039	12399	666.612	0.0110449	0	1.02	1.02
115.5	0.00203459	0.00111214	20069.6	1050	105	19306.1	65.8501	65.8501	263.4	263.4	0 22683.1 609.745 	23292.8	6.16792	6.5039	12399	666.612	0.0110383	0	1.02	1.02
115.6	0.0020346	0.00111218	20070.4	1050	105	19306.6	65.8772	65.8772	263.509	263.509	0 22682.5 609.355 	23291.9	6.16784	6.5039	12399	666.612	0.0110316	0	1.02	1.02
115.7	0.00203461	0.00111221	20071.2	1050	105	19307.1	65.9044	65.9044	263.618	263.618	0 22681.9 608.965 	23290.9	6.16777	6.5039	12399	666.612	0.011025	0	1.02	1.02
115.8	0.00203462	0.00111224	20071.9	1050	105	19307.6	65.9316	65.9316	263.726	263.726	0 22681.4 608.575 	23289.9	6.16769	6.5039	12399	666.612	0.0110184	0	1.02	1.02
115.9	0.00203462	0.00111227	20072.7	1050	105	19308.1	65.9588	65.9588	263.835	263.835	0 22680.8 608.187 	23289	6.16762	6.5039	12399	666.612	0.0110118	0	1.02	1.02
116	0.00203463	0.00111231	20073.5	1050	105	19308.6	65.986	65.986	263.944	263.944	0 22680.2 607.799 	23288	6.16754	6.5039	12399	666.612	0.0110052	0	1.02	1.02
116.1	0.00203464	0.00111234	20074.3	1050	105	19309.1	66.0132	66.0132	264.053	264.053	0 22679.7 607.412 	23287.1	6.16747	6.5039	12399	666.612	0.0109986	0	1.02	1.02
116.2	0.00203465	0.00111237	20075	1050	105	19309.6	66.0404	66.0404	264.162	264.162	0 22679.1 607.026 	23286.1	6.16739	6.5039	12399	666.612	0.010992	0	1.02	1.02
116.3	0.00203466	0.0011124	20075.8	1050	105	19310.1	66.0677	66.0677	264.271	264.271	0 22678.5 606.64 	23285.2	6.16732	6.5039	12399	666.612	0.0109854	0	1.02	1.02
116.4	0.00203467	0.00111244	20076.6	1050	105	19310.6	66.095	66.095	264.38	264.38	0 22677.9 606.255 	23284.2	6.16724	6.5039	12399	666.612	0.0109789	0	1.02	1.02
116.5	0.00203467	0.00111247	20077.4	1050	105	19311.1	66.1223	66.1223	264.489	264.489	0 22677.4 605.871 	23283.2	6.16717	6.5039	12399	666.612	0.0109724	0	1.02	1.02
116.6	0.00203468	0.0011125	20078.1	1050	105	19311.7	66.1496	66.1496	264.598	264.598	0 22676.8 605.488 	23282.3	6.16709	6.5039	12399	666.612	0.0109658	0	1.02	1.02
116.7	0.00203469	0.00111253	20078.9	1050	105	19312.2	66.1769	66.1769	264.708	264.708	0 22676.2 605.105 	23281.3	6.16702	6.5039	12399	666.612	0.0109593	0	1.02	1.02
116.8	0.0020347	0.00111257	20079.7	1050	105	19312.7	66.2043	66.2043	264.817	264.817	0 22675.7 604.723 	23280.4	6.16694	6.5039	12399	666.612	0.0109528	0	1.02	1.02
116.9	0.00203471	0.0011126	20080.5	1050	105	19313.2	66.2316	66.2316	264.927	264.927	0 22675.1 604.342 	23279.4	6.16687	6.5039	12399	666.612	0.0109464	0	1.02	1.02
117	0.00203472	0.00111263	20081.2	1050	105	19313.7	66.259	66.259	265.036	265.036	0 22674.5 603.961 	23278.5	6.16679	6.5039	12399	666.612	0.0109399	0	1.02	1.02
117.1	0.00203472	0.00111266	20082	1050	105	19314.2	66.2864	66.2864	265.146	265.146	0 22674 603.582 	23277.5	6.16672	6.5039	12399	666.612	0.0109334	0	1.02	1.02
117.2	0.00203473	0.0011127	20082.8	1050	105	19314.7	66.3138	66.3138	265.255	265.255	0 22673.4 603.203 	23276.6	6.16664	6.5039	12399	666.612	0.010927	0	1.02	1.02
117.3	0.00203474	0.00111273	20083.6	1050	105	19315.2	66.3413	66.3413	265.365	265.365	0 22672.8 602.824 	23275.6	6.16657	6.5039	12399	666.612	0.0109206	0	1.02	1.02
117.4	0.00203475	0.00111276	20084.3	1050	105	19315.7	66.3687	66.3687	265.475	265.475	0 22672.3 602.447 	23274.7	6.16649	6.5039	12399	666.612	0.0109141	0	1.02	1.02
117.5	0.00203476	0.00111279	20085.1	1050	105	19316.1	66.3962	66.3962	265.585	265.585	0 22671.7 602.07 	23273.8	6.16642	6.5039	12399	666.612	0.0109077	0	1.02	1.02
117.6	0.00203476	0.00111283	20085.9	1050	105	19316.6	66.4237	66.4237	265.695	265.695	0 22671.1 601.694 	23272.8	6.16635	6.5039	12399	666.612	0.0109013	0	1.02	1.02
117.7	0.00203477	0.00111286	20086.7	1050	105	19317.1	66.4512	66.4512	265.805	265.805	0 22670.6 601.318 	23271.9	6.16627	6.5039	12399	666.612	0.010895	0	1.02	1.02
117.8	0.00203478	0.00111289	20087.4	1050	105	19317.6	66.4787	66.4787	265.915	265.915	0 22670 600.944 	23270.9	6.1662	6.5039	12399	666.612	0.0108886	0	1.02	1.02
117.9	0.00203479	0.00111292	20088.2	1050	105	19318.1	66.5063	66.5063	266.025	266.025	0 22669.4 600.57 	23270	6.16612	6.5039	12399	666.612	0.0108822	0	1.02	1.02
118	0.0020348	0.00111296	20089	1050	105	19318.6	66.5338	66.5338	266.135	266.135	0 22668.9 600.197 	23269	6.16605	6.5039	12399	666.612	0.0108759	0	1.02	1.02
118.1	0.00203481	0.00111299	20089.7	1050	105	19319.1	66.5614	66.5614	266.246	266.246	0 22668.3 599.824 	23268.1	6.16598	6.5039	12399	666.612	0.0108696	0	1.02	1.02
118.2	0.00203481	0.00111302	20090.5	1050	105	19319.6	66.589	66.589	266.356	266.356	0 22667.7 599.452 	23267.2	6.1659	6.5039	12399	666.612	0.0108632	0	1.02	1.02
118.3	0.00203482	0.00111305	20091.3	1050	105	19320.1	66.6166	66.6166	266.466	266.466	0 22667.2 599.081 	23266.2	6.16583	6.5039	12399	666.612	0.0108569	0	1.02	1.02
118.4	0.00203483	0.00111308	20092	1050	105	19320.6	66.6442	66.6442	266.577	266.577	0 22666.6 598.711 	23265.3	6.16575	6.5039	12399	666.612	0.0108506	0	1.02	1.02
118.5	0.00203484	0.00111312	20092.8	1050	105	19321.1	66.6719	66.6719	266.687	266.687	0 22666 598.342 	23264.4	6.16568	6.5039	12399	666.612	0.0108443	0	1.02	1.02
118.6	0.00203485	0.00111315	20093.6	1050	105	19321.6	66.6995	66.6995	266.798	266.798	0 22665.5 597.973 	23263.4	6.16561	6.5039	12399	666.612	0.0108381	0	1.02	1.02
118.7	0.00203485	0.00111318	20094.4	1050	105	19322.1	66.7272	66.7272	266.909	266.909	0 22664.9 597.605 	23262.5	6.16553	6.5039	12399	666.612	0.0108318	0	1.02	1.02
118.8	0.00203486	0.00111321	20095.1	1050	105	19322.6	66.7549	66.7549	267.02	267.02	0 22664.3 597.237 	23261.6	6.16546	6.5039	12399	666.612	0.0108256	0	1.02	1.02
118.9	0.00203487	0.00111325	20095.9	1050	105	19323.1	66.7826	66.7826	267.13	267.13	0 22663.8 596.871 	23260.6	6.16539	6.5039	12399	666.612	0.0108193	0	1.02	1.02
119	0.00203488	0.00111328	20096.7	1050	105	19323.6	66.8103	66.8103	267.241	267.241	0 22663.2 596.505 	23259.7	6.16531	6.5039	12399	666.612	0.0108131	0	1.02	1.02
119.1	0.00203489	0.00111331	20097.4	1050	105	19324	66.8381	66.8381	267.352	267.352	0 22662.6 596.139 	23258.8	6.16524	6.5039	12399	666.612	0.0108069	0	1.02	1.02
119.2	0.00203489	0.00111334	20098.2	1050	105	19324.5	66.8659	66.8659	267.463	267.463	0 22662.1 595.775 	23257.8	6.16517	6.5039	12399	666.612	0.0108007	0	1.02	1.02
119.3	0.0020349	0.00111337	20099	1050	105	19325	66.8936	66.8936	267.575	267.575	0 22661.5 595.411 	23256.9	6.1651	6.5039	12399	666.612	0.0107945	0	1.02	1.02
119.4	0.00203491	0.00111341	20099.7	1050	105	19325.5	66.9215	66.9215	267.686	267.686	0 22660.9 595.048 	23256	6.16502	6.5039	12399	666.612	0.0107884	0	1.02	1.02
119.5	0.00203492	0.00111344	20100.5	1050	105	19326	66.9493	66.9493	267.797	267.797	0 22660.4 594.686 	23255.1	6.16495	6.5039	12399	666.612	0.0107822	0	1.02	1.02
119.6	0.00203493	0.00111347	20101.3	1050	105	19326.5	66.9771	66.9771	267.908	267.908	0 22659.8 594.324 	23254.1	6.16488	6.5039	12399	666.612	0.0107761	0	1.02	1.02
119.7	0.00203493	0.0011135	20102	1050	105	19327	67.005	67.005	268.02	268.02	0 22659.2 593.963 	23253.2	6.1648	6.5039	12399	666.612	0.0107699	0	1.02	1.02
119.8	0.00203494	0.00111353	20102.8	1050	105	19327.5	67.0328	67.0328	268.131	268.131	0 22658.7 593.603 	23252.3	6.16473	6.5039	12399	666.612	0.0107638	0	1.02	1.02
119.9	0.00203495	0.00111357	20103.6	1050	105	19327.9	67.0607	67.0607	268.243	268.243	0 22658.1 593.243 	23251.4	6.16466	6.5039	12399	666.612	0.0107577	0	1.02	1.02
120	0.00203496	0.0011136	20104.3	1050	105	19328.4	67.0886	67.0886	268.355	268.355	0 22657.6 592.885 	23250.4	6.16459	6.5039	12399	666.612	0.0107516	0	1.02	1.02
120.1	0.00203497	0.00111363	20105.1	1050	105	19328.9	67.1166	67.1166	268.466	268.466	0 22657 592.526 	23249.5	6.16451	6.5039	12399	666.612	0.0107455	0	1.02	1.02
120.2	0.00203497	0.00111366	20105.8	1050	105	19329.4	67.1445	67.1445	268.578	268.578	0 22656.4 592.169 	23248.6	6.16444	6.5039	12399	666.612	0.0107394	0	1.02	1.02
120.3	0.00203498	0.00111369	20106.6	1050	105	19329.9	67.1725	67.1725	268.69	268.69	0 22655.9 591.812 	23247.7	6.16437	6.5039	12399	666.612	0.0107334	0	1.02	1.02
120.4	0.00203499	0.00111373	20107.4	1050	105	19330.4	67.2004	67.2004	268.802	268.802	0 22655.3 591.457 	23246.8	6.1643	6.5039	12399	666.612	0.0107273	0	1.02	1.02
120.5	0.002035	0.00111376	20108.1	1050	105	19330.8	67.2284	67.2284	268.914	268.914	0 22654.7 591.101 	23245.8	6.16423	6.5039	12399	666.612	0.0107213	0	1.02	1.02
120.6	0.00203501	0.00111379	20108.9	1050	105	19331.3	67.2564	67.2564	269.026	269.026	0 22654.2 590.747 	23244.9	6.16415	6.5039	12399	666.612	0.0107153	0	1.02	1.02
120.7	0.00203501	0.00111382	20109.7	1050	105	19331.8	67.2845	67.2845	269.138	269.138	0 22653.6 590.393 	23244	6.16408	6.5039	12399	666.612	0.0107093	0	1.02	1.02
120.8	0.00203502	0.00111385	20110.4	1050	105	19332.3	67.3125	67.3125	269.25	269.25	0 22653.1 590.04 	23243.1	6.16401	6.5039	12399	666.612	0.0107033	0	1.02	1.02
120.9	0.00203503	0.00111389	20111.2	1050	105	19332.8	67.3406	67.3406	269.362	269.362	0 22652.5 589.688 	23242.2	6.16394	6.5039	12399	666.612	0.0106973	0	1.02	1.02
121	0.00203504	0.00111392	20111.9	1050	105	19333.3	67.3687	67.3687	269.475	269.475	0 22651.9 589.336 	23241.3	6.16387	6.5039	12399	666.612	0.0106913	0	1.02	1.02
121.1	0.00203505	0.00111395	20112.7	1050	105	19333.7	67.3968	67.3968	269.587	269.587	0 22651.4 588.985 	23240.4	6.16379	6.5039	12399	666.612	0.0106853	0	1.02	1.02
121.2	0.00203505	0.00111398	20113.5	1050	105	19334.2	67.4249	67.4249	269.7	269.7	0 22650.8 588.635 	23239.5	6.16372	6.5039	12399	666.612	0.0106794	0	1.02	1.02
121.3	0.00203506	0.00111401	20114.2	1050	105	19334.7	67.453	67.453	269.812	269.812	0 22650.3 588.285 	23238.5	6.16365	6.5039	12399	666.612	0.0106734	0	1.02	1.02
121.4	0.00203507	0.00111405	20115	1050	105	19335.2	67.4812	67.4812	269.925	269.925	0 22649.7 587.936 	23237.6	6.16358	6.5039	12399	666.612	0.0106675	0	1.02	1.02
121.5	0.00203508	0.00111408	20115.7	1050	105	19335.6	67.5094	67.5094	270.037	270.037	0 22649.1 587.588 	23236.7	6.16351	6.5039	12399	666.612	0.0106616	0	1.02	1.02
121.6	0.00203508	0.00111411	20116.5	1050	105	19336.1	67.5375	67.5375	270.15	270.15	0 22648.6 587.241 	23235.8	6.16344	6.5039	12399	666.612	0.0106557	0	1.02	1.02
121.7	0.00203509	0.00111414	20117.3	1050	105	19336.6	67.5658	67.5658	270.263	270.263	0 22648 586.894 	23234.9	6.16337	6.5039	12399	666.612	0.0106498	0	1.02	1.02
121.8	0.0020351	0.00111417	20118	1050	105	19337.1	67.594	67.594	270.376	270.376	0 22647.5 586.548 	23234	6.1633	6.5039	12399	666.612	0.0106439	0	1.02	1.02
121.9	0.00203511	0.0011142	20118.8	1050	105	19337.5	67.6222	67.6222	270.489	270.489	0 22646.9 586.203 	23233.1	6.16322	6.5039	12399	666.612	0.0106381	0	1.02	1.02
122	0.00203512	0.00111424	20119.5	1050	105	19338	67.6505	67.6505	270.602	270.602	0 22646.3 585.858 	23232.2	6.16315	6.5039	12399	666.612	0.0106322	0	1.02	1.02
122.1	0.00203512	0.00111427	20120.3	1050	105	19338.5	67.6788	67.6788	270.715	270.715	0 22645.8 585.515 	23231.3	6.16308	6.5039	12399	666.612	0.0106264	0	1.02	1.02
122.2	0.00203513	0.0011143	20121	1050	105	19339	67.7071	67.7071	270.828	270.828	0 22645.2 585.171 	23230.4	6.16301	6.5039	12399	666.612	0.0106205	0	1.02	1.02
122.3	0.00203514	0.00111433	20121.8	1050	105	19339.4	67.7354	67.7354	270.941	270.941	0 22644.7 584.829 	23229.5	6.16294	6.5039	12399	666.612	0.0106147	0	1.02	1.02
122.4	0.00203515	0.00111436	20122.6	1050	105	19339.9	67.7637	67.7637	271.055	271.055	0 22644.1 584.487 	23228.6	6.16287	6.5039	12399	666.612	0.0106089	0	1.02	1.02
122.5	0.00203515	0.00111439	20123.3	1050	105	19340.4	67.7921	67.7921	271.168	271.168	0 22643.6 584.146 	23227.7	6.1628	6.5039	12399	666.612	0.0106031	0	1.02	1.02
122.6	0.00203516	0.00111443	20124.1	1050	105	19340.9	67.8204	67.8204	271.282	271.282	0 22643 583.806 	23226.8	6.16273	6.5039	12399	666.612	0.0105974	0	1.02	1.02
122.7	0.00203517	0.00111446	20124.8	1050	105	19341.3	67.8488	67.8488	271.395	271.395	0 22642.4 583.466 	23225.9	6.16266	6.5039	12399	666.612	0.0105916	0	1.02	1.02
122.8	0.00203518	0.00111449	20125.6	1050	105	19341.8	67.8772	67.8772	271.509	271.509	0 22641.9 583.127 	23225	6.16259	6.5039	12399	666.612	0.0105858	0	1.02	1.02
122.9	0.00203519	0.00111452	20126.3	1050	105	19342.3	67.9056	67.9056	271.622	271.622	0 22641.3 582.789 	23224.1	6.16252	6.5039	12399	666.612	0.0105801	0	1.02	1.02
123	0.00203519	0.00111455	20127.1	1050	105	19342.7	67.9341	67.9341	271.736	271.736	0 22640.8 582.451 	23223.2	6.16245	6.5039	12399	666.612	0.0105744	0	1.02	1.02
123.1	0.0020352	0.00111458	20127.8	1050	105	19343.2	67.9625	67.9625	271.85	271.85	0 22640.2 582.115 	23222.3	6.16238	6.5039	12399	666.612	0.0105686	0	1.02	1.02
123.2	0.00203521	0.00111462	20128.6	1050	105	19343.7	67.991	67.991	271.964	271.964	0 22639.7 581.778 	23221.4	6.16231	6.5039	12399	666.612	0.0105629	0	1.02	1.02
123.3	0.00203522	0.00111465	20129.3	1050	105	19344.2	68.0195	68.0195	272.078	272.078	0 22639.1 581.443 	23220.5	6.16224	6.5039	12399	666.612	0.0105572	0	1.02	1.02
123.4	0.00203522	0.00111468	20130.1	1050	105	19344.6	68.048	68.048	272.192	272.192	0 22638.5 581.108 	23219.6	6.16217	6.5039	12399	666.612	0.0105516	0	1.02	1.02
123.5	0.00203523	0.00111471	20130.9	1050	105	19345.1	68.0765	68.0765	272.306	272.306	0 22638 580.774 	23218.8	6.1621	6.5039	12399	666.612	0.0105459	0	1.02	1.02
123.6	0.00203524	0.00111474	20131.6	1050	105	19345.6	68.1051	68.1051	272.42	272.42	0 22637.4 580.441 	23217.9	6.16203	6.5039	12399	666.612	0.0105402	0	1.02	1.02
123.7	0.00203525	0.00111477	20132.4	1050	105	19346	68.1336	68.1336	272.534	272.534	0 22636.9 580.108 	23217	6.16196	6.5039	12399	666.612	0.0105346	0	1.02	1.02
123.8	0.00203526	0.00111481	20133.1	1050	105	19346.5	68.1622	68.1622	272.649	272.649	0 22636.3 579.776 	23216.1	6.16189	6.5039	12399	666.612	0.0105289	0	1.02	1.02
123.9	0.00203526	0.00111484	20133.9	1050	105	19347	68.1908	68.1908	272.763	272.763	0 22635.8 579.445 	23215.2	6.16182	6.5039	12399	666.612	0.0105233	0	1.02	1.02
124	0.00203527	0.00111487	20134.6	1050	105	19347.4	68.2194	68.2194	272.878	272.878	0 22635.2 579.115 	23214.3	6.16175	6.5039	12399	666.612	0.0105177	0	1.02	1.02
124.1	0.00203528	0.0011149	20135.4	1050	105	19347.9	68.248	68.248	272.992	272.992	0 22634.7 578.785 	23213.4	6.16168	6.5039	12399	666.612	0.0105121	0	1.02	1.02
124.2	0.00203529	0.00111493	20136.1	1050	105	19348.3	68.2767	68.2767	273.107	273.107	0 22634.1 578.455 	23212.6	6.16161	6.5039	12399	666.612	0.0105065	0	1.02	1.02
124.3	0.00203529	0.00111496	20136.9	1050	105	19348.8	68.3054	68.3054	273.221	273.221	0 22633.5 578.127 	23211.7	6.16154	6.5039	12399	666.612	0.0105009	0	1.02	1.02
124.4	0.0020353	0.00111499	20137.6	1050	105	19349.3	68.3341	68.3341	273.336	273.336	0 22633 577.799 	23210.8	6.16147	6.5039	12399	666.612	0.0104954	0	1.02	1.02
124.5	0.00203531	0.00111503	20138.4	1050	105	19349.7	68.3628	68.3628	273.451	273.451	0 22632.4 577.472 	23209.9	6.1614	6.5039	12399	666.612	0.0104898	0	1.02	1.02
124.6	0.00203532	0.00111506	20139.1	1050	105	19350.2	68.3915	68.3915	273.566	273.566	0 22631.9 577.146 	23209	6.16133	6.5039	12399	666.612	0.0104843	0	1.02	1.02
124.7	0.00203532	0.00111509	20139.9	1050	105	19350.7	68.4202	68.4202	273.681	273.681	0 22631.3 576.82 	23208.2	6.16126	6.5039	12399	666.612	0.0104788	0	1.02	1.02
124.8	0.00203533	0.00111512	20140.6	1050	105	19351.1	68.449	68.449	273.796	273.796	0 22630.8 576.495 	23207.3	6.16119	6.5039	12399	666.612	0.0104733	0	1.02	1.02
124.9	0.00203534	0.00111515	20141.4	1050	105	19351.6	68.4778	68.4778	273.911	273.911	0 22630.2 576.171 	23206.4	6.16113	6.5039	12399	666.612	0.0104677	0	1.02	1.02
125	0.00203535	0.00111518	20142.1	1050	105	19352	68.5066	68.5066	274.026	274.026	0 22629.7 575.847 	23205.5	6.16106	6.5039	12399	666.612	0.0104623	0	1.02	1.02
125.1	0.00203535	0.00111521	20142.9	1050	105	19352.5	68.5354	68.5354	274.141	274.141	0 22629.1 575.524 	23204.6	6.16099	6.5039	12399	666.612	0.0104568	0	1.02	1.02
125.2	0.00203536	0.00111525	20143.6	1050	105	19353	68.5642	68.5642	274.257	274.257	0 22628.6 575.202 	23203.8	6.16092	6.5039	12399	666.612	0.0104513	0	1.02	1.02
125.3	0.00203537	0.00111528	20144.3	1050	105	19353.4	68.593	68.593	274.372	274.372	0 22628 574.88 	23202.9	6.16085	6.5039	12399	666.612	0.0104459	0	1.02	1.02
125.4	0.00203538	0.00111531	20145.1	1050	105	19353.9	68.6219	68.6219	274.488	274.488	0 22627.5 574.56 	23202	6.16078	6.5039	12399	666.612	0.0104404	0	1.02	1.02
125.5	0.00203538	0.00111534	20145.8	1050	105	19354.3	68.6508	68.6508	274.603	274.603	0 22626.9 574.239 	23201.1	6.16071	6.5039	12399	666.612	0.010435	0	1.02	1.02
125.6	0.00203539	0.00111537	20146.6	1050	105	19354.8	68.6797	68.6797	274.719	274.719	0 22626.4 573.92 	23200.3	6.16064	6.5039	12399	666.612	0.0104296	0	1.02	1.02
125.7	0.0020354	0.0011154	20147.3	1050	105	19355.2	68.7086	68.7086	274.834	274.834	0 22625.8 573.601 	23199.4	6.16058	6.5039	12399	666.612	0.0104242	0	1.02	1.02
125.8	0.00203541	0.00111543	20148.1	1050	105	19355.7	68.7376	68.7376	274.95	274.95	0 22625.3 573.283 	23198.5	6.16051	6.5039	12399	666.612	0.0104188	0	1.02	1.02
125.9	0.00203541	0.00111547	20148.8	1050	105	19356.2	68.7665	68.7665	275.066	275.066	0 22624.7 572.966 	23197.7	6.16044	6.5039	12399	666.612	0.0104134	0	1.02	1.02
126	0.00203542	0.0011155	20149.6	1050	105	19356.6	68.7955	68.7955	275.182	275.182	0 22624.2 572.649 	23196.8	6.16037	6.5039	12399	666.612	0.010408	0	1.02	1.02
126.1	0.00203543	0.00111553	20150.3	1050	105	19357.1	68.8245	68.8245	275.298	275.298	0 22623.6 572.333 	23195.9	6.1603	6.5039	12399	666.612	0.0104026	0	1.02	1.02
126.2	0.00203544	0.00111556	20151.1	1050	105	19357.5	68.8535	68.8535	275.414	275.414	0 22623.1 572.017 	23195.1	6.16024	6.5039	12399	666.612	0.0103973	0	1.02	1.02
126.3	0.00203544	0.00111559	20151.8	1050	105	19358	68.8825	68.8825	275.53	275.53	0 22622.5 571.703 	23194.2	6.16017	6.5039	12399	666.612	0.010392	0	1.02	1.02
126.4	0.00203545	0.00111562	20152.5	1050	105	19358.4	68.9116	68.9116	275.646	275.646	0 22622 571.389 	23193.3	6.1601	6.5039	12399	666.612	0.0103866	0	1.02	1.02
126.5	0.00203546	0.00111565	20153.3	1050	105	19358.9	68.9406	68.9406	275.762	275.762	0 22621.4 571.075 	23192.5	6.16003	6.5039	12399	666.612	0.0103813	0	1.02	1.02
126.6	0.00203547	0.00111568	20154	1050	105	19359.3	68.9697	68.9697	275.879	275.879	0 22620.9 570.763 	23191.6	6.15996	6.5039	12399	666.612	0.010376	0	1.02	1.02
126.7	0.00203547	0.00111571	20154.8	1050	105	19359.8	68.9988	68.9988	275.995	275.995	0 22620.3 570.451 	23190.8	6.1599	6.5039	12399	666.612	0.0103707	0	1.02	1.02
126.8	0.00203548	0.00111575	20155.5	1050	105	19360.2	69.0279	69.0279	276.112	276.112	0 22619.8 570.14 	23189.9	6.15983	6.5039	12399	666.612	0.0103655	0	1.02	1.02
126.9	0.00203549	0.00111578	20156.3	1050	105	19360.7	69.057	69.057	276.228	276.228	0 22619.2 569.829 	23189	6.15976	6.5039	12399	666.612	0.0103602	0	1.02	1.02
127	0.0020355	0.00111581	20157	1050	105	19361.1	69.0862	69.0862	276.345	276.345	0 22618.7 569.519 	23188.2	6.15969	6.5039	12399	666.612	0.0103549	0	1.02	1.02
127.1	0.0020355	0.00111584	20157.7	1050	105	19361.6	69.1154	69.1154	276.461	276.461	0 22618.1 569.21 	23187.3	6.15963	6.5039	12399	666.612	0.0103497	0	1.02	1.02
127.2	0.00203551	0.00111587	20158.5	1050	105	19362	69.1446	69.1446	276.578	276.578	0 22617.6 568.901 	23186.5	6.15956	6.5039	12399	666.612	0.0103445	0	1.02	1.02
127.3	0.00203552	0.0011159	20159.2	1050	105	19362.5	69.1738	69.1738	276.695	276.695	0 22617 568.593 	23185.6	6.15949	6.5039	12399	666.612	0.0103392	0	1.02	1.02
127.4	0.00203553	0.00111593	20160	1050	105	19362.9	69.203	69.203	276.812	276.812	0 22616.5 568.286 	23184.8	6.15942	6.5039	12399	666.612	0.010334	0	1.02	1.02
127.5	0.00203553	0.00111596	20160.7	1050	105	19363.4	69.2322	69.2322	276.929	276.929	0 22615.9 567.98 	23183.9	6.15936	6.5039	12399	666.612	0.0103288	0	1.02	1.02
127.6	0.00203554	0.00111599	20161.4	1050	105	19363.8	69.2615	69.2615	277.046	277.046	0 22615.4 567.674 	23183	6.15929	6.5039	12399	666.612	0.0103237	0	1.02	1.02
127.7	0.00203555	0.00111603	20162.2	1050	105	19364.3	69.2908	69.2908	277.163	277.163	0 22614.8 567.369 	23182.2	6.15922	6.5039	12399	666.612	0.0103185	0	1.02	1.02
127.8	0.00203556	0.00111606	20162.9	1050	105	19364.7	69.3201	69.3201	277.28	277.28	0 22614.3 567.064 	23181.3	6.15916	6.5039	12399	666.612	0.0103133	0	1.02	1.02
127.9	0.00203556	0.00111609	20163.7	1050	105	19365.2	69.3494	69.3494	277.398	277.398	0 22613.7 566.761 	23180.5	6.15909	6.5039	12399	666.612	0.0103082	0	1.02	1.02
128	0.00203557	0.00111612	20164.4	1050	105	19365.6	69.3787	69.3787	277.515	277.515	0 22613.2 566.457 	23179.6	6.15902	6.5039	12399	666.612	0.010303	0	1.02	1.02
128.1	0.00203558	0.00111615	20165.1	1050	105	19366	69.4081	69.4081	277.632	277.632	0 22612.6 566.155 	23178.8	6.15896	6.5039	12399	666.612	0.0102979	0	1.02	1.02
128.2	0.00203559	0.00111618	20165.9	1050	105	19366.5	69.4374	69.4374	277.75	277.75	0 22612.1 565.853 	23177.9	6.15889	6.5039	12399	666.612	0.0102928	0	1.02	1.02
128.3	0.00203559	0.00111621	20166.6	1050	105	19366.9	69.4668	69.4668	277.867	277.867	0 22611.5 565.552 	23177.1	6.15882	6.5039	12399	666.612	0.0102877	0	1.02	1.02
128.4	0.0020356	0.00111624	20167.3	1050	105	19367.4	69.4962	69.4962	277.985	277.985	0 22611 565.252 	23176.2	6.15876	6.5039	12399	666.612	0.0102826	0	1.02	1.02
128.5	0.00203561	0.00111627	20168.1	1050	105	19367.8	69.5257	69.5257	278.103	278.103	0 22610.5 564.952 	23175.4	6.15869	6.5039	12399	666.612	0.0102775	0	1.02	1.02
128.6	0.00203561	0.0011163	20168.8	1050	105	19368.3	69.5551	69.5551	278.22	278.22	0 22609.9 564.653 	23174.6	6.15862	6.5039	12399	666.612	0.0102725	0	1.02	1.02
128.7	0.00203562	0.00111634	20169.5	1050	105	19368.7	69.5846	69.5846	278.338	278.338	0 22609.4 564.355 	23173.7	6.15856	6.5039	12399	666.612	0.0102674	0	1.02	1.02
128.8	0.00203563	0.00111637	20170.3	1050	105	19369.1	69.614	69.614	278.456	278.456	0 22608.8 564.057 	23172.9	6.15849	6.5039	12399	666.612	0.0102624	0	1.02	1.02
128.9	0.00203564	0.0011164	20171	1050	105	19369.6	69.6435	69.6435	278.574	278.574	0 22608.3 563.76 	23172	6.15843	6.5039	12399	666.612	0.0102574	0	1.02	1.02
129	0.00203564	0.00111643	20171.8	1050	105	19370	69.6731	69.6731	278.692	278.692	0 22607.7 563.464 	23171.2	6.15836	6.5039	12399	666.612	0.0102523	0	1.02	1.02
129.1	0.00203565	0.00111646	20172.5	1050	105	19370.5	69.7026	69.7026	278.81	278.81	0 22607.2 563.168 	23170.3	6.15829	6.5039	12399	666.612	0.0102473	0	1.02	1.02
129.2	0.00203566	0.00111649	20173.2	1050	105	19370.9	69.7321	69.7321	278.929	278.929	0 22606.6 562.873 	23169.5	6.15823	6.5039	12399	666.612	0.0102423	0	1.02	1.02
129.3	0.00203567	0.00111652	20174	1050	105	19371.3	69.7617	69.7617	279.047	279.047	0 22606.1 562.578 	23168.7	6.15816	6.5039	12399	666.612	0.0102373	0	1.02	1.02
129.4	0.00203567	0.00111655	20174.7	1050	105	19371.8	69.7913	69.7913	279.165	279.165	0 22605.5 562.285 	23167.8	6.1581	6.5039	12399	666.612	0.0102324	0	1.02	1.02
129.5	0.00203568	0.00111658	20175.4	1050	105	19372.2	69.8209	69.8209	279.284	279.284	0 22605 561.992 	23167	6.15803	6.5039	12399	666.612	0.0102274	0	1.02	1.02
129.6	0.00203569	0.00111661	20176.2	1050	105	19372.7	69.8505	69.8505	279.402	279.402	0 22604.5 561.699 	23166.2	6.15796	6.5039	12399	666.612	0.0102225	0	1.02	1.02
129.7	0.00203569	0.00111664	20176.9	1050	105	19373.1	69.8802	69.8802	279.521	279.521	0 22603.9 561.408 	23165.3	6.1579	6.5039	12399	666.612	0.0102175	0	1.02	1.02
129.8	0.0020357	0.00111668	20177.6	1050	105	19373.5	69.9098	69.9098	279.639	279.639	0 22603.4 561.117 	23164.5	6.15783	6.5039	12399	666.612	0.0102126	0	1.02	1.02
129.9	0.00203571	0.00111671	20178.4	1050	105	19374	69.9395	69.9395	279.758	279.758	0 22602.8 560.826 	23163.7	6.15777	6.5039	12399	666.612	0.0102077	0	1.02	1.02
130	0.00203572	0.00111674	20179.1	1050	105	19374.4	69.9692	69.9692	279.877	279.877	0 22602.3 560.537 	23162.8	6.1577	6.5039	12399	666.612	0.0102028	0	1.02	1.02
130.1	0.00203572	0.00111677	20179.8	1050	105	19374.8	69.9989	69.9989	279.996	279.996	0 22601.7 560.248 	23162	6.15764	6.5039	12399	666.612	0.0101979	0	1.02	1.02
130.2	0.00203573	0.0011168	20180.5	1050	105	19375.3	70.0287	70.0287	280.115	280.115	0 22601.2 559.959 	23161.2	6.15757	6.5039	12399	666.612	0.010193	0	1.02	1.02
130.3	0.00203574	0.00111683	20181.3	1050	105	19375.7	70.0584	70.0584	280.234	280.234	0 22600.7 559.672 	23160.3	6.15751	6.5039	12399	666.612	0.0101882	0	1.02	1.02
130.4	0.00203574	0.00111686	20182	1050	105	19376.1	70.0882	70.0882	280.353	280.353	0 22600.1 559.385 	23159.5	6.15744	6.5039	12399	666.612	0.0101833	0	1.02	1.02
130.5	0.00203575	0.00111689	20182.7	1050	105	19376.6	70.118	70.118	280.472	280.472	0 22599.6 559.098 	23158.7	6.15738	6.5039	12399	666.612	0.0101785	0	1.02	1.02
130.6	0.00203576	0.00111692	20183.5	1050	105	19377	70.1478	70.1478	280.591	280.591	0 22599 558.813 	23157.9	6.15731	6.5039	12399	666.612	0.0101736	0	1.02	1.02
130.7	0.00203577	0.00111695	20184.2	1050	105	19377.4	70.1776	70.1776	280.71	280.71	0 22598.5 558.528 	23157	6.15725	6.5039	12399	666.612	0.0101688	0	1.02	1.02
130.8	0.00203577	0.00111698	20184.9	1050	105	19377.9	70.2074	70.2074	280.83	280.83	0 22598 558.244 	23156.2	6.15718	6.5039	12399	666.612	0.010164	0	1.02	1.02
130.9	0.00203578	0.00111701	20185.7	1050	105	19378.3	70.2373	70.2373	280.949	280.949	0 22597.4 557.96 	23155.4	6.15712	6.5039	12399	666.612	0.0101592	0	1.02	1.02
131	0.00203579	0.00111704	20186.4	1050	105	19378.7	70.2672	70.2672	281.069	281.069	0 22596.9 557.677 	23154.6	6.15705	6.5039	12399	666.612	0.0101544	0	1.02	1.02
131.1	0.00203579	0.00111707	20187.1	1050	105	19379.1	70.2971	70.2971	281.188	281.188	0 22596.3 557.394 	23153.7	6.15699	6.5039	12399	666.612	0.0101496	0	1.02	1.02
131.2	0.0020358	0.00111711	20187.8	1050	105	19379.6	70.327	70.327	281.308	281.308	0 22595.8 557.113 	23152.9	6.15692	6.5039	12399	666.612	0.0101449	0	1.02	1.02
131.3	0.00203581	0.00111714	20188.6	1050	105	19380	70.3569	70.3569	281.428	281.428	0 22595.3 556.832 	23152.1	6.15686	6.5039	12399	666.612	0.0101401	0	1.02	1.02
131.4	0.00203582	0.00111717	20189.3	1050	105	19380.4	70.3869	70.3869	281.548	281.548	0 22594.7 556.551 	23151.3	6.15679	6.5039	12399	666.612	0.0101354	0	1.02	1.02
131.5	0.00203582	0.0011172	20190	1050	105	19380.9	70.4168	70.4168	281.667	281.667	0 22594.2 556.272 	23150.4	6.15673	6.5039	12399	666.612	0.0101306	0	1.02	1.02
131.6	0.00203583	0.00111723	20190.7	1050	105	19381.3	70.4468	70.4468	281.787	281.787	0 22593.6 555.993 	23149.6	6.15667	6.5039	12399	666.612	0.0101259	0	1.02	1.02
131.7	0.00203584	0.00111726	20191.5	1050	105	19381.7	70.4768	70.4768	281.907	281.907	0 22593.1 555.714 	23148.8	6.1566	6.5039	12399	666.612	0.0101212	0	1.02	1.02
131.8	0.00203584	0.00111729	20192.2	1050	105	19382.1	70.5069	70.5069	282.027	282.027	0 22592.6 555.437 	23148	6.15654	6.5039	12399	666.612	0.0101165	0	1.02	1.02
131.9	0.00203585	0.00111732	20192.9	1050	105	19382.6	70.5369	70.5369	282.148	282.148	0 22592 555.16 	23147.2	6.15647	6.5039	12399	666.612	0.0101118	0	1.02	1.02
132	0.00203586	0.00111735	20193.7	1050	105	19383	70.567	70.567	282.268	282.268	0 22591.5 554.883 	23146.4	6.15641	6.5039	12399	666.612	0.0101072	0	1.02	1.02
132.1	0.00203587	0.00111738	20194.4	1050	105	19383.4	70.5971	70.5971	282.388	282.388	0 22590.9 554.607 	23145.5	6.15634	6.5039	12399	666.612	0.0101025	0	1.02	1.02
132.2	0.00203587	0.00111741	20195.1	1050	105	19383.8	70.6272	70.6272	282.509	282.509	0 22590.4 554.332 	23144.7	6.15628	6.5039	12399	666.612	0.0100979	0	1.02	1.02
132.3	0.00203588	0.00111744	20195.8	1050	105	19384.3	70.6573	70.6573	282.629	282.629	0 22589.9 554.058 	23143.9	6.15622	6.5039	12399	666.612	0.0100932	0	1.02	1.02
132.4	0.00203589	0.00111747	20196.5	1050	105	19384.7	70.6874	70.6874	282.75	282.75	0 22589.3 553.784 	23143.1	6.15615	6.5039	12399	666.612	0.0100886	0	1.02	1.02
132.5	0.00203589	0.0011175	20197.3	1050	105	19385.1	70.7176	70.7176	282.87	282.87	0 22588.8 553.511 	23142.3	6.15609	6.5039	12399	666.612	0.010084	0	1.02	1.02
132.6	0.0020359	0.00111753	20198	1050	105	19385.5	70.7477	70.7477	282.991	282.991	0 22588.2 553.239 	23141.5	6.15603	6.5039	12399	666.612	0.0100794	0	1.02	1.02
132.7	0.00203591	0.00111756	20198.7	1050	105	19385.9	70.7779	70.7779	283.112	283.112	0 22587.7 552.967 	23140.7	6.15596	6.5039	12399	666.612	0.0100748	0	1.02	1.02
132.8	0.00203591	0.00111759	20199.4	1050	105	19386.4	70.8081	70.8081	283.233	283.233	0 22587.2 552.696 	23139.9	6.1559	6.5039	12399	666.612	0.0100702	0	1.02	1.02
132.9	0.00203592	0.00111762	20200.2	1050	105	19386.8	70.8384	70.8384	283.353	283.353	0 22586.6 552.425 	23139.1	6.15584	6.5039	12399	666.612	0.0100656	0	1.02	1.02
133	0.00203593	0.00111765	20200.9	1050	105	19387.2	70.8686	70.8686	283.474	283.474	0 22586.1 552.155 	23138.3	6.15577	6.5039	12399	666.612	0.0100611	0	1.02	1.02
133.1	0.00203594	0.00111768	20201.6	1050	105	19387.6	70.8989	70.8989	283.595	283.595	0 22585.6 551.886 	23137.5	6.15571	6.5039	12399	666.612	0.0100565	0	1.02	1.02
133.2	0.00203594	0.00111771	20202.3	1050	105	19388	70.9292	70.9292	283.717	283.717	0 22585 551.618 	23136.6	6.15565	6.5039	12399	666.612	0.010052	0	1.02	1.02
133.3	0.00203595	0.00111775	20203.1	1050	105	19388.5	70.9595	70.9595	283.838	283.838	0 22584.5 551.35 	23135.8	6.15558	6.5039	12399	666.612	0.0100475	0	1.02	1.02
133.4	0.00203596	0.00111778	20203.8	1050	105	19388.9	70.9898	70.9898	283.959	283.959	0 22584 551.083 	23135	6.15552	6.5039	12399	666.612	0.010043	0	1.02	1.02
133.5	0.00203596	0.00111781	20204.5	1050	105	19389.3	71.0201	71.0201	284.08	284.08	0 22583.4 550.816 	23134.2	6.15546	6.5039	12399	666.612	0.0100385	0	1.02	1.02
133.6	0.00203597	0.00111784	20205.2	1050	105	19389.7	71.0505	71.0505	284.202	284.202	0 22582.9 550.55 	23133.4	6.15539	6.5039	12399	666.612	0.010034	0	1.02	1.02
133.7	0.00203598	0.00111787	20205.9	1050	105	19390.1	71.0808	71.0808	284.323	284.323	0 22582.3 550.285 	23132.6	6.15533	6.5039	12399	666.612	0.0100295	0	1.02	1.02
133.8	0.00203598	0.0011179	20206.7	1050	105	19390.5	71.1112	71.1112	284.445	284.445	0 22581.8 550.02 	23131.8	6.15527	6.5039	12399	666.612	0.010025	0	1.02	1.02
133.9	0.00203599	0.00111793	20207.4	1050	105	19391	71.1417	71.1417	284.567	284.567	0 22581.3 549.756 	23131	6.15521	6.5039	12399	666.612	0.0100206	0	1.02	1.02
134	0.002036	0.00111796	20208.1	1050	105	19391.4	71.1721	71.1721	284.688	284.688	0 22580.7 549.493 	23130.2	6.15514	6.5039	12399	666.612	0.0100162	0	1.02	1.02
134.1	0.00203601	0.00111799	20208.8	1050	105	19391.8	71.2025	71.2025	284.81	284.81	0 22580.2 549.23 	23129.4	6.15508	6.5039	12399	666.612	0.0100117	0	1.02	1.02
134.2	0.00203601	0.00111802	20209.5	1050	105	19392.2	71.233	71.233	284.932	284.932	0 22579.7 548.968 	23128.6	6.15502	6.5039	12399	666.612	0.0100073	0	1.02	1.02
134.3	0.00203602	0.00111805	20210.2	1050	105	19392.6	71.2635	71.2635	285.054	285.054	0 22579.1 548.707 	23127.8	6.15495	6.5039	12399	666.612	0.0100029	0	1.02	1.02
134.4	0.00203603	0.00111808	20211	1050	105	19393	71.294	71.294	285.176	285.176	0 22578.6 548.446 	23127.1	6.15489	6.5039	12399	666.612	0.00999849	0	1.02	1.02
134.5	0.00203603	0.00111811	20211.7	1050	105	19393.4	71.3245	71.3245	285.298	285.298	0 22578.1 548.186 	23126.3	6.15483	6.5039	12399	666.612	0.00999411	0	1.02	1.02
134.6	0.00203604	0.00111814	20212.4	1050	105	19393.8	71.3551	71.3551	285.42	285.42	0 22577.5 547.927 	23125.5	6.15477	6.5039	12399	666.612	0.00998973	0	1.02	1.02
134.7	0.00203605	0.00111817	20213.1	1050	105	19394.3	71.3856	71.3856	285.542	285.542	0 22577 547.668 	23124.7	6.15471	6.5039	12399	666.612	0.00998537	0	1.02	1.02
134.8	0.00203605	0.0011182	20213.8	1050	105	19394.7	71.4162	71.4162	285.665	285.665	0 22576.5 547.41 	23123.9	6.15464	6.5039	12399	666.612	0.00998102	0	1.02	1.02
134.9	0.00203606	0.00111823	20214.5	1050	105	19395.1	71.4468	71.4468	285.787	285.787	0 22575.9 547.153 	23123.1	6.15458	6.5039	12399	666.612	0.00997667	0	1.02	1.02
135	0.00203607	0.00111826	20215.3	1050	105	19395.5	71.4774	71.4774	285.91	285.91	0 22575.4 546.896 	23122.3	6.15452	6.5039	12399	666.612	0.00997234	0	1.02	1.02
135.1	0.00203607	0.00111829	20216	1050	105	19395.9	71.508	71.508	286.032	286.032	0 22574.9 546.64 	23121.5	6.15446	6.5039	12399	666.612	0.00996803	0	1.02	1.02
135.2	0.00203608	0.00111832	20216.7	1050	105	19396.3	71.5387	71.5387	286.155	286.155	0 22574.3 546.384 	23120.7	6.1544	6.5039	12399	666.612	0.00996372	0	1.02	1.02
135.3	0.00203609	0.00111835	20217.4	1050	105	19396.7	71.5694	71.5694	286.277	286.277	0 22573.8 546.129 	23119.9	6.15433	6.5039	12399	666.612	0.00995942	0	1.02	1.02
135.4	0.00203609	0.00111838	20218.1	1050	105	19397.1	71.6001	71.6001	286.4	286.4	0 22573.3 545.875 	23119.2	6.15427	6.5039	12399	666.612	0.00995514	0	1.02	1.02
135.5	0.0020361	0.00111841	20218.8	1050	105	19397.5	71.6308	71.6308	286.523	286.523	0 22572.7 545.621 	23118.4	6.15421	6.5039	12399	666.612	0.00995087	0	1.02	1.02
135.6	0.00203611	0.00111844	20219.6	1050	105	19397.9	71.6615	71.6615	286.646	286.646	0 22572.2 545.368 	23117.6	6.15415	6.5039	12399	666.612	0.0099466	0	1.02	1.02
135.7	0.00203611	0.00111847	20220.3	1050	105	19398.3	71.6922	71.6922	286.769	286.769	0 22571.7 545.116 	23116.8	6.15409	6.5039	12399	666.612	0.00994235	0	1.02	1.02
135.8	0.00203612	0.0011185	20221	1050	105	19398.7	71.723	71.723	286.892	286.892	0 22571.2 544.864 	23116	6.15403	6.5039	12399	666.612	0.00993811	0	1.02	1.02
135.9	0.00203613	0.00111853	20221.7	1050	105	19399.2	71.7538	71.7538	287.015	287.015	0 22570.6 544.613 	23115.2	6.15396	6.5039	12399	666.612	0.00993389	0	1.02	1.02
136	0.00203613	0.00111856	20222.4	1050	105	19399.6	71.7846	71.7846	287.138	287.138	0 22570.1 544.363 	23114.5	6.1539	6.5039	12399	666.612	0.00992967	0	1.02	1.02
136.1	0.00203614	0.00111859	20223.1	1050	105	19400	71.8154	71.8154	287.262	287.262	0 22569.6 544.113 	23113.7	6.15384	6.5039	12399	666.612	0.00992546	0	1.02	1.02
136.2	0.00203615	0.00111862	20223.8	1050	105	19400.4	71.8462	71.8462	287.385	287.385	0 22569 543.864 	23112.9	6.15378	6.5039	12399	666.612	0.00992127	0	1.02	1.02
136.3	0.00203616	0.00111865	20224.5	1050	105	19400.8	71.8771	71.8771	287.508	287.508	0 22568.5 543.616 	23112.1	6.15372	6.5039	12399	666.612	0.00991708	0	1.02	1.02
136.4	0.00203616	0.00111868	20225.2	1050	105	19401.2	71.908	71.908	287.632	287.632	0 22568 543.368 	23111.3	6.15366	6.5039	12399	666.612	0.00991291	0	1.02	1.02
136.5	0.00203617	0.00111871	20226	1050	105	19401.6	71.9389	71.9389	287.756	287.756	0 22567.4 543.121 	23110.6	6.1536	6.5039	12399	666.612	0.00990875	0	1.02	1.02
136.6	0.00203618	0.00111874	20226.7	1050	105	19402	71.9698	71.9698	287.879	287.879	0 22566.9 542.874 	23109.8	6.15354	6.5039	12399	666.612	0.0099046	0	1.02	1.02
136.7	0.00203618	0.00111877	20227.4	1050	105	19402.4	72.0007	72.0007	288.003	288.003	0 22566.4 542.628 	23109	6.15347	6.5039	12399	666.612	0.00990046	0	1.02	1.02
136.8	0.00203619	0.0011188	20228.1	1050	105	19402.8	72.0317	72.0317	288.127	288.127	0 22565.8 542.383 	23108.2	6.15341	6.5039	12399	666.612	0.00989634	0	1.02	1.02
136.9	0.0020362	0.00111883	20228.8	1050	105	19403.2	72.0626	72.0626	288.251	288.251	0 22565.3 542.139 	23107.5	6.15335	6.5039	12399	666.612	0.00989222	0	1.02	1.02
137	0.0020362	0.00111886	20229.5	1050	105	19403.6	72.0936	72.0936	288.375	288.375	0 22564.8 541.895 	23106.7	6.15329	6.5039	12399	666.612	0.00988811	0	1.02	1.02
137.1	0.00203621	0.00111889	20230.2	1050	105	19404	72.1246	72.1246	288.499	288.499	0 22564.3 541.651 	23105.9	6.15323	6.5039	12399	666.612	0.00988402	0	1.02	1.02
137.2	0.00203622	0.00111892	20230.9	1050	105	19404.4	72.1557	72.1557	288.623	288.623	0 22563.7 541.408 	23105.1	6.15317	6.5039	12399	666.612	0.00987994	0	1.02	1.02
137.3	0.00203622	0.00111895	20231.6	1050	105	19404.8	72.1867	72.1867	288.747	288.747	0 22563.2 541.166 	23104.4	6.15311	6.5039	12399	666.612	0.00987587	0	1.02	1.02
137.4	0.00203623	0.00111898	20232.3	1050	105	19405.2	72.2178	72.2178	288.871	288.871	0 22562.7 540.925 	23103.6	6.15305	6.5039	12399	666.612	0.00987181	0	1.02	1.02
137.5	0.00203624	0.00111901	20233.1	1050	105	19405.6	72.2489	72.2489	288.995	288.995	0 22562.1 540.684 	23102.8	6.15299	6.5039	12399	666.612	0.00986776	0	1.02	1.02
137.6	0.00203624	0.00111904	20233.8	1050	105	19406	72.28	72.28	289.12	289.12	0 22561.6 540.444 	23102.1	6.15293	6.5039	12399	666.612	0.00986372	0	1.02	1.02
137.7	0.00203625	0.00111907	20234.5	1050	105	19406.4	72.3111	72.3111	289.244	289.244	0 22561.1 540.204 	23101.3	6.15287	6.5039	12399	666.612	0.00985969	0	1.02	1.02
137.8	0.00203626	0.0011191	20235.2	1050	105	19406.8	72.3422	72.3422	289.369	289.369	0 22560.6 539.966 	23100.5	6.15281	6.5039	12399	666.612	0.00985568	0	1.02	1.02
137.9	0.00203626	0.00111913	20235.9	1050	105	19407.1	72.3734	72.3734	289.493	289.493	0 22560 539.727 	23099.8	6.15275	6.5039	12399	666.612	0.00985167	0	1.02	1.02
138	0.00203627	0.00111916	20236.6	1050	105	19407.5	72.4045	72.4045	289.618	289.618	0 22559.5 539.49 	23099	6.15269	6.5039	12399	666.612	0.00984768	0	1.02	1.02
138.1	0.00203628	0.00111919	20237.3	1050	105	19407.9	72.4357	72.4357	289.743	289.743	0 22559 539.253 	23098.2	6.15263	6.5039	12399	666.612	0.00984369	0	1.02	1.02
138.2	0.00203628	0.00111922	20238	1050	105	19408.3	72.467	72.467	289.868	289.868	0 22558.5 539.016 	23097.5	6.15257	6.5039	12399	666.612	0.00983972	0	1.02	1.02
138.3	0.00203629	0.00111925	20238.7	1050	105	19408.7	72.4982	72.4982	289.993	289.993	0 22557.9 538.781 	23096.7	6.15251	6.5039	12399	666.612	0.00983576	0	1.02	1.02
138.4	0.0020363	0.00111928	20239.4	1050	105	19409.1	72.5294	72.5294	290.118	290.118	0 22557.4 538.546 	23095.9	6.15245	6.5039	12399	666.612	0.00983181	0	1.02	1.02
138.5	0.0020363	0.00111931	20240.1	1050	105	19409.5	72.5607	72.5607	290.243	290.243	0 22556.9 538.311 	23095.2	6.15239	6.5039	12399	666.612	0.00982788	0	1.02	1.02
138.6	0.00203631	0.00111934	20240.8	1050	105	19409.9	72.592	72.592	290.368	290.368	0 22556.4 538.077 	23094.4	6.15233	6.5039	12399	666.612	0.00982395	0	1.02	1.02
138.7	0.00203631	0.00111937	20241.5	1050	105	19410.3	72.6233	72.6233	290.493	290.493	0 22555.8 537.844 	23093.7	6.15227	6.5039	12399	666.612	0.00982003	0	1.02	1.02
138.8	0.00203632	0.0011194	20242.2	1050	105	19410.7	72.6546	72.6546	290.618	290.618	0 22555.3 537.611 	23092.9	6.15221	6.5039	12399	666.612	0.00981613	0	1.02	1.02
138.9	0.00203633	0.00111943	20242.9	1050	105	19411.1	72.686	72.686	290.744	290.744	0 22554.8 537.38 	23092.2	6.15215	6.5039	12399	666.612	0.00981223	0	1.02	1.02
139	0.00203633	0.00111946	20243.6	1050	105	19411.5	72.7173	72.7173	290.869	290.869	0 22554.2 537.148 	23091.4	6.15209	6.5039	12399	666.612	0.00980835	0	1.02	1.02
139.1	0.00203634	0.00111949	20244.3	1050	105	19411.9	72.7487	72.7487	290.995	290.995	0 22553.7 536.918 	23090.6	6.15203	6.5039	12399	666.612	0.00980448	0	1.02	1.02
139.2	0.00203635	0.00111951	20245	1050	105	19412.2	72.7801	72.7801	291.12	291.12	0 22553.2 536.688 	23089.9	6.15197	6.5039	12399	666.612	0.00980062	0	1.02	1.02
139.3	0.00203635	0.00111954	20245.7	1050	105	19412.6	72.8115	72.8115	291.246	291.246	0 22552.7 536.458 	23089.1	6.15191	6.5039	12399	666.612	0.00979677	0	1.02	1.02
139.4	0.00203636	0.00111957	20246.4	1050	105	19413	72.843	72.843	291.372	291.372	0 22552.2 536.229 	23088.4	6.15186	6.5039	12399	666.612	0.00979293	0	1.02	1.02
139.5	0.00203637	0.0011196	20247.1	1050	105	19413.4	72.8744	72.8744	291.498	291.498	0 22551.6 536.001 	23087.6	6.1518	6.5039	12399	666.612	0.0097891	0	1.02	1.02
139.6	0.00203637	0.00111963	20247.8	1050	105	19413.8	72.9059	72.9059	291.624	291.624	0 22551.1 535.774 	23086.9	6.15174	6.5039	12399	666.612	0.00978529	0	1.02	1.02
139.7	0.00203638	0.00111966	20248.5	1050	105	19414.2	72.9374	72.9374	291.75	291.75	0 22550.6 535.547 	23086.1	6.15168	6.5039	12399	666.612	0.00978148	0	1.02	1.02
139.8	0.00203639	0.00111969	20249.3	1050	105	19414.6	72.9689	72.9689	291.876	291.876	0 22550.1 535.32 	23085.4	6.15162	6.5039	12399	666.612	0.00977769	0	1.02	1.02
139.9	0.00203639	0.00111972	20250	1050	105	19414.9	73.0005	73.0005	292.002	292.002	0 22549.5 535.095 	23084.6	6.15156	6.5039	12399	666.612	0.0097739	0	1.02	1.02
140	0.0020364	0.00111975	20250.7	1050	105	19415.3	73.032	73.032	292.128	292.128	0 22549 534.87 	23083.9	6.1515	6.5039	12399	666.612	0.00977013	0	1.02	1.02
140.1	0.00203641	0.00111978	20251.4	1050	105	19415.7	73.0636	73.0636	292.254	292.254	0 22548.5 534.645 	23083.1	6.15144	6.5039	12399	666.612	0.00976637	0	1.02	1.02
140.2	0.00203641	0.00111981	20252.1	1050	105	19416.1	73.0952	73.0952	292.381	292.381	0 22548 534.422 	23082.4	6.15138	6.5039	12399	666.612	0.00976262	0	1.02	1.02
140.3	0.00203642	0.00111984	20252.7	1050	105	19416.5	73.1268	73.1268	292.507	292.507	0 22547.4 534.198 	23081.6	6.15133	6.5039	12399	666.612	0.00975888	0	1.02	1.02
140.4	0.00203643	0.00111987	20253.4	1050	105	19416.9	73.1584	73.1584	292.634	292.634	0 22546.9 533.976 	23080.9	6.15127	6.5039	12399	666.612	0.00975515	0	1.02	1.02
140.5	0.00203643	0.0011199	20254.1	1050	105	19417.2	73.19	73.19	292.76	292.76	0 22546.4 533.754 	23080.1	6.15121	6.5039	12399	666.612	0.00975143	0	1.02	1.02
140.6	0.00203644	0.00111993	20254.8	1050	105	19417.6	73.2217	73.2217	292.887	292.887	0 22545.9 533.533 	23079.4	6.15115	6.5039	12399	666.612	0.00974772	0	1.02	1.02
140.7	0.00203644	0.00111996	20255.5	1050	105	19418	73.2534	73.2534	293.014	293.014	0 22545.4 533.312 	23078.7	6.15109	6.5039	12399	666.612	0.00974403	0	1.02	1.02
140.8	0.00203645	0.00111999	20256.2	1050	105	19418.4	73.2851	73.2851	293.14	293.14	0 22544.8 533.092 	23077.9	6.15103	6.5039	12399	666.612	0.00974034	0	1.02	1.02
140.9	0.00203646	0.00112002	20256.9	1050	105	19418.8	73.3168	73.3168	293.267	293.267	0 22544.3 532.872 	23077.2	6.15098	6.5039	12399	666.612	0.00973667	0	1.02	1.02
141	0.00203646	0.00112005	20257.6	1050	105	19419.2	73.3486	73.3486	293.394	293.394	0 22543.8 532.654 	23076.4	6.15092	6.5039	12399	666.612	0.00973301	0	1.02	1.02
141.1	0.00203647	0.00112008	20258.3	1050	105	19419.5	73.3803	73.3803	293.521	293.521	0 22543.3 532.436 	23075.7	6.15086	6.5039	12399	666.612	0.00972935	0	1.02	1.02
141.2	0.00203648	0.00112011	20259	1050	105	19419.9	73.4121	73.4121	293.648	293.648	0 22542.7 532.218 	23075	6.1508	6.5039	12399	666.612	0.00972571	0	1.02	1.02
141.3	0.00203648	0.00112013	20259.7	1050	105	19420.3	73.4439	73.4439	293.776	293.776	0 22542.2 532.001 	23074.2	6.15074	6.5039	12399	666.612	0.00972208	0	1.02	1.02
141.4	0.00203649	0.00112016	20260.4	1050	105	19420.7	73.4757	73.4757	293.903	293.903	0 22541.7 531.785 	23073.5	6.15069	6.5039	12399	666.612	0.00971846	0	1.02	1.02
141.5	0.0020365	0.00112019	20261.1	1050	105	19421	73.5076	73.5076	294.03	294.03	0 22541.2 531.569 	23072.8	6.15063	6.5039	12399	666.612	0.00971486	0	1.02	1.02
141.6	0.0020365	0.00112022	20261.8	1050	105	19421.4	73.5394	73.5394	294.158	294.158	0 22540.7 531.354 	23072	6.15057	6.5039	12399	666.612	0.00971126	0	1.02	1.02
141.7	0.00203651	0.00112025	20262.5	1050	105	19421.8	73.5713	73.5713	294.285	294.285	0 22540.1 531.139 	23071.3	6.15051	6.5039	12399	666.612	0.00970767	0	1.02	1.02
141.8	0.00203652	0.00112028	20263.2	1050	105	19422.2	73.6032	73.6032	294.413	294.413	0 22539.6 530.926 	23070.5	6.15045	6.5039	12399	666.612	0.0097041	0	1.02	1.02
141.9	0.00203652	0.00112031	20263.9	1050	105	19422.5	73.6351	73.6351	294.54	294.54	0 22539.1 530.712 	23069.8	6.1504	6.5039	12399	666.612	0.00970053	0	1.02	1.02
142	0.00203653	0.00112034	20264.6	1050	105	19422.9	73.667	73.667	294.668	294.668	0 22538.6 530.5 	23069.1	6.15034	6.5039	12399	666.612	0.00969698	0	1.02	1.02
142.1	0.00203653	0.00112037	20265.3	1050	105	19423.3	73.699	73.699	294.796	294.796	0 22538.1 530.288 	23068.4	6.15028	6.5039	12399	666.612	0.00969343	0	1.02	1.02
142.2	0.00203654	0.0011204	20266	1050	105	19423.7	73.7309	73.7309	294.924	294.924	0 22537.5 530.076 	23067.6	6.15023	6.5039	12399	666.612	0.0096899	0	1.02	1.02
142.3	0.00203655	0.00112043	20266.7	1050	105	19424	73.7629	73.7629	295.052	295.052	0 22537 529.866 	23066.9	6.15017	6.5039	12399	666.612	0.00968638	0	1.02	1.02
142.4	0.00203655	0.00112046	20267.4	1050	105	19424.4	73.7949	73.7949	295.18	295.18	0 22536.5 529.656 	23066.2	6.15011	6.5039	12399	666.612	0.00968287	0	1.02	1.02
142.5	0.00203656	0.00112049	20268.1	1050	105	19424.8	73.827	73.827	295.308	295.308	0 22536 529.446 	23065.4	6.15005	6.5039	12399	666.612	0.00967937	0	1.02	1.02
142.6	0.00203657	0.00112052	20268.7	1050	105	19425.2	73.859	73.859	295.436	295.436	0 22535.5 529.237 	23064.7	6.15	6.5039	12399	666.612	0.00967588	0	1.02	1.02
142.7	0.00203657	0.00112054	20269.4	1050	105	19425.5	73.8911	73.8911	295.564	295.564	0 22535 529.029 	23064	6.14994	6.5039	12399	666.612	0.0096724	0	1.02	1.02
142.8	0.00203658	0.00112057	20270.1	1050	105	19425.9	73.9232	73.9232	295.693	295.693	0 22534.4 528.821 	23063.3	6.14988	6.5039	12399	666.612	0.00966894	0	1.02	1.02
142.9	0.00203658	0.0011206	20270.8	1050	105	19426.3	73.9553	73.9553	295.821	295.821	0 22533.9 528.614 	23062.5	6.14983	6.5039	12399	666.612	0.00966548	0	1.02	1.02
143	0.00203659	0.00112063	20271.5	1050	105	19426.6	73.9874	73.9874	295.95	295.95	0 22533.4 528.408 	23061.8	6.14977	6.5039	12399	666.612	0.00966204	0	1.02	1.02
143.1	0.0020366	0.00112066	20272.2	1050	105	19427	74.0195	74.0195	296.078	296.078	0 22532.9 528.202 	23061.1	6.14971	6.5039	12399	666.612	0.0096586	0	1.02	1.02
143.2	0.0020366	0.00112069	20272.9	1050	105	19427.4	74.0517	74.0517	296.207	296.207	0 22532.4 527.997 	23060.4	6.14966	6.5039	12399	666.612	0.00965518	0	1.02	1.02
143.3	0.00203661	0.00112072	20273.6	1050	105	19427.7	74.0839	74.0839	296.335	296.335	0 22531.8 527.792 	23059.6	6.1496	6.5039	12399	666.612	0.00965176	0	1.02	1.02
143.4	0.00203662	0.00112075	20274.3	1050	105	19428.1	74.1161	74.1161	296.464	296.464	0 22531.3 527.588 	23058.9	6.14954	6.5039	12399	666.612	0.00964836	0	1.02	1.02
143.5	0.00203662	0.00112078	20275	1050	105	19428.5	74.1483	74.1483	296.593	296.593	0 22530.8 527.385 	23058.2	6.14949	6.5039	12399	666.612	0.00964497	0	1.02	1.02
143.6	0.00203663	0.00112081	20275.7	1050	105	19428.8	74.1805	74.1805	296.722	296.722	0 22530.3 527.182 	23057.5	6.14943	6.5039	12399	666.612	0.00964159	0	1.02	1.02
143.7	0.00203663	0.00112084	20276.3	1050	105	19429.2	74.2128	74.2128	296.851	296.851	0 22529.8 526.98 	23056.8	6.14937	6.5039	12399	666.612	0.00963822	0	1.02	1.02
143.8	0.00203664	0.00112087	20277	1050	105	19429.6	74.245	74.245	296.98	296.98	0 22529.3 526.778 	23056	6.14932	6.5039	12399	666.612	0.00963486	0	1.02	1.02
143.9	0.00203665	0.00112089	20277.7	1050	105	19429.9	74.2773	74.2773	297.109	297.109	0 22528.8 526.577 	23055.3	6.14926	6.5039	12399	666.612	0.00963151	0	1.02	1.02
144	0.00203665	0.00112092	20278.4	1050	105	19430.3	74.3097	74.3097	297.239	297.239	0 22528.2 526.377 	23054.6	6.1492	6.5039	12399	666.612	0.00962817	0	1.02	1.02
144.1	0.00203666	0.00112095	20279.1	1050	105	19430.7	74.342	74.342	297.368	297.368	0 22527.7 526.177 	23053.9	6.14915	6.5039	12399	666.612	0.00962485	0	1.02	1.02
144.2	0.00203667	0.00112098	20279.8	1050	105	19431	74.3743	74.3743	297.497	297.497	0 22527.2 525.978 	23053.2	6.14909	6.5039	12399	666.612	0.00962153	0	1.02	1.02
144.3	0.00203667	0.00112101	20280.5	1050	105	19431.4	74.4067	74.4067	297.627	297.627	0 22526.7 525.78 	23052.5	6.14904	6.5039	12399	666.612	0.00961823	0	1.02	1.02
144.4	0.00203668	0.00112104	20281.2	1050	105	19431.8	74.4391	74.4391	297.756	297.756	0 22526.2 525.582 	23051.8	6.14898	6.5039	12399	666.612	0.00961493	0	1.02	1.02
144.5	0.00203668	0.00112107	20281.8	1050	105	19432.1	74.4715	74.4715	297.886	297.886	0 22525.7 525.384 	23051	6.14892	6.5039	12399	666.612	0.00961165	0	1.02	1.02
144.6	0.00203669	0.0011211	20282.5	1050	105	19432.5	74.5039	74.5039	298.016	298.016	0 22525.1 525.188 	23050.3	6.14887	6.5039	12399	666.612	0.00960838	0	1.02	1.02
144.7	0.0020367	0.00112113	20283.2	1050	105	19432.8	74.5364	74.5364	298.146	298.146	0 22524.6 524.992 	23049.6	6.14881	6.5039	12399	666.612	0.00960511	0	1.02	1.02
144.8	0.0020367	0.00112116	20283.9	1050	105	19433.2	74.5689	74.5689	298.275	298.275	0 22524.1 524.796 	23048.9	6.14876	6.5039	12399	666.612	0.00960186	0	1.02	1.02
144.9	0.00203671	0.00112118	20284.6	1050	105	19433.6	74.6013	74.6013	298.405	298.405	0 22523.6 524.601 	23048.2	6.1487	6.5039	12399	666.612	0.00959862	0	1.02	1.02
145	0.00203672	0.00112121	20285.3	1050	105	19433.9	74.6338	74.6338	298.535	298.535	0 22523.1 524.407 	23047.5	6.14864	6.5039	12399	666.612	0.00959539	0	1.02	1.02
145.1	0.00203672	0.00112124	20286	1050	105	19434.3	74.6664	74.6664	298.665	298.665	0 22522.6 524.213 	23046.8	6.14859	6.5039	12399	666.612	0.00959217	0	1.02	1.02
145.2	0.00203673	0.00112127	20286.6	1050	105	19434.6	74.6989	74.6989	298.796	298.796	0 22522.1 524.02 	23046.1	6.14853	6.5039	12399	666.612	0.00958896	0	1.02	1.02
145.3	0.00203673	0.0011213	20287.3	1050	105	19435	74.7315	74.7315	298.926	298.926	0 22521.5 523.828 	23045.4	6.14848	6.5039	12399	666.612	0.00958576	0	1.02	1.02
145.4	0.00203674	0.00112133	20288	1050	105	19435.4	74.7641	74.7641	299.056	299.056	0 22521 523.636 	23044.7	6.14842	6.5039	12399	666.612	0.00958258	0	1.02	1.02
145.5	0.00203675	0.00112136	20288.7	1050	105	19435.7	74.7967	74.7967	299.187	299.187	0 22520.5 523.445 	23044	6.14837	6.5039	12399	666.612	0.0095794	0	1.02	1.02
145.6	0.00203675	0.00112139	20289.4	1050	105	19436.1	74.8293	74.8293	299.317	299.317	0 22520 523.254 	23043.3	6.14831	6.5039	12399	666.612	0.00957623	0	1.02	1.02
145.7	0.00203676	0.00112142	20290.1	1050	105	19436.4	74.8619	74.8619	299.448	299.448	0 22519.5 523.064 	23042.6	6.14826	6.5039	12399	666.612	0.00957308	0	1.02	1.02
145.8	0.00203676	0.00112144	20290.7	1050	105	19436.8	74.8946	74.8946	299.578	299.578	0 22519 522.875 	23041.9	6.1482	6.5039	12399	666.612	0.00956993	0	1.02	1.02
145.9	0.00203677	0.00112147	20291.4	1050	105	19437.1	74.9273	74.9273	299.709	299.709	0 22518.5 522.686 	23041.2	6.14815	6.5039	12399	666.612	0.0095668	0	1.02	1.02
146	0.00203678	0.0011215	20292.1	1050	105	19437.5	74.96	74.96	299.84	299.84	0 22518 522.498 	23040.5	6.14809	6.5039	12399	666.612	0.00956368	0	1.02	1.02
146.1	0.00203678	0.00112153	20292.8	1050	105	19437.9	74.9927	74.9927	299.971	299.971	0 22517.4 522.31 	23039.8	6.14804	6.5039	12399	666.612	0.00956056	0	1.02	1.02
146.2	0.00203679	0.00112156	20293.5	1050	105	19438.2	75.0254	75.0254	300.102	300.102	0 22516.9 522.123 	23039.1	6.14798	6.5039	12399	666.612	0.00955746	0	1.02	1.02
146.3	0.00203679	0.00112159	20294.1	1050	105	19438.6	75.0582	75.0582	300.233	300.233	0 22516.4 521.937 	23038.4	6.14793	6.5039	12399	666.612	0.00955437	0	1.02	1.02
146.4	0.0020368	0.00112162	20294.8	1050	105	19438.9	75.0909	75.0909	300.364	300.364	0 22515.9 521.751 	23037.7	6.14787	6.5039	12399	666.612	0.00955129	0	1.02	1.02
146.5	0.00203681	0.00112165	20295.5	1050	105	19439.3	75.1237	75.1237	300.495	300.495	0 22515.4 521.566 	23037	6.14782	6.5039	12399	666.612	0.00954822	0	1.02	1.02
146.6	0.00203681	0.00112168	20296.2	1050	105	19439.6	75.1566	75.1566	300.626	300.626	0 22514.9 521.381 	23036.3	6.14776	6.5039	12399	666.612	0.00954516	0	1.02	1.02
146.7	0.00203682	0.0011217	20296.9	1050	105	19440	75.1894	75.1894	300.758	300.758	0 22514.4 521.197 	23035.6	6.14771	6.5039	12399	666.612	0.00954211	0	1.02	1.02
146.8	0.00203682	0.00112173	20297.5	1050	105	19440.3	75.2222	75.2222	300.889	300.889	0 22513.9 521.014 	23034.9	6.14766	6.5039	12399	666.612	0.00953907	0	1.02	1.02
146.9	0.00203683	0.00112176	20298.2	1050	105	19440.7	75.2551	75.2551	301.02	301.02	0 22513.4 520.831 	23034.2	6.1476	6.5039	12399	666.612	0.00953605	0	1.02	1.02
147	0.00203684	0.00112179	20298.9	1050	105	19441	75.288	75.288	301.152	301.152	0 22512.9 520.649 	23033.5	6.14755	6.5039	12399	666.612	0.00953303	0	1.02	1.02
147.1	0.00203684	0.00112182	20299.6	1050	105	19441.4	75.3209	75.3209	301.284	301.284	0 22512.3 520.467 	23032.8	6.14749	6.5039	12399	666.612	0.00953002	0	1.02	1.02
147.2	0.00203685	0.00112185	20300.3	1050	105	19441.7	75.3539	75.3539	301.415	301.415	0 22511.8 520.286 	23032.1	6.14744	6.5039	12399	666.612	0.00952703	0	1.02	1.02
147.3	0.00203685	0.00112188	20300.9	1050	105	19442.1	75.3868	75.3868	301.547	301.547	0 22511.3 520.106 	23031.4	6.14738	6.5039	12399	666.612	0.00952404	0	1.02	1.02
147.4	0.00203686	0.00112191	20301.6	1050	105	19442.4	75.4198	75.4198	301.679	301.679	0 22510.8 519.926 	23030.7	6.14733	6.5039	12399	666.612	0.00952107	0	1.02	1.02
147.5	0.00203687	0.00112193	20302.3	1050	105	19442.8	75.4528	75.4528	301.811	301.811	0 22510.3 519.747 	23030.1	6.14728	6.5039	12399	666.612	0.0095181	0	1.02	1.02
147.6	0.00203687	0.00112196	20303	1050	105	19443.1	75.4858	75.4858	301.943	301.943	0 22509.8 519.568 	23029.4	6.14722	6.5039	12399	666.612	0.00951515	0	1.02	1.02
147.7	0.00203688	0.00112199	20303.6	1050	105	19443.5	75.5188	75.5188	302.075	302.075	0 22509.3 519.39 	23028.7	6.14717	6.5039	12399	666.612	0.00951221	0	1.02	1.02
147.8	0.00203688	0.00112202	20304.3	1050	105	19443.8	75.5518	75.5518	302.207	302.207	0 22508.8 519.213 	23028	6.14711	6.5039	12399	666.612	0.00950927	0	1.02	1.02
147.9	0.00203689	0.00112205	20305	1050	105	19444.2	75.5849	75.5849	302.34	302.34	0 22508.3 519.036 	23027.3	6.14706	6.5039	12399	666.612	0.00950635	0	1.02	1.02
148	0.0020369	0.00112208	20305.7	1050	105	19444.5	75.618	75.618	302.472	302.472	0 22507.8 518.86 	23026.6	6.14701	6.5039	12399	666.612	0.00950344	0	1.02	1.02
148.1	0.0020369	0.00112211	20306.4	1050	105	19444.8	75.6511	75.6511	302.604	302.604	0 22507.3 518.684 	23025.9	6.14695	6.5039	12399	666.612	0.00950054	0	1.02	1.02
148.2	0.00203691	0.00112213	20307	1050	105	19445.2	75.6842	75.6842	302.737	302.737	0 22506.7 518.509 	23025.3	6.1469	6.5039	12399	666.612	0.00949765	0	1.02	1.02
148.3	0.00203691	0.00112216	20307.7	1050	105	19445.5	75.7174	75.7174	302.869	302.869	0 22506.2 518.335 	23024.6	6.14685	6.5039	12399	666.612	0.00949477	0	1.02	1.02
148.4	0.00203692	0.00112219	20308.4	1050	105	19445.9	75.7505	75.7505	303.002	303.002	0 22505.7 518.161 	23023.9	6.14679	6.5039	12399	666.612	0.0094919	0	1.02	1.02
148.5	0.00203693	0.00112222	20309.1	1050	105	19446.2	75.7837	75.7837	303.135	303.135	0 22505.2 517.988 	23023.2	6.14674	6.5039	12399	666.612	0.00948904	0	1.02	1.02
148.6	0.00203693	0.00112225	20309.7	1050	105	19446.6	75.8169	75.8169	303.268	303.268	0 22504.7 517.815 	23022.5	6.14669	6.5039	12399	666.612	0.00948619	0	1.02	1.02
148.7	0.00203694	0.00112228	20310.4	1050	105	19446.9	75.8501	75.8501	303.401	303.401	0 22504.2 517.643 	23021.9	6.14663	6.5039	12399	666.612	0.00948336	0	1.02	1.02
148.8	0.00203694	0.00112231	20311.1	1050	105	19447.2	75.8834	75.8834	303.534	303.534	0 22503.7 517.471 	23021.2	6.14658	6.5039	12399	666.612	0.00948053	0	1.02	1.02
148.9	0.00203695	0.00112233	20311.7	1050	105	19447.6	75.9167	75.9167	303.667	303.667	0 22503.2 517.301 	23020.5	6.14653	6.5039	12399	666.612	0.00947771	0	1.02	1.02
149	0.00203696	0.00112236	20312.4	1050	105	19447.9	75.9499	75.9499	303.8	303.8	0 22502.7 517.13 	23019.8	6.14647	6.5039	12399	666.612	0.00947491	0	1.02	1.02
149.1	0.00203696	0.00112239	20313.1	1050	105	19448.3	75.9832	75.9832	303.933	303.933	0 22502.2 516.961 	23019.1	6.14642	6.5039	12399	666.612	0.00947211	0	1.02	1.02
149.2	0.00203697	0.00112242	20313.8	1050	105	19448.6	76.0166	76.0166	304.066	304.066	0 22501.7 516.791 	23018.5	6.14637	6.5039	12399	666.612	0.00946932	0	1.02	1.02
149.3	0.00203697	0.00112245	20314.4	1050	105	19448.9	76.0499	76.0499	304.2	304.2	0 22501.2 516.623 	23017.8	6.14631	6.5039	12399	666.612	0.00946655	0	1.02	1.02
149.4	0.00203698	0.00112248	20315.1	1050	105	19449.3	76.0833	76.0833	304.333	304.333	0 22500.7 516.455 	23017.1	6.14626	6.5039	12399	666.612	0.00946379	0	1.02	1.02
149.5	0.00203698	0.0011225	20315.8	1050	105	19449.6	76.1166	76.1166	304.467	304.467	0 22500.2 516.288 	23016.4	6.14621	6.5039	12399	666.612	0.00946103	0	1.02	1.02
149.6	0.00203699	0.00112253	20316.4	1050	105	19449.9	76.15	76.15	304.6	304.6	0 22499.7 516.121 	23015.8	6.14615	6.5039	12399	666.612	0.00945829	0	1.02	1.02
149.7	0.002037	0.00112256	20317.1	1050	105	19450.3	76.1834	76.1834	304.734	304.734	0 22499.1 515.955 	23015.1	6.1461	6.5039	12399	666.612	0.00945556	0	1.02	1.02
149.8	0.002037	0.00112259	20317.8	1050	105	19450.6	76.2169	76.2169	304.868	304.868	0 22498.6 515.789 	23014.4	6.14605	6.5039	12399	666.612	0.00945283	0	1.02	1.02
149.9	0.00203701	0.00112262	20318.5	1050	105	19451	76.2503	76.2503	305.001	305.001	0 22498.1 515.624 	23013.8	6.146	6.5039	12399	666.612	0.00945012	0	1.02	1.02
150	0.00203701	0.00112265	20319.1	1050	105	19451.3	76.2838	76.2838	305.135	305.135	0 22497.6 515.46 	23013.1	6.14594	6.5039	12399	666.612	0.00944742	0	1.02	1.02
150.1	0.00203702	0.00112268	20319.8	1050	105	19451.6	76.3173	76.3173	305.269	305.269	0 22497.1 515.296 	23012.4	6.14589	6.5039	12399	666.612	0.00944473	0	1.02	1.02
150.2	0.00203702	0.0011227	20320.5	1050	105	19452	76.3508	76.3508	305.403	305.403	0 22496.6 515.133 	23011.8	6.14584	6.5039	12399	666.612	0.00944205	0	1.02	1.02
150.3	0.00203703	0.00112273	20321.1	1050	105	19452.3	76.3844	76.3844	305.537	305.537	0 22496.1 514.97 	23011.1	6.14579	6.5039	12399	666.612	0.00943938	0	1.02	1.02
150.4	0.00203704	0.00112276	20321.8	1050	105	19452.6	76.4179	76.4179	305.672	305.672	0 22495.6 514.808 	23010.4	6.14574	6.5039	12399	666.612	0.00943672	0	1.02	1.02
150.5	0.00203704	0.00112279	20322.5	1050	105	19453	76.4515	76.4515	305.806	305.806	0 22495.1 514.647 	23009.8	6.14568	6.5039	12399	666.612	0.00943407	0	1.02	1.02
150.6	0.00203705	0.00112282	20323.1	1050	105	19453.3	76.4851	76.4851	305.94	305.94	0 22494.6 514.486 	23009.1	6.14563	6.5039	12399	666.612	0.00943143	0	1.02	1.02
150.7	0.00203705	0.00112285	20323.8	1050	105	19453.6	76.5187	76.5187	306.075	306.075	0 22494.1 514.325 	23008.4	6.14558	6.5039	12399	666.612	0.0094288	0	1.02	1.02
150.8	0.00203706	0.00112287	20324.5	1050	105	19454	76.5523	76.5523	306.209	306.209	0 22493.6 514.166 	23007.8	6.14553	6.5039	12399	666.612	0.00942618	0	1.02	1.02
150.9	0.00203707	0.0011229	20325.1	1050	105	19454.3	76.586	76.586	306.344	306.344	0 22493.1 514.007 	23007.1	6.14547	6.5039	12399	666.612	0.00942358	0	1.02	1.02
151	0.00203707	0.00112293	20325.8	1050	105	19454.6	76.6197	76.6197	306.479	306.479	0 22492.6 513.848 	23006.4	6.14542	6.5039	12399	666.612	0.00942098	0	1.02	1.02
151.1	0.00203708	0.00112296	20326.5	1050	105	19454.9	76.6534	76.6534	306.613	306.613	0 22492.1 513.69 	23005.8	6.14537	6.5039	12399	666.612	0.00941839	0	1.02	1.02
151.2	0.00203708	0.00112299	20327.1	1050	105	19455.3	76.6871	76.6871	306.748	306.748	0 22491.6 513.533 	23005.1	6.14532	6.5039	12399	666.612	0.00941581	0	1.02	1.02
151.3	0.00203709	0.00112301	20327.8	1050	105	19455.6	76.7208	76.7208	306.883	306.883	0 22491.1 513.376 	23004.5	6.14527	6.5039	12399	666.612	0.00941325	0	1.02	1.02
151.4	0.00203709	0.00112304	20328.5	1050	105	19455.9	76.7546	76.7546	307.018	307.018	0 22490.6 513.22 	23003.8	6.14522	6.5039	12399	666.612	0.00941069	0	1.02	1.02
151.5	0.0020371	0.00112307	20329.1	1050	105	19456.3	76.7883	76.7883	307.153	307.153	0 22490.1 513.064 	23003.1	6.14516	6.5039	12399	666.612	0.00940815	0	1.02	1.02
151.6	0.00203711	0.0011231	20329.8	1050	105	19456.6	76.8221	76.8221	307.288	307.288	0 22489.6 512.909 	23002.5	6.14511	6.5039	12399	666.612	0.00940561	0	1.02	1.02
151.7	0.00203711	0.00112313	20330.5	1050	105	19456.9	76.8559	76.8559	307.424	307.424	0 22489.1 512.755 	23001.8	6.14506	6.5039	12399	666.612	0.00940309	0	1.02	1.02
151.8	0.00203712	0.00112316	20331.1	1050	105	19457.2	76.8898	76.8898	307.559	307.559	0 22488.6 512.601 	23001.2	6.14501	6.5039	12399	666.612	0.00940057	0	1.02	1.02
151.9	0.00203712	0.00112318	20331.8	1050	105	19457.6	76.9236	76.9236	307.694	307.694	0 22488.1 512.448 	23000.5	6.14496	6.5039	12399	666.612	0.00939807	0	1.02	1.02
152	0.00203713	0.00112321	20332.5	1050	105	19457.9	76.9575	76.9575	307.83	307.83	0 22487.6 512.295 	22999.9	6.14491	6.5039	12399	666.612	0.00939558	0	1.02	1.02
152.1	0.00203713	0.00112324	20333.1	1050	105	19458.2	76.9914	76.9914	307.965	307.965	0 22487.1 512.143 	22999.2	6.14486	6.5039	12399	666.612	0.00939309	0	1.02	1.02
152.2	0.00203714	0.00112327	20333.8	1050	105	19458.5	77.0253	77.0253	308.101	308.101	0 22486.6 511.991 	22998.6	6.1448	6.5039	12399	666.612	0.00939062	0	1.02	1.02
152.3	0.00203715	0.0011233	20334.5	1050	105	19458.9	77.0592	77.0592	308.237	308.237	0 22486.1 511.84 	22997.9	6.14475	6.5039	12399	666.612	0.00938816	0	1.02	1.02
152.4	0.00203715	0.00112332	20335.1	1050	105	19459.2	77.0932	77.0932	308.373	308.373	0 22485.6 511.69 	22997.3	6.1447	6.5039	12399	666.612	0.0093857	0	1.02	1.02
152.5	0.00203716	0.00112335	20335.8	1050	105	19459.5	77.1271	77.1271	308.509	308.509	0 22485.1 511.54 	22996.6	6.14465	6.5039	12399	666.612	0.00938326	0	1.02	1.02
152.6	0.00203716	0.00112338	20336.4	1050	105	19459.8	77.1611	77.1611	308.644	308.644	0 22484.6 511.391 	22996	6.1446	6.5039	12399	666.612	0.00938083	0	1.02	1.02
152.7	0.00203717	0.00112341	20337.1	1050	105	19460.2	77.1951	77.1951	308.781	308.781	0 22484.1 511.242 	22995.3	6.14455	6.5039	12399	666.612	0.00937841	0	1.02	1.02
152.8	0.00203717	0.00112344	20337.8	1050	105	19460.5	77.2292	77.2292	308.917	308.917	0 22483.6 511.094 	22994.7	6.1445	6.5039	12399	666.612	0.009376	0	1.02	1.02
152.9	0.00203718	0.00112346	20338.4	1050	105	19460.8	77.2632	77.2632	309.053	309.053	0 22483.1 510.947 	22994	6.14445	6.5039	12399	666.612	0.0093736	0	1.02	1.02
153	0.00203718	0.00112349	20339.1	1050	105	19461.1	77.2973	77.2973	309.189	309.189	0 22482.6 510.8 	22993.4	6.1444	6.5039	12399	666.612	0.00937121	0	1.02	1.02
153.1	0.00203719	0.00112352	20339.8	1050	105	19461.4	77.3314	77.3314	309.325	309.325	0 22482.1 510.653 	22992.7	6.14435	6.5039	12399	666.612	0.00936883	0	1.02	1.02
153.2	0.0020372	0.00112355	20340.4	1050	105	19461.8	77.3655	77.3655	309.462	309.462	0 22481.6 510.508 	22992.1	6.1443	6.5039	12399	666.612	0.00936646	0	1.02	1.02
153.3	0.0020372	0.00112358	20341.1	1050	105	19462.1	77.3996	77.3996	309.598	309.598	0 22481.1 510.362 	22991.4	6.14425	6.5039	12399	666.612	0.0093641	0	1.02	1.02
153.4	0.00203721	0.0011236	20341.7	1050	105	19462.4	77.4337	77.4337	309.735	309.735	0 22480.6 510.218 	22990.8	6.14419	6.5039	12399	666.612	0.00936175	0	1.02	1.02
153.5	0.00203721	0.00112363	20342.4	1050	105	19462.7	77.4679	77.4679	309.872	309.872	0 22480.1 510.074 	22990.2	6.14414	6.5039	12399	666.612	0.00935941	0	1.02	1.02
153.6	0.00203722	0.00112366	20343.1	1050	105	19463	77.5021	77.5021	310.008	310.008	0 22479.6 509.93 	22989.5	6.14409	6.5039	12399	666.612	0.00935708	0	1.02	1.02
153.7	0.00203722	0.00112369	20343.7	1050	105	19463.4	77.5363	77.5363	310.145	310.145	0 22479.1 509.787 	22988.9	6.14404	6.5039	12399	666.612	0.00935476	0	1.02	1.02
153.8	0.00203723	0.00112372	20344.4	1050	105	19463.7	77.5705	77.5705	310.282	310.282	0 22478.6 509.645 	22988.2	6.14399	6.5039	12399	666.612	0.00935245	0	1.02	1.02
153.9	0.00203723	0.00112374	20345	1050	105	19464	77.6048	77.6048	310.419	310.419	0 22478.1 509.503 	22987.6	6.14394	6.5039	12399	666.612	0.00935015	0	1.02	1.02
154	0.00203724	0.00112377	20345.7	1050	105	19464.3	77.6391	77.6391	310.556	310.556	0 22477.6 509.362 	22987	6.14389	6.5039	12399	666.612	0.00934787	0	1.02	1.02
154.1	0.00203725	0.0011238	20346.3	1050	105	19464.6	77.6733	77.6733	310.693	310.693	0 22477.1 509.222 	22986.3	6.14384	6.5039	12399	666.612	0.00934559	0	1.02	1.02
154.2	0.00203725	0.00112383	20347	1050	105	19464.9	77.7076	77.7076	310.831	310.831	0 22476.6 509.082 	22985.7	6.14379	6.5039	12399	666.612	0.00934332	0	1.02	1.02
154.3	0.00203726	0.00112386	20347.7	1050	105	19465.2	77.742	77.742	310.968	310.968	0 22476.1 508.942 	22985	6.14374	6.5039	12399	666.612	0.00934106	0	1.02	1.02
154.4	0.00203726	0.00112388	20348.3	1050	105	19465.6	77.7763	77.7763	311.105	311.105	0 22475.6 508.803 	22984.4	6.14369	6.5039	12399	666.612	0.00933882	0	1.02	1.02
154.5	0.00203727	0.00112391	20349	1050	105	19465.9	77.8107	77.8107	311.243	311.243	0 22475.1 508.665 	22983.8	6.14364	6.5039	12399	666.612	0.00933658	0	1.02	1.02
154.6	0.00203727	0.00112394	20349.6	1050	105	19466.2	77.8451	77.8451	311.38	311.38	0 22474.6 508.527 	22983.1	6.14359	6.5039	12399	666.612	0.00933435	0	1.02	1.02
154.7	0.00203728	0.00112397	20350.3	1050	105	19466.5	77.8795	77.8795	311.518	311.518	0 22474.1 508.39 	22982.5	6.14354	6.5039	12399	666.612	0.00933214	0	1.02	1.02
154.8	0.00203728	0.001124	20350.9	1050	105	19466.8	77.9139	77.9139	311.656	311.656	0 22473.6 508.254 	22981.9	6.14349	6.5039	12399	666.612	0.00932993	0	1.02	1.02
154.9	0.00203729	0.00112402	20351.6	1050	105	19467.1	77.9483	77.9483	311.793	311.793	0 22473.1 508.118 	22981.2	6.14344	6.5039	12399	666.612	0.00932773	0	1.02	1.02
155	0.0020373	0.00112405	20352.3	1050	105	19467.4	77.9828	77.9828	311.931	311.931	0 22472.6 507.982 	22980.6	6.1434	6.5039	12399	666.612	0.00932555	0	1.02	1.02
155.1	0.0020373	0.00112408	20352.9	1050	105	19467.7	78.0173	78.0173	312.069	312.069	0 22472.1 507.847 	22980	6.14335	6.5039	12399	666.612	0.00932337	0	1.02	1.02
155.2	0.00203731	0.00112411	20353.6	1050	105	19468	78.0518	78.0518	312.207	312.207	0 22471.6 507.713 	22979.3	6.1433	6.5039	12399	666.612	0.00932121	0	1.02	1.02
155.3	0.00203731	0.00112413	20354.2	1050	105	19468.4	78.0863	78.0863	312.345	312.345	0 22471.1 507.579 	22978.7	6.14325	6.5039	12399	666.612	0.00931905	0	1.02	1.02
155.4	0.00203732	0.00112416	20354.9	1050	105	19468.7	78.1209	78.1209	312.484	312.484	0 22470.6 507.446 	22978.1	6.1432	6.5039	12399	666.612	0.00931691	0	1.02	1.02
155.5	0.00203732	0.00112419	20355.5	1050	105	19469	78.1554	78.1554	312.622	312.622	0 22470.2 507.314 	22977.5	6.14315	6.5039	12399	666.612	0.00931477	0	1.02	1.02
155.6	0.00203733	0.00112422	20356.2	1050	105	19469.3	78.19	78.19	312.76	312.76	0 22469.7 507.182 	22976.8	6.1431	6.5039	12399	666.612	0.00931265	0	1.02	1.02
155.7	0.00203733	0.00112425	20356.8	1050	105	19469.6	78.2246	78.2246	312.899	312.899	0 22469.2 507.05 	22976.2	6.14305	6.5039	12399	666.612	0.00931053	0	1.02	1.02
155.8	0.00203734	0.00112427	20357.5	1050	105	19469.9	78.2593	78.2593	313.037	313.037	0 22468.7 506.919 	22975.6	6.143	6.5039	12399	666.612	0.00930843	0	1.02	1.02
155.9	0.00203734	0.0011243	20358.1	1050	105	19470.2	78.2939	78.2939	313.176	313.176	0 22468.2 506.789 	22975	6.14295	6.5039	12399	666.612	0.00930633	0	1.02	1.02
156	0.00203735	0.00112433	20358.8	1050	105	19470.5	78.3286	78.3286	313.314	313.314	0 22467.7 506.659 	22974.3	6.1429	6.5039	12399	666.612	0.00930425	0	1.02	1.02
156.1	0.00203735	0.00112436	20359.4	1050	105	19470.8	78.3633	78.3633	313.453	313.453	0 22467.2 506.53 	22973.7	6.14285	6.5039	12399	666.612	0.00930218	0	1.02	1.02
156.2	0.00203736	0.00112438	20360.1	1050	105	19471.1	78.398	78.398	313.592	313.592	0 22466.7 506.401 	22973.1	6.14281	6.5039	12399	666.612	0.00930011	0	1.02	1.02
156.3	0.00203737	0.00112441	20360.8	1050	105	19471.4	78.4327	78.4327	313.731	313.731	0 22466.2 506.273 	22972.5	6.14276	6.5039	12399	666.612	0.00929806	0	1.02	1.02
156.4	0.00203737	0.00112444	20361.4	1050	105	19471.7	78.4674	78.4674	313.87	313.87	0 22465.7 506.146 	22971.9	6.14271	6.5039	12399	666.612	0.00929601	0	1.02	1.02
156.5	0.00203738	0.00112447	20362.1	1050	105	19472	78.5022	78.5022	314.009	314.009	0 22465.2 506.019 	22971.2	6.14266	6.5039	12399	666.612	0.00929398	0	1.02	1.02
156.6	0.00203738	0.00112449	20362.7	1050	105	19472.3	78.537	78.537	314.148	314.148	0 22464.7 505.893 	22970.6	6.14261	6.5039	12399	666.612	0.00929196	0	1.02	1.02
156.7	0.00203739	0.00112452	20363.4	1050	105	19472.6	78.5718	78.5718	314.287	314.287	0 22464.2 505.767 	22970	6.14256	6.5039	12399	666.612	0.00928994	0	1.02	1.02
156.8	0.00203739	0.00112455	20364	1050	105	19472.9	78.6066	78.6066	314.427	314.427	0 22463.7 505.642 	22969.4	6.14251	6.5039	12399	666.612	0.00928794	0	1.02	1.02
156.9	0.0020374	0.00112458	20364.7	1050	105	19473.2	78.6415	78.6415	314.566	314.566	0 22463.2 505.517 	22968.8	6.14247	6.5039	12399	666.612	0.00928595	0	1.02	1.02
157	0.0020374	0.00112461	20365.3	1050	105	19473.5	78.6763	78.6763	314.705	314.705	0 22462.7 505.393 	22968.1	6.14242	6.5039	12399	666.612	0.00928396	0	1.02	1.02
157.1	0.00203741	0.00112463	20366	1050	105	19473.8	78.7112	78.7112	314.845	314.845	0 22462.3 505.269 	22967.5	6.14237	6.5039	12399	666.612	0.00928199	0	1.02	1.02
157.2	0.00203741	0.00112466	20366.6	1050	105	19474.1	78.7461	78.7461	314.985	314.985	0 22461.8 505.146 	22966.9	6.14232	6.5039	12399	666.612	0.00928003	0	1.02	1.02
157.3	0.00203742	0.00112469	20367.3	1050	105	19474.4	78.7811	78.7811	315.124	315.124	0 22461.3 505.024 	22966.3	6.14227	6.5039	12399	666.612	0.00927808	0	1.02	1.02
157.4	0.00203742	0.00112472	20367.9	1050	105	19474.7	78.816	78.816	315.264	315.264	0 22460.8 504.902 	22965.7	6.14222	6.5039	12399	666.612	0.00927613	0	1.02	1.02
157.5	0.00203743	0.00112474	20368.6	1050	105	19475	78.851	78.851	315.404	315.404	0 22460.3 504.781 	22965.1	6.14218	6.5039	12399	666.612	0.0092742	0	1.02	1.02
157.6	0.00203744	0.00112477	20369.2	1050	105	19475.3	78.886	78.886	315.544	315.544	0 22459.8 504.66 	22964.5	6.14213	6.5039	12399	666.612	0.00927228	0	1.02	1.02
157.7	0.00203744	0.0011248	20369.8	1050	105	19475.6	78.921	78.921	315.684	315.684	0 22459.3 504.54 	22963.8	6.14208	6.5039	12399	666.612	0.00927037	0	1.02	1.02
157.8	0.00203745	0.00112483	20370.5	1050	105	19475.9	78.956	78.956	315.824	315.824	0 22458.8 504.421 	22963.2	6.14203	6.5039	12399	666.612	0.00926846	0	1.02	1.02
157.9	0.00203745	0.00112485	20371.1	1050	105	19476.2	78.9911	78.9911	315.964	315.964	0 22458.3 504.302 	22962.6	6.14198	6.5039	12399	666.612	0.00926657	0	1.02	1.02
158	0.00203746	0.00112488	20371.8	1050	105	19476.5	79.0261	79.0261	316.105	316.105	0 22457.8 504.183 	22962	6.14194	6.5039	12399	666.612	0.00926469	0	1.02	1.02
158.1	0.00203746	0.00112491	20372.4	1050	105	19476.8	79.0612	79.0612	316.245	316.245	0 22457.3 504.065 	22961.4	6.14189	6.5039	12399	666.612	0.00926282	0	1.02	1.02
158.2	0.00203747	0.00112494	20373.1	1050	105	19477.1	79.0963	79.0963	316.385	316.385	0 22456.9 503.948 	22960.8	6.14184	6.5039	12399	666.612	0.00926095	0	1.02	1.02
158.3	0.00203747	0.00112496	20373.7	1050	105	19477.4	79.1315	79.1315	316.526	316.526	0 22456.4 503.831 	22960.2	6.14179	6.5039	12399	666.612	0.0092591	0	1.02	1.02
158.4	0.00203748	0.00112499	20374.4	1050	105	19477.7	79.1666	79.1666	316.666	316.666	0 22455.9 503.715 	22959.6	6.14175	6.5039	12399	666.612	0.00925726	0	1.02	1.02
158.5	0.00203748	0.00112502	20375	1050	105	19478	79.2018	79.2018	316.807	316.807	0 22455.4 503.599 	22959	6.1417	6.5039	12399	666.612	0.00925543	0	1.02	1.02
158.6	0.00203749	0.00112505	20375.7	1050	105	19478.3	79.237	79.237	316.948	316.948	0 22454.9 503.484 	22958.4	6.14165	6.5039	12399	666.612	0.00925361	0	1.02	1.02
158.7	0.00203749	0.00112507	20376.3	1050	105	19478.6	79.2722	79.2722	317.089	317.089	0 22454.4 503.37 	22957.8	6.1416	6.5039	12399	666.612	0.00925179	0	1.02	1.02
158.8	0.0020375	0.0011251	20377	1050	105	19478.9	79.3074	79.3074	317.23	317.23	0 22453.9 503.256 	22957.2	6.14156	6.5039	12399	666.612	0.00924999	0	1.02	1.02
158.9	0.0020375	0.00112513	20377.6	1050	105	19479.2	79.3427	79.3427	317.371	317.371	0 22453.4 503.142 	22956.6	6.14151	6.5039	12399	666.612	0.0092482	0	1.02	1.02
159	0.00203751	0.00112516	20378.2	1050	105	19479.5	79.3779	79.3779	317.512	317.512	0 22452.9 503.029 	22956	6.14146	6.5039	12399	666.612	0.00924642	0	1.02	1.02
159.1	0.00203751	0.00112518	20378.9	1050	105	19479.8	79.4132	79.4132	317.653	317.653	0 22452.4 502.917 	22955.4	6.14141	6.5039	12399	666.612	0.00924464	0	1.02	1.02
159.2	0.00203752	0.00112521	20379.5	1050	105	19480	79.4485	79.4485	317.794	317.794	0 22452 502.805 	22954.8	6.14137	6.5039	12399	666.612	0.00924288	0	1.02	1.02
159.3	0.00203752	0.00112524	20380.2	1050	105	19480.3	79.4839	79.4839	317.935	317.935	0 22451.5 502.694 	22954.2	6.14132	6.5039	12399	666.612	0.00924113	0	1.02	1.02
159.4	0.00203753	0.00112526	20380.8	1050	105	19480.6	79.5192	79.5192	318.077	318.077	0 22451 502.584 	22953.6	6.14127	6.5039	12399	666.612	0.00923939	0	1.02	1.02
159.5	0.00203753	0.00112529	20381.5	1050	105	19480.9	79.5546	79.5546	318.218	318.218	0 22450.5 502.474 	22953	6.14123	6.5039	12399	666.612	0.00923766	0	1.02	1.02
159.6	0.00203754	0.00112532	20382.1	1050	105	19481.2	79.59	79.59	318.36	318.36	0 22450 502.364 	22952.4	6.14118	6.5039	12399	666.612	0.00923593	0	1.02	1.02
159.7	0.00203755	0.00112535	20382.7	1050	105	19481.5	79.6254	79.6254	318.502	318.502	0 22449.5 502.255 	22951.8	6.14113	6.5039	12399	666.612	0.00923422	0	1.02	1.02
159.8	0.00203755	0.00112537	20383.4	1050	105	19481.8	79.6608	79.6608	318.643	318.643	0 22449 502.147 	22951.2	6.14109	6.5039	12399	666.612	0.00923252	0	1.02	1.02
159.9	0.00203756	0.0011254	20384	1050	105	19482.1	79.6963	79.6963	318.785	318.785	0 22448.5 502.039 	22950.6	6.14104	6.5039	12399	666.612	0.00923083	0	1.02	1.02
160	0.00203756	0.00112543	20384.7	1050	105	19482.4	79.7318	79.7318	318.927	318.927	0 22448.1 501.931 	22950	6.14099	6.5039	12399	666.612	0.00922914	0	1.02	1.02
160.1	0.00203757	0.00112546	20385.3	1050	105	19482.6	79.7672	79.7672	319.069	319.069	0 22447.6 501.825 	22949.4	6.14095	6.5039	12399	666.612	0.00922747	0	1.02	1.02
160.2	0.00203757	0.00112548	20386	1050	105	19482.9	79.8028	79.8028	319.211	319.211	0 22447.1 501.719 	22948.8	6.1409	6.5039	12399	666.612	0.00922581	0	1.02	1.02
160.3	0.00203758	0.00112551	20386.6	1050	105	19483.2	79.8383	79.8383	319.353	319.353	0 22446.6 501.613 	22948.2	6.14085	6.5039	12399	666.612	0.00922416	0	1.02	1.02
160.4	0.00203758	0.00112554	20387.2	1050	105	19483.5	79.8739	79.8739	319.495	319.495	0 22446.1 501.508 	22947.6	6.14081	6.5039	12399	666.612	0.00922251	0	1.02	1.02
160.5	0.00203759	0.00112556	20387.9	1050	105	19483.8	79.9094	79.9094	319.638	319.638	0 22445.6 501.403 	22947	6.14076	6.5039	12399	666.612	0.00922088	0	1.02	1.02
160.6	0.00203759	0.00112559	20388.5	1050	105	19484.1	79.945	79.945	319.78	319.78	0 22445.1 501.299 	22946.4	6.14071	6.5039	12399	666.612	0.00921926	0	1.02	1.02
160.7	0.0020376	0.00112562	20389.2	1050	105	19484.3	79.9806	79.9806	319.923	319.923	0 22444.7 501.196 	22945.8	6.14067	6.5039	12399	666.612	0.00921765	0	1.02	1.02
160.8	0.0020376	0.00112565	20389.8	1050	105	19484.6	80.0163	80.0163	320.065	320.065	0 22444.2 501.093 	22945.3	6.14062	6.5039	12399	666.612	0.00921604	0	1.02	1.02
160.9	0.00203761	0.00112567	20390.4	1050	105	19484.9	80.0519	80.0519	320.208	320.208	0 22443.7 500.991 	22944.7	6.14058	6.5039	12399	666.612	0.00921445	0	1.02	1.02
161	0.00203761	0.0011257	20391.1	1050	105	19485.2	80.0876	80.0876	320.35	320.35	0 22443.2 500.889 	22944.1	6.14053	6.5039	12399	666.612	0.00921287	0	1.02	1.02
161.1	0.00203762	0.00112573	20391.7	1050	105	19485.5	80.1233	80.1233	320.493	320.493	0 22442.7 500.788 	22943.5	6.14048	6.5039	12399	666.612	0.00921129	0	1.02	1.02
161.2	0.00203762	0.00112575	20392.3	1050	105	19485.8	80.159	80.159	320.636	320.636	0 22442.2 500.687 	22942.9	6.14044	6.5039	12399	666.612	0.00920973	0	1.02	1.02
161.3	0.00203763	0.00112578	20393	1050	105	19486	80.1948	80.1948	320.779	320.779	0 22441.7 500.587 	22942.3	6.14039	6.5039	12399	666.612	0.00920818	0	1.02	1.02
161.4	0.00203763	0.00112581	20393.6	1050	105	19486.3	80.2305	80.2305	320.922	320.922	0 22441.3 500.488 	22941.7	6.14035	6.5039	12399	666.612	0.00920663	0	1.02	1.02
161.5	0.00203764	0.00112584	20394.3	1050	105	19486.6	80.2663	80.2663	321.065	321.065	0 22440.8 500.389 	22941.2	6.1403	6.5039	12399	666.612	0.0092051	0	1.02	1.02
161.6	0.00203764	0.00112586	20394.9	1050	105	19486.9	80.3021	80.3021	321.208	321.208	0 22440.3 500.29 	22940.6	6.14025	6.5039	12399	666.612	0.00920358	0	1.02	1.02
161.7	0.00203765	0.00112589	20395.5	1050	105	19487.2	80.3379	80.3379	321.352	321.352	0 22439.8 500.192 	22940	6.14021	6.5039	12399	666.612	0.00920206	0	1.02	1.02
161.8	0.00203765	0.00112592	20396.2	1050	105	19487.4	80.3738	80.3738	321.495	321.495	0 22439.3 500.095 	22939.4	6.14016	6.5039	12399	666.612	0.00920056	0	1.02	1.02
161.9	0.00203766	0.00112594	20396.8	1050	105	19487.7	80.4096	80.4096	321.639	321.639	0 22438.8 499.998 	22938.8	6.14012	6.5039	12399	666.612	0.00919906	0	1.02	1.02
162	0.00203766	0.00112597	20397.4	1050	105	19488	80.4455	80.4455	321.782	321.782	0 22438.3 499.902 	22938.2	6.14007	6.5039	12399	666.612	0.00919758	0	1.02	1.02
162.1	0.00203767	0.001126	20398.1	1050	105	19488.3	80.4814	80.4814	321.926	321.926	0 22437.9 499.806 	22937.7	6.14003	6.5039	12399	666.612	0.00919611	0	1.02	1.02
162.2	0.00203767	0.00112603	20398.7	1050	105	19488.5	80.5173	80.5173	322.069	322.069	0 22437.4 499.711 	22937.1	6.13998	6.5039	12399	666.612	0.00919464	0	1.02	1.02
162.3	0.00203768	0.00112605	20399.3	1050	105	19488.8	80.5533	80.5533	322.213	322.213	0 22436.9 499.616 	22936.5	6.13994	6.5039	12399	666.612	0.00919319	0	1.02	1.02
162.4	0.00203768	0.00112608	20400	1050	105	19489.1	80.5893	80.5893	322.357	322.357	0 22436.4 499.522 	22935.9	6.13989	6.5039	12399	666.612	0.00919174	0	1.02	1.02
162.5	0.00203769	0.00112611	20400.6	1050	105	19489.4	80.6252	80.6252	322.501	322.501	0 22435.9 499.429 	22935.4	6.13985	6.5039	12399	666.612	0.00919031	0	1.02	1.02
162.6	0.00203769	0.00112613	20401.2	1050	105	19489.6	80.6612	80.6612	322.645	322.645	0 22435.4 499.336 	22934.8	6.1398	6.5039	12399	666.612	0.00918888	0	1.02	1.02
162.7	0.0020377	0.00112616	20401.9	1050	105	19489.9	80.6973	80.6973	322.789	322.789	0 22435 499.243 	22934.2	6.13976	6.5039	12399	666.612	0.00918747	0	1.02	1.02
162.8	0.0020377	0.00112619	20402.5	1050	105	19490.2	80.7333	80.7333	322.933	322.933	0 22434.5 499.151 	22933.6	6.13971	6.5039	12399	666.612	0.00918606	0	1.02	1.02
162.9	0.00203771	0.00112621	20403.1	1050	105	19490.5	80.7694	80.7694	323.078	323.078	0 22434 499.06 	22933.1	6.13967	6.5039	12399	666.612	0.00918467	0	1.02	1.02
163	0.00203771	0.00112624	20403.8	1050	105	19490.7	80.8055	80.8055	323.222	323.222	0 22433.5 498.969 	22932.5	6.13962	6.5039	12399	666.612	0.00918328	0	1.02	1.02
163.1	0.00203772	0.00112627	20404.4	1050	105	19491	80.8416	80.8416	323.366	323.366	0 22433 498.879 	22931.9	6.13958	6.5039	12399	666.612	0.0091819	0	1.02	1.02
163.2	0.00203772	0.0011263	20405	1050	105	19491.3	80.8777	80.8777	323.511	323.511	0 22432.6 498.789 	22931.3	6.13953	6.5039	12399	666.612	0.00918054	0	1.02	1.02
163.3	0.00203773	0.00112632	20405.7	1050	105	19491.5	80.9139	80.9139	323.655	323.655	0 22432.1 498.7 	22930.8	6.13949	6.5039	12399	666.612	0.00917918	0	1.02	1.02
163.4	0.00203773	0.00112635	20406.3	1050	105	19491.8	80.95	80.95	323.8	323.8	0 22431.6 498.612 	22930.2	6.13944	6.5039	12399	666.612	0.00917783	0	1.02	1.02
163.5	0.00203774	0.00112638	20406.9	1050	105	19492.1	80.9862	80.9862	323.945	323.945	0 22431.1 498.524 	22929.6	6.1394	6.5039	12399	666.612	0.0091765	0	1.02	1.02
163.6	0.00203774	0.0011264	20407.6	1050	105	19492.4	81.0224	81.0224	324.09	324.09	0 22430.6 498.436 	22929.1	6.13935	6.5039	12399	666.612	0.00917517	0	1.02	1.02
163.7	0.00203775	0.00112643	20408.2	1050	105	19492.6	81.0587	81.0587	324.235	324.235	0 22430.1 498.349 	22928.5	6.13931	6.5039	12399	666.612	0.00917385	0	1.02	1.02
163.8	0.00203775	0.00112646	20408.8	1050	105	19492.9	81.0949	81.0949	324.38	324.38	0 22429.7 498.263 	22927.9	6.13926	6.5039	12399	666.612	0.00917255	0	1.02	1.02
163.9	0.00203776	0.00112648	20409.5	1050	105	19493.2	81.1312	81.1312	324.525	324.525	0 22429.2 498.177 	22927.4	6.13922	6.5039	12399	666.612	0.00917125	0	1.02	1.02
164	0.00203776	0.00112651	20410.1	1050	105	19493.4	81.1675	81.1675	324.67	324.67	0 22428.7 498.091 	22926.8	6.13917	6.5039	12399	666.612	0.00916996	0	1.02	1.02
164.1	0.00203777	0.00112654	20410.7	1050	105	19493.7	81.2038	81.2038	324.815	324.815	0 22428.2 498.007 	22926.2	6.13913	6.5039	12399	666.612	0.00916868	0	1.02	1.02
164.2	0.00203777	0.00112656	20411.4	1050	105	19494	81.2401	81.2401	324.961	324.961	0 22427.7 497.922 	22925.7	6.13909	6.5039	12399	666.612	0.00916741	0	1.02	1.02
164.3	0.00203778	0.00112659	20412	1050	105	19494.2	81.2765	81.2765	325.106	325.106	0 22427.3 497.839 	22925.1	6.13904	6.5039	12399	666.612	0.00916615	0	1.02	1.02
164.4	0.00203778	0.00112662	20412.6	1050	105	19494.5	81.3129	81.3129	325.251	325.251	0 22426.8 497.755 	22924.5	6.139	6.5039	12399	666.612	0.00916491	0	1.02	1.02
164.5	0.00203779	0.00112664	20413.2	1050	105	19494.8	81.3493	81.3493	325.397	325.397	0 22426.3 497.673 	22924	6.13895	6.5039	12399	666.612	0.00916367	0	1.02	1.02
164.6	0.00203779	0.00112667	20413.9	1050	105	19495	81.3857	81.3857	325.543	325.543	0 22425.8 497.591 	22923.4	6.13891	6.5039	12399	666.612	0.00916244	0	1.02	1.02
164.7	0.0020378	0.0011267	20414.5	1050	105	19495.3	81.4221	81.4221	325.688	325.688	0 22425.3 497.509 	22922.9	6.13887	6.5039	12399	666.612	0.00916122	0	1.02	1.02
164.8	0.0020378	0.00112673	20415.1	1050	105	19495.5	81.4586	81.4586	325.834	325.834	0 22424.9 497.428 	22922.3	6.13882	6.5039	12399	666.612	0.00916001	0	1.02	1.02
164.9	0.00203781	0.00112675	20415.8	1050	105	19495.8	81.4951	81.4951	325.98	325.98	0 22424.4 497.348 	22921.7	6.13878	6.5039	12399	666.612	0.00915881	0	1.02	1.02
165	0.00203781	0.00112678	20416.4	1050	105	19496.1	81.5316	81.5316	326.126	326.126	0 22423.9 497.268 	22921.2	6.13873	6.5039	12399	666.612	0.00915762	0	1.02	1.02
165.1	0.00203782	0.00112681	20417	1050	105	19496.3	81.5681	81.5681	326.272	326.272	0 22423.4 497.188 	22920.6	6.13869	6.5039	12399	666.612	0.00915644	0	1.02	1.02
165.2	0.00203782	0.00112683	20417.6	1050	105	19496.6	81.6046	81.6046	326.419	326.419	0 22422.9 497.109 	22920.1	6.13865	6.5039	12399	666.612	0.00915527	0	1.02	1.02
165.3	0.00203783	0.00112686	20418.3	1050	105	19496.9	81.6412	81.6412	326.565	326.565	0 22422.5 497.031 	22919.5	6.1386	6.5039	12399	666.612	0.0091541	0	1.02	1.02
165.4	0.00203783	0.00112689	20418.9	1050	105	19497.1	81.6778	81.6778	326.711	326.711	0 22422 496.953 	22918.9	6.13856	6.5039	12399	666.612	0.00915295	0	1.02	1.02
165.5	0.00203783	0.00112691	20419.5	1050	105	19497.4	81.7144	81.7144	326.858	326.858	0 22421.5 496.876 	22918.4	6.13852	6.5039	12399	666.612	0.00915181	0	1.02	1.02
165.6	0.00203784	0.00112694	20420.1	1050	105	19497.6	81.751	81.751	327.004	327.004	0 22421 496.799 	22917.8	6.13847	6.5039	12399	666.612	0.00915068	0	1.02	1.02
165.7	0.00203784	0.00112697	20420.8	1050	105	19497.9	81.7877	81.7877	327.151	327.151	0 22420.6 496.723 	22917.3	6.13843	6.5039	12399	666.612	0.00914956	0	1.02	1.02
165.8	0.00203785	0.00112699	20421.4	1050	105	19498.2	81.8243	81.8243	327.297	327.297	0 22420.1 496.648 	22916.7	6.13838	6.5039	12399	666.612	0.00914844	0	1.02	1.02
165.9	0.00203785	0.00112702	20422	1050	105	19498.4	81.861	81.861	327.444	327.444	0 22419.6 496.573 	22916.2	6.13834	6.5039	12399	666.612	0.00914734	0	1.02	1.02
166	0.00203786	0.00112705	20422.7	1050	105	19498.7	81.8977	81.8977	327.591	327.591	0 22419.1 496.498 	22915.6	6.1383	6.5039	12399	666.612	0.00914625	0	1.02	1.02
166.1	0.00203786	0.00112707	20423.3	1050	105	19498.9	81.9344	81.9344	327.738	327.738	0 22418.6 496.424 	22915.1	6.13825	6.5039	12399	666.612	0.00914516	0	1.02	1.02
166.2	0.00203787	0.0011271	20423.9	1050	105	19499.2	81.9712	81.9712	327.885	327.885	0 22418.2 496.35 	22914.5	6.13821	6.5039	12399	666.612	0.00914409	0	1.02	1.02
166.3	0.00203787	0.00112713	20424.5	1050	105	19499.4	82.008	82.008	328.032	328.032	0 22417.7 496.278 	22914	6.13817	6.5039	12399	666.612	0.00914302	0	1.02	1.02
166.4	0.00203788	0.00112715	20425.1	1050	105	19499.7	82.0448	82.0448	328.179	328.179	0 22417.2 496.205 	22913.4	6.13813	6.5039	12399	666.612	0.00914197	0	1.02	1.02
166.5	0.00203788	0.00112718	20425.8	1050	105	19500	82.0816	82.0816	328.326	328.326	0 22416.7 496.133 	22912.9	6.13808	6.5039	12399	666.612	0.00914093	0	1.02	1.02
166.6	0.00203789	0.00112721	20426.4	1050	105	19500.2	82.1184	82.1184	328.474	328.474	0 22416.3 496.062 	22912.3	6.13804	6.5039	12399	666.612	0.00913989	0	1.02	1.02
166.7	0.00203789	0.00112723	20427	1050	105	19500.5	82.1553	82.1553	328.621	328.621	0 22415.8 495.991 	22911.8	6.138	6.5039	12399	666.612	0.00913886	0	1.02	1.02
166.8	0.0020379	0.00112726	20427.6	1050	105	19500.7	82.1921	82.1921	328.769	328.769	0 22415.3 495.921 	22911.2	6.13795	6.5039	12399	666.612	0.00913785	0	1.02	1.02
166.9	0.0020379	0.00112728	20428.3	1050	105	19501	82.229	82.229	328.916	328.916	0 22414.8 495.851 	22910.7	6.13791	6.5039	12399	666.612	0.00913684	0	1.02	1.02
167	0.00203791	0.00112731	20428.9	1050	105	19501.2	82.2659	82.2659	329.064	329.064	0 22414.4 495.782 	22910.1	6.13787	6.5039	12399	666.612	0.00913585	0	1.02	1.02
167.1	0.00203791	0.00112734	20429.5	1050	105	19501.5	82.3029	82.3029	329.212	329.212	0 22413.9 495.713 	22909.6	6.13783	6.5039	12399	666.612	0.00913486	0	1.02	1.02
167.2	0.00203792	0.00112736	20430.1	1050	105	19501.7	82.3398	82.3398	329.359	329.359	0 22413.4 495.645 	22909.1	6.13778	6.5039	12399	666.612	0.00913388	0	1.02	1.02
167.3	0.00203792	0.00112739	20430.8	1050	105	19502	82.3768	82.3768	329.507	329.507	0 22412.9 495.578 	22908.5	6.13774	6.5039	12399	666.612	0.00913291	0	1.02	1.02
167.4	0.00203793	0.00112742	20431.4	1050	105	19502.2	82.4138	82.4138	329.655	329.655	0 22412.5 495.51 	22908	6.1377	6.5039	12399	666.612	0.00913195	0	1.02	1.02
167.5	0.00203793	0.00112744	20432	1050	105	19502.5	82.4508	82.4508	329.803	329.803	0 22412 495.444 	22907.4	6.13766	6.5039	12399	666.612	0.00913101	0	1.02	1.02
167.6	0.00203793	0.00112747	20432.6	1050	105	19502.7	82.4879	82.4879	329.952	329.952	0 22411.5 495.378 	22906.9	6.13761	6.5039	12399	666.612	0.00913007	0	1.02	1.02
167.7	0.00203794	0.0011275	20433.2	1050	105	19503	82.5249	82.5249	330.1	330.1	0 22411 495.313 	22906.3	6.13757	6.5039	12399	666.612	0.00912914	0	1.02	1.02
167.8	0.00203794	0.00112752	20433.9	1050	105	19503.2	82.562	82.562	330.248	330.248	0 22410.6 495.248 	22905.8	6.13753	6.5039	12399	666.612	0.00912822	0	1.02	1.02
167.9	0.00203795	0.00112755	20434.5	1050	105	19503.5	82.5991	82.5991	330.397	330.397	0 22410.1 495.183 	22905.3	6.13749	6.5039	12399	666.612	0.00912731	0	1.02	1.02
168	0.00203795	0.00112758	20435.1	1050	105	19503.7	82.6363	82.6363	330.545	330.545	0 22409.6 495.119 	22904.7	6.13744	6.5039	12399	666.612	0.00912641	0	1.02	1.02
168.1	0.00203796	0.0011276	20435.7	1050	105	19504	82.6734	82.6734	330.694	330.694	0 22409.1 495.056 	22904.2	6.1374	6.5039	12399	666.612	0.00912552	0	1.02	1.02
168.2	0.00203796	0.00112763	20436.3	1050	105	19504.2	82.7106	82.7106	330.842	330.842	0 22408.7 494.993 	22903.7	6.13736	6.5039	12399	666.612	0.00912464	0	1.02	1.02
168.3	0.00203797	0.00112766	20437	1050	105	19504.5	82.7478	82.7478	330.991	330.991	0 22408.2 494.931 	22903.1	6.13732	6.5039	12399	666.612	0.00912376	0	1.02	1.02
168.4	0.00203797	0.00112768	20437.6	1050	105	19504.7	82.785	82.785	331.14	331.14	0 22407.7 494.869 	22902.6	6.13728	6.5039	12399	666.612	0.0091229	0	1.02	1.02
168.5	0.00203798	0.00112771	20438.2	1050	105	19505	82.8222	82.8222	331.289	331.289	0 22407.2 494.808 	22902.1	6.13723	6.5039	12399	666.612	0.00912205	0	1.02	1.02
168.6	0.00203798	0.00112773	20438.8	1050	105	19505.2	82.8595	82.8595	331.438	331.438	0 22406.8 494.747 	22901.5	6.13719	6.5039	12399	666.612	0.00912121	0	1.02	1.02
168.7	0.00203799	0.00112776	20439.4	1050	105	19505.5	82.8967	82.8967	331.587	331.587	0 22406.3 494.687 	22901	6.13715	6.5039	12399	666.612	0.00912037	0	1.02	1.02
168.8	0.00203799	0.00112779	20440	1050	105	19505.7	82.934	82.934	331.736	331.736	0 22405.8 494.627 	22900.5	6.13711	6.5039	12399	666.612	0.00911955	0	1.02	1.02
168.9	0.002038	0.00112781	20440.7	1050	105	19505.9	82.9713	82.9713	331.885	331.885	0 22405.4 494.568 	22899.9	6.13707	6.5039	12399	666.612	0.00911873	0	1.02	1.02
169	0.002038	0.00112784	20441.3	1050	105	19506.2	83.0087	83.0087	332.035	332.035	0 22404.9 494.51 	22899.4	6.13703	6.5039	12399	666.612	0.00911793	0	1.02	1.02
169.1	0.002038	0.00112787	20441.9	1050	105	19506.4	83.046	83.046	332.184	332.184	0 22404.4 494.452 	22898.9	6.13698	6.5039	12399	666.612	0.00911713	0	1.02	1.02
169.2	0.00203801	0.00112789	20442.5	1050	105	19506.7	83.0834	83.0834	332.334	332.334	0 22403.9 494.394 	22898.3	6.13694	6.5039	12399	666.612	0.00911635	0	1.02	1.02
169.3	0.00203801	0.00112792	20443.1	1050	105	19506.9	83.1208	83.1208	332.483	332.483	0 22403.5 494.337 	22897.8	6.1369	6.5039	12399	666.612	0.00911557	0	1.02	1.02
169.4	0.00203802	0.00112795	20443.7	1050	105	19507.2	83.1582	83.1582	332.633	332.633	0 22403 494.281 	22897.3	6.13686	6.5039	12399	666.612	0.00911481	0	1.02	1.02
169.5	0.00203802	0.00112797	20444.4	1050	105	19507.4	83.1957	83.1957	332.783	332.783	0 22402.5 494.225 	22896.7	6.13682	6.5039	12399	666.612	0.00911405	0	1.02	1.02
169.6	0.00203803	0.001128	20445	1050	105	19507.6	83.2331	83.2331	332.933	332.933	0 22402 494.169 	22896.2	6.13678	6.5039	12399	666.612	0.0091133	0	1.02	1.02
169.7	0.00203803	0.00112802	20445.6	1050	105	19507.9	83.2706	83.2706	333.082	333.082	0 22401.6 494.114 	22895.7	6.13674	6.5039	12399	666.612	0.00911256	0	1.02	1.02
169.8	0.00203804	0.00112805	20446.2	1050	105	19508.1	83.3081	83.3081	333.233	333.233	0 22401.1 494.06 	22895.2	6.13669	6.5039	12399	666.612	0.00911184	0	1.02	1.02
169.9	0.00203804	0.00112808	20446.8	1050	105	19508.4	83.3457	83.3457	333.383	333.383	0 22400.6 494.006 	22894.6	6.13665	6.5039	12399	666.612	0.00911112	0	1.02	1.02
170	0.00203805	0.0011281	20447.4	1050	105	19508.6	83.3832	83.3832	333.533	333.533	0 22400.2 493.953 	22894.1	6.13661	6.5039	12399	666.612	0.00911041	0	1.02	1.02
170.1	0.00203805	0.00112813	20448.1	1050	105	19508.8	83.4208	83.4208	333.683	333.683	0 22399.7 493.9 	22893.6	6.13657	6.5039	12399	666.612	0.00910971	0	1.02	1.02
170.2	0.00203805	0.00112816	20448.7	1050	105	19509.1	83.4584	83.4584	333.833	333.833	0 22399.2 493.848 	22893.1	6.13653	6.5039	12399	666.612	0.00910902	0	1.02	1.02
170.3	0.00203806	0.00112818	20449.3	1050	105	19509.3	83.496	83.496	333.984	333.984	0 22398.7 493.796 	22892.5	6.13649	6.5039	12399	666.612	0.00910834	0	1.02	1.02
170.4	0.00203806	0.00112821	20449.9	1050	105	19509.6	83.5336	83.5336	334.134	334.134	0 22398.3 493.745 	22892	6.13645	6.5039	12399	666.612	0.00910767	0	1.02	1.02
170.5	0.00203807	0.00112823	20450.5	1050	105	19509.8	83.5713	83.5713	334.285	334.285	0 22397.8 493.694 	22891.5	6.13641	6.5039	12399	666.612	0.009107	0	1.02	1.02
170.6	0.00203807	0.00112826	20451.1	1050	105	19510	83.6089	83.6089	334.436	334.436	0 22397.3 493.644 	22891	6.13637	6.5039	12399	666.612	0.00910635	0	1.02	1.02
170.7	0.00203808	0.00112829	20451.7	1050	105	19510.3	83.6466	83.6466	334.586	334.586	0 22396.9 493.595 	22890.5	6.13633	6.5039	12399	666.612	0.00910571	0	1.02	1.02
170.8	0.00203808	0.00112831	20452.3	1050	105	19510.5	83.6843	83.6843	334.737	334.737	0 22396.4 493.545 	22889.9	6.13628	6.5039	12399	666.612	0.00910508	0	1.02	1.02
170.9	0.00203809	0.00112834	20453	1050	105	19510.7	83.7221	83.7221	334.888	334.888	0 22395.9 493.497 	22889.4	6.13624	6.5039	12399	666.612	0.00910445	0	1.02	1.02
171	0.00203809	0.00112837	20453.6	1050	105	19511	83.7598	83.7598	335.039	335.039	0 22395.5 493.449 	22888.9	6.1362	6.5039	12399	666.612	0.00910384	0	1.02	1.02
171.1	0.0020381	0.00112839	20454.2	1050	105	19511.2	83.7976	83.7976	335.19	335.19	0 22395 493.401 	22888.4	6.13616	6.5039	12399	666.612	0.00910323	0	1.02	1.02
171.2	0.0020381	0.00112842	20454.8	1050	105	19511.4	83.8354	83.8354	335.342	335.342	0 22394.5 493.354 	22887.9	6.13612	6.5039	12399	666.612	0.00910264	0	1.02	1.02
171.3	0.0020381	0.00112844	20455.4	1050	105	19511.7	83.8732	83.8732	335.493	335.493	0 22394.1 493.308 	22887.4	6.13608	6.5039	12399	666.612	0.00910205	0	1.02	1.02
171.4	0.00203811	0.00112847	20456	1050	105	19511.9	83.9111	83.9111	335.644	335.644	0 22393.6 493.262 	22886.8	6.13604	6.5039	12399	666.612	0.00910147	0	1.02	1.02
171.5	0.00203811	0.0011285	20456.6	1050	105	19512.1	83.9489	83.9489	335.796	335.796	0 22393.1 493.216 	22886.3	6.136	6.5039	12399	666.612	0.00910091	0	1.02	1.02
171.6	0.00203812	0.00112852	20457.2	1050	105	19512.4	83.9868	83.9868	335.947	335.947	0 22392.6 493.171 	22885.8	6.13596	6.5039	12399	666.612	0.00910035	0	1.02	1.02
171.7	0.00203812	0.00112855	20457.8	1050	105	19512.6	84.0247	84.0247	336.099	336.099	0 22392.2 493.127 	22885.3	6.13592	6.5039	12399	666.612	0.0090998	0	1.02	1.02
171.8	0.00203813	0.00112857	20458.5	1050	105	19512.8	84.0627	84.0627	336.251	336.251	0 22391.7 493.083 	22884.8	6.13588	6.5039	12399	666.612	0.00909926	0	1.02	1.02
171.9	0.00203813	0.0011286	20459.1	1050	105	19513.1	84.1006	84.1006	336.402	336.402	0 22391.2 493.04 	22884.3	6.13584	6.5039	12399	666.612	0.00909873	0	1.02	1.02
172	0.00203814	0.00112863	20459.7	1050	105	19513.3	84.1386	84.1386	336.554	336.554	0 22390.8 492.997 	22883.8	6.1358	6.5039	12399	666.612	0.00909821	0	1.02	1.02
172.1	0.00203814	0.00112865	20460.3	1050	105	19513.5	84.1766	84.1766	336.706	336.706	0 22390.3 492.955 	22883.3	6.13576	6.5039	12399	666.612	0.0090977	0	1.02	1.02
172.2	0.00203814	0.00112868	20460.9	1050	105	19513.7	84.2146	84.2146	336.858	336.858	0 22389.8 492.913 	22882.7	6.13572	6.5039	12399	666.612	0.0090972	0	1.02	1.02
172.3	0.00203815	0.0011287	20461.5	1050	105	19514	84.2526	84.2526	337.01	337.01	0 22389.4 492.871 	22882.2	6.13568	6.5039	12399	666.612	0.00909671	0	1.02	1.02
172.4	0.00203815	0.00112873	20462.1	1050	105	19514.2	84.2907	84.2907	337.163	337.163	0 22388.9 492.831 	22881.7	6.13564	6.5039	12399	666.612	0.00909623	0	1.02	1.02
172.5	0.00203816	0.00112876	20462.7	1050	105	19514.4	84.3288	84.3288	337.315	337.315	0 22388.4 492.79 	22881.2	6.1356	6.5039	12399	666.612	0.00909576	0	1.02	1.02
172.6	0.00203816	0.00112878	20463.3	1050	105	19514.7	84.3669	84.3669	337.467	337.467	0 22388 492.751 	22880.7	6.13556	6.5039	12399	666.612	0.00909529	0	1.02	1.02
172.7	0.00203817	0.00112881	20463.9	1050	105	19514.9	84.405	84.405	337.62	337.62	0 22387.5 492.712 	22880.2	6.13552	6.5039	12399	666.612	0.00909484	0	1.02	1.02
172.8	0.00203817	0.00112883	20464.5	1050	105	19515.1	84.4431	84.4431	337.772	337.772	0 22387 492.673 	22879.7	6.13548	6.5039	12399	666.612	0.0090944	0	1.02	1.02
172.9	0.00203817	0.00112886	20465.1	1050	105	19515.3	84.4813	84.4813	337.925	337.925	0 22386.6 492.635 	22879.2	6.13544	6.5039	12399	666.612	0.00909396	0	1.02	1.02
173	0.00203818	0.00112889	20465.8	1050	105	19515.6	84.5195	84.5195	338.078	338.078	0 22386.1 492.597 	22878.7	6.1354	6.5039	12399	666.612	0.00909354	0	1.02	1.02
173.1	0.00203818	0.00112891	20466.4	1050	105	19515.8	84.5577	84.5577	338.231	338.231	0 22385.6 492.56 	22878.2	6.13536	6.5039	12399	666.612	0.00909312	0	1.02	1.02
173.2	0.00203819	0.00112894	20467	1050	105	19516	84.5959	84.5959	338.384	338.384	0 22385.2 492.523 	22877.7	6.13532	6.5039	12399	666.612	0.00909271	0	1.02	1.02
173.3	0.00203819	0.00112896	20467.6	1050	105	19516.2	84.6341	84.6341	338.537	338.537	0 22384.7 492.487 	22877.2	6.13529	6.5039	12399	666.612	0.00909232	0	1.02	1.02
173.4	0.0020382	0.00112899	20468.2	1050	105	19516.5	84.6724	84.6724	338.69	338.69	0 22384.2 492.452 	22876.7	6.13525	6.5039	12399	666.612	0.00909193	0	1.02	1.02
173.5	0.0020382	0.00112902	20468.8	1050	105	19516.7	84.7107	84.7107	338.843	338.843	0 22383.8 492.416 	22876.2	6.13521	6.5039	12399	666.612	0.00909155	0	1.02	1.02
173.6	0.00203821	0.00112904	20469.4	1050	105	19516.9	84.749	84.749	338.996	338.996	0 22383.3 492.382 	22875.7	6.13517	6.5039	12399	666.612	0.00909118	0	1.02	1.02
173.7	0.00203821	0.00112907	20470	1050	105	19517.1	84.7873	84.7873	339.149	339.149	0 22382.8 492.348 	22875.2	6.13513	6.5039	12399	666.612	0.00909082	0	1.02	1.02
173.8	0.00203821	0.00112909	20470.6	1050	105	19517.3	84.8257	84.8257	339.303	339.303	0 22382.4 492.314 	22874.7	6.13509	6.5039	12399	666.612	0.00909047	0	1.02	1.02
173.9	0.00203822	0.00112912	20471.2	1050	105	19517.6	84.8641	84.8641	339.456	339.456	0 22381.9 492.281 	22874.2	6.13505	6.5039	12399	666.612	0.00909013	0	1.02	1.02
174	0.00203822	0.00112914	20471.8	1050	105	19517.8	84.9025	84.9025	339.61	339.61	0 22381.4 492.249 	22873.7	6.13501	6.5039	12399	666.612	0.0090898	0	1.02	1.02
174.1	0.00203823	0.00112917	20472.4	1050	105	19518	84.9409	84.9409	339.764	339.764	0 22381 492.217 	22873.2	6.13497	6.5039	12399	666.612	0.00908947	0	1.02	1.02
174.2	0.00203823	0.0011292	20473	1050	105	19518.2	84.9793	84.9793	339.917	339.917	0 22380.5 492.185 	22872.7	6.13493	6.5039	12399	666.612	0.00908916	0	1.02	1.02
174.3	0.00203824	0.00112922	20473.6	1050	105	19518.4	85.0178	85.0178	340.071	340.071	0 22380 492.154 	22872.2	6.13489	6.5039	12399	666.612	0.00908886	0	1.02	1.02
174.4	0.00203824	0.00112925	20474.2	1050	105	19518.7	85.0563	85.0563	340.225	340.225	0 22379.6 492.124 	22871.7	6.13486	6.5039	12399	666.612	0.00908856	0	1.02	1.02
174.5	0.00203824	0.00112927	20474.8	1050	105	19518.9	85.0948	85.0948	340.379	340.379	0 22379.1 492.094 	22871.2	6.13482	6.5039	12399	666.612	0.00908828	0	1.02	1.02
174.6	0.00203825	0.0011293	20475.4	1050	105	19519.1	85.1333	85.1333	340.533	340.533	0 22378.7 492.065 	22870.7	6.13478	6.5039	12399	666.612	0.009088	0	1.02	1.02
174.7	0.00203825	0.00112933	20476	1050	105	19519.3	85.1719	85.1719	340.687	340.687	0 22378.2 492.036 	22870.2	6.13474	6.5039	12399	666.612	0.00908774	0	1.02	1.02
174.8	0.00203826	0.00112935	20476.6	1050	105	19519.5	85.2104	85.2104	340.842	340.842	0 22377.7 492.007 	22869.7	6.1347	6.5039	12399	666.612	0.00908748	0	1.02	1.02
174.9	0.00203826	0.00112938	20477.2	1050	105	19519.7	85.249	85.249	340.996	340.996	0 22377.3 491.979 	22869.2	6.13466	6.5039	12399	666.612	0.00908723	0	1.02	1.02
175	0.00203827	0.0011294	20477.8	1050	105	19520	85.2876	85.2876	341.151	341.151	0 22376.8 491.952 	22868.8	6.13462	6.5039	12399	666.612	0.00908699	0	1.02	1.02
175.1	0.00203827	0.00112943	20478.4	1050	105	19520.2	85.3263	85.3263	341.305	341.305	0 22376.3 491.925 	22868.3	6.13459	6.5039	12399	666.612	0.00908676	0	1.02	1.02
175.2	0.00203827	0.00112945	20479	1050	105	19520.4	85.3649	85.3649	341.46	341.46	0 22375.9 491.899 	22867.8	6.13455	6.5039	12399	666.612	0.00908654	0	1.02	1.02
175.3	0.00203828	0.00112948	20479.6	1050	105	19520.6	85.4036	85.4036	341.614	341.614	0 22375.4 491.873 	22867.3	6.13451	6.5039	12399	666.612	0.00908633	0	1.02	1.02
175.4	0.00203828	0.00112951	20480.2	1050	105	19520.8	85.4423	85.4423	341.769	341.769	0 22374.9 491.848 	22866.8	6.13447	6.5039	12399	666.612	0.00908613	0	1.02	1.02
175.5	0.00203829	0.00112953	20480.8	1050	105	19521	85.481	85.481	341.924	341.924	0 22374.5 491.823 	22866.3	6.13443	6.5039	12399	666.612	0.00908594	0	1.02	1.02
175.6	0.00203829	0.00112956	20481.4	1050	105	19521.2	85.5198	85.5198	342.079	342.079	0 22374 491.799 	22865.8	6.13439	6.5039	12399	666.612	0.00908576	0	1.02	1.02
175.7	0.0020383	0.00112958	20482	1050	105	19521.5	85.5585	85.5585	342.234	342.234	0 22373.6 491.775 	22865.3	6.13436	6.5039	12399	666.612	0.00908559	0	1.02	1.02
175.8	0.0020383	0.00112961	20482.6	1050	105	19521.7	85.5973	85.5973	342.389	342.389	0 22373.1 491.752 	22864.8	6.13432	6.5039	12399	666.612	0.00908542	0	1.02	1.02
175.9	0.0020383	0.00112963	20483.2	1050	105	19521.9	85.6361	85.6361	342.544	342.544	0 22372.6 491.729 	22864.4	6.13428	6.5039	12399	666.612	0.00908527	0	1.02	1.02
176	0.00203831	0.00112966	20483.8	1050	105	19522.1	85.6749	85.6749	342.7	342.7	0 22372.2 491.707 	22863.9	6.13424	6.5039	12399	666.612	0.00908512	0	1.02	1.02
176.1	0.00203831	0.00112969	20484.4	1050	105	19522.3	85.7138	85.7138	342.855	342.855	0 22371.7 491.685 	22863.4	6.1342	6.5039	12399	666.612	0.00908499	0	1.02	1.02
176.2	0.00203832	0.00112971	20485	1050	105	19522.5	85.7527	85.7527	343.011	343.011	0 22371.2 491.664 	22862.9	6.13417	6.5039	12399	666.612	0.00908486	0	1.02	1.02
176.3	0.00203832	0.00112974	20485.6	1050	105	19522.7	85.7916	85.7916	343.166	343.166	0 22370.8 491.643 	22862.4	6.13413	6.5039	12399	666.612	0.00908474	0	1.02	1.02
176.4	0.00203832	0.00112976	20486.2	1050	105	19522.9	85.8305	85.8305	343.322	343.322	0 22370.3 491.623 	22861.9	6.13409	6.5039	12399	666.612	0.00908463	0	1.02	1.02
176.5	0.00203833	0.00112979	20486.8	1050	105	19523.1	85.8694	85.8694	343.478	343.478	0 22369.9 491.603 	22861.5	6.13405	6.5039	12399	666.612	0.00908453	0	1.02	1.02
176.6	0.00203833	0.00112981	20487.4	1050	105	19523.3	85.9084	85.9084	343.633	343.633	0 22369.4 491.584 	22861	6.13402	6.5039	12399	666.612	0.00908444	0	1.02	1.02
176.7	0.00203834	0.00112984	20488	1050	105	19523.6	85.9473	85.9473	343.789	343.789	0 22368.9 491.565 	22860.5	6.13398	6.5039	12399	666.612	0.00908436	0	1.02	1.02
176.8	0.00203834	0.00112986	20488.6	1050	105	19523.8	85.9863	85.9863	343.945	343.945	0 22368.5 491.547 	22860	6.13394	6.5039	12399	666.612	0.00908429	0	1.02	1.02
176.9	0.00203835	0.00112989	20489.2	1050	105	19524	86.0254	86.0254	344.101	344.101	0 22368 491.529 	22859.6	6.1339	6.5039	12399	666.612	0.00908423	0	1.02	1.02
177	0.00203835	0.00112992	20489.8	1050	105	19524.2	86.0644	86.0644	344.258	344.258	0 22367.6 491.512 	22859.1	6.13387	6.5039	12399	666.612	0.00908418	0	1.02	1.02
177.1	0.00203835	0.00112994	20490.4	1050	105	19524.4	86.1035	86.1035	344.414	344.414	0 22367.1 491.495 	22858.6	6.13383	6.5039	12399	666.612	0.00908414	0	1.02	1.02
177.2	0.00203836	0.00112997	20491	1050	105	19524.6	86.1426	86.1426	344.57	344.57	0 22366.6 491.479 	22858.1	6.13379	6.5039	12399	666.612	0.0090841	0	1.02	1.02
177.3	0.00203836	0.00112999	20491.6	1050	105	19524.8	86.1817	86.1817	344.727	344.727	0 22366.2 491.464 	22857.6	6.13375	6.5039	12399	666.612	0.00908408	0	1.02	1.02
177.4	0.00203837	0.00113002	20492.2	1050	105	19525	86.2208	86.2208	344.883	344.883	0 22365.7 491.449 	22857.2	6.13372	6.5039	12399	666.612	0.00908406	0	1.02	1.02
177.5	0.00203837	0.00113004	20492.8	1050	105	19525.2	86.26	86.26	345.04	345.04	0 22365.3 491.434 	22856.7	6.13368	6.5039	12399	666.612	0.00908405	0	1.02	1.02
177.6	0.00203837	0.00113007	20493.4	1050	105	19525.4	86.2991	86.2991	345.197	345.197	0 22364.8 491.42 	22856.2	6.13364	6.5039	12399	666.612	0.00908406	0	1.02	1.02
177.7	0.00203838	0.00113009	20494	1050	105	19525.6	86.3383	86.3383	345.353	345.353	0 22364.3 491.406 	22855.7	6.13361	6.5039	12399	666.612	0.00908407	0	1.02	1.02
177.8	0.00203838	0.00113012	20494.6	1050	105	19525.8	86.3775	86.3775	345.51	345.51	0 22363.9 491.393 	22855.3	6.13357	6.5039	12399	666.612	0.00908409	0	1.02	1.02
177.9	0.00203839	0.00113015	20495.2	1050	105	19526	86.4168	86.4168	345.667	345.667	0 22363.4 491.38 	22854.8	6.13353	6.5039	12399	666.612	0.00908412	0	1.02	1.02
178	0.00203839	0.00113017	20495.8	1050	105	19526.2	86.456	86.456	345.824	345.824	0 22363 491.368 	22854.3	6.13349	6.5039	12399	666.612	0.00908416	0	1.02	1.02
178.1	0.00203839	0.0011302	20496.4	1050	105	19526.4	86.4953	86.4953	345.981	345.981	0 22362.5 491.357 	22853.9	6.13346	6.5039	12399	666.612	0.00908421	0	1.02	1.02
178.2	0.0020384	0.00113022	20497	1050	105	19526.6	86.5346	86.5346	346.139	346.139	0 22362 491.346 	22853.4	6.13342	6.5039	12399	666.612	0.00908427	0	1.02	1.02
178.3	0.0020384	0.00113025	20497.6	1050	105	19526.8	86.574	86.574	346.296	346.296	0 22361.6 491.335 	22852.9	6.13338	6.5039	12399	666.612	0.00908433	0	1.02	1.02
178.4	0.00203841	0.00113027	20498.2	1050	105	19527	86.6133	86.6133	346.453	346.453	0 22361.1 491.325 	22852.5	6.13335	6.5039	12399	666.612	0.00908441	0	1.02	1.02
178.5	0.00203841	0.0011303	20498.7	1050	105	19527.2	86.6527	86.6527	346.611	346.611	0 22360.7 491.315 	22852	6.13331	6.5039	12399	666.612	0.0090845	0	1.02	1.02
178.6	0.00203842	0.00113032	20499.3	1050	105	19527.4	86.6921	86.6921	346.768	346.768	0 22360.2 491.306 	22851.5	6.13327	6.5039	12399	666.612	0.00908459	0	1.02	1.02
178.7	0.00203842	0.00113035	20499.9	1050	105	19527.6	86.7315	86.7315	346.926	346.926	0 22359.8 491.298 	22851	6.13324	6.5039	12399	666.612	0.0090847	0	1.02	1.02
178.8	0.00203842	0.00113037	20500.5	1050	105	19527.8	86.7709	86.7709	347.084	347.084	0 22359.3 491.29 	22850.6	6.1332	6.5039	12399	666.612	0.00908481	0	1.02	1.02
178.9	0.00203843	0.0011304	20501.1	1050	105	19528	86.8104	86.8104	347.241	347.241	0 22358.8 491.282 	22850.1	6.13316	6.5039	12399	666.612	0.00908493	0	1.02	1.02
179	0.00203843	0.00113043	20501.7	1050	105	19528.2	86.8498	86.8498	347.399	347.399	0 22358.4 491.275 	22849.7	6.13313	6.5039	12399	666.612	0.00908506	0	1.02	1.02
179.1	0.00203844	0.00113045	20502.3	1050	105	19528.4	86.8894	86.8894	347.557	347.557	0 22357.9 491.268 	22849.2	6.13309	6.5039	12399	666.612	0.0090852	0	1.02	1.02
179.2	0.00203844	0.00113048	20502.9	1050	105	19528.6	86.9289	86.9289	347.715	347.715	0 22357.5 491.262 	22848.7	6.13306	6.5039	12399	666.612	0.00908535	0	1.02	1.02
179.3	0.00203844	0.0011305	20503.5	1050	105	19528.8	86.9684	86.9684	347.874	347.874	0 22357 491.257 	22848.3	6.13302	6.5039	12399	666.612	0.00908551	0	1.02	1.02
179.4	0.00203845	0.00113053	20504.1	1050	105	19529	87.008	87.008	348.032	348.032	0 22356.5 491.252 	22847.8	6.13298	6.5039	12399	666.612	0.00908568	0	1.02	1.02
179.5	0.00203845	0.00113055	20504.7	1050	105	19529.2	87.0476	87.0476	348.19	348.19	0 22356.1 491.247 	22847.3	6.13295	6.5039	12399	666.612	0.00908586	0	1.02	1.02
179.6	0.00203846	0.00113058	20505.3	1050	105	19529.4	87.0872	87.0872	348.349	348.349	0 22355.6 491.243 	22846.9	6.13291	6.5039	12399	666.612	0.00908605	0	1.02	1.02
179.7	0.00203846	0.0011306	20505.8	1050	105	19529.6	87.1268	87.1268	348.507	348.507	0 22355.2 491.24 	22846.4	6.13287	6.5039	12399	666.612	0.00908624	0	1.02	1.02
179.8	0.00203846	0.00113063	20506.4	1050	105	19529.8	87.1665	87.1665	348.666	348.666	0 22354.7 491.236 	22846	6.13284	6.5039	12399	666.612	0.00908645	0	1.02	1.02
179.9	0.00203847	0.00113065	20507	1050	105	19530	87.2061	87.2061	348.825	348.825	0 22354.3 491.234 	22845.5	6.1328	6.5039	12399	666.612	0.00908666	0	1.02	1.02
180	0.00203847	0.00113068	20507.6	1050	105	19530.2	87.2458	87.2458	348.983	348.983	0 22353.8 491.232 	22845	6.13277	6.5039	12399	666.612	0.00908688	0	1.02	1.02
180.1	0.00203848	0.0011307	20508.2	1050	105	19530.3	87.2856	87.2856	349.142	349.142	0 22353.4 491.23 	22844.6	6.13273	6.5039	12399	666.612	0.00908712	0	1.02	1.02
180.2	0.00203848	0.00113073	20508.8	1050	105	19530.5	87.3253	87.3253	349.301	349.301	0 22352.9 491.229 	22844.1	6.13269	6.5039	12399	666.612	0.00908736	0	1.02	1.02
180.3	0.00203848	0.00113075	20509.4	1050	105	19530.7	87.3651	87.3651	349.46	349.46	0 22352.4 491.229 	22843.7	6.13266	6.5039	12399	666.612	0.00908761	0	1.02	1.02
180.4	0.00203849	0.00113078	20510	1050	105	19530.9	87.4049	87.4049	349.619	349.619	0 22352 491.229 	22843.2	6.13262	6.5039	12399	666.612	0.00908787	0	1.02	1.02
180.5	0.00203849	0.0011308	20510.6	1050	105	19531.1	87.4447	87.4447	349.779	349.779	0 22351.5 491.229 	22842.8	6.13259	6.5039	12399	666.612	0.00908814	0	1.02	1.02
180.6	0.0020385	0.00113083	20511.1	1050	105	19531.3	87.4845	87.4845	349.938	349.938	0 22351.1 491.23 	22842.3	6.13255	6.5039	12399	666.612	0.00908841	0	1.02	1.02
180.7	0.0020385	0.00113086	20511.7	1050	105	19531.5	87.5243	87.5243	350.097	350.097	0 22350.6 491.231 	22841.8	6.13252	6.5039	12399	666.612	0.0090887	0	1.02	1.02
180.8	0.0020385	0.00113088	20512.3	1050	105	19531.7	87.5642	87.5642	350.257	350.257	0 22350.2 491.233 	22841.4	6.13248	6.5039	12399	666.612	0.009089	0	1.02	1.02
180.9	0.00203851	0.00113091	20512.9	1050	105	19531.9	87.6041	87.6041	350.416	350.416	0 22349.7 491.236 	22840.9	6.13245	6.5039	12399	666.612	0.0090893	0	1.02	1.02
181	0.00203851	0.00113093	20513.5	1050	105	19532.1	87.644	87.644	350.576	350.576	0 22349.3 491.239 	22840.5	6.13241	6.5039	12399	666.612	0.00908962	0	1.02	1.02
181.1	0.00203851	0.00113096	20514.1	1050	105	19532.2	87.684	87.684	350.736	350.736	0 22348.8 491.242 	22840	6.13237	6.5039	12399	666.612	0.00908994	0	1.02	1.02
181.2	0.00203852	0.00113098	20514.7	1050	105	19532.4	87.7239	87.7239	350.896	350.896	0 22348.3 491.246 	22839.6	6.13234	6.5039	12399	666.612	0.00909027	0	1.02	1.02
181.3	0.00203852	0.00113101	20515.3	1050	105	19532.6	87.7639	87.7639	351.056	351.056	0 22347.9 491.25 	22839.1	6.1323	6.5039	12399	666.612	0.00909061	0	1.02	1.02
181.4	0.00203853	0.00113103	20515.8	1050	105	19532.8	87.8039	87.8039	351.216	351.216	0 22347.4 491.255 	22838.7	6.13227	6.5039	12399	666.612	0.00909097	0	1.02	1.02
181.5	0.00203853	0.00113106	20516.4	1050	105	19533	87.8439	87.8439	351.376	351.376	0 22347 491.261 	22838.2	6.13223	6.5039	12399	666.612	0.00909133	0	1.02	1.02
181.6	0.00203853	0.00113108	20517	1050	105	19533.2	87.884	87.884	351.536	351.536	0 22346.5 491.267 	22837.8	6.1322	6.5039	12399	666.612	0.00909169	0	1.02	1.02
181.7	0.00203854	0.00113111	20517.6	1050	105	19533.4	87.9241	87.9241	351.696	351.696	0 22346.1 491.273 	22837.3	6.13216	6.5039	12399	666.612	0.00909207	0	1.02	1.02
181.8	0.00203854	0.00113113	20518.2	1050	105	19533.5	87.9642	87.9642	351.857	351.857	0 22345.6 491.28 	22836.9	6.13213	6.5039	12399	666.612	0.00909246	0	1.02	1.02
181.9	0.00203855	0.00113116	20518.8	1050	105	19533.7	88.0043	88.0043	352.017	352.017	0 22345.2 491.287 	22836.5	6.13209	6.5039	12399	666.612	0.00909286	0	1.02	1.02
182	0.00203855	0.00113118	20519.4	1050	105	19533.9	88.0444	88.0444	352.178	352.178	0 22344.7 491.295 	22836	6.13206	6.5039	12399	666.612	0.00909326	0	1.02	1.02
182.1	0.00203855	0.00113121	20519.9	1050	105	19534.1	88.0846	88.0846	352.338	352.338	0 22344.3 491.304 	22835.6	6.13202	6.5039	12399	666.612	0.00909368	0	1.02	1.02
182.2	0.00203856	0.00113123	20520.5	1050	105	19534.3	88.1247	88.1247	352.499	352.499	0 22343.8 491.313 	22835.1	6.13199	6.5039	12399	666.612	0.0090941	0	1.02	1.02
182.3	0.00203856	0.00113126	20521.1	1050	105	19534.5	88.165	88.165	352.66	352.66	0 22343.4 491.322 	22834.7	6.13195	6.5039	12399	666.612	0.00909453	0	1.02	1.02
182.4	0.00203857	0.00113128	20521.7	1050	105	19534.6	88.2052	88.2052	352.821	352.821	0 22342.9 491.332 	22834.2	6.13192	6.5039	12399	666.612	0.00909497	0	1.02	1.02
182.5	0.00203857	0.00113131	20522.3	1050	105	19534.8	88.2454	88.2454	352.982	352.982	0 22342.4 491.342 	22833.8	6.13189	6.5039	12399	666.612	0.00909542	0	1.02	1.02
182.6	0.00203857	0.00113133	20522.9	1050	105	19535	88.2857	88.2857	353.143	353.143	0 22342 491.353 	22833.3	6.13185	6.5039	12399	666.612	0.00909588	0	1.02	1.02
182.7	0.00203858	0.00113136	20523.4	1050	105	19535.2	88.326	88.326	353.304	353.304	0 22341.5 491.364 	22832.9	6.13182	6.5039	12399	666.612	0.00909635	0	1.02	1.02
182.8	0.00203858	0.00113138	20524	1050	105	19535.4	88.3663	88.3663	353.465	353.465	0 22341.1 491.376 	22832.5	6.13178	6.5039	12399	666.612	0.00909683	0	1.02	1.02
182.9	0.00203858	0.00113141	20524.6	1050	105	19535.5	88.4066	88.4066	353.627	353.627	0 22340.6 491.389 	22832	6.13175	6.5039	12399	666.612	0.00909732	0	1.02	1.02
183	0.00203859	0.00113143	20525.2	1050	105	19535.7	88.447	88.447	353.788	353.788	0 22340.2 491.401 	22831.6	6.13171	6.5039	12399	666.612	0.00909781	0	1.02	1.02
183.1	0.00203859	0.00113146	20525.8	1050	105	19535.9	88.4874	88.4874	353.95	353.95	0 22339.7 491.415 	22831.1	6.13168	6.5039	12399	666.612	0.00909832	0	1.02	1.02
183.2	0.0020386	0.00113148	20526.4	1050	105	19536.1	88.5278	88.5278	354.111	354.111	0 22339.3 491.429 	22830.7	6.13164	6.5039	12399	666.612	0.00909883	0	1.02	1.02
183.3	0.0020386	0.00113151	20526.9	1050	105	19536.3	88.5682	88.5682	354.273	354.273	0 22338.8 491.443 	22830.3	6.13161	6.5039	12399	666.612	0.00909935	0	1.02	1.02
183.4	0.0020386	0.00113153	20527.5	1050	105	19536.4	88.6087	88.6087	354.435	354.435	0 22338.4 491.458 	22829.8	6.13158	6.5039	12399	666.612	0.00909988	0	1.02	1.02
183.5	0.00203861	0.00113156	20528.1	1050	105	19536.6	88.6491	88.6491	354.596	354.596	0 22337.9 491.473 	22829.4	6.13154	6.5039	12399	666.612	0.00910043	0	1.02	1.02
183.6	0.00203861	0.00113158	20528.7	1050	105	19536.8	88.6896	88.6896	354.758	354.758	0 22337.5 491.489 	22829	6.13151	6.5039	12399	666.612	0.00910098	0	1.02	1.02
183.7	0.00203861	0.00113161	20529.3	1050	105	19537	88.7301	88.7301	354.921	354.921	0 22337 491.505 	22828.5	6.13147	6.5039	12399	666.612	0.00910153	0	1.02	1.02
183.8	0.00203862	0.00113163	20529.8	1050	105	19537.1	88.7707	88.7707	355.083	355.083	0 22336.6 491.522 	22828.1	6.13144	6.5039	12399	666.612	0.0091021	0	1.02	1.02
183.9	0.00203862	0.00113166	20530.4	1050	105	19537.3	88.8112	88.8112	355.245	355.245	0 22336.1 491.539 	22827.7	6.13141	6.5039	12399	666.612	0.00910268	0	1.02	1.02
184	0.00203863	0.00113168	20531	1050	105	19537.5	88.8518	88.8518	355.407	355.407	0 22335.7 491.557 	22827.2	6.13137	6.5039	12399	666.612	0.00910327	0	1.02	1.02
184.1	0.00203863	0.00113171	20531.6	1050	105	19537.7	88.8924	88.8924	355.57	355.57	0 22335.2 491.575 	22826.8	6.13134	6.5039	12399	666.612	0.00910386	0	1.02	1.02
184.2	0.00203863	0.00113173	20532.2	1050	105	19537.8	88.933	88.933	355.732	355.732	0 22334.8 491.594 	22826.4	6.1313	6.5039	12399	666.612	0.00910446	0	1.02	1.02
184.3	0.00203864	0.00113176	20532.7	1050	105	19538	88.9737	88.9737	355.895	355.895	0 22334.3 491.613 	22825.9	6.13127	6.5039	12399	666.612	0.00910508	0	1.02	1.02
184.4	0.00203864	0.00113178	20533.3	1050	105	19538.2	89.0143	89.0143	356.057	356.057	0 22333.9 491.633 	22825.5	6.13124	6.5039	12399	666.612	0.0091057	0	1.02	1.02
184.5	0.00203864	0.00113181	20533.9	1050	105	19538.3	89.055	89.055	356.22	356.22	0 22333.4 491.653 	22825.1	6.1312	6.5039	12399	666.612	0.00910633	0	1.02	1.02
184.6	0.00203865	0.00113183	20534.5	1050	105	19538.5	89.0958	89.0958	356.383	356.383	0 22333 491.674 	22824.6	6.13117	6.5039	12399	666.612	0.00910697	0	1.02	1.02
184.7	0.00203865	0.00113186	20535.1	1050	105	19538.7	89.1365	89.1365	356.546	356.546	0 22332.5 491.695 	22824.2	6.13114	6.5039	12399	666.612	0.00910762	0	1.02	1.02
184.8	0.00203866	0.00113188	20535.6	1050	105	19538.9	89.1772	89.1772	356.709	356.709	0 22332.1 491.716 	22823.8	6.1311	6.5039	12399	666.612	0.00910828	0	1.02	1.02
184.9	0.00203866	0.00113191	20536.2	1050	105	19539	89.218	89.218	356.872	356.872	0 22331.6 491.739 	22823.4	6.13107	6.5039	12399	666.612	0.00910894	0	1.02	1.02
185	0.00203866	0.00113193	20536.8	1050	105	19539.2	89.2588	89.2588	357.035	357.035	0 22331.2 491.761 	22822.9	6.13103	6.5039	12399	666.612	0.00910962	0	1.02	1.02
185.1	0.00203867	0.00113196	20537.4	1050	105	19539.4	89.2997	89.2997	357.199	357.199	0 22330.7 491.784 	22822.5	6.131	6.5039	12399	666.612	0.0091103	0	1.02	1.02
185.2	0.00203867	0.00113198	20537.9	1050	105	19539.5	89.3405	89.3405	357.362	357.362	0 22330.3 491.808 	22822.1	6.13097	6.5039	12399	666.612	0.009111	0	1.02	1.02
185.3	0.00203867	0.00113201	20538.5	1050	105	19539.7	89.3814	89.3814	357.526	357.526	0 22329.8 491.832 	22821.7	6.13093	6.5039	12399	666.612	0.0091117	0	1.02	1.02
185.4	0.00203868	0.00113203	20539.1	1050	105	19539.9	89.4223	89.4223	357.689	357.689	0 22329.4 491.857 	22821.2	6.1309	6.5039	12399	666.612	0.00911241	0	1.02	1.02
185.5	0.00203868	0.00113206	20539.7	1050	105	19540	89.4632	89.4632	357.853	357.853	0 22328.9 491.882 	22820.8	6.13087	6.5039	12399	666.612	0.00911313	0	1.02	1.02
185.6	0.00203869	0.00113208	20540.3	1050	105	19540.2	89.5041	89.5041	358.016	358.016	0 22328.5 491.907 	22820.4	6.13084	6.5039	12399	666.612	0.00911386	0	1.02	1.02
185.7	0.00203869	0.00113211	20540.8	1050	105	19540.4	89.5451	89.5451	358.18	358.18	0 22328 491.933 	22820	6.1308	6.5039	12399	666.612	0.0091146	0	1.02	1.02
185.8	0.00203869	0.00113213	20541.4	1050	105	19540.5	89.5861	89.5861	358.344	358.344	0 22327.6 491.96 	22819.5	6.13077	6.5039	12399	666.612	0.00911535	0	1.02	1.02
185.9	0.0020387	0.00113215	20542	1050	105	19540.7	89.6271	89.6271	358.508	358.508	0 22327.1 491.987 	22819.1	6.13074	6.5039	12399	666.612	0.0091161	0	1.02	1.02
186	0.0020387	0.00113218	20542.6	1050	105	19540.9	89.6681	89.6681	358.672	358.672	0 22326.7 492.015 	22818.7	6.1307	6.5039	12399	666.612	0.00911687	0	1.02	1.02
186.1	0.0020387	0.0011322	20543.1	1050	105	19541	89.7091	89.7091	358.837	358.837	0 22326.2 492.043 	22818.3	6.13067	6.5039	12399	666.612	0.00911764	0	1.02	1.02
186.2	0.00203871	0.00113223	20543.7	1050	105	19541.2	89.7502	89.7502	359.001	359.001	0 22325.8 492.071 	22817.9	6.13064	6.5039	12399	666.612	0.00911843	0	1.02	1.02
186.3	0.00203871	0.00113225	20544.3	1050	105	19541.4	89.7913	89.7913	359.165	359.165	0 22325.3 492.1 	22817.4	6.1306	6.5039	12399	666.612	0.00911922	0	1.02	1.02
186.4	0.00203871	0.00113228	20544.9	1050	105	19541.5	89.8324	89.8324	359.33	359.33	0 22324.9 492.129 	22817	6.13057	6.5039	12399	666.612	0.00912002	0	1.02	1.02
186.5	0.00203872	0.0011323	20545.4	1050	105	19541.7	89.8736	89.8736	359.494	359.494	0 22324.4 492.159 	22816.6	6.13054	6.5039	12399	666.612	0.00912083	0	1.02	1.02
186.6	0.00203872	0.00113233	20546	1050	105	19541.9	89.9147	89.9147	359.659	359.659	0 22324 492.19 	22816.2	6.13051	6.5039	12399	666.612	0.00912165	0	1.02	1.02
186.7	0.00203873	0.00113235	20546.6	1050	105	19542	89.9559	89.9559	359.824	359.824	0 22323.5 492.221 	22815.8	6.13047	6.5039	12399	666.612	0.00912248	0	1.02	1.02
186.8	0.00203873	0.00113238	20547.2	1050	105	19542.2	89.9971	89.9971	359.988	359.988	0 22323.1 492.252 	22815.3	6.13044	6.5039	12399	666.612	0.00912331	0	1.02	1.02
186.9	0.00203873	0.0011324	20547.7	1050	105	19542.3	90.0383	90.0383	360.153	360.153	0 22322.7 492.284 	22814.9	6.13041	6.5039	12399	666.612	0.00912416	0	1.02	1.02
187	0.00203874	0.00113243	20548.3	1050	105	19542.5	90.0796	90.0796	360.318	360.318	0 22322.2 492.316 	22814.5	6.13038	6.5039	12399	666.612	0.00912501	0	1.02	1.02
187.1	0.00203874	0.00113245	20548.9	1050	105	19542.7	90.1209	90.1209	360.483	360.483	0 22321.8 492.349 	22814.1	6.13034	6.5039	12399	666.612	0.00912588	0	1.02	1.02
187.2	0.00203874	0.00113248	20549.4	1050	105	19542.8	90.1622	90.1622	360.649	360.649	0 22321.3 492.383 	22813.7	6.13031	6.5039	12399	666.612	0.00912675	0	1.02	1.02
187.3	0.00203875	0.0011325	20550	1050	105	19543	90.2035	90.2035	360.814	360.814	0 22320.9 492.416 	22813.3	6.13028	6.5039	12399	666.612	0.00912763	0	1.02	1.02
187.4	0.00203875	0.00113253	20550.6	1050	105	19543.1	90.2448	90.2448	360.979	360.979	0 22320.4 492.451 	22812.9	6.13025	6.5039	12399	666.612	0.00912852	0	1.02	1.02
187.5	0.00203875	0.00113255	20551.2	1050	105	19543.3	90.2862	90.2862	361.145	361.145	0 22320 492.485 	22812.5	6.13022	6.5039	12399	666.612	0.00912942	0	1.02	1.02
187.6	0.00203876	0.00113257	20551.7	1050	105	19543.5	90.3276	90.3276	361.31	361.31	0 22319.5 492.521 	22812	6.13018	6.5039	12399	666.612	0.00913033	0	1.02	1.02
187.7	0.00203876	0.0011326	20552.3	1050	105	19543.6	90.369	90.369	361.476	361.476	0 22319.1 492.556 	22811.6	6.13015	6.5039	12399	666.612	0.00913124	0	1.02	1.02
187.8	0.00203876	0.00113262	20552.9	1050	105	19543.8	90.4104	90.4104	361.642	361.642	0 22318.6 492.593 	22811.2	6.13012	6.5039	12399	666.612	0.00913217	0	1.02	1.02
187.9	0.00203877	0.00113265	20553.5	1050	105	19543.9	90.4519	90.4519	361.807	361.807	0 22318.2 492.629 	22810.8	6.13009	6.5039	12399	666.612	0.0091331	0	1.02	1.02
188	0.00203877	0.00113267	20554	1050	105	19544.1	90.4933	90.4933	361.973	361.973	0 22317.7 492.667 	22810.4	6.13005	6.5039	12399	666.612	0.00913405	0	1.02	1.02
188.1	0.00203878	0.0011327	20554.6	1050	105	19544.2	90.5348	90.5348	362.139	362.139	0 22317.3 492.704 	22810	6.13002	6.5039	12399	666.612	0.009135	0	1.02	1.02
188.2	0.00203878	0.00113272	20555.2	1050	105	19544.4	90.5764	90.5764	362.305	362.305	0 22316.9 492.742 	22809.6	6.12999	6.5039	12399	666.612	0.00913596	0	1.02	1.02
188.3	0.00203878	0.00113275	20555.7	1050	105	19544.6	90.6179	90.6179	362.472	362.472	0 22316.4 492.781 	22809.2	6.12996	6.5039	12399	666.612	0.00913693	0	1.02	1.02
188.4	0.00203879	0.00113277	20556.3	1050	105	19544.7	90.6595	90.6595	362.638	362.638	0 22316 492.82 	22808.8	6.12993	6.5039	12399	666.612	0.00913791	0	1.02	1.02
188.5	0.00203879	0.0011328	20556.9	1050	105	19544.9	90.7011	90.7011	362.804	362.804	0 22315.5 492.86 	22808.4	6.1299	6.5039	12399	666.612	0.0091389	0	1.02	1.02
188.6	0.00203879	0.00113282	20557.4	1050	105	19545	90.7427	90.7427	362.971	362.971	0 22315.1 492.9 	22808	6.12986	6.5039	12399	666.612	0.00913989	0	1.02	1.02
188.7	0.0020388	0.00113284	20558	1050	105	19545.2	90.7843	90.7843	363.137	363.137	0 22314.6 492.94 	22807.6	6.12983	6.5039	12399	666.612	0.0091409	0	1.02	1.02
188.8	0.0020388	0.00113287	20558.6	1050	105	19545.3	90.826	90.826	363.304	363.304	0 22314.2 492.981 	22807.2	6.1298	6.5039	12399	666.612	0.00914191	0	1.02	1.02
188.9	0.0020388	0.00113289	20559.2	1050	105	19545.5	90.8676	90.8676	363.471	363.471	0 22313.7 493.023 	22806.8	6.12977	6.5039	12399	666.612	0.00914294	0	1.02	1.02
189	0.00203881	0.00113292	20559.7	1050	105	19545.6	90.9093	90.9093	363.637	363.637	0 22313.3 493.065 	22806.4	6.12974	6.5039	12399	666.612	0.00914397	0	1.02	1.02
189.1	0.00203881	0.00113294	20560.3	1050	105	19545.8	90.9511	90.9511	363.804	363.804	0 22312.8 493.107 	22806	6.12971	6.5039	12399	666.612	0.00914501	0	1.02	1.02
189.2	0.00203881	0.00113297	20560.9	1050	105	19545.9	90.9928	90.9928	363.971	363.971	0 22312.4 493.15 	22805.6	6.12967	6.5039	12399	666.612	0.00914606	0	1.02	1.02
189.3	0.00203882	0.00113299	20561.4	1050	105	19546.1	91.0346	91.0346	364.138	364.138	0 22312 493.194 	22805.2	6.12964	6.5039	12399	666.612	0.00914712	0	1.02	1.02
189.4	0.00203882	0.00113302	20562	1050	105	19546.2	91.0764	91.0764	364.306	364.306	0 22311.5 493.238 	22804.8	6.12961	6.5039	12399	666.612	0.00914818	0	1.02	1.02
189.5	0.00203882	0.00113304	20562.6	1050	105	19546.4	91.1182	91.1182	364.473	364.473	0 22311.1 493.282 	22804.4	6.12958	6.5039	12399	666.612	0.00914926	0	1.02	1.02
189.6	0.00203883	0.00113307	20563.1	1050	105	19546.5	91.16	91.16	364.64	364.64	0 22310.6 493.327 	22804	6.12955	6.5039	12399	666.612	0.00915035	0	1.02	1.02
189.7	0.00203883	0.00113309	20563.7	1050	105	19546.7	91.2019	91.2019	364.808	364.808	0 22310.2 493.372 	22803.6	6.12952	6.5039	12399	666.612	0.00915144	0	1.02	1.02
189.8	0.00203883	0.00113311	20564.3	1050	105	19546.8	91.2438	91.2438	364.975	364.975	0 22309.7 493.418 	22803.2	6.12949	6.5039	12399	666.612	0.00915254	0	1.02	1.02
189.9	0.00203884	0.00113314	20564.8	1050	105	19547	91.2857	91.2857	365.143	365.143	0 22309.3 493.465 	22802.8	6.12946	6.5039	12399	666.612	0.00915365	0	1.02	1.02
190	0.00203884	0.00113316	20565.4	1050	105	19547.1	91.3276	91.3276	365.31	365.31	0 22308.9 493.511 	22802.4	6.12943	6.5039	12399	666.612	0.00915477	0	1.02	1.02
190.1	0.00203885	0.00113319	20566	1050	105	19547.3	91.3696	91.3696	365.478	365.478	0 22308.4 493.559 	22802	6.12939	6.5039	12399	666.612	0.0091559	0	1.02	1.02
190.2	0.00203885	0.00113321	20566.5	1050	105	19547.4	91.4115	91.4115	365.646	365.646	0 22308 493.606 	22801.6	6.12936	6.5039	12399	666.612	0.00915704	0	1.02	1.02
190.3	0.00203885	0.00113324	20567.1	1050	105	19547.6	91.4535	91.4535	365.814	365.814	0 22307.5 493.655 	22801.2	6.12933	6.5039	12399	666.612	0.00915819	0	1.02	1.02
190.4	0.00203886	0.00113326	20567.7	1050	105	19547.7	91.4956	91.4956	365.982	365.982	0 22307.1 493.703 	22800.8	6.1293	6.5039	12399	666.612	0.00915934	0	1.02	1.02
190.5	0.00203886	0.00113328	20568.2	1050	105	19547.9	91.5376	91.5376	366.15	366.15	0 22306.6 493.752 	22800.4	6.12927	6.5039	12399	666.612	0.00916051	0	1.02	1.02
190.6	0.00203886	0.00113331	20568.8	1050	105	19548	91.5797	91.5797	366.319	366.319	0 22306.2 493.802 	22800	6.12924	6.5039	12399	666.612	0.00916168	0	1.02	1.02
190.7	0.00203887	0.00113333	20569.4	1050	105	19548.1	91.6218	91.6218	366.487	366.487	0 22305.8 493.852 	22799.6	6.12921	6.5039	12399	666.612	0.00916286	0	1.02	1.02
190.8	0.00203887	0.00113336	20569.9	1050	105	19548.3	91.6639	91.6639	366.655	366.655	0 22305.3 493.903 	22799.2	6.12918	6.5039	12399	666.612	0.00916405	0	1.02	1.02
190.9	0.00203887	0.00113338	20570.5	1050	105	19548.4	91.706	91.706	366.824	366.824	0 22304.9 493.954 	22798.8	6.12915	6.5039	12399	666.612	0.00916525	0	1.02	1.02
191	0.00203888	0.00113341	20571.1	1050	105	19548.6	91.7482	91.7482	366.993	366.993	0 22304.4 494.005 	22798.4	6.12912	6.5039	12399	666.612	0.00916646	0	1.02	1.02
191.1	0.00203888	0.00113343	20571.6	1050	105	19548.7	91.7903	91.7903	367.161	367.161	0 22304 494.057 	22798	6.12909	6.5039	12399	666.612	0.00916767	0	1.02	1.02
191.2	0.00203888	0.00113346	20572.2	1050	105	19548.9	91.8325	91.8325	367.33	367.33	0 22303.5 494.11 	22797.7	6.12906	6.5039	12399	666.612	0.0091689	0	1.02	1.02
191.3	0.00203889	0.00113348	20572.7	1050	105	19549	91.8748	91.8748	367.499	367.499	0 22303.1 494.163 	22797.3	6.12903	6.5039	12399	666.612	0.00917013	0	1.02	1.02
191.4	0.00203889	0.0011335	20573.3	1050	105	19549.1	91.917	91.917	367.668	367.668	0 22302.7 494.216 	22796.9	6.129	6.5039	12399	666.612	0.00917138	0	1.02	1.02
191.5	0.00203889	0.00113353	20573.9	1050	105	19549.3	91.9593	91.9593	367.837	367.837	0 22302.2 494.27 	22796.5	6.12897	6.5039	12399	666.612	0.00917263	0	1.02	1.02
191.6	0.0020389	0.00113355	20574.4	1050	105	19549.4	92.0016	92.0016	368.006	368.006	0 22301.8 494.325 	22796.1	6.12894	6.5039	12399	666.612	0.00917389	0	1.02	1.02
191.7	0.0020389	0.00113358	20575	1050	105	19549.6	92.0439	92.0439	368.176	368.176	0 22301.3 494.38 	22795.7	6.12891	6.5039	12399	666.612	0.00917516	0	1.02	1.02
191.8	0.0020389	0.0011336	20575.6	1050	105	19549.7	92.0862	92.0862	368.345	368.345	0 22300.9 494.435 	22795.3	6.12888	6.5039	12399	666.612	0.00917644	0	1.02	1.02
191.9	0.00203891	0.00113363	20576.1	1050	105	19549.8	92.1286	92.1286	368.514	368.514	0 22300.5 494.491 	22795	6.12885	6.5039	12399	666.612	0.00917772	0	1.02	1.02
192	0.00203891	0.00113365	20576.7	1050	105	19550	92.171	92.171	368.684	368.684	0 22300 494.547 	22794.6	6.12882	6.5039	12399	666.612	0.00917902	0	1.02	1.02
192.1	0.00203891	0.00113367	20577.2	1050	105	19550.1	92.2134	92.2134	368.854	368.854	0 22299.6 494.604 	22794.2	6.12879	6.5039	12399	666.612	0.00918032	0	1.02	1.02
192.2	0.00203892	0.0011337	20577.8	1050	105	19550.2	92.2558	92.2558	369.023	369.023	0 22299.1 494.661 	22793.8	6.12876	6.5039	12399	666.612	0.00918164	0	1.02	1.02
192.3	0.00203892	0.00113372	20578.4	1050	105	19550.4	92.2983	92.2983	369.193	369.193	0 22298.7 494.719 	22793.4	6.12873	6.5039	12399	666.612	0.00918296	0	1.02	1.02
192.4	0.00203892	0.00113375	20578.9	1050	105	19550.5	92.3408	92.3408	369.363	369.363	0 22298.3 494.777 	22793	6.1287	6.5039	12399	666.612	0.00918429	0	1.02	1.02
192.5	0.00203893	0.00113377	20579.5	1050	105	19550.7	92.3833	92.3833	369.533	369.533	0 22297.8 494.836 	22792.7	6.12867	6.5039	12399	666.612	0.00918563	0	1.02	1.02
192.6	0.00203893	0.00113379	20580.1	1050	105	19550.8	92.4258	92.4258	369.703	369.703	0 22297.4 494.895 	22792.3	6.12864	6.5039	12399	666.612	0.00918698	0	1.02	1.02
192.7	0.00203893	0.00113382	20580.6	1050	105	19550.9	92.4683	92.4683	369.873	369.873	0 22296.9 494.954 	22791.9	6.12861	6.5039	12399	666.612	0.00918833	0	1.02	1.02
192.8	0.00203894	0.00113384	20581.2	1050	105	19551.1	92.5109	92.5109	370.044	370.044	0 22296.5 495.014 	22791.5	6.12858	6.5039	12399	666.612	0.0091897	0	1.02	1.02
192.9	0.00203894	0.00113387	20581.7	1050	105	19551.2	92.5535	92.5535	370.214	370.214	0 22296.1 495.075 	22791.1	6.12855	6.5039	12399	666.612	0.00919107	0	1.02	1.02
193	0.00203894	0.00113389	20582.3	1050	105	19551.3	92.5961	92.5961	370.384	370.384	0 22295.6 495.136 	22790.8	6.12852	6.5039	12399	666.612	0.00919246	0	1.02	1.02
193.1	0.00203895	0.00113392	20582.9	1050	105	19551.5	92.6387	92.6387	370.555	370.555	0 22295.2 495.198 	22790.4	6.12849	6.5039	12399	666.612	0.00919385	0	1.02	1.02
193.2	0.00203895	0.00113394	20583.4	1050	105	19551.6	92.6814	92.6814	370.726	370.726	0 22294.7 495.259 	22790	6.12846	6.5039	12399	666.612	0.00919525	0	1.02	1.02
193.3	0.00203895	0.00113396	20584	1050	105	19551.7	92.7241	92.7241	370.896	370.896	0 22294.3 495.322 	22789.6	6.12843	6.5039	12399	666.612	0.00919666	0	1.02	1.02
193.4	0.00203896	0.00113399	20584.5	1050	105	19551.9	92.7668	92.7668	371.067	371.067	0 22293.9 495.385 	22789.2	6.1284	6.5039	12399	666.612	0.00919808	0	1.02	1.02
193.5	0.00203896	0.00113401	20585.1	1050	105	19552	92.8095	92.8095	371.238	371.238	0 22293.4 495.448 	22788.9	6.12837	6.5039	12399	666.612	0.0091995	0	1.02	1.02
193.6	0.00203896	0.00113404	20585.7	1050	105	19552.1	92.8523	92.8523	371.409	371.409	0 22293 495.512 	22788.5	6.12834	6.5039	12399	666.612	0.00920094	0	1.02	1.02
193.7	0.00203897	0.00113406	20586.2	1050	105	19552.3	92.8951	92.8951	371.58	371.58	0 22292.5 495.576 	22788.1	6.12831	6.5039	12399	666.612	0.00920238	0	1.02	1.02
193.8	0.00203897	0.00113408	20586.8	1050	105	19552.4	92.9378	92.9378	371.751	371.751	0 22292.1 495.641 	22787.7	6.12828	6.5039	12399	666.612	0.00920384	0	1.02	1.02
193.9	0.00203897	0.00113411	20587.3	1050	105	19552.5	92.9807	92.9807	371.923	371.923	0 22291.7 495.706 	22787.4	6.12825	6.5039	12399	666.612	0.0092053	0	1.02	1.02
194	0.00203897	0.00113413	20587.9	1050	105	19552.6	93.0235	93.0235	372.094	372.094	0 22291.2 495.772 	22787	6.12822	6.5039	12399	666.612	0.00920677	0	1.02	1.02
194.1	0.00203898	0.00113416	20588.4	1050	105	19552.8	93.0664	93.0664	372.266	372.266	0 22290.8 495.838 	22786.6	6.12819	6.5039	12399	666.612	0.00920825	0	1.02	1.02
194.2	0.00203898	0.00113418	20589	1050	105	19552.9	93.1093	93.1093	372.437	372.437	0 22290.4 495.905 	22786.3	6.12817	6.5039	12399	666.612	0.00920973	0	1.02	1.02
194.3	0.00203898	0.0011342	20589.6	1050	105	19553	93.1522	93.1522	372.609	372.609	0 22289.9 495.972 	22785.9	6.12814	6.5039	12399	666.612	0.00921123	0	1.02	1.02
194.4	0.00203899	0.00113423	20590.1	1050	105	19553.2	93.1951	93.1951	372.781	372.781	0 22289.5 496.04 	22785.5	6.12811	6.5039	12399	666.612	0.00921273	0	1.02	1.02
194.5	0.00203899	0.00113425	20590.7	1050	105	19553.3	93.2381	93.2381	372.952	372.952	0 22289 496.108 	22785.2	6.12808	6.5039	12399	666.612	0.00921425	0	1.02	1.02
194.6	0.00203899	0.00113428	20591.2	1050	105	19553.4	93.2811	93.2811	373.124	373.124	0 22288.6 496.176 	22784.8	6.12805	6.5039	12399	666.612	0.00921577	0	1.02	1.02
194.7	0.002039	0.0011343	20591.8	1050	105	19553.5	93.3241	93.3241	373.296	373.296	0 22288.2 496.245 	22784.4	6.12802	6.5039	12399	666.612	0.0092173	0	1.02	1.02
194.8	0.002039	0.00113433	20592.3	1050	105	19553.7	93.3671	93.3671	373.468	373.468	0 22287.7 496.315 	22784	6.12799	6.5039	12399	666.612	0.00921884	0	1.02	1.02
194.9	0.002039	0.00113435	20592.9	1050	105	19553.8	93.4102	93.4102	373.641	373.641	0 22287.3 496.385 	22783.7	6.12796	6.5039	12399	666.612	0.00922039	0	1.02	1.02
195	0.00203901	0.00113437	20593.5	1050	105	19553.9	93.4532	93.4532	373.813	373.813	0 22286.9 496.455 	22783.3	6.12793	6.5039	12399	666.612	0.00922194	0	1.02	1.02
195.1	0.00203901	0.0011344	20594	1050	105	19554	93.4963	93.4963	373.985	373.985	0 22286.4 496.526 	22782.9	6.12791	6.5039	12399	666.612	0.00922351	0	1.02	1.02
195.2	0.00203901	0.00113442	20594.6	1050	105	19554.2	93.5395	93.5395	374.158	374.158	0 22286 496.597 	22782.6	6.12788	6.5039	12399	666.612	0.00922508	0	1.02	1.02
195.3	0.00203902	0.00113445	20595.1	1050	105	19554.3	93.5826	93.5826	374.33	374.33	0 22285.5 496.669 	22782.2	6.12785	6.5039	12399	666.612	0.00922667	0	1.02	1.02
195.4	0.00203902	0.00113447	20595.7	1050	105	19554.4	93.6258	93.6258	374.503	374.503	0 22285.1 496.741 	22781.9	6.12782	6.5039	12399	666.612	0.00922826	0	1.02	1.02
195.5	0.00203902	0.00113449	20596.2	1050	105	19554.5	93.669	93.669	374.676	374.676	0 22284.7 496.814 	22781.5	6.12779	6.5039	12399	666.612	0.00922986	0	1.02	1.02
195.6	0.00203903	0.00113452	20596.8	1050	105	19554.7	93.7122	93.7122	374.849	374.849	0 22284.2 496.887 	22781.1	6.12776	6.5039	12399	666.612	0.00923147	0	1.02	1.02
195.7	0.00203903	0.00113454	20597.3	1050	105	19554.8	93.7554	93.7554	375.022	375.022	0 22283.8 496.961 	22780.8	6.12774	6.5039	12399	666.612	0.00923308	0	1.02	1.02
195.8	0.00203903	0.00113457	20597.9	1050	105	19554.9	93.7987	93.7987	375.195	375.195	0 22283.4 497.035 	22780.4	6.12771	6.5039	12399	666.612	0.00923471	0	1.02	1.02
195.9	0.00203904	0.00113459	20598.4	1050	105	19555	93.842	93.842	375.368	375.368	0 22282.9 497.11 	22780	6.12768	6.5039	12399	666.612	0.00923634	0	1.02	1.02
196	0.00203904	0.00113461	20599	1050	105	19555.1	93.8853	93.8853	375.541	375.541	0 22282.5 497.185 	22779.7	6.12765	6.5039	12399	666.612	0.00923799	0	1.02	1.02
196.1	0.00203904	0.00113464	20599.6	1050	105	19555.3	93.9286	93.9286	375.714	375.714	0 22282.1 497.26 	22779.3	6.12762	6.5039	12399	666.612	0.00923964	0	1.02	1.02
196.2	0.00203904	0.00113466	20600.1	1050	105	19555.4	93.972	93.972	375.888	375.888	0 22281.6 497.336 	22779	6.12759	6.5039	12399	666.612	0.0092413	0	1.02	1.02
196.3	0.00203905	0.00113468	20600.7	1050	105	19555.5	94.0153	94.0153	376.061	376.061	0 22281.2 497.413 	22778.6	6.12757	6.5039	12399	666.612	0.00924297	0	1.02	1.02
196.4	0.00203905	0.00113471	20601.2	1050	105	19555.6	94.0587	94.0587	376.235	376.235	0 22280.8 497.49 	22778.2	6.12754	6.5039	12399	666.612	0.00924465	0	1.02	1.02
196.5	0.00203905	0.00113473	20601.8	1050	105	19555.7	94.1022	94.1022	376.409	376.409	0 22280.3 497.567 	22777.9	6.12751	6.5039	12399	666.612	0.00924633	0	1.02	1.02
196.6	0.00203906	0.00113476	20602.3	1050	105	19555.9	94.1456	94.1456	376.582	376.582	0 22279.9 497.645 	22777.5	6.12748	6.5039	12399	666.612	0.00924803	0	1.02	1.02
196.7	0.00203906	0.00113478	20602.9	1050	105	19556	94.1891	94.1891	376.756	376.756	0 22279.4 497.723 	22777.2	6.12745	6.5039	12399	666.612	0.00924973	0	1.02	1.02
196.8	0.00203906	0.0011348	20603.4	1050	105	19556.1	94.2326	94.2326	376.93	376.93	0 22279 497.802 	22776.8	6.12743	6.5039	12399	666.612	0.00925144	0	1.02	1.02
196.9	0.00203907	0.00113483	20604	1050	105	19556.2	94.2761	94.2761	377.104	377.104	0 22278.6 497.881 	22776.5	6.1274	6.5039	12399	666.612	0.00925316	0	1.02	1.02
197	0.00203907	0.00113485	20604.5	1050	105	19556.3	94.3196	94.3196	377.279	377.279	0 22278.1 497.961 	22776.1	6.12737	6.5039	12399	666.612	0.00925489	0	1.02	1.02
197.1	0.00203907	0.00113488	20605.1	1050	105	19556.4	94.3632	94.3632	377.453	377.453	0 22277.7 498.041 	22775.7	6.12734	6.5039	12399	666.612	0.00925663	0	1.02	1.02
197.2	0.00203908	0.0011349	20605.6	1050	105	19556.6	94.4068	94.4068	377.627	377.627	0 22277.3 498.122 	22775.4	6.12732	6.5039	12399	666.612	0.00925838	0	1.02	1.02
197.3	0.00203908	0.00113492	20606.2	1050	105	19556.7	94.4504	94.4504	377.802	377.802	0 22276.8 498.203 	22775	6.12729	6.5039	12399	666.612	0.00926013	0	1.02	1.02
197.4	0.00203908	0.00113495	20606.7	1050	105	19556.8	94.494	94.494	377.976	377.976	0 22276.4 498.285 	22774.7	6.12726	6.5039	12399	666.612	0.0092619	0	1.02	1.02
197.5	0.00203908	0.00113497	20607.3	1050	105	19556.9	94.5377	94.5377	378.151	378.151	0 22276 498.367 	22774.3	6.12723	6.5039	12399	666.612	0.00926367	0	1.02	1.02
197.6	0.00203909	0.00113499	20607.8	1050	105	19557	94.5814	94.5814	378.325	378.325	0 22275.5 498.449 	22774	6.12721	6.5039	12399	666.612	0.00926545	0	1.02	1.02
197.7	0.00203909	0.00113502	20608.4	1050	105	19557.1	94.6251	94.6251	378.5	378.5	0 22275.1 498.532 	22773.6	6.12718	6.5039	12399	666.612	0.00926724	0	1.02	1.02
197.8	0.00203909	0.00113504	20608.9	1050	105	19557.2	94.6688	94.6688	378.675	378.675	0 22274.7 498.615 	22773.3	6.12715	6.5039	12399	666.612	0.00926904	0	1.02	1.02
197.9	0.0020391	0.00113507	20609.5	1050	105	19557.4	94.7125	94.7125	378.85	378.85	0 22274.2 498.699 	22772.9	6.12712	6.5039	12399	666.612	0.00927084	0	1.02	1.02
198	0.0020391	0.00113509	20610	1050	105	19557.5	94.7563	94.7563	379.025	379.025	0 22273.8 498.784 	22772.6	6.1271	6.5039	12399	666.612	0.00927266	0	1.02	1.02
198.1	0.0020391	0.00113511	20610.6	1050	105	19557.6	94.8001	94.8001	379.2	379.2	0 22273.4 498.868 	22772.2	6.12707	6.5039	12399	666.612	0.00927448	0	1.02	1.02
198.2	0.00203911	0.00113514	20611.1	1050	105	19557.7	94.8439	94.8439	379.376	379.376	0 22272.9 498.954 	22771.9	6.12704	6.5039	12399	666.612	0.00927632	0	1.02	1.02
198.3	0.00203911	0.00113516	20611.7	1050	105	19557.8	94.8878	94.8878	379.551	379.551	0 22272.5 499.039 	22771.5	6.12701	6.5039	12399	666.612	0.00927816	0	1.02	1.02
198.4	0.00203911	0.00113519	20612.2	1050	105	19557.9	94.9316	94.9316	379.727	379.727	0 22272.1 499.126 	22771.2	6.12699	6.5039	12399	666.612	0.00928001	0	1.02	1.02
198.5	0.00203912	0.00113521	20612.8	1050	105	19558	94.9755	94.9755	379.902	379.902	0 22271.6 499.212 	22770.8	6.12696	6.5039	12399	666.612	0.00928186	0	1.02	1.02
198.6	0.00203912	0.00113523	20613.3	1050	105	19558.1	95.0195	95.0195	380.078	380.078	0 22271.2 499.299 	22770.5	6.12693	6.5039	12399	666.612	0.00928373	0	1.02	1.02
198.7	0.00203912	0.00113526	20613.9	1050	105	19558.2	95.0634	95.0634	380.254	380.254	0 22270.8 499.387 	22770.2	6.12691	6.5039	12399	666.612	0.00928561	0	1.02	1.02
198.8	0.00203912	0.00113528	20614.4	1050	105	19558.4	95.1074	95.1074	380.429	380.429	0 22270.3 499.475 	22769.8	6.12688	6.5039	12399	666.612	0.00928749	0	1.02	1.02
198.9	0.00203913	0.0011353	20615	1050	105	19558.5	95.1513	95.1513	380.605	380.605	0 22269.9 499.564 	22769.5	6.12685	6.5039	12399	666.612	0.00928938	0	1.02	1.02
199	0.00203913	0.00113533	20615.5	1050	105	19558.6	95.1953	95.1953	380.781	380.781	0 22269.5 499.652 	22769.1	6.12683	6.5039	12399	666.612	0.00929128	0	1.02	1.02
199.1	0.00203913	0.00113535	20616.1	1050	105	19558.7	95.2394	95.2394	380.958	380.958	0 22269 499.742 	22768.8	6.1268	6.5039	12399	666.612	0.00929319	0	1.02	1.02
199.2	0.00203914	0.00113537	20616.6	1050	105	19558.8	95.2834	95.2834	381.134	381.134	0 22268.6 499.832 	22768.4	6.12677	6.5039	12399	666.612	0.00929511	0	1.02	1.02
199.3	0.00203914	0.0011354	20617.2	1050	105	19558.9	95.3275	95.3275	381.31	381.31	0 22268.2 499.922 	22768.1	6.12675	6.5039	12399	666.612	0.00929704	0	1.02	1.02
199.4	0.00203914	0.00113542	20617.7	1050	105	19559	95.3716	95.3716	381.486	381.486	0 22267.7 500.013 	22767.8	6.12672	6.5039	12399	666.612	0.00929897	0	1.02	1.02
199.5	0.00203914	0.00113545	20618.3	1050	105	19559.1	95.4157	95.4157	381.663	381.663	0 22267.3 500.104 	22767.4	6.12669	6.5039	12399	666.612	0.00930092	0	1.02	1.02
199.6	0.00203915	0.00113547	20618.8	1050	105	19559.2	95.4599	95.4599	381.84	381.84	0 22266.9 500.196 	22767.1	6.12667	6.5039	12399	666.612	0.00930287	0	1.02	1.02
199.7	0.00203915	0.00113549	20619.4	1050	105	19559.3	95.5041	95.5041	382.016	382.016	0 22266.4 500.288 	22766.7	6.12664	6.5039	12399	666.612	0.00930483	0	1.02	1.02
199.8	0.00203915	0.00113552	20619.9	1050	105	19559.4	95.5483	95.5483	382.193	382.193	0 22266 500.381 	22766.4	6.12661	6.5039	12399	666.612	0.0093068	0	1.02	1.02
199.9	0.00203916	0.00113554	20620.4	1050	105	19559.5	95.5925	95.5925	382.37	382.37	0 22265.6 500.474 	22766.1	6.12659	6.5039	12399	666.612	0.00930878	0	1.02	1.02
200	0.00203916	0.00113556	20621	1050	105	19559.6	95.6367	95.6367	382.547	382.547	0 22265.2 500.567 	22765.7	6.12656	6.5039	12399	666.612	0.00931076	0	1.02	1.02
200.1	0.00203916	0.00113559	20621.5	1050	105	19559.7	95.681	95.681	382.724	382.724	0 22264.7 500.661 	22765.4	6.12653	6.5039	12399	666.612	0.00931276	0	1.02	1.02
200.2	0.00203917	0.00113561	20622.1	1050	105	19559.8	95.7253	95.7253	382.901	382.901	0 22264.3 500.756 	22765	6.12651	6.5039	12399	666.612	0.00931476	0	1.02	1.02
200.3	0.00203917	0.00113563	20622.6	1050	105	19559.9	95.7696	95.7696	383.078	383.078	0 22263.9 500.851 	22764.7	6.12648	6.5039	12399	666.612	0.00931677	0	1.02	1.02
200.4	0.00203917	0.00113566	20623.2	1050	105	19560	95.8139	95.8139	383.256	383.256	0 22263.4 500.946 	22764.4	6.12645	6.5039	12399	666.612	0.00931879	0	1.02	1.02
200.5	0.00203917	0.00113568	20623.7	1050	105	19560.1	95.8583	95.8583	383.433	383.433	0 22263 501.042 	22764	6.12643	6.5039	12399	666.612	0.00932082	0	1.02	1.02
200.6	0.00203918	0.00113571	20624.3	1050	105	19560.2	95.9027	95.9027	383.611	383.611	0 22262.6 501.138 	22763.7	6.1264	6.5039	12399	666.612	0.00932286	0	1.02	1.02
200.7	0.00203918	0.00113573	20624.8	1050	105	19560.3	95.9471	95.9471	383.788	383.788	0 22262.1 501.235 	22763.4	6.12638	6.5039	12399	666.612	0.0093249	0	1.02	1.02
200.8	0.00203918	0.00113575	20625.3	1050	105	19560.4	95.9915	95.9915	383.966	383.966	0 22261.7 501.332 	22763	6.12635	6.5039	12399	666.612	0.00932696	0	1.02	1.02
200.9	0.00203919	0.00113578	20625.9	1050	105	19560.5	96.036	96.036	384.144	384.144	0 22261.3 501.43 	22762.7	6.12632	6.5039	12399	666.612	0.00932902	0	1.02	1.02
201	0.00203919	0.0011358	20626.4	1050	105	19560.6	96.0805	96.0805	384.322	384.322	0 22260.8 501.528 	22762.4	6.1263	6.5039	12399	666.612	0.00933109	0	1.02	1.02
201.1	0.00203919	0.00113582	20627	1050	105	19560.7	96.125	96.125	384.5	384.5	0 22260.4 501.626 	22762	6.12627	6.5039	12399	666.612	0.00933317	0	1.02	1.02
201.2	0.00203919	0.00113585	20627.5	1050	105	19560.8	96.1695	96.1695	384.678	384.678	0 22260 501.725 	22761.7	6.12625	6.5039	12399	666.612	0.00933526	0	1.02	1.02
201.3	0.0020392	0.00113587	20628.1	1050	105	19560.9	96.214	96.214	384.856	384.856	0 22259.6 501.825 	22761.4	6.12622	6.5039	12399	666.612	0.00933736	0	1.02	1.02
201.4	0.0020392	0.00113589	20628.6	1050	105	19561	96.2586	96.2586	385.034	385.034	0 22259.1 501.925 	22761	6.12619	6.5039	12399	666.612	0.00933946	0	1.02	1.02
201.5	0.0020392	0.00113592	20629.2	1050	105	19561.1	96.3032	96.3032	385.213	385.213	0 22258.7 502.025 	22760.7	6.12617	6.5039	12399	666.612	0.00934158	0	1.02	1.02
201.6	0.00203921	0.00113594	20629.7	1050	105	19561.2	96.3478	96.3478	385.391	385.391	0 22258.3 502.126 	22760.4	6.12614	6.5039	12399	666.612	0.0093437	0	1.02	1.02
201.7	0.00203921	0.00113596	20630.2	1050	105	19561.3	96.3925	96.3925	385.57	385.57	0 22257.8 502.227 	22760.1	6.12612	6.5039	12399	666.612	0.00934583	0	1.02	1.02
201.8	0.00203921	0.00113599	20630.8	1050	105	19561.4	96.4372	96.4372	385.749	385.749	0 22257.4 502.329 	22759.7	6.12609	6.5039	12399	666.612	0.00934797	0	1.02	1.02
201.9	0.00203921	0.00113601	20631.3	1050	105	19561.5	96.4818	96.4818	385.927	385.927	0 22257 502.431 	22759.4	6.12607	6.5039	12399	666.612	0.00935012	0	1.02	1.02
202	0.00203922	0.00113604	20631.9	1050	105	19561.6	96.5266	96.5266	386.106	386.106	0 22256.5 502.534 	22759.1	6.12604	6.5039	12399	666.612	0.00935227	0	1.02	1.02
202.1	0.00203922	0.00113606	20632.4	1050	105	19561.7	96.5713	96.5713	386.285	386.285	0 22256.1 502.637 	22758.8	6.12602	6.5039	12399	666.612	0.00935444	0	1.02	1.02
202.2	0.00203922	0.00113608	20632.9	1050	105	19561.8	96.6161	96.6161	386.464	386.464	0 22255.7 502.741 	22758.4	6.12599	6.5039	12399	666.612	0.00935661	0	1.02	1.02
202.3	0.00203923	0.00113611	20633.5	1050	105	19561.9	96.6609	96.6609	386.643	386.643	0 22255.3 502.845 	22758.1	6.12596	6.5039	12399	666.612	0.00935879	0	1.02	1.02
202.4	0.00203923	0.00113613	20634	1050	105	19562	96.7057	96.7057	386.823	386.823	0 22254.8 502.949 	22757.8	6.12594	6.5039	12399	666.612	0.00936098	0	1.02	1.02
202.5	0.00203923	0.00113615	20634.6	1050	105	19562.1	96.7505	96.7505	387.002	387.002	0 22254.4 503.054 	22757.5	6.12591	6.5039	12399	666.612	0.00936318	0	1.02	1.02
202.6	0.00203923	0.00113618	20635.1	1050	105	19562.2	96.7954	96.7954	387.181	387.181	0 22254 503.159 	22757.1	6.12589	6.5039	12399	666.612	0.00936539	0	1.02	1.02
202.7	0.00203924	0.0011362	20635.7	1050	105	19562.2	96.8402	96.8402	387.361	387.361	0 22253.5 503.265 	22756.8	6.12586	6.5039	12399	666.612	0.0093676	0	1.02	1.02
202.8	0.00203924	0.00113622	20636.2	1050	105	19562.3	96.8852	96.8852	387.541	387.541	0 22253.1 503.371 	22756.5	6.12584	6.5039	12399	666.612	0.00936983	0	1.02	1.02
202.9	0.00203924	0.00113625	20636.7	1050	105	19562.4	96.9301	96.9301	387.72	387.72	0 22252.7 503.478 	22756.2	6.12581	6.5039	12399	666.612	0.00937206	0	1.02	1.02
203	0.00203925	0.00113627	20637.3	1050	105	19562.5	96.975	96.975	387.9	387.9	0 22252.3 503.585 	22755.8	6.12579	6.5039	12399	666.612	0.0093743	0	1.02	1.02
203.1	0.00203925	0.00113629	20637.8	1050	105	19562.6	97.02	97.02	388.08	388.08	0 22251.8 503.693 	22755.5	6.12576	6.5039	12399	666.612	0.00937655	0	1.02	1.02
203.2	0.00203925	0.00113632	20638.4	1050	105	19562.7	97.065	97.065	388.26	388.26	0 22251.4 503.801 	22755.2	6.12574	6.5039	12399	666.612	0.0093788	0	1.02	1.02
203.3	0.00203925	0.00113634	20638.9	1050	105	19562.8	97.11	97.11	388.44	388.44	0 22251 503.91 	22754.9	6.12571	6.5039	12399	666.612	0.00938107	0	1.02	1.02
203.4	0.00203926	0.00113636	20639.4	1050	105	19562.9	97.1551	97.1551	388.62	388.62	0 22250.5 504.019 	22754.6	6.12569	6.5039	12399	666.612	0.00938334	0	1.02	1.02
203.5	0.00203926	0.00113639	20640	1050	105	19563	97.2002	97.2002	388.801	388.801	0 22250.1 504.128 	22754.2	6.12566	6.5039	12399	666.612	0.00938563	0	1.02	1.02
203.6	0.00203926	0.00113641	20640.5	1050	105	19563.1	97.2453	97.2453	388.981	388.981	0 22249.7 504.238 	22753.9	6.12564	6.5039	12399	666.612	0.00938792	0	1.02	1.02
203.7	0.00203926	0.00113643	20641	1050	105	19563.1	97.2904	97.2904	389.162	389.162	0 22249.3 504.348 	22753.6	6.12561	6.5039	12399	666.612	0.00939022	0	1.02	1.02
203.8	0.00203927	0.00113646	20641.6	1050	105	19563.2	97.3355	97.3355	389.342	389.342	0 22248.8 504.459 	22753.3	6.12559	6.5039	12399	666.612	0.00939253	0	1.02	1.02
203.9	0.00203927	0.00113648	20642.1	1050	105	19563.3	97.3807	97.3807	389.523	389.523	0 22248.4 504.571 	22753	6.12556	6.5039	12399	666.612	0.00939484	0	1.02	1.02
204	0.00203927	0.0011365	20642.7	1050	105	19563.4	97.4259	97.4259	389.704	389.704	0 22248 504.682 	22752.7	6.12554	6.5039	12399	666.612	0.00939717	0	1.02	1.02
204.1	0.00203928	0.00113653	20643.2	1050	105	19563.5	97.4711	97.4711	389.884	389.884	0 22247.6 504.794 	22752.4	6.12552	6.5039	12399	666.612	0.0093995	0	1.02	1.02
204.2	0.00203928	0.00113655	20643.7	1050	105	19563.6	97.5164	97.5164	390.065	390.065	0 22247.1 504.907 	22752	6.12549	6.5039	12399	666.612	0.00940184	0	1.02	1.02
204.3	0.00203928	0.00113657	20644.3	1050	105	19563.7	97.5616	97.5616	390.246	390.246	0 22246.7 505.02 	22751.7	6.12547	6.5039	12399	666.612	0.00940419	0	1.02	1.02
204.4	0.00203928	0.0011366	20644.8	1050	105	19563.7	97.6069	97.6069	390.428	390.428	0 22246.3 505.134 	22751.4	6.12544	6.5039	12399	666.612	0.00940655	0	1.02	1.02
204.5	0.00203929	0.00113662	20645.3	1050	105	19563.8	97.6522	97.6522	390.609	390.609	0 22245.8 505.248 	22751.1	6.12542	6.5039	12399	666.612	0.00940892	0	1.02	1.02
204.6	0.00203929	0.00113664	20645.9	1050	105	19563.9	97.6976	97.6976	390.79	390.79	0 22245.4 505.362 	22750.8	6.12539	6.5039	12399	666.612	0.0094113	0	1.02	1.02
204.7	0.00203929	0.00113667	20646.4	1050	105	19564	97.7429	97.7429	390.972	390.972	0 22245 505.477 	22750.5	6.12537	6.5039	12399	666.612	0.00941368	0	1.02	1.02
204.8	0.00203929	0.00113669	20647	1050	105	19564.1	97.7883	97.7883	391.153	391.153	0 22244.6 505.592 	22750.2	6.12534	6.5039	12399	666.612	0.00941607	0	1.02	1.02
204.9	0.0020393	0.00113671	20647.5	1050	105	19564.2	97.8337	97.8337	391.335	391.335	0 22244.1 505.708 	22749.9	6.12532	6.5039	12399	666.612	0.00941847	0	1.02	1.02
205	0.0020393	0.00113674	20648	1050	105	19564.2	97.8792	97.8792	391.517	391.517	0 22243.7 505.824 	22749.5	6.1253	6.5039	12399	666.612	0.00942088	0	1.02	1.02
205.1	0.0020393	0.00113676	20648.6	1050	105	19564.3	97.9246	97.9246	391.698	391.698	0 22243.3 505.941 	22749.2	6.12527	6.5039	12399	666.612	0.0094233	0	1.02	1.02
205.2	0.00203931	0.00113678	20649.1	1050	105	19564.4	97.9701	97.9701	391.88	391.88	0 22242.9 506.058 	22748.9	6.12525	6.5039	12399	666.612	0.00942572	0	1.02	1.02
205.3	0.00203931	0.00113681	20649.6	1050	105	19564.5	98.0156	98.0156	392.062	392.062	0 22242.4 506.176 	22748.6	6.12522	6.5039	12399	666.612	0.00942816	0	1.02	1.02
205.4	0.00203931	0.00113683	20650.2	1050	105	19564.6	98.0611	98.0611	392.244	392.244	0 22242 506.294 	22748.3	6.1252	6.5039	12399	666.612	0.0094306	0	1.02	1.02
205.5	0.00203931	0.00113685	20650.7	1050	105	19564.6	98.1067	98.1067	392.427	392.427	0 22241.6 506.412 	22748	6.12518	6.5039	12399	666.612	0.00943305	0	1.02	1.02
205.6	0.00203932	0.00113688	20651.2	1050	105	19564.7	98.1523	98.1523	392.609	392.609	0 22241.2 506.531 	22747.7	6.12515	6.5039	12399	666.612	0.00943551	0	1.02	1.02
205.7	0.00203932	0.0011369	20651.8	1050	105	19564.8	98.1979	98.1979	392.791	392.791	0 22240.7 506.65 	22747.4	6.12513	6.5039	12399	666.612	0.00943798	0	1.02	1.02
205.8	0.00203932	0.00113692	20652.3	1050	105	19564.9	98.2435	98.2435	392.974	392.974	0 22240.3 506.77 	22747.1	6.1251	6.5039	12399	666.612	0.00944045	0	1.02	1.02
205.9	0.00203932	0.00113695	20652.8	1050	105	19565	98.2891	98.2891	393.157	393.157	0 22239.9 506.89 	22746.8	6.12508	6.5039	12399	666.612	0.00944294	0	1.02	1.02
206	0.00203933	0.00113697	20653.4	1050	105	19565	98.3348	98.3348	393.339	393.339	0 22239.5 507.011 	22746.5	6.12506	6.5039	12399	666.612	0.00944543	0	1.02	1.02
206.1	0.00203933	0.00113699	20653.9	1050	105	19565.1	98.3805	98.3805	393.522	393.522	0 22239 507.132 	22746.2	6.12503	6.5039	12399	666.612	0.00944793	0	1.02	1.02
206.2	0.00203933	0.00113702	20654.4	1050	105	19565.2	98.4262	98.4262	393.705	393.705	0 22238.6 507.254 	22745.9	6.12501	6.5039	12399	666.612	0.00945044	0	1.02	1.02
206.3	0.00203933	0.00113704	20655	1050	105	19565.3	98.472	98.472	393.888	393.888	0 22238.2 507.376 	22745.6	6.12499	6.5039	12399	666.612	0.00945296	0	1.02	1.02
206.4	0.00203934	0.00113706	20655.5	1050	105	19565.3	98.5177	98.5177	394.071	394.071	0 22237.8 507.498 	22745.3	6.12496	6.5039	12399	666.612	0.00945549	0	1.02	1.02
206.5	0.00203934	0.00113708	20656	1050	105	19565.4	98.5635	98.5635	394.254	394.254	0 22237.3 507.621 	22745	6.12494	6.5039	12399	666.612	0.00945802	0	1.02	1.02
206.6	0.00203934	0.00113711	20656.6	1050	105	19565.5	98.6093	98.6093	394.437	394.437	0 22236.9 507.745 	22744.7	6.12491	6.5039	12399	666.612	0.00946056	0	1.02	1.02
206.7	0.00203934	0.00113713	20657.1	1050	105	19565.6	98.6552	98.6552	394.621	394.621	0 22236.5 507.868 	22744.4	6.12489	6.5039	12399	666.612	0.00946312	0	1.02	1.02
206.8	0.00203935	0.00113715	20657.6	1050	105	19565.6	98.7011	98.7011	394.804	394.804	0 22236.1 507.993 	22744.1	6.12487	6.5039	12399	666.612	0.00946568	0	1.02	1.02
206.9	0.00203935	0.00113718	20658.2	1050	105	19565.7	98.7469	98.7469	394.988	394.988	0 22235.6 508.117 	22743.8	6.12484	6.5039	12399	666.612	0.00946824	0	1.02	1.02
207	0.00203935	0.0011372	20658.7	1050	105	19565.8	98.7929	98.7929	395.171	395.171	0 22235.2 508.243 	22743.5	6.12482	6.5039	12399	666.612	0.00947082	0	1.02	1.02
207.1	0.00203936	0.00113722	20659.2	1050	105	19565.9	98.8388	98.8388	395.355	395.355	0 22234.8 508.368 	22743.2	6.1248	6.5039	12399	666.612	0.00947341	0	1.02	1.02
207.2	0.00203936	0.00113725	20659.8	1050	105	19565.9	98.8848	98.8848	395.539	395.539	0 22234.4 508.494 	22742.9	6.12477	6.5039	12399	666.612	0.009476	0	1.02	1.02
207.3	0.00203936	0.00113727	20660.3	1050	105	19566	98.9308	98.9308	395.723	395.723	0 22233.9 508.621 	22742.6	6.12475	6.5039	12399	666.612	0.0094786	0	1.02	1.02
207.4	0.00203936	0.00113729	20660.8	1050	105	19566.1	98.9768	98.9768	395.907	395.907	0 22233.5 508.748 	22742.3	6.12473	6.5039	12399	666.612	0.00948121	0	1.02	1.02
207.5	0.00203937	0.00113732	20661.4	1050	105	19566.1	99.0228	99.0228	396.091	396.091	0 22233.1 508.875 	22742	6.1247	6.5039	12399	666.612	0.00948383	0	1.02	1.02
207.6	0.00203937	0.00113734	20661.9	1050	105	19566.2	99.0689	99.0689	396.275	396.275	0 22232.7 509.003 	22741.7	6.12468	6.5039	12399	666.612	0.00948645	0	1.02	1.02
207.7	0.00203937	0.00113736	20662.4	1050	105	19566.3	99.1149	99.1149	396.46	396.46	0 22232.3 509.131 	22741.4	6.12466	6.5039	12399	666.612	0.00948909	0	1.02	1.02
207.8	0.00203937	0.00113739	20663	1050	105	19566.4	99.161	99.161	396.644	396.644	0 22231.8 509.26 	22741.1	6.12464	6.5039	12399	666.612	0.00949173	0	1.02	1.02
207.9	0.00203938	0.00113741	20663.5	1050	105	19566.4	99.2072	99.2072	396.829	396.829	0 22231.4 509.389 	22740.8	6.12461	6.5039	12399	666.612	0.00949438	0	1.02	1.02
208	0.00203938	0.00113743	20664	1050	105	19566.5	99.2533	99.2533	397.013	397.013	0 22231 509.519 	22740.5	6.12459	6.5039	12399	666.612	0.00949704	0	1.02	1.02
208.1	0.00203938	0.00113745	20664.6	1050	105	19566.6	99.2995	99.2995	397.198	397.198	0 22230.6 509.649 	22740.2	6.12457	6.5039	12399	666.612	0.00949971	0	1.02	1.02
208.2	0.00203938	0.00113748	20665.1	1050	105	19566.6	99.3457	99.3457	397.383	397.383	0 22230.1 509.779 	22739.9	6.12454	6.5039	12399	666.612	0.00950239	0	1.02	1.02
208.3	0.00203939	0.0011375	20665.6	1050	105	19566.7	99.392	99.392	397.568	397.568	0 22229.7 509.91 	22739.6	6.12452	6.5039	12399	666.612	0.00950507	0	1.02	1.02
208.4	0.00203939	0.00113752	20666.1	1050	105	19566.8	99.4382	99.4382	397.753	397.753	0 22229.3 510.042 	22739.3	6.1245	6.5039	12399	666.612	0.00950777	0	1.02	1.02
208.5	0.00203939	0.00113755	20666.7	1050	105	19566.8	99.4845	99.4845	397.938	397.938	0 22228.9 510.173 	22739	6.12448	6.5039	12399	666.612	0.00951047	0	1.02	1.02
208.6	0.00203939	0.00113757	20667.2	1050	105	19566.9	99.5308	99.5308	398.123	398.123	0 22228.4 510.306 	22738.8	6.12445	6.5039	12399	666.612	0.00951318	0	1.02	1.02
208.7	0.0020394	0.00113759	20667.7	1050	105	19567	99.5771	99.5771	398.308	398.308	0 22228 510.438 	22738.5	6.12443	6.5039	12399	666.612	0.00951589	0	1.02	1.02
208.8	0.0020394	0.00113762	20668.3	1050	105	19567	99.6235	99.6235	398.494	398.494	0 22227.6 510.572 	22738.2	6.12441	6.5039	12399	666.612	0.00951862	0	1.02	1.02
208.9	0.0020394	0.00113764	20668.8	1050	105	19567.1	99.6698	99.6698	398.679	398.679	0 22227.2 510.705 	22737.9	6.12439	6.5039	12399	666.612	0.00952135	0	1.02	1.02
209	0.0020394	0.00113766	20669.3	1050	105	19567.2	99.7162	99.7162	398.865	398.865	0 22226.8 510.839 	22737.6	6.12436	6.5039	12399	666.612	0.0095241	0	1.02	1.02
209.1	0.00203941	0.00113768	20669.9	1050	105	19567.2	99.7627	99.7627	399.051	399.051	0 22226.3 510.974 	22737.3	6.12434	6.5039	12399	666.612	0.00952685	0	1.02	1.02
209.2	0.00203941	0.00113771	20670.4	1050	105	19567.3	99.8091	99.8091	399.236	399.236	0 22225.9 511.109 	22737	6.12432	6.5039	12399	666.612	0.00952961	0	1.02	1.02
209.3	0.00203941	0.00113773	20670.9	1050	105	19567.4	99.8556	99.8556	399.422	399.422	0 22225.5 511.244 	22736.7	6.1243	6.5039	12399	666.612	0.00953238	0	1.02	1.02
209.4	0.00203941	0.00113775	20671.4	1050	105	19567.4	99.9021	99.9021	399.608	399.608	0 22225.1 511.38 	22736.4	6.12427	6.5039	12399	666.612	0.00953515	0	1.02	1.02
209.5	0.00203942	0.00113778	20672	1050	105	19567.5	99.9486	99.9486	399.794	399.794	0 22224.6 511.516 	22736.2	6.12425	6.5039	12399	666.612	0.00953794	0	1.02	1.02
209.6	0.00203942	0.0011378	20672.5	1050	105	19567.5	99.9952	99.9952	399.981	399.981	0 22224.2 511.653 	22735.9	6.12423	6.5039	12399	666.612	0.00954073	0	1.02	1.02
209.7	0.00203942	0.00113782	20673	1050	105	19567.6	100.042	100.042	400.167	400.167	0 22223.8 511.79 	22735.6	6.12421	6.5039	12399	666.612	0.00954353	0	1.02	1.02
209.8	0.00203942	0.00113785	20673.5	1050	105	19567.7	100.088	100.088	400.353	400.353	0 22223.4 511.928 	22735.3	6.12418	6.5039	12399	666.612	0.00954634	0	1.02	1.02
209.9	0.00203943	0.00113787	20674.1	1050	105	19567.7	100.135	100.135	400.54	400.54	0 22223 512.066 	22735	6.12416	6.5039	12399	666.612	0.00954916	0	1.02	1.02
210	0.00203943	0.00113789	20674.6	1050	105	19567.8	100.182	100.182	400.726	400.726	0 22222.5 512.204 	22734.7	6.12414	6.5039	12399	666.612	0.00955198	0	1.02	1.02
210.1	0.00203943	0.00113791	20675.1	1050	105	19567.8	100.228	100.228	400.913	400.913	0 22222.1 512.343 	22734.5	6.12412	6.5039	12399	666.612	0.00955482	0	1.02	1.02
210.2	0.00203943	0.00113794	20675.7	1050	105	19567.9	100.275	100.275	401.1	401.1	0 22221.7 512.482 	22734.2	6.1241	6.5039	12399	666.612	0.00955766	0	1.02	1.02
210.3	0.00203944	0.00113796	20676.2	1050	105	19568	100.322	100.322	401.287	401.287	0 22221.3 512.622 	22733.9	6.12407	6.5039	12399	666.612	0.00956051	0	1.02	1.02
210.4	0.00203944	0.00113798	20676.7	1050	105	19568	100.368	100.368	401.474	401.474	0 22220.9 512.762 	22733.6	6.12405	6.5039	12399	666.612	0.00956337	0	1.02	1.02
210.5	0.00203944	0.00113801	20677.2	1050	105	19568.1	100.415	100.415	401.661	401.661	0 22220.4 512.903 	22733.3	6.12403	6.5039	12399	666.612	0.00956623	0	1.02	1.02
210.6	0.00203944	0.00113803	20677.8	1050	105	19568.1	100.462	100.462	401.848	401.848	0 22220 513.044 	22733.1	6.12401	6.5039	12399	666.612	0.00956911	0	1.02	1.02
210.7	0.00203945	0.00113805	20678.3	1050	105	19568.2	100.509	100.509	402.035	402.035	0 22219.6 513.186 	22732.8	6.12399	6.5039	12399	666.612	0.00957199	0	1.02	1.02
210.8	0.00203945	0.00113807	20678.8	1050	105	19568.3	100.556	100.556	402.222	402.222	0 22219.2 513.328 	22732.5	6.12397	6.5039	12399	666.612	0.00957489	0	1.02	1.02
210.9	0.00203945	0.0011381	20679.3	1050	105	19568.3	100.602	100.602	402.41	402.41	0 22218.8 513.47 	22732.2	6.12394	6.5039	12399	666.612	0.00957779	0	1.02	1.02
211	0.00203945	0.00113812	20679.9	1050	105	19568.4	100.649	100.649	402.597	402.597	0 22218.3 513.613 	22731.9	6.12392	6.5039	12399	666.612	0.00958069	0	1.02	1.02
211.1	0.00203945	0.00113814	20680.4	1050	105	19568.4	100.696	100.696	402.785	402.785	0 22217.9 513.756 	22731.7	6.1239	6.5039	12399	666.612	0.00958361	0	1.02	1.02
211.2	0.00203946	0.00113817	20680.9	1050	105	19568.5	100.743	100.743	402.973	402.973	0 22217.5 513.9 	22731.4	6.12388	6.5039	12399	666.612	0.00958654	0	1.02	1.02
211.3	0.00203946	0.00113819	20681.4	1050	105	19568.5	100.79	100.79	403.161	403.161	0 22217.1 514.044 	22731.1	6.12386	6.5039	12399	666.612	0.00958947	0	1.02	1.02
211.4	0.00203946	0.00113821	20682	1050	105	19568.6	100.837	100.837	403.349	403.349	0 22216.7 514.189 	22730.8	6.12384	6.5039	12399	666.612	0.00959241	0	1.02	1.02
211.5	0.00203946	0.00113823	20682.5	1050	105	19568.6	100.884	100.884	403.537	403.537	0 22216.2 514.334 	22730.6	6.12381	6.5039	12399	666.612	0.00959536	0	1.02	1.02
211.6	0.00203947	0.00113826	20683	1050	105	19568.7	100.931	100.931	403.725	403.725	0 22215.8 514.48 	22730.3	6.12379	6.5039	12399	666.612	0.00959832	0	1.02	1.02
211.7	0.00203947	0.00113828	20683.5	1050	105	19568.7	100.978	100.978	403.913	403.913	0 22215.4 514.625 	22730	6.12377	6.5039	12399	666.612	0.00960128	0	1.02	1.02
211.8	0.00203947	0.0011383	20684.1	1050	105	19568.8	101.025	101.025	404.101	404.101	0 22215 514.772 	22729.7	6.12375	6.5039	12399	666.612	0.00960426	0	1.02	1.02
211.9	0.00203947	0.00113833	20684.6	1050	105	19568.9	101.072	101.072	404.29	404.29	0 22214.6 514.919 	22729.5	6.12373	6.5039	12399	666.612	0.00960724	0	1.02	1.02
212	0.00203948	0.00113835	20685.1	1050	105	19568.9	101.12	101.12	404.478	404.478	0 22214.1 515.066 	22729.2	6.12371	6.5039	12399	666.612	0.00961023	0	1.02	1.02
212.1	0.00203948	0.00113837	20685.6	1050	105	19569	101.167	101.167	404.667	404.667	0 22213.7 515.214 	22728.9	6.12369	6.5039	12399	666.612	0.00961323	0	1.02	1.02
212.2	0.00203948	0.00113839	20686.1	1050	105	19569	101.214	101.214	404.856	404.856	0 22213.3 515.362 	22728.7	6.12367	6.5039	12399	666.612	0.00961624	0	1.02	1.02
212.3	0.00203948	0.00113842	20686.7	1050	105	19569.1	101.261	101.261	405.045	405.045	0 22212.9 515.51 	22728.4	6.12364	6.5039	12399	666.612	0.00961925	0	1.02	1.02
212.4	0.00203949	0.00113844	20687.2	1050	105	19569.1	101.308	101.308	405.234	405.234	0 22212.5 515.659 	22728.1	6.12362	6.5039	12399	666.612	0.00962228	0	1.02	1.02
212.5	0.00203949	0.00113846	20687.7	1050	105	19569.2	101.356	101.356	405.423	405.423	0 22212 515.809 	22727.8	6.1236	6.5039	12399	666.612	0.00962531	0	1.02	1.02
212.6	0.00203949	0.00113849	20688.2	1050	105	19569.2	101.403	101.403	405.612	405.612	0 22211.6 515.959 	22727.6	6.12358	6.5039	12399	666.612	0.00962835	0	1.02	1.02
212.7	0.00203949	0.00113851	20688.8	1050	105	19569.3	101.45	101.45	405.801	405.801	0 22211.2 516.109 	22727.3	6.12356	6.5039	12399	666.612	0.0096314	0	1.02	1.02
212.8	0.00203949	0.00113853	20689.3	1050	105	19569.3	101.498	101.498	405.99	405.99	0 22210.8 516.26 	22727	6.12354	6.5039	12399	666.612	0.00963445	0	1.02	1.02
212.9	0.0020395	0.00113855	20689.8	1050	105	19569.4	101.545	101.545	406.18	406.18	0 22210.4 516.411 	22726.8	6.12352	6.5039	12399	666.612	0.00963752	0	1.02	1.02
213	0.0020395	0.00113858	20690.3	1050	105	19569.4	101.592	101.592	406.369	406.369	0 22209.9 516.563 	22726.5	6.1235	6.5039	12399	666.612	0.00964059	0	1.02	1.02
213.1	0.0020395	0.0011386	20690.8	1050	105	19569.5	101.64	101.64	406.559	406.559	0 22209.5 516.715 	22726.2	6.12348	6.5039	12399	666.612	0.00964367	0	1.02	1.02
213.2	0.0020395	0.00113862	20691.4	1050	105	19569.5	101.687	101.687	406.749	406.749	0 22209.1 516.867 	22726	6.12346	6.5039	12399	666.612	0.00964676	0	1.02	1.02
213.3	0.00203951	0.00113864	20691.9	1050	105	19569.5	101.735	101.735	406.938	406.938	0 22208.7 517.02 	22725.7	6.12344	6.5039	12399	666.612	0.00964986	0	1.02	1.02
213.4	0.00203951	0.00113867	20692.4	1050	105	19569.6	101.782	101.782	407.128	407.128	0 22208.3 517.174 	22725.4	6.12342	6.5039	12399	666.612	0.00965296	0	1.02	1.02
213.5	0.00203951	0.00113869	20692.9	1050	105	19569.6	101.83	101.83	407.318	407.318	0 22207.9 517.327 	22725.2	6.12339	6.5039	12399	666.612	0.00965608	0	1.02	1.02
213.6	0.00203951	0.00113871	20693.5	1050	105	19569.7	101.877	101.877	407.508	407.508	0 22207.4 517.482 	22724.9	6.12337	6.5039	12399	666.612	0.0096592	0	1.02	1.02
213.7	0.00203952	0.00113874	20694	1050	105	19569.7	101.925	101.925	407.699	407.699	0 22207 517.636 	22724.7	6.12335	6.5039	12399	666.612	0.00966233	0	1.02	1.02
213.8	0.00203952	0.00113876	20694.5	1050	105	19569.8	101.972	101.972	407.889	407.889	0 22206.6 517.791 	22724.4	6.12333	6.5039	12399	666.612	0.00966547	0	1.02	1.02
213.9	0.00203952	0.00113878	20695	1050	105	19569.8	102.02	102.02	408.079	408.079	0 22206.2 517.947 	22724.1	6.12331	6.5039	12399	666.612	0.00966862	0	1.02	1.02
214	0.00203952	0.0011388	20695.5	1050	105	19569.9	102.067	102.067	408.27	408.27	0 22205.8 518.103 	22723.9	6.12329	6.5039	12399	666.612	0.00967177	0	1.02	1.02
214.1	0.00203952	0.00113883	20696.1	1050	105	19569.9	102.115	102.115	408.46	408.46	0 22205.3 518.259 	22723.6	6.12327	6.5039	12399	666.612	0.00967494	0	1.02	1.02
214.2	0.00203953	0.00113885	20696.6	1050	105	19569.9	102.163	102.163	408.651	408.651	0 22204.9 518.416 	22723.3	6.12325	6.5039	12399	666.612	0.00967811	0	1.02	1.02
214.3	0.00203953	0.00113887	20697.1	1050	105	19570	102.21	102.21	408.842	408.842	0 22204.5 518.574 	22723.1	6.12323	6.5039	12399	666.612	0.00968129	0	1.02	1.02
214.4	0.00203953	0.00113889	20697.6	1050	105	19570	102.258	102.258	409.033	409.033	0 22204.1 518.731 	22722.8	6.12321	6.5039	12399	666.612	0.00968447	0	1.02	1.02
214.5	0.00203953	0.00113892	20698.1	1050	105	19570.1	102.306	102.306	409.224	409.224	0 22203.7 518.889 	22722.6	6.12319	6.5039	12399	666.612	0.00968767	0	1.02	1.02
214.6	0.00203954	0.00113894	20698.7	1050	105	19570.1	102.354	102.354	409.415	409.415	0 22203.3 519.048 	22722.3	6.12317	6.5039	12399	666.612	0.00969087	0	1.02	1.02
214.7	0.00203954	0.00113896	20699.2	1050	105	19570.2	102.402	102.402	409.606	409.606	0 22202.8 519.207 	22722.1	6.12315	6.5039	12399	666.612	0.00969409	0	1.02	1.02
214.8	0.00203954	0.00113898	20699.7	1050	105	19570.2	102.449	102.449	409.797	409.797	0 22202.4 519.367 	22721.8	6.12313	6.5039	12399	666.612	0.00969731	0	1.02	1.02
214.9	0.00203954	0.00113901	20700.2	1050	105	19570.2	102.497	102.497	409.989	409.989	0 22202 519.526 	22721.5	6.12311	6.5039	12399	666.612	0.00970053	0	1.02	1.02
215	0.00203954	0.00113903	20700.7	1050	105	19570.3	102.545	102.545	410.18	410.18	0 22201.6 519.687 	22721.3	6.12309	6.5039	12399	666.612	0.00970377	0	1.02	1.02
215.1	0.00203955	0.00113905	20701.2	1050	105	19570.3	102.593	102.593	410.372	410.372	0 22201.2 519.848 	22721	6.12307	6.5039	12399	666.612	0.00970702	0	1.02	1.02
215.2	0.00203955	0.00113907	20701.8	1050	105	19570.4	102.641	102.641	410.564	410.564	0 22200.8 520.009 	22720.8	6.12305	6.5039	12399	666.612	0.00971027	0	1.02	1.02
215.3	0.00203955	0.0011391	20702.3	1050	105	19570.4	102.689	102.689	410.756	410.756	0 22200.3 520.17 	22720.5	6.12303	6.5039	12399	666.612	0.00971353	0	1.02	1.02
215.4	0.00203955	0.00113912	20702.8	1050	105	19570.4	102.737	102.737	410.947	410.947	0 22199.9 520.332 	22720.3	6.12301	6.5039	12399	666.612	0.0097168	0	1.02	1.02
215.5	0.00203956	0.00113914	20703.3	1050	105	19570.5	102.785	102.785	411.139	411.139	0 22199.5 520.495 	22720	6.12299	6.5039	12399	666.612	0.00972008	0	1.02	1.02
215.6	0.00203956	0.00113917	20703.8	1050	105	19570.5	102.833	102.833	411.332	411.332	0 22199.1 520.658 	22719.8	6.12297	6.5039	12399	666.612	0.00972336	0	1.02	1.02
215.7	0.00203956	0.00113919	20704.4	1050	105	19570.5	102.881	102.881	411.524	411.524	0 22198.7 520.821 	22719.5	6.12295	6.5039	12399	666.612	0.00972666	0	1.02	1.02
215.8	0.00203956	0.00113921	20704.9	1050	105	19570.6	102.929	102.929	411.716	411.716	0 22198.3 520.985 	22719.3	6.12293	6.5039	12399	666.612	0.00972996	0	1.02	1.02
215.9	0.00203956	0.00113923	20705.4	1050	105	19570.6	102.977	102.977	411.908	411.908	0 22197.8 521.149 	22719	6.12291	6.5039	12399	666.612	0.00973327	0	1.02	1.02
216	0.00203957	0.00113926	20705.9	1050	105	19570.6	103.025	103.025	412.101	412.101	0 22197.4 521.314 	22718.7	6.12289	6.5039	12399	666.612	0.00973659	0	1.02	1.02
216.1	0.00203957	0.00113928	20706.4	1050	105	19570.7	103.073	103.073	412.294	412.294	0 22197 521.479 	22718.5	6.12287	6.5039	12399	666.612	0.00973991	0	1.02	1.02
216.2	0.00203957	0.0011393	20706.9	1050	105	19570.7	103.122	103.122	412.486	412.486	0 22196.6 521.645 	22718.2	6.12285	6.5039	12399	666.612	0.00974325	0	1.02	1.02
216.3	0.00203957	0.00113932	20707.4	1050	105	19570.8	103.17	103.17	412.679	412.679	0 22196.2 521.811 	22718	6.12283	6.5039	12399	666.612	0.00974659	0	1.02	1.02
216.4	0.00203958	0.00113935	20708	1050	105	19570.8	103.218	103.218	412.872	412.872	0 22195.8 521.977 	22717.7	6.12282	6.5039	12399	666.612	0.00974994	0	1.02	1.02
216.5	0.00203958	0.00113937	20708.5	1050	105	19570.8	103.266	103.266	413.065	413.065	0 22195.4 522.144 	22717.5	6.1228	6.5039	12399	666.612	0.0097533	0	1.02	1.02
216.6	0.00203958	0.00113939	20709	1050	105	19570.9	103.315	103.315	413.258	413.258	0 22194.9 522.311 	22717.3	6.12278	6.5039	12399	666.612	0.00975667	0	1.02	1.02
216.7	0.00203958	0.00113941	20709.5	1050	105	19570.9	103.363	103.363	413.451	413.451	0 22194.5 522.479 	22717	6.12276	6.5039	12399	666.612	0.00976004	0	1.02	1.02
216.8	0.00203958	0.00113944	20710	1050	105	19570.9	103.411	103.411	413.645	413.645	0 22194.1 522.647 	22716.8	6.12274	6.5039	12399	666.612	0.00976343	0	1.02	1.02
216.9	0.00203959	0.00113946	20710.5	1050	105	19570.9	103.459	103.459	413.838	413.838	0 22193.7 522.815 	22716.5	6.12272	6.5039	12399	666.612	0.00976682	0	1.02	1.02
217	0.00203959	0.00113948	20711.1	1050	105	19571	103.508	103.508	414.031	414.031	0 22193.3 522.984 	22716.3	6.1227	6.5039	12399	666.612	0.00977022	0	1.02	1.02
217.1	0.00203959	0.0011395	20711.6	1050	105	19571	103.556	103.556	414.225	414.225	0 22192.9 523.154 	22716	6.12268	6.5039	12399	666.612	0.00977363	0	1.02	1.02
217.2	0.00203959	0.00113953	20712.1	1050	105	19571	103.605	103.605	414.419	414.419	0 22192.5 523.324 	22715.8	6.12266	6.5039	12399	666.612	0.00977704	0	1.02	1.02
217.3	0.00203959	0.00113955	20712.6	1050	105	19571.1	103.653	103.653	414.613	414.613	0 22192 523.494 	22715.5	6.12264	6.5039	12399	666.612	0.00978047	0	1.02	1.02
217.4	0.0020396	0.00113957	20713.1	1050	105	19571.1	103.702	103.702	414.806	414.806	0 22191.6 523.665 	22715.3	6.12262	6.5039	12399	666.612	0.0097839	0	1.02	1.02
217.5	0.0020396	0.00113959	20713.6	1050	105	19571.1	103.75	103.75	415	415	0 22191.2 523.836 	22715	6.1226	6.5039	12399	666.612	0.00978734	0	1.02	1.02
217.6	0.0020396	0.00113962	20714.1	1050	105	19571.2	103.799	103.799	415.195	415.195	0 22190.8 524.007 	22714.8	6.12259	6.5039	12399	666.612	0.00979079	0	1.02	1.02
217.7	0.0020396	0.00113964	20714.7	1050	105	19571.2	103.847	103.847	415.389	415.389	0 22190.4 524.179 	22714.6	6.12257	6.5039	12399	666.612	0.00979424	0	1.02	1.02
217.8	0.0020396	0.00113966	20715.2	1050	105	19571.2	103.896	103.896	415.583	415.583	0 22190 524.352 	22714.3	6.12255	6.5039	12399	666.612	0.00979771	0	1.02	1.02
217.9	0.00203961	0.00113968	20715.7	1050	105	19571.2	103.944	103.944	415.777	415.777	0 22189.5 524.524 	22714.1	6.12253	6.5039	12399	666.612	0.00980118	0	1.02	1.02
218	0.00203961	0.00113971	20716.2	1050	105	19571.3	103.993	103.993	415.972	415.972	0 22189.1 524.698 	22713.8	6.12251	6.5039	12399	666.612	0.00980466	0	1.02	1.02
218.1	0.00203961	0.00113973	20716.7	1050	105	19571.3	104.042	104.042	416.167	416.167	0 22188.7 524.871 	22713.6	6.12249	6.5039	12399	666.612	0.00980815	0	1.02	1.02
218.2	0.00203961	0.00113975	20717.2	1050	105	19571.3	104.09	104.09	416.361	416.361	0 22188.3 525.046 	22713.4	6.12247	6.5039	12399	666.612	0.00981165	0	1.02	1.02
218.3	0.00203962	0.00113977	20717.7	1050	105	19571.3	104.139	104.139	416.556	416.556	0 22187.9 525.22 	22713.1	6.12245	6.5039	12399	666.612	0.00981515	0	1.02	1.02
218.4	0.00203962	0.0011398	20718.3	1050	105	19571.4	104.188	104.188	416.751	416.751	0 22187.5 525.395 	22712.9	6.12244	6.5039	12399	666.612	0.00981867	0	1.02	1.02
218.5	0.00203962	0.00113982	20718.8	1050	105	19571.4	104.237	104.237	416.946	416.946	0 22187.1 525.571 	22712.6	6.12242	6.5039	12399	666.612	0.00982219	0	1.02	1.02
218.6	0.00203962	0.00113984	20719.3	1050	105	19571.4	104.285	104.285	417.141	417.141	0 22186.7 525.746 	22712.4	6.1224	6.5039	12399	666.612	0.00982572	0	1.02	1.02
218.7	0.00203962	0.00113986	20719.8	1050	105	19571.4	104.334	104.334	417.336	417.336	0 22186.2 525.923 	22712.2	6.12238	6.5039	12399	666.612	0.00982925	0	1.02	1.02
218.8	0.00203963	0.00113988	20720.3	1050	105	19571.5	104.383	104.383	417.532	417.532	0 22185.8 526.099 	22711.9	6.12236	6.5039	12399	666.612	0.0098328	0	1.02	1.02
218.9	0.00203963	0.00113991	20720.8	1050	105	19571.5	104.432	104.432	417.727	417.727	0 22185.4 526.277 	22711.7	6.12234	6.5039	12399	666.612	0.00983635	0	1.02	1.02
219	0.00203963	0.00113993	20721.3	1050	105	19571.5	104.481	104.481	417.923	417.923	0 22185 526.454 	22711.5	6.12232	6.5039	12399	666.612	0.00983992	0	1.02	1.02
219.1	0.00203963	0.00113995	20721.8	1050	105	19571.5	104.53	104.53	418.118	418.118	0 22184.6 526.632 	22711.2	6.12231	6.5039	12399	666.612	0.00984348	0	1.02	1.02
219.2	0.00203963	0.00113997	20722.3	1050	105	19571.6	104.578	104.578	418.314	418.314	0 22184.2 526.81 	22711	6.12229	6.5039	12399	666.612	0.00984706	0	1.02	1.02
219.3	0.00203964	0.00114	20722.9	1050	105	19571.6	104.627	104.627	418.51	418.51	0 22183.8 526.989 	22710.7	6.12227	6.5039	12399	666.612	0.00985065	0	1.02	1.02
219.4	0.00203964	0.00114002	20723.4	1050	105	19571.6	104.676	104.676	418.706	418.706	0 22183.3 527.169 	22710.5	6.12225	6.5039	12399	666.612	0.00985424	0	1.02	1.02
219.5	0.00203964	0.00114004	20723.9	1050	105	19571.6	104.725	104.725	418.902	418.902	0 22182.9 527.348 	22710.3	6.12223	6.5039	12399	666.612	0.00985785	0	1.02	1.02
219.6	0.00203964	0.00114006	20724.4	1050	105	19571.6	104.774	104.774	419.098	419.098	0 22182.5 527.528 	22710	6.12222	6.5039	12399	666.612	0.00986146	0	1.02	1.02
219.7	0.00203964	0.00114009	20724.9	1050	105	19571.7	104.823	104.823	419.294	419.294	0 22182.1 527.709 	22709.8	6.1222	6.5039	12399	666.612	0.00986507	0	1.02	1.02
219.8	0.00203965	0.00114011	20725.4	1050	105	19571.7	104.873	104.873	419.49	419.49	0 22181.7 527.89 	22709.6	6.12218	6.5039	12399	666.612	0.0098687	0	1.02	1.02
219.9	0.00203965	0.00114013	20725.9	1050	105	19571.7	104.922	104.922	419.687	419.687	0 22181.3 528.071 	22709.4	6.12216	6.5039	12399	666.612	0.00987233	0	1.02	1.02
220	0.00203965	0.00114015	20726.4	1050	105	19571.7	104.971	104.971	419.883	419.883	0 22180.9 528.253 	22709.1	6.12214	6.5039	12399	666.612	0.00987598	0	1.02	1.02
220.1	0.00203965	0.00114018	20726.9	1050	105	19571.7	105.02	105.02	420.08	420.08	0 22180.5 528.435 	22708.9	6.12213	6.5039	12399	666.612	0.00987963	0	1.02	1.02
220.2	0.00203965	0.0011402	20727.5	1050	105	19571.8	105.069	105.069	420.277	420.277	0 22180 528.618 	22708.7	6.12211	6.5039	12399	666.612	0.00988329	0	1.02	1.02
220.3	0.00203966	0.00114022	20728	1050	105	19571.8	105.118	105.118	420.473	420.473	0 22179.6 528.801 	22708.4	6.12209	6.5039	12399	666.612	0.00988695	0	1.02	1.02
220.4	0.00203966	0.00114024	20728.5	1050	105	19571.8	105.168	105.168	420.67	420.67	0 22179.2 528.985 	22708.2	6.12207	6.5039	12399	666.612	0.00989063	0	1.02	1.02
220.5	0.00203966	0.00114026	20729	1050	105	19571.8	105.217	105.217	420.867	420.867	0 22178.8 529.169 	22708	6.12205	6.5039	12399	666.612	0.00989431	0	1.02	1.02
220.6	0.00203966	0.00114029	20729.5	1050	105	19571.8	105.266	105.266	421.065	421.065	0 22178.4 529.353 	22707.7	6.12204	6.5039	12399	666.612	0.009898	0	1.02	1.02
220.7	0.00203966	0.00114031	20730	1050	105	19571.8	105.315	105.315	421.262	421.262	0 22178 529.538 	22707.5	6.12202	6.5039	12399	666.612	0.0099017	0	1.02	1.02
220.8	0.00203967	0.00114033	20730.5	1050	105	19571.9	105.365	105.365	421.459	421.459	0 22177.6 529.723 	22707.3	6.122	6.5039	12399	666.612	0.00990541	0	1.02	1.02
220.9	0.00203967	0.00114035	20731	1050	105	19571.9	105.414	105.414	421.657	421.657	0 22177.2 529.909 	22707.1	6.12198	6.5039	12399	666.612	0.00990912	0	1.02	1.02
221	0.00203967	0.00114038	20731.5	1050	105	19571.9	105.464	105.464	421.854	421.854	0 22176.7 530.095 	22706.8	6.12197	6.5039	12399	666.612	0.00991285	0	1.02	1.02
221.1	0.00203967	0.0011404	20732	1050	105	19571.9	105.513	105.513	422.052	422.052	0 22176.3 530.282 	22706.6	6.12195	6.5039	12399	666.612	0.00991658	0	1.02	1.02
221.2	0.00203967	0.00114042	20732.5	1050	105	19571.9	105.562	105.562	422.249	422.249	0 22175.9 530.468 	22706.4	6.12193	6.5039	12399	666.612	0.00992032	0	1.02	1.02
221.3	0.00203968	0.00114044	20733.1	1050	105	19571.9	105.612	105.612	422.447	422.447	0 22175.5 530.656 	22706.2	6.12191	6.5039	12399	666.612	0.00992406	0	1.02	1.02
221.4	0.00203968	0.00114046	20733.6	1050	105	19571.9	105.661	105.661	422.645	422.645	0 22175.1 530.844 	22705.9	6.1219	6.5039	12399	666.612	0.00992782	0	1.02	1.02
221.5	0.00203968	0.00114049	20734.1	1050	105	19572	105.711	105.711	422.843	422.843	0 22174.7 531.032 	22705.7	6.12188	6.5039	12399	666.612	0.00993158	0	1.02	1.02
221.6	0.00203968	0.00114051	20734.6	1050	105	19572	105.76	105.76	423.041	423.041	0 22174.3 531.22 	22705.5	6.12186	6.5039	12399	666.612	0.00993535	0	1.02	1.02
221.7	0.00203968	0.00114053	20735.1	1050	105	19572	105.81	105.81	423.24	423.24	0 22173.9 531.41 	22705.3	6.12184	6.5039	12399	666.612	0.00993913	0	1.02	1.02
221.8	0.00203968	0.00114055	20735.6	1050	105	19572	105.86	105.86	423.438	423.438	0 22173.5 531.599 	22705.1	6.12183	6.5039	12399	666.612	0.00994292	0	1.02	1.02
221.9	0.00203969	0.00114058	20736.1	1050	105	19572	105.909	105.909	423.636	423.636	0 22173 531.789 	22704.8	6.12181	6.5039	12399	666.612	0.00994672	0	1.02	1.02
222	0.00203969	0.0011406	20736.6	1050	105	19572	105.959	105.959	423.835	423.835	0 22172.6 531.979 	22704.6	6.12179	6.5039	12399	666.612	0.00995052	0	1.02	1.02
222.1	0.00203969	0.00114062	20737.1	1050	105	19572	106.008	106.008	424.034	424.034	0 22172.2 532.17 	22704.4	6.12178	6.5039	12399	666.612	0.00995433	0	1.02	1.02
222.2	0.00203969	0.00114064	20737.6	1050	105	19572	106.058	106.058	424.232	424.232	0 22171.8 532.361 	22704.2	6.12176	6.5039	12399	666.612	0.00995815	0	1.02	1.02
222.3	0.00203969	0.00114066	20738.1	1050	105	19572.1	106.108	106.108	424.431	424.431	0 22171.4 532.553 	22704	6.12174	6.5039	12399	666.612	0.00996198	0	1.02	1.02
222.4	0.0020397	0.00114069	20738.6	1050	105	19572.1	106.158	106.158	424.63	424.63	0 22171 532.745 	22703.7	6.12172	6.5039	12399	666.612	0.00996581	0	1.02	1.02
222.5	0.0020397	0.00114071	20739.1	1050	105	19572.1	106.207	106.207	424.829	424.829	0 22170.6 532.937 	22703.5	6.12171	6.5039	12399	666.612	0.00996966	0	1.02	1.02
222.6	0.0020397	0.00114073	20739.6	1050	105	19572.1	106.257	106.257	425.028	425.028	0 22170.2 533.13 	22703.3	6.12169	6.5039	12399	666.612	0.00997351	0	1.02	1.02
222.7	0.0020397	0.00114075	20740.2	1050	105	19572.1	106.307	106.307	425.228	425.228	0 22169.8 533.324 	22703.1	6.12167	6.5039	12399	666.612	0.00997737	0	1.02	1.02
222.8	0.0020397	0.00114078	20740.7	1050	105	19572.1	106.357	106.357	425.427	425.427	0 22169.3 533.517 	22702.9	6.12166	6.5039	12399	666.612	0.00998124	0	1.02	1.02
222.9	0.00203971	0.0011408	20741.2	1050	105	19572.1	106.407	106.407	425.627	425.627	0 22168.9 533.711 	22702.6	6.12164	6.5039	12399	666.612	0.00998511	0	1.02	1.02
223	0.00203971	0.00114082	20741.7	1050	105	19572.1	106.457	106.457	425.826	425.826	0 22168.5 533.906 	22702.4	6.12162	6.5039	12399	666.612	0.009989	0	1.02	1.02
223.1	0.00203971	0.00114084	20742.2	1050	105	19572.1	106.506	106.506	426.026	426.026	0 22168.1 534.101 	22702.2	6.12161	6.5039	12399	666.612	0.00999289	0	1.02	1.02
223.2	0.00203971	0.00114086	20742.7	1050	105	19572.1	106.556	106.556	426.226	426.226	0 22167.7 534.296 	22702	6.12159	6.5039	12399	666.612	0.00999679	0	1.02	1.02
223.3	0.00203971	0.00114089	20743.2	1050	105	19572.1	106.606	106.606	426.426	426.426	0 22167.3 534.492 	22701.8	6.12157	6.5039	12399	666.612	0.0100007	0	1.02	1.02
223.4	0.00203971	0.00114091	20743.7	1050	105	19572.1	106.656	106.656	426.626	426.626	0 22166.9 534.689 	22701.6	6.12156	6.5039	12399	666.612	0.0100046	0	1.02	1.02
223.5	0.00203972	0.00114093	20744.2	1050	105	19572.1	106.706	106.706	426.826	426.826	0 22166.5 534.885 	22701.4	6.12154	6.5039	12399	666.612	0.0100085	0	1.02	1.02
223.6	0.00203972	0.00114095	20744.7	1050	105	19572.1	106.756	106.756	427.026	427.026	0 22166.1 535.082 	22701.1	6.12152	6.5039	12399	666.612	0.0100125	0	1.02	1.02
223.7	0.00203972	0.00114097	20745.2	1050	105	19572.1	106.807	106.807	427.226	427.226	0 22165.7 535.28 	22700.9	6.12151	6.5039	12399	666.612	0.0100164	0	1.02	1.02
223.8	0.00203972	0.001141	20745.7	1050	105	19572.1	106.857	106.857	427.426	427.426	0 22165.2 535.478 	22700.7	6.12149	6.5039	12399	666.612	0.0100204	0	1.02	1.02
223.9	0.00203972	0.00114102	20746.2	1050	105	19572.1	106.907	106.907	427.627	427.627	0 22164.8 535.676 	22700.5	6.12147	6.5039	12399	666.612	0.0100243	0	1.02	1.02
224	0.00203973	0.00114104	20746.7	1050	105	19572.2	106.957	106.957	427.828	427.828	0 22164.4 535.875 	22700.3	6.12146	6.5039	12399	666.612	0.0100283	0	1.02	1.02
224.1	0.00203973	0.00114106	20747.2	1050	105	19572.2	107.007	107.007	428.028	428.028	0 22164 536.074 	22700.1	6.12144	6.5039	12399	666.612	0.0100322	0	1.02	1.02
224.2	0.00203973	0.00114109	20747.7	1050	105	19572.2	107.057	107.057	428.229	428.229	0 22163.6 536.274 	22699.9	6.12142	6.5039	12399	666.612	0.0100362	0	1.02	1.02
224.3	0.00203973	0.00114111	20748.2	1050	105	19572.2	107.107	107.107	428.43	428.43	0 22163.2 536.474 	22699.7	6.12141	6.5039	12399	666.612	0.0100402	0	1.02	1.02
224.4	0.00203973	0.00114113	20748.7	1050	105	19572.2	107.158	107.158	428.631	428.631	0 22162.8 536.674 	22699.5	6.12139	6.5039	12399	666.612	0.0100442	0	1.02	1.02
224.5	0.00203973	0.00114115	20749.2	1050	105	19572.2	107.208	107.208	428.832	428.832	0 22162.4 536.875 	22699.3	6.12138	6.5039	12399	666.612	0.0100482	0	1.02	1.02
224.6	0.00203974	0.00114117	20749.7	1050	105	19572.2	107.258	107.258	429.033	429.033	0 22162 537.077 	22699	6.12136	6.5039	12399	666.612	0.0100522	0	1.02	1.02
224.7	0.00203974	0.0011412	20750.2	1050	105	19572.2	107.309	107.309	429.235	429.235	0 22161.6 537.278 	22698.8	6.12134	6.5039	12399	666.612	0.0100562	0	1.02	1.02
224.8	0.00203974	0.00114122	20750.7	1050	105	19572.2	107.359	107.359	429.436	429.436	0 22161.2 537.48 	22698.6	6.12133	6.5039	12399	666.612	0.0100603	0	1.02	1.02
224.9	0.00203974	0.00114124	20751.3	1050	105	19572.2	107.409	107.409	429.638	429.638	0 22160.7 537.683 	22698.4	6.12131	6.5039	12399	666.612	0.0100643	0	1.02	1.02
225	0.00203974	0.00114126	20751.8	1050	105	19572.2	107.46	107.46	429.839	429.839	0 22160.3 537.886 	22698.2	6.1213	6.5039	12399	666.612	0.0100684	0	1.02	1.02
225.1	0.00203975	0.00114128	20752.3	1050	105	19572.2	107.51	107.51	430.041	430.041	0 22159.9 538.089 	22698	6.12128	6.5039	12399	666.612	0.0100724	0	1.02	1.02
225.2	0.00203975	0.00114131	20752.8	1050	105	19572.2	107.561	107.561	430.243	430.243	0 22159.5 538.293 	22697.8	6.12126	6.5039	12399	666.612	0.0100765	0	1.02	1.02
225.3	0.00203975	0.00114133	20753.3	1050	105	19572.1	107.611	107.611	430.445	430.445	0 22159.1 538.498 	22697.6	6.12125	6.5039	12399	666.612	0.0100805	0	1.02	1.02
225.4	0.00203975	0.00114135	20753.8	1050	105	19572.1	107.662	107.662	430.647	430.647	0 22158.7 538.702 	22697.4	6.12123	6.5039	12399	666.612	0.0100846	0	1.02	1.02
225.5	0.00203975	0.00114137	20754.3	1050	105	19572.1	107.712	107.712	430.849	430.849	0 22158.3 538.907 	22697.2	6.12122	6.5039	12399	666.612	0.0100887	0	1.02	1.02
225.6	0.00203975	0.00114139	20754.8	1050	105	19572.1	107.763	107.763	431.051	431.051	0 22157.9 539.113 	22697	6.1212	6.5039	12399	666.612	0.0100928	0	1.02	1.02
225.7	0.00203976	0.00114142	20755.3	1050	105	19572.1	107.813	107.813	431.254	431.254	0 22157.5 539.319 	22696.8	6.12118	6.5039	12399	666.612	0.0100969	0	1.02	1.02
225.8	0.00203976	0.00114144	20755.8	1050	105	19572.1	107.864	107.864	431.456	431.456	0 22157.1 539.525 	22696.6	6.12117	6.5039	12399	666.612	0.010101	0	1.02	1.02
225.9	0.00203976	0.00114146	20756.3	1050	105	19572.1	107.915	107.915	431.659	431.659	0 22156.7 539.732 	22696.4	6.12115	6.5039	12399	666.612	0.0101051	0	1.02	1.02
226	0.00203976	0.00114148	20756.8	1050	105	19572.1	107.965	107.965	431.861	431.861	0 22156.3 539.939 	22696.2	6.12114	6.5039	12399	666.612	0.0101092	0	1.02	1.02
226.1	0.00203976	0.0011415	20757.3	1050	105	19572.1	108.016	108.016	432.064	432.064	0 22155.8 540.147 	22696	6.12112	6.5039	12399	666.612	0.0101134	0	1.02	1.02
226.2	0.00203976	0.00114153	20757.8	1050	105	19572.1	108.067	108.067	432.267	432.267	0 22155.4 540.355 	22695.8	6.12111	6.5039	12399	666.612	0.0101175	0	1.02	1.02
226.3	0.00203977	0.00114155	20758.3	1050	105	19572.1	108.117	108.117	432.47	432.47	0 22155 540.563 	22695.6	6.12109	6.5039	12399	666.612	0.0101216	0	1.02	1.02
226.4	0.00203977	0.00114157	20758.8	1050	105	19572.1	108.168	108.168	432.673	432.673	0 22154.6 540.772 	22695.4	6.12108	6.5039	12399	666.612	0.0101258	0	1.02	1.02
226.5	0.00203977	0.00114159	20759.3	1050	105	19572.1	108.219	108.219	432.876	432.876	0 22154.2 540.981 	22695.2	6.12106	6.5039	12399	666.612	0.01013	0	1.02	1.02
226.6	0.00203977	0.00114161	20759.8	1050	105	19572.1	108.27	108.27	433.079	433.079	0 22153.8 541.191 	22695	6.12104	6.5039	12399	666.612	0.0101341	0	1.02	1.02
226.7	0.00203977	0.00114164	20760.3	1050	105	19572.1	108.321	108.321	433.283	433.283	0 22153.4 541.401 	22694.8	6.12103	6.5039	12399	666.612	0.0101383	0	1.02	1.02
226.8	0.00203978	0.00114166	20760.8	1050	105	19572.1	108.372	108.372	433.486	433.486	0 22153 541.612 	22694.6	6.12101	6.5039	12399	666.612	0.0101425	0	1.02	1.02
226.9	0.00203978	0.00114168	20761.3	1050	105	19572.1	108.422	108.422	433.69	433.69	0 22152.6 541.823 	22694.4	6.121	6.5039	12399	666.612	0.0101467	0	1.02	1.02
227	0.00203978	0.0011417	20761.8	1050	105	19572	108.473	108.473	433.894	433.894	0 22152.2 542.034 	22694.2	6.12098	6.5039	12399	666.612	0.0101509	0	1.02	1.02
227.1	0.00203978	0.00114172	20762.3	1050	105	19572	108.524	108.524	434.097	434.097	0 22151.8 542.246 	22694	6.12097	6.5039	12399	666.612	0.0101551	0	1.02	1.02
227.2	0.00203978	0.00114175	20762.8	1050	105	19572	108.575	108.575	434.301	434.301	0 22151.4 542.458 	22693.8	6.12095	6.5039	12399	666.612	0.0101593	0	1.02	1.02
227.3	0.00203978	0.00114177	20763.3	1050	105	19572	108.626	108.626	434.505	434.505	0 22151 542.671 	22693.6	6.12094	6.5039	12399	666.612	0.0101636	0	1.02	1.02
227.4	0.00203979	0.00114179	20763.8	1050	105	19572	108.677	108.677	434.709	434.709	0 22150.5 542.884 	22693.4	6.12092	6.5039	12399	666.612	0.0101678	0	1.02	1.02
227.5	0.00203979	0.00114181	20764.3	1050	105	19572	108.728	108.728	434.914	434.914	0 22150.1 543.097 	22693.2	6.12091	6.5039	12399	666.612	0.010172	0	1.02	1.02
227.6	0.00203979	0.00114183	20764.8	1050	105	19572	108.779	108.779	435.118	435.118	0 22149.7 543.311 	22693	6.12089	6.5039	12399	666.612	0.0101763	0	1.02	1.02
227.7	0.00203979	0.00114186	20765.3	1050	105	19572	108.831	108.831	435.322	435.322	0 22149.3 543.525 	22692.9	6.12088	6.5039	12399	666.612	0.0101805	0	1.02	1.02
227.8	0.00203979	0.00114188	20765.8	1050	105	19572	108.882	108.882	435.527	435.527	0 22148.9 543.74 	22692.7	6.12086	6.5039	12399	666.612	0.0101848	0	1.02	1.02
227.9	0.00203979	0.0011419	20766.3	1050	105	19571.9	108.933	108.933	435.731	435.731	0 22148.5 543.955 	22692.5	6.12085	6.5039	12399	666.612	0.0101891	0	1.02	1.02
228	0.0020398	0.00114192	20766.8	1050	105	19571.9	108.984	108.984	435.936	435.936	0 22148.1 544.171 	22692.3	6.12083	6.5039	12399	666.612	0.0101934	0	1.02	1.02
228.1	0.0020398	0.00114194	20767.3	1050	105	19571.9	109.035	109.035	436.141	436.141	0 22147.7 544.387 	22692.1	6.12082	6.5039	12399	666.612	0.0101977	0	1.02	1.02
228.2	0.0020398	0.00114196	20767.8	1050	105	19571.9	109.087	109.087	436.346	436.346	0 22147.3 544.603 	22691.9	6.1208	6.5039	12399	666.612	0.0102019	0	1.02	1.02
228.3	0.0020398	0.00114199	20768.3	1050	105	19571.9	109.138	109.138	436.551	436.551	0 22146.9 544.82 	22691.7	6.12079	6.5039	12399	666.612	0.0102063	0	1.02	1.02
228.4	0.0020398	0.00114201	20768.8	1050	105	19571.9	109.189	109.189	436.756	436.756	0 22146.5 545.037 	22691.5	6.12077	6.5039	12399	666.612	0.0102106	0	1.02	1.02
228.5	0.0020398	0.00114203	20769.3	1050	105	19571.9	109.24	109.24	436.961	436.961	0 22146.1 545.255 	22691.3	6.12076	6.5039	12399	666.612	0.0102149	0	1.02	1.02
228.6	0.00203981	0.00114205	20769.8	1050	105	19571.8	109.292	109.292	437.167	437.167	0 22145.7 545.473 	22691.1	6.12075	6.5039	12399	666.612	0.0102192	0	1.02	1.02
228.7	0.00203981	0.00114207	20770.3	1050	105	19571.8	109.343	109.343	437.372	437.372	0 22145.3 545.691 	22691	6.12073	6.5039	12399	666.612	0.0102236	0	1.02	1.02
228.8	0.00203981	0.0011421	20770.7	1050	105	19571.8	109.394	109.394	437.578	437.578	0 22144.9 545.91 	22690.8	6.12072	6.5039	12399	666.612	0.0102279	0	1.02	1.02
228.9	0.00203981	0.00114212	20771.2	1050	105	19571.8	109.446	109.446	437.784	437.784	0 22144.4 546.129 	22690.6	6.1207	6.5039	12399	666.612	0.0102323	0	1.02	1.02
229	0.00203981	0.00114214	20771.7	1050	105	19571.8	109.497	109.497	437.989	437.989	0 22144 546.349 	22690.4	6.12069	6.5039	12399	666.612	0.0102366	0	1.02	1.02
229.1	0.00203981	0.00114216	20772.2	1050	105	19571.8	109.549	109.549	438.195	438.195	0 22143.6 546.569 	22690.2	6.12067	6.5039	12399	666.612	0.010241	0	1.02	1.02
229.2	0.00203981	0.00114218	20772.7	1050	105	19571.7	109.6	109.6	438.401	438.401	0 22143.2 546.79 	22690	6.12066	6.5039	12399	666.612	0.0102454	0	1.02	1.02
229.3	0.00203982	0.00114221	20773.2	1050	105	19571.7	109.652	109.652	438.607	438.607	0 22142.8 547.011 	22689.8	6.12064	6.5039	12399	666.612	0.0102498	0	1.02	1.02
229.4	0.00203982	0.00114223	20773.7	1050	105	19571.7	109.703	109.703	438.813	438.813	0 22142.4 547.232 	22689.6	6.12063	6.5039	12399	666.612	0.0102541	0	1.02	1.02
229.5	0.00203982	0.00114225	20774.2	1050	105	19571.7	109.755	109.755	439.02	439.02	0 22142 547.454 	22689.5	6.12062	6.5039	12399	666.612	0.0102585	0	1.02	1.02
229.6	0.00203982	0.00114227	20774.7	1050	105	19571.7	109.807	109.807	439.226	439.226	0 22141.6 547.676 	22689.3	6.1206	6.5039	12399	666.612	0.010263	0	1.02	1.02
229.7	0.00203982	0.00114229	20775.2	1050	105	19571.6	109.858	109.858	439.433	439.433	0 22141.2 547.899 	22689.1	6.12059	6.5039	12399	666.612	0.0102674	0	1.02	1.02
229.8	0.00203982	0.00114231	20775.7	1050	105	19571.6	109.91	109.91	439.639	439.639	0 22140.8 548.122 	22688.9	6.12057	6.5039	12399	666.612	0.0102718	0	1.02	1.02
229.9	0.00203983	0.00114234	20776.2	1050	105	19571.6	109.962	109.962	439.846	439.846	0 22140.4 548.345 	22688.7	6.12056	6.5039	12399	666.612	0.0102762	0	1.02	1.02
230	0.00203983	0.00114236	20776.7	1050	105	19571.6	110.013	110.013	440.053	440.053	0 22140 548.569 	22688.6	6.12054	6.5039	12399	666.612	0.0102807	0	1.02	1.02
230.1	0.00203983	0.00114238	20777.2	1050	105	19571.6	110.065	110.065	440.26	440.26	0 22139.6 548.793 	22688.4	6.12053	6.5039	12399	666.612	0.0102851	0	1.02	1.02
230.2	0.00203983	0.0011424	20777.7	1050	105	19571.5	110.117	110.117	440.467	440.467	0 22139.2 549.018 	22688.2	6.12052	6.5039	12399	666.612	0.0102896	0	1.02	1.02
230.3	0.00203983	0.00114242	20778.2	1050	105	19571.5	110.168	110.168	440.674	440.674	0 22138.8 549.243 	22688	6.1205	6.5039	12399	666.612	0.010294	0	1.02	1.02
230.4	0.00203983	0.00114245	20778.7	1050	105	19571.5	110.22	110.22	440.881	440.881	0 22138.4 549.469 	22687.8	6.12049	6.5039	12399	666.612	0.0102985	0	1.02	1.02
230.5	0.00203984	0.00114247	20779.2	1050	105	19571.5	110.272	110.272	441.089	441.089	0 22138 549.695 	22687.7	6.12047	6.5039	12399	666.612	0.010303	0	1.02	1.02
230.6	0.00203984	0.00114249	20779.7	1050	105	19571.4	110.324	110.324	441.296	441.296	0 22137.6 549.921 	22687.5	6.12046	6.5039	12399	666.612	0.0103075	0	1.02	1.02
230.7	0.00203984	0.00114251	20780.2	1050	105	19571.4	110.376	110.376	441.504	441.504	0 22137.1 550.148 	22687.3	6.12045	6.5039	12399	666.612	0.010312	0	1.02	1.02
230.8	0.00203984	0.00114253	20780.7	1050	105	19571.4	110.428	110.428	441.711	441.711	0 22136.7 550.375 	22687.1	6.12043	6.5039	12399	666.612	0.0103165	0	1.02	1.02
230.9	0.00203984	0.00114255	20781.2	1050	105	19571.4	110.48	110.48	441.919	441.919	0 22136.3 550.602 	22686.9	6.12042	6.5039	12399	666.612	0.010321	0	1.02	1.02
231	0.00203984	0.00114258	20781.7	1050	105	19571.3	110.532	110.532	442.127	442.127	0 22135.9 550.83 	22686.8	6.12041	6.5039	12399	666.612	0.0103255	0	1.02	1.02
231.1	0.00203984	0.0011426	20782.1	1050	105	19571.3	110.584	110.584	442.335	442.335	0 22135.5 551.059 	22686.6	6.12039	6.5039	12399	666.612	0.01033	0	1.02	1.02
231.2	0.00203985	0.00114262	20782.6	1050	105	19571.3	110.636	110.636	442.543	442.543	0 22135.1 551.288 	22686.4	6.12038	6.5039	12399	666.612	0.0103346	0	1.02	1.02
231.3	0.00203985	0.00114264	20783.1	1050	105	19571.3	110.688	110.688	442.751	442.751	0 22134.7 551.517 	22686.2	6.12036	6.5039	12399	666.612	0.0103391	0	1.02	1.02
231.4	0.00203985	0.00114266	20783.6	1050	105	19571.2	110.74	110.74	442.959	442.959	0 22134.3 551.746 	22686.1	6.12035	6.5039	12399	666.612	0.0103437	0	1.02	1.02
231.5	0.00203985	0.00114268	20784.1	1050	105	19571.2	110.792	110.792	443.168	443.168	0 22133.9 551.977 	22685.9	6.12034	6.5039	12399	666.612	0.0103482	0	1.02	1.02
231.6	0.00203985	0.00114271	20784.6	1050	105	19571.2	110.844	110.844	443.376	443.376	0 22133.5 552.207 	22685.7	6.12032	6.5039	12399	666.612	0.0103528	0	1.02	1.02
231.7	0.00203985	0.00114273	20785.1	1050	105	19571.1	110.896	110.896	443.585	443.585	0 22133.1 552.438 	22685.5	6.12031	6.5039	12399	666.612	0.0103574	0	1.02	1.02
231.8	0.00203985	0.00114275	20785.6	1050	105	19571.1	110.948	110.948	443.794	443.794	0 22132.7 552.669 	22685.4	6.1203	6.5039	12399	666.612	0.0103619	0	1.02	1.02
231.9	0.00203986	0.00114277	20786.1	1050	105	19571.1	111.001	111.001	444.003	444.003	0 22132.3 552.901 	22685.2	6.12028	6.5039	12399	666.612	0.0103665	0	1.02	1.02
232	0.00203986	0.00114279	20786.6	1050	105	19571.1	111.053	111.053	444.211	444.211	0 22131.9 553.133 	22685	6.12027	6.5039	12399	666.612	0.0103711	0	1.02	1.02
232.1	0.00203986	0.00114281	20787.1	1050	105	19571	111.105	111.105	444.421	444.421	0 22131.5 553.366 	22684.8	6.12026	6.5039	12399	666.612	0.0103757	0	1.02	1.02
232.2	0.00203986	0.00114284	20787.6	1050	105	19571	111.157	111.157	444.63	444.63	0 22131.1 553.598 	22684.7	6.12024	6.5039	12399	666.612	0.0103803	0	1.02	1.02
232.3	0.00203986	0.00114286	20788.1	1050	105	19571	111.21	111.21	444.839	444.839	0 22130.7 553.832 	22684.5	6.12023	6.5039	12399	666.612	0.010385	0	1.02	1.02
232.4	0.00203986	0.00114288	20788.6	1050	105	19570.9	111.262	111.262	445.048	445.048	0 22130.3 554.066 	22684.3	6.12022	6.5039	12399	666.612	0.0103896	0	1.02	1.02
232.5	0.00203987	0.0011429	20789.1	1050	105	19570.9	111.314	111.314	445.258	445.258	0 22129.9 554.3 	22684.2	6.1202	6.5039	12399	666.612	0.0103942	0	1.02	1.02
232.6	0.00203987	0.00114292	20789.5	1050	105	19570.9	111.367	111.367	445.467	445.467	0 22129.5 554.534 	22684	6.12019	6.5039	12399	666.612	0.0103989	0	1.02	1.02
232.7	0.00203987	0.00114294	20790	1050	105	19570.8	111.419	111.419	445.677	445.677	0 22129.1 554.769 	22683.8	6.12018	6.5039	12399	666.612	0.0104035	0	1.02	1.02
232.8	0.00203987	0.00114297	20790.5	1050	105	19570.8	111.472	111.472	445.887	445.887	0 22128.7 555.005 	22683.7	6.12016	6.5039	12399	666.612	0.0104082	0	1.02	1.02
232.9	0.00203987	0.00114299	20791	1050	105	19570.8	111.524	111.524	446.097	446.097	0 22128.3 555.241 	22683.5	6.12015	6.5039	12399	666.612	0.0104129	0	1.02	1.02
233	0.00203987	0.00114301	20791.5	1050	105	19570.7	111.577	111.577	446.307	446.307	0 22127.8 555.477 	22683.3	6.12014	6.5039	12399	666.612	0.0104175	0	1.02	1.02
233.1	0.00203987	0.00114303	20792	1050	105	19570.7	111.629	111.629	446.517	446.517	0 22127.4 555.713 	22683.2	6.12013	6.5039	12399	666.612	0.0104222	0	1.02	1.02
233.2	0.00203988	0.00114305	20792.5	1050	105	19570.7	111.682	111.682	446.727	446.727	0 22127 555.95 	22683	6.12011	6.5039	12399	666.612	0.0104269	0	1.02	1.02
233.3	0.00203988	0.00114307	20793	1050	105	19570.6	111.734	111.734	446.937	446.937	0 22126.6 556.188 	22682.8	6.1201	6.5039	12399	666.612	0.0104316	0	1.02	1.02
233.4	0.00203988	0.0011431	20793.5	1050	105	19570.6	111.787	111.787	447.148	447.148	0 22126.2 556.426 	22682.7	6.12009	6.5039	12399	666.612	0.0104363	0	1.02	1.02
233.5	0.00203988	0.00114312	20794	1050	105	19570.6	111.84	111.84	447.358	447.358	0 22125.8 556.664 	22682.5	6.12007	6.5039	12399	666.612	0.010441	0	1.02	1.02
233.6	0.00203988	0.00114314	20794.5	1050	105	19570.5	111.892	111.892	447.569	447.569	0 22125.4 556.903 	22682.3	6.12006	6.5039	12399	666.612	0.0104458	0	1.02	1.02
233.7	0.00203988	0.00114316	20794.9	1050	105	19570.5	111.945	111.945	447.779	447.779	0 22125 557.142 	22682.2	6.12005	6.5039	12399	666.612	0.0104505	0	1.02	1.02
233.8	0.00203988	0.00114318	20795.4	1050	105	19570.5	111.998	111.998	447.99	447.99	0 22124.6 557.381 	22682	6.12004	6.5039	12399	666.612	0.0104552	0	1.02	1.02
233.9	0.00203989	0.0011432	20795.9	1050	105	19570.4	112.05	112.05	448.201	448.201	0 22124.2 557.621 	22681.8	6.12002	6.5039	12399	666.612	0.01046	0	1.02	1.02
234	0.00203989	0.00114323	20796.4	1050	105	19570.4	112.103	112.103	448.412	448.412	0 22123.8 557.862 	22681.7	6.12001	6.5039	12399	666.612	0.0104647	0	1.02	1.02
234.1	0.00203989	0.00114325	20796.9	1050	105	19570.4	112.156	112.156	448.623	448.623	0 22123.4 558.102 	22681.5	6.12	6.5039	12399	666.612	0.0104695	0	1.02	1.02
234.2	0.00203989	0.00114327	20797.4	1050	105	19570.3	112.209	112.209	448.835	448.835	0 22123 558.344 	22681.4	6.11999	6.5039	12399	666.612	0.0104743	0	1.02	1.02
234.3	0.00203989	0.00114329	20797.9	1050	105	19570.3	112.262	112.262	449.046	449.046	0 22122.6 558.585 	22681.2	6.11997	6.5039	12399	666.612	0.010479	0	1.02	1.02
234.4	0.00203989	0.00114331	20798.4	1050	105	19570.2	112.314	112.314	449.258	449.258	0 22122.2 558.827 	22681	6.11996	6.5039	12399	666.612	0.0104838	0	1.02	1.02
234.5	0.00203989	0.00114333	20798.9	1050	105	19570.2	112.367	112.367	449.469	449.469	0 22121.8 559.069 	22680.9	6.11995	6.5039	12399	666.612	0.0104886	0	1.02	1.02
234.6	0.00203989	0.00114336	20799.4	1050	105	19570.2	112.42	112.42	449.681	449.681	0 22121.4 559.312 	22680.7	6.11994	6.5039	12399	666.612	0.0104934	0	1.02	1.02
234.7	0.0020399	0.00114338	20799.8	1050	105	19570.1	112.473	112.473	449.893	449.893	0 22121 559.555 	22680.6	6.11992	6.5039	12399	666.612	0.0104982	0	1.02	1.02
234.8	0.0020399	0.0011434	20800.3	1050	105	19570.1	112.526	112.526	450.105	450.105	0 22120.6 559.799 	22680.4	6.11991	6.5039	12399	666.612	0.0105031	0	1.02	1.02
234.9	0.0020399	0.00114342	20800.8	1050	105	19570	112.579	112.579	450.317	450.317	0 22120.2 560.043 	22680.2	6.1199	6.5039	12399	666.612	0.0105079	0	1.02	1.02
235	0.0020399	0.00114344	20801.3	1050	105	19570	112.632	112.632	450.529	450.529	0 22119.8 560.287 	22680.1	6.11989	6.5039	12399	666.612	0.0105127	0	1.02	1.02
235.1	0.0020399	0.00114346	20801.8	1050	105	19570	112.685	112.685	450.741	450.741	0 22119.4 560.532 	22679.9	6.11988	6.5039	12399	666.612	0.0105176	0	1.02	1.02
235.2	0.0020399	0.00114348	20802.3	1050	105	19569.9	112.738	112.738	450.953	450.953	0 22119 560.778 	22679.8	6.11986	6.5039	12399	666.612	0.0105224	0	1.02	1.02
235.3	0.0020399	0.00114351	20802.8	1050	105	19569.9	112.791	112.791	451.166	451.166	0 22118.6 561.023 	22679.6	6.11985	6.5039	12399	666.612	0.0105273	0	1.02	1.02
235.4	0.00203991	0.00114353	20803.3	1050	105	19569.8	112.845	112.845	451.378	451.378	0 22118.2 561.269 	22679.4	6.11984	6.5039	12399	666.612	0.0105321	0	1.02	1.02
235.5	0.00203991	0.00114355	20803.8	1050	105	19569.8	112.898	112.898	451.591	451.591	0 22117.8 561.516 	22679.3	6.11983	6.5039	12399	666.612	0.010537	0	1.02	1.02
235.6	0.00203991	0.00114357	20804.2	1050	105	19569.7	112.951	112.951	451.804	451.804	0 22117.4 561.763 	22679.1	6.11981	6.5039	12399	666.612	0.0105419	0	1.02	1.02
235.7	0.00203991	0.00114359	20804.7	1050	105	19569.7	113.004	113.004	452.016	452.016	0 22117 562.01 	22679	6.1198	6.5039	12399	666.612	0.0105468	0	1.02	1.02
235.8	0.00203991	0.00114361	20805.2	1050	105	19569.6	113.057	113.057	452.229	452.229	0 22116.6 562.258 	22678.8	6.11979	6.5039	12399	666.612	0.0105517	0	1.02	1.02
235.9	0.00203991	0.00114364	20805.7	1050	105	19569.6	113.111	113.111	452.442	452.442	0 22116.2 562.506 	22678.7	6.11978	6.5039	12399	666.612	0.0105566	0	1.02	1.02
236	0.00203991	0.00114366	20806.2	1050	105	19569.6	113.164	113.164	452.656	452.656	0 22115.8 562.754 	22678.5	6.11977	6.5039	12399	666.612	0.0105615	0	1.02	1.02
236.1	0.00203992	0.00114368	20806.7	1050	105	19569.5	113.217	113.217	452.869	452.869	0 22115.4 563.003 	22678.4	6.11976	6.5039	12399	666.612	0.0105664	0	1.02	1.02
236.2	0.00203992	0.0011437	20807.2	1050	105	19569.5	113.271	113.271	453.082	453.082	0 22115 563.252 	22678.2	6.11974	6.5039	12399	666.612	0.0105713	0	1.02	1.02
236.3	0.00203992	0.00114372	20807.7	1050	105	19569.4	113.324	113.324	453.296	453.296	0 22114.6 563.502 	22678.1	6.11973	6.5039	12399	666.612	0.0105763	0	1.02	1.02
236.4	0.00203992	0.00114374	20808.1	1050	105	19569.4	113.377	113.377	453.509	453.509	0 22114.2 563.752 	22677.9	6.11972	6.5039	12399	666.612	0.0105812	0	1.02	1.02
236.5	0.00203992	0.00114376	20808.6	1050	105	19569.3	113.431	113.431	453.723	453.723	0 22113.8 564.003 	22677.8	6.11971	6.5039	12399	666.612	0.0105862	0	1.02	1.02
236.6	0.00203992	0.00114379	20809.1	1050	105	19569.3	113.484	113.484	453.937	453.937	0 22113.4 564.254 	22677.6	6.1197	6.5039	12399	666.612	0.0105911	0	1.02	1.02
236.7	0.00203992	0.00114381	20809.6	1050	105	19569.2	113.538	113.538	454.151	454.151	0 22113 564.505 	22677.5	6.11968	6.5039	12399	666.612	0.0105961	0	1.02	1.02
236.8	0.00203992	0.00114383	20810.1	1050	105	19569.2	113.591	113.591	454.365	454.365	0 22112.6 564.757 	22677.3	6.11967	6.5039	12399	666.612	0.0106011	0	1.02	1.02
236.9	0.00203993	0.00114385	20810.6	1050	105	19569.1	113.645	113.645	454.579	454.579	0 22112.2 565.009 	22677.2	6.11966	6.5039	12399	666.612	0.010606	0	1.02	1.02
237	0.00203993	0.00114387	20811.1	1050	105	19569.1	113.698	113.698	454.793	454.793	0 22111.8 565.262 	22677	6.11965	6.5039	12399	666.612	0.010611	0	1.02	1.02
237.1	0.00203993	0.00114389	20811.6	1050	105	19569	113.752	113.752	455.008	455.008	0 22111.3 565.515 	22676.9	6.11964	6.5039	12399	666.612	0.010616	0	1.02	1.02
237.2	0.00203993	0.00114392	20812	1050	105	19569	113.806	113.806	455.222	455.222	0 22110.9 565.768 	22676.7	6.11963	6.5039	12399	666.612	0.010621	0	1.02	1.02
237.3	0.00203993	0.00114394	20812.5	1050	105	19568.9	113.859	113.859	455.437	455.437	0 22110.5 566.022 	22676.6	6.11962	6.5039	12399	666.612	0.010626	0	1.02	1.02
237.4	0.00203993	0.00114396	20813	1050	105	19568.9	113.913	113.913	455.651	455.651	0 22110.1 566.276 	22676.4	6.1196	6.5039	12399	666.612	0.0106311	0	1.02	1.02
237.5	0.00203993	0.00114398	20813.5	1050	105	19568.8	113.967	113.967	455.866	455.866	0 22109.7 566.531 	22676.3	6.11959	6.5039	12399	666.612	0.0106361	0	1.02	1.02
237.6	0.00203993	0.001144	20814	1050	105	19568.8	114.02	114.02	456.081	456.081	0 22109.3 566.786 	22676.1	6.11958	6.5039	12399	666.612	0.0106411	0	1.02	1.02
237.7	0.00203994	0.00114402	20814.5	1050	105	19568.7	114.074	114.074	456.296	456.296	0 22108.9 567.041 	22676	6.11957	6.5039	12399	666.612	0.0106462	0	1.02	1.02
237.8	0.00203994	0.00114404	20815	1050	105	19568.7	114.128	114.128	456.511	456.511	0 22108.5 567.297 	22675.8	6.11956	6.5039	12399	666.612	0.0106512	0	1.02	1.02
237.9	0.00203994	0.00114407	20815.4	1050	105	19568.6	114.182	114.182	456.726	456.726	0 22108.1 567.553 	22675.7	6.11955	6.5039	12399	666.612	0.0106563	0	1.02	1.02
238	0.00203994	0.00114409	20815.9	1050	105	19568.6	114.235	114.235	456.942	456.942	0 22107.7 567.81 	22675.6	6.11954	6.5039	12399	666.612	0.0106613	0	1.02	1.02
238.1	0.00203994	0.00114411	20816.4	1050	105	19568.5	114.289	114.289	457.157	457.157	0 22107.3 568.067 	22675.4	6.11953	6.5039	12399	666.612	0.0106664	0	1.02	1.02
238.2	0.00203994	0.00114413	20816.9	1050	105	19568.5	114.343	114.343	457.373	457.373	0 22106.9 568.324 	22675.3	6.11952	6.5039	12399	666.612	0.0106715	0	1.02	1.02
238.3	0.00203994	0.00114415	20817.4	1050	105	19568.4	114.397	114.397	457.588	457.588	0 22106.5 568.582 	22675.1	6.1195	6.5039	12399	666.612	0.0106766	0	1.02	1.02
238.4	0.00203994	0.00114417	20817.9	1050	105	19568.4	114.451	114.451	457.804	457.804	0 22106.1 568.84 	22675	6.11949	6.5039	12399	666.612	0.0106817	0	1.02	1.02
238.5	0.00203995	0.00114419	20818.4	1050	105	19568.3	114.505	114.505	458.02	458.02	0 22105.7 569.099 	22674.8	6.11948	6.5039	12399	666.612	0.0106868	0	1.02	1.02
238.6	0.00203995	0.00114422	20818.8	1050	105	19568.2	114.559	114.559	458.236	458.236	0 22105.3 569.358 	22674.7	6.11947	6.5039	12399	666.612	0.0106919	0	1.02	1.02
238.7	0.00203995	0.00114424	20819.3	1050	105	19568.2	114.613	114.613	458.452	458.452	0 22104.9 569.617 	22674.6	6.11946	6.5039	12399	666.612	0.010697	0	1.02	1.02
238.8	0.00203995	0.00114426	20819.8	1050	105	19568.1	114.667	114.667	458.668	458.668	0 22104.5 569.877 	22674.4	6.11945	6.5039	12399	666.612	0.0107022	0	1.02	1.02
238.9	0.00203995	0.00114428	20820.3	1050	105	19568.1	114.721	114.721	458.885	458.885	0 22104.1 570.138 	22674.3	6.11944	6.5039	12399	666.612	0.0107073	0	1.02	1.02
239	0.00203995	0.0011443	20820.8	1050	105	19568	114.775	114.775	459.101	459.101	0 22103.7 570.398 	22674.1	6.11943	6.5039	12399	666.612	0.0107124	0	1.02	1.02
239.1	0.00203995	0.00114432	20821.3	1050	105	19568	114.829	114.829	459.318	459.318	0 22103.3 570.659 	22674	6.11942	6.5039	12399	666.612	0.0107176	0	1.02	1.02
239.2	0.00203995	0.00114434	20821.7	1050	105	19567.9	114.884	114.884	459.534	459.534	0 22102.9 570.921 	22673.9	6.11941	6.5039	12399	666.612	0.0107228	0	1.02	1.02
239.3	0.00203995	0.00114437	20822.2	1050	105	19567.8	114.938	114.938	459.751	459.751	0 22102.5 571.183 	22673.7	6.1194	6.5039	12399	666.612	0.0107279	0	1.02	1.02
239.4	0.00203996	0.00114439	20822.7	1050	105	19567.8	114.992	114.992	459.968	459.968	0 22102.1 571.445 	22673.6	6.11938	6.5039	12399	666.612	0.0107331	0	1.02	1.02
239.5	0.00203996	0.00114441	20823.2	1050	105	19567.7	115.046	115.046	460.185	460.185	0 22101.7 571.708 	22673.4	6.11937	6.5039	12399	666.612	0.0107383	0	1.02	1.02
239.6	0.00203996	0.00114443	20823.7	1050	105	19567.7	115.1	115.1	460.402	460.402	0 22101.3 571.971 	22673.3	6.11936	6.5039	12399	666.612	0.0107435	0	1.02	1.02
239.7	0.00203996	0.00114445	20824.2	1050	105	19567.6	115.155	115.155	460.619	460.619	0 22100.9 572.234 	22673.2	6.11935	6.5039	12399	666.612	0.0107487	0	1.02	1.02
239.8	0.00203996	0.00114447	20824.6	1050	105	19567.6	115.209	115.209	460.836	460.836	0 22100.5 572.498 	22673	6.11934	6.5039	12399	666.612	0.0107539	0	1.02	1.02
239.9	0.00203996	0.00114449	20825.1	1050	105	19567.5	115.263	115.263	461.054	461.054	0 22100.1 572.763 	22672.9	6.11933	6.5039	12399	666.612	0.0107591	0	1.02	1.02
240	0.00203996	0.00114451	20825.6	1050	105	19567.4	115.318	115.318	461.271	461.271	0 22099.7 573.027 	22672.8	6.11932	6.5039	12399	666.612	0.0107643	0	1.02	1.02
240.1	0.00203996	0.00114454	20826.1	1050	105	19567.4	115.372	115.372	461.489	461.489	0 22099.3 573.293 	22672.6	6.11931	6.5039	12399	666.612	0.0107695	0	1.02	1.02
240.2	0.00203997	0.00114456	20826.6	1050	105	19567.3	115.427	115.427	461.706	461.706	0 22098.9 573.558 	22672.5	6.1193	6.5039	12399	666.612	0.0107748	0	1.02	1.02
240.3	0.00203997	0.00114458	20827.1	1050	105	19567.2	115.481	115.481	461.924	461.924	0 22098.5 573.824 	22672.4	6.11929	6.5039	12399	666.612	0.01078	0	1.02	1.02
240.4	0.00203997	0.0011446	20827.5	1050	105	19567.2	115.536	115.536	462.142	462.142	0 22098.1 574.09 	22672.2	6.11928	6.5039	12399	666.612	0.0107853	0	1.02	1.02
240.5	0.00203997	0.00114462	20828	1050	105	19567.1	115.59	115.59	462.36	462.36	0 22097.7 574.357 	22672.1	6.11927	6.5039	12399	666.612	0.0107905	0	1.02	1.02
240.6	0.00203997	0.00114464	20828.5	1050	105	19567.1	115.645	115.645	462.578	462.578	0 22097.3 574.624 	22672	6.11926	6.5039	12399	666.612	0.0107958	0	1.02	1.02
240.7	0.00203997	0.00114466	20829	1050	105	19567	115.699	115.699	462.797	462.797	0 22096.9 574.892 	22671.8	6.11925	6.5039	12399	666.612	0.0108011	0	1.02	1.02
240.8	0.00203997	0.00114469	20829.5	1050	105	19566.9	115.754	115.754	463.015	463.015	0 22096.5 575.16 	22671.7	6.11924	6.5039	12399	666.612	0.0108064	0	1.02	1.02
240.9	0.00203997	0.00114471	20830	1050	105	19566.9	115.808	115.808	463.233	463.233	0 22096.1 575.428 	22671.6	6.11923	6.5039	12399	666.612	0.0108117	0	1.02	1.02
241	0.00203997	0.00114473	20830.4	1050	105	19566.8	115.863	115.863	463.452	463.452	0 22095.7 575.697 	22671.4	6.11922	6.5039	12399	666.612	0.010817	0	1.02	1.02
241.1	0.00203998	0.00114475	20830.9	1050	105	19566.7	115.918	115.918	463.671	463.671	0 22095.3 575.966 	22671.3	6.11921	6.5039	12399	666.612	0.0108223	0	1.02	1.02
241.2	0.00203998	0.00114477	20831.4	1050	105	19566.7	115.972	115.972	463.889	463.889	0 22094.9 576.236 	22671.2	6.1192	6.5039	12399	666.612	0.0108276	0	1.02	1.02
241.3	0.00203998	0.00114479	20831.9	1050	105	19566.6	116.027	116.027	464.108	464.108	0 22094.5 576.506 	22671	6.11919	6.5039	12399	666.612	0.0108329	0	1.02	1.02
241.4	0.00203998	0.00114481	20832.4	1050	105	19566.5	116.082	116.082	464.327	464.327	0 22094.1 576.776 	22670.9	6.11918	6.5039	12399	666.612	0.0108382	0	1.02	1.02
241.5	0.00203998	0.00114483	20832.8	1050	105	19566.5	116.137	116.137	464.546	464.546	0 22093.7 577.047 	22670.8	6.11917	6.5039	12399	666.612	0.0108436	0	1.02	1.02
241.6	0.00203998	0.00114486	20833.3	1050	105	19566.4	116.191	116.191	464.766	464.766	0 22093.3 577.318 	22670.7	6.11916	6.5039	12399	666.612	0.0108489	0	1.02	1.02
241.7	0.00203998	0.00114488	20833.8	1050	105	19566.3	116.246	116.246	464.985	464.985	0 22092.9 577.59 	22670.5	6.11915	6.5039	12399	666.612	0.0108543	0	1.02	1.02
241.8	0.00203998	0.0011449	20834.3	1050	105	19566.3	116.301	116.301	465.205	465.205	0 22092.5 577.861 	22670.4	6.11914	6.5039	12399	666.612	0.0108596	0	1.02	1.02
241.9	0.00203998	0.00114492	20834.8	1050	105	19566.2	116.356	116.356	465.424	465.424	0 22092.1 578.134 	22670.3	6.11913	6.5039	12399	666.612	0.010865	0	1.02	1.02
242	0.00203999	0.00114494	20835.2	1050	105	19566.1	116.411	116.411	465.644	465.644	0 22091.7 578.407 	22670.2	6.11912	6.5039	12399	666.612	0.0108704	0	1.02	1.02
242.1	0.00203999	0.00114496	20835.7	1050	105	19566.1	116.466	116.466	465.864	465.864	0 22091.3 578.68 	22670	6.11911	6.5039	12399	666.612	0.0108758	0	1.02	1.02
242.2	0.00203999	0.00114498	20836.2	1050	105	19566	116.521	116.521	466.083	466.083	0 22090.9 578.953 	22669.9	6.1191	6.5039	12399	666.612	0.0108812	0	1.02	1.02
242.3	0.00203999	0.001145	20836.7	1050	105	19565.9	116.576	116.576	466.303	466.303	0 22090.6 579.227 	22669.8	6.11909	6.5039	12399	666.612	0.0108866	0	1.02	1.02
242.4	0.00203999	0.00114503	20837.2	1050	105	19565.9	116.631	116.631	466.524	466.524	0 22090.2 579.502 	22669.7	6.11908	6.5039	12399	666.612	0.010892	0	1.02	1.02
242.5	0.00203999	0.00114505	20837.6	1050	105	19565.8	116.686	116.686	466.744	466.744	0 22089.8 579.777 	22669.5	6.11907	6.5039	12399	666.612	0.0108974	0	1.02	1.02
242.6	0.00203999	0.00114507	20838.1	1050	105	19565.7	116.741	116.741	466.964	466.964	0 22089.4 580.052 	22669.4	6.11906	6.5039	12399	666.612	0.0109028	0	1.02	1.02
242.7	0.00203999	0.00114509	20838.6	1050	105	19565.6	116.796	116.796	467.184	467.184	0 22089 580.327 	22669.3	6.11905	6.5039	12399	666.612	0.0109082	0	1.02	1.02
242.8	0.00203999	0.00114511	20839.1	1050	105	19565.6	116.851	116.851	467.405	467.405	0 22088.6 580.603 	22669.2	6.11904	6.5039	12399	666.612	0.0109137	0	1.02	1.02
242.9	0.00204	0.00114513	20839.6	1050	105	19565.5	116.906	116.906	467.626	467.626	0 22088.2 580.88 	22669	6.11903	6.5039	12399	666.612	0.0109191	0	1.02	1.02
243	0.00204	0.00114515	20840	1050	105	19565.4	116.962	116.962	467.846	467.846	0 22087.8 581.157 	22668.9	6.11903	6.5039	12399	666.612	0.0109246	0	1.02	1.02
243.1	0.00204	0.00114517	20840.5	1050	105	19565.4	117.017	117.017	468.067	468.067	0 22087.4 581.434 	22668.8	6.11902	6.5039	12399	666.612	0.0109301	0	1.02	1.02
243.2	0.00204	0.0011452	20841	1050	105	19565.3	117.072	117.072	468.288	468.288	0 22087 581.711 	22668.7	6.11901	6.5039	12399	666.612	0.0109355	0	1.02	1.02
243.3	0.00204	0.00114522	20841.5	1050	105	19565.2	117.127	117.127	468.509	468.509	0 22086.6 581.989 	22668.6	6.119	6.5039	12399	666.612	0.010941	0	1.02	1.02
243.4	0.00204	0.00114524	20842	1050	105	19565.1	117.183	117.183	468.731	468.731	0 22086.2 582.268 	22668.4	6.11899	6.5039	12399	666.612	0.0109465	0	1.02	1.02
243.5	0.00204	0.00114526	20842.4	1050	105	19565.1	117.238	117.238	468.952	468.952	0 22085.8 582.547 	22668.3	6.11898	6.5039	12399	666.612	0.010952	0	1.02	1.02
243.6	0.00204	0.00114528	20842.9	1050	105	19565	117.293	117.293	469.173	469.173	0 22085.4 582.826 	22668.2	6.11897	6.5039	12399	666.612	0.0109575	0	1.02	1.02
243.7	0.00204	0.0011453	20843.4	1050	105	19564.9	117.349	117.349	469.395	469.395	0 22085 583.105 	22668.1	6.11896	6.5039	12399	666.612	0.010963	0	1.02	1.02
243.8	0.00204	0.00114532	20843.9	1050	105	19564.8	117.404	117.404	469.616	469.616	0 22084.6 583.385 	22668	6.11895	6.5039	12399	666.612	0.0109685	0	1.02	1.02
243.9	0.00204001	0.00114534	20844.4	1050	105	19564.8	117.46	117.46	469.838	469.838	0 22084.2 583.666 	22667.8	6.11894	6.5039	12399	666.612	0.010974	0	1.02	1.02
244	0.00204001	0.00114537	20844.8	1050	105	19564.7	117.515	117.515	470.06	470.06	0 22083.8 583.947 	22667.7	6.11893	6.5039	12399	666.612	0.0109796	0	1.02	1.02
244.1	0.00204001	0.00114539	20845.3	1050	105	19564.6	117.571	117.571	470.282	470.282	0 22083.4 584.228 	22667.6	6.11892	6.5039	12399	666.612	0.0109851	0	1.02	1.02
244.2	0.00204001	0.00114541	20845.8	1050	105	19564.5	117.626	117.626	470.504	470.504	0 22083 584.509 	22667.5	6.11892	6.5039	12399	666.612	0.0109906	0	1.02	1.02
244.3	0.00204001	0.00114543	20846.3	1050	105	19564.5	117.682	117.682	470.726	470.726	0 22082.6 584.791 	22667.4	6.11891	6.5039	12399	666.612	0.0109962	0	1.02	1.02
244.4	0.00204001	0.00114545	20846.7	1050	105	19564.4	117.737	117.737	470.949	470.949	0 22082.2 585.074 	22667.3	6.1189	6.5039	12399	666.612	0.0110018	0	1.02	1.02
244.5	0.00204001	0.00114547	20847.2	1050	105	19564.3	117.793	117.793	471.171	471.171	0 22081.8 585.357 	22667.1	6.11889	6.5039	12399	666.612	0.0110073	0	1.02	1.02
244.6	0.00204001	0.00114549	20847.7	1050	105	19564.2	117.848	117.848	471.394	471.394	0 22081.4 585.64 	22667	6.11888	6.5039	12399	666.612	0.0110129	0	1.02	1.02
244.7	0.00204001	0.00114551	20848.2	1050	105	19564.1	117.904	117.904	471.616	471.616	0 22081 585.923 	22666.9	6.11887	6.5039	12399	666.612	0.0110185	0	1.02	1.02
244.8	0.00204001	0.00114554	20848.7	1050	105	19564.1	117.96	117.96	471.839	471.839	0 22080.6 586.207 	22666.8	6.11886	6.5039	12399	666.612	0.0110241	0	1.02	1.02
244.9	0.00204002	0.00114556	20849.1	1050	105	19564	118.015	118.015	472.062	472.062	0 22080.2 586.492 	22666.7	6.11885	6.5039	12399	666.612	0.0110297	0	1.02	1.02
245	0.00204002	0.00114558	20849.6	1050	105	19563.9	118.071	118.071	472.285	472.285	0 22079.8 586.776 	22666.6	6.11885	6.5039	12399	666.612	0.0110353	0	1.02	1.02
245.1	0.00204002	0.0011456	20850.1	1050	105	19563.8	118.127	118.127	472.508	472.508	0 22079.4 587.062 	22666.5	6.11884	6.5039	12399	666.612	0.0110409	0	1.02	1.02
245.2	0.00204002	0.00114562	20850.6	1050	105	19563.7	118.183	118.183	472.731	472.731	0 22079 587.347 	22666.4	6.11883	6.5039	12399	666.612	0.0110465	0	1.02	1.02
245.3	0.00204002	0.00114564	20851	1050	105	19563.7	118.239	118.239	472.954	472.954	0 22078.6 587.633 	22666.2	6.11882	6.5039	12399	666.612	0.0110522	0	1.02	1.02
245.4	0.00204002	0.00114566	20851.5	1050	105	19563.6	118.294	118.294	473.178	473.178	0 22078.2 587.92 	22666.1	6.11881	6.5039	12399	666.612	0.0110578	0	1.02	1.02
245.5	0.00204002	0.00114568	20852	1050	105	19563.5	118.35	118.35	473.401	473.401	0 22077.8 588.206 	22666	6.1188	6.5039	12399	666.612	0.0110635	0	1.02	1.02
245.6	0.00204002	0.0011457	20852.5	1050	105	19563.4	118.406	118.406	473.625	473.625	0 22077.4 588.494 	22665.9	6.11879	6.5039	12399	666.612	0.0110691	0	1.02	1.02
245.7	0.00204002	0.00114573	20853	1050	105	19563.3	118.462	118.462	473.849	473.849	0 22077 588.781 	22665.8	6.11879	6.5039	12399	666.612	0.0110748	0	1.02	1.02
245.8	0.00204002	0.00114575	20853.4	1050	105	19563.2	118.518	118.518	474.072	474.072	0 22076.6 589.069 	22665.7	6.11878	6.5039	12399	666.612	0.0110804	0	1.02	1.02
245.9	0.00204002	0.00114577	20853.9	1050	105	19563.2	118.574	118.574	474.296	474.296	0 22076.2 589.358 	22665.6	6.11877	6.5039	12399	666.612	0.0110861	0	1.02	1.02
246	0.00204003	0.00114579	20854.4	1050	105	19563.1	118.63	118.63	474.52	474.52	0 22075.8 589.646 	22665.5	6.11876	6.5039	12399	666.612	0.0110918	0	1.02	1.02
246.1	0.00204003	0.00114581	20854.9	1050	105	19563	118.686	118.686	474.745	474.745	0 22075.4 589.936 	22665.4	6.11875	6.5039	12399	666.612	0.0110975	0	1.02	1.02
246.2	0.00204003	0.00114583	20855.3	1050	105	19562.9	118.742	118.742	474.969	474.969	0 22075 590.225 	22665.3	6.11874	6.5039	12399	666.612	0.0111032	0	1.02	1.02
246.3	0.00204003	0.00114585	20855.8	1050	105	19562.8	118.798	118.798	475.193	475.193	0 22074.6 590.515 	22665.2	6.11874	6.5039	12399	666.612	0.0111089	0	1.02	1.02
246.4	0.00204003	0.00114587	20856.3	1050	105	19562.7	118.854	118.854	475.418	475.418	0 22074.2 590.805 	22665	6.11873	6.5039	12399	666.612	0.0111146	0	1.02	1.02
246.5	0.00204003	0.00114589	20856.8	1050	105	19562.7	118.911	118.911	475.642	475.642	0 22073.8 591.096 	22664.9	6.11872	6.5039	12399	666.612	0.0111203	0	1.02	1.02
246.6	0.00204003	0.00114592	20857.2	1050	105	19562.6	118.967	118.967	475.867	475.867	0 22073.4 591.387 	22664.8	6.11871	6.5039	12399	666.612	0.0111261	0	1.02	1.02
246.7	0.00204003	0.00114594	20857.7	1050	105	19562.5	119.023	119.023	476.092	476.092	0 22073 591.679 	22664.7	6.1187	6.5039	12399	666.612	0.0111318	0	1.02	1.02
246.8	0.00204003	0.00114596	20858.2	1050	105	19562.4	119.079	119.079	476.317	476.317	0 22072.7 591.971 	22664.6	6.1187	6.5039	12399	666.612	0.0111376	0	1.02	1.02
246.9	0.00204003	0.00114598	20858.7	1050	105	19562.3	119.136	119.136	476.542	476.542	0 22072.3 592.263 	22664.5	6.11869	6.5039	12399	666.612	0.0111433	0	1.02	1.02
247	0.00204003	0.001146	20859.1	1050	105	19562.2	119.192	119.192	476.767	476.767	0 22071.9 592.556 	22664.4	6.11868	6.5039	12399	666.612	0.0111491	0	1.02	1.02
247.1	0.00204004	0.00114602	20859.6	1050	105	19562.1	119.248	119.248	476.992	476.992	0 22071.5 592.849 	22664.3	6.11867	6.5039	12399	666.612	0.0111549	0	1.02	1.02
247.2	0.00204004	0.00114604	20860.1	1050	105	19562	119.304	119.304	477.218	477.218	0 22071.1 593.143 	22664.2	6.11866	6.5039	12399	666.612	0.0111606	0	1.02	1.02
247.3	0.00204004	0.00114606	20860.6	1050	105	19562	119.361	119.361	477.443	477.443	0 22070.7 593.437 	22664.1	6.11866	6.5039	12399	666.612	0.0111664	0	1.02	1.02
247.4	0.00204004	0.00114608	20861	1050	105	19561.9	119.417	119.417	477.669	477.669	0 22070.3 593.731 	22664	6.11865	6.5039	12399	666.612	0.0111722	0	1.02	1.02
247.5	0.00204004	0.00114611	20861.5	1050	105	19561.8	119.474	119.474	477.895	477.895	0 22069.9 594.026 	22663.9	6.11864	6.5039	12399	666.612	0.011178	0	1.02	1.02
247.6	0.00204004	0.00114613	20862	1050	105	19561.7	119.53	119.53	478.121	478.121	0 22069.5 594.321 	22663.8	6.11863	6.5039	12399	666.612	0.0111838	0	1.02	1.02
247.7	0.00204004	0.00114615	20862.5	1050	105	19561.6	119.587	119.587	478.347	478.347	0 22069.1 594.616 	22663.7	6.11862	6.5039	12399	666.612	0.0111896	0	1.02	1.02
247.8	0.00204004	0.00114617	20862.9	1050	105	19561.5	119.643	119.643	478.573	478.573	0 22068.7 594.912 	22663.6	6.11862	6.5039	12399	666.612	0.0111955	0	1.02	1.02
247.9	0.00204004	0.00114619	20863.4	1050	105	19561.4	119.7	119.7	478.799	478.799	0 22068.3 595.209 	22663.5	6.11861	6.5039	12399	666.612	0.0112013	0	1.02	1.02
248	0.00204004	0.00114621	20863.9	1050	105	19561.3	119.756	119.756	479.025	479.025	0 22067.9 595.505 	22663.4	6.1186	6.5039	12399	666.612	0.0112071	0	1.02	1.02
248.1	0.00204004	0.00114623	20864.4	1050	105	19561.2	119.813	119.813	479.251	479.251	0 22067.5 595.802 	22663.3	6.11859	6.5039	12399	666.612	0.011213	0	1.02	1.02
248.2	0.00204004	0.00114625	20864.8	1050	105	19561.1	119.869	119.869	479.478	479.478	0 22067.1 596.1 	22663.2	6.11859	6.5039	12399	666.612	0.0112188	0	1.02	1.02
248.3	0.00204005	0.00114627	20865.3	1050	105	19561	119.926	119.926	479.705	479.705	0 22066.7 596.398 	22663.1	6.11858	6.5039	12399	666.612	0.0112247	0	1.02	1.02
248.4	0.00204005	0.0011463	20865.8	1050	105	19561	119.983	119.983	479.931	479.931	0 22066.3 596.696 	22663	6.11857	6.5039	12399	666.612	0.0112306	0	1.02	1.02
248.5	0.00204005	0.00114632	20866.3	1050	105	19560.9	120.04	120.04	480.158	480.158	0 22065.9 596.995 	22662.9	6.11856	6.5039	12399	666.612	0.0112364	0	1.02	1.02
248.6	0.00204005	0.00114634	20866.7	1050	105	19560.8	120.096	120.096	480.385	480.385	0 22065.5 597.294 	22662.8	6.11856	6.5039	12399	666.612	0.0112423	0	1.02	1.02
248.7	0.00204005	0.00114636	20867.2	1050	105	19560.7	120.153	120.153	480.612	480.612	0 22065.1 597.594 	22662.7	6.11855	6.5039	12399	666.612	0.0112482	0	1.02	1.02
248.8	0.00204005	0.00114638	20867.7	1050	105	19560.6	120.21	120.21	480.839	480.839	0 22064.7 597.893 	22662.6	6.11854	6.5039	12399	666.612	0.0112541	0	1.02	1.02
248.9	0.00204005	0.0011464	20868.2	1050	105	19560.5	120.267	120.267	481.067	481.067	0 22064.3 598.194 	22662.5	6.11853	6.5039	12399	666.612	0.01126	0	1.02	1.02
249	0.00204005	0.00114642	20868.6	1050	105	19560.4	120.324	120.324	481.294	481.294	0 22063.9 598.494 	22662.4	6.11853	6.5039	12399	666.612	0.0112659	0	1.02	1.02
249.1	0.00204005	0.00114644	20869.1	1050	105	19560.3	120.38	120.38	481.522	481.522	0 22063.5 598.795 	22662.3	6.11852	6.5039	12399	666.612	0.0112719	0	1.02	1.02
249.2	0.00204005	0.00114646	20869.6	1050	105	19560.2	120.437	120.437	481.749	481.749	0 22063.1 599.097 	22662.2	6.11851	6.5039	12399	666.612	0.0112778	0	1.02	1.02
249.3	0.00204005	0.00114648	20870	1050	105	19560.1	120.494	120.494	481.977	481.977	0 22062.7 599.399 	22662.1	6.11851	6.5039	12399	666.612	0.0112837	0	1.02	1.02
249.4	0.00204005	0.00114651	20870.5	1050	105	19560	120.551	120.551	482.205	482.205	0 22062.3 599.701 	22662	6.1185	6.5039	12399	666.612	0.0112897	0	1.02	1.02
249.5	0.00204006	0.00114653	20871	1050	105	19559.9	120.608	120.608	482.433	482.433	0 22062 600.004 	22662	6.11849	6.5039	12399	666.612	0.0112956	0	1.02	1.02
249.6	0.00204006	0.00114655	20871.5	1050	105	19559.8	120.665	120.665	482.661	482.661	0 22061.6 600.307 	22661.9	6.11848	6.5039	12399	666.612	0.0113016	0	1.02	1.02
249.7	0.00204006	0.00114657	20871.9	1050	105	19559.7	120.722	120.722	482.889	482.889	0 22061.2 600.61 	22661.8	6.11848	6.5039	12399	666.612	0.0113076	0	1.02	1.02
249.8	0.00204006	0.00114659	20872.4	1050	105	19559.6	120.779	120.779	483.117	483.117	0 22060.8 600.914 	22661.7	6.11847	6.5039	12399	666.612	0.0113135	0	1.02	1.02
249.9	0.00204006	0.00114661	20872.9	1050	105	19559.5	120.836	120.836	483.346	483.346	0 22060.4 601.218 	22661.6	6.11846	6.5039	12399	666.612	0.0113195	0	1.02	1.02
250	0.00204006	0.00114663	20873.4	1050	105	19559.4	120.894	120.894	483.574	483.574	0 22060 601.523 	22661.5	6.11846	6.5039	12399	666.612	0.0113255	0	1.02	1.02
250.1	0.00204006	0.00114665	20873.8	1050	105	19559.3	120.951	120.951	483.803	483.803	0 22059.6 601.828 	22661.4	6.11845	6.5039	12399	666.612	0.0113315	0	1.02	1.02
250.2	0.00204006	0.00114667	20874.3	1050	105	19559.2	121.008	121.008	484.032	484.032	0 22059.2 602.133 	22661.3	6.11844	6.5039	12399	666.612	0.0113375	0	1.02	1.02
250.3	0.00204006	0.00114669	20874.8	1050	105	19559.1	121.065	121.065	484.26	484.26	0 22058.8 602.439 	22661.2	6.11844	6.5039	12399	666.612	0.0113435	0	1.02	1.02
250.4	0.00204006	0.00114672	20875.2	1050	105	19559	121.122	121.122	484.489	484.489	0 22058.4 602.745 	22661.1	6.11843	6.5039	12399	666.612	0.0113496	0	1.02	1.02
250.5	0.00204006	0.00114674	20875.7	1050	105	19558.9	121.18	121.18	484.718	484.718	0 22058 603.052 	22661	6.11842	6.5039	12399	666.612	0.0113556	0	1.02	1.02
250.6	0.00204006	0.00114676	20876.2	1050	105	19558.8	121.237	121.237	484.948	484.948	0 22057.6 603.359 	22661	6.11841	6.5039	12399	666.612	0.0113616	0	1.02	1.02
250.7	0.00204006	0.00114678	20876.7	1050	105	19558.7	121.294	121.294	485.177	485.177	0 22057.2 603.666 	22660.9	6.11841	6.5039	12399	666.612	0.0113677	0	1.02	1.02
250.8	0.00204007	0.0011468	20877.1	1050	105	19558.6	121.352	121.352	485.406	485.406	0 22056.8 603.974 	22660.8	6.1184	6.5039	12399	666.612	0.0113737	0	1.02	1.02
250.9	0.00204007	0.00114682	20877.6	1050	105	19558.5	121.409	121.409	485.636	485.636	0 22056.4 604.282 	22660.7	6.11839	6.5039	12399	666.612	0.0113798	0	1.02	1.02
251	0.00204007	0.00114684	20878.1	1050	105	19558.4	121.466	121.466	485.866	485.866	0 22056 604.591 	22660.6	6.11839	6.5039	12399	666.612	0.0113858	0	1.02	1.02
251.1	0.00204007	0.00114686	20878.5	1050	105	19558.3	121.524	121.524	486.095	486.095	0 22055.6 604.9 	22660.5	6.11838	6.5039	12399	666.612	0.0113919	0	1.02	1.02
251.2	0.00204007	0.00114688	20879	1050	105	19558.2	121.581	121.581	486.325	486.325	0 22055.2 605.209 	22660.4	6.11838	6.5039	12399	666.612	0.011398	0	1.02	1.02
251.3	0.00204007	0.0011469	20879.5	1050	105	19558.1	121.639	121.639	486.555	486.555	0 22054.8 605.519 	22660.4	6.11837	6.5039	12399	666.612	0.0114041	0	1.02	1.02
251.4	0.00204007	0.00114693	20880	1050	105	19558	121.696	121.696	486.785	486.785	0 22054.4 605.829 	22660.3	6.11836	6.5039	12399	666.612	0.0114102	0	1.02	1.02
251.5	0.00204007	0.00114695	20880.4	1050	105	19557.9	121.754	121.754	487.016	487.016	0 22054 606.14 	22660.2	6.11836	6.5039	12399	666.612	0.0114163	0	1.02	1.02
251.6	0.00204007	0.00114697	20880.9	1050	105	19557.8	121.811	121.811	487.246	487.246	0 22053.6 606.451 	22660.1	6.11835	6.5039	12399	666.612	0.0114224	0	1.02	1.02
251.7	0.00204007	0.00114699	20881.4	1050	105	19557.7	121.869	121.869	487.476	487.476	0 22053.3 606.762 	22660	6.11834	6.5039	12399	666.612	0.0114285	0	1.02	1.02
251.8	0.00204007	0.00114701	20881.8	1050	105	19557.6	121.927	121.927	487.707	487.707	0 22052.9 607.074 	22659.9	6.11834	6.5039	12399	666.612	0.0114347	0	1.02	1.02
251.9	0.00204007	0.00114703	20882.3	1050	105	19557.5	121.984	121.984	487.937	487.937	0 22052.5 607.386 	22659.8	6.11833	6.5039	12399	666.612	0.0114408	0	1.02	1.02
252	0.00204007	0.00114705	20882.8	1050	105	19557.4	122.042	122.042	488.168	488.168	0 22052.1 607.698 	22659.8	6.11832	6.5039	12399	666.612	0.0114469	0	1.02	1.02
252.1	0.00204007	0.00114707	20883.2	1050	105	19557.3	122.1	122.1	488.399	488.399	0 22051.7 608.011 	22659.7	6.11832	6.5039	12399	666.612	0.0114531	0	1.02	1.02
252.2	0.00204008	0.00114709	20883.7	1050	105	19557.1	122.158	122.158	488.63	488.63	0 22051.3 608.325 	22659.6	6.11831	6.5039	12399	666.612	0.0114593	0	1.02	1.02
252.3	0.00204008	0.00114711	20884.2	1050	105	19557	122.215	122.215	488.861	488.861	0 22050.9 608.638 	22659.5	6.11831	6.5039	12399	666.612	0.0114654	0	1.02	1.02
252.4	0.00204008	0.00114713	20884.7	1050	105	19556.9	122.273	122.273	489.092	489.092	0 22050.5 608.952 	22659.4	6.1183	6.5039	12399	666.612	0.0114716	0	1.02	1.02
252.5	0.00204008	0.00114716	20885.1	1050	105	19556.8	122.331	122.331	489.324	489.324	0 22050.1 609.267 	22659.4	6.11829	6.5039	12399	666.612	0.0114778	0	1.02	1.02
252.6	0.00204008	0.00114718	20885.6	1050	105	19556.7	122.389	122.389	489.555	489.555	0 22049.7 609.582 	22659.3	6.11829	6.5039	12399	666.612	0.011484	0	1.02	1.02
252.7	0.00204008	0.0011472	20886.1	1050	105	19556.6	122.447	122.447	489.787	489.787	0 22049.3 609.897 	22659.2	6.11828	6.5039	12399	666.612	0.0114902	0	1.02	1.02
252.8	0.00204008	0.00114722	20886.5	1050	105	19556.5	122.505	122.505	490.018	490.018	0 22048.9 610.213 	22659.1	6.11827	6.5039	12399	666.612	0.0114964	0	1.02	1.02
252.9	0.00204008	0.00114724	20887	1050	105	19556.4	122.563	122.563	490.25	490.25	0 22048.5 610.529 	22659	6.11827	6.5039	12399	666.612	0.0115026	0	1.02	1.02
253	0.00204008	0.00114726	20887.5	1050	105	19556.3	122.621	122.621	490.482	490.482	0 22048.1 610.845 	22659	6.11826	6.5039	12399	666.612	0.0115088	0	1.02	1.02
253.1	0.00204008	0.00114728	20887.9	1050	105	19556.2	122.679	122.679	490.714	490.714	0 22047.7 611.162 	22658.9	6.11826	6.5039	12399	666.612	0.011515	0	1.02	1.02
253.2	0.00204008	0.0011473	20888.4	1050	105	19556.1	122.737	122.737	490.946	490.946	0 22047.3 611.479 	22658.8	6.11825	6.5039	12399	666.612	0.0115213	0	1.02	1.02
253.3	0.00204008	0.00114732	20888.9	1050	105	19555.9	122.795	122.795	491.179	491.179	0 22046.9 611.797 	22658.7	6.11825	6.5039	12399	666.612	0.0115275	0	1.02	1.02
253.4	0.00204008	0.00114734	20889.4	1050	105	19555.8	122.853	122.853	491.411	491.411	0 22046.5 612.115 	22658.7	6.11824	6.5039	12399	666.612	0.0115338	0	1.02	1.02
253.5	0.00204008	0.00114736	20889.8	1050	105	19555.7	122.911	122.911	491.643	491.643	0 22046.1 612.433 	22658.6	6.11823	6.5039	12399	666.612	0.01154	0	1.02	1.02
253.6	0.00204008	0.00114739	20890.3	1050	105	19555.6	122.969	122.969	491.876	491.876	0 22045.8 612.752 	22658.5	6.11823	6.5039	12399	666.612	0.0115463	0	1.02	1.02
253.7	0.00204009	0.00114741	20890.8	1050	105	19555.5	123.027	123.027	492.109	492.109	0 22045.4 613.071 	22658.4	6.11822	6.5039	12399	666.612	0.0115526	0	1.02	1.02
253.8	0.00204009	0.00114743	20891.2	1050	105	19555.4	123.085	123.085	492.341	492.341	0 22045 613.391 	22658.4	6.11822	6.5039	12399	666.612	0.0115588	0	1.02	1.02
253.9	0.00204009	0.00114745	20891.7	1050	105	19555.3	123.144	123.144	492.574	492.574	0 22044.6 613.711 	22658.3	6.11821	6.5039	12399	666.612	0.0115651	0	1.02	1.02
254	0.00204009	0.00114747	20892.2	1050	105	19555.1	123.202	123.202	492.807	492.807	0 22044.2 614.031 	22658.2	6.11821	6.5039	12399	666.612	0.0115714	0	1.02	1.02
254.1	0.00204009	0.00114749	20892.6	1050	105	19555	123.26	123.26	493.041	493.041	0 22043.8 614.352 	22658.1	6.1182	6.5039	12399	666.612	0.0115777	0	1.02	1.02
254.2	0.00204009	0.00114751	20893.1	1050	105	19554.9	123.318	123.318	493.274	493.274	0 22043.4 614.673 	22658.1	6.11819	6.5039	12399	666.612	0.0115841	0	1.02	1.02
254.3	0.00204009	0.00114753	20893.6	1050	105	19554.8	123.377	123.377	493.507	493.507	0 22043 614.995 	22658	6.11819	6.5039	12399	666.612	0.0115904	0	1.02	1.02
254.4	0.00204009	0.00114755	20894	1050	105	19554.7	123.435	123.435	493.741	493.741	0 22042.6 615.316 	22657.9	6.11818	6.5039	12399	666.612	0.0115967	0	1.02	1.02
254.5	0.00204009	0.00114757	20894.5	1050	105	19554.6	123.494	123.494	493.974	493.974	0 22042.2 615.639 	22657.8	6.11818	6.5039	12399	666.612	0.011603	0	1.02	1.02
254.6	0.00204009	0.00114759	20895	1050	105	19554.5	123.552	123.552	494.208	494.208	0 22041.8 615.962 	22657.8	6.11817	6.5039	12399	666.612	0.0116094	0	1.02	1.02
254.7	0.00204009	0.00114762	20895.4	1050	105	19554.3	123.61	123.61	494.442	494.442	0 22041.4 616.285 	22657.7	6.11817	6.5039	12399	666.612	0.0116157	0	1.02	1.02
254.8	0.00204009	0.00114764	20895.9	1050	105	19554.2	123.669	123.669	494.676	494.676	0 22041 616.608 	22657.6	6.11816	6.5039	12399	666.612	0.0116221	0	1.02	1.02
254.9	0.00204009	0.00114766	20896.4	1050	105	19554.1	123.727	123.727	494.91	494.91	0 22040.6 616.932 	22657.6	6.11816	6.5039	12399	666.612	0.0116284	0	1.02	1.02
255	0.00204009	0.00114768	20896.8	1050	105	19554	123.786	123.786	495.144	495.144	0 22040.2 617.256 	22657.5	6.11815	6.5039	12399	666.612	0.0116348	0	1.02	1.02
255.1	0.00204009	0.0011477	20897.3	1050	105	19553.9	123.845	123.845	495.378	495.378	0 22039.8 617.581 	22657.4	6.11815	6.5039	12399	666.612	0.0116412	0	1.02	1.02
255.2	0.00204009	0.00114772	20897.8	1050	105	19553.8	123.903	123.903	495.613	495.613	0 22039.4 617.906 	22657.3	6.11814	6.5039	12399	666.612	0.0116476	0	1.02	1.02
255.3	0.0020401	0.00114774	20898.3	1050	105	19553.6	123.962	123.962	495.847	495.847	0 22039 618.231 	22657.3	6.11814	6.5039	12399	666.612	0.011654	0	1.02	1.02
255.4	0.0020401	0.00114776	20898.7	1050	105	19553.5	124.02	124.02	496.082	496.082	0 22038.7 618.557 	22657.2	6.11813	6.5039	12399	666.612	0.0116604	0	1.02	1.02
255.5	0.0020401	0.00114778	20899.2	1050	105	19553.4	124.079	124.079	496.317	496.317	0 22038.3 618.883 	22657.1	6.11813	6.5039	12399	666.612	0.0116668	0	1.02	1.02
255.6	0.0020401	0.0011478	20899.7	1050	105	19553.3	124.138	124.138	496.552	496.552	0 22037.9 619.21 	22657.1	6.11812	6.5039	12399	666.612	0.0116732	0	1.02	1.02
255.7	0.0020401	0.00114782	20900.1	1050	105	19553.2	124.197	124.197	496.786	496.786	0 22037.5 619.537 	22657	6.11812	6.5039	12399	666.612	0.0116796	0	1.02	1.02
255.8	0.0020401	0.00114784	20900.6	1050	105	19553	124.255	124.255	497.022	497.022	0 22037.1 619.865 	22656.9	6.11811	6.5039	12399	666.612	0.0116861	0	1.02	1.02
255.9	0.0020401	0.00114787	20901.1	1050	105	19552.9	124.314	124.314	497.257	497.257	0 22036.7 620.192 	22656.9	6.11811	6.5039	12399	666.612	0.0116925	0	1.02	1.02
256	0.0020401	0.00114789	20901.5	1050	105	19552.8	124.373	124.373	497.492	497.492	0 22036.3 620.52 	22656.8	6.1181	6.5039	12399	666.612	0.011699	0	1.02	1.02
256.1	0.0020401	0.00114791	20902	1050	105	19552.7	124.432	124.432	497.728	497.728	0 22035.9 620.849 	22656.7	6.1181	6.5039	12399	666.612	0.0117054	0	1.02	1.02
256.2	0.0020401	0.00114793	20902.5	1050	105	19552.5	124.491	124.491	497.963	497.963	0 22035.5 621.178 	22656.7	6.11809	6.5039	12399	666.612	0.0117119	0	1.02	1.02
256.3	0.0020401	0.00114795	20902.9	1050	105	19552.4	124.55	124.55	498.199	498.199	0 22035.1 621.507 	22656.6	6.11809	6.5039	12399	666.612	0.0117184	0	1.02	1.02
256.4	0.0020401	0.00114797	20903.4	1050	105	19552.3	124.609	124.609	498.434	498.434	0 22034.7 621.837 	22656.6	6.11808	6.5039	12399	666.612	0.0117248	0	1.02	1.02
256.5	0.0020401	0.00114799	20903.9	1050	105	19552.2	124.668	124.668	498.67	498.67	0 22034.3 622.167 	22656.5	6.11808	6.5039	12399	666.612	0.0117313	0	1.02	1.02
256.6	0.0020401	0.00114801	20904.3	1050	105	19552.1	124.727	124.727	498.906	498.906	0 22033.9 622.498 	22656.4	6.11807	6.5039	12399	666.612	0.0117378	0	1.02	1.02
256.7	0.0020401	0.00114803	20904.8	1050	105	19551.9	124.786	124.786	499.143	499.143	0 22033.5 622.829 	22656.4	6.11807	6.5039	12399	666.612	0.0117443	0	1.02	1.02
256.8	0.0020401	0.00114805	20905.3	1050	105	19551.8	124.845	124.845	499.379	499.379	0 22033.1 623.16 	22656.3	6.11806	6.5039	12399	666.612	0.0117508	0	1.02	1.02
256.9	0.0020401	0.00114807	20905.7	1050	105	19551.7	124.904	124.904	499.615	499.615	0 22032.7 623.492 	22656.2	6.11806	6.5039	12399	666.612	0.0117573	0	1.02	1.02
257	0.0020401	0.00114809	20906.2	1050	105	19551.6	124.963	124.963	499.852	499.852	0 22032.4 623.824 	22656.2	6.11805	6.5039	12399	666.612	0.0117639	0	1.02	1.02
257.1	0.0020401	0.00114811	20906.7	1050	105	19551.4	125.022	125.022	500.088	500.088	0 22032 624.156 	22656.1	6.11805	6.5039	12399	666.612	0.0117704	0	1.02	1.02
257.2	0.00204011	0.00114814	20907.1	1050	105	19551.3	125.081	125.081	500.325	500.325	0 22031.6 624.489 	22656.1	6.11804	6.5039	12399	666.612	0.0117769	0	1.02	1.02
257.3	0.00204011	0.00114816	20907.6	1050	105	19551.2	125.14	125.14	500.562	500.562	0 22031.2 624.822 	22656	6.11804	6.5039	12399	666.612	0.0117835	0	1.02	1.02
257.4	0.00204011	0.00114818	20908	1050	105	19551.1	125.2	125.2	500.799	500.799	0 22030.8 625.156 	22655.9	6.11803	6.5039	12399	666.612	0.01179	0	1.02	1.02
257.5	0.00204011	0.0011482	20908.5	1050	105	19550.9	125.259	125.259	501.036	501.036	0 22030.4 625.49 	22655.9	6.11803	6.5039	12399	666.612	0.0117966	0	1.02	1.02
257.6	0.00204011	0.00114822	20909	1050	105	19550.8	125.318	125.318	501.273	501.273	0 22030 625.824 	22655.8	6.11803	6.5039	12399	666.612	0.0118032	0	1.02	1.02
257.7	0.00204011	0.00114824	20909.4	1050	105	19550.7	125.377	125.377	501.51	501.51	0 22029.6 626.159 	22655.8	6.11802	6.5039	12399	666.612	0.0118097	0	1.02	1.02
257.8	0.00204011	0.00114826	20909.9	1050	105	19550.5	125.437	125.437	501.747	501.747	0 22029.2 626.494 	22655.7	6.11802	6.5039	12399	666.612	0.0118163	0	1.02	1.02
257.9	0.00204011	0.00114828	20910.4	1050	105	19550.4	125.496	125.496	501.985	501.985	0 22028.8 626.83 	22655.6	6.11801	6.5039	12399	666.612	0.0118229	0	1.02	1.02
258	0.00204011	0.0011483	20910.8	1050	105	19550.3	125.556	125.556	502.222	502.222	0 22028.4 627.166 	22655.6	6.11801	6.5039	12399	666.612	0.0118295	0	1.02	1.02
258.1	0.00204011	0.00114832	20911.3	1050	105	19550.2	125.615	125.615	502.46	502.46	0 22028 627.502 	22655.5	6.118	6.5039	12399	666.612	0.0118361	0	1.02	1.02
258.2	0.00204011	0.00114834	20911.8	1050	105	19550	125.675	125.675	502.698	502.698	0 22027.6 627.839 	22655.5	6.118	6.5039	12399	666.612	0.0118427	0	1.02	1.02
258.3	0.00204011	0.00114836	20912.2	1050	105	19549.9	125.734	125.734	502.936	502.936	0 22027.2 628.176 	22655.4	6.118	6.5039	12399	666.612	0.0118494	0	1.02	1.02
258.4	0.00204011	0.00114839	20912.7	1050	105	19549.8	125.794	125.794	503.174	503.174	0 22026.8 628.514 	22655.4	6.11799	6.5039	12399	666.612	0.011856	0	1.02	1.02
258.5	0.00204011	0.00114841	20913.2	1050	105	19549.6	125.853	125.853	503.412	503.412	0 22026.5 628.852 	22655.3	6.11799	6.5039	12399	666.612	0.0118626	0	1.02	1.02
258.6	0.00204011	0.00114843	20913.6	1050	105	19549.5	125.913	125.913	503.651	503.651	0 22026.1 629.19 	22655.3	6.11798	6.5039	12399	666.612	0.0118693	0	1.02	1.02
258.7	0.00204011	0.00114845	20914.1	1050	105	19549.4	125.972	125.972	503.889	503.889	0 22025.7 629.529 	22655.2	6.11798	6.5039	12399	666.612	0.0118759	0	1.02	1.02
258.8	0.00204011	0.00114847	20914.6	1050	105	19549.2	126.032	126.032	504.128	504.128	0 22025.3 629.868 	22655.1	6.11797	6.5039	12399	666.612	0.0118826	0	1.02	1.02
258.9	0.00204011	0.00114849	20915	1050	105	19549.1	126.092	126.092	504.366	504.366	0 22024.9 630.207 	22655.1	6.11797	6.5039	12399	666.612	0.0118893	0	1.02	1.02
259	0.00204011	0.00114851	20915.5	1050	105	19549	126.151	126.151	504.605	504.605	0 22024.5 630.547 	22655	6.11797	6.5039	12399	666.612	0.0118959	0	1.02	1.02
259.1	0.00204011	0.00114853	20916	1050	105	19548.8	126.211	126.211	504.844	504.844	0 22024.1 630.887 	22655	6.11796	6.5039	12399	666.612	0.0119026	0	1.02	1.02
259.2	0.00204011	0.00114855	20916.4	1050	105	19548.7	126.271	126.271	505.083	505.083	0 22023.7 631.228 	22654.9	6.11796	6.5039	12399	666.612	0.0119093	0	1.02	1.02
259.3	0.00204012	0.00114857	20916.9	1050	105	19548.6	126.33	126.33	505.322	505.322	0 22023.3 631.569 	22654.9	6.11795	6.5039	12399	666.612	0.011916	0	1.02	1.02
259.4	0.00204012	0.00114859	20917.3	1050	105	19548.4	126.39	126.39	505.561	505.561	0 22022.9 631.91 	22654.8	6.11795	6.5039	12399	666.612	0.0119227	0	1.02	1.02
259.5	0.00204012	0.00114861	20917.8	1050	105	19548.3	126.45	126.45	505.8	505.8	0 22022.5 632.252 	22654.8	6.11795	6.5039	12399	666.612	0.0119294	0	1.02	1.02
259.6	0.00204012	0.00114863	20918.3	1050	105	19548.2	126.51	126.51	506.04	506.04	0 22022.1 632.594 	22654.7	6.11794	6.5039	12399	666.612	0.0119362	0	1.02	1.02
259.7	0.00204012	0.00114865	20918.7	1050	105	19548	126.57	126.57	506.28	506.28	0 22021.7 632.937 	22654.7	6.11794	6.5039	12399	666.612	0.0119429	0	1.02	1.02
259.8	0.00204012	0.00114868	20919.2	1050	105	19547.9	126.63	126.63	506.519	506.519	0 22021.3 633.28 	22654.6	6.11794	6.5039	12399	666.612	0.0119496	0	1.02	1.02
259.9	0.00204012	0.0011487	20919.7	1050	105	19547.8	126.69	126.69	506.759	506.759	0 22021 633.623 	22654.6	6.11793	6.5039	12399	666.612	0.0119564	0	1.02	1.02
260	0.00204012	0.00114872	20920.1	1050	105	19547.6	126.75	126.75	506.999	506.999	0 22020.6 633.967 	22654.5	6.11793	6.5039	12399	666.612	0.0119631	0	1.02	1.02
260.1	0.00204012	0.00114874	20920.6	1050	105	19547.5	126.81	126.81	507.239	507.239	0 22020.2 634.311 	22654.5	6.11792	6.5039	12399	666.612	0.0119699	0	1.02	1.02
260.2	0.00204012	0.00114876	20921.1	1050	105	19547.4	126.87	126.87	507.479	507.479	0 22019.8 634.655 	22654.4	6.11792	6.5039	12399	666.612	0.0119766	0	1.02	1.02
260.3	0.00204012	0.00114878	20921.5	1050	105	19547.2	126.93	126.93	507.719	507.719	0 22019.4 635 	22654.4	6.11792	6.5039	12399	666.612	0.0119834	0	1.02	1.02
260.4	0.00204012	0.0011488	20922	1050	105	19547.1	126.99	126.99	507.96	507.96	0 22019 635.346 	22654.3	6.11791	6.5039	12399	666.612	0.0119902	0	1.02	1.02
260.5	0.00204012	0.00114882	20922.4	1050	105	19546.9	127.05	127.05	508.2	508.2	0 22018.6 635.691 	22654.3	6.11791	6.5039	12399	666.612	0.011997	0	1.02	1.02
260.6	0.00204012	0.00114884	20922.9	1050	105	19546.8	127.11	127.11	508.441	508.441	0 22018.2 636.037 	22654.2	6.11791	6.5039	12399	666.612	0.0120038	0	1.02	1.02
260.7	0.00204012	0.00114886	20923.4	1050	105	19546.7	127.17	127.17	508.682	508.682	0 22017.8 636.384 	22654.2	6.1179	6.5039	12399	666.612	0.0120106	0	1.02	1.02
260.8	0.00204012	0.00114888	20923.8	1050	105	19546.5	127.231	127.231	508.922	508.922	0 22017.4 636.731 	22654.1	6.1179	6.5039	12399	666.612	0.0120174	0	1.02	1.02
260.9	0.00204012	0.0011489	20924.3	1050	105	19546.4	127.291	127.291	509.163	509.163	0 22017 637.078 	22654.1	6.1179	6.5039	12399	666.612	0.0120242	0	1.02	1.02
261	0.00204012	0.00114892	20924.8	1050	105	19546.2	127.351	127.351	509.405	509.405	0 22016.6 637.425 	22654.1	6.11789	6.5039	12399	666.612	0.012031	0	1.02	1.02
261.1	0.00204012	0.00114894	20925.2	1050	105	19546.1	127.411	127.411	509.646	509.646	0 22016.2 637.773 	22654	6.11789	6.5039	12399	666.612	0.0120379	0	1.02	1.02
261.2	0.00204012	0.00114897	20925.7	1050	105	19546	127.472	127.472	509.887	509.887	0 22015.8 638.122 	22654	6.11789	6.5039	12399	666.612	0.0120447	0	1.02	1.02
261.3	0.00204012	0.00114899	20926.1	1050	105	19545.8	127.532	127.532	510.128	510.128	0 22015.5 638.47 	22653.9	6.11788	6.5039	12399	666.612	0.0120516	0	1.02	1.02
261.4	0.00204012	0.00114901	20926.6	1050	105	19545.7	127.592	127.592	510.37	510.37	0 22015.1 638.82 	22653.9	6.11788	6.5039	12399	666.612	0.0120584	0	1.02	1.02
261.5	0.00204012	0.00114903	20927.1	1050	105	19545.5	127.653	127.653	510.612	510.612	0 22014.7 639.169 	22653.8	6.11788	6.5039	12399	666.612	0.0120653	0	1.02	1.02
261.6	0.00204012	0.00114905	20927.5	1050	105	19545.4	127.713	127.713	510.853	510.853	0 22014.3 639.519 	22653.8	6.11787	6.5039	12399	666.612	0.0120722	0	1.02	1.02
261.7	0.00204012	0.00114907	20928	1050	105	19545.3	127.774	127.774	511.095	511.095	0 22013.9 639.869 	22653.8	6.11787	6.5039	12399	666.612	0.012079	0	1.02	1.02
261.8	0.00204012	0.00114909	20928.5	1050	105	19545.1	127.834	127.834	511.337	511.337	0 22013.5 640.22 	22653.7	6.11787	6.5039	12399	666.612	0.0120859	0	1.02	1.02
261.9	0.00204013	0.00114911	20928.9	1050	105	19545	127.895	127.895	511.579	511.579	0 22013.1 640.571 	22653.7	6.11787	6.5039	12399	666.612	0.0120928	0	1.02	1.02
262	0.00204013	0.00114913	20929.4	1050	105	19544.8	127.955	127.955	511.822	511.822	0 22012.7 640.923 	22653.6	6.11786	6.5039	12399	666.612	0.0120997	0	1.02	1.02
262.1	0.00204013	0.00114915	20929.8	1050	105	19544.7	128.016	128.016	512.064	512.064	0 22012.3 641.274 	22653.6	6.11786	6.5039	12399	666.612	0.0121066	0	1.02	1.02
262.2	0.00204013	0.00114917	20930.3	1050	105	19544.5	128.077	128.077	512.307	512.307	0 22011.9 641.627 	22653.5	6.11786	6.5039	12399	666.612	0.0121135	0	1.02	1.02
262.3	0.00204013	0.00114919	20930.8	1050	105	19544.4	128.137	128.137	512.549	512.549	0 22011.5 641.979 	22653.5	6.11785	6.5039	12399	666.612	0.0121205	0	1.02	1.02
262.4	0.00204013	0.00114921	20931.2	1050	105	19544.2	128.198	128.198	512.792	512.792	0 22011.1 642.332 	22653.5	6.11785	6.5039	12399	666.612	0.0121274	0	1.02	1.02
262.5	0.00204013	0.00114923	20931.7	1050	105	19544.1	128.259	128.259	513.035	513.035	0 22010.7 642.686 	22653.4	6.11785	6.5039	12399	666.612	0.0121343	0	1.02	1.02
262.6	0.00204013	0.00114925	20932.2	1050	105	19544	128.319	128.319	513.278	513.278	0 22010.4 643.039 	22653.4	6.11784	6.5039	12399	666.612	0.0121413	0	1.02	1.02
262.7	0.00204013	0.00114928	20932.6	1050	105	19543.8	128.38	128.38	513.521	513.521	0 22010 643.394 	22653.4	6.11784	6.5039	12399	666.612	0.0121482	0	1.02	1.02
262.8	0.00204013	0.0011493	20933.1	1050	105	19543.7	128.441	128.441	513.764	513.764	0 22009.6 643.748 	22653.3	6.11784	6.5039	12399	666.612	0.0121552	0	1.02	1.02
262.9	0.00204013	0.00114932	20933.5	1050	105	19543.5	128.502	128.502	514.007	514.007	0 22009.2 644.103 	22653.3	6.11784	6.5039	12399	666.612	0.0121622	0	1.02	1.02
263	0.00204013	0.00114934	20934	1050	105	19543.4	128.563	128.563	514.251	514.251	0 22008.8 644.458 	22653.2	6.11783	6.5039	12399	666.612	0.0121692	0	1.02	1.02
263.1	0.00204013	0.00114936	20934.5	1050	105	19543.2	128.624	128.624	514.494	514.494	0 22008.4 644.814 	22653.2	6.11783	6.5039	12399	666.612	0.0121761	0	1.02	1.02
263.2	0.00204013	0.00114938	20934.9	1050	105	19543.1	128.684	128.684	514.738	514.738	0 22008 645.17 	22653.2	6.11783	6.5039	12399	666.612	0.0121831	0	1.02	1.02
263.3	0.00204013	0.0011494	20935.4	1050	105	19542.9	128.745	128.745	514.982	514.982	0 22007.6 645.527 	22653.1	6.11783	6.5039	12399	666.612	0.0121901	0	1.02	1.02
263.4	0.00204013	0.00114942	20935.8	1050	105	19542.8	128.806	128.806	515.225	515.225	0 22007.2 645.884 	22653.1	6.11782	6.5039	12399	666.612	0.0121971	0	1.02	1.02
263.5	0.00204013	0.00114944	20936.3	1050	105	19542.6	128.867	128.867	515.469	515.469	0 22006.8 646.241 	22653.1	6.11782	6.5039	12399	666.612	0.0122042	0	1.02	1.02
263.6	0.00204013	0.00114946	20936.8	1050	105	19542.5	128.928	128.928	515.713	515.713	0 22006.4 646.598 	22653	6.11782	6.5039	12399	666.612	0.0122112	0	1.02	1.02
263.7	0.00204013	0.00114948	20937.2	1050	105	19542.3	128.989	128.989	515.958	515.958	0 22006 646.956 	22653	6.11782	6.5039	12399	666.612	0.0122182	0	1.02	1.02
263.8	0.00204013	0.0011495	20937.7	1050	105	19542.2	129.051	129.051	516.202	516.202	0 22005.6 647.315 	22653	6.11781	6.5039	12399	666.612	0.0122252	0	1.02	1.02
263.9	0.00204013	0.00114952	20938.1	1050	105	19542	129.112	129.112	516.447	516.447	0 22005.3 647.674 	22652.9	6.11781	6.5039	12399	666.612	0.0122323	0	1.02	1.02
264	0.00204013	0.00114954	20938.6	1050	105	19541.9	129.173	129.173	516.691	516.691	0 22004.9 648.033 	22652.9	6.11781	6.5039	12399	666.612	0.0122393	0	1.02	1.02
264.1	0.00204013	0.00114956	20939.1	1050	105	19541.7	129.234	129.234	516.936	516.936	0 22004.5 648.392 	22652.9	6.11781	6.5039	12399	666.612	0.0122464	0	1.02	1.02
264.2	0.00204013	0.00114959	20939.5	1050	105	19541.6	129.295	129.295	517.181	517.181	0 22004.1 648.752 	22652.8	6.1178	6.5039	12399	666.612	0.0122535	0	1.02	1.02
264.3	0.00204013	0.00114961	20940	1050	105	19541.4	129.356	129.356	517.426	517.426	0 22003.7 649.113 	22652.8	6.1178	6.5039	12399	666.612	0.0122605	0	1.02	1.02
264.4	0.00204013	0.00114963	20940.4	1050	105	19541.3	129.418	129.418	517.671	517.671	0 22003.3 649.473 	22652.8	6.1178	6.5039	12399	666.612	0.0122676	0	1.02	1.02
264.5	0.00204013	0.00114965	20940.9	1050	105	19541.1	129.479	129.479	517.916	517.916	0 22002.9 649.834 	22652.7	6.1178	6.5039	12399	666.612	0.0122747	0	1.02	1.02
264.6	0.00204013	0.00114967	20941.4	1050	105	19541	129.54	129.54	518.161	518.161	0 22002.5 650.196 	22652.7	6.1178	6.5039	12399	666.612	0.0122818	0	1.02	1.02
264.7	0.00204013	0.00114969	20941.8	1050	105	19540.8	129.602	129.602	518.406	518.406	0 22002.1 650.558 	22652.7	6.11779	6.5039	12399	666.612	0.0122889	0	1.02	1.02
264.8	0.00204013	0.00114971	20942.3	1050	105	19540.7	129.663	129.663	518.652	518.652	0 22001.7 650.92 	22652.6	6.11779	6.5039	12399	666.612	0.012296	0	1.02	1.02
264.9	0.00204013	0.00114973	20942.7	1050	105	19540.5	129.724	129.724	518.898	518.898	0 22001.3 651.283 	22652.6	6.11779	6.5039	12399	666.612	0.0123032	0	1.02	1.02
265	0.00204013	0.00114975	20943.2	1050	105	19540.4	129.786	129.786	519.143	519.143	0 22000.9 651.646 	22652.6	6.11779	6.5039	12399	666.612	0.0123103	0	1.02	1.02
265.1	0.00204013	0.00114977	20943.7	1050	105	19540.2	129.847	129.847	519.389	519.389	0 22000.5 652.009 	22652.6	6.11778	6.5039	12399	666.612	0.0123174	0	1.02	1.02
265.2	0.00204013	0.00114979	20944.1	1050	105	19540	129.909	129.909	519.635	519.635	0 22000.2 652.373 	22652.5	6.11778	6.5039	12399	666.612	0.0123246	0	1.02	1.02
265.3	0.00204013	0.00114981	20944.6	1050	105	19539.9	129.97	129.97	519.881	519.881	0 21999.8 652.737 	22652.5	6.11778	6.5039	12399	666.612	0.0123317	0	1.02	1.02
265.4	0.00204013	0.00114983	20945	1050	105	19539.7	130.032	130.032	520.128	520.128	0 21999.4 653.102 	22652.5	6.11778	6.5039	12399	666.612	0.0123389	0	1.02	1.02
265.5	0.00204013	0.00114985	20945.5	1050	105	19539.6	130.093	130.093	520.374	520.374	0 21999 653.467 	22652.4	6.11778	6.5039	12399	666.612	0.012346	0	1.02	1.02
265.6	0.00204014	0.00114987	20946	1050	105	19539.4	130.155	130.155	520.62	520.62	0 21998.6 653.832 	22652.4	6.11777	6.5039	12399	666.612	0.0123532	0	1.02	1.02
265.7	0.00204014	0.00114989	20946.4	1050	105	19539.3	130.217	130.217	520.867	520.867	0 21998.2 654.198 	22652.4	6.11777	6.5039	12399	666.612	0.0123604	0	1.02	1.02
265.8	0.00204014	0.00114992	20946.9	1050	105	19539.1	130.278	130.278	521.114	521.114	0 21997.8 654.564 	22652.4	6.11777	6.5039	12399	666.612	0.0123676	0	1.02	1.02
265.9	0.00204014	0.00114994	20947.3	1050	105	19538.9	130.34	130.34	521.361	521.361	0 21997.4 654.93 	22652.3	6.11777	6.5039	12399	666.612	0.0123748	0	1.02	1.02
266	0.00204014	0.00114996	20947.8	1050	105	19538.8	130.402	130.402	521.607	521.607	0 21997 655.297 	22652.3	6.11777	6.5039	12399	666.612	0.012382	0	1.02	1.02
266.1	0.00204014	0.00114998	20948.3	1050	105	19538.6	130.464	130.464	521.855	521.855	0 21996.6 655.664 	22652.3	6.11777	6.5039	12399	666.612	0.0123892	0	1.02	1.02
266.2	0.00204014	0.00115	20948.7	1050	105	19538.5	130.525	130.525	522.102	522.102	0 21996.2 656.032 	22652.3	6.11776	6.5039	12399	666.612	0.0123964	0	1.02	1.02
266.3	0.00204014	0.00115002	20949.2	1050	105	19538.3	130.587	130.587	522.349	522.349	0 21995.8 656.4 	22652.2	6.11776	6.5039	12399	666.612	0.0124036	0	1.02	1.02
266.4	0.00204014	0.00115004	20949.6	1050	105	19538.1	130.649	130.649	522.596	522.596	0 21995.5 656.768 	22652.2	6.11776	6.5039	12399	666.612	0.0124109	0	1.02	1.02
266.5	0.00204014	0.00115006	20950.1	1050	105	19538	130.711	130.711	522.844	522.844	0 21995.1 657.137 	22652.2	6.11776	6.5039	12399	666.612	0.0124181	0	1.02	1.02
266.6	0.00204014	0.00115008	20950.6	1050	105	19537.8	130.773	130.773	523.092	523.092	0 21994.7 657.506 	22652.2	6.11776	6.5039	12399	666.612	0.0124254	0	1.02	1.02
266.7	0.00204014	0.0011501	20951	1050	105	19537.7	130.835	130.835	523.339	523.339	0 21994.3 657.876 	22652.2	6.11776	6.5039	12399	666.612	0.0124326	0	1.02	1.02
266.8	0.00204014	0.00115012	20951.5	1050	105	19537.5	130.897	130.897	523.587	523.587	0 21993.9 658.246 	22652.1	6.11775	6.5039	12399	666.612	0.0124399	0	1.02	1.02
266.9	0.00204014	0.00115014	20951.9	1050	105	19537.3	130.959	130.959	523.835	523.835	0 21993.5 658.616 	22652.1	6.11775	6.5039	12399	666.612	0.0124471	0	1.02	1.02
267	0.00204014	0.00115016	20952.4	1050	105	19537.2	131.021	131.021	524.083	524.083	0 21993.1 658.987 	22652.1	6.11775	6.5039	12399	666.612	0.0124544	0	1.02	1.02
267.1	0.00204014	0.00115018	20952.9	1050	105	19537	131.083	131.083	524.332	524.332	0 21992.7 659.358 	22652.1	6.11775	6.5039	12399	666.612	0.0124617	0	1.02	1.02
267.2	0.00204014	0.0011502	20953.3	1050	105	19536.9	131.145	131.145	524.58	524.58	0 21992.3 659.729 	22652	6.11775	6.5039	12399	666.612	0.012469	0	1.02	1.02
267.3	0.00204014	0.00115022	20953.8	1050	105	19536.7	131.207	131.207	524.828	524.828	0 21991.9 660.101 	22652	6.11775	6.5039	12399	666.612	0.0124763	0	1.02	1.02
267.4	0.00204014	0.00115024	20954.2	1050	105	19536.5	131.269	131.269	525.077	525.077	0 21991.5 660.473 	22652	6.11775	6.5039	12399	666.612	0.0124836	0	1.02	1.02
267.5	0.00204014	0.00115026	20954.7	1050	105	19536.4	131.331	131.331	525.326	525.326	0 21991.1 660.846 	22652	6.11775	6.5039	12399	666.612	0.0124909	0	1.02	1.02
267.6	0.00204014	0.00115029	20955.1	1050	105	19536.2	131.394	131.394	525.575	525.575	0 21990.8 661.219 	22652	6.11774	6.5039	12399	666.612	0.0124982	0	1.02	1.02
267.7	0.00204014	0.00115031	20955.6	1050	105	19536	131.456	131.456	525.823	525.823	0 21990.4 661.592 	22652	6.11774	6.5039	12399	666.612	0.0125056	0	1.02	1.02
267.8	0.00204014	0.00115033	20956.1	1050	105	19535.9	131.518	131.518	526.073	526.073	0 21990 661.966 	22651.9	6.11774	6.5039	12399	666.612	0.0125129	0	1.02	1.02
267.9	0.00204014	0.00115035	20956.5	1050	105	19535.7	131.58	131.58	526.322	526.322	0 21989.6 662.34 	22651.9	6.11774	6.5039	12399	666.612	0.0125203	0	1.02	1.02
268	0.00204014	0.00115037	20957	1050	105	19535.5	131.643	131.643	526.571	526.571	0 21989.2 662.715 	22651.9	6.11774	6.5039	12399	666.612	0.0125276	0	1.02	1.02
268.1	0.00204014	0.00115039	20957.4	1050	105	19535.4	131.705	131.705	526.82	526.82	0 21988.8 663.089 	22651.9	6.11774	6.5039	12399	666.612	0.012535	0	1.02	1.02
268.2	0.00204014	0.00115041	20957.9	1050	105	19535.2	131.768	131.768	527.07	527.07	0 21988.4 663.465 	22651.9	6.11774	6.5039	12399	666.612	0.0125423	0	1.02	1.02
268.3	0.00204014	0.00115043	20958.3	1050	105	19535	131.83	131.83	527.32	527.32	0 21988 663.84 	22651.9	6.11774	6.5039	12399	666.612	0.0125497	0	1.02	1.02
268.4	0.00204014	0.00115045	20958.8	1050	105	19534.9	131.892	131.892	527.569	527.569	0 21987.6 664.216 	22651.8	6.11774	6.5039	12399	666.612	0.0125571	0	1.02	1.02
268.5	0.00204014	0.00115047	20959.3	1050	105	19534.7	131.955	131.955	527.819	527.819	0 21987.2 664.593 	22651.8	6.11773	6.5039	12399	666.612	0.0125645	0	1.02	1.02
268.6	0.00204014	0.00115049	20959.7	1050	105	19534.5	132.017	132.017	528.069	528.069	0 21986.8 664.97 	22651.8	6.11773	6.5039	12399	666.612	0.0125719	0	1.02	1.02
268.7	0.00204014	0.00115051	20960.2	1050	105	19534.4	132.08	132.08	528.32	528.32	0 21986.4 665.347 	22651.8	6.11773	6.5039	12399	666.612	0.0125793	0	1.02	1.02
268.8	0.00204014	0.00115053	20960.6	1050	105	19534.2	132.142	132.142	528.57	528.57	0 21986.1 665.724 	22651.8	6.11773	6.5039	12399	666.612	0.0125867	0	1.02	1.02
268.9	0.00204014	0.00115055	20961.1	1050	105	19534	132.205	132.205	528.82	528.82	0 21985.7 666.102 	22651.8	6.11773	6.5039	12399	666.612	0.0125941	0	1.02	1.02
269	0.00204014	0.00115057	20961.6	1050	105	19533.9	132.268	132.268	529.071	529.071	0 21985.3 666.481 	22651.8	6.11773	6.5039	12399	666.612	0.0126016	0	1.02	1.02
269.1	0.00204014	0.00115059	20962	1050	105	19533.7	132.33	132.33	529.321	529.321	0 21984.9 666.859 	22651.7	6.11773	6.5039	12399	666.612	0.012609	0	1.02	1.02
269.2	0.00204014	0.00115061	20962.5	1050	105	19533.5	132.393	132.393	529.572	529.572	0 21984.5 667.238 	22651.7	6.11773	6.5039	12399	666.612	0.0126164	0	1.02	1.02
269.3	0.00204014	0.00115063	20962.9	1050	105	19533.4	132.456	132.456	529.823	529.823	0 21984.1 667.618 	22651.7	6.11773	6.5039	12399	666.612	0.0126239	0	1.02	1.02
269.4	0.00204014	0.00115066	20963.4	1050	105	19533.2	132.518	132.518	530.074	530.074	0 21983.7 667.998 	22651.7	6.11773	6.5039	12399	666.612	0.0126313	0	1.02	1.02
269.5	0.00204014	0.00115068	20963.8	1050	105	19533	132.581	132.581	530.325	530.325	0 21983.3 668.378 	22651.7	6.11773	6.5039	12399	666.612	0.0126388	0	1.02	1.02
269.6	0.00204014	0.0011507	20964.3	1050	105	19532.9	132.644	132.644	530.576	530.576	0 21982.9 668.759 	22651.7	6.11773	6.5039	12399	666.612	0.0126463	0	1.02	1.02
269.7	0.00204014	0.00115072	20964.7	1050	105	19532.7	132.707	132.707	530.827	530.827	0 21982.5 669.14 	22651.7	6.11772	6.5039	12399	666.612	0.0126538	0	1.02	1.02
269.8	0.00204014	0.00115074	20965.2	1050	105	19532.5	132.77	132.77	531.079	531.079	0 21982.1 669.521 	22651.7	6.11772	6.5039	12399	666.612	0.0126613	0	1.02	1.02
269.9	0.00204014	0.00115076	20965.7	1050	105	19532.3	132.833	132.833	531.33	531.33	0 21981.7 669.903 	22651.6	6.11772	6.5039	12399	666.612	0.0126687	0	1.02	1.02
270	0.00204014	0.00115078	20966.1	1050	105	19532.2	132.896	132.896	531.582	531.582	0 21981.4 670.285 	22651.6	6.11772	6.5039	12399	666.612	0.0126763	0	1.02	1.02
270.1	0.00204014	0.0011508	20966.6	1050	105	19532	132.958	132.958	531.834	531.834	0 21981 670.668 	22651.6	6.11772	6.5039	12399	666.612	0.0126838	0	1.02	1.02
270.2	0.00204014	0.00115082	20967	1050	105	19531.8	133.021	133.021	532.086	532.086	0 21980.6 671.05 	22651.6	6.11772	6.5039	12399	666.612	0.0126913	0	1.02	1.02
270.3	0.00204014	0.00115084	20967.5	1050	105	19531.6	133.084	133.084	532.338	532.338	0 21980.2 671.434 	22651.6	6.11772	6.5039	12399	666.612	0.0126988	0	1.02	1.02
270.4	0.00204014	0.00115086	20967.9	1050	105	19531.5	133.148	133.148	532.59	532.59	0 21979.8 671.817 	22651.6	6.11772	6.5039	12399	666.612	0.0127063	0	1.02	1.02
270.5	0.00204014	0.00115088	20968.4	1050	105	19531.3	133.211	133.211	532.842	532.842	0 21979.4 672.201 	22651.6	6.11772	6.5039	12399	666.612	0.0127139	0	1.02	1.02
270.6	0.00204014	0.0011509	20968.9	1050	105	19531.1	133.274	133.274	533.095	533.095	0 21979 672.586 	22651.6	6.11772	6.5039	12399	666.612	0.0127214	0	1.02	1.02
270.7	0.00204014	0.00115092	20969.3	1050	105	19530.9	133.337	133.337	533.347	533.347	0 21978.6 672.971 	22651.6	6.11772	6.5039	12399	666.612	0.012729	0	1.02	1.02
270.8	0.00204014	0.00115094	20969.8	1050	105	19530.8	133.4	133.4	533.6	533.6	0 21978.2 673.356 	22651.6	6.11772	6.5039	12399	666.612	0.0127365	0	1.02	1.02
270.9	0.00204014	0.00115096	20970.2	1050	105	19530.6	133.463	133.463	533.853	533.853	0 21977.8 673.741 	22651.6	6.11772	6.5039	12399	666.612	0.0127441	0	1.02	1.02
271	0.00204014	0.00115098	20970.7	1050	105	19530.4	133.526	133.526	534.106	534.106	0 21977.4 674.127 	22651.6	6.11772	6.5039	12399	666.612	0.0127517	0	1.02	1.02
271.1	0.00204014	0.001151	20971.1	1050	105	19530.2	133.59	133.59	534.359	534.359	0 21977 674.514 	22651.6	6.11772	6.5039	12399	666.612	0.0127593	0	1.02	1.02
271.2	0.00204014	0.00115102	20971.6	1050	105	19530.1	133.653	133.653	534.612	534.612	0 21976.7 674.901 	22651.6	6.11772	6.5039	12399	666.612	0.0127669	0	1.02	1.02
271.3	0.00204014	0.00115105	20972.1	1050	105	19529.9	133.716	133.716	534.865	534.865	0 21976.3 675.288 	22651.6	6.11772	6.5039	12399	666.612	0.0127745	0	1.02	1.02
271.4	0.00204014	0.00115107	20972.5	1050	105	19529.7	133.78	133.78	535.118	535.118	0 21975.9 675.675 	22651.6	6.11772	6.5039	12399	666.612	0.0127821	0	1.02	1.02
271.5	0.00204014	0.00115109	20973	1050	105	19529.5	133.843	133.843	535.372	535.372	0 21975.5 676.063 	22651.5	6.11772	6.5039	12399	666.612	0.0127897	0	1.02	1.02
271.6	0.00204014	0.00115111	20973.4	1050	105	19529.4	133.906	133.906	535.625	535.625	0 21975.1 676.451 	22651.5	6.11772	6.5039	12399	666.612	0.0127973	0	1.02	1.02
271.7	0.00204014	0.00115113	20973.9	1050	105	19529.2	133.97	133.97	535.879	535.879	0 21974.7 676.84 	22651.5	6.11772	6.5039	12399	666.612	0.0128049	0	1.02	1.02
271.8	0.00204014	0.00115115	20974.3	1050	105	19529	134.033	134.033	536.133	536.133	0 21974.3 677.229 	22651.5	6.11772	6.5039	12399	666.612	0.0128126	0	1.02	1.02
271.9	0.00204014	0.00115117	20974.8	1050	105	19528.8	134.097	134.097	536.387	536.387	0 21973.9 677.618 	22651.5	6.11772	6.5039	12399	666.612	0.0128202	0	1.02	1.02
272	0.00204014	0.00115119	20975.2	1050	105	19528.6	134.16	134.16	536.641	536.641	0 21973.5 678.008 	22651.5	6.11772	6.5039	12399	666.612	0.0128279	0	1.02	1.02
272.1	0.00204014	0.00115121	20975.7	1050	105	19528.5	134.224	134.224	536.895	536.895	0 21973.1 678.398 	22651.5	6.11772	6.5039	12399	666.612	0.0128355	0	1.02	1.02
272.2	0.00204014	0.00115123	20976.2	1050	105	19528.3	134.287	134.287	537.15	537.15	0 21972.7 678.789 	22651.5	6.11772	6.5039	12399	666.612	0.0128432	0	1.02	1.02
272.3	0.00204014	0.00115125	20976.6	1050	105	19528.1	134.351	134.351	537.404	537.404	0 21972.4 679.18 	22651.5	6.11772	6.5039	12399	666.612	0.0128509	0	1.02	1.02
272.4	0.00204014	0.00115127	20977.1	1050	105	19527.9	134.415	134.415	537.659	537.659	0 21972 679.571 	22651.5	6.11772	6.5039	12399	666.612	0.0128586	0	1.02	1.02
272.5	0.00204014	0.00115129	20977.5	1050	105	19527.7	134.478	134.478	537.913	537.913	0 21971.6 679.962 	22651.5	6.11772	6.5039	12399	666.612	0.0128663	0	1.02	1.02
272.6	0.00204014	0.00115131	20978	1050	105	19527.6	134.542	134.542	538.168	538.168	0 21971.2 680.355 	22651.5	6.11772	6.5039	12399	666.612	0.012874	0	1.02	1.02
272.7	0.00204014	0.00115133	20978.4	1050	105	19527.4	134.606	134.606	538.423	538.423	0 21970.8 680.747 	22651.5	6.11772	6.5039	12399	666.612	0.0128817	0	1.02	1.02
272.8	0.00204014	0.00115135	20978.9	1050	105	19527.2	134.67	134.67	538.678	538.678	0 21970.4 681.14 	22651.5	6.11772	6.5039	12399	666.612	0.0128894	0	1.02	1.02
272.9	0.00204014	0.00115137	20979.3	1050	105	19527	134.733	134.733	538.933	538.933	0 21970 681.533 	22651.5	6.11772	6.5039	12399	666.612	0.0128971	0	1.02	1.02
273	0.00204014	0.00115139	20979.8	1050	105	19526.8	134.797	134.797	539.189	539.189	0 21969.6 681.926 	22651.5	6.11772	6.5039	12399	666.612	0.0129048	0	1.02	1.02
273.1	0.00204014	0.00115141	20980.2	1050	105	19526.6	134.861	134.861	539.444	539.444	0 21969.2 682.32 	22651.5	6.11772	6.5039	12399	666.612	0.0129126	0	1.02	1.02
273.2	0.00204014	0.00115143	20980.7	1050	105	19526.5	134.925	134.925	539.699	539.699	0 21968.8 682.715 	22651.5	6.11772	6.5039	12399	666.612	0.0129203	0	1.02	1.02
273.3	0.00204014	0.00115146	20981.2	1050	105	19526.3	134.989	134.989	539.955	539.955	0 21968.4 683.109 	22651.6	6.11772	6.5039	12399	666.612	0.0129281	0	1.02	1.02
273.4	0.00204014	0.00115148	20981.6	1050	105	19526.1	135.053	135.053	540.211	540.211	0 21968 683.505 	22651.6	6.11772	6.5039	12399	666.612	0.0129358	0	1.02	1.02
273.5	0.00204014	0.0011515	20982.1	1050	105	19525.9	135.117	135.117	540.467	540.467	0 21967.7 683.9 	22651.6	6.11772	6.5039	12399	666.612	0.0129436	0	1.02	1.02
273.6	0.00204014	0.00115152	20982.5	1050	105	19525.7	135.181	135.181	540.723	540.723	0 21967.3 684.296 	22651.6	6.11773	6.5039	12399	666.612	0.0129513	0	1.02	1.02
273.7	0.00204014	0.00115154	20983	1050	105	19525.5	135.245	135.245	540.979	540.979	0 21966.9 684.692 	22651.6	6.11773	6.5039	12399	666.612	0.0129591	0	1.02	1.02
273.8	0.00204014	0.00115156	20983.4	1050	105	19525.3	135.309	135.309	541.235	541.235	0 21966.5 685.089 	22651.6	6.11773	6.5039	12399	666.612	0.0129669	0	1.02	1.02
273.9	0.00204014	0.00115158	20983.9	1050	105	19525.2	135.373	135.373	541.492	541.492	0 21966.1 685.486 	22651.6	6.11773	6.5039	12399	666.612	0.0129747	0	1.02	1.02
274	0.00204014	0.0011516	20984.3	1050	105	19525	135.437	135.437	541.748	541.748	0 21965.7 685.883 	22651.6	6.11773	6.5039	12399	666.612	0.0129825	0	1.02	1.02
274.1	0.00204014	0.00115162	20984.8	1050	105	19524.8	135.501	135.501	542.005	542.005	0 21965.3 686.281 	22651.6	6.11773	6.5039	12399	666.612	0.0129903	0	1.02	1.02
274.2	0.00204014	0.00115164	20985.2	1050	105	19524.6	135.565	135.565	542.261	542.261	0 21964.9 686.679 	22651.6	6.11773	6.5039	12399	666.612	0.0129981	0	1.02	1.02
274.3	0.00204014	0.00115166	20985.7	1050	105	19524.4	135.63	135.63	542.518	542.518	0 21964.5 687.077 	22651.6	6.11773	6.5039	12399	666.612	0.013006	0	1.02	1.02
274.4	0.00204014	0.00115168	20986.2	1050	105	19524.2	135.694	135.694	542.775	542.775	0 21964.1 687.476 	22651.6	6.11773	6.5039	12399	666.612	0.0130138	0	1.02	1.02
274.5	0.00204014	0.0011517	20986.6	1050	105	19524	135.758	135.758	543.032	543.032	0 21963.7 687.875 	22651.6	6.11773	6.5039	12399	666.612	0.0130216	0	1.02	1.02
274.6	0.00204014	0.00115172	20987.1	1050	105	19523.8	135.822	135.822	543.29	543.29	0 21963.4 688.275 	22651.6	6.11773	6.5039	12399	666.612	0.0130295	0	1.02	1.02
274.7	0.00204014	0.00115174	20987.5	1050	105	19523.6	135.887	135.887	543.547	543.547	0 21963 688.675 	22651.6	6.11773	6.5039	12399	666.612	0.0130373	0	1.02	1.02
274.8	0.00204014	0.00115176	20988	1050	105	19523.5	135.951	135.951	543.804	543.804	0 21962.6 689.075 	22651.6	6.11773	6.5039	12399	666.612	0.0130452	0	1.02	1.02
274.9	0.00204014	0.00115178	20988.4	1050	105	19523.3	136.016	136.016	544.062	544.062	0 21962.2 689.476 	22651.7	6.11774	6.5039	12399	666.612	0.0130531	0	1.02	1.02
275	0.00204014	0.0011518	20988.9	1050	105	19523.1	136.08	136.08	544.32	544.32	0 21961.8 689.877 	22651.7	6.11774	6.5039	12399	666.612	0.0130609	0	1.02	1.02
275.1	0.00204014	0.00115182	20989.3	1050	105	19522.9	136.144	136.144	544.578	544.578	0 21961.4 690.279 	22651.7	6.11774	6.5039	12399	666.612	0.0130688	0	1.02	1.02
275.2	0.00204014	0.00115184	20989.8	1050	105	19522.7	136.209	136.209	544.836	544.836	0 21961 690.681 	22651.7	6.11774	6.5039	12399	666.612	0.0130767	0	1.02	1.02
275.3	0.00204014	0.00115186	20990.2	1050	105	19522.5	136.273	136.273	545.094	545.094	0 21960.6 691.083 	22651.7	6.11774	6.5039	12399	666.612	0.0130846	0	1.02	1.02
275.4	0.00204014	0.00115188	20990.7	1050	105	19522.3	136.338	136.338	545.352	545.352	0 21960.2 691.486 	22651.7	6.11774	6.5039	12399	666.612	0.0130925	0	1.02	1.02
275.5	0.00204014	0.00115191	20991.1	1050	105	19522.1	136.403	136.403	545.61	545.61	0 21959.8 691.889 	22651.7	6.11774	6.5039	12399	666.612	0.0131004	0	1.02	1.02
275.6	0.00204014	0.00115193	20991.6	1050	105	19521.9	136.467	136.467	545.869	545.869	0 21959.4 692.292 	22651.7	6.11774	6.5039	12399	666.612	0.0131084	0	1.02	1.02
275.7	0.00204014	0.00115195	20992.1	1050	105	19521.7	136.532	136.532	546.127	546.127	0 21959.1 692.696 	22651.7	6.11774	6.5039	12399	666.612	0.0131163	0	1.02	1.02
275.8	0.00204014	0.00115197	20992.5	1050	105	19521.5	136.596	136.596	546.386	546.386	0 21958.7 693.1 	22651.8	6.11775	6.5039	12399	666.612	0.0131242	0	1.02	1.02
275.9	0.00204014	0.00115199	20993	1050	105	19521.3	136.661	136.661	546.645	546.645	0 21958.3 693.505 	22651.8	6.11775	6.5039	12399	666.612	0.0131322	0	1.02	1.02
276	0.00204014	0.00115201	20993.4	1050	105	19521.2	136.726	136.726	546.904	546.904	0 21957.9 693.91 	22651.8	6.11775	6.5039	12399	666.612	0.0131401	0	1.02	1.02
276.1	0.00204014	0.00115203	20993.9	1050	105	19521	136.791	136.791	547.163	547.163	0 21957.5 694.315 	22651.8	6.11775	6.5039	12399	666.612	0.0131481	0	1.02	1.02
276.2	0.00204014	0.00115205	20994.3	1050	105	19520.8	136.855	136.855	547.422	547.422	0 21957.1 694.721 	22651.8	6.11775	6.5039	12399	666.612	0.013156	0	1.02	1.02
276.3	0.00204014	0.00115207	20994.8	1050	105	19520.6	136.92	136.92	547.681	547.681	0 21956.7 695.127 	22651.8	6.11775	6.5039	12399	666.612	0.013164	0	1.02	1.02
276.4	0.00204014	0.00115209	20995.2	1050	105	19520.4	136.985	136.985	547.94	547.94	0 21956.3 695.533 	22651.8	6.11775	6.5039	12399	666.612	0.013172	0	1.02	1.02
276.5	0.00204014	0.00115211	20995.7	1050	105	19520.2	137.05	137.05	548.2	548.2	0 21955.9 695.94 	22651.9	6.11776	6.5039	12399	666.612	0.01318	0	1.02	1.02
276.6	0.00204014	0.00115213	20996.1	1050	105	19520	137.115	137.115	548.46	548.46	0 21955.5 696.347 	22651.9	6.11776	6.5039	12399	666.612	0.013188	0	1.02	1.02
276.7	0.00204014	0.00115215	20996.6	1050	105	19519.8	137.18	137.18	548.719	548.719	0 21955.1 696.755 	22651.9	6.11776	6.5039	12399	666.612	0.013196	0	1.02	1.02
276.8	0.00204014	0.00115217	20997	1050	105	19519.6	137.245	137.245	548.979	548.979	0 21954.7 697.163 	22651.9	6.11776	6.5039	12399	666.612	0.013204	0	1.02	1.02
276.9	0.00204014	0.00115219	20997.5	1050	105	19519.4	137.31	137.31	549.239	549.239	0 21954.4 697.571 	22651.9	6.11776	6.5039	12399	666.612	0.013212	0	1.02	1.02
277	0.00204014	0.00115221	20997.9	1050	105	19519.2	137.375	137.375	549.5	549.5	0 21954 697.98 	22651.9	6.11776	6.5039	12399	666.612	0.01322	0	1.02	1.02
277.1	0.00204014	0.00115223	20998.4	1050	105	19519	137.44	137.44	549.76	549.76	0 21953.6 698.389 	22652	6.11776	6.5039	12399	666.612	0.0132281	0	1.02	1.02
277.2	0.00204014	0.00115225	20998.9	1050	105	19518.8	137.505	137.505	550.02	550.02	0 21953.2 698.798 	22652	6.11777	6.5039	12399	666.612	0.0132361	0	1.02	1.02
277.3	0.00204014	0.00115227	20999.3	1050	105	19518.6	137.57	137.57	550.281	550.281	0 21952.8 699.208 	22652	6.11777	6.5039	12399	666.612	0.0132442	0	1.02	1.02
277.4	0.00204014	0.00115229	20999.8	1050	105	19518.4	137.635	137.635	550.541	550.541	0 21952.4 699.618 	22652	6.11777	6.5039	12399	666.612	0.0132522	0	1.02	1.02
277.5	0.00204014	0.00115231	21000.2	1050	105	19518.2	137.701	137.701	550.802	550.802	0 21952 700.029 	22652	6.11777	6.5039	12399	666.612	0.0132603	0	1.02	1.02
277.6	0.00204014	0.00115233	21000.7	1050	105	19518	137.766	137.766	551.063	551.063	0 21951.6 700.44 	22652.1	6.11777	6.5039	12399	666.612	0.0132684	0	1.02	1.02
277.7	0.00204014	0.00115235	21001.1	1050	105	19517.8	137.831	137.831	551.324	551.324	0 21951.2 700.851 	22652.1	6.11777	6.5039	12399	666.612	0.0132764	0	1.02	1.02
277.8	0.00204013	0.00115238	21001.6	1050	105	19517.6	137.896	137.896	551.585	551.585	0 21950.8 701.263 	22652.1	6.11778	6.5039	12399	666.612	0.0132845	0	1.02	1.02
277.9	0.00204013	0.0011524	21002	1050	105	19517.4	137.962	137.962	551.846	551.846	0 21950.4 701.675 	22652.1	6.11778	6.5039	12399	666.612	0.0132926	0	1.02	1.02
278	0.00204013	0.00115242	21002.5	1050	105	19517.2	138.027	138.027	552.108	552.108	0 21950.1 702.088 	22652.1	6.11778	6.5039	12399	666.612	0.0133007	0	1.02	1.02
278.1	0.00204013	0.00115244	21002.9	1050	105	19517	138.092	138.092	552.369	552.369	0 21949.7 702.5 	22652.2	6.11778	6.5039	12399	666.612	0.0133088	0	1.02	1.02
278.2	0.00204013	0.00115246	21003.4	1050	105	19516.8	138.158	138.158	552.631	552.631	0 21949.3 702.914 	22652.2	6.11778	6.5039	12399	666.612	0.0133169	0	1.02	1.02
278.3	0.00204013	0.00115248	21003.8	1050	105	19516.6	138.223	138.223	552.893	552.893	0 21948.9 703.327 	22652.2	6.11779	6.5039	12399	666.612	0.0133251	0	1.02	1.02
278.4	0.00204013	0.0011525	21004.3	1050	105	19516.4	138.289	138.289	553.154	553.154	0 21948.5 703.741 	22652.2	6.11779	6.5039	12399	666.612	0.0133332	0	1.02	1.02
278.5	0.00204013	0.00115252	21004.7	1050	105	19516.2	138.354	138.354	553.416	553.416	0 21948.1 704.156 	22652.3	6.11779	6.5039	12399	666.612	0.0133413	0	1.02	1.02
278.6	0.00204013	0.00115254	21005.2	1050	105	19516	138.42	138.42	553.678	553.678	0 21947.7 704.57 	22652.3	6.11779	6.5039	12399	666.612	0.0133495	0	1.02	1.02
278.7	0.00204013	0.00115256	21005.6	1050	105	19515.8	138.485	138.485	553.941	553.941	0 21947.3 704.986 	22652.3	6.11779	6.5039	12399	666.612	0.0133576	0	1.02	1.02
278.8	0.00204013	0.00115258	21006.1	1050	105	19515.6	138.551	138.551	554.203	554.203	0 21946.9 705.401 	22652.3	6.1178	6.5039	12399	666.612	0.0133658	0	1.02	1.02
278.9	0.00204013	0.0011526	21006.5	1050	105	19515.4	138.616	138.616	554.466	554.466	0 21946.5 705.817 	22652.4	6.1178	6.5039	12399	666.612	0.013374	0	1.02	1.02
279	0.00204013	0.00115262	21007	1050	105	19515.2	138.682	138.682	554.728	554.728	0 21946.1 706.233 	22652.4	6.1178	6.5039	12399	666.612	0.0133821	0	1.02	1.02
279.1	0.00204013	0.00115264	21007.4	1050	105	19515	138.748	138.748	554.991	554.991	0 21945.8 706.65 	22652.4	6.1178	6.5039	12399	666.612	0.0133903	0	1.02	1.02
279.2	0.00204013	0.00115266	21007.9	1050	105	19514.8	138.813	138.813	555.254	555.254	0 21945.4 707.067 	22652.4	6.11781	6.5039	12399	666.612	0.0133985	0	1.02	1.02
279.3	0.00204013	0.00115268	21008.3	1050	105	19514.6	138.879	138.879	555.517	555.517	0 21945 707.484 	22652.5	6.11781	6.5039	12399	666.612	0.0134067	0	1.02	1.02
279.4	0.00204013	0.0011527	21008.8	1050	105	19514.4	138.945	138.945	555.78	555.78	0 21944.6 707.902 	22652.5	6.11781	6.5039	12399	666.612	0.0134149	0	1.02	1.02
279.5	0.00204013	0.00115272	21009.3	1050	105	19514.1	139.011	139.011	556.043	556.043	0 21944.2 708.32 	22652.5	6.11781	6.5039	12399	666.612	0.0134231	0	1.02	1.02
279.6	0.00204013	0.00115274	21009.7	1050	105	19513.9	139.077	139.077	556.306	556.306	0 21943.8 708.739 	22652.5	6.11781	6.5039	12399	666.612	0.0134313	0	1.02	1.02
279.7	0.00204013	0.00115276	21010.2	1050	105	19513.7	139.142	139.142	556.57	556.57	0 21943.4 709.157 	22652.6	6.11782	6.5039	12399	666.612	0.0134396	0	1.02	1.02
279.8	0.00204013	0.00115278	21010.6	1050	105	19513.5	139.208	139.208	556.833	556.833	0 21943 709.577 	22652.6	6.11782	6.5039	12399	666.612	0.0134478	0	1.02	1.02
279.9	0.00204013	0.0011528	21011.1	1050	105	19513.3	139.274	139.274	557.097	557.097	0 21942.6 709.996 	22652.6	6.11782	6.5039	12399	666.612	0.013456	0	1.02	1.02
280	0.00204013	0.00115282	21011.5	1050	105	19513.1	139.34	139.34	557.361	557.361	0 21942.2 710.416 	22652.6	6.11782	6.5039	12399	666.612	0.0134643	0	1.02	1.02
280.1	0.00204013	0.00115284	21012	1050	105	19512.9	139.406	139.406	557.625	557.625	0 21941.8 710.837 	22652.7	6.11783	6.5039	12399	666.612	0.0134726	0	1.02	1.02
280.2	0.00204013	0.00115286	21012.4	1050	105	19512.7	139.472	139.472	557.889	557.889	0 21941.4 711.258 	22652.7	6.11783	6.5039	12399	666.612	0.0134808	0	1.02	1.02
280.3	0.00204013	0.00115289	21012.9	1050	105	19512.5	139.538	139.538	558.153	558.153	0 21941.1 711.679 	22652.7	6.11783	6.5039	12399	666.612	0.0134891	0	1.02	1.02
280.4	0.00204013	0.00115291	21013.3	1050	105	19512.3	139.604	139.604	558.417	558.417	0 21940.7 712.1 	22652.8	6.11783	6.5039	12399	666.612	0.0134974	0	1.02	1.02
280.5	0.00204013	0.00115293	21013.8	1050	105	19512.1	139.67	139.67	558.682	558.682	0 21940.3 712.522 	22652.8	6.11784	6.5039	12399	666.612	0.0135057	0	1.02	1.02
280.6	0.00204013	0.00115295	21014.2	1050	105	19511.9	139.737	139.737	558.946	558.946	0 21939.9 712.944 	22652.8	6.11784	6.5039	12399	666.612	0.0135139	0	1.02	1.02
280.7	0.00204013	0.00115297	21014.7	1050	105	19511.6	139.803	139.803	559.211	559.211	0 21939.5 713.367 	22652.9	6.11784	6.5039	12399	666.612	0.0135222	0	1.02	1.02
280.8	0.00204013	0.00115299	21015.1	1050	105	19511.4	139.869	139.869	559.476	559.476	0 21939.1 713.79 	22652.9	6.11785	6.5039	12399	666.612	0.0135306	0	1.02	1.02
280.9	0.00204013	0.00115301	21015.6	1050	105	19511.2	139.935	139.935	559.741	559.741	0 21938.7 714.213 	22652.9	6.11785	6.5039	12399	666.612	0.0135389	0	1.02	1.02
281	0.00204013	0.00115303	21016	1050	105	19511	140.001	140.001	560.006	560.006	0 21938.3 714.637 	22653	6.11785	6.5039	12399	666.612	0.0135472	0	1.02	1.02
281.1	0.00204013	0.00115305	21016.5	1050	105	19510.8	140.068	140.068	560.271	560.271	0 21937.9 715.061 	22653	6.11785	6.5039	12399	666.612	0.0135555	0	1.02	1.02
281.2	0.00204013	0.00115307	21016.9	1050	105	19510.6	140.134	140.134	560.536	560.536	0 21937.5 715.486 	22653	6.11786	6.5039	12399	666.612	0.0135639	0	1.02	1.02
281.3	0.00204013	0.00115309	21017.4	1050	105	19510.4	140.2	140.2	560.802	560.802	0 21937.1 715.911 	22653.1	6.11786	6.5039	12399	666.612	0.0135722	0	1.02	1.02
281.4	0.00204013	0.00115311	21017.8	1050	105	19510.2	140.267	140.267	561.067	561.067	0 21936.8 716.336 	22653.1	6.11786	6.5039	12399	666.612	0.0135806	0	1.02	1.02
281.5	0.00204013	0.00115313	21018.3	1050	105	19509.9	140.333	140.333	561.333	561.333	0 21936.4 716.762 	22653.1	6.11787	6.5039	12399	666.612	0.0135889	0	1.02	1.02
281.6	0.00204012	0.00115315	21018.7	1050	105	19509.7	140.4	140.4	561.599	561.599	0 21936 717.188 	22653.2	6.11787	6.5039	12399	666.612	0.0135973	0	1.02	1.02
281.7	0.00204012	0.00115317	21019.2	1050	105	19509.5	140.466	140.466	561.865	561.865	0 21935.6 717.614 	22653.2	6.11787	6.5039	12399	666.612	0.0136057	0	1.02	1.02
281.8	0.00204012	0.00115319	21019.6	1050	105	19509.3	140.533	140.533	562.131	562.131	0 21935.2 718.041 	22653.2	6.11787	6.5039	12399	666.612	0.0136141	0	1.02	1.02
281.9	0.00204012	0.00115321	21020.1	1050	105	19509.1	140.599	140.599	562.397	562.397	0 21934.8 718.468 	22653.3	6.11788	6.5039	12399	666.612	0.0136224	0	1.02	1.02
282	0.00204012	0.00115323	21020.5	1050	105	19508.9	140.666	140.666	562.663	562.663	0 21934.4 718.896 	22653.3	6.11788	6.5039	12399	666.612	0.0136308	0	1.02	1.02
282.1	0.00204012	0.00115325	21021	1050	105	19508.7	140.732	140.732	562.93	562.93	0 21934 719.324 	22653.3	6.11788	6.5039	12399	666.612	0.0136393	0	1.02	1.02
282.2	0.00204012	0.00115327	21021.4	1050	105	19508.4	140.799	140.799	563.196	563.196	0 21933.6 719.752 	22653.4	6.11789	6.5039	12399	666.612	0.0136477	0	1.02	1.02
282.3	0.00204012	0.00115329	21021.9	1050	105	19508.2	140.866	140.866	563.463	563.463	0 21933.2 720.181 	22653.4	6.11789	6.5039	12399	666.612	0.0136561	0	1.02	1.02
282.4	0.00204012	0.00115331	21022.3	1050	105	19508	140.932	140.932	563.73	563.73	0 21932.8 720.61 	22653.4	6.11789	6.5039	12399	666.612	0.0136645	0	1.02	1.02
282.5	0.00204012	0.00115333	21022.8	1050	105	19507.8	140.999	140.999	563.997	563.997	0 21932.4 721.039 	22653.5	6.1179	6.5039	12399	666.612	0.013673	0	1.02	1.02
282.6	0.00204012	0.00115335	21023.2	1050	105	19507.6	141.066	141.066	564.264	564.264	0 21932.1 721.469 	22653.5	6.1179	6.5039	12399	666.612	0.0136814	0	1.02	1.02
282.7	0.00204012	0.00115337	21023.7	1050	105	19507.4	141.133	141.133	564.531	564.531	0 21931.7 721.899 	22653.6	6.1179	6.5039	12399	666.612	0.0136898	0	1.02	1.02
282.8	0.00204012	0.0011534	21024.1	1050	105	19507.1	141.2	141.2	564.798	564.798	0 21931.3 722.329 	22653.6	6.11791	6.5039	12399	666.612	0.0136983	0	1.02	1.02
282.9	0.00204012	0.00115342	21024.6	1050	105	19506.9	141.266	141.266	565.066	565.066	0 21930.9 722.76 	22653.6	6.11791	6.5039	12399	666.612	0.0137068	0	1.02	1.02
283	0.00204012	0.00115344	21025	1050	105	19506.7	141.333	141.333	565.333	565.333	0 21930.5 723.192 	22653.7	6.11791	6.5039	12399	666.612	0.0137152	0	1.02	1.02
283.1	0.00204012	0.00115346	21025.5	1050	105	19506.5	141.4	141.4	565.601	565.601	0 21930.1 723.623 	22653.7	6.11792	6.5039	12399	666.612	0.0137237	0	1.02	1.02
283.2	0.00204012	0.00115348	21025.9	1050	105	19506.3	141.467	141.467	565.869	565.869	0 21929.7 724.055 	22653.8	6.11792	6.5039	12399	666.612	0.0137322	0	1.02	1.02
283.3	0.00204012	0.0011535	21026.4	1050	105	19506	141.534	141.534	566.136	566.136	0 21929.3 724.488 	22653.8	6.11792	6.5039	12399	666.612	0.0137407	0	1.02	1.02
283.4	0.00204012	0.00115352	21026.8	1050	105	19505.8	141.601	141.601	566.404	566.404	0 21928.9 724.921 	22653.8	6.11793	6.5039	12399	666.612	0.0137492	0	1.02	1.02
283.5	0.00204012	0.00115354	21027.3	1050	105	19505.6	141.668	141.668	566.673	566.673	0 21928.5 725.354 	22653.9	6.11793	6.5039	12399	666.612	0.0137577	0	1.02	1.02
283.6	0.00204012	0.00115356	21027.7	1050	105	19505.4	141.735	141.735	566.941	566.941	0 21928.1 725.787 	22653.9	6.11793	6.5039	12399	666.612	0.0137662	0	1.02	1.02
283.7	0.00204012	0.00115358	21028.2	1050	105	19505.2	141.802	141.802	567.209	567.209	0 21927.7 726.221 	22654	6.11794	6.5039	12399	666.612	0.0137748	0	1.02	1.02
283.8	0.00204012	0.0011536	21028.6	1050	105	19504.9	141.869	141.869	567.478	567.478	0 21927.4 726.655 	22654	6.11794	6.5039	12399	666.612	0.0137833	0	1.02	1.02
283.9	0.00204012	0.00115362	21029.1	1050	105	19504.7	141.937	141.937	567.746	567.746	0 21927 727.09 	22654.1	6.11794	6.5039	12399	666.612	0.0137918	0	1.02	1.02
284	0.00204012	0.00115364	21029.5	1050	105	19504.5	142.004	142.004	568.015	568.015	0 21926.6 727.525 	22654.1	6.11795	6.5039	12399	666.612	0.0138004	0	1.02	1.02
284.1	0.00204012	0.00115366	21030	1050	105	19504.3	142.071	142.071	568.284	568.284	0 21926.2 727.96 	22654.1	6.11795	6.5039	12399	666.612	0.0138089	0	1.02	1.02
284.2	0.00204012	0.00115368	21030.4	1050	105	19504.1	142.138	142.138	568.553	568.553	0 21925.8 728.396 	22654.2	6.11796	6.5039	12399	666.612	0.0138175	0	1.02	1.02
284.3	0.00204011	0.0011537	21030.9	1050	105	19503.8	142.206	142.206	568.822	568.822	0 21925.4 728.832 	22654.2	6.11796	6.5039	12399	666.612	0.0138261	0	1.02	1.02
284.4	0.00204011	0.00115372	21031.3	1050	105	19503.6	142.273	142.273	569.092	569.092	0 21925 729.269 	22654.3	6.11796	6.5039	12399	666.612	0.0138346	0	1.02	1.02
284.5	0.00204011	0.00115374	21031.8	1050	105	19503.4	142.34	142.34	569.361	569.361	0 21924.6 729.706 	22654.3	6.11797	6.5039	12399	666.612	0.0138432	0	1.02	1.02
284.6	0.00204011	0.00115376	21032.2	1050	105	19503.2	142.408	142.408	569.631	569.631	0 21924.2 730.143 	22654.4	6.11797	6.5039	12399	666.612	0.0138518	0	1.02	1.02
284.7	0.00204011	0.00115378	21032.7	1050	105	19502.9	142.475	142.475	569.9	569.9	0 21923.8 730.581 	22654.4	6.11797	6.5039	12399	666.612	0.0138604	0	1.02	1.02
284.8	0.00204011	0.0011538	21033.1	1050	105	19502.7	142.543	142.543	570.17	570.17	0 21923.4 731.019 	22654.5	6.11798	6.5039	12399	666.612	0.013869	0	1.02	1.02
284.9	0.00204011	0.00115382	21033.6	1050	105	19502.5	142.61	142.61	570.44	570.44	0 21923.1 731.457 	22654.5	6.11798	6.5039	12399	666.612	0.0138776	0	1.02	1.02
285	0.00204011	0.00115384	21034	1050	105	19502.3	142.677	142.677	570.71	570.71	0 21922.7 731.896 	22654.6	6.11799	6.5039	12399	666.612	0.0138863	0	1.02	1.02
285.1	0.00204011	0.00115386	21034.5	1050	105	19502	142.745	142.745	570.98	570.98	0 21922.3 732.335 	22654.6	6.11799	6.5039	12399	666.612	0.0138949	0	1.02	1.02
285.2	0.00204011	0.00115388	21034.9	1050	105	19501.8	142.813	142.813	571.25	571.25	0 21921.9 732.775 	22654.6	6.11799	6.5039	12399	666.612	0.0139035	0	1.02	1.02
285.3	0.00204011	0.0011539	21035.4	1050	105	19501.6	142.88	142.88	571.521	571.521	0 21921.5 733.215 	22654.7	6.118	6.5039	12399	666.612	0.0139122	0	1.02	1.02
285.4	0.00204011	0.00115392	21035.8	1050	105	19501.4	142.948	142.948	571.791	571.791	0 21921.1 733.655 	22654.7	6.118	6.5039	12399	666.612	0.0139208	0	1.02	1.02
285.5	0.00204011	0.00115395	21036.3	1050	105	19501.1	143.016	143.016	572.062	572.062	0 21920.7 734.095 	22654.8	6.11801	6.5039	12399	666.612	0.0139295	0	1.02	1.02
285.6	0.00204011	0.00115397	21036.7	1050	105	19500.9	143.083	143.083	572.333	572.333	0 21920.3 734.537 	22654.8	6.11801	6.5039	12399	666.612	0.0139381	0	1.02	1.02
285.7	0.00204011	0.00115399	21037.2	1050	105	19500.7	143.151	143.151	572.604	572.604	0 21919.9 734.978 	22654.9	6.11801	6.5039	12399	666.612	0.0139468	0	1.02	1.02
285.8	0.00204011	0.00115401	21037.6	1050	105	19500.4	143.219	143.219	572.875	572.875	0 21919.5 735.42 	22654.9	6.11802	6.5039	12399	666.612	0.0139555	0	1.02	1.02
285.9	0.00204011	0.00115403	21038.1	1050	105	19500.2	143.286	143.286	573.146	573.146	0 21919.1 735.862 	22655	6.11802	6.5039	12399	666.612	0.0139642	0	1.02	1.02
286	0.00204011	0.00115405	21038.5	1050	105	19500	143.354	143.354	573.417	573.417	0 21918.7 736.304 	22655	6.11803	6.5039	12399	666.612	0.0139729	0	1.02	1.02
286.1	0.00204011	0.00115407	21039	1050	105	19499.8	143.422	143.422	573.689	573.689	0 21918.3 736.747 	22655.1	6.11803	6.5039	12399	666.612	0.0139816	0	1.02	1.02
286.2	0.00204011	0.00115409	21039.4	1050	105	19499.5	143.49	143.49	573.96	573.96	0 21918 737.19 	22655.1	6.11804	6.5039	12399	666.612	0.0139903	0	1.02	1.02
286.3	0.00204011	0.00115411	21039.9	1050	105	19499.3	143.558	143.558	574.232	574.232	0 21917.6 737.634 	22655.2	6.11804	6.5039	12399	666.612	0.013999	0	1.02	1.02
286.4	0.00204011	0.00115413	21040.3	1050	105	19499.1	143.626	143.626	574.504	574.504	0 21917.2 738.078 	22655.3	6.11804	6.5039	12399	666.612	0.0140077	0	1.02	1.02
286.5	0.0020401	0.00115415	21040.8	1050	105	19498.8	143.694	143.694	574.775	574.775	0 21916.8 738.522 	22655.3	6.11805	6.5039	12399	666.612	0.0140165	0	1.02	1.02
286.6	0.0020401	0.00115417	21041.2	1050	105	19498.6	143.762	143.762	575.048	575.048	0 21916.4 738.967 	22655.4	6.11805	6.5039	12399	666.612	0.0140252	0	1.02	1.02
286.7	0.0020401	0.00115419	21041.7	1050	105	19498.4	143.83	143.83	575.32	575.32	0 21916 739.412 	22655.4	6.11806	6.5039	12399	666.612	0.014034	0	1.02	1.02
286.8	0.0020401	0.00115421	21042.1	1050	105	19498.1	143.898	143.898	575.592	575.592	0 21915.6 739.858 	22655.5	6.11806	6.5039	12399	666.612	0.0140427	0	1.02	1.02
286.9	0.0020401	0.00115423	21042.6	1050	105	19497.9	143.966	143.966	575.864	575.864	0 21915.2 740.304 	22655.5	6.11807	6.5039	12399	666.612	0.0140515	0	1.02	1.02
287	0.0020401	0.00115425	21043	1050	105	19497.7	144.034	144.034	576.137	576.137	0 21914.8 740.75 	22655.6	6.11807	6.5039	12399	666.612	0.0140602	0	1.02	1.02
287.1	0.0020401	0.00115427	21043.5	1050	105	19497.4	144.102	144.102	576.41	576.41	0 21914.4 741.197 	22655.6	6.11808	6.5039	12399	666.612	0.014069	0	1.02	1.02
287.2	0.0020401	0.00115429	21043.9	1050	105	19497.2	144.171	144.171	576.682	576.682	0 21914 741.644 	22655.7	6.11808	6.5039	12399	666.612	0.0140778	0	1.02	1.02
287.3	0.0020401	0.00115431	21044.4	1050	105	19497	144.239	144.239	576.955	576.955	0 21913.6 742.091 	22655.7	6.11808	6.5039	12399	666.612	0.0140866	0	1.02	1.02
287.4	0.0020401	0.00115433	21044.8	1050	105	19496.7	144.307	144.307	577.228	577.228	0 21913.3 742.539 	22655.8	6.11809	6.5039	12399	666.612	0.0140954	0	1.02	1.02
287.5	0.0020401	0.00115435	21045.3	1050	105	19496.5	144.375	144.375	577.502	577.502	0 21912.9 742.987 	22655.9	6.11809	6.5039	12399	666.612	0.0141042	0	1.02	1.02
287.6	0.0020401	0.00115437	21045.7	1050	105	19496.3	144.444	144.444	577.775	577.775	0 21912.5 743.435 	22655.9	6.1181	6.5039	12399	666.612	0.014113	0	1.02	1.02
287.7	0.0020401	0.00115439	21046.2	1050	105	19496	144.512	144.512	578.048	578.048	0 21912.1 743.884 	22656	6.1181	6.5039	12399	666.612	0.0141218	0	1.02	1.02
287.8	0.0020401	0.00115441	21046.6	1050	105	19495.8	144.58	144.58	578.322	578.322	0 21911.7 744.333 	22656	6.11811	6.5039	12399	666.612	0.0141307	0	1.02	1.02
287.9	0.0020401	0.00115443	21047.1	1050	105	19495.6	144.649	144.649	578.595	578.595	0 21911.3 744.783 	22656.1	6.11811	6.5039	12399	666.612	0.0141395	0	1.02	1.02
288	0.0020401	0.00115445	21047.5	1050	105	19495.3	144.717	144.717	578.869	578.869	0 21910.9 745.233 	22656.1	6.11812	6.5039	12399	666.612	0.0141484	0	1.02	1.02
288.1	0.0020401	0.00115447	21048	1050	105	19495.1	144.786	144.786	579.143	579.143	0 21910.5 745.683 	22656.2	6.11812	6.5039	12399	666.612	0.0141572	0	1.02	1.02
288.2	0.0020401	0.00115449	21048.4	1050	105	19494.9	144.854	144.854	579.417	579.417	0 21910.1 746.134 	22656.3	6.11813	6.5039	12399	666.612	0.0141661	0	1.02	1.02
288.3	0.0020401	0.00115451	21048.9	1050	105	19494.6	144.923	144.923	579.691	579.691	0 21909.7 746.585 	22656.3	6.11813	6.5039	12399	666.612	0.0141749	0	1.02	1.02
288.4	0.00204009	0.00115454	21049.3	1050	105	19494.4	144.991	144.991	579.966	579.966	0 21909.3 747.037 	22656.4	6.11814	6.5039	12399	666.612	0.0141838	0	1.02	1.02
288.5	0.00204009	0.00115456	21049.7	1050	105	19494.1	145.06	145.06	580.24	580.24	0 21908.9 747.489 	22656.4	6.11814	6.5039	12399	666.612	0.0141927	0	1.02	1.02
288.6	0.00204009	0.00115458	21050.2	1050	105	19493.9	145.129	145.129	580.515	580.515	0 21908.6 747.941 	22656.5	6.11815	6.5039	12399	666.612	0.0142016	0	1.02	1.02
288.7	0.00204009	0.0011546	21050.6	1050	105	19493.7	145.197	145.197	580.789	580.789	0 21908.2 748.393 	22656.6	6.11815	6.5039	12399	666.612	0.0142105	0	1.02	1.02
288.8	0.00204009	0.00115462	21051.1	1050	105	19493.4	145.266	145.266	581.064	581.064	0 21907.8 748.846 	22656.6	6.11816	6.5039	12399	666.612	0.0142194	0	1.02	1.02
288.9	0.00204009	0.00115464	21051.5	1050	105	19493.2	145.335	145.335	581.339	581.339	0 21907.4 749.3 	22656.7	6.11816	6.5039	12399	666.612	0.0142283	0	1.02	1.02
289	0.00204009	0.00115466	21052	1050	105	19493	145.404	145.404	581.614	581.614	0 21907 749.753 	22656.7	6.11817	6.5039	12399	666.612	0.0142372	0	1.02	1.02
289.1	0.00204009	0.00115468	21052.4	1050	105	19492.7	145.472	145.472	581.889	581.889	0 21906.6 750.207 	22656.8	6.11817	6.5039	12399	666.612	0.0142461	0	1.02	1.02
289.2	0.00204009	0.0011547	21052.9	1050	105	19492.5	145.541	145.541	582.165	582.165	0 21906.2 750.662 	22656.9	6.11818	6.5039	12399	666.612	0.0142551	0	1.02	1.02
289.3	0.00204009	0.00115472	21053.3	1050	105	19492.2	145.61	145.61	582.44	582.44	0 21905.8 751.117 	22656.9	6.11818	6.5039	12399	666.612	0.014264	0	1.02	1.02
289.4	0.00204009	0.00115474	21053.8	1050	105	19492	145.679	145.679	582.716	582.716	0 21905.4 751.572 	22657	6.11819	6.5039	12399	666.612	0.014273	0	1.02	1.02
289.5	0.00204009	0.00115476	21054.2	1050	105	19491.8	145.748	145.748	582.991	582.991	0 21905 752.027 	22657	6.11819	6.5039	12399	666.612	0.0142819	0	1.02	1.02
289.6	0.00204009	0.00115478	21054.7	1050	105	19491.5	145.817	145.817	583.267	583.267	0 21904.6 752.483 	22657.1	6.1182	6.5039	12399	666.612	0.0142909	0	1.02	1.02
289.7	0.00204009	0.0011548	21055.1	1050	105	19491.3	145.886	145.886	583.543	583.543	0 21904.2 752.94 	22657.2	6.1182	6.5039	12399	666.612	0.0142998	0	1.02	1.02
289.8	0.00204009	0.00115482	21055.6	1050	105	19491	145.955	145.955	583.819	583.819	0 21903.8 753.396 	22657.2	6.11821	6.5039	12399	666.612	0.0143088	0	1.02	1.02
289.9	0.00204009	0.00115484	21056	1050	105	19490.8	146.024	146.024	584.095	584.095	0 21903.5 753.853 	22657.3	6.11821	6.5039	12399	666.612	0.0143178	0	1.02	1.02
290	0.00204009	0.00115486	21056.5	1050	105	19490.5	146.093	146.093	584.372	584.372	0 21903.1 754.311 	22657.4	6.11822	6.5039	12399	666.612	0.0143268	0	1.02	1.02
290.1	0.00204009	0.00115488	21056.9	1050	105	19490.3	146.162	146.162	584.648	584.648	0 21902.7 754.769 	22657.4	6.11822	6.5039	12399	666.612	0.0143358	0	1.02	1.02
290.2	0.00204008	0.0011549	21057.4	1050	105	19490.1	146.231	146.231	584.925	584.925	0 21902.3 755.227 	22657.5	6.11823	6.5039	12399	666.612	0.0143448	0	1.02	1.02
290.3	0.00204008	0.00115492	21057.8	1050	105	19489.8	146.3	146.3	585.202	585.202	0 21901.9 755.685 	22657.6	6.11824	6.5039	12399	666.612	0.0143538	0	1.02	1.02
290.4	0.00204008	0.00115494	21058.3	1050	105	19489.6	146.37	146.37	585.478	585.478	0 21901.5 756.144 	22657.6	6.11824	6.5039	12399	666.612	0.0143628	0	1.02	1.02
290.5	0.00204008	0.00115496	21058.7	1050	105	19489.3	146.439	146.439	585.755	585.755	0 21901.1 756.604 	22657.7	6.11825	6.5039	12399	666.612	0.0143719	0	1.02	1.02
290.6	0.00204008	0.00115498	21059.2	1050	105	19489.1	146.508	146.508	586.032	586.032	0 21900.7 757.063 	22657.8	6.11825	6.5039	12399	666.612	0.0143809	0	1.02	1.02
290.7	0.00204008	0.001155	21059.6	1050	105	19488.8	146.577	146.577	586.31	586.31	0 21900.3 757.523 	22657.8	6.11826	6.5039	12399	666.612	0.01439	0	1.02	1.02
290.8	0.00204008	0.00115502	21060.1	1050	105	19488.6	146.647	146.647	586.587	586.587	0 21899.9 757.984 	22657.9	6.11826	6.5039	12399	666.612	0.014399	0	1.02	1.02
290.9	0.00204008	0.00115504	21060.5	1050	105	19488.3	146.716	146.716	586.864	586.864	0 21899.5 758.445 	22658	6.11827	6.5039	12399	666.612	0.0144081	0	1.02	1.02
291	0.00204008	0.00115506	21061	1050	105	19488.1	146.786	146.786	587.142	587.142	0 21899.1 758.906 	22658	6.11827	6.5039	12399	666.612	0.0144171	0	1.02	1.02
291.1	0.00204008	0.00115508	21061.4	1050	105	19487.8	146.855	146.855	587.42	587.42	0 21898.7 759.367 	22658.1	6.11828	6.5039	12399	666.612	0.0144262	0	1.02	1.02
291.2	0.00204008	0.00115511	21061.8	1050	105	19487.6	146.924	146.924	587.698	587.698	0 21898.4 759.829 	22658.2	6.11829	6.5039	12399	666.612	0.0144353	0	1.02	1.02
291.3	0.00204008	0.00115513	21062.3	1050	105	19487.4	146.994	146.994	587.976	587.976	0 21898 760.291 	22658.3	6.11829	6.5039	12399	666.612	0.0144444	0	1.02	1.02
291.4	0.00204008	0.00115515	21062.7	1050	105	19487.1	147.063	147.063	588.254	588.254	0 21897.6 760.754 	22658.3	6.1183	6.5039	12399	666.612	0.0144535	0	1.02	1.02
291.5	0.00204008	0.00115517	21063.2	1050	105	19486.9	147.133	147.133	588.532	588.532	0 21897.2 761.217 	22658.4	6.1183	6.5039	12399	666.612	0.0144626	0	1.02	1.02
291.6	0.00204008	0.00115519	21063.6	1050	105	19486.6	147.203	147.203	588.81	588.81	0 21896.8 761.68 	22658.5	6.11831	6.5039	12399	666.612	0.0144717	0	1.02	1.02
291.7	0.00204008	0.00115521	21064.1	1050	105	19486.4	147.272	147.272	589.089	589.089	0 21896.4 762.144 	22658.5	6.11831	6.5039	12399	666.612	0.0144808	0	1.02	1.02
291.8	0.00204007	0.00115523	21064.5	1050	105	19486.1	147.342	147.342	589.367	589.367	0 21896 762.608 	22658.6	6.11832	6.5039	12399	666.612	0.0144899	0	1.02	1.02
291.9	0.00204007	0.00115525	21065	1050	105	19485.9	147.412	147.412	589.646	589.646	0 21895.6 763.073 	22658.7	6.11833	6.5039	12399	666.612	0.0144991	0	1.02	1.02
292	0.00204007	0.00115527	21065.4	1050	105	19485.6	147.481	147.481	589.925	589.925	0 21895.2 763.538 	22658.7	6.11833	6.5039	12399	666.612	0.0145082	0	1.02	1.02
292.1	0.00204007	0.00115529	21065.9	1050	105	19485.4	147.551	147.551	590.204	590.204	0 21894.8 764.003 	22658.8	6.11834	6.5039	12399	666.612	0.0145174	0	1.02	1.02
292.2	0.00204007	0.00115531	21066.3	1050	105	19485.1	147.621	147.621	590.483	590.483	0 21894.4 764.469 	22658.9	6.11834	6.5039	12399	666.612	0.0145265	0	1.02	1.02
292.3	0.00204007	0.00115533	21066.8	1050	105	19484.9	147.691	147.691	590.762	590.762	0 21894 764.935 	22659	6.11835	6.5039	12399	666.612	0.0145357	0	1.02	1.02
292.4	0.00204007	0.00115535	21067.2	1050	105	19484.6	147.76	147.76	591.042	591.042	0 21893.6 765.401 	22659	6.11836	6.5039	12399	666.612	0.0145449	0	1.02	1.02
292.5	0.00204007	0.00115537	21067.7	1050	105	19484.4	147.83	147.83	591.321	591.321	0 21893.2 765.868 	22659.1	6.11836	6.5039	12399	666.612	0.014554	0	1.02	1.02
292.6	0.00204007	0.00115539	21068.1	1050	105	19484.1	147.9	147.9	591.601	591.601	0 21892.9 766.335 	22659.2	6.11837	6.5039	12399	666.612	0.0145632	0	1.02	1.02
292.7	0.00204007	0.00115541	21068.6	1050	105	19483.9	147.97	147.97	591.881	591.881	0 21892.5 766.802 	22659.3	6.11837	6.5039	12399	666.612	0.0145724	0	1.02	1.02
292.8	0.00204007	0.00115543	21069	1050	105	19483.6	148.04	148.04	592.161	592.161	0 21892.1 767.27 	22659.3	6.11838	6.5039	12399	666.612	0.0145816	0	1.02	1.02
292.9	0.00204007	0.00115545	21069.5	1050	105	19483.4	148.11	148.11	592.441	592.441	0 21891.7 767.738 	22659.4	6.11839	6.5039	12399	666.612	0.0145908	0	1.02	1.02
293	0.00204007	0.00115547	21069.9	1050	105	19483.1	148.18	148.18	592.721	592.721	0 21891.3 768.207 	22659.5	6.11839	6.5039	12399	666.612	0.0146	0	1.02	1.02
293.1	0.00204007	0.00115549	21070.3	1050	105	19482.8	148.25	148.25	593.001	593.001	0 21890.9 768.676 	22659.6	6.1184	6.5039	12399	666.612	0.0146093	0	1.02	1.02
293.2	0.00204007	0.00115551	21070.8	1050	105	19482.6	148.32	148.32	593.281	593.281	0 21890.5 769.145 	22659.6	6.11841	6.5039	12399	666.612	0.0146185	0	1.02	1.02
293.3	0.00204006	0.00115553	21071.2	1050	105	19482.3	148.391	148.391	593.562	593.562	0 21890.1 769.615 	22659.7	6.11841	6.5039	12399	666.612	0.0146277	0	1.02	1.02
293.4	0.00204006	0.00115555	21071.7	1050	105	19482.1	148.461	148.461	593.843	593.843	0 21889.7 770.085 	22659.8	6.11842	6.5039	12399	666.612	0.014637	0	1.02	1.02
293.5	0.00204006	0.00115557	21072.1	1050	105	19481.8	148.531	148.531	594.123	594.123	0 21889.3 770.555 	22659.9	6.11842	6.5039	12399	666.612	0.0146462	0	1.02	1.02
293.6	0.00204006	0.00115559	21072.6	1050	105	19481.6	148.601	148.601	594.404	594.404	0 21888.9 771.026 	22660	6.11843	6.5039	12399	666.612	0.0146555	0	1.02	1.02
293.7	0.00204006	0.00115561	21073	1050	105	19481.3	148.671	148.671	594.685	594.685	0 21888.5 771.497 	22660	6.11844	6.5039	12399	666.612	0.0146648	0	1.02	1.02
293.8	0.00204006	0.00115563	21073.5	1050	105	19481.1	148.742	148.742	594.967	594.967	0 21888.1 771.969 	22660.1	6.11844	6.5039	12399	666.612	0.014674	0	1.02	1.02
293.9	0.00204006	0.00115565	21073.9	1050	105	19480.8	148.812	148.812	595.248	595.248	0 21887.7 772.441 	22660.2	6.11845	6.5039	12399	666.612	0.0146833	0	1.02	1.02
294	0.00204006	0.00115567	21074.4	1050	105	19480.6	148.882	148.882	595.529	595.529	0 21887.4 772.913 	22660.3	6.11846	6.5039	12399	666.612	0.0146926	0	1.02	1.02
294.1	0.00204006	0.0011557	21074.8	1050	105	19480.3	148.953	148.953	595.811	595.811	0 21887 773.386 	22660.3	6.11846	6.5039	12399	666.612	0.0147019	0	1.02	1.02
294.2	0.00204006	0.00115572	21075.3	1050	105	19480	149.023	149.023	596.093	596.093	0 21886.6 773.859 	22660.4	6.11847	6.5039	12399	666.612	0.0147112	0	1.02	1.02
294.3	0.00204006	0.00115574	21075.7	1050	105	19479.8	149.094	149.094	596.374	596.374	0 21886.2 774.332 	22660.5	6.11848	6.5039	12399	666.612	0.0147205	0	1.02	1.02
294.4	0.00204006	0.00115576	21076.2	1050	105	19479.5	149.164	149.164	596.656	596.656	0 21885.8 774.806 	22660.6	6.11848	6.5039	12399	666.612	0.0147298	0	1.02	1.02
294.5	0.00204006	0.00115578	21076.6	1050	105	19479.3	149.235	149.235	596.938	596.938	0 21885.4 775.28 	22660.7	6.11849	6.5039	12399	666.612	0.0147392	0	1.02	1.02
294.6	0.00204006	0.0011558	21077.1	1050	105	19479	149.305	149.305	597.221	597.221	0 21885 775.755 	22660.8	6.1185	6.5039	12399	666.612	0.0147485	0	1.02	1.02
294.7	0.00204005	0.00115582	21077.5	1050	105	19478.7	149.376	149.376	597.503	597.503	0 21884.6 776.229 	22660.8	6.1185	6.5039	12399	666.612	0.0147578	0	1.02	1.02
294.8	0.00204005	0.00115584	21077.9	1050	105	19478.5	149.446	149.446	597.785	597.785	0 21884.2 776.705 	22660.9	6.11851	6.5039	12399	666.612	0.0147672	0	1.02	1.02
294.9	0.00204005	0.00115586	21078.4	1050	105	19478.2	149.517	149.517	598.068	598.068	0 21883.8 777.18 	22661	6.11852	6.5039	12399	666.612	0.0147765	0	1.02	1.02
295	0.00204005	0.00115588	21078.8	1050	105	19478	149.588	149.588	598.351	598.351	0 21883.4 777.656 	22661.1	6.11852	6.5039	12399	666.612	0.0147859	0	1.02	1.02
295.1	0.00204005	0.0011559	21079.3	1050	105	19477.7	149.658	149.658	598.634	598.634	0 21883 778.133 	22661.2	6.11853	6.5039	12399	666.612	0.0147953	0	1.02	1.02
295.2	0.00204005	0.00115592	21079.7	1050	105	19477.4	149.729	149.729	598.917	598.917	0 21882.6 778.609 	22661.2	6.11854	6.5039	12399	666.612	0.0148047	0	1.02	1.02
295.3	0.00204005	0.00115594	21080.2	1050	105	19477.2	149.8	149.8	599.2	599.2	0 21882.2 779.087 	22661.3	6.11854	6.5039	12399	666.612	0.014814	0	1.02	1.02
295.4	0.00204005	0.00115596	21080.6	1050	105	19476.9	149.871	149.871	599.483	599.483	0 21881.8 779.564 	22661.4	6.11855	6.5039	12399	666.612	0.0148234	0	1.02	1.02
295.5	0.00204005	0.00115598	21081.1	1050	105	19476.7	149.942	149.942	599.766	599.766	0 21881.5 780.042 	22661.5	6.11856	6.5039	12399	666.612	0.0148328	0	1.02	1.02
295.6	0.00204005	0.001156	21081.5	1050	105	19476.4	150.012	150.012	600.05	600.05	0 21881.1 780.52 	22661.6	6.11856	6.5039	12399	666.612	0.0148422	0	1.02	1.02
295.7	0.00204005	0.00115602	21082	1050	105	19476.1	150.083	150.083	600.333	600.333	0 21880.7 780.999 	22661.7	6.11857	6.5039	12399	666.612	0.0148517	0	1.02	1.02
295.8	0.00204005	0.00115604	21082.4	1050	105	19475.9	150.154	150.154	600.617	600.617	0 21880.3 781.478 	22661.8	6.11858	6.5039	12399	666.612	0.0148611	0	1.02	1.02
295.9	0.00204005	0.00115606	21082.9	1050	105	19475.6	150.225	150.225	600.901	600.901	0 21879.9 781.957 	22661.8	6.11858	6.5039	12399	666.612	0.0148705	0	1.02	1.02
296	0.00204004	0.00115608	21083.3	1050	105	19475.3	150.296	150.296	601.185	601.185	0 21879.5 782.437 	22661.9	6.11859	6.5039	12399	666.612	0.0148799	0	1.02	1.02
296.1	0.00204004	0.0011561	21083.8	1050	105	19475.1	150.367	150.367	601.469	601.469	0 21879.1 782.917 	22662	6.1186	6.5039	12399	666.612	0.0148894	0	1.02	1.02
296.2	0.00204004	0.00115612	21084.2	1050	105	19474.8	150.438	150.438	601.753	601.753	0 21878.7 783.397 	22662.1	6.11861	6.5039	12399	666.612	0.0148988	0	1.02	1.02
296.3	0.00204004	0.00115614	21084.7	1050	105	19474.6	150.509	150.509	602.038	602.038	0 21878.3 783.878 	22662.2	6.11861	6.5039	12399	666.612	0.0149083	0	1.02	1.02
296.4	0.00204004	0.00115616	21085.1	1050	105	19474.3	150.581	150.581	602.322	602.322	0 21877.9 784.359 	22662.3	6.11862	6.5039	12399	666.612	0.0149178	0	1.02	1.02
296.5	0.00204004	0.00115618	21085.5	1050	105	19474	150.652	150.652	602.607	602.607	0 21877.5 784.841 	22662.4	6.11863	6.5039	12399	666.612	0.0149272	0	1.02	1.02
296.6	0.00204004	0.0011562	21086	1050	105	19473.8	150.723	150.723	602.892	602.892	0 21877.1 785.323 	22662.5	6.11863	6.5039	12399	666.612	0.0149367	0	1.02	1.02
296.7	0.00204004	0.00115622	21086.4	1050	105	19473.5	150.794	150.794	603.177	603.177	0 21876.7 785.805 	22662.5	6.11864	6.5039	12399	666.612	0.0149462	0	1.02	1.02
296.8	0.00204004	0.00115624	21086.9	1050	105	19473.2	150.865	150.865	603.462	603.462	0 21876.3 786.288 	22662.6	6.11865	6.5039	12399	666.612	0.0149557	0	1.02	1.02
296.9	0.00204004	0.00115626	21087.3	1050	105	19473	150.937	150.937	603.747	603.747	0 21875.9 786.771 	22662.7	6.11866	6.5039	12399	666.612	0.0149652	0	1.02	1.02
297	0.00204004	0.00115629	21087.8	1050	105	19472.7	151.008	151.008	604.032	604.032	0 21875.6 787.254 	22662.8	6.11866	6.5039	12399	666.612	0.0149747	0	1.02	1.02
297.1	0.00204004	0.00115631	21088.2	1050	105	19472.4	151.079	151.079	604.318	604.318	0 21875.2 787.738 	22662.9	6.11867	6.5039	12399	666.612	0.0149843	0	1.02	1.02
297.2	0.00204003	0.00115633	21088.7	1050	105	19472.2	151.151	151.151	604.603	604.603	0 21874.8 788.222 	22663	6.11868	6.5039	12399	666.612	0.0149938	0	1.02	1.02
297.3	0.00204003	0.00115635	21089.1	1050	105	19471.9	151.222	151.222	604.889	604.889	0 21874.4 788.706 	22663.1	6.11869	6.5039	12399	666.612	0.0150033	0	1.02	1.02
297.4	0.00204003	0.00115637	21089.6	1050	105	19471.6	151.294	151.294	605.175	605.175	0 21874 789.191 	22663.2	6.11869	6.5039	12399	666.612	0.0150129	0	1.02	1.02
297.5	0.00204003	0.00115639	21090	1050	105	19471.4	151.365	151.365	605.461	605.461	0 21873.6 789.677 	22663.3	6.1187	6.5039	12399	666.612	0.0150224	0	1.02	1.02
297.6	0.00204003	0.00115641	21090.5	1050	105	19471.1	151.437	151.437	605.747	605.747	0 21873.2 790.162 	22663.4	6.11871	6.5039	12399	666.612	0.015032	0	1.02	1.02
297.7	0.00204003	0.00115643	21090.9	1050	105	19470.8	151.508	151.508	606.033	606.033	0 21872.8 790.648 	22663.4	6.11871	6.5039	12399	666.612	0.0150415	0	1.02	1.02
297.8	0.00204003	0.00115645	21091.4	1050	105	19470.6	151.58	151.58	606.319	606.319	0 21872.4 791.135 	22663.5	6.11872	6.5039	12399	666.612	0.0150511	0	1.02	1.02
297.9	0.00204003	0.00115647	21091.8	1050	105	19470.3	151.651	151.651	606.606	606.606	0 21872 791.621 	22663.6	6.11873	6.5039	12399	666.612	0.0150607	0	1.02	1.02
298	0.00204003	0.00115649	21092.2	1050	105	19470	151.723	151.723	606.892	606.892	0 21871.6 792.108 	22663.7	6.11874	6.5039	12399	666.612	0.0150703	0	1.02	1.02
298.1	0.00204003	0.00115651	21092.7	1050	105	19469.7	151.795	151.795	607.179	607.179	0 21871.2 792.596 	22663.8	6.11875	6.5039	12399	666.612	0.0150799	0	1.02	1.02
298.2	0.00204003	0.00115653	21093.1	1050	105	19469.5	151.866	151.866	607.466	607.466	0 21870.8 793.084 	22663.9	6.11875	6.5039	12399	666.612	0.0150895	0	1.02	1.02
298.3	0.00204003	0.00115655	21093.6	1050	105	19469.2	151.938	151.938	607.753	607.753	0 21870.4 793.572 	22664	6.11876	6.5039	12399	666.612	0.0150991	0	1.02	1.02
298.4	0.00204002	0.00115657	21094	1050	105	19468.9	152.01	152.01	608.04	608.04	0 21870 794.061 	22664.1	6.11877	6.5039	12399	666.612	0.0151087	0	1.02	1.02
298.5	0.00204002	0.00115659	21094.5	1050	105	19468.7	152.082	152.082	608.327	608.327	0 21869.6 794.549 	22664.2	6.11878	6.5039	12399	666.612	0.0151183	0	1.02	1.02
298.6	0.00204002	0.00115661	21094.9	1050	105	19468.4	152.154	152.154	608.615	608.615	0 21869.3 795.039 	22664.3	6.11878	6.5039	12399	666.612	0.0151279	0	1.02	1.02
298.7	0.00204002	0.00115663	21095.4	1050	105	19468.1	152.226	152.226	608.902	608.902	0 21868.9 795.528 	22664.4	6.11879	6.5039	12399	666.612	0.0151376	0	1.02	1.02
298.8	0.00204002	0.00115665	21095.8	1050	105	19467.8	152.297	152.297	609.19	609.19	0 21868.5 796.019 	22664.5	6.1188	6.5039	12399	666.612	0.0151472	0	1.02	1.02
298.9	0.00204002	0.00115667	21096.3	1050	105	19467.6	152.369	152.369	609.477	609.477	0 21868.1 796.509 	22664.6	6.11881	6.5039	12399	666.612	0.0151569	0	1.02	1.02
299	0.00204002	0.00115669	21096.7	1050	105	19467.3	152.441	152.441	609.765	609.765	0 21867.7 797 	22664.7	6.11881	6.5039	12399	666.612	0.0151665	0	1.02	1.02
299.1	0.00204002	0.00115671	21097.2	1050	105	19467	152.513	152.513	610.053	610.053	0 21867.3 797.491 	22664.8	6.11882	6.5039	12399	666.612	0.0151762	0	1.02	1.02
299.2	0.00204002	0.00115673	21097.6	1050	105	19466.7	152.585	152.585	610.342	610.342	0 21866.9 797.982 	22664.9	6.11883	6.5039	12399	666.612	0.0151859	0	1.02	1.02
299.3	0.00204002	0.00115675	21098	1050	105	19466.5	152.657	152.657	610.63	610.63	0 21866.5 798.474 	22665	6.11884	6.5039	12399	666.612	0.0151956	0	1.02	1.02
299.4	0.00204002	0.00115677	21098.5	1050	105	19466.2	152.73	152.73	610.918	610.918	0 21866.1 798.967 	22665.1	6.11885	6.5039	12399	666.612	0.0152052	0	1.02	1.02
299.5	0.00204002	0.00115679	21098.9	1050	105	19465.9	152.802	152.802	611.207	611.207	0 21865.7 799.459 	22665.2	6.11885	6.5039	12399	666.612	0.0152149	0	1.02	1.02
299.6	0.00204001	0.00115681	21099.4	1050	105	19465.6	152.874	152.874	611.495	611.495	0 21865.3 799.952 	22665.3	6.11886	6.5039	12399	666.612	0.0152246	0	1.02	1.02
299.7	0.00204001	0.00115683	21099.8	1050	105	19465.4	152.946	152.946	611.784	611.784	0 21864.9 800.446 	22665.4	6.11887	6.5039	12399	666.612	0.0152344	0	1.02	1.02
299.8	0.00204001	0.00115686	21100.3	1050	105	19465.1	153.018	153.018	612.073	612.073	0 21864.5 800.939 	22665.5	6.11888	6.5039	12399	666.612	0.0152441	0	1.02	1.02
299.9	0.00204001	0.00115688	21100.7	1050	105	19464.8	153.091	153.091	612.362	612.362	0 21864.1 801.433 	22665.6	6.11889	6.5039	12399	666.612	0.0152538	0	1.02	1.02
300	0.00204001	0.0011569	21101.2	1050	105	19464.5	153.163	153.163	612.651	612.651	0 21863.7 801.928 	22665.7	6.11889	6.5039	12399	666.612	0.0152635	0	1.02	1.02
300.1	0.00204001	0.00115692	21101.6	1050	105	19464.3	153.235	153.235	612.941	612.941	0 21863.3 802.423 	22665.8	6.1189	6.5039	12399	666.612	0.0152733	0	1.02	1.02
300.2	0.00204001	0.00115694	21102.1	1050	105	19464	153.308	153.308	613.23	613.23	0 21862.9 802.918 	22665.9	6.11891	6.5039	12399	666.612	0.015283	0	1.02	1.02
300.3	0.00204001	0.00115696	21102.5	1050	105	19463.7	153.38	153.38	613.52	613.52	0 21862.5 803.414 	22666	6.11892	6.5039	12399	666.612	0.0152928	0	1.02	1.02
300.4	0.00204001	0.00115698	21103	1050	105	19463.4	153.452	153.452	613.81	613.81	0 21862.2 803.91 	22666.1	6.11893	6.5039	12399	666.612	0.0153025	0	1.02	1.02
300.5	0.00204001	0.001157	21103.4	1050	105	19463.2	153.525	153.525	614.099	614.099	0 21861.8 804.406 	22666.2	6.11894	6.5039	12399	666.612	0.0153123	0	1.02	1.02
300.6	0.00204001	0.00115702	21103.8	1050	105	19462.9	153.597	153.597	614.389	614.389	0 21861.4 804.903 	22666.3	6.11894	6.5039	12399	666.612	0.0153221	0	1.02	1.02
300.7	0.00204	0.00115704	21104.3	1050	105	19462.6	153.67	153.67	614.679	614.679	0 21861 805.4 	22666.4	6.11895	6.5039	12399	666.612	0.0153319	0	1.02	1.02
300.8	0.00204	0.00115706	21104.7	1050	105	19462.3	153.742	153.742	614.97	614.97	0 21860.6 805.897 	22666.5	6.11896	6.5039	12399	666.612	0.0153417	0	1.02	1.02
300.9	0.00204	0.00115708	21105.2	1050	105	19462	153.815	153.815	615.26	615.26	0 21860.2 806.395 	22666.6	6.11897	6.5039	12399	666.612	0.0153515	0	1.02	1.02
301	0.00204	0.0011571	21105.6	1050	105	19461.8	153.888	153.888	615.551	615.551	0 21859.8 806.893 	22666.7	6.11898	6.5039	12399	666.612	0.0153613	0	1.02	1.02
301.1	0.00204	0.00115712	21106.1	1050	105	19461.5	153.96	153.96	615.841	615.841	0 21859.4 807.392 	22666.8	6.11899	6.5039	12399	666.612	0.0153711	0	1.02	1.02
301.2	0.00204	0.00115714	21106.5	1050	105	19461.2	154.033	154.033	616.132	616.132	0 21859 807.891 	22666.9	6.11899	6.5039	12399	666.612	0.0153809	0	1.02	1.02
301.3	0.00204	0.00115716	21107	1050	105	19460.9	154.106	154.106	616.423	616.423	0 21858.6 808.39 	22667	6.119	6.5039	12399	666.612	0.0153908	0	1.02	1.02
301.4	0.00204	0.00115718	21107.4	1050	105	19460.6	154.178	154.178	616.714	616.714	0 21858.2 808.889 	22667.1	6.11901	6.5039	12399	666.612	0.0154006	0	1.02	1.02
301.5	0.00204	0.0011572	21107.9	1050	105	19460.3	154.251	154.251	617.005	617.005	0 21857.8 809.389 	22667.2	6.11902	6.5039	12399	666.612	0.0154104	0	1.02	1.02
301.6	0.00204	0.00115722	21108.3	1050	105	19460.1	154.324	154.324	617.296	617.296	0 21857.4 809.89 	22667.3	6.11903	6.5039	12399	666.612	0.0154203	0	1.02	1.02
301.7	0.00203999	0.00115724	21108.8	1050	105	19459.8	154.397	154.397	617.588	617.588	0 21857 810.391 	22667.4	6.11904	6.5039	12399	666.612	0.0154302	0	1.02	1.02
301.8	0.00203999	0.00115726	21109.2	1050	105	19459.5	154.47	154.47	617.879	617.879	0 21856.6 810.892 	22667.5	6.11904	6.5039	12399	666.612	0.01544	0	1.02	1.02
301.9	0.00203999	0.00115728	21109.6	1050	105	19459.2	154.543	154.543	618.171	618.171	0 21856.2 811.393 	22667.6	6.11905	6.5039	12399	666.612	0.0154499	0	1.02	1.02
302	0.00203999	0.0011573	21110.1	1050	105	19458.9	154.616	154.616	618.463	618.463	0 21855.8 811.895 	22667.7	6.11906	6.5039	12399	666.612	0.0154598	0	1.02	1.02
302.1	0.00203999	0.00115732	21110.5	1050	105	19458.6	154.689	154.689	618.755	618.755	0 21855.4 812.397 	22667.8	6.11907	6.5039	12399	666.612	0.0154697	0	1.02	1.02
302.2	0.00203999	0.00115734	21111	1050	105	19458.4	154.762	154.762	619.047	619.047	0 21855 812.9 	22667.9	6.11908	6.5039	12399	666.612	0.0154796	0	1.02	1.02
302.3	0.00203999	0.00115736	21111.4	1050	105	19458.1	154.835	154.835	619.339	619.339	0 21854.6 813.403 	22668.1	6.11909	6.5039	12399	666.612	0.0154895	0	1.02	1.02
302.4	0.00203999	0.00115738	21111.9	1050	105	19457.8	154.908	154.908	619.631	619.631	0 21854.3 813.906 	22668.2	6.1191	6.5039	12399	666.612	0.0154994	0	1.02	1.02
302.5	0.00203999	0.00115741	21112.3	1050	105	19457.5	154.981	154.981	619.924	619.924	0 21853.9 814.41 	22668.3	6.11911	6.5039	12399	666.612	0.0155093	0	1.02	1.02
302.6	0.00203999	0.00115743	21112.8	1050	105	19457.2	155.054	155.054	620.216	620.216	0 21853.5 814.914 	22668.4	6.11911	6.5039	12399	666.612	0.0155192	0	1.02	1.02
302.7	0.00203999	0.00115745	21113.2	1050	105	19456.9	155.127	155.127	620.509	620.509	0 21853.1 815.418 	22668.5	6.11912	6.5039	12399	666.612	0.0155292	0	1.02	1.02
302.8	0.00203998	0.00115747	21113.7	1050	105	19456.7	155.201	155.201	620.802	620.802	0 21852.7 815.923 	22668.6	6.11913	6.5039	12399	666.612	0.0155391	0	1.02	1.02
302.9	0.00203998	0.00115749	21114.1	1050	105	19456.4	155.274	155.274	621.095	621.095	0 21852.3 816.428 	22668.7	6.11914	6.5039	12399	666.612	0.0155491	0	1.02	1.02
303	0.00203998	0.00115751	21114.6	1050	105	19456.1	155.347	155.347	621.388	621.388	0 21851.9 816.934 	22668.8	6.11915	6.5039	12399	666.612	0.015559	0	1.02	1.02
303.1	0.00203998	0.00115753	21115	1050	105	19455.8	155.42	155.42	621.681	621.681	0 21851.5 817.44 	22668.9	6.11916	6.5039	12399	666.612	0.015569	0	1.02	1.02
303.2	0.00203998	0.00115755	21115.4	1050	105	19455.5	155.494	155.494	621.975	621.975	0 21851.1 817.946 	22669	6.11917	6.5039	12399	666.612	0.0155789	0	1.02	1.02
303.3	0.00203998	0.00115757	21115.9	1050	105	19455.2	155.567	155.567	622.268	622.268	0 21850.7 818.453 	22669.1	6.11918	6.5039	12399	666.612	0.0155889	0	1.02	1.02
303.4	0.00203998	0.00115759	21116.3	1050	105	19454.9	155.64	155.64	622.562	622.562	0 21850.3 818.96 	22669.3	6.11919	6.5039	12399	666.612	0.0155989	0	1.02	1.02
303.5	0.00203998	0.00115761	21116.8	1050	105	19454.6	155.714	155.714	622.856	622.856	0 21849.9 819.467 	22669.4	6.11919	6.5039	12399	666.612	0.0156089	0	1.02	1.02
303.6	0.00203998	0.00115763	21117.2	1050	105	19454.4	155.787	155.787	623.15	623.15	0 21849.5 819.975 	22669.5	6.1192	6.5039	12399	666.612	0.0156189	0	1.02	1.02
303.7	0.00203998	0.00115765	21117.7	1050	105	19454.1	155.861	155.861	623.444	623.444	0 21849.1 820.483 	22669.6	6.11921	6.5039	12399	666.612	0.0156289	0	1.02	1.02
303.8	0.00203997	0.00115767	21118.1	1050	105	19453.8	155.934	155.934	623.738	623.738	0 21848.7 820.991 	22669.7	6.11922	6.5039	12399	666.612	0.0156389	0	1.02	1.02
303.9	0.00203997	0.00115769	21118.6	1050	105	19453.5	156.008	156.008	624.032	624.032	0 21848.3 821.5 	22669.8	6.11923	6.5039	12399	666.612	0.015649	0	1.02	1.02
304	0.00203997	0.00115771	21119	1050	105	19453.2	156.082	156.082	624.327	624.327	0 21847.9 822.01 	22669.9	6.11924	6.5039	12399	666.612	0.015659	0	1.02	1.02
304.1	0.00203997	0.00115773	21119.5	1050	105	19452.9	156.155	156.155	624.621	624.621	0 21847.5 822.519 	22670.1	6.11925	6.5039	12399	666.612	0.015669	0	1.02	1.02
304.2	0.00203997	0.00115775	21119.9	1050	105	19452.6	156.229	156.229	624.916	624.916	0 21847.1 823.029 	22670.2	6.11926	6.5039	12399	666.612	0.0156791	0	1.02	1.02
304.3	0.00203997	0.00115777	21120.3	1050	105	19452.3	156.303	156.303	625.211	625.211	0 21846.7 823.539 	22670.3	6.11927	6.5039	12399	666.612	0.0156891	0	1.02	1.02
304.4	0.00203997	0.00115779	21120.8	1050	105	19452	156.376	156.376	625.506	625.506	0 21846.3 824.05 	22670.4	6.11928	6.5039	12399	666.612	0.0156992	0	1.02	1.02
304.5	0.00203997	0.00115781	21121.2	1050	105	19451.7	156.45	156.45	625.801	625.801	0 21845.9 824.561 	22670.5	6.11929	6.5039	12399	666.612	0.0157093	0	1.02	1.02
304.6	0.00203997	0.00115783	21121.7	1050	105	19451.4	156.524	156.524	626.096	626.096	0 21845.6 825.073 	22670.6	6.1193	6.5039	12399	666.612	0.0157193	0	1.02	1.02
304.7	0.00203996	0.00115785	21122.1	1050	105	19451.2	156.598	156.598	626.391	626.391	0 21845.2 825.584 	22670.7	6.11931	6.5039	12399	666.612	0.0157294	0	1.02	1.02
304.8	0.00203996	0.00115787	21122.6	1050	105	19450.9	156.672	156.672	626.687	626.687	0 21844.8 826.097 	22670.9	6.11931	6.5039	12399	666.612	0.0157395	0	1.02	1.02
304.9	0.00203996	0.00115789	21123	1050	105	19450.6	156.746	156.746	626.983	626.983	0 21844.4 826.609 	22671	6.11932	6.5039	12399	666.612	0.0157496	0	1.02	1.02
305	0.00203996	0.00115791	21123.5	1050	105	19450.3	156.82	156.82	627.278	627.278	0 21844 827.122 	22671.1	6.11933	6.5039	12399	666.612	0.0157597	0	1.02	1.02
305.1	0.00203996	0.00115794	21123.9	1050	105	19450	156.894	156.894	627.574	627.574	0 21843.6 827.635 	22671.2	6.11934	6.5039	12399	666.612	0.0157698	0	1.02	1.02
305.2	0.00203996	0.00115796	21124.4	1050	105	19449.7	156.968	156.968	627.87	627.87	0 21843.2 828.149 	22671.3	6.11935	6.5039	12399	666.612	0.0157799	0	1.02	1.02
305.3	0.00203996	0.00115798	21124.8	1050	105	19449.4	157.042	157.042	628.166	628.166	0 21842.8 828.663 	22671.4	6.11936	6.5039	12399	666.612	0.0157901	0	1.02	1.02
305.4	0.00203996	0.001158	21125.3	1050	105	19449.1	157.116	157.116	628.463	628.463	0 21842.4 829.177 	22671.6	6.11937	6.5039	12399	666.612	0.0158002	0	1.02	1.02
305.5	0.00203996	0.00115802	21125.7	1050	105	19448.8	157.19	157.19	628.759	628.759	0 21842 829.692 	22671.7	6.11938	6.5039	12399	666.612	0.0158103	0	1.02	1.02
305.6	0.00203996	0.00115804	21126.1	1050	105	19448.5	157.264	157.264	629.056	629.056	0 21841.6 830.207 	22671.8	6.11939	6.5039	12399	666.612	0.0158205	0	1.02	1.02
305.7	0.00203995	0.00115806	21126.6	1050	105	19448.2	157.338	157.338	629.352	629.352	0 21841.2 830.722 	22671.9	6.1194	6.5039	12399	666.612	0.0158306	0	1.02	1.02
305.8	0.00203995	0.00115808	21127	1050	105	19447.9	157.412	157.412	629.649	629.649	0 21840.8 831.238 	22672	6.11941	6.5039	12399	666.612	0.0158408	0	1.02	1.02
305.9	0.00203995	0.0011581	21127.5	1050	105	19447.6	157.487	157.487	629.946	629.946	0 21840.4 831.755 	22672.2	6.11942	6.5039	12399	666.612	0.015851	0	1.02	1.02
306	0.00203995	0.00115812	21127.9	1050	105	19447.3	157.561	157.561	630.243	630.243	0 21840 832.271 	22672.3	6.11943	6.5039	12399	666.612	0.0158612	0	1.02	1.02
306.1	0.00203995	0.00115814	21128.4	1050	105	19447	157.635	157.635	630.54	630.54	0 21839.6 832.788 	22672.4	6.11944	6.5039	12399	666.612	0.0158713	0	1.02	1.02
306.2	0.00203995	0.00115816	21128.8	1050	105	19446.7	157.709	157.709	630.838	630.838	0 21839.2 833.305 	22672.5	6.11945	6.5039	12399	666.612	0.0158815	0	1.02	1.02
306.3	0.00203995	0.00115818	21129.3	1050	105	19446.4	157.784	157.784	631.135	631.135	0 21838.8 833.823 	22672.6	6.11946	6.5039	12399	666.612	0.0158917	0	1.02	1.02
306.4	0.00203995	0.0011582	21129.7	1050	105	19446.1	157.858	157.858	631.433	631.433	0 21838.4 834.341 	22672.8	6.11947	6.5039	12399	666.612	0.015902	0	1.02	1.02
306.5	0.00203995	0.00115822	21130.2	1050	105	19445.8	157.933	157.933	631.731	631.731	0 21838 834.859 	22672.9	6.11948	6.5039	12399	666.612	0.0159122	0	1.02	1.02
306.6	0.00203994	0.00115824	21130.6	1050	105	19445.5	158.007	158.007	632.029	632.029	0 21837.6 835.378 	22673	6.11949	6.5039	12399	666.612	0.0159224	0	1.02	1.02
306.7	0.00203994	0.00115826	21131	1050	105	19445.2	158.082	158.082	632.327	632.327	0 21837.2 835.897 	22673.1	6.1195	6.5039	12399	666.612	0.0159326	0	1.02	1.02
306.8	0.00203994	0.00115828	21131.5	1050	105	19444.9	158.156	158.156	632.625	632.625	0 21836.8 836.417 	22673.3	6.11951	6.5039	12399	666.612	0.0159429	0	1.02	1.02
306.9	0.00203994	0.0011583	21131.9	1050	105	19444.6	158.231	158.231	632.923	632.923	0 21836.4 836.937 	22673.4	6.11952	6.5039	12399	666.612	0.0159531	0	1.02	1.02
307	0.00203994	0.00115832	21132.4	1050	105	19444.3	158.305	158.305	633.221	633.221	0 21836 837.457 	22673.5	6.11953	6.5039	12399	666.612	0.0159634	0	1.02	1.02
307.1	0.00203994	0.00115834	21132.8	1050	105	19444	158.38	158.38	633.52	633.52	0 21835.6 837.978 	22673.6	6.11954	6.5039	12399	666.612	0.0159736	0	1.02	1.02
307.2	0.00203994	0.00115836	21133.3	1050	105	19443.7	158.455	158.455	633.819	633.819	0 21835.2 838.499 	22673.7	6.11955	6.5039	12399	666.612	0.0159839	0	1.02	1.02
307.3	0.00203994	0.00115838	21133.7	1050	105	19443.4	158.529	158.529	634.117	634.117	0 21834.9 839.02 	22673.9	6.11956	6.5039	12399	666.612	0.0159942	0	1.02	1.02
307.4	0.00203994	0.0011584	21134.2	1050	105	19443.1	158.604	158.604	634.416	634.416	0 21834.5 839.542 	22674	6.11957	6.5039	12399	666.612	0.0160044	0	1.02	1.02
307.5	0.00203993	0.00115842	21134.6	1050	105	19442.8	158.679	158.679	634.715	634.715	0 21834.1 840.064 	22674.1	6.11958	6.5039	12399	666.612	0.0160147	0	1.02	1.02
307.6	0.00203993	0.00115845	21135.1	1050	105	19442.5	158.754	158.754	635.015	635.015	0 21833.7 840.586 	22674.2	6.11959	6.5039	12399	666.612	0.016025	0	1.02	1.02
307.7	0.00203993	0.00115847	21135.5	1050	105	19442.2	158.829	158.829	635.314	635.314	0 21833.3 841.109 	22674.4	6.1196	6.5039	12399	666.612	0.0160353	0	1.02	1.02
307.8	0.00203993	0.00115849	21136	1050	105	19441.9	158.903	158.903	635.614	635.614	0 21832.9 841.632 	22674.5	6.11961	6.5039	12399	666.612	0.0160457	0	1.02	1.02
307.9	0.00203993	0.00115851	21136.4	1050	105	19441.6	158.978	158.978	635.913	635.913	0 21832.5 842.156 	22674.6	6.11962	6.5039	12399	666.612	0.016056	0	1.02	1.02
308	0.00203993	0.00115853	21136.8	1050	105	19441.3	159.053	159.053	636.213	636.213	0 21832.1 842.68 	22674.8	6.11963	6.5039	12399	666.612	0.0160663	0	1.02	1.02
308.1	0.00203993	0.00115855	21137.3	1050	105	19441	159.128	159.128	636.513	636.513	0 21831.7 843.204 	22674.9	6.11964	6.5039	12399	666.612	0.0160766	0	1.02	1.02
308.2	0.00203993	0.00115857	21137.7	1050	105	19440.7	159.203	159.203	636.813	636.813	0 21831.3 843.728 	22675	6.11965	6.5039	12399	666.612	0.016087	0	1.02	1.02
308.3	0.00203993	0.00115859	21138.2	1050	105	19440.4	159.278	159.278	637.113	637.113	0 21830.9 844.254 	22675.1	6.11966	6.5039	12399	666.612	0.0160973	0	1.02	1.02
308.4	0.00203992	0.00115861	21138.6	1050	105	19440.1	159.353	159.353	637.413	637.413	0 21830.5 844.779 	22675.3	6.11967	6.5039	12399	666.612	0.0161077	0	1.02	1.02
308.5	0.00203992	0.00115863	21139.1	1050	105	19439.8	159.428	159.428	637.714	637.714	0 21830.1 845.305 	22675.4	6.11968	6.5039	12399	666.612	0.016118	0	1.02	1.02
308.6	0.00203992	0.00115865	21139.5	1050	105	19439.5	159.504	159.504	638.014	638.014	0 21829.7 845.831 	22675.5	6.11969	6.5039	12399	666.612	0.0161284	0	1.02	1.02
308.7	0.00203992	0.00115867	21140	1050	105	19439.2	159.579	159.579	638.315	638.315	0 21829.3 846.357 	22675.7	6.1197	6.5039	12399	666.612	0.0161388	0	1.02	1.02
308.8	0.00203992	0.00115869	21140.4	1050	105	19438.9	159.654	159.654	638.616	638.616	0 21828.9 846.884 	22675.8	6.11971	6.5039	12399	666.612	0.0161492	0	1.02	1.02
308.9	0.00203992	0.00115871	21140.9	1050	105	19438.6	159.729	159.729	638.917	638.917	0 21828.5 847.411 	22675.9	6.11972	6.5039	12399	666.612	0.0161596	0	1.02	1.02
309	0.00203992	0.00115873	21141.3	1050	105	19438.3	159.804	159.804	639.218	639.218	0 21828.1 847.939 	22676	6.11973	6.5039	12399	666.612	0.01617	0	1.02	1.02
309.1	0.00203992	0.00115875	21141.7	1050	105	19437.9	159.88	159.88	639.519	639.519	0 21827.7 848.467 	22676.2	6.11974	6.5039	12399	666.612	0.0161804	0	1.02	1.02
309.2	0.00203992	0.00115877	21142.2	1050	105	19437.6	159.955	159.955	639.82	639.82	0 21827.3 848.995 	22676.3	6.11975	6.5039	12399	666.612	0.0161908	0	1.02	1.02
309.3	0.00203991	0.00115879	21142.6	1050	105	19437.3	160.03	160.03	640.122	640.122	0 21826.9 849.524 	22676.4	6.11976	6.5039	12399	666.612	0.0162012	0	1.02	1.02
309.4	0.00203991	0.00115881	21143.1	1050	105	19437	160.106	160.106	640.423	640.423	0 21826.5 850.053 	22676.6	6.11978	6.5039	12399	666.612	0.0162117	0	1.02	1.02
309.5	0.00203991	0.00115883	21143.5	1050	105	19436.7	160.181	160.181	640.725	640.725	0 21826.1 850.582 	22676.7	6.11979	6.5039	12399	666.612	0.0162221	0	1.02	1.02
309.6	0.00203991	0.00115885	21144	1050	105	19436.4	160.257	160.257	641.027	641.027	0 21825.7 851.112 	22676.8	6.1198	6.5039	12399	666.612	0.0162325	0	1.02	1.02
309.7	0.00203991	0.00115887	21144.4	1050	105	19436.1	160.332	160.332	641.329	641.329	0 21825.3 851.642 	22677	6.11981	6.5039	12399	666.612	0.016243	0	1.02	1.02
309.8	0.00203991	0.00115889	21144.9	1050	105	19435.8	160.408	160.408	641.631	641.631	0 21824.9 852.173 	22677.1	6.11982	6.5039	12399	666.612	0.0162535	0	1.02	1.02
309.9	0.00203991	0.00115892	21145.3	1050	105	19435.5	160.483	160.483	641.933	641.933	0 21824.5 852.704 	22677.2	6.11983	6.5039	12399	666.612	0.0162639	0	1.02	1.02
310	0.00203991	0.00115894	21145.8	1050	105	19435.2	160.559	160.559	642.236	642.236	0 21824.1 853.235 	22677.4	6.11984	6.5039	12399	666.612	0.0162744	0	1.02	1.02
310.1	0.0020399	0.00115896	21146.2	1050	105	19434.9	160.635	160.635	642.538	642.538	0 21823.7 853.766 	22677.5	6.11985	6.5039	12399	666.612	0.0162849	0	1.02	1.02
310.2	0.0020399	0.00115898	21146.6	1050	105	19434.5	160.71	160.71	642.841	642.841	0 21823.3 854.298 	22677.6	6.11986	6.5039	12399	666.612	0.0162954	0	1.02	1.02
310.3	0.0020399	0.001159	21147.1	1050	105	19434.2	160.786	160.786	643.144	643.144	0 21822.9 854.831 	22677.8	6.11987	6.5039	12399	666.612	0.0163059	0	1.02	1.02
310.4	0.0020399	0.00115902	21147.5	1050	105	19433.9	160.862	160.862	643.447	643.447	0 21822.5 855.363 	22677.9	6.11988	6.5039	12399	666.612	0.0163164	0	1.02	1.02
310.5	0.0020399	0.00115904	21148	1050	105	19433.6	160.937	160.937	643.75	643.75	0 21822.1 855.896 	22678	6.11989	6.5039	12399	666.612	0.0163269	0	1.02	1.02
310.6	0.0020399	0.00115906	21148.4	1050	105	19433.3	161.013	161.013	644.053	644.053	0 21821.7 856.43 	22678.2	6.1199	6.5039	12399	666.612	0.0163374	0	1.02	1.02
310.7	0.0020399	0.00115908	21148.9	1050	105	19433	161.089	161.089	644.356	644.356	0 21821.3 856.964 	22678.3	6.11992	6.5039	12399	666.612	0.0163479	0	1.02	1.02
310.8	0.0020399	0.0011591	21149.3	1050	105	19432.7	161.165	161.165	644.66	644.66	0 21820.9 857.498 	22678.4	6.11993	6.5039	12399	666.612	0.0163585	0	1.02	1.02
310.9	0.00203989	0.00115912	21149.8	1050	105	19432.4	161.241	161.241	644.964	644.964	0 21820.5 858.032 	22678.6	6.11994	6.5039	12399	666.612	0.016369	0	1.02	1.02
311	0.00203989	0.00115914	21150.2	1050	105	19432	161.317	161.317	645.267	645.267	0 21820.1 858.567 	22678.7	6.11995	6.5039	12399	666.612	0.0163796	0	1.02	1.02
311.1	0.00203989	0.00115916	21150.7	1050	105	19431.7	161.393	161.393	645.571	645.571	0 21819.7 859.103 	22678.9	6.11996	6.5039	12399	666.612	0.0163901	0	1.02	1.02
311.2	0.00203989	0.00115918	21151.1	1050	105	19431.4	161.469	161.469	645.875	645.875	0 21819.4 859.638 	22679	6.11997	6.5039	12399	666.612	0.0164007	0	1.02	1.02
311.3	0.00203989	0.0011592	21151.6	1050	105	19431.1	161.545	161.545	646.179	646.179	0 21819 860.174 	22679.1	6.11998	6.5039	12399	666.612	0.0164113	0	1.02	1.02
311.4	0.00203989	0.00115922	21152	1050	105	19430.8	161.621	161.621	646.484	646.484	0 21818.6 860.711 	22679.3	6.11999	6.5039	12399	666.612	0.0164218	0	1.02	1.02
311.5	0.00203989	0.00115924	21152.4	1050	105	19430.5	161.697	161.697	646.788	646.788	0 21818.2 861.247 	22679.4	6.12	6.5039	12399	666.612	0.0164324	0	1.02	1.02
311.6	0.00203989	0.00115926	21152.9	1050	105	19430.2	161.773	161.773	647.093	647.093	0 21817.8 861.784 	22679.5	6.12001	6.5039	12399	666.612	0.016443	0	1.02	1.02
311.7	0.00203988	0.00115928	21153.3	1050	105	19429.8	161.849	161.849	647.397	647.397	0 21817.4 862.322 	22679.7	6.12003	6.5039	12399	666.612	0.0164536	0	1.02	1.02
311.8	0.00203988	0.0011593	21153.8	1050	105	19429.5	161.926	161.926	647.702	647.702	0 21817 862.86 	22679.8	6.12004	6.5039	12399	666.612	0.0164642	0	1.02	1.02
311.9	0.00203988	0.00115932	21154.2	1050	105	19429.2	162.002	162.002	648.007	648.007	0 21816.6 863.398 	22680	6.12005	6.5039	12399	666.612	0.0164749	0	1.02	1.02
312	0.00203988	0.00115934	21154.7	1050	105	19428.9	162.078	162.078	648.312	648.312	0 21816.2 863.936 	22680.1	6.12006	6.5039	12399	666.612	0.0164855	0	1.02	1.02
312.1	0.00203988	0.00115937	21155.1	1050	105	19428.6	162.154	162.154	648.618	648.618	0 21815.8 864.475 	22680.2	6.12007	6.5039	12399	666.612	0.0164961	0	1.02	1.02
312.2	0.00203988	0.00115939	21155.6	1050	105	19428.3	162.231	162.231	648.923	648.923	0 21815.4 865.015 	22680.4	6.12008	6.5039	12399	666.612	0.0165067	0	1.02	1.02
312.3	0.00203988	0.00115941	21156	1050	105	19427.9	162.307	162.307	649.228	649.228	0 21815 865.554 	22680.5	6.12009	6.5039	12399	666.612	0.0165174	0	1.02	1.02
312.4	0.00203988	0.00115943	21156.5	1050	105	19427.6	162.384	162.384	649.534	649.534	0 21814.6 866.094 	22680.7	6.1201	6.5039	12399	666.612	0.016528	0	1.02	1.02
312.5	0.00203987	0.00115945	21156.9	1050	105	19427.3	162.46	162.46	649.84	649.84	0 21814.2 866.635 	22680.8	6.12012	6.5039	12399	666.612	0.0165387	0	1.02	1.02
312.6	0.00203987	0.00115947	21157.4	1050	105	19427	162.536	162.536	650.146	650.146	0 21813.8 867.176 	22680.9	6.12013	6.5039	12399	666.612	0.0165494	0	1.02	1.02
312.7	0.00203987	0.00115949	21157.8	1050	105	19426.7	162.613	162.613	650.452	650.452	0 21813.4 867.717 	22681.1	6.12014	6.5039	12399	666.612	0.0165601	0	1.02	1.02
312.8	0.00203987	0.00115951	21158.2	1050	105	19426.3	162.69	162.69	650.758	650.758	0 21813 868.258 	22681.2	6.12015	6.5039	12399	666.612	0.0165707	0	1.02	1.02
312.9	0.00203987	0.00115953	21158.7	1050	105	19426	162.766	162.766	651.064	651.064	0 21812.6 868.8 	22681.4	6.12016	6.5039	12399	666.612	0.0165814	0	1.02	1.02
313	0.00203987	0.00115955	21159.1	1050	105	19425.7	162.843	162.843	651.371	651.371	0 21812.2 869.342 	22681.5	6.12017	6.5039	12399	666.612	0.0165921	0	1.02	1.02
313.1	0.00203987	0.00115957	21159.6	1050	105	19425.4	162.919	162.919	651.677	651.677	0 21811.8 869.885 	22681.7	6.12019	6.5039	12399	666.612	0.0166028	0	1.02	1.02
313.2	0.00203987	0.00115959	21160	1050	105	19425.1	162.996	162.996	651.984	651.984	0 21811.4 870.428 	22681.8	6.1202	6.5039	12399	666.612	0.0166135	0	1.02	1.02
313.3	0.00203986	0.00115961	21160.5	1050	105	19424.7	163.073	163.073	652.291	652.291	0 21811 870.971 	22682	6.12021	6.5039	12399	666.612	0.0166243	0	1.02	1.02
313.4	0.00203986	0.00115963	21160.9	1050	105	19424.4	163.149	163.149	652.598	652.598	0 21810.6 871.515 	22682.1	6.12022	6.5039	12399	666.612	0.016635	0	1.02	1.02
313.5	0.00203986	0.00115965	21161.4	1050	105	19424.1	163.226	163.226	652.905	652.905	0 21810.2 872.059 	22682.2	6.12023	6.5039	12399	666.612	0.0166457	0	1.02	1.02
313.6	0.00203986	0.00115967	21161.8	1050	105	19423.8	163.303	163.303	653.212	653.212	0 21809.8 872.603 	22682.4	6.12024	6.5039	12399	666.612	0.0166565	0	1.02	1.02
313.7	0.00203986	0.00115969	21162.3	1050	105	19423.5	163.38	163.38	653.52	653.52	0 21809.4 873.148 	22682.5	6.12025	6.5039	12399	666.612	0.0166672	0	1.02	1.02
313.8	0.00203986	0.00115971	21162.7	1050	105	19423.1	163.457	163.457	653.827	653.827	0 21809 873.693 	22682.7	6.12027	6.5039	12399	666.612	0.016678	0	1.02	1.02
313.9	0.00203986	0.00115973	21163.2	1050	105	19422.8	163.534	163.534	654.135	654.135	0 21808.6 874.239 	22682.8	6.12028	6.5039	12399	666.612	0.0166887	0	1.02	1.02
314	0.00203986	0.00115975	21163.6	1050	105	19422.5	163.611	163.611	654.443	654.443	0 21808.2 874.785 	22683	6.12029	6.5039	12399	666.612	0.0166995	0	1.02	1.02
314.1	0.00203985	0.00115977	21164	1050	105	19422.2	163.688	163.688	654.751	654.751	0 21807.8 875.331 	22683.1	6.1203	6.5039	12399	666.612	0.0167103	0	1.02	1.02
314.2	0.00203985	0.0011598	21164.5	1050	105	19421.8	163.765	163.765	655.059	655.059	0 21807.4 875.877 	22683.3	6.12031	6.5039	12399	666.612	0.0167211	0	1.02	1.02
314.3	0.00203985	0.00115982	21164.9	1050	105	19421.5	163.842	163.842	655.367	655.367	0 21807 876.424 	22683.4	6.12033	6.5039	12399	666.612	0.0167319	0	1.02	1.02
314.4	0.00203985	0.00115984	21165.4	1050	105	19421.2	163.919	163.919	655.675	655.675	0 21806.6 876.972 	22683.6	6.12034	6.5039	12399	666.612	0.0167427	0	1.02	1.02
314.5	0.00203985	0.00115986	21165.8	1050	105	19420.9	163.996	163.996	655.984	655.984	0 21806.2 877.519 	22683.7	6.12035	6.5039	12399	666.612	0.0167535	0	1.02	1.02
314.6	0.00203985	0.00115988	21166.3	1050	105	19420.5	164.073	164.073	656.292	656.292	0 21805.8 878.067 	22683.9	6.12036	6.5039	12399	666.612	0.0167643	0	1.02	1.02
314.7	0.00203985	0.0011599	21166.7	1050	105	19420.2	164.15	164.15	656.601	656.601	0 21805.4 878.616 	22684	6.12037	6.5039	12399	666.612	0.0167751	0	1.02	1.02
314.8	0.00203985	0.00115992	21167.2	1050	105	19419.9	164.228	164.228	656.91	656.91	0 21805 879.165 	22684.2	6.12039	6.5039	12399	666.612	0.016786	0	1.02	1.02
314.9	0.00203984	0.00115994	21167.6	1050	105	19419.6	164.305	164.305	657.219	657.219	0 21804.6 879.714 	22684.3	6.1204	6.5039	12399	666.612	0.0167968	0	1.02	1.02
315	0.00203984	0.00115996	21168.1	1050	105	19419.2	164.382	164.382	657.528	657.528	0 21804.2 880.263 	22684.5	6.12041	6.5039	12399	666.612	0.0168076	0	1.02	1.02
315.1	0.00203984	0.00115998	21168.5	1050	105	19418.9	164.459	164.459	657.838	657.838	0 21803.8 880.813 	22684.6	6.12042	6.5039	12399	666.612	0.0168185	0	1.02	1.02
315.2	0.00203984	0.00116	21169	1050	105	19418.6	164.537	164.537	658.147	658.147	0 21803.4 881.364 	22684.8	6.12043	6.5039	12399	666.612	0.0168294	0	1.02	1.02
315.3	0.00203984	0.00116002	21169.4	1050	105	19418.3	164.614	164.614	658.457	658.457	0 21803 881.914 	22684.9	6.12045	6.5039	12399	666.612	0.0168402	0	1.02	1.02
315.4	0.00203984	0.00116004	21169.8	1050	105	19417.9	164.692	164.692	658.766	658.766	0 21802.6 882.465 	22685.1	6.12046	6.5039	12399	666.612	0.0168511	0	1.02	1.02
315.5	0.00203984	0.00116006	21170.3	1050	105	19417.6	164.769	164.769	659.076	659.076	0 21802.2 883.017 	22685.2	6.12047	6.5039	12399	666.612	0.016862	0	1.02	1.02
315.6	0.00203983	0.00116008	21170.7	1050	105	19417.3	164.847	164.847	659.386	659.386	0 21801.8 883.568 	22685.4	6.12048	6.5039	12399	666.612	0.0168729	0	1.02	1.02
315.7	0.00203983	0.0011601	21171.2	1050	105	19416.9	164.924	164.924	659.696	659.696	0 21801.4 884.12 	22685.5	6.12049	6.5039	12399	666.612	0.0168838	0	1.02	1.02
315.8	0.00203983	0.00116012	21171.6	1050	105	19416.6	165.002	165.002	660.006	660.006	0 21801 884.673 	22685.7	6.12051	6.5039	12399	666.612	0.0168947	0	1.02	1.02
315.9	0.00203983	0.00116014	21172.1	1050	105	19416.3	165.079	165.079	660.317	660.317	0 21800.6 885.226 	22685.8	6.12052	6.5039	12399	666.612	0.0169056	0	1.02	1.02
316	0.00203983	0.00116016	21172.5	1050	105	19416	165.157	165.157	660.627	660.627	0 21800.2 885.779 	22686	6.12053	6.5039	12399	666.612	0.0169165	0	1.02	1.02
316.1	0.00203983	0.00116018	21173	1050	105	19415.6	165.234	165.234	660.938	660.938	0 21799.8 886.332 	22686.1	6.12054	6.5039	12399	666.612	0.0169275	0	1.02	1.02
316.2	0.00203983	0.00116021	21173.4	1050	105	19415.3	165.312	165.312	661.249	661.249	0 21799.4 886.886 	22686.3	6.12056	6.5039	12399	666.612	0.0169384	0	1.02	1.02
316.3	0.00203982	0.00116023	21173.9	1050	105	19415	165.39	165.39	661.56	661.56	0 21799 887.44 	22686.4	6.12057	6.5039	12399	666.612	0.0169493	0	1.02	1.02
316.4	0.00203982	0.00116025	21174.3	1050	105	19414.6	165.468	165.468	661.871	661.871	0 21798.6 887.995 	22686.6	6.12058	6.5039	12399	666.612	0.0169603	0	1.02	1.02
316.5	0.00203982	0.00116027	21174.8	1050	105	19414.3	165.545	165.545	662.182	662.182	0 21798.2 888.55 	22686.7	6.12059	6.5039	12399	666.612	0.0169712	0	1.02	1.02
316.6	0.00203982	0.00116029	21175.2	1050	105	19414	165.623	165.623	662.493	662.493	0 21797.8 889.105 	22686.9	6.12061	6.5039	12399	666.612	0.0169822	0	1.02	1.02
316.7	0.00203982	0.00116031	21175.6	1050	105	19413.6	165.701	165.701	662.805	662.805	0 21797.4 889.661 	22687.1	6.12062	6.5039	12399	666.612	0.0169932	0	1.02	1.02
316.8	0.00203982	0.00116033	21176.1	1050	105	19413.3	165.779	165.779	663.116	663.116	0 21797 890.217 	22687.2	6.12063	6.5039	12399	666.612	0.0170042	0	1.02	1.02
316.9	0.00203982	0.00116035	21176.5	1050	105	19413	165.857	165.857	663.428	663.428	0 21796.6 890.774 	22687.4	6.12064	6.5039	12399	666.612	0.0170151	0	1.02	1.02
317	0.00203982	0.00116037	21177	1050	105	19412.6	165.935	165.935	663.74	663.74	0 21796.2 891.331 	22687.5	6.12066	6.5039	12399	666.612	0.0170261	0	1.02	1.02
317.1	0.00203981	0.00116039	21177.4	1050	105	19412.3	166.013	166.013	664.052	664.052	0 21795.8 891.888 	22687.7	6.12067	6.5039	12399	666.612	0.0170371	0	1.02	1.02
317.2	0.00203981	0.00116041	21177.9	1050	105	19412	166.091	166.091	664.364	664.364	0 21795.4 892.445 	22687.8	6.12068	6.5039	12399	666.612	0.0170482	0	1.02	1.02
317.3	0.00203981	0.00116043	21178.3	1050	105	19411.6	166.169	166.169	664.676	664.676	0 21795 893.003 	22688	6.12069	6.5039	12399	666.612	0.0170592	0	1.02	1.02
317.4	0.00203981	0.00116045	21178.8	1050	105	19411.3	166.247	166.247	664.989	664.989	0 21794.6 893.562 	22688.1	6.12071	6.5039	12399	666.612	0.0170702	0	1.02	1.02
317.5	0.00203981	0.00116047	21179.2	1050	105	19411	166.325	166.325	665.301	665.301	0 21794.2 894.12 	22688.3	6.12072	6.5039	12399	666.612	0.0170812	0	1.02	1.02
317.6	0.00203981	0.00116049	21179.7	1050	105	19410.6	166.404	166.404	665.614	665.614	0 21793.8 894.679 	22688.5	6.12073	6.5039	12399	666.612	0.0170923	0	1.02	1.02
317.7	0.00203981	0.00116051	21180.1	1050	105	19410.3	166.482	166.482	665.927	665.927	0 21793.4 895.239 	22688.6	6.12074	6.5039	12399	666.612	0.0171033	0	1.02	1.02
317.8	0.0020398	0.00116053	21180.6	1050	105	19410	166.56	166.56	666.24	666.24	0 21793 895.798 	22688.8	6.12076	6.5039	12399	666.612	0.0171144	0	1.02	1.02
317.9	0.0020398	0.00116055	21181	1050	105	19409.6	166.638	166.638	666.553	666.553	0 21792.6 896.358 	22688.9	6.12077	6.5039	12399	666.612	0.0171254	0	1.02	1.02
318	0.0020398	0.00116057	21181.5	1050	105	19409.3	166.717	166.717	666.866	666.866	0 21792.2 896.919 	22689.1	6.12078	6.5039	12399	666.612	0.0171365	0	1.02	1.02
318.1	0.0020398	0.0011606	21181.9	1050	105	19408.9	166.795	166.795	667.18	667.18	0 21791.8 897.48 	22689.3	6.12079	6.5039	12399	666.612	0.0171476	0	1.02	1.02
318.2	0.0020398	0.00116062	21182.3	1050	105	19408.6	166.873	166.873	667.493	667.493	0 21791.4 898.041 	22689.4	6.12081	6.5039	12399	666.612	0.0171587	0	1.02	1.02
318.3	0.0020398	0.00116064	21182.8	1050	105	19408.3	166.952	166.952	667.807	667.807	0 21791 898.603 	22689.6	6.12082	6.5039	12399	666.612	0.0171698	0	1.02	1.02
318.4	0.0020398	0.00116066	21183.2	1050	105	19407.9	167.03	167.03	668.121	668.121	0 21790.6 899.164 	22689.7	6.12083	6.5039	12399	666.612	0.0171809	0	1.02	1.02
318.5	0.00203979	0.00116068	21183.7	1050	105	19407.6	167.109	167.109	668.435	668.435	0 21790.2 899.727 	22689.9	6.12085	6.5039	12399	666.612	0.017192	0	1.02	1.02
318.6	0.00203979	0.0011607	21184.1	1050	105	19407.3	167.187	167.187	668.749	668.749	0 21789.8 900.289 	22690.1	6.12086	6.5039	12399	666.612	0.0172031	0	1.02	1.02
318.7	0.00203979	0.00116072	21184.6	1050	105	19406.9	167.266	167.266	669.063	669.063	0 21789.4 900.852 	22690.2	6.12087	6.5039	12399	666.612	0.0172142	0	1.02	1.02
318.8	0.00203979	0.00116074	21185	1050	105	19406.6	167.344	167.344	669.377	669.377	0 21789 901.416 	22690.4	6.12089	6.5039	12399	666.612	0.0172253	0	1.02	1.02
318.9	0.00203979	0.00116076	21185.5	1050	105	19406.2	167.423	167.423	669.692	669.692	0 21788.6 901.98 	22690.5	6.1209	6.5039	12399	666.612	0.0172365	0	1.02	1.02
319	0.00203979	0.00116078	21185.9	1050	105	19405.9	167.502	167.502	670.006	670.006	0 21788.2 902.544 	22690.7	6.12091	6.5039	12399	666.612	0.0172476	0	1.02	1.02
319.1	0.00203979	0.0011608	21186.4	1050	105	19405.6	167.58	167.58	670.321	670.321	0 21787.8 903.108 	22690.9	6.12092	6.5039	12399	666.612	0.0172588	0	1.02	1.02
319.2	0.00203978	0.00116082	21186.8	1050	105	19405.2	167.659	167.659	670.636	670.636	0 21787.4 903.673 	22691	6.12094	6.5039	12399	666.612	0.0172699	0	1.02	1.02
319.3	0.00203978	0.00116084	21187.3	1050	105	19404.9	167.738	167.738	670.951	670.951	0 21787 904.238 	22691.2	6.12095	6.5039	12399	666.612	0.0172811	0	1.02	1.02
319.4	0.00203978	0.00116086	21187.7	1050	105	19404.5	167.817	167.817	671.266	671.266	0 21786.6 904.804 	22691.4	6.12096	6.5039	12399	666.612	0.0172923	0	1.02	1.02
319.5	0.00203978	0.00116088	21188.2	1050	105	19404.2	167.895	167.895	671.581	671.581	0 21786.2 905.37 	22691.5	6.12098	6.5039	12399	666.612	0.0173034	0	1.02	1.02
319.6	0.00203978	0.0011609	21188.6	1050	105	19403.9	167.974	167.974	671.897	671.897	0 21785.8 905.936 	22691.7	6.12099	6.5039	12399	666.612	0.0173146	0	1.02	1.02
319.7	0.00203978	0.00116092	21189	1050	105	19403.5	168.053	168.053	672.212	672.212	0 21785.4 906.503 	22691.9	6.121	6.5039	12399	666.612	0.0173258	0	1.02	1.02
319.8	0.00203977	0.00116095	21189.5	1050	105	19403.2	168.132	168.132	672.528	672.528	0 21785 907.07 	22692	6.12102	6.5039	12399	666.612	0.017337	0	1.02	1.02
319.9	0.00203977	0.00116097	21189.9	1050	105	19402.8	168.211	168.211	672.844	672.844	0 21784.6 907.637 	22692.2	6.12103	6.5039	12399	666.612	0.0173482	0	1.02	1.02
320	0.00203977	0.00116099	21190.4	1050	105	19402.5	168.29	168.29	673.16	673.16	0 21784.1 908.205 	22692.4	6.12104	6.5039	12399	666.612	0.0173595	0	1.02	1.02
320.1	0.00203977	0.00116101	21190.8	1050	105	19402.1	168.369	168.369	673.476	673.476	0 21783.7 908.773 	22692.5	6.12106	6.5039	12399	666.612	0.0173707	0	1.02	1.02
320.2	0.00203977	0.00116103	21191.3	1050	105	19401.8	168.448	168.448	673.792	673.792	0 21783.3 909.342 	22692.7	6.12107	6.5039	12399	666.612	0.0173819	0	1.02	1.02
320.3	0.00203977	0.00116105	21191.7	1050	105	19401.5	168.527	168.527	674.109	674.109	0 21782.9 909.91 	22692.9	6.12108	6.5039	12399	666.612	0.0173932	0	1.02	1.02
320.4	0.00203977	0.00116107	21192.2	1050	105	19401.1	168.606	168.606	674.425	674.425	0 21782.5 910.48 	22693	6.1211	6.5039	12399	666.612	0.0174044	0	1.02	1.02
320.5	0.00203976	0.00116109	21192.6	1050	105	19400.8	168.685	168.685	674.742	674.742	0 21782.1 911.049 	22693.2	6.12111	6.5039	12399	666.612	0.0174157	0	1.02	1.02
320.6	0.00203976	0.00116111	21193.1	1050	105	19400.4	168.765	168.765	675.059	675.059	0 21781.7 911.619 	22693.4	6.12112	6.5039	12399	666.612	0.0174269	0	1.02	1.02
320.7	0.00203976	0.00116113	21193.5	1050	105	19400.1	168.844	168.844	675.376	675.376	0 21781.3 912.19 	22693.5	6.12114	6.5039	12399	666.612	0.0174382	0	1.02	1.02
320.8	0.00203976	0.00116115	21194	1050	105	19399.7	168.923	168.923	675.693	675.693	0 21780.9 912.76 	22693.7	6.12115	6.5039	12399	666.612	0.0174495	0	1.02	1.02
320.9	0.00203976	0.00116117	21194.4	1050	105	19399.4	169.003	169.003	676.01	676.01	0 21780.5 913.331 	22693.9	6.12116	6.5039	12399	666.612	0.0174608	0	1.02	1.02
321	0.00203976	0.00116119	21194.9	1050	105	19399	169.082	169.082	676.327	676.327	0 21780.1 913.903 	22694	6.12118	6.5039	12399	666.612	0.017472	0	1.02	1.02
321.1	0.00203976	0.00116121	21195.3	1050	105	19398.7	169.161	169.161	676.645	676.645	0 21779.7 914.474 	22694.2	6.12119	6.5039	12399	666.612	0.0174833	0	1.02	1.02
321.2	0.00203975	0.00116123	21195.8	1050	105	19398.3	169.241	169.241	676.963	676.963	0 21779.3 915.047 	22694.4	6.1212	6.5039	12399	666.612	0.0174947	0	1.02	1.02
321.3	0.00203975	0.00116125	21196.2	1050	105	19398	169.32	169.32	677.28	677.28	0 21778.9 915.619 	22694.5	6.12122	6.5039	12399	666.612	0.017506	0	1.02	1.02
321.4	0.00203975	0.00116127	21196.6	1050	105	19397.7	169.4	169.4	677.598	677.598	0 21778.5 916.192 	22694.7	6.12123	6.5039	12399	666.612	0.0175173	0	1.02	1.02
321.5	0.00203975	0.0011613	21197.1	1050	105	19397.3	169.479	169.479	677.916	677.916	0 21778.1 916.765 	22694.9	6.12125	6.5039	12399	666.612	0.0175286	0	1.02	1.02
321.6	0.00203975	0.00116132	21197.5	1050	105	19397	169.559	169.559	678.234	678.234	0 21777.7 917.339 	22695	6.12126	6.5039	12399	666.612	0.01754	0	1.02	1.02
321.7	0.00203975	0.00116134	21198	1050	105	19396.6	169.638	169.638	678.553	678.553	0 21777.3 917.913 	22695.2	6.12127	6.5039	12399	666.612	0.0175513	0	1.02	1.02
321.8	0.00203974	0.00116136	21198.4	1050	105	19396.3	169.718	169.718	678.871	678.871	0 21776.9 918.487 	22695.4	6.12129	6.5039	12399	666.612	0.0175627	0	1.02	1.02
321.9	0.00203974	0.00116138	21198.9	1050	105	19395.9	169.797	169.797	679.19	679.19	0 21776.5 919.062 	22695.6	6.1213	6.5039	12399	666.612	0.017574	0	1.02	1.02
322	0.00203974	0.0011614	21199.3	1050	105	19395.6	169.877	169.877	679.509	679.509	0 21776.1 919.637 	22695.7	6.12131	6.5039	12399	666.612	0.0175854	0	1.02	1.02
322.1	0.00203974	0.00116142	21199.8	1050	105	19395.2	169.957	169.957	679.827	679.827	0 21775.7 920.212 	22695.9	6.12133	6.5039	12399	666.612	0.0175968	0	1.02	1.02
322.2	0.00203974	0.00116144	21200.2	1050	105	19394.9	170.037	170.037	680.147	680.147	0 21775.3 920.788 	22696.1	6.12134	6.5039	12399	666.612	0.0176081	0	1.02	1.02
322.3	0.00203974	0.00116146	21200.7	1050	105	19394.5	170.116	170.116	680.466	680.466	0 21774.9 921.364 	22696.3	6.12136	6.5039	12399	666.612	0.0176195	0	1.02	1.02
322.4	0.00203974	0.00116148	21201.1	1050	105	19394.2	170.196	170.196	680.785	680.785	0 21774.5 921.94 	22696.4	6.12137	6.5039	12399	666.612	0.0176309	0	1.02	1.02
322.5	0.00203973	0.0011615	21201.6	1050	105	19393.8	170.276	170.276	681.104	681.104	0 21774.1 922.517 	22696.6	6.12138	6.5039	12399	666.612	0.0176423	0	1.02	1.02
322.6	0.00203973	0.00116152	21202	1050	105	19393.5	170.356	170.356	681.424	681.424	0 21773.7 923.095 	22696.8	6.1214	6.5039	12399	666.612	0.0176537	0	1.02	1.02
322.7	0.00203973	0.00116154	21202.5	1050	105	19393.1	170.436	170.436	681.744	681.744	0 21773.3 923.672 	22696.9	6.12141	6.5039	12399	666.612	0.0176652	0	1.02	1.02
322.8	0.00203973	0.00116156	21202.9	1050	105	19392.7	170.516	170.516	682.064	682.064	0 21772.9 924.25 	22697.1	6.12143	6.5039	12399	666.612	0.0176766	0	1.02	1.02
322.9	0.00203973	0.00116158	21203.4	1050	105	19392.4	170.596	170.596	682.384	682.384	0 21772.5 924.828 	22697.3	6.12144	6.5039	12399	666.612	0.017688	0	1.02	1.02
323	0.00203973	0.0011616	21203.8	1050	105	19392	170.676	170.676	682.704	682.704	0 21772.1 925.407 	22697.5	6.12145	6.5039	12399	666.612	0.0176995	0	1.02	1.02
323.1	0.00203972	0.00116163	21204.3	1050	105	19391.7	170.756	170.756	683.024	683.024	0 21771.7 925.986 	22697.6	6.12147	6.5039	12399	666.612	0.0177109	0	1.02	1.02
323.2	0.00203972	0.00116165	21204.7	1050	105	19391.3	170.836	170.836	683.344	683.344	0 21771.3 926.566 	22697.8	6.12148	6.5039	12399	666.612	0.0177224	0	1.02	1.02
323.3	0.00203972	0.00116167	21205.1	1050	105	19391	170.916	170.916	683.665	683.665	0 21770.9 927.145 	22698	6.1215	6.5039	12399	666.612	0.0177338	0	1.02	1.02
323.4	0.00203972	0.00116169	21205.6	1050	105	19390.6	170.996	170.996	683.986	683.986	0 21770.5 927.725 	22698.2	6.12151	6.5039	12399	666.612	0.0177453	0	1.02	1.02
323.5	0.00203972	0.00116171	21206	1050	105	19390.3	171.077	171.077	684.306	684.306	0 21770 928.306 	22698.4	6.12152	6.5039	12399	666.612	0.0177568	0	1.02	1.02
323.6	0.00203972	0.00116173	21206.5	1050	105	19389.9	171.157	171.157	684.627	684.627	0 21769.6 928.887 	22698.5	6.12154	6.5039	12399	666.612	0.0177683	0	1.02	1.02
323.7	0.00203972	0.00116175	21206.9	1050	105	19389.6	171.237	171.237	684.948	684.948	0 21769.2 929.468 	22698.7	6.12155	6.5039	12399	666.612	0.0177798	0	1.02	1.02
323.8	0.00203971	0.00116177	21207.4	1050	105	19389.2	171.317	171.317	685.27	685.27	0 21768.8 930.05 	22698.9	6.12157	6.5039	12399	666.612	0.0177913	0	1.02	1.02
323.9	0.00203971	0.00116179	21207.8	1050	105	19388.9	171.398	171.398	685.591	685.591	0 21768.4 930.632 	22699.1	6.12158	6.5039	12399	666.612	0.0178028	0	1.02	1.02
324	0.00203971	0.00116181	21208.3	1050	105	19388.5	171.478	171.478	685.912	685.912	0 21768 931.214 	22699.2	6.1216	6.5039	12399	666.612	0.0178143	0	1.02	1.02
324.1	0.00203971	0.00116183	21208.7	1050	105	19388.1	171.559	171.559	686.234	686.234	0 21767.6 931.797 	22699.4	6.12161	6.5039	12399	666.612	0.0178258	0	1.02	1.02
324.2	0.00203971	0.00116185	21209.2	1050	105	19387.8	171.639	171.639	686.556	686.556	0 21767.2 932.38 	22699.6	6.12162	6.5039	12399	666.612	0.0178373	0	1.02	1.02
324.3	0.00203971	0.00116187	21209.6	1050	105	19387.4	171.719	171.719	686.878	686.878	0 21766.8 932.963 	22699.8	6.12164	6.5039	12399	666.612	0.0178489	0	1.02	1.02
324.4	0.0020397	0.00116189	21210.1	1050	105	19387.1	171.8	171.8	687.2	687.2	0 21766.4 933.547 	22700	6.12165	6.5039	12399	666.612	0.0178604	0	1.02	1.02
324.5	0.0020397	0.00116191	21210.5	1050	105	19386.7	171.881	171.881	687.522	687.522	0 21766 934.131 	22700.1	6.12167	6.5039	12399	666.612	0.017872	0	1.02	1.02
324.6	0.0020397	0.00116194	21211	1050	105	19386.4	171.961	171.961	687.844	687.844	0 21765.6 934.715 	22700.3	6.12168	6.5039	12399	666.612	0.0178835	0	1.02	1.02
324.7	0.0020397	0.00116196	21211.4	1050	105	19386	172.042	172.042	688.167	688.167	0 21765.2 935.3 	22700.5	6.1217	6.5039	12399	666.612	0.0178951	0	1.02	1.02
324.8	0.0020397	0.00116198	21211.9	1050	105	19385.6	172.122	172.122	688.49	688.49	0 21764.8 935.885 	22700.7	6.12171	6.5039	12399	666.612	0.0179067	0	1.02	1.02
324.9	0.0020397	0.001162	21212.3	1050	105	19385.3	172.203	172.203	688.812	688.812	0 21764.4 936.471 	22700.9	6.12173	6.5039	12399	666.612	0.0179183	0	1.02	1.02
325	0.00203969	0.00116202	21212.8	1050	105	19384.9	172.284	172.284	689.135	689.135	0 21764 937.057 	22701	6.12174	6.5039	12399	666.612	0.0179298	0	1.02	1.02
325.1	0.00203969	0.00116204	21213.2	1050	105	19384.6	172.365	172.365	689.458	689.458	0 21763.6 937.643 	22701.2	6.12175	6.5039	12399	666.612	0.0179414	0	1.02	1.02
325.2	0.00203969	0.00116206	21213.7	1050	105	19384.2	172.445	172.445	689.781	689.781	0 21763.2 938.23 	22701.4	6.12177	6.5039	12399	666.612	0.017953	0	1.02	1.02
325.3	0.00203969	0.00116208	21214.1	1050	105	19383.8	172.526	172.526	690.105	690.105	0 21762.8 938.817 	22701.6	6.12178	6.5039	12399	666.612	0.0179647	0	1.02	1.02
325.4	0.00203969	0.0011621	21214.6	1050	105	19383.5	172.607	172.607	690.428	690.428	0 21762.4 939.404 	22701.8	6.1218	6.5039	12399	666.612	0.0179763	0	1.02	1.02
325.5	0.00203969	0.00116212	21215	1050	105	19383.1	172.688	172.688	690.752	690.752	0 21762 939.992 	22702	6.12181	6.5039	12399	666.612	0.0179879	0	1.02	1.02
325.6	0.00203968	0.00116214	21215.4	1050	105	19382.8	172.769	172.769	691.076	691.076	0 21761.6 940.58 	22702.1	6.12183	6.5039	12399	666.612	0.0179995	0	1.02	1.02
325.7	0.00203968	0.00116216	21215.9	1050	105	19382.4	172.85	172.85	691.399	691.399	0 21761.2 941.169 	22702.3	6.12184	6.5039	12399	666.612	0.0180112	0	1.02	1.02
325.8	0.00203968	0.00116218	21216.3	1050	105	19382	172.931	172.931	691.723	691.723	0 21760.8 941.758 	22702.5	6.12186	6.5039	12399	666.612	0.0180228	0	1.02	1.02
325.9	0.00203968	0.0011622	21216.8	1050	105	19381.7	173.012	173.012	692.048	692.048	0 21760.3 942.347 	22702.7	6.12187	6.5039	12399	666.612	0.0180345	0	1.02	1.02
326	0.00203968	0.00116222	21217.2	1050	105	19381.3	173.093	173.093	692.372	692.372	0 21759.9 942.936 	22702.9	6.12189	6.5039	12399	666.612	0.0180462	0	1.02	1.02
326.1	0.00203968	0.00116225	21217.7	1050	105	19380.9	173.174	173.174	692.696	692.696	0 21759.5 943.526 	22703.1	6.1219	6.5039	12399	666.612	0.0180578	0	1.02	1.02
326.2	0.00203968	0.00116227	21218.1	1050	105	19380.6	173.255	173.255	693.021	693.021	0 21759.1 944.117 	22703.2	6.12192	6.5039	12399	666.612	0.0180695	0	1.02	1.02
326.3	0.00203967	0.00116229	21218.6	1050	105	19380.2	173.336	173.336	693.346	693.346	0 21758.7 944.707 	22703.4	6.12193	6.5039	12399	666.612	0.0180812	0	1.02	1.02
326.4	0.00203967	0.00116231	21219	1050	105	19379.9	173.418	173.418	693.67	693.67	0 21758.3 945.298 	22703.6	6.12195	6.5039	12399	666.612	0.0180929	0	1.02	1.02
326.5	0.00203967	0.00116233	21219.5	1050	105	19379.5	173.499	173.499	693.995	693.995	0 21757.9 945.89 	22703.8	6.12196	6.5039	12399	666.612	0.0181046	0	1.02	1.02
326.6	0.00203967	0.00116235	21219.9	1050	105	19379.1	173.58	173.58	694.321	694.321	0 21757.5 946.482 	22704	6.12198	6.5039	12399	666.612	0.0181163	0	1.02	1.02
326.7	0.00203967	0.00116237	21220.4	1050	105	19378.8	173.661	173.661	694.646	694.646	0 21757.1 947.074 	22704.2	6.12199	6.5039	12399	666.612	0.018128	0	1.02	1.02
326.8	0.00203967	0.00116239	21220.8	1050	105	19378.4	173.743	173.743	694.971	694.971	0 21756.7 947.666 	22704.4	6.12201	6.5039	12399	666.612	0.0181397	0	1.02	1.02
326.9	0.00203966	0.00116241	21221.3	1050	105	19378	173.824	173.824	695.297	695.297	0 21756.3 948.259 	22704.6	6.12202	6.5039	12399	666.612	0.0181515	0	1.02	1.02
327	0.00203966	0.00116243	21221.7	1050	105	19377.7	173.906	173.906	695.622	695.622	0 21755.9 948.852 	22704.7	6.12204	6.5039	12399	666.612	0.0181632	0	1.02	1.02
327.1	0.00203966	0.00116245	21222.2	1050	105	19377.3	173.987	173.987	695.948	695.948	0 21755.5 949.446 	22704.9	6.12205	6.5039	12399	666.612	0.018175	0	1.02	1.02
327.2	0.00203966	0.00116247	21222.6	1050	105	19376.9	174.069	174.069	696.274	696.274	0 21755.1 950.04 	22705.1	6.12207	6.5039	12399	666.612	0.0181867	0	1.02	1.02
327.3	0.00203966	0.00116249	21223.1	1050	105	19376.6	174.15	174.15	696.6	696.6	0 21754.7 950.634 	22705.3	6.12208	6.5039	12399	666.612	0.0181985	0	1.02	1.02
327.4	0.00203966	0.00116251	21223.5	1050	105	19376.2	174.232	174.232	696.927	696.927	0 21754.3 951.229 	22705.5	6.1221	6.5039	12399	666.612	0.0182102	0	1.02	1.02
327.5	0.00203965	0.00116254	21224	1050	105	19375.8	174.313	174.313	697.253	697.253	0 21753.9 951.824 	22705.7	6.12211	6.5039	12399	666.612	0.018222	0	1.02	1.02
327.6	0.00203965	0.00116256	21224.4	1050	105	19375.5	174.395	174.395	697.579	697.579	0 21753.5 952.419 	22705.9	6.12213	6.5039	12399	666.612	0.0182338	0	1.02	1.02
327.7	0.00203965	0.00116258	21224.9	1050	105	19375.1	174.477	174.477	697.906	697.906	0 21753 953.015 	22706.1	6.12214	6.5039	12399	666.612	0.0182456	0	1.02	1.02
327.8	0.00203965	0.0011626	21225.3	1050	105	19374.7	174.558	174.558	698.233	698.233	0 21752.6 953.611 	22706.3	6.12216	6.5039	12399	666.612	0.0182574	0	1.02	1.02
327.9	0.00203965	0.00116262	21225.8	1050	105	19374.4	174.64	174.64	698.56	698.56	0 21752.2 954.207 	22706.4	6.12217	6.5039	12399	666.612	0.0182692	0	1.02	1.02
328	0.00203964	0.00116264	21226.2	1050	105	19374	174.722	174.722	698.887	698.887	0 21751.8 954.804 	22706.6	6.12219	6.5039	12399	666.612	0.018281	0	1.02	1.02
328.1	0.00203964	0.00116266	21226.7	1050	105	19373.6	174.804	174.804	699.214	699.214	0 21751.4 955.401 	22706.8	6.1222	6.5039	12399	666.612	0.0182928	0	1.02	1.02
328.2	0.00203964	0.00116268	21227.1	1050	105	19373.3	174.885	174.885	699.542	699.542	0 21751 955.999 	22707	6.12222	6.5039	12399	666.612	0.0183047	0	1.02	1.02
328.3	0.00203964	0.0011627	21227.6	1050	105	19372.9	174.967	174.967	699.869	699.869	0 21750.6 956.597 	22707.2	6.12223	6.5039	12399	666.612	0.0183165	0	1.02	1.02
328.4	0.00203964	0.00116272	21228	1050	105	19372.5	175.049	175.049	700.197	700.197	0 21750.2 957.195 	22707.4	6.12225	6.5039	12399	666.612	0.0183283	0	1.02	1.02
328.5	0.00203964	0.00116274	21228.5	1050	105	19372.1	175.131	175.131	700.524	700.524	0 21749.8 957.794 	22707.6	6.12226	6.5039	12399	666.612	0.0183402	0	1.02	1.02
328.6	0.00203963	0.00116276	21228.9	1050	105	19371.8	175.213	175.213	700.852	700.852	0 21749.4 958.393 	22707.8	6.12228	6.5039	12399	666.612	0.018352	0	1.02	1.02
328.7	0.00203963	0.00116278	21229.4	1050	105	19371.4	175.295	175.295	701.18	701.18	0 21749 958.992 	22708	6.12229	6.5039	12399	666.612	0.0183639	0	1.02	1.02
328.8	0.00203963	0.0011628	21229.8	1050	105	19371	175.377	175.377	701.509	701.509	0 21748.6 959.592 	22708.2	6.12231	6.5039	12399	666.612	0.0183758	0	1.02	1.02
328.9	0.00203963	0.00116283	21230.3	1050	105	19370.7	175.459	175.459	701.837	701.837	0 21748.2 960.192 	22708.4	6.12233	6.5039	12399	666.612	0.0183877	0	1.02	1.02
329	0.00203963	0.00116285	21230.7	1050	105	19370.3	175.541	175.541	702.166	702.166	0 21747.8 960.793 	22708.6	6.12234	6.5039	12399	666.612	0.0183996	0	1.02	1.02
329.1	0.00203963	0.00116287	21231.2	1050	105	19369.9	175.624	175.624	702.494	702.494	0 21747.4 961.393 	22708.8	6.12236	6.5039	12399	666.612	0.0184114	0	1.02	1.02
329.2	0.00203962	0.00116289	21231.6	1050	105	19369.5	175.706	175.706	702.823	702.823	0 21747 961.995 	22708.9	6.12237	6.5039	12399	666.612	0.0184234	0	1.02	1.02
329.3	0.00203962	0.00116291	21232	1050	105	19369.2	175.788	175.788	703.152	703.152	0 21746.5 962.596 	22709.1	6.12239	6.5039	12399	666.612	0.0184353	0	1.02	1.02
329.4	0.00203962	0.00116293	21232.5	1050	105	19368.8	175.87	175.87	703.481	703.481	0 21746.1 963.198 	22709.3	6.1224	6.5039	12399	666.612	0.0184472	0	1.02	1.02
329.5	0.00203962	0.00116295	21232.9	1050	105	19368.4	175.953	175.953	703.81	703.81	0 21745.7 963.8 	22709.5	6.12242	6.5039	12399	666.612	0.0184591	0	1.02	1.02
329.6	0.00203962	0.00116297	21233.4	1050	105	19368	176.035	176.035	704.139	704.139	0 21745.3 964.403 	22709.7	6.12243	6.5039	12399	666.612	0.018471	0	1.02	1.02
329.7	0.00203962	0.00116299	21233.8	1050	105	19367.7	176.117	176.117	704.469	704.469	0 21744.9 965.006 	22709.9	6.12245	6.5039	12399	666.612	0.018483	0	1.02	1.02
329.8	0.00203961	0.00116301	21234.3	1050	105	19367.3	176.2	176.2	704.798	704.798	0 21744.5 965.609 	22710.1	6.12247	6.5039	12399	666.612	0.0184949	0	1.02	1.02
329.9	0.00203961	0.00116303	21234.7	1050	105	19366.9	176.282	176.282	705.128	705.128	0 21744.1 966.213 	22710.3	6.12248	6.5039	12399	666.612	0.0185069	0	1.02	1.02
330	0.00203961	0.00116305	21235.2	1050	105	19366.5	176.365	176.365	705.458	705.458	0 21743.7 966.817 	22710.5	6.1225	6.5039	12399	666.612	0.0185188	0	1.02	1.02
330.1	0.00203961	0.00116307	21235.6	1050	105	19366.2	176.447	176.447	705.788	705.788	0 21743.3 967.422 	22710.7	6.12251	6.5039	12399	666.612	0.0185308	0	1.02	1.02
330.2	0.00203961	0.0011631	21236.1	1050	105	19365.8	176.53	176.53	706.118	706.118	0 21742.9 968.026 	22710.9	6.12253	6.5039	12399	666.612	0.0185428	0	1.02	1.02
330.3	0.00203961	0.00116312	21236.5	1050	105	19365.4	176.612	176.612	706.449	706.449	0 21742.5 968.632 	22711.1	6.12254	6.5039	12399	666.612	0.0185548	0	1.02	1.02
330.4	0.0020396	0.00116314	21237	1050	105	19365	176.695	176.695	706.779	706.779	0 21742.1 969.237 	22711.3	6.12256	6.5039	12399	666.612	0.0185668	0	1.02	1.02
330.5	0.0020396	0.00116316	21237.4	1050	105	19364.7	176.777	176.777	707.11	707.11	0 21741.7 969.843 	22711.5	6.12258	6.5039	12399	666.612	0.0185788	0	1.02	1.02
330.6	0.0020396	0.00116318	21237.9	1050	105	19364.3	176.86	176.86	707.44	707.44	0 21741.3 970.449 	22711.7	6.12259	6.5039	12399	666.612	0.0185908	0	1.02	1.02
330.7	0.0020396	0.0011632	21238.3	1050	105	19363.9	176.943	176.943	707.771	707.771	0 21740.8 971.056 	22711.9	6.12261	6.5039	12399	666.612	0.0186028	0	1.02	1.02
330.8	0.0020396	0.00116322	21238.8	1050	105	19363.5	177.026	177.026	708.102	708.102	0 21740.4 971.663 	22712.1	6.12262	6.5039	12399	666.612	0.0186148	0	1.02	1.02
330.9	0.00203959	0.00116324	21239.2	1050	105	19363.2	177.108	177.108	708.433	708.433	0 21740 972.27 	22712.3	6.12264	6.5039	12399	666.612	0.0186268	0	1.02	1.02
331	0.00203959	0.00116326	21239.7	1050	105	19362.8	177.191	177.191	708.765	708.765	0 21739.6 972.878 	22712.5	6.12266	6.5039	12399	666.612	0.0186389	0	1.02	1.02
331.1	0.00203959	0.00116328	21240.1	1050	105	19362.4	177.274	177.274	709.096	709.096	0 21739.2 973.486 	22712.7	6.12267	6.5039	12399	666.612	0.0186509	0	1.02	1.02
331.2	0.00203959	0.0011633	21240.6	1050	105	19362	177.357	177.357	709.428	709.428	0 21738.8 974.094 	22712.9	6.12269	6.5039	12399	666.612	0.018663	0	1.02	1.02
331.3	0.00203959	0.00116332	21241	1050	105	19361.6	177.44	177.44	709.76	709.76	0 21738.4 974.703 	22713.1	6.1227	6.5039	12399	666.612	0.018675	0	1.02	1.02
331.4	0.00203959	0.00116335	21241.5	1050	105	19361.3	177.523	177.523	710.091	710.091	0 21738 975.312 	22713.3	6.12272	6.5039	12399	666.612	0.0186871	0	1.02	1.02
331.5	0.00203958	0.00116337	21241.9	1050	105	19360.9	177.606	177.606	710.423	710.423	0 21737.6 975.922 	22713.5	6.12274	6.5039	12399	666.612	0.0186992	0	1.02	1.02
331.6	0.00203958	0.00116339	21242.4	1050	105	19360.5	177.689	177.689	710.756	710.756	0 21737.2 976.532 	22713.7	6.12275	6.5039	12399	666.612	0.0187113	0	1.02	1.02
331.7	0.00203958	0.00116341	21242.8	1050	105	19360.1	177.772	177.772	711.088	711.088	0 21736.8 977.142 	22713.9	6.12277	6.5039	12399	666.612	0.0187234	0	1.02	1.02
331.8	0.00203958	0.00116343	21243.3	1050	105	19359.7	177.855	177.855	711.42	711.42	0 21736.4 977.753 	22714.1	6.12279	6.5039	12399	666.612	0.0187354	0	1.02	1.02
331.9	0.00203958	0.00116345	21243.7	1050	105	19359.4	177.938	177.938	711.753	711.753	0 21736 978.364 	22714.3	6.1228	6.5039	12399	666.612	0.0187476	0	1.02	1.02
332	0.00203957	0.00116347	21244.2	1050	105	19359	178.021	178.021	712.086	712.086	0 21735.5 978.975 	22714.5	6.12282	6.5039	12399	666.612	0.0187597	0	1.02	1.02
332.1	0.00203957	0.00116349	21244.6	1050	105	19358.6	178.105	178.105	712.418	712.418	0 21735.1 979.587 	22714.7	6.12283	6.5039	12399	666.612	0.0187718	0	1.02	1.02
332.2	0.00203957	0.00116351	21245.1	1050	105	19358.2	178.188	178.188	712.751	712.751	0 21734.7 980.199 	22714.9	6.12285	6.5039	12399	666.612	0.0187839	0	1.02	1.02
332.3	0.00203957	0.00116353	21245.5	1050	105	19357.8	178.271	178.271	713.085	713.085	0 21734.3 980.811 	22715.1	6.12287	6.5039	12399	666.612	0.018796	0	1.02	1.02
332.4	0.00203957	0.00116355	21246	1050	105	19357.4	178.354	178.354	713.418	713.418	0 21733.9 981.424 	22715.3	6.12288	6.5039	12399	666.612	0.0188082	0	1.02	1.02
332.5	0.00203957	0.00116357	21246.4	1050	105	19357.1	178.438	178.438	713.751	713.751	0 21733.5 982.037 	22715.5	6.1229	6.5039	12399	666.612	0.0188203	0	1.02	1.02
332.6	0.00203956	0.0011636	21246.9	1050	105	19356.7	178.521	178.521	714.085	714.085	0 21733.1 982.651 	22715.7	6.12292	6.5039	12399	666.612	0.0188325	0	1.02	1.02
332.7	0.00203956	0.00116362	21247.3	1050	105	19356.3	178.605	178.605	714.418	714.418	0 21732.7 983.264 	22715.9	6.12293	6.5039	12399	666.612	0.0188447	0	1.02	1.02
332.8	0.00203956	0.00116364	21247.8	1050	105	19355.9	178.688	178.688	714.752	714.752	0 21732.3 983.879 	22716.2	6.12295	6.5039	12399	666.612	0.0188568	0	1.02	1.02
332.9	0.00203956	0.00116366	21248.2	1050	105	19355.5	178.772	178.772	715.086	715.086	0 21731.9 984.493 	22716.4	6.12296	6.5039	12399	666.612	0.018869	0	1.02	1.02
333	0.00203956	0.00116368	21248.7	1050	105	19355.1	178.855	178.855	715.42	715.42	0 21731.5 985.108 	22716.6	6.12298	6.5039	12399	666.612	0.0188812	0	1.02	1.02
333.1	0.00203955	0.0011637	21249.1	1050	105	19354.8	178.939	178.939	715.755	715.755	0 21731 985.723 	22716.8	6.123	6.5039	12399	666.612	0.0188934	0	1.02	1.02
333.2	0.00203955	0.00116372	21249.6	1050	105	19354.4	179.022	179.022	716.089	716.089	0 21730.6 986.339 	22717	6.12301	6.5039	12399	666.612	0.0189056	0	1.02	1.02
333.3	0.00203955	0.00116374	21250	1050	105	19354	179.106	179.106	716.424	716.424	0 21730.2 986.955 	22717.2	6.12303	6.5039	12399	666.612	0.0189178	0	1.02	1.02
333.4	0.00203955	0.00116376	21250.5	1050	105	19353.6	179.19	179.19	716.758	716.758	0 21729.8 987.572 	22717.4	6.12305	6.5039	12399	666.612	0.01893	0	1.02	1.02
333.5	0.00203955	0.00116378	21250.9	1050	105	19353.2	179.273	179.273	717.093	717.093	0 21729.4 988.188 	22717.6	6.12306	6.5039	12399	666.612	0.0189422	0	1.02	1.02
333.6	0.00203955	0.0011638	21251.4	1050	105	19352.8	179.357	179.357	717.428	717.428	0 21729 988.805 	22717.8	6.12308	6.5039	12399	666.612	0.0189545	0	1.02	1.02
333.7	0.00203954	0.00116382	21251.8	1050	105	19352.4	179.441	179.441	717.763	717.763	0 21728.6 989.423 	22718	6.1231	6.5039	12399	666.612	0.0189667	0	1.02	1.02
333.8	0.00203954	0.00116385	21252.3	1050	105	19352	179.525	179.525	718.099	718.099	0 21728.2 990.041 	22718.2	6.12311	6.5039	12399	666.612	0.018979	0	1.02	1.02
333.9	0.00203954	0.00116387	21252.7	1050	105	19351.7	179.608	179.608	718.434	718.434	0 21727.8 990.659 	22718.4	6.12313	6.5039	12399	666.612	0.0189912	0	1.02	1.02
334	0.00203954	0.00116389	21253.2	1050	105	19351.3	179.692	179.692	718.769	718.769	0 21727.4 991.278 	22718.6	6.12315	6.5039	12399	666.612	0.0190035	0	1.02	1.02
334.1	0.00203954	0.00116391	21253.6	1050	105	19350.9	179.776	179.776	719.105	719.105	0 21727 991.897 	22718.9	6.12316	6.5039	12399	666.612	0.0190157	0	1.02	1.02
334.2	0.00203953	0.00116393	21254.1	1050	105	19350.5	179.86	179.86	719.441	719.441	0 21726.5 992.516 	22719.1	6.12318	6.5039	12399	666.612	0.019028	0	1.02	1.02
334.3	0.00203953	0.00116395	21254.5	1050	105	19350.1	179.944	179.944	719.777	719.777	0 21726.1 993.135 	22719.3	6.1232	6.5039	12399	666.612	0.0190403	0	1.02	1.02
334.4	0.00203953	0.00116397	21255	1050	105	19349.7	180.028	180.028	720.113	720.113	0 21725.7 993.755 	22719.5	6.12321	6.5039	12399	666.612	0.0190526	0	1.02	1.02
334.5	0.00203953	0.00116399	21255.5	1050	105	19349.3	180.112	180.112	720.449	720.449	0 21725.3 994.376 	22719.7	6.12323	6.5039	12399	666.612	0.0190649	0	1.02	1.02
334.6	0.00203953	0.00116401	21255.9	1050	105	19348.9	180.196	180.196	720.786	720.786	0 21724.9 994.997 	22719.9	6.12325	6.5039	12399	666.612	0.0190772	0	1.02	1.02
334.7	0.00203953	0.00116403	21256.4	1050	105	19348.5	180.281	180.281	721.122	721.122	0 21724.5 995.618 	22720.1	6.12326	6.5039	12399	666.612	0.0190895	0	1.02	1.02
334.8	0.00203952	0.00116405	21256.8	1050	105	19348.2	180.365	180.365	721.459	721.459	0 21724.1 996.239 	22720.3	6.12328	6.5039	12399	666.612	0.0191018	0	1.02	1.02
334.9	0.00203952	0.00116408	21257.3	1050	105	19347.8	180.449	180.449	721.796	721.796	0 21723.7 996.861 	22720.5	6.1233	6.5039	12399	666.612	0.0191142	0	1.02	1.02
335	0.00203952	0.0011641	21257.7	1050	105	19347.4	180.533	180.533	722.133	722.133	0 21723.3 997.483 	22720.8	6.12332	6.5039	12399	666.612	0.0191265	0	1.02	1.02
335.1	0.00203952	0.00116412	21258.2	1050	105	19347	180.617	180.617	722.47	722.47	0 21722.9 998.106 	22721	6.12333	6.5039	12399	666.612	0.0191388	0	1.02	1.02
335.2	0.00203952	0.00116414	21258.6	1050	105	19346.6	180.702	180.702	722.807	722.807	0 21722.4 998.729 	22721.2	6.12335	6.5039	12399	666.612	0.0191512	0	1.02	1.02
335.3	0.00203951	0.00116416	21259.1	1050	105	19346.2	180.786	180.786	723.144	723.144	0 21722 999.352 	22721.4	6.12337	6.5039	12399	666.612	0.0191635	0	1.02	1.02
335.4	0.00203951	0.00116418	21259.5	1050	105	19345.8	180.871	180.871	723.482	723.482	0 21721.6 999.976 	22721.6	6.12338	6.5039	12399	666.612	0.0191759	0	1.02	1.02
335.5	0.00203951	0.0011642	21260	1050	105	19345.4	180.955	180.955	723.82	723.82	0 21721.2 1000.6 	22721.8	6.1234	6.5039	12399	666.612	0.0191883	0	1.02	1.02
335.6	0.00203951	0.00116422	21260.4	1050	105	19345	181.039	181.039	724.158	724.158	0 21720.8 1001.22 	22722	6.12342	6.5039	12399	666.612	0.0192007	0	1.02	1.02
335.7	0.00203951	0.00116424	21260.9	1050	105	19344.6	181.124	181.124	724.495	724.495	0 21720.4 1001.85 	22722.2	6.12343	6.5039	12399	666.612	0.0192131	0	1.02	1.02
335.8	0.0020395	0.00116426	21261.3	1050	105	19344.2	181.208	181.208	724.834	724.834	0 21720 1002.47 	22722.5	6.12345	6.5039	12399	666.612	0.0192254	0	1.02	1.02
335.9	0.0020395	0.00116428	21261.8	1050	105	19343.8	181.293	181.293	725.172	725.172	0 21719.6 1003.1 	22722.7	6.12347	6.5039	12399	666.612	0.0192379	0	1.02	1.02
336	0.0020395	0.00116431	21262.2	1050	105	19343.4	181.378	181.378	725.51	725.51	0 21719.2 1003.72 	22722.9	6.12349	6.5039	12399	666.612	0.0192503	0	1.02	1.02
336.1	0.0020395	0.00116433	21262.7	1050	105	19343	181.462	181.462	725.849	725.849	0 21718.8 1004.35 	22723.1	6.1235	6.5039	12399	666.612	0.0192627	0	1.02	1.02
336.2	0.0020395	0.00116435	21263.1	1050	105	19342.7	181.547	181.547	726.187	726.187	0 21718.3 1004.98 	22723.3	6.12352	6.5039	12399	666.612	0.0192751	0	1.02	1.02
336.3	0.00203949	0.00116437	21263.6	1050	105	19342.3	181.632	181.632	726.526	726.526	0 21717.9 1005.6 	22723.5	6.12354	6.5039	12399	666.612	0.0192875	0	1.02	1.02
336.4	0.00203949	0.00116439	21264	1050	105	19341.9	181.716	181.716	726.865	726.865	0 21717.5 1006.23 	22723.8	6.12356	6.5039	12399	666.612	0.0193	0	1.02	1.02
336.5	0.00203949	0.00116441	21264.5	1050	105	19341.5	181.801	181.801	727.204	727.204	0 21717.1 1006.86 	22724	6.12357	6.5039	12399	666.612	0.0193124	0	1.02	1.02
336.6	0.00203949	0.00116443	21264.9	1050	105	19341.1	181.886	181.886	727.544	727.544	0 21716.7 1007.49 	22724.2	6.12359	6.5039	12399	666.612	0.0193249	0	1.02	1.02
336.7	0.00203949	0.00116445	21265.4	1050	105	19340.7	181.971	181.971	727.883	727.883	0 21716.3 1008.12 	22724.4	6.12361	6.5039	12399	666.612	0.0193373	0	1.02	1.02
336.8	0.00203949	0.00116447	21265.8	1050	105	19340.3	182.056	182.056	728.222	728.222	0 21715.9 1008.74 	22724.6	6.12362	6.5039	12399	666.612	0.0193498	0	1.02	1.02
336.9	0.00203948	0.00116449	21266.3	1050	105	19339.9	182.141	182.141	728.562	728.562	0 21715.5 1009.37 	22724.8	6.12364	6.5039	12399	666.612	0.0193623	0	1.02	1.02
337	0.00203948	0.00116451	21266.7	1050	105	19339.5	182.225	182.225	728.902	728.902	0 21715.1 1010 	22725.1	6.12366	6.5039	12399	666.612	0.0193748	0	1.02	1.02
337.1	0.00203948	0.00116454	21267.2	1050	105	19339.1	182.31	182.31	729.242	729.242	0 21714.6 1010.63 	22725.3	6.12368	6.5039	12399	666.612	0.0193873	0	1.02	1.02
337.2	0.00203948	0.00116456	21267.6	1050	105	19338.7	182.396	182.396	729.582	729.582	0 21714.2 1011.26 	22725.5	6.12369	6.5039	12399	666.612	0.0193998	0	1.02	1.02
337.3	0.00203948	0.00116458	21268.1	1050	105	19338.3	182.481	182.481	729.922	729.922	0 21713.8 1011.89 	22725.7	6.12371	6.5039	12399	666.612	0.0194123	0	1.02	1.02
337.4	0.00203947	0.0011646	21268.5	1050	105	19337.9	182.566	182.566	730.263	730.263	0 21713.4 1012.52 	22725.9	6.12373	6.5039	12399	666.612	0.0194248	0	1.02	1.02
337.5	0.00203947	0.00116462	21269	1050	105	19337.5	182.651	182.651	730.603	730.603	0 21713 1013.16 	22726.2	6.12375	6.5039	12399	666.612	0.0194373	0	1.02	1.02
337.6	0.00203947	0.00116464	21269.4	1050	105	19337.1	182.736	182.736	730.944	730.944	0 21712.6 1013.79 	22726.4	6.12376	6.5039	12399	666.612	0.0194498	0	1.02	1.02
337.7	0.00203947	0.00116466	21269.9	1050	105	19336.7	182.821	182.821	731.285	731.285	0 21712.2 1014.42 	22726.6	6.12378	6.5039	12399	666.612	0.0194624	0	1.02	1.02
337.8	0.00203947	0.00116468	21270.4	1050	105	19336.3	182.906	182.906	731.626	731.626	0 21711.8 1015.05 	22726.8	6.1238	6.5039	12399	666.612	0.0194749	0	1.02	1.02
337.9	0.00203946	0.0011647	21270.8	1050	105	19335.9	182.992	182.992	731.967	731.967	0 21711.3 1015.68 	22727	6.12382	6.5039	12399	666.612	0.0194875	0	1.02	1.02
338	0.00203946	0.00116472	21271.3	1050	105	19335.5	183.077	183.077	732.308	732.308	0 21710.9 1016.32 	22727.3	6.12384	6.5039	12399	666.612	0.0195	0	1.02	1.02
338.1	0.00203946	0.00116475	21271.7	1050	105	19335.1	183.162	183.162	732.649	732.649	0 21710.5 1016.95 	22727.5	6.12385	6.5039	12399	666.612	0.0195126	0	1.02	1.02
338.2	0.00203946	0.00116477	21272.2	1050	105	19334.7	183.248	183.248	732.991	732.991	0 21710.1 1017.58 	22727.7	6.12387	6.5039	12399	666.612	0.0195252	0	1.02	1.02
338.3	0.00203946	0.00116479	21272.6	1050	105	19334.3	183.333	183.333	733.333	733.333	0 21709.7 1018.22 	22727.9	6.12389	6.5039	12399	666.612	0.0195378	0	1.02	1.02
338.4	0.00203945	0.00116481	21273.1	1050	105	19333.9	183.419	183.419	733.674	733.674	0 21709.3 1018.85 	22728.1	6.12391	6.5039	12399	666.612	0.0195504	0	1.02	1.02
338.5	0.00203945	0.00116483	21273.5	1050	105	19333.5	183.504	183.504	734.016	734.016	0 21708.9 1019.49 	22728.4	6.12392	6.5039	12399	666.612	0.019563	0	1.02	1.02
338.6	0.00203945	0.00116485	21274	1050	105	19333.1	183.59	183.59	734.358	734.358	0 21708.5 1020.12 	22728.6	6.12394	6.5039	12399	666.612	0.0195756	0	1.02	1.02
338.7	0.00203945	0.00116487	21274.4	1050	105	19332.7	183.675	183.675	734.701	734.701	0 21708.1 1020.76 	22728.8	6.12396	6.5039	12399	666.612	0.0195882	0	1.02	1.02
338.8	0.00203945	0.00116489	21274.9	1050	105	19332.3	183.761	183.761	735.043	735.043	0 21707.6 1021.39 	22729	6.12398	6.5039	12399	666.612	0.0196008	0	1.02	1.02
338.9	0.00203944	0.00116491	21275.3	1050	105	19331.9	183.846	183.846	735.386	735.386	0 21707.2 1022.03 	22729.3	6.12399	6.5039	12399	666.612	0.0196134	0	1.02	1.02
339	0.00203944	0.00116493	21275.8	1050	105	19331.5	183.932	183.932	735.728	735.728	0 21706.8 1022.67 	22729.5	6.12401	6.5039	12399	666.612	0.0196261	0	1.02	1.02
339.1	0.00203944	0.00116496	21276.2	1050	105	19331.1	184.018	184.018	736.071	736.071	0 21706.4 1023.3 	22729.7	6.12403	6.5039	12399	666.612	0.0196387	0	1.02	1.02
339.2	0.00203944	0.00116498	21276.7	1050	105	19330.7	184.104	184.104	736.414	736.414	0 21706 1023.94 	22729.9	6.12405	6.5039	12399	666.612	0.0196514	0	1.02	1.02
339.3	0.00203944	0.001165	21277.1	1050	105	19330.2	184.189	184.189	736.757	736.757	0 21705.6 1024.58 	22730.2	6.12407	6.5039	12399	666.612	0.019664	0	1.02	1.02
339.4	0.00203943	0.00116502	21277.6	1050	105	19329.8	184.275	184.275	737.101	737.101	0 21705.2 1025.22 	22730.4	6.12408	6.5039	12399	666.612	0.0196767	0	1.02	1.02
339.5	0.00203943	0.00116504	21278	1050	105	19329.4	184.361	184.361	737.444	737.444	0 21704.8 1025.86 	22730.6	6.1241	6.5039	12399	666.612	0.0196893	0	1.02	1.02
339.6	0.00203943	0.00116506	21278.5	1050	105	19329	184.447	184.447	737.787	737.787	0 21704.3 1026.49 	22730.8	6.12412	6.5039	12399	666.612	0.019702	0	1.02	1.02
339.7	0.00203943	0.00116508	21279	1050	105	19328.6	184.533	184.533	738.131	738.131	0 21703.9 1027.13 	22731.1	6.12414	6.5039	12399	666.612	0.0197147	0	1.02	1.02
339.8	0.00203943	0.0011651	21279.4	1050	105	19328.2	184.619	184.619	738.475	738.475	0 21703.5 1027.77 	22731.3	6.12416	6.5039	12399	666.612	0.0197274	0	1.02	1.02
339.9	0.00203942	0.00116512	21279.9	1050	105	19327.8	184.705	184.705	738.819	738.819	0 21703.1 1028.41 	22731.5	6.12417	6.5039	12399	666.612	0.0197401	0	1.02	1.02
340	0.00203942	0.00116514	21280.3	1050	105	19327.4	184.791	184.791	739.163	739.163	0 21702.7 1029.05 	22731.7	6.12419	6.5039	12399	666.612	0.0197528	0	1.02	1.02
340.1	0.00203942	0.00116517	21280.8	1050	105	19327	184.877	184.877	739.507	739.507	0 21702.3 1029.69 	22732	6.12421	6.5039	12399	666.612	0.0197655	0	1.02	1.02
340.2	0.00203942	0.00116519	21281.2	1050	105	19326.6	184.963	184.963	739.852	739.852	0 21701.9 1030.33 	22732.2	6.12423	6.5039	12399	666.612	0.0197783	0	1.02	1.02
340.3	0.00203942	0.00116521	21281.7	1050	105	19326.2	185.049	185.049	740.196	740.196	0 21701.4 1030.98 	22732.4	6.12425	6.5039	12399	666.612	0.019791	0	1.02	1.02
340.4	0.00203941	0.00116523	21282.1	1050	105	19325.8	185.135	185.135	740.541	740.541	0 21701 1031.62 	22732.7	6.12427	6.5039	12399	666.612	0.0198037	0	1.02	1.02
340.5	0.00203941	0.00116525	21282.6	1050	105	19325.4	185.221	185.221	740.886	740.886	0 21700.6 1032.26 	22732.9	6.12428	6.5039	12399	666.612	0.0198165	0	1.02	1.02
340.6	0.00203941	0.00116527	21283	1050	105	19325	185.308	185.308	741.231	741.231	0 21700.2 1032.9 	22733.1	6.1243	6.5039	12399	666.612	0.0198292	0	1.02	1.02
340.7	0.00203941	0.00116529	21283.5	1050	105	19324.5	185.394	185.394	741.576	741.576	0 21699.8 1033.55 	22733.3	6.12432	6.5039	12399	666.612	0.019842	0	1.02	1.02
340.8	0.00203941	0.00116531	21283.9	1050	105	19324.1	185.48	185.48	741.921	741.921	0 21699.4 1034.19 	22733.6	6.12434	6.5039	12399	666.612	0.0198548	0	1.02	1.02
340.9	0.0020394	0.00116533	21284.4	1050	105	19323.7	185.567	185.567	742.267	742.267	0 21699 1034.83 	22733.8	6.12436	6.5039	12399	666.612	0.0198675	0	1.02	1.02
341	0.0020394	0.00116535	21284.8	1050	105	19323.3	185.653	185.653	742.612	742.612	0 21698.6 1035.48 	22734	6.12438	6.5039	12399	666.612	0.0198803	0	1.02	1.02
341.1	0.0020394	0.00116538	21285.3	1050	105	19322.9	185.739	185.739	742.958	742.958	0 21698.1 1036.12 	22734.3	6.12439	6.5039	12399	666.612	0.0198931	0	1.02	1.02
341.2	0.0020394	0.0011654	21285.8	1050	105	19322.5	185.826	185.826	743.304	743.304	0 21697.7 1036.76 	22734.5	6.12441	6.5039	12399	666.612	0.0199059	0	1.02	1.02
341.3	0.0020394	0.00116542	21286.2	1050	105	19322.1	185.912	185.912	743.65	743.65	0 21697.3 1037.41 	22734.7	6.12443	6.5039	12399	666.612	0.0199187	0	1.02	1.02
341.4	0.00203939	0.00116544	21286.7	1050	105	19321.7	185.999	185.999	743.996	743.996	0 21696.9 1038.05 	22734.9	6.12445	6.5039	12399	666.612	0.0199315	0	1.02	1.02
341.5	0.00203939	0.00116546	21287.1	1050	105	19321.3	186.086	186.086	744.342	744.342	0 21696.5 1038.7 	22735.2	6.12447	6.5039	12399	666.612	0.0199444	0	1.02	1.02
341.6	0.00203939	0.00116548	21287.6	1050	105	19320.8	186.172	186.172	744.689	744.689	0 21696.1 1039.35 	22735.4	6.12449	6.5039	12399	666.612	0.0199572	0	1.02	1.02
341.7	0.00203939	0.0011655	21288	1050	105	19320.4	186.259	186.259	745.035	745.035	0 21695.7 1039.99 	22735.6	6.1245	6.5039	12399	666.612	0.01997	0	1.02	1.02
341.8	0.00203939	0.00116552	21288.5	1050	105	19320	186.345	186.345	745.382	745.382	0 21695.2 1040.64 	22735.9	6.12452	6.5039	12399	666.612	0.0199829	0	1.02	1.02
341.9	0.00203938	0.00116554	21288.9	1050	105	19319.6	186.432	186.432	745.729	745.729	0 21694.8 1041.29 	22736.1	6.12454	6.5039	12399	666.612	0.0199957	0	1.02	1.02
342	0.00203938	0.00116557	21289.4	1050	105	19319.2	186.519	186.519	746.076	746.076	0 21694.4 1041.93 	22736.3	6.12456	6.5039	12399	666.612	0.0200086	0	1.02	1.02
342.1	0.00203938	0.00116559	21289.8	1050	105	19318.8	186.606	186.606	746.423	746.423	0 21694 1042.58 	22736.6	6.12458	6.5039	12399	666.612	0.0200215	0	1.02	1.02
342.2	0.00203938	0.00116561	21290.3	1050	105	19318.4	186.693	186.693	746.77	746.77	0 21693.6 1043.23 	22736.8	6.1246	6.5039	12399	666.612	0.0200343	0	1.02	1.02
342.3	0.00203938	0.00116563	21290.7	1050	105	19318	186.779	186.779	747.118	747.118	0 21693.2 1043.88 	22737	6.12462	6.5039	12399	666.612	0.0200472	0	1.02	1.02
342.4	0.00203937	0.00116565	21291.2	1050	105	19317.5	186.866	186.866	747.465	747.465	0 21692.8 1044.53 	22737.3	6.12464	6.5039	12399	666.612	0.0200601	0	1.02	1.02
342.5	0.00203937	0.00116567	21291.7	1050	105	19317.1	186.953	186.953	747.813	747.813	0 21692.3 1045.18 	22737.5	6.12465	6.5039	12399	666.612	0.020073	0	1.02	1.02
342.6	0.00203937	0.00116569	21292.1	1050	105	19316.7	187.04	187.04	748.161	748.161	0 21691.9 1045.83 	22737.7	6.12467	6.5039	12399	666.612	0.0200859	0	1.02	1.02
342.7	0.00203937	0.00116571	21292.6	1050	105	19316.3	187.127	187.127	748.509	748.509	0 21691.5 1046.48 	22738	6.12469	6.5039	12399	666.612	0.0200988	0	1.02	1.02
342.8	0.00203936	0.00116573	21293	1050	105	19315.9	187.214	187.214	748.857	748.857	0 21691.1 1047.13 	22738.2	6.12471	6.5039	12399	666.612	0.0201117	0	1.02	1.02
342.9	0.00203936	0.00116576	21293.5	1050	105	19315.5	187.301	187.301	749.205	749.205	0 21690.7 1047.78 	22738.5	6.12473	6.5039	12399	666.612	0.0201247	0	1.02	1.02
343	0.00203936	0.00116578	21293.9	1050	105	19315	187.388	187.388	749.554	749.554	0 21690.3 1048.43 	22738.7	6.12475	6.5039	12399	666.612	0.0201376	0	1.02	1.02
343.1	0.00203936	0.0011658	21294.4	1050	105	19314.6	187.476	187.476	749.902	749.902	0 21689.8 1049.08 	22738.9	6.12477	6.5039	12399	666.612	0.0201505	0	1.02	1.02
343.2	0.00203936	0.00116582	21294.8	1050	105	19314.2	187.563	187.563	750.251	750.251	0 21689.4 1049.73 	22739.2	6.12479	6.5039	12399	666.612	0.0201635	0	1.02	1.02
343.3	0.00203935	0.00116584	21295.3	1050	105	19313.8	187.65	187.65	750.6	750.6	0 21689 1050.38 	22739.4	6.1248	6.5039	12399	666.612	0.0201765	0	1.02	1.02
343.4	0.00203935	0.00116586	21295.7	1050	105	19313.4	187.737	187.737	750.949	750.949	0 21688.6 1051.04 	22739.6	6.12482	6.5039	12399	666.612	0.0201894	0	1.02	1.02
343.5	0.00203935	0.00116588	21296.2	1050	105	19313	187.824	187.824	751.298	751.298	0 21688.2 1051.69 	22739.9	6.12484	6.5039	12399	666.612	0.0202024	0	1.02	1.02
343.6	0.00203935	0.0011659	21296.7	1050	105	19312.5	187.912	187.912	751.647	751.647	0 21687.8 1052.34 	22740.1	6.12486	6.5039	12399	666.612	0.0202154	0	1.02	1.02
343.7	0.00203935	0.00116592	21297.1	1050	105	19312.1	187.999	187.999	751.997	751.997	0 21687.4 1053 	22740.3	6.12488	6.5039	12399	666.612	0.0202284	0	1.02	1.02
343.8	0.00203934	0.00116595	21297.6	1050	105	19311.7	188.087	188.087	752.346	752.346	0 21686.9 1053.65 	22740.6	6.1249	6.5039	12399	666.612	0.0202414	0	1.02	1.02
343.9	0.00203934	0.00116597	21298	1050	105	19311.3	188.174	188.174	752.696	752.696	0 21686.5 1054.3 	22740.8	6.12492	6.5039	12399	666.612	0.0202544	0	1.02	1.02
344	0.00203934	0.00116599	21298.5	1050	105	19310.9	188.262	188.262	753.046	753.046	0 21686.1 1054.96 	22741.1	6.12494	6.5039	12399	666.612	0.0202674	0	1.02	1.02
344.1	0.00203934	0.00116601	21298.9	1050	105	19310.4	188.349	188.349	753.396	753.396	0 21685.7 1055.61 	22741.3	6.12496	6.5039	12399	666.612	0.0202804	0	1.02	1.02
344.2	0.00203934	0.00116603	21299.4	1050	105	19310	188.437	188.437	753.746	753.746	0 21685.3 1056.27 	22741.5	6.12498	6.5039	12399	666.612	0.0202934	0	1.02	1.02
344.3	0.00203933	0.00116605	21299.8	1050	105	19309.6	188.524	188.524	754.097	754.097	0 21684.9 1056.93 	22741.8	6.12499	6.5039	12399	666.612	0.0203064	0	1.02	1.02
344.4	0.00203933	0.00116607	21300.3	1050	105	19309.2	188.612	188.612	754.447	754.447	0 21684.4 1057.58 	22742	6.12501	6.5039	12399	666.612	0.0203195	0	1.02	1.02
344.5	0.00203933	0.00116609	21300.8	1050	105	19308.8	188.699	188.699	754.798	754.798	0 21684 1058.24 	22742.3	6.12503	6.5039	12399	666.612	0.0203325	0	1.02	1.02
344.6	0.00203933	0.00116611	21301.2	1050	105	19308.3	188.787	188.787	755.148	755.148	0 21683.6 1058.89 	22742.5	6.12505	6.5039	12399	666.612	0.0203456	0	1.02	1.02
344.7	0.00203932	0.00116614	21301.7	1050	105	19307.9	188.875	188.875	755.499	755.499	0 21683.2 1059.55 	22742.7	6.12507	6.5039	12399	666.612	0.0203586	0	1.02	1.02
344.8	0.00203932	0.00116616	21302.1	1050	105	19307.5	188.963	188.963	755.85	755.85	0 21682.8 1060.21 	22743	6.12509	6.5039	12399	666.612	0.0203717	0	1.02	1.02
344.9	0.00203932	0.00116618	21302.6	1050	105	19307.1	189.05	189.05	756.202	756.202	0 21682.4 1060.87 	22743.2	6.12511	6.5039	12399	666.612	0.0203848	0	1.02	1.02
345	0.00203932	0.0011662	21303	1050	105	19306.6	189.138	189.138	756.553	756.553	0 21681.9 1061.53 	22743.5	6.12513	6.5039	12399	666.612	0.0203979	0	1.02	1.02
345.1	0.00203932	0.00116622	21303.5	1050	105	19306.2	189.226	189.226	756.904	756.904	0 21681.5 1062.18 	22743.7	6.12515	6.5039	12399	666.612	0.020411	0	1.02	1.02
345.2	0.00203931	0.00116624	21303.9	1050	105	19305.8	189.314	189.314	757.256	757.256	0 21681.1 1062.84 	22744	6.12517	6.5039	12399	666.612	0.0204241	0	1.02	1.02
345.3	0.00203931	0.00116626	21304.4	1050	105	19305.4	189.402	189.402	757.608	757.608	0 21680.7 1063.5 	22744.2	6.12519	6.5039	12399	666.612	0.0204372	0	1.02	1.02
345.4	0.00203931	0.00116628	21304.9	1050	105	19305	189.49	189.49	757.96	757.96	0 21680.3 1064.16 	22744.4	6.12521	6.5039	12399	666.612	0.0204503	0	1.02	1.02
345.5	0.00203931	0.00116631	21305.3	1050	105	19304.5	189.578	189.578	758.312	758.312	0 21679.9 1064.82 	22744.7	6.12523	6.5039	12399	666.612	0.0204634	0	1.02	1.02
345.6	0.00203931	0.00116633	21305.8	1050	105	19304.1	189.666	189.666	758.664	758.664	0 21679.4 1065.48 	22744.9	6.12525	6.5039	12399	666.612	0.0204765	0	1.02	1.02
345.7	0.0020393	0.00116635	21306.2	1050	105	19303.7	189.754	189.754	759.016	759.016	0 21679 1066.14 	22745.2	6.12526	6.5039	12399	666.612	0.0204897	0	1.02	1.02
345.8	0.0020393	0.00116637	21306.7	1050	105	19303.3	189.842	189.842	759.369	759.369	0 21678.6 1066.8 	22745.4	6.12528	6.5039	12399	666.612	0.0205028	0	1.02	1.02
345.9	0.0020393	0.00116639	21307.1	1050	105	19302.8	189.93	189.93	759.722	759.722	0 21678.2 1067.47 	22745.7	6.1253	6.5039	12399	666.612	0.020516	0	1.02	1.02
346	0.0020393	0.00116641	21307.6	1050	105	19302.4	190.019	190.019	760.074	760.074	0 21677.8 1068.13 	22745.9	6.12532	6.5039	12399	666.612	0.0205291	0	1.02	1.02
346.1	0.00203929	0.00116643	21308	1050	105	19302	190.107	190.107	760.427	760.427	0 21677.4 1068.79 	22746.1	6.12534	6.5039	12399	666.612	0.0205423	0	1.02	1.02
346.2	0.00203929	0.00116645	21308.5	1050	105	19301.5	190.195	190.195	760.78	760.78	0 21676.9 1069.45 	22746.4	6.12536	6.5039	12399	666.612	0.0205555	0	1.02	1.02
346.3	0.00203929	0.00116648	21309	1050	105	19301.1	190.283	190.283	761.134	761.134	0 21676.5 1070.12 	22746.6	6.12538	6.5039	12399	666.612	0.0205687	0	1.02	1.02
346.4	0.00203929	0.0011665	21309.4	1050	105	19300.7	190.372	190.372	761.487	761.487	0 21676.1 1070.78 	22746.9	6.1254	6.5039	12399	666.612	0.0205819	0	1.02	1.02
346.5	0.00203929	0.00116652	21309.9	1050	105	19300.3	190.46	190.46	761.841	761.841	0 21675.7 1071.44 	22747.1	6.12542	6.5039	12399	666.612	0.0205951	0	1.02	1.02
346.6	0.00203928	0.00116654	21310.3	1050	105	19299.8	190.549	190.549	762.194	762.194	0 21675.3 1072.11 	22747.4	6.12544	6.5039	12399	666.612	0.0206083	0	1.02	1.02
346.7	0.00203928	0.00116656	21310.8	1050	105	19299.4	190.637	190.637	762.548	762.548	0 21674.9 1072.77 	22747.6	6.12546	6.5039	12399	666.612	0.0206215	0	1.02	1.02
346.8	0.00203928	0.00116658	21311.2	1050	105	19299	190.726	190.726	762.902	762.902	0 21674.4 1073.44 	22747.9	6.12548	6.5039	12399	666.612	0.0206347	0	1.02	1.02
346.9	0.00203928	0.0011666	21311.7	1050	105	19298.6	190.814	190.814	763.256	763.256	0 21674 1074.1 	22748.1	6.1255	6.5039	12399	666.612	0.0206479	0	1.02	1.02
347	0.00203927	0.00116662	21312.1	1050	105	19298.1	190.903	190.903	763.61	763.61	0 21673.6 1074.77 	22748.4	6.12552	6.5039	12399	666.612	0.0206612	0	1.02	1.02
347.1	0.00203927	0.00116664	21312.6	1050	105	19297.7	190.991	190.991	763.965	763.965	0 21673.2 1075.43 	22748.6	6.12554	6.5039	12399	666.612	0.0206744	0	1.02	1.02
347.2	0.00203927	0.00116667	21313.1	1050	105	19297.3	191.08	191.08	764.319	764.319	0 21672.8 1076.1 	22748.9	6.12556	6.5039	12399	666.612	0.0206876	0	1.02	1.02
347.3	0.00203927	0.00116669	21313.5	1050	105	19296.8	191.169	191.169	764.674	764.674	0 21672.3 1076.76 	22749.1	6.12558	6.5039	12399	666.612	0.0207009	0	1.02	1.02
347.4	0.00203927	0.00116671	21314	1050	105	19296.4	191.257	191.257	765.029	765.029	0 21671.9 1077.43 	22749.4	6.1256	6.5039	12399	666.612	0.0207142	0	1.02	1.02
347.5	0.00203926	0.00116673	21314.4	1050	105	19296	191.346	191.346	765.384	765.384	0 21671.5 1078.1 	22749.6	6.12562	6.5039	12399	666.612	0.0207274	0	1.02	1.02
347.6	0.00203926	0.00116675	21314.9	1050	105	19295.5	191.435	191.435	765.739	765.739	0 21671.1 1078.77 	22749.9	6.12564	6.5039	12399	666.612	0.0207407	0	1.02	1.02
347.7	0.00203926	0.00116677	21315.3	1050	105	19295.1	191.524	191.524	766.094	766.094	0 21670.7 1079.43 	22750.1	6.12566	6.5039	12399	666.612	0.020754	0	1.02	1.02
347.8	0.00203926	0.00116679	21315.8	1050	105	19294.7	191.612	191.612	766.45	766.45	0 21670.3 1080.1 	22750.4	6.12568	6.5039	12399	666.612	0.0207673	0	1.02	1.02
347.9	0.00203926	0.00116681	21316.3	1050	105	19294.2	191.701	191.701	766.805	766.805	0 21669.8 1080.77 	22750.6	6.1257	6.5039	12399	666.612	0.0207806	0	1.02	1.02
348	0.00203925	0.00116684	21316.7	1050	105	19293.8	191.79	191.79	767.161	767.161	0 21669.4 1081.44 	22750.9	6.12572	6.5039	12399	666.612	0.0207939	0	1.02	1.02
348.1	0.00203925	0.00116686	21317.2	1050	105	19293.4	191.879	191.879	767.517	767.517	0 21669 1082.11 	22751.1	6.12574	6.5039	12399	666.612	0.0208072	0	1.02	1.02
348.2	0.00203925	0.00116688	21317.6	1050	105	19292.9	191.968	191.968	767.873	767.873	0 21668.6 1082.78 	22751.4	6.12576	6.5039	12399	666.612	0.0208206	0	1.02	1.02
348.3	0.00203925	0.0011669	21318.1	1050	105	19292.5	192.057	192.057	768.229	768.229	0 21668.2 1083.45 	22751.6	6.12578	6.5039	12399	666.612	0.0208339	0	1.02	1.02
348.4	0.00203924	0.00116692	21318.5	1050	105	19292.1	192.146	192.146	768.585	768.585	0 21667.7 1084.12 	22751.9	6.1258	6.5039	12399	666.612	0.0208472	0	1.02	1.02
348.5	0.00203924	0.00116694	21319	1050	105	19291.6	192.235	192.235	768.942	768.942	0 21667.3 1084.79 	22752.1	6.12582	6.5039	12399	666.612	0.0208606	0	1.02	1.02
348.6	0.00203924	0.00116696	21319.5	1050	105	19291.2	192.325	192.325	769.298	769.298	0 21666.9 1085.46 	22752.4	6.12584	6.5039	12399	666.612	0.0208739	0	1.02	1.02
348.7	0.00203924	0.00116699	21319.9	1050	105	19290.8	192.414	192.414	769.655	769.655	0 21666.5 1086.13 	22752.6	6.12586	6.5039	12399	666.612	0.0208873	0	1.02	1.02
348.8	0.00203924	0.00116701	21320.4	1050	105	19290.3	192.503	192.503	770.012	770.012	0 21666.1 1086.81 	22752.9	6.12588	6.5039	12399	666.612	0.0209007	0	1.02	1.02
348.9	0.00203923	0.00116703	21320.8	1050	105	19289.9	192.592	192.592	770.369	770.369	0 21665.6 1087.48 	22753.1	6.1259	6.5039	12399	666.612	0.0209141	0	1.02	1.02
349	0.00203923	0.00116705	21321.3	1050	105	19289.5	192.682	192.682	770.726	770.726	0 21665.2 1088.15 	22753.4	6.12592	6.5039	12399	666.612	0.0209274	0	1.02	1.02
349.1	0.00203923	0.00116707	21321.7	1050	105	19289	192.771	192.771	771.084	771.084	0 21664.8 1088.82 	22753.6	6.12594	6.5039	12399	666.612	0.0209408	0	1.02	1.02
349.2	0.00203923	0.00116709	21322.2	1050	105	19288.6	192.86	192.86	771.441	771.441	0 21664.4 1089.5 	22753.9	6.12596	6.5039	12399	666.612	0.0209542	0	1.02	1.02
349.3	0.00203922	0.00116711	21322.7	1050	105	19288.2	192.95	192.95	771.799	771.799	0 21664 1090.17 	22754.1	6.12598	6.5039	12399	666.612	0.0209676	0	1.02	1.02
349.4	0.00203922	0.00116713	21323.1	1050	105	19287.7	193.039	193.039	772.156	772.156	0 21663.6 1090.85 	22754.4	6.126	6.5039	12399	666.612	0.0209811	0	1.02	1.02
349.5	0.00203922	0.00116716	21323.6	1050	105	19287.3	193.129	193.129	772.514	772.514	0 21663.1 1091.52 	22754.7	6.12602	6.5039	12399	666.612	0.0209945	0	1.02	1.02
349.6	0.00203922	0.00116718	21324	1050	105	19286.9	193.218	193.218	772.872	772.872	0 21662.7 1092.19 	22754.9	6.12604	6.5039	12399	666.612	0.0210079	0	1.02	1.02
349.7	0.00203921	0.0011672	21324.5	1050	105	19286.4	193.308	193.308	773.231	773.231	0 21662.3 1092.87 	22755.2	6.12606	6.5039	12399	666.612	0.0210213	0	1.02	1.02
349.8	0.00203921	0.00116722	21325	1050	105	19286	193.397	193.397	773.589	773.589	0 21661.9 1093.55 	22755.4	6.12608	6.5039	12399	666.612	0.0210348	0	1.02	1.02
349.9	0.00203921	0.00116724	21325.4	1050	105	19285.5	193.487	193.487	773.947	773.947	0 21661.5 1094.22 	22755.7	6.1261	6.5039	12399	666.612	0.0210482	0	1.02	1.02
350	0.00203921	0.00116726	21325.9	1050	105	19285.1	193.577	193.577	774.306	774.306	0 21661 1094.9 	22755.9	6.12612	6.5039	12399	666.612	0.0210617	0	1.02	1.02
350.1	0.00203921	0.00116728	21326.3	1050	105	19284.7	193.666	193.666	774.665	774.665	0 21660.6 1095.57 	22756.2	6.12614	6.5039	12399	666.612	0.0210752	0	1.02	1.02
350.2	0.0020392	0.00116731	21326.8	1050	105	19284.2	193.756	193.756	775.024	775.024	0 21660.2 1096.25 	22756.4	6.12616	6.5039	12399	666.612	0.0210886	0	1.02	1.02
350.3	0.0020392	0.00116733	21327.2	1050	105	19283.8	193.846	193.846	775.383	775.383	0 21659.8 1096.93 	22756.7	6.12618	6.5039	12399	666.612	0.0211021	0	1.02	1.02
350.4	0.0020392	0.00116735	21327.7	1050	105	19283.3	193.936	193.936	775.742	775.742	0 21659.4 1097.61 	22757	6.1262	6.5039	12399	666.612	0.0211156	0	1.02	1.02
350.5	0.0020392	0.00116737	21328.2	1050	105	19282.9	194.025	194.025	776.102	776.102	0 21658.9 1098.28 	22757.2	6.12623	6.5039	12399	666.612	0.0211291	0	1.02	1.02
350.6	0.00203919	0.00116739	21328.6	1050	105	19282.5	194.115	194.115	776.461	776.461	0 21658.5 1098.96 	22757.5	6.12625	6.5039	12399	666.612	0.0211426	0	1.02	1.02
350.7	0.00203919	0.00116741	21329.1	1050	105	19282	194.205	194.205	776.821	776.821	0 21658.1 1099.64 	22757.7	6.12627	6.5039	12399	666.612	0.0211561	0	1.02	1.02
350.8	0.00203919	0.00116743	21329.5	1050	105	19281.6	194.295	194.295	777.181	777.181	0 21657.7 1100.32 	22758	6.12629	6.5039	12399	666.612	0.0211697	0	1.02	1.02
350.9	0.00203919	0.00116745	21330	1050	105	19281.1	194.385	194.385	777.541	777.541	0 21657.2 1101 	22758.2	6.12631	6.5039	12399	666.612	0.0211832	0	1.02	1.02
351	0.00203919	0.00116748	21330.4	1050	105	19280.7	194.475	194.475	777.901	777.901	0 21656.8 1101.68 	22758.5	6.12633	6.5039	12399	666.612	0.0211967	0	1.02	1.02
351.1	0.00203918	0.0011675	21330.9	1050	105	19280.3	194.565	194.565	778.261	778.261	0 21656.4 1102.36 	22758.8	6.12635	6.5039	12399	666.612	0.0212103	0	1.02	1.02
351.2	0.00203918	0.00116752	21331.4	1050	105	19279.8	194.655	194.655	778.621	778.621	0 21656 1103.04 	22759	6.12637	6.5039	12399	666.612	0.0212238	0	1.02	1.02
351.3	0.00203918	0.00116754	21331.8	1050	105	19279.4	194.745	194.745	778.982	778.982	0 21655.6 1103.72 	22759.3	6.12639	6.5039	12399	666.612	0.0212374	0	1.02	1.02
351.4	0.00203918	0.00116756	21332.3	1050	105	19278.9	194.836	194.836	779.343	779.343	0 21655.1 1104.4 	22759.5	6.12641	6.5039	12399	666.612	0.0212509	0	1.02	1.02
351.5	0.00203917	0.00116758	21332.7	1050	105	19278.5	194.926	194.926	779.703	779.703	0 21654.7 1105.08 	22759.8	6.12643	6.5039	12399	666.612	0.0212645	0	1.02	1.02
351.6	0.00203917	0.0011676	21333.2	1050	105	19278	195.016	195.016	780.064	780.064	0 21654.3 1105.77 	22760.1	6.12645	6.5039	12399	666.612	0.0212781	0	1.02	1.02
351.7	0.00203917	0.00116763	21333.7	1050	105	19277.6	195.106	195.106	780.426	780.426	0 21653.9 1106.45 	22760.3	6.12647	6.5039	12399	666.612	0.0212917	0	1.02	1.02
351.8	0.00203917	0.00116765	21334.1	1050	105	19277.2	195.197	195.197	780.787	780.787	0 21653.5 1107.13 	22760.6	6.12649	6.5039	12399	666.612	0.0213053	0	1.02	1.02
351.9	0.00203916	0.00116767	21334.6	1050	105	19276.7	195.287	195.287	781.148	781.148	0 21653 1107.81 	22760.9	6.12652	6.5039	12399	666.612	0.0213189	0	1.02	1.02
352	0.00203916	0.00116769	21335	1050	105	19276.3	195.377	195.377	781.51	781.51	0 21652.6 1108.5 	22761.1	6.12654	6.5039	12399	666.612	0.0213325	0	1.02	1.02
352.1	0.00203916	0.00116771	21335.5	1050	105	19275.8	195.468	195.468	781.872	781.872	0 21652.2 1109.18 	22761.4	6.12656	6.5039	12399	666.612	0.0213461	0	1.02	1.02
352.2	0.00203916	0.00116773	21336	1050	105	19275.4	195.558	195.558	782.234	782.234	0 21651.8 1109.87 	22761.6	6.12658	6.5039	12399	666.612	0.0213597	0	1.02	1.02
352.3	0.00203916	0.00116775	21336.4	1050	105	19274.9	195.649	195.649	782.596	782.596	0 21651.4 1110.55 	22761.9	6.1266	6.5039	12399	666.612	0.0213734	0	1.02	1.02
352.4	0.00203915	0.00116778	21336.9	1050	105	19274.5	195.739	195.739	782.958	782.958	0 21650.9 1111.24 	22762.2	6.12662	6.5039	12399	666.612	0.021387	0	1.02	1.02
352.5	0.00203915	0.0011678	21337.3	1050	105	19274	195.83	195.83	783.32	783.32	0 21650.5 1111.92 	22762.4	6.12664	6.5039	12399	666.612	0.0214007	0	1.02	1.02
352.6	0.00203915	0.00116782	21337.8	1050	105	19273.6	195.921	195.921	783.683	783.683	0 21650.1 1112.61 	22762.7	6.12666	6.5039	12399	666.612	0.0214143	0	1.02	1.02
352.7	0.00203915	0.00116784	21338.3	1050	105	19273.1	196.011	196.011	784.045	784.045	0 21649.7 1113.29 	22763	6.12668	6.5039	12399	666.612	0.021428	0	1.02	1.02
352.8	0.00203914	0.00116786	21338.7	1050	105	19272.7	196.102	196.102	784.408	784.408	0 21649.2 1113.98 	22763.2	6.1267	6.5039	12399	666.612	0.0214417	0	1.02	1.02
352.9	0.00203914	0.00116788	21339.2	1050	105	19272.2	196.193	196.193	784.771	784.771	0 21648.8 1114.67 	22763.5	6.12673	6.5039	12399	666.612	0.0214553	0	1.02	1.02
353	0.00203914	0.0011679	21339.6	1050	105	19271.8	196.283	196.283	785.134	785.134	0 21648.4 1115.35 	22763.8	6.12675	6.5039	12399	666.612	0.021469	0	1.02	1.02
353.1	0.00203914	0.00116793	21340.1	1050	105	19271.4	196.374	196.374	785.497	785.497	0 21648 1116.04 	22764	6.12677	6.5039	12399	666.612	0.0214827	0	1.02	1.02
353.2	0.00203913	0.00116795	21340.6	1050	105	19270.9	196.465	196.465	785.86	785.86	0 21647.6 1116.73 	22764.3	6.12679	6.5039	12399	666.612	0.0214964	0	1.02	1.02
353.3	0.00203913	0.00116797	21341	1050	105	19270.5	196.556	196.556	786.224	786.224	0 21647.1 1117.42 	22764.5	6.12681	6.5039	12399	666.612	0.0215101	0	1.02	1.02
353.4	0.00203913	0.00116799	21341.5	1050	105	19270	196.647	196.647	786.588	786.588	0 21646.7 1118.1 	22764.8	6.12683	6.5039	12399	666.612	0.0215239	0	1.02	1.02
353.5	0.00203913	0.00116801	21341.9	1050	105	19269.6	196.738	196.738	786.951	786.951	0 21646.3 1118.79 	22765.1	6.12685	6.5039	12399	666.612	0.0215376	0	1.02	1.02
353.6	0.00203912	0.00116803	21342.4	1050	105	19269.1	196.829	196.829	787.315	787.315	0 21645.9 1119.48 	22765.3	6.12687	6.5039	12399	666.612	0.0215513	0	1.02	1.02
353.7	0.00203912	0.00116805	21342.9	1050	105	19268.7	196.92	196.92	787.68	787.68	0 21645.4 1120.17 	22765.6	6.12689	6.5039	12399	666.612	0.021565	0	1.02	1.02
353.8	0.00203912	0.00116808	21343.3	1050	105	19268.2	197.011	197.011	788.044	788.044	0 21645 1120.86 	22765.9	6.12692	6.5039	12399	666.612	0.0215788	0	1.02	1.02
353.9	0.00203912	0.0011681	21343.8	1050	105	19267.8	197.102	197.102	788.408	788.408	0 21644.6 1121.55 	22766.1	6.12694	6.5039	12399	666.612	0.0215925	0	1.02	1.02
354	0.00203912	0.00116812	21344.2	1050	105	19267.3	197.193	197.193	788.773	788.773	0 21644.2 1122.24 	22766.4	6.12696	6.5039	12399	666.612	0.0216063	0	1.02	1.02
354.1	0.00203911	0.00116814	21344.7	1050	105	19266.9	197.284	197.284	789.137	789.137	0 21643.7 1122.93 	22766.7	6.12698	6.5039	12399	666.612	0.0216201	0	1.02	1.02
354.2	0.00203911	0.00116816	21345.2	1050	105	19266.4	197.376	197.376	789.502	789.502	0 21643.3 1123.62 	22767	6.127	6.5039	12399	666.612	0.0216339	0	1.02	1.02
354.3	0.00203911	0.00116818	21345.6	1050	105	19265.9	197.467	197.467	789.867	789.867	0 21642.9 1124.32 	22767.2	6.12702	6.5039	12399	666.612	0.0216476	0	1.02	1.02
354.4	0.00203911	0.0011682	21346.1	1050	105	19265.5	197.558	197.558	790.232	790.232	0 21642.5 1125.01 	22767.5	6.12704	6.5039	12399	666.612	0.0216614	0	1.02	1.02
354.5	0.0020391	0.00116823	21346.5	1050	105	19265	197.649	197.649	790.598	790.598	0 21642.1 1125.7 	22767.8	6.12707	6.5039	12399	666.612	0.0216752	0	1.02	1.02
354.6	0.0020391	0.00116825	21347	1050	105	19264.6	197.741	197.741	790.963	790.963	0 21641.6 1126.39 	22768	6.12709	6.5039	12399	666.612	0.021689	0	1.02	1.02
354.7	0.0020391	0.00116827	21347.5	1050	105	19264.1	197.832	197.832	791.329	791.329	0 21641.2 1127.09 	22768.3	6.12711	6.5039	12399	666.612	0.0217029	0	1.02	1.02
354.8	0.0020391	0.00116829	21347.9	1050	105	19263.7	197.924	197.924	791.694	791.694	0 21640.8 1127.78 	22768.6	6.12713	6.5039	12399	666.612	0.0217167	0	1.02	1.02
354.9	0.00203909	0.00116831	21348.4	1050	105	19263.2	198.015	198.015	792.06	792.06	0 21640.4 1128.47 	22768.8	6.12715	6.5039	12399	666.612	0.0217305	0	1.02	1.02
355	0.00203909	0.00116833	21348.8	1050	105	19262.8	198.107	198.107	792.426	792.426	0 21639.9 1129.17 	22769.1	6.12717	6.5039	12399	666.612	0.0217443	0	1.02	1.02
355.1	0.00203909	0.00116835	21349.3	1050	105	19262.3	198.198	198.198	792.792	792.792	0 21639.5 1129.86 	22769.4	6.12719	6.5039	12399	666.612	0.0217582	0	1.02	1.02
355.2	0.00203909	0.00116838	21349.8	1050	105	19261.9	198.29	198.29	793.159	793.159	0 21639.1 1130.56 	22769.6	6.12722	6.5039	12399	666.612	0.021772	0	1.02	1.02
355.3	0.00203908	0.0011684	21350.2	1050	105	19261.4	198.381	198.381	793.525	793.525	0 21638.7 1131.25 	22769.9	6.12724	6.5039	12399	666.612	0.0217859	0	1.02	1.02
355.4	0.00203908	0.00116842	21350.7	1050	105	19261	198.473	198.473	793.892	793.892	0 21638.2 1131.95 	22770.2	6.12726	6.5039	12399	666.612	0.0217998	0	1.02	1.02
355.5	0.00203908	0.00116844	21351.1	1050	105	19260.5	198.565	198.565	794.259	794.259	0 21637.8 1132.64 	22770.5	6.12728	6.5039	12399	666.612	0.0218136	0	1.02	1.02
355.6	0.00203908	0.00116846	21351.6	1050	105	19260	198.656	198.656	794.625	794.625	0 21637.4 1133.34 	22770.7	6.1273	6.5039	12399	666.612	0.0218275	0	1.02	1.02
355.7	0.00203907	0.00116848	21352.1	1050	105	19259.6	198.748	198.748	794.993	794.993	0 21637 1134.04 	22771	6.12732	6.5039	12399	666.612	0.0218414	0	1.02	1.02
355.8	0.00203907	0.00116851	21352.5	1050	105	19259.1	198.84	198.84	795.36	795.36	0 21636.5 1134.73 	22771.3	6.12735	6.5039	12399	666.612	0.0218553	0	1.02	1.02
355.9	0.00203907	0.00116853	21353	1050	105	19258.7	198.932	198.932	795.727	795.727	0 21636.1 1135.43 	22771.6	6.12737	6.5039	12399	666.612	0.0218692	0	1.02	1.02
356	0.00203907	0.00116855	21353.5	1050	105	19258.2	199.024	199.024	796.095	796.095	0 21635.7 1136.13 	22771.8	6.12739	6.5039	12399	666.612	0.0218831	0	1.02	1.02
356.1	0.00203907	0.00116857	21353.9	1050	105	19257.8	199.116	199.116	796.462	796.462	0 21635.3 1136.83 	22772.1	6.12741	6.5039	12399	666.612	0.0218971	0	1.02	1.02
356.2	0.00203906	0.00116859	21354.4	1050	105	19257.3	199.208	199.208	796.83	796.83	0 21634.8 1137.53 	22772.4	6.12743	6.5039	12399	666.612	0.021911	0	1.02	1.02
356.3	0.00203906	0.00116861	21354.8	1050	105	19256.8	199.3	199.3	797.198	797.198	0 21634.4 1138.23 	22772.7	6.12746	6.5039	12399	666.612	0.0219249	0	1.02	1.02
356.4	0.00203906	0.00116863	21355.3	1050	105	19256.4	199.392	199.392	797.566	797.566	0 21634 1138.92 	22772.9	6.12748	6.5039	12399	666.612	0.0219389	0	1.02	1.02
356.5	0.00203906	0.00116866	21355.8	1050	105	19255.9	199.484	199.484	797.934	797.934	0 21633.6 1139.62 	22773.2	6.1275	6.5039	12399	666.612	0.0219528	0	1.02	1.02
356.6	0.00203905	0.00116868	21356.2	1050	105	19255.5	199.576	199.576	798.303	798.303	0 21633.2 1140.32 	22773.5	6.12752	6.5039	12399	666.612	0.0219668	0	1.02	1.02
356.7	0.00203905	0.0011687	21356.7	1050	105	19255	199.668	199.668	798.671	798.671	0 21632.7 1141.02 	22773.8	6.12754	6.5039	12399	666.612	0.0219807	0	1.02	1.02
356.8	0.00203905	0.00116872	21357.1	1050	105	19254.5	199.76	199.76	799.04	799.04	0 21632.3 1141.73 	22774	6.12756	6.5039	12399	666.612	0.0219947	0	1.02	1.02
356.9	0.00203905	0.00116874	21357.6	1050	105	19254.1	199.852	199.852	799.409	799.409	0 21631.9 1142.43 	22774.3	6.12759	6.5039	12399	666.612	0.0220087	0	1.02	1.02
357	0.00203904	0.00116876	21358.1	1050	105	19253.6	199.944	199.944	799.778	799.778	0 21631.5 1143.13 	22774.6	6.12761	6.5039	12399	666.612	0.0220227	0	1.02	1.02
357.1	0.00203904	0.00116879	21358.5	1050	105	19253.2	200.037	200.037	800.147	800.147	0 21631 1143.83 	22774.9	6.12763	6.5039	12399	666.612	0.0220367	0	1.02	1.02
357.2	0.00203904	0.00116881	21359	1050	105	19252.7	200.129	200.129	800.516	800.516	0 21630.6 1144.53 	22775.1	6.12765	6.5039	12399	666.612	0.0220507	0	1.02	1.02
357.3	0.00203904	0.00116883	21359.5	1050	105	19252.2	200.221	200.221	800.886	800.886	0 21630.2 1145.23 	22775.4	6.12768	6.5039	12399	666.612	0.0220647	0	1.02	1.02
357.4	0.00203903	0.00116885	21359.9	1050	105	19251.8	200.314	200.314	801.255	801.255	0 21629.7 1145.94 	22775.7	6.1277	6.5039	12399	666.612	0.0220787	0	1.02	1.02
357.5	0.00203903	0.00116887	21360.4	1050	105	19251.3	200.406	200.406	801.625	801.625	0 21629.3 1146.64 	22776	6.12772	6.5039	12399	666.612	0.0220927	0	1.02	1.02
357.6	0.00203903	0.00116889	21360.8	1050	105	19250.9	200.499	200.499	801.995	801.995	0 21628.9 1147.34 	22776.2	6.12774	6.5039	12399	666.612	0.0221068	0	1.02	1.02
357.7	0.00203903	0.00116892	21361.3	1050	105	19250.4	200.591	200.591	802.365	802.365	0 21628.5 1148.05 	22776.5	6.12776	6.5039	12399	666.612	0.0221208	0	1.02	1.02
357.8	0.00203902	0.00116894	21361.8	1050	105	19249.9	200.684	200.684	802.735	802.735	0 21628 1148.75 	22776.8	6.12779	6.5039	12399	666.612	0.0221349	0	1.02	1.02
357.9	0.00203902	0.00116896	21362.2	1050	105	19249.5	200.776	200.776	803.105	803.105	0 21627.6 1149.46 	22777.1	6.12781	6.5039	12399	666.612	0.0221489	0	1.02	1.02
358	0.00203902	0.00116898	21362.7	1050	105	19249	200.869	200.869	803.476	803.476	0 21627.2 1150.16 	22777.4	6.12783	6.5039	12399	666.612	0.022163	0	1.02	1.02
358.1	0.00203902	0.001169	21363.2	1050	105	19248.5	200.962	200.962	803.847	803.847	0 21626.8 1150.87 	22777.6	6.12785	6.5039	12399	666.612	0.0221771	0	1.02	1.02
358.2	0.00203901	0.00116902	21363.6	1050	105	19248.1	201.054	201.054	804.217	804.217	0 21626.3 1151.57 	22777.9	6.12787	6.5039	12399	666.612	0.0221911	0	1.02	1.02
358.3	0.00203901	0.00116904	21364.1	1050	105	19247.6	201.147	201.147	804.588	804.588	0 21625.9 1152.28 	22778.2	6.1279	6.5039	12399	666.612	0.0222052	0	1.02	1.02
358.4	0.00203901	0.00116907	21364.6	1050	105	19247.2	201.24	201.24	804.959	804.959	0 21625.5 1152.98 	22778.5	6.12792	6.5039	12399	666.612	0.0222193	0	1.02	1.02
358.5	0.00203901	0.00116909	21365	1050	105	19246.7	201.333	201.333	805.331	805.331	0 21625.1 1153.69 	22778.8	6.12794	6.5039	12399	666.612	0.0222334	0	1.02	1.02
358.6	0.002039	0.00116911	21365.5	1050	105	19246.2	201.425	201.425	805.702	805.702	0 21624.6 1154.4 	22779	6.12796	6.5039	12399	666.612	0.0222475	0	1.02	1.02
358.7	0.002039	0.00116913	21365.9	1050	105	19245.8	201.518	201.518	806.073	806.073	0 21624.2 1155.11 	22779.3	6.12799	6.5039	12399	666.612	0.0222616	0	1.02	1.02
358.8	0.002039	0.00116915	21366.4	1050	105	19245.3	201.611	201.611	806.445	806.445	0 21623.8 1155.81 	22779.6	6.12801	6.5039	12399	666.612	0.0222758	0	1.02	1.02
358.9	0.002039	0.00116917	21366.9	1050	105	19244.8	201.704	201.704	806.817	806.817	0 21623.4 1156.52 	22779.9	6.12803	6.5039	12399	666.612	0.0222899	0	1.02	1.02
359	0.00203899	0.0011692	21367.3	1050	105	19244.4	201.797	201.797	807.189	807.189	0 21622.9 1157.23 	22780.2	6.12805	6.5039	12399	666.612	0.022304	0	1.02	1.02
359.1	0.00203899	0.00116922	21367.8	1050	105	19243.9	201.89	201.89	807.561	807.561	0 21622.5 1157.94 	22780.4	6.12808	6.5039	12399	666.612	0.0223182	0	1.02	1.02
359.2	0.00203899	0.00116924	21368.3	1050	105	19243.4	201.983	201.983	807.933	807.933	0 21622.1 1158.65 	22780.7	6.1281	6.5039	12399	666.612	0.0223323	0	1.02	1.02
359.3	0.00203899	0.00116926	21368.7	1050	105	19243	202.076	202.076	808.306	808.306	0 21621.6 1159.36 	22781	6.12812	6.5039	12399	666.612	0.0223465	0	1.02	1.02
359.4	0.00203898	0.00116928	21369.2	1050	105	19242.5	202.17	202.17	808.678	808.678	0 21621.2 1160.07 	22781.3	6.12814	6.5039	12399	666.612	0.0223607	0	1.02	1.02
359.5	0.00203898	0.0011693	21369.6	1050	105	19242	202.263	202.263	809.051	809.051	0 21620.8 1160.78 	22781.6	6.12817	6.5039	12399	666.612	0.0223748	0	1.02	1.02
359.6	0.00203898	0.00116933	21370.1	1050	105	19241.6	202.356	202.356	809.424	809.424	0 21620.4 1161.49 	22781.9	6.12819	6.5039	12399	666.612	0.022389	0	1.02	1.02
359.7	0.00203898	0.00116935	21370.6	1050	105	19241.1	202.449	202.449	809.797	809.797	0 21619.9 1162.2 	22782.1	6.12821	6.5039	12399	666.612	0.0224032	0	1.02	1.02
359.8	0.00203897	0.00116937	21371	1050	105	19240.6	202.542	202.542	810.17	810.17	0 21619.5 1162.91 	22782.4	6.12823	6.5039	12399	666.612	0.0224174	0	1.02	1.02
359.9	0.00203897	0.00116939	21371.5	1050	105	19240.1	202.636	202.636	810.543	810.543	0 21619.1 1163.62 	22782.7	6.12826	6.5039	12399	666.612	0.0224316	0	1.02	1.02
360	0.00203897	0.00116941	21372	1050	105	19239.7	202.729	202.729	810.917	810.917	0 21618.7 1164.34 	22783	6.12828	6.5039	12399	666.612	0.0224458	0	1.02	1.02
360.1	0.00203897	0.00116943	21372.4	1050	105	19239.2	202.823	202.823	811.29	811.29	0 21618.2 1165.05 	22783.3	6.1283	6.5039	12399	666.612	0.0224601	0	1.02	1.02
360.2	0.00203896	0.00116946	21372.9	1050	105	19238.7	202.916	202.916	811.664	811.664	0 21617.8 1165.76 	22783.6	6.12832	6.5039	12399	666.612	0.0224743	0	1.02	1.02
360.3	0.00203896	0.00116948	21373.4	1050	105	19238.3	203.01	203.01	812.038	812.038	0 21617.4 1166.47 	22783.8	6.12835	6.5039	12399	666.612	0.0224885	0	1.02	1.02
360.4	0.00203896	0.0011695	21373.8	1050	105	19237.8	203.103	203.103	812.412	812.412	0 21616.9 1167.19 	22784.1	6.12837	6.5039	12399	666.612	0.0225028	0	1.02	1.02
360.5	0.00203896	0.00116952	21374.3	1050	105	19237.3	203.197	203.197	812.786	812.786	0 21616.5 1167.9 	22784.4	6.12839	6.5039	12399	666.612	0.022517	0	1.02	1.02
360.6	0.00203895	0.00116954	21374.8	1050	105	19236.9	203.29	203.29	813.161	813.161	0 21616.1 1168.62 	22784.7	6.12842	6.5039	12399	666.612	0.0225313	0	1.02	1.02
360.7	0.00203895	0.00116956	21375.2	1050	105	19236.4	203.384	203.384	813.535	813.535	0 21615.7 1169.33 	22785	6.12844	6.5039	12399	666.612	0.0225456	0	1.02	1.02
360.8	0.00203895	0.00116959	21375.7	1050	105	19235.9	203.477	203.477	813.91	813.91	0 21615.2 1170.05 	22785.3	6.12846	6.5039	12399	666.612	0.0225598	0	1.02	1.02
360.9	0.00203895	0.00116961	21376.1	1050	105	19235.4	203.571	203.571	814.285	814.285	0 21614.8 1170.76 	22785.6	6.12848	6.5039	12399	666.612	0.0225741	0	1.02	1.02
361	0.00203894	0.00116963	21376.6	1050	105	19235	203.665	203.665	814.66	814.66	0 21614.4 1171.48 	22785.9	6.12851	6.5039	12399	666.612	0.0225884	0	1.02	1.02
361.1	0.00203894	0.00116965	21377.1	1050	105	19234.5	203.759	203.759	815.035	815.035	0 21614 1172.19 	22786.1	6.12853	6.5039	12399	666.612	0.0226027	0	1.02	1.02
361.2	0.00203894	0.00116967	21377.5	1050	105	19234	203.852	203.852	815.41	815.41	0 21613.5 1172.91 	22786.4	6.12855	6.5039	12399	666.612	0.022617	0	1.02	1.02
361.3	0.00203894	0.0011697	21378	1050	105	19233.5	203.946	203.946	815.785	815.785	0 21613.1 1173.63 	22786.7	6.12858	6.5039	12399	666.612	0.0226313	0	1.02	1.02
361.4	0.00203893	0.00116972	21378.5	1050	105	19233.1	204.04	204.04	816.161	816.161	0 21612.7 1174.34 	22787	6.1286	6.5039	12399	666.612	0.0226457	0	1.02	1.02
361.5	0.00203893	0.00116974	21378.9	1050	105	19232.6	204.134	204.134	816.537	816.537	0 21612.2 1175.06 	22787.3	6.12862	6.5039	12399	666.612	0.02266	0	1.02	1.02
361.6	0.00203893	0.00116976	21379.4	1050	105	19232.1	204.228	204.228	816.913	816.913	0 21611.8 1175.78 	22787.6	6.12864	6.5039	12399	666.612	0.0226743	0	1.02	1.02
361.7	0.00203893	0.00116978	21379.9	1050	105	19231.6	204.322	204.322	817.289	817.289	0 21611.4 1176.5 	22787.9	6.12867	6.5039	12399	666.612	0.0226887	0	1.02	1.02
361.8	0.00203892	0.0011698	21380.3	1050	105	19231.2	204.416	204.416	817.665	817.665	0 21611 1177.21 	22788.2	6.12869	6.5039	12399	666.612	0.022703	0	1.02	1.02
361.9	0.00203892	0.00116983	21380.8	1050	105	19230.7	204.51	204.51	818.041	818.041	0 21610.5 1177.93 	22788.5	6.12871	6.5039	12399	666.612	0.0227174	0	1.02	1.02
362	0.00203892	0.00116985	21381.3	1050	105	19230.2	204.604	204.604	818.417	818.417	0 21610.1 1178.65 	22788.7	6.12874	6.5039	12399	666.612	0.0227317	0	1.02	1.02
362.1	0.00203892	0.00116987	21381.7	1050	105	19229.7	204.699	204.699	818.794	818.794	0 21609.7 1179.37 	22789	6.12876	6.5039	12399	666.612	0.0227461	0	1.02	1.02
362.2	0.00203891	0.00116989	21382.2	1050	105	19229.3	204.793	204.793	819.171	819.171	0 21609.2 1180.09 	22789.3	6.12878	6.5039	12399	666.612	0.0227605	0	1.02	1.02
362.3	0.00203891	0.00116991	21382.7	1050	105	19228.8	204.887	204.887	819.548	819.548	0 21608.8 1180.81 	22789.6	6.12881	6.5039	12399	666.612	0.0227749	0	1.02	1.02
362.4	0.00203891	0.00116993	21383.1	1050	105	19228.3	204.981	204.981	819.925	819.925	0 21608.4 1181.53 	22789.9	6.12883	6.5039	12399	666.612	0.0227893	0	1.02	1.02
362.5	0.00203891	0.00116996	21383.6	1050	105	19227.8	205.075	205.075	820.302	820.302	0 21607.9 1182.25 	22790.2	6.12885	6.5039	12399	666.612	0.0228037	0	1.02	1.02
362.6	0.0020389	0.00116998	21384.1	1050	105	19227.4	205.17	205.17	820.679	820.679	0 21607.5 1182.98 	22790.5	6.12888	6.5039	12399	666.612	0.0228181	0	1.02	1.02
362.7	0.0020389	0.00117	21384.5	1050	105	19226.9	205.264	205.264	821.057	821.057	0 21607.1 1183.7 	22790.8	6.1289	6.5039	12399	666.612	0.0228325	0	1.02	1.02
362.8	0.0020389	0.00117002	21385	1050	105	19226.4	205.359	205.359	821.435	821.435	0 21606.7 1184.42 	22791.1	6.12892	6.5039	12399	666.612	0.0228469	0	1.02	1.02
362.9	0.00203889	0.00117004	21385.5	1050	105	19225.9	205.453	205.453	821.812	821.812	0 21606.2 1185.14 	22791.4	6.12895	6.5039	12399	666.612	0.0228614	0	1.02	1.02
363	0.00203889	0.00117007	21385.9	1050	105	19225.4	205.548	205.548	822.19	822.19	0 21605.8 1185.87 	22791.7	6.12897	6.5039	12399	666.612	0.0228758	0	1.02	1.02
363.1	0.00203889	0.00117009	21386.4	1050	105	19225	205.642	205.642	822.568	822.568	0 21605.4 1186.59 	22792	6.12899	6.5039	12399	666.612	0.0228903	0	1.02	1.02
363.2	0.00203889	0.00117011	21386.9	1050	105	19224.5	205.737	205.737	822.947	822.947	0 21604.9 1187.31 	22792.2	6.12902	6.5039	12399	666.612	0.0229047	0	1.02	1.02
363.3	0.00203888	0.00117013	21387.3	1050	105	19224	205.831	205.831	823.325	823.325	0 21604.5 1188.04 	22792.5	6.12904	6.5039	12399	666.612	0.0229192	0	1.02	1.02
363.4	0.00203888	0.00117015	21387.8	1050	105	19223.5	205.926	205.926	823.704	823.704	0 21604.1 1188.76 	22792.8	6.12906	6.5039	12399	666.612	0.0229337	0	1.02	1.02
363.5	0.00203888	0.00117017	21388.3	1050	105	19223	206.021	206.021	824.082	824.082	0 21603.6 1189.49 	22793.1	6.12909	6.5039	12399	666.612	0.0229481	0	1.02	1.02
363.6	0.00203888	0.0011702	21388.7	1050	105	19222.6	206.115	206.115	824.461	824.461	0 21603.2 1190.21 	22793.4	6.12911	6.5039	12399	666.612	0.0229626	0	1.02	1.02
363.7	0.00203887	0.00117022	21389.2	1050	105	19222.1	206.21	206.21	824.84	824.84	0 21602.8 1190.94 	22793.7	6.12913	6.5039	12399	666.612	0.0229771	0	1.02	1.02
363.8	0.00203887	0.00117024	21389.7	1050	105	19221.6	206.305	206.305	825.219	825.219	0 21602.4 1191.66 	22794	6.12916	6.5039	12399	666.612	0.0229916	0	1.02	1.02
363.9	0.00203887	0.00117026	21390.1	1050	105	19221.1	206.4	206.4	825.599	825.599	0 21601.9 1192.39 	22794.3	6.12918	6.5039	12399	666.612	0.0230061	0	1.02	1.02
364	0.00203887	0.00117028	21390.6	1050	105	19220.6	206.495	206.495	825.978	825.978	0 21601.5 1193.11 	22794.6	6.1292	6.5039	12399	666.612	0.0230207	0	1.02	1.02
364.1	0.00203886	0.00117031	21391.1	1050	105	19220.2	206.589	206.589	826.358	826.358	0 21601.1 1193.84 	22794.9	6.12923	6.5039	12399	666.612	0.0230352	0	1.02	1.02
364.2	0.00203886	0.00117033	21391.5	1050	105	19219.7	206.684	206.684	826.738	826.738	0 21600.6 1194.57 	22795.2	6.12925	6.5039	12399	666.612	0.0230497	0	1.02	1.02
364.3	0.00203886	0.00117035	21392	1050	105	19219.2	206.779	206.779	827.117	827.117	0 21600.2 1195.29 	22795.5	6.12927	6.5039	12399	666.612	0.0230643	0	1.02	1.02
364.4	0.00203886	0.00117037	21392.5	1050	105	19218.7	206.874	206.874	827.498	827.498	0 21599.8 1196.02 	22795.8	6.1293	6.5039	12399	666.612	0.0230788	0	1.02	1.02
364.5	0.00203885	0.00117039	21392.9	1050	105	19218.2	206.969	206.969	827.878	827.878	0 21599.3 1196.75 	22796.1	6.12932	6.5039	12399	666.612	0.0230934	0	1.02	1.02
364.6	0.00203885	0.00117041	21393.4	1050	105	19217.7	207.065	207.065	828.258	828.258	0 21598.9 1197.48 	22796.4	6.12935	6.5039	12399	666.612	0.0231079	0	1.02	1.02
364.7	0.00203885	0.00117044	21393.9	1050	105	19217.3	207.16	207.16	828.639	828.639	0 21598.5 1198.21 	22796.7	6.12937	6.5039	12399	666.612	0.0231225	0	1.02	1.02
364.8	0.00203885	0.00117046	21394.3	1050	105	19216.8	207.255	207.255	829.019	829.019	0 21598 1198.94 	22797	6.12939	6.5039	12399	666.612	0.0231371	0	1.02	1.02
364.9	0.00203884	0.00117048	21394.8	1050	105	19216.3	207.35	207.35	829.4	829.4	0 21597.6 1199.67 	22797.3	6.12942	6.5039	12399	666.612	0.0231517	0	1.02	1.02
365	0.00203884	0.0011705	21395.3	1050	105	19215.8	207.445	207.445	829.781	829.781	0 21597.2 1200.4 	22797.6	6.12944	6.5039	12399	666.612	0.0231663	0	1.02	1.02
365.1	0.00203884	0.00117052	21395.7	1050	105	19215.3	207.541	207.541	830.162	830.162	0 21596.8 1201.13 	22797.9	6.12946	6.5039	12399	666.612	0.0231809	0	1.02	1.02
365.2	0.00203883	0.00117055	21396.2	1050	105	19214.8	207.636	207.636	830.543	830.543	0 21596.3 1201.86 	22798.2	6.12949	6.5039	12399	666.612	0.0231955	0	1.02	1.02
365.3	0.00203883	0.00117057	21396.7	1050	105	19214.4	207.731	207.731	830.925	830.925	0 21595.9 1202.59 	22798.5	6.12951	6.5039	12399	666.612	0.0232101	0	1.02	1.02
365.4	0.00203883	0.00117059	21397.1	1050	105	19213.9	207.827	207.827	831.306	831.306	0 21595.5 1203.32 	22798.8	6.12954	6.5039	12399	666.612	0.0232247	0	1.02	1.02
365.5	0.00203883	0.00117061	21397.6	1050	105	19213.4	207.922	207.922	831.688	831.688	0 21595 1204.05 	22799.1	6.12956	6.5039	12399	666.612	0.0232393	0	1.02	1.02
365.6	0.00203882	0.00117063	21398.1	1050	105	19212.9	208.018	208.018	832.07	832.07	0 21594.6 1204.78 	22799.4	6.12958	6.5039	12399	666.612	0.023254	0	1.02	1.02
365.7	0.00203882	0.00117066	21398.5	1050	105	19212.4	208.113	208.113	832.452	832.452	0 21594.2 1205.52 	22799.7	6.12961	6.5039	12399	666.612	0.0232686	0	1.02	1.02
365.8	0.00203882	0.00117068	21399	1050	105	19211.9	208.209	208.209	832.834	832.834	0 21593.7 1206.25 	22800	6.12963	6.5039	12399	666.612	0.0232833	0	1.02	1.02
365.9	0.00203882	0.0011707	21399.5	1050	105	19211.4	208.304	208.304	833.217	833.217	0 21593.3 1206.98 	22800.3	6.12966	6.5039	12399	666.612	0.0232979	0	1.02	1.02
366	0.00203881	0.00117072	21399.9	1050	105	19210.9	208.4	208.4	833.599	833.599	0 21592.9 1207.72 	22800.6	6.12968	6.5039	12399	666.612	0.0233126	0	1.02	1.02
366.1	0.00203881	0.00117074	21400.4	1050	105	19210.5	208.495	208.495	833.982	833.982	0 21592.4 1208.45 	22800.9	6.1297	6.5039	12399	666.612	0.0233273	0	1.02	1.02
366.2	0.00203881	0.00117076	21400.9	1050	105	19210	208.591	208.591	834.364	834.364	0 21592 1209.19 	22801.2	6.12973	6.5039	12399	666.612	0.023342	0	1.02	1.02
366.3	0.00203881	0.00117079	21401.3	1050	105	19209.5	208.687	208.687	834.747	834.747	0 21591.6 1209.92 	22801.5	6.12975	6.5039	12399	666.612	0.0233567	0	1.02	1.02
366.4	0.0020388	0.00117081	21401.8	1050	105	19209	208.783	208.783	835.13	835.13	0 21591.1 1210.65 	22801.8	6.12978	6.5039	12399	666.612	0.0233714	0	1.02	1.02
366.5	0.0020388	0.00117083	21402.3	1050	105	19208.5	208.878	208.878	835.514	835.514	0 21590.7 1211.39 	22802.1	6.1298	6.5039	12399	666.612	0.0233861	0	1.02	1.02
366.6	0.0020388	0.00117085	21402.8	1050	105	19208	208.974	208.974	835.897	835.897	0 21590.3 1212.13 	22802.4	6.12982	6.5039	12399	666.612	0.0234008	0	1.02	1.02
366.7	0.00203879	0.00117087	21403.2	1050	105	19207.5	209.07	209.07	836.281	836.281	0 21589.8 1212.86 	22802.7	6.12985	6.5039	12399	666.612	0.0234155	0	1.02	1.02
366.8	0.00203879	0.0011709	21403.7	1050	105	19207	209.166	209.166	836.664	836.664	0 21589.4 1213.6 	22803	6.12987	6.5039	12399	666.612	0.0234302	0	1.02	1.02
366.9	0.00203879	0.00117092	21404.2	1050	105	19206.5	209.262	209.262	837.048	837.048	0 21589 1214.34 	22803.3	6.1299	6.5039	12399	666.612	0.023445	0	1.02	1.02
367	0.00203879	0.00117094	21404.6	1050	105	19206	209.358	209.358	837.432	837.432	0 21588.5 1215.07 	22803.6	6.12992	6.5039	12399	666.612	0.0234597	0	1.02	1.02
367.1	0.00203878	0.00117096	21405.1	1050	105	19205.6	209.454	209.454	837.816	837.816	0 21588.1 1215.81 	22803.9	6.12994	6.5039	12399	666.612	0.0234745	0	1.02	1.02
367.2	0.00203878	0.00117098	21405.6	1050	105	19205.1	209.55	209.55	838.201	838.201	0 21587.7 1216.55 	22804.2	6.12997	6.5039	12399	666.612	0.0234892	0	1.02	1.02
367.3	0.00203878	0.00117101	21406	1050	105	19204.6	209.646	209.646	838.585	838.585	0 21587.2 1217.29 	22804.5	6.12999	6.5039	12399	666.612	0.023504	0	1.02	1.02
367.4	0.00203878	0.00117103	21406.5	1050	105	19204.1	209.742	209.742	838.97	838.97	0 21586.8 1218.02 	22804.8	6.13002	6.5039	12399	666.612	0.0235188	0	1.02	1.02
367.5	0.00203877	0.00117105	21407	1050	105	19203.6	209.839	209.839	839.354	839.354	0 21586.4 1218.76 	22805.1	6.13004	6.5039	12399	666.612	0.0235336	0	1.02	1.02
367.6	0.00203877	0.00117107	21407.4	1050	105	19203.1	209.935	209.935	839.739	839.739	0 21585.9 1219.5 	22805.4	6.13007	6.5039	12399	666.612	0.0235484	0	1.02	1.02
367.7	0.00203877	0.00117109	21407.9	1050	105	19202.6	210.031	210.031	840.124	840.124	0 21585.5 1220.24 	22805.7	6.13009	6.5039	12399	666.612	0.0235632	0	1.02	1.02
367.8	0.00203877	0.00117112	21408.4	1050	105	19202.1	210.127	210.127	840.51	840.51	0 21585.1 1220.98 	22806	6.13011	6.5039	12399	666.612	0.023578	0	1.02	1.02
367.9	0.00203876	0.00117114	21408.8	1050	105	19201.6	210.224	210.224	840.895	840.895	0 21584.6 1221.72 	22806.4	6.13014	6.5039	12399	666.612	0.0235928	0	1.02	1.02
368	0.00203876	0.00117116	21409.3	1050	105	19201.1	210.32	210.32	841.28	841.28	0 21584.2 1222.46 	22806.7	6.13016	6.5039	12399	666.612	0.0236076	0	1.02	1.02
368.1	0.00203876	0.00117118	21409.8	1050	105	19200.6	210.417	210.417	841.666	841.666	0 21583.8 1223.2 	22807	6.13019	6.5039	12399	666.612	0.0236224	0	1.02	1.02
368.2	0.00203875	0.0011712	21410.3	1050	105	19200.1	210.513	210.513	842.052	842.052	0 21583.3 1223.95 	22807.3	6.13021	6.5039	12399	666.612	0.0236373	0	1.02	1.02
368.3	0.00203875	0.00117123	21410.7	1050	105	19199.6	210.609	210.609	842.438	842.438	0 21582.9 1224.69 	22807.6	6.13024	6.5039	12399	666.612	0.0236521	0	1.02	1.02
368.4	0.00203875	0.00117125	21411.2	1050	105	19199.1	210.706	210.706	842.824	842.824	0 21582.5 1225.43 	22807.9	6.13026	6.5039	12399	666.612	0.023667	0	1.02	1.02
368.5	0.00203875	0.00117127	21411.7	1050	105	19198.6	210.803	210.803	843.21	843.21	0 21582 1226.17 	22808.2	6.13029	6.5039	12399	666.612	0.0236818	0	1.02	1.02
368.6	0.00203874	0.00117129	21412.1	1050	105	19198.1	210.899	210.899	843.597	843.597	0 21581.6 1226.91 	22808.5	6.13031	6.5039	12399	666.612	0.0236967	0	1.02	1.02
368.7	0.00203874	0.00117131	21412.6	1050	105	19197.7	210.996	210.996	843.983	843.983	0 21581.2 1227.66 	22808.8	6.13034	6.5039	12399	666.612	0.0237116	0	1.02	1.02
368.8	0.00203874	0.00117134	21413.1	1050	105	19197.2	211.092	211.092	844.37	844.37	0 21580.7 1228.4 	22809.1	6.13036	6.5039	12399	666.612	0.0237265	0	1.02	1.02
368.9	0.00203874	0.00117136	21413.5	1050	105	19196.7	211.189	211.189	844.757	844.757	0 21580.3 1229.15 	22809.4	6.13038	6.5039	12399	666.612	0.0237413	0	1.02	1.02
369	0.00203873	0.00117138	21414	1050	105	19196.2	211.286	211.286	845.144	845.144	0 21579.9 1229.89 	22809.7	6.13041	6.5039	12399	666.612	0.0237562	0	1.02	1.02
369.1	0.00203873	0.0011714	21414.5	1050	105	19195.7	211.383	211.383	845.531	845.531	0 21579.4 1230.63 	22810.1	6.13043	6.5039	12399	666.612	0.0237711	0	1.02	1.02
369.2	0.00203873	0.00117142	21415	1050	105	19195.2	211.48	211.48	845.918	845.918	0 21579 1231.38 	22810.4	6.13046	6.5039	12399	666.612	0.0237861	0	1.02	1.02
369.3	0.00203872	0.00117145	21415.4	1050	105	19194.7	211.576	211.576	846.306	846.306	0 21578.5 1232.12 	22810.7	6.13048	6.5039	12399	666.612	0.023801	0	1.02	1.02
369.4	0.00203872	0.00117147	21415.9	1050	105	19194.2	211.673	211.673	846.693	846.693	0 21578.1 1232.87 	22811	6.13051	6.5039	12399	666.612	0.0238159	0	1.02	1.02
369.5	0.00203872	0.00117149	21416.4	1050	105	19193.7	211.77	211.77	847.081	847.081	0 21577.7 1233.62 	22811.3	6.13053	6.5039	12399	666.612	0.0238308	0	1.02	1.02
369.6	0.00203872	0.00117151	21416.8	1050	105	19193.2	211.867	211.867	847.469	847.469	0 21577.2 1234.36 	22811.6	6.13056	6.5039	12399	666.612	0.0238458	0	1.02	1.02
369.7	0.00203871	0.00117153	21417.3	1050	105	19192.7	211.964	211.964	847.857	847.857	0 21576.8 1235.11 	22811.9	6.13058	6.5039	12399	666.612	0.0238607	0	1.02	1.02
369.8	0.00203871	0.00117156	21417.8	1050	105	19192.2	212.061	212.061	848.245	848.245	0 21576.4 1235.86 	22812.2	6.13061	6.5039	12399	666.612	0.0238757	0	1.02	1.02
369.9	0.00203871	0.00117158	21418.3	1050	105	19191.7	212.158	212.158	848.634	848.634	0 21575.9 1236.6 	22812.5	6.13063	6.5039	12399	666.612	0.0238907	0	1.02	1.02
370	0.00203871	0.0011716	21418.7	1050	105	19191.2	212.256	212.256	849.022	849.022	0 21575.5 1237.35 	22812.9	6.13066	6.5039	12399	666.612	0.0239056	0	1.02	1.02
370.1	0.0020387	0.00117162	21419.2	1050	105	19190.7	212.353	212.353	849.411	849.411	0 21575.1 1238.1 	22813.2	6.13068	6.5039	12399	666.612	0.0239206	0	1.02	1.02
370.2	0.0020387	0.00117164	21419.7	1050	105	19190.2	212.45	212.45	849.8	849.8	0 21574.6 1238.85 	22813.5	6.13071	6.5039	12399	666.612	0.0239356	0	1.02	1.02
370.3	0.0020387	0.00117167	21420.1	1050	105	19189.7	212.547	212.547	850.189	850.189	0 21574.2 1239.6 	22813.8	6.13073	6.5039	12399	666.612	0.0239506	0	1.02	1.02
370.4	0.00203869	0.00117169	21420.6	1050	105	19189.2	212.645	212.645	850.578	850.578	0 21573.8 1240.35 	22814.1	6.13076	6.5039	12399	666.612	0.0239656	0	1.02	1.02
370.5	0.00203869	0.00117171	21421.1	1050	105	19188.7	212.742	212.742	850.967	850.967	0 21573.3 1241.1 	22814.4	6.13078	6.5039	12399	666.612	0.0239806	0	1.02	1.02
370.6	0.00203869	0.00117173	21421.6	1050	105	19188.2	212.839	212.839	851.357	851.357	0 21572.9 1241.85 	22814.7	6.13081	6.5039	12399	666.612	0.0239956	0	1.02	1.02
370.7	0.00203869	0.00117176	21422	1050	105	19187.7	212.937	212.937	851.746	851.746	0 21572.4 1242.6 	22815	6.13083	6.5039	12399	666.612	0.0240107	0	1.02	1.02
370.8	0.00203868	0.00117178	21422.5	1050	105	19187.2	213.034	213.034	852.136	852.136	0 21572 1243.35 	22815.4	6.13086	6.5039	12399	666.612	0.0240257	0	1.02	1.02
370.9	0.00203868	0.0011718	21423	1050	105	19186.7	213.132	213.132	852.526	852.526	0 21571.6 1244.1 	22815.7	6.13088	6.5039	12399	666.612	0.0240407	0	1.02	1.02
371	0.00203868	0.00117182	21423.4	1050	105	19186.2	213.229	213.229	852.916	852.916	0 21571.1 1244.85 	22816	6.13091	6.5039	12399	666.612	0.0240558	0	1.02	1.02
371.1	0.00203867	0.00117184	21423.9	1050	105	19185.7	213.327	213.327	853.306	853.306	0 21570.7 1245.6 	22816.3	6.13093	6.5039	12399	666.612	0.0240708	0	1.02	1.02
371.2	0.00203867	0.00117187	21424.4	1050	105	19185.1	213.424	213.424	853.697	853.697	0 21570.3 1246.35 	22816.6	6.13096	6.5039	12399	666.612	0.0240859	0	1.02	1.02
371.3	0.00203867	0.00117189	21424.9	1050	105	19184.6	213.522	213.522	854.087	854.087	0 21569.8 1247.11 	22816.9	6.13098	6.5039	12399	666.612	0.024101	0	1.02	1.02
371.4	0.00203867	0.00117191	21425.3	1050	105	19184.1	213.619	213.619	854.478	854.478	0 21569.4 1247.86 	22817.3	6.13101	6.5039	12399	666.612	0.0241161	0	1.02	1.02
371.5	0.00203866	0.00117193	21425.8	1050	105	19183.6	213.717	213.717	854.869	854.869	0 21569 1248.61 	22817.6	6.13103	6.5039	12399	666.612	0.0241311	0	1.02	1.02
371.6	0.00203866	0.00117195	21426.3	1050	105	19183.1	213.815	213.815	855.26	855.26	0 21568.5 1249.37 	22817.9	6.13106	6.5039	12399	666.612	0.0241462	0	1.02	1.02
371.7	0.00203866	0.00117198	21426.8	1050	105	19182.6	213.913	213.913	855.651	855.651	0 21568.1 1250.12 	22818.2	6.13108	6.5039	12399	666.612	0.0241613	0	1.02	1.02
371.8	0.00203866	0.001172	21427.2	1050	105	19182.1	214.011	214.011	856.042	856.042	0 21567.6 1250.87 	22818.5	6.13111	6.5039	12399	666.612	0.0241765	0	1.02	1.02
371.9	0.00203865	0.00117202	21427.7	1050	105	19181.6	214.108	214.108	856.433	856.433	0 21567.2 1251.63 	22818.8	6.13113	6.5039	12399	666.612	0.0241916	0	1.02	1.02
372	0.00203865	0.00117204	21428.2	1050	105	19181.1	214.206	214.206	856.825	856.825	0 21566.8 1252.38 	22819.2	6.13116	6.5039	12399	666.612	0.0242067	0	1.02	1.02
372.1	0.00203865	0.00117207	21428.6	1050	105	19180.6	214.304	214.304	857.217	857.217	0 21566.3 1253.14 	22819.5	6.13118	6.5039	12399	666.612	0.0242218	0	1.02	1.02
372.2	0.00203864	0.00117209	21429.1	1050	105	19180.1	214.402	214.402	857.609	857.609	0 21565.9 1253.89 	22819.8	6.13121	6.5039	12399	666.612	0.024237	0	1.02	1.02
372.3	0.00203864	0.00117211	21429.6	1050	105	19179.6	214.5	214.5	858.001	858.001	0 21565.5 1254.65 	22820.1	6.13123	6.5039	12399	666.612	0.0242521	0	1.02	1.02
372.4	0.00203864	0.00117213	21430.1	1050	105	19179.1	214.598	214.598	858.393	858.393	0 21565 1255.41 	22820.4	6.13126	6.5039	12399	666.612	0.0242673	0	1.02	1.02
372.5	0.00203864	0.00117215	21430.5	1050	105	19178.6	214.696	214.696	858.785	858.785	0 21564.6 1256.16 	22820.7	6.13128	6.5039	12399	666.612	0.0242824	0	1.02	1.02
372.6	0.00203863	0.00117218	21431	1050	105	19178.1	214.794	214.794	859.178	859.178	0 21564.1 1256.92 	22821.1	6.13131	6.5039	12399	666.612	0.0242976	0	1.02	1.02
372.7	0.00203863	0.0011722	21431.5	1050	105	19177.6	214.893	214.893	859.57	859.57	0 21563.7 1257.68 	22821.4	6.13134	6.5039	12399	666.612	0.0243128	0	1.02	1.02
372.8	0.00203863	0.00117222	21432	1050	105	19177	214.991	214.991	859.963	859.963	0 21563.3 1258.44 	22821.7	6.13136	6.5039	12399	666.612	0.024328	0	1.02	1.02
372.9	0.00203862	0.00117224	21432.4	1050	105	19176.5	215.089	215.089	860.356	860.356	0 21562.8 1259.19 	22822	6.13139	6.5039	12399	666.612	0.0243432	0	1.02	1.02
373	0.00203862	0.00117226	21432.9	1050	105	19176	215.187	215.187	860.749	860.749	0 21562.4 1259.95 	22822.3	6.13141	6.5039	12399	666.612	0.0243584	0	1.02	1.02
373.1	0.00203862	0.00117229	21433.4	1050	105	19175.5	215.286	215.286	861.143	861.143	0 21562 1260.71 	22822.7	6.13144	6.5039	12399	666.612	0.0243736	0	1.02	1.02
373.2	0.00203862	0.00117231	21433.8	1050	105	19175	215.384	215.384	861.536	861.536	0 21561.5 1261.47 	22823	6.13146	6.5039	12399	666.612	0.0243888	0	1.02	1.02
373.3	0.00203861	0.00117233	21434.3	1050	105	19174.5	215.482	215.482	861.93	861.93	0 21561.1 1262.23 	22823.3	6.13149	6.5039	12399	666.612	0.024404	0	1.02	1.02
373.4	0.00203861	0.00117235	21434.8	1050	105	19174	215.581	215.581	862.323	862.323	0 21560.6 1262.99 	22823.6	6.13151	6.5039	12399	666.612	0.0244193	0	1.02	1.02
373.5	0.00203861	0.00117238	21435.3	1050	105	19173.5	215.679	215.679	862.717	862.717	0 21560.2 1263.75 	22823.9	6.13154	6.5039	12399	666.612	0.0244345	0	1.02	1.02
373.6	0.0020386	0.0011724	21435.7	1050	105	19173	215.778	215.778	863.111	863.111	0 21559.8 1264.51 	22824.3	6.13156	6.5039	12399	666.612	0.0244497	0	1.02	1.02
373.7	0.0020386	0.00117242	21436.2	1050	105	19172.5	215.876	215.876	863.505	863.505	0 21559.3 1265.27 	22824.6	6.13159	6.5039	12399	666.612	0.024465	0	1.02	1.02
373.8	0.0020386	0.00117244	21436.7	1050	105	19171.9	215.975	215.975	863.9	863.9	0 21558.9 1266.03 	22824.9	6.13162	6.5039	12399	666.612	0.0244803	0	1.02	1.02
373.9	0.0020386	0.00117246	21437.2	1050	105	19171.4	216.074	216.074	864.294	864.294	0 21558.4 1266.79 	22825.2	6.13164	6.5039	12399	666.612	0.0244955	0	1.02	1.02
374	0.00203859	0.00117249	21437.6	1050	105	19170.9	216.172	216.172	864.689	864.689	0 21558 1267.56 	22825.6	6.13167	6.5039	12399	666.612	0.0245108	0	1.02	1.02
374.1	0.00203859	0.00117251	21438.1	1050	105	19170.4	216.271	216.271	865.084	865.084	0 21557.6 1268.32 	22825.9	6.13169	6.5039	12399	666.612	0.0245261	0	1.02	1.02
374.2	0.00203859	0.00117253	21438.6	1050	105	19169.9	216.37	216.37	865.479	865.479	0 21557.1 1269.08 	22826.2	6.13172	6.5039	12399	666.612	0.0245414	0	1.02	1.02
374.3	0.00203858	0.00117255	21439.1	1050	105	19169.4	216.468	216.468	865.874	865.874	0 21556.7 1269.85 	22826.5	6.13174	6.5039	12399	666.612	0.0245567	0	1.02	1.02
374.4	0.00203858	0.00117258	21439.5	1050	105	19168.9	216.567	216.567	866.269	866.269	0 21556.2 1270.61 	22826.9	6.13177	6.5039	12399	666.612	0.024572	0	1.02	1.02
374.5	0.00203858	0.0011726	21440	1050	105	19168.4	216.666	216.666	866.664	866.664	0 21555.8 1271.37 	22827.2	6.1318	6.5039	12399	666.612	0.0245873	0	1.02	1.02
374.6	0.00203858	0.00117262	21440.5	1050	105	19167.8	216.765	216.765	867.06	867.06	0 21555.4 1272.14 	22827.5	6.13182	6.5039	12399	666.612	0.0246026	0	1.02	1.02
374.7	0.00203857	0.00117264	21441	1050	105	19167.3	216.864	216.864	867.456	867.456	0 21554.9 1272.9 	22827.8	6.13185	6.5039	12399	666.612	0.024618	0	1.02	1.02
374.8	0.00203857	0.00117267	21441.4	1050	105	19166.8	216.963	216.963	867.851	867.851	0 21554.5 1273.67 	22828.2	6.13187	6.5039	12399	666.612	0.0246333	0	1.02	1.02
374.9	0.00203857	0.00117269	21441.9	1050	105	19166.3	217.062	217.062	868.247	868.247	0 21554 1274.43 	22828.5	6.1319	6.5039	12399	666.612	0.0246487	0	1.02	1.02
375	0.00203856	0.00117271	21442.4	1050	105	19165.8	217.161	217.161	868.644	868.644	0 21553.6 1275.2 	22828.8	6.13193	6.5039	12399	666.612	0.024664	0	1.02	1.02
375.1	0.00203856	0.00117273	21442.9	1050	105	19165.3	217.26	217.26	869.04	869.04	0 21553.2 1275.96 	22829.1	6.13195	6.5039	12399	666.612	0.0246794	0	1.02	1.02
375.2	0.00203856	0.00117275	21443.3	1050	105	19164.7	217.359	217.359	869.436	869.436	0 21552.7 1276.73 	22829.5	6.13198	6.5039	12399	666.612	0.0246947	0	1.02	1.02
375.3	0.00203856	0.00117278	21443.8	1050	105	19164.2	217.458	217.458	869.833	869.833	0 21552.3 1277.5 	22829.8	6.132	6.5039	12399	666.612	0.0247101	0	1.02	1.02
375.4	0.00203855	0.0011728	21444.3	1050	105	19163.7	217.557	217.557	870.23	870.23	0 21551.8 1278.26 	22830.1	6.13203	6.5039	12399	666.612	0.0247255	0	1.02	1.02
375.5	0.00203855	0.00117282	21444.8	1050	105	19163.2	217.657	217.657	870.627	870.627	0 21551.4 1279.03 	22830.4	6.13206	6.5039	12399	666.612	0.0247409	0	1.02	1.02
375.6	0.00203855	0.00117284	21445.2	1050	105	19162.7	217.756	217.756	871.024	871.024	0 21551 1279.8 	22830.8	6.13208	6.5039	12399	666.612	0.0247563	0	1.02	1.02
375.7	0.00203854	0.00117287	21445.7	1050	105	19162.2	217.855	217.855	871.421	871.421	0 21550.5 1280.57 	22831.1	6.13211	6.5039	12399	666.612	0.0247717	0	1.02	1.02
375.8	0.00203854	0.00117289	21446.2	1050	105	19161.6	217.955	217.955	871.818	871.818	0 21550.1 1281.33 	22831.4	6.13213	6.5039	12399	666.612	0.0247871	0	1.02	1.02
375.9	0.00203854	0.00117291	21446.7	1050	105	19161.1	218.054	218.054	872.216	872.216	0 21549.6 1282.1 	22831.7	6.13216	6.5039	12399	666.612	0.0248025	0	1.02	1.02
376	0.00203854	0.00117293	21447.1	1050	105	19160.6	218.153	218.153	872.614	872.614	0 21549.2 1282.87 	22832.1	6.13219	6.5039	12399	666.612	0.024818	0	1.02	1.02
376.1	0.00203853	0.00117296	21447.6	1050	105	19160.1	218.253	218.253	873.012	873.012	0 21548.8 1283.64 	22832.4	6.13221	6.5039	12399	666.612	0.0248334	0	1.02	1.02
376.2	0.00203853	0.00117298	21448.1	1050	105	19159.6	218.352	218.352	873.41	873.41	0 21548.3 1284.41 	22832.7	6.13224	6.5039	12399	666.612	0.0248489	0	1.02	1.02
376.3	0.00203853	0.001173	21448.6	1050	105	19159	218.452	218.452	873.808	873.808	0 21547.9 1285.18 	22833.1	6.13226	6.5039	12399	666.612	0.0248643	0	1.02	1.02
376.4	0.00203852	0.00117302	21449	1050	105	19158.5	218.552	218.552	874.206	874.206	0 21547.4 1285.95 	22833.4	6.13229	6.5039	12399	666.612	0.0248798	0	1.02	1.02
376.5	0.00203852	0.00117304	21449.5	1050	105	19158	218.651	218.651	874.604	874.604	0 21547 1286.72 	22833.7	6.13232	6.5039	12399	666.612	0.0248952	0	1.02	1.02
376.6	0.00203852	0.00117307	21450	1050	105	19157.5	218.751	218.751	875.003	875.003	0 21546.6 1287.49 	22834.1	6.13234	6.5039	12399	666.612	0.0249107	0	1.02	1.02
376.7	0.00203852	0.00117309	21450.5	1050	105	19157	218.85	218.85	875.402	875.402	0 21546.1 1288.27 	22834.4	6.13237	6.5039	12399	666.612	0.0249262	0	1.02	1.02
376.8	0.00203851	0.00117311	21451	1050	105	19156.4	218.95	218.95	875.801	875.801	0 21545.7 1289.04 	22834.7	6.1324	6.5039	12399	666.612	0.0249417	0	1.02	1.02
376.9	0.00203851	0.00117313	21451.4	1050	105	19155.9	219.05	219.05	876.2	876.2	0 21545.2 1289.81 	22835	6.13242	6.5039	12399	666.612	0.0249572	0	1.02	1.02
377	0.00203851	0.00117316	21451.9	1050	105	19155.4	219.15	219.15	876.599	876.599	0 21544.8 1290.58 	22835.4	6.13245	6.5039	12399	666.612	0.0249727	0	1.02	1.02
377.1	0.0020385	0.00117318	21452.4	1050	105	19154.9	219.25	219.25	876.999	876.999	0 21544.3 1291.36 	22835.7	6.13247	6.5039	12399	666.612	0.0249882	0	1.02	1.02
377.2	0.0020385	0.0011732	21452.9	1050	105	19154.4	219.35	219.35	877.398	877.398	0 21543.9 1292.13 	22836	6.1325	6.5039	12399	666.612	0.0250037	0	1.02	1.02
377.3	0.0020385	0.00117322	21453.3	1050	105	19153.8	219.449	219.449	877.798	877.798	0 21543.5 1292.9 	22836.4	6.13253	6.5039	12399	666.612	0.0250193	0	1.02	1.02
377.4	0.00203849	0.00117325	21453.8	1050	105	19153.3	219.549	219.549	878.198	878.198	0 21543 1293.68 	22836.7	6.13255	6.5039	12399	666.612	0.0250348	0	1.02	1.02
377.5	0.00203849	0.00117327	21454.3	1050	105	19152.8	219.649	219.649	878.598	878.598	0 21542.6 1294.45 	22837	6.13258	6.5039	12399	666.612	0.0250503	0	1.02	1.02
377.6	0.00203849	0.00117329	21454.8	1050	105	19152.3	219.749	219.749	878.998	878.998	0 21542.1 1295.23 	22837.4	6.13261	6.5039	12399	666.612	0.0250659	0	1.02	1.02
377.7	0.00203849	0.00117331	21455.2	1050	105	19151.7	219.85	219.85	879.398	879.398	0 21541.7 1296 	22837.7	6.13263	6.5039	12399	666.612	0.0250814	0	1.02	1.02
377.8	0.00203848	0.00117334	21455.7	1050	105	19151.2	219.95	219.95	879.799	879.799	0 21541.3 1296.78 	22838	6.13266	6.5039	12399	666.612	0.025097	0	1.02	1.02
377.9	0.00203848	0.00117336	21456.2	1050	105	19150.7	220.05	220.05	880.199	880.199	0 21540.8 1297.55 	22838.4	6.13269	6.5039	12399	666.612	0.0251126	0	1.02	1.02
378	0.00203848	0.00117338	21456.7	1050	105	19150.2	220.15	220.15	880.6	880.6	0 21540.4 1298.33 	22838.7	6.13271	6.5039	12399	666.612	0.0251282	0	1.02	1.02
378.1	0.00203847	0.0011734	21457.2	1050	105	19149.7	220.25	220.25	881.001	881.001	0 21539.9 1299.11 	22839	6.13274	6.5039	12399	666.612	0.0251438	0	1.02	1.02
378.2	0.00203847	0.00117343	21457.6	1050	105	19149.1	220.35	220.35	881.402	881.402	0 21539.5 1299.88 	22839.4	6.13277	6.5039	12399	666.612	0.0251594	0	1.02	1.02
378.3	0.00203847	0.00117345	21458.1	1050	105	19148.6	220.451	220.451	881.803	881.803	0 21539 1300.66 	22839.7	6.13279	6.5039	12399	666.612	0.025175	0	1.02	1.02
378.4	0.00203847	0.00117347	21458.6	1050	105	19148.1	220.551	220.551	882.205	882.205	0 21538.6 1301.44 	22840	6.13282	6.5039	12399	666.612	0.0251906	0	1.02	1.02
378.5	0.00203846	0.00117349	21459.1	1050	105	19147.5	220.652	220.652	882.606	882.606	0 21538.2 1302.22 	22840.4	6.13285	6.5039	12399	666.612	0.0252062	0	1.02	1.02
378.6	0.00203846	0.00117352	21459.5	1050	105	19147	220.752	220.752	883.008	883.008	0 21537.7 1303 	22840.7	6.13287	6.5039	12399	666.612	0.0252218	0	1.02	1.02
378.7	0.00203846	0.00117354	21460	1050	105	19146.5	220.852	220.852	883.41	883.41	0 21537.3 1303.77 	22841	6.1329	6.5039	12399	666.612	0.0252375	0	1.02	1.02
378.8	0.00203845	0.00117356	21460.5	1050	105	19146	220.953	220.953	883.812	883.812	0 21536.8 1304.55 	22841.4	6.13293	6.5039	12399	666.612	0.0252531	0	1.02	1.02
378.9	0.00203845	0.00117358	21461	1050	105	19145.4	221.053	221.053	884.214	884.214	0 21536.4 1305.33 	22841.7	6.13295	6.5039	12399	666.612	0.0252688	0	1.02	1.02
379	0.00203845	0.0011736	21461.5	1050	105	19144.9	221.154	221.154	884.616	884.616	0 21535.9 1306.11 	22842	6.13298	6.5039	12399	666.612	0.0252844	0	1.02	1.02
379.1	0.00203844	0.00117363	21461.9	1050	105	19144.4	221.255	221.255	885.019	885.019	0 21535.5 1306.89 	22842.4	6.13301	6.5039	12399	666.612	0.0253001	0	1.02	1.02
379.2	0.00203844	0.00117365	21462.4	1050	105	19143.9	221.355	221.355	885.421	885.421	0 21535 1307.67 	22842.7	6.13303	6.5039	12399	666.612	0.0253158	0	1.02	1.02
379.3	0.00203844	0.00117367	21462.9	1050	105	19143.3	221.456	221.456	885.824	885.824	0 21534.6 1308.45 	22843.1	6.13306	6.5039	12399	666.612	0.0253314	0	1.02	1.02
379.4	0.00203844	0.00117369	21463.4	1050	105	19142.8	221.557	221.557	886.227	886.227	0 21534.2 1309.24 	22843.4	6.13309	6.5039	12399	666.612	0.0253471	0	1.02	1.02
379.5	0.00203843	0.00117372	21463.8	1050	105	19142.3	221.657	221.657	886.63	886.63	0 21533.7 1310.02 	22843.7	6.13311	6.5039	12399	666.612	0.0253628	0	1.02	1.02
379.6	0.00203843	0.00117374	21464.3	1050	105	19141.7	221.758	221.758	887.033	887.033	0 21533.3 1310.8 	22844.1	6.13314	6.5039	12399	666.612	0.0253785	0	1.02	1.02
379.7	0.00203843	0.00117376	21464.8	1050	105	19141.2	221.859	221.859	887.437	887.437	0 21532.8 1311.58 	22844.4	6.13317	6.5039	12399	666.612	0.0253943	0	1.02	1.02
379.8	0.00203842	0.00117378	21465.3	1050	105	19140.7	221.96	221.96	887.84	887.84	0 21532.4 1312.36 	22844.7	6.13319	6.5039	12399	666.612	0.02541	0	1.02	1.02
379.9	0.00203842	0.00117381	21465.8	1050	105	19140.2	222.061	222.061	888.244	888.244	0 21531.9 1313.15 	22845.1	6.13322	6.5039	12399	666.612	0.0254257	0	1.02	1.02
380	0.00203842	0.00117383	21466.2	1050	105	19139.6	222.162	222.162	888.648	888.648	0 21531.5 1313.93 	22845.4	6.13325	6.5039	12399	666.612	0.0254414	0	1.02	1.02
380.1	0.00203842	0.00117385	21466.7	1050	105	19139.1	222.263	222.263	889.052	889.052	0 21531.1 1314.71 	22845.8	6.13327	6.5039	12399	666.612	0.0254572	0	1.02	1.02
380.2	0.00203841	0.00117387	21467.2	1050	105	19138.6	222.364	222.364	889.456	889.456	0 21530.6 1315.5 	22846.1	6.1333	6.5039	12399	666.612	0.0254729	0	1.02	1.02
380.3	0.00203841	0.0011739	21467.7	1050	105	19138	222.465	222.465	889.86	889.86	0 21530.2 1316.28 	22846.4	6.13333	6.5039	12399	666.612	0.0254887	0	1.02	1.02
380.4	0.00203841	0.00117392	21468.2	1050	105	19137.5	222.566	222.566	890.265	890.265	0 21529.7 1317.07 	22846.8	6.13336	6.5039	12399	666.612	0.0255045	0	1.02	1.02
380.5	0.0020384	0.00117394	21468.6	1050	105	19137	222.667	222.667	890.669	890.669	0 21529.3 1317.85 	22847.1	6.13338	6.5039	12399	666.612	0.0255202	0	1.02	1.02
380.6	0.0020384	0.00117396	21469.1	1050	105	19136.4	222.769	222.769	891.074	891.074	0 21528.8 1318.64 	22847.5	6.13341	6.5039	12399	666.612	0.025536	0	1.02	1.02
380.7	0.0020384	0.00117399	21469.6	1050	105	19135.9	222.87	222.87	891.479	891.479	0 21528.4 1319.42 	22847.8	6.13344	6.5039	12399	666.612	0.0255518	0	1.02	1.02
380.8	0.00203839	0.00117401	21470.1	1050	105	19135.4	222.971	222.971	891.884	891.884	0 21527.9 1320.21 	22848.1	6.13346	6.5039	12399	666.612	0.0255676	0	1.02	1.02
380.9	0.00203839	0.00117403	21470.6	1050	105	19134.8	223.072	223.072	892.289	892.289	0 21527.5 1321 	22848.5	6.13349	6.5039	12399	666.612	0.0255834	0	1.02	1.02
381	0.00203839	0.00117406	21471	1050	105	19134.3	223.174	223.174	892.695	892.695	0 21527 1321.78 	22848.8	6.13352	6.5039	12399	666.612	0.0255992	0	1.02	1.02
381.1	0.00203839	0.00117408	21471.5	1050	105	19133.8	223.275	223.275	893.1	893.1	0 21526.6 1322.57 	22849.2	6.13355	6.5039	12399	666.612	0.025615	0	1.02	1.02
381.2	0.00203838	0.0011741	21472	1050	105	19133.2	223.376	223.376	893.506	893.506	0 21526.2 1323.36 	22849.5	6.13357	6.5039	12399	666.612	0.0256309	0	1.02	1.02
381.3	0.00203838	0.00117412	21472.5	1050	105	19132.7	223.478	223.478	893.912	893.912	0 21525.7 1324.15 	22849.9	6.1336	6.5039	12399	666.612	0.0256467	0	1.02	1.02
381.4	0.00203838	0.00117415	21473	1050	105	19132.2	223.579	223.579	894.318	894.318	0 21525.3 1324.93 	22850.2	6.13363	6.5039	12399	666.612	0.0256625	0	1.02	1.02
381.5	0.00203837	0.00117417	21473.4	1050	105	19131.6	223.681	223.681	894.724	894.724	0 21524.8 1325.72 	22850.5	6.13365	6.5039	12399	666.612	0.0256784	0	1.02	1.02
381.6	0.00203837	0.00117419	21473.9	1050	105	19131.1	223.783	223.783	895.13	895.13	0 21524.4 1326.51 	22850.9	6.13368	6.5039	12399	666.612	0.0256942	0	1.02	1.02
381.7	0.00203837	0.00117421	21474.4	1050	105	19130.6	223.884	223.884	895.537	895.537	0 21523.9 1327.3 	22851.2	6.13371	6.5039	12399	666.612	0.0257101	0	1.02	1.02
381.8	0.00203836	0.00117424	21474.9	1050	105	19130	223.986	223.986	895.943	895.943	0 21523.5 1328.09 	22851.6	6.13374	6.5039	12399	666.612	0.025726	0	1.02	1.02
381.9	0.00203836	0.00117426	21475.4	1050	105	19129.5	224.088	224.088	896.35	896.35	0 21523 1328.88 	22851.9	6.13376	6.5039	12399	666.612	0.0257419	0	1.02	1.02
382	0.00203836	0.00117428	21475.8	1050	105	19129	224.189	224.189	896.757	896.757	0 21522.6 1329.67 	22852.3	6.13379	6.5039	12399	666.612	0.0257577	0	1.02	1.02
382.1	0.00203835	0.0011743	21476.3	1050	105	19128.4	224.291	224.291	897.164	897.164	0 21522.1 1330.46 	22852.6	6.13382	6.5039	12399	666.612	0.0257736	0	1.02	1.02
382.2	0.00203835	0.00117433	21476.8	1050	105	19127.9	224.393	224.393	897.571	897.571	0 21521.7 1331.25 	22853	6.13385	6.5039	12399	666.612	0.0257895	0	1.02	1.02
382.3	0.00203835	0.00117435	21477.3	1050	105	19127.3	224.495	224.495	897.979	897.979	0 21521.3 1332.04 	22853.3	6.13387	6.5039	12399	666.612	0.0258055	0	1.02	1.02
382.4	0.00203835	0.00117437	21477.8	1050	105	19126.8	224.597	224.597	898.386	898.386	0 21520.8 1332.84 	22853.6	6.1339	6.5039	12399	666.612	0.0258214	0	1.02	1.02
382.5	0.00203834	0.00117439	21478.3	1050	105	19126.3	224.699	224.699	898.794	898.794	0 21520.4 1333.63 	22854	6.13393	6.5039	12399	666.612	0.0258373	0	1.02	1.02
382.6	0.00203834	0.00117442	21478.7	1050	105	19125.7	224.801	224.801	899.202	899.202	0 21519.9 1334.42 	22854.3	6.13396	6.5039	12399	666.612	0.0258532	0	1.02	1.02
382.7	0.00203834	0.00117444	21479.2	1050	105	19125.2	224.903	224.903	899.61	899.61	0 21519.5 1335.21 	22854.7	6.13398	6.5039	12399	666.612	0.0258692	0	1.02	1.02
382.8	0.00203833	0.00117446	21479.7	1050	105	19124.7	225.005	225.005	900.018	900.018	0 21519 1336.01 	22855	6.13401	6.5039	12399	666.612	0.0258851	0	1.02	1.02
382.9	0.00203833	0.00117448	21480.2	1050	105	19124.1	225.107	225.107	900.427	900.427	0 21518.6 1336.8 	22855.4	6.13404	6.5039	12399	666.612	0.0259011	0	1.02	1.02
383	0.00203833	0.00117451	21480.7	1050	105	19123.6	225.209	225.209	900.835	900.835	0 21518.1 1337.6 	22855.7	6.13407	6.5039	12399	666.612	0.0259171	0	1.02	1.02
383.1	0.00203832	0.00117453	21481.1	1050	105	19123	225.311	225.311	901.244	901.244	0 21517.7 1338.39 	22856.1	6.13409	6.5039	12399	666.612	0.025933	0	1.02	1.02
383.2	0.00203832	0.00117455	21481.6	1050	105	19122.5	225.413	225.413	901.652	901.652	0 21517.2 1339.18 	22856.4	6.13412	6.5039	12399	666.612	0.025949	0	1.02	1.02
383.3	0.00203832	0.00117458	21482.1	1050	105	19122	225.515	225.515	902.061	902.061	0 21516.8 1339.98 	22856.8	6.13415	6.5039	12399	666.612	0.025965	0	1.02	1.02
383.4	0.00203832	0.0011746	21482.6	1050	105	19121.4	225.618	225.618	902.471	902.471	0 21516.3 1340.77 	22857.1	6.13418	6.5039	12399	666.612	0.025981	0	1.02	1.02
383.5	0.00203831	0.00117462	21483.1	1050	105	19120.9	225.72	225.72	902.88	902.88	0 21515.9 1341.57 	22857.5	6.1342	6.5039	12399	666.612	0.025997	0	1.02	1.02
383.6	0.00203831	0.00117464	21483.6	1050	105	19120.3	225.822	225.822	903.289	903.289	0 21515.4 1342.37 	22857.8	6.13423	6.5039	12399	666.612	0.026013	0	1.02	1.02
383.7	0.00203831	0.00117467	21484	1050	105	19119.8	225.925	225.925	903.699	903.699	0 21515 1343.16 	22858.2	6.13426	6.5039	12399	666.612	0.026029	0	1.02	1.02
383.8	0.0020383	0.00117469	21484.5	1050	105	19119.2	226.027	226.027	904.108	904.108	0 21514.5 1343.96 	22858.5	6.13429	6.5039	12399	666.612	0.026045	0	1.02	1.02
383.9	0.0020383	0.00117471	21485	1050	105	19118.7	226.13	226.13	904.518	904.518	0 21514.1 1344.76 	22858.9	6.13432	6.5039	12399	666.612	0.0260611	0	1.02	1.02
384	0.0020383	0.00117473	21485.5	1050	105	19118.2	226.232	226.232	904.928	904.928	0 21513.6 1345.55 	22859.2	6.13434	6.5039	12399	666.612	0.0260771	0	1.02	1.02
384.1	0.00203829	0.00117476	21486	1050	105	19117.6	226.335	226.335	905.339	905.339	0 21513.2 1346.35 	22859.6	6.13437	6.5039	12399	666.612	0.0260932	0	1.02	1.02
384.2	0.00203829	0.00117478	21486.4	1050	105	19117.1	226.437	226.437	905.749	905.749	0 21512.7 1347.15 	22859.9	6.1344	6.5039	12399	666.612	0.0261092	0	1.02	1.02
384.3	0.00203829	0.0011748	21486.9	1050	105	19116.5	226.54	226.54	906.159	906.159	0 21512.3 1347.95 	22860.3	6.13443	6.5039	12399	666.612	0.0261253	0	1.02	1.02
384.4	0.00203828	0.00117482	21487.4	1050	105	19116	226.643	226.643	906.57	906.57	0 21511.9 1348.75 	22860.6	6.13445	6.5039	12399	666.612	0.0261414	0	1.02	1.02
384.5	0.00203828	0.00117485	21487.9	1050	105	19115.4	226.745	226.745	906.981	906.981	0 21511.4 1349.55 	22861	6.13448	6.5039	12399	666.612	0.0261574	0	1.02	1.02
384.6	0.00203828	0.00117487	21488.4	1050	105	19114.9	226.848	226.848	907.392	907.392	0 21511 1350.35 	22861.3	6.13451	6.5039	12399	666.612	0.0261735	0	1.02	1.02
384.7	0.00203828	0.00117489	21488.9	1050	105	19114.4	226.951	226.951	907.803	907.803	0 21510.5 1351.15 	22861.7	6.13454	6.5039	12399	666.612	0.0261896	0	1.02	1.02
384.8	0.00203827	0.00117492	21489.3	1050	105	19113.8	227.054	227.054	908.214	908.214	0 21510.1 1351.95 	22862	6.13457	6.5039	12399	666.612	0.0262057	0	1.02	1.02
384.9	0.00203827	0.00117494	21489.8	1050	105	19113.3	227.156	227.156	908.626	908.626	0 21509.6 1352.75 	22862.4	6.13459	6.5039	12399	666.612	0.0262218	0	1.02	1.02
385	0.00203827	0.00117496	21490.3	1050	105	19112.7	227.259	227.259	909.037	909.037	0 21509.2 1353.55 	22862.7	6.13462	6.5039	12399	666.612	0.026238	0	1.02	1.02
385.1	0.00203826	0.00117498	21490.8	1050	105	19112.2	227.362	227.362	909.449	909.449	0 21508.7 1354.35 	22863.1	6.13465	6.5039	12399	666.612	0.0262541	0	1.02	1.02
385.2	0.00203826	0.00117501	21491.3	1050	105	19111.6	227.465	227.465	909.861	909.861	0 21508.3 1355.15 	22863.4	6.13468	6.5039	12399	666.612	0.0262702	0	1.02	1.02
385.3	0.00203826	0.00117503	21491.8	1050	105	19111.1	227.568	227.568	910.273	910.273	0 21507.8 1355.95 	22863.8	6.13471	6.5039	12399	666.612	0.0262864	0	1.02	1.02
385.4	0.00203825	0.00117505	21492.2	1050	105	19110.5	227.671	227.671	910.685	910.685	0 21507.4 1356.76 	22864.1	6.13473	6.5039	12399	666.612	0.0263025	0	1.02	1.02
385.5	0.00203825	0.00117507	21492.7	1050	105	19110	227.774	227.774	911.098	911.098	0 21506.9 1357.56 	22864.5	6.13476	6.5039	12399	666.612	0.0263187	0	1.02	1.02
385.6	0.00203825	0.0011751	21493.2	1050	105	19109.4	227.878	227.878	911.51	911.51	0 21506.5 1358.36 	22864.8	6.13479	6.5039	12399	666.612	0.0263348	0	1.02	1.02
385.7	0.00203824	0.00117512	21493.7	1050	105	19108.9	227.981	227.981	911.923	911.923	0 21506 1359.17 	22865.2	6.13482	6.5039	12399	666.612	0.026351	0	1.02	1.02
385.8	0.00203824	0.00117514	21494.2	1050	105	19108.3	228.084	228.084	912.336	912.336	0 21505.6 1359.97 	22865.5	6.13485	6.5039	12399	666.612	0.0263672	0	1.02	1.02
385.9	0.00203824	0.00117517	21494.7	1050	105	19107.8	228.187	228.187	912.749	912.749	0 21505.1 1360.77 	22865.9	6.13487	6.5039	12399	666.612	0.0263834	0	1.02	1.02
386	0.00203823	0.00117519	21495.2	1050	105	19107.2	228.29	228.29	913.162	913.162	0 21504.7 1361.58 	22866.2	6.1349	6.5039	12399	666.612	0.0263996	0	1.02	1.02
386.1	0.00203823	0.00117521	21495.6	1050	105	19106.7	228.394	228.394	913.575	913.575	0 21504.2 1362.38 	22866.6	6.13493	6.5039	12399	666.612	0.0264158	0	1.02	1.02
386.2	0.00203823	0.00117523	21496.1	1050	105	19106.2	228.497	228.497	913.988	913.988	0 21503.8 1363.19 	22867	6.13496	6.5039	12399	666.612	0.026432	0	1.02	1.02
386.3	0.00203823	0.00117526	21496.6	1050	105	19105.6	228.601	228.601	914.402	914.402	0 21503.3 1363.99 	22867.3	6.13499	6.5039	12399	666.612	0.0264482	0	1.02	1.02
386.4	0.00203822	0.00117528	21497.1	1050	105	19105.1	228.704	228.704	914.816	914.816	0 21502.9 1364.8 	22867.7	6.13502	6.5039	12399	666.612	0.0264644	0	1.02	1.02
386.5	0.00203822	0.0011753	21497.6	1050	105	19104.5	228.807	228.807	915.23	915.23	0 21502.4 1365.61 	22868	6.13504	6.5039	12399	666.612	0.0264806	0	1.02	1.02
386.6	0.00203822	0.00117533	21498.1	1050	105	19104	228.911	228.911	915.644	915.644	0 21502 1366.41 	22868.4	6.13507	6.5039	12399	666.612	0.0264969	0	1.02	1.02
386.7	0.00203821	0.00117535	21498.5	1050	105	19103.4	229.015	229.015	916.058	916.058	0 21501.5 1367.22 	22868.7	6.1351	6.5039	12399	666.612	0.0265131	0	1.02	1.02
386.8	0.00203821	0.00117537	21499	1050	105	19102.9	229.118	229.118	916.472	916.472	0 21501.1 1368.03 	22869.1	6.13513	6.5039	12399	666.612	0.0265294	0	1.02	1.02
386.9	0.00203821	0.00117539	21499.5	1050	105	19102.3	229.222	229.222	916.887	916.887	0 21500.6 1368.84 	22869.4	6.13516	6.5039	12399	666.612	0.0265456	0	1.02	1.02
387	0.0020382	0.00117542	21500	1050	105	19101.7	229.325	229.325	917.302	917.302	0 21500.2 1369.64 	22869.8	6.13519	6.5039	12399	666.612	0.0265619	0	1.02	1.02
387.1	0.0020382	0.00117544	21500.5	1050	105	19101.2	229.429	229.429	917.717	917.717	0 21499.7 1370.45 	22870.2	6.13521	6.5039	12399	666.612	0.0265782	0	1.02	1.02
387.2	0.0020382	0.00117546	21501	1050	105	19100.6	229.533	229.533	918.132	918.132	0 21499.3 1371.26 	22870.5	6.13524	6.5039	12399	666.612	0.0265945	0	1.02	1.02
387.3	0.00203819	0.00117549	21501.5	1050	105	19100.1	229.637	229.637	918.547	918.547	0 21498.8 1372.07 	22870.9	6.13527	6.5039	12399	666.612	0.0266108	0	1.02	1.02
387.4	0.00203819	0.00117551	21501.9	1050	105	19099.5	229.74	229.74	918.962	918.962	0 21498.4 1372.88 	22871.2	6.1353	6.5039	12399	666.612	0.0266271	0	1.02	1.02
387.5	0.00203819	0.00117553	21502.4	1050	105	19099	229.844	229.844	919.377	919.377	0 21497.9 1373.69 	22871.6	6.13533	6.5039	12399	666.612	0.0266434	0	1.02	1.02
387.6	0.00203818	0.00117555	21502.9	1050	105	19098.4	229.948	229.948	919.793	919.793	0 21497.5 1374.5 	22872	6.13536	6.5039	12399	666.612	0.0266597	0	1.02	1.02
387.7	0.00203818	0.00117558	21503.4	1050	105	19097.9	230.052	230.052	920.209	920.209	0 21497 1375.31 	22872.3	6.13539	6.5039	12399	666.612	0.026676	0	1.02	1.02
387.8	0.00203818	0.0011756	21503.9	1050	105	19097.3	230.156	230.156	920.625	920.625	0 21496.6 1376.12 	22872.7	6.13541	6.5039	12399	666.612	0.0266924	0	1.02	1.02
387.9	0.00203817	0.00117562	21504.4	1050	105	19096.8	230.26	230.26	921.041	921.041	0 21496.1 1376.93 	22873	6.13544	6.5039	12399	666.612	0.0267087	0	1.02	1.02
388	0.00203817	0.00117565	21504.9	1050	105	19096.2	230.364	230.364	921.457	921.457	0 21495.6 1377.74 	22873.4	6.13547	6.5039	12399	666.612	0.026725	0	1.02	1.02
388.1	0.00203817	0.00117567	21505.3	1050	105	19095.7	230.468	230.468	921.874	921.874	0 21495.2 1378.56 	22873.8	6.1355	6.5039	12399	666.612	0.0267414	0	1.02	1.02
388.2	0.00203817	0.00117569	21505.8	1050	105	19095.1	230.573	230.573	922.29	922.29	0 21494.7 1379.37 	22874.1	6.13553	6.5039	12399	666.612	0.0267578	0	1.02	1.02
388.3	0.00203816	0.00117571	21506.3	1050	105	19094.6	230.677	230.677	922.707	922.707	0 21494.3 1380.18 	22874.5	6.13556	6.5039	12399	666.612	0.0267741	0	1.02	1.02
388.4	0.00203816	0.00117574	21506.8	1050	105	19094	230.781	230.781	923.124	923.124	0 21493.8 1380.99 	22874.8	6.13559	6.5039	12399	666.612	0.0267905	0	1.02	1.02
388.5	0.00203816	0.00117576	21507.3	1050	105	19093.4	230.885	230.885	923.541	923.541	0 21493.4 1381.81 	22875.2	6.13561	6.5039	12399	666.612	0.0268069	0	1.02	1.02
388.6	0.00203815	0.00117578	21507.8	1050	105	19092.9	230.989	230.989	923.958	923.958	0 21492.9 1382.62 	22875.6	6.13564	6.5039	12399	666.612	0.0268233	0	1.02	1.02
388.7	0.00203815	0.00117581	21508.3	1050	105	19092.3	231.094	231.094	924.375	924.375	0 21492.5 1383.44 	22875.9	6.13567	6.5039	12399	666.612	0.0268397	0	1.02	1.02
388.8	0.00203815	0.00117583	21508.8	1050	105	19091.8	231.198	231.198	924.793	924.793	0 21492 1384.25 	22876.3	6.1357	6.5039	12399	666.612	0.0268561	0	1.02	1.02
388.9	0.00203814	0.00117585	21509.2	1050	105	19091.2	231.303	231.303	925.21	925.21	0 21491.6 1385.06 	22876.6	6.13573	6.5039	12399	666.612	0.0268725	0	1.02	1.02
389	0.00203814	0.00117587	21509.7	1050	105	19090.7	231.407	231.407	925.628	925.628	0 21491.1 1385.88 	22877	6.13576	6.5039	12399	666.612	0.0268889	0	1.02	1.02
389.1	0.00203814	0.0011759	21510.2	1050	105	19090.1	231.512	231.512	926.046	926.046	0 21490.7 1386.7 	22877.4	6.13579	6.5039	12399	666.612	0.0269054	0	1.02	1.02
389.2	0.00203813	0.00117592	21510.7	1050	105	19089.5	231.616	231.616	926.464	926.464	0 21490.2 1387.51 	22877.7	6.13582	6.5039	12399	666.612	0.0269218	0	1.02	1.02
389.3	0.00203813	0.00117594	21511.2	1050	105	19089	231.721	231.721	926.883	926.883	0 21489.8 1388.33 	22878.1	6.13584	6.5039	12399	666.612	0.0269383	0	1.02	1.02
389.4	0.00203813	0.00117597	21511.7	1050	105	19088.4	231.825	231.825	927.301	927.301	0 21489.3 1389.14 	22878.5	6.13587	6.5039	12399	666.612	0.0269547	0	1.02	1.02
389.5	0.00203812	0.00117599	21512.2	1050	105	19087.9	231.93	231.93	927.72	927.72	0 21488.9 1389.96 	22878.8	6.1359	6.5039	12399	666.612	0.0269712	0	1.02	1.02
389.6	0.00203812	0.00117601	21512.7	1050	105	19087.3	232.035	232.035	928.138	928.138	0 21488.4 1390.78 	22879.2	6.13593	6.5039	12399	666.612	0.0269877	0	1.02	1.02
389.7	0.00203812	0.00117603	21513.1	1050	105	19086.7	232.139	232.139	928.557	928.557	0 21488 1391.6 	22879.6	6.13596	6.5039	12399	666.612	0.0270041	0	1.02	1.02
389.8	0.00203811	0.00117606	21513.6	1050	105	19086.2	232.244	232.244	928.976	928.976	0 21487.5 1392.41 	22879.9	6.13599	6.5039	12399	666.612	0.0270206	0	1.02	1.02
389.9	0.00203811	0.00117608	21514.1	1050	105	19085.6	232.349	232.349	929.396	929.396	0 21487 1393.23 	22880.3	6.13602	6.5039	12399	666.612	0.0270371	0	1.02	1.02
390	0.00203811	0.0011761	21514.6	1050	105	19085.1	232.454	232.454	929.815	929.815	0 21486.6 1394.05 	22880.6	6.13605	6.5039	12399	666.612	0.0270536	0	1.02	1.02
390.1	0.0020381	0.00117613	21515.1	1050	105	19084.5	232.559	232.559	930.234	930.234	0 21486.1 1394.87 	22881	6.13608	6.5039	12399	666.612	0.0270701	0	1.02	1.02
390.2	0.0020381	0.00117615	21515.6	1050	105	19083.9	232.664	232.664	930.654	930.654	0 21485.7 1395.69 	22881.4	6.13611	6.5039	12399	666.612	0.0270866	0	1.02	1.02
390.3	0.0020381	0.00117617	21516.1	1050	105	19083.4	232.768	232.768	931.074	931.074	0 21485.2 1396.51 	22881.7	6.13613	6.5039	12399	666.612	0.0271032	0	1.02	1.02
390.4	0.0020381	0.0011762	21516.6	1050	105	19082.8	232.873	232.873	931.494	931.494	0 21484.8 1397.33 	22882.1	6.13616	6.5039	12399	666.612	0.0271197	0	1.02	1.02
390.5	0.00203809	0.00117622	21517	1050	105	19082.3	232.979	232.979	931.914	931.914	0 21484.3 1398.15 	22882.5	6.13619	6.5039	12399	666.612	0.0271362	0	1.02	1.02
390.6	0.00203809	0.00117624	21517.5	1050	105	19081.7	233.084	233.084	932.334	932.334	0 21483.9 1398.97 	22882.8	6.13622	6.5039	12399	666.612	0.0271528	0	1.02	1.02
390.7	0.00203809	0.00117626	21518	1050	105	19081.1	233.189	233.189	932.755	932.755	0 21483.4 1399.79 	22883.2	6.13625	6.5039	12399	666.612	0.0271693	0	1.02	1.02
390.8	0.00203808	0.00117629	21518.5	1050	105	19080.6	233.294	233.294	933.176	933.176	0 21483 1400.61 	22883.6	6.13628	6.5039	12399	666.612	0.0271859	0	1.02	1.02
390.9	0.00203808	0.00117631	21519	1050	105	19080	233.399	233.399	933.596	933.596	0 21482.5 1401.43 	22883.9	6.13631	6.5039	12399	666.612	0.0272025	0	1.02	1.02
391	0.00203808	0.00117633	21519.5	1050	105	19079.4	233.504	233.504	934.017	934.017	0 21482.1 1402.26 	22884.3	6.13634	6.5039	12399	666.612	0.027219	0	1.02	1.02
391.1	0.00203807	0.00117636	21520	1050	105	19078.9	233.61	233.61	934.438	934.438	0 21481.6 1403.08 	22884.7	6.13637	6.5039	12399	666.612	0.0272356	0	1.02	1.02
391.2	0.00203807	0.00117638	21520.5	1050	105	19078.3	233.715	233.715	934.86	934.86	0 21481.1 1403.9 	22885	6.1364	6.5039	12399	666.612	0.0272522	0	1.02	1.02
391.3	0.00203807	0.0011764	21521	1050	105	19077.8	233.82	233.82	935.281	935.281	0 21480.7 1404.73 	22885.4	6.13643	6.5039	12399	666.612	0.0272688	0	1.02	1.02
391.4	0.00203806	0.00117643	21521.4	1050	105	19077.2	233.926	233.926	935.703	935.703	0 21480.2 1405.55 	22885.8	6.13646	6.5039	12399	666.612	0.0272854	0	1.02	1.02
391.5	0.00203806	0.00117645	21521.9	1050	105	19076.6	234.031	234.031	936.124	936.124	0 21479.8 1406.37 	22886.2	6.13649	6.5039	12399	666.612	0.027302	0	1.02	1.02
391.6	0.00203806	0.00117647	21522.4	1050	105	19076.1	234.137	234.137	936.546	936.546	0 21479.3 1407.2 	22886.5	6.13651	6.5039	12399	666.612	0.0273187	0	1.02	1.02
391.7	0.00203805	0.0011765	21522.9	1050	105	19075.5	234.242	234.242	936.968	936.968	0 21478.9 1408.02 	22886.9	6.13654	6.5039	12399	666.612	0.0273353	0	1.02	1.02
391.8	0.00203805	0.00117652	21523.4	1050	105	19074.9	234.348	234.348	937.39	937.39	0 21478.4 1408.85 	22887.3	6.13657	6.5039	12399	666.612	0.0273519	0	1.02	1.02
391.9	0.00203805	0.00117654	21523.9	1050	105	19074.4	234.453	234.453	937.813	937.813	0 21478 1409.67 	22887.6	6.1366	6.5039	12399	666.612	0.0273686	0	1.02	1.02
392	0.00203804	0.00117656	21524.4	1050	105	19073.8	234.559	234.559	938.235	938.235	0 21477.5 1410.5 	22888	6.13663	6.5039	12399	666.612	0.0273852	0	1.02	1.02
392.1	0.00203804	0.00117659	21524.9	1050	105	19073.2	234.664	234.664	938.658	938.658	0 21477 1411.32 	22888.4	6.13666	6.5039	12399	666.612	0.0274019	0	1.02	1.02
392.2	0.00203804	0.00117661	21525.4	1050	105	19072.7	234.77	234.77	939.081	939.081	0 21476.6 1412.15 	22888.7	6.13669	6.5039	12399	666.612	0.0274186	0	1.02	1.02
392.3	0.00203803	0.00117663	21525.9	1050	105	19072.1	234.876	234.876	939.504	939.504	0 21476.1 1412.98 	22889.1	6.13672	6.5039	12399	666.612	0.0274352	0	1.02	1.02
392.4	0.00203803	0.00117666	21526.3	1050	105	19071.5	234.982	234.982	939.927	939.927	0 21475.7 1413.8 	22889.5	6.13675	6.5039	12399	666.612	0.0274519	0	1.02	1.02
392.5	0.00203803	0.00117668	21526.8	1050	105	19071	235.087	235.087	940.35	940.35	0 21475.2 1414.63 	22889.9	6.13678	6.5039	12399	666.612	0.0274686	0	1.02	1.02
392.6	0.00203802	0.0011767	21527.3	1050	105	19070.4	235.193	235.193	940.773	940.773	0 21474.8 1415.46 	22890.2	6.13681	6.5039	12399	666.612	0.0274853	0	1.02	1.02
392.7	0.00203802	0.00117673	21527.8	1050	105	19069.8	235.299	235.299	941.197	941.197	0 21474.3 1416.29 	22890.6	6.13684	6.5039	12399	666.612	0.027502	0	1.02	1.02
392.8	0.00203802	0.00117675	21528.3	1050	105	19069.3	235.405	235.405	941.621	941.621	0 21473.9 1417.12 	22891	6.13687	6.5039	12399	666.612	0.0275187	0	1.02	1.02
392.9	0.00203801	0.00117677	21528.8	1050	105	19068.7	235.511	235.511	942.045	942.045	0 21473.4 1417.94 	22891.3	6.1369	6.5039	12399	666.612	0.0275355	0	1.02	1.02
393	0.00203801	0.0011768	21529.3	1050	105	19068.1	235.617	235.617	942.469	942.469	0 21472.9 1418.77 	22891.7	6.13693	6.5039	12399	666.612	0.0275522	0	1.02	1.02
393.1	0.00203801	0.00117682	21529.8	1050	105	19067.6	235.723	235.723	942.893	942.893	0 21472.5 1419.6 	22892.1	6.13696	6.5039	12399	666.612	0.0275689	0	1.02	1.02
393.2	0.002038	0.00117684	21530.3	1050	105	19067	235.829	235.829	943.317	943.317	0 21472 1420.43 	22892.5	6.13699	6.5039	12399	666.612	0.0275857	0	1.02	1.02
393.3	0.002038	0.00117686	21530.8	1050	105	19066.4	235.935	235.935	943.742	943.742	0 21471.6 1421.26 	22892.8	6.13702	6.5039	12399	666.612	0.0276024	0	1.02	1.02
393.4	0.002038	0.00117689	21531.3	1050	105	19065.8	236.042	236.042	944.167	944.167	0 21471.1 1422.09 	22893.2	6.13705	6.5039	12399	666.612	0.0276192	0	1.02	1.02
393.5	0.00203799	0.00117691	21531.7	1050	105	19065.3	236.148	236.148	944.591	944.591	0 21470.7 1422.93 	22893.6	6.13708	6.5039	12399	666.612	0.027636	0	1.02	1.02
393.6	0.00203799	0.00117693	21532.2	1050	105	19064.7	236.254	236.254	945.016	945.016	0 21470.2 1423.76 	22894	6.13711	6.5039	12399	666.612	0.0276528	0	1.02	1.02
393.7	0.00203799	0.00117696	21532.7	1050	105	19064.1	236.36	236.36	945.442	945.442	0 21469.7 1424.59 	22894.3	6.13714	6.5039	12399	666.612	0.0276695	0	1.02	1.02
393.8	0.00203798	0.00117698	21533.2	1050	105	19063.6	236.467	236.467	945.867	945.867	0 21469.3 1425.42 	22894.7	6.13717	6.5039	12399	666.612	0.0276863	0	1.02	1.02
393.9	0.00203798	0.001177	21533.7	1050	105	19063	236.573	236.573	946.292	946.292	0 21468.8 1426.25 	22895.1	6.13719	6.5039	12399	666.612	0.0277031	0	1.02	1.02
394	0.00203798	0.00117703	21534.2	1050	105	19062.4	236.679	236.679	946.718	946.718	0 21468.4 1427.09 	22895.5	6.13722	6.5039	12399	666.612	0.0277199	0	1.02	1.02
394.1	0.00203797	0.00117705	21534.7	1050	105	19061.8	236.786	236.786	947.144	947.144	0 21467.9 1427.92 	22895.8	6.13725	6.5039	12399	666.612	0.0277368	0	1.02	1.02
394.2	0.00203797	0.00117707	21535.2	1050	105	19061.3	236.892	236.892	947.57	947.57	0 21467.5 1428.75 	22896.2	6.13728	6.5039	12399	666.612	0.0277536	0	1.02	1.02
394.3	0.00203797	0.0011771	21535.7	1050	105	19060.7	236.999	236.999	947.996	947.996	0 21467 1429.59 	22896.6	6.13731	6.5039	12399	666.612	0.0277704	0	1.02	1.02
394.4	0.00203796	0.00117712	21536.2	1050	105	19060.1	237.106	237.106	948.422	948.422	0 21466.5 1430.42 	22897	6.13734	6.5039	12399	666.612	0.0277872	0	1.02	1.02
394.5	0.00203796	0.00117714	21536.7	1050	105	19059.5	237.212	237.212	948.848	948.848	0 21466.1 1431.25 	22897.3	6.13737	6.5039	12399	666.612	0.0278041	0	1.02	1.02
394.6	0.00203796	0.00117717	21537.2	1050	105	19059	237.319	237.319	949.275	949.275	0 21465.6 1432.09 	22897.7	6.1374	6.5039	12399	666.612	0.0278209	0	1.02	1.02
394.7	0.00203795	0.00117719	21537.7	1050	105	19058.4	237.425	237.425	949.702	949.702	0 21465.2 1432.92 	22898.1	6.13743	6.5039	12399	666.612	0.0278378	0	1.02	1.02
394.8	0.00203795	0.00117721	21538.1	1050	105	19057.8	237.532	237.532	950.129	950.129	0 21464.7 1433.76 	22898.5	6.13746	6.5039	12399	666.612	0.0278547	0	1.02	1.02
394.9	0.00203795	0.00117724	21538.6	1050	105	19057.2	237.639	237.639	950.556	950.556	0 21464.2 1434.6 	22898.8	6.13749	6.5039	12399	666.612	0.0278716	0	1.02	1.02
395	0.00203794	0.00117726	21539.1	1050	105	19056.7	237.746	237.746	950.983	950.983	0 21463.8 1435.43 	22899.2	6.13752	6.5039	12399	666.612	0.0278884	0	1.02	1.02
395.1	0.00203794	0.00117728	21539.6	1050	105	19056.1	237.853	237.853	951.41	951.41	0 21463.3 1436.27 	22899.6	6.13755	6.5039	12399	666.612	0.0279053	0	1.02	1.02
395.2	0.00203794	0.00117731	21540.1	1050	105	19055.5	237.959	237.959	951.838	951.838	0 21462.9 1437.11 	22900	6.13758	6.5039	12399	666.612	0.0279222	0	1.02	1.02
395.3	0.00203793	0.00117733	21540.6	1050	105	19054.9	238.066	238.066	952.265	952.265	0 21462.4 1437.94 	22900.4	6.13761	6.5039	12399	666.612	0.0279391	0	1.02	1.02
395.4	0.00203793	0.00117735	21541.1	1050	105	19054.4	238.173	238.173	952.693	952.693	0 21462 1438.78 	22900.7	6.13764	6.5039	12399	666.612	0.0279561	0	1.02	1.02
395.5	0.00203793	0.00117738	21541.6	1050	105	19053.8	238.28	238.28	953.121	953.121	0 21461.5 1439.62 	22901.1	6.13767	6.5039	12399	666.612	0.027973	0	1.02	1.02
395.6	0.00203792	0.0011774	21542.1	1050	105	19053.2	238.387	238.387	953.549	953.549	0 21461 1440.46 	22901.5	6.1377	6.5039	12399	666.612	0.0279899	0	1.02	1.02
395.7	0.00203792	0.00117742	21542.6	1050	105	19052.6	238.494	238.494	953.978	953.978	0 21460.6 1441.3 	22901.9	6.13773	6.5039	12399	666.612	0.0280068	0	1.02	1.02
395.8	0.00203792	0.00117744	21543.1	1050	105	19052.1	238.602	238.602	954.406	954.406	0 21460.1 1442.13 	22902.3	6.13776	6.5039	12399	666.612	0.0280238	0	1.02	1.02
395.9	0.00203791	0.00117747	21543.6	1050	105	19051.5	238.709	238.709	954.835	954.835	0 21459.7 1442.97 	22902.6	6.1378	6.5039	12399	666.612	0.0280407	0	1.02	1.02
396	0.00203791	0.00117749	21544.1	1050	105	19050.9	238.816	238.816	955.263	955.263	0 21459.2 1443.81 	22903	6.13783	6.5039	12399	666.612	0.0280577	0	1.02	1.02
396.1	0.00203791	0.00117751	21544.6	1050	105	19050.3	238.923	238.923	955.692	955.692	0 21458.7 1444.65 	22903.4	6.13786	6.5039	12399	666.612	0.0280747	0	1.02	1.02
396.2	0.0020379	0.00117754	21545.1	1050	105	19049.7	239.03	239.03	956.121	956.121	0 21458.3 1445.49 	22903.8	6.13789	6.5039	12399	666.612	0.0280917	0	1.02	1.02
396.3	0.0020379	0.00117756	21545.5	1050	105	19049.2	239.138	239.138	956.551	956.551	0 21457.8 1446.34 	22904.2	6.13792	6.5039	12399	666.612	0.0281086	0	1.02	1.02
396.4	0.0020379	0.00117758	21546	1050	105	19048.6	239.245	239.245	956.98	956.98	0 21457.4 1447.18 	22904.5	6.13795	6.5039	12399	666.612	0.0281256	0	1.02	1.02
396.5	0.00203789	0.00117761	21546.5	1050	105	19048	239.352	239.352	957.41	957.41	0 21456.9 1448.02 	22904.9	6.13798	6.5039	12399	666.612	0.0281426	0	1.02	1.02
396.6	0.00203789	0.00117763	21547	1050	105	19047.4	239.46	239.46	957.839	957.839	0 21456.4 1448.86 	22905.3	6.13801	6.5039	12399	666.612	0.0281596	0	1.02	1.02
396.7	0.00203789	0.00117765	21547.5	1050	105	19046.9	239.567	239.567	958.269	958.269	0 21456 1449.7 	22905.7	6.13804	6.5039	12399	666.612	0.0281767	0	1.02	1.02
396.8	0.00203788	0.00117768	21548	1050	105	19046.3	239.675	239.675	958.699	958.699	0 21455.5 1450.54 	22906.1	6.13807	6.5039	12399	666.612	0.0281937	0	1.02	1.02
396.9	0.00203788	0.0011777	21548.5	1050	105	19045.7	239.782	239.782	959.129	959.129	0 21455.1 1451.39 	22906.5	6.1381	6.5039	12399	666.612	0.0282107	0	1.02	1.02
397	0.00203788	0.00117772	21549	1050	105	19045.1	239.89	239.89	959.56	959.56	0 21454.6 1452.23 	22906.8	6.13813	6.5039	12399	666.612	0.0282277	0	1.02	1.02
397.1	0.00203787	0.00117775	21549.5	1050	105	19044.5	239.998	239.998	959.99	959.99	0 21454.1 1453.07 	22907.2	6.13816	6.5039	12399	666.612	0.0282448	0	1.02	1.02
397.2	0.00203787	0.00117777	21550	1050	105	19043.9	240.105	240.105	960.421	960.421	0 21453.7 1453.92 	22907.6	6.13819	6.5039	12399	666.612	0.0282618	0	1.02	1.02
397.3	0.00203787	0.00117779	21550.5	1050	105	19043.4	240.213	240.213	960.852	960.852	0 21453.2 1454.76 	22908	6.13822	6.5039	12399	666.612	0.0282789	0	1.02	1.02
397.4	0.00203786	0.00117782	21551	1050	105	19042.8	240.321	240.321	961.283	961.283	0 21452.8 1455.61 	22908.4	6.13825	6.5039	12399	666.612	0.028296	0	1.02	1.02
397.5	0.00203786	0.00117784	21551.5	1050	105	19042.2	240.428	240.428	961.714	961.714	0 21452.3 1456.45 	22908.8	6.13828	6.5039	12399	666.612	0.028313	0	1.02	1.02
397.6	0.00203786	0.00117786	21552	1050	105	19041.6	240.536	240.536	962.145	962.145	0 21451.8 1457.3 	22909.1	6.13831	6.5039	12399	666.612	0.0283301	0	1.02	1.02
397.7	0.00203785	0.00117789	21552.5	1050	105	19041	240.644	240.644	962.577	962.577	0 21451.4 1458.14 	22909.5	6.13834	6.5039	12399	666.612	0.0283472	0	1.02	1.02
397.8	0.00203785	0.00117791	21553	1050	105	19040.5	240.752	240.752	963.008	963.008	0 21450.9 1458.99 	22909.9	6.13837	6.5039	12399	666.612	0.0283643	0	1.02	1.02
397.9	0.00203785	0.00117793	21553.5	1050	105	19039.9	240.86	240.86	963.44	963.44	0 21450.5 1459.84 	22910.3	6.1384	6.5039	12399	666.612	0.0283814	0	1.02	1.02
398	0.00203784	0.00117796	21554	1050	105	19039.3	240.968	240.968	963.872	963.872	0 21450 1460.68 	22910.7	6.13843	6.5039	12399	666.612	0.0283985	0	1.02	1.02
398.1	0.00203784	0.00117798	21554.5	1050	105	19038.7	241.076	241.076	964.304	964.304	0 21449.5 1461.53 	22911.1	6.13846	6.5039	12399	666.612	0.0284157	0	1.02	1.02
398.2	0.00203784	0.001178	21555	1050	105	19038.1	241.184	241.184	964.736	964.736	0 21449.1 1462.38 	22911.4	6.1385	6.5039	12399	666.612	0.0284328	0	1.02	1.02
398.3	0.00203783	0.00117803	21555.5	1050	105	19037.5	241.292	241.292	965.168	965.168	0 21448.6 1463.22 	22911.8	6.13853	6.5039	12399	666.612	0.0284499	0	1.02	1.02
398.4	0.00203783	0.00117805	21555.9	1050	105	19036.9	241.4	241.4	965.601	965.601	0 21448.1 1464.07 	22912.2	6.13856	6.5039	12399	666.612	0.0284671	0	1.02	1.02
398.5	0.00203783	0.00117807	21556.4	1050	105	19036.4	241.508	241.508	966.034	966.034	0 21447.7 1464.92 	22912.6	6.13859	6.5039	12399	666.612	0.0284842	0	1.02	1.02
398.6	0.00203782	0.0011781	21556.9	1050	105	19035.8	241.617	241.617	966.467	966.467	0 21447.2 1465.77 	22913	6.13862	6.5039	12399	666.612	0.0285014	0	1.02	1.02
398.7	0.00203782	0.00117812	21557.4	1050	105	19035.2	241.725	241.725	966.9	966.9	0 21446.8 1466.62 	22913.4	6.13865	6.5039	12399	666.612	0.0285186	0	1.02	1.02
398.8	0.00203782	0.00117815	21557.9	1050	105	19034.6	241.833	241.833	967.333	967.333	0 21446.3 1467.47 	22913.8	6.13868	6.5039	12399	666.612	0.0285357	0	1.02	1.02
398.9	0.00203781	0.00117817	21558.4	1050	105	19034	241.942	241.942	967.766	967.766	0 21445.8 1468.32 	22914.2	6.13871	6.5039	12399	666.612	0.0285529	0	1.02	1.02
399	0.00203781	0.00117819	21558.9	1050	105	19033.4	242.05	242.05	968.2	968.2	0 21445.4 1469.17 	22914.5	6.13874	6.5039	12399	666.612	0.0285701	0	1.02	1.02
399.1	0.00203781	0.00117822	21559.4	1050	105	19032.8	242.158	242.158	968.633	968.633	0 21444.9 1470.02 	22914.9	6.13877	6.5039	12399	666.612	0.0285873	0	1.02	1.02
399.2	0.0020378	0.00117824	21559.9	1050	105	19032.3	242.267	242.267	969.067	969.067	0 21444.5 1470.87 	22915.3	6.1388	6.5039	12399	666.612	0.0286045	0	1.02	1.02
399.3	0.0020378	0.00117826	21560.4	1050	105	19031.7	242.375	242.375	969.501	969.501	0 21444 1471.72 	22915.7	6.13883	6.5039	12399	666.612	0.0286217	0	1.02	1.02
399.4	0.0020378	0.00117829	21560.9	1050	105	19031.1	242.484	242.484	969.935	969.935	0 21443.5 1472.57 	22916.1	6.13886	6.5039	12399	666.612	0.028639	0	1.02	1.02
399.5	0.00203779	0.00117831	21561.4	1050	105	19030.5	242.592	242.592	970.369	970.369	0 21443.1 1473.43 	22916.5	6.1389	6.5039	12399	666.612	0.0286562	0	1.02	1.02
399.6	0.00203779	0.00117833	21561.9	1050	105	19029.9	242.701	242.701	970.804	970.804	0 21442.6 1474.28 	22916.9	6.13893	6.5039	12399	666.612	0.0286734	0	1.02	1.02
399.7	0.00203779	0.00117836	21562.4	1050	105	19029.3	242.81	242.81	971.238	971.238	0 21442.1 1475.13 	22917.3	6.13896	6.5039	12399	666.612	0.0286907	0	1.02	1.02
399.8	0.00203778	0.00117838	21562.9	1050	105	19028.7	242.918	242.918	971.673	971.673	0 21441.7 1475.98 	22917.7	6.13899	6.5039	12399	666.612	0.0287079	0	1.02	1.02
399.9	0.00203778	0.0011784	21563.4	1050	105	19028.1	243.027	243.027	972.108	972.108	0 21441.2 1476.84 	22918	6.13902	6.5039	12399	666.612	0.0287252	0	1.02	1.02
400	0.00203778	0.00117843	21563.9	1050	105	19027.5	243.136	243.136	972.543	972.543	0 21440.7 1477.69 	22918.4	6.13905	6.5039	12399	666.612	0.0287425	0	1.02	1.02
400.1	0.00203777	0.00117845	21564.4	1050	105	19027	243.245	243.245	972.978	972.978	0 21440.3 1478.54 	22918.8	6.13908	6.5039	12399	666.612	0.0287597	0	1.02	1.02
400.2	0.00203777	0.00117847	21564.9	1050	105	19026.4	243.353	243.353	973.414	973.414	0 21439.8 1479.4 	22919.2	6.13911	6.5039	12399	666.612	0.028777	0	1.02	1.02
400.3	0.00203777	0.0011785	21565.4	1050	105	19025.8	243.462	243.462	973.849	973.849	0 21439.4 1480.25 	22919.6	6.13914	6.5039	12399	666.612	0.0287943	0	1.02	1.02
400.4	0.00203776	0.00117852	21565.9	1050	105	19025.2	243.571	243.571	974.285	974.285	0 21438.9 1481.11 	22920	6.13917	6.5039	12399	666.612	0.0288116	0	1.02	1.02
400.5	0.00203776	0.00117854	21566.4	1050	105	19024.6	243.68	243.68	974.721	974.721	0 21438.4 1481.96 	22920.4	6.13921	6.5039	12399	666.612	0.0288289	0	1.02	1.02
400.6	0.00203775	0.00117857	21566.9	1050	105	19024	243.789	243.789	975.157	975.157	0 21438 1482.82 	22920.8	6.13924	6.5039	12399	666.612	0.0288462	0	1.02	1.02
400.7	0.00203775	0.00117859	21567.4	1050	105	19023.4	243.898	243.898	975.593	975.593	0 21437.5 1483.68 	22921.2	6.13927	6.5039	12399	666.612	0.0288636	0	1.02	1.02
400.8	0.00203775	0.00117861	21567.9	1050	105	19022.8	244.007	244.007	976.029	976.029	0 21437 1484.53 	22921.6	6.1393	6.5039	12399	666.612	0.0288809	0	1.02	1.02
400.9	0.00203774	0.00117864	21568.4	1050	105	19022.2	244.116	244.116	976.466	976.466	0 21436.6 1485.39 	22922	6.13933	6.5039	12399	666.612	0.0288982	0	1.02	1.02
401	0.00203774	0.00117866	21568.9	1050	105	19021.6	244.226	244.226	976.902	976.902	0 21436.1 1486.25 	22922.4	6.13936	6.5039	12399	666.612	0.0289156	0	1.02	1.02
401.1	0.00203774	0.00117869	21569.4	1050	105	19021	244.335	244.335	977.339	977.339	0 21435.6 1487.1 	22922.7	6.13939	6.5039	12399	666.612	0.0289329	0	1.02	1.02
401.2	0.00203773	0.00117871	21569.9	1050	105	19020.4	244.444	244.444	977.776	977.776	0 21435.2 1487.96 	22923.1	6.13942	6.5039	12399	666.612	0.0289503	0	1.02	1.02
401.3	0.00203773	0.00117873	21570.4	1050	105	19019.8	244.553	244.553	978.213	978.213	0 21434.7 1488.82 	22923.5	6.13946	6.5039	12399	666.612	0.0289677	0	1.02	1.02
401.4	0.00203773	0.00117876	21570.9	1050	105	19019.3	244.663	244.663	978.651	978.651	0 21434.3 1489.68 	22923.9	6.13949	6.5039	12399	666.612	0.028985	0	1.02	1.02
401.5	0.00203772	0.00117878	21571.4	1050	105	19018.7	244.772	244.772	979.088	979.088	0 21433.8 1490.54 	22924.3	6.13952	6.5039	12399	666.612	0.0290024	0	1.02	1.02
401.6	0.00203772	0.0011788	21571.9	1050	105	19018.1	244.881	244.881	979.526	979.526	0 21433.3 1491.4 	22924.7	6.13955	6.5039	12399	666.612	0.0290198	0	1.02	1.02
401.7	0.00203772	0.00117883	21572.4	1050	105	19017.5	244.991	244.991	979.963	979.963	0 21432.9 1492.26 	22925.1	6.13958	6.5039	12399	666.612	0.0290372	0	1.02	1.02
401.8	0.00203771	0.00117885	21572.9	1050	105	19016.9	245.1	245.1	980.401	980.401	0 21432.4 1493.12 	22925.5	6.13961	6.5039	12399	666.612	0.0290546	0	1.02	1.02
401.9	0.00203771	0.00117887	21573.4	1050	105	19016.3	245.21	245.21	980.839	980.839	0 21431.9 1493.98 	22925.9	6.13964	6.5039	12399	666.612	0.029072	0	1.02	1.02
402	0.00203771	0.0011789	21573.9	1050	105	19015.7	245.319	245.319	981.277	981.277	0 21431.5 1494.84 	22926.3	6.13968	6.5039	12399	666.612	0.0290895	0	1.02	1.02
402.1	0.0020377	0.00117892	21574.4	1050	105	19015.1	245.429	245.429	981.716	981.716	0 21431 1495.7 	22926.7	6.13971	6.5039	12399	666.612	0.0291069	0	1.02	1.02
402.2	0.0020377	0.00117894	21574.9	1050	105	19014.5	245.539	245.539	982.154	982.154	0 21430.5 1496.56 	22927.1	6.13974	6.5039	12399	666.612	0.0291243	0	1.02	1.02
402.3	0.0020377	0.00117897	21575.4	1050	105	19013.9	245.648	245.648	982.593	982.593	0 21430.1 1497.42 	22927.5	6.13977	6.5039	12399	666.612	0.0291418	0	1.02	1.02
402.4	0.00203769	0.00117899	21575.9	1050	105	19013.3	245.758	245.758	983.032	983.032	0 21429.6 1498.28 	22927.9	6.1398	6.5039	12399	666.612	0.0291592	0	1.02	1.02
402.5	0.00203769	0.00117902	21576.4	1050	105	19012.7	245.868	245.868	983.471	983.471	0 21429.1 1499.15 	22928.3	6.13983	6.5039	12399	666.612	0.0291767	0	1.02	1.02
402.6	0.00203769	0.00117904	21576.9	1050	105	19012.1	245.978	245.978	983.91	983.91	0 21428.7 1500.01 	22928.7	6.13986	6.5039	12399	666.612	0.0291942	0	1.02	1.02
402.7	0.00203768	0.00117906	21577.4	1050	105	19011.5	246.087	246.087	984.349	984.349	0 21428.2 1500.87 	22929.1	6.1399	6.5039	12399	666.612	0.0292116	0	1.02	1.02
402.8	0.00203768	0.00117909	21577.9	1050	105	19010.9	246.197	246.197	984.789	984.789	0 21427.7 1501.74 	22929.5	6.13993	6.5039	12399	666.612	0.0292291	0	1.02	1.02
402.9	0.00203768	0.00117911	21578.4	1050	105	19010.3	246.307	246.307	985.229	985.229	0 21427.3 1502.6 	22929.9	6.13996	6.5039	12399	666.612	0.0292466	0	1.02	1.02
403	0.00203767	0.00117913	21578.9	1050	105	19009.7	246.417	246.417	985.668	985.668	0 21426.8 1503.46 	22930.3	6.13999	6.5039	12399	666.612	0.0292641	0	1.02	1.02
403.1	0.00203767	0.00117916	21579.4	1050	105	19009.1	246.527	246.527	986.108	986.108	0 21426.3 1504.33 	22930.7	6.14002	6.5039	12399	666.612	0.0292816	0	1.02	1.02
403.2	0.00203766	0.00117918	21579.9	1050	105	19008.5	246.637	246.637	986.548	986.548	0 21425.9 1505.19 	22931.1	6.14005	6.5039	12399	666.612	0.0292991	0	1.02	1.02
403.3	0.00203766	0.0011792	21580.4	1050	105	19007.9	246.747	246.747	986.989	986.989	0 21425.4 1506.06 	22931.5	6.14009	6.5039	12399	666.612	0.0293167	0	1.02	1.02
403.4	0.00203766	0.00117923	21580.9	1050	105	19007.3	246.857	246.857	987.429	987.429	0 21424.9 1506.92 	22931.9	6.14012	6.5039	12399	666.612	0.0293342	0	1.02	1.02
403.5	0.00203765	0.00117925	21581.4	1050	105	19006.7	246.967	246.967	987.87	987.87	0 21424.5 1507.79 	22932.3	6.14015	6.5039	12399	666.612	0.0293517	0	1.02	1.02
403.6	0.00203765	0.00117928	21581.9	1050	105	19006.1	247.078	247.078	988.31	988.31	0 21424 1508.66 	22932.7	6.14018	6.5039	12399	666.612	0.0293693	0	1.02	1.02
403.7	0.00203765	0.0011793	21582.4	1050	105	19005.5	247.188	247.188	988.751	988.751	0 21423.5 1509.52 	22933.1	6.14021	6.5039	12399	666.612	0.0293868	0	1.02	1.02
403.8	0.00203764	0.00117932	21582.9	1050	105	19004.9	247.298	247.298	989.192	989.192	0 21423.1 1510.39 	22933.5	6.14024	6.5039	12399	666.612	0.0294044	0	1.02	1.02
403.9	0.00203764	0.00117935	21583.4	1050	105	19004.3	247.408	247.408	989.634	989.634	0 21422.6 1511.26 	22933.9	6.14028	6.5039	12399	666.612	0.029422	0	1.02	1.02
404	0.00203764	0.00117937	21583.9	1050	105	19003.7	247.519	247.519	990.075	990.075	0 21422.1 1512.13 	22934.3	6.14031	6.5039	12399	666.612	0.0294395	0	1.02	1.02
404.1	0.00203763	0.00117939	21584.4	1050	105	19003.1	247.629	247.629	990.517	990.517	0 21421.7 1512.99 	22934.7	6.14034	6.5039	12399	666.612	0.0294571	0	1.02	1.02
404.2	0.00203763	0.00117942	21584.9	1050	105	19002.5	247.74	247.74	990.958	990.958	0 21421.2 1513.86 	22935.1	6.14037	6.5039	12399	666.612	0.0294747	0	1.02	1.02
404.3	0.00203763	0.00117944	21585.4	1050	105	19001.9	247.85	247.85	991.4	991.4	0 21420.7 1514.73 	22935.5	6.1404	6.5039	12399	666.612	0.0294923	0	1.02	1.02
404.4	0.00203762	0.00117946	21585.9	1050	105	19001.3	247.961	247.961	991.842	991.842	0 21420.3 1515.6 	22935.9	6.14044	6.5039	12399	666.612	0.0295099	0	1.02	1.02
404.5	0.00203762	0.00117949	21586.4	1050	105	19000.7	248.071	248.071	992.284	992.284	0 21419.8 1516.47 	22936.3	6.14047	6.5039	12399	666.612	0.0295275	0	1.02	1.02
404.6	0.00203762	0.00117951	21586.9	1050	105	19000.1	248.182	248.182	992.727	992.727	0 21419.3 1517.34 	22936.7	6.1405	6.5039	12399	666.612	0.0295452	0	1.02	1.02
404.7	0.00203761	0.00117954	21587.4	1050	105	18999.5	248.292	248.292	993.169	993.169	0 21418.9 1518.21 	22937.1	6.14053	6.5039	12399	666.612	0.0295628	0	1.02	1.02
404.8	0.00203761	0.00117956	21587.9	1050	105	18998.9	248.403	248.403	993.612	993.612	0 21418.4 1519.08 	22937.5	6.14056	6.5039	12399	666.612	0.0295804	0	1.02	1.02
404.9	0.0020376	0.00117958	21588.4	1050	105	18998.3	248.514	248.514	994.055	994.055	0 21417.9 1519.95 	22937.9	6.14059	6.5039	12399	666.612	0.0295981	0	1.02	1.02
405	0.0020376	0.00117961	21588.9	1050	105	18997.7	248.624	248.624	994.498	994.498	0 21417.5 1520.82 	22938.3	6.14063	6.5039	12399	666.612	0.0296157	0	1.02	1.02
405.1	0.0020376	0.00117963	21589.4	1050	105	18997.1	248.735	248.735	994.941	994.941	0 21417 1521.69 	22938.7	6.14066	6.5039	12399	666.612	0.0296334	0	1.02	1.02
405.2	0.00203759	0.00117965	21589.9	1050	105	18996.5	248.846	248.846	995.384	995.384	0 21416.5 1522.56 	22939.1	6.14069	6.5039	12399	666.612	0.0296511	0	1.02	1.02
405.3	0.00203759	0.00117968	21590.4	1050	105	18995.9	248.957	248.957	995.827	995.827	0 21416.1 1523.44 	22939.5	6.14072	6.5039	12399	666.612	0.0296687	0	1.02	1.02
405.4	0.00203759	0.0011797	21590.9	1050	105	18995.3	249.068	249.068	996.271	996.271	0 21415.6 1524.31 	22939.9	6.14075	6.5039	12399	666.612	0.0296864	0	1.02	1.02
405.5	0.00203758	0.00117973	21591.4	1050	105	18994.6	249.179	249.179	996.715	996.715	0 21415.1 1525.18 	22940.3	6.14079	6.5039	12399	666.612	0.0297041	0	1.02	1.02
405.6	0.00203758	0.00117975	21591.9	1050	105	18994	249.29	249.29	997.159	997.159	0 21414.6 1526.06 	22940.7	6.14082	6.5039	12399	666.612	0.0297218	0	1.02	1.02
405.7	0.00203758	0.00117977	21592.4	1050	105	18993.4	249.401	249.401	997.603	997.603	0 21414.2 1526.93 	22941.1	6.14085	6.5039	12399	666.612	0.0297395	0	1.02	1.02
405.8	0.00203757	0.0011798	21592.9	1050	105	18992.8	249.512	249.512	998.047	998.047	0 21413.7 1527.8 	22941.5	6.14088	6.5039	12399	666.612	0.0297572	0	1.02	1.02
405.9	0.00203757	0.00117982	21593.4	1050	105	18992.2	249.623	249.623	998.491	998.491	0 21413.2 1528.68 	22941.9	6.14092	6.5039	12399	666.612	0.029775	0	1.02	1.02
406	0.00203757	0.00117984	21594	1050	105	18991.6	249.734	249.734	998.936	998.936	0 21412.8 1529.55 	22942.3	6.14095	6.5039	12399	666.612	0.0297927	0	1.02	1.02
406.1	0.00203756	0.00117987	21594.5	1050	105	18991	249.845	249.845	999.381	999.381	0 21412.3 1530.43 	22942.7	6.14098	6.5039	12399	666.612	0.0298104	0	1.02	1.02
406.2	0.00203756	0.00117989	21595	1050	105	18990.4	249.956	249.956	999.825	999.825	0 21411.8 1531.3 	22943.1	6.14101	6.5039	12399	666.612	0.0298282	0	1.02	1.02
406.3	0.00203756	0.00117992	21595.5	1050	105	18989.8	250.068	250.068	1000.27	1000.27	0 21411.4 1532.18 	22943.5	6.14104	6.5039	12399	666.612	0.0298459	0	1.02	1.02
406.4	0.00203755	0.00117994	21596	1050	105	18989.2	250.179	250.179	1000.72	1000.72	0 21410.9 1533.05 	22943.9	6.14108	6.5039	12399	666.612	0.0298637	0	1.02	1.02
406.5	0.00203755	0.00117996	21596.5	1050	105	18988.6	250.29	250.29	1001.16	1001.16	0 21410.4 1533.93 	22944.4	6.14111	6.5039	12399	666.612	0.0298815	0	1.02	1.02
406.6	0.00203754	0.00117999	21597	1050	105	18988	250.402	250.402	1001.61	1001.61	0 21410 1534.81 	22944.8	6.14114	6.5039	12399	666.612	0.0298992	0	1.02	1.02
406.7	0.00203754	0.00118001	21597.5	1050	105	18987.4	250.513	250.513	1002.05	1002.05	0 21409.5 1535.68 	22945.2	6.14117	6.5039	12399	666.612	0.029917	0	1.02	1.02
406.8	0.00203754	0.00118004	21598	1050	105	18986.7	250.624	250.624	1002.5	1002.5	0 21409 1536.56 	22945.6	6.14121	6.5039	12399	666.612	0.0299348	0	1.02	1.02
406.9	0.00203753	0.00118006	21598.5	1050	105	18986.1	250.736	250.736	1002.94	1002.94	0 21408.5 1537.44 	22946	6.14124	6.5039	12399	666.612	0.0299526	0	1.02	1.02
407	0.00203753	0.00118008	21599	1050	105	18985.5	250.848	250.848	1003.39	1003.39	0 21408.1 1538.32 	22946.4	6.14127	6.5039	12399	666.612	0.0299704	0	1.02	1.02
407.1	0.00203753	0.00118011	21599.5	1050	105	18984.9	250.959	250.959	1003.84	1003.84	0 21407.6 1539.2 	22946.8	6.1413	6.5039	12399	666.612	0.0299882	0	1.02	1.02
407.2	0.00203752	0.00118013	21600	1050	105	18984.3	251.071	251.071	1004.28	1004.28	0 21407.1 1540.07 	22947.2	6.14134	6.5039	12399	666.612	0.0300061	0	1.02	1.02
407.3	0.00203752	0.00118015	21600.5	1050	105	18983.7	251.182	251.182	1004.73	1004.73	0 21406.7 1540.95 	22947.6	6.14137	6.5039	12399	666.612	0.0300239	0	1.02	1.02
407.4	0.00203752	0.00118018	21601	1050	105	18983.1	251.294	251.294	1005.18	1005.18	0 21406.2 1541.83 	22948	6.1414	6.5039	12399	666.612	0.0300417	0	1.02	1.02
407.5	0.00203751	0.0011802	21601.5	1050	105	18982.5	251.406	251.406	1005.62	1005.62	0 21405.7 1542.71 	22948.4	6.14143	6.5039	12399	666.612	0.0300596	0	1.02	1.02
407.6	0.00203751	0.00118023	21602	1050	105	18981.9	251.518	251.518	1006.07	1006.07	0 21405.2 1543.59 	22948.8	6.14147	6.5039	12399	666.612	0.0300774	0	1.02	1.02
407.7	0.0020375	0.00118025	21602.5	1050	105	18981.2	251.629	251.629	1006.52	1006.52	0 21404.8 1544.47 	22949.3	6.1415	6.5039	12399	666.612	0.0300953	0	1.02	1.02
407.8	0.0020375	0.00118027	21603	1050	105	18980.6	251.741	251.741	1006.96	1006.96	0 21404.3 1545.35 	22949.7	6.14153	6.5039	12399	666.612	0.0301132	0	1.02	1.02
407.9	0.0020375	0.0011803	21603.5	1050	105	18980	251.853	251.853	1007.41	1007.41	0 21403.8 1546.24 	22950.1	6.14156	6.5039	12399	666.612	0.030131	0	1.02	1.02
408	0.00203749	0.00118032	21604.1	1050	105	18979.4	251.965	251.965	1007.86	1007.86	0 21403.4 1547.12 	22950.5	6.1416	6.5039	12399	666.612	0.0301489	0	1.02	1.02
408.1	0.00203749	0.00118035	21604.6	1050	105	18978.8	252.077	252.077	1008.31	1008.31	0 21402.9 1548 	22950.9	6.14163	6.5039	12399	666.612	0.0301668	0	1.02	1.02
408.2	0.00203749	0.00118037	21605.1	1050	105	18978.2	252.189	252.189	1008.76	1008.76	0 21402.4 1548.88 	22951.3	6.14166	6.5039	12399	666.612	0.0301847	0	1.02	1.02
408.3	0.00203748	0.00118039	21605.6	1050	105	18977.6	252.301	252.301	1009.2	1009.2	0 21401.9 1549.76 	22951.7	6.14169	6.5039	12399	666.612	0.0302026	0	1.02	1.02
408.4	0.00203748	0.00118042	21606.1	1050	105	18976.9	252.413	252.413	1009.65	1009.65	0 21401.5 1550.65 	22952.1	6.14173	6.5039	12399	666.612	0.0302205	0	1.02	1.02
408.5	0.00203748	0.00118044	21606.6	1050	105	18976.3	252.525	252.525	1010.1	1010.1	0 21401 1551.53 	22952.5	6.14176	6.5039	12399	666.612	0.0302385	0	1.02	1.02
408.6	0.00203747	0.00118047	21607.1	1050	105	18975.7	252.637	252.637	1010.55	1010.55	0 21400.5 1552.41 	22952.9	6.14179	6.5039	12399	666.612	0.0302564	0	1.02	1.02
408.7	0.00203747	0.00118049	21607.6	1050	105	18975.1	252.75	252.75	1011	1011	0 21400.1 1553.3 	22953.4	6.14182	6.5039	12399	666.612	0.0302743	0	1.02	1.02
408.8	0.00203747	0.00118051	21608.1	1050	105	18974.5	252.862	252.862	1011.45	1011.45	0 21399.6 1554.18 	22953.8	6.14186	6.5039	12399	666.612	0.0302923	0	1.02	1.02
408.9	0.00203746	0.00118054	21608.6	1050	105	18973.9	252.974	252.974	1011.9	1011.9	0 21399.1 1555.07 	22954.2	6.14189	6.5039	12399	666.612	0.0303102	0	1.02	1.02
409	0.00203746	0.00118056	21609.1	1050	105	18973.3	253.086	253.086	1012.35	1012.35	0 21398.6 1555.95 	22954.6	6.14192	6.5039	12399	666.612	0.0303282	0	1.02	1.02
409.1	0.00203745	0.00118058	21609.6	1050	105	18972.6	253.199	253.199	1012.8	1012.8	0 21398.2 1556.84 	22955	6.14196	6.5039	12399	666.612	0.0303462	0	1.02	1.02
409.2	0.00203745	0.00118061	21610.1	1050	105	18972	253.311	253.311	1013.25	1013.25	0 21397.7 1557.72 	22955.4	6.14199	6.5039	12399	666.612	0.0303642	0	1.02	1.02
409.3	0.00203745	0.00118063	21610.6	1050	105	18971.4	253.424	253.424	1013.69	1013.69	0 21397.2 1558.61 	22955.8	6.14202	6.5039	12399	666.612	0.0303821	0	1.02	1.02
409.4	0.00203744	0.00118066	21611.2	1050	105	18970.8	253.536	253.536	1014.14	1014.14	0 21396.8 1559.5 	22956.3	6.14205	6.5039	12399	666.612	0.0304001	0	1.02	1.02
409.5	0.00203744	0.00118068	21611.7	1050	105	18970.2	253.649	253.649	1014.59	1014.59	0 21396.3 1560.38 	22956.7	6.14209	6.5039	12399	666.612	0.0304181	0	1.02	1.02
409.6	0.00203744	0.0011807	21612.2	1050	105	18969.6	253.761	253.761	1015.05	1015.05	0 21395.8 1561.27 	22957.1	6.14212	6.5039	12399	666.612	0.0304361	0	1.02	1.02
409.7	0.00203743	0.00118073	21612.7	1050	105	18968.9	253.874	253.874	1015.5	1015.5	0 21395.3 1562.16 	22957.5	6.14215	6.5039	12399	666.612	0.0304542	0	1.02	1.02
409.8	0.00203743	0.00118075	21613.2	1050	105	18968.3	253.987	253.987	1015.95	1015.95	0 21394.9 1563.04 	22957.9	6.14219	6.5039	12399	666.612	0.0304722	0	1.02	1.02
409.9	0.00203743	0.00118078	21613.7	1050	105	18967.7	254.099	254.099	1016.4	1016.4	0 21394.4 1563.93 	22958.3	6.14222	6.5039	12399	666.612	0.0304902	0	1.02	1.02
410	0.00203742	0.0011808	21614.2	1050	105	18967.1	254.212	254.212	1016.85	1016.85	0 21393.9 1564.82 	22958.7	6.14225	6.5039	12399	666.612	0.0305082	0	1.02	1.02
410.1	0.00203742	0.00118082	21614.7	1050	105	18966.5	254.325	254.325	1017.3	1017.3	0 21393.4 1565.71 	22959.2	6.14228	6.5039	12399	666.612	0.0305263	0	1.02	1.02
410.2	0.00203741	0.00118085	21615.2	1050	105	18965.8	254.438	254.438	1017.75	1017.75	0 21393 1566.6 	22959.6	6.14232	6.5039	12399	666.612	0.0305443	0	1.02	1.02
410.3	0.00203741	0.00118087	21615.7	1050	105	18965.2	254.55	254.55	1018.2	1018.2	0 21392.5 1567.49 	22960	6.14235	6.5039	12399	666.612	0.0305624	0	1.02	1.02
410.4	0.00203741	0.0011809	21616.2	1050	105	18964.6	254.663	254.663	1018.65	1018.65	0 21392 1568.38 	22960.4	6.14238	6.5039	12399	666.612	0.0305805	0	1.02	1.02
410.5	0.0020374	0.00118092	21616.7	1050	105	18964	254.776	254.776	1019.1	1019.1	0 21391.5 1569.27 	22960.8	6.14242	6.5039	12399	666.612	0.0305986	0	1.02	1.02
410.6	0.0020374	0.00118094	21617.2	1050	105	18963.4	254.889	254.889	1019.56	1019.56	0 21391.1 1570.16 	22961.2	6.14245	6.5039	12399	666.612	0.0306166	0	1.02	1.02
410.7	0.0020374	0.00118097	21617.8	1050	105	18962.7	255.002	255.002	1020.01	1020.01	0 21390.6 1571.05 	22961.7	6.14248	6.5039	12399	666.612	0.0306347	0	1.02	1.02
410.8	0.00203739	0.00118099	21618.3	1050	105	18962.1	255.115	255.115	1020.46	1020.46	0 21390.1 1571.94 	22962.1	6.14252	6.5039	12399	666.612	0.0306528	0	1.02	1.02
410.9	0.00203739	0.00118102	21618.8	1050	105	18961.5	255.228	255.228	1020.91	1020.91	0 21389.7 1572.83 	22962.5	6.14255	6.5039	12399	666.612	0.0306709	0	1.02	1.02
411	0.00203738	0.00118104	21619.3	1050	105	18960.9	255.341	255.341	1021.37	1021.37	0 21389.2 1573.73 	22962.9	6.14258	6.5039	12399	666.612	0.0306891	0	1.02	1.02
411.1	0.00203738	0.00118107	21619.8	1050	105	18960.2	255.455	255.455	1021.82	1021.82	0 21388.7 1574.62 	22963.3	6.14262	6.5039	12399	666.612	0.0307072	0	1.02	1.02
411.2	0.00203738	0.00118109	21620.3	1050	105	18959.6	255.568	255.568	1022.27	1022.27	0 21388.2 1575.51 	22963.7	6.14265	6.5039	12399	666.612	0.0307253	0	1.02	1.02
411.3	0.00203737	0.00118111	21620.8	1050	105	18959	255.681	255.681	1022.72	1022.72	0 21387.8 1576.4 	22964.2	6.14268	6.5039	12399	666.612	0.0307435	0	1.02	1.02
411.4	0.00203737	0.00118114	21621.3	1050	105	18958.4	255.794	255.794	1023.18	1023.18	0 21387.3 1577.3 	22964.6	6.14272	6.5039	12399	666.612	0.0307616	0	1.02	1.02
411.5	0.00203737	0.00118116	21621.8	1050	105	18957.8	255.908	255.908	1023.63	1023.63	0 21386.8 1578.19 	22965	6.14275	6.5039	12399	666.612	0.0307798	0	1.02	1.02
411.6	0.00203736	0.00118119	21622.3	1050	105	18957.1	256.021	256.021	1024.08	1024.08	0 21386.3 1579.08 	22965.4	6.14278	6.5039	12399	666.612	0.0307979	0	1.02	1.02
411.7	0.00203736	0.00118121	21622.9	1050	105	18956.5	256.134	256.134	1024.54	1024.54	0 21385.9 1579.98 	22965.8	6.14282	6.5039	12399	666.612	0.0308161	0	1.02	1.02
411.8	0.00203736	0.00118123	21623.4	1050	105	18955.9	256.248	256.248	1024.99	1024.99	0 21385.4 1580.87 	22966.3	6.14285	6.5039	12399	666.612	0.0308343	0	1.02	1.02
411.9	0.00203735	0.00118126	21623.9	1050	105	18955.3	256.361	256.361	1025.44	1025.44	0 21384.9 1581.77 	22966.7	6.14288	6.5039	12399	666.612	0.0308525	0	1.02	1.02
412	0.00203735	0.00118128	21624.4	1050	105	18954.6	256.475	256.475	1025.9	1025.9	0 21384.4 1582.66 	22967.1	6.14292	6.5039	12399	666.612	0.0308707	0	1.02	1.02
412.1	0.00203734	0.00118131	21624.9	1050	105	18954	256.588	256.588	1026.35	1026.35	0 21384 1583.56 	22967.5	6.14295	6.5039	12399	666.612	0.0308889	0	1.02	1.02
412.2	0.00203734	0.00118133	21625.4	1050	105	18953.4	256.702	256.702	1026.81	1026.81	0 21383.5 1584.46 	22967.9	6.14298	6.5039	12399	666.612	0.0309071	0	1.02	1.02
412.3	0.00203734	0.00118135	21625.9	1050	105	18952.8	256.816	256.816	1027.26	1027.26	0 21383 1585.35 	22968.4	6.14302	6.5039	12399	666.612	0.0309253	0	1.02	1.02
412.4	0.00203733	0.00118138	21626.4	1050	105	18952.1	256.929	256.929	1027.72	1027.72	0 21382.5 1586.25 	22968.8	6.14305	6.5039	12399	666.612	0.0309435	0	1.02	1.02
412.5	0.00203733	0.0011814	21626.9	1050	105	18951.5	257.043	257.043	1028.17	1028.17	0 21382.1 1587.15 	22969.2	6.14308	6.5039	12399	666.612	0.0309617	0	1.02	1.02
412.6	0.00203733	0.00118143	21627.4	1050	105	18950.9	257.157	257.157	1028.63	1028.63	0 21381.6 1588.04 	22969.6	6.14312	6.5039	12399	666.612	0.03098	0	1.02	1.02
412.7	0.00203732	0.00118145	21628	1050	105	18950.3	257.27	257.27	1029.08	1029.08	0 21381.1 1588.94 	22970	6.14315	6.5039	12399	666.612	0.0309982	0	1.02	1.02
412.8	0.00203732	0.00118148	21628.5	1050	105	18949.6	257.384	257.384	1029.54	1029.54	0 21380.6 1589.84 	22970.5	6.14318	6.5039	12399	666.612	0.0310165	0	1.02	1.02
412.9	0.00203731	0.0011815	21629	1050	105	18949	257.498	257.498	1029.99	1029.99	0 21380.1 1590.74 	22970.9	6.14322	6.5039	12399	666.612	0.0310347	0	1.02	1.02
413	0.00203731	0.00118152	21629.5	1050	105	18948.4	257.612	257.612	1030.45	1030.45	0 21379.7 1591.64 	22971.3	6.14325	6.5039	12399	666.612	0.031053	0	1.02	1.02
413.1	0.00203731	0.00118155	21630	1050	105	18947.7	257.726	257.726	1030.9	1030.9	0 21379.2 1592.54 	22971.7	6.14328	6.5039	12399	666.612	0.0310713	0	1.02	1.02
413.2	0.0020373	0.00118157	21630.5	1050	105	18947.1	257.84	257.84	1031.36	1031.36	0 21378.7 1593.44 	22972.2	6.14332	6.5039	12399	666.612	0.0310896	0	1.02	1.02
413.3	0.0020373	0.0011816	21631	1050	105	18946.5	257.954	257.954	1031.82	1031.82	0 21378.2 1594.34 	22972.6	6.14335	6.5039	12399	666.612	0.0311079	0	1.02	1.02
413.4	0.0020373	0.00118162	21631.5	1050	105	18945.9	258.068	258.068	1032.27	1032.27	0 21377.8 1595.24 	22973	6.14338	6.5039	12399	666.612	0.0311262	0	1.02	1.02
413.5	0.00203729	0.00118164	21632.1	1050	105	18945.2	258.182	258.182	1032.73	1032.73	0 21377.3 1596.14 	22973.4	6.14342	6.5039	12399	666.612	0.0311445	0	1.02	1.02
413.6	0.00203729	0.00118167	21632.6	1050	105	18944.6	258.296	258.296	1033.19	1033.19	0 21376.8 1597.04 	22973.8	6.14345	6.5039	12399	666.612	0.0311628	0	1.02	1.02
413.7	0.00203729	0.00118169	21633.1	1050	105	18944	258.411	258.411	1033.64	1033.64	0 21376.3 1597.94 	22974.3	6.14349	6.5039	12399	666.612	0.0311811	0	1.02	1.02
413.8	0.00203728	0.00118172	21633.6	1050	105	18943.3	258.525	258.525	1034.1	1034.1	0 21375.9 1598.84 	22974.7	6.14352	6.5039	12399	666.612	0.0311994	0	1.02	1.02
413.9	0.00203728	0.00118174	21634.1	1050	105	18942.7	258.639	258.639	1034.56	1034.56	0 21375.4 1599.74 	22975.1	6.14355	6.5039	12399	666.612	0.0312178	0	1.02	1.02
414	0.00203727	0.00118177	21634.6	1050	105	18942.1	258.753	258.753	1035.01	1035.01	0 21374.9 1600.64 	22975.5	6.14359	6.5039	12399	666.612	0.0312361	0	1.02	1.02
414.1	0.00203727	0.00118179	21635.1	1050	105	18941.4	258.868	258.868	1035.47	1035.47	0 21374.4 1601.55 	22976	6.14362	6.5039	12399	666.612	0.0312545	0	1.02	1.02
414.2	0.00203727	0.00118181	21635.6	1050	105	18940.8	258.982	258.982	1035.93	1035.93	0 21373.9 1602.45 	22976.4	6.14365	6.5039	12399	666.612	0.0312729	0	1.02	1.02
414.3	0.00203726	0.00118184	21636.2	1050	105	18940.2	259.097	259.097	1036.39	1036.39	0 21373.5 1603.35 	22976.8	6.14369	6.5039	12399	666.612	0.0312912	0	1.02	1.02
414.4	0.00203726	0.00118186	21636.7	1050	105	18939.6	259.211	259.211	1036.84	1036.84	0 21373 1604.26 	22977.3	6.14372	6.5039	12399	666.612	0.0313096	0	1.02	1.02
414.5	0.00203726	0.00118189	21637.2	1050	105	18938.9	259.326	259.326	1037.3	1037.3	0 21372.5 1605.16 	22977.7	6.14376	6.5039	12399	666.612	0.031328	0	1.02	1.02
414.6	0.00203725	0.00118191	21637.7	1050	105	18938.3	259.44	259.44	1037.76	1037.76	0 21372 1606.07 	22978.1	6.14379	6.5039	12399	666.612	0.0313464	0	1.02	1.02
414.7	0.00203725	0.00118194	21638.2	1050	105	18937.7	259.555	259.555	1038.22	1038.22	0 21371.6 1606.97 	22978.5	6.14382	6.5039	12399	666.612	0.0313648	0	1.02	1.02
414.8	0.00203724	0.00118196	21638.7	1050	105	18937	259.669	259.669	1038.68	1038.68	0 21371.1 1607.88 	22979	6.14386	6.5039	12399	666.612	0.0313832	0	1.02	1.02
414.9	0.00203724	0.00118198	21639.2	1050	105	18936.4	259.784	259.784	1039.14	1039.14	0 21370.6 1608.78 	22979.4	6.14389	6.5039	12399	666.612	0.0314016	0	1.02	1.02
415	0.00203724	0.00118201	21639.7	1050	105	18935.8	259.899	259.899	1039.6	1039.6	0 21370.1 1609.69 	22979.8	6.14392	6.5039	12399	666.612	0.03142	0	1.02	1.02
415.1	0.00203723	0.00118203	21640.3	1050	105	18935.1	260.014	260.014	1040.05	1040.05	0 21369.6 1610.59 	22980.2	6.14396	6.5039	12399	666.612	0.0314385	0	1.02	1.02
415.2	0.00203723	0.00118206	21640.8	1050	105	18934.5	260.128	260.128	1040.51	1040.51	0 21369.2 1611.5 	22980.7	6.14399	6.5039	12399	666.612	0.0314569	0	1.02	1.02
415.3	0.00203723	0.00118208	21641.3	1050	105	18933.9	260.243	260.243	1040.97	1040.97	0 21368.7 1612.41 	22981.1	6.14403	6.5039	12399	666.612	0.0314754	0	1.02	1.02
415.4	0.00203722	0.00118211	21641.8	1050	105	18933.2	260.358	260.358	1041.43	1041.43	0 21368.2 1613.31 	22981.5	6.14406	6.5039	12399	666.612	0.0314938	0	1.02	1.02
415.5	0.00203722	0.00118213	21642.3	1050	105	18932.6	260.473	260.473	1041.89	1041.89	0 21367.7 1614.22 	22982	6.14409	6.5039	12399	666.612	0.0315123	0	1.02	1.02
415.6	0.00203721	0.00118215	21642.8	1050	105	18932	260.588	260.588	1042.35	1042.35	0 21367.3 1615.13 	22982.4	6.14413	6.5039	12399	666.612	0.0315307	0	1.02	1.02
415.7	0.00203721	0.00118218	21643.3	1050	105	18931.3	260.703	260.703	1042.81	1042.81	0 21366.8 1616.04 	22982.8	6.14416	6.5039	12399	666.612	0.0315492	0	1.02	1.02
415.8	0.00203721	0.0011822	21643.9	1050	105	18930.7	260.818	260.818	1043.27	1043.27	0 21366.3 1616.94 	22983.2	6.1442	6.5039	12399	666.612	0.0315677	0	1.02	1.02
415.9	0.0020372	0.00118223	21644.4	1050	105	18930	260.933	260.933	1043.73	1043.73	0 21365.8 1617.85 	22983.7	6.14423	6.5039	12399	666.612	0.0315862	0	1.02	1.02
416	0.0020372	0.00118225	21644.9	1050	105	18929.4	261.048	261.048	1044.19	1044.19	0 21365.3 1618.76 	22984.1	6.14427	6.5039	12399	666.612	0.0316047	0	1.02	1.02
416.1	0.0020372	0.00118228	21645.4	1050	105	18928.8	261.163	261.163	1044.65	1044.65	0 21364.9 1619.67 	22984.5	6.1443	6.5039	12399	666.612	0.0316232	0	1.02	1.02
416.2	0.00203719	0.0011823	21645.9	1050	105	18928.1	261.278	261.278	1045.11	1045.11	0 21364.4 1620.58 	22985	6.14433	6.5039	12399	666.612	0.0316417	0	1.02	1.02
416.3	0.00203719	0.00118232	21646.4	1050	105	18927.5	261.394	261.394	1045.57	1045.57	0 21363.9 1621.49 	22985.4	6.14437	6.5039	12399	666.612	0.0316603	0	1.02	1.02
416.4	0.00203718	0.00118235	21646.9	1050	105	18926.9	261.509	261.509	1046.04	1046.04	0 21363.4 1622.4 	22985.8	6.1444	6.5039	12399	666.612	0.0316788	0	1.02	1.02
416.5	0.00203718	0.00118237	21647.5	1050	105	18926.2	261.624	261.624	1046.5	1046.5	0 21362.9 1623.31 	22986.3	6.14444	6.5039	12399	666.612	0.0316973	0	1.02	1.02
416.6	0.00203718	0.0011824	21648	1050	105	18925.6	261.74	261.74	1046.96	1046.96	0 21362.5 1624.22 	22986.7	6.14447	6.5039	12399	666.612	0.0317159	0	1.02	1.02
416.7	0.00203717	0.00118242	21648.5	1050	105	18924.9	261.855	261.855	1047.42	1047.42	0 21362 1625.14 	22987.1	6.1445	6.5039	12399	666.612	0.0317344	0	1.02	1.02
416.8	0.00203717	0.00118245	21649	1050	105	18924.3	261.97	261.97	1047.88	1047.88	0 21361.5 1626.05 	22987.5	6.14454	6.5039	12399	666.612	0.031753	0	1.02	1.02
416.9	0.00203716	0.00118247	21649.5	1050	105	18923.7	262.086	262.086	1048.34	1048.34	0 21361 1626.96 	22988	6.14457	6.5039	12399	666.612	0.0317716	0	1.02	1.02
417	0.00203716	0.00118249	21650	1050	105	18923	262.201	262.201	1048.81	1048.81	0 21360.5 1627.87 	22988.4	6.14461	6.5039	12399	666.612	0.0317901	0	1.02	1.02
417.1	0.00203716	0.00118252	21650.6	1050	105	18922.4	262.317	262.317	1049.27	1049.27	0 21360.1 1628.79 	22988.8	6.14464	6.5039	12399	666.612	0.0318087	0	1.02	1.02
417.2	0.00203715	0.00118254	21651.1	1050	105	18921.7	262.433	262.433	1049.73	1049.73	0 21359.6 1629.7 	22989.3	6.14468	6.5039	12399	666.612	0.0318273	0	1.02	1.02
417.3	0.00203715	0.00118257	21651.6	1050	105	18921.1	262.548	262.548	1050.19	1050.19	0 21359.1 1630.61 	22989.7	6.14471	6.5039	12399	666.612	0.0318459	0	1.02	1.02
417.4	0.00203715	0.00118259	21652.1	1050	105	18920.5	262.664	262.664	1050.66	1050.66	0 21358.6 1631.53 	22990.1	6.14475	6.5039	12399	666.612	0.0318645	0	1.02	1.02
417.5	0.00203714	0.00118262	21652.6	1050	105	18919.8	262.78	262.78	1051.12	1051.12	0 21358.1 1632.44 	22990.6	6.14478	6.5039	12399	666.612	0.0318832	0	1.02	1.02
417.6	0.00203714	0.00118264	21653.1	1050	105	18919.2	262.895	262.895	1051.58	1051.58	0 21357.7 1633.36 	22991	6.14481	6.5039	12399	666.612	0.0319018	0	1.02	1.02
417.7	0.00203713	0.00118267	21653.7	1050	105	18918.5	263.011	263.011	1052.04	1052.04	0 21357.2 1634.27 	22991.4	6.14485	6.5039	12399	666.612	0.0319204	0	1.02	1.02
417.8	0.00203713	0.00118269	21654.2	1050	105	18917.9	263.127	263.127	1052.51	1052.51	0 21356.7 1635.19 	22991.9	6.14488	6.5039	12399	666.612	0.0319391	0	1.02	1.02
417.9	0.00203713	0.00118271	21654.7	1050	105	18917.3	263.243	263.243	1052.97	1052.97	0 21356.2 1636.1 	22992.3	6.14492	6.5039	12399	666.612	0.0319577	0	1.02	1.02
418	0.00203712	0.00118274	21655.2	1050	105	18916.6	263.359	263.359	1053.43	1053.43	0 21355.7 1637.02 	22992.7	6.14495	6.5039	12399	666.612	0.0319764	0	1.02	1.02
418.1	0.00203712	0.00118276	21655.7	1050	105	18916	263.475	263.475	1053.9	1053.9	0 21355.2 1637.93 	22993.2	6.14499	6.5039	12399	666.612	0.031995	0	1.02	1.02
418.2	0.00203712	0.00118279	21656.2	1050	105	18915.3	263.591	263.591	1054.36	1054.36	0 21354.8 1638.85 	22993.6	6.14502	6.5039	12399	666.612	0.0320137	0	1.02	1.02
418.3	0.00203711	0.00118281	21656.8	1050	105	18914.7	263.707	263.707	1054.83	1054.83	0 21354.3 1639.77 	22994	6.14506	6.5039	12399	666.612	0.0320324	0	1.02	1.02
418.4	0.00203711	0.00118284	21657.3	1050	105	18914	263.823	263.823	1055.29	1055.29	0 21353.8 1640.69 	22994.5	6.14509	6.5039	12399	666.612	0.0320511	0	1.02	1.02
418.5	0.0020371	0.00118286	21657.8	1050	105	18913.4	263.939	263.939	1055.76	1055.76	0 21353.3 1641.6 	22994.9	6.14512	6.5039	12399	666.612	0.0320698	0	1.02	1.02
418.6	0.0020371	0.00118289	21658.3	1050	105	18912.8	264.055	264.055	1056.22	1056.22	0 21352.8 1642.52 	22995.4	6.14516	6.5039	12399	666.612	0.0320885	0	1.02	1.02
418.7	0.0020371	0.00118291	21658.8	1050	105	18912.1	264.171	264.171	1056.68	1056.68	0 21352.4 1643.44 	22995.8	6.14519	6.5039	12399	666.612	0.0321072	0	1.02	1.02
418.8	0.00203709	0.00118294	21659.3	1050	105	18911.5	264.287	264.287	1057.15	1057.15	0 21351.9 1644.36 	22996.2	6.14523	6.5039	12399	666.612	0.0321259	0	1.02	1.02
418.9	0.00203709	0.00118296	21659.9	1050	105	18910.8	264.404	264.404	1057.61	1057.61	0 21351.4 1645.28 	22996.7	6.14526	6.5039	12399	666.612	0.0321446	0	1.02	1.02
419	0.00203708	0.00118298	21660.4	1050	105	18910.2	264.52	264.52	1058.08	1058.08	0 21350.9 1646.2 	22997.1	6.1453	6.5039	12399	666.612	0.0321633	0	1.02	1.02
419.1	0.00203708	0.00118301	21660.9	1050	105	18909.5	264.636	264.636	1058.55	1058.55	0 21350.4 1647.12 	22997.5	6.14533	6.5039	12399	666.612	0.0321821	0	1.02	1.02
419.2	0.00203708	0.00118303	21661.4	1050	105	18908.9	264.753	264.753	1059.01	1059.01	0 21349.9 1648.04 	22998	6.14537	6.5039	12399	666.612	0.0322008	0	1.02	1.02
419.3	0.00203707	0.00118306	21661.9	1050	105	18908.2	264.869	264.869	1059.48	1059.48	0 21349.5 1648.96 	22998.4	6.1454	6.5039	12399	666.612	0.0322196	0	1.02	1.02
419.4	0.00203707	0.00118308	21662.5	1050	105	18907.6	264.986	264.986	1059.94	1059.94	0 21349 1649.88 	22998.9	6.14544	6.5039	12399	666.612	0.0322384	0	1.02	1.02
419.5	0.00203707	0.00118311	21663	1050	105	18907	265.102	265.102	1060.41	1060.41	0 21348.5 1650.8 	22999.3	6.14547	6.5039	12399	666.612	0.0322571	0	1.02	1.02
419.6	0.00203706	0.00118313	21663.5	1050	105	18906.3	265.219	265.219	1060.87	1060.87	0 21348 1651.72 	22999.7	6.14551	6.5039	12399	666.612	0.0322759	0	1.02	1.02
419.7	0.00203706	0.00118316	21664	1050	105	18905.7	265.335	265.335	1061.34	1061.34	0 21347.5 1652.64 	23000.2	6.14554	6.5039	12399	666.612	0.0322947	0	1.02	1.02
419.8	0.00203705	0.00118318	21664.5	1050	105	18905	265.452	265.452	1061.81	1061.81	0 21347 1653.56 	23000.6	6.14558	6.5039	12399	666.612	0.0323135	0	1.02	1.02
419.9	0.00203705	0.0011832	21665.1	1050	105	18904.4	265.569	265.569	1062.27	1062.27	0 21346.6 1654.49 	23001	6.14561	6.5039	12399	666.612	0.0323323	0	1.02	1.02
420	0.00203705	0.00118323	21665.6	1050	105	18903.7	265.685	265.685	1062.74	1062.74	0 21346.1 1655.41 	23001.5	6.14565	6.5039	12399	666.612	0.0323511	0	1.02	1.02
420.1	0.00203704	0.00118325	21666.1	1050	105	18903.1	265.802	265.802	1063.21	1063.21	0 21345.6 1656.33 	23001.9	6.14568	6.5039	12399	666.612	0.0323699	0	1.02	1.02
420.2	0.00203704	0.00118328	21666.6	1050	105	18902.4	265.919	265.919	1063.67	1063.67	0 21345.1 1657.26 	23002.4	6.14572	6.5039	12399	666.612	0.0323887	0	1.02	1.02
420.3	0.00203703	0.0011833	21667.1	1050	105	18901.8	266.036	266.036	1064.14	1064.14	0 21344.6 1658.18 	23002.8	6.14575	6.5039	12399	666.612	0.0324076	0	1.02	1.02
420.4	0.00203703	0.00118333	21667.6	1050	105	18901.1	266.152	266.152	1064.61	1064.61	0 21344.1 1659.11 	23003.2	6.14579	6.5039	12399	666.612	0.0324264	0	1.02	1.02
420.5	0.00203703	0.00118335	21668.2	1050	105	18900.5	266.269	266.269	1065.08	1065.08	0 21343.7 1660.03 	23003.7	6.14582	6.5039	12399	666.612	0.0324453	0	1.02	1.02
420.6	0.00203702	0.00118338	21668.7	1050	105	18899.8	266.386	266.386	1065.55	1065.55	0 21343.2 1660.95 	23004.1	6.14586	6.5039	12399	666.612	0.0324641	0	1.02	1.02
420.7	0.00203702	0.0011834	21669.2	1050	105	18899.2	266.503	266.503	1066.01	1066.01	0 21342.7 1661.88 	23004.6	6.14589	6.5039	12399	666.612	0.032483	0	1.02	1.02
420.8	0.00203702	0.00118343	21669.7	1050	105	18898.5	266.62	266.62	1066.48	1066.48	0 21342.2 1662.81 	23005	6.14593	6.5039	12399	666.612	0.0325019	0	1.02	1.02
420.9	0.00203701	0.00118345	21670.2	1050	105	18897.9	266.737	266.737	1066.95	1066.95	0 21341.7 1663.73 	23005.4	6.14596	6.5039	12399	666.612	0.0325207	0	1.02	1.02
421	0.00203701	0.00118348	21670.8	1050	105	18897.2	266.854	266.854	1067.42	1067.42	0 21341.2 1664.66 	23005.9	6.146	6.5039	12399	666.612	0.0325396	0	1.02	1.02
421.1	0.002037	0.0011835	21671.3	1050	105	18896.6	266.972	266.972	1067.89	1067.89	0 21340.7 1665.58 	23006.3	6.14603	6.5039	12399	666.612	0.0325585	0	1.02	1.02
421.2	0.002037	0.00118352	21671.8	1050	105	18895.9	267.089	267.089	1068.36	1068.36	0 21340.3 1666.51 	23006.8	6.14607	6.5039	12399	666.612	0.0325774	0	1.02	1.02
421.3	0.002037	0.00118355	21672.3	1050	105	18895.3	267.206	267.206	1068.82	1068.82	0 21339.8 1667.44 	23007.2	6.1461	6.5039	12399	666.612	0.0325963	0	1.02	1.02
421.4	0.00203699	0.00118357	21672.9	1050	105	18894.6	267.323	267.323	1069.29	1069.29	0 21339.3 1668.37 	23007.7	6.14614	6.5039	12399	666.612	0.0326153	0	1.02	1.02
421.5	0.00203699	0.0011836	21673.4	1050	105	18894	267.441	267.441	1069.76	1069.76	0 21338.8 1669.29 	23008.1	6.14617	6.5039	12399	666.612	0.0326342	0	1.02	1.02
421.6	0.00203698	0.00118362	21673.9	1050	105	18893.3	267.558	267.558	1070.23	1070.23	0 21338.3 1670.22 	23008.5	6.14621	6.5039	12399	666.612	0.0326531	0	1.02	1.02
421.7	0.00203698	0.00118365	21674.4	1050	105	18892.7	267.675	267.675	1070.7	1070.7	0 21337.8 1671.15 	23009	6.14624	6.5039	12399	666.612	0.0326721	0	1.02	1.02
421.8	0.00203698	0.00118367	21674.9	1050	105	18892	267.793	267.793	1071.17	1071.17	0 21337.4 1672.08 	23009.4	6.14628	6.5039	12399	666.612	0.032691	0	1.02	1.02
421.9	0.00203697	0.0011837	21675.5	1050	105	18891.4	267.91	267.91	1071.64	1071.64	0 21336.9 1673.01 	23009.9	6.14631	6.5039	12399	666.612	0.03271	0	1.02	1.02
422	0.00203697	0.00118372	21676	1050	105	18890.7	268.028	268.028	1072.11	1072.11	0 21336.4 1673.94 	23010.3	6.14635	6.5039	12399	666.612	0.0327289	0	1.02	1.02
422.1	0.00203696	0.00118375	21676.5	1050	105	18890	268.145	268.145	1072.58	1072.58	0 21335.9 1674.87 	23010.8	6.14638	6.5039	12399	666.612	0.0327479	0	1.02	1.02
422.2	0.00203696	0.00118377	21677	1050	105	18889.4	268.263	268.263	1073.05	1073.05	0 21335.4 1675.8 	23011.2	6.14642	6.5039	12399	666.612	0.0327669	0	1.02	1.02
422.3	0.00203696	0.0011838	21677.5	1050	105	18888.7	268.38	268.38	1073.52	1073.52	0 21334.9 1676.73 	23011.7	6.14645	6.5039	12399	666.612	0.0327859	0	1.02	1.02
422.4	0.00203695	0.00118382	21678.1	1050	105	18888.1	268.498	268.498	1073.99	1073.99	0 21334.4 1677.66 	23012.1	6.14649	6.5039	12399	666.612	0.0328049	0	1.02	1.02
422.5	0.00203695	0.00118385	21678.6	1050	105	18887.4	268.616	268.616	1074.46	1074.46	0 21334 1678.59 	23012.5	6.14652	6.5039	12399	666.612	0.0328239	0	1.02	1.02
422.6	0.00203695	0.00118387	21679.1	1050	105	18886.8	268.734	268.734	1074.93	1074.93	0 21333.5 1679.52 	23013	6.14656	6.5039	12399	666.612	0.0328429	0	1.02	1.02
422.7	0.00203694	0.00118389	21679.6	1050	105	18886.1	268.851	268.851	1075.41	1075.41	0 21333 1680.46 	23013.4	6.14659	6.5039	12399	666.612	0.0328619	0	1.02	1.02
422.8	0.00203694	0.00118392	21680.2	1050	105	18885.5	268.969	268.969	1075.88	1075.88	0 21332.5 1681.39 	23013.9	6.14663	6.5039	12399	666.612	0.0328809	0	1.02	1.02
422.9	0.00203693	0.00118394	21680.7	1050	105	18884.8	269.087	269.087	1076.35	1076.35	0 21332 1682.32 	23014.3	6.14667	6.5039	12399	666.612	0.0329	0	1.02	1.02
423	0.00203693	0.00118397	21681.2	1050	105	18884.2	269.205	269.205	1076.82	1076.82	0 21331.5 1683.26 	23014.8	6.1467	6.5039	12399	666.612	0.032919	0	1.02	1.02
423.1	0.00203693	0.00118399	21681.7	1050	105	18883.5	269.323	269.323	1077.29	1077.29	0 21331 1684.19 	23015.2	6.14674	6.5039	12399	666.612	0.032938	0	1.02	1.02
423.2	0.00203692	0.00118402	21682.2	1050	105	18882.8	269.441	269.441	1077.76	1077.76	0 21330.5 1685.12 	23015.7	6.14677	6.5039	12399	666.612	0.0329571	0	1.02	1.02
423.3	0.00203692	0.00118404	21682.8	1050	105	18882.2	269.559	269.559	1078.24	1078.24	0 21330.1 1686.06 	23016.1	6.14681	6.5039	12399	666.612	0.0329762	0	1.02	1.02
423.4	0.00203691	0.00118407	21683.3	1050	105	18881.5	269.677	269.677	1078.71	1078.71	0 21329.6 1686.99 	23016.6	6.14684	6.5039	12399	666.612	0.0329952	0	1.02	1.02
423.5	0.00203691	0.00118409	21683.8	1050	105	18880.9	269.795	269.795	1079.18	1079.18	0 21329.1 1687.93 	23017	6.14688	6.5039	12399	666.612	0.0330143	0	1.02	1.02
423.6	0.00203691	0.00118412	21684.3	1050	105	18880.2	269.913	269.913	1079.65	1079.65	0 21328.6 1688.86 	23017.5	6.14691	6.5039	12399	666.612	0.0330334	0	1.02	1.02
423.7	0.0020369	0.00118414	21684.9	1050	105	18879.5	270.031	270.031	1080.13	1080.13	0 21328.1 1689.8 	23017.9	6.14695	6.5039	12399	666.612	0.0330525	0	1.02	1.02
423.8	0.0020369	0.00118417	21685.4	1050	105	18878.9	270.15	270.15	1080.6	1080.6	0 21327.6 1690.73 	23018.4	6.14699	6.5039	12399	666.612	0.0330716	0	1.02	1.02
423.9	0.00203689	0.00118419	21685.9	1050	105	18878.2	270.268	270.268	1081.07	1081.07	0 21327.1 1691.67 	23018.8	6.14702	6.5039	12399	666.612	0.0330907	0	1.02	1.02
424	0.00203689	0.00118422	21686.4	1050	105	18877.6	270.386	270.386	1081.54	1081.54	0 21326.6 1692.61 	23019.3	6.14706	6.5039	12399	666.612	0.0331098	0	1.02	1.02
424.1	0.00203689	0.00118424	21687	1050	105	18876.9	270.505	270.505	1082.02	1082.02	0 21326.2 1693.54 	23019.7	6.14709	6.5039	12399	666.612	0.033129	0	1.02	1.02
424.2	0.00203688	0.00118427	21687.5	1050	105	18876.3	270.623	270.623	1082.49	1082.49	0 21325.7 1694.48 	23020.2	6.14713	6.5039	12399	666.612	0.0331481	0	1.02	1.02
424.3	0.00203688	0.00118429	21688	1050	105	18875.6	270.741	270.741	1082.97	1082.97	0 21325.2 1695.42 	23020.6	6.14716	6.5039	12399	666.612	0.0331672	0	1.02	1.02
424.4	0.00203687	0.00118432	21688.5	1050	105	18874.9	270.86	270.86	1083.44	1083.44	0 21324.7 1696.35 	23021.1	6.1472	6.5039	12399	666.612	0.0331864	0	1.02	1.02
424.5	0.00203687	0.00118434	21689.1	1050	105	18874.3	270.978	270.978	1083.91	1083.91	0 21324.2 1697.29 	23021.5	6.14723	6.5039	12399	666.612	0.0332056	0	1.02	1.02
424.6	0.00203687	0.00118437	21689.6	1050	105	18873.6	271.097	271.097	1084.39	1084.39	0 21323.7 1698.23 	23022	6.14727	6.5039	12399	666.612	0.0332247	0	1.02	1.02
424.7	0.00203686	0.00118439	21690.1	1050	105	18872.9	271.215	271.215	1084.86	1084.86	0 21323.2 1699.17 	23022.4	6.14731	6.5039	12399	666.612	0.0332439	0	1.02	1.02
424.8	0.00203686	0.00118442	21690.6	1050	105	18872.3	271.334	271.334	1085.34	1085.34	0 21322.7 1700.11 	23022.9	6.14734	6.5039	12399	666.612	0.0332631	0	1.02	1.02
424.9	0.00203686	0.00118444	21691.2	1050	105	18871.6	271.453	271.453	1085.81	1085.81	0 21322.3 1701.05 	23023.3	6.14738	6.5039	12399	666.612	0.0332823	0	1.02	1.02
425	0.00203685	0.00118446	21691.7	1050	105	18871	271.571	271.571	1086.29	1086.29	0 21321.8 1701.99 	23023.8	6.14741	6.5039	12399	666.612	0.0333015	0	1.02	1.02
425.1	0.00203685	0.00118449	21692.2	1050	105	18870.3	271.69	271.69	1086.76	1086.76	0 21321.3 1702.93 	23024.2	6.14745	6.5039	12399	666.612	0.0333207	0	1.02	1.02
425.2	0.00203684	0.00118451	21692.7	1050	105	18869.6	271.809	271.809	1087.24	1087.24	0 21320.8 1703.87 	23024.7	6.14749	6.5039	12399	666.612	0.0333399	0	1.02	1.02
425.3	0.00203684	0.00118454	21693.3	1050	105	18869	271.928	271.928	1087.71	1087.71	0 21320.3 1704.81 	23025.1	6.14752	6.5039	12399	666.612	0.0333591	0	1.02	1.02
425.4	0.00203684	0.00118456	21693.8	1050	105	18868.3	272.047	272.047	1088.19	1088.19	0 21319.8 1705.75 	23025.6	6.14756	6.5039	12399	666.612	0.0333783	0	1.02	1.02
425.5	0.00203683	0.00118459	21694.3	1050	105	18867.6	272.166	272.166	1088.66	1088.66	0 21319.3 1706.69 	23026	6.14759	6.5039	12399	666.612	0.0333975	0	1.02	1.02
425.6	0.00203683	0.00118461	21694.8	1050	105	18867	272.284	272.284	1089.14	1089.14	0 21318.8 1707.64 	23026.5	6.14763	6.5039	12399	666.612	0.0334168	0	1.02	1.02
425.7	0.00203682	0.00118464	21695.4	1050	105	18866.3	272.403	272.403	1089.61	1089.61	0 21318.3 1708.58 	23026.9	6.14766	6.5039	12399	666.612	0.033436	0	1.02	1.02
425.8	0.00203682	0.00118466	21695.9	1050	105	18865.7	272.522	272.522	1090.09	1090.09	0 21317.9 1709.52 	23027.4	6.1477	6.5039	12399	666.612	0.0334553	0	1.02	1.02
425.9	0.00203682	0.00118469	21696.4	1050	105	18865	272.642	272.642	1090.57	1090.57	0 21317.4 1710.46 	23027.8	6.14774	6.5039	12399	666.612	0.0334746	0	1.02	1.02
426	0.00203681	0.00118471	21696.9	1050	105	18864.3	272.761	272.761	1091.04	1091.04	0 21316.9 1711.41 	23028.3	6.14777	6.5039	12399	666.612	0.0334938	0	1.02	1.02
426.1	0.00203681	0.00118474	21697.5	1050	105	18863.7	272.88	272.88	1091.52	1091.52	0 21316.4 1712.35 	23028.7	6.14781	6.5039	12399	666.612	0.0335131	0	1.02	1.02
426.2	0.0020368	0.00118476	21698	1050	105	18863	272.999	272.999	1092	1092	0 21315.9 1713.29 	23029.2	6.14784	6.5039	12399	666.612	0.0335324	0	1.02	1.02
426.3	0.0020368	0.00118479	21698.5	1050	105	18862.3	273.118	273.118	1092.47	1092.47	0 21315.4 1714.24 	23029.6	6.14788	6.5039	12399	666.612	0.0335517	0	1.02	1.02
426.4	0.0020368	0.00118481	21699	1050	105	18861.7	273.237	273.237	1092.95	1092.95	0 21314.9 1715.18 	23030.1	6.14792	6.5039	12399	666.612	0.033571	0	1.02	1.02
426.5	0.00203679	0.00118484	21699.6	1050	105	18861	273.357	273.357	1093.43	1093.43	0 21314.4 1716.13 	23030.6	6.14795	6.5039	12399	666.612	0.0335903	0	1.02	1.02
426.6	0.00203679	0.00118486	21700.1	1050	105	18860.3	273.476	273.476	1093.9	1093.9	0 21313.9 1717.07 	23031	6.14799	6.5039	12399	666.612	0.0336096	0	1.02	1.02
426.7	0.00203678	0.00118489	21700.6	1050	105	18859.7	273.595	273.595	1094.38	1094.38	0 21313.4 1718.02 	23031.5	6.14803	6.5039	12399	666.612	0.033629	0	1.02	1.02
426.8	0.00203678	0.00118491	21701.1	1050	105	18859	273.715	273.715	1094.86	1094.86	0 21313 1718.97 	23031.9	6.14806	6.5039	12399	666.612	0.0336483	0	1.02	1.02
426.9	0.00203678	0.00118494	21701.7	1050	105	18858.3	273.834	273.834	1095.34	1095.34	0 21312.5 1719.91 	23032.4	6.1481	6.5039	12399	666.612	0.0336676	0	1.02	1.02
427	0.00203677	0.00118496	21702.2	1050	105	18857.7	273.954	273.954	1095.82	1095.82	0 21312 1720.86 	23032.8	6.14813	6.5039	12399	666.612	0.033687	0	1.02	1.02
427.1	0.00203677	0.00118499	21702.7	1050	105	18857	274.073	274.073	1096.29	1096.29	0 21311.5 1721.81 	23033.3	6.14817	6.5039	12399	666.612	0.0337063	0	1.02	1.02
427.2	0.00203676	0.00118501	21703.3	1050	105	18856.3	274.193	274.193	1096.77	1096.77	0 21311 1722.75 	23033.7	6.14821	6.5039	12399	666.612	0.0337257	0	1.02	1.02
427.3	0.00203676	0.00118504	21703.8	1050	105	18855.7	274.313	274.313	1097.25	1097.25	0 21310.5 1723.7 	23034.2	6.14824	6.5039	12399	666.612	0.0337451	0	1.02	1.02
427.4	0.00203676	0.00118506	21704.3	1050	105	18855	274.432	274.432	1097.73	1097.73	0 21310 1724.65 	23034.7	6.14828	6.5039	12399	666.612	0.0337645	0	1.02	1.02
427.5	0.00203675	0.00118509	21704.8	1050	105	18854.3	274.552	274.552	1098.21	1098.21	0 21309.5 1725.6 	23035.1	6.14831	6.5039	12399	666.612	0.0337839	0	1.02	1.02
427.6	0.00203675	0.00118511	21705.4	1050	105	18853.6	274.672	274.672	1098.69	1098.69	0 21309 1726.55 	23035.6	6.14835	6.5039	12399	666.612	0.0338033	0	1.02	1.02
427.7	0.00203674	0.00118514	21705.9	1050	105	18853	274.792	274.792	1099.17	1099.17	0 21308.5 1727.49 	23036	6.14839	6.5039	12399	666.612	0.0338227	0	1.02	1.02
427.8	0.00203674	0.00118516	21706.4	1050	105	18852.3	274.911	274.911	1099.65	1099.65	0 21308 1728.44 	23036.5	6.14842	6.5039	12399	666.612	0.0338421	0	1.02	1.02
427.9	0.00203674	0.00118519	21707	1050	105	18851.6	275.031	275.031	1100.12	1100.12	0 21307.5 1729.39 	23036.9	6.14846	6.5039	12399	666.612	0.0338615	0	1.02	1.02
428	0.00203673	0.00118521	21707.5	1050	105	18851	275.151	275.151	1100.6	1100.6	0 21307.1 1730.34 	23037.4	6.1485	6.5039	12399	666.612	0.0338809	0	1.02	1.02
428.1	0.00203673	0.00118524	21708	1050	105	18850.3	275.271	275.271	1101.08	1101.08	0 21306.6 1731.29 	23037.9	6.14853	6.5039	12399	666.612	0.0339004	0	1.02	1.02
428.2	0.00203672	0.00118526	21708.5	1050	105	18849.6	275.391	275.391	1101.56	1101.56	0 21306.1 1732.24 	23038.3	6.14857	6.5039	12399	666.612	0.0339198	0	1.02	1.02
428.3	0.00203672	0.00118529	21709.1	1050	105	18849	275.511	275.511	1102.04	1102.04	0 21305.6 1733.2 	23038.8	6.14861	6.5039	12399	666.612	0.0339392	0	1.02	1.02
428.4	0.00203672	0.00118531	21709.6	1050	105	18848.3	275.631	275.631	1102.52	1102.52	0 21305.1 1734.15 	23039.2	6.14864	6.5039	12399	666.612	0.0339587	0	1.02	1.02
428.5	0.00203671	0.00118534	21710.1	1050	105	18847.6	275.751	275.751	1103	1103	0 21304.6 1735.1 	23039.7	6.14868	6.5039	12399	666.612	0.0339782	0	1.02	1.02
428.6	0.00203671	0.00118536	21710.7	1050	105	18846.9	275.871	275.871	1103.49	1103.49	0 21304.1 1736.05 	23040.2	6.14872	6.5039	12399	666.612	0.0339976	0	1.02	1.02
428.7	0.0020367	0.00118539	21711.2	1050	105	18846.3	275.992	275.992	1103.97	1103.97	0 21303.6 1737 	23040.6	6.14875	6.5039	12399	666.612	0.0340171	0	1.02	1.02
428.8	0.0020367	0.00118541	21711.7	1050	105	18845.6	276.112	276.112	1104.45	1104.45	0 21303.1 1737.96 	23041.1	6.14879	6.5039	12399	666.612	0.0340366	0	1.02	1.02
428.9	0.0020367	0.00118544	21712.2	1050	105	18844.9	276.232	276.232	1104.93	1104.93	0 21302.6 1738.91 	23041.5	6.14882	6.5039	12399	666.612	0.0340561	0	1.02	1.02
429	0.00203669	0.00118546	21712.8	1050	105	18844.2	276.352	276.352	1105.41	1105.41	0 21302.1 1739.86 	23042	6.14886	6.5039	12399	666.612	0.0340756	0	1.02	1.02
429.1	0.00203669	0.00118549	21713.3	1050	105	18843.6	276.473	276.473	1105.89	1105.89	0 21301.6 1740.82 	23042.5	6.1489	6.5039	12399	666.612	0.0340951	0	1.02	1.02
429.2	0.00203668	0.00118551	21713.8	1050	105	18842.9	276.593	276.593	1106.37	1106.37	0 21301.1 1741.77 	23042.9	6.14893	6.5039	12399	666.612	0.0341146	0	1.02	1.02
429.3	0.00203668	0.00118554	21714.4	1050	105	18842.2	276.713	276.713	1106.85	1106.85	0 21300.7 1742.73 	23043.4	6.14897	6.5039	12399	666.612	0.0341342	0	1.02	1.02
429.4	0.00203668	0.00118556	21714.9	1050	105	18841.6	276.834	276.834	1107.34	1107.34	0 21300.2 1743.68 	23043.8	6.14901	6.5039	12399	666.612	0.0341537	0	1.02	1.02
429.5	0.00203667	0.00118559	21715.4	1050	105	18840.9	276.954	276.954	1107.82	1107.82	0 21299.7 1744.64 	23044.3	6.14904	6.5039	12399	666.612	0.0341732	0	1.02	1.02
429.6	0.00203667	0.00118561	21716	1050	105	18840.2	277.075	277.075	1108.3	1108.3	0 21299.2 1745.59 	23044.8	6.14908	6.5039	12399	666.612	0.0341928	0	1.02	1.02
429.7	0.00203666	0.00118564	21716.5	1050	105	18839.5	277.196	277.196	1108.78	1108.78	0 21298.7 1746.55 	23045.2	6.14912	6.5039	12399	666.612	0.0342124	0	1.02	1.02
429.8	0.00203666	0.00118566	21717	1050	105	18838.9	277.316	277.316	1109.26	1109.26	0 21298.2 1747.5 	23045.7	6.14915	6.5039	12399	666.612	0.0342319	0	1.02	1.02
429.9	0.00203665	0.00118569	21717.5	1050	105	18838.2	277.437	277.437	1109.75	1109.75	0 21297.7 1748.46 	23046.1	6.14919	6.5039	12399	666.612	0.0342515	0	1.02	1.02
430	0.00203665	0.00118571	21718.1	1050	105	18837.5	277.558	277.558	1110.23	1110.23	0 21297.2 1749.42 	23046.6	6.14923	6.5039	12399	666.612	0.0342711	0	1.02	1.02
430.1	0.00203665	0.00118574	21718.6	1050	105	18836.8	277.678	277.678	1110.71	1110.71	0 21296.7 1750.37 	23047.1	6.14926	6.5039	12399	666.612	0.0342907	0	1.02	1.02
430.2	0.00203664	0.00118577	21719.1	1050	105	18836.1	277.799	277.799	1111.2	1111.2	0 21296.2 1751.33 	23047.5	6.1493	6.5039	12399	666.612	0.0343103	0	1.02	1.02
430.3	0.00203664	0.00118579	21719.7	1050	105	18835.5	277.92	277.92	1111.68	1111.68	0 21295.7 1752.29 	23048	6.14934	6.5039	12399	666.612	0.0343299	0	1.02	1.02
430.4	0.00203663	0.00118582	21720.2	1050	105	18834.8	278.041	278.041	1112.16	1112.16	0 21295.2 1753.25 	23048.5	6.14937	6.5039	12399	666.612	0.0343495	0	1.02	1.02
430.5	0.00203663	0.00118584	21720.7	1050	105	18834.1	278.162	278.162	1112.65	1112.65	0 21294.7 1754.21 	23048.9	6.14941	6.5039	12399	666.612	0.0343691	0	1.02	1.02
430.6	0.00203663	0.00118587	21721.3	1050	105	18833.4	278.283	278.283	1113.13	1113.13	0 21294.2 1755.16 	23049.4	6.14945	6.5039	12399	666.612	0.0343887	0	1.02	1.02
430.7	0.00203662	0.00118589	21721.8	1050	105	18832.8	278.404	278.404	1113.61	1113.61	0 21293.7 1756.12 	23049.9	6.14949	6.5039	12399	666.612	0.0344084	0	1.02	1.02
430.8	0.00203662	0.00118592	21722.3	1050	105	18832.1	278.525	278.525	1114.1	1114.1	0 21293.2 1757.08 	23050.3	6.14952	6.5039	12399	666.612	0.034428	0	1.02	1.02
430.9	0.00203661	0.00118594	21722.9	1050	105	18831.4	278.646	278.646	1114.58	1114.58	0 21292.7 1758.04 	23050.8	6.14956	6.5039	12399	666.612	0.0344477	0	1.02	1.02
431	0.00203661	0.00118597	21723.4	1050	105	18830.7	278.767	278.767	1115.07	1115.07	0 21292.2 1759 	23051.3	6.1496	6.5039	12399	666.612	0.0344673	0	1.02	1.02
431.1	0.00203661	0.00118599	21723.9	1050	105	18830	278.888	278.888	1115.55	1115.55	0 21291.8 1759.96 	23051.7	6.14963	6.5039	12399	666.612	0.034487	0	1.02	1.02
431.2	0.0020366	0.00118602	21724.5	1050	105	18829.4	279.009	279.009	1116.04	1116.04	0 21291.3 1760.92 	23052.2	6.14967	6.5039	12399	666.612	0.0345067	0	1.02	1.02
431.3	0.0020366	0.00118604	21725	1050	105	18828.7	279.13	279.13	1116.52	1116.52	0 21290.8 1761.89 	23052.6	6.14971	6.5039	12399	666.612	0.0345263	0	1.02	1.02
431.4	0.00203659	0.00118607	21725.5	1050	105	18828	279.252	279.252	1117.01	1117.01	0 21290.3 1762.85 	23053.1	6.14974	6.5039	12399	666.612	0.034546	0	1.02	1.02
431.5	0.00203659	0.00118609	21726.1	1050	105	18827.3	279.373	279.373	1117.49	1117.49	0 21289.8 1763.81 	23053.6	6.14978	6.5039	12399	666.612	0.0345657	0	1.02	1.02
431.6	0.00203659	0.00118612	21726.6	1050	105	18826.6	279.494	279.494	1117.98	1117.98	0 21289.3 1764.77 	23054	6.14982	6.5039	12399	666.612	0.0345854	0	1.02	1.02
431.7	0.00203658	0.00118614	21727.1	1050	105	18826	279.616	279.616	1118.46	1118.46	0 21288.8 1765.73 	23054.5	6.14985	6.5039	12399	666.612	0.0346051	0	1.02	1.02
431.8	0.00203658	0.00118617	21727.6	1050	105	18825.3	279.737	279.737	1118.95	1118.95	0 21288.3 1766.7 	23055	6.14989	6.5039	12399	666.612	0.0346249	0	1.02	1.02
431.9	0.00203657	0.00118619	21728.2	1050	105	18824.6	279.858	279.858	1119.43	1119.43	0 21287.8 1767.66 	23055.4	6.14993	6.5039	12399	666.612	0.0346446	0	1.02	1.02
432	0.00203657	0.00118622	21728.7	1050	105	18823.9	279.98	279.98	1119.92	1119.92	0 21287.3 1768.62 	23055.9	6.14997	6.5039	12399	666.612	0.0346643	0	1.02	1.02
432.1	0.00203657	0.00118624	21729.2	1050	105	18823.2	280.102	280.102	1120.41	1120.41	0 21286.8 1769.59 	23056.4	6.15	6.5039	12399	666.612	0.0346841	0	1.02	1.02
432.2	0.00203656	0.00118627	21729.8	1050	105	18822.6	280.223	280.223	1120.89	1120.89	0 21286.3 1770.55 	23056.9	6.15004	6.5039	12399	666.612	0.0347038	0	1.02	1.02
432.3	0.00203656	0.00118629	21730.3	1050	105	18821.9	280.345	280.345	1121.38	1121.38	0 21285.8 1771.52 	23057.3	6.15008	6.5039	12399	666.612	0.0347236	0	1.02	1.02
432.4	0.00203655	0.00118632	21730.8	1050	105	18821.2	280.466	280.466	1121.87	1121.87	0 21285.3 1772.48 	23057.8	6.15011	6.5039	12399	666.612	0.0347433	0	1.02	1.02
432.5	0.00203655	0.00118635	21731.4	1050	105	18820.5	280.588	280.588	1122.35	1122.35	0 21284.8 1773.45 	23058.3	6.15015	6.5039	12399	666.612	0.0347631	0	1.02	1.02
432.6	0.00203654	0.00118637	21731.9	1050	105	18819.8	280.71	280.71	1122.84	1122.84	0 21284.3 1774.41 	23058.7	6.15019	6.5039	12399	666.612	0.0347829	0	1.02	1.02
432.7	0.00203654	0.0011864	21732.5	1050	105	18819.1	280.832	280.832	1123.33	1123.33	0 21283.8 1775.38 	23059.2	6.15023	6.5039	12399	666.612	0.0348027	0	1.02	1.02
432.8	0.00203654	0.00118642	21733	1050	105	18818.5	280.953	280.953	1123.81	1123.81	0 21283.3 1776.34 	23059.7	6.15026	6.5039	12399	666.612	0.0348225	0	1.02	1.02
432.9	0.00203653	0.00118645	21733.5	1050	105	18817.8	281.075	281.075	1124.3	1124.3	0 21282.8 1777.31 	23060.1	6.1503	6.5039	12399	666.612	0.0348423	0	1.02	1.02
433	0.00203653	0.00118647	21734.1	1050	105	18817.1	281.197	281.197	1124.79	1124.79	0 21282.3 1778.28 	23060.6	6.15034	6.5039	12399	666.612	0.0348621	0	1.02	1.02
433.1	0.00203652	0.0011865	21734.6	1050	105	18816.4	281.319	281.319	1125.28	1125.28	0 21281.8 1779.24 	23061.1	6.15038	6.5039	12399	666.612	0.0348819	0	1.02	1.02
433.2	0.00203652	0.00118652	21735.1	1050	105	18815.7	281.441	281.441	1125.76	1125.76	0 21281.3 1780.21 	23061.5	6.15041	6.5039	12399	666.612	0.0349017	0	1.02	1.02
433.3	0.00203652	0.00118655	21735.7	1050	105	18815	281.563	281.563	1126.25	1126.25	0 21280.8 1781.18 	23062	6.15045	6.5039	12399	666.612	0.0349216	0	1.02	1.02
433.4	0.00203651	0.00118657	21736.2	1050	105	18814.3	281.685	281.685	1126.74	1126.74	0 21280.3 1782.15 	23062.5	6.15049	6.5039	12399	666.612	0.0349414	0	1.02	1.02
433.5	0.00203651	0.0011866	21736.7	1050	105	18813.7	281.807	281.807	1127.23	1127.23	0 21279.8 1783.12 	23063	6.15052	6.5039	12399	666.612	0.0349613	0	1.02	1.02
433.6	0.0020365	0.00118662	21737.3	1050	105	18813	281.929	281.929	1127.72	1127.72	0 21279.3 1784.09 	23063.4	6.15056	6.5039	12399	666.612	0.0349811	0	1.02	1.02
433.7	0.0020365	0.00118665	21737.8	1050	105	18812.3	282.052	282.052	1128.21	1128.21	0 21278.8 1785.05 	23063.9	6.1506	6.5039	12399	666.612	0.035001	0	1.02	1.02
433.8	0.0020365	0.00118667	21738.3	1050	105	18811.6	282.174	282.174	1128.7	1128.7	0 21278.3 1786.02 	23064.4	6.15064	6.5039	12399	666.612	0.0350209	0	1.02	1.02
433.9	0.00203649	0.0011867	21738.9	1050	105	18810.9	282.296	282.296	1129.18	1129.18	0 21277.8 1786.99 	23064.8	6.15067	6.5039	12399	666.612	0.0350408	0	1.02	1.02
434	0.00203649	0.00118673	21739.4	1050	105	18810.2	282.418	282.418	1129.67	1129.67	0 21277.3 1787.96 	23065.3	6.15071	6.5039	12399	666.612	0.0350606	0	1.02	1.02
434.1	0.00203648	0.00118675	21739.9	1050	105	18809.5	282.541	282.541	1130.16	1130.16	0 21276.9 1788.94 	23065.8	6.15075	6.5039	12399	666.612	0.0350805	0	1.02	1.02
434.2	0.00203648	0.00118678	21740.5	1050	105	18808.8	282.663	282.663	1130.65	1130.65	0 21276.4 1789.91 	23066.3	6.15079	6.5039	12399	666.612	0.0351004	0	1.02	1.02
434.3	0.00203647	0.0011868	21741	1050	105	18808.2	282.786	282.786	1131.14	1131.14	0 21275.9 1790.88 	23066.7	6.15082	6.5039	12399	666.612	0.0351204	0	1.02	1.02
434.4	0.00203647	0.00118683	21741.5	1050	105	18807.5	282.908	282.908	1131.63	1131.63	0 21275.4 1791.85 	23067.2	6.15086	6.5039	12399	666.612	0.0351403	0	1.02	1.02
434.5	0.00203647	0.00118685	21742.1	1050	105	18806.8	283.031	283.031	1132.12	1132.12	0 21274.9 1792.82 	23067.7	6.1509	6.5039	12399	666.612	0.0351602	0	1.02	1.02
434.6	0.00203646	0.00118688	21742.6	1050	105	18806.1	283.153	283.153	1132.61	1132.61	0 21274.4 1793.79 	23068.2	6.15094	6.5039	12399	666.612	0.0351801	0	1.02	1.02
434.7	0.00203646	0.0011869	21743.2	1050	105	18805.4	283.276	283.276	1133.1	1133.1	0 21273.9 1794.77 	23068.6	6.15097	6.5039	12399	666.612	0.0352001	0	1.02	1.02
434.8	0.00203645	0.00118693	21743.7	1050	105	18804.7	283.398	283.398	1133.59	1133.59	0 21273.4 1795.74 	23069.1	6.15101	6.5039	12399	666.612	0.03522	0	1.02	1.02
434.9	0.00203645	0.00118695	21744.2	1050	105	18804	283.521	283.521	1134.08	1134.08	0 21272.9 1796.71 	23069.6	6.15105	6.5039	12399	666.612	0.03524	0	1.02	1.02
435	0.00203645	0.00118698	21744.8	1050	105	18803.3	283.644	283.644	1134.57	1134.57	0 21272.4 1797.69 	23070	6.15109	6.5039	12399	666.612	0.03526	0	1.02	1.02
435.1	0.00203644	0.001187	21745.3	1050	105	18802.6	283.766	283.766	1135.07	1135.07	0 21271.9 1798.66 	23070.5	6.15113	6.5039	12399	666.612	0.0352799	0	1.02	1.02
435.2	0.00203644	0.00118703	21745.8	1050	105	18801.9	283.889	283.889	1135.56	1135.56	0 21271.4 1799.63 	23071	6.15116	6.5039	12399	666.612	0.0352999	0	1.02	1.02
435.3	0.00203643	0.00118706	21746.4	1050	105	18801.3	284.012	284.012	1136.05	1136.05	0 21270.9 1800.61 	23071.5	6.1512	6.5039	12399	666.612	0.0353199	0	1.02	1.02
435.4	0.00203643	0.00118708	21746.9	1050	105	18800.6	284.135	284.135	1136.54	1136.54	0 21270.4 1801.58 	23071.9	6.15124	6.5039	12399	666.612	0.0353399	0	1.02	1.02
435.5	0.00203642	0.00118711	21747.5	1050	105	18799.9	284.258	284.258	1137.03	1137.03	0 21269.9 1802.56 	23072.4	6.15128	6.5039	12399	666.612	0.0353599	0	1.02	1.02
435.6	0.00203642	0.00118713	21748	1050	105	18799.2	284.381	284.381	1137.52	1137.52	0 21269.4 1803.53 	23072.9	6.15131	6.5039	12399	666.612	0.0353799	0	1.02	1.02
435.7	0.00203642	0.00118716	21748.5	1050	105	18798.5	284.504	284.504	1138.01	1138.01	0 21268.9 1804.51 	23073.4	6.15135	6.5039	12399	666.612	0.0353999	0	1.02	1.02
435.8	0.00203641	0.00118718	21749.1	1050	105	18797.8	284.627	284.627	1138.51	1138.51	0 21268.4 1805.49 	23073.8	6.15139	6.5039	12399	666.612	0.03542	0	1.02	1.02
435.9	0.00203641	0.00118721	21749.6	1050	105	18797.1	284.75	284.75	1139	1139	0 21267.9 1806.46 	23074.3	6.15143	6.5039	12399	666.612	0.03544	0	1.02	1.02
436	0.0020364	0.00118723	21750.1	1050	105	18796.4	284.873	284.873	1139.49	1139.49	0 21267.4 1807.44 	23074.8	6.15146	6.5039	12399	666.612	0.03546	0	1.02	1.02
436.1	0.0020364	0.00118726	21750.7	1050	105	18795.7	284.996	284.996	1139.98	1139.98	0 21266.9 1808.42 	23075.3	6.1515	6.5039	12399	666.612	0.0354801	0	1.02	1.02
436.2	0.0020364	0.00118729	21751.2	1050	105	18795	285.119	285.119	1140.48	1140.48	0 21266.4 1809.39 	23075.8	6.15154	6.5039	12399	666.612	0.0355002	0	1.02	1.02
436.3	0.00203639	0.00118731	21751.8	1050	105	18794.3	285.242	285.242	1140.97	1140.97	0 21265.9 1810.37 	23076.2	6.15158	6.5039	12399	666.612	0.0355202	0	1.02	1.02
436.4	0.00203639	0.00118734	21752.3	1050	105	18793.6	285.366	285.366	1141.46	1141.46	0 21265.4 1811.35 	23076.7	6.15162	6.5039	12399	666.612	0.0355403	0	1.02	1.02
436.5	0.00203638	0.00118736	21752.8	1050	105	18792.9	285.489	285.489	1141.96	1141.96	0 21264.9 1812.33 	23077.2	6.15165	6.5039	12399	666.612	0.0355604	0	1.02	1.02
436.6	0.00203638	0.00118739	21753.4	1050	105	18792.2	285.612	285.612	1142.45	1142.45	0 21264.4 1813.31 	23077.7	6.15169	6.5039	12399	666.612	0.0355805	0	1.02	1.02
436.7	0.00203637	0.00118741	21753.9	1050	105	18791.6	285.736	285.736	1142.94	1142.94	0 21263.9 1814.29 	23078.1	6.15173	6.5039	12399	666.612	0.0356006	0	1.02	1.02
436.8	0.00203637	0.00118744	21754.4	1050	105	18790.9	285.859	285.859	1143.44	1143.44	0 21263.4 1815.27 	23078.6	6.15177	6.5039	12399	666.612	0.0356207	0	1.02	1.02
436.9	0.00203637	0.00118746	21755	1050	105	18790.2	285.983	285.983	1143.93	1143.93	0 21262.9 1816.25 	23079.1	6.15181	6.5039	12399	666.612	0.0356408	0	1.02	1.02
437	0.00203636	0.00118749	21755.5	1050	105	18789.5	286.106	286.106	1144.42	1144.42	0 21262.4 1817.23 	23079.6	6.15184	6.5039	12399	666.612	0.0356609	0	1.02	1.02
437.1	0.00203636	0.00118751	21756.1	1050	105	18788.8	286.23	286.23	1144.92	1144.92	0 21261.9 1818.21 	23080.1	6.15188	6.5039	12399	666.612	0.035681	0	1.02	1.02
437.2	0.00203635	0.00118754	21756.6	1050	105	18788.1	286.353	286.353	1145.41	1145.41	0 21261.4 1819.19 	23080.5	6.15192	6.5039	12399	666.612	0.0357012	0	1.02	1.02
437.3	0.00203635	0.00118757	21757.1	1050	105	18787.4	286.477	286.477	1145.91	1145.91	0 21260.8 1820.17 	23081	6.15196	6.5039	12399	666.612	0.0357213	0	1.02	1.02
437.4	0.00203635	0.00118759	21757.7	1050	105	18786.7	286.601	286.601	1146.4	1146.4	0 21260.3 1821.15 	23081.5	6.152	6.5039	12399	666.612	0.0357415	0	1.02	1.02
437.5	0.00203634	0.00118762	21758.2	1050	105	18786	286.724	286.724	1146.9	1146.9	0 21259.8 1822.13 	23082	6.15203	6.5039	12399	666.612	0.0357616	0	1.02	1.02
437.6	0.00203634	0.00118764	21758.8	1050	105	18785.3	286.848	286.848	1147.39	1147.39	0 21259.3 1823.12 	23082.5	6.15207	6.5039	12399	666.612	0.0357818	0	1.02	1.02
437.7	0.00203633	0.00118767	21759.3	1050	105	18784.6	286.972	286.972	1147.89	1147.89	0 21258.8 1824.1 	23082.9	6.15211	6.5039	12399	666.612	0.035802	0	1.02	1.02
437.8	0.00203633	0.00118769	21759.8	1050	105	18783.9	287.096	287.096	1148.38	1148.38	0 21258.3 1825.08 	23083.4	6.15215	6.5039	12399	666.612	0.0358221	0	1.02	1.02
437.9	0.00203632	0.00118772	21760.4	1050	105	18783.2	287.219	287.219	1148.88	1148.88	0 21257.8 1826.07 	23083.9	6.15219	6.5039	12399	666.612	0.0358423	0	1.02	1.02
438	0.00203632	0.00118775	21760.9	1050	105	18782.5	287.343	287.343	1149.37	1149.37	0 21257.3 1827.05 	23084.4	6.15223	6.5039	12399	666.612	0.0358625	0	1.02	1.02
438.1	0.00203632	0.00118777	21761.5	1050	105	18781.8	287.467	287.467	1149.87	1149.87	0 21256.8 1828.03 	23084.9	6.15226	6.5039	12399	666.612	0.0358827	0	1.02	1.02
438.2	0.00203631	0.0011878	21762	1050	105	18781.1	287.591	287.591	1150.37	1150.37	0 21256.3 1829.02 	23085.3	6.1523	6.5039	12399	666.612	0.0359029	0	1.02	1.02
438.3	0.00203631	0.00118782	21762.5	1050	105	18780.4	287.715	287.715	1150.86	1150.86	0 21255.8 1830 	23085.8	6.15234	6.5039	12399	666.612	0.0359232	0	1.02	1.02
438.4	0.0020363	0.00118785	21763.1	1050	105	18779.7	287.839	287.839	1151.36	1151.36	0 21255.3 1830.99 	23086.3	6.15238	6.5039	12399	666.612	0.0359434	0	1.02	1.02
438.5	0.0020363	0.00118787	21763.6	1050	105	18779	287.963	287.963	1151.85	1151.85	0 21254.8 1831.97 	23086.8	6.15242	6.5039	12399	666.612	0.0359636	0	1.02	1.02
438.6	0.00203629	0.0011879	21764.2	1050	105	18778.3	288.088	288.088	1152.35	1152.35	0 21254.3 1832.96 	23087.3	6.15245	6.5039	12399	666.612	0.0359839	0	1.02	1.02
438.7	0.00203629	0.00118792	21764.7	1050	105	18777.6	288.212	288.212	1152.85	1152.85	0 21253.8 1833.94 	23087.8	6.15249	6.5039	12399	666.612	0.0360041	0	1.02	1.02
438.8	0.00203629	0.00118795	21765.3	1050	105	18776.9	288.336	288.336	1153.34	1153.34	0 21253.3 1834.93 	23088.2	6.15253	6.5039	12399	666.612	0.0360244	0	1.02	1.02
438.9	0.00203628	0.00118798	21765.8	1050	105	18776.2	288.46	288.46	1153.84	1153.84	0 21252.8 1835.92 	23088.7	6.15257	6.5039	12399	666.612	0.0360446	0	1.02	1.02
439	0.00203628	0.001188	21766.3	1050	105	18775.5	288.585	288.585	1154.34	1154.34	0 21252.3 1836.9 	23089.2	6.15261	6.5039	12399	666.612	0.0360649	0	1.02	1.02
439.1	0.00203627	0.00118803	21766.9	1050	105	18774.8	288.709	288.709	1154.84	1154.84	0 21251.8 1837.89 	23089.7	6.15265	6.5039	12399	666.612	0.0360852	0	1.02	1.02
439.2	0.00203627	0.00118805	21767.4	1050	105	18774.1	288.833	288.833	1155.33	1155.33	0 21251.3 1838.88 	23090.2	6.15268	6.5039	12399	666.612	0.0361055	0	1.02	1.02
439.3	0.00203627	0.00118808	21768	1050	105	18773.4	288.958	288.958	1155.83	1155.83	0 21250.8 1839.87 	23090.7	6.15272	6.5039	12399	666.612	0.0361258	0	1.02	1.02
439.4	0.00203626	0.0011881	21768.5	1050	105	18772.7	289.082	289.082	1156.33	1156.33	0 21250.3 1840.85 	23091.1	6.15276	6.5039	12399	666.612	0.0361461	0	1.02	1.02
439.5	0.00203626	0.00118813	21769	1050	105	18772	289.207	289.207	1156.83	1156.83	0 21249.8 1841.84 	23091.6	6.1528	6.5039	12399	666.612	0.0361664	0	1.02	1.02
439.6	0.00203625	0.00118816	21769.6	1050	105	18771.3	289.331	289.331	1157.32	1157.32	0 21249.3 1842.83 	23092.1	6.15284	6.5039	12399	666.612	0.0361867	0	1.02	1.02
439.7	0.00203625	0.00118818	21770.1	1050	105	18770.6	289.456	289.456	1157.82	1157.82	0 21248.8 1843.82 	23092.6	6.15288	6.5039	12399	666.612	0.036207	0	1.02	1.02
439.8	0.00203624	0.00118821	21770.7	1050	105	18769.9	289.58	289.58	1158.32	1158.32	0 21248.3 1844.81 	23093.1	6.15292	6.5039	12399	666.612	0.0362274	0	1.02	1.02
439.9	0.00203624	0.00118823	21771.2	1050	105	18769.2	289.705	289.705	1158.82	1158.82	0 21247.8 1845.8 	23093.6	6.15295	6.5039	12399	666.612	0.0362477	0	1.02	1.02
440	0.00203624	0.00118826	21771.8	1050	105	18768.5	289.83	289.83	1159.32	1159.32	0 21247.3 1846.79 	23094.1	6.15299	6.5039	12399	666.612	0.0362681	0	1.02	1.02
440.1	0.00203623	0.00118828	21772.3	1050	105	18767.8	289.955	289.955	1159.82	1159.82	0 21246.8 1847.78 	23094.5	6.15303	6.5039	12399	666.612	0.0362884	0	1.02	1.02
440.2	0.00203623	0.00118831	21772.8	1050	105	18767.1	290.079	290.079	1160.32	1160.32	0 21246.3 1848.77 	23095	6.15307	6.5039	12399	666.612	0.0363088	0	1.02	1.02
440.3	0.00203622	0.00118834	21773.4	1050	105	18766.3	290.204	290.204	1160.82	1160.82	0 21245.7 1849.76 	23095.5	6.15311	6.5039	12399	666.612	0.0363292	0	1.02	1.02
440.4	0.00203622	0.00118836	21773.9	1050	105	18765.6	290.329	290.329	1161.32	1161.32	0 21245.2 1850.75 	23096	6.15315	6.5039	12399	666.612	0.0363496	0	1.02	1.02
440.5	0.00203621	0.00118839	21774.5	1050	105	18764.9	290.454	290.454	1161.82	1161.82	0 21244.7 1851.75 	23096.5	6.15319	6.5039	12399	666.612	0.0363699	0	1.02	1.02
440.6	0.00203621	0.00118841	21775	1050	105	18764.2	290.579	290.579	1162.32	1162.32	0 21244.2 1852.74 	23097	6.15322	6.5039	12399	666.612	0.0363903	0	1.02	1.02
440.7	0.00203621	0.00118844	21775.6	1050	105	18763.5	290.704	290.704	1162.82	1162.82	0 21243.7 1853.73 	23097.5	6.15326	6.5039	12399	666.612	0.0364107	0	1.02	1.02
440.8	0.0020362	0.00118846	21776.1	1050	105	18762.8	290.829	290.829	1163.32	1163.32	0 21243.2 1854.72 	23097.9	6.1533	6.5039	12399	666.612	0.0364312	0	1.02	1.02
440.9	0.0020362	0.00118849	21776.7	1050	105	18762.1	290.954	290.954	1163.82	1163.82	0 21242.7 1855.72 	23098.4	6.15334	6.5039	12399	666.612	0.0364516	0	1.02	1.02
441	0.00203619	0.00118852	21777.2	1050	105	18761.4	291.079	291.079	1164.32	1164.32	0 21242.2 1856.71 	23098.9	6.15338	6.5039	12399	666.612	0.036472	0	1.02	1.02
441.1	0.00203619	0.00118854	21777.7	1050	105	18760.7	291.204	291.204	1164.82	1164.82	0 21241.7 1857.7 	23099.4	6.15342	6.5039	12399	666.612	0.0364924	0	1.02	1.02
